vigilance_policy,retrieval_floor_policy,epoch,contraction,rho_probe,within_probe,offclass_weight_mean,acc_epoch,sim_floor_active,floor_delta_ema,top1_top2_margin,top1_sim,top2_sim,vote_entropy,effective_support,max_vote_weight,n_surviving_votes,true_label,top1_label,top1_correct,vote_pred_label,vote_correct,is_blended,offclass_weight,true_margin,margin_bucket,arm,injection_rate,supersede_epoch,probe_index,top1_slot,failure_mode,contradictory_strict,contradictory_lenient,stale_strict,stale_lenient,n_contra_topk,n_stale_topk,contra_vote_weight,stale_vote_weight
margin,live-delta,0,0.0,0.316659,0.581161,0.027076,0.980469,0.4417,0.5917,0.010410964488983154,0.6283859014511108,0.6179749369621277,1.5809913873672485,4.859771251678467,0.40038564801216125,10,0,0,1,0,1,0,0.0,0.4211970567703247,2,stale-soft,0.0,6,0,1,CORRECT,0,0,0,0,0,0,0.0,0.0
margin,live-delta,0,0.0,0.316659,0.581161,0.027076,0.980469,0.4417,0.5917,0.027423739433288574,0.5380635857582092,0.5106398463249207,1.2618389129638672,3.5319104194641113,0.4347596764564514,4,0,0,1,0,1,0,0.0,0.15982535481452942,2,stale-soft,0.0,6,1,20,CORRECT,0,0,0,0,0,0,0.0,0.0
margin,live-delta,0,0.0,0.316659,0.581161,0.027076,0.980469,0.4417,0.5917,0.050639808177948,0.6435017585754395,0.5928619503974915,2.2411506175994873,9.404145240783691,0.36960169672966003,20,0,0,1,0,1,0,0.02885514870285988,0.12750685214996338,2,stale-soft,0.0,6,2,9,CORRECT,0,0,0,0,0,0,0.0,0.0
margin,live-delta,0,0.0,0.316659,0.581161,0.027076,0.980469,0.4417,0.5917,0.06146073341369629,0.7017878293991089,0.6403270959854126,1.7371046543121338,5.680871486663818,0.5133206248283386,20,0,0,1,0,1,0,0.0,0.3001031279563904,2,stale-soft,0.0,6,3,11,CORRECT,0,0,0,0,0,0,0.0,0.0
margin,live-delta,0,0.0,0.316659,0.581161,0.027076,0.980469,0.4417,0.5917,0.00846010446548462,0.6306256651878357,0.6221655607223511,1.8753211498260498,6.522913455963135,0.2740399241447449,11,0,0,1,0,1,0,0.0,0.28596949577331543,2,stale-soft,0.0,6,4,7,CORRECT,0,0,0,0,0,0,0.0,0.0
margin,live-delta,0,0.0,0.316659,0.581161,0.027076,0.980469,0.4417,0.5917,0.0811147689819336,0.6353706121444702,0.5542558431625366,1.3147101402282715,3.7236714363098145,0.6300778985023499,9,0,0,1,0,1,0,0.0,0.3104957342147827,2,stale-soft,0.0,6,5,13,CORRECT,0,0,0,0,0,0,0.0,0.0
margin,live-delta,0,0.0,0.316659,0.581161,0.027076,0.980469,0.4417,0.5917,0.06274926662445068,0.6143373250961304,0.5515880584716797,2.080656051635742,8.009721755981445,0.3815676271915436,13,0,0,1,0,1,0,0.0,0.27448686957359314,2,stale-soft,0.0,6,6,27,CORRECT,0,0,0,0,0,0,0.0,0.0
margin,live-delta,0,0.0,0.316659,0.581161,0.027076,0.980469,0.4417,0.5917,0.20145222544670105,0.49529898166656494,0.2938467562198639,-0.0,1.0,1.0,1,0,0,1,0,1,0,0.0,0.2533314526081085,2,stale-soft,0.0,6,7,7,CORRECT,0,0,0,0,0,0,0.0,0.0
margin,live-delta,0,0.0,0.316659,0.581161,0.027076,0.980469,0.4417,0.5917,0.01923549175262451,0.5491013526916504,0.5298658609390259,0.9009630084037781,2.461972951889038,0.546999990940094,3,0,0,1,0,1,0,0.0,0.29908043146133423,2,stale-soft,0.0,6,8,12,CORRECT,0,0,0,0,0,0,0.0,0.0
margin,live-delta,0,0.0,0.316659,0.581161,0.027076,0.980469,0.4417,0.5917,0.08658438920974731,0.6821415424346924,0.5955571532249451,1.3210591077804565,3.7473881244659424,0.6697766184806824,13,0,0,1,0,1,0,0.0,0.3324471116065979,2,stale-soft,0.0,6,9,12,CORRECT,0,0,0,0,0,0,0.0,0.0
margin,live-delta,0,0.0,0.316659,0.581161,0.027076,0.980469,0.4417,0.5917,0.032585084438323975,0.5376241207122803,0.5050390362739563,1.6086105108261108,4.9958648681640625,0.3959127962589264,6,0,0,1,0,1,0,0.0,0.25365039706230164,2,stale-soft,0.0,6,10,26,CORRECT,0,0,0,0,0,0,0.0,0.0
margin,live-delta,0,0.0,0.316659,0.581161,0.027076,0.980469,0.4417,0.5917,0.03140741586685181,0.5394497513771057,0.5080423355102539,1.5943386554718018,4.925070762634277,0.3753001093864441,6,0,0,1,0,1,0,0.05313849076628685,0.09774124622344971,2,stale-soft,0.0,6,11,24,CORRECT,0,0,0,0,0,0,0.0,0.0
margin,live-delta,0,0.0,0.316659,0.581161,0.027076,0.980469,0.4417,0.5917,0.0076819658279418945,0.6589006185531616,0.6512186527252197,1.9814060926437378,7.252933979034424,0.2571238875389099,15,0,0,1,0,1,0,0.0,0.2234070599079132,2,stale-soft,0.0,6,12,20,CORRECT,0,0,0,0,0,0,0.0,0.0
margin,live-delta,0,0.0,0.316659,0.581161,0.027076,0.980469,0.4417,0.5917,0.004485070705413818,0.6025277972221375,0.5980427265167236,1.639266848564148,5.151391506195068,0.3478352725505829,8,0,0,1,0,1,0,0.0,0.2551659345626831,2,stale-soft,0.0,6,13,28,CORRECT,0,0,0,0,0,0,0.0,0.0
margin,live-delta,0,0.0,0.316659,0.581161,0.027076,0.980469,0.4417,0.5917,0.00681459903717041,0.6395174264907837,0.6327028274536133,1.6931089162826538,5.4363555908203125,0.3224531412124634,11,0,0,1,0,1,0,0.0,0.24252021312713623,2,stale-soft,0.0,6,14,26,CORRECT,0,0,0,0,0,0,0.0,0.0
margin,live-delta,0,0.0,0.316659,0.581161,0.027076,0.980469,0.4417,0.5917,0.04385042190551758,0.664881706237793,0.6210312843322754,1.8316187858581543,6.243986129760742,0.4282415509223938,13,0,0,1,0,1,0,0.0,0.2546462416648865,2,stale-soft,0.0,6,15,13,CORRECT,0,0,0,0,0,0,0.0,0.0
margin,live-delta,0,0.0,0.316659,0.581161,0.027076,0.980469,0.4417,0.5917,0.004398524761199951,0.5671542882919312,0.5627557635307312,2.381591320037842,10.822110176086426,0.15615181624889374,13,0,0,1,0,1,0,0.0,0.18216466903686523,2,stale-soft,0.0,6,16,12,CORRECT,0,0,0,0,0,0,0.0,0.0
margin,live-delta,0,0.0,0.316659,0.581161,0.027076,0.980469,0.4417,0.5917,0.020671069622039795,0.6850572228431702,0.6643861532211304,2.0121259689331055,7.479200839996338,0.3316110372543335,20,0,0,1,0,1,0,0.003372406819835305,0.22941678762435913,2,stale-soft,0.0,6,17,30,CORRECT,0,0,0,0,0,0,0.0,0.0
margin,live-delta,0,0.0,0.316659,0.581161,0.027076,0.980469,0.4417,0.5917,0.13047552108764648,0.7553185224533081,0.6248430013656616,1.1679840087890625,3.215503692626953,0.7539670467376709,20,0,0,1,0,1,0,0.002601843560114503,0.283456414937973,2,stale-soft,0.0,6,18,30,CORRECT,0,0,0,0,0,0,0.0,0.0
margin,live-delta,0,0.0,0.316659,0.581161,0.027076,0.980469,0.4417,0.5917,0.214311420917511,0.7999751567840576,0.5856637358665466,0.5485446453094482,1.7307323217391968,0.908501148223877,20,0,0,1,0,1,0,0.004073731601238251,0.29287320375442505,2,stale-soft,0.0,6,19,30,CORRECT,0,0,0,0,0,0,0.0,0.0
margin,live-delta,0,0.0,0.316659,0.581161,0.027076,0.980469,0.4417,0.5917,0.005678772926330566,0.6305544376373291,0.6248756647109985,2.548046588897705,12.782110214233398,0.17128898203372955,20,0,0,1,0,1,0,0.0080642681568861,0.1527954638004303,2,stale-soft,0.0,6,20,0,CORRECT,0,0,0,0,0,0,0.0,0.0
margin,live-delta,0,0.0,0.316659,0.581161,0.027076,0.980469,0.4417,0.5917,0.01732957363128662,0.7488837242126465,0.7315541505813599,1.1112756729125977,3.038231611251831,0.5228093862533569,12,0,0,1,0,1,0,0.001210898975841701,0.3033927083015442,2,stale-soft,0.0,6,21,25,CORRECT,0,0,0,0,0,0,0.0,0.0
margin,live-delta,0,0.0,0.316659,0.581161,0.027076,0.980469,0.4417,0.5917,0.015865683555603027,0.6977767944335938,0.6819111108779907,1.810847282409668,6.115626811981201,0.4170607924461365,20,0,0,1,0,1,0,0.0,0.3739209473133087,2,stale-soft,0.0,6,22,1,CORRECT,0,0,0,0,0,0,0.0,0.0
margin,live-delta,0,0.0,0.316659,0.581161,0.027076,0.980469,0.4417,0.5917,0.05592668056488037,0.6982558965682983,0.642329216003418,2.023435592651367,7.564268112182617,0.4559248089790344,20,0,0,1,0,1,0,0.0,0.3412684202194214,2,stale-soft,0.0,6,23,1,CORRECT,0,0,0,0,0,0,0.0,0.0
margin,live-delta,0,0.0,0.316659,0.581161,0.027076,0.980469,0.4417,0.5917,0.078667551279068,0.550545334815979,0.471877783536911,0.45863330364227295,1.581910490989685,0.8282607793807983,2,0,1,0,1,0,1,1.0,-0.11566036939620972,0,stale-soft,0.0,6,24,33,BLENDED,0,0,0,0,0,0,0.0,0.0
margin,live-delta,0,0.0,0.316659,0.581161,0.027076,0.980469,0.4417,0.5917,0.01704925298690796,0.6313489079475403,0.6142996549606323,2.4893836975097656,12.053845405578613,0.25167083740234375,20,0,0,1,0,1,0,0.0,0.19294020533561707,2,stale-soft,0.0,6,25,30,CORRECT,0,0,0,0,0,0,0.0,0.0
margin,live-delta,0,0.0,0.316659,0.581161,0.027076,0.980469,0.4417,0.5917,0.02894890308380127,0.5523542165756226,0.5234053134918213,1.8469512462615967,6.34045934677124,0.3721979856491089,9,0,0,1,0,1,0,0.0,0.17663002014160156,2,stale-soft,0.0,6,26,27,CORRECT,0,0,0,0,0,0,0.0,0.0
margin,live-delta,0,0.0,0.316659,0.581161,0.027076,0.980469,0.4417,0.5917,0.04773306846618652,0.6731027364730835,0.625369668006897,1.5544958114624023,4.732699871063232,0.49767956137657166,12,0,0,1,0,1,0,0.03287454694509506,0.15596485137939453,2,stale-soft,0.0,6,27,16,CORRECT,0,0,0,0,0,0,0.0,0.0
margin,live-delta,0,0.0,0.316659,0.581161,0.027076,0.980469,0.4417,0.5917,0.03371754288673401,0.4923955500125885,0.4586780071258545,1.0246752500534058,2.7861905097961426,0.5177279114723206,3,0,1,0,1,0,1,0.5177279114723206,-0.03371754288673401,0,stale-soft,0.0,6,28,33,BLENDED,0,0,0,0,0,0,0.0,0.0
margin,live-delta,0,0.0,0.316659,0.581161,0.027076,0.980469,0.4417,0.5917,0.00040036439895629883,0.5298848748207092,0.5294845104217529,1.7558579444885254,5.788411617279053,0.2804781496524811,7,0,0,1,0,1,0,0.0,0.09563377499580383,2,stale-soft,0.0,6,29,13,CORRECT,0,0,0,0,0,0,0.0,0.0
margin,live-delta,0,0.0,0.316659,0.581161,0.027076,0.980469,0.4417,0.5917,0.04991334676742554,0.6916114091873169,0.6416980624198914,1.98904287815094,7.308535099029541,0.4419843256473541,20,0,0,1,0,1,0,0.0,0.3292091190814972,2,stale-soft,0.0,6,30,11,CORRECT,0,0,0,0,0,0,0.0,0.0
margin,live-delta,0,0.0,0.316659,0.581161,0.027076,0.980469,0.4417,0.5917,0.015379726886749268,0.5836501121520996,0.5682703852653503,2.48952054977417,12.05549430847168,0.22032064199447632,18,0,0,1,0,1,0,0.0,0.23106327652931213,2,stale-soft,0.0,6,31,11,CORRECT,0,0,0,0,0,0,0.0,0.0
margin,live-delta,0,0.0,0.316659,0.581161,0.027076,0.980469,0.4417,0.5917,0.0088273286819458,0.6656931638717651,0.6568658351898193,2.109105348587036,8.240865707397461,0.32416459918022156,18,0,0,1,0,1,0,0.0,0.29473069310188293,2,stale-soft,0.0,6,33,20,CORRECT,0,0,0,0,0,0,0.0,0.0
margin,live-delta,0,0.0,0.316659,0.581161,0.027076,0.980469,0.4417,0.5917,0.03324735164642334,0.672676146030426,0.6394287943840027,1.7066187858581543,5.510298252105713,0.44924575090408325,15,0,0,1,0,1,0,0.0,0.43574386835098267,2,stale-soft,0.0,6,34,1,CORRECT,0,0,0,0,0,0,0.0,0.0
margin,live-delta,0,0.0,0.316659,0.581161,0.027076,0.980469,0.4417,0.5917,0.06339681148529053,0.6739566326141357,0.6105598211288452,1.2070165872573853,3.3434946537017822,0.637385904788971,9,0,0,1,0,1,0,0.0,0.23575887084007263,2,stale-soft,0.0,6,35,28,CORRECT,0,0,0,0,0,0,0.0,0.0
margin,live-delta,0,0.0,0.316659,0.581161,0.027076,0.980469,0.4417,0.5917,0.061883509159088135,0.6948245167732239,0.6329410076141357,1.7167613506317139,5.566471576690674,0.5132874250411987,15,0,0,1,0,1,0,0.0,0.39494168758392334,2,stale-soft,0.0,6,36,12,CORRECT,0,0,0,0,0,0,0.0,0.0
margin,live-delta,0,0.0,0.316659,0.581161,0.027076,0.980469,0.4417,0.5917,0.01653200387954712,0.5996271371841431,0.583095133304596,1.8248261213302612,6.201716423034668,0.3350479006767273,9,0,0,1,0,1,0,0.0,0.3770725429058075,2,stale-soft,0.0,6,37,26,CORRECT,0,0,0,0,0,0,0.0,0.0
margin,live-delta,0,0.0,0.316659,0.581161,0.027076,0.980469,0.4417,0.5917,0.01701536774635315,0.5104827880859375,0.49346742033958435,2.3464317321777344,10.448221206665039,0.1628296822309494,11,0,0,1,0,1,0,0.0,0.12907779216766357,2,stale-soft,0.0,6,38,28,CORRECT,0,0,0,0,0,0,0.0,0.0
margin,live-delta,0,0.0,0.316659,0.581161,0.027076,0.980469,0.4417,0.5917,0.0733039379119873,0.7156831622123718,0.6423792243003845,1.932328701019287,6.905572414398193,0.5024093985557556,20,0,0,1,0,1,0,0.0,0.31950700283050537,2,stale-soft,0.0,6,39,11,CORRECT,0,0,0,0,0,0,0.0,0.0
margin,live-delta,0,0.0,0.316659,0.581161,0.027076,0.980469,0.4417,0.5917,0.012021005153656006,0.5193359851837158,0.5073149800300598,1.4654994010925293,4.329705238342285,0.3678397834300995,5,0,0,1,0,1,0,0.0,0.3110678195953369,2,stale-soft,0.0,6,40,18,CORRECT,0,0,0,0,0,0,0.0,0.0
margin,live-delta,0,0.0,0.316659,0.581161,0.027076,0.980469,0.4417,0.5917,0.004130363464355469,0.5956895351409912,0.5915591716766357,2.073021650314331,7.948805332183838,0.27330198884010315,13,0,0,1,0,1,0,0.0,0.1764351725578308,2,stale-soft,0.0,6,41,9,CORRECT,0,0,0,0,0,0,0.0,0.0
margin,live-delta,0,0.0,0.316659,0.581161,0.027076,0.980469,0.4417,0.5917,0.12807446718215942,0.5080372095108032,0.3799627423286438,-0.0,1.0,1.0,1,0,0,1,0,1,0,0.0,0.18090730905532837,2,stale-soft,0.0,6,42,15,CORRECT,0,0,0,0,0,0,0.0,0.0
margin,live-delta,0,0.0,0.316659,0.581161,0.027076,0.980469,0.4417,0.5917,0.029343336820602417,0.5180602669715881,0.4887169301509857,0.65188068151474,1.9191467761993408,0.6426458358764648,2,0,0,1,0,1,1,0.35735416412353516,0.029343336820602417,1,stale-soft,0.0,6,44,6,CORRECT,0,0,0,0,0,0,0.0,0.0
margin,live-delta,0,0.0,0.316659,0.581161,0.027076,0.980469,0.4417,0.5917,0.14111894369125366,0.7220957279205322,0.5809767842292786,0.7811711430549622,2.1840286254882812,0.8285455107688904,11,0,0,1,0,1,0,0.003328843042254448,0.2758523225784302,2,stale-soft,0.0,6,45,30,CORRECT,0,0,0,0,0,0,0.0,0.0
margin,live-delta,0,0.0,0.316659,0.581161,0.027076,0.980469,0.4417,0.5917,0.009380042552947998,0.5576402544975281,0.5482602119445801,2.567770004272461,13.036720275878906,0.14526426792144775,17,0,0,1,0,1,0,0.014949195086956024,0.11369481682777405,2,stale-soft,0.0,6,46,0,CORRECT,0,0,0,0,0,0,0.0,0.0
margin,live-delta,0,0.0,0.316659,0.581161,0.027076,0.980469,0.4417,0.5917,0.039743661880493164,0.7065777778625488,0.6668341159820557,1.896702527999878,6.663884162902832,0.4397803246974945,20,0,0,1,0,1,0,0.0,0.3557187616825104,2,stale-soft,0.0,6,47,11,CORRECT,0,0,0,0,0,0,0.0,0.0
margin,live-delta,0,0.0,0.316659,0.581161,0.027076,0.980469,0.4417,0.5917,0.00565028190612793,0.4656926989555359,0.46004241704940796,0.6915533542633057,1.9968148469924927,0.5282214283943176,2,0,0,1,0,1,0,0.0,0.11049196124076843,2,stale-soft,0.0,6,48,16,CORRECT,0,0,0,0,0,0,0.0,0.0
margin,live-delta,0,0.0,0.316659,0.581161,0.027076,0.980469,0.4417,0.5917,0.004724025726318359,0.6174630522727966,0.6127390265464783,2.6217949390411377,13.760400772094727,0.1533571481704712,20,0,0,1,0,1,0,0.0,0.2107999622821808,2,stale-soft,0.0,6,49,18,CORRECT,0,0,0,0,0,0,0.0,0.0
margin,live-delta,0,0.0,0.316659,0.581161,0.027076,0.980469,0.4417,0.5917,0.021081984043121338,0.631973922252655,0.6108919382095337,2.3670754432678223,10.666152954101562,0.2417442351579666,19,0,0,1,0,1,0,0.0,0.2994708716869354,2,stale-soft,0.0,6,50,11,CORRECT,0,0,0,0,0,0,0.0,0.0
margin,live-delta,0,0.0,0.316659,0.581161,0.027076,0.980469,0.4417,0.5917,0.04159349203109741,0.6099201440811157,0.5683266520500183,2.021919012069702,7.552804946899414,0.36446043848991394,13,0,0,1,0,1,0,0.049303989857435226,0.1000206470489502,2,stale-soft,0.0,6,51,30,CORRECT,0,0,0,0,0,0,0.0,0.0
margin,live-delta,0,0.0,0.316659,0.581161,0.027076,0.980469,0.4417,0.5917,0.04602915048599243,0.6817589998245239,0.6357298493385315,1.9791996479034424,7.236948490142822,0.4521030783653259,19,0,0,1,0,1,0,0.0,0.2529265582561493,2,stale-soft,0.0,6,52,30,CORRECT,0,0,0,0,0,0,0.0,0.0
margin,live-delta,0,0.0,0.316659,0.581161,0.027076,0.980469,0.4417,0.5917,0.02947831153869629,0.6125665903091431,0.5830882787704468,2.1094305515289307,8.243545532226562,0.30123353004455566,12,0,0,1,0,1,0,0.0,0.2717077136039734,2,stale-soft,0.0,6,53,7,CORRECT,0,0,0,0,0,0,0.0,0.0
margin,live-delta,0,0.0,0.316659,0.581161,0.027076,0.980469,0.4417,0.5917,0.039527952671051025,0.6817615628242493,0.6422336101531982,1.4110798835754395,4.100380897521973,0.523514449596405,10,0,0,1,0,1,0,0.006898965686559677,0.21645966172218323,2,stale-soft,0.0,6,54,16,CORRECT,0,0,0,0,0,0,0.0,0.0
margin,live-delta,0,0.0,0.316659,0.581161,0.027076,0.980469,0.4417,0.5917,0.1259809136390686,0.7112128138542175,0.5852319002151489,1.3510268926620483,3.861388683319092,0.7070291042327881,18,0,0,1,0,1,0,0.005922555457800627,0.2391151487827301,2,stale-soft,0.0,6,55,30,CORRECT,0,0,0,0,0,0,0.0,0.0
margin,live-delta,0,0.0,0.316659,0.581161,0.027076,0.980469,0.4417,0.5917,0.04841500520706177,0.5435279607772827,0.49511295557022095,1.3474622964859009,3.847648859024048,0.490326464176178,5,0,0,1,0,1,0,0.0,0.2726425230503082,2,stale-soft,0.0,6,56,1,CORRECT,0,0,0,0,0,0,0.0,0.0
margin,live-delta,0,0.0,0.316659,0.581161,0.027076,0.980469,0.4417,0.5917,0.011501491069793701,0.5289517045021057,0.517450213432312,2.3539035320281982,10.526580810546875,0.17063967883586884,12,0,0,1,0,1,0,0.0,0.12112635374069214,2,stale-soft,0.0,6,57,28,CORRECT,0,0,0,0,0,0,0.0,0.0
margin,live-delta,0,0.0,0.316659,0.581161,0.027076,0.980469,0.4417,0.5917,0.027495503425598145,0.521161675453186,0.4936661720275879,1.849459171295166,6.356380939483643,0.27965304255485535,7,0,0,1,0,1,0,0.0,0.11345532536506653,2,stale-soft,0.0,6,58,28,CORRECT,0,0,0,0,0,0,0.0,0.0
margin,live-delta,0,0.0,0.316659,0.581161,0.027076,0.980469,0.4417,0.5917,0.0455852746963501,0.7100707292556763,0.6644854545593262,1.6411768198013306,5.1612396240234375,0.4992836117744446,17,0,0,1,0,1,0,0.0,0.41332536935806274,2,stale-soft,0.0,6,59,11,CORRECT,0,0,0,0,0,0,0.0,0.0
margin,live-delta,0,0.0,0.316659,0.581161,0.027076,0.980469,0.4417,0.5917,0.0009667277336120605,0.7287241816520691,0.727757453918457,1.3699874877929688,3.9353015422821045,0.3562184274196625,11,0,0,1,0,1,0,0.0,0.41136324405670166,2,stale-soft,0.0,6,61,25,CORRECT,0,0,0,0,0,0,0.0,0.0
margin,live-delta,0,0.0,0.316659,0.581161,0.027076,0.980469,0.4417,0.5917,0.03774535655975342,0.5500203371047974,0.512274980545044,1.3738288879394531,3.9504475593566895,0.4741511344909668,5,0,0,1,0,1,0,0.0,0.1310868263244629,2,stale-soft,0.0,6,62,16,CORRECT,0,0,0,0,0,0,0.0,0.0
margin,live-delta,0,0.0,0.316659,0.581161,0.027076,0.980469,0.4417,0.5917,0.0918266773223877,0.7022755146026611,0.6104488372802734,1.6186840534210205,5.046444892883301,0.6052987575531006,20,0,0,1,0,1,0,0.0,0.3652082681655884,2,stale-soft,0.0,6,63,22,CORRECT,0,0,0,0,0,0,0.0,0.0
margin,live-delta,0,0.0,0.316659,0.581161,0.027076,0.980469,0.4417,0.5917,0.0138663649559021,0.6372043490409851,0.623337984085083,2.0543665885925293,7.801894664764404,0.27513256669044495,15,1,1,1,1,1,0,0.006470392923802137,0.18750077486038208,2,stale-soft,0.0,6,64,60,CORRECT,0,0,0,0,0,0,0.0,0.0
margin,live-delta,0,0.0,0.316659,0.581161,0.027076,0.980469,0.4417,0.5917,0.07325202226638794,0.7194734811782837,0.6462214589118958,1.3736106157302856,3.949585437774658,0.5937191247940063,12,1,1,1,1,1,0,0.0,0.4203501343727112,2,stale-soft,0.0,6,65,49,CORRECT,0,0,0,0,0,0,0.0,0.0
margin,live-delta,0,0.0,0.316659,0.581161,0.027076,0.980469,0.4417,0.5917,0.27114012837409973,0.7173919677734375,0.44625183939933777,0.028240174055099487,1.0286426544189453,0.9956046342849731,2,1,1,1,1,1,0,0.0,0.4258134365081787,2,stale-soft,0.0,6,66,54,CORRECT,0,0,0,0,0,0,0.0,0.0
margin,live-delta,0,0.0,0.316659,0.581161,0.027076,0.980469,0.4417,0.5917,0.04251831769943237,0.6012977957725525,0.5587794780731201,2.163828134536743,8.704395294189453,0.2915738523006439,13,1,1,1,1,1,0,0.0,0.203637957572937,2,stale-soft,0.0,6,67,42,CORRECT,0,0,0,0,0,0,0.0,0.0
margin,live-delta,0,0.0,0.316659,0.581161,0.027076,0.980469,0.4417,0.5917,0.17981690168380737,0.6864583492279053,0.5066414475440979,0.2109600007534027,1.2348629236221313,0.9557942748069763,3,1,1,1,1,1,0,0.0,0.43639615178108215,2,stale-soft,0.0,6,68,57,CORRECT,0,0,0,0,0,0,0.0,0.0
margin,live-delta,0,0.0,0.316659,0.581161,0.027076,0.980469,0.4417,0.5917,0.026864051818847656,0.5847336053848267,0.557869553565979,1.907923936843872,6.739083290100098,0.3624371588230133,10,1,1,1,1,1,0,0.0,0.1512666940689087,2,stale-soft,0.0,6,69,52,CORRECT,0,0,0,0,0,0,0.0,0.0
margin,live-delta,0,0.0,0.316659,0.581161,0.027076,0.980469,0.4417,0.5917,0.08957570791244507,0.6409652233123779,0.5513895153999329,0.7263898849487305,2.0676028728485107,0.791606605052948,5,1,1,1,1,1,0,0.0,0.3181228041648865,2,stale-soft,0.0,6,70,57,CORRECT,0,0,0,0,0,0,0.0,0.0
margin,live-delta,0,0.0,0.316659,0.581161,0.027076,0.980469,0.4417,0.5917,0.04689741134643555,0.5237218141555786,0.47682440280914307,1.1688705682754517,3.218355655670166,0.5454095005989075,4,1,1,1,1,1,1,0.10700920224189758,0.08143112063407898,2,stale-soft,0.0,6,71,49,CORRECT,0,0,0,0,0,0,0.0,0.0
margin,live-delta,0,0.0,0.316659,0.581161,0.027076,0.980469,0.4417,0.5917,0.028354287147521973,0.7925995588302612,0.7642452716827393,0.9122671484947205,2.4899611473083496,0.5992596745491028,8,1,1,1,1,1,0,0.0,0.46540719270706177,2,stale-soft,0.0,6,72,40,CORRECT,0,0,0,0,0,0,0.0,0.0
margin,live-delta,0,0.0,0.316659,0.581161,0.027076,0.980469,0.4417,0.5917,0.03947728872299194,0.4474477767944336,0.40797048807144165,-0.0,1.0,1.0,1,1,1,1,1,1,0,0.0,0.04582047462463379,1,stale-soft,0.0,6,73,35,CORRECT,0,0,0,0,0,0,0.0,0.0
margin,live-delta,0,0.0,0.316659,0.581161,0.027076,0.980469,0.4417,0.5917,0.019095420837402344,0.6300061345100403,0.6109107136726379,0.9542440176010132,2.5967068672180176,0.5260670185089111,3,1,1,1,1,1,0,0.0,0.29718226194381714,2,stale-soft,0.0,6,74,32,CORRECT,0,0,0,0,0,0,0.0,0.0
margin,live-delta,0,0.0,0.316659,0.581161,0.027076,0.980469,0.4417,0.5917,0.02758324146270752,0.6517994403839111,0.6242161989212036,1.8663322925567627,6.464542865753174,0.3685320019721985,15,1,1,1,1,1,0,0.01588442549109459,0.17890149354934692,2,stale-soft,0.0,6,75,48,CORRECT,0,0,0,0,0,0,0.0,0.0
margin,live-delta,0,0.0,0.316659,0.581161,0.027076,0.980469,0.4417,0.5917,0.006723225116729736,0.587090253829956,0.5803670287132263,1.9533190727233887,7.0520548820495605,0.29603564739227295,11,1,1,1,1,1,0,0.0,0.15502119064331055,2,stale-soft,0.0,6,76,35,CORRECT,0,0,0,0,0,0,0.0,0.0
margin,live-delta,0,0.0,0.316659,0.581161,0.027076,0.980469,0.4417,0.5917,0.046075284481048584,0.485497385263443,0.4394221007823944,-0.0,1.0,1.0,1,1,1,1,1,1,0,0.0,0.11503127217292786,2,stale-soft,0.0,6,78,37,CORRECT,0,0,0,0,0,0,0.0,0.0
margin,live-delta,0,0.0,0.316659,0.581161,0.027076,0.980469,0.4417,0.5917,0.047071754932403564,0.580012857913971,0.5329411029815674,1.2674710750579834,3.551858901977539,0.5701201558113098,6,1,0,0,0,0,1,0.9395127892494202,-0.1121707558631897,0,stale-soft,0.0,6,80,24,BLENDED,0,0,0,0,0,0,0.0,0.0
margin,live-delta,0,0.0,0.316659,0.581161,0.027076,0.980469,0.4417,0.5917,0.06020021438598633,0.6887730360031128,0.6285728216171265,1.2882663011550903,3.6264939308166504,0.556942343711853,7,1,1,1,1,1,0,0.0,0.5219050645828247,2,stale-soft,0.0,6,81,50,CORRECT,0,0,0,0,0,0,0.0,0.0
margin,live-delta,0,0.0,0.316659,0.581161,0.027076,0.980469,0.4417,0.5917,0.06465297937393188,0.675824761390686,0.6111717820167542,1.5354344844818115,4.6433424949646,0.5759273767471313,14,1,1,1,1,1,0,0.0,0.3446776866912842,2,stale-soft,0.0,6,82,61,CORRECT,0,0,0,0,0,0,0.0,0.0
margin,live-delta,0,0.0,0.316659,0.581161,0.027076,0.980469,0.4417,0.5917,0.062261730432510376,0.522896409034729,0.46063467860221863,0.5313348770141602,1.7012016773223877,0.7764738202095032,2,1,1,1,1,1,0,0.0,0.20996356010437012,2,stale-soft,0.0,6,83,42,CORRECT,0,0,0,0,0,0,0.0,0.0
margin,live-delta,0,0.0,0.316659,0.581161,0.027076,0.980469,0.4417,0.5917,0.007027864456176758,0.595234215259552,0.5882063508033752,1.4131029844284058,4.10868501663208,0.34945788979530334,6,1,1,1,1,1,0,0.0,0.3471389412879944,2,stale-soft,0.0,6,84,52,CORRECT,0,0,0,0,0,0,0.0,0.0
margin,live-delta,0,0.0,0.316659,0.581161,0.027076,0.980469,0.4417,0.5917,0.002056121826171875,0.5324323177337646,0.5303761959075928,1.8762980699539185,6.529289245605469,0.2596917748451233,8,1,1,1,1,1,1,0.1339084506034851,0.06689471006393433,2,stale-soft,0.0,6,85,41,CORRECT,0,0,0,0,0,0,0.0,0.0
margin,live-delta,0,0.0,0.316659,0.581161,0.027076,0.980469,0.4417,0.5917,0.014487236738204956,0.49048975110054016,0.4760025143623352,1.3602098226547241,3.8970108032226562,0.3414223790168762,4,1,0,0,0,0,1,0.5969616174697876,-0.02302202582359314,0,stale-soft,0.0,6,86,25,BLENDED,0,0,0,0,0,0,0.0,0.0
margin,live-delta,0,0.0,0.316659,0.581161,0.027076,0.980469,0.4417,0.5917,0.30191630125045776,0.8589409589767456,0.5570246577262878,0.06022531911730766,1.0620758533477783,0.9923025369644165,10,1,1,1,1,1,0,0.0011951775522902608,0.3508061170578003,2,stale-soft,0.0,6,87,43,CORRECT,0,0,0,0,0,0,0.0,0.0
margin,live-delta,0,0.0,0.316659,0.581161,0.027076,0.980469,0.4417,0.5917,0.023692190647125244,0.6738309860229492,0.650138795375824,1.1719838380813599,3.22839093208313,0.5001707673072815,7,1,1,1,1,1,0,0.0,0.38304105401039124,2,stale-soft,0.0,6,88,61,CORRECT,0,0,0,0,0,0,0.0,0.0
margin,live-delta,0,0.0,0.316659,0.581161,0.027076,0.980469,0.4417,0.5917,0.01702946424484253,0.6745926737785339,0.6575632095336914,1.6434307098388672,5.172885894775391,0.3633873760700226,9,1,1,1,1,1,0,0.0,0.4250260889530182,2,stale-soft,0.0,6,89,39,CORRECT,0,0,0,0,0,0,0.0,0.0
margin,live-delta,0,0.0,0.316659,0.581161,0.027076,0.980469,0.4417,0.5917,0.005663275718688965,0.6045351028442383,0.5988718271255493,1.85167396068573,6.370474338531494,0.2695765197277069,11,1,1,1,1,1,0,0.0,0.3412850499153137,2,stale-soft,0.0,6,90,39,CORRECT,0,0,0,0,0,0,0.0,0.0
margin,live-delta,0,0.0,0.316659,0.581161,0.027076,0.980469,0.4417,0.5917,0.006245851516723633,0.5371400713920593,0.5308942198753357,2.0461513996124268,7.738062858581543,0.19345739483833313,9,1,1,1,1,1,1,0.13947828114032745,0.016357421875,0,stale-soft,0.0,6,91,45,CORRECT,0,0,0,0,0,0,0.0,0.0
margin,live-delta,0,0.0,0.316659,0.581161,0.027076,0.980469,0.4417,0.5917,0.08484706282615662,0.46731051802635193,0.3824634552001953,-0.0,1.0,1.0,1,1,1,1,1,1,0,0.0,0.20996516942977905,2,stale-soft,0.0,6,92,40,CORRECT,0,0,0,0,0,0,0.0,0.0
margin,live-delta,0,0.0,0.316659,0.581161,0.027076,0.980469,0.4417,0.5917,0.03696244955062866,0.5619375705718994,0.5249751210212708,1.6210076808929443,5.058184623718262,0.4352242946624756,7,1,1,1,1,1,0,0.0,0.26756343245506287,2,stale-soft,0.0,6,93,57,CORRECT,0,0,0,0,0,0,0.0,0.0
margin,live-delta,0,0.0,0.316659,0.581161,0.027076,0.980469,0.4417,0.5917,0.001346588134765625,0.6266343593597412,0.6252877712249756,1.8937263488769531,6.644080638885498,0.273932546377182,12,1,1,1,1,1,0,0.0,0.3373410105705261,2,stale-soft,0.0,6,94,61,CORRECT,0,0,0,0,0,0,0.0,0.0
margin,live-delta,0,0.0,0.316659,0.581161,0.027076,0.980469,0.4417,0.5917,0.08536481857299805,0.604717493057251,0.5193526744842529,0.8032584190368652,2.232804536819458,0.7508164644241333,4,1,1,1,1,1,0,0.0,0.21116384863853455,2,stale-soft,0.0,6,95,41,CORRECT,0,0,0,0,0,0,0.0,0.0
margin,live-delta,0,0.0,0.316659,0.581161,0.027076,0.980469,0.4417,0.5917,0.005658745765686035,0.6051054000854492,0.5994466543197632,2.0194857120513916,7.534449100494385,0.25122934579849243,11,1,1,1,1,1,0,0.0,0.39281249046325684,2,stale-soft,0.0,6,96,54,CORRECT,0,0,0,0,0,0,0.0,0.0
margin,live-delta,0,0.0,0.316659,0.581161,0.027076,0.980469,0.4417,0.5917,0.06105303764343262,0.7184756994247437,0.657422661781311,1.0150387287139893,2.759470224380493,0.6803184151649475,8,1,1,1,1,1,0,0.0,0.4032242000102997,2,stale-soft,0.0,6,97,40,CORRECT,0,0,0,0,0,0,0.0,0.0
margin,live-delta,0,0.0,0.316659,0.581161,0.027076,0.980469,0.4417,0.5917,0.013661503791809082,0.582595705986023,0.5689342021942139,1.1959669589996338,3.306753635406494,0.43847981095314026,4,1,1,1,1,1,0,0.0,0.2990831136703491,2,stale-soft,0.0,6,98,56,CORRECT,0,0,0,0,0,0,0.0,0.0
margin,live-delta,0,0.0,0.316659,0.581161,0.027076,0.980469,0.4417,0.5917,0.28284555673599243,0.7437993288040161,0.4609537720680237,0.043186262249946594,1.0441323518753052,0.993588924407959,3,1,1,1,1,1,0,0.0,0.5071672201156616,2,stale-soft,0.0,6,99,41,CORRECT,0,0,0,0,0,0,0.0,0.0
margin,live-delta,0,0.0,0.316659,0.581161,0.027076,0.980469,0.4417,0.5917,0.008107304573059082,0.5988267660140991,0.59071946144104,0.7947788834571838,2.213951349258423,0.5259713530540466,3,1,1,1,1,1,0,0.0,0.31339359283447266,2,stale-soft,0.0,6,100,61,CORRECT,0,0,0,0,0,0,0.0,0.0
margin,live-delta,0,0.0,0.316659,0.581161,0.027076,0.980469,0.4417,0.5917,0.018241524696350098,0.48883119225502014,0.47058966755867004,1.0598750114440918,2.88601016998291,0.45503970980644226,3,1,3,0,3,0,1,1.0,-0.08488729596138,0,stale-soft,0.0,6,101,123,BLENDED,0,0,0,0,0,0,0.0,0.0
margin,live-delta,0,0.0,0.316659,0.581161,0.027076,0.980469,0.4417,0.5917,0.06546664237976074,0.6314265727996826,0.5659599304199219,1.6024831533432007,4.965346813201904,0.49226251244544983,8,1,1,1,1,1,0,0.0,0.36988168954849243,2,stale-soft,0.0,6,102,62,CORRECT,0,0,0,0,0,0,0.0,0.0
margin,live-delta,0,0.0,0.316659,0.581161,0.027076,0.980469,0.4417,0.5917,0.018510043621063232,0.6128389239311218,0.5943288803100586,1.2699309587478638,3.5606067180633545,0.501042902469635,8,1,1,1,1,1,0,0.0,0.2733041048049927,2,stale-soft,0.0,6,103,54,CORRECT,0,0,0,0,0,0,0.0,0.0
margin,live-delta,0,0.0,0.316659,0.581161,0.027076,0.980469,0.4417,0.5917,0.0038860440254211426,0.6102866530418396,0.6064006090164185,1.8849693536758423,6.58615255355835,0.320635050535202,12,1,1,1,1,1,0,0.0,0.3647603988647461,2,stale-soft,0.0,6,104,49,CORRECT,0,0,0,0,0,0,0.0,0.0
margin,live-delta,0,0.0,0.316659,0.581161,0.027076,0.980469,0.4417,0.5917,0.07134711742401123,0.705420970916748,0.6340738534927368,1.272269606590271,3.568943500518799,0.6077620983123779,9,1,1,1,1,1,0,0.0,0.4852299094200134,2,stale-soft,0.0,6,105,40,CORRECT,0,0,0,0,0,0,0.0,0.0
margin,live-delta,0,0.0,0.316659,0.581161,0.027076,0.980469,0.4417,0.5917,0.07959204912185669,0.7538836598396301,0.6742916107177734,0.9665930867195129,2.6289725303649902,0.7229946851730347,10,1,1,1,1,1,0,0.0,0.4799800217151642,2,stale-soft,0.0,6,106,39,CORRECT,0,0,0,0,0,0,0.0,0.0
margin,live-delta,0,0.0,0.316659,0.581161,0.027076,0.980469,0.4417,0.5917,0.011961400508880615,0.617219865322113,0.6052584648132324,1.5149177312850952,4.549046993255615,0.41846129298210144,9,1,1,1,1,1,1,0.2061341106891632,0.07979494333267212,2,stale-soft,0.0,6,107,60,CORRECT,0,0,0,0,0,0,0.0,0.0
margin,live-delta,0,0.0,0.316659,0.581161,0.027076,0.980469,0.4417,0.5917,0.04879361391067505,0.6414546966552734,0.5926610827445984,1.8012748956680298,6.0573649406433105,0.4697282016277313,13,1,1,1,1,1,0,0.0,0.362080454826355,2,stale-soft,0.0,6,108,49,CORRECT,0,0,0,0,0,0,0.0,0.0
margin,live-delta,0,0.0,0.316659,0.581161,0.027076,0.980469,0.4417,0.5917,0.005373120307922363,0.6084858179092407,0.6031126976013184,1.3665761947631836,3.9218997955322266,0.4060872793197632,6,1,1,1,1,1,0,0.0,0.3015759587287903,2,stale-soft,0.0,6,109,62,CORRECT,0,0,0,0,0,0,0.0,0.0
margin,live-delta,0,0.0,0.316659,0.581161,0.027076,0.980469,0.4417,0.5917,0.029764771461486816,0.6916086673736572,0.6618438959121704,1.3965046405792236,4.041050434112549,0.49262890219688416,7,1,1,1,1,1,0,0.0,0.47904616594314575,2,stale-soft,0.0,6,111,32,CORRECT,0,0,0,0,0,0,0.0,0.0
margin,live-delta,0,0.0,0.316659,0.581161,0.027076,0.980469,0.4417,0.5917,0.0655626654624939,0.6678102612495422,0.6022475957870483,1.3225098848342896,3.752828598022461,0.5666675567626953,7,1,1,1,1,1,0,0.0,0.4308151602745056,2,stale-soft,0.0,6,112,46,CORRECT,0,0,0,0,0,0,0.0,0.0
margin,live-delta,0,0.0,0.316659,0.581161,0.027076,0.980469,0.4417,0.5917,0.024531066417694092,0.5232676267623901,0.49873656034469604,0.6639403104782104,1.942431092262268,0.6202526092529297,2,1,1,1,1,1,0,0.0,0.2562590539455414,2,stale-soft,0.0,6,113,34,CORRECT,0,0,0,0,0,0,0.0,0.0
margin,live-delta,0,0.0,0.316659,0.581161,0.027076,0.980469,0.4417,0.5917,0.03674370050430298,0.6705558896064758,0.6338121891021729,1.370160460472107,3.9359822273254395,0.5295830965042114,10,1,1,1,1,1,0,0.0,0.39768946170806885,2,stale-soft,0.0,6,114,57,CORRECT,0,0,0,0,0,0,0.0,0.0
margin,live-delta,0,0.0,0.316659,0.581161,0.027076,0.980469,0.4417,0.5917,0.0519755482673645,0.5355624556541443,0.4835869073867798,1.5470943450927734,4.697800159454346,0.4472694396972656,6,1,1,1,1,1,0,0.07111421972513199,0.09194368124008179,2,stale-soft,0.0,6,115,38,CORRECT,0,0,0,0,0,0,0.0,0.0
margin,live-delta,0,0.0,0.316659,0.581161,0.027076,0.980469,0.4417,0.5917,0.07225793600082397,0.610309898853302,0.538051962852478,1.1016435623168945,3.0091075897216797,0.6662366390228271,6,1,1,1,1,1,0,0.0,0.33518922328948975,2,stale-soft,0.0,6,116,54,CORRECT,0,0,0,0,0,0,0.0,0.0
margin,live-delta,0,0.0,0.316659,0.581161,0.027076,0.980469,0.4417,0.5917,0.10138309001922607,0.6700421571731567,0.5686590671539307,1.2530821561813354,3.50111722946167,0.6700559258460999,9,1,1,1,1,1,0,0.0,0.23437052965164185,2,stale-soft,0.0,6,117,49,CORRECT,0,0,0,0,0,0,0.0,0.0
margin,live-delta,0,0.0,0.316659,0.581161,0.027076,0.980469,0.4417,0.5917,0.030777424573898315,0.44668951630592346,0.41591209173202515,-0.0,1.0,1.0,1,1,1,1,1,1,0,0.0,0.21114350855350494,2,stale-soft,0.0,6,118,48,CORRECT,0,0,0,0,0,0,0.0,0.0
margin,live-delta,0,0.0,0.316659,0.581161,0.027076,0.980469,0.4417,0.5917,0.04402768611907959,0.5582033395767212,0.5141756534576416,1.0953878164291382,2.990342140197754,0.5774489045143127,4,1,1,1,1,1,0,0.0,0.15230268239974976,2,stale-soft,0.0,6,119,49,CORRECT,0,0,0,0,0,0,0.0,0.0
margin,live-delta,0,0.0,0.316659,0.581161,0.027076,0.980469,0.4417,0.5917,0.001757204532623291,0.6123923659324646,0.6106351613998413,1.4575934410095215,4.295609474182129,0.36920416355133057,7,1,1,1,1,1,0,0.0,0.3293934762477875,2,stale-soft,0.0,6,120,57,CORRECT,0,0,0,0,0,0,0.0,0.0
margin,live-delta,0,0.0,0.316659,0.581161,0.027076,0.980469,0.4417,0.5917,0.028531432151794434,0.6142705678939819,0.5857391357421875,1.6760135889053345,5.34420919418335,0.4328081011772156,10,1,1,1,1,1,0,0.013907910324633121,0.17189186811447144,2,stale-soft,0.0,6,121,52,CORRECT,0,0,0,0,0,0,0.0,0.0
margin,live-delta,0,0.0,0.316659,0.581161,0.027076,0.980469,0.4417,0.5917,0.04132509231567383,0.6418052911758423,0.6004801988601685,1.580040454864502,4.855152130126953,0.45793282985687256,8,1,1,1,1,1,0,0.0,0.3827874958515167,2,stale-soft,0.0,6,122,52,CORRECT,0,0,0,0,0,0,0.0,0.0
margin,live-delta,0,0.0,0.316659,0.581161,0.027076,0.980469,0.4417,0.5917,0.1144600510597229,0.5257062911987305,0.41124624013900757,-0.0,1.0,1.0,1,1,1,1,1,1,0,0.0,0.13191860914230347,2,stale-soft,0.0,6,123,43,CORRECT,0,0,0,0,0,0,0.0,0.0
margin,live-delta,0,0.0,0.316659,0.581161,0.027076,0.980469,0.4417,0.5917,0.046421170234680176,0.7209793329238892,0.674558162689209,1.1025148630142212,3.011730670928955,0.6247624754905701,10,1,1,1,1,1,0,0.0,0.34347569942474365,2,stale-soft,0.0,6,124,62,CORRECT,0,0,0,0,0,0,0.0,0.0
margin,live-delta,0,0.0,0.316659,0.581161,0.027076,0.980469,0.4417,0.5917,0.02554035186767578,0.5810360312461853,0.5554956793785095,1.7987329959869385,6.041987419128418,0.3875592350959778,10,1,1,1,1,1,0,0.024670252576470375,0.13771352171897888,2,stale-soft,0.0,6,125,38,CORRECT,0,0,0,0,0,0,0.0,0.0
margin,live-delta,0,0.0,0.316659,0.581161,0.027076,0.980469,0.4417,0.5917,0.051419079303741455,0.7271186113357544,0.6756995320320129,0.6819592118263245,1.9777487516403198,0.7220187187194824,5,1,1,1,1,1,0,0.0,0.40758949518203735,2,stale-soft,0.0,6,126,41,CORRECT,0,0,0,0,0,0,0.0,0.0
margin,live-delta,0,0.0,0.316659,0.581161,0.027076,0.980469,0.4417,0.5917,0.1547597050666809,0.7880293130874634,0.6332696080207825,0.43826356530189514,1.5500134229660034,0.9064263701438904,7,1,1,1,1,1,0,0.0,0.45933932065963745,2,stale-soft,0.0,6,127,40,CORRECT,0,0,0,0,0,0,0.0,0.0
margin,live-delta,0,0.0,0.316659,0.581161,0.027076,0.980469,0.4417,0.5917,0.028143763542175293,0.5415035486221313,0.513359785079956,2.1959729194641113,8.988741874694824,0.2686004936695099,11,2,2,1,2,1,0,0.0,0.2378905713558197,2,stale-soft,0.0,6,128,66,CORRECT,0,0,0,0,0,0,0.0,0.0
margin,live-delta,0,0.0,0.316659,0.581161,0.027076,0.980469,0.4417,0.5917,0.02547597885131836,0.5951765775680542,0.5697005987167358,1.9595363140106201,7.096035957336426,0.33328884840011597,11,2,2,1,2,1,0,0.0,0.3075736165046692,2,stale-soft,0.0,6,129,66,CORRECT,0,0,0,0,0,0,0.0,0.0
margin,live-delta,0,0.0,0.316659,0.581161,0.027076,0.980469,0.4417,0.5917,0.041772425174713135,0.5690668821334839,0.5272944569587708,2.0238797664642334,7.567628860473633,0.2869639992713928,9,2,2,1,2,1,0,0.0,0.24107003211975098,2,stale-soft,0.0,6,130,81,CORRECT,0,0,0,0,0,0,0.0,0.0
margin,live-delta,0,0.0,0.316659,0.581161,0.027076,0.980469,0.4417,0.5917,0.07747495174407959,0.7438898086547852,0.6664148569107056,0.6913416981697083,1.9963922500610352,0.7839105725288391,6,2,2,1,2,1,0,0.0,0.5825783014297485,2,stale-soft,0.0,6,133,71,CORRECT,0,0,0,0,0,0,0.0,0.0
margin,live-delta,0,0.0,0.316659,0.581161,0.027076,0.980469,0.4417,0.5917,0.09667551517486572,0.7966054677963257,0.69992995262146,1.1322581768035889,3.1026549339294434,0.712624728679657,16,2,2,1,2,1,0,0.0,0.5791870355606079,2,stale-soft,0.0,6,134,86,CORRECT,0,0,0,0,0,0,0.0,0.0
margin,live-delta,0,0.0,0.316659,0.581161,0.027076,0.980469,0.4417,0.5917,0.024165570735931396,0.5892134308815002,0.5650478601455688,0.8019758462905884,2.229942560195923,0.5948026180267334,3,2,2,1,2,1,0,0.0,0.21183645725250244,2,stale-soft,0.0,6,135,91,CORRECT,0,0,0,0,0,0,0.0,0.0
margin,live-delta,0,0.0,0.316659,0.581161,0.027076,0.980469,0.4417,0.5917,0.049243152141571045,0.6251969933509827,0.5759538412094116,2.2942545413970947,9.917040824890137,0.33971652388572693,17,2,2,1,2,1,0,0.0,0.3021586835384369,2,stale-soft,0.0,6,136,84,CORRECT,0,0,0,0,0,0,0.0,0.0
margin,live-delta,0,0.0,0.316659,0.581161,0.027076,0.980469,0.4417,0.5917,0.028989076614379883,0.6016455888748169,0.572656512260437,1.6115094423294067,5.010368347167969,0.4142703413963318,8,2,2,1,2,1,0,0.0,0.3383933901786804,2,stale-soft,0.0,6,139,64,CORRECT,0,0,0,0,0,0,0.0,0.0
margin,live-delta,0,0.0,0.316659,0.581161,0.027076,0.980469,0.4417,0.5917,0.0345538854598999,0.6501257419586182,0.6155718564987183,1.050065040588379,2.857836961746216,0.5797074437141418,6,2,2,1,2,1,0,0.0,0.4701628088951111,2,stale-soft,0.0,6,140,80,CORRECT,0,0,0,0,0,0,0.0,0.0
margin,live-delta,0,0.0,0.316659,0.581161,0.027076,0.980469,0.4417,0.5917,0.047999441623687744,0.6712274551391602,0.6232280135154724,1.6797938346862793,5.364449977874756,0.5161632299423218,14,2,2,1,2,1,0,0.0,0.4998254179954529,2,stale-soft,0.0,6,141,86,CORRECT,0,0,0,0,0,0,0.0,0.0
margin,live-delta,0,0.0,0.316659,0.581161,0.027076,0.980469,0.4417,0.5917,0.0030187368392944336,0.5701974630355835,0.5671787261962891,2.527435541152954,12.521354675292969,0.1609109789133072,17,2,2,1,2,1,0,0.0,0.24273034930229187,2,stale-soft,0.0,6,142,65,CORRECT,0,0,0,0,0,0,0.0,0.0
margin,live-delta,0,0.0,0.316659,0.581161,0.027076,0.980469,0.4417,0.5917,0.009077876806259155,0.4765753448009491,0.46749746799468994,1.0822124481201172,2.9512016773223877,0.40460532903671265,3,2,2,1,2,1,0,0.0,0.21677151322364807,2,stale-soft,0.0,6,143,91,CORRECT,0,0,0,0,0,0,0.0,0.0
margin,live-delta,0,0.0,0.316659,0.581161,0.027076,0.980469,0.4417,0.5917,0.0962134599685669,0.5023441314697266,0.40613067150115967,-0.0,1.0,1.0,1,2,2,1,2,1,0,0.0,0.3381776213645935,2,stale-soft,0.0,6,144,85,CORRECT,0,0,0,0,0,0,0.0,0.0
margin,live-delta,0,0.0,0.316659,0.581161,0.027076,0.980469,0.4417,0.5917,0.06751561164855957,0.5056644678115845,0.4381488561630249,-0.0,1.0,1.0,1,2,2,1,2,1,0,0.0,0.2127377986907959,2,stale-soft,0.0,6,145,88,CORRECT,0,0,0,0,0,0,0.0,0.0
margin,live-delta,0,0.0,0.316659,0.581161,0.027076,0.980469,0.4417,0.5917,0.023302733898162842,0.5993673801422119,0.5760646462440491,1.4224200248718262,4.147144317626953,0.47528591752052307,8,2,2,1,2,1,0,0.0,0.25072425603866577,2,stale-soft,0.0,6,147,91,CORRECT,0,0,0,0,0,0,0.0,0.0
margin,live-delta,0,0.0,0.316659,0.581161,0.027076,0.980469,0.4417,0.5917,0.003406345844268799,0.5392884612083435,0.5358821153640747,1.9729949235916138,7.1921844482421875,0.2617792785167694,9,2,2,1,2,1,0,0.0,0.3246327042579651,2,stale-soft,0.0,6,148,78,CORRECT,0,0,0,0,0,0,0.0,0.0
margin,live-delta,0,0.0,0.316659,0.581161,0.027076,0.980469,0.4417,0.5917,0.08553999662399292,0.6592262387275696,0.5736862421035767,1.113431453704834,3.0447885990142822,0.7086411118507385,10,2,2,1,2,1,0,0.0,0.30882811546325684,2,stale-soft,0.0,6,149,91,CORRECT,0,0,0,0,0,0,0.0,0.0
margin,live-delta,0,0.0,0.316659,0.581161,0.027076,0.980469,0.4417,0.5917,0.002938687801361084,0.6503852605819702,0.6474465727806091,2.3190910816192627,10.16642951965332,0.16713854670524597,20,2,2,1,2,1,0,0.0,0.4170028269290924,2,stale-soft,0.0,6,150,66,CORRECT,0,0,0,0,0,0,0.0,0.0
margin,live-delta,0,0.0,0.316659,0.581161,0.027076,0.980469,0.4417,0.5917,0.027769744396209717,0.5065252184867859,0.47875547409057617,0.9789302349090576,2.661607503890991,0.5409001708030701,3,2,2,1,2,1,0,0.0,0.3551807403564453,2,stale-soft,0.0,6,151,85,CORRECT,0,0,0,0,0,0,0.0,0.0
margin,live-delta,0,0.0,0.316659,0.581161,0.027076,0.980469,0.4417,0.5917,0.27028217911720276,0.6035950779914856,0.33331289887428284,-0.0,1.0,1.0,1,2,2,1,2,1,0,0.0,0.34920328855514526,2,stale-soft,0.0,6,152,74,CORRECT,0,0,0,0,0,0,0.0,0.0
margin,live-delta,0,0.0,0.316659,0.581161,0.027076,0.980469,0.4417,0.5917,0.026611626148223877,0.574760377407074,0.5481487512588501,2.1433072090148926,8.527593612670898,0.2814868092536926,11,2,2,1,2,1,0,0.0,0.3500365614891052,2,stale-soft,0.0,6,153,94,CORRECT,0,0,0,0,0,0,0.0,0.0
margin,live-delta,0,0.0,0.316659,0.581161,0.027076,0.980469,0.4417,0.5917,0.026854515075683594,0.6391476392745972,0.6122931241989136,2.1450748443603516,8.542680740356445,0.322009801864624,14,2,2,1,2,1,0,0.0,0.3466476500034332,2,stale-soft,0.0,6,157,94,CORRECT,0,0,0,0,0,0,0.0,0.0
margin,live-delta,0,0.0,0.316659,0.581161,0.027076,0.980469,0.4417,0.5917,0.08749839663505554,0.5680897235870361,0.4805913269519806,1.5909847021102905,4.9085798263549805,0.5312305688858032,8,2,2,1,2,1,0,0.0,0.36241698265075684,2,stale-soft,0.0,6,158,85,CORRECT,0,0,0,0,0,0,0.0,0.0
margin,live-delta,0,0.0,0.316659,0.581161,0.027076,0.980469,0.4417,0.5917,0.18490827083587646,0.7387069463729858,0.5537986755371094,0.2714545726776123,1.3118712902069092,0.9503756165504456,7,2,2,1,2,1,0,0.0,0.35586118698120117,2,stale-soft,0.0,6,159,68,CORRECT,0,0,0,0,0,0,0.0,0.0
margin,live-delta,0,0.0,0.316659,0.581161,0.027076,0.980469,0.4417,0.5917,0.0344085693359375,0.5577472448348999,0.5233386754989624,1.0242500305175781,2.785006046295166,0.581203281879425,4,2,2,1,2,1,0,0.0,0.2380143702030182,2,stale-soft,0.0,6,160,91,CORRECT,0,0,0,0,0,0,0.0,0.0
margin,live-delta,0,0.0,0.316659,0.581161,0.027076,0.980469,0.4417,0.5917,0.010253429412841797,0.4709516167640686,0.4606981873512268,1.0781772136688232,2.939316987991333,0.41344544291496277,3,2,2,1,2,1,0,0.0,0.2889408469200134,2,stale-soft,0.0,6,161,94,CORRECT,0,0,0,0,0,0,0.0,0.0
margin,live-delta,0,0.0,0.316659,0.581161,0.027076,0.980469,0.4417,0.5917,0.17954042553901672,0.6567572951316833,0.4772168695926666,0.2839611768722534,1.3283812999725342,0.9418333172798157,4,2,2,1,2,1,0,0.0,0.43144068121910095,2,stale-soft,0.0,6,162,93,CORRECT,0,0,0,0,0,0,0.0,0.0
margin,live-delta,0,0.0,0.316659,0.581161,0.027076,0.980469,0.4417,0.5917,0.01217794418334961,0.574068546295166,0.5618906021118164,2.3371050357818604,10.351226806640625,0.223231703042984,15,2,2,1,2,1,0,0.0,0.24434435367584229,2,stale-soft,0.0,6,163,66,CORRECT,0,0,0,0,0,0,0.0,0.0
margin,live-delta,0,0.0,0.316659,0.581161,0.027076,0.980469,0.4417,0.5917,0.2803356647491455,0.6889474987983704,0.40861183404922485,-0.0,1.0,1.0,1,2,2,1,2,1,0,0.0,0.4841806888580322,2,stale-soft,0.0,6,164,93,CORRECT,0,0,0,0,0,0,0.0,0.0
margin,live-delta,0,0.0,0.316659,0.581161,0.027076,0.980469,0.4417,0.5917,0.08025693893432617,0.6881221532821655,0.6078652143478394,2.0347049236297607,7.649994373321533,0.4493789076805115,17,2,2,1,2,1,0,0.0,0.46291476488113403,2,stale-soft,0.0,6,165,86,CORRECT,0,0,0,0,0,0,0.0,0.0
margin,live-delta,0,0.0,0.316659,0.581161,0.027076,0.980469,0.4417,0.5917,0.07133865356445312,0.4756857752799988,0.40434712171554565,-0.0,1.0,1.0,1,2,2,1,2,1,0,0.0,0.2903061807155609,2,stale-soft,0.0,6,166,80,CORRECT,0,0,0,0,0,0,0.0,0.0
margin,live-delta,0,0.0,0.316659,0.581161,0.027076,0.980469,0.4417,0.5917,0.0013178586959838867,0.6072017550468445,0.6058838963508606,2.0266072750091553,7.5882978439331055,0.290359228849411,13,2,2,1,2,1,0,0.0,0.27673110365867615,2,stale-soft,0.0,6,169,82,CORRECT,0,0,0,0,0,0,0.0,0.0
margin,live-delta,0,0.0,0.316659,0.581161,0.027076,0.980469,0.4417,0.5917,0.018336087465286255,0.48379379510879517,0.4654577076435089,0.6766149997711182,1.967207431793213,0.590666651725769,2,2,2,1,2,1,0,0.0,0.23263269662857056,2,stale-soft,0.0,6,170,68,CORRECT,0,0,0,0,0,0,0.0,0.0
margin,live-delta,0,0.0,0.316659,0.581161,0.027076,0.980469,0.4417,0.5917,0.024298250675201416,0.570502758026123,0.5462045073509216,2.436522960662842,11.433218002319336,0.1946054995059967,14,2,2,1,2,1,0,0.0,0.237874835729599,2,stale-soft,0.0,6,173,90,CORRECT,0,0,0,0,0,0,0.0,0.0
margin,live-delta,0,0.0,0.316659,0.581161,0.027076,0.980469,0.4417,0.5917,0.05137532949447632,0.4979991912841797,0.44662386178970337,0.966088056564331,2.6276450157165527,0.5851690173149109,3,2,2,1,2,1,0,0.0,0.2287082076072693,2,stale-soft,0.0,6,174,65,CORRECT,0,0,0,0,0,0,0.0,0.0
margin,live-delta,0,0.0,0.316659,0.581161,0.027076,0.980469,0.4417,0.5917,0.12175902724266052,0.6065850257873535,0.484825998544693,0.7696489095687866,2.159008026123047,0.7975327968597412,5,2,2,1,2,1,0,0.0,0.3992610275745392,2,stale-soft,0.0,6,177,78,CORRECT,0,0,0,0,0,0,0.0,0.0
margin,live-delta,0,0.0,0.316659,0.581161,0.027076,0.980469,0.4417,0.5917,0.0012949109077453613,0.5802474617958069,0.5789525508880615,2.1685683727264404,8.74575424194336,0.24796859920024872,13,2,2,1,2,1,0,0.0,0.2551623582839966,2,stale-soft,0.0,6,179,87,CORRECT,0,0,0,0,0,0,0.0,0.0
margin,live-delta,0,0.0,0.316659,0.581161,0.027076,0.980469,0.4417,0.5917,0.0029421746730804443,0.4807736277580261,0.4778314530849457,1.0871719121932983,2.965874433517456,0.37861505150794983,3,2,2,1,2,1,0,0.0,0.19236382842063904,2,stale-soft,0.0,6,180,64,CORRECT,0,0,0,0,0,0,0.0,0.0
margin,live-delta,0,0.0,0.316659,0.581161,0.027076,0.980469,0.4417,0.5917,0.038379013538360596,0.6918320655822754,0.6534530520439148,1.687880039215088,5.408003807067871,0.5017879009246826,18,2,2,1,2,1,0,0.0,0.48382022976875305,2,stale-soft,0.0,6,181,69,CORRECT,0,0,0,0,0,0,0.0,0.0
margin,live-delta,0,0.0,0.316659,0.581161,0.027076,0.980469,0.4417,0.5917,0.012425124645233154,0.45632970333099365,0.4439045786857605,0.6854872107505798,1.9847385883331299,0.5618076920509338,2,2,2,1,2,1,0,0.0,0.1483648121356964,2,stale-soft,0.0,6,182,64,CORRECT,0,0,0,0,0,0,0.0,0.0
margin,live-delta,0,0.0,0.316659,0.581161,0.027076,0.980469,0.4417,0.5917,0.0478360652923584,0.551082193851471,0.5032461285591125,1.8171464204788208,6.154271602630615,0.39311307668685913,8,2,2,1,2,1,0,0.0,0.2761037051677704,2,stale-soft,0.0,6,184,66,CORRECT,0,0,0,0,0,0,0.0,0.0
margin,live-delta,0,0.0,0.316659,0.581161,0.027076,0.980469,0.4417,0.5917,0.12603896856307983,0.5307070016860962,0.40466803312301636,-0.0,1.0,1.0,1,2,2,1,2,1,0,0.0,0.22066643834114075,2,stale-soft,0.0,6,185,84,CORRECT,0,0,0,0,0,0,0.0,0.0
margin,live-delta,0,0.0,0.316659,0.581161,0.027076,0.980469,0.4417,0.5917,0.00381547212600708,0.6895368099212646,0.6857213377952576,1.5874346494674683,4.891185283660889,0.3588642477989197,8,2,2,1,2,1,0,0.0,0.4514313340187073,2,stale-soft,0.0,6,186,80,CORRECT,0,0,0,0,0,0,0.0,0.0
margin,live-delta,0,0.0,0.316659,0.581161,0.027076,0.980469,0.4417,0.5917,0.08489975333213806,0.46566590666770935,0.3807661533355713,-0.0,1.0,1.0,1,2,2,1,2,1,0,0.0,0.23156479001045227,2,stale-soft,0.0,6,188,89,CORRECT,0,0,0,0,0,0,0.0,0.0
margin,live-delta,0,0.0,0.316659,0.581161,0.027076,0.980469,0.4417,0.5917,0.04678565263748169,0.574927806854248,0.5281421542167664,0.8389119505882263,2.3138480186462402,0.6555470824241638,3,2,2,1,2,1,0,0.0,0.4147406816482544,2,stale-soft,0.0,6,189,65,CORRECT,0,0,0,0,0,0,0.0,0.0
margin,live-delta,0,0.0,0.316659,0.581161,0.027076,0.980469,0.4417,0.5917,0.04630112648010254,0.5638655424118042,0.5175644159317017,1.784874677658081,5.95883321762085,0.3914244472980499,8,2,2,1,2,1,0,0.0,0.18830278515815735,2,stale-soft,0.0,6,190,76,CORRECT,0,0,0,0,0,0,0.0,0.0
margin,live-delta,0,0.0,0.316659,0.581161,0.027076,0.980469,0.4417,0.5917,0.005952358245849609,0.555470883846283,0.5495185256004333,1.7721385955810547,5.883422374725342,0.31312650442123413,8,2,2,1,2,1,0,0.0,0.3715098798274994,2,stale-soft,0.0,6,191,86,CORRECT,0,0,0,0,0,0,0.0,0.0
margin,live-delta,0,0.0,0.316659,0.581161,0.027076,0.980469,0.4417,0.5917,0.03380364179611206,0.715877115726471,0.6820734739303589,1.8276160955429077,6.219043254852295,0.34246546030044556,12,3,3,1,3,1,0,0.0,0.4268219470977783,2,stale-soft,0.0,6,192,98,CORRECT,0,0,0,0,0,0,0.0,0.0
margin,live-delta,0,0.0,0.316659,0.581161,0.027076,0.980469,0.4417,0.5917,0.1026039719581604,0.5292460918426514,0.42664211988449097,-0.0,1.0,1.0,1,3,3,1,3,1,0,0.0,0.2595515251159668,2,stale-soft,0.0,6,193,124,CORRECT,0,0,0,0,0,0,0.0,0.0
margin,live-delta,0,0.0,0.316659,0.581161,0.027076,0.980469,0.4417,0.5917,0.0854344367980957,0.6738865971565247,0.588452160358429,1.586440920829773,4.886327266693115,0.5756343603134155,13,3,3,1,3,1,0,0.0,0.2931222915649414,2,stale-soft,0.0,6,195,127,CORRECT,0,0,0,0,0,0,0.0,0.0
margin,live-delta,0,0.0,0.316659,0.581161,0.027076,0.980469,0.4417,0.5917,0.003085196018218994,0.6066103577613831,0.6035251617431641,2.110064744949341,8.248775482177734,0.19855977594852448,12,3,3,1,3,1,0,0.0,0.3114476203918457,2,stale-soft,0.0,6,196,98,CORRECT,0,0,0,0,0,0,0.0,0.0
margin,live-delta,0,0.0,0.316659,0.581161,0.027076,0.980469,0.4417,0.5917,0.009994745254516602,0.6571125984191895,0.6471178531646729,2.1007120609283447,8.17198657989502,0.24436013400554657,12,3,3,1,3,1,0,0.0,0.26061269640922546,2,stale-soft,0.0,6,197,127,CORRECT,0,0,0,0,0,0,0.0,0.0
margin,live-delta,0,0.0,0.316659,0.581161,0.027076,0.980469,0.4417,0.5917,0.08643484115600586,0.637020468711853,0.5505856275558472,0.9442484974861145,2.570880651473999,0.7338361144065857,6,3,3,1,3,1,0,0.0,0.2925240099430084,2,stale-soft,0.0,6,199,127,CORRECT,0,0,0,0,0,0,0.0,0.0
margin,live-delta,0,0.0,0.316659,0.581161,0.027076,0.980469,0.4417,0.5917,0.028112411499023438,0.7088281512260437,0.6807157397270203,2.1920745372772217,8.953768730163574,0.2738730311393738,13,3,3,1,3,1,0,0.0,0.3948378562927246,2,stale-soft,0.0,6,200,115,CORRECT,0,0,0,0,0,0,0.0,0.0
margin,live-delta,0,0.0,0.316659,0.581161,0.027076,0.980469,0.4417,0.5917,0.08230161666870117,0.48156577348709106,0.3992641568183899,-0.0,1.0,1.0,1,3,3,1,3,1,0,0.0,0.19499471783638,2,stale-soft,0.0,6,201,107,CORRECT,0,0,0,0,0,0,0.0,0.0
margin,live-delta,0,0.0,0.316659,0.581161,0.027076,0.980469,0.4417,0.5917,0.02431178092956543,0.5317378044128418,0.5074260234832764,0.9845693111419678,2.676658868789673,0.528008222579956,3,3,3,1,3,1,0,0.0,0.28656619787216187,2,stale-soft,0.0,6,202,116,CORRECT,0,0,0,0,0,0,0.0,0.0
margin,live-delta,0,0.0,0.316659,0.581161,0.027076,0.980469,0.4417,0.5917,0.1064421534538269,0.6956464052200317,0.5892042517662048,1.2952994108200073,3.6520893573760986,0.6882302165031433,11,3,3,1,3,1,0,0.0,0.34753942489624023,2,stale-soft,0.0,6,203,123,CORRECT,0,0,0,0,0,0,0.0,0.0
margin,live-delta,0,0.0,0.316659,0.581161,0.027076,0.980469,0.4417,0.5917,0.03447753190994263,0.649493396282196,0.6150158643722534,1.0856223106384277,2.9612820148468018,0.495433509349823,4,3,3,1,3,1,0,0.0,0.3568621873855591,2,stale-soft,0.0,6,204,99,CORRECT,0,0,0,0,0,0,0.0,0.0
margin,live-delta,0,0.0,0.316659,0.581161,0.027076,0.980469,0.4417,0.5917,0.03863942623138428,0.5191511511802673,0.48051172494888306,0.9767181873321533,2.655726194381714,0.5655601620674133,3,3,3,1,3,1,0,0.0,0.2020900845527649,2,stale-soft,0.0,6,206,107,CORRECT,0,0,0,0,0,0,0.0,0.0
margin,live-delta,0,0.0,0.316659,0.581161,0.027076,0.980469,0.4417,0.5917,0.08332982659339905,0.5254757404327393,0.4421459138393402,0.4378054738044739,1.5493035316467285,0.84112149477005,2,3,3,1,3,1,0,0.0,0.3663392663002014,2,stale-soft,0.0,6,207,101,CORRECT,0,0,0,0,0,0,0.0,0.0
margin,live-delta,0,0.0,0.316659,0.581161,0.027076,0.980469,0.4417,0.5917,0.05445301532745361,0.5600730180740356,0.505620002746582,1.5305284261703491,4.620617866516113,0.460050106048584,6,3,3,1,3,1,0,0.0,0.26069343090057373,2,stale-soft,0.0,6,208,127,CORRECT,0,0,0,0,0,0,0.0,0.0
margin,live-delta,0,0.0,0.316659,0.581161,0.027076,0.980469,0.4417,0.5917,2.7298927307128906e-05,0.6268348693847656,0.6268075704574585,1.9340964555740356,6.91779088973999,0.2236589938402176,10,3,3,1,3,1,0,0.0,0.3935152590274811,2,stale-soft,0.0,6,209,103,CORRECT,0,0,0,0,0,0,0.0,0.0
margin,live-delta,0,0.0,0.316659,0.581161,0.027076,0.980469,0.4417,0.5917,0.017547130584716797,0.4622208774089813,0.4446737468242645,1.0822677612304688,2.9513649940490723,0.41985100507736206,3,3,3,1,3,1,0,0.0,0.08403664827346802,2,stale-soft,0.0,6,210,100,CORRECT,0,0,0,0,0,0,0.0,0.0
margin,live-delta,0,0.0,0.316659,0.581161,0.027076,0.980469,0.4417,0.5917,0.02866208553314209,0.7037274837493896,0.6750653982162476,1.915906548500061,6.793094158172607,0.3497983515262604,13,3,3,1,3,1,0,0.0,0.33825361728668213,2,stale-soft,0.0,6,211,96,CORRECT,0,0,0,0,0,0,0.0,0.0
margin,live-delta,0,0.0,0.316659,0.581161,0.027076,0.980469,0.4417,0.5917,0.03594088554382324,0.7040785551071167,0.6681376695632935,1.6973307132720947,5.459355354309082,0.3989705443382263,12,3,3,1,3,1,0,0.0,0.3959319591522217,2,stale-soft,0.0,6,212,98,CORRECT,0,0,0,0,0,0,0.0,0.0
margin,live-delta,0,0.0,0.316659,0.581161,0.027076,0.980469,0.4417,0.5917,0.02104586362838745,0.7602081298828125,0.739162266254425,1.9688912630081177,7.162730693817139,0.311128705739975,13,3,3,1,3,1,0,0.0,0.5080938935279846,2,stale-soft,0.0,6,213,127,CORRECT,0,0,0,0,0,0,0.0,0.0
margin,live-delta,0,0.0,0.316659,0.581161,0.027076,0.980469,0.4417,0.5917,0.027142703533172607,0.6014844179153442,0.5743417143821716,2.046161651611328,7.738142490386963,0.3172454535961151,12,3,3,1,3,1,0,0.0,0.37710970640182495,2,stale-soft,0.0,6,215,127,CORRECT,0,0,0,0,0,0,0.0,0.0
margin,live-delta,0,0.0,0.316659,0.581161,0.027076,0.980469,0.4417,0.5917,0.010835587978363037,0.561787486076355,0.5509518980979919,2.0186550617218018,7.52819299697876,0.2228383719921112,9,3,3,1,3,1,0,0.0,0.2200993001461029,2,stale-soft,0.0,6,216,106,CORRECT,0,0,0,0,0,0,0.0,0.0
margin,live-delta,0,0.0,0.316659,0.581161,0.027076,0.980469,0.4417,0.5917,0.15650784969329834,0.5816750526428223,0.4251672029495239,-0.0,1.0,1.0,1,3,3,1,3,1,0,0.0,0.3749808371067047,2,stale-soft,0.0,6,217,105,CORRECT,0,0,0,0,0,0,0.0,0.0
margin,live-delta,0,0.0,0.316659,0.581161,0.027076,0.980469,0.4417,0.5917,0.01645064353942871,0.6338362693786621,0.6173856258392334,2.0913000106811523,8.09543228149414,0.2374780923128128,12,3,3,1,3,1,0,0.0,0.3904983401298523,2,stale-soft,0.0,6,218,117,CORRECT,0,0,0,0,0,0,0.0,0.0
margin,live-delta,0,0.0,0.316659,0.581161,0.027076,0.980469,0.4417,0.5917,0.04677075147628784,0.540321946144104,0.49355119466781616,1.9770396947860718,7.221333980560303,0.34053656458854675,9,3,3,1,3,1,0,0.0,0.27208060026168823,2,stale-soft,0.0,6,219,108,CORRECT,0,0,0,0,0,0,0.0,0.0
margin,live-delta,0,0.0,0.316659,0.581161,0.027076,0.980469,0.4417,0.5917,0.014024853706359863,0.6931151151657104,0.6790902614593506,2.031575918197632,7.626094818115234,0.26151224970817566,13,3,3,1,3,1,0,0.0,0.4051532447338104,2,stale-soft,0.0,6,220,127,CORRECT,0,0,0,0,0,0,0.0,0.0
margin,live-delta,0,0.0,0.316659,0.581161,0.027076,0.980469,0.4417,0.5917,0.10552585124969482,0.6067142486572266,0.5011883974075317,1.0502220392227173,2.858285665512085,0.7076106667518616,6,3,3,1,3,1,0,0.0,0.3050418496131897,2,stale-soft,0.0,6,221,102,CORRECT,0,0,0,0,0,0,0.0,0.0
margin,live-delta,0,0.0,0.316659,0.581161,0.027076,0.980469,0.4417,0.5917,0.025349020957946777,0.5600713491439819,0.5347223281860352,2.1590700149536133,8.663077354431152,0.23867614567279816,11,3,3,1,3,1,0,0.0,0.21874409914016724,2,stale-soft,0.0,6,222,98,CORRECT,0,0,0,0,0,0,0.0,0.0
margin,live-delta,0,0.0,0.316659,0.581161,0.027076,0.980469,0.4417,0.5917,0.04123324155807495,0.5563745498657227,0.5151413083076477,1.9006354808807373,6.6901445388793945,0.3301495313644409,8,3,0,0,3,1,1,0.46861428022384644,-0.04123324155807495,0,stale-soft,0.0,6,225,30,CORRECT,0,0,0,0,0,0,0.0,0.0
margin,live-delta,0,0.0,0.316659,0.581161,0.027076,0.980469,0.4417,0.5917,0.03750276565551758,0.47772443294525146,0.4402216672897339,-0.0,1.0,1.0,1,3,3,1,3,1,0,0.0,0.21609339118003845,2,stale-soft,0.0,6,226,123,CORRECT,0,0,0,0,0,0,0.0,0.0
margin,live-delta,0,0.0,0.316659,0.581161,0.027076,0.980469,0.4417,0.5917,0.27257081866264343,0.7159953117370605,0.4434244930744171,0.02756894938647747,1.0279524326324463,0.995728075504303,2,3,3,1,3,1,0,0.0,0.5247364044189453,2,stale-soft,0.0,6,228,99,CORRECT,0,0,0,0,0,0,0.0,0.0
margin,live-delta,0,0.0,0.316659,0.581161,0.027076,0.980469,0.4417,0.5917,0.06361925601959229,0.6538165807723999,0.5901973247528076,1.6496065855026245,5.204931735992432,0.5153034329414368,12,3,3,1,3,1,0,0.0,0.33074119687080383,2,stale-soft,0.0,6,229,115,CORRECT,0,0,0,0,0,0,0.0,0.0
margin,live-delta,0,0.0,0.316659,0.581161,0.027076,0.980469,0.4417,0.5917,0.0028501152992248535,0.6125504374504089,0.6097003221511841,1.868025779724121,6.475499629974365,0.2866000533103943,11,3,3,1,3,1,0,0.0,0.4190482199192047,2,stale-soft,0.0,6,230,103,CORRECT,0,0,0,0,0,0,0.0,0.0
margin,live-delta,0,0.0,0.316659,0.581161,0.027076,0.980469,0.4417,0.5917,0.027474522590637207,0.5701779127120972,0.54270339012146,1.41371488571167,4.111199855804443,0.4628574550151825,6,3,3,1,3,1,0,0.0,0.3285231590270996,2,stale-soft,0.0,6,231,117,CORRECT,0,0,0,0,0,0,0.0,0.0
margin,live-delta,0,0.0,0.316659,0.581161,0.027076,0.980469,0.4417,0.5917,0.013588488101959229,0.5009386539459229,0.4873501658439636,1.5170115232467651,4.558581829071045,0.34219902753829956,5,3,3,1,3,1,1,0.2505306601524353,0.0439324676990509,1,stale-soft,0.0,6,232,112,CORRECT,0,0,0,0,0,0,0.0,0.0
margin,live-delta,0,0.0,0.316659,0.581161,0.027076,0.980469,0.4417,0.5917,0.0030035674571990967,0.496469646692276,0.4934660792350769,1.3282846212387085,3.7745630741119385,0.34050026535987854,4,3,3,1,3,1,0,0.0,0.22334417700767517,2,stale-soft,0.0,6,233,115,CORRECT,0,0,0,0,0,0,0.0,0.0
margin,live-delta,0,0.0,0.316659,0.581161,0.027076,0.980469,0.4417,0.5917,0.042917400598526,0.501893937587738,0.45897653698921204,1.2930097579956055,3.6437368392944336,0.4485982656478882,4,3,3,1,3,1,0,0.0,0.29814231395721436,2,stale-soft,0.0,6,234,108,CORRECT,0,0,0,0,0,0,0.0,0.0
margin,live-delta,0,0.0,0.316659,0.581161,0.027076,0.980469,0.4417,0.5917,0.06836897134780884,0.6614958643913269,0.5931268930435181,1.4237377643585205,4.152613162994385,0.5745843648910522,10,3,3,1,3,1,0,0.0,0.44935303926467896,2,stale-soft,0.0,6,235,115,CORRECT,0,0,0,0,0,0,0.0,0.0
margin,live-delta,0,0.0,0.316659,0.581161,0.027076,0.980469,0.4417,0.5917,0.005754947662353516,0.46608585119247437,0.46033090353012085,0.6914939880371094,1.9966963529586792,0.5287429690361023,2,3,3,1,3,1,0,0.0,0.030435651540756226,1,stale-soft,0.0,6,236,118,CORRECT,0,0,0,0,0,0,0.0,0.0
margin,live-delta,0,0.0,0.316659,0.581161,0.027076,0.980469,0.4417,0.5917,0.015743613243103027,0.6798076629638672,0.6640640497207642,1.5075939893722534,4.515852451324463,0.4338054955005646,11,3,3,1,3,1,0,0.0,0.28242504596710205,2,stale-soft,0.0,6,237,115,CORRECT,0,0,0,0,0,0,0.0,0.0
margin,live-delta,0,0.0,0.316659,0.581161,0.027076,0.980469,0.4417,0.5917,0.021391957998275757,0.48643261194229126,0.4650406539440155,0.6707794666290283,1.955761194229126,0.6053575873374939,2,3,3,1,3,1,0,0.0,0.23048827052116394,2,stale-soft,0.0,6,238,114,CORRECT,0,0,0,0,0,0,0.0,0.0
margin,live-delta,0,0.0,0.316659,0.581161,0.027076,0.980469,0.4417,0.5917,0.04946953058242798,0.5871029496192932,0.5376334190368652,1.4393571615219116,4.217983245849609,0.5184126496315002,7,3,3,1,3,1,0,0.0,0.1761089265346527,2,stale-soft,0.0,6,239,123,CORRECT,0,0,0,0,0,0,0.0,0.0
margin,live-delta,0,0.0,0.316659,0.581161,0.027076,0.980469,0.4417,0.5917,0.01888042688369751,0.6377276182174683,0.6188471913337708,1.4053016901016235,4.076756477355957,0.4075281620025635,8,3,3,1,3,1,0,0.0,0.4424499571323395,2,stale-soft,0.0,6,240,114,CORRECT,0,0,0,0,0,0,0.0,0.0
margin,live-delta,0,0.0,0.316659,0.581161,0.027076,0.980469,0.4417,0.5917,0.05921712517738342,0.49900099635124207,0.43978387117385864,-0.0,1.0,1.0,1,3,3,1,3,1,0,0.0,0.09773263335227966,2,stale-soft,0.0,6,241,99,CORRECT,0,0,0,0,0,0,0.0,0.0
margin,live-delta,0,0.0,0.316659,0.581161,0.027076,0.980469,0.4417,0.5917,0.02079826593399048,0.5582751631736755,0.5374768972396851,2.0333919525146484,7.639956951141357,0.2935218811035156,10,3,3,1,3,1,0,0.0,0.1538691222667694,2,stale-soft,0.0,6,242,96,CORRECT,0,0,0,0,0,0,0.0,0.0
margin,live-delta,0,0.0,0.316659,0.581161,0.027076,0.980469,0.4417,0.5917,0.0026970505714416504,0.7332625985145569,0.7305655479431152,1.5155887603759766,4.552100658416748,0.3890755772590637,13,3,3,1,3,1,0,0.0,0.5287417769432068,2,stale-soft,0.0,6,243,110,CORRECT,0,0,0,0,0,0,0.0,0.0
margin,live-delta,0,0.0,0.316659,0.581161,0.027076,0.980469,0.4417,0.5917,0.1839277744293213,0.5966714024543762,0.41274362802505493,-0.0,1.0,1.0,1,3,3,1,3,1,0,0.0,0.2741038501262665,2,stale-soft,0.0,6,244,105,CORRECT,0,0,0,0,0,0,0.0,0.0
margin,live-delta,0,0.0,0.316659,0.581161,0.027076,0.980469,0.4417,0.5917,0.04181373119354248,0.6546295881271362,0.6128158569335938,2.031188488006592,7.623140811920166,0.3431811034679413,14,3,3,1,3,1,0,0.0,0.30705955624580383,2,stale-soft,0.0,6,245,123,CORRECT,0,0,0,0,0,0,0.0,0.0
margin,live-delta,0,0.0,0.316659,0.581161,0.027076,0.980469,0.4417,0.5917,0.3651820123195648,0.8150867223739624,0.4499047100543976,0.005585458129644394,1.0056010484695435,0.9993274211883545,2,3,3,1,3,1,0,0.0,0.5126630663871765,2,stale-soft,0.0,6,246,107,CORRECT,0,0,0,0,0,0,0.0,0.0
margin,live-delta,0,0.0,0.316659,0.581161,0.027076,0.980469,0.4417,0.5917,0.052057862281799316,0.6668754816055298,0.6148176193237305,1.1983505487442017,3.3146450519561768,0.6254681944847107,10,3,3,1,3,1,0,0.0,0.43059098720550537,2,stale-soft,0.0,6,247,116,CORRECT,0,0,0,0,0,0,0.0,0.0
margin,live-delta,0,0.0,0.316659,0.581161,0.027076,0.980469,0.4417,0.5917,0.31732428073883057,0.692050576210022,0.3747262954711914,-0.0,1.0,1.0,1,3,3,1,3,1,0,0.0,0.3636794686317444,2,stale-soft,0.0,6,248,105,CORRECT,0,0,0,0,0,0,0.0,0.0
margin,live-delta,0,0.0,0.316659,0.581161,0.027076,0.980469,0.4417,0.5917,0.08134958148002625,0.4839929938316345,0.4026434123516083,-0.0,1.0,1.0,1,3,3,1,3,1,0,0.0,0.12375488877296448,2,stale-soft,0.0,6,250,107,CORRECT,0,0,0,0,0,0,0.0,0.0
margin,live-delta,0,0.0,0.316659,0.581161,0.027076,0.980469,0.4417,0.5917,0.5856990814208984,0.919346809387207,0.3336476981639862,-0.0,1.0,1.0,1,3,3,1,3,1,0,0.0,0.6660169363021851,2,stale-soft,0.0,6,251,105,CORRECT,0,0,0,0,0,0,0.0,0.0
margin,live-delta,0,0.0,0.316659,0.581161,0.027076,0.980469,0.4417,0.5917,0.04148721694946289,0.558095395565033,0.5166081786155701,1.6165721416473389,5.0357985496521,0.4429546594619751,7,3,3,1,3,1,0,0.0,0.1545422077178955,2,stale-soft,0.0,6,253,123,CORRECT,0,0,0,0,0,0,0.0,0.0
margin,live-delta,0,0.0,0.316659,0.581161,0.027076,0.980469,0.4417,0.5917,0.06869560480117798,0.5217567086219788,0.4530611038208008,0.5031468272209167,1.653917670249939,0.7980114221572876,2,3,3,1,3,1,0,0.0,0.24860435724258423,2,stale-soft,0.0,6,254,102,CORRECT,0,0,0,0,0,0,0.0,0.0
margin,live-delta,0,0.0,0.316659,0.581161,0.027076,0.980469,0.4417,0.5917,0.20871633291244507,0.6134811043739319,0.4047647714614868,-0.0,1.0,1.0,1,3,3,1,3,1,0,0.0,0.44915974140167236,2,stale-soft,0.0,6,255,122,CORRECT,0,0,0,0,0,0,0.0,0.0
margin,live-delta,1,0.0,0.316659,0.581161,0.026614,0.980469,0.437736,0.587736,0.010410964488983154,0.6283859014511108,0.6179749369621277,1.5809913873672485,4.859771251678467,0.40038564801216125,10,0,0,1,0,1,0,0.0,0.4211970567703247,2,stale-soft,0.0,6,0,1,CORRECT,0,0,0,0,0,0,0.0,0.0
margin,live-delta,1,0.0,0.316659,0.581161,0.026614,0.980469,0.437736,0.587736,0.027423739433288574,0.5380635857582092,0.5106398463249207,1.2618389129638672,3.5319104194641113,0.4347596764564514,4,0,0,1,0,1,0,0.0,0.15982535481452942,2,stale-soft,0.0,6,1,20,CORRECT,0,0,0,0,0,0,0.0,0.0
margin,live-delta,1,0.0,0.316659,0.581161,0.026614,0.980469,0.437736,0.587736,0.050639808177948,0.6435017585754395,0.5928619503974915,2.2411506175994873,9.404145240783691,0.36960169672966003,20,0,0,1,0,1,0,0.02885514870285988,0.12750685214996338,2,stale-soft,0.0,6,2,9,CORRECT,0,0,0,0,0,0,0.0,0.0
margin,live-delta,1,0.0,0.316659,0.581161,0.026614,0.980469,0.437736,0.587736,0.06146073341369629,0.7017878293991089,0.6403270959854126,1.7371046543121338,5.680871486663818,0.5133206248283386,20,0,0,1,0,1,0,0.0,0.3001031279563904,2,stale-soft,0.0,6,3,11,CORRECT,0,0,0,0,0,0,0.0,0.0
margin,live-delta,1,0.0,0.316659,0.581161,0.026614,0.980469,0.437736,0.587736,0.00846010446548462,0.6306256651878357,0.6221655607223511,1.8753211498260498,6.522913455963135,0.2740399241447449,11,0,0,1,0,1,0,0.0,0.28596949577331543,2,stale-soft,0.0,6,4,7,CORRECT,0,0,0,0,0,0,0.0,0.0
margin,live-delta,1,0.0,0.316659,0.581161,0.026614,0.980469,0.437736,0.587736,0.0811147689819336,0.6353706121444702,0.5542558431625366,1.3638014793395996,3.9110326766967773,0.6225441694259644,10,0,0,1,0,1,0,0.0,0.3104957342147827,2,stale-soft,0.0,6,5,13,CORRECT,0,0,0,0,0,0,0.0,0.0
margin,live-delta,1,0.0,0.316659,0.581161,0.026614,0.980469,0.437736,0.587736,0.06274926662445068,0.6143373250961304,0.5515880584716797,2.1200153827667236,8.331265449523926,0.37709879875183105,14,0,0,1,0,1,0,0.0,0.27448686957359314,2,stale-soft,0.0,6,6,27,CORRECT,0,0,0,0,0,0,0.0,0.0
margin,live-delta,1,0.0,0.316659,0.581161,0.026614,0.980469,0.437736,0.587736,0.20145222544670105,0.49529898166656494,0.2938467562198639,-0.0,1.0,1.0,1,0,0,1,0,1,0,0.0,0.2533314526081085,2,stale-soft,0.0,6,7,7,CORRECT,0,0,0,0,0,0,0.0,0.0
margin,live-delta,1,0.0,0.316659,0.581161,0.026614,0.980469,0.437736,0.587736,0.01923549175262451,0.5491013526916504,0.5298658609390259,0.9009630084037781,2.461972951889038,0.546999990940094,3,0,0,1,0,1,0,0.0,0.29908043146133423,2,stale-soft,0.0,6,8,12,CORRECT,0,0,0,0,0,0,0.0,0.0
margin,live-delta,1,0.0,0.316659,0.581161,0.026614,0.980469,0.437736,0.587736,0.08658438920974731,0.6821415424346924,0.5955571532249451,1.3210591077804565,3.7473881244659424,0.6697766184806824,13,0,0,1,0,1,0,0.0,0.3324471116065979,2,stale-soft,0.0,6,9,12,CORRECT,0,0,0,0,0,0,0.0,0.0
margin,live-delta,1,0.0,0.316659,0.581161,0.026614,0.980469,0.437736,0.587736,0.032585084438323975,0.5376241207122803,0.5050390362739563,1.6086105108261108,4.9958648681640625,0.3959127962589264,6,0,0,1,0,1,0,0.0,0.25365039706230164,2,stale-soft,0.0,6,10,26,CORRECT,0,0,0,0,0,0,0.0,0.0
margin,live-delta,1,0.0,0.316659,0.581161,0.026614,0.980469,0.437736,0.587736,0.03140741586685181,0.5394497513771057,0.5080423355102539,1.5943386554718018,4.925070762634277,0.3753001093864441,6,0,0,1,0,1,0,0.05313849076628685,0.09774124622344971,2,stale-soft,0.0,6,11,24,CORRECT,0,0,0,0,0,0,0.0,0.0
margin,live-delta,1,0.0,0.316659,0.581161,0.026614,0.980469,0.437736,0.587736,0.0076819658279418945,0.6589006185531616,0.6512186527252197,1.9814060926437378,7.252933979034424,0.2571238875389099,15,0,0,1,0,1,0,0.0,0.2234070599079132,2,stale-soft,0.0,6,12,20,CORRECT,0,0,0,0,0,0,0.0,0.0
margin,live-delta,1,0.0,0.316659,0.581161,0.026614,0.980469,0.437736,0.587736,0.004485070705413818,0.6025277972221375,0.5980427265167236,1.639266848564148,5.151391506195068,0.3478352725505829,8,0,0,1,0,1,0,0.0,0.2551659345626831,2,stale-soft,0.0,6,13,28,CORRECT,0,0,0,0,0,0,0.0,0.0
margin,live-delta,1,0.0,0.316659,0.581161,0.026614,0.980469,0.437736,0.587736,0.00681459903717041,0.6395174264907837,0.6327028274536133,1.719156265258789,5.5798187255859375,0.3205627501010895,12,0,0,1,0,1,0,0.0,0.24252021312713623,2,stale-soft,0.0,6,14,26,CORRECT,0,0,0,0,0,0,0.0,0.0
margin,live-delta,1,0.0,0.316659,0.581161,0.026614,0.980469,0.437736,0.587736,0.04385042190551758,0.664881706237793,0.6210312843322754,1.8536030054092407,6.38277530670166,0.42614197731018066,14,0,0,1,0,1,0,0.0,0.2546462416648865,2,stale-soft,0.0,6,15,13,CORRECT,0,0,0,0,0,0,0.0,0.0
margin,live-delta,1,0.0,0.316659,0.581161,0.026614,0.980469,0.437736,0.587736,0.004398524761199951,0.5671542882919312,0.5627557635307312,2.381591320037842,10.822110176086426,0.15615181624889374,13,0,0,1,0,1,0,0.0,0.18216466903686523,2,stale-soft,0.0,6,16,12,CORRECT,0,0,0,0,0,0,0.0,0.0
margin,live-delta,1,0.0,0.316659,0.581161,0.026614,0.980469,0.437736,0.587736,0.020671069622039795,0.6850572228431702,0.6643861532211304,2.0121259689331055,7.479200839996338,0.3316110372543335,20,0,0,1,0,1,0,0.003372406819835305,0.22941678762435913,2,stale-soft,0.0,6,17,30,CORRECT,0,0,0,0,0,0,0.0,0.0
margin,live-delta,1,0.0,0.316659,0.581161,0.026614,0.980469,0.437736,0.587736,0.13047552108764648,0.7553185224533081,0.6248430013656616,1.1679840087890625,3.215503692626953,0.7539670467376709,20,0,0,1,0,1,0,0.002601843560114503,0.283456414937973,2,stale-soft,0.0,6,18,30,CORRECT,0,0,0,0,0,0,0.0,0.0
margin,live-delta,1,0.0,0.316659,0.581161,0.026614,0.980469,0.437736,0.587736,0.214311420917511,0.7999751567840576,0.5856637358665466,0.5485446453094482,1.7307323217391968,0.908501148223877,20,0,0,1,0,1,0,0.004073731601238251,0.29287320375442505,2,stale-soft,0.0,6,19,30,CORRECT,0,0,0,0,0,0,0.0,0.0
margin,live-delta,1,0.0,0.316659,0.581161,0.026614,0.980469,0.437736,0.587736,0.005678772926330566,0.6305544376373291,0.6248756647109985,2.548046588897705,12.782110214233398,0.17128898203372955,20,0,0,1,0,1,0,0.0080642681568861,0.1527954638004303,2,stale-soft,0.0,6,20,0,CORRECT,0,0,0,0,0,0,0.0,0.0
margin,live-delta,1,0.0,0.316659,0.581161,0.026614,0.980469,0.437736,0.587736,0.01732957363128662,0.7488837242126465,0.7315541505813599,1.1112756729125977,3.038231611251831,0.5228093862533569,12,0,0,1,0,1,0,0.001210898975841701,0.3033927083015442,2,stale-soft,0.0,6,21,25,CORRECT,0,0,0,0,0,0,0.0,0.0
margin,live-delta,1,0.0,0.316659,0.581161,0.026614,0.980469,0.437736,0.587736,0.015865683555603027,0.6977767944335938,0.6819111108779907,1.810847282409668,6.115626811981201,0.4170607924461365,20,0,0,1,0,1,0,0.0,0.3739209473133087,2,stale-soft,0.0,6,22,1,CORRECT,0,0,0,0,0,0,0.0,0.0
margin,live-delta,1,0.0,0.316659,0.581161,0.026614,0.980469,0.437736,0.587736,0.05592668056488037,0.6982558965682983,0.642329216003418,2.023435592651367,7.564268112182617,0.4559248089790344,20,0,0,1,0,1,0,0.0,0.3412684202194214,2,stale-soft,0.0,6,23,1,CORRECT,0,0,0,0,0,0,0.0,0.0
margin,live-delta,1,0.0,0.316659,0.581161,0.026614,0.980469,0.437736,0.587736,0.078667551279068,0.550545334815979,0.471877783536911,0.45863330364227295,1.581910490989685,0.8282607793807983,2,0,1,0,1,0,1,1.0,-0.11566036939620972,0,stale-soft,0.0,6,24,33,BLENDED,0,0,0,0,0,0,0.0,0.0
margin,live-delta,1,0.0,0.316659,0.581161,0.026614,0.980469,0.437736,0.587736,0.01704925298690796,0.6313489079475403,0.6142996549606323,2.4893836975097656,12.053845405578613,0.25167083740234375,20,0,0,1,0,1,0,0.0,0.19294020533561707,2,stale-soft,0.0,6,25,30,CORRECT,0,0,0,0,0,0,0.0,0.0
margin,live-delta,1,0.0,0.316659,0.581161,0.026614,0.980469,0.437736,0.587736,0.02894890308380127,0.5523542165756226,0.5234053134918213,1.8469512462615967,6.34045934677124,0.3721979856491089,9,0,0,1,0,1,0,0.0,0.17663002014160156,2,stale-soft,0.0,6,26,27,CORRECT,0,0,0,0,0,0,0.0,0.0
margin,live-delta,1,0.0,0.316659,0.581161,0.026614,0.980469,0.437736,0.587736,0.04773306846618652,0.6731027364730835,0.625369668006897,1.5769482851028442,4.84016227722168,0.49535661935806274,13,0,0,1,0,1,0,0.032721105962991714,0.15596485137939453,2,stale-soft,0.0,6,27,16,CORRECT,0,0,0,0,0,0,0.0,0.0
margin,live-delta,1,0.0,0.316659,0.581161,0.026614,0.980469,0.437736,0.587736,0.03371754288673401,0.4923955500125885,0.4586780071258545,1.0246752500534058,2.7861905097961426,0.5177279114723206,3,0,1,0,1,0,1,0.5177279114723206,-0.03371754288673401,0,stale-soft,0.0,6,28,33,BLENDED,0,0,0,0,0,0,0.0,0.0
margin,live-delta,1,0.0,0.316659,0.581161,0.026614,0.980469,0.437736,0.587736,0.00040036439895629883,0.5298848748207092,0.5294845104217529,1.8598337173461914,6.42266845703125,0.2679709494113922,8,0,0,1,0,1,0,0.0,0.09563377499580383,2,stale-soft,0.0,6,29,13,CORRECT,0,0,0,0,0,0,0.0,0.0
margin,live-delta,1,0.0,0.316659,0.581161,0.026614,0.980469,0.437736,0.587736,0.04991334676742554,0.6916114091873169,0.6416980624198914,1.98904287815094,7.308535099029541,0.4419843256473541,20,0,0,1,0,1,0,0.0,0.3292091190814972,2,stale-soft,0.0,6,30,11,CORRECT,0,0,0,0,0,0,0.0,0.0
margin,live-delta,1,0.0,0.316659,0.581161,0.026614,0.980469,0.437736,0.587736,0.015379726886749268,0.5836501121520996,0.5682703852653503,2.48952054977417,12.05549430847168,0.22032064199447632,18,0,0,1,0,1,0,0.0,0.23106327652931213,2,stale-soft,0.0,6,31,11,CORRECT,0,0,0,0,0,0,0.0,0.0
margin,live-delta,1,0.0,0.316659,0.581161,0.026614,0.980469,0.437736,0.587736,0.0088273286819458,0.6656931638717651,0.6568658351898193,2.109105348587036,8.240865707397461,0.32416459918022156,18,0,0,1,0,1,0,0.0,0.29473069310188293,2,stale-soft,0.0,6,33,20,CORRECT,0,0,0,0,0,0,0.0,0.0
margin,live-delta,1,0.0,0.316659,0.581161,0.026614,0.980469,0.437736,0.587736,0.03324735164642334,0.672676146030426,0.6394287943840027,1.7066187858581543,5.510298252105713,0.44924575090408325,15,0,0,1,0,1,0,0.0,0.43574386835098267,2,stale-soft,0.0,6,34,1,CORRECT,0,0,0,0,0,0,0.0,0.0
margin,live-delta,1,0.0,0.316659,0.581161,0.026614,0.980469,0.437736,0.587736,0.06339681148529053,0.6739566326141357,0.6105598211288452,1.235184669494629,3.4390134811401367,0.6337671279907227,10,0,0,1,0,1,0,0.005677460692822933,0.23575887084007263,2,stale-soft,0.0,6,35,28,CORRECT,0,0,0,0,0,0,0.0,0.0
margin,live-delta,1,0.0,0.316659,0.581161,0.026614,0.980469,0.437736,0.587736,0.061883509159088135,0.6948245167732239,0.6329410076141357,1.7324306964874268,5.654381275177002,0.5116975903511047,16,0,0,1,0,1,0,0.0,0.39494168758392334,2,stale-soft,0.0,6,36,12,CORRECT,0,0,0,0,0,0,0.0,0.0
margin,live-delta,1,0.0,0.316659,0.581161,0.026614,0.980469,0.437736,0.587736,0.01653200387954712,0.5996271371841431,0.583095133304596,1.8248261213302612,6.201716423034668,0.3350479006767273,9,0,0,1,0,1,0,0.0,0.3770725429058075,2,stale-soft,0.0,6,37,26,CORRECT,0,0,0,0,0,0,0.0,0.0
margin,live-delta,1,0.0,0.316659,0.581161,0.026614,0.980469,0.437736,0.587736,0.01701536774635315,0.5104827880859375,0.49346742033958435,2.3464317321777344,10.448221206665039,0.1628296822309494,11,0,0,1,0,1,0,0.0,0.12907779216766357,2,stale-soft,0.0,6,38,28,CORRECT,0,0,0,0,0,0,0.0,0.0
margin,live-delta,1,0.0,0.316659,0.581161,0.026614,0.980469,0.437736,0.587736,0.0733039379119873,0.7156831622123718,0.6423792243003845,1.932328701019287,6.905572414398193,0.5024093985557556,20,0,0,1,0,1,0,0.0,0.31950700283050537,2,stale-soft,0.0,6,39,11,CORRECT,0,0,0,0,0,0,0.0,0.0
margin,live-delta,1,0.0,0.316659,0.581161,0.026614,0.980469,0.437736,0.587736,0.012021005153656006,0.5193359851837158,0.5073149800300598,1.4654994010925293,4.329705238342285,0.3678397834300995,5,0,0,1,0,1,0,0.0,0.3110678195953369,2,stale-soft,0.0,6,40,18,CORRECT,0,0,0,0,0,0,0.0,0.0
margin,live-delta,1,0.0,0.316659,0.581161,0.026614,0.980469,0.437736,0.587736,0.004130363464355469,0.5956895351409912,0.5915591716766357,2.073021650314331,7.948805332183838,0.27330198884010315,13,0,0,1,0,1,0,0.0,0.1764351725578308,2,stale-soft,0.0,6,41,9,CORRECT,0,0,0,0,0,0,0.0,0.0
margin,live-delta,1,0.0,0.316659,0.581161,0.026614,0.980469,0.437736,0.587736,0.12807446718215942,0.5080372095108032,0.3799627423286438,-0.0,1.0,1.0,1,0,0,1,0,1,0,0.0,0.18090730905532837,2,stale-soft,0.0,6,42,15,CORRECT,0,0,0,0,0,0,0.0,0.0
margin,live-delta,1,0.0,0.316659,0.581161,0.026614,0.980469,0.437736,0.587736,0.029343336820602417,0.5180602669715881,0.4887169301509857,0.65188068151474,1.9191467761993408,0.6426458358764648,2,0,0,1,0,1,1,0.35735416412353516,0.029343336820602417,1,stale-soft,0.0,6,44,6,CORRECT,0,0,0,0,0,0,0.0,0.0
margin,live-delta,1,0.0,0.316659,0.581161,0.026614,0.980469,0.437736,0.587736,0.14111894369125366,0.7220957279205322,0.5809767842292786,0.8160926699638367,2.261645555496216,0.8237758874893188,13,0,0,1,0,1,0,0.00330968014895916,0.2758523225784302,2,stale-soft,0.0,6,45,30,CORRECT,0,0,0,0,0,0,0.0,0.0
margin,live-delta,1,0.0,0.316659,0.581161,0.026614,0.980469,0.437736,0.587736,0.009380042552947998,0.5576402544975281,0.5482602119445801,2.567770004272461,13.036720275878906,0.14526426792144775,17,0,0,1,0,1,0,0.014949195086956024,0.11369481682777405,2,stale-soft,0.0,6,46,0,CORRECT,0,0,0,0,0,0,0.0,0.0
margin,live-delta,1,0.0,0.316659,0.581161,0.026614,0.980469,0.437736,0.587736,0.039743661880493164,0.7065777778625488,0.6668341159820557,1.896702527999878,6.663884162902832,0.4397803246974945,20,0,0,1,0,1,0,0.0,0.3557187616825104,2,stale-soft,0.0,6,47,11,CORRECT,0,0,0,0,0,0,0.0,0.0
margin,live-delta,1,0.0,0.316659,0.581161,0.026614,0.980469,0.437736,0.587736,0.00565028190612793,0.4656926989555359,0.46004241704940796,0.6915533542633057,1.9968148469924927,0.5282214283943176,2,0,0,1,0,1,0,0.0,0.11049196124076843,2,stale-soft,0.0,6,48,16,CORRECT,0,0,0,0,0,0,0.0,0.0
margin,live-delta,1,0.0,0.316659,0.581161,0.026614,0.980469,0.437736,0.587736,0.004724025726318359,0.6174630522727966,0.6127390265464783,2.6217949390411377,13.760400772094727,0.1533571481704712,20,0,0,1,0,1,0,0.0,0.2107999622821808,2,stale-soft,0.0,6,49,18,CORRECT,0,0,0,0,0,0,0.0,0.0
margin,live-delta,1,0.0,0.316659,0.581161,0.026614,0.980469,0.437736,0.587736,0.021081984043121338,0.631973922252655,0.6108919382095337,2.38700532913208,10.880860328674316,0.24051174521446228,20,0,0,1,0,1,0,0.0,0.2994708716869354,2,stale-soft,0.0,6,50,11,CORRECT,0,0,0,0,0,0,0.0,0.0
margin,live-delta,1,0.0,0.316659,0.581161,0.026614,0.980469,0.437736,0.587736,0.04159349203109741,0.6099201440811157,0.5683266520500183,2.021919012069702,7.552804946899414,0.36446043848991394,13,0,0,1,0,1,0,0.049303989857435226,0.1000206470489502,2,stale-soft,0.0,6,51,30,CORRECT,0,0,0,0,0,0,0.0,0.0
margin,live-delta,1,0.0,0.316659,0.581161,0.026614,0.980469,0.437736,0.587736,0.04602915048599243,0.6817589998245239,0.6357298493385315,1.9791996479034424,7.236948490142822,0.4521030783653259,19,0,0,1,0,1,0,0.0,0.2529265582561493,2,stale-soft,0.0,6,52,30,CORRECT,0,0,0,0,0,0,0.0,0.0
margin,live-delta,1,0.0,0.316659,0.581161,0.026614,0.980469,0.437736,0.587736,0.02947831153869629,0.6125665903091431,0.5830882787704468,2.1094305515289307,8.243545532226562,0.30123353004455566,12,0,0,1,0,1,0,0.0,0.2717077136039734,2,stale-soft,0.0,6,53,7,CORRECT,0,0,0,0,0,0,0.0,0.0
margin,live-delta,1,0.0,0.316659,0.581161,0.026614,0.980469,0.437736,0.587736,0.039527952671051025,0.6817615628242493,0.6422336101531982,1.431990146636963,4.187023639678955,0.5213594436645508,11,0,0,1,0,1,0,0.006870566867291927,0.21645966172218323,2,stale-soft,0.0,6,54,16,CORRECT,0,0,0,0,0,0,0.0,0.0
margin,live-delta,1,0.0,0.316659,0.581161,0.026614,0.980469,0.437736,0.587736,0.1259809136390686,0.7112128138542175,0.5852319002151489,1.3678308725357056,3.926823616027832,0.7048388719558716,19,0,0,1,0,1,0,0.005904208403080702,0.2391151487827301,2,stale-soft,0.0,6,55,30,CORRECT,0,0,0,0,0,0,0.0,0.0
margin,live-delta,1,0.0,0.316659,0.581161,0.026614,0.980469,0.437736,0.587736,0.04841500520706177,0.5435279607772827,0.49511295557022095,1.625753402709961,5.082246780395508,0.4350970387458801,7,0,0,1,0,1,0,0.0,0.2726425230503082,2,stale-soft,0.0,6,56,1,CORRECT,0,0,0,0,0,0,0.0,0.0
margin,live-delta,1,0.0,0.316659,0.581161,0.026614,0.980469,0.437736,0.587736,0.011501491069793701,0.5289517045021057,0.517450213432312,2.3539035320281982,10.526580810546875,0.17063967883586884,12,0,0,1,0,1,0,0.0,0.12112635374069214,2,stale-soft,0.0,6,57,28,CORRECT,0,0,0,0,0,0,0.0,0.0
margin,live-delta,1,0.0,0.316659,0.581161,0.026614,0.980469,0.437736,0.587736,0.027495503425598145,0.521161675453186,0.4936661720275879,1.849459171295166,6.356380939483643,0.27965304255485535,7,0,0,1,0,1,0,0.0,0.11345532536506653,2,stale-soft,0.0,6,58,28,CORRECT,0,0,0,0,0,0,0.0,0.0
margin,live-delta,1,0.0,0.316659,0.581161,0.026614,0.980469,0.437736,0.587736,0.0455852746963501,0.7100707292556763,0.6644854545593262,1.6651376485824585,5.28640079498291,0.4971015155315399,19,0,0,1,0,1,0,0.0,0.41332536935806274,2,stale-soft,0.0,6,59,11,CORRECT,0,0,0,0,0,0,0.0,0.0
margin,live-delta,1,0.0,0.316659,0.581161,0.026614,0.980469,0.437736,0.587736,0.0009667277336120605,0.7287241816520691,0.727757453918457,1.377142310142517,3.9635589122772217,0.3558221161365509,12,0,0,1,0,1,0,0.0,0.41136324405670166,2,stale-soft,0.0,6,61,25,CORRECT,0,0,0,0,0,0,0.0,0.0
margin,live-delta,1,0.0,0.316659,0.581161,0.026614,0.980469,0.437736,0.587736,0.03774535655975342,0.5500203371047974,0.512274980545044,1.3738288879394531,3.9504475593566895,0.4741511344909668,5,0,0,1,0,1,0,0.0,0.1310868263244629,2,stale-soft,0.0,6,62,16,CORRECT,0,0,0,0,0,0,0.0,0.0
margin,live-delta,1,0.0,0.316659,0.581161,0.026614,0.980469,0.437736,0.587736,0.0918266773223877,0.7022755146026611,0.6104488372802734,1.6186840534210205,5.046444892883301,0.6052987575531006,20,0,0,1,0,1,0,0.0,0.3652082681655884,2,stale-soft,0.0,6,63,22,CORRECT,0,0,0,0,0,0,0.0,0.0
margin,live-delta,1,0.0,0.316659,0.581161,0.026614,0.980469,0.437736,0.587736,0.0138663649559021,0.6372043490409851,0.623337984085083,2.0766046047210693,7.977336883544922,0.273668497800827,16,1,1,1,1,1,0,0.006435961928218603,0.18750077486038208,2,stale-soft,0.0,6,64,60,CORRECT,0,0,0,0,0,0,0.0,0.0
margin,live-delta,1,0.0,0.316659,0.581161,0.026614,0.980469,0.437736,0.587736,0.07325202226638794,0.7194734811782837,0.6462214589118958,1.3736106157302856,3.949585437774658,0.5937191247940063,12,1,1,1,1,1,0,0.0,0.4203501343727112,2,stale-soft,0.0,6,65,49,CORRECT,0,0,0,0,0,0,0.0,0.0
margin,live-delta,1,0.0,0.316659,0.581161,0.026614,0.980469,0.437736,0.587736,0.27114012837409973,0.7173919677734375,0.44625183939933777,0.028240174055099487,1.0286426544189453,0.9956046342849731,2,1,1,1,1,1,0,0.0,0.4258134365081787,2,stale-soft,0.0,6,66,54,CORRECT,0,0,0,0,0,0,0.0,0.0
margin,live-delta,1,0.0,0.316659,0.581161,0.026614,0.980469,0.437736,0.587736,0.04251831769943237,0.6012977957725525,0.5587794780731201,2.163828134536743,8.704395294189453,0.2915738523006439,13,1,1,1,1,1,0,0.0,0.203637957572937,2,stale-soft,0.0,6,67,42,CORRECT,0,0,0,0,0,0,0.0,0.0
margin,live-delta,1,0.0,0.316659,0.581161,0.026614,0.980469,0.437736,0.587736,0.17981690168380737,0.6864583492279053,0.5066414475440979,0.25104135274887085,1.2853631973266602,0.9491340517997742,4,1,1,1,1,1,0,0.0,0.43639615178108215,2,stale-soft,0.0,6,68,57,CORRECT,0,0,0,0,0,0,0.0,0.0
margin,live-delta,1,0.0,0.316659,0.581161,0.026614,0.980469,0.437736,0.587736,0.026864051818847656,0.5847336053848267,0.557869553565979,1.907923936843872,6.739083290100098,0.3624371588230133,10,1,1,1,1,1,0,0.0,0.1512666940689087,2,stale-soft,0.0,6,69,52,CORRECT,0,0,0,0,0,0,0.0,0.0
margin,live-delta,1,0.0,0.316659,0.581161,0.026614,0.980469,0.437736,0.587736,0.08957570791244507,0.6409652233123779,0.5513895153999329,0.7889871001243591,2.2011656761169434,0.7807247638702393,6,1,1,1,1,1,0,0.0,0.3181228041648865,2,stale-soft,0.0,6,70,57,CORRECT,0,0,0,0,0,0,0.0,0.0
margin,live-delta,1,0.0,0.316659,0.581161,0.026614,0.980469,0.437736,0.587736,0.04689741134643555,0.5237218141555786,0.47682440280914307,1.1688705682754517,3.218355655670166,0.5454095005989075,4,1,1,1,1,1,1,0.10700920224189758,0.08143112063407898,2,stale-soft,0.0,6,71,49,CORRECT,0,0,0,0,0,0,0.0,0.0
margin,live-delta,1,0.0,0.316659,0.581161,0.026614,0.980469,0.437736,0.587736,0.028354287147521973,0.7925995588302612,0.7642452716827393,0.9122671484947205,2.4899611473083496,0.5992596745491028,8,1,1,1,1,1,0,0.0,0.46540719270706177,2,stale-soft,0.0,6,72,40,CORRECT,0,0,0,0,0,0,0.0,0.0
margin,live-delta,1,0.0,0.316659,0.581161,0.026614,0.980469,0.437736,0.587736,0.03947728872299194,0.4474477767944336,0.40797048807144165,-0.0,1.0,1.0,1,1,1,1,1,1,0,0.0,0.04582047462463379,1,stale-soft,0.0,6,73,35,CORRECT,0,0,0,0,0,0,0.0,0.0
margin,live-delta,1,0.0,0.316659,0.581161,0.026614,0.980469,0.437736,0.587736,0.019095420837402344,0.6300061345100403,0.6109107136726379,1.0580501556396484,2.8807485103607178,0.5139190554618835,5,1,1,1,1,1,0,0.0,0.29718226194381714,2,stale-soft,0.0,6,74,32,CORRECT,0,0,0,0,0,0,0.0,0.0
margin,live-delta,1,0.0,0.316659,0.581161,0.026614,0.980469,0.437736,0.587736,0.02758324146270752,0.6517994403839111,0.6242161989212036,1.8663322925567627,6.464542865753174,0.3685320019721985,15,1,1,1,1,1,0,0.01588442549109459,0.17890149354934692,2,stale-soft,0.0,6,75,48,CORRECT,0,0,0,0,0,0,0.0,0.0
margin,live-delta,1,0.0,0.316659,0.581161,0.026614,0.980469,0.437736,0.587736,0.006723225116729736,0.587090253829956,0.5803670287132263,1.9533190727233887,7.0520548820495605,0.29603564739227295,11,1,1,1,1,1,0,0.0,0.15502119064331055,2,stale-soft,0.0,6,76,35,CORRECT,0,0,0,0,0,0,0.0,0.0
margin,live-delta,1,0.0,0.316659,0.581161,0.026614,0.980469,0.437736,0.587736,0.01150047779083252,0.4391584098339081,0.42765793204307556,-0.0,1.0,1.0,1,1,1,1,1,1,0,0.0,0.11116591095924377,2,stale-soft,0.0,6,77,58,CORRECT,0,0,0,0,0,0,0.0,0.0
margin,live-delta,1,0.0,0.316659,0.581161,0.026614,0.980469,0.437736,0.587736,0.046075284481048584,0.485497385263443,0.4394221007823944,0.5972926616668701,1.8171924352645874,0.7153488397598267,2,1,1,1,1,1,0,0.0,0.11503127217292786,2,stale-soft,0.0,6,78,37,CORRECT,0,0,0,0,0,0,0.0,0.0
margin,live-delta,1,0.0,0.316659,0.581161,0.026614,0.980469,0.437736,0.587736,0.047071754932403564,0.580012857913971,0.5329411029815674,1.2674710750579834,3.551858901977539,0.5701201558113098,6,1,0,0,0,0,1,0.9395127892494202,-0.1121707558631897,0,stale-soft,0.0,6,80,24,BLENDED,0,0,0,0,0,0,0.0,0.0
margin,live-delta,1,0.0,0.316659,0.581161,0.026614,0.980469,0.437736,0.587736,0.06020021438598633,0.6887730360031128,0.6285728216171265,1.2882663011550903,3.6264939308166504,0.556942343711853,7,1,1,1,1,1,0,0.0,0.5219050645828247,2,stale-soft,0.0,6,81,50,CORRECT,0,0,0,0,0,0,0.0,0.0
margin,live-delta,1,0.0,0.316659,0.581161,0.026614,0.980469,0.437736,0.587736,0.06465297937393188,0.675824761390686,0.6111717820167542,1.559347152709961,4.755715370178223,0.5730307102203369,15,1,1,1,1,1,0,0.0,0.3446776866912842,2,stale-soft,0.0,6,82,61,CORRECT,0,0,0,0,0,0,0.0,0.0
margin,live-delta,1,0.0,0.316659,0.581161,0.026614,0.980469,0.437736,0.587736,0.062261730432510376,0.522896409034729,0.46063467860221863,0.5313348770141602,1.7012016773223877,0.7764738202095032,2,1,1,1,1,1,0,0.0,0.20996356010437012,2,stale-soft,0.0,6,83,42,CORRECT,0,0,0,0,0,0,0.0,0.0
margin,live-delta,1,0.0,0.316659,0.581161,0.026614,0.980469,0.437736,0.587736,0.007027864456176758,0.595234215259552,0.5882063508033752,1.52702796459198,4.604471683502197,0.3388727009296417,8,1,1,1,1,1,0,0.0,0.3471389412879944,2,stale-soft,0.0,6,84,52,CORRECT,0,0,0,0,0,0,0.0,0.0
margin,live-delta,1,0.0,0.316659,0.581161,0.026614,0.980469,0.437736,0.587736,0.002056121826171875,0.5324323177337646,0.5303761959075928,1.8762980699539185,6.529289245605469,0.2596917748451233,8,1,1,1,1,1,1,0.1339084506034851,0.06689471006393433,2,stale-soft,0.0,6,85,41,CORRECT,0,0,0,0,0,0,0.0,0.0
margin,live-delta,1,0.0,0.316659,0.581161,0.026614,0.980469,0.437736,0.587736,0.014487236738204956,0.49048975110054016,0.4760025143623352,1.3602098226547241,3.8970108032226562,0.3414223790168762,4,1,0,0,0,0,1,0.5969616174697876,-0.02302202582359314,0,stale-soft,0.0,6,86,25,BLENDED,0,0,0,0,0,0,0.0,0.0
margin,live-delta,1,0.0,0.316659,0.581161,0.026614,0.980469,0.437736,0.587736,0.30191630125045776,0.8589409589767456,0.5570246577262878,0.06022531911730766,1.0620758533477783,0.9923025369644165,10,1,1,1,1,1,0,0.0011951775522902608,0.3508061170578003,2,stale-soft,0.0,6,87,43,CORRECT,0,0,0,0,0,0,0.0,0.0
margin,live-delta,1,0.0,0.316659,0.581161,0.026614,0.980469,0.437736,0.587736,0.023692190647125244,0.6738309860229492,0.650138795375824,1.1719838380813599,3.22839093208313,0.5001707673072815,7,1,1,1,1,1,0,0.0,0.38304105401039124,2,stale-soft,0.0,6,88,61,CORRECT,0,0,0,0,0,0,0.0,0.0
margin,live-delta,1,0.0,0.316659,0.581161,0.026614,0.980469,0.437736,0.587736,0.01702946424484253,0.6745926737785339,0.6575632095336914,1.6434307098388672,5.172885894775391,0.3633873760700226,9,1,1,1,1,1,0,0.0,0.4250260889530182,2,stale-soft,0.0,6,89,39,CORRECT,0,0,0,0,0,0,0.0,0.0
margin,live-delta,1,0.0,0.316659,0.581161,0.026614,0.980469,0.437736,0.587736,0.005663275718688965,0.6045351028442383,0.5988718271255493,1.85167396068573,6.370474338531494,0.2695765197277069,11,1,1,1,1,1,0,0.0,0.3412850499153137,2,stale-soft,0.0,6,90,39,CORRECT,0,0,0,0,0,0,0.0,0.0
margin,live-delta,1,0.0,0.316659,0.581161,0.026614,0.980469,0.437736,0.587736,0.006245851516723633,0.5371400713920593,0.5308942198753357,2.0461513996124268,7.738062858581543,0.19345739483833313,9,1,1,1,1,1,1,0.13947828114032745,0.016357421875,0,stale-soft,0.0,6,91,45,CORRECT,0,0,0,0,0,0,0.0,0.0
margin,live-delta,1,0.0,0.316659,0.581161,0.026614,0.980469,0.437736,0.587736,0.08484706282615662,0.46731051802635193,0.3824634552001953,-0.0,1.0,1.0,1,1,1,1,1,1,0,0.0,0.20996516942977905,2,stale-soft,0.0,6,92,40,CORRECT,0,0,0,0,0,0,0.0,0.0
margin,live-delta,1,0.0,0.316659,0.581161,0.026614,0.980469,0.437736,0.587736,0.03696244955062866,0.5619375705718994,0.5249751210212708,1.6210076808929443,5.058184623718262,0.4352242946624756,7,1,1,1,1,1,0,0.0,0.26756343245506287,2,stale-soft,0.0,6,93,57,CORRECT,0,0,0,0,0,0,0.0,0.0
margin,live-delta,1,0.0,0.316659,0.581161,0.026614,0.980469,0.437736,0.587736,0.001346588134765625,0.6266343593597412,0.6252877712249756,1.8937263488769531,6.644080638885498,0.273932546377182,12,1,1,1,1,1,0,0.0,0.3373410105705261,2,stale-soft,0.0,6,94,61,CORRECT,0,0,0,0,0,0,0.0,0.0
margin,live-delta,1,0.0,0.316659,0.581161,0.026614,0.980469,0.437736,0.587736,0.08536481857299805,0.604717493057251,0.5193526744842529,0.8032584190368652,2.232804536819458,0.7508164644241333,4,1,1,1,1,1,0,0.0,0.21116384863853455,2,stale-soft,0.0,6,95,41,CORRECT,0,0,0,0,0,0,0.0,0.0
margin,live-delta,1,0.0,0.316659,0.581161,0.026614,0.980469,0.437736,0.587736,0.005658745765686035,0.6051054000854492,0.5994466543197632,2.0194857120513916,7.534449100494385,0.25122934579849243,11,1,1,1,1,1,0,0.0,0.39281249046325684,2,stale-soft,0.0,6,96,54,CORRECT,0,0,0,0,0,0,0.0,0.0
margin,live-delta,1,0.0,0.316659,0.581161,0.026614,0.980469,0.437736,0.587736,0.06105303764343262,0.7184756994247437,0.657422661781311,1.0150387287139893,2.759470224380493,0.6803184151649475,8,1,1,1,1,1,0,0.0,0.4032242000102997,2,stale-soft,0.0,6,97,40,CORRECT,0,0,0,0,0,0,0.0,0.0
margin,live-delta,1,0.0,0.316659,0.581161,0.026614,0.980469,0.437736,0.587736,0.013661503791809082,0.582595705986023,0.5689342021942139,1.1959669589996338,3.306753635406494,0.43847981095314026,4,1,1,1,1,1,0,0.0,0.2990831136703491,2,stale-soft,0.0,6,98,56,CORRECT,0,0,0,0,0,0,0.0,0.0
margin,live-delta,1,0.0,0.316659,0.581161,0.026614,0.980469,0.437736,0.587736,0.28284555673599243,0.7437993288040161,0.4609537720680237,0.043186262249946594,1.0441323518753052,0.993588924407959,3,1,1,1,1,1,0,0.0,0.5071672201156616,2,stale-soft,0.0,6,99,41,CORRECT,0,0,0,0,0,0,0.0,0.0
margin,live-delta,1,0.0,0.316659,0.581161,0.026614,0.980469,0.437736,0.587736,0.008107304573059082,0.5988267660140991,0.59071946144104,0.7947788834571838,2.213951349258423,0.5259713530540466,3,1,1,1,1,1,0,0.0,0.31339359283447266,2,stale-soft,0.0,6,100,61,CORRECT,0,0,0,0,0,0,0.0,0.0
margin,live-delta,1,0.0,0.316659,0.581161,0.026614,0.980469,0.437736,0.587736,0.018241524696350098,0.48883119225502014,0.47058966755867004,1.0598750114440918,2.88601016998291,0.45503970980644226,3,1,3,0,3,0,1,1.0,-0.08488729596138,0,stale-soft,0.0,6,101,123,BLENDED,0,0,0,0,0,0,0.0,0.0
margin,live-delta,1,0.0,0.316659,0.581161,0.026614,0.980469,0.437736,0.587736,0.06546664237976074,0.6314265727996826,0.5659599304199219,1.6024831533432007,4.965346813201904,0.49226251244544983,8,1,1,1,1,1,0,0.0,0.36988168954849243,2,stale-soft,0.0,6,102,62,CORRECT,0,0,0,0,0,0,0.0,0.0
margin,live-delta,1,0.0,0.316659,0.581161,0.026614,0.980469,0.437736,0.587736,0.018510043621063232,0.6128389239311218,0.5943288803100586,1.2699309587478638,3.5606067180633545,0.501042902469635,8,1,1,1,1,1,0,0.0,0.2733041048049927,2,stale-soft,0.0,6,103,54,CORRECT,0,0,0,0,0,0,0.0,0.0
margin,live-delta,1,0.0,0.316659,0.581161,0.026614,0.980469,0.437736,0.587736,0.0038860440254211426,0.6102866530418396,0.6064006090164185,1.8849693536758423,6.58615255355835,0.320635050535202,12,1,1,1,1,1,0,0.0,0.3647603988647461,2,stale-soft,0.0,6,104,49,CORRECT,0,0,0,0,0,0,0.0,0.0
margin,live-delta,1,0.0,0.316659,0.581161,0.026614,0.980469,0.437736,0.587736,0.07134711742401123,0.705420970916748,0.6340738534927368,1.272269606590271,3.568943500518799,0.6077620983123779,9,1,1,1,1,1,0,0.0,0.4852299094200134,2,stale-soft,0.0,6,105,40,CORRECT,0,0,0,0,0,0,0.0,0.0
margin,live-delta,1,0.0,0.316659,0.581161,0.026614,0.980469,0.437736,0.587736,0.07959204912185669,0.7538836598396301,0.6742916107177734,0.9665930867195129,2.6289725303649902,0.7229946851730347,10,1,1,1,1,1,0,0.0,0.4799800217151642,2,stale-soft,0.0,6,106,39,CORRECT,0,0,0,0,0,0,0.0,0.0
margin,live-delta,1,0.0,0.316659,0.581161,0.026614,0.980469,0.437736,0.587736,0.011961400508880615,0.617219865322113,0.6052584648132324,1.560631513595581,4.76182746887207,0.4135991036891937,10,1,1,1,1,1,1,0.2037389725446701,0.07979494333267212,2,stale-soft,0.0,6,107,60,CORRECT,0,0,0,0,0,0,0.0,0.0
margin,live-delta,1,0.0,0.316659,0.581161,0.026614,0.980469,0.437736,0.587736,0.04879361391067505,0.6414546966552734,0.5926610827445984,1.8012748956680298,6.0573649406433105,0.4697282016277313,13,1,1,1,1,1,0,0.0,0.362080454826355,2,stale-soft,0.0,6,108,49,CORRECT,0,0,0,0,0,0,0.0,0.0
margin,live-delta,1,0.0,0.316659,0.581161,0.026614,0.980469,0.437736,0.587736,0.005373120307922363,0.6084858179092407,0.6031126976013184,1.3665761947631836,3.9218997955322266,0.4060872793197632,6,1,1,1,1,1,0,0.0,0.3015759587287903,2,stale-soft,0.0,6,109,62,CORRECT,0,0,0,0,0,0,0.0,0.0
margin,live-delta,1,0.0,0.316659,0.581161,0.026614,0.980469,0.437736,0.587736,0.029764771461486816,0.6916086673736572,0.6618438959121704,1.3965046405792236,4.041050434112549,0.49262890219688416,7,1,1,1,1,1,0,0.0,0.47904616594314575,2,stale-soft,0.0,6,111,32,CORRECT,0,0,0,0,0,0,0.0,0.0
margin,live-delta,1,0.0,0.316659,0.581161,0.026614,0.980469,0.437736,0.587736,0.0655626654624939,0.6678102612495422,0.6022475957870483,1.351669192314148,3.8638696670532227,0.5632051229476929,8,1,1,1,1,1,0,0.0,0.4308151602745056,2,stale-soft,0.0,6,112,46,CORRECT,0,0,0,0,0,0,0.0,0.0
margin,live-delta,1,0.0,0.316659,0.581161,0.026614,0.980469,0.437736,0.587736,0.024531066417694092,0.5232676267623901,0.49873656034469604,0.6639403104782104,1.942431092262268,0.6202526092529297,2,1,1,1,1,1,0,0.0,0.2562590539455414,2,stale-soft,0.0,6,113,34,CORRECT,0,0,0,0,0,0,0.0,0.0
margin,live-delta,1,0.0,0.316659,0.581161,0.026614,0.980469,0.437736,0.587736,0.03674370050430298,0.6705558896064758,0.6338121891021729,1.370160460472107,3.9359822273254395,0.5295830965042114,10,1,1,1,1,1,0,0.0,0.39768946170806885,2,stale-soft,0.0,6,114,57,CORRECT,0,0,0,0,0,0,0.0,0.0
margin,live-delta,1,0.0,0.316659,0.581161,0.026614,0.980469,0.437736,0.587736,0.0519755482673645,0.5355624556541443,0.4835869073867798,1.5470943450927734,4.697800159454346,0.4472694396972656,6,1,1,1,1,1,0,0.07111421972513199,0.09194368124008179,2,stale-soft,0.0,6,115,38,CORRECT,0,0,0,0,0,0,0.0,0.0
margin,live-delta,1,0.0,0.316659,0.581161,0.026614,0.980469,0.437736,0.587736,0.07225793600082397,0.610309898853302,0.538051962852478,1.1016435623168945,3.0091075897216797,0.6662366390228271,6,1,1,1,1,1,0,0.0,0.33518922328948975,2,stale-soft,0.0,6,116,54,CORRECT,0,0,0,0,0,0,0.0,0.0
margin,live-delta,1,0.0,0.316659,0.581161,0.026614,0.980469,0.437736,0.587736,0.10138309001922607,0.6700421571731567,0.5686590671539307,1.285616397857666,3.616896629333496,0.665438175201416,10,1,1,1,1,1,0,0.0,0.23437052965164185,2,stale-soft,0.0,6,117,49,CORRECT,0,0,0,0,0,0,0.0,0.0
margin,live-delta,1,0.0,0.316659,0.581161,0.026614,0.980469,0.437736,0.587736,0.030777424573898315,0.44668951630592346,0.41591209173202515,-0.0,1.0,1.0,1,1,1,1,1,1,0,0.0,0.21114350855350494,2,stale-soft,0.0,6,118,48,CORRECT,0,0,0,0,0,0,0.0,0.0
margin,live-delta,1,0.0,0.316659,0.581161,0.026614,0.980469,0.437736,0.587736,0.04402768611907959,0.5582033395767212,0.5141756534576416,1.2380722761154175,3.448958396911621,0.5489068627357483,5,1,1,1,1,1,0,0.0,0.15230268239974976,2,stale-soft,0.0,6,119,49,CORRECT,0,0,0,0,0,0,0.0,0.0
margin,live-delta,1,0.0,0.316659,0.581161,0.026614,0.980469,0.437736,0.587736,0.001757204532623291,0.6123923659324646,0.6106351613998413,1.5024776458740234,4.492806911468506,0.36509791016578674,8,1,1,1,1,1,0,0.0,0.3293934762477875,2,stale-soft,0.0,6,120,57,CORRECT,0,0,0,0,0,0,0.0,0.0
margin,live-delta,1,0.0,0.316659,0.581161,0.026614,0.980469,0.437736,0.587736,0.028531432151794434,0.6142705678939819,0.5857391357421875,1.6760135889053345,5.34420919418335,0.4328081011772156,10,1,1,1,1,1,0,0.013907910324633121,0.17189186811447144,2,stale-soft,0.0,6,121,52,CORRECT,0,0,0,0,0,0,0.0,0.0
margin,live-delta,1,0.0,0.316659,0.581161,0.026614,0.980469,0.437736,0.587736,0.04132509231567383,0.6418052911758423,0.6004801988601685,1.580040454864502,4.855152130126953,0.45793282985687256,8,1,1,1,1,1,0,0.0,0.3827874958515167,2,stale-soft,0.0,6,122,52,CORRECT,0,0,0,0,0,0,0.0,0.0
margin,live-delta,1,0.0,0.316659,0.581161,0.026614,0.980469,0.437736,0.587736,0.1144600510597229,0.5257062911987305,0.41124624013900757,-0.0,1.0,1.0,1,1,1,1,1,1,0,0.0,0.13191860914230347,2,stale-soft,0.0,6,123,43,CORRECT,0,0,0,0,0,0,0.0,0.0
margin,live-delta,1,0.0,0.316659,0.581161,0.026614,0.980469,0.437736,0.587736,0.046421170234680176,0.7209793329238892,0.674558162689209,1.11576509475708,3.0519022941589355,0.623386025428772,11,1,1,1,1,1,0,0.0,0.34347569942474365,2,stale-soft,0.0,6,124,62,CORRECT,0,0,0,0,0,0,0.0,0.0
margin,live-delta,1,0.0,0.316659,0.581161,0.026614,0.980469,0.437736,0.587736,0.02554035186767578,0.5810360312461853,0.5554956793785095,1.7987329959869385,6.041987419128418,0.3875592350959778,10,1,1,1,1,1,0,0.024670252576470375,0.13771352171897888,2,stale-soft,0.0,6,125,38,CORRECT,0,0,0,0,0,0,0.0,0.0
margin,live-delta,1,0.0,0.316659,0.581161,0.026614,0.980469,0.437736,0.587736,0.051419079303741455,0.7271186113357544,0.6756995320320129,0.6819592118263245,1.9777487516403198,0.7220187187194824,5,1,1,1,1,1,0,0.0,0.40758949518203735,2,stale-soft,0.0,6,126,41,CORRECT,0,0,0,0,0,0,0.0,0.0
margin,live-delta,1,0.0,0.316659,0.581161,0.026614,0.980469,0.437736,0.587736,0.1547597050666809,0.7880293130874634,0.6332696080207825,0.43826356530189514,1.5500134229660034,0.9064263701438904,7,1,1,1,1,1,0,0.0,0.45933932065963745,2,stale-soft,0.0,6,127,40,CORRECT,0,0,0,0,0,0,0.0,0.0
margin,live-delta,1,0.0,0.316659,0.581161,0.026614,0.980469,0.437736,0.587736,0.028143763542175293,0.5415035486221313,0.513359785079956,2.1959729194641113,8.988741874694824,0.2686004936695099,11,2,2,1,2,1,0,0.0,0.2378905713558197,2,stale-soft,0.0,6,128,66,CORRECT,0,0,0,0,0,0,0.0,0.0
margin,live-delta,1,0.0,0.316659,0.581161,0.026614,0.980469,0.437736,0.587736,0.02547597885131836,0.5951765775680542,0.5697005987167358,1.9595363140106201,7.096035957336426,0.33328884840011597,11,2,2,1,2,1,0,0.0,0.3075736165046692,2,stale-soft,0.0,6,129,66,CORRECT,0,0,0,0,0,0,0.0,0.0
margin,live-delta,1,0.0,0.316659,0.581161,0.026614,0.980469,0.437736,0.587736,0.041772425174713135,0.5690668821334839,0.5272944569587708,2.082122802734375,8.021478652954102,0.28111952543258667,10,2,2,1,2,1,0,0.0,0.24107003211975098,2,stale-soft,0.0,6,130,81,CORRECT,0,0,0,0,0,0,0.0,0.0
margin,live-delta,1,0.0,0.316659,0.581161,0.026614,0.980469,0.437736,0.587736,0.07747495174407959,0.7438898086547852,0.6664148569107056,0.6913416981697083,1.9963922500610352,0.7839105725288391,6,2,2,1,2,1,0,0.0,0.5825783014297485,2,stale-soft,0.0,6,133,71,CORRECT,0,0,0,0,0,0,0.0,0.0
margin,live-delta,1,0.0,0.316659,0.581161,0.026614,0.980469,0.437736,0.587736,0.09667551517486572,0.7966054677963257,0.69992995262146,1.136496663093567,3.115833282470703,0.7122122049331665,17,2,2,1,2,1,0,0.0,0.5791870355606079,2,stale-soft,0.0,6,134,86,CORRECT,0,0,0,0,0,0,0.0,0.0
margin,live-delta,1,0.0,0.316659,0.581161,0.026614,0.980469,0.437736,0.587736,0.024165570735931396,0.5892134308815002,0.5650478601455688,0.8019758462905884,2.229942560195923,0.5948026180267334,3,2,2,1,2,1,0,0.0,0.21183645725250244,2,stale-soft,0.0,6,135,91,CORRECT,0,0,0,0,0,0,0.0,0.0
margin,live-delta,1,0.0,0.316659,0.581161,0.026614,0.980469,0.437736,0.587736,0.049243152141571045,0.6251969933509827,0.5759538412094116,2.351247787475586,10.498661994934082,0.33420273661613464,19,2,2,1,2,1,0,0.0,0.3021586835384369,2,stale-soft,0.0,6,136,84,CORRECT,0,0,0,0,0,0,0.0,0.0
margin,live-delta,1,0.0,0.316659,0.581161,0.026614,0.980469,0.437736,0.587736,0.028989076614379883,0.6016455888748169,0.572656512260437,1.6670873165130615,5.296717643737793,0.4077526032924652,9,2,2,1,2,1,0,0.0,0.3383933901786804,2,stale-soft,0.0,6,139,64,CORRECT,0,0,0,0,0,0,0.0,0.0
margin,live-delta,1,0.0,0.316659,0.581161,0.026614,0.980469,0.437736,0.587736,0.0345538854598999,0.6501257419586182,0.6155718564987183,1.050065040588379,2.857836961746216,0.5797074437141418,6,2,2,1,2,1,0,0.0,0.4701628088951111,2,stale-soft,0.0,6,140,80,CORRECT,0,0,0,0,0,0,0.0,0.0
margin,live-delta,1,0.0,0.316659,0.581161,0.026614,0.980469,0.437736,0.587736,0.047999441623687744,0.6712274551391602,0.6232280135154724,1.7030452489852905,5.490642547607422,0.5135579109191895,15,2,2,1,2,1,0,0.0,0.4998254179954529,2,stale-soft,0.0,6,141,86,CORRECT,0,0,0,0,0,0,0.0,0.0
margin,live-delta,1,0.0,0.316659,0.581161,0.026614,0.980469,0.437736,0.587736,0.0030187368392944336,0.5701974630355835,0.5671787261962891,2.527435541152954,12.521354675292969,0.1609109789133072,17,2,2,1,2,1,0,0.0,0.24273034930229187,2,stale-soft,0.0,6,142,65,CORRECT,0,0,0,0,0,0,0.0,0.0
margin,live-delta,1,0.0,0.316659,0.581161,0.026614,0.980469,0.437736,0.587736,0.009077876806259155,0.4765753448009491,0.46749746799468994,1.0822124481201172,2.9512016773223877,0.40460532903671265,3,2,2,1,2,1,0,0.0,0.21677151322364807,2,stale-soft,0.0,6,143,91,CORRECT,0,0,0,0,0,0,0.0,0.0
margin,live-delta,1,0.0,0.316659,0.581161,0.026614,0.980469,0.437736,0.587736,0.0962134599685669,0.5023441314697266,0.40613067150115967,-0.0,1.0,1.0,1,2,2,1,2,1,0,0.0,0.3381776213645935,2,stale-soft,0.0,6,144,85,CORRECT,0,0,0,0,0,0,0.0,0.0
margin,live-delta,1,0.0,0.316659,0.581161,0.026614,0.980469,0.437736,0.587736,0.06751561164855957,0.5056644678115845,0.4381488561630249,0.5083646774291992,1.6625701189041138,0.794180691242218,2,2,2,1,2,1,0,0.0,0.2127377986907959,2,stale-soft,0.0,6,145,88,CORRECT,0,0,0,0,0,0,0.0,0.0
margin,live-delta,1,0.0,0.316659,0.581161,0.026614,0.980469,0.437736,0.587736,0.023302733898162842,0.5993673801422119,0.5760646462440491,1.49101984500885,4.441622734069824,0.46597009897232056,9,2,2,1,2,1,0,0.0,0.25072425603866577,2,stale-soft,0.0,6,147,91,CORRECT,0,0,0,0,0,0,0.0,0.0
margin,live-delta,1,0.0,0.316659,0.581161,0.026614,0.980469,0.437736,0.587736,0.003406345844268799,0.5392884612083435,0.5358821153640747,2.131746530532837,8.429576873779297,0.2444871962070465,11,2,2,1,2,1,0,0.0,0.3246327042579651,2,stale-soft,0.0,6,148,78,CORRECT,0,0,0,0,0,0,0.0,0.0
margin,live-delta,1,0.0,0.316659,0.581161,0.026614,0.980469,0.437736,0.587736,0.08553999662399292,0.6592262387275696,0.5736862421035767,1.113431453704834,3.0447885990142822,0.7086411118507385,10,2,2,1,2,1,0,0.0,0.30882811546325684,2,stale-soft,0.0,6,149,91,CORRECT,0,0,0,0,0,0,0.0,0.0
margin,live-delta,1,0.0,0.316659,0.581161,0.026614,0.980469,0.437736,0.587736,0.002938687801361084,0.6503852605819702,0.6474465727806091,2.3190910816192627,10.16642951965332,0.16713854670524597,20,2,2,1,2,1,0,0.0,0.4170028269290924,2,stale-soft,0.0,6,150,66,CORRECT,0,0,0,0,0,0,0.0,0.0
margin,live-delta,1,0.0,0.316659,0.581161,0.026614,0.980469,0.437736,0.587736,0.027769744396209717,0.5065252184867859,0.47875547409057617,0.9789302349090576,2.661607503890991,0.5409001708030701,3,2,2,1,2,1,0,0.0,0.3551807403564453,2,stale-soft,0.0,6,151,85,CORRECT,0,0,0,0,0,0,0.0,0.0
margin,live-delta,1,0.0,0.316659,0.581161,0.026614,0.980469,0.437736,0.587736,0.27028217911720276,0.6035950779914856,0.33331289887428284,-0.0,1.0,1.0,1,2,2,1,2,1,0,0.0,0.34920328855514526,2,stale-soft,0.0,6,152,74,CORRECT,0,0,0,0,0,0,0.0,0.0
margin,live-delta,1,0.0,0.316659,0.581161,0.026614,0.980469,0.437736,0.587736,0.026611626148223877,0.574760377407074,0.5481487512588501,2.1433072090148926,8.527593612670898,0.2814868092536926,11,2,2,1,2,1,0,0.0,0.3500365614891052,2,stale-soft,0.0,6,153,94,CORRECT,0,0,0,0,0,0,0.0,0.0
margin,live-delta,1,0.0,0.316659,0.581161,0.026614,0.980469,0.437736,0.587736,0.026854515075683594,0.6391476392745972,0.6122931241989136,2.1689131259918213,8.748769760131836,0.3200743794441223,15,2,2,1,2,1,0,0.0,0.3466476500034332,2,stale-soft,0.0,6,157,94,CORRECT,0,0,0,0,0,0,0.0,0.0
margin,live-delta,1,0.0,0.316659,0.581161,0.026614,0.980469,0.437736,0.587736,0.08749839663505554,0.5680897235870361,0.4805913269519806,1.5909847021102905,4.9085798263549805,0.5312305688858032,8,2,2,1,2,1,0,0.0,0.36241698265075684,2,stale-soft,0.0,6,158,85,CORRECT,0,0,0,0,0,0,0.0,0.0
margin,live-delta,1,0.0,0.316659,0.581161,0.026614,0.980469,0.437736,0.587736,0.18490827083587646,0.7387069463729858,0.5537986755371094,0.2714545726776123,1.3118712902069092,0.9503756165504456,7,2,2,1,2,1,0,0.0,0.35586118698120117,2,stale-soft,0.0,6,159,68,CORRECT,0,0,0,0,0,0,0.0,0.0
margin,live-delta,1,0.0,0.316659,0.581161,0.026614,0.980469,0.437736,0.587736,0.0344085693359375,0.5577472448348999,0.5233386754989624,1.0242500305175781,2.785006046295166,0.581203281879425,4,2,2,1,2,1,0,0.0,0.2380143702030182,2,stale-soft,0.0,6,160,91,CORRECT,0,0,0,0,0,0,0.0,0.0
margin,live-delta,1,0.0,0.316659,0.581161,0.026614,0.980469,0.437736,0.587736,0.010253429412841797,0.4709516167640686,0.4606981873512268,1.0781772136688232,2.939316987991333,0.41344544291496277,3,2,2,1,2,1,0,0.0,0.2889408469200134,2,stale-soft,0.0,6,161,94,CORRECT,0,0,0,0,0,0,0.0,0.0
margin,live-delta,1,0.0,0.316659,0.581161,0.026614,0.980469,0.437736,0.587736,0.17954042553901672,0.6567572951316833,0.4772168695926666,0.2839611768722534,1.3283812999725342,0.9418333172798157,4,2,2,1,2,1,0,0.0,0.43144068121910095,2,stale-soft,0.0,6,162,93,CORRECT,0,0,0,0,0,0,0.0,0.0
margin,live-delta,1,0.0,0.316659,0.581161,0.026614,0.980469,0.437736,0.587736,0.01217794418334961,0.574068546295166,0.5618906021118164,2.3792896270751953,10.797229766845703,0.21996022760868073,16,2,2,1,2,1,0,0.0,0.24434435367584229,2,stale-soft,0.0,6,163,66,CORRECT,0,0,0,0,0,0,0.0,0.0
margin,live-delta,1,0.0,0.316659,0.581161,0.026614,0.980469,0.437736,0.587736,0.2803356647491455,0.6889474987983704,0.40861183404922485,-0.0,1.0,1.0,1,2,2,1,2,1,0,0.0,0.4841806888580322,2,stale-soft,0.0,6,164,93,CORRECT,0,0,0,0,0,0,0.0,0.0
margin,live-delta,1,0.0,0.316659,0.581161,0.026614,0.980469,0.437736,0.587736,0.08025693893432617,0.6881221532821655,0.6078652143478394,2.0347049236297607,7.649994373321533,0.4493789076805115,17,2,2,1,2,1,0,0.0,0.46291476488113403,2,stale-soft,0.0,6,165,86,CORRECT,0,0,0,0,0,0,0.0,0.0
margin,live-delta,1,0.0,0.316659,0.581161,0.026614,0.980469,0.437736,0.587736,0.07133865356445312,0.4756857752799988,0.40434712171554565,-0.0,1.0,1.0,1,2,2,1,2,1,0,0.0,0.2903061807155609,2,stale-soft,0.0,6,166,80,CORRECT,0,0,0,0,0,0,0.0,0.0
margin,live-delta,1,0.0,0.316659,0.581161,0.026614,0.980469,0.437736,0.587736,0.0013178586959838867,0.6072017550468445,0.6058838963508606,2.063572406768799,7.874048709869385,0.28731533885002136,14,2,2,1,2,1,0,0.0,0.27673110365867615,2,stale-soft,0.0,6,169,82,CORRECT,0,0,0,0,0,0,0.0,0.0
margin,live-delta,1,0.0,0.316659,0.581161,0.026614,0.980469,0.437736,0.587736,0.018336087465286255,0.48379379510879517,0.4654577076435089,0.6766149997711182,1.967207431793213,0.590666651725769,2,2,2,1,2,1,0,0.0,0.23263269662857056,2,stale-soft,0.0,6,170,68,CORRECT,0,0,0,0,0,0,0.0,0.0
margin,live-delta,1,0.0,0.316659,0.581161,0.026614,0.980469,0.437736,0.587736,0.024298250675201416,0.570502758026123,0.5462045073509216,2.476581573486328,11.900513648986816,0.1918264925479889,15,2,2,1,2,1,0,0.0,0.237874835729599,2,stale-soft,0.0,6,173,90,CORRECT,0,0,0,0,0,0,0.0,0.0
margin,live-delta,1,0.0,0.316659,0.581161,0.026614,0.980469,0.437736,0.587736,0.05137532949447632,0.4979991912841797,0.44662386178970337,0.966088056564331,2.6276450157165527,0.5851690173149109,3,2,2,1,2,1,0,0.0,0.2287082076072693,2,stale-soft,0.0,6,174,65,CORRECT,0,0,0,0,0,0,0.0,0.0
margin,live-delta,1,0.0,0.316659,0.581161,0.026614,0.980469,0.437736,0.587736,0.12175902724266052,0.6065850257873535,0.484825998544693,0.7696489095687866,2.159008026123047,0.7975327968597412,5,2,2,1,2,1,0,0.0,0.3992610275745392,2,stale-soft,0.0,6,177,78,CORRECT,0,0,0,0,0,0,0.0,0.0
margin,live-delta,1,0.0,0.316659,0.581161,0.026614,0.980469,0.437736,0.587736,0.0012949109077453613,0.5802474617958069,0.5789525508880615,2.1685683727264404,8.74575424194336,0.24796859920024872,13,2,2,1,2,1,0,0.0,0.2551623582839966,2,stale-soft,0.0,6,179,87,CORRECT,0,0,0,0,0,0,0.0,0.0
margin,live-delta,1,0.0,0.316659,0.581161,0.026614,0.980469,0.437736,0.587736,0.0029421746730804443,0.4807736277580261,0.4778314530849457,1.0871719121932983,2.965874433517456,0.37861505150794983,3,2,2,1,2,1,0,0.0,0.19236382842063904,2,stale-soft,0.0,6,180,64,CORRECT,0,0,0,0,0,0,0.0,0.0
margin,live-delta,1,0.0,0.316659,0.581161,0.026614,0.980469,0.437736,0.587736,0.038379013538360596,0.6918320655822754,0.6534530520439148,1.687880039215088,5.408003807067871,0.5017879009246826,18,2,2,1,2,1,0,0.0,0.48382022976875305,2,stale-soft,0.0,6,181,69,CORRECT,0,0,0,0,0,0,0.0,0.0
margin,live-delta,1,0.0,0.316659,0.581161,0.026614,0.980469,0.437736,0.587736,0.012425124645233154,0.45632970333099365,0.4439045786857605,0.6854872107505798,1.9847385883331299,0.5618076920509338,2,2,2,1,2,1,0,0.0,0.1483648121356964,2,stale-soft,0.0,6,182,64,CORRECT,0,0,0,0,0,0,0.0,0.0
margin,live-delta,1,0.0,0.316659,0.581161,0.026614,0.980469,0.437736,0.587736,0.0478360652923584,0.551082193851471,0.5032461285591125,1.8171464204788208,6.154271602630615,0.39311307668685913,8,2,2,1,2,1,0,0.0,0.2761037051677704,2,stale-soft,0.0,6,184,66,CORRECT,0,0,0,0,0,0,0.0,0.0
margin,live-delta,1,0.0,0.316659,0.581161,0.026614,0.980469,0.437736,0.587736,0.12603896856307983,0.5307070016860962,0.40466803312301636,-0.0,1.0,1.0,1,2,2,1,2,1,0,0.0,0.22066643834114075,2,stale-soft,0.0,6,185,84,CORRECT,0,0,0,0,0,0,0.0,0.0
margin,live-delta,1,0.0,0.316659,0.581161,0.026614,0.980469,0.437736,0.587736,0.00381547212600708,0.6895368099212646,0.6857213377952576,1.5874346494674683,4.891185283660889,0.3588642477989197,8,2,2,1,2,1,0,0.0,0.4514313340187073,2,stale-soft,0.0,6,186,80,CORRECT,0,0,0,0,0,0,0.0,0.0
margin,live-delta,1,0.0,0.316659,0.581161,0.026614,0.980469,0.437736,0.587736,0.08489975333213806,0.46566590666770935,0.3807661533355713,-0.0,1.0,1.0,1,2,2,1,2,1,0,0.0,0.23156479001045227,2,stale-soft,0.0,6,188,89,CORRECT,0,0,0,0,0,0,0.0,0.0
margin,live-delta,1,0.0,0.316659,0.581161,0.026614,0.980469,0.437736,0.587736,0.04678565263748169,0.574927806854248,0.5281421542167664,0.9789683818817139,2.6617088317871094,0.6277149319648743,4,2,2,1,2,1,0,0.0,0.4147406816482544,2,stale-soft,0.0,6,189,65,CORRECT,0,0,0,0,0,0,0.0,0.0
margin,live-delta,1,0.0,0.316659,0.581161,0.026614,0.980469,0.437736,0.587736,0.04630112648010254,0.5638655424118042,0.5175644159317017,1.784874677658081,5.95883321762085,0.3914244472980499,8,2,2,1,2,1,0,0.0,0.18830278515815735,2,stale-soft,0.0,6,190,76,CORRECT,0,0,0,0,0,0,0.0,0.0
margin,live-delta,1,0.0,0.316659,0.581161,0.026614,0.980469,0.437736,0.587736,0.005952358245849609,0.555470883846283,0.5495185256004333,1.85237717628479,6.374955654144287,0.3039768934249878,9,2,2,1,2,1,0,0.0,0.3715098798274994,2,stale-soft,0.0,6,191,86,CORRECT,0,0,0,0,0,0,0.0,0.0
margin,live-delta,1,0.0,0.316659,0.581161,0.026614,0.980469,0.437736,0.587736,0.03380364179611206,0.715877115726471,0.6820734739303589,1.8276160955429077,6.219043254852295,0.34246546030044556,12,3,3,1,3,1,0,0.0,0.4268219470977783,2,stale-soft,0.0,6,192,98,CORRECT,0,0,0,0,0,0,0.0,0.0
margin,live-delta,1,0.0,0.316659,0.581161,0.026614,0.980469,0.437736,0.587736,0.1026039719581604,0.5292460918426514,0.42664211988449097,-0.0,1.0,1.0,1,3,3,1,3,1,0,0.0,0.2595515251159668,2,stale-soft,0.0,6,193,124,CORRECT,0,0,0,0,0,0,0.0,0.0
margin,live-delta,1,0.0,0.316659,0.581161,0.026614,0.980469,0.437736,0.587736,0.004106700420379639,0.43997180461883545,0.4358651041984558,-0.0,1.0,1.0,1,3,3,1,3,1,0,0.0,0.060184478759765625,2,stale-soft,0.0,6,194,124,CORRECT,0,0,0,0,0,0,0.0,0.0
margin,live-delta,1,0.0,0.316659,0.581161,0.026614,0.980469,0.437736,0.587736,0.0854344367980957,0.6738865971565247,0.588452160358429,1.6114749908447266,5.010195732116699,0.5725228190422058,14,3,3,1,3,1,0,0.0,0.2931222915649414,2,stale-soft,0.0,6,195,127,CORRECT,0,0,0,0,0,0,0.0,0.0
margin,live-delta,1,0.0,0.316659,0.581161,0.026614,0.980469,0.437736,0.587736,0.003085196018218994,0.6066103577613831,0.6035251617431641,2.110064744949341,8.248775482177734,0.19855977594852448,12,3,3,1,3,1,0,0.0,0.3114476203918457,2,stale-soft,0.0,6,196,98,CORRECT,0,0,0,0,0,0,0.0,0.0
margin,live-delta,1,0.0,0.316659,0.581161,0.026614,0.980469,0.437736,0.587736,0.009994745254516602,0.6571125984191895,0.6471178531646729,2.1294827461242676,8.410515785217285,0.2428583800792694,14,3,3,1,3,1,0,0.0,0.26061269640922546,2,stale-soft,0.0,6,197,127,CORRECT,0,0,0,0,0,0,0.0,0.0
margin,live-delta,1,0.0,0.316659,0.581161,0.026614,0.980469,0.437736,0.587736,0.08643484115600586,0.637020468711853,0.5505856275558472,0.9442484974861145,2.570880651473999,0.7338361144065857,6,3,3,1,3,1,0,0.0,0.2925240099430084,2,stale-soft,0.0,6,199,127,CORRECT,0,0,0,0,0,0,0.0,0.0
margin,live-delta,1,0.0,0.316659,0.581161,0.026614,0.980469,0.437736,0.587736,0.028112411499023438,0.7088281512260437,0.6807157397270203,2.1920745372772217,8.953768730163574,0.2738730311393738,13,3,3,1,3,1,0,0.0,0.3948378562927246,2,stale-soft,0.0,6,200,115,CORRECT,0,0,0,0,0,0,0.0,0.0
margin,live-delta,1,0.0,0.316659,0.581161,0.026614,0.980469,0.437736,0.587736,0.08230161666870117,0.48156577348709106,0.3992641568183899,-0.0,1.0,1.0,1,3,3,1,3,1,0,0.0,0.19499471783638,2,stale-soft,0.0,6,201,107,CORRECT,0,0,0,0,0,0,0.0,0.0
margin,live-delta,1,0.0,0.316659,0.581161,0.026614,0.980469,0.437736,0.587736,0.02431178092956543,0.5317378044128418,0.5074260234832764,0.9845693111419678,2.676658868789673,0.528008222579956,3,3,3,1,3,1,0,0.0,0.28656619787216187,2,stale-soft,0.0,6,202,116,CORRECT,0,0,0,0,0,0,0.0,0.0
margin,live-delta,1,0.0,0.316659,0.581161,0.026614,0.980469,0.437736,0.587736,0.1064421534538269,0.6956464052200317,0.5892042517662048,1.2952994108200073,3.6520893573760986,0.6882302165031433,11,3,3,1,3,1,0,0.0,0.34753942489624023,2,stale-soft,0.0,6,203,123,CORRECT,0,0,0,0,0,0,0.0,0.0
margin,live-delta,1,0.0,0.316659,0.581161,0.026614,0.980469,0.437736,0.587736,0.03447753190994263,0.649493396282196,0.6150158643722534,1.0856223106384277,2.9612820148468018,0.495433509349823,4,3,3,1,3,1,0,0.0,0.3568621873855591,2,stale-soft,0.0,6,204,99,CORRECT,0,0,0,0,0,0,0.0,0.0
margin,live-delta,1,0.0,0.316659,0.581161,0.026614,0.980469,0.437736,0.587736,0.03863942623138428,0.5191511511802673,0.48051172494888306,0.9767181873321533,2.655726194381714,0.5655601620674133,3,3,3,1,3,1,0,0.0,0.2020900845527649,2,stale-soft,0.0,6,206,107,CORRECT,0,0,0,0,0,0,0.0,0.0
margin,live-delta,1,0.0,0.316659,0.581161,0.026614,0.980469,0.437736,0.587736,0.08332982659339905,0.5254757404327393,0.4421459138393402,0.4378054738044739,1.5493035316467285,0.84112149477005,2,3,3,1,3,1,0,0.0,0.3663392663002014,2,stale-soft,0.0,6,207,101,CORRECT,0,0,0,0,0,0,0.0,0.0
margin,live-delta,1,0.0,0.316659,0.581161,0.026614,0.980469,0.437736,0.587736,0.05445301532745361,0.5600730180740356,0.505620002746582,1.5305284261703491,4.620617866516113,0.460050106048584,6,3,3,1,3,1,0,0.0,0.26069343090057373,2,stale-soft,0.0,6,208,127,CORRECT,0,0,0,0,0,0,0.0,0.0
margin,live-delta,1,0.0,0.316659,0.581161,0.026614,0.980469,0.437736,0.587736,2.7298927307128906e-05,0.6268348693847656,0.6268075704574585,1.9340964555740356,6.91779088973999,0.2236589938402176,10,3,3,1,3,1,0,0.0,0.3935152590274811,2,stale-soft,0.0,6,209,103,CORRECT,0,0,0,0,0,0,0.0,0.0
margin,live-delta,1,0.0,0.316659,0.581161,0.026614,0.980469,0.437736,0.587736,0.017547130584716797,0.4622208774089813,0.4446737468242645,1.0822677612304688,2.9513649940490723,0.41985100507736206,3,3,3,1,3,1,0,0.0,0.08403664827346802,2,stale-soft,0.0,6,210,100,CORRECT,0,0,0,0,0,0,0.0,0.0
margin,live-delta,1,0.0,0.316659,0.581161,0.026614,0.980469,0.437736,0.587736,0.02866208553314209,0.7037274837493896,0.6750653982162476,1.915906548500061,6.793094158172607,0.3497983515262604,13,3,3,1,3,1,0,0.0,0.33825361728668213,2,stale-soft,0.0,6,211,96,CORRECT,0,0,0,0,0,0,0.0,0.0
margin,live-delta,1,0.0,0.316659,0.581161,0.026614,0.980469,0.437736,0.587736,0.03594088554382324,0.7040785551071167,0.6681376695632935,1.6973307132720947,5.459355354309082,0.3989705443382263,12,3,3,1,3,1,0,0.0,0.3959319591522217,2,stale-soft,0.0,6,212,98,CORRECT,0,0,0,0,0,0,0.0,0.0
margin,live-delta,1,0.0,0.316659,0.581161,0.026614,0.980469,0.437736,0.587736,0.02104586362838745,0.7602081298828125,0.739162266254425,1.9688912630081177,7.162730693817139,0.311128705739975,13,3,3,1,3,1,0,0.0,0.5080938935279846,2,stale-soft,0.0,6,213,127,CORRECT,0,0,0,0,0,0,0.0,0.0
margin,live-delta,1,0.0,0.316659,0.581161,0.026614,0.980469,0.437736,0.587736,0.027142703533172607,0.6014844179153442,0.5743417143821716,2.0878047943115234,8.06718635559082,0.3132767081260681,13,3,3,1,3,1,0,0.0,0.37710970640182495,2,stale-soft,0.0,6,215,127,CORRECT,0,0,0,0,0,0,0.0,0.0
margin,live-delta,1,0.0,0.316659,0.581161,0.026614,0.980469,0.437736,0.587736,0.010835587978363037,0.561787486076355,0.5509518980979919,2.0186550617218018,7.52819299697876,0.2228383719921112,9,3,3,1,3,1,0,0.0,0.2200993001461029,2,stale-soft,0.0,6,216,106,CORRECT,0,0,0,0,0,0,0.0,0.0
margin,live-delta,1,0.0,0.316659,0.581161,0.026614,0.980469,0.437736,0.587736,0.15650784969329834,0.5816750526428223,0.4251672029495239,-0.0,1.0,1.0,1,3,3,1,3,1,0,0.0,0.3749808371067047,2,stale-soft,0.0,6,217,105,CORRECT,0,0,0,0,0,0,0.0,0.0
margin,live-delta,1,0.0,0.316659,0.581161,0.026614,0.980469,0.437736,0.587736,0.01645064353942871,0.6338362693786621,0.6173856258392334,2.0913000106811523,8.09543228149414,0.2374780923128128,12,3,3,1,3,1,0,0.0,0.3904983401298523,2,stale-soft,0.0,6,218,117,CORRECT,0,0,0,0,0,0,0.0,0.0
margin,live-delta,1,0.0,0.316659,0.581161,0.026614,0.980469,0.437736,0.587736,0.04677075147628784,0.540321946144104,0.49355119466781616,1.9770396947860718,7.221333980560303,0.34053656458854675,9,3,3,1,3,1,0,0.0,0.27208060026168823,2,stale-soft,0.0,6,219,108,CORRECT,0,0,0,0,0,0,0.0,0.0
margin,live-delta,1,0.0,0.316659,0.581161,0.026614,0.980469,0.437736,0.587736,0.014024853706359863,0.6931151151657104,0.6790902614593506,2.031575918197632,7.626094818115234,0.26151224970817566,13,3,3,1,3,1,0,0.0,0.4051532447338104,2,stale-soft,0.0,6,220,127,CORRECT,0,0,0,0,0,0,0.0,0.0
margin,live-delta,1,0.0,0.316659,0.581161,0.026614,0.980469,0.437736,0.587736,0.10552585124969482,0.6067142486572266,0.5011883974075317,1.0502220392227173,2.858285665512085,0.7076106667518616,6,3,3,1,3,1,0,0.0,0.3050418496131897,2,stale-soft,0.0,6,221,102,CORRECT,0,0,0,0,0,0,0.0,0.0
margin,live-delta,1,0.0,0.316659,0.581161,0.026614,0.980469,0.437736,0.587736,0.025349020957946777,0.5600713491439819,0.5347223281860352,2.1590700149536133,8.663077354431152,0.23867614567279816,11,3,3,1,3,1,0,0.0,0.21874409914016724,2,stale-soft,0.0,6,222,98,CORRECT,0,0,0,0,0,0,0.0,0.0
margin,live-delta,1,0.0,0.316659,0.581161,0.026614,0.980469,0.437736,0.587736,0.0464787483215332,0.4414621889591217,0.3949834406375885,-0.0,1.0,1.0,1,3,3,1,3,1,0,0.0,0.2085619568824768,2,stale-soft,0.0,6,223,124,CORRECT,0,0,0,0,0,0,0.0,0.0
margin,live-delta,1,0.0,0.316659,0.581161,0.026614,0.980469,0.437736,0.587736,0.04123324155807495,0.5563745498657227,0.5151413083076477,1.9006354808807373,6.6901445388793945,0.3301495313644409,8,3,0,0,3,1,1,0.46861428022384644,-0.04123324155807495,0,stale-soft,0.0,6,225,30,CORRECT,0,0,0,0,0,0,0.0,0.0
margin,live-delta,1,0.0,0.316659,0.581161,0.026614,0.980469,0.437736,0.587736,0.03750276565551758,0.47772443294525146,0.4402216672897339,1.0285415649414062,2.7969837188720703,0.5154327154159546,3,3,3,1,3,1,0,0.0,0.21609339118003845,2,stale-soft,0.0,6,226,123,CORRECT,0,0,0,0,0,0,0.0,0.0
margin,live-delta,1,0.0,0.316659,0.581161,0.026614,0.980469,0.437736,0.587736,0.27257081866264343,0.7159953117370605,0.4434244930744171,0.02756894938647747,1.0279524326324463,0.995728075504303,2,3,3,1,3,1,0,0.0,0.5247364044189453,2,stale-soft,0.0,6,228,99,CORRECT,0,0,0,0,0,0,0.0,0.0
margin,live-delta,1,0.0,0.316659,0.581161,0.026614,0.980469,0.437736,0.587736,0.06361925601959229,0.6538165807723999,0.5901973247528076,1.6806193590164185,5.368880271911621,0.5115627646446228,13,3,3,1,3,1,0,0.0,0.33074119687080383,2,stale-soft,0.0,6,229,115,CORRECT,0,0,0,0,0,0,0.0,0.0
margin,live-delta,1,0.0,0.316659,0.581161,0.026614,0.980469,0.437736,0.587736,0.0028501152992248535,0.6125504374504089,0.6097003221511841,1.868025779724121,6.475499629974365,0.2866000533103943,11,3,3,1,3,1,0,0.0,0.4190482199192047,2,stale-soft,0.0,6,230,103,CORRECT,0,0,0,0,0,0,0.0,0.0
margin,live-delta,1,0.0,0.316659,0.581161,0.026614,0.980469,0.437736,0.587736,0.027474522590637207,0.5701779127120972,0.54270339012146,1.41371488571167,4.111199855804443,0.4628574550151825,6,3,3,1,3,1,0,0.0,0.3285231590270996,2,stale-soft,0.0,6,231,117,CORRECT,0,0,0,0,0,0,0.0,0.0
margin,live-delta,1,0.0,0.316659,0.581161,0.026614,0.980469,0.437736,0.587736,0.013588488101959229,0.5009386539459229,0.4873501658439636,1.5170115232467651,4.558581829071045,0.34219902753829956,5,3,3,1,3,1,1,0.2505306601524353,0.0439324676990509,1,stale-soft,0.0,6,232,112,CORRECT,0,0,0,0,0,0,0.0,0.0
margin,live-delta,1,0.0,0.316659,0.581161,0.026614,0.980469,0.437736,0.587736,0.0030035674571990967,0.496469646692276,0.4934660792350769,1.5166454315185547,4.556912899017334,0.3079341650009155,5,3,3,1,3,1,0,0.0,0.22334417700767517,2,stale-soft,0.0,6,233,115,CORRECT,0,0,0,0,0,0,0.0,0.0
margin,live-delta,1,0.0,0.316659,0.581161,0.026614,0.980469,0.437736,0.587736,0.042917400598526,0.501893937587738,0.45897653698921204,1.4986321926116943,4.475563049316406,0.3984917998313904,5,3,3,1,3,1,0,0.0,0.29814231395721436,2,stale-soft,0.0,6,234,108,CORRECT,0,0,0,0,0,0,0.0,0.0
margin,live-delta,1,0.0,0.316659,0.581161,0.026614,0.980469,0.437736,0.587736,0.06836897134780884,0.6614958643913269,0.5931268930435181,1.4554260969161987,4.286309719085693,0.5705710649490356,11,3,3,1,3,1,0,0.0,0.44935303926467896,2,stale-soft,0.0,6,235,115,CORRECT,0,0,0,0,0,0,0.0,0.0
margin,live-delta,1,0.0,0.316659,0.581161,0.026614,0.980469,0.437736,0.587736,0.005754947662353516,0.46608585119247437,0.46033090353012085,0.6914939880371094,1.9966963529586792,0.5287429690361023,2,3,3,1,3,1,0,0.0,0.030435651540756226,1,stale-soft,0.0,6,236,118,CORRECT,0,0,0,0,0,0,0.0,0.0
margin,live-delta,1,0.0,0.316659,0.581161,0.026614,0.980469,0.437736,0.587736,0.015743613243103027,0.6798076629638672,0.6640640497207642,1.5075939893722534,4.515852451324463,0.4338054955005646,11,3,3,1,3,1,0,0.0,0.28242504596710205,2,stale-soft,0.0,6,237,115,CORRECT,0,0,0,0,0,0,0.0,0.0
margin,live-delta,1,0.0,0.316659,0.581161,0.026614,0.980469,0.437736,0.587736,0.021391957998275757,0.48643261194229126,0.4650406539440155,1.0357298851013184,2.817161798477173,0.4853740930557251,3,3,3,1,3,1,0,0.0,0.23048827052116394,2,stale-soft,0.0,6,238,114,CORRECT,0,0,0,0,0,0,0.0,0.0
margin,live-delta,1,0.0,0.316659,0.581161,0.026614,0.980469,0.437736,0.587736,0.04946953058242798,0.5871029496192932,0.5376334190368652,1.5235092639923096,4.588298320770264,0.5046894550323486,8,3,3,1,3,1,0,0.0,0.1761089265346527,2,stale-soft,0.0,6,239,123,CORRECT,0,0,0,0,0,0,0.0,0.0
margin,live-delta,1,0.0,0.316659,0.581161,0.026614,0.980469,0.437736,0.587736,0.01888042688369751,0.6377276182174683,0.6188471913337708,1.4053016901016235,4.076756477355957,0.4075281620025635,8,3,3,1,3,1,0,0.0,0.4424499571323395,2,stale-soft,0.0,6,240,114,CORRECT,0,0,0,0,0,0,0.0,0.0
margin,live-delta,1,0.0,0.316659,0.581161,0.026614,0.980469,0.437736,0.587736,0.05921712517738342,0.49900099635124207,0.43978387117385864,0.5443872809410095,1.7235519886016846,0.765727698802948,2,3,3,1,3,1,0,0.0,0.09773263335227966,2,stale-soft,0.0,6,241,99,CORRECT,0,0,0,0,0,0,0.0,0.0
margin,live-delta,1,0.0,0.316659,0.581161,0.026614,0.980469,0.437736,0.587736,0.02079826593399048,0.5582751631736755,0.5374768972396851,2.0333919525146484,7.639956951141357,0.2935218811035156,10,3,3,1,3,1,0,0.0,0.1538691222667694,2,stale-soft,0.0,6,242,96,CORRECT,0,0,0,0,0,0,0.0,0.0
margin,live-delta,1,0.0,0.316659,0.581161,0.026614,0.980469,0.437736,0.587736,0.0026970505714416504,0.7332625985145569,0.7305655479431152,1.5155887603759766,4.552100658416748,0.3890755772590637,13,3,3,1,3,1,0,0.0,0.5287417769432068,2,stale-soft,0.0,6,243,110,CORRECT,0,0,0,0,0,0,0.0,0.0
margin,live-delta,1,0.0,0.316659,0.581161,0.026614,0.980469,0.437736,0.587736,0.1839277744293213,0.5966714024543762,0.41274362802505493,-0.0,1.0,1.0,1,3,3,1,3,1,0,0.0,0.2741038501262665,2,stale-soft,0.0,6,244,105,CORRECT,0,0,0,0,0,0,0.0,0.0
margin,live-delta,1,0.0,0.316659,0.581161,0.026614,0.980469,0.437736,0.587736,0.04181373119354248,0.6546295881271362,0.6128158569335938,2.031188488006592,7.623140811920166,0.3431811034679413,14,3,3,1,3,1,0,0.0,0.30705955624580383,2,stale-soft,0.0,6,245,123,CORRECT,0,0,0,0,0,0,0.0,0.0
margin,live-delta,1,0.0,0.316659,0.581161,0.026614,0.980469,0.437736,0.587736,0.3651820123195648,0.8150867223739624,0.4499047100543976,0.005585458129644394,1.0056010484695435,0.9993274211883545,2,3,3,1,3,1,0,0.0,0.5126630663871765,2,stale-soft,0.0,6,246,107,CORRECT,0,0,0,0,0,0,0.0,0.0
margin,live-delta,1,0.0,0.316659,0.581161,0.026614,0.980469,0.437736,0.587736,0.052057862281799316,0.6668754816055298,0.6148176193237305,1.2304291725158691,3.4226982593536377,0.6212952733039856,11,3,3,1,3,1,0,0.0,0.43059098720550537,2,stale-soft,0.0,6,247,116,CORRECT,0,0,0,0,0,0,0.0,0.0
margin,live-delta,1,0.0,0.316659,0.581161,0.026614,0.980469,0.437736,0.587736,0.31732428073883057,0.692050576210022,0.3747262954711914,-0.0,1.0,1.0,1,3,3,1,3,1,0,0.0,0.3636794686317444,2,stale-soft,0.0,6,248,105,CORRECT,0,0,0,0,0,0,0.0,0.0
margin,live-delta,1,0.0,0.316659,0.581161,0.026614,0.980469,0.437736,0.587736,0.04121026396751404,0.4416483938694,0.400438129901886,-0.0,1.0,1.0,1,3,3,1,3,1,0,0.0,0.19013172388076782,2,stale-soft,0.0,6,249,115,CORRECT,0,0,0,0,0,0,0.0,0.0
margin,live-delta,1,0.0,0.316659,0.581161,0.026614,0.980469,0.437736,0.587736,0.08134958148002625,0.4839929938316345,0.4026434123516083,-0.0,1.0,1.0,1,3,3,1,3,1,0,0.0,0.12375488877296448,2,stale-soft,0.0,6,250,107,CORRECT,0,0,0,0,0,0,0.0,0.0
margin,live-delta,1,0.0,0.316659,0.581161,0.026614,0.980469,0.437736,0.587736,0.5856990814208984,0.919346809387207,0.3336476981639862,-0.0,1.0,1.0,1,3,3,1,3,1,0,0.0,0.6660169363021851,2,stale-soft,0.0,6,251,105,CORRECT,0,0,0,0,0,0,0.0,0.0
margin,live-delta,1,0.0,0.316659,0.581161,0.026614,0.980469,0.437736,0.587736,0.04148721694946289,0.558095395565033,0.5166081786155701,1.6165721416473389,5.0357985496521,0.4429546594619751,7,3,3,1,3,1,0,0.0,0.1545422077178955,2,stale-soft,0.0,6,253,123,CORRECT,0,0,0,0,0,0,0.0,0.0
margin,live-delta,1,0.0,0.316659,0.581161,0.026614,0.980469,0.437736,0.587736,0.06869560480117798,0.5217567086219788,0.4530611038208008,0.5031468272209167,1.653917670249939,0.7980114221572876,2,3,3,1,3,1,0,0.0,0.24860435724258423,2,stale-soft,0.0,6,254,102,CORRECT,0,0,0,0,0,0,0.0,0.0
margin,live-delta,1,0.0,0.316659,0.581161,0.026614,0.980469,0.437736,0.587736,0.20871633291244507,0.6134811043739319,0.4047647714614868,-0.0,1.0,1.0,1,3,3,1,3,1,0,0.0,0.44915974140167236,2,stale-soft,0.0,6,255,122,CORRECT,0,0,0,0,0,0,0.0,0.0
margin,live-delta,2,0.0,0.316659,0.581161,0.027158,0.980469,0.434525,0.584525,0.010410964488983154,0.6283859014511108,0.6179749369621277,1.6523504257202148,5.21923303604126,0.39353707432746887,12,0,0,1,0,1,0,0.0,0.4211970567703247,2,stale-soft,0.0,6,0,1,CORRECT,0,0,0,0,0,0,0.0,0.0
margin,live-delta,2,0.0,0.316659,0.581161,0.027158,0.980469,0.434525,0.584525,0.027423739433288574,0.5380635857582092,0.5106398463249207,1.4051735401153564,4.076233863830566,0.4109155237674713,5,0,0,1,0,1,0,0.0,0.15982535481452942,2,stale-soft,0.0,6,1,20,CORRECT,0,0,0,0,0,0,0.0,0.0
margin,live-delta,2,0.0,0.316659,0.581161,0.027158,0.980469,0.434525,0.584525,0.050639808177948,0.6435017585754395,0.5928619503974915,2.2411506175994873,9.404145240783691,0.36960169672966003,20,0,0,1,0,1,0,0.02885514870285988,0.12750685214996338,2,stale-soft,0.0,6,2,9,CORRECT,0,0,0,0,0,0,0.0,0.0
margin,live-delta,2,0.0,0.316659,0.581161,0.027158,0.980469,0.434525,0.584525,0.06146073341369629,0.7017878293991089,0.6403270959854126,1.7371046543121338,5.680871486663818,0.5133206248283386,20,0,0,1,0,1,0,0.0,0.3001031279563904,2,stale-soft,0.0,6,3,11,CORRECT,0,0,0,0,0,0,0.0,0.0
margin,live-delta,2,0.0,0.316659,0.581161,0.027158,0.980469,0.434525,0.584525,0.00846010446548462,0.6306256651878357,0.6221655607223511,1.8753211498260498,6.522913455963135,0.2740399241447449,11,0,0,1,0,1,0,0.0,0.28596949577331543,2,stale-soft,0.0,6,4,7,CORRECT,0,0,0,0,0,0,0.0,0.0
margin,live-delta,2,0.0,0.316659,0.581161,0.027158,0.980469,0.434525,0.584525,0.0811147689819336,0.6353706121444702,0.5542558431625366,1.3638014793395996,3.9110326766967773,0.6225441694259644,10,0,0,1,0,1,0,0.0,0.3104957342147827,2,stale-soft,0.0,6,5,13,CORRECT,0,0,0,0,0,0,0.0,0.0
margin,live-delta,2,0.0,0.316659,0.581161,0.027158,0.980469,0.434525,0.584525,0.06274926662445068,0.6143373250961304,0.5515880584716797,2.1200153827667236,8.331265449523926,0.37709879875183105,14,0,0,1,0,1,0,0.0,0.27448686957359314,2,stale-soft,0.0,6,6,27,CORRECT,0,0,0,0,0,0,0.0,0.0
margin,live-delta,2,0.0,0.316659,0.581161,0.027158,0.980469,0.434525,0.584525,0.20145222544670105,0.49529898166656494,0.2938467562198639,-0.0,1.0,1.0,1,0,0,1,0,1,0,0.0,0.2533314526081085,2,stale-soft,0.0,6,7,7,CORRECT,0,0,0,0,0,0,0.0,0.0
margin,live-delta,2,0.0,0.316659,0.581161,0.027158,0.980469,0.434525,0.584525,0.01923549175262451,0.5491013526916504,0.5298658609390259,0.9009630084037781,2.461972951889038,0.546999990940094,3,0,0,1,0,1,0,0.0,0.29908043146133423,2,stale-soft,0.0,6,8,12,CORRECT,0,0,0,0,0,0,0.0,0.0
margin,live-delta,2,0.0,0.316659,0.581161,0.027158,0.980469,0.434525,0.584525,0.08658438920974731,0.6821415424346924,0.5955571532249451,1.345367193222046,3.8395960330963135,0.666522741317749,14,0,0,1,0,1,0,0.0,0.3324471116065979,2,stale-soft,0.0,6,9,12,CORRECT,0,0,0,0,0,0,0.0,0.0
margin,live-delta,2,0.0,0.316659,0.581161,0.027158,0.980469,0.434525,0.584525,0.032585084438323975,0.5376241207122803,0.5050390362739563,1.7248879671096802,5.611892223358154,0.37664708495140076,7,0,0,1,0,1,0,0.0,0.25365039706230164,2,stale-soft,0.0,6,10,26,CORRECT,0,0,0,0,0,0,0.0,0.0
margin,live-delta,2,0.0,0.316659,0.581161,0.027158,0.980469,0.434525,0.584525,0.03140741586685181,0.5394497513771057,0.5080423355102539,1.5943386554718018,4.925070762634277,0.3753001093864441,6,0,0,1,0,1,0,0.05313849076628685,0.09774124622344971,2,stale-soft,0.0,6,11,24,CORRECT,0,0,0,0,0,0,0.0,0.0
margin,live-delta,2,0.0,0.316659,0.581161,0.027158,0.980469,0.434525,0.584525,0.0076819658279418945,0.6589006185531616,0.6512186527252197,1.9956552982330322,7.357022285461426,0.25636789202690125,16,0,0,1,0,1,0,0.0029401860665529966,0.2234070599079132,2,stale-soft,0.0,6,12,20,CORRECT,0,0,0,0,0,0,0.0,0.0
margin,live-delta,2,0.0,0.316659,0.581161,0.027158,0.980469,0.434525,0.584525,0.004485070705413818,0.6025277972221375,0.5980427265167236,1.639266848564148,5.151391506195068,0.3478352725505829,8,0,0,1,0,1,0,0.0,0.2551659345626831,2,stale-soft,0.0,6,13,28,CORRECT,0,0,0,0,0,0,0.0,0.0
margin,live-delta,2,0.0,0.316659,0.581161,0.027158,0.980469,0.434525,0.584525,0.00681459903717041,0.6395174264907837,0.6327028274536133,1.719156265258789,5.5798187255859375,0.3205627501010895,12,0,0,1,0,1,0,0.0,0.24252021312713623,2,stale-soft,0.0,6,14,26,CORRECT,0,0,0,0,0,0,0.0,0.0
margin,live-delta,2,0.0,0.316659,0.581161,0.027158,0.980469,0.434525,0.584525,0.04385042190551758,0.664881706237793,0.6210312843322754,1.8732951879501343,6.509711742401123,0.4243165850639343,15,0,0,1,0,1,0,0.0,0.2546462416648865,2,stale-soft,0.0,6,15,13,CORRECT,0,0,0,0,0,0,0.0,0.0
margin,live-delta,2,0.0,0.316659,0.581161,0.027158,0.980469,0.434525,0.584525,0.004398524761199951,0.5671542882919312,0.5627557635307312,2.4164681434631348,11.206210136413574,0.15439510345458984,14,0,0,1,0,1,0,0.0,0.18216466903686523,2,stale-soft,0.0,6,16,12,CORRECT,0,0,0,0,0,0,0.0,0.0
margin,live-delta,2,0.0,0.316659,0.581161,0.027158,0.980469,0.434525,0.584525,0.020671069622039795,0.6850572228431702,0.6643861532211304,2.0121259689331055,7.479200839996338,0.3316110372543335,20,0,0,1,0,1,0,0.003372406819835305,0.22941678762435913,2,stale-soft,0.0,6,17,30,CORRECT,0,0,0,0,0,0,0.0,0.0
margin,live-delta,2,0.0,0.316659,0.581161,0.027158,0.980469,0.434525,0.584525,0.13047552108764648,0.7553185224533081,0.6248430013656616,1.1679840087890625,3.215503692626953,0.7539670467376709,20,0,0,1,0,1,0,0.002601843560114503,0.283456414937973,2,stale-soft,0.0,6,18,30,CORRECT,0,0,0,0,0,0,0.0,0.0
margin,live-delta,2,0.0,0.316659,0.581161,0.027158,0.980469,0.434525,0.584525,0.214311420917511,0.7999751567840576,0.5856637358665466,0.5485446453094482,1.7307323217391968,0.908501148223877,20,0,0,1,0,1,0,0.004073731601238251,0.29287320375442505,2,stale-soft,0.0,6,19,30,CORRECT,0,0,0,0,0,0,0.0,0.0
margin,live-delta,2,0.0,0.316659,0.581161,0.027158,0.980469,0.434525,0.584525,0.005678772926330566,0.6305544376373291,0.6248756647109985,2.548046588897705,12.782110214233398,0.17128898203372955,20,0,0,1,0,1,0,0.0080642681568861,0.1527954638004303,2,stale-soft,0.0,6,20,0,CORRECT,0,0,0,0,0,0,0.0,0.0
margin,live-delta,2,0.0,0.316659,0.581161,0.027158,0.980469,0.434525,0.584525,0.01732957363128662,0.7488837242126465,0.7315541505813599,1.1112756729125977,3.038231611251831,0.5228093862533569,12,0,0,1,0,1,0,0.001210898975841701,0.3033927083015442,2,stale-soft,0.0,6,21,25,CORRECT,0,0,0,0,0,0,0.0,0.0
margin,live-delta,2,0.0,0.316659,0.581161,0.027158,0.980469,0.434525,0.584525,0.015865683555603027,0.6977767944335938,0.6819111108779907,1.810847282409668,6.115626811981201,0.4170607924461365,20,0,0,1,0,1,0,0.0,0.3739209473133087,2,stale-soft,0.0,6,22,1,CORRECT,0,0,0,0,0,0,0.0,0.0
margin,live-delta,2,0.0,0.316659,0.581161,0.027158,0.980469,0.434525,0.584525,0.05592668056488037,0.6982558965682983,0.642329216003418,2.023435592651367,7.564268112182617,0.4559248089790344,20,0,0,1,0,1,0,0.0,0.3412684202194214,2,stale-soft,0.0,6,23,1,CORRECT,0,0,0,0,0,0,0.0,0.0
margin,live-delta,2,0.0,0.316659,0.581161,0.027158,0.980469,0.434525,0.584525,0.078667551279068,0.550545334815979,0.471877783536911,0.6921436190605164,1.99799382686615,0.765525221824646,3,0,1,0,1,0,1,0.9242562651634216,-0.11566036939620972,0,stale-soft,0.0,6,24,33,BLENDED,0,0,0,0,0,0,0.0,0.0
margin,live-delta,2,0.0,0.316659,0.581161,0.027158,0.980469,0.434525,0.584525,0.01704925298690796,0.6313489079475403,0.6142996549606323,2.4893836975097656,12.053845405578613,0.25167083740234375,20,0,0,1,0,1,0,0.0,0.19294020533561707,2,stale-soft,0.0,6,25,30,CORRECT,0,0,0,0,0,0,0.0,0.0
margin,live-delta,2,0.0,0.316659,0.581161,0.027158,0.980469,0.434525,0.584525,0.02894890308380127,0.5523542165756226,0.5234053134918213,1.8469512462615967,6.34045934677124,0.3721979856491089,9,0,0,1,0,1,0,0.0,0.17663002014160156,2,stale-soft,0.0,6,26,27,CORRECT,0,0,0,0,0,0,0.0,0.0
margin,live-delta,2,0.0,0.316659,0.581161,0.027158,0.980469,0.434525,0.584525,0.04773306846618652,0.6731027364730835,0.625369668006897,1.5769482851028442,4.84016227722168,0.49535661935806274,13,0,0,1,0,1,0,0.032721105962991714,0.15596485137939453,2,stale-soft,0.0,6,27,16,CORRECT,0,0,0,0,0,0,0.0,0.0
margin,live-delta,2,0.0,0.316659,0.581161,0.027158,0.980469,0.434525,0.584525,0.03371754288673401,0.4923955500125885,0.4586780071258545,1.0246752500534058,2.7861905097961426,0.5177279114723206,3,0,1,0,1,0,1,0.5177279114723206,-0.03371754288673401,0,stale-soft,0.0,6,28,33,BLENDED,0,0,0,0,0,0,0.0,0.0
margin,live-delta,2,0.0,0.316659,0.581161,0.027158,0.980469,0.434525,0.584525,0.00040036439895629883,0.5298848748207092,0.5294845104217529,1.8598337173461914,6.42266845703125,0.2679709494113922,8,0,0,1,0,1,0,0.0,0.09563377499580383,2,stale-soft,0.0,6,29,13,CORRECT,0,0,0,0,0,0,0.0,0.0
margin,live-delta,2,0.0,0.316659,0.581161,0.027158,0.980469,0.434525,0.584525,0.04991334676742554,0.6916114091873169,0.6416980624198914,1.98904287815094,7.308535099029541,0.4419843256473541,20,0,0,1,0,1,0,0.0,0.3292091190814972,2,stale-soft,0.0,6,30,11,CORRECT,0,0,0,0,0,0,0.0,0.0
margin,live-delta,2,0.0,0.316659,0.581161,0.027158,0.980469,0.434525,0.584525,0.015379726886749268,0.5836501121520996,0.5682703852653503,2.557187080383301,12.899480819702148,0.2153107225894928,20,0,0,1,0,1,0,0.0,0.23106327652931213,2,stale-soft,0.0,6,31,11,CORRECT,0,0,0,0,0,0,0.0,0.0
margin,live-delta,2,0.0,0.316659,0.581161,0.027158,0.980469,0.434525,0.584525,0.00023114681243896484,0.4375622570514679,0.43733111023902893,0.6931445598602295,1.9999947547912598,0.5011556148529053,2,0,0,1,0,1,0,0.0,0.031522005796432495,1,stale-soft,0.0,6,32,7,CORRECT,0,0,0,0,0,0,0.0,0.0
margin,live-delta,2,0.0,0.316659,0.581161,0.027158,0.980469,0.434525,0.584525,0.0088273286819458,0.6656931638717651,0.6568658351898193,2.109105348587036,8.240865707397461,0.32416459918022156,18,0,0,1,0,1,0,0.0,0.29473069310188293,2,stale-soft,0.0,6,33,20,CORRECT,0,0,0,0,0,0,0.0,0.0
margin,live-delta,2,0.0,0.316659,0.581161,0.027158,0.980469,0.434525,0.584525,0.03324735164642334,0.672676146030426,0.6394287943840027,1.7259678840637207,5.617956161499023,0.4474372863769531,16,0,0,1,0,1,0,0.0,0.43574386835098267,2,stale-soft,0.0,6,34,1,CORRECT,0,0,0,0,0,0,0.0,0.0
margin,live-delta,2,0.0,0.316659,0.581161,0.027158,0.980469,0.434525,0.584525,0.06339681148529053,0.6739566326141357,0.6105598211288452,1.235184669494629,3.4390134811401367,0.6337671279907227,10,0,0,1,0,1,0,0.005677460692822933,0.23575887084007263,2,stale-soft,0.0,6,35,28,CORRECT,0,0,0,0,0,0,0.0,0.0
margin,live-delta,2,0.0,0.316659,0.581161,0.027158,0.980469,0.434525,0.584525,0.061883509159088135,0.6948245167732239,0.6329410076141357,1.7324306964874268,5.654381275177002,0.5116975903511047,16,0,0,1,0,1,0,0.0,0.39494168758392334,2,stale-soft,0.0,6,36,12,CORRECT,0,0,0,0,0,0,0.0,0.0
margin,live-delta,2,0.0,0.316659,0.581161,0.027158,0.980469,0.434525,0.584525,0.01653200387954712,0.5996271371841431,0.583095133304596,1.8248261213302612,6.201716423034668,0.3350479006767273,9,0,0,1,0,1,0,0.0,0.3770725429058075,2,stale-soft,0.0,6,37,26,CORRECT,0,0,0,0,0,0,0.0,0.0
margin,live-delta,2,0.0,0.316659,0.581161,0.027158,0.980469,0.434525,0.584525,0.01701536774635315,0.5104827880859375,0.49346742033958435,2.4829773902893066,11.976871490478516,0.151666060090065,13,0,0,1,0,1,0,0.0,0.12907779216766357,2,stale-soft,0.0,6,38,28,CORRECT,0,0,0,0,0,0,0.0,0.0
margin,live-delta,2,0.0,0.316659,0.581161,0.027158,0.980469,0.434525,0.584525,0.0733039379119873,0.7156831622123718,0.6423792243003845,1.932328701019287,6.905572414398193,0.5024093985557556,20,0,0,1,0,1,0,0.0,0.31950700283050537,2,stale-soft,0.0,6,39,11,CORRECT,0,0,0,0,0,0,0.0,0.0
margin,live-delta,2,0.0,0.316659,0.581161,0.027158,0.980469,0.434525,0.584525,0.012021005153656006,0.5193359851837158,0.5073149800300598,1.4654994010925293,4.329705238342285,0.3678397834300995,5,0,0,1,0,1,0,0.0,0.3110678195953369,2,stale-soft,0.0,6,40,18,CORRECT,0,0,0,0,0,0,0.0,0.0
margin,live-delta,2,0.0,0.316659,0.581161,0.027158,0.980469,0.434525,0.584525,0.004130363464355469,0.5956895351409912,0.5915591716766357,2.11102557182312,8.256704330444336,0.2702663838863373,14,0,0,1,0,1,0,0.0,0.1764351725578308,2,stale-soft,0.0,6,41,9,CORRECT,0,0,0,0,0,0,0.0,0.0
margin,live-delta,2,0.0,0.316659,0.581161,0.027158,0.980469,0.434525,0.584525,0.12807446718215942,0.5080372095108032,0.3799627423286438,-0.0,1.0,1.0,1,0,0,1,0,1,0,0.0,0.18090730905532837,2,stale-soft,0.0,6,42,15,CORRECT,0,0,0,0,0,0,0.0,0.0
margin,live-delta,2,0.0,0.316659,0.581161,0.027158,0.980469,0.434525,0.584525,0.029343336820602417,0.5180602669715881,0.4887169301509857,0.65188068151474,1.9191467761993408,0.6426458358764648,2,0,0,1,0,1,1,0.35735416412353516,0.029343336820602417,1,stale-soft,0.0,6,44,6,CORRECT,0,0,0,0,0,0,0.0,0.0
margin,live-delta,2,0.0,0.316659,0.581161,0.027158,0.980469,0.434525,0.584525,0.14111894369125366,0.7220957279205322,0.5809767842292786,0.8160926699638367,2.261645555496216,0.8237758874893188,13,0,0,1,0,1,0,0.00330968014895916,0.2758523225784302,2,stale-soft,0.0,6,45,30,CORRECT,0,0,0,0,0,0,0.0,0.0
margin,live-delta,2,0.0,0.316659,0.581161,0.027158,0.980469,0.434525,0.584525,0.009380042552947998,0.5576402544975281,0.5482602119445801,2.567770004272461,13.036720275878906,0.14526426792144775,17,0,0,1,0,1,0,0.014949195086956024,0.11369481682777405,2,stale-soft,0.0,6,46,0,CORRECT,0,0,0,0,0,0,0.0,0.0
margin,live-delta,2,0.0,0.316659,0.581161,0.027158,0.980469,0.434525,0.584525,0.039743661880493164,0.7065777778625488,0.6668341159820557,1.896702527999878,6.663884162902832,0.4397803246974945,20,0,0,1,0,1,0,0.0,0.3557187616825104,2,stale-soft,0.0,6,47,11,CORRECT,0,0,0,0,0,0,0.0,0.0
margin,live-delta,2,0.0,0.316659,0.581161,0.027158,0.980469,0.434525,0.584525,0.00565028190612793,0.4656926989555359,0.46004241704940796,0.6915533542633057,1.9968148469924927,0.5282214283943176,2,0,0,1,0,1,0,0.0,0.11049196124076843,2,stale-soft,0.0,6,48,16,CORRECT,0,0,0,0,0,0,0.0,0.0
margin,live-delta,2,0.0,0.316659,0.581161,0.027158,0.980469,0.434525,0.584525,0.004724025726318359,0.6174630522727966,0.6127390265464783,2.6217949390411377,13.760400772094727,0.1533571481704712,20,0,0,1,0,1,0,0.0,0.2107999622821808,2,stale-soft,0.0,6,49,18,CORRECT,0,0,0,0,0,0,0.0,0.0
margin,live-delta,2,0.0,0.316659,0.581161,0.027158,0.980469,0.434525,0.584525,0.021081984043121338,0.631973922252655,0.6108919382095337,2.38700532913208,10.880860328674316,0.24051174521446228,20,0,0,1,0,1,0,0.0,0.2994708716869354,2,stale-soft,0.0,6,50,11,CORRECT,0,0,0,0,0,0,0.0,0.0
margin,live-delta,2,0.0,0.316659,0.581161,0.027158,0.980469,0.434525,0.584525,0.04159349203109741,0.6099201440811157,0.5683266520500183,2.021919012069702,7.552804946899414,0.36446043848991394,13,0,0,1,0,1,0,0.049303989857435226,0.1000206470489502,2,stale-soft,0.0,6,51,30,CORRECT,0,0,0,0,0,0,0.0,0.0
margin,live-delta,2,0.0,0.316659,0.581161,0.027158,0.980469,0.434525,0.584525,0.04602915048599243,0.6817589998245239,0.6357298493385315,1.995059609413147,7.3526411056518555,0.450581818819046,20,0,0,1,0,1,0,0.0,0.2529265582561493,2,stale-soft,0.0,6,52,30,CORRECT,0,0,0,0,0,0,0.0,0.0
margin,live-delta,2,0.0,0.316659,0.581161,0.027158,0.980469,0.434525,0.584525,0.02947831153869629,0.6125665903091431,0.5830882787704468,2.140479326248169,8.503512382507324,0.29867419600486755,13,0,0,1,0,1,0,0.0,0.2717077136039734,2,stale-soft,0.0,6,53,7,CORRECT,0,0,0,0,0,0,0.0,0.0
margin,live-delta,2,0.0,0.316659,0.581161,0.027158,0.980469,0.434525,0.584525,0.039527952671051025,0.6817615628242493,0.6422336101531982,1.431990146636963,4.187023639678955,0.5213594436645508,11,0,0,1,0,1,0,0.006870566867291927,0.21645966172218323,2,stale-soft,0.0,6,54,16,CORRECT,0,0,0,0,0,0,0.0,0.0
margin,live-delta,2,0.0,0.316659,0.581161,0.027158,0.980469,0.434525,0.584525,0.1259809136390686,0.7112128138542175,0.5852319002151489,1.3836485147476196,3.9894306659698486,0.7028036117553711,20,0,0,1,0,1,0,0.005887160077691078,0.2391151487827301,2,stale-soft,0.0,6,55,30,CORRECT,0,0,0,0,0,0,0.0,0.0
margin,live-delta,2,0.0,0.316659,0.581161,0.027158,0.980469,0.434525,0.584525,0.04841500520706177,0.5435279607772827,0.49511295557022095,1.625753402709961,5.082246780395508,0.4350970387458801,7,0,0,1,0,1,0,0.0,0.2726425230503082,2,stale-soft,0.0,6,56,1,CORRECT,0,0,0,0,0,0,0.0,0.0
margin,live-delta,2,0.0,0.316659,0.581161,0.027158,0.980469,0.434525,0.584525,0.011501491069793701,0.5289517045021057,0.517450213432312,2.3539035320281982,10.526580810546875,0.17063967883586884,12,0,0,1,0,1,0,0.0,0.12112635374069214,2,stale-soft,0.0,6,57,28,CORRECT,0,0,0,0,0,0,0.0,0.0
margin,live-delta,2,0.0,0.316659,0.581161,0.027158,0.980469,0.434525,0.584525,0.027495503425598145,0.521161675453186,0.4936661720275879,1.849459171295166,6.356380939483643,0.27965304255485535,7,0,0,1,0,1,0,0.0,0.11345532536506653,2,stale-soft,0.0,6,58,28,CORRECT,0,0,0,0,0,0,0.0,0.0
margin,live-delta,2,0.0,0.316659,0.581161,0.027158,0.980469,0.434525,0.584525,0.0455852746963501,0.7100707292556763,0.6644854545593262,1.6763778924942017,5.346156597137451,0.4960916340351105,20,0,0,1,0,1,0,0.0,0.41332536935806274,2,stale-soft,0.0,6,59,11,CORRECT,0,0,0,0,0,0,0.0,0.0
margin,live-delta,2,0.0,0.316659,0.581161,0.027158,0.980469,0.434525,0.584525,0.0009667277336120605,0.7287241816520691,0.727757453918457,1.377142310142517,3.9635589122772217,0.3558221161365509,12,0,0,1,0,1,0,0.0,0.41136324405670166,2,stale-soft,0.0,6,61,25,CORRECT,0,0,0,0,0,0,0.0,0.0
margin,live-delta,2,0.0,0.316659,0.581161,0.027158,0.980469,0.434525,0.584525,0.03774535655975342,0.5500203371047974,0.512274980545044,1.4970993995666504,4.468708515167236,0.45236819982528687,6,0,0,1,0,1,0,0.0,0.1310868263244629,2,stale-soft,0.0,6,62,16,CORRECT,0,0,0,0,0,0,0.0,0.0
margin,live-delta,2,0.0,0.316659,0.581161,0.027158,0.980469,0.434525,0.584525,0.0918266773223877,0.7022755146026611,0.6104488372802734,1.6186840534210205,5.046444892883301,0.6052987575531006,20,0,0,1,0,1,0,0.0,0.3652082681655884,2,stale-soft,0.0,6,63,22,CORRECT,0,0,0,0,0,0,0.0,0.0
margin,live-delta,2,0.0,0.316659,0.581161,0.027158,0.980469,0.434525,0.584525,0.0138663649559021,0.6372043490409851,0.623337984085083,2.0766046047210693,7.977336883544922,0.273668497800827,16,1,1,1,1,1,0,0.006435961928218603,0.18750077486038208,2,stale-soft,0.0,6,64,60,CORRECT,0,0,0,0,0,0,0.0,0.0
margin,live-delta,2,0.0,0.316659,0.581161,0.027158,0.980469,0.434525,0.584525,0.07325202226638794,0.7194734811782837,0.6462214589118958,1.3736106157302856,3.949585437774658,0.5937191247940063,12,1,1,1,1,1,0,0.0,0.4203501343727112,2,stale-soft,0.0,6,65,49,CORRECT,0,0,0,0,0,0,0.0,0.0
margin,live-delta,2,0.0,0.316659,0.581161,0.027158,0.980469,0.434525,0.584525,0.27114012837409973,0.7173919677734375,0.44625183939933777,0.028240174055099487,1.0286426544189453,0.9956046342849731,2,1,1,1,1,1,0,0.0,0.4258134365081787,2,stale-soft,0.0,6,66,54,CORRECT,0,0,0,0,0,0,0.0,0.0
margin,live-delta,2,0.0,0.316659,0.581161,0.027158,0.980469,0.434525,0.584525,0.04251831769943237,0.6012977957725525,0.5587794780731201,2.163828134536743,8.704395294189453,0.2915738523006439,13,1,1,1,1,1,0,0.0,0.203637957572937,2,stale-soft,0.0,6,67,42,CORRECT,0,0,0,0,0,0,0.0,0.0
margin,live-delta,2,0.0,0.316659,0.581161,0.027158,0.980469,0.434525,0.584525,0.17981690168380737,0.6864583492279053,0.5066414475440979,0.25104135274887085,1.2853631973266602,0.9491340517997742,4,1,1,1,1,1,0,0.0,0.43639615178108215,2,stale-soft,0.0,6,68,57,CORRECT,0,0,0,0,0,0,0.0,0.0
margin,live-delta,2,0.0,0.316659,0.581161,0.027158,0.980469,0.434525,0.584525,0.026864051818847656,0.5847336053848267,0.557869553565979,1.907923936843872,6.739083290100098,0.3624371588230133,10,1,1,1,1,1,0,0.0,0.1512666940689087,2,stale-soft,0.0,6,69,52,CORRECT,0,0,0,0,0,0,0.0,0.0
margin,live-delta,2,0.0,0.316659,0.581161,0.027158,0.980469,0.434525,0.584525,0.08957570791244507,0.6409652233123779,0.5513895153999329,0.7889871001243591,2.2011656761169434,0.7807247638702393,6,1,1,1,1,1,0,0.0,0.3181228041648865,2,stale-soft,0.0,6,70,57,CORRECT,0,0,0,0,0,0,0.0,0.0
margin,live-delta,2,0.0,0.316659,0.581161,0.027158,0.980469,0.434525,0.584525,0.04689741134643555,0.5237218141555786,0.47682440280914307,1.1688705682754517,3.218355655670166,0.5454095005989075,4,1,1,1,1,1,1,0.10700920224189758,0.08143112063407898,2,stale-soft,0.0,6,71,49,CORRECT,0,0,0,0,0,0,0.0,0.0
margin,live-delta,2,0.0,0.316659,0.581161,0.027158,0.980469,0.434525,0.584525,0.028354287147521973,0.7925995588302612,0.7642452716827393,0.9122671484947205,2.4899611473083496,0.5992596745491028,8,1,1,1,1,1,0,0.0,0.46540719270706177,2,stale-soft,0.0,6,72,40,CORRECT,0,0,0,0,0,0,0.0,0.0
margin,live-delta,2,0.0,0.316659,0.581161,0.027158,0.980469,0.434525,0.584525,0.03947728872299194,0.4474477767944336,0.40797048807144165,-0.0,1.0,1.0,1,1,1,1,1,1,0,0.0,0.04582047462463379,1,stale-soft,0.0,6,73,35,CORRECT,0,0,0,0,0,0,0.0,0.0
margin,live-delta,2,0.0,0.316659,0.581161,0.027158,0.980469,0.434525,0.584525,0.019095420837402344,0.6300061345100403,0.6109107136726379,1.0580501556396484,2.8807485103607178,0.5139190554618835,5,1,1,1,1,1,0,0.0,0.29718226194381714,2,stale-soft,0.0,6,74,32,CORRECT,0,0,0,0,0,0,0.0,0.0
margin,live-delta,2,0.0,0.316659,0.581161,0.027158,0.980469,0.434525,0.584525,0.02758324146270752,0.6517994403839111,0.6242161989212036,1.8663322925567627,6.464542865753174,0.3685320019721985,15,1,1,1,1,1,0,0.01588442549109459,0.17890149354934692,2,stale-soft,0.0,6,75,48,CORRECT,0,0,0,0,0,0,0.0,0.0
margin,live-delta,2,0.0,0.316659,0.581161,0.027158,0.980469,0.434525,0.584525,0.006723225116729736,0.587090253829956,0.5803670287132263,1.9533190727233887,7.0520548820495605,0.29603564739227295,11,1,1,1,1,1,0,0.0,0.15502119064331055,2,stale-soft,0.0,6,76,35,CORRECT,0,0,0,0,0,0,0.0,0.0
margin,live-delta,2,0.0,0.316659,0.581161,0.027158,0.980469,0.434525,0.584525,0.01150047779083252,0.4391584098339081,0.42765793204307556,-0.0,1.0,1.0,1,1,1,1,1,1,0,0.0,0.11116591095924377,2,stale-soft,0.0,6,77,58,CORRECT,0,0,0,0,0,0,0.0,0.0
margin,live-delta,2,0.0,0.316659,0.581161,0.027158,0.980469,0.434525,0.584525,0.046075284481048584,0.485497385263443,0.4394221007823944,0.5972926616668701,1.8171924352645874,0.7153488397598267,2,1,1,1,1,1,0,0.0,0.11503127217292786,2,stale-soft,0.0,6,78,37,CORRECT,0,0,0,0,0,0,0.0,0.0
margin,live-delta,2,0.0,0.316659,0.581161,0.027158,0.980469,0.434525,0.584525,0.011427760124206543,0.43584972620010376,0.4244219660758972,-0.0,1.0,1.0,1,1,1,1,1,1,0,0.0,0.09523272514343262,2,stale-soft,0.0,6,79,55,CORRECT,0,0,0,0,0,0,0.0,0.0
margin,live-delta,2,0.0,0.316659,0.581161,0.027158,0.980469,0.434525,0.584525,0.047071754932403564,0.580012857913971,0.5329411029815674,1.3667778968811035,3.9226911067962646,0.5523421764373779,7,1,0,0,0,0,1,0.941399097442627,-0.1121707558631897,0,stale-soft,0.0,6,80,24,BLENDED,0,0,0,0,0,0,0.0,0.0
margin,live-delta,2,0.0,0.316659,0.581161,0.027158,0.980469,0.434525,0.584525,0.06020021438598633,0.6887730360031128,0.6285728216171265,1.2882663011550903,3.6264939308166504,0.556942343711853,7,1,1,1,1,1,0,0.0,0.5219050645828247,2,stale-soft,0.0,6,81,50,CORRECT,0,0,0,0,0,0,0.0,0.0
margin,live-delta,2,0.0,0.316659,0.581161,0.027158,0.980469,0.434525,0.584525,0.06465297937393188,0.675824761390686,0.6111717820167542,1.559347152709961,4.755715370178223,0.5730307102203369,15,1,1,1,1,1,0,0.0,0.3446776866912842,2,stale-soft,0.0,6,82,61,CORRECT,0,0,0,0,0,0,0.0,0.0
margin,live-delta,2,0.0,0.316659,0.581161,0.027158,0.980469,0.434525,0.584525,0.062261730432510376,0.522896409034729,0.46063467860221863,0.5313348770141602,1.7012016773223877,0.7764738202095032,2,1,1,1,1,1,0,0.0,0.20996356010437012,2,stale-soft,0.0,6,83,42,CORRECT,0,0,0,0,0,0,0.0,0.0
margin,live-delta,2,0.0,0.316659,0.581161,0.027158,0.980469,0.434525,0.584525,0.007027864456176758,0.595234215259552,0.5882063508033752,1.52702796459198,4.604471683502197,0.3388727009296417,8,1,1,1,1,1,0,0.0,0.3471389412879944,2,stale-soft,0.0,6,84,52,CORRECT,0,0,0,0,0,0,0.0,0.0
margin,live-delta,2,0.0,0.316659,0.581161,0.027158,0.980469,0.434525,0.584525,0.002056121826171875,0.5324323177337646,0.5303761959075928,1.8762980699539185,6.529289245605469,0.2596917748451233,8,1,1,1,1,1,1,0.1339084506034851,0.06689471006393433,2,stale-soft,0.0,6,85,41,CORRECT,0,0,0,0,0,0,0.0,0.0
margin,live-delta,2,0.0,0.316659,0.581161,0.027158,0.980469,0.434525,0.584525,0.014487236738204956,0.49048975110054016,0.4760025143623352,1.3602098226547241,3.8970108032226562,0.3414223790168762,4,1,0,0,0,0,1,0.5969616174697876,-0.02302202582359314,0,stale-soft,0.0,6,86,25,BLENDED,0,0,0,0,0,0,0.0,0.0
margin,live-delta,2,0.0,0.316659,0.581161,0.027158,0.980469,0.434525,0.584525,0.30191630125045776,0.8589409589767456,0.5570246577262878,0.06216157227754593,1.0641342401504517,0.9920988082885742,11,1,1,1,1,1,0,0.0014002482639625669,0.3508061170578003,2,stale-soft,0.0,6,87,43,CORRECT,0,0,0,0,0,0,0.0,0.0
margin,live-delta,2,0.0,0.316659,0.581161,0.027158,0.980469,0.434525,0.584525,0.023692190647125244,0.6738309860229492,0.650138795375824,1.1719838380813599,3.22839093208313,0.5001707673072815,7,1,1,1,1,1,0,0.0,0.38304105401039124,2,stale-soft,0.0,6,88,61,CORRECT,0,0,0,0,0,0,0.0,0.0
margin,live-delta,2,0.0,0.316659,0.581161,0.027158,0.980469,0.434525,0.584525,0.01702946424484253,0.6745926737785339,0.6575632095336914,1.6434307098388672,5.172885894775391,0.3633873760700226,9,1,1,1,1,1,0,0.0,0.4250260889530182,2,stale-soft,0.0,6,89,39,CORRECT,0,0,0,0,0,0,0.0,0.0
margin,live-delta,2,0.0,0.316659,0.581161,0.027158,0.980469,0.434525,0.584525,0.005663275718688965,0.6045351028442383,0.5988718271255493,1.9217181205749512,6.832687854766846,0.26465296745300293,13,1,1,1,1,1,0,0.0,0.3412850499153137,2,stale-soft,0.0,6,90,39,CORRECT,0,0,0,0,0,0,0.0,0.0
margin,live-delta,2,0.0,0.316659,0.581161,0.027158,0.980469,0.434525,0.584525,0.006245851516723633,0.5371400713920593,0.5308942198753357,2.0461513996124268,7.738062858581543,0.19345739483833313,9,1,1,1,1,1,1,0.13947828114032745,0.016357421875,0,stale-soft,0.0,6,91,45,CORRECT,0,0,0,0,0,0,0.0,0.0
margin,live-delta,2,0.0,0.316659,0.581161,0.027158,0.980469,0.434525,0.584525,0.08484706282615662,0.46731051802635193,0.3824634552001953,-0.0,1.0,1.0,1,1,1,1,1,1,0,0.0,0.20996516942977905,2,stale-soft,0.0,6,92,40,CORRECT,0,0,0,0,0,0,0.0,0.0
margin,live-delta,2,0.0,0.316659,0.581161,0.027158,0.980469,0.434525,0.584525,0.03696244955062866,0.5619375705718994,0.5249751210212708,1.7142542600631714,5.552533149719238,0.4204321503639221,8,1,1,1,1,1,0,0.0,0.26756343245506287,2,stale-soft,0.0,6,93,57,CORRECT,0,0,0,0,0,0,0.0,0.0
margin,live-delta,2,0.0,0.316659,0.581161,0.027158,0.980469,0.434525,0.584525,0.001346588134765625,0.6266343593597412,0.6252877712249756,1.8937263488769531,6.644080638885498,0.273932546377182,12,1,1,1,1,1,0,0.0,0.3373410105705261,2,stale-soft,0.0,6,94,61,CORRECT,0,0,0,0,0,0,0.0,0.0
margin,live-delta,2,0.0,0.316659,0.581161,0.027158,0.980469,0.434525,0.584525,0.08536481857299805,0.604717493057251,0.5193526744842529,0.8032584190368652,2.232804536819458,0.7508164644241333,4,1,1,1,1,1,0,0.0,0.21116384863853455,2,stale-soft,0.0,6,95,41,CORRECT,0,0,0,0,0,0,0.0,0.0
margin,live-delta,2,0.0,0.316659,0.581161,0.027158,0.980469,0.434525,0.584525,0.005658745765686035,0.6051054000854492,0.5994466543197632,2.0194857120513916,7.534449100494385,0.25122934579849243,11,1,1,1,1,1,0,0.0,0.39281249046325684,2,stale-soft,0.0,6,96,54,CORRECT,0,0,0,0,0,0,0.0,0.0
margin,live-delta,2,0.0,0.316659,0.581161,0.027158,0.980469,0.434525,0.584525,0.06105303764343262,0.7184756994247437,0.657422661781311,1.0150387287139893,2.759470224380493,0.6803184151649475,8,1,1,1,1,1,0,0.0,0.4032242000102997,2,stale-soft,0.0,6,97,40,CORRECT,0,0,0,0,0,0,0.0,0.0
margin,live-delta,2,0.0,0.316659,0.581161,0.027158,0.980469,0.434525,0.584525,0.013661503791809082,0.582595705986023,0.5689342021942139,1.1959669589996338,3.306753635406494,0.43847981095314026,4,1,1,1,1,1,0,0.0,0.2990831136703491,2,stale-soft,0.0,6,98,56,CORRECT,0,0,0,0,0,0,0.0,0.0
margin,live-delta,2,0.0,0.316659,0.581161,0.027158,0.980469,0.434525,0.584525,0.28284555673599243,0.7437993288040161,0.4609537720680237,0.043186262249946594,1.0441323518753052,0.993588924407959,3,1,1,1,1,1,0,0.0,0.5071672201156616,2,stale-soft,0.0,6,99,41,CORRECT,0,0,0,0,0,0,0.0,0.0
margin,live-delta,2,0.0,0.316659,0.581161,0.027158,0.980469,0.434525,0.584525,0.008107304573059082,0.5988267660140991,0.59071946144104,0.7947788834571838,2.213951349258423,0.5259713530540466,3,1,1,1,1,1,0,0.0,0.31339359283447266,2,stale-soft,0.0,6,100,61,CORRECT,0,0,0,0,0,0,0.0,0.0
margin,live-delta,2,0.0,0.316659,0.581161,0.027158,0.980469,0.434525,0.584525,0.018241524696350098,0.48883119225502014,0.47058966755867004,1.0598750114440918,2.88601016998291,0.45503970980644226,3,1,3,0,3,0,1,1.0,-0.08488729596138,0,stale-soft,0.0,6,101,123,BLENDED,0,0,0,0,0,0,0.0,0.0
margin,live-delta,2,0.0,0.316659,0.581161,0.027158,0.980469,0.434525,0.584525,0.06546664237976074,0.6314265727996826,0.5659599304199219,1.6024831533432007,4.965346813201904,0.49226251244544983,8,1,1,1,1,1,0,0.0,0.36988168954849243,2,stale-soft,0.0,6,102,62,CORRECT,0,0,0,0,0,0,0.0,0.0
margin,live-delta,2,0.0,0.316659,0.581161,0.027158,0.980469,0.434525,0.584525,0.018510043621063232,0.6128389239311218,0.5943288803100586,1.2699309587478638,3.5606067180633545,0.501042902469635,8,1,1,1,1,1,0,0.0,0.2733041048049927,2,stale-soft,0.0,6,103,54,CORRECT,0,0,0,0,0,0,0.0,0.0
margin,live-delta,2,0.0,0.316659,0.581161,0.027158,0.980469,0.434525,0.584525,0.0038860440254211426,0.6102866530418396,0.6064006090164185,1.8849693536758423,6.58615255355835,0.320635050535202,12,1,1,1,1,1,0,0.0,0.3647603988647461,2,stale-soft,0.0,6,104,49,CORRECT,0,0,0,0,0,0,0.0,0.0
margin,live-delta,2,0.0,0.316659,0.581161,0.027158,0.980469,0.434525,0.584525,0.07134711742401123,0.705420970916748,0.6340738534927368,1.272269606590271,3.568943500518799,0.6077620983123779,9,1,1,1,1,1,0,0.0,0.4852299094200134,2,stale-soft,0.0,6,105,40,CORRECT,0,0,0,0,0,0,0.0,0.0
margin,live-delta,2,0.0,0.316659,0.581161,0.027158,0.980469,0.434525,0.584525,0.07959204912185669,0.7538836598396301,0.6742916107177734,0.9749141335487366,2.650939464569092,0.7221004962921143,11,1,1,1,1,1,0,0.0,0.4799800217151642,2,stale-soft,0.0,6,106,39,CORRECT,0,0,0,0,0,0,0.0,0.0
margin,live-delta,2,0.0,0.316659,0.581161,0.027158,0.980469,0.434525,0.584525,0.011961400508880615,0.617219865322113,0.6052584648132324,1.6458401679992676,5.185364723205566,0.4047010540962219,12,1,1,1,1,1,1,0.2102506011724472,0.07979494333267212,2,stale-soft,0.0,6,107,60,CORRECT,0,0,0,0,0,0,0.0,0.0
margin,live-delta,2,0.0,0.316659,0.581161,0.027158,0.980469,0.434525,0.584525,0.04879361391067505,0.6414546966552734,0.5926610827445984,1.8012748956680298,6.0573649406433105,0.4697282016277313,13,1,1,1,1,1,0,0.0,0.362080454826355,2,stale-soft,0.0,6,108,49,CORRECT,0,0,0,0,0,0,0.0,0.0
margin,live-delta,2,0.0,0.316659,0.581161,0.027158,0.980469,0.434525,0.584525,0.005373120307922363,0.6084858179092407,0.6031126976013184,1.3665761947631836,3.9218997955322266,0.4060872793197632,6,1,1,1,1,1,0,0.0,0.3015759587287903,2,stale-soft,0.0,6,109,62,CORRECT,0,0,0,0,0,0,0.0,0.0
margin,live-delta,2,0.0,0.316659,0.581161,0.027158,0.980469,0.434525,0.584525,0.029764771461486816,0.6916086673736572,0.6618438959121704,1.3965046405792236,4.041050434112549,0.49262890219688416,7,1,1,1,1,1,0,0.0,0.47904616594314575,2,stale-soft,0.0,6,111,32,CORRECT,0,0,0,0,0,0,0.0,0.0
margin,live-delta,2,0.0,0.316659,0.581161,0.027158,0.980469,0.434525,0.584525,0.0655626654624939,0.6678102612495422,0.6022475957870483,1.351669192314148,3.8638696670532227,0.5632051229476929,8,1,1,1,1,1,0,0.0,0.4308151602745056,2,stale-soft,0.0,6,112,46,CORRECT,0,0,0,0,0,0,0.0,0.0
margin,live-delta,2,0.0,0.316659,0.581161,0.027158,0.980469,0.434525,0.584525,0.024531066417694092,0.5232676267623901,0.49873656034469604,0.6639403104782104,1.942431092262268,0.6202526092529297,2,1,1,1,1,1,0,0.0,0.2562590539455414,2,stale-soft,0.0,6,113,34,CORRECT,0,0,0,0,0,0,0.0,0.0
margin,live-delta,2,0.0,0.316659,0.581161,0.027158,0.980469,0.434525,0.584525,0.03674370050430298,0.6705558896064758,0.6338121891021729,1.3942354917526245,4.031890869140625,0.5270095467567444,11,1,1,1,1,1,0,0.0,0.39768946170806885,2,stale-soft,0.0,6,114,57,CORRECT,0,0,0,0,0,0,0.0,0.0
margin,live-delta,2,0.0,0.316659,0.581161,0.027158,0.980469,0.434525,0.584525,0.0519755482673645,0.5355624556541443,0.4835869073867798,1.6768550872802734,5.348708152770996,0.42201805114746094,7,1,1,1,1,1,1,0.12355606257915497,0.09194368124008179,2,stale-soft,0.0,6,115,38,CORRECT,0,0,0,0,0,0,0.0,0.0
margin,live-delta,2,0.0,0.316659,0.581161,0.027158,0.980469,0.434525,0.584525,0.07225793600082397,0.610309898853302,0.538051962852478,1.1016435623168945,3.0091075897216797,0.6662366390228271,6,1,1,1,1,1,0,0.0,0.33518922328948975,2,stale-soft,0.0,6,116,54,CORRECT,0,0,0,0,0,0,0.0,0.0
margin,live-delta,2,0.0,0.316659,0.581161,0.027158,0.980469,0.434525,0.584525,0.10138309001922607,0.6700421571731567,0.5686590671539307,1.3149303197860718,3.7244913578033447,0.6613844633102417,11,1,1,1,1,1,0,0.0060916864313185215,0.23437052965164185,2,stale-soft,0.0,6,117,49,CORRECT,0,0,0,0,0,0,0.0,0.0
margin,live-delta,2,0.0,0.316659,0.581161,0.027158,0.980469,0.434525,0.584525,0.030777424573898315,0.44668951630592346,0.41591209173202515,-0.0,1.0,1.0,1,1,1,1,1,1,0,0.0,0.21114350855350494,2,stale-soft,0.0,6,118,48,CORRECT,0,0,0,0,0,0,0.0,0.0
margin,live-delta,2,0.0,0.316659,0.581161,0.027158,0.980469,0.434525,0.584525,0.04402768611907959,0.5582033395767212,0.5141756534576416,1.2380722761154175,3.448958396911621,0.5489068627357483,5,1,1,1,1,1,0,0.0,0.15230268239974976,2,stale-soft,0.0,6,119,49,CORRECT,0,0,0,0,0,0,0.0,0.0
margin,live-delta,2,0.0,0.316659,0.581161,0.027158,0.980469,0.434525,0.584525,0.001757204532623291,0.6123923659324646,0.6106351613998413,1.5024776458740234,4.492806911468506,0.36509791016578674,8,1,1,1,1,1,0,0.0,0.3293934762477875,2,stale-soft,0.0,6,120,57,CORRECT,0,0,0,0,0,0,0.0,0.0
margin,live-delta,2,0.0,0.316659,0.581161,0.027158,0.980469,0.434525,0.584525,0.028531432151794434,0.6142705678939819,0.5857391357421875,1.6760135889053345,5.34420919418335,0.4328081011772156,10,1,1,1,1,1,0,0.013907910324633121,0.17189186811447144,2,stale-soft,0.0,6,121,52,CORRECT,0,0,0,0,0,0,0.0,0.0
margin,live-delta,2,0.0,0.316659,0.581161,0.027158,0.980469,0.434525,0.584525,0.04132509231567383,0.6418052911758423,0.6004801988601685,1.580040454864502,4.855152130126953,0.45793282985687256,8,1,1,1,1,1,0,0.0,0.3827874958515167,2,stale-soft,0.0,6,122,52,CORRECT,0,0,0,0,0,0,0.0,0.0
margin,live-delta,2,0.0,0.316659,0.581161,0.027158,0.980469,0.434525,0.584525,0.1144600510597229,0.5257062911987305,0.41124624013900757,-0.0,1.0,1.0,1,1,1,1,1,1,0,0.0,0.13191860914230347,2,stale-soft,0.0,6,123,43,CORRECT,0,0,0,0,0,0,0.0,0.0
margin,live-delta,2,0.0,0.316659,0.581161,0.027158,0.980469,0.434525,0.584525,0.046421170234680176,0.7209793329238892,0.674558162689209,1.11576509475708,3.0519022941589355,0.623386025428772,11,1,1,1,1,1,0,0.0,0.34347569942474365,2,stale-soft,0.0,6,124,62,CORRECT,0,0,0,0,0,0,0.0,0.0
margin,live-delta,2,0.0,0.316659,0.581161,0.027158,0.980469,0.434525,0.584525,0.02554035186767578,0.5810360312461853,0.5554956793785095,1.7987329959869385,6.041987419128418,0.3875592350959778,10,1,1,1,1,1,0,0.024670252576470375,0.13771352171897888,2,stale-soft,0.0,6,125,38,CORRECT,0,0,0,0,0,0,0.0,0.0
margin,live-delta,2,0.0,0.316659,0.581161,0.027158,0.980469,0.434525,0.584525,0.051419079303741455,0.7271186113357544,0.6756995320320129,0.6819592118263245,1.9777487516403198,0.7220187187194824,5,1,1,1,1,1,0,0.0,0.40758949518203735,2,stale-soft,0.0,6,126,41,CORRECT,0,0,0,0,0,0,0.0,0.0
margin,live-delta,2,0.0,0.316659,0.581161,0.027158,0.980469,0.434525,0.584525,0.1547597050666809,0.7880293130874634,0.6332696080207825,0.43826356530189514,1.5500134229660034,0.9064263701438904,7,1,1,1,1,1,0,0.0,0.45933932065963745,2,stale-soft,0.0,6,127,40,CORRECT,0,0,0,0,0,0,0.0,0.0
margin,live-delta,2,0.0,0.316659,0.581161,0.027158,0.980469,0.434525,0.584525,0.028143763542175293,0.5415035486221313,0.513359785079956,2.266066789627075,9.641404151916504,0.2602808475494385,12,2,2,1,2,1,0,0.0,0.2378905713558197,2,stale-soft,0.0,6,128,66,CORRECT,0,0,0,0,0,0,0.0,0.0
margin,live-delta,2,0.0,0.316659,0.581161,0.027158,0.980469,0.434525,0.584525,0.02547597885131836,0.5951765775680542,0.5697005987167358,1.9595363140106201,7.096035957336426,0.33328884840011597,11,2,2,1,2,1,0,0.0,0.3075736165046692,2,stale-soft,0.0,6,129,66,CORRECT,0,0,0,0,0,0,0.0,0.0
margin,live-delta,2,0.0,0.316659,0.581161,0.027158,0.980469,0.434525,0.584525,0.041772425174713135,0.5690668821334839,0.5272944569587708,2.082122802734375,8.021478652954102,0.28111952543258667,10,2,2,1,2,1,0,0.0,0.24107003211975098,2,stale-soft,0.0,6,130,81,CORRECT,0,0,0,0,0,0,0.0,0.0
margin,live-delta,2,0.0,0.316659,0.581161,0.027158,0.980469,0.434525,0.584525,0.07747495174407959,0.7438898086547852,0.6664148569107056,0.6913416981697083,1.9963922500610352,0.7839105725288391,6,2,2,1,2,1,0,0.0,0.5825783014297485,2,stale-soft,0.0,6,133,71,CORRECT,0,0,0,0,0,0,0.0,0.0
margin,live-delta,2,0.0,0.316659,0.581161,0.027158,0.980469,0.434525,0.584525,0.09667551517486572,0.7966054677963257,0.69992995262146,1.1403989791870117,3.1280159950256348,0.7118372917175293,18,2,2,1,2,1,0,0.0,0.5791870355606079,2,stale-soft,0.0,6,134,86,CORRECT,0,0,0,0,0,0,0.0,0.0
margin,live-delta,2,0.0,0.316659,0.581161,0.027158,0.980469,0.434525,0.584525,0.024165570735931396,0.5892134308815002,0.5650478601455688,0.8019758462905884,2.229942560195923,0.5948026180267334,3,2,2,1,2,1,0,0.0,0.21183645725250244,2,stale-soft,0.0,6,135,91,CORRECT,0,0,0,0,0,0,0.0,0.0
margin,live-delta,2,0.0,0.316659,0.581161,0.027158,0.980469,0.434525,0.584525,0.049243152141571045,0.6251969933509827,0.5759538412094116,2.351247787475586,10.498661994934082,0.33420273661613464,19,2,2,1,2,1,0,0.0,0.3021586835384369,2,stale-soft,0.0,6,136,84,CORRECT,0,0,0,0,0,0,0.0,0.0
margin,live-delta,2,0.0,0.316659,0.581161,0.027158,0.980469,0.434525,0.584525,0.028989076614379883,0.6016455888748169,0.572656512260437,1.6670873165130615,5.296717643737793,0.4077526032924652,9,2,2,1,2,1,0,0.0,0.3383933901786804,2,stale-soft,0.0,6,139,64,CORRECT,0,0,0,0,0,0,0.0,0.0
margin,live-delta,2,0.0,0.316659,0.581161,0.027158,0.980469,0.434525,0.584525,0.0345538854598999,0.6501257419586182,0.6155718564987183,1.050065040588379,2.857836961746216,0.5797074437141418,6,2,2,1,2,1,0,0.0,0.4701628088951111,2,stale-soft,0.0,6,140,80,CORRECT,0,0,0,0,0,0,0.0,0.0
margin,live-delta,2,0.0,0.316659,0.581161,0.027158,0.980469,0.434525,0.584525,0.047999441623687744,0.6712274551391602,0.6232280135154724,1.7030452489852905,5.490642547607422,0.5135579109191895,15,2,2,1,2,1,0,0.0,0.4998254179954529,2,stale-soft,0.0,6,141,86,CORRECT,0,0,0,0,0,0,0.0,0.0
margin,live-delta,2,0.0,0.316659,0.581161,0.027158,0.980469,0.434525,0.584525,0.0030187368392944336,0.5701974630355835,0.5671787261962891,2.527435541152954,12.521354675292969,0.1609109789133072,17,2,2,1,2,1,0,0.0,0.24273034930229187,2,stale-soft,0.0,6,142,65,CORRECT,0,0,0,0,0,0,0.0,0.0
margin,live-delta,2,0.0,0.316659,0.581161,0.027158,0.980469,0.434525,0.584525,0.009077876806259155,0.4765753448009491,0.46749746799468994,1.3423810005187988,3.8281474113464355,0.34404367208480835,4,2,2,1,2,1,0,0.0,0.21677151322364807,2,stale-soft,0.0,6,143,91,CORRECT,0,0,0,0,0,0,0.0,0.0
margin,live-delta,2,0.0,0.316659,0.581161,0.027158,0.980469,0.434525,0.584525,0.0962134599685669,0.5023441314697266,0.40613067150115967,-0.0,1.0,1.0,1,2,2,1,2,1,0,0.0,0.3381776213645935,2,stale-soft,0.0,6,144,85,CORRECT,0,0,0,0,0,0,0.0,0.0
margin,live-delta,2,0.0,0.316659,0.581161,0.027158,0.980469,0.434525,0.584525,0.06751561164855957,0.5056644678115845,0.4381488561630249,0.5083646774291992,1.6625701189041138,0.794180691242218,2,2,2,1,2,1,0,0.0,0.2127377986907959,2,stale-soft,0.0,6,145,88,CORRECT,0,0,0,0,0,0,0.0,0.0
margin,live-delta,2,0.0,0.316659,0.581161,0.027158,0.980469,0.434525,0.584525,0.023302733898162842,0.5993673801422119,0.5760646462440491,1.5529534816741943,4.725406169891357,0.4578370749950409,10,2,2,1,2,1,0,0.0,0.25072425603866577,2,stale-soft,0.0,6,147,91,CORRECT,0,0,0,0,0,0,0.0,0.0
margin,live-delta,2,0.0,0.316659,0.581161,0.027158,0.980469,0.434525,0.584525,0.003406345844268799,0.5392884612083435,0.5358821153640747,2.131746530532837,8.429576873779297,0.2444871962070465,11,2,2,1,2,1,0,0.0,0.3246327042579651,2,stale-soft,0.0,6,148,78,CORRECT,0,0,0,0,0,0,0.0,0.0
margin,live-delta,2,0.0,0.316659,0.581161,0.027158,0.980469,0.434525,0.584525,0.08553999662399292,0.6592262387275696,0.5736862421035767,1.113431453704834,3.0447885990142822,0.7086411118507385,10,2,2,1,2,1,0,0.0,0.30882811546325684,2,stale-soft,0.0,6,149,91,CORRECT,0,0,0,0,0,0,0.0,0.0
margin,live-delta,2,0.0,0.316659,0.581161,0.027158,0.980469,0.434525,0.584525,0.002938687801361084,0.6503852605819702,0.6474465727806091,2.3190910816192627,10.16642951965332,0.16713854670524597,20,2,2,1,2,1,0,0.0,0.4170028269290924,2,stale-soft,0.0,6,150,66,CORRECT,0,0,0,0,0,0,0.0,0.0
margin,live-delta,2,0.0,0.316659,0.581161,0.027158,0.980469,0.434525,0.584525,0.027769744396209717,0.5065252184867859,0.47875547409057617,0.9789302349090576,2.661607503890991,0.5409001708030701,3,2,2,1,2,1,0,0.0,0.3551807403564453,2,stale-soft,0.0,6,151,85,CORRECT,0,0,0,0,0,0,0.0,0.0
margin,live-delta,2,0.0,0.316659,0.581161,0.027158,0.980469,0.434525,0.584525,0.27028217911720276,0.6035950779914856,0.33331289887428284,-0.0,1.0,1.0,1,2,2,1,2,1,0,0.0,0.34920328855514526,2,stale-soft,0.0,6,152,74,CORRECT,0,0,0,0,0,0,0.0,0.0
margin,live-delta,2,0.0,0.316659,0.581161,0.027158,0.980469,0.434525,0.584525,0.026611626148223877,0.574760377407074,0.5481487512588501,2.1433072090148926,8.527593612670898,0.2814868092536926,11,2,2,1,2,1,0,0.0,0.3500365614891052,2,stale-soft,0.0,6,153,94,CORRECT,0,0,0,0,0,0,0.0,0.0
margin,live-delta,2,0.0,0.316659,0.581161,0.027158,0.980469,0.434525,0.584525,0.026854515075683594,0.6391476392745972,0.6122931241989136,2.1689131259918213,8.748769760131836,0.3200743794441223,15,2,2,1,2,1,0,0.0,0.3466476500034332,2,stale-soft,0.0,6,157,94,CORRECT,0,0,0,0,0,0,0.0,0.0
margin,live-delta,2,0.0,0.316659,0.581161,0.027158,0.980469,0.434525,0.584525,0.08749839663505554,0.5680897235870361,0.4805913269519806,1.5909847021102905,4.9085798263549805,0.5312305688858032,8,2,2,1,2,1,0,0.0,0.36241698265075684,2,stale-soft,0.0,6,158,85,CORRECT,0,0,0,0,0,0,0.0,0.0
margin,live-delta,2,0.0,0.316659,0.581161,0.027158,0.980469,0.434525,0.584525,0.18490827083587646,0.7387069463729858,0.5537986755371094,0.2714545726776123,1.3118712902069092,0.9503756165504456,7,2,2,1,2,1,0,0.0,0.35586118698120117,2,stale-soft,0.0,6,159,68,CORRECT,0,0,0,0,0,0,0.0,0.0
margin,live-delta,2,0.0,0.316659,0.581161,0.027158,0.980469,0.434525,0.584525,0.0344085693359375,0.5577472448348999,0.5233386754989624,1.0242500305175781,2.785006046295166,0.581203281879425,4,2,2,1,2,1,0,0.0,0.2380143702030182,2,stale-soft,0.0,6,160,91,CORRECT,0,0,0,0,0,0,0.0,0.0
margin,live-delta,2,0.0,0.316659,0.581161,0.027158,0.980469,0.434525,0.584525,0.010253429412841797,0.4709516167640686,0.4606981873512268,1.3488835096359253,3.853121042251587,0.3446611166000366,4,2,2,1,2,1,0,0.0,0.2889408469200134,2,stale-soft,0.0,6,161,94,CORRECT,0,0,0,0,0,0,0.0,0.0
margin,live-delta,2,0.0,0.316659,0.581161,0.027158,0.980469,0.434525,0.584525,0.17954042553901672,0.6567572951316833,0.4772168695926666,0.2839611768722534,1.3283812999725342,0.9418333172798157,4,2,2,1,2,1,0,0.0,0.43144068121910095,2,stale-soft,0.0,6,162,93,CORRECT,0,0,0,0,0,0,0.0,0.0
margin,live-delta,2,0.0,0.316659,0.581161,0.027158,0.980469,0.434525,0.584525,0.01217794418334961,0.574068546295166,0.5618906021118164,2.3792896270751953,10.797229766845703,0.21996022760868073,16,2,2,1,2,1,0,0.0,0.24434435367584229,2,stale-soft,0.0,6,163,66,CORRECT,0,0,0,0,0,0,0.0,0.0
margin,live-delta,2,0.0,0.316659,0.581161,0.027158,0.980469,0.434525,0.584525,0.2803356647491455,0.6889474987983704,0.40861183404922485,-0.0,1.0,1.0,1,2,2,1,2,1,0,0.0,0.4841806888580322,2,stale-soft,0.0,6,164,93,CORRECT,0,0,0,0,0,0,0.0,0.0
margin,live-delta,2,0.0,0.316659,0.581161,0.027158,0.980469,0.434525,0.584525,0.08025693893432617,0.6881221532821655,0.6078652143478394,2.0485548973083496,7.756683826446533,0.44808629155158997,18,2,2,1,2,1,0,0.0,0.46291476488113403,2,stale-soft,0.0,6,165,86,CORRECT,0,0,0,0,0,0,0.0,0.0
margin,live-delta,2,0.0,0.316659,0.581161,0.027158,0.980469,0.434525,0.584525,0.07133865356445312,0.4756857752799988,0.40434712171554565,-0.0,1.0,1.0,1,2,2,1,2,1,0,0.0,0.2903061807155609,2,stale-soft,0.0,6,166,80,CORRECT,0,0,0,0,0,0,0.0,0.0
margin,live-delta,2,0.0,0.316659,0.581161,0.027158,0.980469,0.434525,0.584525,0.0013178586959838867,0.6072017550468445,0.6058838963508606,2.063572406768799,7.874048709869385,0.28731533885002136,14,2,2,1,2,1,0,0.0,0.27673110365867615,2,stale-soft,0.0,6,169,82,CORRECT,0,0,0,0,0,0,0.0,0.0
margin,live-delta,2,0.0,0.316659,0.581161,0.027158,0.980469,0.434525,0.584525,0.018336087465286255,0.48379379510879517,0.4654577076435089,0.6766149997711182,1.967207431793213,0.590666651725769,2,2,2,1,2,1,0,0.0,0.23263269662857056,2,stale-soft,0.0,6,170,68,CORRECT,0,0,0,0,0,0,0.0,0.0
margin,live-delta,2,0.0,0.316659,0.581161,0.027158,0.980469,0.434525,0.584525,0.024298250675201416,0.570502758026123,0.5462045073509216,2.476581573486328,11.900513648986816,0.1918264925479889,15,2,2,1,2,1,0,0.0,0.237874835729599,2,stale-soft,0.0,6,173,90,CORRECT,0,0,0,0,0,0,0.0,0.0
margin,live-delta,2,0.0,0.316659,0.581161,0.027158,0.980469,0.434525,0.584525,0.05137532949447632,0.4979991912841797,0.44662386178970337,0.966088056564331,2.6276450157165527,0.5851690173149109,3,2,2,1,2,1,0,0.0,0.2287082076072693,2,stale-soft,0.0,6,174,65,CORRECT,0,0,0,0,0,0,0.0,0.0
margin,live-delta,2,0.0,0.316659,0.581161,0.027158,0.980469,0.434525,0.584525,0.12175902724266052,0.6065850257873535,0.484825998544693,0.7696489095687866,2.159008026123047,0.7975327968597412,5,2,2,1,2,1,0,0.0,0.3992610275745392,2,stale-soft,0.0,6,177,78,CORRECT,0,0,0,0,0,0,0.0,0.0
margin,live-delta,2,0.0,0.316659,0.581161,0.027158,0.980469,0.434525,0.584525,0.0012949109077453613,0.5802474617958069,0.5789525508880615,2.2120301723480225,9.134242057800293,0.24447813630104065,14,2,2,1,2,1,0,0.0,0.2551623582839966,2,stale-soft,0.0,6,179,87,CORRECT,0,0,0,0,0,0,0.0,0.0
margin,live-delta,2,0.0,0.316659,0.581161,0.027158,0.980469,0.434525,0.584525,0.0029421746730804443,0.4807736277580261,0.4778314530849457,1.334958791732788,3.7998392581939697,0.32809990644454956,4,2,2,1,2,1,0,0.0,0.19236382842063904,2,stale-soft,0.0,6,180,64,CORRECT,0,0,0,0,0,0,0.0,0.0
margin,live-delta,2,0.0,0.316659,0.581161,0.027158,0.980469,0.434525,0.584525,0.038379013538360596,0.6918320655822754,0.6534530520439148,1.687880039215088,5.408003807067871,0.5017879009246826,18,2,2,1,2,1,0,0.0,0.48382022976875305,2,stale-soft,0.0,6,181,69,CORRECT,0,0,0,0,0,0,0.0,0.0
margin,live-delta,2,0.0,0.316659,0.581161,0.027158,0.980469,0.434525,0.584525,0.012425124645233154,0.45632970333099365,0.4439045786857605,0.6854872107505798,1.9847385883331299,0.5618076920509338,2,2,2,1,2,1,0,0.0,0.1483648121356964,2,stale-soft,0.0,6,182,64,CORRECT,0,0,0,0,0,0,0.0,0.0
margin,live-delta,2,0.0,0.316659,0.581161,0.027158,0.980469,0.434525,0.584525,0.0478360652923584,0.551082193851471,0.5032461285591125,1.8171464204788208,6.154271602630615,0.39311307668685913,8,2,2,1,2,1,0,0.0,0.2761037051677704,2,stale-soft,0.0,6,184,66,CORRECT,0,0,0,0,0,0,0.0,0.0
margin,live-delta,2,0.0,0.316659,0.581161,0.027158,0.980469,0.434525,0.584525,0.12603896856307983,0.5307070016860962,0.40466803312301636,-0.0,1.0,1.0,1,2,2,1,2,1,0,0.0,0.22066643834114075,2,stale-soft,0.0,6,185,84,CORRECT,0,0,0,0,0,0,0.0,0.0
margin,live-delta,2,0.0,0.316659,0.581161,0.027158,0.980469,0.434525,0.584525,0.00381547212600708,0.6895368099212646,0.6857213377952576,1.6124162673950195,5.014914035797119,0.35723334550857544,10,2,2,1,2,1,0,0.0,0.4514313340187073,2,stale-soft,0.0,6,186,80,CORRECT,0,0,0,0,0,0,0.0,0.0
margin,live-delta,2,0.0,0.316659,0.581161,0.027158,0.980469,0.434525,0.584525,0.08489975333213806,0.46566590666770935,0.3807661533355713,-0.0,1.0,1.0,1,2,2,1,2,1,0,0.0,0.23156479001045227,2,stale-soft,0.0,6,188,89,CORRECT,0,0,0,0,0,0,0.0,0.0
margin,live-delta,2,0.0,0.316659,0.581161,0.027158,0.980469,0.434525,0.584525,0.04678565263748169,0.574927806854248,0.5281421542167664,1.1043797731399536,3.017352342605591,0.603560745716095,5,2,2,1,2,1,0,0.0,0.4147406816482544,2,stale-soft,0.0,6,189,65,CORRECT,0,0,0,0,0,0,0.0,0.0
margin,live-delta,2,0.0,0.316659,0.581161,0.027158,0.980469,0.434525,0.584525,0.04630112648010254,0.5638655424118042,0.5175644159317017,1.784874677658081,5.95883321762085,0.3914244472980499,8,2,2,1,2,1,0,0.0,0.18830278515815735,2,stale-soft,0.0,6,190,76,CORRECT,0,0,0,0,0,0,0.0,0.0
margin,live-delta,2,0.0,0.316659,0.581161,0.027158,0.980469,0.434525,0.584525,0.005952358245849609,0.555470883846283,0.5495185256004333,1.9253795146942139,6.85775089263916,0.295967698097229,10,2,2,1,2,1,0,0.0,0.3715098798274994,2,stale-soft,0.0,6,191,86,CORRECT,0,0,0,0,0,0,0.0,0.0
margin,live-delta,2,0.0,0.316659,0.581161,0.027158,0.980469,0.434525,0.584525,0.03380364179611206,0.715877115726471,0.6820734739303589,1.8276160955429077,6.219043254852295,0.34246546030044556,12,3,3,1,3,1,0,0.0,0.4268219470977783,2,stale-soft,0.0,6,192,98,CORRECT,0,0,0,0,0,0,0.0,0.0
margin,live-delta,2,0.0,0.316659,0.581161,0.027158,0.980469,0.434525,0.584525,0.1026039719581604,0.5292460918426514,0.42664211988449097,-0.0,1.0,1.0,1,3,3,1,3,1,0,0.0,0.2595515251159668,2,stale-soft,0.0,6,193,124,CORRECT,0,0,0,0,0,0,0.0,0.0
margin,live-delta,2,0.0,0.316659,0.581161,0.027158,0.980469,0.434525,0.584525,0.004106700420379639,0.43997180461883545,0.4358651041984558,0.6923046112060547,1.9983155727386475,0.5205218195915222,2,3,3,1,3,1,0,0.0,0.060184478759765625,2,stale-soft,0.0,6,194,124,CORRECT,0,0,0,0,0,0,0.0,0.0
margin,live-delta,2,0.0,0.316659,0.581161,0.027158,0.980469,0.434525,0.584525,0.0854344367980957,0.6738865971565247,0.588452160358429,1.6114749908447266,5.010195732116699,0.5725228190422058,14,3,3,1,3,1,0,0.0,0.2931222915649414,2,stale-soft,0.0,6,195,127,CORRECT,0,0,0,0,0,0,0.0,0.0
margin,live-delta,2,0.0,0.316659,0.581161,0.027158,0.980469,0.434525,0.584525,0.003085196018218994,0.6066103577613831,0.6035251617431641,2.110064744949341,8.248775482177734,0.19855977594852448,12,3,3,1,3,1,0,0.0,0.3114476203918457,2,stale-soft,0.0,6,196,98,CORRECT,0,0,0,0,0,0,0.0,0.0
margin,live-delta,2,0.0,0.316659,0.581161,0.027158,0.980469,0.434525,0.584525,0.009994745254516602,0.6571125984191895,0.6471178531646729,2.142951250076294,8.524559020996094,0.24216686189174652,15,3,3,1,3,1,0,0.0,0.26061269640922546,2,stale-soft,0.0,6,197,127,CORRECT,0,0,0,0,0,0,0.0,0.0
margin,live-delta,2,0.0,0.316659,0.581161,0.027158,0.980469,0.434525,0.584525,0.08643484115600586,0.637020468711853,0.5505856275558472,0.9442484974861145,2.570880651473999,0.7338361144065857,6,3,3,1,3,1,0,0.0,0.2925240099430084,2,stale-soft,0.0,6,199,127,CORRECT,0,0,0,0,0,0,0.0,0.0
margin,live-delta,2,0.0,0.316659,0.581161,0.027158,0.980469,0.434525,0.584525,0.028112411499023438,0.7088281512260437,0.6807157397270203,2.1920745372772217,8.953768730163574,0.2738730311393738,13,3,3,1,3,1,0,0.0,0.3948378562927246,2,stale-soft,0.0,6,200,115,CORRECT,0,0,0,0,0,0,0.0,0.0
margin,live-delta,2,0.0,0.316659,0.581161,0.027158,0.980469,0.434525,0.584525,0.08230161666870117,0.48156577348709106,0.3992641568183899,-0.0,1.0,1.0,1,3,3,1,3,1,0,0.0,0.19499471783638,2,stale-soft,0.0,6,201,107,CORRECT,0,0,0,0,0,0,0.0,0.0
margin,live-delta,2,0.0,0.316659,0.581161,0.027158,0.980469,0.434525,0.584525,0.02431178092956543,0.5317378044128418,0.5074260234832764,0.9845693111419678,2.676658868789673,0.528008222579956,3,3,3,1,3,1,0,0.0,0.28656619787216187,2,stale-soft,0.0,6,202,116,CORRECT,0,0,0,0,0,0,0.0,0.0
margin,live-delta,2,0.0,0.316659,0.581161,0.027158,0.980469,0.434525,0.584525,0.1064421534538269,0.6956464052200317,0.5892042517662048,1.2952994108200073,3.6520893573760986,0.6882302165031433,11,3,3,1,3,1,0,0.0,0.34753942489624023,2,stale-soft,0.0,6,203,123,CORRECT,0,0,0,0,0,0,0.0,0.0
margin,live-delta,2,0.0,0.316659,0.581161,0.027158,0.980469,0.434525,0.584525,0.03447753190994263,0.649493396282196,0.6150158643722534,1.0856223106384277,2.9612820148468018,0.495433509349823,4,3,3,1,3,1,0,0.0,0.3568621873855591,2,stale-soft,0.0,6,204,99,CORRECT,0,0,0,0,0,0,0.0,0.0
margin,live-delta,2,0.0,0.316659,0.581161,0.027158,0.980469,0.434525,0.584525,0.03863942623138428,0.5191511511802673,0.48051172494888306,0.9767181873321533,2.655726194381714,0.5655601620674133,3,3,3,1,3,1,0,0.0,0.2020900845527649,2,stale-soft,0.0,6,206,107,CORRECT,0,0,0,0,0,0,0.0,0.0
margin,live-delta,2,0.0,0.316659,0.581161,0.027158,0.980469,0.434525,0.584525,0.08332982659339905,0.5254757404327393,0.4421459138393402,0.4378054738044739,1.5493035316467285,0.84112149477005,2,3,3,1,3,1,0,0.0,0.3663392663002014,2,stale-soft,0.0,6,207,101,CORRECT,0,0,0,0,0,0,0.0,0.0
margin,live-delta,2,0.0,0.316659,0.581161,0.027158,0.980469,0.434525,0.584525,0.05445301532745361,0.5600730180740356,0.505620002746582,1.5305284261703491,4.620617866516113,0.460050106048584,6,3,3,1,3,1,0,0.0,0.26069343090057373,2,stale-soft,0.0,6,208,127,CORRECT,0,0,0,0,0,0,0.0,0.0
margin,live-delta,2,0.0,0.316659,0.581161,0.027158,0.980469,0.434525,0.584525,2.7298927307128906e-05,0.6268348693847656,0.6268075704574585,1.9340964555740356,6.91779088973999,0.2236589938402176,10,3,3,1,3,1,0,0.0,0.3935152590274811,2,stale-soft,0.0,6,209,103,CORRECT,0,0,0,0,0,0,0.0,0.0
margin,live-delta,2,0.0,0.316659,0.581161,0.027158,0.980469,0.434525,0.584525,0.017547130584716797,0.4622208774089813,0.4446737468242645,1.0822677612304688,2.9513649940490723,0.41985100507736206,3,3,3,1,3,1,0,0.0,0.08403664827346802,2,stale-soft,0.0,6,210,100,CORRECT,0,0,0,0,0,0,0.0,0.0
margin,live-delta,2,0.0,0.316659,0.581161,0.027158,0.980469,0.434525,0.584525,0.02866208553314209,0.7037274837493896,0.6750653982162476,1.915906548500061,6.793094158172607,0.3497983515262604,13,3,3,1,3,1,0,0.0,0.33825361728668213,2,stale-soft,0.0,6,211,96,CORRECT,0,0,0,0,0,0,0.0,0.0
margin,live-delta,2,0.0,0.316659,0.581161,0.027158,0.980469,0.434525,0.584525,0.03594088554382324,0.7040785551071167,0.6681376695632935,1.6973307132720947,5.459355354309082,0.3989705443382263,12,3,3,1,3,1,0,0.0,0.3959319591522217,2,stale-soft,0.0,6,212,98,CORRECT,0,0,0,0,0,0,0.0,0.0
margin,live-delta,2,0.0,0.316659,0.581161,0.027158,0.980469,0.434525,0.584525,0.02104586362838745,0.7602081298828125,0.739162266254425,1.9688912630081177,7.162730693817139,0.311128705739975,13,3,3,1,3,1,0,0.0,0.5080938935279846,2,stale-soft,0.0,6,213,127,CORRECT,0,0,0,0,0,0,0.0,0.0
margin,live-delta,2,0.0,0.316659,0.581161,0.027158,0.980469,0.434525,0.584525,0.027142703533172607,0.6014844179153442,0.5743417143821716,2.1255223751068115,8.377272605895996,0.3098130226135254,14,3,3,1,3,1,0,0.0,0.37710970640182495,2,stale-soft,0.0,6,215,127,CORRECT,0,0,0,0,0,0,0.0,0.0
margin,live-delta,2,0.0,0.316659,0.581161,0.027158,0.980469,0.434525,0.584525,0.010835587978363037,0.561787486076355,0.5509518980979919,2.0186550617218018,7.52819299697876,0.2228383719921112,9,3,3,1,3,1,0,0.0,0.2200993001461029,2,stale-soft,0.0,6,216,106,CORRECT,0,0,0,0,0,0,0.0,0.0
margin,live-delta,2,0.0,0.316659,0.581161,0.027158,0.980469,0.434525,0.584525,0.15650784969329834,0.5816750526428223,0.4251672029495239,-0.0,1.0,1.0,1,3,3,1,3,1,0,0.0,0.3749808371067047,2,stale-soft,0.0,6,217,105,CORRECT,0,0,0,0,0,0,0.0,0.0
margin,live-delta,2,0.0,0.316659,0.581161,0.027158,0.980469,0.434525,0.584525,0.01645064353942871,0.6338362693786621,0.6173856258392334,2.110625982284546,8.253406524658203,0.23641440272331238,13,3,3,1,3,1,0,0.0,0.3904983401298523,2,stale-soft,0.0,6,218,117,CORRECT,0,0,0,0,0,0,0.0,0.0
margin,live-delta,2,0.0,0.316659,0.581161,0.027158,0.980469,0.434525,0.584525,0.04677075147628784,0.540321946144104,0.49355119466781616,2.0678539276123047,7.907834053039551,0.32635176181793213,10,3,3,1,3,1,0,0.0,0.27208060026168823,2,stale-soft,0.0,6,219,108,CORRECT,0,0,0,0,0,0,0.0,0.0
margin,live-delta,2,0.0,0.316659,0.581161,0.027158,0.980469,0.434525,0.584525,0.014024853706359863,0.6931151151657104,0.6790902614593506,2.0397377014160156,7.688592433929443,0.2611224949359894,14,3,3,1,3,1,0,0.0,0.4051532447338104,2,stale-soft,0.0,6,220,127,CORRECT,0,0,0,0,0,0,0.0,0.0
margin,live-delta,2,0.0,0.316659,0.581161,0.027158,0.980469,0.434525,0.584525,0.10552585124969482,0.6067142486572266,0.5011883974075317,1.0502220392227173,2.858285665512085,0.7076106667518616,6,3,3,1,3,1,0,0.0,0.3050418496131897,2,stale-soft,0.0,6,221,102,CORRECT,0,0,0,0,0,0,0.0,0.0
margin,live-delta,2,0.0,0.316659,0.581161,0.027158,0.980469,0.434525,0.584525,0.025349020957946777,0.5600713491439819,0.5347223281860352,2.1590700149536133,8.663077354431152,0.23867614567279816,11,3,3,1,3,1,0,0.0,0.21874409914016724,2,stale-soft,0.0,6,222,98,CORRECT,0,0,0,0,0,0,0.0,0.0
margin,live-delta,2,0.0,0.316659,0.581161,0.027158,0.980469,0.434525,0.584525,0.0464787483215332,0.4414621889591217,0.3949834406375885,-0.0,1.0,1.0,1,3,3,1,3,1,0,0.0,0.2085619568824768,2,stale-soft,0.0,6,223,124,CORRECT,0,0,0,0,0,0,0.0,0.0
margin,live-delta,2,0.0,0.316659,0.581161,0.027158,0.980469,0.434525,0.584525,0.04123324155807495,0.5563745498657227,0.5151413083076477,1.9006354808807373,6.6901445388793945,0.3301495313644409,8,3,0,0,3,1,1,0.46861428022384644,-0.04123324155807495,0,stale-soft,0.0,6,225,30,CORRECT,0,0,0,0,0,0,0.0,0.0
margin,live-delta,2,0.0,0.316659,0.581161,0.027158,0.980469,0.434525,0.584525,0.03750276565551758,0.47772443294525146,0.4402216672897339,1.0285415649414062,2.7969837188720703,0.5154327154159546,3,3,3,1,3,1,0,0.0,0.21609339118003845,2,stale-soft,0.0,6,226,123,CORRECT,0,0,0,0,0,0,0.0,0.0
margin,live-delta,2,0.0,0.316659,0.581161,0.027158,0.980469,0.434525,0.584525,0.27257081866264343,0.7159953117370605,0.4434244930744171,0.02756894938647747,1.0279524326324463,0.995728075504303,2,3,3,1,3,1,0,0.0,0.5247364044189453,2,stale-soft,0.0,6,228,99,CORRECT,0,0,0,0,0,0,0.0,0.0
margin,live-delta,2,0.0,0.316659,0.581161,0.027158,0.980469,0.434525,0.584525,0.06361925601959229,0.6538165807723999,0.5901973247528076,1.6806193590164185,5.368880271911621,0.5115627646446228,13,3,3,1,3,1,0,0.0,0.33074119687080383,2,stale-soft,0.0,6,229,115,CORRECT,0,0,0,0,0,0,0.0,0.0
margin,live-delta,2,0.0,0.316659,0.581161,0.027158,0.980469,0.434525,0.584525,0.0028501152992248535,0.6125504374504089,0.6097003221511841,1.868025779724121,6.475499629974365,0.2866000533103943,11,3,3,1,3,1,0,0.0,0.4190482199192047,2,stale-soft,0.0,6,230,103,CORRECT,0,0,0,0,0,0,0.0,0.0
margin,live-delta,2,0.0,0.316659,0.581161,0.027158,0.980469,0.434525,0.584525,0.027474522590637207,0.5701779127120972,0.54270339012146,1.41371488571167,4.111199855804443,0.4628574550151825,6,3,3,1,3,1,0,0.0,0.3285231590270996,2,stale-soft,0.0,6,231,117,CORRECT,0,0,0,0,0,0,0.0,0.0
margin,live-delta,2,0.0,0.316659,0.581161,0.027158,0.980469,0.434525,0.584525,0.013588488101959229,0.5009386539459229,0.4873501658439636,1.8226467370986938,6.188215255737305,0.28832149505615234,7,3,3,1,3,1,1,0.21108587086200714,0.0439324676990509,1,stale-soft,0.0,6,232,112,CORRECT,0,0,0,0,0,0,0.0,0.0
margin,live-delta,2,0.0,0.316659,0.581161,0.027158,0.980469,0.434525,0.584525,0.0030035674571990967,0.496469646692276,0.4934660792350769,1.6798627376556396,5.364819526672363,0.28128209710121155,6,3,3,1,3,1,0,0.0,0.22334417700767517,2,stale-soft,0.0,6,233,115,CORRECT,0,0,0,0,0,0,0.0,0.0
margin,live-delta,2,0.0,0.316659,0.581161,0.027158,0.980469,0.434525,0.584525,0.042917400598526,0.501893937587738,0.45897653698921204,1.4986321926116943,4.475563049316406,0.3984917998313904,5,3,3,1,3,1,0,0.0,0.29814231395721436,2,stale-soft,0.0,6,234,108,CORRECT,0,0,0,0,0,0,0.0,0.0
margin,live-delta,2,0.0,0.316659,0.581161,0.027158,0.980469,0.434525,0.584525,0.06836897134780884,0.6614958643913269,0.5931268930435181,1.4554260969161987,4.286309719085693,0.5705710649490356,11,3,3,1,3,1,0,0.0,0.44935303926467896,2,stale-soft,0.0,6,235,115,CORRECT,0,0,0,0,0,0,0.0,0.0
margin,live-delta,2,0.0,0.316659,0.581161,0.027158,0.980469,0.434525,0.584525,0.005754947662353516,0.46608585119247437,0.46033090353012085,1.068191409111023,2.910111427307129,0.410622239112854,3,3,3,1,3,1,1,0.22339923679828644,0.030435651540756226,1,stale-soft,0.0,6,236,118,CORRECT,0,0,0,0,0,0,0.0,0.0
margin,live-delta,2,0.0,0.316659,0.581161,0.027158,0.980469,0.434525,0.584525,0.015743613243103027,0.6798076629638672,0.6640640497207642,1.52505362033844,4.5953898429870605,0.432344526052475,12,3,3,1,3,1,0,0.0,0.28242504596710205,2,stale-soft,0.0,6,237,115,CORRECT,0,0,0,0,0,0,0.0,0.0
margin,live-delta,2,0.0,0.316659,0.581161,0.027158,0.980469,0.434525,0.584525,0.021391957998275757,0.48643261194229126,0.4650406539440155,1.0357298851013184,2.817161798477173,0.4853740930557251,3,3,3,1,3,1,0,0.0,0.23048827052116394,2,stale-soft,0.0,6,238,114,CORRECT,0,0,0,0,0,0,0.0,0.0
margin,live-delta,2,0.0,0.316659,0.581161,0.027158,0.980469,0.434525,0.584525,0.04946953058242798,0.5871029496192932,0.5376334190368652,1.5235092639923096,4.588298320770264,0.5046894550323486,8,3,3,1,3,1,0,0.0,0.1761089265346527,2,stale-soft,0.0,6,239,123,CORRECT,0,0,0,0,0,0,0.0,0.0
margin,live-delta,2,0.0,0.316659,0.581161,0.027158,0.980469,0.434525,0.584525,0.01888042688369751,0.6377276182174683,0.6188471913337708,1.4053016901016235,4.076756477355957,0.4075281620025635,8,3,3,1,3,1,0,0.0,0.4424499571323395,2,stale-soft,0.0,6,240,114,CORRECT,0,0,0,0,0,0,0.0,0.0
margin,live-delta,2,0.0,0.316659,0.581161,0.027158,0.980469,0.434525,0.584525,0.05921712517738342,0.49900099635124207,0.43978387117385864,0.5443872809410095,1.7235519886016846,0.765727698802948,2,3,3,1,3,1,0,0.0,0.09773263335227966,2,stale-soft,0.0,6,241,99,CORRECT,0,0,0,0,0,0,0.0,0.0
margin,live-delta,2,0.0,0.316659,0.581161,0.027158,0.980469,0.434525,0.584525,0.02079826593399048,0.5582751631736755,0.5374768972396851,2.0333919525146484,7.639956951141357,0.2935218811035156,10,3,3,1,3,1,0,0.0,0.1538691222667694,2,stale-soft,0.0,6,242,96,CORRECT,0,0,0,0,0,0,0.0,0.0
margin,live-delta,2,0.0,0.316659,0.581161,0.027158,0.980469,0.434525,0.584525,0.0026970505714416504,0.7332625985145569,0.7305655479431152,1.522099256515503,4.581833362579346,0.3886779248714447,14,3,3,1,3,1,0,0.0,0.5287417769432068,2,stale-soft,0.0,6,243,110,CORRECT,0,0,0,0,0,0,0.0,0.0
margin,live-delta,2,0.0,0.316659,0.581161,0.027158,0.980469,0.434525,0.584525,0.1839277744293213,0.5966714024543762,0.41274362802505493,-0.0,1.0,1.0,1,3,3,1,3,1,0,0.0,0.2741038501262665,2,stale-soft,0.0,6,244,105,CORRECT,0,0,0,0,0,0,0.0,0.0
margin,live-delta,2,0.0,0.316659,0.581161,0.027158,0.980469,0.434525,0.584525,0.04181373119354248,0.6546295881271362,0.6128158569335938,2.031188488006592,7.623140811920166,0.3431811034679413,14,3,3,1,3,1,0,0.0,0.30705955624580383,2,stale-soft,0.0,6,245,123,CORRECT,0,0,0,0,0,0,0.0,0.0
margin,live-delta,2,0.0,0.316659,0.581161,0.027158,0.980469,0.434525,0.584525,0.3651820123195648,0.8150867223739624,0.4499047100543976,0.005585458129644394,1.0056010484695435,0.9993274211883545,2,3,3,1,3,1,0,0.0,0.5126630663871765,2,stale-soft,0.0,6,246,107,CORRECT,0,0,0,0,0,0,0.0,0.0
margin,live-delta,2,0.0,0.316659,0.581161,0.027158,0.980469,0.434525,0.584525,0.052057862281799316,0.6668754816055298,0.6148176193237305,1.2304291725158691,3.4226982593536377,0.6212952733039856,11,3,3,1,3,1,0,0.0,0.43059098720550537,2,stale-soft,0.0,6,247,116,CORRECT,0,0,0,0,0,0,0.0,0.0
margin,live-delta,2,0.0,0.316659,0.581161,0.027158,0.980469,0.434525,0.584525,0.31732428073883057,0.692050576210022,0.3747262954711914,-0.0,1.0,1.0,1,3,3,1,3,1,0,0.0,0.3636794686317444,2,stale-soft,0.0,6,248,105,CORRECT,0,0,0,0,0,0,0.0,0.0
margin,live-delta,2,0.0,0.316659,0.581161,0.027158,0.980469,0.434525,0.584525,0.04121026396751404,0.4416483938694,0.400438129901886,-0.0,1.0,1.0,1,3,3,1,3,1,0,0.0,0.19013172388076782,2,stale-soft,0.0,6,249,115,CORRECT,0,0,0,0,0,0,0.0,0.0
margin,live-delta,2,0.0,0.316659,0.581161,0.027158,0.980469,0.434525,0.584525,0.08134958148002625,0.4839929938316345,0.4026434123516083,-0.0,1.0,1.0,1,3,3,1,3,1,0,0.0,0.12375488877296448,2,stale-soft,0.0,6,250,107,CORRECT,0,0,0,0,0,0,0.0,0.0
margin,live-delta,2,0.0,0.316659,0.581161,0.027158,0.980469,0.434525,0.584525,0.5856990814208984,0.919346809387207,0.3336476981639862,-0.0,1.0,1.0,1,3,3,1,3,1,0,0.0,0.6660169363021851,2,stale-soft,0.0,6,251,105,CORRECT,0,0,0,0,0,0,0.0,0.0
margin,live-delta,2,0.0,0.316659,0.581161,0.027158,0.980469,0.434525,0.584525,0.04148721694946289,0.558095395565033,0.5166081786155701,1.6165721416473389,5.0357985496521,0.4429546594619751,7,3,3,1,3,1,0,0.0,0.1545422077178955,2,stale-soft,0.0,6,253,123,CORRECT,0,0,0,0,0,0,0.0,0.0
margin,live-delta,2,0.0,0.316659,0.581161,0.027158,0.980469,0.434525,0.584525,0.06869560480117798,0.5217567086219788,0.4530611038208008,0.5031468272209167,1.653917670249939,0.7980114221572876,2,3,3,1,3,1,0,0.0,0.24860435724258423,2,stale-soft,0.0,6,254,102,CORRECT,0,0,0,0,0,0,0.0,0.0
margin,live-delta,2,0.0,0.316659,0.581161,0.027158,0.980469,0.434525,0.584525,0.20871633291244507,0.6134811043739319,0.4047647714614868,-0.0,1.0,1.0,1,3,3,1,3,1,0,0.0,0.44915974140167236,2,stale-soft,0.0,6,255,122,CORRECT,0,0,0,0,0,0,0.0,0.0
margin,live-delta,3,0.0,0.316659,0.581161,0.027361,0.980469,0.431924,0.581924,0.010410964488983154,0.6283859014511108,0.6179749369621277,1.6523504257202148,5.21923303604126,0.39353707432746887,12,0,0,1,0,1,0,0.0,0.4211970567703247,2,stale-soft,0.0,6,0,1,CORRECT,0,0,0,0,0,0,0.0,0.0
margin,live-delta,3,0.0,0.316659,0.581161,0.027361,0.980469,0.431924,0.581924,0.027423739433288574,0.5380635857582092,0.5106398463249207,1.4051735401153564,4.076233863830566,0.4109155237674713,5,0,0,1,0,1,0,0.0,0.15982535481452942,2,stale-soft,0.0,6,1,20,CORRECT,0,0,0,0,0,0,0.0,0.0
margin,live-delta,3,0.0,0.316659,0.581161,0.027361,0.980469,0.431924,0.581924,0.050639808177948,0.6435017585754395,0.5928619503974915,2.2411506175994873,9.404145240783691,0.36960169672966003,20,0,0,1,0,1,0,0.02885514870285988,0.12750685214996338,2,stale-soft,0.0,6,2,9,CORRECT,0,0,0,0,0,0,0.0,0.0
margin,live-delta,3,0.0,0.316659,0.581161,0.027361,0.980469,0.431924,0.581924,0.06146073341369629,0.7017878293991089,0.6403270959854126,1.7371046543121338,5.680871486663818,0.5133206248283386,20,0,0,1,0,1,0,0.0,0.3001031279563904,2,stale-soft,0.0,6,3,11,CORRECT,0,0,0,0,0,0,0.0,0.0
margin,live-delta,3,0.0,0.316659,0.581161,0.027361,0.980469,0.431924,0.581924,0.00846010446548462,0.6306256651878357,0.6221655607223511,1.8985705375671387,6.67634391784668,0.27257686853408813,12,0,0,1,0,1,0,0.0,0.28596949577331543,2,stale-soft,0.0,6,4,7,CORRECT,0,0,0,0,0,0,0.0,0.0
margin,live-delta,3,0.0,0.316659,0.581161,0.027361,0.980469,0.431924,0.581924,0.0811147689819336,0.6353706121444702,0.5542558431625366,1.3638014793395996,3.9110326766967773,0.6225441694259644,10,0,0,1,0,1,0,0.0,0.3104957342147827,2,stale-soft,0.0,6,5,13,CORRECT,0,0,0,0,0,0,0.0,0.0
margin,live-delta,3,0.0,0.316659,0.581161,0.027361,0.980469,0.431924,0.581924,0.06274926662445068,0.6143373250961304,0.5515880584716797,2.188760280609131,8.924142837524414,0.3696720600128174,16,0,0,1,0,1,0,0.0,0.27448686957359314,2,stale-soft,0.0,6,6,27,CORRECT,0,0,0,0,0,0,0.0,0.0
margin,live-delta,3,0.0,0.316659,0.581161,0.027361,0.980469,0.431924,0.581924,0.20145222544670105,0.49529898166656494,0.2938467562198639,-0.0,1.0,1.0,1,0,0,1,0,1,0,0.0,0.2533314526081085,2,stale-soft,0.0,6,7,7,CORRECT,0,0,0,0,0,0,0.0,0.0
margin,live-delta,3,0.0,0.316659,0.581161,0.027361,0.980469,0.431924,0.581924,0.01923549175262451,0.5491013526916504,0.5298658609390259,0.9009630084037781,2.461972951889038,0.546999990940094,3,0,0,1,0,1,0,0.0,0.29908043146133423,2,stale-soft,0.0,6,8,12,CORRECT,0,0,0,0,0,0,0.0,0.0
margin,live-delta,3,0.0,0.316659,0.581161,0.027361,0.980469,0.431924,0.581924,0.08658438920974731,0.6821415424346924,0.5955571532249451,1.345367193222046,3.8395960330963135,0.666522741317749,14,0,0,1,0,1,0,0.0,0.3324471116065979,2,stale-soft,0.0,6,9,12,CORRECT,0,0,0,0,0,0,0.0,0.0
margin,live-delta,3,0.0,0.316659,0.581161,0.027361,0.980469,0.431924,0.581924,0.032585084438323975,0.5376241207122803,0.5050390362739563,1.7248879671096802,5.611892223358154,0.37664708495140076,7,0,0,1,0,1,0,0.0,0.25365039706230164,2,stale-soft,0.0,6,10,26,CORRECT,0,0,0,0,0,0,0.0,0.0
margin,live-delta,3,0.0,0.316659,0.581161,0.027361,0.980469,0.431924,0.581924,0.03140741586685181,0.5394497513771057,0.5080423355102539,1.5943386554718018,4.925070762634277,0.3753001093864441,6,0,0,1,0,1,0,0.05313849076628685,0.09774124622344971,2,stale-soft,0.0,6,11,24,CORRECT,0,0,0,0,0,0,0.0,0.0
margin,live-delta,3,0.0,0.316659,0.581161,0.027361,0.980469,0.431924,0.581924,0.0076819658279418945,0.6589006185531616,0.6512186527252197,1.9956552982330322,7.357022285461426,0.25636789202690125,16,0,0,1,0,1,0,0.0029401860665529966,0.2234070599079132,2,stale-soft,0.0,6,12,20,CORRECT,0,0,0,0,0,0,0.0,0.0
margin,live-delta,3,0.0,0.316659,0.581161,0.027361,0.980469,0.431924,0.581924,0.004485070705413818,0.6025277972221375,0.5980427265167236,1.6842626333236694,5.388476371765137,0.34370318055152893,9,0,0,1,0,1,0,0.0,0.2551659345626831,2,stale-soft,0.0,6,13,28,CORRECT,0,0,0,0,0,0,0.0,0.0
margin,live-delta,3,0.0,0.316659,0.581161,0.027361,0.980469,0.431924,0.581924,0.00681459903717041,0.6395174264907837,0.6327028274536133,1.742594838142395,5.712146282196045,0.31890997290611267,13,0,0,1,0,1,0,0.0,0.24252021312713623,2,stale-soft,0.0,6,14,26,CORRECT,0,0,0,0,0,0,0.0,0.0
margin,live-delta,3,0.0,0.316659,0.581161,0.027361,0.980469,0.431924,0.581924,0.04385042190551758,0.664881706237793,0.6210312843322754,1.8732951879501343,6.509711742401123,0.4243165850639343,15,0,0,1,0,1,0,0.0,0.2546462416648865,2,stale-soft,0.0,6,15,13,CORRECT,0,0,0,0,0,0,0.0,0.0
margin,live-delta,3,0.0,0.316659,0.581161,0.027361,0.980469,0.431924,0.581924,0.004398524761199951,0.5671542882919312,0.5627557635307312,2.4488868713378906,11.575454711914062,0.15280966460704803,15,0,0,1,0,1,0,0.0,0.18216466903686523,2,stale-soft,0.0,6,16,12,CORRECT,0,0,0,0,0,0,0.0,0.0
margin,live-delta,3,0.0,0.316659,0.581161,0.027361,0.980469,0.431924,0.581924,0.020671069622039795,0.6850572228431702,0.6643861532211304,2.0121259689331055,7.479200839996338,0.3316110372543335,20,0,0,1,0,1,0,0.003372406819835305,0.22941678762435913,2,stale-soft,0.0,6,17,30,CORRECT,0,0,0,0,0,0,0.0,0.0
margin,live-delta,3,0.0,0.316659,0.581161,0.027361,0.980469,0.431924,0.581924,0.13047552108764648,0.7553185224533081,0.6248430013656616,1.1679840087890625,3.215503692626953,0.7539670467376709,20,0,0,1,0,1,0,0.002601843560114503,0.283456414937973,2,stale-soft,0.0,6,18,30,CORRECT,0,0,0,0,0,0,0.0,0.0
margin,live-delta,3,0.0,0.316659,0.581161,0.027361,0.980469,0.431924,0.581924,0.214311420917511,0.7999751567840576,0.5856637358665466,0.5485446453094482,1.7307323217391968,0.908501148223877,20,0,0,1,0,1,0,0.004073731601238251,0.29287320375442505,2,stale-soft,0.0,6,19,30,CORRECT,0,0,0,0,0,0,0.0,0.0
margin,live-delta,3,0.0,0.316659,0.581161,0.027361,0.980469,0.431924,0.581924,0.005678772926330566,0.6305544376373291,0.6248756647109985,2.548046588897705,12.782110214233398,0.17128898203372955,20,0,0,1,0,1,0,0.0080642681568861,0.1527954638004303,2,stale-soft,0.0,6,20,0,CORRECT,0,0,0,0,0,0,0.0,0.0
margin,live-delta,3,0.0,0.316659,0.581161,0.027361,0.980469,0.431924,0.581924,0.01732957363128662,0.7488837242126465,0.7315541505813599,1.1112756729125977,3.038231611251831,0.5228093862533569,12,0,0,1,0,1,0,0.001210898975841701,0.3033927083015442,2,stale-soft,0.0,6,21,25,CORRECT,0,0,0,0,0,0,0.0,0.0
margin,live-delta,3,0.0,0.316659,0.581161,0.027361,0.980469,0.431924,0.581924,0.015865683555603027,0.6977767944335938,0.6819111108779907,1.810847282409668,6.115626811981201,0.4170607924461365,20,0,0,1,0,1,0,0.0,0.3739209473133087,2,stale-soft,0.0,6,22,1,CORRECT,0,0,0,0,0,0,0.0,0.0
margin,live-delta,3,0.0,0.316659,0.581161,0.027361,0.980469,0.431924,0.581924,0.05592668056488037,0.6982558965682983,0.642329216003418,2.023435592651367,7.564268112182617,0.4559248089790344,20,0,0,1,0,1,0,0.0,0.3412684202194214,2,stale-soft,0.0,6,23,1,CORRECT,0,0,0,0,0,0,0.0,0.0
margin,live-delta,3,0.0,0.316659,0.581161,0.027361,0.980469,0.431924,0.581924,0.078667551279068,0.550545334815979,0.471877783536911,0.6921436190605164,1.99799382686615,0.765525221824646,3,0,1,0,1,0,1,0.9242562651634216,-0.11566036939620972,0,stale-soft,0.0,6,24,33,BLENDED,0,0,0,0,0,0,0.0,0.0
margin,live-delta,3,0.0,0.316659,0.581161,0.027361,0.980469,0.431924,0.581924,0.01704925298690796,0.6313489079475403,0.6142996549606323,2.4893836975097656,12.053845405578613,0.25167083740234375,20,0,0,1,0,1,0,0.0,0.19294020533561707,2,stale-soft,0.0,6,25,30,CORRECT,0,0,0,0,0,0,0.0,0.0
margin,live-delta,3,0.0,0.316659,0.581161,0.027361,0.980469,0.431924,0.581924,0.02894890308380127,0.5523542165756226,0.5234053134918213,1.8469512462615967,6.34045934677124,0.3721979856491089,9,0,0,1,0,1,0,0.0,0.17663002014160156,2,stale-soft,0.0,6,26,27,CORRECT,0,0,0,0,0,0,0.0,0.0
margin,live-delta,3,0.0,0.316659,0.581161,0.027361,0.980469,0.431924,0.581924,0.04773306846618652,0.6731027364730835,0.625369668006897,1.5769482851028442,4.84016227722168,0.49535661935806274,13,0,0,1,0,1,0,0.032721105962991714,0.15596485137939453,2,stale-soft,0.0,6,27,16,CORRECT,0,0,0,0,0,0,0.0,0.0
margin,live-delta,3,0.0,0.316659,0.581161,0.027361,0.980469,0.431924,0.581924,0.03371754288673401,0.4923955500125885,0.4586780071258545,1.0246752500534058,2.7861905097961426,0.5177279114723206,3,0,1,0,1,0,1,0.5177279114723206,-0.03371754288673401,0,stale-soft,0.0,6,28,33,BLENDED,0,0,0,0,0,0,0.0,0.0
margin,live-delta,3,0.0,0.316659,0.581161,0.027361,0.980469,0.431924,0.581924,0.00040036439895629883,0.5298848748207092,0.5294845104217529,1.950789451599121,7.034238815307617,0.2577696740627289,9,0,0,1,0,1,0,0.038068629801273346,0.09563377499580383,2,stale-soft,0.0,6,29,13,CORRECT,0,0,0,0,0,0,0.0,0.0
margin,live-delta,3,0.0,0.316659,0.581161,0.027361,0.980469,0.431924,0.581924,0.04991334676742554,0.6916114091873169,0.6416980624198914,1.98904287815094,7.308535099029541,0.4419843256473541,20,0,0,1,0,1,0,0.0,0.3292091190814972,2,stale-soft,0.0,6,30,11,CORRECT,0,0,0,0,0,0,0.0,0.0
margin,live-delta,3,0.0,0.316659,0.581161,0.027361,0.980469,0.431924,0.581924,0.015379726886749268,0.5836501121520996,0.5682703852653503,2.557187080383301,12.899480819702148,0.2153107225894928,20,0,0,1,0,1,0,0.0,0.23106327652931213,2,stale-soft,0.0,6,31,11,CORRECT,0,0,0,0,0,0,0.0,0.0
margin,live-delta,3,0.0,0.316659,0.581161,0.027361,0.980469,0.431924,0.581924,0.00023114681243896484,0.4375622570514679,0.43733111023902893,0.6931445598602295,1.9999947547912598,0.5011556148529053,2,0,0,1,0,1,0,0.0,0.031522005796432495,1,stale-soft,0.0,6,32,7,CORRECT,0,0,0,0,0,0,0.0,0.0
margin,live-delta,3,0.0,0.316659,0.581161,0.027361,0.980469,0.431924,0.581924,0.0088273286819458,0.6656931638717651,0.6568658351898193,2.109105348587036,8.240865707397461,0.32416459918022156,18,0,0,1,0,1,0,0.0,0.29473069310188293,2,stale-soft,0.0,6,33,20,CORRECT,0,0,0,0,0,0,0.0,0.0
margin,live-delta,3,0.0,0.316659,0.581161,0.027361,0.980469,0.431924,0.581924,0.03324735164642334,0.672676146030426,0.6394287943840027,1.7259678840637207,5.617956161499023,0.4474372863769531,16,0,0,1,0,1,0,0.0,0.43574386835098267,2,stale-soft,0.0,6,34,1,CORRECT,0,0,0,0,0,0,0.0,0.0
margin,live-delta,3,0.0,0.316659,0.581161,0.027361,0.980469,0.431924,0.581924,0.06339681148529053,0.6739566326141357,0.6105598211288452,1.2607742547988892,3.5281522274017334,0.6305534839630127,11,0,0,1,0,1,0,0.0056486716493964195,0.23575887084007263,2,stale-soft,0.0,6,35,28,CORRECT,0,0,0,0,0,0,0.0,0.0
margin,live-delta,3,0.0,0.316659,0.581161,0.027361,0.980469,0.431924,0.581924,0.061883509159088135,0.6948245167732239,0.6329410076141357,1.7467552423477173,5.735960483551025,0.5102746486663818,17,0,0,1,0,1,0,0.0,0.39494168758392334,2,stale-soft,0.0,6,36,12,CORRECT,0,0,0,0,0,0,0.0,0.0
margin,live-delta,3,0.0,0.316659,0.581161,0.027361,0.980469,0.431924,0.581924,0.01653200387954712,0.5996271371841431,0.583095133304596,1.8673006296157837,6.470805644989014,0.33110862970352173,10,0,0,1,0,1,0,0.0,0.3770725429058075,2,stale-soft,0.0,6,37,26,CORRECT,0,0,0,0,0,0,0.0,0.0
margin,live-delta,3,0.0,0.316659,0.581161,0.027361,0.980469,0.431924,0.581924,0.01701536774635315,0.5104827880859375,0.49346742033958435,2.5441360473632812,12.732223510742188,0.14697551727294922,14,0,0,1,0,1,0,0.0,0.12907779216766357,2,stale-soft,0.0,6,38,28,CORRECT,0,0,0,0,0,0,0.0,0.0
margin,live-delta,3,0.0,0.316659,0.581161,0.027361,0.980469,0.431924,0.581924,0.0733039379119873,0.7156831622123718,0.6423792243003845,1.932328701019287,6.905572414398193,0.5024093985557556,20,0,0,1,0,1,0,0.0,0.31950700283050537,2,stale-soft,0.0,6,39,11,CORRECT,0,0,0,0,0,0,0.0,0.0
margin,live-delta,3,0.0,0.316659,0.581161,0.027361,0.980469,0.431924,0.581924,0.012021005153656006,0.5193359851837158,0.5073149800300598,1.4654994010925293,4.329705238342285,0.3678397834300995,5,0,0,1,0,1,0,0.0,0.3110678195953369,2,stale-soft,0.0,6,40,18,CORRECT,0,0,0,0,0,0,0.0,0.0
margin,live-delta,3,0.0,0.316659,0.581161,0.027361,0.980469,0.431924,0.581924,0.004130363464355469,0.5956895351409912,0.5915591716766357,2.11102557182312,8.256704330444336,0.2702663838863373,14,0,0,1,0,1,0,0.0,0.1764351725578308,2,stale-soft,0.0,6,41,9,CORRECT,0,0,0,0,0,0,0.0,0.0
margin,live-delta,3,0.0,0.316659,0.581161,0.027361,0.980469,0.431924,0.581924,0.12807446718215942,0.5080372095108032,0.3799627423286438,-0.0,1.0,1.0,1,0,0,1,0,1,0,0.0,0.18090730905532837,2,stale-soft,0.0,6,42,15,CORRECT,0,0,0,0,0,0,0.0,0.0
margin,live-delta,3,0.0,0.316659,0.581161,0.027361,0.980469,0.431924,0.581924,0.029343336820602417,0.5180602669715881,0.4887169301509857,0.9196711778640747,2.508465528488159,0.5750361084938049,3,0,0,1,0,1,1,0.3197586238384247,0.029343336820602417,1,stale-soft,0.0,6,44,6,CORRECT,0,0,0,0,0,0,0.0,0.0
margin,live-delta,3,0.0,0.316659,0.581161,0.027361,0.980469,0.431924,0.581924,0.14111894369125366,0.7220957279205322,0.5809767842292786,0.8475942015647888,2.3340249061584473,0.8195552229881287,15,0,0,1,0,1,0,0.003292722860351205,0.2758523225784302,2,stale-soft,0.0,6,45,30,CORRECT,0,0,0,0,0,0,0.0,0.0
margin,live-delta,3,0.0,0.316659,0.581161,0.027361,0.980469,0.431924,0.581924,0.009380042552947998,0.5576402544975281,0.5482602119445801,2.567770004272461,13.036720275878906,0.14526426792144775,17,0,0,1,0,1,0,0.014949195086956024,0.11369481682777405,2,stale-soft,0.0,6,46,0,CORRECT,0,0,0,0,0,0,0.0,0.0
margin,live-delta,3,0.0,0.316659,0.581161,0.027361,0.980469,0.431924,0.581924,0.039743661880493164,0.7065777778625488,0.6668341159820557,1.896702527999878,6.663884162902832,0.4397803246974945,20,0,0,1,0,1,0,0.0,0.3557187616825104,2,stale-soft,0.0,6,47,11,CORRECT,0,0,0,0,0,0,0.0,0.0
margin,live-delta,3,0.0,0.316659,0.581161,0.027361,0.980469,0.431924,0.581924,0.00565028190612793,0.4656926989555359,0.46004241704940796,0.6915533542633057,1.9968148469924927,0.5282214283943176,2,0,0,1,0,1,0,0.0,0.11049196124076843,2,stale-soft,0.0,6,48,16,CORRECT,0,0,0,0,0,0,0.0,0.0
margin,live-delta,3,0.0,0.316659,0.581161,0.027361,0.980469,0.431924,0.581924,0.004724025726318359,0.6174630522727966,0.6127390265464783,2.6217949390411377,13.760400772094727,0.1533571481704712,20,0,0,1,0,1,0,0.0,0.2107999622821808,2,stale-soft,0.0,6,49,18,CORRECT,0,0,0,0,0,0,0.0,0.0
margin,live-delta,3,0.0,0.316659,0.581161,0.027361,0.980469,0.431924,0.581924,0.021081984043121338,0.631973922252655,0.6108919382095337,2.38700532913208,10.880860328674316,0.24051174521446228,20,0,0,1,0,1,0,0.0,0.2994708716869354,2,stale-soft,0.0,6,50,11,CORRECT,0,0,0,0,0,0,0.0,0.0
margin,live-delta,3,0.0,0.316659,0.581161,0.027361,0.980469,0.431924,0.581924,0.04159349203109741,0.6099201440811157,0.5683266520500183,2.021919012069702,7.552804946899414,0.36446043848991394,13,0,0,1,0,1,0,0.049303989857435226,0.1000206470489502,2,stale-soft,0.0,6,51,30,CORRECT,0,0,0,0,0,0,0.0,0.0
margin,live-delta,3,0.0,0.316659,0.581161,0.027361,0.980469,0.431924,0.581924,0.04602915048599243,0.6817589998245239,0.6357298493385315,1.995059609413147,7.3526411056518555,0.450581818819046,20,0,0,1,0,1,0,0.0,0.2529265582561493,2,stale-soft,0.0,6,52,30,CORRECT,0,0,0,0,0,0,0.0,0.0
margin,live-delta,3,0.0,0.316659,0.581161,0.027361,0.980469,0.431924,0.581924,0.02947831153869629,0.6125665903091431,0.5830882787704468,2.140479326248169,8.503512382507324,0.29867419600486755,13,0,0,1,0,1,0,0.0,0.2717077136039734,2,stale-soft,0.0,6,53,7,CORRECT,0,0,0,0,0,0,0.0,0.0
margin,live-delta,3,0.0,0.316659,0.581161,0.027361,0.980469,0.431924,0.581924,0.039527952671051025,0.6817615628242493,0.6422336101531982,1.431990146636963,4.187023639678955,0.5213594436645508,11,0,0,1,0,1,0,0.006870566867291927,0.21645966172218323,2,stale-soft,0.0,6,54,16,CORRECT,0,0,0,0,0,0,0.0,0.0
margin,live-delta,3,0.0,0.316659,0.581161,0.027361,0.980469,0.431924,0.581924,0.1259809136390686,0.7112128138542175,0.5852319002151489,1.3836485147476196,3.9894306659698486,0.7028036117553711,20,0,0,1,0,1,0,0.005887160077691078,0.2391151487827301,2,stale-soft,0.0,6,55,30,CORRECT,0,0,0,0,0,0,0.0,0.0
margin,live-delta,3,0.0,0.316659,0.581161,0.027361,0.980469,0.431924,0.581924,0.04841500520706177,0.5435279607772827,0.49511295557022095,1.625753402709961,5.082246780395508,0.4350970387458801,7,0,0,1,0,1,0,0.0,0.2726425230503082,2,stale-soft,0.0,6,56,1,CORRECT,0,0,0,0,0,0,0.0,0.0
margin,live-delta,3,0.0,0.316659,0.581161,0.027361,0.980469,0.431924,0.581924,0.011501491069793701,0.5289517045021057,0.517450213432312,2.4112439155578613,11.147819519042969,0.16646654903888702,13,0,0,1,0,1,0,0.0,0.12112635374069214,2,stale-soft,0.0,6,57,28,CORRECT,0,0,0,0,0,0,0.0,0.0
margin,live-delta,3,0.0,0.316659,0.581161,0.027361,0.980469,0.431924,0.581924,0.027495503425598145,0.521161675453186,0.4936661720275879,1.849459171295166,6.356380939483643,0.27965304255485535,7,0,0,1,0,1,0,0.0,0.11345532536506653,2,stale-soft,0.0,6,58,28,CORRECT,0,0,0,0,0,0,0.0,0.0
margin,live-delta,3,0.0,0.316659,0.581161,0.027361,0.980469,0.431924,0.581924,0.0455852746963501,0.7100707292556763,0.6644854545593262,1.6763778924942017,5.346156597137451,0.4960916340351105,20,0,0,1,0,1,0,0.0,0.41332536935806274,2,stale-soft,0.0,6,59,11,CORRECT,0,0,0,0,0,0,0.0,0.0
margin,live-delta,3,0.0,0.316659,0.581161,0.027361,0.980469,0.431924,0.581924,0.0009667277336120605,0.7287241816520691,0.727757453918457,1.377142310142517,3.9635589122772217,0.3558221161365509,12,0,0,1,0,1,0,0.0,0.41136324405670166,2,stale-soft,0.0,6,61,25,CORRECT,0,0,0,0,0,0,0.0,0.0
margin,live-delta,3,0.0,0.316659,0.581161,0.027361,0.980469,0.431924,0.581924,0.03774535655975342,0.5500203371047974,0.512274980545044,1.607927918434143,4.992455959320068,0.4335188567638397,7,0,0,1,0,1,0,0.0,0.1310868263244629,2,stale-soft,0.0,6,62,16,CORRECT,0,0,0,0,0,0,0.0,0.0
margin,live-delta,3,0.0,0.316659,0.581161,0.027361,0.980469,0.431924,0.581924,0.0918266773223877,0.7022755146026611,0.6104488372802734,1.6186840534210205,5.046444892883301,0.6052987575531006,20,0,0,1,0,1,0,0.0,0.3652082681655884,2,stale-soft,0.0,6,63,22,CORRECT,0,0,0,0,0,0,0.0,0.0
margin,live-delta,3,0.0,0.316659,0.581161,0.027361,0.980469,0.431924,0.581924,0.0138663649559021,0.6372043490409851,0.623337984085083,2.0766046047210693,7.977336883544922,0.273668497800827,16,1,1,1,1,1,0,0.006435961928218603,0.18750077486038208,2,stale-soft,0.0,6,64,60,CORRECT,0,0,0,0,0,0,0.0,0.0
margin,live-delta,3,0.0,0.316659,0.581161,0.027361,0.980469,0.431924,0.581924,0.07325202226638794,0.7194734811782837,0.6462214589118958,1.3736106157302856,3.949585437774658,0.5937191247940063,12,1,1,1,1,1,0,0.0,0.4203501343727112,2,stale-soft,0.0,6,65,49,CORRECT,0,0,0,0,0,0,0.0,0.0
margin,live-delta,3,0.0,0.316659,0.581161,0.027361,0.980469,0.431924,0.581924,0.27114012837409973,0.7173919677734375,0.44625183939933777,0.028240174055099487,1.0286426544189453,0.9956046342849731,2,1,1,1,1,1,0,0.0,0.4258134365081787,2,stale-soft,0.0,6,66,54,CORRECT,0,0,0,0,0,0,0.0,0.0
margin,live-delta,3,0.0,0.316659,0.581161,0.027361,0.980469,0.431924,0.581924,0.04251831769943237,0.6012977957725525,0.5587794780731201,2.163828134536743,8.704395294189453,0.2915738523006439,13,1,1,1,1,1,0,0.0,0.203637957572937,2,stale-soft,0.0,6,67,42,CORRECT,0,0,0,0,0,0,0.0,0.0
margin,live-delta,3,0.0,0.316659,0.581161,0.027361,0.980469,0.431924,0.581924,0.17981690168380737,0.6864583492279053,0.5066414475440979,0.25104135274887085,1.2853631973266602,0.9491340517997742,4,1,1,1,1,1,0,0.0,0.43639615178108215,2,stale-soft,0.0,6,68,57,CORRECT,0,0,0,0,0,0,0.0,0.0
margin,live-delta,3,0.0,0.316659,0.581161,0.027361,0.980469,0.431924,0.581924,0.026864051818847656,0.5847336053848267,0.557869553565979,1.9622299671173096,7.115176200866699,0.3561709523200989,11,1,1,1,1,1,0,0.017289120703935623,0.1512666940689087,2,stale-soft,0.0,6,69,52,CORRECT,0,0,0,0,0,0,0.0,0.0
margin,live-delta,3,0.0,0.316659,0.581161,0.027361,0.980469,0.431924,0.581924,0.08957570791244507,0.6409652233123779,0.5513895153999329,0.7889871001243591,2.2011656761169434,0.7807247638702393,6,1,1,1,1,1,0,0.0,0.3181228041648865,2,stale-soft,0.0,6,70,57,CORRECT,0,0,0,0,0,0,0.0,0.0
margin,live-delta,3,0.0,0.316659,0.581161,0.027361,0.980469,0.431924,0.581924,0.04689741134643555,0.5237218141555786,0.47682440280914307,1.3581238985061646,3.888890504837036,0.5000370740890503,5,1,1,1,1,1,0,0.09810714423656464,0.08143112063407898,2,stale-soft,0.0,6,71,49,CORRECT,0,0,0,0,0,0,0.0,0.0
margin,live-delta,3,0.0,0.316659,0.581161,0.027361,0.980469,0.431924,0.581924,0.028354287147521973,0.7925995588302612,0.7642452716827393,0.9122671484947205,2.4899611473083496,0.5992596745491028,8,1,1,1,1,1,0,0.0,0.46540719270706177,2,stale-soft,0.0,6,72,40,CORRECT,0,0,0,0,0,0,0.0,0.0
margin,live-delta,3,0.0,0.316659,0.581161,0.027361,0.980469,0.431924,0.581924,0.03947728872299194,0.4474477767944336,0.40797048807144165,-0.0,1.0,1.0,1,1,1,1,1,1,0,0.0,0.04582047462463379,1,stale-soft,0.0,6,73,35,CORRECT,0,0,0,0,0,0,0.0,0.0
margin,live-delta,3,0.0,0.316659,0.581161,0.027361,0.980469,0.431924,0.581924,0.019095420837402344,0.6300061345100403,0.6109107136726379,1.0580501556396484,2.8807485103607178,0.5139190554618835,5,1,1,1,1,1,0,0.0,0.29718226194381714,2,stale-soft,0.0,6,74,32,CORRECT,0,0,0,0,0,0,0.0,0.0
margin,live-delta,3,0.0,0.316659,0.581161,0.027361,0.980469,0.431924,0.581924,0.02758324146270752,0.6517994403839111,0.6242161989212036,1.8663322925567627,6.464542865753174,0.3685320019721985,15,1,1,1,1,1,0,0.01588442549109459,0.17890149354934692,2,stale-soft,0.0,6,75,48,CORRECT,0,0,0,0,0,0,0.0,0.0
margin,live-delta,3,0.0,0.316659,0.581161,0.027361,0.980469,0.431924,0.581924,0.006723225116729736,0.587090253829956,0.5803670287132263,1.997665286064148,7.371824741363525,0.29214125871658325,12,1,1,1,1,1,0,0.013155153952538967,0.15502119064331055,2,stale-soft,0.0,6,76,35,CORRECT,0,0,0,0,0,0,0.0,0.0
margin,live-delta,3,0.0,0.316659,0.581161,0.027361,0.980469,0.431924,0.581924,0.01150047779083252,0.4391584098339081,0.42765793204307556,-0.0,1.0,1.0,1,1,1,1,1,1,0,0.0,0.11116591095924377,2,stale-soft,0.0,6,77,58,CORRECT,0,0,0,0,0,0,0.0,0.0
margin,live-delta,3,0.0,0.316659,0.581161,0.027361,0.980469,0.431924,0.581924,0.046075284481048584,0.485497385263443,0.4394221007823944,0.5972926616668701,1.8171924352645874,0.7153488397598267,2,1,1,1,1,1,0,0.0,0.11503127217292786,2,stale-soft,0.0,6,78,37,CORRECT,0,0,0,0,0,0,0.0,0.0
margin,live-delta,3,0.0,0.316659,0.581161,0.027361,0.980469,0.431924,0.581924,0.011427760124206543,0.43584972620010376,0.4244219660758972,-0.0,1.0,1.0,1,1,1,1,1,1,0,0.0,0.09523272514343262,2,stale-soft,0.0,6,79,55,CORRECT,0,0,0,0,0,0,0.0,0.0
margin,live-delta,3,0.0,0.316659,0.581161,0.027361,0.980469,0.431924,0.581924,0.047071754932403564,0.580012857913971,0.5329411029815674,1.3667778968811035,3.9226911067962646,0.5523421764373779,7,1,0,0,0,0,1,0.941399097442627,-0.1121707558631897,0,stale-soft,0.0,6,80,24,BLENDED,0,0,0,0,0,0,0.0,0.0
margin,live-delta,3,0.0,0.316659,0.581161,0.027361,0.980469,0.431924,0.581924,0.06020021438598633,0.6887730360031128,0.6285728216171265,1.2882663011550903,3.6264939308166504,0.556942343711853,7,1,1,1,1,1,0,0.0,0.5219050645828247,2,stale-soft,0.0,6,81,50,CORRECT,0,0,0,0,0,0,0.0,0.0
margin,live-delta,3,0.0,0.316659,0.581161,0.027361,0.980469,0.431924,0.581924,0.06465297937393188,0.675824761390686,0.6111717820167542,1.559347152709961,4.755715370178223,0.5730307102203369,15,1,1,1,1,1,0,0.0,0.3446776866912842,2,stale-soft,0.0,6,82,61,CORRECT,0,0,0,0,0,0,0.0,0.0
margin,live-delta,3,0.0,0.316659,0.581161,0.027361,0.980469,0.431924,0.581924,0.062261730432510376,0.522896409034729,0.46063467860221863,0.5313348770141602,1.7012016773223877,0.7764738202095032,2,1,1,1,1,1,0,0.0,0.20996356010437012,2,stale-soft,0.0,6,83,42,CORRECT,0,0,0,0,0,0,0.0,0.0
margin,live-delta,3,0.0,0.316659,0.581161,0.027361,0.980469,0.431924,0.581924,0.007027864456176758,0.595234215259552,0.5882063508033752,1.52702796459198,4.604471683502197,0.3388727009296417,8,1,1,1,1,1,0,0.0,0.3471389412879944,2,stale-soft,0.0,6,84,52,CORRECT,0,0,0,0,0,0,0.0,0.0
margin,live-delta,3,0.0,0.316659,0.581161,0.027361,0.980469,0.431924,0.581924,0.002056121826171875,0.5324323177337646,0.5303761959075928,1.8762980699539185,6.529289245605469,0.2596917748451233,8,1,1,1,1,1,1,0.1339084506034851,0.06689471006393433,2,stale-soft,0.0,6,85,41,CORRECT,0,0,0,0,0,0,0.0,0.0
margin,live-delta,3,0.0,0.316659,0.581161,0.027361,0.980469,0.431924,0.581924,0.014487236738204956,0.49048975110054016,0.4760025143623352,1.3602098226547241,3.8970108032226562,0.3414223790168762,4,1,0,0,0,0,1,0.5969616174697876,-0.02302202582359314,0,stale-soft,0.0,6,86,25,BLENDED,0,0,0,0,0,0,0.0,0.0
margin,live-delta,3,0.0,0.316659,0.581161,0.027361,0.980469,0.431924,0.581924,0.30191630125045776,0.8589409589767456,0.5570246577262878,0.06216157227754593,1.0641342401504517,0.9920988082885742,11,1,1,1,1,1,0,0.0014002482639625669,0.3508061170578003,2,stale-soft,0.0,6,87,43,CORRECT,0,0,0,0,0,0,0.0,0.0
margin,live-delta,3,0.0,0.316659,0.581161,0.027361,0.980469,0.431924,0.581924,0.023692190647125244,0.6738309860229492,0.650138795375824,1.1719838380813599,3.22839093208313,0.5001707673072815,7,1,1,1,1,1,0,0.0,0.38304105401039124,2,stale-soft,0.0,6,88,61,CORRECT,0,0,0,0,0,0,0.0,0.0
margin,live-delta,3,0.0,0.316659,0.581161,0.027361,0.980469,0.431924,0.581924,0.01702946424484253,0.6745926737785339,0.6575632095336914,1.6434307098388672,5.172885894775391,0.3633873760700226,9,1,1,1,1,1,0,0.0,0.4250260889530182,2,stale-soft,0.0,6,89,39,CORRECT,0,0,0,0,0,0,0.0,0.0
margin,live-delta,3,0.0,0.316659,0.581161,0.027361,0.980469,0.431924,0.581924,0.005663275718688965,0.6045351028442383,0.5988718271255493,1.9217181205749512,6.832687854766846,0.26465296745300293,13,1,1,1,1,1,0,0.0,0.3412850499153137,2,stale-soft,0.0,6,90,39,CORRECT,0,0,0,0,0,0,0.0,0.0
margin,live-delta,3,0.0,0.316659,0.581161,0.027361,0.980469,0.431924,0.581924,0.006245851516723633,0.5371400713920593,0.5308942198753357,2.109865427017212,8.24713134765625,0.18886098265647888,10,1,1,1,1,1,1,0.1361643671989441,0.016357421875,0,stale-soft,0.0,6,91,45,CORRECT,0,0,0,0,0,0,0.0,0.0
margin,live-delta,3,0.0,0.316659,0.581161,0.027361,0.980469,0.431924,0.581924,0.08484706282615662,0.46731051802635193,0.3824634552001953,-0.0,1.0,1.0,1,1,1,1,1,1,0,0.0,0.20996516942977905,2,stale-soft,0.0,6,92,40,CORRECT,0,0,0,0,0,0,0.0,0.0
margin,live-delta,3,0.0,0.316659,0.581161,0.027361,0.980469,0.431924,0.581924,0.03696244955062866,0.5619375705718994,0.5249751210212708,1.8003391027450562,6.051699161529541,0.4071477949619293,9,1,1,1,1,1,0,0.0,0.26756343245506287,2,stale-soft,0.0,6,93,57,CORRECT,0,0,0,0,0,0,0.0,0.0
margin,live-delta,3,0.0,0.316659,0.581161,0.027361,0.980469,0.431924,0.581924,0.001346588134765625,0.6266343593597412,0.6252877712249756,1.8937263488769531,6.644080638885498,0.273932546377182,12,1,1,1,1,1,0,0.0,0.3373410105705261,2,stale-soft,0.0,6,94,61,CORRECT,0,0,0,0,0,0,0.0,0.0
margin,live-delta,3,0.0,0.316659,0.581161,0.027361,0.980469,0.431924,0.581924,0.08536481857299805,0.604717493057251,0.5193526744842529,0.8032584190368652,2.232804536819458,0.7508164644241333,4,1,1,1,1,1,0,0.0,0.21116384863853455,2,stale-soft,0.0,6,95,41,CORRECT,0,0,0,0,0,0,0.0,0.0
margin,live-delta,3,0.0,0.316659,0.581161,0.027361,0.980469,0.431924,0.581924,0.005658745765686035,0.6051054000854492,0.5994466543197632,2.0496437549591064,7.765134334564209,0.24924463033676147,12,1,1,1,1,1,0,0.0,0.39281249046325684,2,stale-soft,0.0,6,96,54,CORRECT,0,0,0,0,0,0,0.0,0.0
margin,live-delta,3,0.0,0.316659,0.581161,0.027361,0.980469,0.431924,0.581924,0.06105303764343262,0.7184756994247437,0.657422661781311,1.0150387287139893,2.759470224380493,0.6803184151649475,8,1,1,1,1,1,0,0.0,0.4032242000102997,2,stale-soft,0.0,6,97,40,CORRECT,0,0,0,0,0,0,0.0,0.0
margin,live-delta,3,0.0,0.316659,0.581161,0.027361,0.980469,0.431924,0.581924,0.013661503791809082,0.582595705986023,0.5689342021942139,1.1959669589996338,3.306753635406494,0.43847981095314026,4,1,1,1,1,1,0,0.0,0.2990831136703491,2,stale-soft,0.0,6,98,56,CORRECT,0,0,0,0,0,0,0.0,0.0
margin,live-delta,3,0.0,0.316659,0.581161,0.027361,0.980469,0.431924,0.581924,0.28284555673599243,0.7437993288040161,0.4609537720680237,0.043186262249946594,1.0441323518753052,0.993588924407959,3,1,1,1,1,1,0,0.0,0.5071672201156616,2,stale-soft,0.0,6,99,41,CORRECT,0,0,0,0,0,0,0.0,0.0
margin,live-delta,3,0.0,0.316659,0.581161,0.027361,0.980469,0.431924,0.581924,0.008107304573059082,0.5988267660140991,0.59071946144104,0.7947788834571838,2.213951349258423,0.5259713530540466,3,1,1,1,1,1,0,0.0,0.31339359283447266,2,stale-soft,0.0,6,100,61,CORRECT,0,0,0,0,0,0,0.0,0.0
margin,live-delta,3,0.0,0.316659,0.581161,0.027361,0.980469,0.431924,0.581924,0.018241524696350098,0.48883119225502014,0.47058966755867004,1.0598750114440918,2.88601016998291,0.45503970980644226,3,1,3,0,3,0,1,1.0,-0.08488729596138,0,stale-soft,0.0,6,101,123,BLENDED,0,0,0,0,0,0,0.0,0.0
margin,live-delta,3,0.0,0.316659,0.581161,0.027361,0.980469,0.431924,0.581924,0.06546664237976074,0.6314265727996826,0.5659599304199219,1.6402329206466675,5.156370639801025,0.4877015948295593,9,1,1,1,1,1,0,0.0,0.36988168954849243,2,stale-soft,0.0,6,102,62,CORRECT,0,0,0,0,0,0,0.0,0.0
margin,live-delta,3,0.0,0.316659,0.581161,0.027361,0.980469,0.431924,0.581924,0.018510043621063232,0.6128389239311218,0.5943288803100586,1.2699309587478638,3.5606067180633545,0.501042902469635,8,1,1,1,1,1,0,0.0,0.2733041048049927,2,stale-soft,0.0,6,103,54,CORRECT,0,0,0,0,0,0,0.0,0.0
margin,live-delta,3,0.0,0.316659,0.581161,0.027361,0.980469,0.431924,0.581924,0.0038860440254211426,0.6102866530418396,0.6064006090164185,1.8849693536758423,6.58615255355835,0.320635050535202,12,1,1,1,1,1,0,0.0,0.3647603988647461,2,stale-soft,0.0,6,104,49,CORRECT,0,0,0,0,0,0,0.0,0.0
margin,live-delta,3,0.0,0.316659,0.581161,0.027361,0.980469,0.431924,0.581924,0.07134711742401123,0.705420970916748,0.6340738534927368,1.272269606590271,3.568943500518799,0.6077620983123779,9,1,1,1,1,1,0,0.0,0.4852299094200134,2,stale-soft,0.0,6,105,40,CORRECT,0,0,0,0,0,0,0.0,0.0
margin,live-delta,3,0.0,0.316659,0.581161,0.027361,0.980469,0.431924,0.581924,0.07959204912185669,0.7538836598396301,0.6742916107177734,0.9749141335487366,2.650939464569092,0.7221004962921143,11,1,1,1,1,1,0,0.0,0.4799800217151642,2,stale-soft,0.0,6,106,39,CORRECT,0,0,0,0,0,0,0.0,0.0
margin,live-delta,3,0.0,0.316659,0.581161,0.027361,0.980469,0.431924,0.581924,0.011961400508880615,0.617219865322113,0.6052584648132324,1.6458401679992676,5.185364723205566,0.4047010540962219,12,1,1,1,1,1,1,0.2102506011724472,0.07979494333267212,2,stale-soft,0.0,6,107,60,CORRECT,0,0,0,0,0,0,0.0,0.0
margin,live-delta,3,0.0,0.316659,0.581161,0.027361,0.980469,0.431924,0.581924,0.04879361391067505,0.6414546966552734,0.5926610827445984,1.8012748956680298,6.0573649406433105,0.4697282016277313,13,1,1,1,1,1,0,0.0,0.362080454826355,2,stale-soft,0.0,6,108,49,CORRECT,0,0,0,0,0,0,0.0,0.0
margin,live-delta,3,0.0,0.316659,0.581161,0.027361,0.980469,0.431924,0.581924,0.005373120307922363,0.6084858179092407,0.6031126976013184,1.3665761947631836,3.9218997955322266,0.4060872793197632,6,1,1,1,1,1,0,0.0,0.3015759587287903,2,stale-soft,0.0,6,109,62,CORRECT,0,0,0,0,0,0,0.0,0.0
margin,live-delta,3,0.0,0.316659,0.581161,0.027361,0.980469,0.431924,0.581924,0.029764771461486816,0.6916086673736572,0.6618438959121704,1.3965046405792236,4.041050434112549,0.49262890219688416,7,1,1,1,1,1,0,0.0,0.47904616594314575,2,stale-soft,0.0,6,111,32,CORRECT,0,0,0,0,0,0,0.0,0.0
margin,live-delta,3,0.0,0.316659,0.581161,0.027361,0.980469,0.431924,0.581924,0.0655626654624939,0.6678102612495422,0.6022475957870483,1.351669192314148,3.8638696670532227,0.5632051229476929,8,1,1,1,1,1,0,0.0,0.4308151602745056,2,stale-soft,0.0,6,112,46,CORRECT,0,0,0,0,0,0,0.0,0.0
margin,live-delta,3,0.0,0.316659,0.581161,0.027361,0.980469,0.431924,0.581924,0.024531066417694092,0.5232676267623901,0.49873656034469604,0.6639403104782104,1.942431092262268,0.6202526092529297,2,1,1,1,1,1,0,0.0,0.2562590539455414,2,stale-soft,0.0,6,113,34,CORRECT,0,0,0,0,0,0,0.0,0.0
margin,live-delta,3,0.0,0.316659,0.581161,0.027361,0.980469,0.431924,0.581924,0.03674370050430298,0.6705558896064758,0.6338121891021729,1.3942354917526245,4.031890869140625,0.5270095467567444,11,1,1,1,1,1,0,0.0,0.39768946170806885,2,stale-soft,0.0,6,114,57,CORRECT,0,0,0,0,0,0,0.0,0.0
margin,live-delta,3,0.0,0.316659,0.581161,0.027361,0.980469,0.431924,0.581924,0.0519755482673645,0.5355624556541443,0.4835869073867798,1.6768550872802734,5.348708152770996,0.42201805114746094,7,1,1,1,1,1,1,0.12355606257915497,0.09194368124008179,2,stale-soft,0.0,6,115,38,CORRECT,0,0,0,0,0,0,0.0,0.0
margin,live-delta,3,0.0,0.316659,0.581161,0.027361,0.980469,0.431924,0.581924,0.07225793600082397,0.610309898853302,0.538051962852478,1.1016435623168945,3.0091075897216797,0.6662366390228271,6,1,1,1,1,1,0,0.0,0.33518922328948975,2,stale-soft,0.0,6,116,54,CORRECT,0,0,0,0,0,0,0.0,0.0
margin,live-delta,3,0.0,0.316659,0.581161,0.027361,0.980469,0.431924,0.581924,0.10138309001922607,0.6700421571731567,0.5686590671539307,1.3149303197860718,3.7244913578033447,0.6613844633102417,11,1,1,1,1,1,0,0.0060916864313185215,0.23437052965164185,2,stale-soft,0.0,6,117,49,CORRECT,0,0,0,0,0,0,0.0,0.0
margin,live-delta,3,0.0,0.316659,0.581161,0.027361,0.980469,0.431924,0.581924,0.030777424573898315,0.44668951630592346,0.41591209173202515,-0.0,1.0,1.0,1,1,1,1,1,1,0,0.0,0.21114350855350494,2,stale-soft,0.0,6,118,48,CORRECT,0,0,0,0,0,0,0.0,0.0
margin,live-delta,3,0.0,0.316659,0.581161,0.027361,0.980469,0.431924,0.581924,0.04402768611907959,0.5582033395767212,0.5141756534576416,1.2380722761154175,3.448958396911621,0.5489068627357483,5,1,1,1,1,1,0,0.0,0.15230268239974976,2,stale-soft,0.0,6,119,49,CORRECT,0,0,0,0,0,0,0.0,0.0
margin,live-delta,3,0.0,0.316659,0.581161,0.027361,0.980469,0.431924,0.581924,0.001757204532623291,0.6123923659324646,0.6106351613998413,1.5024776458740234,4.492806911468506,0.36509791016578674,8,1,1,1,1,1,0,0.0,0.3293934762477875,2,stale-soft,0.0,6,120,57,CORRECT,0,0,0,0,0,0,0.0,0.0
margin,live-delta,3,0.0,0.316659,0.581161,0.027361,0.980469,0.431924,0.581924,0.028531432151794434,0.6142705678939819,0.5857391357421875,1.6760135889053345,5.34420919418335,0.4328081011772156,10,1,1,1,1,1,0,0.013907910324633121,0.17189186811447144,2,stale-soft,0.0,6,121,52,CORRECT,0,0,0,0,0,0,0.0,0.0
margin,live-delta,3,0.0,0.316659,0.581161,0.027361,0.980469,0.431924,0.581924,0.04132509231567383,0.6418052911758423,0.6004801988601685,1.580040454864502,4.855152130126953,0.45793282985687256,8,1,1,1,1,1,0,0.0,0.3827874958515167,2,stale-soft,0.0,6,122,52,CORRECT,0,0,0,0,0,0,0.0,0.0
margin,live-delta,3,0.0,0.316659,0.581161,0.027361,0.980469,0.431924,0.581924,0.1144600510597229,0.5257062911987305,0.41124624013900757,-0.0,1.0,1.0,1,1,1,1,1,1,0,0.0,0.13191860914230347,2,stale-soft,0.0,6,123,43,CORRECT,0,0,0,0,0,0,0.0,0.0
margin,live-delta,3,0.0,0.316659,0.581161,0.027361,0.980469,0.431924,0.581924,0.046421170234680176,0.7209793329238892,0.674558162689209,1.11576509475708,3.0519022941589355,0.623386025428772,11,1,1,1,1,1,0,0.0,0.34347569942474365,2,stale-soft,0.0,6,124,62,CORRECT,0,0,0,0,0,0,0.0,0.0
margin,live-delta,3,0.0,0.316659,0.581161,0.027361,0.980469,0.431924,0.581924,0.02554035186767578,0.5810360312461853,0.5554956793785095,1.8603789806365967,6.426171779632568,0.37988534569740295,11,1,1,1,1,1,0,0.02418176643550396,0.13771352171897888,2,stale-soft,0.0,6,125,38,CORRECT,0,0,0,0,0,0,0.0,0.0
margin,live-delta,3,0.0,0.316659,0.581161,0.027361,0.980469,0.431924,0.581924,0.051419079303741455,0.7271186113357544,0.6756995320320129,0.6819592118263245,1.9777487516403198,0.7220187187194824,5,1,1,1,1,1,0,0.0,0.40758949518203735,2,stale-soft,0.0,6,126,41,CORRECT,0,0,0,0,0,0,0.0,0.0
margin,live-delta,3,0.0,0.316659,0.581161,0.027361,0.980469,0.431924,0.581924,0.1547597050666809,0.7880293130874634,0.6332696080207825,0.43826356530189514,1.5500134229660034,0.9064263701438904,7,1,1,1,1,1,0,0.0,0.45933932065963745,2,stale-soft,0.0,6,127,40,CORRECT,0,0,0,0,0,0,0.0,0.0
margin,live-delta,3,0.0,0.316659,0.581161,0.027361,0.980469,0.431924,0.581924,0.028143763542175293,0.5415035486221313,0.513359785079956,2.266066789627075,9.641404151916504,0.2602808475494385,12,2,2,1,2,1,0,0.0,0.2378905713558197,2,stale-soft,0.0,6,128,66,CORRECT,0,0,0,0,0,0,0.0,0.0
margin,live-delta,3,0.0,0.316659,0.581161,0.027361,0.980469,0.431924,0.581924,0.02547597885131836,0.5951765775680542,0.5697005987167358,2.003215789794922,7.412856101989746,0.3289867043495178,12,2,2,1,2,1,0,0.0,0.3075736165046692,2,stale-soft,0.0,6,129,66,CORRECT,0,0,0,0,0,0,0.0,0.0
margin,live-delta,3,0.0,0.316659,0.581161,0.027361,0.980469,0.431924,0.581924,0.041772425174713135,0.5690668821334839,0.5272944569587708,2.082122802734375,8.021478652954102,0.28111952543258667,10,2,2,1,2,1,0,0.0,0.24107003211975098,2,stale-soft,0.0,6,130,81,CORRECT,0,0,0,0,0,0,0.0,0.0
margin,live-delta,3,0.0,0.316659,0.581161,0.027361,0.980469,0.431924,0.581924,0.07747495174407959,0.7438898086547852,0.6664148569107056,0.6913416981697083,1.9963922500610352,0.7839105725288391,6,2,2,1,2,1,0,0.0,0.5825783014297485,2,stale-soft,0.0,6,133,71,CORRECT,0,0,0,0,0,0,0.0,0.0
margin,live-delta,3,0.0,0.316659,0.581161,0.027361,0.980469,0.431924,0.581924,0.09667551517486572,0.7966054677963257,0.69992995262146,1.1403989791870117,3.1280159950256348,0.7118372917175293,18,2,2,1,2,1,0,0.0,0.5791870355606079,2,stale-soft,0.0,6,134,86,CORRECT,0,0,0,0,0,0,0.0,0.0
margin,live-delta,3,0.0,0.316659,0.581161,0.027361,0.980469,0.431924,0.581924,0.024165570735931396,0.5892134308815002,0.5650478601455688,0.8990680575370789,2.4573118686676025,0.5798836946487427,4,2,2,1,2,1,0,0.0,0.21183645725250244,2,stale-soft,0.0,6,135,91,CORRECT,0,0,0,0,0,0,0.0,0.0
margin,live-delta,3,0.0,0.316659,0.581161,0.027361,0.980469,0.431924,0.581924,0.049243152141571045,0.6251969933509827,0.5759538412094116,2.376845121383667,10.770868301391602,0.33181849122047424,20,2,2,1,2,1,0,0.0,0.3021586835384369,2,stale-soft,0.0,6,136,84,CORRECT,0,0,0,0,0,0,0.0,0.0
margin,live-delta,3,0.0,0.316659,0.581161,0.027361,0.980469,0.431924,0.581924,0.028989076614379883,0.6016455888748169,0.572656512260437,1.7174978256225586,5.570572376251221,0.4020305275917053,10,2,2,1,2,1,0,0.0,0.3383933901786804,2,stale-soft,0.0,6,139,64,CORRECT,0,0,0,0,0,0,0.0,0.0
margin,live-delta,3,0.0,0.316659,0.581161,0.027361,0.980469,0.431924,0.581924,0.0345538854598999,0.6501257419586182,0.6155718564987183,1.050065040588379,2.857836961746216,0.5797074437141418,6,2,2,1,2,1,0,0.0,0.4701628088951111,2,stale-soft,0.0,6,140,80,CORRECT,0,0,0,0,0,0,0.0,0.0
margin,live-delta,3,0.0,0.316659,0.581161,0.027361,0.980469,0.431924,0.581924,0.047999441623687744,0.6712274551391602,0.6232280135154724,1.7030452489852905,5.490642547607422,0.5135579109191895,15,2,2,1,2,1,0,0.0,0.4998254179954529,2,stale-soft,0.0,6,141,86,CORRECT,0,0,0,0,0,0,0.0,0.0
margin,live-delta,3,0.0,0.316659,0.581161,0.027361,0.980469,0.431924,0.581924,0.0030187368392944336,0.5701974630355835,0.5671787261962891,2.5587852001190186,12.920112609863281,0.1592530906200409,18,2,2,1,2,1,0,0.0,0.24273034930229187,2,stale-soft,0.0,6,142,65,CORRECT,0,0,0,0,0,0,0.0,0.0
margin,live-delta,3,0.0,0.316659,0.581161,0.027361,0.980469,0.431924,0.581924,0.009077876806259155,0.4765753448009491,0.46749746799468994,1.552777647972107,4.724575042724609,0.30021145939826965,5,2,2,1,2,1,0,0.0,0.21677151322364807,2,stale-soft,0.0,6,143,91,CORRECT,0,0,0,0,0,0,0.0,0.0
margin,live-delta,3,0.0,0.316659,0.581161,0.027361,0.980469,0.431924,0.581924,0.0962134599685669,0.5023441314697266,0.40613067150115967,-0.0,1.0,1.0,1,2,2,1,2,1,0,0.0,0.3381776213645935,2,stale-soft,0.0,6,144,85,CORRECT,0,0,0,0,0,0,0.0,0.0
margin,live-delta,3,0.0,0.316659,0.581161,0.027361,0.980469,0.431924,0.581924,0.06751561164855957,0.5056644678115845,0.4381488561630249,0.5083646774291992,1.6625701189041138,0.794180691242218,2,2,2,1,2,1,0,0.0,0.2127377986907959,2,stale-soft,0.0,6,145,88,CORRECT,0,0,0,0,0,0,0.0,0.0
margin,live-delta,3,0.0,0.316659,0.581161,0.027361,0.980469,0.431924,0.581924,0.023302733898162842,0.5993673801422119,0.5760646462440491,1.5529534816741943,4.725406169891357,0.4578370749950409,10,2,2,1,2,1,0,0.0,0.25072425603866577,2,stale-soft,0.0,6,147,91,CORRECT,0,0,0,0,0,0,0.0,0.0
margin,live-delta,3,0.0,0.316659,0.581161,0.027361,0.980469,0.431924,0.581924,0.003406345844268799,0.5392884612083435,0.5358821153640747,2.2004456520080566,9.029036521911621,0.2375253289937973,12,2,2,1,2,1,0,0.0,0.3246327042579651,2,stale-soft,0.0,6,148,78,CORRECT,0,0,0,0,0,0,0.0,0.0
margin,live-delta,3,0.0,0.316659,0.581161,0.027361,0.980469,0.431924,0.581924,0.08553999662399292,0.6592262387275696,0.5736862421035767,1.113431453704834,3.0447885990142822,0.7086411118507385,10,2,2,1,2,1,0,0.0,0.30882811546325684,2,stale-soft,0.0,6,149,91,CORRECT,0,0,0,0,0,0,0.0,0.0
margin,live-delta,3,0.0,0.316659,0.581161,0.027361,0.980469,0.431924,0.581924,0.002938687801361084,0.6503852605819702,0.6474465727806091,2.3190910816192627,10.16642951965332,0.16713854670524597,20,2,2,1,2,1,0,0.0,0.4170028269290924,2,stale-soft,0.0,6,150,66,CORRECT,0,0,0,0,0,0,0.0,0.0
margin,live-delta,3,0.0,0.316659,0.581161,0.027361,0.980469,0.431924,0.581924,0.027769744396209717,0.5065252184867859,0.47875547409057617,0.9789302349090576,2.661607503890991,0.5409001708030701,3,2,2,1,2,1,0,0.0,0.3551807403564453,2,stale-soft,0.0,6,151,85,CORRECT,0,0,0,0,0,0,0.0,0.0
margin,live-delta,3,0.0,0.316659,0.581161,0.027361,0.980469,0.431924,0.581924,0.27028217911720276,0.6035950779914856,0.33331289887428284,-0.0,1.0,1.0,1,2,2,1,2,1,0,0.0,0.34920328855514526,2,stale-soft,0.0,6,152,74,CORRECT,0,0,0,0,0,0,0.0,0.0
margin,live-delta,3,0.0,0.316659,0.581161,0.027361,0.980469,0.431924,0.581924,0.026611626148223877,0.574760377407074,0.5481487512588501,2.1433072090148926,8.527593612670898,0.2814868092536926,11,2,2,1,2,1,0,0.0,0.3500365614891052,2,stale-soft,0.0,6,153,94,CORRECT,0,0,0,0,0,0,0.0,0.0
margin,live-delta,3,0.0,0.316659,0.581161,0.027361,0.980469,0.431924,0.581924,0.026854515075683594,0.6391476392745972,0.6122931241989136,2.189786434173584,8.933304786682129,0.3184494972229004,16,2,2,1,2,1,0,0.0,0.3466476500034332,2,stale-soft,0.0,6,157,94,CORRECT,0,0,0,0,0,0,0.0,0.0
margin,live-delta,3,0.0,0.316659,0.581161,0.027361,0.980469,0.431924,0.581924,0.08749839663505554,0.5680897235870361,0.4805913269519806,1.6874638795852661,5.4057536125183105,0.5124988555908203,9,2,2,1,2,1,0,0.0,0.36241698265075684,2,stale-soft,0.0,6,158,85,CORRECT,0,0,0,0,0,0,0.0,0.0
margin,live-delta,3,0.0,0.316659,0.581161,0.027361,0.980469,0.431924,0.581924,0.18490827083587646,0.7387069463729858,0.5537986755371094,0.2714545726776123,1.3118712902069092,0.9503756165504456,7,2,2,1,2,1,0,0.0,0.35586118698120117,2,stale-soft,0.0,6,159,68,CORRECT,0,0,0,0,0,0,0.0,0.0
margin,live-delta,3,0.0,0.316659,0.581161,0.027361,0.980469,0.431924,0.581924,0.0344085693359375,0.5577472448348999,0.5233386754989624,1.0242500305175781,2.785006046295166,0.581203281879425,4,2,2,1,2,1,0,0.0,0.2380143702030182,2,stale-soft,0.0,6,160,91,CORRECT,0,0,0,0,0,0,0.0,0.0
margin,live-delta,3,0.0,0.316659,0.581161,0.027361,0.980469,0.431924,0.581924,0.010253429412841797,0.4709516167640686,0.4606981873512268,1.3488835096359253,3.853121042251587,0.3446611166000366,4,2,2,1,2,1,0,0.0,0.2889408469200134,2,stale-soft,0.0,6,161,94,CORRECT,0,0,0,0,0,0,0.0,0.0
margin,live-delta,3,0.0,0.316659,0.581161,0.027361,0.980469,0.431924,0.581924,0.17954042553901672,0.6567572951316833,0.4772168695926666,0.2839611768722534,1.3283812999725342,0.9418333172798157,4,2,2,1,2,1,0,0.0,0.43144068121910095,2,stale-soft,0.0,6,162,93,CORRECT,0,0,0,0,0,0,0.0,0.0
margin,live-delta,3,0.0,0.316659,0.581161,0.027361,0.980469,0.431924,0.581924,0.01217794418334961,0.574068546295166,0.5618906021118164,2.3792896270751953,10.797229766845703,0.21996022760868073,16,2,2,1,2,1,0,0.0,0.24434435367584229,2,stale-soft,0.0,6,163,66,CORRECT,0,0,0,0,0,0,0.0,0.0
margin,live-delta,3,0.0,0.316659,0.581161,0.027361,0.980469,0.431924,0.581924,0.2803356647491455,0.6889474987983704,0.40861183404922485,-0.0,1.0,1.0,1,2,2,1,2,1,0,0.0,0.4841806888580322,2,stale-soft,0.0,6,164,93,CORRECT,0,0,0,0,0,0,0.0,0.0
margin,live-delta,3,0.0,0.316659,0.581161,0.027361,0.980469,0.431924,0.581924,0.08025693893432617,0.6881221532821655,0.6078652143478394,2.0485548973083496,7.756683826446533,0.44808629155158997,18,2,2,1,2,1,0,0.0,0.46291476488113403,2,stale-soft,0.0,6,165,86,CORRECT,0,0,0,0,0,0,0.0,0.0
margin,live-delta,3,0.0,0.316659,0.581161,0.027361,0.980469,0.431924,0.581924,0.07133865356445312,0.4756857752799988,0.40434712171554565,-0.0,1.0,1.0,1,2,2,1,2,1,0,0.0,0.2903061807155609,2,stale-soft,0.0,6,166,80,CORRECT,0,0,0,0,0,0,0.0,0.0
margin,live-delta,3,0.0,0.316659,0.581161,0.027361,0.980469,0.431924,0.581924,0.0013178586959838867,0.6072017550468445,0.6058838963508606,2.063572406768799,7.874048709869385,0.28731533885002136,14,2,2,1,2,1,0,0.0,0.27673110365867615,2,stale-soft,0.0,6,169,82,CORRECT,0,0,0,0,0,0,0.0,0.0
margin,live-delta,3,0.0,0.316659,0.581161,0.027361,0.980469,0.431924,0.581924,0.018336087465286255,0.48379379510879517,0.4654577076435089,0.6766149997711182,1.967207431793213,0.590666651725769,2,2,2,1,2,1,0,0.0,0.23263269662857056,2,stale-soft,0.0,6,170,68,CORRECT,0,0,0,0,0,0,0.0,0.0
margin,live-delta,3,0.0,0.316659,0.581161,0.027361,0.980469,0.431924,0.581924,0.024298250675201416,0.570502758026123,0.5462045073509216,2.476581573486328,11.900513648986816,0.1918264925479889,15,2,2,1,2,1,0,0.0,0.237874835729599,2,stale-soft,0.0,6,173,90,CORRECT,0,0,0,0,0,0,0.0,0.0
margin,live-delta,3,0.0,0.316659,0.581161,0.027361,0.980469,0.431924,0.581924,0.05137532949447632,0.4979991912841797,0.44662386178970337,0.966088056564331,2.6276450157165527,0.5851690173149109,3,2,2,1,2,1,0,0.0,0.2287082076072693,2,stale-soft,0.0,6,174,65,CORRECT,0,0,0,0,0,0,0.0,0.0
margin,live-delta,3,0.0,0.316659,0.581161,0.027361,0.980469,0.431924,0.581924,0.12175902724266052,0.6065850257873535,0.484825998544693,0.7696489095687866,2.159008026123047,0.7975327968597412,5,2,2,1,2,1,0,0.0,0.3992610275745392,2,stale-soft,0.0,6,177,78,CORRECT,0,0,0,0,0,0,0.0,0.0
margin,live-delta,3,0.0,0.316659,0.581161,0.027361,0.980469,0.431924,0.581924,0.0012949109077453613,0.5802474617958069,0.5789525508880615,2.252661943435669,9.513025283813477,0.24129801988601685,15,2,2,1,2,1,0,0.0,0.2551623582839966,2,stale-soft,0.0,6,179,87,CORRECT,0,0,0,0,0,0,0.0,0.0
margin,live-delta,3,0.0,0.316659,0.581161,0.027361,0.980469,0.431924,0.581924,0.0029421746730804443,0.4807736277580261,0.4778314530849457,1.334958791732788,3.7998392581939697,0.32809990644454956,4,2,2,1,2,1,0,0.0,0.19236382842063904,2,stale-soft,0.0,6,180,64,CORRECT,0,0,0,0,0,0,0.0,0.0
margin,live-delta,3,0.0,0.316659,0.581161,0.027361,0.980469,0.431924,0.581924,0.038379013538360596,0.6918320655822754,0.6534530520439148,1.687880039215088,5.408003807067871,0.5017879009246826,18,2,2,1,2,1,0,0.0,0.48382022976875305,2,stale-soft,0.0,6,181,69,CORRECT,0,0,0,0,0,0,0.0,0.0
margin,live-delta,3,0.0,0.316659,0.581161,0.027361,0.980469,0.431924,0.581924,0.012425124645233154,0.45632970333099365,0.4439045786857605,0.6854872107505798,1.9847385883331299,0.5618076920509338,2,2,2,1,2,1,0,0.0,0.1483648121356964,2,stale-soft,0.0,6,182,64,CORRECT,0,0,0,0,0,0,0.0,0.0
margin,live-delta,3,0.0,0.316659,0.581161,0.027361,0.980469,0.431924,0.581924,0.0478360652923584,0.551082193851471,0.5032461285591125,1.8171464204788208,6.154271602630615,0.39311307668685913,8,2,2,1,2,1,0,0.0,0.2761037051677704,2,stale-soft,0.0,6,184,66,CORRECT,0,0,0,0,0,0,0.0,0.0
margin,live-delta,3,0.0,0.316659,0.581161,0.027361,0.980469,0.431924,0.581924,0.12603896856307983,0.5307070016860962,0.40466803312301636,-0.0,1.0,1.0,1,2,2,1,2,1,0,0.0,0.22066643834114075,2,stale-soft,0.0,6,185,84,CORRECT,0,0,0,0,0,0,0.0,0.0
margin,live-delta,3,0.0,0.316659,0.581161,0.027361,0.980469,0.431924,0.581924,0.00381547212600708,0.6895368099212646,0.6857213377952576,1.623957633972168,5.0731282234191895,0.3564924895763397,11,2,2,1,2,1,0,0.0,0.4514313340187073,2,stale-soft,0.0,6,186,80,CORRECT,0,0,0,0,0,0,0.0,0.0
margin,live-delta,3,0.0,0.316659,0.581161,0.027361,0.980469,0.431924,0.581924,0.08489975333213806,0.46566590666770935,0.3807661533355713,-0.0,1.0,1.0,1,2,2,1,2,1,0,0.0,0.23156479001045227,2,stale-soft,0.0,6,188,89,CORRECT,0,0,0,0,0,0,0.0,0.0
margin,live-delta,3,0.0,0.316659,0.581161,0.027361,0.980469,0.431924,0.581924,0.04678565263748169,0.574927806854248,0.5281421542167664,1.1043797731399536,3.017352342605591,0.603560745716095,5,2,2,1,2,1,0,0.0,0.4147406816482544,2,stale-soft,0.0,6,189,65,CORRECT,0,0,0,0,0,0,0.0,0.0
margin,live-delta,3,0.0,0.316659,0.581161,0.027361,0.980469,0.431924,0.581924,0.04630112648010254,0.5638655424118042,0.5175644159317017,1.9367244243621826,6.9359941482543945,0.3701380789279938,10,2,2,1,2,1,0,0.0,0.18830278515815735,2,stale-soft,0.0,6,190,76,CORRECT,0,0,0,0,0,0,0.0,0.0
margin,live-delta,3,0.0,0.316659,0.581161,0.027361,0.980469,0.431924,0.581924,0.005952358245849609,0.555470883846283,0.5495185256004333,1.9253795146942139,6.85775089263916,0.295967698097229,10,2,2,1,2,1,0,0.0,0.3715098798274994,2,stale-soft,0.0,6,191,86,CORRECT,0,0,0,0,0,0,0.0,0.0
margin,live-delta,3,0.0,0.316659,0.581161,0.027361,0.980469,0.431924,0.581924,0.03380364179611206,0.715877115726471,0.6820734739303589,1.834572196006775,6.262454509735107,0.34206295013427734,13,3,3,1,3,1,0,0.0,0.4268219470977783,2,stale-soft,0.0,6,192,98,CORRECT,0,0,0,0,0,0,0.0,0.0
margin,live-delta,3,0.0,0.316659,0.581161,0.027361,0.980469,0.431924,0.581924,0.1026039719581604,0.5292460918426514,0.42664211988449097,-0.0,1.0,1.0,1,3,3,1,3,1,0,0.0,0.2595515251159668,2,stale-soft,0.0,6,193,124,CORRECT,0,0,0,0,0,0,0.0,0.0
margin,live-delta,3,0.0,0.316659,0.581161,0.027361,0.980469,0.431924,0.581924,0.004106700420379639,0.43997180461883545,0.4358651041984558,0.6923046112060547,1.9983155727386475,0.5205218195915222,2,3,3,1,3,1,0,0.0,0.060184478759765625,2,stale-soft,0.0,6,194,124,CORRECT,0,0,0,0,0,0,0.0,0.0
margin,live-delta,3,0.0,0.316659,0.581161,0.027361,0.980469,0.431924,0.581924,0.0854344367980957,0.6738865971565247,0.588452160358429,1.6335092782974243,5.121817111968994,0.5698736906051636,15,3,3,1,3,1,0,0.0,0.2931222915649414,2,stale-soft,0.0,6,195,127,CORRECT,0,0,0,0,0,0,0.0,0.0
margin,live-delta,3,0.0,0.316659,0.581161,0.027361,0.980469,0.431924,0.581924,0.003085196018218994,0.6066103577613831,0.6035251617431641,2.110064744949341,8.248775482177734,0.19855977594852448,12,3,3,1,3,1,0,0.0,0.3114476203918457,2,stale-soft,0.0,6,196,98,CORRECT,0,0,0,0,0,0,0.0,0.0
margin,live-delta,3,0.0,0.316659,0.581161,0.027361,0.980469,0.431924,0.581924,0.009994745254516602,0.6571125984191895,0.6471178531646729,2.156186819076538,8.63813591003418,0.24149005115032196,16,3,3,1,3,1,0,0.0,0.26061269640922546,2,stale-soft,0.0,6,197,127,CORRECT,0,0,0,0,0,0,0.0,0.0
margin,live-delta,3,0.0,0.316659,0.581161,0.027361,0.980469,0.431924,0.581924,0.08643484115600586,0.637020468711853,0.5505856275558472,0.9442484974861145,2.570880651473999,0.7338361144065857,6,3,3,1,3,1,0,0.0,0.2925240099430084,2,stale-soft,0.0,6,199,127,CORRECT,0,0,0,0,0,0,0.0,0.0
margin,live-delta,3,0.0,0.316659,0.581161,0.027361,0.980469,0.431924,0.581924,0.028112411499023438,0.7088281512260437,0.6807157397270203,2.1920745372772217,8.953768730163574,0.2738730311393738,13,3,3,1,3,1,0,0.0,0.3948378562927246,2,stale-soft,0.0,6,200,115,CORRECT,0,0,0,0,0,0,0.0,0.0
margin,live-delta,3,0.0,0.316659,0.581161,0.027361,0.980469,0.431924,0.581924,0.08230161666870117,0.48156577348709106,0.3992641568183899,-0.0,1.0,1.0,1,3,3,1,3,1,0,0.0,0.19499471783638,2,stale-soft,0.0,6,201,107,CORRECT,0,0,0,0,0,0,0.0,0.0
margin,live-delta,3,0.0,0.316659,0.581161,0.027361,0.980469,0.431924,0.581924,0.02431178092956543,0.5317378044128418,0.5074260234832764,0.9845693111419678,2.676658868789673,0.528008222579956,3,3,3,1,3,1,0,0.0,0.28656619787216187,2,stale-soft,0.0,6,202,116,CORRECT,0,0,0,0,0,0,0.0,0.0
margin,live-delta,3,0.0,0.316659,0.581161,0.027361,0.980469,0.431924,0.581924,0.1064421534538269,0.6956464052200317,0.5892042517662048,1.2952994108200073,3.6520893573760986,0.6882302165031433,11,3,3,1,3,1,0,0.0,0.34753942489624023,2,stale-soft,0.0,6,203,123,CORRECT,0,0,0,0,0,0,0.0,0.0
margin,live-delta,3,0.0,0.316659,0.581161,0.027361,0.980469,0.431924,0.581924,0.03447753190994263,0.649493396282196,0.6150158643722534,1.0856223106384277,2.9612820148468018,0.495433509349823,4,3,3,1,3,1,0,0.0,0.3568621873855591,2,stale-soft,0.0,6,204,99,CORRECT,0,0,0,0,0,0,0.0,0.0
margin,live-delta,3,0.0,0.316659,0.581161,0.027361,0.980469,0.431924,0.581924,0.03863942623138428,0.5191511511802673,0.48051172494888306,0.9767181873321533,2.655726194381714,0.5655601620674133,3,3,3,1,3,1,0,0.0,0.2020900845527649,2,stale-soft,0.0,6,206,107,CORRECT,0,0,0,0,0,0,0.0,0.0
margin,live-delta,3,0.0,0.316659,0.581161,0.027361,0.980469,0.431924,0.581924,0.08332982659339905,0.5254757404327393,0.4421459138393402,0.4378054738044739,1.5493035316467285,0.84112149477005,2,3,3,1,3,1,0,0.0,0.3663392663002014,2,stale-soft,0.0,6,207,101,CORRECT,0,0,0,0,0,0,0.0,0.0
margin,live-delta,3,0.0,0.316659,0.581161,0.027361,0.980469,0.431924,0.581924,0.05445301532745361,0.5600730180740356,0.505620002746582,1.5305284261703491,4.620617866516113,0.460050106048584,6,3,3,1,3,1,0,0.0,0.26069343090057373,2,stale-soft,0.0,6,208,127,CORRECT,0,0,0,0,0,0,0.0,0.0
margin,live-delta,3,0.0,0.316659,0.581161,0.027361,0.980469,0.431924,0.581924,2.7298927307128906e-05,0.6268348693847656,0.6268075704574585,1.9544328451156616,7.059913635253906,0.22263742983341217,11,3,3,1,3,1,0,0.0,0.3935152590274811,2,stale-soft,0.0,6,209,103,CORRECT,0,0,0,0,0,0,0.0,0.0
margin,live-delta,3,0.0,0.316659,0.581161,0.027361,0.980469,0.431924,0.581924,0.017547130584716797,0.4622208774089813,0.4446737468242645,1.0822677612304688,2.9513649940490723,0.41985100507736206,3,3,3,1,3,1,0,0.0,0.08403664827346802,2,stale-soft,0.0,6,210,100,CORRECT,0,0,0,0,0,0,0.0,0.0
margin,live-delta,3,0.0,0.316659,0.581161,0.027361,0.980469,0.431924,0.581924,0.02866208553314209,0.7037274837493896,0.6750653982162476,1.915906548500061,6.793094158172607,0.3497983515262604,13,3,3,1,3,1,0,0.0,0.33825361728668213,2,stale-soft,0.0,6,211,96,CORRECT,0,0,0,0,0,0,0.0,0.0
margin,live-delta,3,0.0,0.316659,0.581161,0.027361,0.980469,0.431924,0.581924,0.03594088554382324,0.7040785551071167,0.6681376695632935,1.6973307132720947,5.459355354309082,0.3989705443382263,12,3,3,1,3,1,0,0.0,0.3959319591522217,2,stale-soft,0.0,6,212,98,CORRECT,0,0,0,0,0,0,0.0,0.0
margin,live-delta,3,0.0,0.316659,0.581161,0.027361,0.980469,0.431924,0.581924,0.02104586362838745,0.7602081298828125,0.739162266254425,1.9688912630081177,7.162730693817139,0.311128705739975,13,3,3,1,3,1,0,0.0,0.5080938935279846,2,stale-soft,0.0,6,213,127,CORRECT,0,0,0,0,0,0,0.0,0.0
margin,live-delta,3,0.0,0.316659,0.581161,0.027361,0.980469,0.431924,0.581924,0.027142703533172607,0.6014844179153442,0.5743417143821716,2.1255223751068115,8.377272605895996,0.3098130226135254,14,3,3,1,3,1,0,0.0,0.37710970640182495,2,stale-soft,0.0,6,215,127,CORRECT,0,0,0,0,0,0,0.0,0.0
margin,live-delta,3,0.0,0.316659,0.581161,0.027361,0.980469,0.431924,0.581924,0.010835587978363037,0.561787486076355,0.5509518980979919,2.0186550617218018,7.52819299697876,0.2228383719921112,9,3,3,1,3,1,0,0.0,0.2200993001461029,2,stale-soft,0.0,6,216,106,CORRECT,0,0,0,0,0,0,0.0,0.0
margin,live-delta,3,0.0,0.316659,0.581161,0.027361,0.980469,0.431924,0.581924,0.15650784969329834,0.5816750526428223,0.4251672029495239,-0.0,1.0,1.0,1,3,3,1,3,1,0,0.0,0.3749808371067047,2,stale-soft,0.0,6,217,105,CORRECT,0,0,0,0,0,0,0.0,0.0
margin,live-delta,3,0.0,0.316659,0.581161,0.027361,0.980469,0.431924,0.581924,0.01645064353942871,0.6338362693786621,0.6173856258392334,2.110625982284546,8.253406524658203,0.23641440272331238,13,3,3,1,3,1,0,0.0,0.3904983401298523,2,stale-soft,0.0,6,218,117,CORRECT,0,0,0,0,0,0,0.0,0.0
margin,live-delta,3,0.0,0.316659,0.581161,0.027361,0.980469,0.431924,0.581924,0.04677075147628784,0.540321946144104,0.49355119466781616,2.0678539276123047,7.907834053039551,0.32635176181793213,10,3,3,1,3,1,0,0.0,0.27208060026168823,2,stale-soft,0.0,6,219,108,CORRECT,0,0,0,0,0,0,0.0,0.0
margin,live-delta,3,0.0,0.316659,0.581161,0.027361,0.980469,0.431924,0.581924,0.014024853706359863,0.6931151151657104,0.6790902614593506,2.0397377014160156,7.688592433929443,0.2611224949359894,14,3,3,1,3,1,0,0.0,0.4051532447338104,2,stale-soft,0.0,6,220,127,CORRECT,0,0,0,0,0,0,0.0,0.0
margin,live-delta,3,0.0,0.316659,0.581161,0.027361,0.980469,0.431924,0.581924,0.10552585124969482,0.6067142486572266,0.5011883974075317,1.1310474872589111,3.09890079498291,0.6925030946731567,7,3,3,1,3,1,0,0.0,0.3050418496131897,2,stale-soft,0.0,6,221,102,CORRECT,0,0,0,0,0,0,0.0,0.0
margin,live-delta,3,0.0,0.316659,0.581161,0.027361,0.980469,0.431924,0.581924,0.025349020957946777,0.5600713491439819,0.5347223281860352,2.1590700149536133,8.663077354431152,0.23867614567279816,11,3,3,1,3,1,0,0.0,0.21874409914016724,2,stale-soft,0.0,6,222,98,CORRECT,0,0,0,0,0,0,0.0,0.0
margin,live-delta,3,0.0,0.316659,0.581161,0.027361,0.980469,0.431924,0.581924,0.0464787483215332,0.4414621889591217,0.3949834406375885,-0.0,1.0,1.0,1,3,3,1,3,1,0,0.0,0.2085619568824768,2,stale-soft,0.0,6,223,124,CORRECT,0,0,0,0,0,0,0.0,0.0
margin,live-delta,3,0.0,0.316659,0.581161,0.027361,0.980469,0.431924,0.581924,0.04123324155807495,0.5563745498657227,0.5151413083076477,2.045154333114624,7.730351448059082,0.31240203976631165,10,3,0,0,3,1,1,0.49717947840690613,-0.04123324155807495,0,stale-soft,0.0,6,225,30,CORRECT,0,0,0,0,0,0,0.0,0.0
margin,live-delta,3,0.0,0.316659,0.581161,0.027361,0.980469,0.431924,0.581924,0.03750276565551758,0.47772443294525146,0.4402216672897339,1.0285415649414062,2.7969837188720703,0.5154327154159546,3,3,3,1,3,1,0,0.0,0.21609339118003845,2,stale-soft,0.0,6,226,123,CORRECT,0,0,0,0,0,0,0.0,0.0
margin,live-delta,3,0.0,0.316659,0.581161,0.027361,0.980469,0.431924,0.581924,0.27257081866264343,0.7159953117370605,0.4434244930744171,0.02756894938647747,1.0279524326324463,0.995728075504303,2,3,3,1,3,1,0,0.0,0.5247364044189453,2,stale-soft,0.0,6,228,99,CORRECT,0,0,0,0,0,0,0.0,0.0
margin,live-delta,3,0.0,0.316659,0.581161,0.027361,0.980469,0.431924,0.581924,0.06361925601959229,0.6538165807723999,0.5901973247528076,1.6806193590164185,5.368880271911621,0.5115627646446228,13,3,3,1,3,1,0,0.0,0.33074119687080383,2,stale-soft,0.0,6,229,115,CORRECT,0,0,0,0,0,0,0.0,0.0
margin,live-delta,3,0.0,0.316659,0.581161,0.027361,0.980469,0.431924,0.581924,0.0028501152992248535,0.6125504374504089,0.6097003221511841,1.868025779724121,6.475499629974365,0.2866000533103943,11,3,3,1,3,1,0,0.0,0.4190482199192047,2,stale-soft,0.0,6,230,103,CORRECT,0,0,0,0,0,0,0.0,0.0
margin,live-delta,3,0.0,0.316659,0.581161,0.027361,0.980469,0.431924,0.581924,0.027474522590637207,0.5701779127120972,0.54270339012146,1.5040860176086426,4.5000386238098145,0.4494079649448395,7,3,3,1,3,1,0,0.0,0.3285231590270996,2,stale-soft,0.0,6,231,117,CORRECT,0,0,0,0,0,0,0.0,0.0
margin,live-delta,3,0.0,0.316659,0.581161,0.027361,0.980469,0.431924,0.581924,0.013588488101959229,0.5009386539459229,0.4873501658439636,1.8226467370986938,6.188215255737305,0.28832149505615234,7,3,3,1,3,1,1,0.21108587086200714,0.0439324676990509,1,stale-soft,0.0,6,232,112,CORRECT,0,0,0,0,0,0,0.0,0.0
margin,live-delta,3,0.0,0.316659,0.581161,0.027361,0.980469,0.431924,0.581924,0.0030035674571990967,0.496469646692276,0.4934660792350769,1.6798627376556396,5.364819526672363,0.28128209710121155,6,3,3,1,3,1,0,0.0,0.22334417700767517,2,stale-soft,0.0,6,233,115,CORRECT,0,0,0,0,0,0,0.0,0.0
margin,live-delta,3,0.0,0.316659,0.581161,0.027361,0.980469,0.431924,0.581924,0.042917400598526,0.501893937587738,0.45897653698921204,1.8137640953063965,6.133491039276123,0.3326582908630371,7,3,3,1,3,1,0,0.0,0.29814231395721436,2,stale-soft,0.0,6,234,108,CORRECT,0,0,0,0,0,0,0.0,0.0
margin,live-delta,3,0.0,0.316659,0.581161,0.027361,0.980469,0.431924,0.581924,0.06836897134780884,0.6614958643913269,0.5931268930435181,1.4554260969161987,4.286309719085693,0.5705710649490356,11,3,3,1,3,1,0,0.0,0.44935303926467896,2,stale-soft,0.0,6,235,115,CORRECT,0,0,0,0,0,0,0.0,0.0
margin,live-delta,3,0.0,0.316659,0.581161,0.027361,0.980469,0.431924,0.581924,0.005754947662353516,0.46608585119247437,0.46033090353012085,1.068191409111023,2.910111427307129,0.410622239112854,3,3,3,1,3,1,1,0.22339923679828644,0.030435651540756226,1,stale-soft,0.0,6,236,118,CORRECT,0,0,0,0,0,0,0.0,0.0
margin,live-delta,3,0.0,0.316659,0.581161,0.027361,0.980469,0.431924,0.581924,0.015743613243103027,0.6798076629638672,0.6640640497207642,1.52505362033844,4.5953898429870605,0.432344526052475,12,3,3,1,3,1,0,0.0,0.28242504596710205,2,stale-soft,0.0,6,237,115,CORRECT,0,0,0,0,0,0,0.0,0.0
margin,live-delta,3,0.0,0.316659,0.581161,0.027361,0.980469,0.431924,0.581924,0.021391957998275757,0.48643261194229126,0.4650406539440155,1.2995532751083374,3.6676578521728516,0.41495075821876526,4,3,3,1,3,1,0,0.0,0.23048827052116394,2,stale-soft,0.0,6,238,114,CORRECT,0,0,0,0,0,0,0.0,0.0
margin,live-delta,3,0.0,0.316659,0.581161,0.027361,0.980469,0.431924,0.581924,0.04946953058242798,0.5871029496192932,0.5376334190368652,1.5235092639923096,4.588298320770264,0.5046894550323486,8,3,3,1,3,1,0,0.0,0.1761089265346527,2,stale-soft,0.0,6,239,123,CORRECT,0,0,0,0,0,0,0.0,0.0
margin,live-delta,3,0.0,0.316659,0.581161,0.027361,0.980469,0.431924,0.581924,0.01888042688369751,0.6377276182174683,0.6188471913337708,1.436547040939331,4.206147193908691,0.4047470986843109,9,3,3,1,3,1,0,0.0,0.4424499571323395,2,stale-soft,0.0,6,240,114,CORRECT,0,0,0,0,0,0,0.0,0.0
margin,live-delta,3,0.0,0.316659,0.581161,0.027361,0.980469,0.431924,0.581924,0.05921712517738342,0.49900099635124207,0.43978387117385864,0.5443872809410095,1.7235519886016846,0.765727698802948,2,3,3,1,3,1,0,0.0,0.09773263335227966,2,stale-soft,0.0,6,241,99,CORRECT,0,0,0,0,0,0,0.0,0.0
margin,live-delta,3,0.0,0.316659,0.581161,0.027361,0.980469,0.431924,0.581924,0.02079826593399048,0.5582751631736755,0.5374768972396851,2.0333919525146484,7.639956951141357,0.2935218811035156,10,3,3,1,3,1,0,0.0,0.1538691222667694,2,stale-soft,0.0,6,242,96,CORRECT,0,0,0,0,0,0,0.0,0.0
margin,live-delta,3,0.0,0.316659,0.581161,0.027361,0.980469,0.431924,0.581924,0.0026970505714416504,0.7332625985145569,0.7305655479431152,1.522099256515503,4.581833362579346,0.3886779248714447,14,3,3,1,3,1,0,0.0,0.5287417769432068,2,stale-soft,0.0,6,243,110,CORRECT,0,0,0,0,0,0,0.0,0.0
margin,live-delta,3,0.0,0.316659,0.581161,0.027361,0.980469,0.431924,0.581924,0.1839277744293213,0.5966714024543762,0.41274362802505493,-0.0,1.0,1.0,1,3,3,1,3,1,0,0.0,0.2741038501262665,2,stale-soft,0.0,6,244,105,CORRECT,0,0,0,0,0,0,0.0,0.0
margin,live-delta,3,0.0,0.316659,0.581161,0.027361,0.980469,0.431924,0.581924,0.04181373119354248,0.6546295881271362,0.6128158569335938,2.031188488006592,7.623140811920166,0.3431811034679413,14,3,3,1,3,1,0,0.0,0.30705955624580383,2,stale-soft,0.0,6,245,123,CORRECT,0,0,0,0,0,0,0.0,0.0
margin,live-delta,3,0.0,0.316659,0.581161,0.027361,0.980469,0.431924,0.581924,0.3651820123195648,0.8150867223739624,0.4499047100543976,0.005585458129644394,1.0056010484695435,0.9993274211883545,2,3,3,1,3,1,0,0.0,0.5126630663871765,2,stale-soft,0.0,6,246,107,CORRECT,0,0,0,0,0,0,0.0,0.0
margin,live-delta,3,0.0,0.316659,0.581161,0.027361,0.980469,0.431924,0.581924,0.052057862281799316,0.6668754816055298,0.6148176193237305,1.2304291725158691,3.4226982593536377,0.6212952733039856,11,3,3,1,3,1,0,0.0,0.43059098720550537,2,stale-soft,0.0,6,247,116,CORRECT,0,0,0,0,0,0,0.0,0.0
margin,live-delta,3,0.0,0.316659,0.581161,0.027361,0.980469,0.431924,0.581924,0.31732428073883057,0.692050576210022,0.3747262954711914,-0.0,1.0,1.0,1,3,3,1,3,1,0,0.0,0.3636794686317444,2,stale-soft,0.0,6,248,105,CORRECT,0,0,0,0,0,0,0.0,0.0
margin,live-delta,3,0.0,0.316659,0.581161,0.027361,0.980469,0.431924,0.581924,0.04121026396751404,0.4416483938694,0.400438129901886,-0.0,1.0,1.0,1,3,3,1,3,1,0,0.0,0.19013172388076782,2,stale-soft,0.0,6,249,115,CORRECT,0,0,0,0,0,0,0.0,0.0
margin,live-delta,3,0.0,0.316659,0.581161,0.027361,0.980469,0.431924,0.581924,0.08134958148002625,0.4839929938316345,0.4026434123516083,-0.0,1.0,1.0,1,3,3,1,3,1,0,0.0,0.12375488877296448,2,stale-soft,0.0,6,250,107,CORRECT,0,0,0,0,0,0,0.0,0.0
margin,live-delta,3,0.0,0.316659,0.581161,0.027361,0.980469,0.431924,0.581924,0.5856990814208984,0.919346809387207,0.3336476981639862,-0.0,1.0,1.0,1,3,3,1,3,1,0,0.0,0.6660169363021851,2,stale-soft,0.0,6,251,105,CORRECT,0,0,0,0,0,0,0.0,0.0
margin,live-delta,3,0.0,0.316659,0.581161,0.027361,0.980469,0.431924,0.581924,0.04148721694946289,0.558095395565033,0.5166081786155701,1.6165721416473389,5.0357985496521,0.4429546594619751,7,3,3,1,3,1,0,0.0,0.1545422077178955,2,stale-soft,0.0,6,253,123,CORRECT,0,0,0,0,0,0,0.0,0.0
margin,live-delta,3,0.0,0.316659,0.581161,0.027361,0.980469,0.431924,0.581924,0.06869560480117798,0.5217567086219788,0.4530611038208008,0.5031468272209167,1.653917670249939,0.7980114221572876,2,3,3,1,3,1,0,0.0,0.24860435724258423,2,stale-soft,0.0,6,254,102,CORRECT,0,0,0,0,0,0,0.0,0.0
margin,live-delta,3,0.0,0.316659,0.581161,0.027361,0.980469,0.431924,0.581924,0.20871633291244507,0.6134811043739319,0.4047647714614868,-0.0,1.0,1.0,1,3,3,1,3,1,0,0.0,0.44915974140167236,2,stale-soft,0.0,6,255,122,CORRECT,0,0,0,0,0,0,0.0,0.0
margin,live-delta,4,0.0,0.316659,0.581161,0.027408,0.980469,0.429818,0.579818,0.010410964488983154,0.6283859014511108,0.6179749369621277,1.6523504257202148,5.21923303604126,0.39353707432746887,12,0,0,1,0,1,0,0.0,0.4211970567703247,2,stale-soft,0.0,6,0,1,CORRECT,0,0,0,0,0,0,0.0,0.0
margin,live-delta,4,0.0,0.316659,0.581161,0.027408,0.980469,0.429818,0.579818,0.027423739433288574,0.5380635857582092,0.5106398463249207,1.4051735401153564,4.076233863830566,0.4109155237674713,5,0,0,1,0,1,0,0.0,0.15982535481452942,2,stale-soft,0.0,6,1,20,CORRECT,0,0,0,0,0,0,0.0,0.0
margin,live-delta,4,0.0,0.316659,0.581161,0.027408,0.980469,0.429818,0.579818,0.050639808177948,0.6435017585754395,0.5928619503974915,2.2411506175994873,9.404145240783691,0.36960169672966003,20,0,0,1,0,1,0,0.02885514870285988,0.12750685214996338,2,stale-soft,0.0,6,2,9,CORRECT,0,0,0,0,0,0,0.0,0.0
margin,live-delta,4,0.0,0.316659,0.581161,0.027408,0.980469,0.429818,0.579818,0.06146073341369629,0.7017878293991089,0.6403270959854126,1.7371046543121338,5.680871486663818,0.5133206248283386,20,0,0,1,0,1,0,0.0,0.3001031279563904,2,stale-soft,0.0,6,3,11,CORRECT,0,0,0,0,0,0,0.0,0.0
margin,live-delta,4,0.0,0.316659,0.581161,0.027408,0.980469,0.429818,0.579818,0.00846010446548462,0.6306256651878357,0.6221655607223511,1.8985705375671387,6.67634391784668,0.27257686853408813,12,0,0,1,0,1,0,0.0,0.28596949577331543,2,stale-soft,0.0,6,4,7,CORRECT,0,0,0,0,0,0,0.0,0.0
margin,live-delta,4,0.0,0.316659,0.581161,0.027408,0.980469,0.429818,0.579818,0.0811147689819336,0.6353706121444702,0.5542558431625366,1.3638014793395996,3.9110326766967773,0.6225441694259644,10,0,0,1,0,1,0,0.0,0.3104957342147827,2,stale-soft,0.0,6,5,13,CORRECT,0,0,0,0,0,0,0.0,0.0
margin,live-delta,4,0.0,0.316659,0.581161,0.027408,0.980469,0.429818,0.579818,0.06274926662445068,0.6143373250961304,0.5515880584716797,2.188760280609131,8.924142837524414,0.3696720600128174,16,0,0,1,0,1,0,0.0,0.27448686957359314,2,stale-soft,0.0,6,6,27,CORRECT,0,0,0,0,0,0,0.0,0.0
margin,live-delta,4,0.0,0.316659,0.581161,0.027408,0.980469,0.429818,0.579818,0.20145222544670105,0.49529898166656494,0.2938467562198639,-0.0,1.0,1.0,1,0,0,1,0,1,0,0.0,0.2533314526081085,2,stale-soft,0.0,6,7,7,CORRECT,0,0,0,0,0,0,0.0,0.0
margin,live-delta,4,0.0,0.316659,0.581161,0.027408,0.980469,0.429818,0.579818,0.01923549175262451,0.5491013526916504,0.5298658609390259,1.0525813102722168,2.865037202835083,0.5201426148414612,4,0,0,1,0,1,0,0.0,0.29908043146133423,2,stale-soft,0.0,6,8,12,CORRECT,0,0,0,0,0,0,0.0,0.0
margin,live-delta,4,0.0,0.316659,0.581161,0.027408,0.980469,0.429818,0.579818,0.08658438920974731,0.6821415424346924,0.5955571532249451,1.345367193222046,3.8395960330963135,0.666522741317749,14,0,0,1,0,1,0,0.0,0.3324471116065979,2,stale-soft,0.0,6,9,12,CORRECT,0,0,0,0,0,0,0.0,0.0
margin,live-delta,4,0.0,0.316659,0.581161,0.027408,0.980469,0.429818,0.579818,0.032585084438323975,0.5376241207122803,0.5050390362739563,1.7248879671096802,5.611892223358154,0.37664708495140076,7,0,0,1,0,1,0,0.0,0.25365039706230164,2,stale-soft,0.0,6,10,26,CORRECT,0,0,0,0,0,0,0.0,0.0
margin,live-delta,4,0.0,0.316659,0.581161,0.027408,0.980469,0.429818,0.579818,0.03140741586685181,0.5394497513771057,0.5080423355102539,1.5943386554718018,4.925070762634277,0.3753001093864441,6,0,0,1,0,1,0,0.05313849076628685,0.09774124622344971,2,stale-soft,0.0,6,11,24,CORRECT,0,0,0,0,0,0,0.0,0.0
margin,live-delta,4,0.0,0.316659,0.581161,0.027408,0.980469,0.429818,0.579818,0.0076819658279418945,0.6589006185531616,0.6512186527252197,1.9956552982330322,7.357022285461426,0.25636789202690125,16,0,0,1,0,1,0,0.0029401860665529966,0.2234070599079132,2,stale-soft,0.0,6,12,20,CORRECT,0,0,0,0,0,0,0.0,0.0
margin,live-delta,4,0.0,0.316659,0.581161,0.027408,0.980469,0.429818,0.579818,0.004485070705413818,0.6025277972221375,0.5980427265167236,1.6842626333236694,5.388476371765137,0.34370318055152893,9,0,0,1,0,1,0,0.0,0.2551659345626831,2,stale-soft,0.0,6,13,28,CORRECT,0,0,0,0,0,0,0.0,0.0
margin,live-delta,4,0.0,0.316659,0.581161,0.027408,0.980469,0.429818,0.579818,0.00681459903717041,0.6395174264907837,0.6327028274536133,1.742594838142395,5.712146282196045,0.31890997290611267,13,0,0,1,0,1,0,0.0,0.24252021312713623,2,stale-soft,0.0,6,14,26,CORRECT,0,0,0,0,0,0,0.0,0.0
margin,live-delta,4,0.0,0.316659,0.581161,0.027408,0.980469,0.429818,0.579818,0.04385042190551758,0.664881706237793,0.6210312843322754,1.8732951879501343,6.509711742401123,0.4243165850639343,15,0,0,1,0,1,0,0.0,0.2546462416648865,2,stale-soft,0.0,6,15,13,CORRECT,0,0,0,0,0,0,0.0,0.0
margin,live-delta,4,0.0,0.316659,0.581161,0.027408,0.980469,0.429818,0.579818,0.004398524761199951,0.5671542882919312,0.5627557635307312,2.4488868713378906,11.575454711914062,0.15280966460704803,15,0,0,1,0,1,0,0.0,0.18216466903686523,2,stale-soft,0.0,6,16,12,CORRECT,0,0,0,0,0,0,0.0,0.0
margin,live-delta,4,0.0,0.316659,0.581161,0.027408,0.980469,0.429818,0.579818,0.020671069622039795,0.6850572228431702,0.6643861532211304,2.0121259689331055,7.479200839996338,0.3316110372543335,20,0,0,1,0,1,0,0.003372406819835305,0.22941678762435913,2,stale-soft,0.0,6,17,30,CORRECT,0,0,0,0,0,0,0.0,0.0
margin,live-delta,4,0.0,0.316659,0.581161,0.027408,0.980469,0.429818,0.579818,0.13047552108764648,0.7553185224533081,0.6248430013656616,1.1679840087890625,3.215503692626953,0.7539670467376709,20,0,0,1,0,1,0,0.002601843560114503,0.283456414937973,2,stale-soft,0.0,6,18,30,CORRECT,0,0,0,0,0,0,0.0,0.0
margin,live-delta,4,0.0,0.316659,0.581161,0.027408,0.980469,0.429818,0.579818,0.214311420917511,0.7999751567840576,0.5856637358665466,0.5485446453094482,1.7307323217391968,0.908501148223877,20,0,0,1,0,1,0,0.004073731601238251,0.29287320375442505,2,stale-soft,0.0,6,19,30,CORRECT,0,0,0,0,0,0,0.0,0.0
margin,live-delta,4,0.0,0.316659,0.581161,0.027408,0.980469,0.429818,0.579818,0.005678772926330566,0.6305544376373291,0.6248756647109985,2.548046588897705,12.782110214233398,0.17128898203372955,20,0,0,1,0,1,0,0.0080642681568861,0.1527954638004303,2,stale-soft,0.0,6,20,0,CORRECT,0,0,0,0,0,0,0.0,0.0
margin,live-delta,4,0.0,0.316659,0.581161,0.027408,0.980469,0.429818,0.579818,0.01732957363128662,0.7488837242126465,0.7315541505813599,1.1112756729125977,3.038231611251831,0.5228093862533569,12,0,0,1,0,1,0,0.001210898975841701,0.3033927083015442,2,stale-soft,0.0,6,21,25,CORRECT,0,0,0,0,0,0,0.0,0.0
margin,live-delta,4,0.0,0.316659,0.581161,0.027408,0.980469,0.429818,0.579818,0.015865683555603027,0.6977767944335938,0.6819111108779907,1.810847282409668,6.115626811981201,0.4170607924461365,20,0,0,1,0,1,0,0.0,0.3739209473133087,2,stale-soft,0.0,6,22,1,CORRECT,0,0,0,0,0,0,0.0,0.0
margin,live-delta,4,0.0,0.316659,0.581161,0.027408,0.980469,0.429818,0.579818,0.05592668056488037,0.6982558965682983,0.642329216003418,2.023435592651367,7.564268112182617,0.4559248089790344,20,0,0,1,0,1,0,0.0,0.3412684202194214,2,stale-soft,0.0,6,23,1,CORRECT,0,0,0,0,0,0,0.0,0.0
margin,live-delta,4,0.0,0.316659,0.581161,0.027408,0.980469,0.429818,0.579818,0.078667551279068,0.550545334815979,0.471877783536911,0.6921436190605164,1.99799382686615,0.765525221824646,3,0,1,0,1,0,1,0.9242562651634216,-0.11566036939620972,0,stale-soft,0.0,6,24,33,BLENDED,0,0,0,0,0,0,0.0,0.0
margin,live-delta,4,0.0,0.316659,0.581161,0.027408,0.980469,0.429818,0.579818,0.01704925298690796,0.6313489079475403,0.6142996549606323,2.4893836975097656,12.053845405578613,0.25167083740234375,20,0,0,1,0,1,0,0.0,0.19294020533561707,2,stale-soft,0.0,6,25,30,CORRECT,0,0,0,0,0,0,0.0,0.0
margin,live-delta,4,0.0,0.316659,0.581161,0.027408,0.980469,0.429818,0.579818,0.02894890308380127,0.5523542165756226,0.5234053134918213,1.8469512462615967,6.34045934677124,0.3721979856491089,9,0,0,1,0,1,0,0.0,0.17663002014160156,2,stale-soft,0.0,6,26,27,CORRECT,0,0,0,0,0,0,0.0,0.0
margin,live-delta,4,0.0,0.316659,0.581161,0.027408,0.980469,0.429818,0.579818,0.04773306846618652,0.6731027364730835,0.625369668006897,1.5769482851028442,4.84016227722168,0.49535661935806274,13,0,0,1,0,1,0,0.032721105962991714,0.15596485137939453,2,stale-soft,0.0,6,27,16,CORRECT,0,0,0,0,0,0,0.0,0.0
margin,live-delta,4,0.0,0.316659,0.581161,0.027408,0.980469,0.429818,0.579818,0.03371754288673401,0.4923955500125885,0.4586780071258545,1.0246752500534058,2.7861905097961426,0.5177279114723206,3,0,1,0,1,0,1,0.5177279114723206,-0.03371754288673401,0,stale-soft,0.0,6,28,33,BLENDED,0,0,0,0,0,0,0.0,0.0
margin,live-delta,4,0.0,0.316659,0.581161,0.027408,0.980469,0.429818,0.579818,0.00040036439895629883,0.5298848748207092,0.5294845104217529,1.950789451599121,7.034238815307617,0.2577696740627289,9,0,0,1,0,1,0,0.038068629801273346,0.09563377499580383,2,stale-soft,0.0,6,29,13,CORRECT,0,0,0,0,0,0,0.0,0.0
margin,live-delta,4,0.0,0.316659,0.581161,0.027408,0.980469,0.429818,0.579818,0.04991334676742554,0.6916114091873169,0.6416980624198914,1.98904287815094,7.308535099029541,0.4419843256473541,20,0,0,1,0,1,0,0.0,0.3292091190814972,2,stale-soft,0.0,6,30,11,CORRECT,0,0,0,0,0,0,0.0,0.0
margin,live-delta,4,0.0,0.316659,0.581161,0.027408,0.980469,0.429818,0.579818,0.015379726886749268,0.5836501121520996,0.5682703852653503,2.557187080383301,12.899480819702148,0.2153107225894928,20,0,0,1,0,1,0,0.0,0.23106327652931213,2,stale-soft,0.0,6,31,11,CORRECT,0,0,0,0,0,0,0.0,0.0
margin,live-delta,4,0.0,0.316659,0.581161,0.027408,0.980469,0.429818,0.579818,0.00023114681243896484,0.4375622570514679,0.43733111023902893,0.6931445598602295,1.9999947547912598,0.5011556148529053,2,0,0,1,0,1,0,0.0,0.031522005796432495,1,stale-soft,0.0,6,32,7,CORRECT,0,0,0,0,0,0,0.0,0.0
margin,live-delta,4,0.0,0.316659,0.581161,0.027408,0.980469,0.429818,0.579818,0.0088273286819458,0.6656931638717651,0.6568658351898193,2.109105348587036,8.240865707397461,0.32416459918022156,18,0,0,1,0,1,0,0.0,0.29473069310188293,2,stale-soft,0.0,6,33,20,CORRECT,0,0,0,0,0,0,0.0,0.0
margin,live-delta,4,0.0,0.316659,0.581161,0.027408,0.980469,0.429818,0.579818,0.03324735164642334,0.672676146030426,0.6394287943840027,1.7259678840637207,5.617956161499023,0.4474372863769531,16,0,0,1,0,1,0,0.0,0.43574386835098267,2,stale-soft,0.0,6,34,1,CORRECT,0,0,0,0,0,0,0.0,0.0
margin,live-delta,4,0.0,0.316659,0.581161,0.027408,0.980469,0.429818,0.579818,0.06339681148529053,0.6739566326141357,0.6105598211288452,1.2607742547988892,3.5281522274017334,0.6305534839630127,11,0,0,1,0,1,0,0.0056486716493964195,0.23575887084007263,2,stale-soft,0.0,6,35,28,CORRECT,0,0,0,0,0,0,0.0,0.0
margin,live-delta,4,0.0,0.316659,0.581161,0.027408,0.980469,0.429818,0.579818,0.061883509159088135,0.6948245167732239,0.6329410076141357,1.7467552423477173,5.735960483551025,0.5102746486663818,17,0,0,1,0,1,0,0.0,0.39494168758392334,2,stale-soft,0.0,6,36,12,CORRECT,0,0,0,0,0,0,0.0,0.0
margin,live-delta,4,0.0,0.316659,0.581161,0.027408,0.980469,0.429818,0.579818,0.01653200387954712,0.5996271371841431,0.583095133304596,1.8673006296157837,6.470805644989014,0.33110862970352173,10,0,0,1,0,1,0,0.0,0.3770725429058075,2,stale-soft,0.0,6,37,26,CORRECT,0,0,0,0,0,0,0.0,0.0
margin,live-delta,4,0.0,0.316659,0.581161,0.027408,0.980469,0.429818,0.579818,0.01701536774635315,0.5104827880859375,0.49346742033958435,2.601135015487671,13.479028701782227,0.14278407394886017,15,0,0,1,0,1,0,0.0,0.12907779216766357,2,stale-soft,0.0,6,38,28,CORRECT,0,0,0,0,0,0,0.0,0.0
margin,live-delta,4,0.0,0.316659,0.581161,0.027408,0.980469,0.429818,0.579818,0.0733039379119873,0.7156831622123718,0.6423792243003845,1.932328701019287,6.905572414398193,0.5024093985557556,20,0,0,1,0,1,0,0.0,0.31950700283050537,2,stale-soft,0.0,6,39,11,CORRECT,0,0,0,0,0,0,0.0,0.0
margin,live-delta,4,0.0,0.316659,0.581161,0.027408,0.980469,0.429818,0.579818,0.012021005153656006,0.5193359851837158,0.5073149800300598,1.4654994010925293,4.329705238342285,0.3678397834300995,5,0,0,1,0,1,0,0.0,0.3110678195953369,2,stale-soft,0.0,6,40,18,CORRECT,0,0,0,0,0,0,0.0,0.0
margin,live-delta,4,0.0,0.316659,0.581161,0.027408,0.980469,0.429818,0.579818,0.004130363464355469,0.5956895351409912,0.5915591716766357,2.11102557182312,8.256704330444336,0.2702663838863373,14,0,0,1,0,1,0,0.0,0.1764351725578308,2,stale-soft,0.0,6,41,9,CORRECT,0,0,0,0,0,0,0.0,0.0
margin,live-delta,4,0.0,0.316659,0.581161,0.027408,0.980469,0.429818,0.579818,0.12807446718215942,0.5080372095108032,0.3799627423286438,-0.0,1.0,1.0,1,0,0,1,0,1,0,0.0,0.18090730905532837,2,stale-soft,0.0,6,42,15,CORRECT,0,0,0,0,0,0,0.0,0.0
margin,live-delta,4,0.0,0.316659,0.581161,0.027408,0.980469,0.429818,0.579818,0.029343336820602417,0.5180602669715881,0.4887169301509857,0.9196711778640747,2.508465528488159,0.5750361084938049,3,0,0,1,0,1,1,0.3197586238384247,0.029343336820602417,1,stale-soft,0.0,6,44,6,CORRECT,0,0,0,0,0,0,0.0,0.0
margin,live-delta,4,0.0,0.316659,0.581161,0.027408,0.980469,0.429818,0.579818,0.14111894369125366,0.7220957279205322,0.5809767842292786,0.892063319683075,2.440159320831299,0.8136597275733948,18,0,0,1,0,1,0,0.0032690365333110094,0.2758523225784302,2,stale-soft,0.0,6,45,30,CORRECT,0,0,0,0,0,0,0.0,0.0
margin,live-delta,4,0.0,0.316659,0.581161,0.027408,0.980469,0.429818,0.579818,0.009380042552947998,0.5576402544975281,0.5482602119445801,2.567770004272461,13.036720275878906,0.14526426792144775,17,0,0,1,0,1,0,0.014949195086956024,0.11369481682777405,2,stale-soft,0.0,6,46,0,CORRECT,0,0,0,0,0,0,0.0,0.0
margin,live-delta,4,0.0,0.316659,0.581161,0.027408,0.980469,0.429818,0.579818,0.039743661880493164,0.7065777778625488,0.6668341159820557,1.896702527999878,6.663884162902832,0.4397803246974945,20,0,0,1,0,1,0,0.0,0.3557187616825104,2,stale-soft,0.0,6,47,11,CORRECT,0,0,0,0,0,0,0.0,0.0
margin,live-delta,4,0.0,0.316659,0.581161,0.027408,0.980469,0.429818,0.579818,0.00565028190612793,0.4656926989555359,0.46004241704940796,0.6915533542633057,1.9968148469924927,0.5282214283943176,2,0,0,1,0,1,0,0.0,0.11049196124076843,2,stale-soft,0.0,6,48,16,CORRECT,0,0,0,0,0,0,0.0,0.0
margin,live-delta,4,0.0,0.316659,0.581161,0.027408,0.980469,0.429818,0.579818,0.004724025726318359,0.6174630522727966,0.6127390265464783,2.6217949390411377,13.760400772094727,0.1533571481704712,20,0,0,1,0,1,0,0.0,0.2107999622821808,2,stale-soft,0.0,6,49,18,CORRECT,0,0,0,0,0,0,0.0,0.0
margin,live-delta,4,0.0,0.316659,0.581161,0.027408,0.980469,0.429818,0.579818,0.021081984043121338,0.631973922252655,0.6108919382095337,2.38700532913208,10.880860328674316,0.24051174521446228,20,0,0,1,0,1,0,0.0,0.2994708716869354,2,stale-soft,0.0,6,50,11,CORRECT,0,0,0,0,0,0,0.0,0.0
margin,live-delta,4,0.0,0.316659,0.581161,0.027408,0.980469,0.429818,0.579818,0.04159349203109741,0.6099201440811157,0.5683266520500183,2.021919012069702,7.552804946899414,0.36446043848991394,13,0,0,1,0,1,0,0.049303989857435226,0.1000206470489502,2,stale-soft,0.0,6,51,30,CORRECT,0,0,0,0,0,0,0.0,0.0
margin,live-delta,4,0.0,0.316659,0.581161,0.027408,0.980469,0.429818,0.579818,0.04602915048599243,0.6817589998245239,0.6357298493385315,1.995059609413147,7.3526411056518555,0.450581818819046,20,0,0,1,0,1,0,0.0,0.2529265582561493,2,stale-soft,0.0,6,52,30,CORRECT,0,0,0,0,0,0,0.0,0.0
margin,live-delta,4,0.0,0.316659,0.581161,0.027408,0.980469,0.429818,0.579818,0.02947831153869629,0.6125665903091431,0.5830882787704468,2.140479326248169,8.503512382507324,0.29867419600486755,13,0,0,1,0,1,0,0.0,0.2717077136039734,2,stale-soft,0.0,6,53,7,CORRECT,0,0,0,0,0,0,0.0,0.0
margin,live-delta,4,0.0,0.316659,0.581161,0.027408,0.980469,0.429818,0.579818,0.039527952671051025,0.6817615628242493,0.6422336101531982,1.431990146636963,4.187023639678955,0.5213594436645508,11,0,0,1,0,1,0,0.006870566867291927,0.21645966172218323,2,stale-soft,0.0,6,54,16,CORRECT,0,0,0,0,0,0,0.0,0.0
margin,live-delta,4,0.0,0.316659,0.581161,0.027408,0.980469,0.429818,0.579818,0.1259809136390686,0.7112128138542175,0.5852319002151489,1.3836485147476196,3.9894306659698486,0.7028036117553711,20,0,0,1,0,1,0,0.005887160077691078,0.2391151487827301,2,stale-soft,0.0,6,55,30,CORRECT,0,0,0,0,0,0,0.0,0.0
margin,live-delta,4,0.0,0.316659,0.581161,0.027408,0.980469,0.429818,0.579818,0.04841500520706177,0.5435279607772827,0.49511295557022095,1.625753402709961,5.082246780395508,0.4350970387458801,7,0,0,1,0,1,0,0.0,0.2726425230503082,2,stale-soft,0.0,6,56,1,CORRECT,0,0,0,0,0,0,0.0,0.0
margin,live-delta,4,0.0,0.316659,0.581161,0.027408,0.980469,0.429818,0.579818,0.011501491069793701,0.5289517045021057,0.517450213432312,2.4112439155578613,11.147819519042969,0.16646654903888702,13,0,0,1,0,1,0,0.0,0.12112635374069214,2,stale-soft,0.0,6,57,28,CORRECT,0,0,0,0,0,0,0.0,0.0
margin,live-delta,4,0.0,0.316659,0.581161,0.027408,0.980469,0.429818,0.579818,0.027495503425598145,0.521161675453186,0.4936661720275879,1.849459171295166,6.356380939483643,0.27965304255485535,7,0,0,1,0,1,0,0.0,0.11345532536506653,2,stale-soft,0.0,6,58,28,CORRECT,0,0,0,0,0,0,0.0,0.0
margin,live-delta,4,0.0,0.316659,0.581161,0.027408,0.980469,0.429818,0.579818,0.0455852746963501,0.7100707292556763,0.6644854545593262,1.6763778924942017,5.346156597137451,0.4960916340351105,20,0,0,1,0,1,0,0.0,0.41332536935806274,2,stale-soft,0.0,6,59,11,CORRECT,0,0,0,0,0,0,0.0,0.0
margin,live-delta,4,0.0,0.316659,0.581161,0.027408,0.980469,0.429818,0.579818,0.0009667277336120605,0.7287241816520691,0.727757453918457,1.377142310142517,3.9635589122772217,0.3558221161365509,12,0,0,1,0,1,0,0.0,0.41136324405670166,2,stale-soft,0.0,6,61,25,CORRECT,0,0,0,0,0,0,0.0,0.0
margin,live-delta,4,0.0,0.316659,0.581161,0.027408,0.980469,0.429818,0.579818,0.03774535655975342,0.5500203371047974,0.512274980545044,1.607927918434143,4.992455959320068,0.4335188567638397,7,0,0,1,0,1,0,0.0,0.1310868263244629,2,stale-soft,0.0,6,62,16,CORRECT,0,0,0,0,0,0,0.0,0.0
margin,live-delta,4,0.0,0.316659,0.581161,0.027408,0.980469,0.429818,0.579818,0.0918266773223877,0.7022755146026611,0.6104488372802734,1.6186840534210205,5.046444892883301,0.6052987575531006,20,0,0,1,0,1,0,0.0,0.3652082681655884,2,stale-soft,0.0,6,63,22,CORRECT,0,0,0,0,0,0,0.0,0.0
margin,live-delta,4,0.0,0.316659,0.581161,0.027408,0.980469,0.429818,0.579818,0.0138663649559021,0.6372043490409851,0.623337984085083,2.0766046047210693,7.977336883544922,0.273668497800827,16,1,1,1,1,1,0,0.006435961928218603,0.18750077486038208,2,stale-soft,0.0,6,64,60,CORRECT,0,0,0,0,0,0,0.0,0.0
margin,live-delta,4,0.0,0.316659,0.581161,0.027408,0.980469,0.429818,0.579818,0.07325202226638794,0.7194734811782837,0.6462214589118958,1.3844233751296997,3.992522954940796,0.5926370620727539,13,1,1,1,1,1,0,0.0,0.4203501343727112,2,stale-soft,0.0,6,65,49,CORRECT,0,0,0,0,0,0,0.0,0.0
margin,live-delta,4,0.0,0.316659,0.581161,0.027408,0.980469,0.429818,0.579818,0.27114012837409973,0.7173919677734375,0.44625183939933777,0.0497102290391922,1.050966501235962,0.9924216866493225,3,1,1,1,1,1,0,0.0,0.4258134365081787,2,stale-soft,0.0,6,66,54,CORRECT,0,0,0,0,0,0,0.0,0.0
margin,live-delta,4,0.0,0.316659,0.581161,0.027408,0.980469,0.429818,0.579818,0.04251831769943237,0.6012977957725525,0.5587794780731201,2.163828134536743,8.704395294189453,0.2915738523006439,13,1,1,1,1,1,0,0.0,0.203637957572937,2,stale-soft,0.0,6,67,42,CORRECT,0,0,0,0,0,0,0.0,0.0
margin,live-delta,4,0.0,0.316659,0.581161,0.027408,0.980469,0.429818,0.579818,0.17981690168380737,0.6864583492279053,0.5066414475440979,0.25104135274887085,1.2853631973266602,0.9491340517997742,4,1,1,1,1,1,0,0.0,0.43639615178108215,2,stale-soft,0.0,6,68,57,CORRECT,0,0,0,0,0,0,0.0,0.0
margin,live-delta,4,0.0,0.316659,0.581161,0.027408,0.980469,0.429818,0.579818,0.026864051818847656,0.5847336053848267,0.557869553565979,1.9622299671173096,7.115176200866699,0.3561709523200989,11,1,1,1,1,1,0,0.017289120703935623,0.1512666940689087,2,stale-soft,0.0,6,69,52,CORRECT,0,0,0,0,0,0,0.0,0.0
margin,live-delta,4,0.0,0.316659,0.581161,0.027408,0.980469,0.429818,0.579818,0.08957570791244507,0.6409652233123779,0.5513895153999329,0.7889871001243591,2.2011656761169434,0.7807247638702393,6,1,1,1,1,1,0,0.0,0.3181228041648865,2,stale-soft,0.0,6,70,57,CORRECT,0,0,0,0,0,0,0.0,0.0
margin,live-delta,4,0.0,0.316659,0.581161,0.027408,0.980469,0.429818,0.579818,0.04689741134643555,0.5237218141555786,0.47682440280914307,1.3581238985061646,3.888890504837036,0.5000370740890503,5,1,1,1,1,1,0,0.09810714423656464,0.08143112063407898,2,stale-soft,0.0,6,71,49,CORRECT,0,0,0,0,0,0,0.0,0.0
margin,live-delta,4,0.0,0.316659,0.581161,0.027408,0.980469,0.429818,0.579818,0.028354287147521973,0.7925995588302612,0.7642452716827393,0.9122671484947205,2.4899611473083496,0.5992596745491028,8,1,1,1,1,1,0,0.0,0.46540719270706177,2,stale-soft,0.0,6,72,40,CORRECT,0,0,0,0,0,0,0.0,0.0
margin,live-delta,4,0.0,0.316659,0.581161,0.027408,0.980469,0.429818,0.579818,0.03947728872299194,0.4474477767944336,0.40797048807144165,-0.0,1.0,1.0,1,1,1,1,1,1,0,0.0,0.04582047462463379,1,stale-soft,0.0,6,73,35,CORRECT,0,0,0,0,0,0,0.0,0.0
margin,live-delta,4,0.0,0.316659,0.581161,0.027408,0.980469,0.429818,0.579818,0.019095420837402344,0.6300061345100403,0.6109107136726379,1.0580501556396484,2.8807485103607178,0.5139190554618835,5,1,1,1,1,1,0,0.0,0.29718226194381714,2,stale-soft,0.0,6,74,32,CORRECT,0,0,0,0,0,0,0.0,0.0
margin,live-delta,4,0.0,0.316659,0.581161,0.027408,0.980469,0.429818,0.579818,0.02758324146270752,0.6517994403839111,0.6242161989212036,1.8663322925567627,6.464542865753174,0.3685320019721985,15,1,1,1,1,1,0,0.01588442549109459,0.17890149354934692,2,stale-soft,0.0,6,75,48,CORRECT,0,0,0,0,0,0,0.0,0.0
margin,live-delta,4,0.0,0.316659,0.581161,0.027408,0.980469,0.429818,0.579818,0.006723225116729736,0.587090253829956,0.5803670287132263,1.997665286064148,7.371824741363525,0.29214125871658325,12,1,1,1,1,1,0,0.013155153952538967,0.15502119064331055,2,stale-soft,0.0,6,76,35,CORRECT,0,0,0,0,0,0,0.0,0.0
margin,live-delta,4,0.0,0.316659,0.581161,0.027408,0.980469,0.429818,0.579818,0.01150047779083252,0.4391584098339081,0.42765793204307556,-0.0,1.0,1.0,1,1,1,1,1,1,0,0.0,0.11116591095924377,2,stale-soft,0.0,6,77,58,CORRECT,0,0,0,0,0,0,0.0,0.0
margin,live-delta,4,0.0,0.316659,0.581161,0.027408,0.980469,0.429818,0.579818,0.046075284481048584,0.485497385263443,0.4394221007823944,0.5972926616668701,1.8171924352645874,0.7153488397598267,2,1,1,1,1,1,0,0.0,0.11503127217292786,2,stale-soft,0.0,6,78,37,CORRECT,0,0,0,0,0,0,0.0,0.0
margin,live-delta,4,0.0,0.316659,0.581161,0.027408,0.980469,0.429818,0.579818,0.011427760124206543,0.43584972620010376,0.4244219660758972,-0.0,1.0,1.0,1,1,1,1,1,1,0,0.0,0.09523272514343262,2,stale-soft,0.0,6,79,55,CORRECT,0,0,0,0,0,0,0.0,0.0
margin,live-delta,4,0.0,0.316659,0.581161,0.027408,0.980469,0.429818,0.579818,0.047071754932403564,0.580012857913971,0.5329411029815674,1.3667778968811035,3.9226911067962646,0.5523421764373779,7,1,0,0,0,0,1,0.941399097442627,-0.1121707558631897,0,stale-soft,0.0,6,80,24,BLENDED,0,0,0,0,0,0,0.0,0.0
margin,live-delta,4,0.0,0.316659,0.581161,0.027408,0.980469,0.429818,0.579818,0.06020021438598633,0.6887730360031128,0.6285728216171265,1.2882663011550903,3.6264939308166504,0.556942343711853,7,1,1,1,1,1,0,0.0,0.5219050645828247,2,stale-soft,0.0,6,81,50,CORRECT,0,0,0,0,0,0,0.0,0.0
margin,live-delta,4,0.0,0.316659,0.581161,0.027408,0.980469,0.429818,0.579818,0.06465297937393188,0.675824761390686,0.6111717820167542,1.559347152709961,4.755715370178223,0.5730307102203369,15,1,1,1,1,1,0,0.0,0.3446776866912842,2,stale-soft,0.0,6,82,61,CORRECT,0,0,0,0,0,0,0.0,0.0
margin,live-delta,4,0.0,0.316659,0.581161,0.027408,0.980469,0.429818,0.579818,0.062261730432510376,0.522896409034729,0.46063467860221863,0.5313348770141602,1.7012016773223877,0.7764738202095032,2,1,1,1,1,1,0,0.0,0.20996356010437012,2,stale-soft,0.0,6,83,42,CORRECT,0,0,0,0,0,0,0.0,0.0
margin,live-delta,4,0.0,0.316659,0.581161,0.027408,0.980469,0.429818,0.579818,0.007027864456176758,0.595234215259552,0.5882063508033752,1.52702796459198,4.604471683502197,0.3388727009296417,8,1,1,1,1,1,0,0.0,0.3471389412879944,2,stale-soft,0.0,6,84,52,CORRECT,0,0,0,0,0,0,0.0,0.0
margin,live-delta,4,0.0,0.316659,0.581161,0.027408,0.980469,0.429818,0.579818,0.002056121826171875,0.5324323177337646,0.5303761959075928,1.8762980699539185,6.529289245605469,0.2596917748451233,8,1,1,1,1,1,1,0.1339084506034851,0.06689471006393433,2,stale-soft,0.0,6,85,41,CORRECT,0,0,0,0,0,0,0.0,0.0
margin,live-delta,4,0.0,0.316659,0.581161,0.027408,0.980469,0.429818,0.579818,0.014487236738204956,0.49048975110054016,0.4760025143623352,1.3602098226547241,3.8970108032226562,0.3414223790168762,4,1,0,0,0,0,1,0.5969616174697876,-0.02302202582359314,0,stale-soft,0.0,6,86,25,BLENDED,0,0,0,0,0,0,0.0,0.0
margin,live-delta,4,0.0,0.316659,0.581161,0.027408,0.980469,0.429818,0.579818,0.30191630125045776,0.8589409589767456,0.5570246577262878,0.06216157227754593,1.0641342401504517,0.9920988082885742,11,1,1,1,1,1,0,0.0014002482639625669,0.3508061170578003,2,stale-soft,0.0,6,87,43,CORRECT,0,0,0,0,0,0,0.0,0.0
margin,live-delta,4,0.0,0.316659,0.581161,0.027408,0.980469,0.429818,0.579818,0.023692190647125244,0.6738309860229492,0.650138795375824,1.1719838380813599,3.22839093208313,0.5001707673072815,7,1,1,1,1,1,0,0.0,0.38304105401039124,2,stale-soft,0.0,6,88,61,CORRECT,0,0,0,0,0,0,0.0,0.0
margin,live-delta,4,0.0,0.316659,0.581161,0.027408,0.980469,0.429818,0.579818,0.01702946424484253,0.6745926737785339,0.6575632095336914,1.6434307098388672,5.172885894775391,0.3633873760700226,9,1,1,1,1,1,0,0.0,0.4250260889530182,2,stale-soft,0.0,6,89,39,CORRECT,0,0,0,0,0,0,0.0,0.0
margin,live-delta,4,0.0,0.316659,0.581161,0.027408,0.980469,0.429818,0.579818,0.005663275718688965,0.6045351028442383,0.5988718271255493,1.9217181205749512,6.832687854766846,0.26465296745300293,13,1,1,1,1,1,0,0.0,0.3412850499153137,2,stale-soft,0.0,6,90,39,CORRECT,0,0,0,0,0,0,0.0,0.0
margin,live-delta,4,0.0,0.316659,0.581161,0.027408,0.980469,0.429818,0.579818,0.006245851516723633,0.5371400713920593,0.5308942198753357,2.109865427017212,8.24713134765625,0.18886098265647888,10,1,1,1,1,1,1,0.1361643671989441,0.016357421875,0,stale-soft,0.0,6,91,45,CORRECT,0,0,0,0,0,0,0.0,0.0
margin,live-delta,4,0.0,0.316659,0.581161,0.027408,0.980469,0.429818,0.579818,0.08484706282615662,0.46731051802635193,0.3824634552001953,-0.0,1.0,1.0,1,1,1,1,1,1,0,0.0,0.20996516942977905,2,stale-soft,0.0,6,92,40,CORRECT,0,0,0,0,0,0,0.0,0.0
margin,live-delta,4,0.0,0.316659,0.581161,0.027408,0.980469,0.429818,0.579818,0.03696244955062866,0.5619375705718994,0.5249751210212708,1.8787370920181274,6.545233726501465,0.3954925835132599,10,1,1,1,1,1,0,0.0,0.26756343245506287,2,stale-soft,0.0,6,93,57,CORRECT,0,0,0,0,0,0,0.0,0.0
margin,live-delta,4,0.0,0.316659,0.581161,0.027408,0.980469,0.429818,0.579818,0.001346588134765625,0.6266343593597412,0.6252877712249756,1.8937263488769531,6.644080638885498,0.273932546377182,12,1,1,1,1,1,0,0.0,0.3373410105705261,2,stale-soft,0.0,6,94,61,CORRECT,0,0,0,0,0,0,0.0,0.0
margin,live-delta,4,0.0,0.316659,0.581161,0.027408,0.980469,0.429818,0.579818,0.08536481857299805,0.604717493057251,0.5193526744842529,0.8032584190368652,2.232804536819458,0.7508164644241333,4,1,1,1,1,1,0,0.0,0.21116384863853455,2,stale-soft,0.0,6,95,41,CORRECT,0,0,0,0,0,0,0.0,0.0
margin,live-delta,4,0.0,0.316659,0.581161,0.027408,0.980469,0.429818,0.579818,0.005658745765686035,0.6051054000854492,0.5994466543197632,2.0496437549591064,7.765134334564209,0.24924463033676147,12,1,1,1,1,1,0,0.0,0.39281249046325684,2,stale-soft,0.0,6,96,54,CORRECT,0,0,0,0,0,0,0.0,0.0
margin,live-delta,4,0.0,0.316659,0.581161,0.027408,0.980469,0.429818,0.579818,0.06105303764343262,0.7184756994247437,0.657422661781311,1.0150387287139893,2.759470224380493,0.6803184151649475,8,1,1,1,1,1,0,0.0,0.4032242000102997,2,stale-soft,0.0,6,97,40,CORRECT,0,0,0,0,0,0,0.0,0.0
margin,live-delta,4,0.0,0.316659,0.581161,0.027408,0.980469,0.429818,0.579818,0.013661503791809082,0.582595705986023,0.5689342021942139,1.1959669589996338,3.306753635406494,0.43847981095314026,4,1,1,1,1,1,0,0.0,0.2990831136703491,2,stale-soft,0.0,6,98,56,CORRECT,0,0,0,0,0,0,0.0,0.0
margin,live-delta,4,0.0,0.316659,0.581161,0.027408,0.980469,0.429818,0.579818,0.28284555673599243,0.7437993288040161,0.4609537720680237,0.043186262249946594,1.0441323518753052,0.993588924407959,3,1,1,1,1,1,0,0.0,0.5071672201156616,2,stale-soft,0.0,6,99,41,CORRECT,0,0,0,0,0,0,0.0,0.0
margin,live-delta,4,0.0,0.316659,0.581161,0.027408,0.980469,0.429818,0.579818,0.008107304573059082,0.5988267660140991,0.59071946144104,0.7947788834571838,2.213951349258423,0.5259713530540466,3,1,1,1,1,1,0,0.0,0.31339359283447266,2,stale-soft,0.0,6,100,61,CORRECT,0,0,0,0,0,0,0.0,0.0
margin,live-delta,4,0.0,0.316659,0.581161,0.027408,0.980469,0.429818,0.579818,0.018241524696350098,0.48883119225502014,0.47058966755867004,1.0598750114440918,2.88601016998291,0.45503970980644226,3,1,3,0,3,0,1,1.0,-0.08488729596138,0,stale-soft,0.0,6,101,123,BLENDED,0,0,0,0,0,0,0.0,0.0
margin,live-delta,4,0.0,0.316659,0.581161,0.027408,0.980469,0.429818,0.579818,0.06546664237976074,0.6314265727996826,0.5659599304199219,1.6402329206466675,5.156370639801025,0.4877015948295593,9,1,1,1,1,1,0,0.0,0.36988168954849243,2,stale-soft,0.0,6,102,62,CORRECT,0,0,0,0,0,0,0.0,0.0
margin,live-delta,4,0.0,0.316659,0.581161,0.027408,0.980469,0.429818,0.579818,0.018510043621063232,0.6128389239311218,0.5943288803100586,1.2699309587478638,3.5606067180633545,0.501042902469635,8,1,1,1,1,1,0,0.0,0.2733041048049927,2,stale-soft,0.0,6,103,54,CORRECT,0,0,0,0,0,0,0.0,0.0
margin,live-delta,4,0.0,0.316659,0.581161,0.027408,0.980469,0.429818,0.579818,0.0038860440254211426,0.6102866530418396,0.6064006090164185,1.8849693536758423,6.58615255355835,0.320635050535202,12,1,1,1,1,1,0,0.0,0.3647603988647461,2,stale-soft,0.0,6,104,49,CORRECT,0,0,0,0,0,0,0.0,0.0
margin,live-delta,4,0.0,0.316659,0.581161,0.027408,0.980469,0.429818,0.579818,0.07134711742401123,0.705420970916748,0.6340738534927368,1.272269606590271,3.568943500518799,0.6077620983123779,9,1,1,1,1,1,0,0.0,0.4852299094200134,2,stale-soft,0.0,6,105,40,CORRECT,0,0,0,0,0,0,0.0,0.0
margin,live-delta,4,0.0,0.316659,0.581161,0.027408,0.980469,0.429818,0.579818,0.07959204912185669,0.7538836598396301,0.6742916107177734,0.9749141335487366,2.650939464569092,0.7221004962921143,11,1,1,1,1,1,0,0.0,0.4799800217151642,2,stale-soft,0.0,6,106,39,CORRECT,0,0,0,0,0,0,0.0,0.0
margin,live-delta,4,0.0,0.316659,0.581161,0.027408,0.980469,0.429818,0.579818,0.011961400508880615,0.617219865322113,0.6052584648132324,1.6458401679992676,5.185364723205566,0.4047010540962219,12,1,1,1,1,1,1,0.2102506011724472,0.07979494333267212,2,stale-soft,0.0,6,107,60,CORRECT,0,0,0,0,0,0,0.0,0.0
margin,live-delta,4,0.0,0.316659,0.581161,0.027408,0.980469,0.429818,0.579818,0.04879361391067505,0.6414546966552734,0.5926610827445984,1.8012748956680298,6.0573649406433105,0.4697282016277313,13,1,1,1,1,1,0,0.0,0.362080454826355,2,stale-soft,0.0,6,108,49,CORRECT,0,0,0,0,0,0,0.0,0.0
margin,live-delta,4,0.0,0.316659,0.581161,0.027408,0.980469,0.429818,0.579818,0.005373120307922363,0.6084858179092407,0.6031126976013184,1.3665761947631836,3.9218997955322266,0.4060872793197632,6,1,1,1,1,1,0,0.0,0.3015759587287903,2,stale-soft,0.0,6,109,62,CORRECT,0,0,0,0,0,0,0.0,0.0
margin,live-delta,4,0.0,0.316659,0.581161,0.027408,0.980469,0.429818,0.579818,0.029764771461486816,0.6916086673736572,0.6618438959121704,1.3965046405792236,4.041050434112549,0.49262890219688416,7,1,1,1,1,1,0,0.0,0.47904616594314575,2,stale-soft,0.0,6,111,32,CORRECT,0,0,0,0,0,0,0.0,0.0
margin,live-delta,4,0.0,0.316659,0.581161,0.027408,0.980469,0.429818,0.579818,0.0655626654624939,0.6678102612495422,0.6022475957870483,1.3756229877471924,3.9575414657592773,0.5604981184005737,9,1,1,1,1,1,0,0.0,0.4308151602745056,2,stale-soft,0.0,6,112,46,CORRECT,0,0,0,0,0,0,0.0,0.0
margin,live-delta,4,0.0,0.316659,0.581161,0.027408,0.980469,0.429818,0.579818,0.024531066417694092,0.5232676267623901,0.49873656034469604,0.6639403104782104,1.942431092262268,0.6202526092529297,2,1,1,1,1,1,0,0.0,0.2562590539455414,2,stale-soft,0.0,6,113,34,CORRECT,0,0,0,0,0,0,0.0,0.0
margin,live-delta,4,0.0,0.316659,0.581161,0.027408,0.980469,0.429818,0.579818,0.03674370050430298,0.6705558896064758,0.6338121891021729,1.3942354917526245,4.031890869140625,0.5270095467567444,11,1,1,1,1,1,0,0.0,0.39768946170806885,2,stale-soft,0.0,6,114,57,CORRECT,0,0,0,0,0,0,0.0,0.0
margin,live-delta,4,0.0,0.316659,0.581161,0.027408,0.980469,0.429818,0.579818,0.0519755482673645,0.5355624556541443,0.4835869073867798,1.6768550872802734,5.348708152770996,0.42201805114746094,7,1,1,1,1,1,1,0.12355606257915497,0.09194368124008179,2,stale-soft,0.0,6,115,38,CORRECT,0,0,0,0,0,0,0.0,0.0
margin,live-delta,4,0.0,0.316659,0.581161,0.027408,0.980469,0.429818,0.579818,0.07225793600082397,0.610309898853302,0.538051962852478,1.1016435623168945,3.0091075897216797,0.6662366390228271,6,1,1,1,1,1,0,0.0,0.33518922328948975,2,stale-soft,0.0,6,116,54,CORRECT,0,0,0,0,0,0,0.0,0.0
margin,live-delta,4,0.0,0.316659,0.581161,0.027408,0.980469,0.429818,0.579818,0.10138309001922607,0.6700421571731567,0.5686590671539307,1.3149303197860718,3.7244913578033447,0.6613844633102417,11,1,1,1,1,1,0,0.0060916864313185215,0.23437052965164185,2,stale-soft,0.0,6,117,49,CORRECT,0,0,0,0,0,0,0.0,0.0
margin,live-delta,4,0.0,0.316659,0.581161,0.027408,0.980469,0.429818,0.579818,0.030777424573898315,0.44668951630592346,0.41591209173202515,-0.0,1.0,1.0,1,1,1,1,1,1,0,0.0,0.21114350855350494,2,stale-soft,0.0,6,118,48,CORRECT,0,0,0,0,0,0,0.0,0.0
margin,live-delta,4,0.0,0.316659,0.581161,0.027408,0.980469,0.429818,0.579818,0.04402768611907959,0.5582033395767212,0.5141756534576416,1.2380722761154175,3.448958396911621,0.5489068627357483,5,1,1,1,1,1,0,0.0,0.15230268239974976,2,stale-soft,0.0,6,119,49,CORRECT,0,0,0,0,0,0,0.0,0.0
margin,live-delta,4,0.0,0.316659,0.581161,0.027408,0.980469,0.429818,0.579818,0.001757204532623291,0.6123923659324646,0.6106351613998413,1.5024776458740234,4.492806911468506,0.36509791016578674,8,1,1,1,1,1,0,0.0,0.3293934762477875,2,stale-soft,0.0,6,120,57,CORRECT,0,0,0,0,0,0,0.0,0.0
margin,live-delta,4,0.0,0.316659,0.581161,0.027408,0.980469,0.429818,0.579818,0.028531432151794434,0.6142705678939819,0.5857391357421875,1.7176141738891602,5.571220397949219,0.4281253218650818,11,1,1,1,1,1,0,0.02457697130739689,0.17189186811447144,2,stale-soft,0.0,6,121,52,CORRECT,0,0,0,0,0,0,0.0,0.0
margin,live-delta,4,0.0,0.316659,0.581161,0.027408,0.980469,0.429818,0.579818,0.04132509231567383,0.6418052911758423,0.6004801988601685,1.580040454864502,4.855152130126953,0.45793282985687256,8,1,1,1,1,1,0,0.0,0.3827874958515167,2,stale-soft,0.0,6,122,52,CORRECT,0,0,0,0,0,0,0.0,0.0
margin,live-delta,4,0.0,0.316659,0.581161,0.027408,0.980469,0.429818,0.579818,0.1144600510597229,0.5257062911987305,0.41124624013900757,-0.0,1.0,1.0,1,1,1,1,1,1,0,0.0,0.13191860914230347,2,stale-soft,0.0,6,123,43,CORRECT,0,0,0,0,0,0,0.0,0.0
margin,live-delta,4,0.0,0.316659,0.581161,0.027408,0.980469,0.429818,0.579818,0.046421170234680176,0.7209793329238892,0.674558162689209,1.11576509475708,3.0519022941589355,0.623386025428772,11,1,1,1,1,1,0,0.0,0.34347569942474365,2,stale-soft,0.0,6,124,62,CORRECT,0,0,0,0,0,0,0.0,0.0
margin,live-delta,4,0.0,0.316659,0.581161,0.027408,0.980469,0.429818,0.579818,0.02554035186767578,0.5810360312461853,0.5554956793785095,1.8603789806365967,6.426171779632568,0.37988534569740295,11,1,1,1,1,1,0,0.02418176643550396,0.13771352171897888,2,stale-soft,0.0,6,125,38,CORRECT,0,0,0,0,0,0,0.0,0.0
margin,live-delta,4,0.0,0.316659,0.581161,0.027408,0.980469,0.429818,0.579818,0.051419079303741455,0.7271186113357544,0.6756995320320129,0.6819592118263245,1.9777487516403198,0.7220187187194824,5,1,1,1,1,1,0,0.0,0.40758949518203735,2,stale-soft,0.0,6,126,41,CORRECT,0,0,0,0,0,0,0.0,0.0
margin,live-delta,4,0.0,0.316659,0.581161,0.027408,0.980469,0.429818,0.579818,0.1547597050666809,0.7880293130874634,0.6332696080207825,0.43826356530189514,1.5500134229660034,0.9064263701438904,7,1,1,1,1,1,0,0.0,0.45933932065963745,2,stale-soft,0.0,6,127,40,CORRECT,0,0,0,0,0,0,0.0,0.0
margin,live-delta,4,0.0,0.316659,0.581161,0.027408,0.980469,0.429818,0.579818,0.028143763542175293,0.5415035486221313,0.513359785079956,2.266066789627075,9.641404151916504,0.2602808475494385,12,2,2,1,2,1,0,0.0,0.2378905713558197,2,stale-soft,0.0,6,128,66,CORRECT,0,0,0,0,0,0,0.0,0.0
margin,live-delta,4,0.0,0.316659,0.581161,0.027408,0.980469,0.429818,0.579818,0.02547597885131836,0.5951765775680542,0.5697005987167358,2.044546604156494,7.7256550788879395,0.3249884843826294,13,2,2,1,2,1,0,0.0,0.3075736165046692,2,stale-soft,0.0,6,129,66,CORRECT,0,0,0,0,0,0,0.0,0.0
margin,live-delta,4,0.0,0.316659,0.581161,0.027408,0.980469,0.429818,0.579818,0.041772425174713135,0.5690668821334839,0.5272944569587708,2.1340956687927246,8.44940185546875,0.2761613130569458,11,2,2,1,2,1,0,0.0,0.24107003211975098,2,stale-soft,0.0,6,130,81,CORRECT,0,0,0,0,0,0,0.0,0.0
margin,live-delta,4,0.0,0.316659,0.581161,0.027408,0.980469,0.429818,0.579818,0.07747495174407959,0.7438898086547852,0.6664148569107056,0.6913416981697083,1.9963922500610352,0.7839105725288391,6,2,2,1,2,1,0,0.0,0.5825783014297485,2,stale-soft,0.0,6,133,71,CORRECT,0,0,0,0,0,0,0.0,0.0
margin,live-delta,4,0.0,0.316659,0.581161,0.027408,0.980469,0.429818,0.579818,0.09667551517486572,0.7966054677963257,0.69992995262146,1.1403989791870117,3.1280159950256348,0.7118372917175293,18,2,2,1,2,1,0,0.0,0.5791870355606079,2,stale-soft,0.0,6,134,86,CORRECT,0,0,0,0,0,0,0.0,0.0
margin,live-delta,4,0.0,0.316659,0.581161,0.027408,0.980469,0.429818,0.579818,0.024165570735931396,0.5892134308815002,0.5650478601455688,0.8990680575370789,2.4573118686676025,0.5798836946487427,4,2,2,1,2,1,0,0.0,0.21183645725250244,2,stale-soft,0.0,6,135,91,CORRECT,0,0,0,0,0,0,0.0,0.0
margin,live-delta,4,0.0,0.316659,0.581161,0.027408,0.980469,0.429818,0.579818,0.049243152141571045,0.6251969933509827,0.5759538412094116,2.376845121383667,10.770868301391602,0.33181849122047424,20,2,2,1,2,1,0,0.0,0.3021586835384369,2,stale-soft,0.0,6,136,84,CORRECT,0,0,0,0,0,0,0.0,0.0
margin,live-delta,4,0.0,0.316659,0.581161,0.027408,0.980469,0.429818,0.579818,0.028989076614379883,0.6016455888748169,0.572656512260437,1.76458740234375,5.839162826538086,0.3967970907688141,11,2,2,1,2,1,0,0.0,0.3383933901786804,2,stale-soft,0.0,6,139,64,CORRECT,0,0,0,0,0,0,0.0,0.0
margin,live-delta,4,0.0,0.316659,0.581161,0.027408,0.980469,0.429818,0.579818,0.0345538854598999,0.6501257419586182,0.6155718564987183,1.050065040588379,2.857836961746216,0.5797074437141418,6,2,2,1,2,1,0,0.0,0.4701628088951111,2,stale-soft,0.0,6,140,80,CORRECT,0,0,0,0,0,0,0.0,0.0
margin,live-delta,4,0.0,0.316659,0.581161,0.027408,0.980469,0.429818,0.579818,0.047999441623687744,0.6712274551391602,0.6232280135154724,1.7030452489852905,5.490642547607422,0.5135579109191895,15,2,2,1,2,1,0,0.0,0.4998254179954529,2,stale-soft,0.0,6,141,86,CORRECT,0,0,0,0,0,0,0.0,0.0
margin,live-delta,4,0.0,0.316659,0.581161,0.027408,0.980469,0.429818,0.579818,0.0030187368392944336,0.5701974630355835,0.5671787261962891,2.5587852001190186,12.920112609863281,0.1592530906200409,18,2,2,1,2,1,0,0.0,0.24273034930229187,2,stale-soft,0.0,6,142,65,CORRECT,0,0,0,0,0,0,0.0,0.0
margin,live-delta,4,0.0,0.316659,0.581161,0.027408,0.980469,0.429818,0.579818,0.009077876806259155,0.4765753448009491,0.46749746799468994,1.552777647972107,4.724575042724609,0.30021145939826965,5,2,2,1,2,1,0,0.0,0.21677151322364807,2,stale-soft,0.0,6,143,91,CORRECT,0,0,0,0,0,0,0.0,0.0
margin,live-delta,4,0.0,0.316659,0.581161,0.027408,0.980469,0.429818,0.579818,0.0962134599685669,0.5023441314697266,0.40613067150115967,-0.0,1.0,1.0,1,2,2,1,2,1,0,0.0,0.3381776213645935,2,stale-soft,0.0,6,144,85,CORRECT,0,0,0,0,0,0,0.0,0.0
margin,live-delta,4,0.0,0.316659,0.581161,0.027408,0.980469,0.429818,0.579818,0.06751561164855957,0.5056644678115845,0.4381488561630249,0.5083646774291992,1.6625701189041138,0.794180691242218,2,2,2,1,2,1,0,0.0,0.2127377986907959,2,stale-soft,0.0,6,145,88,CORRECT,0,0,0,0,0,0,0.0,0.0
margin,live-delta,4,0.0,0.316659,0.581161,0.027408,0.980469,0.429818,0.579818,0.023302733898162842,0.5993673801422119,0.5760646462440491,1.5529534816741943,4.725406169891357,0.4578370749950409,10,2,2,1,2,1,0,0.0,0.25072425603866577,2,stale-soft,0.0,6,147,91,CORRECT,0,0,0,0,0,0,0.0,0.0
margin,live-delta,4,0.0,0.316659,0.581161,0.027408,0.980469,0.429818,0.579818,0.003406345844268799,0.5392884612083435,0.5358821153640747,2.2004456520080566,9.029036521911621,0.2375253289937973,12,2,2,1,2,1,0,0.0,0.3246327042579651,2,stale-soft,0.0,6,148,78,CORRECT,0,0,0,0,0,0,0.0,0.0
margin,live-delta,4,0.0,0.316659,0.581161,0.027408,0.980469,0.429818,0.579818,0.08553999662399292,0.6592262387275696,0.5736862421035767,1.1487170457839966,3.1541435718536377,0.7034260034561157,11,2,2,1,2,1,0,0.0,0.30882811546325684,2,stale-soft,0.0,6,149,91,CORRECT,0,0,0,0,0,0,0.0,0.0
margin,live-delta,4,0.0,0.316659,0.581161,0.027408,0.980469,0.429818,0.579818,0.002938687801361084,0.6503852605819702,0.6474465727806091,2.3190910816192627,10.16642951965332,0.16713854670524597,20,2,2,1,2,1,0,0.0,0.4170028269290924,2,stale-soft,0.0,6,150,66,CORRECT,0,0,0,0,0,0,0.0,0.0
margin,live-delta,4,0.0,0.316659,0.581161,0.027408,0.980469,0.429818,0.579818,0.027769744396209717,0.5065252184867859,0.47875547409057617,0.9789302349090576,2.661607503890991,0.5409001708030701,3,2,2,1,2,1,0,0.0,0.3551807403564453,2,stale-soft,0.0,6,151,85,CORRECT,0,0,0,0,0,0,0.0,0.0
margin,live-delta,4,0.0,0.316659,0.581161,0.027408,0.980469,0.429818,0.579818,0.27028217911720276,0.6035950779914856,0.33331289887428284,-0.0,1.0,1.0,1,2,2,1,2,1,0,0.0,0.34920328855514526,2,stale-soft,0.0,6,152,74,CORRECT,0,0,0,0,0,0,0.0,0.0
margin,live-delta,4,0.0,0.316659,0.581161,0.027408,0.980469,0.429818,0.579818,0.026611626148223877,0.574760377407074,0.5481487512588501,2.1433072090148926,8.527593612670898,0.2814868092536926,11,2,2,1,2,1,0,0.0,0.3500365614891052,2,stale-soft,0.0,6,153,94,CORRECT,0,0,0,0,0,0,0.0,0.0
margin,live-delta,4,0.0,0.316659,0.581161,0.027408,0.980469,0.429818,0.579818,0.026854515075683594,0.6391476392745972,0.6122931241989136,2.189786434173584,8.933304786682129,0.3184494972229004,16,2,2,1,2,1,0,0.0,0.3466476500034332,2,stale-soft,0.0,6,157,94,CORRECT,0,0,0,0,0,0,0.0,0.0
margin,live-delta,4,0.0,0.316659,0.581161,0.027408,0.980469,0.429818,0.579818,0.08749839663505554,0.5680897235870361,0.4805913269519806,1.6874638795852661,5.4057536125183105,0.5124988555908203,9,2,2,1,2,1,0,0.0,0.36241698265075684,2,stale-soft,0.0,6,158,85,CORRECT,0,0,0,0,0,0,0.0,0.0
margin,live-delta,4,0.0,0.316659,0.581161,0.027408,0.980469,0.429818,0.579818,0.18490827083587646,0.7387069463729858,0.5537986755371094,0.2714545726776123,1.3118712902069092,0.9503756165504456,7,2,2,1,2,1,0,0.0,0.35586118698120117,2,stale-soft,0.0,6,159,68,CORRECT,0,0,0,0,0,0,0.0,0.0
margin,live-delta,4,0.0,0.316659,0.581161,0.027408,0.980469,0.429818,0.579818,0.0344085693359375,0.5577472448348999,0.5233386754989624,1.0242500305175781,2.785006046295166,0.581203281879425,4,2,2,1,2,1,0,0.0,0.2380143702030182,2,stale-soft,0.0,6,160,91,CORRECT,0,0,0,0,0,0,0.0,0.0
margin,live-delta,4,0.0,0.316659,0.581161,0.027408,0.980469,0.429818,0.579818,0.010253429412841797,0.4709516167640686,0.4606981873512268,1.3488835096359253,3.853121042251587,0.3446611166000366,4,2,2,1,2,1,0,0.0,0.2889408469200134,2,stale-soft,0.0,6,161,94,CORRECT,0,0,0,0,0,0,0.0,0.0
margin,live-delta,4,0.0,0.316659,0.581161,0.027408,0.980469,0.429818,0.579818,0.17954042553901672,0.6567572951316833,0.4772168695926666,0.2839611768722534,1.3283812999725342,0.9418333172798157,4,2,2,1,2,1,0,0.0,0.43144068121910095,2,stale-soft,0.0,6,162,93,CORRECT,0,0,0,0,0,0,0.0,0.0
margin,live-delta,4,0.0,0.316659,0.581161,0.027408,0.980469,0.429818,0.579818,0.01217794418334961,0.574068546295166,0.5618906021118164,2.3792896270751953,10.797229766845703,0.21996022760868073,16,2,2,1,2,1,0,0.0,0.24434435367584229,2,stale-soft,0.0,6,163,66,CORRECT,0,0,0,0,0,0,0.0,0.0
margin,live-delta,4,0.0,0.316659,0.581161,0.027408,0.980469,0.429818,0.579818,0.2803356647491455,0.6889474987983704,0.40861183404922485,-0.0,1.0,1.0,1,2,2,1,2,1,0,0.0,0.4841806888580322,2,stale-soft,0.0,6,164,93,CORRECT,0,0,0,0,0,0,0.0,0.0
margin,live-delta,4,0.0,0.316659,0.581161,0.027408,0.980469,0.429818,0.579818,0.08025693893432617,0.6881221532821655,0.6078652143478394,2.0485548973083496,7.756683826446533,0.44808629155158997,18,2,2,1,2,1,0,0.0,0.46291476488113403,2,stale-soft,0.0,6,165,86,CORRECT,0,0,0,0,0,0,0.0,0.0
margin,live-delta,4,0.0,0.316659,0.581161,0.027408,0.980469,0.429818,0.579818,0.07133865356445312,0.4756857752799988,0.40434712171554565,-0.0,1.0,1.0,1,2,2,1,2,1,0,0.0,0.2903061807155609,2,stale-soft,0.0,6,166,80,CORRECT,0,0,0,0,0,0,0.0,0.0
margin,live-delta,4,0.0,0.316659,0.581161,0.027408,0.980469,0.429818,0.579818,0.0013178586959838867,0.6072017550468445,0.6058838963508606,2.094895362854004,8.124590873718262,0.28488653898239136,15,2,2,1,2,1,0,0.0,0.27673110365867615,2,stale-soft,0.0,6,169,82,CORRECT,0,0,0,0,0,0,0.0,0.0
margin,live-delta,4,0.0,0.316659,0.581161,0.027408,0.980469,0.429818,0.579818,0.018336087465286255,0.48379379510879517,0.4654577076435089,0.6766149997711182,1.967207431793213,0.590666651725769,2,2,2,1,2,1,0,0.0,0.23263269662857056,2,stale-soft,0.0,6,170,68,CORRECT,0,0,0,0,0,0,0.0,0.0
margin,live-delta,4,0.0,0.316659,0.581161,0.027408,0.980469,0.429818,0.579818,0.024298250675201416,0.570502758026123,0.5462045073509216,2.476581573486328,11.900513648986816,0.1918264925479889,15,2,2,1,2,1,0,0.0,0.237874835729599,2,stale-soft,0.0,6,173,90,CORRECT,0,0,0,0,0,0,0.0,0.0
margin,live-delta,4,0.0,0.316659,0.581161,0.027408,0.980469,0.429818,0.579818,0.05137532949447632,0.4979991912841797,0.44662386178970337,0.966088056564331,2.6276450157165527,0.5851690173149109,3,2,2,1,2,1,0,0.0,0.2287082076072693,2,stale-soft,0.0,6,174,65,CORRECT,0,0,0,0,0,0,0.0,0.0
margin,live-delta,4,0.0,0.316659,0.581161,0.027408,0.980469,0.429818,0.579818,0.12175902724266052,0.6065850257873535,0.484825998544693,0.9500006437301636,2.5857112407684326,0.7615707516670227,7,2,2,1,2,1,0,0.0,0.3992610275745392,2,stale-soft,0.0,6,177,78,CORRECT,0,0,0,0,0,0,0.0,0.0
margin,live-delta,4,0.0,0.316659,0.581161,0.027408,0.980469,0.429818,0.579818,0.0012949109077453613,0.5802474617958069,0.5789525508880615,2.252661943435669,9.513025283813477,0.24129801988601685,15,2,2,1,2,1,0,0.0,0.2551623582839966,2,stale-soft,0.0,6,179,87,CORRECT,0,0,0,0,0,0,0.0,0.0
margin,live-delta,4,0.0,0.316659,0.581161,0.027408,0.980469,0.429818,0.579818,0.0029421746730804443,0.4807736277580261,0.4778314530849457,1.334958791732788,3.7998392581939697,0.32809990644454956,4,2,2,1,2,1,0,0.0,0.19236382842063904,2,stale-soft,0.0,6,180,64,CORRECT,0,0,0,0,0,0,0.0,0.0
margin,live-delta,4,0.0,0.316659,0.581161,0.027408,0.980469,0.429818,0.579818,0.038379013538360596,0.6918320655822754,0.6534530520439148,1.687880039215088,5.408003807067871,0.5017879009246826,18,2,2,1,2,1,0,0.0,0.48382022976875305,2,stale-soft,0.0,6,181,69,CORRECT,0,0,0,0,0,0,0.0,0.0
margin,live-delta,4,0.0,0.316659,0.581161,0.027408,0.980469,0.429818,0.579818,0.012425124645233154,0.45632970333099365,0.4439045786857605,0.6854872107505798,1.9847385883331299,0.5618076920509338,2,2,2,1,2,1,0,0.0,0.1483648121356964,2,stale-soft,0.0,6,182,64,CORRECT,0,0,0,0,0,0,0.0,0.0
margin,live-delta,4,0.0,0.316659,0.581161,0.027408,0.980469,0.429818,0.579818,0.0478360652923584,0.551082193851471,0.5032461285591125,1.8171464204788208,6.154271602630615,0.39311307668685913,8,2,2,1,2,1,0,0.0,0.2761037051677704,2,stale-soft,0.0,6,184,66,CORRECT,0,0,0,0,0,0,0.0,0.0
margin,live-delta,4,0.0,0.316659,0.581161,0.027408,0.980469,0.429818,0.579818,0.12603896856307983,0.5307070016860962,0.40466803312301636,-0.0,1.0,1.0,1,2,2,1,2,1,0,0.0,0.22066643834114075,2,stale-soft,0.0,6,185,84,CORRECT,0,0,0,0,0,0,0.0,0.0
margin,live-delta,4,0.0,0.316659,0.581161,0.027408,0.980469,0.429818,0.579818,0.00381547212600708,0.6895368099212646,0.6857213377952576,1.623957633972168,5.0731282234191895,0.3564924895763397,11,2,2,1,2,1,0,0.0,0.4514313340187073,2,stale-soft,0.0,6,186,80,CORRECT,0,0,0,0,0,0,0.0,0.0
margin,live-delta,4,0.0,0.316659,0.581161,0.027408,0.980469,0.429818,0.579818,0.08489975333213806,0.46566590666770935,0.3807661533355713,-0.0,1.0,1.0,1,2,2,1,2,1,0,0.0,0.23156479001045227,2,stale-soft,0.0,6,188,89,CORRECT,0,0,0,0,0,0,0.0,0.0
margin,live-delta,4,0.0,0.316659,0.581161,0.027408,0.980469,0.429818,0.579818,0.04678565263748169,0.574927806854248,0.5281421542167664,1.1043797731399536,3.017352342605591,0.603560745716095,5,2,2,1,2,1,0,0.0,0.4147406816482544,2,stale-soft,0.0,6,189,65,CORRECT,0,0,0,0,0,0,0.0,0.0
margin,live-delta,4,0.0,0.316659,0.581161,0.027408,0.980469,0.429818,0.579818,0.04630112648010254,0.5638655424118042,0.5175644159317017,1.9367244243621826,6.9359941482543945,0.3701380789279938,10,2,2,1,2,1,0,0.0,0.18830278515815735,2,stale-soft,0.0,6,190,76,CORRECT,0,0,0,0,0,0,0.0,0.0
margin,live-delta,4,0.0,0.316659,0.581161,0.027408,0.980469,0.429818,0.579818,0.005952358245849609,0.555470883846283,0.5495185256004333,1.9915776252746582,7.327084064483643,0.2889992892742157,11,2,2,1,2,1,0,0.0,0.3715098798274994,2,stale-soft,0.0,6,191,86,CORRECT,0,0,0,0,0,0,0.0,0.0
margin,live-delta,4,0.0,0.316659,0.581161,0.027408,0.980469,0.429818,0.579818,0.03380364179611206,0.715877115726471,0.6820734739303589,1.834572196006775,6.262454509735107,0.34206295013427734,13,3,3,1,3,1,0,0.0,0.4268219470977783,2,stale-soft,0.0,6,192,98,CORRECT,0,0,0,0,0,0,0.0,0.0
margin,live-delta,4,0.0,0.316659,0.581161,0.027408,0.980469,0.429818,0.579818,0.1026039719581604,0.5292460918426514,0.42664211988449097,-0.0,1.0,1.0,1,3,3,1,3,1,0,0.0,0.2595515251159668,2,stale-soft,0.0,6,193,124,CORRECT,0,0,0,0,0,0,0.0,0.0
margin,live-delta,4,0.0,0.316659,0.581161,0.027408,0.980469,0.429818,0.579818,0.004106700420379639,0.43997180461883545,0.4358651041984558,0.6923046112060547,1.9983155727386475,0.5205218195915222,2,3,3,1,3,1,0,0.0,0.060184478759765625,2,stale-soft,0.0,6,194,124,CORRECT,0,0,0,0,0,0,0.0,0.0
margin,live-delta,4,0.0,0.316659,0.581161,0.027408,0.980469,0.429818,0.579818,0.0854344367980957,0.6738865971565247,0.588452160358429,1.6335092782974243,5.121817111968994,0.5698736906051636,15,3,3,1,3,1,0,0.0,0.2931222915649414,2,stale-soft,0.0,6,195,127,CORRECT,0,0,0,0,0,0,0.0,0.0
margin,live-delta,4,0.0,0.316659,0.581161,0.027408,0.980469,0.429818,0.579818,0.003085196018218994,0.6066103577613831,0.6035251617431641,2.1336469650268555,8.445611953735352,0.1973971277475357,13,3,3,1,3,1,0,0.0,0.3114476203918457,2,stale-soft,0.0,6,196,98,CORRECT,0,0,0,0,0,0,0.0,0.0
margin,live-delta,4,0.0,0.316659,0.581161,0.027408,0.980469,0.429818,0.579818,0.009994745254516602,0.6571125984191895,0.6471178531646729,2.156186819076538,8.63813591003418,0.24149005115032196,16,3,3,1,3,1,0,0.0,0.26061269640922546,2,stale-soft,0.0,6,197,127,CORRECT,0,0,0,0,0,0,0.0,0.0
margin,live-delta,4,0.0,0.316659,0.581161,0.027408,0.980469,0.429818,0.579818,0.08643484115600586,0.637020468711853,0.5505856275558472,0.9442484974861145,2.570880651473999,0.7338361144065857,6,3,3,1,3,1,0,0.0,0.2925240099430084,2,stale-soft,0.0,6,199,127,CORRECT,0,0,0,0,0,0,0.0,0.0
margin,live-delta,4,0.0,0.316659,0.581161,0.027408,0.980469,0.429818,0.579818,0.028112411499023438,0.7088281512260437,0.6807157397270203,2.1920745372772217,8.953768730163574,0.2738730311393738,13,3,3,1,3,1,0,0.0,0.3948378562927246,2,stale-soft,0.0,6,200,115,CORRECT,0,0,0,0,0,0,0.0,0.0
margin,live-delta,4,0.0,0.316659,0.581161,0.027408,0.980469,0.429818,0.579818,0.08230161666870117,0.48156577348709106,0.3992641568183899,-0.0,1.0,1.0,1,3,3,1,3,1,0,0.0,0.19499471783638,2,stale-soft,0.0,6,201,107,CORRECT,0,0,0,0,0,0,0.0,0.0
margin,live-delta,4,0.0,0.316659,0.581161,0.027408,0.980469,0.429818,0.579818,0.02431178092956543,0.5317378044128418,0.5074260234832764,0.9845693111419678,2.676658868789673,0.528008222579956,3,3,3,1,3,1,0,0.0,0.28656619787216187,2,stale-soft,0.0,6,202,116,CORRECT,0,0,0,0,0,0,0.0,0.0
margin,live-delta,4,0.0,0.316659,0.581161,0.027408,0.980469,0.429818,0.579818,0.1064421534538269,0.6956464052200317,0.5892042517662048,1.2952994108200073,3.6520893573760986,0.6882302165031433,11,3,3,1,3,1,0,0.0,0.34753942489624023,2,stale-soft,0.0,6,203,123,CORRECT,0,0,0,0,0,0,0.0,0.0
margin,live-delta,4,0.0,0.316659,0.581161,0.027408,0.980469,0.429818,0.579818,0.03447753190994263,0.649493396282196,0.6150158643722534,1.0856223106384277,2.9612820148468018,0.495433509349823,4,3,3,1,3,1,0,0.0,0.3568621873855591,2,stale-soft,0.0,6,204,99,CORRECT,0,0,0,0,0,0,0.0,0.0
margin,live-delta,4,0.0,0.316659,0.581161,0.027408,0.980469,0.429818,0.579818,0.03863942623138428,0.5191511511802673,0.48051172494888306,0.9767181873321533,2.655726194381714,0.5655601620674133,3,3,3,1,3,1,0,0.0,0.2020900845527649,2,stale-soft,0.0,6,206,107,CORRECT,0,0,0,0,0,0,0.0,0.0
margin,live-delta,4,0.0,0.316659,0.581161,0.027408,0.980469,0.429818,0.579818,0.08332982659339905,0.5254757404327393,0.4421459138393402,0.4378054738044739,1.5493035316467285,0.84112149477005,2,3,3,1,3,1,0,0.0,0.3663392663002014,2,stale-soft,0.0,6,207,101,CORRECT,0,0,0,0,0,0,0.0,0.0
margin,live-delta,4,0.0,0.316659,0.581161,0.027408,0.980469,0.429818,0.579818,0.05445301532745361,0.5600730180740356,0.505620002746582,1.5305284261703491,4.620617866516113,0.460050106048584,6,3,3,1,3,1,0,0.0,0.26069343090057373,2,stale-soft,0.0,6,208,127,CORRECT,0,0,0,0,0,0,0.0,0.0
margin,live-delta,4,0.0,0.316659,0.581161,0.027408,0.980469,0.429818,0.579818,2.7298927307128906e-05,0.6268348693847656,0.6268075704574585,1.9544328451156616,7.059913635253906,0.22263742983341217,11,3,3,1,3,1,0,0.0,0.3935152590274811,2,stale-soft,0.0,6,209,103,CORRECT,0,0,0,0,0,0,0.0,0.0
margin,live-delta,4,0.0,0.316659,0.581161,0.027408,0.980469,0.429818,0.579818,0.017547130584716797,0.4622208774089813,0.4446737468242645,1.0822677612304688,2.9513649940490723,0.41985100507736206,3,3,3,1,3,1,0,0.0,0.08403664827346802,2,stale-soft,0.0,6,210,100,CORRECT,0,0,0,0,0,0,0.0,0.0
margin,live-delta,4,0.0,0.316659,0.581161,0.027408,0.980469,0.429818,0.579818,0.02866208553314209,0.7037274837493896,0.6750653982162476,1.915906548500061,6.793094158172607,0.3497983515262604,13,3,3,1,3,1,0,0.0,0.33825361728668213,2,stale-soft,0.0,6,211,96,CORRECT,0,0,0,0,0,0,0.0,0.0
margin,live-delta,4,0.0,0.316659,0.581161,0.027408,0.980469,0.429818,0.579818,0.03594088554382324,0.7040785551071167,0.6681376695632935,1.6973307132720947,5.459355354309082,0.3989705443382263,12,3,3,1,3,1,0,0.0,0.3959319591522217,2,stale-soft,0.0,6,212,98,CORRECT,0,0,0,0,0,0,0.0,0.0
margin,live-delta,4,0.0,0.316659,0.581161,0.027408,0.980469,0.429818,0.579818,0.02104586362838745,0.7602081298828125,0.739162266254425,1.9688912630081177,7.162730693817139,0.311128705739975,13,3,3,1,3,1,0,0.0,0.5080938935279846,2,stale-soft,0.0,6,213,127,CORRECT,0,0,0,0,0,0,0.0,0.0
margin,live-delta,4,0.0,0.316659,0.581161,0.027408,0.980469,0.429818,0.579818,0.027142703533172607,0.6014844179153442,0.5743417143821716,2.1255223751068115,8.377272605895996,0.3098130226135254,14,3,3,1,3,1,0,0.0,0.37710970640182495,2,stale-soft,0.0,6,215,127,CORRECT,0,0,0,0,0,0,0.0,0.0
margin,live-delta,4,0.0,0.316659,0.581161,0.027408,0.980469,0.429818,0.579818,0.010835587978363037,0.561787486076355,0.5509518980979919,2.0186550617218018,7.52819299697876,0.2228383719921112,9,3,3,1,3,1,0,0.0,0.2200993001461029,2,stale-soft,0.0,6,216,106,CORRECT,0,0,0,0,0,0,0.0,0.0
margin,live-delta,4,0.0,0.316659,0.581161,0.027408,0.980469,0.429818,0.579818,0.15650784969329834,0.5816750526428223,0.4251672029495239,-0.0,1.0,1.0,1,3,3,1,3,1,0,0.0,0.3749808371067047,2,stale-soft,0.0,6,217,105,CORRECT,0,0,0,0,0,0,0.0,0.0
margin,live-delta,4,0.0,0.316659,0.581161,0.027408,0.980469,0.429818,0.579818,0.01645064353942871,0.6338362693786621,0.6173856258392334,2.110625982284546,8.253406524658203,0.23641440272331238,13,3,3,1,3,1,0,0.0,0.3904983401298523,2,stale-soft,0.0,6,218,117,CORRECT,0,0,0,0,0,0,0.0,0.0
margin,live-delta,4,0.0,0.316659,0.581161,0.027408,0.980469,0.429818,0.579818,0.04677075147628784,0.540321946144104,0.49355119466781616,2.0678539276123047,7.907834053039551,0.32635176181793213,10,3,3,1,3,1,0,0.0,0.27208060026168823,2,stale-soft,0.0,6,219,108,CORRECT,0,0,0,0,0,0,0.0,0.0
margin,live-delta,4,0.0,0.316659,0.581161,0.027408,0.980469,0.429818,0.579818,0.014024853706359863,0.6931151151657104,0.6790902614593506,2.04740047454834,7.747734546661377,0.2607615292072296,15,3,3,1,3,1,0,0.0,0.4051532447338104,2,stale-soft,0.0,6,220,127,CORRECT,0,0,0,0,0,0,0.0,0.0
margin,live-delta,4,0.0,0.316659,0.581161,0.027408,0.980469,0.429818,0.579818,0.10552585124969482,0.6067142486572266,0.5011883974075317,1.1310474872589111,3.09890079498291,0.6925030946731567,7,3,3,1,3,1,0,0.0,0.3050418496131897,2,stale-soft,0.0,6,221,102,CORRECT,0,0,0,0,0,0,0.0,0.0
margin,live-delta,4,0.0,0.316659,0.581161,0.027408,0.980469,0.429818,0.579818,0.025349020957946777,0.5600713491439819,0.5347223281860352,2.1590700149536133,8.663077354431152,0.23867614567279816,11,3,3,1,3,1,0,0.0,0.21874409914016724,2,stale-soft,0.0,6,222,98,CORRECT,0,0,0,0,0,0,0.0,0.0
margin,live-delta,4,0.0,0.316659,0.581161,0.027408,0.980469,0.429818,0.579818,0.0464787483215332,0.4414621889591217,0.3949834406375885,-0.0,1.0,1.0,1,3,3,1,3,1,0,0.0,0.2085619568824768,2,stale-soft,0.0,6,223,124,CORRECT,0,0,0,0,0,0,0.0,0.0
margin,live-delta,4,0.0,0.316659,0.581161,0.027408,0.980469,0.429818,0.579818,0.04123324155807495,0.5563745498657227,0.5151413083076477,2.045154333114624,7.730351448059082,0.31240203976631165,10,3,0,0,3,1,1,0.49717947840690613,-0.04123324155807495,0,stale-soft,0.0,6,225,30,CORRECT,0,0,0,0,0,0,0.0,0.0
margin,live-delta,4,0.0,0.316659,0.581161,0.027408,0.980469,0.429818,0.579818,0.03750276565551758,0.47772443294525146,0.4402216672897339,1.0285415649414062,2.7969837188720703,0.5154327154159546,3,3,3,1,3,1,0,0.0,0.21609339118003845,2,stale-soft,0.0,6,226,123,CORRECT,0,0,0,0,0,0,0.0,0.0
margin,live-delta,4,0.0,0.316659,0.581161,0.027408,0.980469,0.429818,0.579818,0.27257081866264343,0.7159953117370605,0.4434244930744171,0.02756894938647747,1.0279524326324463,0.995728075504303,2,3,3,1,3,1,0,0.0,0.5247364044189453,2,stale-soft,0.0,6,228,99,CORRECT,0,0,0,0,0,0,0.0,0.0
margin,live-delta,4,0.0,0.316659,0.581161,0.027408,0.980469,0.429818,0.579818,0.06361925601959229,0.6538165807723999,0.5901973247528076,1.6806193590164185,5.368880271911621,0.5115627646446228,13,3,3,1,3,1,0,0.0,0.33074119687080383,2,stale-soft,0.0,6,229,115,CORRECT,0,0,0,0,0,0,0.0,0.0
margin,live-delta,4,0.0,0.316659,0.581161,0.027408,0.980469,0.429818,0.579818,0.0028501152992248535,0.6125504374504089,0.6097003221511841,1.868025779724121,6.475499629974365,0.2866000533103943,11,3,3,1,3,1,0,0.0,0.4190482199192047,2,stale-soft,0.0,6,230,103,CORRECT,0,0,0,0,0,0,0.0,0.0
margin,live-delta,4,0.0,0.316659,0.581161,0.027408,0.980469,0.429818,0.579818,0.027474522590637207,0.5701779127120972,0.54270339012146,1.5040860176086426,4.5000386238098145,0.4494079649448395,7,3,3,1,3,1,0,0.0,0.3285231590270996,2,stale-soft,0.0,6,231,117,CORRECT,0,0,0,0,0,0,0.0,0.0
margin,live-delta,4,0.0,0.316659,0.581161,0.027408,0.980469,0.429818,0.579818,0.013588488101959229,0.5009386539459229,0.4873501658439636,1.8226467370986938,6.188215255737305,0.28832149505615234,7,3,3,1,3,1,1,0.21108587086200714,0.0439324676990509,1,stale-soft,0.0,6,232,112,CORRECT,0,0,0,0,0,0,0.0,0.0
margin,live-delta,4,0.0,0.316659,0.581161,0.027408,0.980469,0.429818,0.579818,0.0030035674571990967,0.496469646692276,0.4934660792350769,1.6798627376556396,5.364819526672363,0.28128209710121155,6,3,3,1,3,1,0,0.0,0.22334417700767517,2,stale-soft,0.0,6,233,115,CORRECT,0,0,0,0,0,0,0.0,0.0
margin,live-delta,4,0.0,0.316659,0.581161,0.027408,0.980469,0.429818,0.579818,0.042917400598526,0.501893937587738,0.45897653698921204,1.8137640953063965,6.133491039276123,0.3326582908630371,7,3,3,1,3,1,0,0.0,0.29814231395721436,2,stale-soft,0.0,6,234,108,CORRECT,0,0,0,0,0,0,0.0,0.0
margin,live-delta,4,0.0,0.316659,0.581161,0.027408,0.980469,0.429818,0.579818,0.06836897134780884,0.6614958643913269,0.5931268930435181,1.4823675155639648,4.403358459472656,0.5673034191131592,12,3,3,1,3,1,0,0.0,0.44935303926467896,2,stale-soft,0.0,6,235,115,CORRECT,0,0,0,0,0,0,0.0,0.0
margin,live-delta,4,0.0,0.316659,0.581161,0.027408,0.980469,0.429818,0.579818,0.005754947662353516,0.46608585119247437,0.46033090353012085,1.068191409111023,2.910111427307129,0.410622239112854,3,3,3,1,3,1,1,0.22339923679828644,0.030435651540756226,1,stale-soft,0.0,6,236,118,CORRECT,0,0,0,0,0,0,0.0,0.0
margin,live-delta,4,0.0,0.316659,0.581161,0.027408,0.980469,0.429818,0.579818,0.015743613243103027,0.6798076629638672,0.6640640497207642,1.52505362033844,4.5953898429870605,0.432344526052475,12,3,3,1,3,1,0,0.0,0.28242504596710205,2,stale-soft,0.0,6,237,115,CORRECT,0,0,0,0,0,0,0.0,0.0
margin,live-delta,4,0.0,0.316659,0.581161,0.027408,0.980469,0.429818,0.579818,0.021391957998275757,0.48643261194229126,0.4650406539440155,1.2995532751083374,3.6676578521728516,0.41495075821876526,4,3,3,1,3,1,0,0.0,0.23048827052116394,2,stale-soft,0.0,6,238,114,CORRECT,0,0,0,0,0,0,0.0,0.0
margin,live-delta,4,0.0,0.316659,0.581161,0.027408,0.980469,0.429818,0.579818,0.04946953058242798,0.5871029496192932,0.5376334190368652,1.5235092639923096,4.588298320770264,0.5046894550323486,8,3,3,1,3,1,0,0.0,0.1761089265346527,2,stale-soft,0.0,6,239,123,CORRECT,0,0,0,0,0,0,0.0,0.0
margin,live-delta,4,0.0,0.316659,0.581161,0.027408,0.980469,0.429818,0.579818,0.01888042688369751,0.6377276182174683,0.6188471913337708,1.465759038925171,4.33082914352417,0.4021906554698944,10,3,3,1,3,1,0,0.0,0.4424499571323395,2,stale-soft,0.0,6,240,114,CORRECT,0,0,0,0,0,0,0.0,0.0
margin,live-delta,4,0.0,0.316659,0.581161,0.027408,0.980469,0.429818,0.579818,0.05921712517738342,0.49900099635124207,0.43978387117385864,0.5443872809410095,1.7235519886016846,0.765727698802948,2,3,3,1,3,1,0,0.0,0.09773263335227966,2,stale-soft,0.0,6,241,99,CORRECT,0,0,0,0,0,0,0.0,0.0
margin,live-delta,4,0.0,0.316659,0.581161,0.027408,0.980469,0.429818,0.579818,0.02079826593399048,0.5582751631736755,0.5374768972396851,2.0957772731781006,8.131758689880371,0.28682923316955566,11,3,3,1,3,1,0,0.0,0.1538691222667694,2,stale-soft,0.0,6,242,96,CORRECT,0,0,0,0,0,0,0.0,0.0
margin,live-delta,4,0.0,0.316659,0.581161,0.027408,0.980469,0.429818,0.579818,0.0026970505714416504,0.7332625985145569,0.7305655479431152,1.522099256515503,4.581833362579346,0.3886779248714447,14,3,3,1,3,1,0,0.0,0.5287417769432068,2,stale-soft,0.0,6,243,110,CORRECT,0,0,0,0,0,0,0.0,0.0
margin,live-delta,4,0.0,0.316659,0.581161,0.027408,0.980469,0.429818,0.579818,0.1839277744293213,0.5966714024543762,0.41274362802505493,-0.0,1.0,1.0,1,3,3,1,3,1,0,0.0,0.2741038501262665,2,stale-soft,0.0,6,244,105,CORRECT,0,0,0,0,0,0,0.0,0.0
margin,live-delta,4,0.0,0.316659,0.581161,0.027408,0.980469,0.429818,0.579818,0.04181373119354248,0.6546295881271362,0.6128158569335938,2.031188488006592,7.623140811920166,0.3431811034679413,14,3,3,1,3,1,0,0.0,0.30705955624580383,2,stale-soft,0.0,6,245,123,CORRECT,0,0,0,0,0,0,0.0,0.0
margin,live-delta,4,0.0,0.316659,0.581161,0.027408,0.980469,0.429818,0.579818,0.3651820123195648,0.8150867223739624,0.4499047100543976,0.009596429765224457,1.0096426010131836,0.9988652467727661,3,3,3,1,3,1,0,0.0,0.5126630663871765,2,stale-soft,0.0,6,246,107,CORRECT,0,0,0,0,0,0,0.0,0.0
margin,live-delta,4,0.0,0.316659,0.581161,0.027408,0.980469,0.429818,0.579818,0.052057862281799316,0.6668754816055298,0.6148176193237305,1.2579089403152466,3.518057346343994,0.6178552508354187,12,3,3,1,3,1,0,0.0,0.43059098720550537,2,stale-soft,0.0,6,247,116,CORRECT,0,0,0,0,0,0,0.0,0.0
margin,live-delta,4,0.0,0.316659,0.581161,0.027408,0.980469,0.429818,0.579818,0.31732428073883057,0.692050576210022,0.3747262954711914,-0.0,1.0,1.0,1,3,3,1,3,1,0,0.0,0.3636794686317444,2,stale-soft,0.0,6,248,105,CORRECT,0,0,0,0,0,0,0.0,0.0
margin,live-delta,4,0.0,0.316659,0.581161,0.027408,0.980469,0.429818,0.579818,0.04121026396751404,0.4416483938694,0.400438129901886,-0.0,1.0,1.0,1,3,3,1,3,1,0,0.0,0.19013172388076782,2,stale-soft,0.0,6,249,115,CORRECT,0,0,0,0,0,0,0.0,0.0
margin,live-delta,4,0.0,0.316659,0.581161,0.027408,0.980469,0.429818,0.579818,0.08134958148002625,0.4839929938316345,0.4026434123516083,-0.0,1.0,1.0,1,3,3,1,3,1,0,0.0,0.12375488877296448,2,stale-soft,0.0,6,250,107,CORRECT,0,0,0,0,0,0,0.0,0.0
margin,live-delta,4,0.0,0.316659,0.581161,0.027408,0.980469,0.429818,0.579818,0.5856990814208984,0.919346809387207,0.3336476981639862,-0.0,1.0,1.0,1,3,3,1,3,1,0,0.0,0.6660169363021851,2,stale-soft,0.0,6,251,105,CORRECT,0,0,0,0,0,0,0.0,0.0
margin,live-delta,4,0.0,0.316659,0.581161,0.027408,0.980469,0.429818,0.579818,0.04148721694946289,0.558095395565033,0.5166081786155701,1.6165721416473389,5.0357985496521,0.4429546594619751,7,3,3,1,3,1,0,0.0,0.1545422077178955,2,stale-soft,0.0,6,253,123,CORRECT,0,0,0,0,0,0,0.0,0.0
margin,live-delta,4,0.0,0.316659,0.581161,0.027408,0.980469,0.429818,0.579818,0.06869560480117798,0.5217567086219788,0.4530611038208008,0.7986289262771606,2.222491502761841,0.7080431580543518,3,3,3,1,3,1,0,0.0,0.24860435724258423,2,stale-soft,0.0,6,254,102,CORRECT,0,0,0,0,0,0,0.0,0.0
margin,live-delta,4,0.0,0.316659,0.581161,0.027408,0.980469,0.429818,0.579818,0.20871633291244507,0.6134811043739319,0.4047647714614868,-0.0,1.0,1.0,1,3,3,1,3,1,0,0.0,0.44915974140167236,2,stale-soft,0.0,6,255,122,CORRECT,0,0,0,0,0,0,0.0,0.0
margin,live-delta,5,0.0,0.316659,0.581161,0.027461,0.980469,0.428111,0.578111,0.010410964488983154,0.6283859014511108,0.6179749369621277,1.6832038164138794,5.3827738761901855,0.3906971216201782,13,0,0,1,0,1,0,0.0,0.4211970567703247,2,stale-soft,0.0,6,0,1,CORRECT,0,0,0,0,0,0,0.0,0.0
margin,live-delta,5,0.0,0.316659,0.581161,0.027461,0.980469,0.428111,0.578111,0.027423739433288574,0.5380635857582092,0.5106398463249207,1.523850917816162,4.5898661613464355,0.39282286167144775,6,0,0,1,0,1,0,0.0,0.15982535481452942,2,stale-soft,0.0,6,1,20,CORRECT,0,0,0,0,0,0,0.0,0.0
margin,live-delta,5,0.0,0.316659,0.581161,0.027461,0.980469,0.428111,0.578111,0.050639808177948,0.6435017585754395,0.5928619503974915,2.2411506175994873,9.404145240783691,0.36960169672966003,20,0,0,1,0,1,0,0.02885514870285988,0.12750685214996338,2,stale-soft,0.0,6,2,9,CORRECT,0,0,0,0,0,0,0.0,0.0
margin,live-delta,5,0.0,0.316659,0.581161,0.027461,0.980469,0.428111,0.578111,0.06146073341369629,0.7017878293991089,0.6403270959854126,1.7371046543121338,5.680871486663818,0.5133206248283386,20,0,0,1,0,1,0,0.0,0.3001031279563904,2,stale-soft,0.0,6,3,11,CORRECT,0,0,0,0,0,0,0.0,0.0
margin,live-delta,5,0.0,0.316659,0.581161,0.027461,0.980469,0.428111,0.578111,0.00846010446548462,0.6306256651878357,0.6221655607223511,1.8985705375671387,6.67634391784668,0.27257686853408813,12,0,0,1,0,1,0,0.0,0.28596949577331543,2,stale-soft,0.0,6,4,7,CORRECT,0,0,0,0,0,0,0.0,0.0
margin,live-delta,5,0.0,0.316659,0.581161,0.027461,0.980469,0.428111,0.578111,0.0811147689819336,0.6353706121444702,0.5542558431625366,1.3638014793395996,3.9110326766967773,0.6225441694259644,10,0,0,1,0,1,0,0.0,0.3104957342147827,2,stale-soft,0.0,6,5,13,CORRECT,0,0,0,0,0,0,0.0,0.0
margin,live-delta,5,0.0,0.316659,0.581161,0.027461,0.980469,0.428111,0.578111,0.06274926662445068,0.6143373250961304,0.5515880584716797,2.188760280609131,8.924142837524414,0.3696720600128174,16,0,0,1,0,1,0,0.0,0.27448686957359314,2,stale-soft,0.0,6,6,27,CORRECT,0,0,0,0,0,0,0.0,0.0
margin,live-delta,5,0.0,0.316659,0.581161,0.027461,0.980469,0.428111,0.578111,0.20145222544670105,0.49529898166656494,0.2938467562198639,-0.0,1.0,1.0,1,0,0,1,0,1,0,0.0,0.2533314526081085,2,stale-soft,0.0,6,7,7,CORRECT,0,0,0,0,0,0,0.0,0.0
margin,live-delta,5,0.0,0.316659,0.581161,0.027461,0.980469,0.428111,0.578111,0.01923549175262451,0.5491013526916504,0.5298658609390259,1.0525813102722168,2.865037202835083,0.5201426148414612,4,0,0,1,0,1,0,0.0,0.29908043146133423,2,stale-soft,0.0,6,8,12,CORRECT,0,0,0,0,0,0,0.0,0.0
margin,live-delta,5,0.0,0.316659,0.581161,0.027461,0.980469,0.428111,0.578111,0.08658438920974731,0.6821415424346924,0.5955571532249451,1.345367193222046,3.8395960330963135,0.666522741317749,14,0,0,1,0,1,0,0.0,0.3324471116065979,2,stale-soft,0.0,6,9,12,CORRECT,0,0,0,0,0,0,0.0,0.0
margin,live-delta,5,0.0,0.316659,0.581161,0.027461,0.980469,0.428111,0.578111,0.032585084438323975,0.5376241207122803,0.5050390362739563,1.7248879671096802,5.611892223358154,0.37664708495140076,7,0,0,1,0,1,0,0.0,0.25365039706230164,2,stale-soft,0.0,6,10,26,CORRECT,0,0,0,0,0,0,0.0,0.0
margin,live-delta,5,0.0,0.316659,0.581161,0.027461,0.980469,0.428111,0.578111,0.03140741586685181,0.5394497513771057,0.5080423355102539,1.5943386554718018,4.925070762634277,0.3753001093864441,6,0,0,1,0,1,0,0.05313849076628685,0.09774124622344971,2,stale-soft,0.0,6,11,24,CORRECT,0,0,0,0,0,0,0.0,0.0
margin,live-delta,5,0.0,0.316659,0.581161,0.027461,0.980469,0.428111,0.578111,0.0076819658279418945,0.6589006185531616,0.6512186527252197,1.9956552982330322,7.357022285461426,0.25636789202690125,16,0,0,1,0,1,0,0.0029401860665529966,0.2234070599079132,2,stale-soft,0.0,6,12,20,CORRECT,0,0,0,0,0,0,0.0,0.0
margin,live-delta,5,0.0,0.316659,0.581161,0.027461,0.980469,0.428111,0.578111,0.004485070705413818,0.6025277972221375,0.5980427265167236,1.7247875928878784,5.611329078674316,0.3401036262512207,10,0,0,1,0,1,0,0.0,0.2551659345626831,2,stale-soft,0.0,6,13,28,CORRECT,0,0,0,0,0,0,0.0,0.0
margin,live-delta,5,0.0,0.316659,0.581161,0.027461,0.980469,0.428111,0.578111,0.00681459903717041,0.6395174264907837,0.6327028274536133,1.742594838142395,5.712146282196045,0.31890997290611267,13,0,0,1,0,1,0,0.0,0.24252021312713623,2,stale-soft,0.0,6,14,26,CORRECT,0,0,0,0,0,0,0.0,0.0
margin,live-delta,5,0.0,0.316659,0.581161,0.027461,0.980469,0.428111,0.578111,0.04385042190551758,0.664881706237793,0.6210312843322754,1.8732951879501343,6.509711742401123,0.4243165850639343,15,0,0,1,0,1,0,0.0,0.2546462416648865,2,stale-soft,0.0,6,15,13,CORRECT,0,0,0,0,0,0,0.0,0.0
margin,live-delta,5,0.0,0.316659,0.581161,0.027461,0.980469,0.428111,0.578111,0.004398524761199951,0.5671542882919312,0.5627557635307312,2.4488868713378906,11.575454711914062,0.15280966460704803,15,0,0,1,0,1,0,0.0,0.18216466903686523,2,stale-soft,0.0,6,16,12,CORRECT,0,0,0,0,0,0,0.0,0.0
margin,live-delta,5,0.0,0.316659,0.581161,0.027461,0.980469,0.428111,0.578111,0.020671069622039795,0.6850572228431702,0.6643861532211304,2.0121259689331055,7.479200839996338,0.3316110372543335,20,0,0,1,0,1,0,0.003372406819835305,0.22941678762435913,2,stale-soft,0.0,6,17,30,CORRECT,0,0,0,0,0,0,0.0,0.0
margin,live-delta,5,0.0,0.316659,0.581161,0.027461,0.980469,0.428111,0.578111,0.13047552108764648,0.7553185224533081,0.6248430013656616,1.1679840087890625,3.215503692626953,0.7539670467376709,20,0,0,1,0,1,0,0.002601843560114503,0.283456414937973,2,stale-soft,0.0,6,18,30,CORRECT,0,0,0,0,0,0,0.0,0.0
margin,live-delta,5,0.0,0.316659,0.581161,0.027461,0.980469,0.428111,0.578111,0.214311420917511,0.7999751567840576,0.5856637358665466,0.5485446453094482,1.7307323217391968,0.908501148223877,20,0,0,1,0,1,0,0.004073731601238251,0.29287320375442505,2,stale-soft,0.0,6,19,30,CORRECT,0,0,0,0,0,0,0.0,0.0
margin,live-delta,5,0.0,0.316659,0.581161,0.027461,0.980469,0.428111,0.578111,0.005678772926330566,0.6305544376373291,0.6248756647109985,2.548046588897705,12.782110214233398,0.17128898203372955,20,0,0,1,0,1,0,0.0080642681568861,0.1527954638004303,2,stale-soft,0.0,6,20,0,CORRECT,0,0,0,0,0,0,0.0,0.0
margin,live-delta,5,0.0,0.316659,0.581161,0.027461,0.980469,0.428111,0.578111,0.01732957363128662,0.7488837242126465,0.7315541505813599,1.1112756729125977,3.038231611251831,0.5228093862533569,12,0,0,1,0,1,0,0.001210898975841701,0.3033927083015442,2,stale-soft,0.0,6,21,25,CORRECT,0,0,0,0,0,0,0.0,0.0
margin,live-delta,5,0.0,0.316659,0.581161,0.027461,0.980469,0.428111,0.578111,0.015865683555603027,0.6977767944335938,0.6819111108779907,1.810847282409668,6.115626811981201,0.4170607924461365,20,0,0,1,0,1,0,0.0,0.3739209473133087,2,stale-soft,0.0,6,22,1,CORRECT,0,0,0,0,0,0,0.0,0.0
margin,live-delta,5,0.0,0.316659,0.581161,0.027461,0.980469,0.428111,0.578111,0.05592668056488037,0.6982558965682983,0.642329216003418,2.023435592651367,7.564268112182617,0.4559248089790344,20,0,0,1,0,1,0,0.0,0.3412684202194214,2,stale-soft,0.0,6,23,1,CORRECT,0,0,0,0,0,0,0.0,0.0
margin,live-delta,5,0.0,0.316659,0.581161,0.027461,0.980469,0.428111,0.578111,0.078667551279068,0.550545334815979,0.471877783536911,0.6921436190605164,1.99799382686615,0.765525221824646,3,0,1,0,1,0,1,0.9242562651634216,-0.11566036939620972,0,stale-soft,0.0,6,24,33,BLENDED,0,0,0,0,0,0,0.0,0.0
margin,live-delta,5,0.0,0.316659,0.581161,0.027461,0.980469,0.428111,0.578111,0.01704925298690796,0.6313489079475403,0.6142996549606323,2.4893836975097656,12.053845405578613,0.25167083740234375,20,0,0,1,0,1,0,0.0,0.19294020533561707,2,stale-soft,0.0,6,25,30,CORRECT,0,0,0,0,0,0,0.0,0.0
margin,live-delta,5,0.0,0.316659,0.581161,0.027461,0.980469,0.428111,0.578111,0.02894890308380127,0.5523542165756226,0.5234053134918213,1.8469512462615967,6.34045934677124,0.3721979856491089,9,0,0,1,0,1,0,0.0,0.17663002014160156,2,stale-soft,0.0,6,26,27,CORRECT,0,0,0,0,0,0,0.0,0.0
margin,live-delta,5,0.0,0.316659,0.581161,0.027461,0.980469,0.428111,0.578111,0.04773306846618652,0.6731027364730835,0.625369668006897,1.5769482851028442,4.84016227722168,0.49535661935806274,13,0,0,1,0,1,0,0.032721105962991714,0.15596485137939453,2,stale-soft,0.0,6,27,16,CORRECT,0,0,0,0,0,0,0.0,0.0
margin,live-delta,5,0.0,0.316659,0.581161,0.027461,0.980469,0.428111,0.578111,0.03371754288673401,0.4923955500125885,0.4586780071258545,1.0246752500534058,2.7861905097961426,0.5177279114723206,3,0,1,0,1,0,1,0.5177279114723206,-0.03371754288673401,0,stale-soft,0.0,6,28,33,BLENDED,0,0,0,0,0,0,0.0,0.0
margin,live-delta,5,0.0,0.316659,0.581161,0.027461,0.980469,0.428111,0.578111,0.00040036439895629883,0.5298848748207092,0.5294845104217529,1.950789451599121,7.034238815307617,0.2577696740627289,9,0,0,1,0,1,0,0.038068629801273346,0.09563377499580383,2,stale-soft,0.0,6,29,13,CORRECT,0,0,0,0,0,0,0.0,0.0
margin,live-delta,5,0.0,0.316659,0.581161,0.027461,0.980469,0.428111,0.578111,0.04991334676742554,0.6916114091873169,0.6416980624198914,1.98904287815094,7.308535099029541,0.4419843256473541,20,0,0,1,0,1,0,0.0,0.3292091190814972,2,stale-soft,0.0,6,30,11,CORRECT,0,0,0,0,0,0,0.0,0.0
margin,live-delta,5,0.0,0.316659,0.581161,0.027461,0.980469,0.428111,0.578111,0.015379726886749268,0.5836501121520996,0.5682703852653503,2.557187080383301,12.899480819702148,0.2153107225894928,20,0,0,1,0,1,0,0.0,0.23106327652931213,2,stale-soft,0.0,6,31,11,CORRECT,0,0,0,0,0,0,0.0,0.0
margin,live-delta,5,0.0,0.316659,0.581161,0.027461,0.980469,0.428111,0.578111,0.00023114681243896484,0.4375622570514679,0.43733111023902893,0.6931445598602295,1.9999947547912598,0.5011556148529053,2,0,0,1,0,1,0,0.0,0.031522005796432495,1,stale-soft,0.0,6,32,7,CORRECT,0,0,0,0,0,0,0.0,0.0
margin,live-delta,5,0.0,0.316659,0.581161,0.027461,0.980469,0.428111,0.578111,0.0088273286819458,0.6656931638717651,0.6568658351898193,2.109105348587036,8.240865707397461,0.32416459918022156,18,0,0,1,0,1,0,0.0,0.29473069310188293,2,stale-soft,0.0,6,33,20,CORRECT,0,0,0,0,0,0,0.0,0.0
margin,live-delta,5,0.0,0.316659,0.581161,0.027461,0.980469,0.428111,0.578111,0.03324735164642334,0.672676146030426,0.6394287943840027,1.7259678840637207,5.617956161499023,0.4474372863769531,16,0,0,1,0,1,0,0.0,0.43574386835098267,2,stale-soft,0.0,6,34,1,CORRECT,0,0,0,0,0,0,0.0,0.0
margin,live-delta,5,0.0,0.316659,0.581161,0.027461,0.980469,0.428111,0.578111,0.06339681148529053,0.6739566326141357,0.6105598211288452,1.2848533391952515,3.614137887954712,0.6275709867477417,12,0,0,1,0,1,0,0.005621953867375851,0.23575887084007263,2,stale-soft,0.0,6,35,28,CORRECT,0,0,0,0,0,0,0.0,0.0
margin,live-delta,5,0.0,0.316659,0.581161,0.027461,0.980469,0.428111,0.578111,0.061883509159088135,0.6948245167732239,0.6329410076141357,1.7467552423477173,5.735960483551025,0.5102746486663818,17,0,0,1,0,1,0,0.0,0.39494168758392334,2,stale-soft,0.0,6,36,12,CORRECT,0,0,0,0,0,0,0.0,0.0
margin,live-delta,5,0.0,0.316659,0.581161,0.027461,0.980469,0.428111,0.578111,0.01653200387954712,0.5996271371841431,0.583095133304596,1.8673006296157837,6.470805644989014,0.33110862970352173,10,0,0,1,0,1,0,0.0,0.3770725429058075,2,stale-soft,0.0,6,37,26,CORRECT,0,0,0,0,0,0,0.0,0.0
margin,live-delta,5,0.0,0.316659,0.581161,0.027461,0.980469,0.428111,0.578111,0.01701536774635315,0.5104827880859375,0.49346742033958435,2.601135015487671,13.479028701782227,0.14278407394886017,15,0,0,1,0,1,0,0.0,0.12907779216766357,2,stale-soft,0.0,6,38,28,CORRECT,0,0,0,0,0,0,0.0,0.0
margin,live-delta,5,0.0,0.316659,0.581161,0.027461,0.980469,0.428111,0.578111,0.0733039379119873,0.7156831622123718,0.6423792243003845,1.932328701019287,6.905572414398193,0.5024093985557556,20,0,0,1,0,1,0,0.0,0.31950700283050537,2,stale-soft,0.0,6,39,11,CORRECT,0,0,0,0,0,0,0.0,0.0
margin,live-delta,5,0.0,0.316659,0.581161,0.027461,0.980469,0.428111,0.578111,0.012021005153656006,0.5193359851837158,0.5073149800300598,1.4654994010925293,4.329705238342285,0.3678397834300995,5,0,0,1,0,1,0,0.0,0.3110678195953369,2,stale-soft,0.0,6,40,18,CORRECT,0,0,0,0,0,0,0.0,0.0
margin,live-delta,5,0.0,0.316659,0.581161,0.027461,0.980469,0.428111,0.578111,0.004130363464355469,0.5956895351409912,0.5915591716766357,2.11102557182312,8.256704330444336,0.2702663838863373,14,0,0,1,0,1,0,0.0,0.1764351725578308,2,stale-soft,0.0,6,41,9,CORRECT,0,0,0,0,0,0,0.0,0.0
margin,live-delta,5,0.0,0.316659,0.581161,0.027461,0.980469,0.428111,0.578111,0.12807446718215942,0.5080372095108032,0.3799627423286438,-0.0,1.0,1.0,1,0,0,1,0,1,0,0.0,0.18090730905532837,2,stale-soft,0.0,6,42,15,CORRECT,0,0,0,0,0,0,0.0,0.0
margin,live-delta,5,0.0,0.316659,0.581161,0.027461,0.980469,0.428111,0.578111,0.029343336820602417,0.5180602669715881,0.4887169301509857,0.9196711778640747,2.508465528488159,0.5750361084938049,3,0,0,1,0,1,1,0.3197586238384247,0.029343336820602417,1,stale-soft,0.0,6,44,6,CORRECT,0,0,0,0,0,0,0.0,0.0
margin,live-delta,5,0.0,0.316659,0.581161,0.027461,0.980469,0.428111,0.578111,0.14111894369125366,0.7220957279205322,0.5809767842292786,0.9061532616615295,2.4747843742370605,0.8118083477020264,19,0,0,1,0,1,0,0.005536961369216442,0.2758523225784302,2,stale-soft,0.0,6,45,30,CORRECT,0,0,0,0,0,0,0.0,0.0
margin,live-delta,5,0.0,0.316659,0.581161,0.027461,0.980469,0.428111,0.578111,0.009380042552947998,0.5576402544975281,0.5482602119445801,2.567770004272461,13.036720275878906,0.14526426792144775,17,0,0,1,0,1,0,0.014949195086956024,0.11369481682777405,2,stale-soft,0.0,6,46,0,CORRECT,0,0,0,0,0,0,0.0,0.0
margin,live-delta,5,0.0,0.316659,0.581161,0.027461,0.980469,0.428111,0.578111,0.039743661880493164,0.7065777778625488,0.6668341159820557,1.896702527999878,6.663884162902832,0.4397803246974945,20,0,0,1,0,1,0,0.0,0.3557187616825104,2,stale-soft,0.0,6,47,11,CORRECT,0,0,0,0,0,0,0.0,0.0
margin,live-delta,5,0.0,0.316659,0.581161,0.027461,0.980469,0.428111,0.578111,0.00565028190612793,0.4656926989555359,0.46004241704940796,0.6915533542633057,1.9968148469924927,0.5282214283943176,2,0,0,1,0,1,0,0.0,0.11049196124076843,2,stale-soft,0.0,6,48,16,CORRECT,0,0,0,0,0,0,0.0,0.0
margin,live-delta,5,0.0,0.316659,0.581161,0.027461,0.980469,0.428111,0.578111,0.004724025726318359,0.6174630522727966,0.6127390265464783,2.6217949390411377,13.760400772094727,0.1533571481704712,20,0,0,1,0,1,0,0.0,0.2107999622821808,2,stale-soft,0.0,6,49,18,CORRECT,0,0,0,0,0,0,0.0,0.0
margin,live-delta,5,0.0,0.316659,0.581161,0.027461,0.980469,0.428111,0.578111,0.021081984043121338,0.631973922252655,0.6108919382095337,2.38700532913208,10.880860328674316,0.24051174521446228,20,0,0,1,0,1,0,0.0,0.2994708716869354,2,stale-soft,0.0,6,50,11,CORRECT,0,0,0,0,0,0,0.0,0.0
margin,live-delta,5,0.0,0.316659,0.581161,0.027461,0.980469,0.428111,0.578111,0.04159349203109741,0.6099201440811157,0.5683266520500183,2.021919012069702,7.552804946899414,0.36446043848991394,13,0,0,1,0,1,0,0.049303989857435226,0.1000206470489502,2,stale-soft,0.0,6,51,30,CORRECT,0,0,0,0,0,0,0.0,0.0
margin,live-delta,5,0.0,0.316659,0.581161,0.027461,0.980469,0.428111,0.578111,0.04602915048599243,0.6817589998245239,0.6357298493385315,1.995059609413147,7.3526411056518555,0.450581818819046,20,0,0,1,0,1,0,0.0,0.2529265582561493,2,stale-soft,0.0,6,52,30,CORRECT,0,0,0,0,0,0,0.0,0.0
margin,live-delta,5,0.0,0.316659,0.581161,0.027461,0.980469,0.428111,0.578111,0.02947831153869629,0.6125665903091431,0.5830882787704468,2.140479326248169,8.503512382507324,0.29867419600486755,13,0,0,1,0,1,0,0.0,0.2717077136039734,2,stale-soft,0.0,6,53,7,CORRECT,0,0,0,0,0,0,0.0,0.0
margin,live-delta,5,0.0,0.316659,0.581161,0.027461,0.980469,0.428111,0.578111,0.039527952671051025,0.6817615628242493,0.6422336101531982,1.4493433237075806,4.260315895080566,0.5196475982666016,12,0,0,1,0,1,0,0.006848007440567017,0.21645966172218323,2,stale-soft,0.0,6,54,16,CORRECT,0,0,0,0,0,0,0.0,0.0
margin,live-delta,5,0.0,0.316659,0.581161,0.027461,0.980469,0.428111,0.578111,0.1259809136390686,0.7112128138542175,0.5852319002151489,1.3836485147476196,3.9894306659698486,0.7028036117553711,20,0,0,1,0,1,0,0.005887160077691078,0.2391151487827301,2,stale-soft,0.0,6,55,30,CORRECT,0,0,0,0,0,0,0.0,0.0
margin,live-delta,5,0.0,0.316659,0.581161,0.027461,0.980469,0.428111,0.578111,0.04841500520706177,0.5435279607772827,0.49511295557022095,1.625753402709961,5.082246780395508,0.4350970387458801,7,0,0,1,0,1,0,0.0,0.2726425230503082,2,stale-soft,0.0,6,56,1,CORRECT,0,0,0,0,0,0,0.0,0.0
margin,live-delta,5,0.0,0.316659,0.581161,0.027461,0.980469,0.428111,0.578111,0.011501491069793701,0.5289517045021057,0.517450213432312,2.463743209838867,11.748706817626953,0.1628255397081375,14,0,0,1,0,1,0,0.0,0.12112635374069214,2,stale-soft,0.0,6,57,28,CORRECT,0,0,0,0,0,0,0.0,0.0
margin,live-delta,5,0.0,0.316659,0.581161,0.027461,0.980469,0.428111,0.578111,0.027495503425598145,0.521161675453186,0.4936661720275879,1.849459171295166,6.356380939483643,0.27965304255485535,7,0,0,1,0,1,0,0.0,0.11345532536506653,2,stale-soft,0.0,6,58,28,CORRECT,0,0,0,0,0,0,0.0,0.0
margin,live-delta,5,0.0,0.316659,0.581161,0.027461,0.980469,0.428111,0.578111,0.0455852746963501,0.7100707292556763,0.6644854545593262,1.6763778924942017,5.346156597137451,0.4960916340351105,20,0,0,1,0,1,0,0.0,0.41332536935806274,2,stale-soft,0.0,6,59,11,CORRECT,0,0,0,0,0,0,0.0,0.0
margin,live-delta,5,0.0,0.316659,0.581161,0.027461,0.980469,0.428111,0.578111,0.0009667277336120605,0.7287241816520691,0.727757453918457,1.377142310142517,3.9635589122772217,0.3558221161365509,12,0,0,1,0,1,0,0.0,0.41136324405670166,2,stale-soft,0.0,6,61,25,CORRECT,0,0,0,0,0,0,0.0,0.0
margin,live-delta,5,0.0,0.316659,0.581161,0.027461,0.980469,0.428111,0.578111,0.03774535655975342,0.5500203371047974,0.512274980545044,1.607927918434143,4.992455959320068,0.4335188567638397,7,0,0,1,0,1,0,0.0,0.1310868263244629,2,stale-soft,0.0,6,62,16,CORRECT,0,0,0,0,0,0,0.0,0.0
margin,live-delta,5,0.0,0.316659,0.581161,0.027461,0.980469,0.428111,0.578111,0.0918266773223877,0.7022755146026611,0.6104488372802734,1.6186840534210205,5.046444892883301,0.6052987575531006,20,0,0,1,0,1,0,0.0,0.3652082681655884,2,stale-soft,0.0,6,63,22,CORRECT,0,0,0,0,0,0,0.0,0.0
margin,live-delta,5,0.0,0.316659,0.581161,0.027461,0.980469,0.428111,0.578111,0.0138663649559021,0.6372043490409851,0.623337984085083,2.0766046047210693,7.977336883544922,0.273668497800827,16,1,1,1,1,1,0,0.006435961928218603,0.18750077486038208,2,stale-soft,0.0,6,64,60,CORRECT,0,0,0,0,0,0,0.0,0.0
margin,live-delta,5,0.0,0.316659,0.581161,0.027461,0.980469,0.428111,0.578111,0.07325202226638794,0.7194734811782837,0.6462214589118958,1.3844233751296997,3.992522954940796,0.5926370620727539,13,1,1,1,1,1,0,0.0,0.4203501343727112,2,stale-soft,0.0,6,65,49,CORRECT,0,0,0,0,0,0,0.0,0.0
margin,live-delta,5,0.0,0.316659,0.581161,0.027461,0.980469,0.428111,0.578111,0.27114012837409973,0.7173919677734375,0.44625183939933777,0.0497102290391922,1.050966501235962,0.9924216866493225,3,1,1,1,1,1,0,0.0,0.4258134365081787,2,stale-soft,0.0,6,66,54,CORRECT,0,0,0,0,0,0,0.0,0.0
margin,live-delta,5,0.0,0.316659,0.581161,0.027461,0.980469,0.428111,0.578111,0.04251831769943237,0.6012977957725525,0.5587794780731201,2.163828134536743,8.704395294189453,0.2915738523006439,13,1,1,1,1,1,0,0.0,0.203637957572937,2,stale-soft,0.0,6,67,42,CORRECT,0,0,0,0,0,0,0.0,0.0
margin,live-delta,5,0.0,0.316659,0.581161,0.027461,0.980469,0.428111,0.578111,0.17981690168380737,0.6864583492279053,0.5066414475440979,0.25104135274887085,1.2853631973266602,0.9491340517997742,4,1,1,1,1,1,0,0.0,0.43639615178108215,2,stale-soft,0.0,6,68,57,CORRECT,0,0,0,0,0,0,0.0,0.0
margin,live-delta,5,0.0,0.316659,0.581161,0.027461,0.980469,0.428111,0.578111,0.026864051818847656,0.5847336053848267,0.557869553565979,1.9622299671173096,7.115176200866699,0.3561709523200989,11,1,1,1,1,1,0,0.017289120703935623,0.1512666940689087,2,stale-soft,0.0,6,69,52,CORRECT,0,0,0,0,0,0,0.0,0.0
margin,live-delta,5,0.0,0.316659,0.581161,0.027461,0.980469,0.428111,0.578111,0.08957570791244507,0.6409652233123779,0.5513895153999329,0.8416467905044556,2.3201847076416016,0.7719699740409851,7,1,1,1,1,1,0,0.0,0.3181228041648865,2,stale-soft,0.0,6,70,57,CORRECT,0,0,0,0,0,0,0.0,0.0
margin,live-delta,5,0.0,0.316659,0.581161,0.027461,0.980469,0.428111,0.578111,0.04689741134643555,0.5237218141555786,0.47682440280914307,1.3581238985061646,3.888890504837036,0.5000370740890503,5,1,1,1,1,1,0,0.09810714423656464,0.08143112063407898,2,stale-soft,0.0,6,71,49,CORRECT,0,0,0,0,0,0,0.0,0.0
margin,live-delta,5,0.0,0.316659,0.581161,0.027461,0.980469,0.428111,0.578111,0.028354287147521973,0.7925995588302612,0.7642452716827393,0.9122671484947205,2.4899611473083496,0.5992596745491028,8,1,1,1,1,1,0,0.0,0.46540719270706177,2,stale-soft,0.0,6,72,40,CORRECT,0,0,0,0,0,0,0.0,0.0
margin,live-delta,5,0.0,0.316659,0.581161,0.027461,0.980469,0.428111,0.578111,0.03947728872299194,0.4474477767944336,0.40797048807144165,-0.0,1.0,1.0,1,1,1,1,1,1,0,0.0,0.04582047462463379,1,stale-soft,0.0,6,73,35,CORRECT,0,0,0,0,0,0,0.0,0.0
margin,live-delta,5,0.0,0.316659,0.581161,0.027461,0.980469,0.428111,0.578111,0.019095420837402344,0.6300061345100403,0.6109107136726379,1.0580501556396484,2.8807485103607178,0.5139190554618835,5,1,1,1,1,1,0,0.0,0.29718226194381714,2,stale-soft,0.0,6,74,32,CORRECT,0,0,0,0,0,0,0.0,0.0
margin,live-delta,5,0.0,0.316659,0.581161,0.027461,0.980469,0.428111,0.578111,0.02758324146270752,0.6517994403839111,0.6242161989212036,1.8663322925567627,6.464542865753174,0.3685320019721985,15,1,1,1,1,1,0,0.01588442549109459,0.17890149354934692,2,stale-soft,0.0,6,75,48,CORRECT,0,0,0,0,0,0,0.0,0.0
margin,live-delta,5,0.0,0.316659,0.581161,0.027461,0.980469,0.428111,0.578111,0.006723225116729736,0.587090253829956,0.5803670287132263,1.997665286064148,7.371824741363525,0.29214125871658325,12,1,1,1,1,1,0,0.013155153952538967,0.15502119064331055,2,stale-soft,0.0,6,76,35,CORRECT,0,0,0,0,0,0,0.0,0.0
margin,live-delta,5,0.0,0.316659,0.581161,0.027461,0.980469,0.428111,0.578111,0.01150047779083252,0.4391584098339081,0.42765793204307556,-0.0,1.0,1.0,1,1,1,1,1,1,0,0.0,0.11116591095924377,2,stale-soft,0.0,6,77,58,CORRECT,0,0,0,0,0,0,0.0,0.0
margin,live-delta,5,0.0,0.316659,0.581161,0.027461,0.980469,0.428111,0.578111,0.046075284481048584,0.485497385263443,0.4394221007823944,0.9696643948554993,2.637059211730957,0.5797387957572937,3,1,1,1,1,1,0,0.0,0.11503127217292786,2,stale-soft,0.0,6,78,37,CORRECT,0,0,0,0,0,0,0.0,0.0
margin,live-delta,5,0.0,0.316659,0.581161,0.027461,0.980469,0.428111,0.578111,0.011427760124206543,0.43584972620010376,0.4244219660758972,-0.0,1.0,1.0,1,1,1,1,1,1,0,0.0,0.09523272514343262,2,stale-soft,0.0,6,79,55,CORRECT,0,0,0,0,0,0,0.0,0.0
margin,live-delta,5,0.0,0.316659,0.581161,0.027461,0.980469,0.428111,0.578111,0.047071754932403564,0.580012857913971,0.5329411029815674,1.3667778968811035,3.9226911067962646,0.5523421764373779,7,1,0,0,0,0,1,0.941399097442627,-0.1121707558631897,0,stale-soft,0.0,6,80,24,BLENDED,0,0,0,0,0,0,0.0,0.0
margin,live-delta,5,0.0,0.316659,0.581161,0.027461,0.980469,0.428111,0.578111,0.06020021438598633,0.6887730360031128,0.6285728216171265,1.2882663011550903,3.6264939308166504,0.556942343711853,7,1,1,1,1,1,0,0.0,0.5219050645828247,2,stale-soft,0.0,6,81,50,CORRECT,0,0,0,0,0,0,0.0,0.0
margin,live-delta,5,0.0,0.316659,0.581161,0.027461,0.980469,0.428111,0.578111,0.06465297937393188,0.675824761390686,0.6111717820167542,1.559347152709961,4.755715370178223,0.5730307102203369,15,1,1,1,1,1,0,0.0,0.3446776866912842,2,stale-soft,0.0,6,82,61,CORRECT,0,0,0,0,0,0,0.0,0.0
margin,live-delta,5,0.0,0.316659,0.581161,0.027461,0.980469,0.428111,0.578111,0.062261730432510376,0.522896409034729,0.46063467860221863,0.5313348770141602,1.7012016773223877,0.7764738202095032,2,1,1,1,1,1,0,0.0,0.20996356010437012,2,stale-soft,0.0,6,83,42,CORRECT,0,0,0,0,0,0,0.0,0.0
margin,live-delta,5,0.0,0.316659,0.581161,0.027461,0.980469,0.428111,0.578111,0.007027864456176758,0.595234215259552,0.5882063508033752,1.52702796459198,4.604471683502197,0.3388727009296417,8,1,1,1,1,1,0,0.0,0.3471389412879944,2,stale-soft,0.0,6,84,52,CORRECT,0,0,0,0,0,0,0.0,0.0
margin,live-delta,5,0.0,0.316659,0.581161,0.027461,0.980469,0.428111,0.578111,0.002056121826171875,0.5324323177337646,0.5303761959075928,1.8762980699539185,6.529289245605469,0.2596917748451233,8,1,1,1,1,1,1,0.1339084506034851,0.06689471006393433,2,stale-soft,0.0,6,85,41,CORRECT,0,0,0,0,0,0,0.0,0.0
margin,live-delta,5,0.0,0.316659,0.581161,0.027461,0.980469,0.428111,0.578111,0.014487236738204956,0.49048975110054016,0.4760025143623352,1.3602098226547241,3.8970108032226562,0.3414223790168762,4,1,0,0,0,0,1,0.5969616174697876,-0.02302202582359314,0,stale-soft,0.0,6,86,25,BLENDED,0,0,0,0,0,0,0.0,0.0
margin,live-delta,5,0.0,0.316659,0.581161,0.027461,0.980469,0.428111,0.578111,0.30191630125045776,0.8589409589767456,0.5570246577262878,0.06216157227754593,1.0641342401504517,0.9920988082885742,11,1,1,1,1,1,0,0.0014002482639625669,0.3508061170578003,2,stale-soft,0.0,6,87,43,CORRECT,0,0,0,0,0,0,0.0,0.0
margin,live-delta,5,0.0,0.316659,0.581161,0.027461,0.980469,0.428111,0.578111,0.023692190647125244,0.6738309860229492,0.650138795375824,1.1719838380813599,3.22839093208313,0.5001707673072815,7,1,1,1,1,1,0,0.0,0.38304105401039124,2,stale-soft,0.0,6,88,61,CORRECT,0,0,0,0,0,0,0.0,0.0
margin,live-delta,5,0.0,0.316659,0.581161,0.027461,0.980469,0.428111,0.578111,0.01702946424484253,0.6745926737785339,0.6575632095336914,1.657617211341858,5.246793746948242,0.3624098002910614,10,1,1,1,1,1,0,0.0,0.4250260889530182,2,stale-soft,0.0,6,89,39,CORRECT,0,0,0,0,0,0,0.0,0.0
margin,live-delta,5,0.0,0.316659,0.581161,0.027461,0.980469,0.428111,0.578111,0.005663275718688965,0.6045351028442383,0.5988718271255493,1.9526387453079224,7.0472588539123535,0.2625630497932434,14,1,1,1,1,1,0,0.0,0.3412850499153137,2,stale-soft,0.0,6,90,39,CORRECT,0,0,0,0,0,0,0.0,0.0
margin,live-delta,5,0.0,0.316659,0.581161,0.027461,0.980469,0.428111,0.578111,0.006245851516723633,0.5371400713920593,0.5308942198753357,2.109865427017212,8.24713134765625,0.18886098265647888,10,1,1,1,1,1,1,0.1361643671989441,0.016357421875,0,stale-soft,0.0,6,91,45,CORRECT,0,0,0,0,0,0,0.0,0.0
margin,live-delta,5,0.0,0.316659,0.581161,0.027461,0.980469,0.428111,0.578111,0.08484706282615662,0.46731051802635193,0.3824634552001953,-0.0,1.0,1.0,1,1,1,1,1,1,0,0.0,0.20996516942977905,2,stale-soft,0.0,6,92,40,CORRECT,0,0,0,0,0,0,0.0,0.0
margin,live-delta,5,0.0,0.316659,0.581161,0.027461,0.980469,0.428111,0.578111,0.03696244955062866,0.5619375705718994,0.5249751210212708,1.8787370920181274,6.545233726501465,0.3954925835132599,10,1,1,1,1,1,0,0.0,0.26756343245506287,2,stale-soft,0.0,6,93,57,CORRECT,0,0,0,0,0,0,0.0,0.0
margin,live-delta,5,0.0,0.316659,0.581161,0.027461,0.980469,0.428111,0.578111,0.001346588134765625,0.6266343593597412,0.6252877712249756,1.8937263488769531,6.644080638885498,0.273932546377182,12,1,1,1,1,1,0,0.0,0.3373410105705261,2,stale-soft,0.0,6,94,61,CORRECT,0,0,0,0,0,0,0.0,0.0
margin,live-delta,5,0.0,0.316659,0.581161,0.027461,0.980469,0.428111,0.578111,0.08536481857299805,0.604717493057251,0.5193526744842529,0.8032584190368652,2.232804536819458,0.7508164644241333,4,1,1,1,1,1,0,0.0,0.21116384863853455,2,stale-soft,0.0,6,95,41,CORRECT,0,0,0,0,0,0,0.0,0.0
margin,live-delta,5,0.0,0.316659,0.581161,0.027461,0.980469,0.428111,0.578111,0.005658745765686035,0.6051054000854492,0.5994466543197632,2.0496437549591064,7.765134334564209,0.24924463033676147,12,1,1,1,1,1,0,0.0,0.39281249046325684,2,stale-soft,0.0,6,96,54,CORRECT,0,0,0,0,0,0,0.0,0.0
margin,live-delta,5,0.0,0.316659,0.581161,0.027461,0.980469,0.428111,0.578111,0.06105303764343262,0.7184756994247437,0.657422661781311,1.0150387287139893,2.759470224380493,0.6803184151649475,8,1,1,1,1,1,0,0.0,0.4032242000102997,2,stale-soft,0.0,6,97,40,CORRECT,0,0,0,0,0,0,0.0,0.0
margin,live-delta,5,0.0,0.316659,0.581161,0.027461,0.980469,0.428111,0.578111,0.013661503791809082,0.582595705986023,0.5689342021942139,1.1959669589996338,3.306753635406494,0.43847981095314026,4,1,1,1,1,1,0,0.0,0.2990831136703491,2,stale-soft,0.0,6,98,56,CORRECT,0,0,0,0,0,0,0.0,0.0
margin,live-delta,5,0.0,0.316659,0.581161,0.027461,0.980469,0.428111,0.578111,0.28284555673599243,0.7437993288040161,0.4609537720680237,0.043186262249946594,1.0441323518753052,0.993588924407959,3,1,1,1,1,1,0,0.0,0.5071672201156616,2,stale-soft,0.0,6,99,41,CORRECT,0,0,0,0,0,0,0.0,0.0
margin,live-delta,5,0.0,0.316659,0.581161,0.027461,0.980469,0.428111,0.578111,0.008107304573059082,0.5988267660140991,0.59071946144104,0.7947788834571838,2.213951349258423,0.5259713530540466,3,1,1,1,1,1,0,0.0,0.31339359283447266,2,stale-soft,0.0,6,100,61,CORRECT,0,0,0,0,0,0,0.0,0.0
margin,live-delta,5,0.0,0.316659,0.581161,0.027461,0.980469,0.428111,0.578111,0.018241524696350098,0.48883119225502014,0.47058966755867004,1.0598750114440918,2.88601016998291,0.45503970980644226,3,1,3,0,3,0,1,1.0,-0.08488729596138,0,stale-soft,0.0,6,101,123,BLENDED,0,0,0,0,0,0,0.0,0.0
margin,live-delta,5,0.0,0.316659,0.581161,0.027461,0.980469,0.428111,0.578111,0.06546664237976074,0.6314265727996826,0.5659599304199219,1.6402329206466675,5.156370639801025,0.4877015948295593,9,1,1,1,1,1,0,0.0,0.36988168954849243,2,stale-soft,0.0,6,102,62,CORRECT,0,0,0,0,0,0,0.0,0.0
margin,live-delta,5,0.0,0.316659,0.581161,0.027461,0.980469,0.428111,0.578111,0.018510043621063232,0.6128389239311218,0.5943288803100586,1.2699309587478638,3.5606067180633545,0.501042902469635,8,1,1,1,1,1,0,0.0,0.2733041048049927,2,stale-soft,0.0,6,103,54,CORRECT,0,0,0,0,0,0,0.0,0.0
margin,live-delta,5,0.0,0.316659,0.581161,0.027461,0.980469,0.428111,0.578111,0.0038860440254211426,0.6102866530418396,0.6064006090164185,1.8849693536758423,6.58615255355835,0.320635050535202,12,1,1,1,1,1,0,0.0,0.3647603988647461,2,stale-soft,0.0,6,104,49,CORRECT,0,0,0,0,0,0,0.0,0.0
margin,live-delta,5,0.0,0.316659,0.581161,0.027461,0.980469,0.428111,0.578111,0.07134711742401123,0.705420970916748,0.6340738534927368,1.272269606590271,3.568943500518799,0.6077620983123779,9,1,1,1,1,1,0,0.0,0.4852299094200134,2,stale-soft,0.0,6,105,40,CORRECT,0,0,0,0,0,0,0.0,0.0
margin,live-delta,5,0.0,0.316659,0.581161,0.027461,0.980469,0.428111,0.578111,0.07959204912185669,0.7538836598396301,0.6742916107177734,0.9749141335487366,2.650939464569092,0.7221004962921143,11,1,1,1,1,1,0,0.0,0.4799800217151642,2,stale-soft,0.0,6,106,39,CORRECT,0,0,0,0,0,0,0.0,0.0
margin,live-delta,5,0.0,0.316659,0.581161,0.027461,0.980469,0.428111,0.578111,0.011961400508880615,0.617219865322113,0.6052584648132324,1.6458401679992676,5.185364723205566,0.4047010540962219,12,1,1,1,1,1,1,0.2102506011724472,0.07979494333267212,2,stale-soft,0.0,6,107,60,CORRECT,0,0,0,0,0,0,0.0,0.0
margin,live-delta,5,0.0,0.316659,0.581161,0.027461,0.980469,0.428111,0.578111,0.04879361391067505,0.6414546966552734,0.5926610827445984,1.8012748956680298,6.0573649406433105,0.4697282016277313,13,1,1,1,1,1,0,0.0,0.362080454826355,2,stale-soft,0.0,6,108,49,CORRECT,0,0,0,0,0,0,0.0,0.0
margin,live-delta,5,0.0,0.316659,0.581161,0.027461,0.980469,0.428111,0.578111,0.005373120307922363,0.6084858179092407,0.6031126976013184,1.3665761947631836,3.9218997955322266,0.4060872793197632,6,1,1,1,1,1,0,0.0,0.3015759587287903,2,stale-soft,0.0,6,109,62,CORRECT,0,0,0,0,0,0,0.0,0.0
margin,live-delta,5,0.0,0.316659,0.581161,0.027461,0.980469,0.428111,0.578111,0.029764771461486816,0.6916086673736572,0.6618438959121704,1.3965046405792236,4.041050434112549,0.49262890219688416,7,1,1,1,1,1,0,0.0,0.47904616594314575,2,stale-soft,0.0,6,111,32,CORRECT,0,0,0,0,0,0,0.0,0.0
margin,live-delta,5,0.0,0.316659,0.581161,0.027461,0.980469,0.428111,0.578111,0.0655626654624939,0.6678102612495422,0.6022475957870483,1.3756229877471924,3.9575414657592773,0.5604981184005737,9,1,1,1,1,1,0,0.0,0.4308151602745056,2,stale-soft,0.0,6,112,46,CORRECT,0,0,0,0,0,0,0.0,0.0
margin,live-delta,5,0.0,0.316659,0.581161,0.027461,0.980469,0.428111,0.578111,0.024531066417694092,0.5232676267623901,0.49873656034469604,0.6639403104782104,1.942431092262268,0.6202526092529297,2,1,1,1,1,1,0,0.0,0.2562590539455414,2,stale-soft,0.0,6,113,34,CORRECT,0,0,0,0,0,0,0.0,0.0
margin,live-delta,5,0.0,0.316659,0.581161,0.027461,0.980469,0.428111,0.578111,0.03674370050430298,0.6705558896064758,0.6338121891021729,1.3942354917526245,4.031890869140625,0.5270095467567444,11,1,1,1,1,1,0,0.0,0.39768946170806885,2,stale-soft,0.0,6,114,57,CORRECT,0,0,0,0,0,0,0.0,0.0
margin,live-delta,5,0.0,0.316659,0.581161,0.027461,0.980469,0.428111,0.578111,0.0519755482673645,0.5355624556541443,0.4835869073867798,1.6768550872802734,5.348708152770996,0.42201805114746094,7,1,1,1,1,1,1,0.12355606257915497,0.09194368124008179,2,stale-soft,0.0,6,115,38,CORRECT,0,0,0,0,0,0,0.0,0.0
margin,live-delta,5,0.0,0.316659,0.581161,0.027461,0.980469,0.428111,0.578111,0.07225793600082397,0.610309898853302,0.538051962852478,1.1016435623168945,3.0091075897216797,0.6662366390228271,6,1,1,1,1,1,0,0.0,0.33518922328948975,2,stale-soft,0.0,6,116,54,CORRECT,0,0,0,0,0,0,0.0,0.0
margin,live-delta,5,0.0,0.316659,0.581161,0.027461,0.980469,0.428111,0.578111,0.10138309001922607,0.6700421571731567,0.5686590671539307,1.3149303197860718,3.7244913578033447,0.6613844633102417,11,1,1,1,1,1,0,0.0060916864313185215,0.23437052965164185,2,stale-soft,0.0,6,117,49,CORRECT,0,0,0,0,0,0,0.0,0.0
margin,live-delta,5,0.0,0.316659,0.581161,0.027461,0.980469,0.428111,0.578111,0.030777424573898315,0.44668951630592346,0.41591209173202515,-0.0,1.0,1.0,1,1,1,1,1,1,0,0.0,0.21114350855350494,2,stale-soft,0.0,6,118,48,CORRECT,0,0,0,0,0,0,0.0,0.0
margin,live-delta,5,0.0,0.316659,0.581161,0.027461,0.980469,0.428111,0.578111,0.04402768611907959,0.5582033395767212,0.5141756534576416,1.2380722761154175,3.448958396911621,0.5489068627357483,5,1,1,1,1,1,0,0.0,0.15230268239974976,2,stale-soft,0.0,6,119,49,CORRECT,0,0,0,0,0,0,0.0,0.0
margin,live-delta,5,0.0,0.316659,0.581161,0.027461,0.980469,0.428111,0.578111,0.001757204532623291,0.6123923659324646,0.6106351613998413,1.5024776458740234,4.492806911468506,0.36509791016578674,8,1,1,1,1,1,0,0.0,0.3293934762477875,2,stale-soft,0.0,6,120,57,CORRECT,0,0,0,0,0,0,0.0,0.0
margin,live-delta,5,0.0,0.316659,0.581161,0.027461,0.980469,0.428111,0.578111,0.028531432151794434,0.6142705678939819,0.5857391357421875,1.757508397102356,5.797973155975342,0.4236840307712555,12,1,1,1,1,1,0,0.03469586372375488,0.17189186811447144,2,stale-soft,0.0,6,121,52,CORRECT,0,0,0,0,0,0,0.0,0.0
margin,live-delta,5,0.0,0.316659,0.581161,0.027461,0.980469,0.428111,0.578111,0.04132509231567383,0.6418052911758423,0.6004801988601685,1.580040454864502,4.855152130126953,0.45793282985687256,8,1,1,1,1,1,0,0.0,0.3827874958515167,2,stale-soft,0.0,6,122,52,CORRECT,0,0,0,0,0,0,0.0,0.0
margin,live-delta,5,0.0,0.316659,0.581161,0.027461,0.980469,0.428111,0.578111,0.1144600510597229,0.5257062911987305,0.41124624013900757,-0.0,1.0,1.0,1,1,1,1,1,1,0,0.0,0.13191860914230347,2,stale-soft,0.0,6,123,43,CORRECT,0,0,0,0,0,0,0.0,0.0
margin,live-delta,5,0.0,0.316659,0.581161,0.027461,0.980469,0.428111,0.578111,0.046421170234680176,0.7209793329238892,0.674558162689209,1.11576509475708,3.0519022941589355,0.623386025428772,11,1,1,1,1,1,0,0.0,0.34347569942474365,2,stale-soft,0.0,6,124,62,CORRECT,0,0,0,0,0,0,0.0,0.0
margin,live-delta,5,0.0,0.316659,0.581161,0.027461,0.980469,0.428111,0.578111,0.02554035186767578,0.5810360312461853,0.5554956793785095,1.8603789806365967,6.426171779632568,0.37988534569740295,11,1,1,1,1,1,0,0.02418176643550396,0.13771352171897888,2,stale-soft,0.0,6,125,38,CORRECT,0,0,0,0,0,0,0.0,0.0
margin,live-delta,5,0.0,0.316659,0.581161,0.027461,0.980469,0.428111,0.578111,0.051419079303741455,0.7271186113357544,0.6756995320320129,0.6819592118263245,1.9777487516403198,0.7220187187194824,5,1,1,1,1,1,0,0.0,0.40758949518203735,2,stale-soft,0.0,6,126,41,CORRECT,0,0,0,0,0,0,0.0,0.0
margin,live-delta,5,0.0,0.316659,0.581161,0.027461,0.980469,0.428111,0.578111,0.1547597050666809,0.7880293130874634,0.6332696080207825,0.43826356530189514,1.5500134229660034,0.9064263701438904,7,1,1,1,1,1,0,0.0,0.45933932065963745,2,stale-soft,0.0,6,127,40,CORRECT,0,0,0,0,0,0,0.0,0.0
margin,live-delta,5,0.0,0.316659,0.581161,0.027461,0.980469,0.428111,0.578111,0.028143763542175293,0.5415035486221313,0.513359785079956,2.266066789627075,9.641404151916504,0.2602808475494385,12,2,2,1,2,1,0,0.0,0.2378905713558197,2,stale-soft,0.0,6,128,66,CORRECT,0,0,0,0,0,0,0.0,0.0
margin,live-delta,5,0.0,0.316659,0.581161,0.027461,0.980469,0.428111,0.578111,0.02547597885131836,0.5951765775680542,0.5697005987167358,2.044546604156494,7.7256550788879395,0.3249884843826294,13,2,2,1,2,1,0,0.0,0.3075736165046692,2,stale-soft,0.0,6,129,66,CORRECT,0,0,0,0,0,0,0.0,0.0
margin,live-delta,5,0.0,0.316659,0.581161,0.027461,0.980469,0.428111,0.578111,0.041772425174713135,0.5690668821334839,0.5272944569587708,2.230858325958252,9.307851791381836,0.26714828610420227,13,2,2,1,2,1,0,0.0,0.24107003211975098,2,stale-soft,0.0,6,130,81,CORRECT,0,0,0,0,0,0,0.0,0.0
margin,live-delta,5,0.0,0.316659,0.581161,0.027461,0.980469,0.428111,0.578111,0.07747495174407959,0.7438898086547852,0.6664148569107056,0.6913416981697083,1.9963922500610352,0.7839105725288391,6,2,2,1,2,1,0,0.0,0.5825783014297485,2,stale-soft,0.0,6,133,71,CORRECT,0,0,0,0,0,0,0.0,0.0
margin,live-delta,5,0.0,0.316659,0.581161,0.027461,0.980469,0.428111,0.578111,0.09667551517486572,0.7966054677963257,0.69992995262146,1.1403989791870117,3.1280159950256348,0.7118372917175293,18,2,2,1,2,1,0,0.0,0.5791870355606079,2,stale-soft,0.0,6,134,86,CORRECT,0,0,0,0,0,0,0.0,0.0
margin,live-delta,5,0.0,0.316659,0.581161,0.027461,0.980469,0.428111,0.578111,0.024165570735931396,0.5892134308815002,0.5650478601455688,0.8990680575370789,2.4573118686676025,0.5798836946487427,4,2,2,1,2,1,0,0.0,0.21183645725250244,2,stale-soft,0.0,6,135,91,CORRECT,0,0,0,0,0,0,0.0,0.0
margin,live-delta,5,0.0,0.316659,0.581161,0.027461,0.980469,0.428111,0.578111,0.049243152141571045,0.6251969933509827,0.5759538412094116,2.376845121383667,10.770868301391602,0.33181849122047424,20,2,2,1,2,1,0,0.0,0.3021586835384369,2,stale-soft,0.0,6,136,84,CORRECT,0,0,0,0,0,0,0.0,0.0
margin,live-delta,5,0.0,0.316659,0.581161,0.027461,0.980469,0.428111,0.578111,0.028989076614379883,0.6016455888748169,0.572656512260437,1.8095592260360718,6.107754707336426,0.3918626308441162,12,2,2,1,2,1,0,0.0,0.3383933901786804,2,stale-soft,0.0,6,139,64,CORRECT,0,0,0,0,0,0,0.0,0.0
margin,live-delta,5,0.0,0.316659,0.581161,0.027461,0.980469,0.428111,0.578111,0.0345538854598999,0.6501257419586182,0.6155718564987183,1.050065040588379,2.857836961746216,0.5797074437141418,6,2,2,1,2,1,0,0.0,0.4701628088951111,2,stale-soft,0.0,6,140,80,CORRECT,0,0,0,0,0,0,0.0,0.0
margin,live-delta,5,0.0,0.316659,0.581161,0.027461,0.980469,0.428111,0.578111,0.047999441623687744,0.6712274551391602,0.6232280135154724,1.7030452489852905,5.490642547607422,0.5135579109191895,15,2,2,1,2,1,0,0.0,0.4998254179954529,2,stale-soft,0.0,6,141,86,CORRECT,0,0,0,0,0,0,0.0,0.0
margin,live-delta,5,0.0,0.316659,0.581161,0.027461,0.980469,0.428111,0.578111,0.0030187368392944336,0.5701974630355835,0.5671787261962891,2.5587852001190186,12.920112609863281,0.1592530906200409,18,2,2,1,2,1,0,0.0,0.24273034930229187,2,stale-soft,0.0,6,142,65,CORRECT,0,0,0,0,0,0,0.0,0.0
margin,live-delta,5,0.0,0.316659,0.581161,0.027461,0.980469,0.428111,0.578111,0.009077876806259155,0.4765753448009491,0.46749746799468994,1.552777647972107,4.724575042724609,0.30021145939826965,5,2,2,1,2,1,0,0.0,0.21677151322364807,2,stale-soft,0.0,6,143,91,CORRECT,0,0,0,0,0,0,0.0,0.0
margin,live-delta,5,0.0,0.316659,0.581161,0.027461,0.980469,0.428111,0.578111,0.0962134599685669,0.5023441314697266,0.40613067150115967,-0.0,1.0,1.0,1,2,2,1,2,1,0,0.0,0.3381776213645935,2,stale-soft,0.0,6,144,85,CORRECT,0,0,0,0,0,0,0.0,0.0
margin,live-delta,5,0.0,0.316659,0.581161,0.027461,0.980469,0.428111,0.578111,0.06751561164855957,0.5056644678115845,0.4381488561630249,0.5083646774291992,1.6625701189041138,0.794180691242218,2,2,2,1,2,1,0,0.0,0.2127377986907959,2,stale-soft,0.0,6,145,88,CORRECT,0,0,0,0,0,0,0.0,0.0
margin,live-delta,5,0.0,0.316659,0.581161,0.027461,0.980469,0.428111,0.578111,0.023302733898162842,0.5993673801422119,0.5760646462440491,1.5529534816741943,4.725406169891357,0.4578370749950409,10,2,2,1,2,1,0,0.0,0.25072425603866577,2,stale-soft,0.0,6,147,91,CORRECT,0,0,0,0,0,0,0.0,0.0
margin,live-delta,5,0.0,0.316659,0.581161,0.027461,0.980469,0.428111,0.578111,0.003406345844268799,0.5392884612083435,0.5358821153640747,2.2004456520080566,9.029036521911621,0.2375253289937973,12,2,2,1,2,1,0,0.0,0.3246327042579651,2,stale-soft,0.0,6,148,78,CORRECT,0,0,0,0,0,0,0.0,0.0
margin,live-delta,5,0.0,0.316659,0.581161,0.027461,0.980469,0.428111,0.578111,0.08553999662399292,0.6592262387275696,0.5736862421035767,1.1824533939361572,3.2623682022094727,0.698489248752594,12,2,2,1,2,1,0,0.0,0.30882811546325684,2,stale-soft,0.0,6,149,91,CORRECT,0,0,0,0,0,0,0.0,0.0
margin,live-delta,5,0.0,0.316659,0.581161,0.027461,0.980469,0.428111,0.578111,0.002938687801361084,0.6503852605819702,0.6474465727806091,2.3190910816192627,10.16642951965332,0.16713854670524597,20,2,2,1,2,1,0,0.0,0.4170028269290924,2,stale-soft,0.0,6,150,66,CORRECT,0,0,0,0,0,0,0.0,0.0
margin,live-delta,5,0.0,0.316659,0.581161,0.027461,0.980469,0.428111,0.578111,0.027769744396209717,0.5065252184867859,0.47875547409057617,0.9789302349090576,2.661607503890991,0.5409001708030701,3,2,2,1,2,1,0,0.0,0.3551807403564453,2,stale-soft,0.0,6,151,85,CORRECT,0,0,0,0,0,0,0.0,0.0
margin,live-delta,5,0.0,0.316659,0.581161,0.027461,0.980469,0.428111,0.578111,0.27028217911720276,0.6035950779914856,0.33331289887428284,-0.0,1.0,1.0,1,2,2,1,2,1,0,0.0,0.34920328855514526,2,stale-soft,0.0,6,152,74,CORRECT,0,0,0,0,0,0,0.0,0.0
margin,live-delta,5,0.0,0.316659,0.581161,0.027461,0.980469,0.428111,0.578111,0.026611626148223877,0.574760377407074,0.5481487512588501,2.1433072090148926,8.527593612670898,0.2814868092536926,11,2,2,1,2,1,0,0.0,0.3500365614891052,2,stale-soft,0.0,6,153,94,CORRECT,0,0,0,0,0,0,0.0,0.0
margin,live-delta,5,0.0,0.316659,0.581161,0.027461,0.980469,0.428111,0.578111,0.026854515075683594,0.6391476392745972,0.6122931241989136,2.209376335144043,9.11003303527832,0.31695279479026794,17,2,2,1,2,1,0,0.0,0.3466476500034332,2,stale-soft,0.0,6,157,94,CORRECT,0,0,0,0,0,0,0.0,0.0
margin,live-delta,5,0.0,0.316659,0.581161,0.027461,0.980469,0.428111,0.578111,0.08749839663505554,0.5680897235870361,0.4805913269519806,1.6874638795852661,5.4057536125183105,0.5124988555908203,9,2,2,1,2,1,0,0.0,0.36241698265075684,2,stale-soft,0.0,6,158,85,CORRECT,0,0,0,0,0,0,0.0,0.0
margin,live-delta,5,0.0,0.316659,0.581161,0.027461,0.980469,0.428111,0.578111,0.18490827083587646,0.7387069463729858,0.5537986755371094,0.2714545726776123,1.3118712902069092,0.9503756165504456,7,2,2,1,2,1,0,0.0,0.35586118698120117,2,stale-soft,0.0,6,159,68,CORRECT,0,0,0,0,0,0,0.0,0.0
margin,live-delta,5,0.0,0.316659,0.581161,0.027461,0.980469,0.428111,0.578111,0.0344085693359375,0.5577472448348999,0.5233386754989624,1.0242500305175781,2.785006046295166,0.581203281879425,4,2,2,1,2,1,0,0.0,0.2380143702030182,2,stale-soft,0.0,6,160,91,CORRECT,0,0,0,0,0,0,0.0,0.0
margin,live-delta,5,0.0,0.316659,0.581161,0.027461,0.980469,0.428111,0.578111,0.010253429412841797,0.4709516167640686,0.4606981873512268,1.3488835096359253,3.853121042251587,0.3446611166000366,4,2,2,1,2,1,0,0.0,0.2889408469200134,2,stale-soft,0.0,6,161,94,CORRECT,0,0,0,0,0,0,0.0,0.0
margin,live-delta,5,0.0,0.316659,0.581161,0.027461,0.980469,0.428111,0.578111,0.17954042553901672,0.6567572951316833,0.4772168695926666,0.2839611768722534,1.3283812999725342,0.9418333172798157,4,2,2,1,2,1,0,0.0,0.43144068121910095,2,stale-soft,0.0,6,162,93,CORRECT,0,0,0,0,0,0,0.0,0.0
margin,live-delta,5,0.0,0.316659,0.581161,0.027461,0.980469,0.428111,0.578111,0.01217794418334961,0.574068546295166,0.5618906021118164,2.3792896270751953,10.797229766845703,0.21996022760868073,16,2,2,1,2,1,0,0.0,0.24434435367584229,2,stale-soft,0.0,6,163,66,CORRECT,0,0,0,0,0,0,0.0,0.0
margin,live-delta,5,0.0,0.316659,0.581161,0.027461,0.980469,0.428111,0.578111,0.2803356647491455,0.6889474987983704,0.40861183404922485,-0.0,1.0,1.0,1,2,2,1,2,1,0,0.0,0.4841806888580322,2,stale-soft,0.0,6,164,93,CORRECT,0,0,0,0,0,0,0.0,0.0
margin,live-delta,5,0.0,0.316659,0.581161,0.027461,0.980469,0.428111,0.578111,0.08025693893432617,0.6881221532821655,0.6078652143478394,2.0485548973083496,7.756683826446533,0.44808629155158997,18,2,2,1,2,1,0,0.0,0.46291476488113403,2,stale-soft,0.0,6,165,86,CORRECT,0,0,0,0,0,0,0.0,0.0
margin,live-delta,5,0.0,0.316659,0.581161,0.027461,0.980469,0.428111,0.578111,0.07133865356445312,0.4756857752799988,0.40434712171554565,-0.0,1.0,1.0,1,2,2,1,2,1,0,0.0,0.2903061807155609,2,stale-soft,0.0,6,166,80,CORRECT,0,0,0,0,0,0,0.0,0.0
margin,live-delta,5,0.0,0.316659,0.581161,0.027461,0.980469,0.428111,0.578111,0.0013178586959838867,0.6072017550468445,0.6058838963508606,2.094895362854004,8.124590873718262,0.28488653898239136,15,2,2,1,2,1,0,0.0,0.27673110365867615,2,stale-soft,0.0,6,169,82,CORRECT,0,0,0,0,0,0,0.0,0.0
margin,live-delta,5,0.0,0.316659,0.581161,0.027461,0.980469,0.428111,0.578111,0.018336087465286255,0.48379379510879517,0.4654577076435089,0.6766149997711182,1.967207431793213,0.590666651725769,2,2,2,1,2,1,0,0.0,0.23263269662857056,2,stale-soft,0.0,6,170,68,CORRECT,0,0,0,0,0,0,0.0,0.0
margin,live-delta,5,0.0,0.316659,0.581161,0.027461,0.980469,0.428111,0.578111,0.024298250675201416,0.570502758026123,0.5462045073509216,2.476581573486328,11.900513648986816,0.1918264925479889,15,2,2,1,2,1,0,0.0,0.237874835729599,2,stale-soft,0.0,6,173,90,CORRECT,0,0,0,0,0,0,0.0,0.0
margin,live-delta,5,0.0,0.316659,0.581161,0.027461,0.980469,0.428111,0.578111,0.05137532949447632,0.4979991912841797,0.44662386178970337,0.966088056564331,2.6276450157165527,0.5851690173149109,3,2,2,1,2,1,0,0.0,0.2287082076072693,2,stale-soft,0.0,6,174,65,CORRECT,0,0,0,0,0,0,0.0,0.0
margin,live-delta,5,0.0,0.316659,0.581161,0.027461,0.980469,0.428111,0.578111,0.12175902724266052,0.6065850257873535,0.484825998544693,0.9500006437301636,2.5857112407684326,0.7615707516670227,7,2,2,1,2,1,0,0.0,0.3992610275745392,2,stale-soft,0.0,6,177,78,CORRECT,0,0,0,0,0,0,0.0,0.0
margin,live-delta,5,0.0,0.316659,0.581161,0.027461,0.980469,0.428111,0.578111,0.0012949109077453613,0.5802474617958069,0.5789525508880615,2.252661943435669,9.513025283813477,0.24129801988601685,15,2,2,1,2,1,0,0.0,0.2551623582839966,2,stale-soft,0.0,6,179,87,CORRECT,0,0,0,0,0,0,0.0,0.0
margin,live-delta,5,0.0,0.316659,0.581161,0.027461,0.980469,0.428111,0.578111,0.0029421746730804443,0.4807736277580261,0.4778314530849457,1.334958791732788,3.7998392581939697,0.32809990644454956,4,2,2,1,2,1,0,0.0,0.19236382842063904,2,stale-soft,0.0,6,180,64,CORRECT,0,0,0,0,0,0,0.0,0.0
margin,live-delta,5,0.0,0.316659,0.581161,0.027461,0.980469,0.428111,0.578111,0.038379013538360596,0.6918320655822754,0.6534530520439148,1.687880039215088,5.408003807067871,0.5017879009246826,18,2,2,1,2,1,0,0.0,0.48382022976875305,2,stale-soft,0.0,6,181,69,CORRECT,0,0,0,0,0,0,0.0,0.0
margin,live-delta,5,0.0,0.316659,0.581161,0.027461,0.980469,0.428111,0.578111,0.012425124645233154,0.45632970333099365,0.4439045786857605,0.6854872107505798,1.9847385883331299,0.5618076920509338,2,2,2,1,2,1,0,0.0,0.1483648121356964,2,stale-soft,0.0,6,182,64,CORRECT,0,0,0,0,0,0,0.0,0.0
margin,live-delta,5,0.0,0.316659,0.581161,0.027461,0.980469,0.428111,0.578111,0.0478360652923584,0.551082193851471,0.5032461285591125,1.8171464204788208,6.154271602630615,0.39311307668685913,8,2,2,1,2,1,0,0.0,0.2761037051677704,2,stale-soft,0.0,6,184,66,CORRECT,0,0,0,0,0,0,0.0,0.0
margin,live-delta,5,0.0,0.316659,0.581161,0.027461,0.980469,0.428111,0.578111,0.12603896856307983,0.5307070016860962,0.40466803312301636,-0.0,1.0,1.0,1,2,2,1,2,1,0,0.0,0.22066643834114075,2,stale-soft,0.0,6,185,84,CORRECT,0,0,0,0,0,0,0.0,0.0
margin,live-delta,5,0.0,0.316659,0.581161,0.027461,0.980469,0.428111,0.578111,0.00381547212600708,0.6895368099212646,0.6857213377952576,1.623957633972168,5.0731282234191895,0.3564924895763397,11,2,2,1,2,1,0,0.0,0.4514313340187073,2,stale-soft,0.0,6,186,80,CORRECT,0,0,0,0,0,0,0.0,0.0
margin,live-delta,5,0.0,0.316659,0.581161,0.027461,0.980469,0.428111,0.578111,0.08489975333213806,0.46566590666770935,0.3807661533355713,-0.0,1.0,1.0,1,2,2,1,2,1,0,0.0,0.23156479001045227,2,stale-soft,0.0,6,188,89,CORRECT,0,0,0,0,0,0,0.0,0.0
margin,live-delta,5,0.0,0.316659,0.581161,0.027461,0.980469,0.428111,0.578111,0.04678565263748169,0.574927806854248,0.5281421542167664,1.1043797731399536,3.017352342605591,0.603560745716095,5,2,2,1,2,1,0,0.0,0.4147406816482544,2,stale-soft,0.0,6,189,65,CORRECT,0,0,0,0,0,0,0.0,0.0
margin,live-delta,5,0.0,0.316659,0.581161,0.027461,0.980469,0.428111,0.578111,0.04630112648010254,0.5638655424118042,0.5175644159317017,1.9367244243621826,6.9359941482543945,0.3701380789279938,10,2,2,1,2,1,0,0.0,0.18830278515815735,2,stale-soft,0.0,6,190,76,CORRECT,0,0,0,0,0,0,0.0,0.0
margin,live-delta,5,0.0,0.316659,0.581161,0.027461,0.980469,0.428111,0.578111,0.005952358245849609,0.555470883846283,0.5495185256004333,1.9915776252746582,7.327084064483643,0.2889992892742157,11,2,2,1,2,1,0,0.0,0.3715098798274994,2,stale-soft,0.0,6,191,86,CORRECT,0,0,0,0,0,0,0.0,0.0
margin,live-delta,5,0.0,0.316659,0.581161,0.027461,0.980469,0.428111,0.578111,0.03380364179611206,0.715877115726471,0.6820734739303589,1.834572196006775,6.262454509735107,0.34206295013427734,13,3,3,1,3,1,0,0.0,0.4268219470977783,2,stale-soft,0.0,6,192,98,CORRECT,0,0,0,0,0,0,0.0,0.0
margin,live-delta,5,0.0,0.316659,0.581161,0.027461,0.980469,0.428111,0.578111,0.1026039719581604,0.5292460918426514,0.42664211988449097,-0.0,1.0,1.0,1,3,3,1,3,1,0,0.0,0.2595515251159668,2,stale-soft,0.0,6,193,124,CORRECT,0,0,0,0,0,0,0.0,0.0
margin,live-delta,5,0.0,0.316659,0.581161,0.027461,0.980469,0.428111,0.578111,0.004106700420379639,0.43997180461883545,0.4358651041984558,0.6923046112060547,1.9983155727386475,0.5205218195915222,2,3,3,1,3,1,0,0.0,0.060184478759765625,2,stale-soft,0.0,6,194,124,CORRECT,0,0,0,0,0,0,0.0,0.0
margin,live-delta,5,0.0,0.316659,0.581161,0.027461,0.980469,0.428111,0.578111,0.0854344367980957,0.6738865971565247,0.588452160358429,1.6335092782974243,5.121817111968994,0.5698736906051636,15,3,3,1,3,1,0,0.0,0.2931222915649414,2,stale-soft,0.0,6,195,127,CORRECT,0,0,0,0,0,0,0.0,0.0
margin,live-delta,5,0.0,0.316659,0.581161,0.027461,0.980469,0.428111,0.578111,0.003085196018218994,0.6066103577613831,0.6035251617431641,2.1336469650268555,8.445611953735352,0.1973971277475357,13,3,3,1,3,1,0,0.0,0.3114476203918457,2,stale-soft,0.0,6,196,98,CORRECT,0,0,0,0,0,0,0.0,0.0
margin,live-delta,5,0.0,0.316659,0.581161,0.027461,0.980469,0.428111,0.578111,0.009994745254516602,0.6571125984191895,0.6471178531646729,2.1681580543518066,8.742166519165039,0.24089346826076508,17,3,3,1,3,1,0,0.0,0.26061269640922546,2,stale-soft,0.0,6,197,127,CORRECT,0,0,0,0,0,0,0.0,0.0
margin,live-delta,5,0.0,0.316659,0.581161,0.027461,0.980469,0.428111,0.578111,0.08643484115600586,0.637020468711853,0.5505856275558472,0.9442484974861145,2.570880651473999,0.7338361144065857,6,3,3,1,3,1,0,0.0,0.2925240099430084,2,stale-soft,0.0,6,199,127,CORRECT,0,0,0,0,0,0,0.0,0.0
margin,live-delta,5,0.0,0.316659,0.581161,0.027461,0.980469,0.428111,0.578111,0.028112411499023438,0.7088281512260437,0.6807157397270203,2.1920745372772217,8.953768730163574,0.2738730311393738,13,3,3,1,3,1,0,0.0,0.3948378562927246,2,stale-soft,0.0,6,200,115,CORRECT,0,0,0,0,0,0,0.0,0.0
margin,live-delta,5,0.0,0.316659,0.581161,0.027461,0.980469,0.428111,0.578111,0.08230161666870117,0.48156577348709106,0.3992641568183899,-0.0,1.0,1.0,1,3,3,1,3,1,0,0.0,0.19499471783638,2,stale-soft,0.0,6,201,107,CORRECT,0,0,0,0,0,0,0.0,0.0
margin,live-delta,5,0.0,0.316659,0.581161,0.027461,0.980469,0.428111,0.578111,0.02431178092956543,0.5317378044128418,0.5074260234832764,0.9845693111419678,2.676658868789673,0.528008222579956,3,3,3,1,3,1,0,0.0,0.28656619787216187,2,stale-soft,0.0,6,202,116,CORRECT,0,0,0,0,0,0,0.0,0.0
margin,live-delta,5,0.0,0.316659,0.581161,0.027461,0.980469,0.428111,0.578111,0.1064421534538269,0.6956464052200317,0.5892042517662048,1.2952994108200073,3.6520893573760986,0.6882302165031433,11,3,3,1,3,1,0,0.0,0.34753942489624023,2,stale-soft,0.0,6,203,123,CORRECT,0,0,0,0,0,0,0.0,0.0
margin,live-delta,5,0.0,0.316659,0.581161,0.027461,0.980469,0.428111,0.578111,0.03447753190994263,0.649493396282196,0.6150158643722534,1.0856223106384277,2.9612820148468018,0.495433509349823,4,3,3,1,3,1,0,0.0,0.3568621873855591,2,stale-soft,0.0,6,204,99,CORRECT,0,0,0,0,0,0,0.0,0.0
margin,live-delta,5,0.0,0.316659,0.581161,0.027461,0.980469,0.428111,0.578111,0.03863942623138428,0.5191511511802673,0.48051172494888306,0.9767181873321533,2.655726194381714,0.5655601620674133,3,3,3,1,3,1,0,0.0,0.2020900845527649,2,stale-soft,0.0,6,206,107,CORRECT,0,0,0,0,0,0,0.0,0.0
margin,live-delta,5,0.0,0.316659,0.581161,0.027461,0.980469,0.428111,0.578111,0.08332982659339905,0.5254757404327393,0.4421459138393402,0.4378054738044739,1.5493035316467285,0.84112149477005,2,3,3,1,3,1,0,0.0,0.3663392663002014,2,stale-soft,0.0,6,207,101,CORRECT,0,0,0,0,0,0,0.0,0.0
margin,live-delta,5,0.0,0.316659,0.581161,0.027461,0.980469,0.428111,0.578111,0.05445301532745361,0.5600730180740356,0.505620002746582,1.6228379011154175,5.067451000213623,0.44541171193122864,7,3,3,1,3,1,0,0.0,0.26069343090057373,2,stale-soft,0.0,6,208,127,CORRECT,0,0,0,0,0,0,0.0,0.0
margin,live-delta,5,0.0,0.316659,0.581161,0.027461,0.980469,0.428111,0.578111,2.7298927307128906e-05,0.6268348693847656,0.6268075704574585,1.9544328451156616,7.059913635253906,0.22263742983341217,11,3,3,1,3,1,0,0.0,0.3935152590274811,2,stale-soft,0.0,6,209,103,CORRECT,0,0,0,0,0,0,0.0,0.0
margin,live-delta,5,0.0,0.316659,0.581161,0.027461,0.980469,0.428111,0.578111,0.017547130584716797,0.4622208774089813,0.4446737468242645,1.0822677612304688,2.9513649940490723,0.41985100507736206,3,3,3,1,3,1,0,0.0,0.08403664827346802,2,stale-soft,0.0,6,210,100,CORRECT,0,0,0,0,0,0,0.0,0.0
margin,live-delta,5,0.0,0.316659,0.581161,0.027461,0.980469,0.428111,0.578111,0.02866208553314209,0.7037274837493896,0.6750653982162476,1.915906548500061,6.793094158172607,0.3497983515262604,13,3,3,1,3,1,0,0.0,0.33825361728668213,2,stale-soft,0.0,6,211,96,CORRECT,0,0,0,0,0,0,0.0,0.0
margin,live-delta,5,0.0,0.316659,0.581161,0.027461,0.980469,0.428111,0.578111,0.03594088554382324,0.7040785551071167,0.6681376695632935,1.6973307132720947,5.459355354309082,0.3989705443382263,12,3,3,1,3,1,0,0.0,0.3959319591522217,2,stale-soft,0.0,6,212,98,CORRECT,0,0,0,0,0,0,0.0,0.0
margin,live-delta,5,0.0,0.316659,0.581161,0.027461,0.980469,0.428111,0.578111,0.02104586362838745,0.7602081298828125,0.739162266254425,1.9688912630081177,7.162730693817139,0.311128705739975,13,3,3,1,3,1,0,0.0,0.5080938935279846,2,stale-soft,0.0,6,213,127,CORRECT,0,0,0,0,0,0,0.0,0.0
margin,live-delta,5,0.0,0.316659,0.581161,0.027461,0.980469,0.428111,0.578111,0.027142703533172607,0.6014844179153442,0.5743417143821716,2.1255223751068115,8.377272605895996,0.3098130226135254,14,3,3,1,3,1,0,0.0,0.37710970640182495,2,stale-soft,0.0,6,215,127,CORRECT,0,0,0,0,0,0,0.0,0.0
margin,live-delta,5,0.0,0.316659,0.581161,0.027461,0.980469,0.428111,0.578111,0.010835587978363037,0.561787486076355,0.5509518980979919,2.0186550617218018,7.52819299697876,0.2228383719921112,9,3,3,1,3,1,0,0.0,0.2200993001461029,2,stale-soft,0.0,6,216,106,CORRECT,0,0,0,0,0,0,0.0,0.0
margin,live-delta,5,0.0,0.316659,0.581161,0.027461,0.980469,0.428111,0.578111,0.15650784969329834,0.5816750526428223,0.4251672029495239,-0.0,1.0,1.0,1,3,3,1,3,1,0,0.0,0.3749808371067047,2,stale-soft,0.0,6,217,105,CORRECT,0,0,0,0,0,0,0.0,0.0
margin,live-delta,5,0.0,0.316659,0.581161,0.027461,0.980469,0.428111,0.578111,0.01645064353942871,0.6338362693786621,0.6173856258392334,2.110625982284546,8.253406524658203,0.23641440272331238,13,3,3,1,3,1,0,0.0,0.3904983401298523,2,stale-soft,0.0,6,218,117,CORRECT,0,0,0,0,0,0,0.0,0.0
margin,live-delta,5,0.0,0.316659,0.581161,0.027461,0.980469,0.428111,0.578111,0.04677075147628784,0.540321946144104,0.49355119466781616,2.0678539276123047,7.907834053039551,0.32635176181793213,10,3,3,1,3,1,0,0.0,0.27208060026168823,2,stale-soft,0.0,6,219,108,CORRECT,0,0,0,0,0,0,0.0,0.0
margin,live-delta,5,0.0,0.316659,0.581161,0.027461,0.980469,0.428111,0.578111,0.014024853706359863,0.6931151151657104,0.6790902614593506,2.04740047454834,7.747734546661377,0.2607615292072296,15,3,3,1,3,1,0,0.0,0.4051532447338104,2,stale-soft,0.0,6,220,127,CORRECT,0,0,0,0,0,0,0.0,0.0
margin,live-delta,5,0.0,0.316659,0.581161,0.027461,0.980469,0.428111,0.578111,0.10552585124969482,0.6067142486572266,0.5011883974075317,1.1310474872589111,3.09890079498291,0.6925030946731567,7,3,3,1,3,1,0,0.0,0.3050418496131897,2,stale-soft,0.0,6,221,102,CORRECT,0,0,0,0,0,0,0.0,0.0
margin,live-delta,5,0.0,0.316659,0.581161,0.027461,0.980469,0.428111,0.578111,0.025349020957946777,0.5600713491439819,0.5347223281860352,2.1590700149536133,8.663077354431152,0.23867614567279816,11,3,3,1,3,1,0,0.0,0.21874409914016724,2,stale-soft,0.0,6,222,98,CORRECT,0,0,0,0,0,0,0.0,0.0
margin,live-delta,5,0.0,0.316659,0.581161,0.027461,0.980469,0.428111,0.578111,0.0464787483215332,0.4414621889591217,0.3949834406375885,-0.0,1.0,1.0,1,3,3,1,3,1,0,0.0,0.2085619568824768,2,stale-soft,0.0,6,223,124,CORRECT,0,0,0,0,0,0,0.0,0.0
margin,live-delta,5,0.0,0.316659,0.581161,0.027461,0.980469,0.428111,0.578111,0.04123324155807495,0.5563745498657227,0.5151413083076477,2.045154333114624,7.730351448059082,0.31240203976631165,10,3,0,0,3,1,1,0.49717947840690613,-0.04123324155807495,0,stale-soft,0.0,6,225,30,CORRECT,0,0,0,0,0,0,0.0,0.0
margin,live-delta,5,0.0,0.316659,0.581161,0.027461,0.980469,0.428111,0.578111,0.03750276565551758,0.47772443294525146,0.4402216672897339,1.0285415649414062,2.7969837188720703,0.5154327154159546,3,3,3,1,3,1,0,0.0,0.21609339118003845,2,stale-soft,0.0,6,226,123,CORRECT,0,0,0,0,0,0,0.0,0.0
margin,live-delta,5,0.0,0.316659,0.581161,0.027461,0.980469,0.428111,0.578111,0.27257081866264343,0.7159953117370605,0.4434244930744171,0.02756894938647747,1.0279524326324463,0.995728075504303,2,3,3,1,3,1,0,0.0,0.5247364044189453,2,stale-soft,0.0,6,228,99,CORRECT,0,0,0,0,0,0,0.0,0.0
margin,live-delta,5,0.0,0.316659,0.581161,0.027461,0.980469,0.428111,0.578111,0.06361925601959229,0.6538165807723999,0.5901973247528076,1.6806193590164185,5.368880271911621,0.5115627646446228,13,3,3,1,3,1,0,0.0,0.33074119687080383,2,stale-soft,0.0,6,229,115,CORRECT,0,0,0,0,0,0,0.0,0.0
margin,live-delta,5,0.0,0.316659,0.581161,0.027461,0.980469,0.428111,0.578111,0.0028501152992248535,0.6125504374504089,0.6097003221511841,1.868025779724121,6.475499629974365,0.2866000533103943,11,3,3,1,3,1,0,0.0,0.4190482199192047,2,stale-soft,0.0,6,230,103,CORRECT,0,0,0,0,0,0,0.0,0.0
margin,live-delta,5,0.0,0.316659,0.581161,0.027461,0.980469,0.428111,0.578111,0.027474522590637207,0.5701779127120972,0.54270339012146,1.5040860176086426,4.5000386238098145,0.4494079649448395,7,3,3,1,3,1,0,0.0,0.3285231590270996,2,stale-soft,0.0,6,231,117,CORRECT,0,0,0,0,0,0,0.0,0.0
margin,live-delta,5,0.0,0.316659,0.581161,0.027461,0.980469,0.428111,0.578111,0.013588488101959229,0.5009386539459229,0.4873501658439636,1.8226467370986938,6.188215255737305,0.28832149505615234,7,3,3,1,3,1,1,0.21108587086200714,0.0439324676990509,1,stale-soft,0.0,6,232,112,CORRECT,0,0,0,0,0,0,0.0,0.0
margin,live-delta,5,0.0,0.316659,0.581161,0.027461,0.980469,0.428111,0.578111,0.0030035674571990967,0.496469646692276,0.4934660792350769,1.6798627376556396,5.364819526672363,0.28128209710121155,6,3,3,1,3,1,0,0.0,0.22334417700767517,2,stale-soft,0.0,6,233,115,CORRECT,0,0,0,0,0,0,0.0,0.0
margin,live-delta,5,0.0,0.316659,0.581161,0.027461,0.980469,0.428111,0.578111,0.042917400598526,0.501893937587738,0.45897653698921204,1.9422775506973267,6.974617958068848,0.30856165289878845,8,3,3,1,3,1,0,0.0,0.29814231395721436,2,stale-soft,0.0,6,234,108,CORRECT,0,0,0,0,0,0,0.0,0.0
margin,live-delta,5,0.0,0.316659,0.581161,0.027461,0.980469,0.428111,0.578111,0.06836897134780884,0.6614958643913269,0.5931268930435181,1.4823675155639648,4.403358459472656,0.5673034191131592,12,3,3,1,3,1,0,0.0,0.44935303926467896,2,stale-soft,0.0,6,235,115,CORRECT,0,0,0,0,0,0,0.0,0.0
margin,live-delta,5,0.0,0.316659,0.581161,0.027461,0.980469,0.428111,0.578111,0.005754947662353516,0.46608585119247437,0.46033090353012085,1.068191409111023,2.910111427307129,0.410622239112854,3,3,3,1,3,1,1,0.22339923679828644,0.030435651540756226,1,stale-soft,0.0,6,236,118,CORRECT,0,0,0,0,0,0,0.0,0.0
margin,live-delta,5,0.0,0.316659,0.581161,0.027461,0.980469,0.428111,0.578111,0.015743613243103027,0.6798076629638672,0.6640640497207642,1.52505362033844,4.5953898429870605,0.432344526052475,12,3,3,1,3,1,0,0.0,0.28242504596710205,2,stale-soft,0.0,6,237,115,CORRECT,0,0,0,0,0,0,0.0,0.0
margin,live-delta,5,0.0,0.316659,0.581161,0.027461,0.980469,0.428111,0.578111,0.021391957998275757,0.48643261194229126,0.4650406539440155,1.5068773031234741,4.512617111206055,0.36727070808410645,5,3,3,1,3,1,0,0.0,0.23048827052116394,2,stale-soft,0.0,6,238,114,CORRECT,0,0,0,0,0,0,0.0,0.0
margin,live-delta,5,0.0,0.316659,0.581161,0.027461,0.980469,0.428111,0.578111,0.04946953058242798,0.5871029496192932,0.5376334190368652,1.5924255847930908,4.915657997131348,0.4943068027496338,9,3,3,1,3,1,0,0.0,0.1761089265346527,2,stale-soft,0.0,6,239,123,CORRECT,0,0,0,0,0,0,0.0,0.0
margin,live-delta,5,0.0,0.316659,0.581161,0.027461,0.980469,0.428111,0.578111,0.01888042688369751,0.6377276182174683,0.6188471913337708,1.465759038925171,4.33082914352417,0.4021906554698944,10,3,3,1,3,1,0,0.0,0.4424499571323395,2,stale-soft,0.0,6,240,114,CORRECT,0,0,0,0,0,0,0.0,0.0
margin,live-delta,5,0.0,0.316659,0.581161,0.027461,0.980469,0.428111,0.578111,0.05921712517738342,0.49900099635124207,0.43978387117385864,0.5443872809410095,1.7235519886016846,0.765727698802948,2,3,3,1,3,1,0,0.0,0.09773263335227966,2,stale-soft,0.0,6,241,99,CORRECT,0,0,0,0,0,0,0.0,0.0
margin,live-delta,5,0.0,0.316659,0.581161,0.027461,0.980469,0.428111,0.578111,0.02079826593399048,0.5582751631736755,0.5374768972396851,2.0957772731781006,8.131758689880371,0.28682923316955566,11,3,3,1,3,1,0,0.0,0.1538691222667694,2,stale-soft,0.0,6,242,96,CORRECT,0,0,0,0,0,0,0.0,0.0
margin,live-delta,5,0.0,0.316659,0.581161,0.027461,0.980469,0.428111,0.578111,0.0026970505714416504,0.7332625985145569,0.7305655479431152,1.522099256515503,4.581833362579346,0.3886779248714447,14,3,3,1,3,1,0,0.0,0.5287417769432068,2,stale-soft,0.0,6,243,110,CORRECT,0,0,0,0,0,0,0.0,0.0
margin,live-delta,5,0.0,0.316659,0.581161,0.027461,0.980469,0.428111,0.578111,0.1839277744293213,0.5966714024543762,0.41274362802505493,-0.0,1.0,1.0,1,3,3,1,3,1,0,0.0,0.2741038501262665,2,stale-soft,0.0,6,244,105,CORRECT,0,0,0,0,0,0,0.0,0.0
margin,live-delta,5,0.0,0.316659,0.581161,0.027461,0.980469,0.428111,0.578111,0.04181373119354248,0.6546295881271362,0.6128158569335938,2.031188488006592,7.623140811920166,0.3431811034679413,14,3,3,1,3,1,0,0.0,0.30705955624580383,2,stale-soft,0.0,6,245,123,CORRECT,0,0,0,0,0,0,0.0,0.0
margin,live-delta,5,0.0,0.316659,0.581161,0.027461,0.980469,0.428111,0.578111,0.3651820123195648,0.8150867223739624,0.4499047100543976,0.009596429765224457,1.0096426010131836,0.9988652467727661,3,3,3,1,3,1,0,0.0,0.5126630663871765,2,stale-soft,0.0,6,246,107,CORRECT,0,0,0,0,0,0,0.0,0.0
margin,live-delta,5,0.0,0.316659,0.581161,0.027461,0.980469,0.428111,0.578111,0.052057862281799316,0.6668754816055298,0.6148176193237305,1.2579089403152466,3.518057346343994,0.6178552508354187,12,3,3,1,3,1,0,0.0,0.43059098720550537,2,stale-soft,0.0,6,247,116,CORRECT,0,0,0,0,0,0,0.0,0.0
margin,live-delta,5,0.0,0.316659,0.581161,0.027461,0.980469,0.428111,0.578111,0.31732428073883057,0.692050576210022,0.3747262954711914,-0.0,1.0,1.0,1,3,3,1,3,1,0,0.0,0.3636794686317444,2,stale-soft,0.0,6,248,105,CORRECT,0,0,0,0,0,0,0.0,0.0
margin,live-delta,5,0.0,0.316659,0.581161,0.027461,0.980469,0.428111,0.578111,0.04121026396751404,0.4416483938694,0.400438129901886,-0.0,1.0,1.0,1,3,3,1,3,1,0,0.0,0.19013172388076782,2,stale-soft,0.0,6,249,115,CORRECT,0,0,0,0,0,0,0.0,0.0
margin,live-delta,5,0.0,0.316659,0.581161,0.027461,0.980469,0.428111,0.578111,0.08134958148002625,0.4839929938316345,0.4026434123516083,-0.0,1.0,1.0,1,3,3,1,3,1,0,0.0,0.12375488877296448,2,stale-soft,0.0,6,250,107,CORRECT,0,0,0,0,0,0,0.0,0.0
margin,live-delta,5,0.0,0.316659,0.581161,0.027461,0.980469,0.428111,0.578111,0.5856990814208984,0.919346809387207,0.3336476981639862,-0.0,1.0,1.0,1,3,3,1,3,1,0,0.0,0.6660169363021851,2,stale-soft,0.0,6,251,105,CORRECT,0,0,0,0,0,0,0.0,0.0
margin,live-delta,5,0.0,0.316659,0.581161,0.027461,0.980469,0.428111,0.578111,0.04148721694946289,0.558095395565033,0.5166081786155701,1.6165721416473389,5.0357985496521,0.4429546594619751,7,3,3,1,3,1,0,0.0,0.1545422077178955,2,stale-soft,0.0,6,253,123,CORRECT,0,0,0,0,0,0,0.0,0.0
margin,live-delta,5,0.0,0.316659,0.581161,0.027461,0.980469,0.428111,0.578111,0.06869560480117798,0.5217567086219788,0.4530611038208008,0.7986289262771606,2.222491502761841,0.7080431580543518,3,3,3,1,3,1,0,0.0,0.24860435724258423,2,stale-soft,0.0,6,254,102,CORRECT,0,0,0,0,0,0,0.0,0.0
margin,live-delta,5,0.0,0.316659,0.581161,0.027461,0.980469,0.428111,0.578111,0.20871633291244507,0.6134811043739319,0.4047647714614868,-0.0,1.0,1.0,1,3,3,1,3,1,0,0.0,0.44915974140167236,2,stale-soft,0.0,6,255,122,CORRECT,0,0,0,0,0,0,0.0,0.0
margin,live-delta,6,0.0,0.374713,0.498995,0.287989,0.738281,0.425506,0.575506,0.010410964488983154,0.6283859014511108,0.6179749369621277,1.6832038164138794,5.3827738761901855,0.3906971216201782,13,3,0,0,0,0,1,0.9999999403953552,-0.4530397355556488,0,stale-soft,0.0,6,0,1,STALE_STRICT,0,0,1,1,0,13,0.0,1.0
margin,live-delta,6,0.0,0.374713,0.498995,0.287989,0.738281,0.425506,0.575506,0.027423739433288574,0.5380635857582092,0.5106398463249207,1.523850917816162,4.5898661613464355,0.39282286167144775,6,3,0,0,0,0,1,0.9999999403953552,-0.3220284581184387,0,stale-soft,0.0,6,1,20,STALE_STRICT,0,0,1,1,0,6,0.0,1.0
margin,live-delta,6,0.0,0.374713,0.498995,0.287989,0.738281,0.425506,0.575506,0.050639808177948,0.6435017585754395,0.5928619503974915,2.2411506175994873,9.404145240783691,0.36960169672966003,20,3,0,0,0,0,1,0.9711447358131409,-0.12750685214996338,0,stale-soft,0.0,6,2,9,STALE_STRICT,0,0,1,1,0,19,0.0,0.971145
margin,live-delta,6,0.0,0.374713,0.498995,0.287989,0.738281,0.425506,0.575506,0.06146073341369629,0.7017878293991089,0.6403270959854126,1.7371046543121338,5.680871486663818,0.5133206248283386,20,3,0,0,0,0,1,1.0,-0.41814467310905457,0,stale-soft,0.0,6,3,11,STALE_STRICT,0,0,1,1,0,20,0.0,1.0
margin,live-delta,6,0.0,0.374713,0.498995,0.287989,0.738281,0.425506,0.575506,0.00846010446548462,0.6306256651878357,0.6221655607223511,1.9189375638961792,6.81371545791626,0.2713421881198883,13,3,0,0,0,0,1,1.0,-0.3833446502685547,0,stale-soft,0.0,6,4,7,STALE_STRICT,0,0,1,1,0,13,0.0,1.0
margin,live-delta,6,0.0,0.374713,0.498995,0.287989,0.738281,0.425506,0.575506,0.0811147689819336,0.6353706121444702,0.5542558431625366,1.3638014793395996,3.9110326766967773,0.6225441694259644,10,3,0,0,0,0,1,1.0,-0.40042978525161743,0,stale-soft,0.0,6,5,13,STALE_STRICT,0,0,1,1,0,10,0.0,1.0
margin,live-delta,6,0.0,0.374713,0.498995,0.287989,0.738281,0.425506,0.575506,0.06274926662445068,0.6143373250961304,0.5515880584716797,2.188760280609131,8.924142837524414,0.3696720600128174,16,3,0,0,0,0,1,1.0,-0.2853238582611084,0,stale-soft,0.0,6,6,27,STALE_STRICT,0,0,1,1,0,16,0.0,1.0
margin,live-delta,6,0.0,0.374713,0.498995,0.287989,0.738281,0.425506,0.575506,0.20145222544670105,0.49529898166656494,0.2938467562198639,-0.0,1.0,1.0,1,3,0,0,0,0,1,1.0,-0.39591747522354126,0,stale-soft,0.0,6,7,7,STALE_STRICT,0,0,1,1,0,1,0.0,1.0
margin,live-delta,6,0.0,0.374713,0.498995,0.287989,0.738281,0.425506,0.575506,0.01923549175262451,0.5491013526916504,0.5298658609390259,1.1870262622833252,3.2773208618164062,0.4971781075000763,5,3,0,0,0,0,1,0.9999999403953552,-0.30419087409973145,0,stale-soft,0.0,6,8,12,STALE_STRICT,0,0,1,1,0,5,0.0,1.0
margin,live-delta,6,0.0,0.374713,0.498995,0.287989,0.738281,0.425506,0.575506,0.08658438920974731,0.6821415424346924,0.5955571532249451,1.345367193222046,3.8395960330963135,0.666522741317749,14,3,0,0,0,0,1,1.0,-0.45356273651123047,0,stale-soft,0.0,6,9,12,STALE_STRICT,0,0,1,1,0,14,0.0,1.0
margin,live-delta,6,0.0,0.374713,0.498995,0.287989,0.738281,0.425506,0.575506,0.032585084438323975,0.5376241207122803,0.5050390362739563,1.7248879671096802,5.611892223358154,0.37664708495140076,7,3,0,0,0,0,1,1.0,-0.40262067317962646,0,stale-soft,0.0,6,10,26,STALE_STRICT,0,0,1,1,0,7,0.0,1.0
margin,live-delta,6,0.0,0.374713,0.498995,0.287989,0.738281,0.425506,0.575506,0.03140741586685181,0.5394497513771057,0.5080423355102539,1.5943386554718018,4.925070762634277,0.3753001093864441,6,3,0,0,0,0,1,1.0,-0.12138670682907104,0,stale-soft,0.0,6,11,24,STALE_STRICT,0,0,1,1,0,5,0.0,0.946862
margin,live-delta,6,0.0,0.374713,0.498995,0.287989,0.738281,0.425506,0.575506,0.0076819658279418945,0.6589006185531616,0.6512186527252197,2.0321154594421387,7.630210876464844,0.2545078694820404,19,3,0,0,0,0,1,0.9999999403953552,-0.3196638226509094,0,stale-soft,0.0,6,12,20,STALE_STRICT,0,0,1,1,0,17,0.0,0.994632
margin,live-delta,6,0.0,0.374713,0.498995,0.287989,0.738281,0.425506,0.575506,0.004485070705413818,0.6025277972221375,0.5980427265167236,1.7247875928878784,5.611329078674316,0.3401036262512207,10,3,0,0,0,0,1,1.0,-0.39324048161506653,0,stale-soft,0.0,6,13,28,STALE_STRICT,0,0,1,1,0,10,0.0,1.0
margin,live-delta,6,0.0,0.374713,0.498995,0.287989,0.738281,0.425506,0.575506,0.00681459903717041,0.6395174264907837,0.6327028274536133,1.742594838142395,5.712146282196045,0.31890997290611267,13,3,0,0,0,0,1,1.0,-0.34152960777282715,0,stale-soft,0.0,6,14,26,STALE_STRICT,0,0,1,1,0,13,0.0,1.0
margin,live-delta,6,0.0,0.374713,0.498995,0.287989,0.738281,0.425506,0.575506,0.04385042190551758,0.664881706237793,0.6210312843322754,1.8732951879501343,6.509711742401123,0.4243165850639343,15,3,0,0,0,0,1,1.0,-0.3882107734680176,0,stale-soft,0.0,6,15,13,STALE_STRICT,0,0,1,1,0,15,0.0,1.0
margin,live-delta,6,0.0,0.374713,0.498995,0.287989,0.738281,0.425506,0.575506,0.004398524761199951,0.5671542882919312,0.5627557635307312,2.4488868713378906,11.575454711914062,0.15280966460704803,15,3,0,0,0,0,1,0.9999999403953552,-0.31287145614624023,0,stale-soft,0.0,6,16,12,STALE_STRICT,0,0,1,1,0,15,0.0,1.0
margin,live-delta,6,0.0,0.374713,0.498995,0.287989,0.738281,0.425506,0.575506,0.020671069622039795,0.6850572228431702,0.6643861532211304,2.0121259689331055,7.479200839996338,0.3316110372543335,20,3,0,0,0,0,1,0.9999998807907104,-0.37884485721588135,0,stale-soft,0.0,6,17,30,STALE_STRICT,0,0,1,1,0,19,0.0,0.996628
margin,live-delta,6,0.0,0.374713,0.498995,0.287989,0.738281,0.425506,0.575506,0.13047552108764648,0.7553185224533081,0.6248430013656616,1.1679840087890625,3.215503692626953,0.7539670467376709,20,3,0,0,0,0,1,1.0,-0.35036882758140564,0,stale-soft,0.0,6,18,30,STALE_STRICT,0,0,1,1,0,19,0.0,0.997398
margin,live-delta,6,0.0,0.374713,0.498995,0.287989,0.738281,0.425506,0.575506,0.214311420917511,0.7999751567840576,0.5856637358665466,0.5485446453094482,1.7307323217391968,0.908501148223877,20,3,0,0,0,0,1,0.9985231757164001,-0.3210960626602173,0,stale-soft,0.0,6,19,30,STALE_STRICT,0,0,1,1,0,18,0.0,0.995926
margin,live-delta,6,0.0,0.374713,0.498995,0.287989,0.738281,0.425506,0.575506,0.005678772926330566,0.6305544376373291,0.6248756647109985,2.548046588897705,12.782110214233398,0.17128898203372955,20,3,0,0,0,0,1,1.0,-0.31999439001083374,0,stale-soft,0.0,6,20,0,STALE_STRICT,0,0,1,1,0,19,0.0,0.991936
margin,live-delta,6,0.0,0.374713,0.498995,0.287989,0.738281,0.425506,0.575506,0.01732957363128662,0.7488837242126465,0.7315541505813599,1.1172136068344116,3.056326150894165,0.5223629474639893,13,3,0,0,0,0,1,1.0,-0.5293403267860413,0,stale-soft,0.0,6,21,25,STALE_STRICT,0,0,1,1,0,12,0.0,0.99879
margin,live-delta,6,0.0,0.374713,0.498995,0.287989,0.738281,0.425506,0.575506,0.015865683555603027,0.6977767944335938,0.6819111108779907,1.810847282409668,6.115626811981201,0.4170607924461365,20,3,0,0,0,0,1,0.9999999403953552,-0.4273530840873718,0,stale-soft,0.0,6,22,1,STALE_STRICT,0,0,1,1,0,20,0.0,1.0
margin,live-delta,6,0.0,0.374713,0.498995,0.287989,0.738281,0.425506,0.575506,0.05592668056488037,0.6982558965682983,0.642329216003418,2.023435592651367,7.564268112182617,0.4559248089790344,20,3,0,0,0,0,1,1.0000001192092896,-0.4900832176208496,0,stale-soft,0.0,6,23,1,STALE_STRICT,0,0,1,1,0,20,0.0,1.0
margin,live-delta,6,0.0,0.374713,0.498995,0.287989,0.738281,0.425506,0.575506,0.078667551279068,0.550545334815979,0.471877783536911,0.6921436190605164,1.99799382686615,0.765525221824646,3,3,1,0,1,0,1,1.0,-0.3056256175041199,0,stale-soft,0.0,6,24,33,STALE_LENIENT,0,0,0,1,0,1,0.0,0.075744
margin,live-delta,6,0.0,0.374713,0.498995,0.287989,0.738281,0.425506,0.575506,0.01704925298690796,0.6313489079475403,0.6142996549606323,2.4893836975097656,12.053845405578613,0.25167083740234375,20,3,0,0,0,0,1,1.0,-0.2471303939819336,0,stale-soft,0.0,6,25,30,STALE_STRICT,0,0,1,1,0,20,0.0,1.0
margin,live-delta,6,0.0,0.374713,0.498995,0.287989,0.738281,0.425506,0.575506,0.02894890308380127,0.5523542165756226,0.5234053134918213,1.8469512462615967,6.34045934677124,0.3721979856491089,9,3,0,0,0,0,1,1.0,-0.23884332180023193,0,stale-soft,0.0,6,26,27,STALE_STRICT,0,0,1,1,0,9,0.0,1.0
margin,live-delta,6,0.0,0.374713,0.498995,0.287989,0.738281,0.425506,0.575506,0.04773306846618652,0.6731027364730835,0.625369668006897,1.5769482851028442,4.84016227722168,0.49535661935806274,13,3,0,0,0,0,1,0.9891678690910339,-0.19113785028457642,0,stale-soft,0.0,6,27,16,STALE_STRICT,0,0,1,1,0,11,0.0,0.967279
margin,live-delta,6,0.0,0.374713,0.498995,0.287989,0.738281,0.425506,0.575506,0.03371754288673401,0.4923955500125885,0.4586780071258545,1.0246752500534058,2.7861905097961426,0.5177279114723206,3,3,1,0,1,0,1,0.9999999403953552,-0.26361992955207825,0,stale-soft,0.0,6,28,33,STALE_LENIENT,0,0,0,1,0,2,0.0,0.482272
margin,live-delta,6,0.0,0.374713,0.498995,0.287989,0.738281,0.425506,0.575506,0.00040036439895629883,0.5298848748207092,0.5294845104217529,2.03003191947937,7.6143293380737305,0.24951386451721191,10,3,0,0,0,0,1,1.0,-0.1851538121700287,0,stale-soft,0.0,6,29,13,STALE_STRICT,0,0,1,1,0,9,0.0,0.963151
margin,live-delta,6,0.0,0.374713,0.498995,0.287989,0.738281,0.425506,0.575506,0.04991334676742554,0.6916114091873169,0.6416980624198914,1.98904287815094,7.308535099029541,0.4419843256473541,20,3,0,0,0,0,1,1.0,-0.4158664047718048,0,stale-soft,0.0,6,30,11,STALE_STRICT,0,0,1,1,0,20,0.0,1.0
margin,live-delta,6,0.0,0.374713,0.498995,0.287989,0.738281,0.425506,0.575506,0.015379726886749268,0.5836501121520996,0.5682703852653503,2.557187080383301,12.899480819702148,0.2153107225894928,20,3,0,0,0,0,1,1.0000001192092896,-0.29959285259246826,0,stale-soft,0.0,6,31,11,STALE_STRICT,0,0,1,1,0,20,0.0,1.0
margin,live-delta,6,0.0,0.374713,0.498995,0.287989,0.738281,0.425506,0.575506,0.00023114681243896484,0.4375622570514679,0.43733111023902893,0.6931445598602295,1.9999947547912598,0.5011556148529053,2,3,0,0,0,0,1,1.0,-0.2670082449913025,0,stale-soft,0.0,6,32,7,STALE_STRICT,0,0,1,1,0,2,0.0,1.0
margin,live-delta,6,0.0,0.374713,0.498995,0.287989,0.738281,0.425506,0.575506,0.0088273286819458,0.6656931638717651,0.6568658351898193,2.109105348587036,8.240865707397461,0.32416459918022156,18,3,0,0,0,0,1,1.0,-0.33299094438552856,0,stale-soft,0.0,6,33,20,STALE_STRICT,0,0,1,1,0,18,0.0,1.0
margin,live-delta,6,0.0,0.374713,0.498995,0.287989,0.738281,0.425506,0.575506,0.03324735164642334,0.672676146030426,0.6394287943840027,1.7259678840637207,5.617956161499023,0.4474372863769531,16,3,0,0,0,0,1,1.0,-0.5270504951477051,0,stale-soft,0.0,6,34,1,STALE_STRICT,0,0,1,1,0,16,0.0,1.0
margin,live-delta,6,0.0,0.374713,0.498995,0.287989,0.738281,0.425506,0.575506,0.06339681148529053,0.6739566326141357,0.6105598211288452,1.2848533391952515,3.614137887954712,0.6275709867477417,12,3,0,0,0,0,1,1.0000001192092896,-0.35496705770492554,0,stale-soft,0.0,6,35,28,STALE_STRICT,0,0,1,1,0,11,0.0,0.994378
margin,live-delta,6,0.0,0.374713,0.498995,0.287989,0.738281,0.425506,0.575506,0.061883509159088135,0.6948245167732239,0.6329410076141357,1.7594882249832153,5.8094635009765625,0.5090439915657043,18,3,0,0,0,0,1,1.0,-0.44034188985824585,0,stale-soft,0.0,6,36,12,STALE_STRICT,0,0,1,1,0,18,0.0,1.0
margin,live-delta,6,0.0,0.374713,0.498995,0.287989,0.738281,0.425506,0.575506,0.01653200387954712,0.5996271371841431,0.583095133304596,1.8673006296157837,6.470805644989014,0.33110862970352173,10,3,0,0,0,0,1,1.0000001192092896,-0.4315812587738037,0,stale-soft,0.0,6,37,26,STALE_STRICT,0,0,1,1,0,10,0.0,1.0
margin,live-delta,6,0.0,0.374713,0.498995,0.287989,0.738281,0.425506,0.575506,0.01701536774635315,0.5104827880859375,0.49346742033958435,2.601135015487671,13.479028701782227,0.14278407394886017,15,3,0,0,0,0,1,1.0,-0.22574317455291748,0,stale-soft,0.0,6,38,28,STALE_STRICT,0,0,1,1,0,15,0.0,1.0
margin,live-delta,6,0.0,0.374713,0.498995,0.287989,0.738281,0.425506,0.575506,0.0733039379119873,0.7156831622123718,0.6423792243003845,1.932328701019287,6.905572414398193,0.5024093985557556,20,3,0,0,0,0,1,1.0000001192092896,-0.44519472122192383,0,stale-soft,0.0,6,39,11,STALE_STRICT,0,0,1,1,0,20,0.0,1.0
margin,live-delta,6,0.0,0.374713,0.498995,0.287989,0.738281,0.425506,0.575506,0.012021005153656006,0.5193359851837158,0.5073149800300598,1.4654994010925293,4.329705238342285,0.3678397834300995,5,3,0,0,0,0,1,1.000000238418579,-0.3110678195953369,0,stale-soft,0.0,6,40,18,STALE_STRICT,0,0,1,1,0,5,0.0,1.0
margin,live-delta,6,0.0,0.374713,0.498995,0.287989,0.738281,0.425506,0.575506,0.004130363464355469,0.5956895351409912,0.5915591716766357,2.11102557182312,8.256704330444336,0.2702663838863373,14,3,0,0,0,0,1,0.9999999403953552,-0.18633025884628296,0,stale-soft,0.0,6,41,9,STALE_STRICT,0,0,1,1,0,14,0.0,1.0
margin,live-delta,6,0.0,0.374713,0.498995,0.287989,0.738281,0.425506,0.575506,0.12807446718215942,0.5080372095108032,0.3799627423286438,-0.0,1.0,1.0,1,3,0,0,0,0,1,1.0,-0.24906188249588013,0,stale-soft,0.0,6,42,15,STALE_STRICT,0,0,1,1,0,1,0.0,1.0
margin,live-delta,6,0.0,0.374713,0.498995,0.287989,0.738281,0.425506,0.575506,0.029343336820602417,0.5180602669715881,0.4887169301509857,0.9196711778640747,2.508465528488159,0.5750361084938049,3,3,0,0,0,0,1,0.9999999403953552,-0.22850483655929565,0,stale-soft,0.0,6,44,6,STALE_STRICT,0,0,1,1,0,2,0.0,0.680241
margin,live-delta,6,0.0,0.374713,0.498995,0.287989,0.738281,0.425506,0.575506,0.14111894369125366,0.7220957279205322,0.5809767842292786,0.9061532616615295,2.4747843742370605,0.8118083477020264,19,3,0,0,0,0,1,0.9999998807907104,-0.36302319169044495,0,stale-soft,0.0,6,45,30,STALE_STRICT,0,0,1,1,0,17,0.0,0.994463
margin,live-delta,6,0.0,0.374713,0.498995,0.287989,0.738281,0.425506,0.575506,0.009380042552947998,0.5576402544975281,0.5482602119445801,2.567770004272461,13.036720275878906,0.14526426792144775,17,3,0,0,0,0,1,1.0,-0.2686322331428528,0,stale-soft,0.0,6,46,0,STALE_STRICT,0,0,1,1,0,16,0.0,0.985051
margin,live-delta,6,0.0,0.374713,0.498995,0.287989,0.738281,0.425506,0.575506,0.039743661880493164,0.7065777778625488,0.6668341159820557,1.896702527999878,6.663884162902832,0.4397803246974945,20,3,0,0,0,0,1,1.0000001192092896,-0.436687707901001,0,stale-soft,0.0,6,47,11,STALE_STRICT,0,0,1,1,0,20,0.0,1.0
margin,live-delta,6,0.0,0.374713,0.498995,0.287989,0.738281,0.425506,0.575506,0.00565028190612793,0.4656926989555359,0.46004241704940796,0.6915533542633057,1.9968148469924927,0.5282214283943176,2,3,0,0,0,0,1,1.0000001192092896,-0.17271816730499268,0,stale-soft,0.0,6,48,16,STALE_STRICT,0,0,1,1,0,2,0.0,1.0
margin,live-delta,6,0.0,0.374713,0.498995,0.287989,0.738281,0.425506,0.575506,0.004724025726318359,0.6174630522727966,0.6127390265464783,2.6217949390411377,13.760400772094727,0.1533571481704712,20,3,0,0,0,0,1,1.0000001192092896,-0.3462756872177124,0,stale-soft,0.0,6,49,18,STALE_STRICT,0,0,1,1,0,20,0.0,1.0
margin,live-delta,6,0.0,0.374713,0.498995,0.287989,0.738281,0.425506,0.575506,0.021081984043121338,0.631973922252655,0.6108919382095337,2.38700532913208,10.880860328674316,0.24051174521446228,20,3,0,0,0,0,1,1.0,-0.39021122455596924,0,stale-soft,0.0,6,50,11,STALE_STRICT,0,0,1,1,0,20,0.0,1.0
margin,live-delta,6,0.0,0.374713,0.498995,0.287989,0.738281,0.425506,0.575506,0.04159349203109741,0.6099201440811157,0.5683266520500183,2.021919012069702,7.552804946899414,0.36446043848991394,13,3,0,0,0,0,1,1.0000001192092896,-0.2730158567428589,0,stale-soft,0.0,6,51,30,STALE_STRICT,0,0,1,1,0,12,0.0,0.950696
margin,live-delta,6,0.0,0.374713,0.498995,0.287989,0.738281,0.425506,0.575506,0.04602915048599243,0.6817589998245239,0.6357298493385315,1.995059609413147,7.3526411056518555,0.450581818819046,20,3,0,0,0,0,1,0.9999999403953552,-0.32056257128715515,0,stale-soft,0.0,6,52,30,STALE_STRICT,0,0,1,1,0,20,0.0,1.0
margin,live-delta,6,0.0,0.374713,0.498995,0.287989,0.738281,0.425506,0.575506,0.02947831153869629,0.6125665903091431,0.5830882787704468,2.140479326248169,8.503512382507324,0.29867419600486755,13,3,0,0,0,0,1,1.0,-0.46717482805252075,0,stale-soft,0.0,6,53,7,STALE_STRICT,0,0,1,1,0,13,0.0,1.0
margin,live-delta,6,0.0,0.374713,0.498995,0.287989,0.738281,0.425506,0.575506,0.039527952671051025,0.6817615628242493,0.6422336101531982,1.4493433237075806,4.260315895080566,0.5196475982666016,12,3,0,0,0,0,1,0.9999998211860657,-0.32564297318458557,0,stale-soft,0.0,6,54,16,STALE_STRICT,0,0,1,1,0,11,0.0,0.993152
margin,live-delta,6,0.0,0.374713,0.498995,0.287989,0.738281,0.425506,0.575506,0.1259809136390686,0.7112128138542175,0.5852319002151489,1.3836485147476196,3.9894306659698486,0.7028036117553711,20,3,0,0,0,0,1,0.9999998807907104,-0.30064940452575684,0,stale-soft,0.0,6,55,30,STALE_STRICT,0,0,1,1,0,19,0.0,0.994113
margin,live-delta,6,0.0,0.374713,0.498995,0.287989,0.738281,0.425506,0.575506,0.04841500520706177,0.5435279607772827,0.49511295557022095,1.7306691408157349,5.644429683685303,0.417125940322876,8,3,0,0,0,0,1,1.0,-0.32181990146636963,0,stale-soft,0.0,6,56,1,STALE_STRICT,0,0,1,1,0,8,0.0,1.0
margin,live-delta,6,0.0,0.374713,0.498995,0.287989,0.738281,0.425506,0.575506,0.011501491069793701,0.5289517045021057,0.517450213432312,2.463743209838867,11.748706817626953,0.1628255397081375,14,3,0,0,0,0,1,1.0,-0.23483747243881226,0,stale-soft,0.0,6,57,28,STALE_STRICT,0,0,1,1,0,14,0.0,1.0
margin,live-delta,6,0.0,0.374713,0.498995,0.287989,0.738281,0.425506,0.575506,0.027495503425598145,0.521161675453186,0.4936661720275879,1.849459171295166,6.356380939483643,0.27965304255485535,7,3,0,0,0,0,1,1.0000001192092896,-0.17988520860671997,0,stale-soft,0.0,6,58,28,STALE_STRICT,0,0,1,1,0,7,0.0,1.0
margin,live-delta,6,0.0,0.374713,0.498995,0.287989,0.738281,0.425506,0.575506,0.0455852746963501,0.7100707292556763,0.6644854545593262,1.6763778924942017,5.346156597137451,0.4960916340351105,20,3,0,0,0,0,1,0.9999999403953552,-0.47589704394340515,0,stale-soft,0.0,6,59,11,STALE_STRICT,0,0,1,1,0,20,0.0,1.0
margin,live-delta,6,0.0,0.374713,0.498995,0.287989,0.738281,0.425506,0.575506,0.0009667277336120605,0.7287241816520691,0.727757453918457,1.377142310142517,3.9635589122772217,0.3558221161365509,12,3,0,0,0,0,1,1.0,-0.5508826971054077,0,stale-soft,0.0,6,61,25,STALE_STRICT,0,0,1,1,0,12,0.0,1.0
margin,live-delta,6,0.0,0.374713,0.498995,0.287989,0.738281,0.425506,0.575506,0.03774535655975342,0.5500203371047974,0.512274980545044,1.7039306163787842,5.4955058097839355,0.4182017147541046,8,3,0,0,0,0,1,1.0,-0.20863336324691772,0,stale-soft,0.0,6,62,16,STALE_STRICT,0,0,1,1,0,8,0.0,1.0
margin,live-delta,6,0.0,0.374713,0.498995,0.287989,0.738281,0.425506,0.575506,0.0918266773223877,0.7022755146026611,0.6104488372802734,1.6186840534210205,5.046444892883301,0.6052987575531006,20,3,0,0,0,0,1,0.9999999403953552,-0.3944852948188782,0,stale-soft,0.0,6,63,22,STALE_STRICT,0,0,1,1,0,20,0.0,1.0
margin,live-delta,6,0.0,0.374713,0.498995,0.287989,0.738281,0.425506,0.575506,0.0138663649559021,0.6372043490409851,0.623337984085083,2.0766046047210693,7.977336883544922,0.273668497800827,16,1,1,1,1,1,0,0.006435961928218603,0.18750077486038208,2,stale-soft,0.0,6,64,60,CORRECT,0,0,0,0,0,1,0.0,0.006436
margin,live-delta,6,0.0,0.374713,0.498995,0.287989,0.738281,0.425506,0.575506,0.07325202226638794,0.7194734811782837,0.6462214589118958,1.3844233751296997,3.992522954940796,0.5926370620727539,13,1,1,1,1,1,0,0.0,0.4203501343727112,2,stale-soft,0.0,6,65,49,CORRECT,0,0,0,0,0,0,0.0,0.0
margin,live-delta,6,0.0,0.374713,0.498995,0.287989,0.738281,0.425506,0.575506,0.27114012837409973,0.7173919677734375,0.44625183939933777,0.0497102290391922,1.050966501235962,0.9924216866493225,3,1,1,1,1,1,0,0.0,0.4258134365081787,2,stale-soft,0.0,6,66,54,CORRECT,0,0,0,0,0,0,0.0,0.0
margin,live-delta,6,0.0,0.374713,0.498995,0.287989,0.738281,0.425506,0.575506,0.04251831769943237,0.6012977957725525,0.5587794780731201,2.163828134536743,8.704395294189453,0.2915738523006439,13,1,1,1,1,1,0,0.0,0.203637957572937,2,stale-soft,0.0,6,67,42,CORRECT,0,0,0,0,0,0,0.0,0.0
margin,live-delta,6,0.0,0.374713,0.498995,0.287989,0.738281,0.425506,0.575506,0.17981690168380737,0.6864583492279053,0.5066414475440979,0.3136466145515442,1.368406057357788,0.9392294883728027,6,1,1,1,1,1,0,0.0,0.43639615178108215,2,stale-soft,0.0,6,68,57,CORRECT,0,0,0,0,0,0,0.0,0.0
margin,live-delta,6,0.0,0.374713,0.498995,0.287989,0.738281,0.425506,0.575506,0.026864051818847656,0.5847336053848267,0.557869553565979,1.9622299671173096,7.115176200866699,0.3561709523200989,11,1,1,1,1,1,0,0.017289120703935623,0.1512666940689087,2,stale-soft,0.0,6,69,52,CORRECT,0,0,0,0,0,1,0.0,0.017289
margin,live-delta,6,0.0,0.374713,0.498995,0.287989,0.738281,0.425506,0.575506,0.08957570791244507,0.6409652233123779,0.5513895153999329,0.8416467905044556,2.3201847076416016,0.7719699740409851,7,1,1,1,1,1,0,0.0,0.3181228041648865,2,stale-soft,0.0,6,70,57,CORRECT,0,0,0,0,0,0,0.0,0.0
margin,live-delta,6,0.0,0.374713,0.498995,0.287989,0.738281,0.425506,0.575506,0.04689741134643555,0.5237218141555786,0.47682440280914307,1.3581238985061646,3.888890504837036,0.5000370740890503,5,1,1,1,1,1,0,0.09810714423656464,0.08143112063407898,2,stale-soft,0.0,6,71,49,CORRECT,0,0,0,0,0,1,0.0,0.098107
margin,live-delta,6,0.0,0.374713,0.498995,0.287989,0.738281,0.425506,0.575506,0.028354287147521973,0.7925995588302612,0.7642452716827393,0.9122671484947205,2.4899611473083496,0.5992596745491028,8,1,1,1,1,1,0,0.0,0.46540719270706177,2,stale-soft,0.0,6,72,40,CORRECT,0,0,0,0,0,0,0.0,0.0
margin,live-delta,6,0.0,0.374713,0.498995,0.287989,0.738281,0.425506,0.575506,0.03947728872299194,0.4474477767944336,0.40797048807144165,-0.0,1.0,1.0,1,1,1,1,1,1,0,0.0,0.04582047462463379,1,stale-soft,0.0,6,73,35,CORRECT,0,0,0,0,0,0,0.0,0.0
margin,live-delta,6,0.0,0.374713,0.498995,0.287989,0.738281,0.425506,0.575506,0.019095420837402344,0.6300061345100403,0.6109107136726379,1.0580501556396484,2.8807485103607178,0.5139190554618835,5,1,1,1,1,1,0,0.0,0.29718226194381714,2,stale-soft,0.0,6,74,32,CORRECT,0,0,0,0,0,0,0.0,0.0
margin,live-delta,6,0.0,0.374713,0.498995,0.287989,0.738281,0.425506,0.575506,0.02758324146270752,0.6517994403839111,0.6242161989212036,1.8663322925567627,6.464542865753174,0.3685320019721985,15,1,1,1,1,1,0,0.01588442549109459,0.17890149354934692,2,stale-soft,0.0,6,75,48,CORRECT,0,0,0,0,0,2,0.0,0.015884
margin,live-delta,6,0.0,0.374713,0.498995,0.287989,0.738281,0.425506,0.575506,0.006723225116729736,0.587090253829956,0.5803670287132263,1.997665286064148,7.371824741363525,0.29214125871658325,12,1,1,1,1,1,0,0.013155153952538967,0.15502119064331055,2,stale-soft,0.0,6,76,35,CORRECT,0,0,0,0,0,0,0.0,0.0
margin,live-delta,6,0.0,0.374713,0.498995,0.287989,0.738281,0.425506,0.575506,0.01150047779083252,0.4391584098339081,0.42765793204307556,0.6865776777267456,1.9869040250778198,0.5572500824928284,2,1,1,1,1,1,0,0.0,0.11116591095924377,2,stale-soft,0.0,6,77,58,CORRECT,0,0,0,0,0,0,0.0,0.0
margin,live-delta,6,0.0,0.374713,0.498995,0.287989,0.738281,0.425506,0.575506,0.046075284481048584,0.485497385263443,0.4394221007823944,0.9696643948554993,2.637059211730957,0.5797387957572937,3,1,1,1,1,1,0,0.0,0.11503127217292786,2,stale-soft,0.0,6,78,37,CORRECT,0,0,0,0,0,0,0.0,0.0
margin,live-delta,6,0.0,0.374713,0.498995,0.287989,0.738281,0.425506,0.575506,0.011427760124206543,0.43584972620010376,0.4244219660758972,-0.0,1.0,1.0,1,1,1,1,1,1,0,0.0,0.09523272514343262,2,stale-soft,0.0,6,79,55,CORRECT,0,0,0,0,0,0,0.0,0.0
margin,live-delta,6,0.0,0.374713,0.498995,0.287989,0.738281,0.425506,0.575506,0.047071754932403564,0.580012857913971,0.5329411029815674,1.3667778968811035,3.9226911067962646,0.5523421764373779,7,1,0,0,0,0,1,0.941399097442627,-0.1121707558631897,0,stale-soft,0.0,6,80,24,STALE_STRICT,0,0,1,1,0,6,0.0,0.941399
margin,live-delta,6,0.0,0.374713,0.498995,0.287989,0.738281,0.425506,0.575506,0.06020021438598633,0.6887730360031128,0.6285728216171265,1.2882663011550903,3.6264939308166504,0.556942343711853,7,1,1,1,1,1,0,0.0,0.5219050645828247,2,stale-soft,0.0,6,81,50,CORRECT,0,0,0,0,0,0,0.0,0.0
margin,live-delta,6,0.0,0.374713,0.498995,0.287989,0.738281,0.425506,0.575506,0.06465297937393188,0.675824761390686,0.6111717820167542,1.559347152709961,4.755715370178223,0.5730307102203369,15,1,1,1,1,1,0,0.0,0.3446776866912842,2,stale-soft,0.0,6,82,61,CORRECT,0,0,0,0,0,0,0.0,0.0
margin,live-delta,6,0.0,0.374713,0.498995,0.287989,0.738281,0.425506,0.575506,0.062261730432510376,0.522896409034729,0.46063467860221863,0.5313348770141602,1.7012016773223877,0.7764738202095032,2,1,1,1,1,1,0,0.0,0.20996356010437012,2,stale-soft,0.0,6,83,42,CORRECT,0,0,0,0,0,0,0.0,0.0
margin,live-delta,6,0.0,0.374713,0.498995,0.287989,0.738281,0.425506,0.575506,0.007027864456176758,0.595234215259552,0.5882063508033752,1.52702796459198,4.604471683502197,0.3388727009296417,8,1,1,1,1,1,0,0.0,0.3471389412879944,2,stale-soft,0.0,6,84,52,CORRECT,0,0,0,0,0,0,0.0,0.0
margin,live-delta,6,0.0,0.374713,0.498995,0.287989,0.738281,0.425506,0.575506,0.002056121826171875,0.5324323177337646,0.5303761959075928,1.956073522567749,7.071506500244141,0.2516844868659973,9,1,1,1,1,1,1,0.12977954745292664,0.06689471006393433,2,stale-soft,0.0,6,85,41,CORRECT,0,0,0,0,0,2,0.0,0.12978
margin,live-delta,6,0.0,0.374713,0.498995,0.287989,0.738281,0.425506,0.575506,0.014487236738204956,0.49048975110054016,0.4760025143623352,1.3602098226547241,3.8970108032226562,0.3414223790168762,4,1,0,0,0,0,1,0.5969616174697876,-0.02302202582359314,0,stale-soft,0.0,6,86,25,STALE_STRICT,0,0,1,1,0,2,0.0,0.596962
margin,live-delta,6,0.0,0.374713,0.498995,0.287989,0.738281,0.425506,0.575506,0.30191630125045776,0.8589409589767456,0.5570246577262878,0.06387908011674881,1.0659635066986084,0.9919205904006958,12,1,1,1,1,1,0,0.0013999966904520988,0.3508061170578003,2,stale-soft,0.0,6,87,43,CORRECT,0,0,0,0,0,3,0.0,0.0014
margin,live-delta,6,0.0,0.374713,0.498995,0.287989,0.738281,0.425506,0.575506,0.023692190647125244,0.6738309860229492,0.650138795375824,1.1917353868484497,3.292790412902832,0.4983566403388977,8,1,1,1,1,1,0,0.0,0.38304105401039124,2,stale-soft,0.0,6,88,61,CORRECT,0,0,0,0,0,0,0.0,0.0
margin,live-delta,6,0.0,0.374713,0.498995,0.287989,0.738281,0.425506,0.575506,0.01702946424484253,0.6745926737785339,0.6575632095336914,1.657617211341858,5.246793746948242,0.3624098002910614,10,1,1,1,1,1,0,0.0,0.4250260889530182,2,stale-soft,0.0,6,89,39,CORRECT,0,0,0,0,0,0,0.0,0.0
margin,live-delta,6,0.0,0.374713,0.498995,0.287989,0.738281,0.425506,0.575506,0.005663275718688965,0.6045351028442383,0.5988718271255493,1.982502818107605,7.260892868041992,0.26056328415870667,15,1,1,1,1,1,0,0.0,0.3412850499153137,2,stale-soft,0.0,6,90,39,CORRECT,0,0,0,0,0,0,0.0,0.0
margin,live-delta,6,0.0,0.374713,0.498995,0.287989,0.738281,0.425506,0.575506,0.006245851516723633,0.5371400713920593,0.5308942198753357,2.165701389312744,8.72071647644043,0.18508437275886536,11,1,1,1,1,1,1,0.1334415227174759,0.016357421875,0,stale-soft,0.0,6,91,45,CORRECT,0,0,0,0,0,1,0.0,0.133442
margin,live-delta,6,0.0,0.374713,0.498995,0.287989,0.738281,0.425506,0.575506,0.08484706282615662,0.46731051802635193,0.3824634552001953,-0.0,1.0,1.0,1,1,1,1,1,1,0,0.0,0.20996516942977905,2,stale-soft,0.0,6,92,40,CORRECT,0,0,0,0,0,0,0.0,0.0
margin,live-delta,6,0.0,0.374713,0.498995,0.287989,0.738281,0.425506,0.575506,0.03696244955062866,0.5619375705718994,0.5249751210212708,1.9507731199264526,7.03412389755249,0.38513410091400146,11,1,1,1,1,1,0,0.0,0.26756343245506287,2,stale-soft,0.0,6,93,57,CORRECT,0,0,0,0,0,0,0.0,0.0
margin,live-delta,6,0.0,0.374713,0.498995,0.287989,0.738281,0.425506,0.575506,0.001346588134765625,0.6266343593597412,0.6252877712249756,1.8937263488769531,6.644080638885498,0.273932546377182,12,1,1,1,1,1,0,0.0,0.3373410105705261,2,stale-soft,0.0,6,94,61,CORRECT,0,0,0,0,0,0,0.0,0.0
margin,live-delta,6,0.0,0.374713,0.498995,0.287989,0.738281,0.425506,0.575506,0.08536481857299805,0.604717493057251,0.5193526744842529,0.8877066969871521,2.429551601409912,0.7351946830749512,5,1,1,1,1,1,0,0.0,0.21116384863853455,2,stale-soft,0.0,6,95,41,CORRECT,0,0,0,0,0,0,0.0,0.0
margin,live-delta,6,0.0,0.374713,0.498995,0.287989,0.738281,0.425506,0.575506,0.005658745765686035,0.6051054000854492,0.5994466543197632,2.0496437549591064,7.765134334564209,0.24924463033676147,12,1,1,1,1,1,0,0.0,0.39281249046325684,2,stale-soft,0.0,6,96,54,CORRECT,0,0,0,0,0,0,0.0,0.0
margin,live-delta,6,0.0,0.374713,0.498995,0.287989,0.738281,0.425506,0.575506,0.06105303764343262,0.7184756994247437,0.657422661781311,1.0150387287139893,2.759470224380493,0.6803184151649475,8,1,1,1,1,1,0,0.0,0.4032242000102997,2,stale-soft,0.0,6,97,40,CORRECT,0,0,0,0,0,0,0.0,0.0
margin,live-delta,6,0.0,0.374713,0.498995,0.287989,0.738281,0.425506,0.575506,0.013661503791809082,0.582595705986023,0.5689342021942139,1.1959669589996338,3.306753635406494,0.43847981095314026,4,1,1,1,1,1,0,0.0,0.2990831136703491,2,stale-soft,0.0,6,98,56,CORRECT,0,0,0,0,0,0,0.0,0.0
margin,live-delta,6,0.0,0.374713,0.498995,0.287989,0.738281,0.425506,0.575506,0.28284555673599243,0.7437993288040161,0.4609537720680237,0.043186262249946594,1.0441323518753052,0.993588924407959,3,1,1,1,1,1,0,0.0,0.5071672201156616,2,stale-soft,0.0,6,99,41,CORRECT,0,0,0,0,0,0,0.0,0.0
margin,live-delta,6,0.0,0.374713,0.498995,0.287989,0.738281,0.425506,0.575506,0.008107304573059082,0.5988267660140991,0.59071946144104,0.7947788834571838,2.213951349258423,0.5259713530540466,3,1,1,1,1,1,0,0.0,0.31339359283447266,2,stale-soft,0.0,6,100,61,CORRECT,0,0,0,0,0,0,0.0,0.0
margin,live-delta,6,0.0,0.374713,0.498995,0.287989,0.738281,0.425506,0.575506,0.018241524696350098,0.48883119225502014,0.47058966755867004,1.0598750114440918,2.88601016998291,0.45503970980644226,3,1,3,0,3,0,1,1.0,-0.08488729596138,0,stale-soft,0.0,6,101,123,BLENDED,0,0,0,0,0,0,0.0,0.0
margin,live-delta,6,0.0,0.374713,0.498995,0.287989,0.738281,0.425506,0.575506,0.06546664237976074,0.6314265727996826,0.5659599304199219,1.6402329206466675,5.156370639801025,0.4877015948295593,9,1,1,1,1,1,0,0.0,0.36988168954849243,2,stale-soft,0.0,6,102,62,CORRECT,0,0,0,0,0,0,0.0,0.0
margin,live-delta,6,0.0,0.374713,0.498995,0.287989,0.738281,0.425506,0.575506,0.018510043621063232,0.6128389239311218,0.5943288803100586,1.2699309587478638,3.5606067180633545,0.501042902469635,8,1,1,1,1,1,0,0.0,0.2733041048049927,2,stale-soft,0.0,6,103,54,CORRECT,0,0,0,0,0,0,0.0,0.0
margin,live-delta,6,0.0,0.374713,0.498995,0.287989,0.738281,0.425506,0.575506,0.0038860440254211426,0.6102866530418396,0.6064006090164185,1.8849693536758423,6.58615255355835,0.320635050535202,12,1,1,1,1,1,0,0.0,0.3647603988647461,2,stale-soft,0.0,6,104,49,CORRECT,0,0,0,0,0,0,0.0,0.0
margin,live-delta,6,0.0,0.374713,0.498995,0.287989,0.738281,0.425506,0.575506,0.07134711742401123,0.705420970916748,0.6340738534927368,1.272269606590271,3.568943500518799,0.6077620983123779,9,1,1,1,1,1,0,0.0,0.4852299094200134,2,stale-soft,0.0,6,105,40,CORRECT,0,0,0,0,0,0,0.0,0.0
margin,live-delta,6,0.0,0.374713,0.498995,0.287989,0.738281,0.425506,0.575506,0.07959204912185669,0.7538836598396301,0.6742916107177734,0.9749141335487366,2.650939464569092,0.7221004962921143,11,1,1,1,1,1,0,0.0,0.4799800217151642,2,stale-soft,0.0,6,106,39,CORRECT,0,0,0,0,0,0,0.0,0.0
margin,live-delta,6,0.0,0.374713,0.498995,0.287989,0.738281,0.425506,0.575506,0.011961400508880615,0.617219865322113,0.6052584648132324,1.6458401679992676,5.185364723205566,0.4047010540962219,12,1,1,1,1,1,1,0.2102506011724472,0.07979494333267212,2,stale-soft,0.0,6,107,60,CORRECT,0,0,0,0,0,5,0.0,0.199356
margin,live-delta,6,0.0,0.374713,0.498995,0.287989,0.738281,0.425506,0.575506,0.04879361391067505,0.6414546966552734,0.5926610827445984,1.8012748956680298,6.0573649406433105,0.4697282016277313,13,1,1,1,1,1,0,0.0,0.362080454826355,2,stale-soft,0.0,6,108,49,CORRECT,0,0,0,0,0,0,0.0,0.0
margin,live-delta,6,0.0,0.374713,0.498995,0.287989,0.738281,0.425506,0.575506,0.005373120307922363,0.6084858179092407,0.6031126976013184,1.3665761947631836,3.9218997955322266,0.4060872793197632,6,1,1,1,1,1,0,0.0,0.3015759587287903,2,stale-soft,0.0,6,109,62,CORRECT,0,0,0,0,0,0,0.0,0.0
margin,live-delta,6,0.0,0.374713,0.498995,0.287989,0.738281,0.425506,0.575506,0.029764771461486816,0.6916086673736572,0.6618438959121704,1.3965046405792236,4.041050434112549,0.49262890219688416,7,1,1,1,1,1,0,0.0,0.47904616594314575,2,stale-soft,0.0,6,111,32,CORRECT,0,0,0,0,0,0,0.0,0.0
margin,live-delta,6,0.0,0.374713,0.498995,0.287989,0.738281,0.425506,0.575506,0.0655626654624939,0.6678102612495422,0.6022475957870483,1.3756229877471924,3.9575414657592773,0.5604981184005737,9,1,1,1,1,1,0,0.0,0.4308151602745056,2,stale-soft,0.0,6,112,46,CORRECT,0,0,0,0,0,0,0.0,0.0
margin,live-delta,6,0.0,0.374713,0.498995,0.287989,0.738281,0.425506,0.575506,0.024531066417694092,0.5232676267623901,0.49873656034469604,0.6639403104782104,1.942431092262268,0.6202526092529297,2,1,1,1,1,1,0,0.0,0.2562590539455414,2,stale-soft,0.0,6,113,34,CORRECT,0,0,0,0,0,0,0.0,0.0
margin,live-delta,6,0.0,0.374713,0.498995,0.287989,0.738281,0.425506,0.575506,0.03674370050430298,0.6705558896064758,0.6338121891021729,1.3942354917526245,4.031890869140625,0.5270095467567444,11,1,1,1,1,1,0,0.0,0.39768946170806885,2,stale-soft,0.0,6,114,57,CORRECT,0,0,0,0,0,0,0.0,0.0
margin,live-delta,6,0.0,0.374713,0.498995,0.287989,0.738281,0.425506,0.575506,0.0519755482673645,0.5355624556541443,0.4835869073867798,1.7857694625854492,5.964167594909668,0.40276506543159485,8,1,1,1,1,1,1,0.11791928112506866,0.09194368124008179,2,stale-soft,0.0,6,115,38,CORRECT,0,0,0,0,0,2,0.0,0.117919
margin,live-delta,6,0.0,0.374713,0.498995,0.287989,0.738281,0.425506,0.575506,0.07225793600082397,0.610309898853302,0.538051962852478,1.1016435623168945,3.0091075897216797,0.6662366390228271,6,1,1,1,1,1,0,0.0,0.33518922328948975,2,stale-soft,0.0,6,116,54,CORRECT,0,0,0,0,0,0,0.0,0.0
margin,live-delta,6,0.0,0.374713,0.498995,0.287989,0.738281,0.425506,0.575506,0.10138309001922607,0.6700421571731567,0.5686590671539307,1.3149303197860718,3.7244913578033447,0.6613844633102417,11,1,1,1,1,1,0,0.0060916864313185215,0.23437052965164185,2,stale-soft,0.0,6,117,49,CORRECT,0,0,0,0,0,1,0.0,0.006092
margin,live-delta,6,0.0,0.374713,0.498995,0.287989,0.738281,0.425506,0.575506,0.030777424573898315,0.44668951630592346,0.41591209173202515,-0.0,1.0,1.0,1,1,1,1,1,1,0,0.0,0.21114350855350494,2,stale-soft,0.0,6,118,48,CORRECT,0,0,0,0,0,0,0.0,0.0
margin,live-delta,6,0.0,0.374713,0.498995,0.287989,0.738281,0.425506,0.575506,0.04402768611907959,0.5582033395767212,0.5141756534576416,1.2380722761154175,3.448958396911621,0.5489068627357483,5,1,1,1,1,1,0,0.0,0.15230268239974976,2,stale-soft,0.0,6,119,49,CORRECT,0,0,0,0,0,0,0.0,0.0
margin,live-delta,6,0.0,0.374713,0.498995,0.287989,0.738281,0.425506,0.575506,0.001757204532623291,0.6123923659324646,0.6106351613998413,1.5024776458740234,4.492806911468506,0.36509791016578674,8,1,1,1,1,1,0,0.0,0.3293934762477875,2,stale-soft,0.0,6,120,57,CORRECT,0,0,0,0,0,0,0.0,0.0
margin,live-delta,6,0.0,0.374713,0.498995,0.287989,0.738281,0.425506,0.575506,0.028531432151794434,0.6142705678939819,0.5857391357421875,1.757508397102356,5.797973155975342,0.4236840307712555,12,1,1,1,1,1,0,0.03469586372375488,0.17189186811447144,2,stale-soft,0.0,6,121,52,CORRECT,0,0,0,0,0,3,0.0,0.034696
margin,live-delta,6,0.0,0.374713,0.498995,0.287989,0.738281,0.425506,0.575506,0.04132509231567383,0.6418052911758423,0.6004801988601685,1.6073417663574219,4.989530086517334,0.4551718235015869,9,1,1,1,1,1,0,0.0,0.3827874958515167,2,stale-soft,0.0,6,122,52,CORRECT,0,0,0,0,0,0,0.0,0.0
margin,live-delta,6,0.0,0.374713,0.498995,0.287989,0.738281,0.425506,0.575506,0.1144600510597229,0.5257062911987305,0.41124624013900757,-0.0,1.0,1.0,1,1,1,1,1,1,0,0.0,0.13191860914230347,2,stale-soft,0.0,6,123,43,CORRECT,0,0,0,0,0,0,0.0,0.0
margin,live-delta,6,0.0,0.374713,0.498995,0.287989,0.738281,0.425506,0.575506,0.046421170234680176,0.7209793329238892,0.674558162689209,1.11576509475708,3.0519022941589355,0.623386025428772,11,1,1,1,1,1,0,0.0,0.34347569942474365,2,stale-soft,0.0,6,124,62,CORRECT,0,0,0,0,0,0,0.0,0.0
margin,live-delta,6,0.0,0.374713,0.498995,0.287989,0.738281,0.425506,0.575506,0.02554035186767578,0.5810360312461853,0.5554956793785095,1.8603789806365967,6.426171779632568,0.37988534569740295,11,1,1,1,1,1,0,0.02418176643550396,0.13771352171897888,2,stale-soft,0.0,6,125,38,CORRECT,0,0,0,0,0,1,0.0,0.024182
margin,live-delta,6,0.0,0.374713,0.498995,0.287989,0.738281,0.425506,0.575506,0.051419079303741455,0.7271186113357544,0.6756995320320129,0.7056697010993958,2.025202512741089,0.7194424271583557,7,1,1,1,1,1,0,0.0,0.40758949518203735,2,stale-soft,0.0,6,126,41,CORRECT,0,0,0,0,0,0,0.0,0.0
margin,live-delta,6,0.0,0.374713,0.498995,0.287989,0.738281,0.425506,0.575506,0.1547597050666809,0.7880293130874634,0.6332696080207825,0.44345447421073914,1.5580803155899048,0.905829906463623,8,1,1,1,1,1,0,0.0,0.45933932065963745,2,stale-soft,0.0,6,127,40,CORRECT,0,0,0,0,0,0,0.0,0.0
margin,live-delta,6,0.0,0.374713,0.498995,0.287989,0.738281,0.425506,0.575506,0.028143763542175293,0.5415035486221313,0.513359785079956,2.266066789627075,9.641404151916504,0.2602808475494385,12,2,2,1,2,1,0,0.0,0.2378905713558197,2,stale-soft,0.0,6,128,66,CORRECT,0,0,0,0,0,0,0.0,0.0
margin,live-delta,6,0.0,0.374713,0.498995,0.287989,0.738281,0.425506,0.575506,0.02547597885131836,0.5951765775680542,0.5697005987167358,2.0823729038238525,8.02348518371582,0.32144418358802795,14,2,2,1,2,1,0,0.0,0.3075736165046692,2,stale-soft,0.0,6,129,66,CORRECT,0,0,0,0,0,0,0.0,0.0
margin,live-delta,6,0.0,0.374713,0.498995,0.287989,0.738281,0.425506,0.575506,0.041772425174713135,0.5690668821334839,0.5272944569587708,2.275212049484253,9.729982376098633,0.2631501257419586,14,2,2,1,2,1,0,0.0,0.24107003211975098,2,stale-soft,0.0,6,130,81,CORRECT,0,0,0,0,0,0,0.0,0.0
margin,live-delta,6,0.0,0.374713,0.498995,0.287989,0.738281,0.425506,0.575506,0.07747495174407959,0.7438898086547852,0.6664148569107056,0.6913416981697083,1.9963922500610352,0.7839105725288391,6,2,2,1,2,1,0,0.0,0.5825783014297485,2,stale-soft,0.0,6,133,71,CORRECT,0,0,0,0,0,0,0.0,0.0
margin,live-delta,6,0.0,0.374713,0.498995,0.287989,0.738281,0.425506,0.575506,0.09667551517486572,0.7966054677963257,0.69992995262146,1.1403989791870117,3.1280159950256348,0.7118372917175293,18,2,2,1,2,1,0,0.0,0.5791870355606079,2,stale-soft,0.0,6,134,86,CORRECT,0,0,0,0,0,0,0.0,0.0
margin,live-delta,6,0.0,0.374713,0.498995,0.287989,0.738281,0.425506,0.575506,0.024165570735931396,0.5892134308815002,0.5650478601455688,0.8990680575370789,2.4573118686676025,0.5798836946487427,4,2,2,1,2,1,0,0.0,0.21183645725250244,2,stale-soft,0.0,6,135,91,CORRECT,0,0,0,0,0,0,0.0,0.0
margin,live-delta,6,0.0,0.374713,0.498995,0.287989,0.738281,0.425506,0.575506,0.049243152141571045,0.6251969933509827,0.5759538412094116,2.376845121383667,10.770868301391602,0.33181849122047424,20,2,2,1,2,1,0,0.0,0.3021586835384369,2,stale-soft,0.0,6,136,84,CORRECT,0,0,0,0,0,0,0.0,0.0
margin,live-delta,6,0.0,0.374713,0.498995,0.287989,0.738281,0.425506,0.575506,0.028989076614379883,0.6016455888748169,0.572656512260437,1.8095592260360718,6.107754707336426,0.3918626308441162,12,2,2,1,2,1,0,0.0,0.3383933901786804,2,stale-soft,0.0,6,139,64,CORRECT,0,0,0,0,0,0,0.0,0.0
margin,live-delta,6,0.0,0.374713,0.498995,0.287989,0.738281,0.425506,0.575506,0.0345538854598999,0.6501257419586182,0.6155718564987183,1.050065040588379,2.857836961746216,0.5797074437141418,6,2,2,1,2,1,0,0.0,0.4701628088951111,2,stale-soft,0.0,6,140,80,CORRECT,0,0,0,0,0,0,0.0,0.0
margin,live-delta,6,0.0,0.374713,0.498995,0.287989,0.738281,0.425506,0.575506,0.047999441623687744,0.6712274551391602,0.6232280135154724,1.7030452489852905,5.490642547607422,0.5135579109191895,15,2,2,1,2,1,0,0.0,0.4998254179954529,2,stale-soft,0.0,6,141,86,CORRECT,0,0,0,0,0,0,0.0,0.0
margin,live-delta,6,0.0,0.374713,0.498995,0.287989,0.738281,0.425506,0.575506,0.0030187368392944336,0.5701974630355835,0.5671787261962891,2.5587852001190186,12.920112609863281,0.1592530906200409,18,2,2,1,2,1,0,0.0,0.24273034930229187,2,stale-soft,0.0,6,142,65,CORRECT,0,0,0,0,0,0,0.0,0.0
margin,live-delta,6,0.0,0.374713,0.498995,0.287989,0.738281,0.425506,0.575506,0.009077876806259155,0.4765753448009491,0.46749746799468994,1.552777647972107,4.724575042724609,0.30021145939826965,5,2,2,1,2,1,0,0.0,0.21677151322364807,2,stale-soft,0.0,6,143,91,CORRECT,0,0,0,0,0,0,0.0,0.0
margin,live-delta,6,0.0,0.374713,0.498995,0.287989,0.738281,0.425506,0.575506,0.0962134599685669,0.5023441314697266,0.40613067150115967,-0.0,1.0,1.0,1,2,2,1,2,1,0,0.0,0.3381776213645935,2,stale-soft,0.0,6,144,85,CORRECT,0,0,0,0,0,0,0.0,0.0
margin,live-delta,6,0.0,0.374713,0.498995,0.287989,0.738281,0.425506,0.575506,0.06751561164855957,0.5056644678115845,0.4381488561630249,0.5083646774291992,1.6625701189041138,0.794180691242218,2,2,2,1,2,1,0,0.0,0.2127377986907959,2,stale-soft,0.0,6,145,88,CORRECT,0,0,0,0,0,0,0.0,0.0
margin,live-delta,6,0.0,0.374713,0.498995,0.287989,0.738281,0.425506,0.575506,0.023302733898162842,0.5993673801422119,0.5760646462440491,1.5529534816741943,4.725406169891357,0.4578370749950409,10,2,2,1,2,1,0,0.0,0.25072425603866577,2,stale-soft,0.0,6,147,91,CORRECT,0,0,0,0,0,0,0.0,0.0
margin,live-delta,6,0.0,0.374713,0.498995,0.287989,0.738281,0.425506,0.575506,0.003406345844268799,0.5392884612083435,0.5358821153640747,2.2004456520080566,9.029036521911621,0.2375253289937973,12,2,2,1,2,1,0,0.0,0.3246327042579651,2,stale-soft,0.0,6,148,78,CORRECT,0,0,0,0,0,0,0.0,0.0
margin,live-delta,6,0.0,0.374713,0.498995,0.287989,0.738281,0.425506,0.575506,0.08553999662399292,0.6592262387275696,0.5736862421035767,1.1824533939361572,3.2623682022094727,0.698489248752594,12,2,2,1,2,1,0,0.0,0.30882811546325684,2,stale-soft,0.0,6,149,91,CORRECT,0,0,0,0,0,0,0.0,0.0
margin,live-delta,6,0.0,0.374713,0.498995,0.287989,0.738281,0.425506,0.575506,0.002938687801361084,0.6503852605819702,0.6474465727806091,2.3190910816192627,10.16642951965332,0.16713854670524597,20,2,2,1,2,1,0,0.0,0.4170028269290924,2,stale-soft,0.0,6,150,66,CORRECT,0,0,0,0,0,0,0.0,0.0
margin,live-delta,6,0.0,0.374713,0.498995,0.287989,0.738281,0.425506,0.575506,0.027769744396209717,0.5065252184867859,0.47875547409057617,1.20487380027771,3.3363380432128906,0.4873608946800232,4,2,2,1,2,1,0,0.0,0.3551807403564453,2,stale-soft,0.0,6,151,85,CORRECT,0,0,0,0,0,0,0.0,0.0
margin,live-delta,6,0.0,0.374713,0.498995,0.287989,0.738281,0.425506,0.575506,0.27028217911720276,0.6035950779914856,0.33331289887428284,-0.0,1.0,1.0,1,2,2,1,2,1,0,0.0,0.34920328855514526,2,stale-soft,0.0,6,152,74,CORRECT,0,0,0,0,0,0,0.0,0.0
margin,live-delta,6,0.0,0.374713,0.498995,0.287989,0.738281,0.425506,0.575506,0.026611626148223877,0.574760377407074,0.5481487512588501,2.1433072090148926,8.527593612670898,0.2814868092536926,11,2,2,1,2,1,0,0.0,0.3500365614891052,2,stale-soft,0.0,6,153,94,CORRECT,0,0,0,0,0,0,0.0,0.0
margin,live-delta,6,0.0,0.374713,0.498995,0.287989,0.738281,0.425506,0.575506,0.026854515075683594,0.6391476392745972,0.6122931241989136,2.2286438941955566,9.287262916564941,0.31548622250556946,18,2,2,1,2,1,0,0.0,0.3466476500034332,2,stale-soft,0.0,6,157,94,CORRECT,0,0,0,0,0,0,0.0,0.0
margin,live-delta,6,0.0,0.374713,0.498995,0.287989,0.738281,0.425506,0.575506,0.08749839663505554,0.5680897235870361,0.4805913269519806,1.6874638795852661,5.4057536125183105,0.5124988555908203,9,2,2,1,2,1,0,0.0,0.36241698265075684,2,stale-soft,0.0,6,158,85,CORRECT,0,0,0,0,0,0,0.0,0.0
margin,live-delta,6,0.0,0.374713,0.498995,0.287989,0.738281,0.425506,0.575506,0.18490827083587646,0.7387069463729858,0.5537986755371094,0.2714545726776123,1.3118712902069092,0.9503756165504456,7,2,2,1,2,1,0,0.0,0.35586118698120117,2,stale-soft,0.0,6,159,68,CORRECT,0,0,0,0,0,0,0.0,0.0
margin,live-delta,6,0.0,0.374713,0.498995,0.287989,0.738281,0.425506,0.575506,0.0344085693359375,0.5577472448348999,0.5233386754989624,1.0242500305175781,2.785006046295166,0.581203281879425,4,2,2,1,2,1,0,0.0,0.2380143702030182,2,stale-soft,0.0,6,160,91,CORRECT,0,0,0,0,0,0,0.0,0.0
margin,live-delta,6,0.0,0.374713,0.498995,0.287989,0.738281,0.425506,0.575506,0.010253429412841797,0.4709516167640686,0.4606981873512268,1.3488835096359253,3.853121042251587,0.3446611166000366,4,2,2,1,2,1,0,0.0,0.2889408469200134,2,stale-soft,0.0,6,161,94,CORRECT,0,0,0,0,0,0,0.0,0.0
margin,live-delta,6,0.0,0.374713,0.498995,0.287989,0.738281,0.425506,0.575506,0.17954042553901672,0.6567572951316833,0.4772168695926666,0.2839611768722534,1.3283812999725342,0.9418333172798157,4,2,2,1,2,1,0,0.0,0.43144068121910095,2,stale-soft,0.0,6,162,93,CORRECT,0,0,0,0,0,0,0.0,0.0
margin,live-delta,6,0.0,0.374713,0.498995,0.287989,0.738281,0.425506,0.575506,0.01217794418334961,0.574068546295166,0.5618906021118164,2.3792896270751953,10.797229766845703,0.21996022760868073,16,2,2,1,2,1,0,0.0,0.24434435367584229,2,stale-soft,0.0,6,163,66,CORRECT,0,0,0,0,0,0,0.0,0.0
margin,live-delta,6,0.0,0.374713,0.498995,0.287989,0.738281,0.425506,0.575506,0.2803356647491455,0.6889474987983704,0.40861183404922485,-0.0,1.0,1.0,1,2,2,1,2,1,0,0.0,0.4841806888580322,2,stale-soft,0.0,6,164,93,CORRECT,0,0,0,0,0,0,0.0,0.0
margin,live-delta,6,0.0,0.374713,0.498995,0.287989,0.738281,0.425506,0.575506,0.08025693893432617,0.6881221532821655,0.6078652143478394,2.060596227645874,7.850649356842041,0.44700154662132263,19,2,2,1,2,1,0,0.0,0.46291476488113403,2,stale-soft,0.0,6,165,86,CORRECT,0,0,0,0,0,0,0.0,0.0
margin,live-delta,6,0.0,0.374713,0.498995,0.287989,0.738281,0.425506,0.575506,0.07133865356445312,0.4756857752799988,0.40434712171554565,-0.0,1.0,1.0,1,2,2,1,2,1,0,0.0,0.2903061807155609,2,stale-soft,0.0,6,166,80,CORRECT,0,0,0,0,0,0,0.0,0.0
margin,live-delta,6,0.0,0.374713,0.498995,0.287989,0.738281,0.425506,0.575506,0.0013178586959838867,0.6072017550468445,0.6058838963508606,2.094895362854004,8.124590873718262,0.28488653898239136,15,2,2,1,2,1,0,0.0,0.27673110365867615,2,stale-soft,0.0,6,169,82,CORRECT,0,0,0,0,0,0,0.0,0.0
margin,live-delta,6,0.0,0.374713,0.498995,0.287989,0.738281,0.425506,0.575506,0.018336087465286255,0.48379379510879517,0.4654577076435089,0.6766149997711182,1.967207431793213,0.590666651725769,2,2,2,1,2,1,0,0.0,0.23263269662857056,2,stale-soft,0.0,6,170,68,CORRECT,0,0,0,0,0,0,0.0,0.0
margin,live-delta,6,0.0,0.374713,0.498995,0.287989,0.738281,0.425506,0.575506,0.024298250675201416,0.570502758026123,0.5462045073509216,2.5094048976898193,12.297609329223633,0.18976189196109772,16,2,2,1,2,1,0,0.0,0.237874835729599,2,stale-soft,0.0,6,173,90,CORRECT,0,0,0,0,0,0,0.0,0.0
margin,live-delta,6,0.0,0.374713,0.498995,0.287989,0.738281,0.425506,0.575506,0.05137532949447632,0.4979991912841797,0.44662386178970337,0.966088056564331,2.6276450157165527,0.5851690173149109,3,2,2,1,2,1,0,0.0,0.2287082076072693,2,stale-soft,0.0,6,174,65,CORRECT,0,0,0,0,0,0,0.0,0.0
margin,live-delta,6,0.0,0.374713,0.498995,0.287989,0.738281,0.425506,0.575506,0.12175902724266052,0.6065850257873535,0.484825998544693,0.9500006437301636,2.5857112407684326,0.7615707516670227,7,2,2,1,2,1,0,0.0,0.3992610275745392,2,stale-soft,0.0,6,177,78,CORRECT,0,0,0,0,0,0,0.0,0.0
margin,live-delta,6,0.0,0.374713,0.498995,0.287989,0.738281,0.425506,0.575506,0.0012949109077453613,0.5802474617958069,0.5789525508880615,2.252661943435669,9.513025283813477,0.24129801988601685,15,2,2,1,2,1,0,0.0,0.2551623582839966,2,stale-soft,0.0,6,179,87,CORRECT,0,0,0,0,0,0,0.0,0.0
margin,live-delta,6,0.0,0.374713,0.498995,0.287989,0.738281,0.425506,0.575506,0.0029421746730804443,0.4807736277580261,0.4778314530849457,1.334958791732788,3.7998392581939697,0.32809990644454956,4,2,2,1,2,1,0,0.0,0.19236382842063904,2,stale-soft,0.0,6,180,64,CORRECT,0,0,0,0,0,0,0.0,0.0
margin,live-delta,6,0.0,0.374713,0.498995,0.287989,0.738281,0.425506,0.575506,0.038379013538360596,0.6918320655822754,0.6534530520439148,1.687880039215088,5.408003807067871,0.5017879009246826,18,2,2,1,2,1,0,0.0,0.48382022976875305,2,stale-soft,0.0,6,181,69,CORRECT,0,0,0,0,0,0,0.0,0.0
margin,live-delta,6,0.0,0.374713,0.498995,0.287989,0.738281,0.425506,0.575506,0.012425124645233154,0.45632970333099365,0.4439045786857605,0.6854872107505798,1.9847385883331299,0.5618076920509338,2,2,2,1,2,1,0,0.0,0.1483648121356964,2,stale-soft,0.0,6,182,64,CORRECT,0,0,0,0,0,0,0.0,0.0
margin,live-delta,6,0.0,0.374713,0.498995,0.287989,0.738281,0.425506,0.575506,0.0478360652923584,0.551082193851471,0.5032461285591125,1.8171464204788208,6.154271602630615,0.39311307668685913,8,2,2,1,2,1,0,0.0,0.2761037051677704,2,stale-soft,0.0,6,184,66,CORRECT,0,0,0,0,0,0,0.0,0.0
margin,live-delta,6,0.0,0.374713,0.498995,0.287989,0.738281,0.425506,0.575506,0.12603896856307983,0.5307070016860962,0.40466803312301636,-0.0,1.0,1.0,1,2,2,1,2,1,0,0.0,0.22066643834114075,2,stale-soft,0.0,6,185,84,CORRECT,0,0,0,0,0,0,0.0,0.0
margin,live-delta,6,0.0,0.374713,0.498995,0.287989,0.738281,0.425506,0.575506,0.00381547212600708,0.6895368099212646,0.6857213377952576,1.623957633972168,5.0731282234191895,0.3564924895763397,11,2,2,1,2,1,0,0.0,0.4514313340187073,2,stale-soft,0.0,6,186,80,CORRECT,0,0,0,0,0,0,0.0,0.0
margin,live-delta,6,0.0,0.374713,0.498995,0.287989,0.738281,0.425506,0.575506,0.08489975333213806,0.46566590666770935,0.3807661533355713,-0.0,1.0,1.0,1,2,2,1,2,1,0,0.0,0.23156479001045227,2,stale-soft,0.0,6,188,89,CORRECT,0,0,0,0,0,0,0.0,0.0
margin,live-delta,6,0.0,0.374713,0.498995,0.287989,0.738281,0.425506,0.575506,0.04678565263748169,0.574927806854248,0.5281421542167664,1.1043797731399536,3.017352342605591,0.603560745716095,5,2,2,1,2,1,0,0.0,0.4147406816482544,2,stale-soft,0.0,6,189,65,CORRECT,0,0,0,0,0,0,0.0,0.0
margin,live-delta,6,0.0,0.374713,0.498995,0.287989,0.738281,0.425506,0.575506,0.04630112648010254,0.5638655424118042,0.5175644159317017,2.001896619796753,7.403083801269531,0.36157962679862976,11,2,2,1,2,1,0,0.0,0.18830278515815735,2,stale-soft,0.0,6,190,76,CORRECT,0,0,0,0,0,0,0.0,0.0
margin,live-delta,6,0.0,0.374713,0.498995,0.287989,0.738281,0.425506,0.575506,0.005952358245849609,0.555470883846283,0.5495185256004333,1.9915776252746582,7.327084064483643,0.2889992892742157,11,2,2,1,2,1,0,0.0,0.3715098798274994,2,stale-soft,0.0,6,191,86,CORRECT,0,0,0,0,0,0,0.0,0.0
margin,live-delta,6,0.0,0.374713,0.498995,0.287989,0.738281,0.425506,0.575506,0.03380364179611206,0.715877115726471,0.6820734739303589,1.834572196006775,6.262454509735107,0.34206295013427734,13,3,3,1,3,1,0,0.0,0.4268219470977783,2,stale-soft,0.0,6,192,98,CORRECT,0,0,0,0,0,0,0.0,0.0
margin,live-delta,6,0.0,0.374713,0.498995,0.287989,0.738281,0.425506,0.575506,0.1026039719581604,0.5292460918426514,0.42664211988449097,0.354474276304245,1.4254311323165894,0.8861575126647949,2,3,3,1,3,1,0,0.0,0.2595515251159668,2,stale-soft,0.0,6,193,124,CORRECT,0,0,0,0,0,0,0.0,0.0
margin,live-delta,6,0.0,0.374713,0.498995,0.287989,0.738281,0.425506,0.575506,0.004106700420379639,0.43997180461883545,0.4358651041984558,0.6923046112060547,1.9983155727386475,0.5205218195915222,2,3,3,1,3,1,0,0.0,0.060184478759765625,2,stale-soft,0.0,6,194,124,CORRECT,0,0,0,0,0,0,0.0,0.0
margin,live-delta,6,0.0,0.374713,0.498995,0.287989,0.738281,0.425506,0.575506,0.0854344367980957,0.6738865971565247,0.588452160358429,1.6335092782974243,5.121817111968994,0.5698736906051636,15,3,3,1,3,1,0,0.0,0.2931222915649414,2,stale-soft,0.0,6,195,127,CORRECT,0,0,0,0,0,0,0.0,0.0
margin,live-delta,6,0.0,0.374713,0.498995,0.287989,0.738281,0.425506,0.575506,0.003085196018218994,0.6066103577613831,0.6035251617431641,2.1558871269226074,8.635547637939453,0.19631953537464142,14,3,3,1,3,1,0,0.0,0.3114476203918457,2,stale-soft,0.0,6,196,98,CORRECT,0,0,0,0,0,0,0.0,0.0
margin,live-delta,6,0.0,0.374713,0.498995,0.287989,0.738281,0.425506,0.575506,0.009994745254516602,0.6571125984191895,0.6471178531646729,2.1681580543518066,8.742166519165039,0.24089346826076508,17,3,3,1,3,1,0,0.0,0.26061269640922546,2,stale-soft,0.0,6,197,127,CORRECT,0,0,0,0,0,0,0.0,0.0
margin,live-delta,6,0.0,0.374713,0.498995,0.287989,0.738281,0.425506,0.575506,0.08643484115600586,0.637020468711853,0.5505856275558472,0.9946120381355286,2.7036752700805664,0.7257220149040222,7,3,3,1,3,1,0,0.0,0.2925240099430084,2,stale-soft,0.0,6,199,127,CORRECT,0,0,0,0,0,0,0.0,0.0
margin,live-delta,6,0.0,0.374713,0.498995,0.287989,0.738281,0.425506,0.575506,0.028112411499023438,0.7088281512260437,0.6807157397270203,2.1920745372772217,8.953768730163574,0.2738730311393738,13,3,3,1,3,1,0,0.0,0.3948378562927246,2,stale-soft,0.0,6,200,115,CORRECT,0,0,0,0,0,0,0.0,0.0
margin,live-delta,6,0.0,0.374713,0.498995,0.287989,0.738281,0.425506,0.575506,0.08230161666870117,0.48156577348709106,0.3992641568183899,-0.0,1.0,1.0,1,3,3,1,3,1,0,0.0,0.19499471783638,2,stale-soft,0.0,6,201,107,CORRECT,0,0,0,0,0,0,0.0,0.0
margin,live-delta,6,0.0,0.374713,0.498995,0.287989,0.738281,0.425506,0.575506,0.02431178092956543,0.5317378044128418,0.5074260234832764,0.9845693111419678,2.676658868789673,0.528008222579956,3,3,3,1,3,1,0,0.0,0.28656619787216187,2,stale-soft,0.0,6,202,116,CORRECT,0,0,0,0,0,0,0.0,0.0
margin,live-delta,6,0.0,0.374713,0.498995,0.287989,0.738281,0.425506,0.575506,0.1064421534538269,0.6956464052200317,0.5892042517662048,1.2952994108200073,3.6520893573760986,0.6882302165031433,11,3,3,1,3,1,0,0.0,0.34753942489624023,2,stale-soft,0.0,6,203,123,CORRECT,0,0,0,0,0,0,0.0,0.0
margin,live-delta,6,0.0,0.374713,0.498995,0.287989,0.738281,0.425506,0.575506,0.03447753190994263,0.649493396282196,0.6150158643722534,1.0856223106384277,2.9612820148468018,0.495433509349823,4,3,3,1,3,1,0,0.0,0.3568621873855591,2,stale-soft,0.0,6,204,99,CORRECT,0,0,0,0,0,0,0.0,0.0
margin,live-delta,6,0.0,0.374713,0.498995,0.287989,0.738281,0.425506,0.575506,0.03863942623138428,0.5191511511802673,0.48051172494888306,0.9767181873321533,2.655726194381714,0.5655601620674133,3,3,3,1,3,1,0,0.0,0.2020900845527649,2,stale-soft,0.0,6,206,107,CORRECT,0,0,0,0,0,0,0.0,0.0
margin,live-delta,6,0.0,0.374713,0.498995,0.287989,0.738281,0.425506,0.575506,0.08332982659339905,0.5254757404327393,0.4421459138393402,0.4378054738044739,1.5493035316467285,0.84112149477005,2,3,3,1,3,1,0,0.0,0.3663392663002014,2,stale-soft,0.0,6,207,101,CORRECT,0,0,0,0,0,0,0.0,0.0
margin,live-delta,6,0.0,0.374713,0.498995,0.287989,0.738281,0.425506,0.575506,0.05445301532745361,0.5600730180740356,0.505620002746582,1.707702875137329,5.516275405883789,0.43233418464660645,8,3,3,1,3,1,0,0.0,0.26069343090057373,2,stale-soft,0.0,6,208,127,CORRECT,0,0,0,0,0,0,0.0,0.0
margin,live-delta,6,0.0,0.374713,0.498995,0.287989,0.738281,0.425506,0.575506,2.7298927307128906e-05,0.6268348693847656,0.6268075704574585,1.9544328451156616,7.059913635253906,0.22263742983341217,11,3,3,1,3,1,0,0.0,0.3935152590274811,2,stale-soft,0.0,6,209,103,CORRECT,0,0,0,0,0,0,0.0,0.0
margin,live-delta,6,0.0,0.374713,0.498995,0.287989,0.738281,0.425506,0.575506,0.017547130584716797,0.4622208774089813,0.4446737468242645,1.354857325553894,3.8762078285217285,0.3478960692882538,4,3,3,1,3,1,0,0.0,0.08403664827346802,2,stale-soft,0.0,6,210,100,CORRECT,0,0,0,0,0,0,0.0,0.0
margin,live-delta,6,0.0,0.374713,0.498995,0.287989,0.738281,0.425506,0.575506,0.02866208553314209,0.7037274837493896,0.6750653982162476,1.915906548500061,6.793094158172607,0.3497983515262604,13,3,3,1,3,1,0,0.0,0.33825361728668213,2,stale-soft,0.0,6,211,96,CORRECT,0,0,0,0,0,0,0.0,0.0
margin,live-delta,6,0.0,0.374713,0.498995,0.287989,0.738281,0.425506,0.575506,0.03594088554382324,0.7040785551071167,0.6681376695632935,1.6973307132720947,5.459355354309082,0.3989705443382263,12,3,3,1,3,1,0,0.0,0.3959319591522217,2,stale-soft,0.0,6,212,98,CORRECT,0,0,0,0,0,0,0.0,0.0
margin,live-delta,6,0.0,0.374713,0.498995,0.287989,0.738281,0.425506,0.575506,0.02104586362838745,0.7602081298828125,0.739162266254425,1.9688912630081177,7.162730693817139,0.311128705739975,13,3,3,1,3,1,0,0.0,0.5080938935279846,2,stale-soft,0.0,6,213,127,CORRECT,0,0,0,0,0,0,0.0,0.0
margin,live-delta,6,0.0,0.374713,0.498995,0.287989,0.738281,0.425506,0.575506,0.027142703533172607,0.6014844179153442,0.5743417143821716,2.1255223751068115,8.377272605895996,0.3098130226135254,14,3,3,1,3,1,0,0.0,0.37710970640182495,2,stale-soft,0.0,6,215,127,CORRECT,0,0,0,0,0,0,0.0,0.0
margin,live-delta,6,0.0,0.374713,0.498995,0.287989,0.738281,0.425506,0.575506,0.010835587978363037,0.561787486076355,0.5509518980979919,2.0186550617218018,7.52819299697876,0.2228383719921112,9,3,3,1,3,1,0,0.0,0.2200993001461029,2,stale-soft,0.0,6,216,106,CORRECT,0,0,0,0,0,0,0.0,0.0
margin,live-delta,6,0.0,0.374713,0.498995,0.287989,0.738281,0.425506,0.575506,0.15650784969329834,0.5816750526428223,0.4251672029495239,-0.0,1.0,1.0,1,3,3,1,3,1,0,0.0,0.3749808371067047,2,stale-soft,0.0,6,217,105,CORRECT,0,0,0,0,0,0,0.0,0.0
margin,live-delta,6,0.0,0.374713,0.498995,0.287989,0.738281,0.425506,0.575506,0.01645064353942871,0.6338362693786621,0.6173856258392334,2.110625982284546,8.253406524658203,0.23641440272331238,13,3,3,1,3,1,0,0.0,0.3904983401298523,2,stale-soft,0.0,6,218,117,CORRECT,0,0,0,0,0,0,0.0,0.0
margin,live-delta,6,0.0,0.374713,0.498995,0.287989,0.738281,0.425506,0.575506,0.04677075147628784,0.540321946144104,0.49355119466781616,2.1447253227233887,8.539695739746094,0.3155598044395447,11,3,3,1,3,1,0,0.0,0.27208060026168823,2,stale-soft,0.0,6,219,108,CORRECT,0,0,0,0,0,0,0.0,0.0
margin,live-delta,6,0.0,0.374713,0.498995,0.287989,0.738281,0.425506,0.575506,0.014024853706359863,0.6931151151657104,0.6790902614593506,2.04740047454834,7.747734546661377,0.2607615292072296,15,3,3,1,3,1,0,0.0,0.4051532447338104,2,stale-soft,0.0,6,220,127,CORRECT,0,0,0,0,0,0,0.0,0.0
margin,live-delta,6,0.0,0.374713,0.498995,0.287989,0.738281,0.425506,0.575506,0.10552585124969482,0.6067142486572266,0.5011883974075317,1.1310474872589111,3.09890079498291,0.6925030946731567,7,3,3,1,3,1,0,0.0,0.3050418496131897,2,stale-soft,0.0,6,221,102,CORRECT,0,0,0,0,0,0,0.0,0.0
margin,live-delta,6,0.0,0.374713,0.498995,0.287989,0.738281,0.425506,0.575506,0.025349020957946777,0.5600713491439819,0.5347223281860352,2.2069485187530518,9.087942123413086,0.23480971157550812,12,3,3,1,3,1,0,0.0,0.21874409914016724,2,stale-soft,0.0,6,222,98,CORRECT,0,0,0,0,0,0,0.0,0.0
margin,live-delta,6,0.0,0.374713,0.498995,0.287989,0.738281,0.425506,0.575506,0.0464787483215332,0.4414621889591217,0.3949834406375885,-0.0,1.0,1.0,1,3,3,1,3,1,0,0.0,0.2085619568824768,2,stale-soft,0.0,6,223,124,CORRECT,0,0,0,0,0,0,0.0,0.0
margin,live-delta,6,0.0,0.374713,0.498995,0.287989,0.738281,0.425506,0.575506,0.04123324155807495,0.5563745498657227,0.5151413083076477,2.045154333114624,7.730351448059082,0.31240203976631165,10,3,0,0,3,1,1,0.49717947840690613,-0.04123324155807495,0,stale-soft,0.0,6,225,30,CORRECT,0,0,0,0,0,5,0.0,0.497179
margin,live-delta,6,0.0,0.374713,0.498995,0.287989,0.738281,0.425506,0.575506,0.03750276565551758,0.47772443294525146,0.4402216672897339,1.0285415649414062,2.7969837188720703,0.5154327154159546,3,3,3,1,3,1,0,0.0,0.21609339118003845,2,stale-soft,0.0,6,226,123,CORRECT,0,0,0,0,0,0,0.0,0.0
margin,live-delta,6,0.0,0.374713,0.498995,0.287989,0.738281,0.425506,0.575506,0.27257081866264343,0.7159953117370605,0.4434244930744171,0.02756894938647747,1.0279524326324463,0.995728075504303,2,3,3,1,3,1,0,0.0,0.5247364044189453,2,stale-soft,0.0,6,228,99,CORRECT,0,0,0,0,0,0,0.0,0.0
margin,live-delta,6,0.0,0.374713,0.498995,0.287989,0.738281,0.425506,0.575506,0.06361925601959229,0.6538165807723999,0.5901973247528076,1.6806193590164185,5.368880271911621,0.5115627646446228,13,3,3,1,3,1,0,0.0,0.33074119687080383,2,stale-soft,0.0,6,229,115,CORRECT,0,0,0,0,0,0,0.0,0.0
margin,live-delta,6,0.0,0.374713,0.498995,0.287989,0.738281,0.425506,0.575506,0.0028501152992248535,0.6125504374504089,0.6097003221511841,1.868025779724121,6.475499629974365,0.2866000533103943,11,3,3,1,3,1,0,0.0,0.4190482199192047,2,stale-soft,0.0,6,230,103,CORRECT,0,0,0,0,0,0,0.0,0.0
margin,live-delta,6,0.0,0.374713,0.498995,0.287989,0.738281,0.425506,0.575506,0.027474522590637207,0.5701779127120972,0.54270339012146,1.5040860176086426,4.5000386238098145,0.4494079649448395,7,3,3,1,3,1,0,0.0,0.3285231590270996,2,stale-soft,0.0,6,231,117,CORRECT,0,0,0,0,0,0,0.0,0.0
margin,live-delta,6,0.0,0.374713,0.498995,0.287989,0.738281,0.425506,0.575506,0.013588488101959229,0.5009386539459229,0.4873501658439636,1.8226467370986938,6.188215255737305,0.28832149505615234,7,3,3,1,3,1,1,0.21108587086200714,0.0439324676990509,1,stale-soft,0.0,6,232,112,CORRECT,0,0,0,0,0,2,0.0,0.211086
margin,live-delta,6,0.0,0.374713,0.498995,0.287989,0.738281,0.425506,0.575506,0.0030035674571990967,0.496469646692276,0.4934660792350769,1.8122835159301758,6.124416828155518,0.26268133521080017,7,3,3,1,3,1,0,0.0,0.22334417700767517,2,stale-soft,0.0,6,233,115,CORRECT,0,0,0,0,0,0,0.0,0.0
margin,live-delta,6,0.0,0.374713,0.498995,0.287989,0.738281,0.425506,0.575506,0.042917400598526,0.501893937587738,0.45897653698921204,1.9422775506973267,6.974617958068848,0.30856165289878845,8,3,3,1,3,1,0,0.0,0.29814231395721436,2,stale-soft,0.0,6,234,108,CORRECT,0,0,0,0,0,0,0.0,0.0
margin,live-delta,6,0.0,0.374713,0.498995,0.287989,0.738281,0.425506,0.575506,0.06836897134780884,0.6614958643913269,0.5931268930435181,1.5074763298034668,4.515321254730225,0.5643107295036316,13,3,3,1,3,1,0,0.0,0.44935303926467896,2,stale-soft,0.0,6,235,115,CORRECT,0,0,0,0,0,0,0.0,0.0
margin,live-delta,6,0.0,0.374713,0.498995,0.287989,0.738281,0.425506,0.575506,0.005754947662353516,0.46608585119247437,0.46033090353012085,1.068191409111023,2.910111427307129,0.410622239112854,3,3,3,1,3,1,1,0.22339923679828644,0.030435651540756226,1,stale-soft,0.0,6,236,118,CORRECT,0,0,0,0,0,1,0.0,0.223399
margin,live-delta,6,0.0,0.374713,0.498995,0.287989,0.738281,0.425506,0.575506,0.015743613243103027,0.6798076629638672,0.6640640497207642,1.52505362033844,4.5953898429870605,0.432344526052475,12,3,3,1,3,1,0,0.0,0.28242504596710205,2,stale-soft,0.0,6,237,115,CORRECT,0,0,0,0,0,0,0.0,0.0
margin,live-delta,6,0.0,0.374713,0.498995,0.287989,0.738281,0.425506,0.575506,0.021391957998275757,0.48643261194229126,0.4650406539440155,1.5068773031234741,4.512617111206055,0.36727070808410645,5,3,3,1,3,1,0,0.0,0.23048827052116394,2,stale-soft,0.0,6,238,114,CORRECT,0,0,0,0,0,0,0.0,0.0
margin,live-delta,6,0.0,0.374713,0.498995,0.287989,0.738281,0.425506,0.575506,0.04946953058242798,0.5871029496192932,0.5376334190368652,1.5924255847930908,4.915657997131348,0.4943068027496338,9,3,3,1,3,1,0,0.0,0.1761089265346527,2,stale-soft,0.0,6,239,123,CORRECT,0,0,0,0,0,0,0.0,0.0
margin,live-delta,6,0.0,0.374713,0.498995,0.287989,0.738281,0.425506,0.575506,0.01888042688369751,0.6377276182174683,0.6188471913337708,1.465759038925171,4.33082914352417,0.4021906554698944,10,3,3,1,3,1,0,0.0,0.4424499571323395,2,stale-soft,0.0,6,240,114,CORRECT,0,0,0,0,0,0,0.0,0.0
margin,live-delta,6,0.0,0.374713,0.498995,0.287989,0.738281,0.425506,0.575506,0.05921712517738342,0.49900099635124207,0.43978387117385864,0.5443872809410095,1.7235519886016846,0.765727698802948,2,3,3,1,3,1,0,0.0,0.09773263335227966,2,stale-soft,0.0,6,241,99,CORRECT,0,0,0,0,0,0,0.0,0.0
margin,live-delta,6,0.0,0.374713,0.498995,0.287989,0.738281,0.425506,0.575506,0.02079826593399048,0.5582751631736755,0.5374768972396851,2.0957772731781006,8.131758689880371,0.28682923316955566,11,3,3,1,3,1,0,0.0,0.1538691222667694,2,stale-soft,0.0,6,242,96,CORRECT,0,0,0,0,0,0,0.0,0.0
margin,live-delta,6,0.0,0.374713,0.498995,0.287989,0.738281,0.425506,0.575506,0.0026970505714416504,0.7332625985145569,0.7305655479431152,1.522099256515503,4.581833362579346,0.3886779248714447,14,3,3,1,3,1,0,0.0,0.5287417769432068,2,stale-soft,0.0,6,243,110,CORRECT,0,0,0,0,0,0,0.0,0.0
margin,live-delta,6,0.0,0.374713,0.498995,0.287989,0.738281,0.425506,0.575506,0.1839277744293213,0.5966714024543762,0.41274362802505493,-0.0,1.0,1.0,1,3,3,1,3,1,0,0.0,0.2741038501262665,2,stale-soft,0.0,6,244,105,CORRECT,0,0,0,0,0,0,0.0,0.0
margin,live-delta,6,0.0,0.374713,0.498995,0.287989,0.738281,0.425506,0.575506,0.04181373119354248,0.6546295881271362,0.6128158569335938,2.031188488006592,7.623140811920166,0.3431811034679413,14,3,3,1,3,1,0,0.0,0.30705955624580383,2,stale-soft,0.0,6,245,123,CORRECT,0,0,0,0,0,0,0.0,0.0
margin,live-delta,6,0.0,0.374713,0.498995,0.287989,0.738281,0.425506,0.575506,0.3651820123195648,0.8150867223739624,0.4499047100543976,0.009596429765224457,1.0096426010131836,0.9988652467727661,3,3,3,1,3,1,0,0.0,0.5126630663871765,2,stale-soft,0.0,6,246,107,CORRECT,0,0,0,0,0,0,0.0,0.0
margin,live-delta,6,0.0,0.374713,0.498995,0.287989,0.738281,0.425506,0.575506,0.052057862281799316,0.6668754816055298,0.6148176193237305,1.2829850912094116,3.6073920726776123,0.6147833466529846,13,3,3,1,3,1,0,0.0,0.43059098720550537,2,stale-soft,0.0,6,247,116,CORRECT,0,0,0,0,0,0,0.0,0.0
margin,live-delta,6,0.0,0.374713,0.498995,0.287989,0.738281,0.425506,0.575506,0.31732428073883057,0.692050576210022,0.3747262954711914,-0.0,1.0,1.0,1,3,3,1,3,1,0,0.0,0.3636794686317444,2,stale-soft,0.0,6,248,105,CORRECT,0,0,0,0,0,0,0.0,0.0
margin,live-delta,6,0.0,0.374713,0.498995,0.287989,0.738281,0.425506,0.575506,0.04121026396751404,0.4416483938694,0.400438129901886,-0.0,1.0,1.0,1,3,3,1,3,1,0,0.0,0.19013172388076782,2,stale-soft,0.0,6,249,115,CORRECT,0,0,0,0,0,0,0.0,0.0
margin,live-delta,6,0.0,0.374713,0.498995,0.287989,0.738281,0.425506,0.575506,0.08134958148002625,0.4839929938316345,0.4026434123516083,-0.0,1.0,1.0,1,3,3,1,3,1,0,0.0,0.12375488877296448,2,stale-soft,0.0,6,250,107,CORRECT,0,0,0,0,0,0,0.0,0.0
margin,live-delta,6,0.0,0.374713,0.498995,0.287989,0.738281,0.425506,0.575506,0.5856990814208984,0.919346809387207,0.3336476981639862,-0.0,1.0,1.0,1,3,3,1,3,1,0,0.0,0.6660169363021851,2,stale-soft,0.0,6,251,105,CORRECT,0,0,0,0,0,0,0.0,0.0
margin,live-delta,6,0.0,0.374713,0.498995,0.287989,0.738281,0.425506,0.575506,0.04148721694946289,0.558095395565033,0.5166081786155701,1.6165721416473389,5.0357985496521,0.4429546594619751,7,3,3,1,3,1,0,0.0,0.1545422077178955,2,stale-soft,0.0,6,253,123,CORRECT,0,0,0,0,0,0,0.0,0.0
margin,live-delta,6,0.0,0.374713,0.498995,0.287989,0.738281,0.425506,0.575506,0.06869560480117798,0.5217567086219788,0.4530611038208008,0.7986289262771606,2.222491502761841,0.7080431580543518,3,3,3,1,3,1,0,0.0,0.24860435724258423,2,stale-soft,0.0,6,254,102,CORRECT,0,0,0,0,0,0,0.0,0.0
margin,live-delta,6,0.0,0.374713,0.498995,0.287989,0.738281,0.425506,0.575506,0.20871633291244507,0.6134811043739319,0.4047647714614868,-0.0,1.0,1.0,1,3,3,1,3,1,0,0.0,0.44915974140167236,2,stale-soft,0.0,6,255,122,CORRECT,0,0,0,0,0,0,0.0,0.0
margin,live-delta,7,0.0,0.374713,0.498995,0.286755,0.738281,0.423161,0.573161,0.010410964488983154,0.6283859014511108,0.6179749369621277,1.6832038164138794,5.3827738761901855,0.3906971216201782,13,3,0,0,0,0,1,0.9999999403953552,-0.4530397355556488,0,stale-soft,0.0,6,0,1,STALE_STRICT,0,0,1,1,0,13,0.0,1.0
margin,live-delta,7,0.0,0.374713,0.498995,0.286755,0.738281,0.423161,0.573161,0.027423739433288574,0.5380635857582092,0.5106398463249207,1.523850917816162,4.5898661613464355,0.39282286167144775,6,3,0,0,0,0,1,0.9999999403953552,-0.3220284581184387,0,stale-soft,0.0,6,1,20,STALE_STRICT,0,0,1,1,0,6,0.0,1.0
margin,live-delta,7,0.0,0.374713,0.498995,0.286755,0.738281,0.423161,0.573161,0.050639808177948,0.6435017585754395,0.5928619503974915,2.2411506175994873,9.404145240783691,0.36960169672966003,20,3,0,0,0,0,1,0.9711447358131409,-0.12750685214996338,0,stale-soft,0.0,6,2,9,STALE_STRICT,0,0,1,1,0,19,0.0,0.971145
margin,live-delta,7,0.0,0.374713,0.498995,0.286755,0.738281,0.423161,0.573161,0.06146073341369629,0.7017878293991089,0.6403270959854126,1.7371046543121338,5.680871486663818,0.5133206248283386,20,3,0,0,0,0,1,1.0,-0.41814467310905457,0,stale-soft,0.0,6,3,11,STALE_STRICT,0,0,1,1,0,20,0.0,1.0
margin,live-delta,7,0.0,0.374713,0.498995,0.286755,0.738281,0.423161,0.573161,0.00846010446548462,0.6306256651878357,0.6221655607223511,1.9189375638961792,6.81371545791626,0.2713421881198883,13,3,0,0,0,0,1,1.0,-0.3833446502685547,0,stale-soft,0.0,6,4,7,STALE_STRICT,0,0,1,1,0,13,0.0,1.0
margin,live-delta,7,0.0,0.374713,0.498995,0.286755,0.738281,0.423161,0.573161,0.0811147689819336,0.6353706121444702,0.5542558431625366,1.3638014793395996,3.9110326766967773,0.6225441694259644,10,3,0,0,0,0,1,1.0,-0.40042978525161743,0,stale-soft,0.0,6,5,13,STALE_STRICT,0,0,1,1,0,10,0.0,1.0
margin,live-delta,7,0.0,0.374713,0.498995,0.286755,0.738281,0.423161,0.573161,0.06274926662445068,0.6143373250961304,0.5515880584716797,2.188760280609131,8.924142837524414,0.3696720600128174,16,3,0,0,0,0,1,1.0,-0.2853238582611084,0,stale-soft,0.0,6,6,27,STALE_STRICT,0,0,1,1,0,16,0.0,1.0
margin,live-delta,7,0.0,0.374713,0.498995,0.286755,0.738281,0.423161,0.573161,0.20145222544670105,0.49529898166656494,0.2938467562198639,-0.0,1.0,1.0,1,3,0,0,0,0,1,1.0,-0.39591747522354126,0,stale-soft,0.0,6,7,7,STALE_STRICT,0,0,1,1,0,1,0.0,1.0
margin,live-delta,7,0.0,0.374713,0.498995,0.286755,0.738281,0.423161,0.573161,0.01923549175262451,0.5491013526916504,0.5298658609390259,1.1870262622833252,3.2773208618164062,0.4971781075000763,5,3,0,0,0,0,1,0.9999999403953552,-0.30419087409973145,0,stale-soft,0.0,6,8,12,STALE_STRICT,0,0,1,1,0,5,0.0,1.0
margin,live-delta,7,0.0,0.374713,0.498995,0.286755,0.738281,0.423161,0.573161,0.08658438920974731,0.6821415424346924,0.5955571532249451,1.345367193222046,3.8395960330963135,0.666522741317749,14,3,0,0,0,0,1,1.0,-0.45356273651123047,0,stale-soft,0.0,6,9,12,STALE_STRICT,0,0,1,1,0,14,0.0,1.0
margin,live-delta,7,0.0,0.374713,0.498995,0.286755,0.738281,0.423161,0.573161,0.032585084438323975,0.5376241207122803,0.5050390362739563,1.7248879671096802,5.611892223358154,0.37664708495140076,7,3,0,0,0,0,1,1.0,-0.40262067317962646,0,stale-soft,0.0,6,10,26,STALE_STRICT,0,0,1,1,0,7,0.0,1.0
margin,live-delta,7,0.0,0.374713,0.498995,0.286755,0.738281,0.423161,0.573161,0.03140741586685181,0.5394497513771057,0.5080423355102539,1.5943386554718018,4.925070762634277,0.3753001093864441,6,3,0,0,0,0,1,1.0,-0.12138670682907104,0,stale-soft,0.0,6,11,24,STALE_STRICT,0,0,1,1,0,5,0.0,0.946862
margin,live-delta,7,0.0,0.374713,0.498995,0.286755,0.738281,0.423161,0.573161,0.0076819658279418945,0.6589006185531616,0.6512186527252197,2.043964147567749,7.721156597137451,0.2539065182209015,20,3,0,0,0,0,1,1.0,-0.3196638226509094,0,stale-soft,0.0,6,12,20,STALE_STRICT,0,0,1,1,0,18,0.0,0.994644
margin,live-delta,7,0.0,0.374713,0.498995,0.286755,0.738281,0.423161,0.573161,0.004485070705413818,0.6025277972221375,0.5980427265167236,1.7247875928878784,5.611329078674316,0.3401036262512207,10,3,0,0,0,0,1,1.0,-0.39324048161506653,0,stale-soft,0.0,6,13,28,STALE_STRICT,0,0,1,1,0,10,0.0,1.0
margin,live-delta,7,0.0,0.374713,0.498995,0.286755,0.738281,0.423161,0.573161,0.00681459903717041,0.6395174264907837,0.6327028274536133,1.7626317739486694,5.827754497528076,0.31755515933036804,14,3,0,0,0,0,1,1.0,-0.34152960777282715,0,stale-soft,0.0,6,14,26,STALE_STRICT,0,0,1,1,0,14,0.0,1.0
margin,live-delta,7,0.0,0.374713,0.498995,0.286755,0.738281,0.423161,0.573161,0.04385042190551758,0.664881706237793,0.6210312843322754,1.8732951879501343,6.509711742401123,0.4243165850639343,15,3,0,0,0,0,1,1.0,-0.3882107734680176,0,stale-soft,0.0,6,15,13,STALE_STRICT,0,0,1,1,0,15,0.0,1.0
margin,live-delta,7,0.0,0.374713,0.498995,0.286755,0.738281,0.423161,0.573161,0.004398524761199951,0.5671542882919312,0.5627557635307312,2.477964162826538,11.91697883605957,0.15145041048526764,16,3,0,0,0,0,1,1.0,-0.31287145614624023,0,stale-soft,0.0,6,16,12,STALE_STRICT,0,0,1,1,0,16,0.0,1.0
margin,live-delta,7,0.0,0.374713,0.498995,0.286755,0.738281,0.423161,0.573161,0.020671069622039795,0.6850572228431702,0.6643861532211304,2.0121259689331055,7.479200839996338,0.3316110372543335,20,3,0,0,0,0,1,0.9999998807907104,-0.37884485721588135,0,stale-soft,0.0,6,17,30,STALE_STRICT,0,0,1,1,0,19,0.0,0.996628
margin,live-delta,7,0.0,0.374713,0.498995,0.286755,0.738281,0.423161,0.573161,0.13047552108764648,0.7553185224533081,0.6248430013656616,1.1679840087890625,3.215503692626953,0.7539670467376709,20,3,0,0,0,0,1,1.0,-0.35036882758140564,0,stale-soft,0.0,6,18,30,STALE_STRICT,0,0,1,1,0,19,0.0,0.997398
margin,live-delta,7,0.0,0.374713,0.498995,0.286755,0.738281,0.423161,0.573161,0.214311420917511,0.7999751567840576,0.5856637358665466,0.5485446453094482,1.7307323217391968,0.908501148223877,20,3,0,0,0,0,1,0.9985231757164001,-0.3210960626602173,0,stale-soft,0.0,6,19,30,STALE_STRICT,0,0,1,1,0,18,0.0,0.995926
margin,live-delta,7,0.0,0.374713,0.498995,0.286755,0.738281,0.423161,0.573161,0.005678772926330566,0.6305544376373291,0.6248756647109985,2.548046588897705,12.782110214233398,0.17128898203372955,20,3,0,0,0,0,1,1.0,-0.31999439001083374,0,stale-soft,0.0,6,20,0,STALE_STRICT,0,0,1,1,0,19,0.0,0.991936
margin,live-delta,7,0.0,0.374713,0.498995,0.286755,0.738281,0.423161,0.573161,0.01732957363128662,0.7488837242126465,0.7315541505813599,1.1172136068344116,3.056326150894165,0.5223629474639893,13,3,0,0,0,0,1,1.0,-0.5293403267860413,0,stale-soft,0.0,6,21,25,STALE_STRICT,0,0,1,1,0,12,0.0,0.99879
margin,live-delta,7,0.0,0.374713,0.498995,0.286755,0.738281,0.423161,0.573161,0.015865683555603027,0.6977767944335938,0.6819111108779907,1.810847282409668,6.115626811981201,0.4170607924461365,20,3,0,0,0,0,1,0.9999999403953552,-0.4273530840873718,0,stale-soft,0.0,6,22,1,STALE_STRICT,0,0,1,1,0,20,0.0,1.0
margin,live-delta,7,0.0,0.374713,0.498995,0.286755,0.738281,0.423161,0.573161,0.05592668056488037,0.6982558965682983,0.642329216003418,2.023435592651367,7.564268112182617,0.4559248089790344,20,3,0,0,0,0,1,1.0000001192092896,-0.4900832176208496,0,stale-soft,0.0,6,23,1,STALE_STRICT,0,0,1,1,0,20,0.0,1.0
margin,live-delta,7,0.0,0.374713,0.498995,0.286755,0.738281,0.423161,0.573161,0.078667551279068,0.550545334815979,0.471877783536911,0.6921436190605164,1.99799382686615,0.765525221824646,3,3,1,0,1,0,1,1.0,-0.3056256175041199,0,stale-soft,0.0,6,24,33,STALE_LENIENT,0,0,0,1,0,1,0.0,0.075744
margin,live-delta,7,0.0,0.374713,0.498995,0.286755,0.738281,0.423161,0.573161,0.01704925298690796,0.6313489079475403,0.6142996549606323,2.4893836975097656,12.053845405578613,0.25167083740234375,20,3,0,0,0,0,1,1.0,-0.2471303939819336,0,stale-soft,0.0,6,25,30,STALE_STRICT,0,0,1,1,0,20,0.0,1.0
margin,live-delta,7,0.0,0.374713,0.498995,0.286755,0.738281,0.423161,0.573161,0.02894890308380127,0.5523542165756226,0.5234053134918213,1.8469512462615967,6.34045934677124,0.3721979856491089,9,3,0,0,0,0,1,1.0,-0.23884332180023193,0,stale-soft,0.0,6,26,27,STALE_STRICT,0,0,1,1,0,9,0.0,1.0
margin,live-delta,7,0.0,0.374713,0.498995,0.286755,0.738281,0.423161,0.573161,0.04773306846618652,0.6731027364730835,0.625369668006897,1.5769482851028442,4.84016227722168,0.49535661935806274,13,3,0,0,0,0,1,0.9891678690910339,-0.19113785028457642,0,stale-soft,0.0,6,27,16,STALE_STRICT,0,0,1,1,0,11,0.0,0.967279
margin,live-delta,7,0.0,0.374713,0.498995,0.286755,0.738281,0.423161,0.573161,0.03371754288673401,0.4923955500125885,0.4586780071258545,1.0246752500534058,2.7861905097961426,0.5177279114723206,3,3,1,0,1,0,1,0.9999999403953552,-0.26361992955207825,0,stale-soft,0.0,6,28,33,STALE_LENIENT,0,0,0,1,0,2,0.0,0.482272
margin,live-delta,7,0.0,0.374713,0.498995,0.286755,0.738281,0.423161,0.573161,0.00040036439895629883,0.5298848748207092,0.5294845104217529,2.03003191947937,7.6143293380737305,0.24951386451721191,10,3,0,0,0,0,1,1.0,-0.1851538121700287,0,stale-soft,0.0,6,29,13,STALE_STRICT,0,0,1,1,0,9,0.0,0.963151
margin,live-delta,7,0.0,0.374713,0.498995,0.286755,0.738281,0.423161,0.573161,0.04991334676742554,0.6916114091873169,0.6416980624198914,1.98904287815094,7.308535099029541,0.4419843256473541,20,3,0,0,0,0,1,1.0,-0.4158664047718048,0,stale-soft,0.0,6,30,11,STALE_STRICT,0,0,1,1,0,20,0.0,1.0
margin,live-delta,7,0.0,0.374713,0.498995,0.286755,0.738281,0.423161,0.573161,0.015379726886749268,0.5836501121520996,0.5682703852653503,2.557187080383301,12.899480819702148,0.2153107225894928,20,3,0,0,0,0,1,1.0000001192092896,-0.29959285259246826,0,stale-soft,0.0,6,31,11,STALE_STRICT,0,0,1,1,0,20,0.0,1.0
margin,live-delta,7,0.0,0.374713,0.498995,0.286755,0.738281,0.423161,0.573161,0.00023114681243896484,0.4375622570514679,0.43733111023902893,0.6931445598602295,1.9999947547912598,0.5011556148529053,2,3,0,0,0,0,1,1.0,-0.2670082449913025,0,stale-soft,0.0,6,32,7,STALE_STRICT,0,0,1,1,0,2,0.0,1.0
margin,live-delta,7,0.0,0.374713,0.498995,0.286755,0.738281,0.423161,0.573161,0.0088273286819458,0.6656931638717651,0.6568658351898193,2.1218438148498535,8.346512794494629,0.323309063911438,19,3,0,0,0,0,1,0.9999998807907104,-0.33299094438552856,0,stale-soft,0.0,6,33,20,STALE_STRICT,0,0,1,1,0,19,0.0,1.0
margin,live-delta,7,0.0,0.374713,0.498995,0.286755,0.738281,0.423161,0.573161,0.03324735164642334,0.672676146030426,0.6394287943840027,1.7259678840637207,5.617956161499023,0.4474372863769531,16,3,0,0,0,0,1,1.0,-0.5270504951477051,0,stale-soft,0.0,6,34,1,STALE_STRICT,0,0,1,1,0,16,0.0,1.0
margin,live-delta,7,0.0,0.374713,0.498995,0.286755,0.738281,0.423161,0.573161,0.06339681148529053,0.6739566326141357,0.6105598211288452,1.2848533391952515,3.614137887954712,0.6275709867477417,12,3,0,0,0,0,1,1.0000001192092896,-0.35496705770492554,0,stale-soft,0.0,6,35,28,STALE_STRICT,0,0,1,1,0,11,0.0,0.994378
margin,live-delta,7,0.0,0.374713,0.498995,0.286755,0.738281,0.423161,0.573161,0.061883509159088135,0.6948245167732239,0.6329410076141357,1.7594882249832153,5.8094635009765625,0.5090439915657043,18,3,0,0,0,0,1,1.0,-0.44034188985824585,0,stale-soft,0.0,6,36,12,STALE_STRICT,0,0,1,1,0,18,0.0,1.0
margin,live-delta,7,0.0,0.374713,0.498995,0.286755,0.738281,0.423161,0.573161,0.01653200387954712,0.5996271371841431,0.583095133304596,1.8673006296157837,6.470805644989014,0.33110862970352173,10,3,0,0,0,0,1,1.0000001192092896,-0.4315812587738037,0,stale-soft,0.0,6,37,26,STALE_STRICT,0,0,1,1,0,10,0.0,1.0
margin,live-delta,7,0.0,0.374713,0.498995,0.286755,0.738281,0.423161,0.573161,0.01701536774635315,0.5104827880859375,0.49346742033958435,2.601135015487671,13.479028701782227,0.14278407394886017,15,3,0,0,0,0,1,1.0,-0.22574317455291748,0,stale-soft,0.0,6,38,28,STALE_STRICT,0,0,1,1,0,15,0.0,1.0
margin,live-delta,7,0.0,0.374713,0.498995,0.286755,0.738281,0.423161,0.573161,0.0733039379119873,0.7156831622123718,0.6423792243003845,1.932328701019287,6.905572414398193,0.5024093985557556,20,3,0,0,0,0,1,1.0000001192092896,-0.44519472122192383,0,stale-soft,0.0,6,39,11,STALE_STRICT,0,0,1,1,0,20,0.0,1.0
margin,live-delta,7,0.0,0.374713,0.498995,0.286755,0.738281,0.423161,0.573161,0.012021005153656006,0.5193359851837158,0.5073149800300598,1.4654994010925293,4.329705238342285,0.3678397834300995,5,3,0,0,0,0,1,1.000000238418579,-0.3110678195953369,0,stale-soft,0.0,6,40,18,STALE_STRICT,0,0,1,1,0,5,0.0,1.0
margin,live-delta,7,0.0,0.374713,0.498995,0.286755,0.738281,0.423161,0.573161,0.004130363464355469,0.5956895351409912,0.5915591716766357,2.11102557182312,8.256704330444336,0.2702663838863373,14,3,0,0,0,0,1,0.9999999403953552,-0.18633025884628296,0,stale-soft,0.0,6,41,9,STALE_STRICT,0,0,1,1,0,14,0.0,1.0
margin,live-delta,7,0.0,0.374713,0.498995,0.286755,0.738281,0.423161,0.573161,0.12807446718215942,0.5080372095108032,0.3799627423286438,-0.0,1.0,1.0,1,3,0,0,0,0,1,1.0,-0.24906188249588013,0,stale-soft,0.0,6,42,15,STALE_STRICT,0,0,1,1,0,1,0.0,1.0
margin,live-delta,7,0.0,0.374713,0.498995,0.286755,0.738281,0.423161,0.573161,0.029343336820602417,0.5180602669715881,0.4887169301509857,0.9196711778640747,2.508465528488159,0.5750361084938049,3,3,0,0,0,0,1,0.9999999403953552,-0.22850483655929565,0,stale-soft,0.0,6,44,6,STALE_STRICT,0,0,1,1,0,2,0.0,0.680241
margin,live-delta,7,0.0,0.374713,0.498995,0.286755,0.738281,0.423161,0.573161,0.14111894369125366,0.7220957279205322,0.5809767842292786,0.9061532616615295,2.4747843742370605,0.8118083477020264,19,3,0,0,0,0,1,0.9999998807907104,-0.36302319169044495,0,stale-soft,0.0,6,45,30,STALE_STRICT,0,0,1,1,0,17,0.0,0.994463
margin,live-delta,7,0.0,0.374713,0.498995,0.286755,0.738281,0.423161,0.573161,0.009380042552947998,0.5576402544975281,0.5482602119445801,2.567770004272461,13.036720275878906,0.14526426792144775,17,3,0,0,0,0,1,1.0,-0.2686322331428528,0,stale-soft,0.0,6,46,0,STALE_STRICT,0,0,1,1,0,16,0.0,0.985051
margin,live-delta,7,0.0,0.374713,0.498995,0.286755,0.738281,0.423161,0.573161,0.039743661880493164,0.7065777778625488,0.6668341159820557,1.896702527999878,6.663884162902832,0.4397803246974945,20,3,0,0,0,0,1,1.0000001192092896,-0.436687707901001,0,stale-soft,0.0,6,47,11,STALE_STRICT,0,0,1,1,0,20,0.0,1.0
margin,live-delta,7,0.0,0.374713,0.498995,0.286755,0.738281,0.423161,0.573161,0.00565028190612793,0.4656926989555359,0.46004241704940796,0.6915533542633057,1.9968148469924927,0.5282214283943176,2,3,0,0,0,0,1,1.0000001192092896,-0.17271816730499268,0,stale-soft,0.0,6,48,16,STALE_STRICT,0,0,1,1,0,2,0.0,1.0
margin,live-delta,7,0.0,0.374713,0.498995,0.286755,0.738281,0.423161,0.573161,0.004724025726318359,0.6174630522727966,0.6127390265464783,2.6217949390411377,13.760400772094727,0.1533571481704712,20,3,0,0,0,0,1,1.0000001192092896,-0.3462756872177124,0,stale-soft,0.0,6,49,18,STALE_STRICT,0,0,1,1,0,20,0.0,1.0
margin,live-delta,7,0.0,0.374713,0.498995,0.286755,0.738281,0.423161,0.573161,0.021081984043121338,0.631973922252655,0.6108919382095337,2.38700532913208,10.880860328674316,0.24051174521446228,20,3,0,0,0,0,1,1.0,-0.39021122455596924,0,stale-soft,0.0,6,50,11,STALE_STRICT,0,0,1,1,0,20,0.0,1.0
margin,live-delta,7,0.0,0.374713,0.498995,0.286755,0.738281,0.423161,0.573161,0.04159349203109741,0.6099201440811157,0.5683266520500183,2.054079294204712,7.79965353012085,0.3613148331642151,14,3,0,0,0,0,1,1.0,-0.2730158567428589,0,stale-soft,0.0,6,51,30,STALE_STRICT,0,0,1,1,0,13,0.0,0.951122
margin,live-delta,7,0.0,0.374713,0.498995,0.286755,0.738281,0.423161,0.573161,0.04602915048599243,0.6817589998245239,0.6357298493385315,1.995059609413147,7.3526411056518555,0.450581818819046,20,3,0,0,0,0,1,0.9999999403953552,-0.32056257128715515,0,stale-soft,0.0,6,52,30,STALE_STRICT,0,0,1,1,0,20,0.0,1.0
margin,live-delta,7,0.0,0.374713,0.498995,0.286755,0.738281,0.423161,0.573161,0.02947831153869629,0.6125665903091431,0.5830882787704468,2.16666579246521,8.729130744934082,0.2966403365135193,14,3,0,0,0,0,1,0.9999998807907104,-0.46717482805252075,0,stale-soft,0.0,6,53,7,STALE_STRICT,0,0,1,1,0,14,0.0,1.0
margin,live-delta,7,0.0,0.374713,0.498995,0.286755,0.738281,0.423161,0.573161,0.039527952671051025,0.6817615628242493,0.6422336101531982,1.4493433237075806,4.260315895080566,0.5196475982666016,12,3,0,0,0,0,1,0.9999998211860657,-0.32564297318458557,0,stale-soft,0.0,6,54,16,STALE_STRICT,0,0,1,1,0,11,0.0,0.993152
margin,live-delta,7,0.0,0.374713,0.498995,0.286755,0.738281,0.423161,0.573161,0.1259809136390686,0.7112128138542175,0.5852319002151489,1.3836485147476196,3.9894306659698486,0.7028036117553711,20,3,0,0,0,0,1,0.9999998807907104,-0.30064940452575684,0,stale-soft,0.0,6,55,30,STALE_STRICT,0,0,1,1,0,19,0.0,0.994113
margin,live-delta,7,0.0,0.374713,0.498995,0.286755,0.738281,0.423161,0.573161,0.04841500520706177,0.5435279607772827,0.49511295557022095,1.9129436016082764,6.772996425628662,0.3875858783721924,10,3,0,0,0,0,1,0.9999998807907104,-0.32181990146636963,0,stale-soft,0.0,6,56,1,STALE_STRICT,0,0,1,1,0,10,0.0,1.0
margin,live-delta,7,0.0,0.374713,0.498995,0.286755,0.738281,0.423161,0.573161,0.011501491069793701,0.5289517045021057,0.517450213432312,2.463743209838867,11.748706817626953,0.1628255397081375,14,3,0,0,0,0,1,1.0,-0.23483747243881226,0,stale-soft,0.0,6,57,28,STALE_STRICT,0,0,1,1,0,14,0.0,1.0
margin,live-delta,7,0.0,0.374713,0.498995,0.286755,0.738281,0.423161,0.573161,0.027495503425598145,0.521161675453186,0.4936661720275879,1.849459171295166,6.356380939483643,0.27965304255485535,7,3,0,0,0,0,1,1.0000001192092896,-0.17988520860671997,0,stale-soft,0.0,6,58,28,STALE_STRICT,0,0,1,1,0,7,0.0,1.0
margin,live-delta,7,0.0,0.374713,0.498995,0.286755,0.738281,0.423161,0.573161,0.0455852746963501,0.7100707292556763,0.6644854545593262,1.6763778924942017,5.346156597137451,0.4960916340351105,20,3,0,0,0,0,1,0.9999999403953552,-0.47589704394340515,0,stale-soft,0.0,6,59,11,STALE_STRICT,0,0,1,1,0,20,0.0,1.0
margin,live-delta,7,0.0,0.374713,0.498995,0.286755,0.738281,0.423161,0.573161,0.0009667277336120605,0.7287241816520691,0.727757453918457,1.377142310142517,3.9635589122772217,0.3558221161365509,12,3,0,0,0,0,1,1.0,-0.5508826971054077,0,stale-soft,0.0,6,61,25,STALE_STRICT,0,0,1,1,0,12,0.0,1.0
margin,live-delta,7,0.0,0.374713,0.498995,0.286755,0.738281,0.423161,0.573161,0.03774535655975342,0.5500203371047974,0.512274980545044,1.7039306163787842,5.4955058097839355,0.4182017147541046,8,3,0,0,0,0,1,1.0,-0.20863336324691772,0,stale-soft,0.0,6,62,16,STALE_STRICT,0,0,1,1,0,8,0.0,1.0
margin,live-delta,7,0.0,0.374713,0.498995,0.286755,0.738281,0.423161,0.573161,0.0918266773223877,0.7022755146026611,0.6104488372802734,1.6186840534210205,5.046444892883301,0.6052987575531006,20,3,0,0,0,0,1,0.9999999403953552,-0.3944852948188782,0,stale-soft,0.0,6,63,22,STALE_STRICT,0,0,1,1,0,20,0.0,1.0
margin,live-delta,7,0.0,0.374713,0.498995,0.286755,0.738281,0.423161,0.573161,0.0138663649559021,0.6372043490409851,0.623337984085083,2.0766046047210693,7.977336883544922,0.273668497800827,16,1,1,1,1,1,0,0.006435961928218603,0.18750077486038208,2,stale-soft,0.0,6,64,60,CORRECT,0,0,0,0,0,1,0.0,0.006436
margin,live-delta,7,0.0,0.374713,0.498995,0.286755,0.738281,0.423161,0.573161,0.07325202226638794,0.7194734811782837,0.6462214589118958,1.3844233751296997,3.992522954940796,0.5926370620727539,13,1,1,1,1,1,0,0.0,0.4203501343727112,2,stale-soft,0.0,6,65,49,CORRECT,0,0,0,0,0,0,0.0,0.0
margin,live-delta,7,0.0,0.374713,0.498995,0.286755,0.738281,0.423161,0.573161,0.27114012837409973,0.7173919677734375,0.44625183939933777,0.0497102290391922,1.050966501235962,0.9924216866493225,3,1,1,1,1,1,0,0.0,0.4258134365081787,2,stale-soft,0.0,6,66,54,CORRECT,0,0,0,0,0,0,0.0,0.0
margin,live-delta,7,0.0,0.374713,0.498995,0.286755,0.738281,0.423161,0.573161,0.04251831769943237,0.6012977957725525,0.5587794780731201,2.163828134536743,8.704395294189453,0.2915738523006439,13,1,1,1,1,1,0,0.0,0.203637957572937,2,stale-soft,0.0,6,67,42,CORRECT,0,0,0,0,0,0,0.0,0.0
margin,live-delta,7,0.0,0.374713,0.498995,0.286755,0.738281,0.423161,0.573161,0.17981690168380737,0.6864583492279053,0.5066414475440979,0.3430187404155731,1.4091951847076416,0.9346346855163574,7,1,1,1,1,1,0,0.0,0.43639615178108215,2,stale-soft,0.0,6,68,57,CORRECT,0,0,0,0,0,0,0.0,0.0
margin,live-delta,7,0.0,0.374713,0.498995,0.286755,0.738281,0.423161,0.573161,0.026864051818847656,0.5847336053848267,0.557869553565979,1.9622299671173096,7.115176200866699,0.3561709523200989,11,1,1,1,1,1,0,0.017289120703935623,0.1512666940689087,2,stale-soft,0.0,6,69,52,CORRECT,0,0,0,0,0,1,0.0,0.017289
margin,live-delta,7,0.0,0.374713,0.498995,0.286755,0.738281,0.423161,0.573161,0.08957570791244507,0.6409652233123779,0.5513895153999329,0.8416467905044556,2.3201847076416016,0.7719699740409851,7,1,1,1,1,1,0,0.0,0.3181228041648865,2,stale-soft,0.0,6,70,57,CORRECT,0,0,0,0,0,0,0.0,0.0
margin,live-delta,7,0.0,0.374713,0.498995,0.286755,0.738281,0.423161,0.573161,0.04689741134643555,0.5237218141555786,0.47682440280914307,1.3581238985061646,3.888890504837036,0.5000370740890503,5,1,1,1,1,1,0,0.09810714423656464,0.08143112063407898,2,stale-soft,0.0,6,71,49,CORRECT,0,0,0,0,0,1,0.0,0.098107
margin,live-delta,7,0.0,0.374713,0.498995,0.286755,0.738281,0.423161,0.573161,0.028354287147521973,0.7925995588302612,0.7642452716827393,0.9122671484947205,2.4899611473083496,0.5992596745491028,8,1,1,1,1,1,0,0.0,0.46540719270706177,2,stale-soft,0.0,6,72,40,CORRECT,0,0,0,0,0,0,0.0,0.0
margin,live-delta,7,0.0,0.374713,0.498995,0.286755,0.738281,0.423161,0.573161,0.03947728872299194,0.4474477767944336,0.40797048807144165,-0.0,1.0,1.0,1,1,1,1,1,1,0,0.0,0.04582047462463379,1,stale-soft,0.0,6,73,35,CORRECT,0,0,0,0,0,0,0.0,0.0
margin,live-delta,7,0.0,0.374713,0.498995,0.286755,0.738281,0.423161,0.573161,0.019095420837402344,0.6300061345100403,0.6109107136726379,1.0967880487442017,2.994532346725464,0.5097244381904602,6,1,1,1,1,1,0,0.0,0.29718226194381714,2,stale-soft,0.0,6,74,32,CORRECT,0,0,0,0,0,0,0.0,0.0
margin,live-delta,7,0.0,0.374713,0.498995,0.286755,0.738281,0.423161,0.573161,0.02758324146270752,0.6517994403839111,0.6242161989212036,1.884400486946106,6.582406997680664,0.3671124577522278,16,1,1,1,1,1,0,0.01582324132323265,0.17890149354934692,2,stale-soft,0.0,6,75,48,CORRECT,0,0,0,0,0,2,0.0,0.015823
margin,live-delta,7,0.0,0.374713,0.498995,0.286755,0.738281,0.423161,0.573161,0.006723225116729736,0.587090253829956,0.5803670287132263,2.0371267795562744,7.668544292449951,0.2888232469558716,13,1,1,1,1,1,0,0.024363204836845398,0.15502119064331055,2,stale-soft,0.0,6,76,35,CORRECT,0,0,0,0,0,1,0.0,0.011357
margin,live-delta,7,0.0,0.374713,0.498995,0.286755,0.738281,0.423161,0.573161,0.01150047779083252,0.4391584098339081,0.42765793204307556,0.6865776777267456,1.9869040250778198,0.5572500824928284,2,1,1,1,1,1,0,0.0,0.11116591095924377,2,stale-soft,0.0,6,77,58,CORRECT,0,0,0,0,0,0,0.0,0.0
margin,live-delta,7,0.0,0.374713,0.498995,0.286755,0.738281,0.423161,0.573161,0.046075284481048584,0.485497385263443,0.4394221007823944,1.2433892488479614,3.4673452377319336,0.4953957200050354,4,1,1,1,1,1,0,0.0,0.11503127217292786,2,stale-soft,0.0,6,78,37,CORRECT,0,0,0,0,0,0,0.0,0.0
margin,live-delta,7,0.0,0.374713,0.498995,0.286755,0.738281,0.423161,0.573161,0.011427760124206543,0.43584972620010376,0.4244219660758972,0.6866599321365356,1.987067461013794,0.5568912029266357,2,1,1,1,1,1,0,0.0,0.09523272514343262,2,stale-soft,0.0,6,79,55,CORRECT,0,0,0,0,0,0,0.0,0.0
margin,live-delta,7,0.0,0.374713,0.498995,0.286755,0.738281,0.423161,0.573161,0.047071754932403564,0.580012857913971,0.5329411029815674,1.3667778968811035,3.9226911067962646,0.5523421764373779,7,1,0,0,0,0,1,0.941399097442627,-0.1121707558631897,0,stale-soft,0.0,6,80,24,STALE_STRICT,0,0,1,1,0,6,0.0,0.941399
margin,live-delta,7,0.0,0.374713,0.498995,0.286755,0.738281,0.423161,0.573161,0.06020021438598633,0.6887730360031128,0.6285728216171265,1.2882663011550903,3.6264939308166504,0.556942343711853,7,1,1,1,1,1,0,0.0,0.5219050645828247,2,stale-soft,0.0,6,81,50,CORRECT,0,0,0,0,0,0,0.0,0.0
margin,live-delta,7,0.0,0.374713,0.498995,0.286755,0.738281,0.423161,0.573161,0.06465297937393188,0.675824761390686,0.6111717820167542,1.559347152709961,4.755715370178223,0.5730307102203369,15,1,1,1,1,1,0,0.0,0.3446776866912842,2,stale-soft,0.0,6,82,61,CORRECT,0,0,0,0,0,0,0.0,0.0
margin,live-delta,7,0.0,0.374713,0.498995,0.286755,0.738281,0.423161,0.573161,0.062261730432510376,0.522896409034729,0.46063467860221863,0.5313348770141602,1.7012016773223877,0.7764738202095032,2,1,1,1,1,1,0,0.0,0.20996356010437012,2,stale-soft,0.0,6,83,42,CORRECT,0,0,0,0,0,0,0.0,0.0
margin,live-delta,7,0.0,0.374713,0.498995,0.286755,0.738281,0.423161,0.573161,0.007027864456176758,0.595234215259552,0.5882063508033752,1.52702796459198,4.604471683502197,0.3388727009296417,8,1,1,1,1,1,0,0.0,0.3471389412879944,2,stale-soft,0.0,6,84,52,CORRECT,0,0,0,0,0,0,0.0,0.0
margin,live-delta,7,0.0,0.374713,0.498995,0.286755,0.738281,0.423161,0.573161,0.002056121826171875,0.5324323177337646,0.5303761959075928,2.0289604663848877,7.606175422668457,0.24464723467826843,10,1,1,1,1,1,1,0.12615083158016205,0.06689471006393433,2,stale-soft,0.0,6,85,41,CORRECT,0,0,0,0,0,2,0.0,0.126151
margin,live-delta,7,0.0,0.374713,0.498995,0.286755,0.738281,0.423161,0.573161,0.014487236738204956,0.49048975110054016,0.4760025143623352,1.3602098226547241,3.8970108032226562,0.3414223790168762,4,1,0,0,0,0,1,0.5969616174697876,-0.02302202582359314,0,stale-soft,0.0,6,86,25,STALE_STRICT,0,0,1,1,0,2,0.0,0.596962
margin,live-delta,7,0.0,0.374713,0.498995,0.286755,0.738281,0.423161,0.573161,0.30191630125045776,0.8589409589767456,0.5570246577262878,0.06387908011674881,1.0659635066986084,0.9919205904006958,12,1,1,1,1,1,0,0.0013999966904520988,0.3508061170578003,2,stale-soft,0.0,6,87,43,CORRECT,0,0,0,0,0,3,0.0,0.0014
margin,live-delta,7,0.0,0.374713,0.498995,0.286755,0.738281,0.423161,0.573161,0.023692190647125244,0.6738309860229492,0.650138795375824,1.1917353868484497,3.292790412902832,0.4983566403388977,8,1,1,1,1,1,0,0.0,0.38304105401039124,2,stale-soft,0.0,6,88,61,CORRECT,0,0,0,0,0,0,0.0,0.0
margin,live-delta,7,0.0,0.374713,0.498995,0.286755,0.738281,0.423161,0.573161,0.01702946424484253,0.6745926737785339,0.6575632095336914,1.657617211341858,5.246793746948242,0.3624098002910614,10,1,1,1,1,1,0,0.0,0.4250260889530182,2,stale-soft,0.0,6,89,39,CORRECT,0,0,0,0,0,0,0.0,0.0
margin,live-delta,7,0.0,0.374713,0.498995,0.286755,0.738281,0.423161,0.573161,0.005663275718688965,0.6045351028442383,0.5988718271255493,1.982502818107605,7.260892868041992,0.26056328415870667,15,1,1,1,1,1,0,0.0,0.3412850499153137,2,stale-soft,0.0,6,90,39,CORRECT,0,0,0,0,0,0,0.0,0.0
margin,live-delta,7,0.0,0.374713,0.498995,0.286755,0.738281,0.423161,0.573161,0.006245851516723633,0.5371400713920593,0.5308942198753357,2.165701389312744,8.72071647644043,0.18508437275886536,11,1,1,1,1,1,1,0.1334415227174759,0.016357421875,0,stale-soft,0.0,6,91,45,CORRECT,0,0,0,0,0,1,0.0,0.133442
margin,live-delta,7,0.0,0.374713,0.498995,0.286755,0.738281,0.423161,0.573161,0.08484706282615662,0.46731051802635193,0.3824634552001953,-0.0,1.0,1.0,1,1,1,1,1,1,0,0.0,0.20996516942977905,2,stale-soft,0.0,6,92,40,CORRECT,0,0,0,0,0,0,0.0,0.0
margin,live-delta,7,0.0,0.374713,0.498995,0.286755,0.738281,0.423161,0.573161,0.03696244955062866,0.5619375705718994,0.5249751210212708,1.9507731199264526,7.03412389755249,0.38513410091400146,11,1,1,1,1,1,0,0.0,0.26756343245506287,2,stale-soft,0.0,6,93,57,CORRECT,0,0,0,0,0,0,0.0,0.0
margin,live-delta,7,0.0,0.374713,0.498995,0.286755,0.738281,0.423161,0.573161,0.001346588134765625,0.6266343593597412,0.6252877712249756,1.8937263488769531,6.644080638885498,0.273932546377182,12,1,1,1,1,1,0,0.0,0.3373410105705261,2,stale-soft,0.0,6,94,61,CORRECT,0,0,0,0,0,0,0.0,0.0
margin,live-delta,7,0.0,0.374713,0.498995,0.286755,0.738281,0.423161,0.573161,0.08536481857299805,0.604717493057251,0.5193526744842529,0.8877066969871521,2.429551601409912,0.7351946830749512,5,1,1,1,1,1,0,0.0,0.21116384863853455,2,stale-soft,0.0,6,95,41,CORRECT,0,0,0,0,0,0,0.0,0.0
margin,live-delta,7,0.0,0.374713,0.498995,0.286755,0.738281,0.423161,0.573161,0.005658745765686035,0.6051054000854492,0.5994466543197632,2.0496437549591064,7.765134334564209,0.24924463033676147,12,1,1,1,1,1,0,0.0,0.39281249046325684,2,stale-soft,0.0,6,96,54,CORRECT,0,0,0,0,0,0,0.0,0.0
margin,live-delta,7,0.0,0.374713,0.498995,0.286755,0.738281,0.423161,0.573161,0.06105303764343262,0.7184756994247437,0.657422661781311,1.0150387287139893,2.759470224380493,0.6803184151649475,8,1,1,1,1,1,0,0.0,0.4032242000102997,2,stale-soft,0.0,6,97,40,CORRECT,0,0,0,0,0,0,0.0,0.0
margin,live-delta,7,0.0,0.374713,0.498995,0.286755,0.738281,0.423161,0.573161,0.013661503791809082,0.582595705986023,0.5689342021942139,1.1959669589996338,3.306753635406494,0.43847981095314026,4,1,1,1,1,1,0,0.0,0.2990831136703491,2,stale-soft,0.0,6,98,56,CORRECT,0,0,0,0,0,0,0.0,0.0
margin,live-delta,7,0.0,0.374713,0.498995,0.286755,0.738281,0.423161,0.573161,0.28284555673599243,0.7437993288040161,0.4609537720680237,0.043186262249946594,1.0441323518753052,0.993588924407959,3,1,1,1,1,1,0,0.0,0.5071672201156616,2,stale-soft,0.0,6,99,41,CORRECT,0,0,0,0,0,0,0.0,0.0
margin,live-delta,7,0.0,0.374713,0.498995,0.286755,0.738281,0.423161,0.573161,0.008107304573059082,0.5988267660140991,0.59071946144104,0.7947788834571838,2.213951349258423,0.5259713530540466,3,1,1,1,1,1,0,0.0,0.31339359283447266,2,stale-soft,0.0,6,100,61,CORRECT,0,0,0,0,0,0,0.0,0.0
margin,live-delta,7,0.0,0.374713,0.498995,0.286755,0.738281,0.423161,0.573161,0.018241524696350098,0.48883119225502014,0.47058966755867004,1.0598750114440918,2.88601016998291,0.45503970980644226,3,1,3,0,3,0,1,1.0,-0.08488729596138,0,stale-soft,0.0,6,101,123,BLENDED,0,0,0,0,0,0,0.0,0.0
margin,live-delta,7,0.0,0.374713,0.498995,0.286755,0.738281,0.423161,0.573161,0.06546664237976074,0.6314265727996826,0.5659599304199219,1.6402329206466675,5.156370639801025,0.4877015948295593,9,1,1,1,1,1,0,0.0,0.36988168954849243,2,stale-soft,0.0,6,102,62,CORRECT,0,0,0,0,0,0,0.0,0.0
margin,live-delta,7,0.0,0.374713,0.498995,0.286755,0.738281,0.423161,0.573161,0.018510043621063232,0.6128389239311218,0.5943288803100586,1.317290186882019,3.7332911491394043,0.49540987610816956,9,1,1,1,1,1,0,0.0,0.2733041048049927,2,stale-soft,0.0,6,103,54,CORRECT,0,0,0,0,0,0,0.0,0.0
margin,live-delta,7,0.0,0.374713,0.498995,0.286755,0.738281,0.423161,0.573161,0.0038860440254211426,0.6102866530418396,0.6064006090164185,1.8849693536758423,6.58615255355835,0.320635050535202,12,1,1,1,1,1,0,0.0,0.3647603988647461,2,stale-soft,0.0,6,104,49,CORRECT,0,0,0,0,0,0,0.0,0.0
margin,live-delta,7,0.0,0.374713,0.498995,0.286755,0.738281,0.423161,0.573161,0.07134711742401123,0.705420970916748,0.6340738534927368,1.272269606590271,3.568943500518799,0.6077620983123779,9,1,1,1,1,1,0,0.0,0.4852299094200134,2,stale-soft,0.0,6,105,40,CORRECT,0,0,0,0,0,0,0.0,0.0
margin,live-delta,7,0.0,0.374713,0.498995,0.286755,0.738281,0.423161,0.573161,0.07959204912185669,0.7538836598396301,0.6742916107177734,0.9749141335487366,2.650939464569092,0.7221004962921143,11,1,1,1,1,1,0,0.0,0.4799800217151642,2,stale-soft,0.0,6,106,39,CORRECT,0,0,0,0,0,0,0.0,0.0
margin,live-delta,7,0.0,0.374713,0.498995,0.286755,0.738281,0.423161,0.573161,0.011961400508880615,0.617219865322113,0.6052584648132324,1.6458401679992676,5.185364723205566,0.4047010540962219,12,1,1,1,1,1,1,0.2102506011724472,0.07979494333267212,2,stale-soft,0.0,6,107,60,CORRECT,0,0,0,0,0,5,0.0,0.199356
margin,live-delta,7,0.0,0.374713,0.498995,0.286755,0.738281,0.423161,0.573161,0.04879361391067505,0.6414546966552734,0.5926610827445984,1.8012748956680298,6.0573649406433105,0.4697282016277313,13,1,1,1,1,1,0,0.0,0.362080454826355,2,stale-soft,0.0,6,108,49,CORRECT,0,0,0,0,0,0,0.0,0.0
margin,live-delta,7,0.0,0.374713,0.498995,0.286755,0.738281,0.423161,0.573161,0.005373120307922363,0.6084858179092407,0.6031126976013184,1.3665761947631836,3.9218997955322266,0.4060872793197632,6,1,1,1,1,1,0,0.0,0.3015759587287903,2,stale-soft,0.0,6,109,62,CORRECT,0,0,0,0,0,0,0.0,0.0
margin,live-delta,7,0.0,0.374713,0.498995,0.286755,0.738281,0.423161,0.573161,0.029764771461486816,0.6916086673736572,0.6618438959121704,1.3965046405792236,4.041050434112549,0.49262890219688416,7,1,1,1,1,1,0,0.0,0.47904616594314575,2,stale-soft,0.0,6,111,32,CORRECT,0,0,0,0,0,0,0.0,0.0
margin,live-delta,7,0.0,0.374713,0.498995,0.286755,0.738281,0.423161,0.573161,0.0655626654624939,0.6678102612495422,0.6022475957870483,1.3756229877471924,3.9575414657592773,0.5604981184005737,9,1,1,1,1,1,0,0.0,0.4308151602745056,2,stale-soft,0.0,6,112,46,CORRECT,0,0,0,0,0,0,0.0,0.0
margin,live-delta,7,0.0,0.374713,0.498995,0.286755,0.738281,0.423161,0.573161,0.024531066417694092,0.5232676267623901,0.49873656034469604,0.6639403104782104,1.942431092262268,0.6202526092529297,2,1,1,1,1,1,0,0.0,0.2562590539455414,2,stale-soft,0.0,6,113,34,CORRECT,0,0,0,0,0,0,0.0,0.0
margin,live-delta,7,0.0,0.374713,0.498995,0.286755,0.738281,0.423161,0.573161,0.03674370050430298,0.6705558896064758,0.6338121891021729,1.41384756565094,4.111745357513428,0.5250144004821777,12,1,1,1,1,1,0,0.0,0.39768946170806885,2,stale-soft,0.0,6,114,57,CORRECT,0,0,0,0,0,0,0.0,0.0
margin,live-delta,7,0.0,0.374713,0.498995,0.286755,0.738281,0.423161,0.573161,0.0519755482673645,0.5355624556541443,0.4835869073867798,1.8835197687149048,6.57661247253418,0.3862937092781067,9,1,1,1,1,1,1,0.11309689283370972,0.09194368124008179,2,stale-soft,0.0,6,115,38,CORRECT,0,0,0,0,0,2,0.0,0.113097
margin,live-delta,7,0.0,0.374713,0.498995,0.286755,0.738281,0.423161,0.573161,0.07225793600082397,0.610309898853302,0.538051962852478,1.1016435623168945,3.0091075897216797,0.6662366390228271,6,1,1,1,1,1,0,0.0,0.33518922328948975,2,stale-soft,0.0,6,116,54,CORRECT,0,0,0,0,0,0,0.0,0.0
margin,live-delta,7,0.0,0.374713,0.498995,0.286755,0.738281,0.423161,0.573161,0.10138309001922607,0.6700421571731567,0.5686590671539307,1.3149303197860718,3.7244913578033447,0.6613844633102417,11,1,1,1,1,1,0,0.0060916864313185215,0.23437052965164185,2,stale-soft,0.0,6,117,49,CORRECT,0,0,0,0,0,1,0.0,0.006092
margin,live-delta,7,0.0,0.374713,0.498995,0.286755,0.738281,0.423161,0.573161,0.030777424573898315,0.44668951630592346,0.41591209173202515,-0.0,1.0,1.0,1,1,1,1,1,1,0,0.0,0.21114350855350494,2,stale-soft,0.0,6,118,48,CORRECT,0,0,0,0,0,0,0.0,0.0
margin,live-delta,7,0.0,0.374713,0.498995,0.286755,0.738281,0.423161,0.573161,0.04402768611907959,0.5582033395767212,0.5141756534576416,1.2380722761154175,3.448958396911621,0.5489068627357483,5,1,1,1,1,1,0,0.0,0.15230268239974976,2,stale-soft,0.0,6,119,49,CORRECT,0,0,0,0,0,0,0.0,0.0
margin,live-delta,7,0.0,0.374713,0.498995,0.286755,0.738281,0.423161,0.573161,0.001757204532623291,0.6123923659324646,0.6106351613998413,1.5024776458740234,4.492806911468506,0.36509791016578674,8,1,1,1,1,1,0,0.0,0.3293934762477875,2,stale-soft,0.0,6,120,57,CORRECT,0,0,0,0,0,0,0.0,0.0
margin,live-delta,7,0.0,0.374713,0.498995,0.286755,0.738281,0.423161,0.573161,0.028531432151794434,0.6142705678939819,0.5857391357421875,1.757508397102356,5.797973155975342,0.4236840307712555,12,1,1,1,1,1,0,0.03469586372375488,0.17189186811447144,2,stale-soft,0.0,6,121,52,CORRECT,0,0,0,0,0,3,0.0,0.034696
margin,live-delta,7,0.0,0.374713,0.498995,0.286755,0.738281,0.423161,0.573161,0.04132509231567383,0.6418052911758423,0.6004801988601685,1.6073417663574219,4.989530086517334,0.4551718235015869,9,1,1,1,1,1,0,0.0,0.3827874958515167,2,stale-soft,0.0,6,122,52,CORRECT,0,0,0,0,0,0,0.0,0.0
margin,live-delta,7,0.0,0.374713,0.498995,0.286755,0.738281,0.423161,0.573161,0.1144600510597229,0.5257062911987305,0.41124624013900757,-0.0,1.0,1.0,1,1,1,1,1,1,0,0.0,0.13191860914230347,2,stale-soft,0.0,6,123,43,CORRECT,0,0,0,0,0,0,0.0,0.0
margin,live-delta,7,0.0,0.374713,0.498995,0.286755,0.738281,0.423161,0.573161,0.046421170234680176,0.7209793329238892,0.674558162689209,1.11576509475708,3.0519022941589355,0.623386025428772,11,1,1,1,1,1,0,0.0,0.34347569942474365,2,stale-soft,0.0,6,124,62,CORRECT,0,0,0,0,0,0,0.0,0.0
margin,live-delta,7,0.0,0.374713,0.498995,0.286755,0.738281,0.423161,0.573161,0.02554035186767578,0.5810360312461853,0.5554956793785095,1.8603789806365967,6.426171779632568,0.37988534569740295,11,1,1,1,1,1,0,0.02418176643550396,0.13771352171897888,2,stale-soft,0.0,6,125,38,CORRECT,0,0,0,0,0,1,0.0,0.024182
margin,live-delta,7,0.0,0.374713,0.498995,0.286755,0.738281,0.423161,0.573161,0.051419079303741455,0.7271186113357544,0.6756995320320129,0.7056697010993958,2.025202512741089,0.7194424271583557,7,1,1,1,1,1,0,0.0,0.40758949518203735,2,stale-soft,0.0,6,126,41,CORRECT,0,0,0,0,0,0,0.0,0.0
margin,live-delta,7,0.0,0.374713,0.498995,0.286755,0.738281,0.423161,0.573161,0.1547597050666809,0.7880293130874634,0.6332696080207825,0.44345447421073914,1.5580803155899048,0.905829906463623,8,1,1,1,1,1,0,0.0,0.45933932065963745,2,stale-soft,0.0,6,127,40,CORRECT,0,0,0,0,0,0,0.0,0.0
margin,live-delta,7,0.0,0.374713,0.498995,0.286755,0.738281,0.423161,0.573161,0.028143763542175293,0.5415035486221313,0.513359785079956,2.381694793701172,10.823230743408203,0.24805304408073425,14,2,2,1,2,1,0,0.0,0.2378905713558197,2,stale-soft,0.0,6,128,66,CORRECT,0,0,0,0,0,0,0.0,0.0
margin,live-delta,7,0.0,0.374713,0.498995,0.286755,0.738281,0.423161,0.573161,0.02547597885131836,0.5951765775680542,0.5697005987167358,2.1188390254974365,8.321471214294434,0.31806331872940063,15,2,2,1,2,1,0,0.0,0.3075736165046692,2,stale-soft,0.0,6,129,66,CORRECT,0,0,0,0,0,0,0.0,0.0
margin,live-delta,7,0.0,0.374713,0.498995,0.286755,0.738281,0.423161,0.573161,0.041772425174713135,0.5690668821334839,0.5272944569587708,2.275212049484253,9.729982376098633,0.2631501257419586,14,2,2,1,2,1,0,0.0,0.24107003211975098,2,stale-soft,0.0,6,130,81,CORRECT,0,0,0,0,0,0,0.0,0.0
margin,live-delta,7,0.0,0.374713,0.498995,0.286755,0.738281,0.423161,0.573161,0.07747495174407959,0.7438898086547852,0.6664148569107056,0.6913416981697083,1.9963922500610352,0.7839105725288391,6,2,2,1,2,1,0,0.0,0.5825783014297485,2,stale-soft,0.0,6,133,71,CORRECT,0,0,0,0,0,0,0.0,0.0
margin,live-delta,7,0.0,0.374713,0.498995,0.286755,0.738281,0.423161,0.573161,0.09667551517486572,0.7966054677963257,0.69992995262146,1.1403989791870117,3.1280159950256348,0.7118372917175293,18,2,2,1,2,1,0,0.0,0.5791870355606079,2,stale-soft,0.0,6,134,86,CORRECT,0,0,0,0,0,0,0.0,0.0
margin,live-delta,7,0.0,0.374713,0.498995,0.286755,0.738281,0.423161,0.573161,0.024165570735931396,0.5892134308815002,0.5650478601455688,0.8990680575370789,2.4573118686676025,0.5798836946487427,4,2,2,1,2,1,0,0.0,0.21183645725250244,2,stale-soft,0.0,6,135,91,CORRECT,0,0,0,0,0,0,0.0,0.0
margin,live-delta,7,0.0,0.374713,0.498995,0.286755,0.738281,0.423161,0.573161,0.049243152141571045,0.6251969933509827,0.5759538412094116,2.376845121383667,10.770868301391602,0.33181849122047424,20,2,2,1,2,1,0,0.0,0.3021586835384369,2,stale-soft,0.0,6,136,84,CORRECT,0,0,0,0,0,0,0.0,0.0
margin,live-delta,7,0.0,0.374713,0.498995,0.286755,0.738281,0.423161,0.573161,0.039867937564849854,0.4245971441268921,0.38472920656204224,-0.0,1.0,1.0,1,2,2,1,2,1,0,0.0,0.20286723971366882,2,stale-soft,0.0,6,137,89,CORRECT,0,0,0,0,0,0,0.0,0.0
margin,live-delta,7,0.0,0.374713,0.498995,0.286755,0.738281,0.423161,0.573161,0.028989076614379883,0.6016455888748169,0.572656512260437,1.8511617183685303,6.367212295532227,0.3874114155769348,13,2,2,1,2,1,0,0.0,0.3383933901786804,2,stale-soft,0.0,6,139,64,CORRECT,0,0,0,0,0,0,0.0,0.0
margin,live-delta,7,0.0,0.374713,0.498995,0.286755,0.738281,0.423161,0.573161,0.0345538854598999,0.6501257419586182,0.6155718564987183,1.050065040588379,2.857836961746216,0.5797074437141418,6,2,2,1,2,1,0,0.0,0.4701628088951111,2,stale-soft,0.0,6,140,80,CORRECT,0,0,0,0,0,0,0.0,0.0
margin,live-delta,7,0.0,0.374713,0.498995,0.286755,0.738281,0.423161,0.573161,0.047999441623687744,0.6712274551391602,0.6232280135154724,1.7030452489852905,5.490642547607422,0.5135579109191895,15,2,2,1,2,1,0,0.0,0.4998254179954529,2,stale-soft,0.0,6,141,86,CORRECT,0,0,0,0,0,0,0.0,0.0
margin,live-delta,7,0.0,0.374713,0.498995,0.286755,0.738281,0.423161,0.573161,0.0030187368392944336,0.5701974630355835,0.5671787261962891,2.5860652923583984,13.277425765991211,0.15789645910263062,19,2,2,1,2,1,0,0.0,0.24273034930229187,2,stale-soft,0.0,6,142,65,CORRECT,0,0,0,0,0,0,0.0,0.0
margin,live-delta,7,0.0,0.374713,0.498995,0.286755,0.738281,0.423161,0.573161,0.009077876806259155,0.4765753448009491,0.46749746799468994,1.552777647972107,4.724575042724609,0.30021145939826965,5,2,2,1,2,1,0,0.0,0.21677151322364807,2,stale-soft,0.0,6,143,91,CORRECT,0,0,0,0,0,0,0.0,0.0
margin,live-delta,7,0.0,0.374713,0.498995,0.286755,0.738281,0.423161,0.573161,0.0962134599685669,0.5023441314697266,0.40613067150115967,-0.0,1.0,1.0,1,2,2,1,2,1,0,0.0,0.3381776213645935,2,stale-soft,0.0,6,144,85,CORRECT,0,0,0,0,0,0,0.0,0.0
margin,live-delta,7,0.0,0.374713,0.498995,0.286755,0.738281,0.423161,0.573161,0.06751561164855957,0.5056644678115845,0.4381488561630249,0.5083646774291992,1.6625701189041138,0.794180691242218,2,2,2,1,2,1,0,0.0,0.2127377986907959,2,stale-soft,0.0,6,145,88,CORRECT,0,0,0,0,0,0,0.0,0.0
margin,live-delta,7,0.0,0.374713,0.498995,0.286755,0.738281,0.423161,0.573161,0.023302733898162842,0.5993673801422119,0.5760646462440491,1.5529534816741943,4.725406169891357,0.4578370749950409,10,2,2,1,2,1,0,0.0,0.25072425603866577,2,stale-soft,0.0,6,147,91,CORRECT,0,0,0,0,0,0,0.0,0.0
margin,live-delta,7,0.0,0.374713,0.498995,0.286755,0.738281,0.423161,0.573161,0.003406345844268799,0.5392884612083435,0.5358821153640747,2.2602429389953613,9.585417747497559,0.23192119598388672,13,2,2,1,2,1,0,0.0,0.3246327042579651,2,stale-soft,0.0,6,148,78,CORRECT,0,0,0,0,0,0,0.0,0.0
margin,live-delta,7,0.0,0.374713,0.498995,0.286755,0.738281,0.423161,0.573161,0.08553999662399292,0.6592262387275696,0.5736862421035767,1.1824533939361572,3.2623682022094727,0.698489248752594,12,2,2,1,2,1,0,0.0,0.30882811546325684,2,stale-soft,0.0,6,149,91,CORRECT,0,0,0,0,0,0,0.0,0.0
margin,live-delta,7,0.0,0.374713,0.498995,0.286755,0.738281,0.423161,0.573161,0.002938687801361084,0.6503852605819702,0.6474465727806091,2.3190910816192627,10.16642951965332,0.16713854670524597,20,2,2,1,2,1,0,0.0,0.4170028269290924,2,stale-soft,0.0,6,150,66,CORRECT,0,0,0,0,0,0,0.0,0.0
margin,live-delta,7,0.0,0.374713,0.498995,0.286755,0.738281,0.423161,0.573161,0.027769744396209717,0.5065252184867859,0.47875547409057617,1.20487380027771,3.3363380432128906,0.4873608946800232,4,2,2,1,2,1,0,0.0,0.3551807403564453,2,stale-soft,0.0,6,151,85,CORRECT,0,0,0,0,0,0,0.0,0.0
margin,live-delta,7,0.0,0.374713,0.498995,0.286755,0.738281,0.423161,0.573161,0.27028217911720276,0.6035950779914856,0.33331289887428284,-0.0,1.0,1.0,1,2,2,1,2,1,0,0.0,0.34920328855514526,2,stale-soft,0.0,6,152,74,CORRECT,0,0,0,0,0,0,0.0,0.0
margin,live-delta,7,0.0,0.374713,0.498995,0.286755,0.738281,0.423161,0.573161,0.026611626148223877,0.574760377407074,0.5481487512588501,2.1433072090148926,8.527593612670898,0.2814868092536926,11,2,2,1,2,1,0,0.0,0.3500365614891052,2,stale-soft,0.0,6,153,94,CORRECT,0,0,0,0,0,0,0.0,0.0
margin,live-delta,7,0.0,0.374713,0.498995,0.286755,0.738281,0.423161,0.573161,0.026854515075683594,0.6391476392745972,0.6122931241989136,2.246528148651123,9.454853057861328,0.31415456533432007,19,2,2,1,2,1,0,0.0,0.3466476500034332,2,stale-soft,0.0,6,157,94,CORRECT,0,0,0,0,0,0,0.0,0.0
margin,live-delta,7,0.0,0.374713,0.498995,0.286755,0.738281,0.423161,0.573161,0.08749839663505554,0.5680897235870361,0.4805913269519806,1.6874638795852661,5.4057536125183105,0.5124988555908203,9,2,2,1,2,1,0,0.0,0.36241698265075684,2,stale-soft,0.0,6,158,85,CORRECT,0,0,0,0,0,0,0.0,0.0
margin,live-delta,7,0.0,0.374713,0.498995,0.286755,0.738281,0.423161,0.573161,0.18490827083587646,0.7387069463729858,0.5537986755371094,0.2714545726776123,1.3118712902069092,0.9503756165504456,7,2,2,1,2,1,0,0.0,0.35586118698120117,2,stale-soft,0.0,6,159,68,CORRECT,0,0,0,0,0,0,0.0,0.0
margin,live-delta,7,0.0,0.374713,0.498995,0.286755,0.738281,0.423161,0.573161,0.0344085693359375,0.5577472448348999,0.5233386754989624,1.146784782409668,3.148054838180542,0.559138298034668,5,2,2,1,2,1,0,0.0,0.2380143702030182,2,stale-soft,0.0,6,160,91,CORRECT,0,0,0,0,0,0,0.0,0.0
margin,live-delta,7,0.0,0.374713,0.498995,0.286755,0.738281,0.423161,0.573161,0.010253429412841797,0.4709516167640686,0.4606981873512268,1.3488835096359253,3.853121042251587,0.3446611166000366,4,2,2,1,2,1,0,0.0,0.2889408469200134,2,stale-soft,0.0,6,161,94,CORRECT,0,0,0,0,0,0,0.0,0.0
margin,live-delta,7,0.0,0.374713,0.498995,0.286755,0.738281,0.423161,0.573161,0.17954042553901672,0.6567572951316833,0.4772168695926666,0.2839611768722534,1.3283812999725342,0.9418333172798157,4,2,2,1,2,1,0,0.0,0.43144068121910095,2,stale-soft,0.0,6,162,93,CORRECT,0,0,0,0,0,0,0.0,0.0
margin,live-delta,7,0.0,0.374713,0.498995,0.286755,0.738281,0.423161,0.573161,0.01217794418334961,0.574068546295166,0.5618906021118164,2.413313150405884,11.170910835266113,0.2175770401954651,17,2,2,1,2,1,0,0.0,0.24434435367584229,2,stale-soft,0.0,6,163,66,CORRECT,0,0,0,0,0,0,0.0,0.0
margin,live-delta,7,0.0,0.374713,0.498995,0.286755,0.738281,0.423161,0.573161,0.2803356647491455,0.6889474987983704,0.40861183404922485,-0.0,1.0,1.0,1,2,2,1,2,1,0,0.0,0.4841806888580322,2,stale-soft,0.0,6,164,93,CORRECT,0,0,0,0,0,0,0.0,0.0
margin,live-delta,7,0.0,0.374713,0.498995,0.286755,0.738281,0.423161,0.573161,0.08025693893432617,0.6881221532821655,0.6078652143478394,2.060596227645874,7.850649356842041,0.44700154662132263,19,2,2,1,2,1,0,0.0,0.46291476488113403,2,stale-soft,0.0,6,165,86,CORRECT,0,0,0,0,0,0,0.0,0.0
margin,live-delta,7,0.0,0.374713,0.498995,0.286755,0.738281,0.423161,0.573161,0.07133865356445312,0.4756857752799988,0.40434712171554565,-0.0,1.0,1.0,1,2,2,1,2,1,0,0.0,0.2903061807155609,2,stale-soft,0.0,6,166,80,CORRECT,0,0,0,0,0,0,0.0,0.0
margin,live-delta,7,0.0,0.374713,0.498995,0.286755,0.738281,0.423161,0.573161,0.0013178586959838867,0.6072017550468445,0.6058838963508606,2.1229000091552734,8.35533332824707,0.28279587626457214,16,2,2,1,2,1,0,0.0,0.27673110365867615,2,stale-soft,0.0,6,169,82,CORRECT,0,0,0,0,0,0,0.0,0.0
margin,live-delta,7,0.0,0.374713,0.498995,0.286755,0.738281,0.423161,0.573161,0.018336087465286255,0.48379379510879517,0.4654577076435089,0.6766149997711182,1.967207431793213,0.590666651725769,2,2,2,1,2,1,0,0.0,0.23263269662857056,2,stale-soft,0.0,6,170,68,CORRECT,0,0,0,0,0,0,0.0,0.0
margin,live-delta,7,0.0,0.374713,0.498995,0.286755,0.738281,0.423161,0.573161,0.024298250675201416,0.570502758026123,0.5462045073509216,2.5094048976898193,12.297609329223633,0.18976189196109772,16,2,2,1,2,1,0,0.0,0.237874835729599,2,stale-soft,0.0,6,173,90,CORRECT,0,0,0,0,0,0,0.0,0.0
margin,live-delta,7,0.0,0.374713,0.498995,0.286755,0.738281,0.423161,0.573161,0.05137532949447632,0.4979991912841797,0.44662386178970337,1.2142305374145508,3.367701768875122,0.5165543556213379,4,2,2,1,2,1,0,0.0,0.2287082076072693,2,stale-soft,0.0,6,174,65,CORRECT,0,0,0,0,0,0,0.0,0.0
margin,live-delta,7,0.0,0.374713,0.498995,0.286755,0.738281,0.423161,0.573161,0.12175902724266052,0.6065850257873535,0.484825998544693,0.9500006437301636,2.5857112407684326,0.7615707516670227,7,2,2,1,2,1,0,0.0,0.3992610275745392,2,stale-soft,0.0,6,177,78,CORRECT,0,0,0,0,0,0,0.0,0.0
margin,live-delta,7,0.0,0.374713,0.498995,0.286755,0.738281,0.423161,0.573161,0.0012949109077453613,0.5802474617958069,0.5789525508880615,2.252661943435669,9.513025283813477,0.24129801988601685,15,2,2,1,2,1,0,0.0,0.2551623582839966,2,stale-soft,0.0,6,179,87,CORRECT,0,0,0,0,0,0,0.0,0.0
margin,live-delta,7,0.0,0.374713,0.498995,0.286755,0.738281,0.423161,0.573161,0.0029421746730804443,0.4807736277580261,0.4778314530849457,1.334958791732788,3.7998392581939697,0.32809990644454956,4,2,2,1,2,1,0,0.0,0.19236382842063904,2,stale-soft,0.0,6,180,64,CORRECT,0,0,0,0,0,0,0.0,0.0
margin,live-delta,7,0.0,0.374713,0.498995,0.286755,0.738281,0.423161,0.573161,0.038379013538360596,0.6918320655822754,0.6534530520439148,1.687880039215088,5.408003807067871,0.5017879009246826,18,2,2,1,2,1,0,0.0,0.48382022976875305,2,stale-soft,0.0,6,181,69,CORRECT,0,0,0,0,0,0,0.0,0.0
margin,live-delta,7,0.0,0.374713,0.498995,0.286755,0.738281,0.423161,0.573161,0.012425124645233154,0.45632970333099365,0.4439045786857605,0.6854872107505798,1.9847385883331299,0.5618076920509338,2,2,2,1,2,1,0,0.0,0.1483648121356964,2,stale-soft,0.0,6,182,64,CORRECT,0,0,0,0,0,0,0.0,0.0
margin,live-delta,7,0.0,0.374713,0.498995,0.286755,0.738281,0.423161,0.573161,0.0478360652923584,0.551082193851471,0.5032461285591125,1.8975062370300293,6.6692423820495605,0.38128840923309326,9,2,2,1,2,1,0,0.0,0.2761037051677704,2,stale-soft,0.0,6,184,66,CORRECT,0,0,0,0,0,0,0.0,0.0
margin,live-delta,7,0.0,0.374713,0.498995,0.286755,0.738281,0.423161,0.573161,0.12603896856307983,0.5307070016860962,0.40466803312301636,-0.0,1.0,1.0,1,2,2,1,2,1,0,0.0,0.22066643834114075,2,stale-soft,0.0,6,185,84,CORRECT,0,0,0,0,0,0,0.0,0.0
margin,live-delta,7,0.0,0.374713,0.498995,0.286755,0.738281,0.423161,0.573161,0.00381547212600708,0.6895368099212646,0.6857213377952576,1.623957633972168,5.0731282234191895,0.3564924895763397,11,2,2,1,2,1,0,0.0,0.4514313340187073,2,stale-soft,0.0,6,186,80,CORRECT,0,0,0,0,0,0,0.0,0.0
margin,live-delta,7,0.0,0.374713,0.498995,0.286755,0.738281,0.423161,0.573161,0.08489975333213806,0.46566590666770935,0.3807661533355713,-0.0,1.0,1.0,1,2,2,1,2,1,0,0.0,0.23156479001045227,2,stale-soft,0.0,6,188,89,CORRECT,0,0,0,0,0,0,0.0,0.0
margin,live-delta,7,0.0,0.374713,0.498995,0.286755,0.738281,0.423161,0.573161,0.04678565263748169,0.574927806854248,0.5281421542167664,1.2031445503234863,3.330573558807373,0.5861719250679016,6,2,2,1,2,1,0,0.0,0.4147406816482544,2,stale-soft,0.0,6,189,65,CORRECT,0,0,0,0,0,0,0.0,0.0
margin,live-delta,7,0.0,0.374713,0.498995,0.286755,0.738281,0.423161,0.573161,0.04630112648010254,0.5638655424118042,0.5175644159317017,2.001896619796753,7.403083801269531,0.36157962679862976,11,2,2,1,2,1,0,0.0,0.18830278515815735,2,stale-soft,0.0,6,190,76,CORRECT,0,0,0,0,0,0,0.0,0.0
margin,live-delta,7,0.0,0.374713,0.498995,0.286755,0.738281,0.423161,0.573161,0.005952358245849609,0.555470883846283,0.5495185256004333,1.9915776252746582,7.327084064483643,0.2889992892742157,11,2,2,1,2,1,0,0.0,0.3715098798274994,2,stale-soft,0.0,6,191,86,CORRECT,0,0,0,0,0,0,0.0,0.0
margin,live-delta,7,0.0,0.374713,0.498995,0.286755,0.738281,0.423161,0.573161,0.03380364179611206,0.715877115726471,0.6820734739303589,1.834572196006775,6.262454509735107,0.34206295013427734,13,3,3,1,3,1,0,0.0,0.4268219470977783,2,stale-soft,0.0,6,192,98,CORRECT,0,0,0,0,0,0,0.0,0.0
margin,live-delta,7,0.0,0.374713,0.498995,0.286755,0.738281,0.423161,0.573161,0.1026039719581604,0.5292460918426514,0.42664211988449097,0.354474276304245,1.4254311323165894,0.8861575126647949,2,3,3,1,3,1,0,0.0,0.2595515251159668,2,stale-soft,0.0,6,193,124,CORRECT,0,0,0,0,0,0,0.0,0.0
margin,live-delta,7,0.0,0.374713,0.498995,0.286755,0.738281,0.423161,0.573161,0.004106700420379639,0.43997180461883545,0.4358651041984558,0.6923046112060547,1.9983155727386475,0.5205218195915222,2,3,3,1,3,1,0,0.0,0.060184478759765625,2,stale-soft,0.0,6,194,124,CORRECT,0,0,0,0,0,0,0.0,0.0
margin,live-delta,7,0.0,0.374713,0.498995,0.286755,0.738281,0.423161,0.573161,0.0854344367980957,0.6738865971565247,0.588452160358429,1.6335092782974243,5.121817111968994,0.5698736906051636,15,3,3,1,3,1,0,0.0,0.2931222915649414,2,stale-soft,0.0,6,195,127,CORRECT,0,0,0,0,0,0,0.0,0.0
margin,live-delta,7,0.0,0.374713,0.498995,0.286755,0.738281,0.423161,0.573161,0.003085196018218994,0.6066103577613831,0.6035251617431641,2.1558871269226074,8.635547637939453,0.19631953537464142,14,3,3,1,3,1,0,0.0,0.3114476203918457,2,stale-soft,0.0,6,196,98,CORRECT,0,0,0,0,0,0,0.0,0.0
margin,live-delta,7,0.0,0.374713,0.498995,0.286755,0.738281,0.423161,0.573161,0.009994745254516602,0.6571125984191895,0.6471178531646729,2.1681580543518066,8.742166519165039,0.24089346826076508,17,3,3,1,3,1,0,0.0,0.26061269640922546,2,stale-soft,0.0,6,197,127,CORRECT,0,0,0,0,0,0,0.0,0.0
margin,live-delta,7,0.0,0.374713,0.498995,0.286755,0.738281,0.423161,0.573161,0.08643484115600586,0.637020468711853,0.5505856275558472,0.9946120381355286,2.7036752700805664,0.7257220149040222,7,3,3,1,3,1,0,0.0,0.2925240099430084,2,stale-soft,0.0,6,199,127,CORRECT,0,0,0,0,0,0,0.0,0.0
margin,live-delta,7,0.0,0.374713,0.498995,0.286755,0.738281,0.423161,0.573161,0.028112411499023438,0.7088281512260437,0.6807157397270203,2.1920745372772217,8.953768730163574,0.2738730311393738,13,3,3,1,3,1,0,0.0,0.3948378562927246,2,stale-soft,0.0,6,200,115,CORRECT,0,0,0,0,0,0,0.0,0.0
margin,live-delta,7,0.0,0.374713,0.498995,0.286755,0.738281,0.423161,0.573161,0.08230161666870117,0.48156577348709106,0.3992641568183899,-0.0,1.0,1.0,1,3,3,1,3,1,0,0.0,0.19499471783638,2,stale-soft,0.0,6,201,107,CORRECT,0,0,0,0,0,0,0.0,0.0
margin,live-delta,7,0.0,0.374713,0.498995,0.286755,0.738281,0.423161,0.573161,0.02431178092956543,0.5317378044128418,0.5074260234832764,0.9845693111419678,2.676658868789673,0.528008222579956,3,3,3,1,3,1,0,0.0,0.28656619787216187,2,stale-soft,0.0,6,202,116,CORRECT,0,0,0,0,0,0,0.0,0.0
margin,live-delta,7,0.0,0.374713,0.498995,0.286755,0.738281,0.423161,0.573161,0.1064421534538269,0.6956464052200317,0.5892042517662048,1.2952994108200073,3.6520893573760986,0.6882302165031433,11,3,3,1,3,1,0,0.0,0.34753942489624023,2,stale-soft,0.0,6,203,123,CORRECT,0,0,0,0,0,0,0.0,0.0
margin,live-delta,7,0.0,0.374713,0.498995,0.286755,0.738281,0.423161,0.573161,0.03447753190994263,0.649493396282196,0.6150158643722534,1.1133800745010376,3.0446321964263916,0.49275344610214233,5,3,3,1,3,1,0,0.0,0.3568621873855591,2,stale-soft,0.0,6,204,99,CORRECT,0,0,0,0,0,0,0.0,0.0
margin,live-delta,7,0.0,0.374713,0.498995,0.286755,0.738281,0.423161,0.573161,0.03863942623138428,0.5191511511802673,0.48051172494888306,0.9767181873321533,2.655726194381714,0.5655601620674133,3,3,3,1,3,1,0,0.0,0.2020900845527649,2,stale-soft,0.0,6,206,107,CORRECT,0,0,0,0,0,0,0.0,0.0
margin,live-delta,7,0.0,0.374713,0.498995,0.286755,0.738281,0.423161,0.573161,0.08332982659339905,0.5254757404327393,0.4421459138393402,0.4378054738044739,1.5493035316467285,0.84112149477005,2,3,3,1,3,1,0,0.0,0.3663392663002014,2,stale-soft,0.0,6,207,101,CORRECT,0,0,0,0,0,0,0.0,0.0
margin,live-delta,7,0.0,0.374713,0.498995,0.286755,0.738281,0.423161,0.573161,0.05445301532745361,0.5600730180740356,0.505620002746582,1.7875155210494995,5.974590301513672,0.4202502965927124,9,3,3,1,3,1,0,0.0,0.26069343090057373,2,stale-soft,0.0,6,208,127,CORRECT,0,0,0,0,0,0,0.0,0.0
margin,live-delta,7,0.0,0.374713,0.498995,0.286755,0.738281,0.423161,0.573161,2.7298927307128906e-05,0.6268348693847656,0.6268075704574585,1.9544328451156616,7.059913635253906,0.22263742983341217,11,3,3,1,3,1,0,0.0,0.3935152590274811,2,stale-soft,0.0,6,209,103,CORRECT,0,0,0,0,0,0,0.0,0.0
margin,live-delta,7,0.0,0.374713,0.498995,0.286755,0.738281,0.423161,0.573161,0.017547130584716797,0.4622208774089813,0.4446737468242645,1.354857325553894,3.8762078285217285,0.3478960692882538,4,3,3,1,3,1,0,0.0,0.08403664827346802,2,stale-soft,0.0,6,210,100,CORRECT,0,0,0,0,0,0,0.0,0.0
margin,live-delta,7,0.0,0.374713,0.498995,0.286755,0.738281,0.423161,0.573161,0.02866208553314209,0.7037274837493896,0.6750653982162476,1.915906548500061,6.793094158172607,0.3497983515262604,13,3,3,1,3,1,0,0.0,0.33825361728668213,2,stale-soft,0.0,6,211,96,CORRECT,0,0,0,0,0,0,0.0,0.0
margin,live-delta,7,0.0,0.374713,0.498995,0.286755,0.738281,0.423161,0.573161,0.03594088554382324,0.7040785551071167,0.6681376695632935,1.6973307132720947,5.459355354309082,0.3989705443382263,12,3,3,1,3,1,0,0.0,0.3959319591522217,2,stale-soft,0.0,6,212,98,CORRECT,0,0,0,0,0,0,0.0,0.0
margin,live-delta,7,0.0,0.374713,0.498995,0.286755,0.738281,0.423161,0.573161,0.02104586362838745,0.7602081298828125,0.739162266254425,1.9688912630081177,7.162730693817139,0.311128705739975,13,3,3,1,3,1,0,0.0,0.5080938935279846,2,stale-soft,0.0,6,213,127,CORRECT,0,0,0,0,0,0,0.0,0.0
margin,live-delta,7,0.0,0.374713,0.498995,0.286755,0.738281,0.423161,0.573161,0.027142703533172607,0.6014844179153442,0.5743417143821716,2.1255223751068115,8.377272605895996,0.3098130226135254,14,3,3,1,3,1,0,0.0,0.37710970640182495,2,stale-soft,0.0,6,215,127,CORRECT,0,0,0,0,0,0,0.0,0.0
margin,live-delta,7,0.0,0.374713,0.498995,0.286755,0.738281,0.423161,0.573161,0.010835587978363037,0.561787486076355,0.5509518980979919,2.0186550617218018,7.52819299697876,0.2228383719921112,9,3,3,1,3,1,0,0.0,0.2200993001461029,2,stale-soft,0.0,6,216,106,CORRECT,0,0,0,0,0,0,0.0,0.0
margin,live-delta,7,0.0,0.374713,0.498995,0.286755,0.738281,0.423161,0.573161,0.15650784969329834,0.5816750526428223,0.4251672029495239,0.17387446761131287,1.1899062395095825,0.9581196904182434,2,3,3,1,3,1,0,0.0,0.3749808371067047,2,stale-soft,0.0,6,217,105,CORRECT,0,0,0,0,0,0,0.0,0.0
margin,live-delta,7,0.0,0.374713,0.498995,0.286755,0.738281,0.423161,0.573161,0.01645064353942871,0.6338362693786621,0.6173856258392334,2.110625982284546,8.253406524658203,0.23641440272331238,13,3,3,1,3,1,0,0.0,0.3904983401298523,2,stale-soft,0.0,6,218,117,CORRECT,0,0,0,0,0,0,0.0,0.0
margin,live-delta,7,0.0,0.374713,0.498995,0.286755,0.738281,0.423161,0.573161,0.04677075147628784,0.540321946144104,0.49355119466781616,2.1447253227233887,8.539695739746094,0.3155598044395447,11,3,3,1,3,1,0,0.0,0.27208060026168823,2,stale-soft,0.0,6,219,108,CORRECT,0,0,0,0,0,0,0.0,0.0
margin,live-delta,7,0.0,0.374713,0.498995,0.286755,0.738281,0.423161,0.573161,0.014024853706359863,0.6931151151657104,0.6790902614593506,2.0542898178100586,7.801295757293701,0.26044440269470215,16,3,3,1,3,1,0,0.0,0.4051532447338104,2,stale-soft,0.0,6,220,127,CORRECT,0,0,0,0,0,0,0.0,0.0
margin,live-delta,7,0.0,0.374713,0.498995,0.286755,0.738281,0.423161,0.573161,0.10552585124969482,0.6067142486572266,0.5011883974075317,1.1310474872589111,3.09890079498291,0.6925030946731567,7,3,3,1,3,1,0,0.0,0.3050418496131897,2,stale-soft,0.0,6,221,102,CORRECT,0,0,0,0,0,0,0.0,0.0
margin,live-delta,7,0.0,0.374713,0.498995,0.286755,0.738281,0.423161,0.573161,0.025349020957946777,0.5600713491439819,0.5347223281860352,2.2517850399017334,9.504687309265137,0.2312806397676468,13,3,3,1,3,1,0,0.0,0.21874409914016724,2,stale-soft,0.0,6,222,98,CORRECT,0,0,0,0,0,0,0.0,0.0
margin,live-delta,7,0.0,0.374713,0.498995,0.286755,0.738281,0.423161,0.573161,0.0464787483215332,0.4414621889591217,0.3949834406375885,-0.0,1.0,1.0,1,3,3,1,3,1,0,0.0,0.2085619568824768,2,stale-soft,0.0,6,223,124,CORRECT,0,0,0,0,0,0,0.0,0.0
margin,live-delta,7,0.0,0.374713,0.498995,0.286755,0.738281,0.423161,0.573161,0.04123324155807495,0.5563745498657227,0.5151413083076477,2.163968324661255,8.705615997314453,0.2990422546863556,12,3,0,0,3,1,1,0.4974493682384491,-0.04123324155807495,0,stale-soft,0.0,6,225,30,CORRECT,0,0,0,0,0,6,0.0,0.497449
margin,live-delta,7,0.0,0.374713,0.498995,0.286755,0.738281,0.423161,0.573161,0.03750276565551758,0.47772443294525146,0.4402216672897339,1.0285415649414062,2.7969837188720703,0.5154327154159546,3,3,3,1,3,1,0,0.0,0.21609339118003845,2,stale-soft,0.0,6,226,123,CORRECT,0,0,0,0,0,0,0.0,0.0
margin,live-delta,7,0.0,0.374713,0.498995,0.286755,0.738281,0.423161,0.573161,0.27257081866264343,0.7159953117370605,0.4434244930744171,0.02756894938647747,1.0279524326324463,0.995728075504303,2,3,3,1,3,1,0,0.0,0.5247364044189453,2,stale-soft,0.0,6,228,99,CORRECT,0,0,0,0,0,0,0.0,0.0
margin,live-delta,7,0.0,0.374713,0.498995,0.286755,0.738281,0.423161,0.573161,0.06361925601959229,0.6538165807723999,0.5901973247528076,1.6806193590164185,5.368880271911621,0.5115627646446228,13,3,3,1,3,1,0,0.0,0.33074119687080383,2,stale-soft,0.0,6,229,115,CORRECT,0,0,0,0,0,0,0.0,0.0
margin,live-delta,7,0.0,0.374713,0.498995,0.286755,0.738281,0.423161,0.573161,0.0028501152992248535,0.6125504374504089,0.6097003221511841,1.868025779724121,6.475499629974365,0.2866000533103943,11,3,3,1,3,1,0,0.0,0.4190482199192047,2,stale-soft,0.0,6,230,103,CORRECT,0,0,0,0,0,0,0.0,0.0
margin,live-delta,7,0.0,0.374713,0.498995,0.286755,0.738281,0.423161,0.573161,0.027474522590637207,0.5701779127120972,0.54270339012146,1.5040860176086426,4.5000386238098145,0.4494079649448395,7,3,3,1,3,1,0,0.0,0.3285231590270996,2,stale-soft,0.0,6,231,117,CORRECT,0,0,0,0,0,0,0.0,0.0
margin,live-delta,7,0.0,0.374713,0.498995,0.286755,0.738281,0.423161,0.573161,0.013588488101959229,0.5009386539459229,0.4873501658439636,1.8226467370986938,6.188215255737305,0.28832149505615234,7,3,3,1,3,1,1,0.21108587086200714,0.0439324676990509,1,stale-soft,0.0,6,232,112,CORRECT,0,0,0,0,0,2,0.0,0.211086
margin,live-delta,7,0.0,0.374713,0.498995,0.286755,0.738281,0.423161,0.573161,0.0030035674571990967,0.496469646692276,0.4934660792350769,2.0350584983825684,7.652699947357178,0.23395663499832153,9,3,3,1,3,1,0,0.0,0.22334417700767517,2,stale-soft,0.0,6,233,115,CORRECT,0,0,0,0,0,0,0.0,0.0
margin,live-delta,7,0.0,0.374713,0.498995,0.286755,0.738281,0.423161,0.573161,0.042917400598526,0.501893937587738,0.45897653698921204,1.9422775506973267,6.974617958068848,0.30856165289878845,8,3,3,1,3,1,0,0.0,0.29814231395721436,2,stale-soft,0.0,6,234,108,CORRECT,0,0,0,0,0,0,0.0,0.0
margin,live-delta,7,0.0,0.374713,0.498995,0.286755,0.738281,0.423161,0.573161,0.06836897134780884,0.6614958643913269,0.5931268930435181,1.530575156211853,4.620833873748779,0.5616140365600586,14,3,3,1,3,1,0,0.0,0.44935303926467896,2,stale-soft,0.0,6,235,115,CORRECT,0,0,0,0,0,0,0.0,0.0
margin,live-delta,7,0.0,0.374713,0.498995,0.286755,0.738281,0.423161,0.573161,0.005754947662353516,0.46608585119247437,0.46033090353012085,1.068191409111023,2.910111427307129,0.410622239112854,3,3,3,1,3,1,1,0.22339923679828644,0.030435651540756226,1,stale-soft,0.0,6,236,118,CORRECT,0,0,0,0,0,1,0.0,0.223399
margin,live-delta,7,0.0,0.374713,0.498995,0.286755,0.738281,0.423161,0.573161,0.015743613243103027,0.6798076629638672,0.6640640497207642,1.52505362033844,4.5953898429870605,0.432344526052475,12,3,3,1,3,1,0,0.0,0.28242504596710205,2,stale-soft,0.0,6,237,115,CORRECT,0,0,0,0,0,0,0.0,0.0
margin,live-delta,7,0.0,0.374713,0.498995,0.286755,0.738281,0.423161,0.573161,0.021391957998275757,0.48643261194229126,0.4650406539440155,1.6768863201141357,5.348875522613525,0.33276689052581787,6,3,3,1,3,1,0,0.0,0.23048827052116394,2,stale-soft,0.0,6,238,114,CORRECT,0,0,0,0,0,0,0.0,0.0
margin,live-delta,7,0.0,0.374713,0.498995,0.286755,0.738281,0.423161,0.573161,0.04946953058242798,0.5871029496192932,0.5376334190368652,1.5924255847930908,4.915657997131348,0.4943068027496338,9,3,3,1,3,1,0,0.0,0.1761089265346527,2,stale-soft,0.0,6,239,123,CORRECT,0,0,0,0,0,0,0.0,0.0
margin,live-delta,7,0.0,0.374713,0.498995,0.286755,0.738281,0.423161,0.573161,0.01888042688369751,0.6377276182174683,0.6188471913337708,1.4924159049987793,4.44782829284668,0.3999118208885193,11,3,3,1,3,1,0,0.0,0.4424499571323395,2,stale-soft,0.0,6,240,114,CORRECT,0,0,0,0,0,0,0.0,0.0
margin,live-delta,7,0.0,0.374713,0.498995,0.286755,0.738281,0.423161,0.573161,0.05921712517738342,0.49900099635124207,0.43978387117385864,0.5443872809410095,1.7235519886016846,0.765727698802948,2,3,3,1,3,1,0,0.0,0.09773263335227966,2,stale-soft,0.0,6,241,99,CORRECT,0,0,0,0,0,0,0.0,0.0
margin,live-delta,7,0.0,0.374713,0.498995,0.286755,0.738281,0.423161,0.573161,0.02079826593399048,0.5582751631736755,0.5374768972396851,2.0957772731781006,8.131758689880371,0.28682923316955566,11,3,3,1,3,1,0,0.0,0.1538691222667694,2,stale-soft,0.0,6,242,96,CORRECT,0,0,0,0,0,0,0.0,0.0
margin,live-delta,7,0.0,0.374713,0.498995,0.286755,0.738281,0.423161,0.573161,0.0026970505714416504,0.7332625985145569,0.7305655479431152,1.527345895767212,4.605936050415039,0.38836973905563354,15,3,3,1,3,1,0,0.0,0.5287417769432068,2,stale-soft,0.0,6,243,110,CORRECT,0,0,0,0,0,0,0.0,0.0
margin,live-delta,7,0.0,0.374713,0.498995,0.286755,0.738281,0.423161,0.573161,0.1839277744293213,0.5966714024543762,0.41274362802505493,-0.0,1.0,1.0,1,3,3,1,3,1,0,0.0,0.2741038501262665,2,stale-soft,0.0,6,244,105,CORRECT,0,0,0,0,0,0,0.0,0.0
margin,live-delta,7,0.0,0.374713,0.498995,0.286755,0.738281,0.423161,0.573161,0.04181373119354248,0.6546295881271362,0.6128158569335938,2.031188488006592,7.623140811920166,0.3431811034679413,14,3,3,1,3,1,0,0.0,0.30705955624580383,2,stale-soft,0.0,6,245,123,CORRECT,0,0,0,0,0,0,0.0,0.0
margin,live-delta,7,0.0,0.374713,0.498995,0.286755,0.738281,0.423161,0.573161,0.3651820123195648,0.8150867223739624,0.4499047100543976,0.013132383115589619,1.0132189989089966,0.9984643459320068,4,3,3,1,3,1,0,0.0,0.5126630663871765,2,stale-soft,0.0,6,246,107,CORRECT,0,0,0,0,0,0,0.0,0.0
margin,live-delta,7,0.0,0.374713,0.498995,0.286755,0.738281,0.423161,0.573161,0.052057862281799316,0.6668754816055298,0.6148176193237305,1.2829850912094116,3.6073920726776123,0.6147833466529846,13,3,3,1,3,1,0,0.0,0.43059098720550537,2,stale-soft,0.0,6,247,116,CORRECT,0,0,0,0,0,0,0.0,0.0
margin,live-delta,7,0.0,0.374713,0.498995,0.286755,0.738281,0.423161,0.573161,0.31732428073883057,0.692050576210022,0.3747262954711914,-0.0,1.0,1.0,1,3,3,1,3,1,0,0.0,0.3636794686317444,2,stale-soft,0.0,6,248,105,CORRECT,0,0,0,0,0,0,0.0,0.0
margin,live-delta,7,0.0,0.374713,0.498995,0.286755,0.738281,0.423161,0.573161,0.04121026396751404,0.4416483938694,0.400438129901886,-0.0,1.0,1.0,1,3,3,1,3,1,0,0.0,0.19013172388076782,2,stale-soft,0.0,6,249,115,CORRECT,0,0,0,0,0,0,0.0,0.0
margin,live-delta,7,0.0,0.374713,0.498995,0.286755,0.738281,0.423161,0.573161,0.08134958148002625,0.4839929938316345,0.4026434123516083,-0.0,1.0,1.0,1,3,3,1,3,1,0,0.0,0.12375488877296448,2,stale-soft,0.0,6,250,107,CORRECT,0,0,0,0,0,0,0.0,0.0
margin,live-delta,7,0.0,0.374713,0.498995,0.286755,0.738281,0.423161,0.573161,0.5856990814208984,0.919346809387207,0.3336476981639862,-0.0,1.0,1.0,1,3,3,1,3,1,0,0.0,0.6660169363021851,2,stale-soft,0.0,6,251,105,CORRECT,0,0,0,0,0,0,0.0,0.0
margin,live-delta,7,0.0,0.374713,0.498995,0.286755,0.738281,0.423161,0.573161,0.04148721694946289,0.558095395565033,0.5166081786155701,1.7848016023635864,5.95839786529541,0.4171777367591858,9,3,3,1,3,1,0,0.0,0.1545422077178955,2,stale-soft,0.0,6,253,123,CORRECT,0,0,0,0,0,0,0.0,0.0
margin,live-delta,7,0.0,0.374713,0.498995,0.286755,0.738281,0.423161,0.573161,0.06869560480117798,0.5217567086219788,0.4530611038208008,0.7986289262771606,2.222491502761841,0.7080431580543518,3,3,3,1,3,1,0,0.0,0.24860435724258423,2,stale-soft,0.0,6,254,102,CORRECT,0,0,0,0,0,0,0.0,0.0
margin,live-delta,7,0.0,0.374713,0.498995,0.286755,0.738281,0.423161,0.573161,0.20871633291244507,0.6134811043739319,0.4047647714614868,-0.0,1.0,1.0,1,3,3,1,3,1,0,0.0,0.44915974140167236,2,stale-soft,0.0,6,255,122,CORRECT,0,0,0,0,0,0,0.0,0.0
margin,live-delta,8,0.0,0.374713,0.498995,0.28695,0.734375,0.421051,0.571051,0.010410964488983154,0.6283859014511108,0.6179749369621277,1.6832038164138794,5.3827738761901855,0.3906971216201782,13,3,0,0,0,0,1,0.9999999403953552,-0.4530397355556488,0,stale-soft,0.0,6,0,1,STALE_STRICT,0,0,1,1,0,13,0.0,1.0
margin,live-delta,8,0.0,0.374713,0.498995,0.28695,0.734375,0.421051,0.571051,0.027423739433288574,0.5380635857582092,0.5106398463249207,1.626991629600525,5.08854341506958,0.3780076205730438,7,3,0,0,0,0,1,1.0,-0.3220284581184387,0,stale-soft,0.0,6,1,20,STALE_STRICT,0,0,1,1,0,7,0.0,1.0
margin,live-delta,8,0.0,0.374713,0.498995,0.28695,0.734375,0.421051,0.571051,0.050639808177948,0.6435017585754395,0.5928619503974915,2.2411506175994873,9.404145240783691,0.36960169672966003,20,3,0,0,0,0,1,0.9711447358131409,-0.12750685214996338,0,stale-soft,0.0,6,2,9,STALE_STRICT,0,0,1,1,0,19,0.0,0.971145
margin,live-delta,8,0.0,0.374713,0.498995,0.28695,0.734375,0.421051,0.571051,0.06146073341369629,0.7017878293991089,0.6403270959854126,1.7371046543121338,5.680871486663818,0.5133206248283386,20,3,0,0,0,0,1,1.0,-0.41814467310905457,0,stale-soft,0.0,6,3,11,STALE_STRICT,0,0,1,1,0,20,0.0,1.0
margin,live-delta,8,0.0,0.374713,0.498995,0.28695,0.734375,0.421051,0.571051,0.00846010446548462,0.6306256651878357,0.6221655607223511,1.9189375638961792,6.81371545791626,0.2713421881198883,13,3,0,0,0,0,1,1.0,-0.3833446502685547,0,stale-soft,0.0,6,4,7,STALE_STRICT,0,0,1,1,0,13,0.0,1.0
margin,live-delta,8,0.0,0.374713,0.498995,0.28695,0.734375,0.421051,0.571051,0.0811147689819336,0.6353706121444702,0.5542558431625366,1.4013378620147705,4.060628890991211,0.6172270178794861,11,3,0,0,0,0,1,1.0,-0.40042978525161743,0,stale-soft,0.0,6,5,13,STALE_STRICT,0,0,1,1,0,11,0.0,1.0
margin,live-delta,8,0.0,0.374713,0.498995,0.28695,0.734375,0.421051,0.571051,0.06274926662445068,0.6143373250961304,0.5515880584716797,2.2170982360839844,9.180651664733887,0.36681875586509705,17,3,0,0,0,0,1,0.9999999403953552,-0.2853238582611084,0,stale-soft,0.0,6,6,27,STALE_STRICT,0,0,1,1,0,17,0.0,1.0
margin,live-delta,8,0.0,0.374713,0.498995,0.28695,0.734375,0.421051,0.571051,0.20145222544670105,0.49529898166656494,0.2938467562198639,-0.0,1.0,1.0,1,3,0,0,0,0,1,1.0,-0.39591747522354126,0,stale-soft,0.0,6,7,7,STALE_STRICT,0,0,1,1,0,1,0.0,1.0
margin,live-delta,8,0.0,0.374713,0.498995,0.28695,0.734375,0.421051,0.571051,0.01923549175262451,0.5491013526916504,0.5298658609390259,1.1870262622833252,3.2773208618164062,0.4971781075000763,5,3,0,0,0,0,1,0.9999999403953552,-0.30419087409973145,0,stale-soft,0.0,6,8,12,STALE_STRICT,0,0,1,1,0,5,0.0,1.0
margin,live-delta,8,0.0,0.374713,0.498995,0.28695,0.734375,0.421051,0.571051,0.08658438920974731,0.6821415424346924,0.5955571532249451,1.345367193222046,3.8395960330963135,0.666522741317749,14,3,0,0,0,0,1,1.0,-0.45356273651123047,0,stale-soft,0.0,6,9,12,STALE_STRICT,0,0,1,1,0,14,0.0,1.0
margin,live-delta,8,0.0,0.374713,0.498995,0.28695,0.734375,0.421051,0.571051,0.032585084438323975,0.5376241207122803,0.5050390362739563,1.7248879671096802,5.611892223358154,0.37664708495140076,7,3,0,0,0,0,1,1.0,-0.40262067317962646,0,stale-soft,0.0,6,10,26,STALE_STRICT,0,0,1,1,0,7,0.0,1.0
margin,live-delta,8,0.0,0.374713,0.498995,0.28695,0.734375,0.421051,0.571051,0.03140741586685181,0.5394497513771057,0.5080423355102539,1.5943386554718018,4.925070762634277,0.3753001093864441,6,3,0,0,0,0,1,1.0,-0.12138670682907104,0,stale-soft,0.0,6,11,24,STALE_STRICT,0,0,1,1,0,5,0.0,0.946862
margin,live-delta,8,0.0,0.374713,0.498995,0.28695,0.734375,0.421051,0.571051,0.0076819658279418945,0.6589006185531616,0.6512186527252197,2.043964147567749,7.721156597137451,0.2539065182209015,20,3,0,0,0,0,1,1.0,-0.3196638226509094,0,stale-soft,0.0,6,12,20,STALE_STRICT,0,0,1,1,0,18,0.0,0.994644
margin,live-delta,8,0.0,0.374713,0.498995,0.28695,0.734375,0.421051,0.571051,0.004485070705413818,0.6025277972221375,0.5980427265167236,1.7247875928878784,5.611329078674316,0.3401036262512207,10,3,0,0,0,0,1,1.0,-0.39324048161506653,0,stale-soft,0.0,6,13,28,STALE_STRICT,0,0,1,1,0,10,0.0,1.0
margin,live-delta,8,0.0,0.374713,0.498995,0.28695,0.734375,0.421051,0.571051,0.00681459903717041,0.6395174264907837,0.6327028274536133,1.7626317739486694,5.827754497528076,0.31755515933036804,14,3,0,0,0,0,1,1.0,-0.34152960777282715,0,stale-soft,0.0,6,14,26,STALE_STRICT,0,0,1,1,0,14,0.0,1.0
margin,live-delta,8,0.0,0.374713,0.498995,0.28695,0.734375,0.421051,0.571051,0.04385042190551758,0.664881706237793,0.6210312843322754,1.8732951879501343,6.509711742401123,0.4243165850639343,15,3,0,0,0,0,1,1.0,-0.3882107734680176,0,stale-soft,0.0,6,15,13,STALE_STRICT,0,0,1,1,0,15,0.0,1.0
margin,live-delta,8,0.0,0.374713,0.498995,0.28695,0.734375,0.421051,0.571051,0.004398524761199951,0.5671542882919312,0.5627557635307312,2.477964162826538,11.91697883605957,0.15145041048526764,16,3,0,0,0,0,1,1.0,-0.31287145614624023,0,stale-soft,0.0,6,16,12,STALE_STRICT,0,0,1,1,0,16,0.0,1.0
margin,live-delta,8,0.0,0.374713,0.498995,0.28695,0.734375,0.421051,0.571051,0.020671069622039795,0.6850572228431702,0.6643861532211304,2.0121259689331055,7.479200839996338,0.3316110372543335,20,3,0,0,0,0,1,0.9999998807907104,-0.37884485721588135,0,stale-soft,0.0,6,17,30,STALE_STRICT,0,0,1,1,0,19,0.0,0.996628
margin,live-delta,8,0.0,0.374713,0.498995,0.28695,0.734375,0.421051,0.571051,0.13047552108764648,0.7553185224533081,0.6248430013656616,1.1679840087890625,3.215503692626953,0.7539670467376709,20,3,0,0,0,0,1,1.0,-0.35036882758140564,0,stale-soft,0.0,6,18,30,STALE_STRICT,0,0,1,1,0,19,0.0,0.997398
margin,live-delta,8,0.0,0.374713,0.498995,0.28695,0.734375,0.421051,0.571051,0.214311420917511,0.7999751567840576,0.5856637358665466,0.5485446453094482,1.7307323217391968,0.908501148223877,20,3,0,0,0,0,1,0.9985231757164001,-0.3210960626602173,0,stale-soft,0.0,6,19,30,STALE_STRICT,0,0,1,1,0,18,0.0,0.995926
margin,live-delta,8,0.0,0.374713,0.498995,0.28695,0.734375,0.421051,0.571051,0.005678772926330566,0.6305544376373291,0.6248756647109985,2.548046588897705,12.782110214233398,0.17128898203372955,20,3,0,0,0,0,1,1.0,-0.31999439001083374,0,stale-soft,0.0,6,20,0,STALE_STRICT,0,0,1,1,0,19,0.0,0.991936
margin,live-delta,8,0.0,0.374713,0.498995,0.28695,0.734375,0.421051,0.571051,0.01732957363128662,0.7488837242126465,0.7315541505813599,1.1172136068344116,3.056326150894165,0.5223629474639893,13,3,0,0,0,0,1,1.0,-0.5293403267860413,0,stale-soft,0.0,6,21,25,STALE_STRICT,0,0,1,1,0,12,0.0,0.99879
margin,live-delta,8,0.0,0.374713,0.498995,0.28695,0.734375,0.421051,0.571051,0.015865683555603027,0.6977767944335938,0.6819111108779907,1.810847282409668,6.115626811981201,0.4170607924461365,20,3,0,0,0,0,1,0.9999999403953552,-0.4273530840873718,0,stale-soft,0.0,6,22,1,STALE_STRICT,0,0,1,1,0,20,0.0,1.0
margin,live-delta,8,0.0,0.374713,0.498995,0.28695,0.734375,0.421051,0.571051,0.05592668056488037,0.6982558965682983,0.642329216003418,2.023435592651367,7.564268112182617,0.4559248089790344,20,3,0,0,0,0,1,1.0000001192092896,-0.4900832176208496,0,stale-soft,0.0,6,23,1,STALE_STRICT,0,0,1,1,0,20,0.0,1.0
margin,live-delta,8,0.0,0.374713,0.498995,0.28695,0.734375,0.421051,0.571051,0.078667551279068,0.550545334815979,0.471877783536911,0.6921436190605164,1.99799382686615,0.765525221824646,3,3,1,0,1,0,1,1.0,-0.3056256175041199,0,stale-soft,0.0,6,24,33,STALE_LENIENT,0,0,0,1,0,1,0.0,0.075744
margin,live-delta,8,0.0,0.374713,0.498995,0.28695,0.734375,0.421051,0.571051,0.01704925298690796,0.6313489079475403,0.6142996549606323,2.4893836975097656,12.053845405578613,0.25167083740234375,20,3,0,0,0,0,1,1.0,-0.2471303939819336,0,stale-soft,0.0,6,25,30,STALE_STRICT,0,0,1,1,0,20,0.0,1.0
margin,live-delta,8,0.0,0.374713,0.498995,0.28695,0.734375,0.421051,0.571051,0.02894890308380127,0.5523542165756226,0.5234053134918213,1.8469512462615967,6.34045934677124,0.3721979856491089,9,3,0,0,0,0,1,1.0,-0.23884332180023193,0,stale-soft,0.0,6,26,27,STALE_STRICT,0,0,1,1,0,9,0.0,1.0
margin,live-delta,8,0.0,0.374713,0.498995,0.28695,0.734375,0.421051,0.571051,0.04773306846618652,0.6731027364730835,0.625369668006897,1.5769482851028442,4.84016227722168,0.49535661935806274,13,3,0,0,0,0,1,0.9891678690910339,-0.19113785028457642,0,stale-soft,0.0,6,27,16,STALE_STRICT,0,0,1,1,0,11,0.0,0.967279
margin,live-delta,8,0.0,0.374713,0.498995,0.28695,0.734375,0.421051,0.571051,0.03371754288673401,0.4923955500125885,0.4586780071258545,1.0246752500534058,2.7861905097961426,0.5177279114723206,3,3,1,0,1,0,1,0.9999999403953552,-0.26361992955207825,0,stale-soft,0.0,6,28,33,STALE_LENIENT,0,0,0,1,0,2,0.0,0.482272
margin,live-delta,8,0.0,0.374713,0.498995,0.28695,0.734375,0.421051,0.571051,0.00040036439895629883,0.5298848748207092,0.5294845104217529,2.03003191947937,7.6143293380737305,0.24951386451721191,10,3,0,0,0,0,1,1.0,-0.1851538121700287,0,stale-soft,0.0,6,29,13,STALE_STRICT,0,0,1,1,0,9,0.0,0.963151
margin,live-delta,8,0.0,0.374713,0.498995,0.28695,0.734375,0.421051,0.571051,0.04991334676742554,0.6916114091873169,0.6416980624198914,1.98904287815094,7.308535099029541,0.4419843256473541,20,3,0,0,0,0,1,1.0,-0.4158664047718048,0,stale-soft,0.0,6,30,11,STALE_STRICT,0,0,1,1,0,20,0.0,1.0
margin,live-delta,8,0.0,0.374713,0.498995,0.28695,0.734375,0.421051,0.571051,0.015379726886749268,0.5836501121520996,0.5682703852653503,2.557187080383301,12.899480819702148,0.2153107225894928,20,3,0,0,0,0,1,1.0000001192092896,-0.29959285259246826,0,stale-soft,0.0,6,31,11,STALE_STRICT,0,0,1,1,0,20,0.0,1.0
margin,live-delta,8,0.0,0.374713,0.498995,0.28695,0.734375,0.421051,0.571051,0.00023114681243896484,0.4375622570514679,0.43733111023902893,0.6931445598602295,1.9999947547912598,0.5011556148529053,2,3,0,0,0,0,1,1.0,-0.2670082449913025,0,stale-soft,0.0,6,32,7,STALE_STRICT,0,0,1,1,0,2,0.0,1.0
margin,live-delta,8,0.0,0.374713,0.498995,0.28695,0.734375,0.421051,0.571051,0.0088273286819458,0.6656931638717651,0.6568658351898193,2.1218438148498535,8.346512794494629,0.323309063911438,19,3,0,0,0,0,1,0.9999998807907104,-0.33299094438552856,0,stale-soft,0.0,6,33,20,STALE_STRICT,0,0,1,1,0,19,0.0,1.0
margin,live-delta,8,0.0,0.374713,0.498995,0.28695,0.734375,0.421051,0.571051,0.03324735164642334,0.672676146030426,0.6394287943840027,1.7259678840637207,5.617956161499023,0.4474372863769531,16,3,0,0,0,0,1,1.0,-0.5270504951477051,0,stale-soft,0.0,6,34,1,STALE_STRICT,0,0,1,1,0,16,0.0,1.0
margin,live-delta,8,0.0,0.374713,0.498995,0.28695,0.734375,0.421051,0.571051,0.06339681148529053,0.6739566326141357,0.6105598211288452,1.327377200126648,3.77113938331604,0.6224517226219177,14,3,0,0,0,0,1,1.0,-0.35496705770492554,0,stale-soft,0.0,6,35,28,STALE_STRICT,0,0,1,1,0,12,0.0,0.990372
margin,live-delta,8,0.0,0.374713,0.498995,0.28695,0.734375,0.421051,0.571051,0.061883509159088135,0.6948245167732239,0.6329410076141357,1.7594882249832153,5.8094635009765625,0.5090439915657043,18,3,0,0,0,0,1,1.0,-0.44034188985824585,0,stale-soft,0.0,6,36,12,STALE_STRICT,0,0,1,1,0,18,0.0,1.0
margin,live-delta,8,0.0,0.374713,0.498995,0.28695,0.734375,0.421051,0.571051,0.01653200387954712,0.5996271371841431,0.583095133304596,1.8673006296157837,6.470805644989014,0.33110862970352173,10,3,0,0,0,0,1,1.0000001192092896,-0.4315812587738037,0,stale-soft,0.0,6,37,26,STALE_STRICT,0,0,1,1,0,10,0.0,1.0
margin,live-delta,8,0.0,0.374713,0.498995,0.28695,0.734375,0.421051,0.571051,0.01701536774635315,0.5104827880859375,0.49346742033958435,2.6522350311279297,14.185708999633789,0.1393176168203354,16,3,0,0,0,0,1,0.9999999403953552,-0.22574317455291748,0,stale-soft,0.0,6,38,28,STALE_STRICT,0,0,1,1,0,16,0.0,1.0
margin,live-delta,8,0.0,0.374713,0.498995,0.28695,0.734375,0.421051,0.571051,0.0733039379119873,0.7156831622123718,0.6423792243003845,1.932328701019287,6.905572414398193,0.5024093985557556,20,3,0,0,0,0,1,1.0000001192092896,-0.44519472122192383,0,stale-soft,0.0,6,39,11,STALE_STRICT,0,0,1,1,0,20,0.0,1.0
margin,live-delta,8,0.0,0.374713,0.498995,0.28695,0.734375,0.421051,0.571051,0.012021005153656006,0.5193359851837158,0.5073149800300598,1.4654994010925293,4.329705238342285,0.3678397834300995,5,3,0,0,0,0,1,1.000000238418579,-0.3110678195953369,0,stale-soft,0.0,6,40,18,STALE_STRICT,0,0,1,1,0,5,0.0,1.0
margin,live-delta,8,0.0,0.374713,0.498995,0.28695,0.734375,0.421051,0.571051,0.004130363464355469,0.5956895351409912,0.5915591716766357,2.11102557182312,8.256704330444336,0.2702663838863373,14,3,0,0,0,0,1,0.9999999403953552,-0.18633025884628296,0,stale-soft,0.0,6,41,9,STALE_STRICT,0,0,1,1,0,14,0.0,1.0
margin,live-delta,8,0.0,0.374713,0.498995,0.28695,0.734375,0.421051,0.571051,0.12807446718215942,0.5080372095108032,0.3799627423286438,-0.0,1.0,1.0,1,3,0,0,0,0,1,1.0,-0.24906188249588013,0,stale-soft,0.0,6,42,15,STALE_STRICT,0,0,1,1,0,1,0.0,1.0
margin,live-delta,8,0.0,0.374713,0.498995,0.28695,0.734375,0.421051,0.571051,0.029343336820602417,0.5180602669715881,0.4887169301509857,0.9196711778640747,2.508465528488159,0.5750361084938049,3,3,0,0,0,0,1,0.9999999403953552,-0.22850483655929565,0,stale-soft,0.0,6,44,6,STALE_STRICT,0,0,1,1,0,2,0.0,0.680241
margin,live-delta,8,0.0,0.374713,0.498995,0.28695,0.734375,0.421051,0.571051,0.14111894369125366,0.7220957279205322,0.5809767842292786,0.9061532616615295,2.4747843742370605,0.8118083477020264,19,3,0,0,0,0,1,0.9999998807907104,-0.36302319169044495,0,stale-soft,0.0,6,45,30,STALE_STRICT,0,0,1,1,0,17,0.0,0.994463
margin,live-delta,8,0.0,0.374713,0.498995,0.28695,0.734375,0.421051,0.571051,0.009380042552947998,0.5576402544975281,0.5482602119445801,2.567770004272461,13.036720275878906,0.14526426792144775,17,3,0,0,0,0,1,1.0,-0.2686322331428528,0,stale-soft,0.0,6,46,0,STALE_STRICT,0,0,1,1,0,16,0.0,0.985051
margin,live-delta,8,0.0,0.374713,0.498995,0.28695,0.734375,0.421051,0.571051,0.039743661880493164,0.7065777778625488,0.6668341159820557,1.896702527999878,6.663884162902832,0.4397803246974945,20,3,0,0,0,0,1,1.0000001192092896,-0.436687707901001,0,stale-soft,0.0,6,47,11,STALE_STRICT,0,0,1,1,0,20,0.0,1.0
margin,live-delta,8,0.0,0.374713,0.498995,0.28695,0.734375,0.421051,0.571051,0.00565028190612793,0.4656926989555359,0.46004241704940796,1.0387084484100342,2.8255653381347656,0.4329869747161865,3,3,0,0,0,0,1,1.0,-0.17271816730499268,0,stale-soft,0.0,6,48,16,STALE_STRICT,0,0,1,1,0,3,0.0,1.0
margin,live-delta,8,0.0,0.374713,0.498995,0.28695,0.734375,0.421051,0.571051,0.004724025726318359,0.6174630522727966,0.6127390265464783,2.6217949390411377,13.760400772094727,0.1533571481704712,20,3,0,0,0,0,1,1.0000001192092896,-0.3462756872177124,0,stale-soft,0.0,6,49,18,STALE_STRICT,0,0,1,1,0,20,0.0,1.0
margin,live-delta,8,0.0,0.374713,0.498995,0.28695,0.734375,0.421051,0.571051,0.021081984043121338,0.631973922252655,0.6108919382095337,2.38700532913208,10.880860328674316,0.24051174521446228,20,3,0,0,0,0,1,1.0,-0.39021122455596924,0,stale-soft,0.0,6,50,11,STALE_STRICT,0,0,1,1,0,20,0.0,1.0
margin,live-delta,8,0.0,0.374713,0.498995,0.28695,0.734375,0.421051,0.571051,0.04159349203109741,0.6099201440811157,0.5683266520500183,2.146594762802124,8.55567455291748,0.3523491621017456,17,3,0,0,0,0,1,1.0,-0.2730158567428589,0,stale-soft,0.0,6,51,30,STALE_STRICT,0,0,1,1,0,15,0.0,0.94401
margin,live-delta,8,0.0,0.374713,0.498995,0.28695,0.734375,0.421051,0.571051,0.04602915048599243,0.6817589998245239,0.6357298493385315,1.995059609413147,7.3526411056518555,0.450581818819046,20,3,0,0,0,0,1,0.9999999403953552,-0.32056257128715515,0,stale-soft,0.0,6,52,30,STALE_STRICT,0,0,1,1,0,20,0.0,1.0
margin,live-delta,8,0.0,0.374713,0.498995,0.28695,0.734375,0.421051,0.571051,0.02947831153869629,0.6125665903091431,0.5830882787704468,2.16666579246521,8.729130744934082,0.2966403365135193,14,3,0,0,0,0,1,0.9999998807907104,-0.46717482805252075,0,stale-soft,0.0,6,53,7,STALE_STRICT,0,0,1,1,0,14,0.0,1.0
margin,live-delta,8,0.0,0.374713,0.498995,0.28695,0.734375,0.421051,0.571051,0.039527952671051025,0.6817615628242493,0.6422336101531982,1.4493433237075806,4.260315895080566,0.5196475982666016,12,3,0,0,0,0,1,0.9999998211860657,-0.32564297318458557,0,stale-soft,0.0,6,54,16,STALE_STRICT,0,0,1,1,0,11,0.0,0.993152
margin,live-delta,8,0.0,0.374713,0.498995,0.28695,0.734375,0.421051,0.571051,0.1259809136390686,0.7112128138542175,0.5852319002151489,1.3836485147476196,3.9894306659698486,0.7028036117553711,20,3,0,0,0,0,1,0.9999998807907104,-0.30064940452575684,0,stale-soft,0.0,6,55,30,STALE_STRICT,0,0,1,1,0,19,0.0,0.994113
margin,live-delta,8,0.0,0.374713,0.498995,0.28695,0.734375,0.421051,0.571051,0.04841500520706177,0.5435279607772827,0.49511295557022095,1.9129436016082764,6.772996425628662,0.3875858783721924,10,3,0,0,0,0,1,0.9999998807907104,-0.32181990146636963,0,stale-soft,0.0,6,56,1,STALE_STRICT,0,0,1,1,0,10,0.0,1.0
margin,live-delta,8,0.0,0.374713,0.498995,0.28695,0.734375,0.421051,0.571051,0.011501491069793701,0.5289517045021057,0.517450213432312,2.5102744102478027,12.308306694030762,0.15981678664684296,15,3,0,0,0,0,1,1.0,-0.23483747243881226,0,stale-soft,0.0,6,57,28,STALE_STRICT,0,0,1,1,0,15,0.0,1.0
margin,live-delta,8,0.0,0.374713,0.498995,0.28695,0.734375,0.421051,0.571051,0.027495503425598145,0.521161675453186,0.4936661720275879,1.849459171295166,6.356380939483643,0.27965304255485535,7,3,0,0,0,0,1,1.0000001192092896,-0.17988520860671997,0,stale-soft,0.0,6,58,28,STALE_STRICT,0,0,1,1,0,7,0.0,1.0
margin,live-delta,8,0.0,0.374713,0.498995,0.28695,0.734375,0.421051,0.571051,0.0455852746963501,0.7100707292556763,0.6644854545593262,1.6763778924942017,5.346156597137451,0.4960916340351105,20,3,0,0,0,0,1,0.9999999403953552,-0.47589704394340515,0,stale-soft,0.0,6,59,11,STALE_STRICT,0,0,1,1,0,20,0.0,1.0
margin,live-delta,8,0.0,0.374713,0.498995,0.28695,0.734375,0.421051,0.571051,0.0009667277336120605,0.7287241816520691,0.727757453918457,1.377142310142517,3.9635589122772217,0.3558221161365509,12,3,0,0,0,0,1,1.0,-0.5508826971054077,0,stale-soft,0.0,6,61,25,STALE_STRICT,0,0,1,1,0,12,0.0,1.0
margin,live-delta,8,0.0,0.374713,0.498995,0.28695,0.734375,0.421051,0.571051,0.03774535655975342,0.5500203371047974,0.512274980545044,1.7039306163787842,5.4955058097839355,0.4182017147541046,8,3,0,0,0,0,1,1.0,-0.20863336324691772,0,stale-soft,0.0,6,62,16,STALE_STRICT,0,0,1,1,0,8,0.0,1.0
margin,live-delta,8,0.0,0.374713,0.498995,0.28695,0.734375,0.421051,0.571051,0.0918266773223877,0.7022755146026611,0.6104488372802734,1.6186840534210205,5.046444892883301,0.6052987575531006,20,3,0,0,0,0,1,0.9999999403953552,-0.3944852948188782,0,stale-soft,0.0,6,63,22,STALE_STRICT,0,0,1,1,0,20,0.0,1.0
margin,live-delta,8,0.0,0.374713,0.498995,0.28695,0.734375,0.421051,0.571051,0.0138663649559021,0.6372043490409851,0.623337984085083,2.0766046047210693,7.977336883544922,0.273668497800827,16,1,1,1,1,1,0,0.006435961928218603,0.18750077486038208,2,stale-soft,0.0,6,64,60,CORRECT,0,0,0,0,0,1,0.0,0.006436
margin,live-delta,8,0.0,0.374713,0.498995,0.28695,0.734375,0.421051,0.571051,0.07325202226638794,0.7194734811782837,0.6462214589118958,1.3844233751296997,3.992522954940796,0.5926370620727539,13,1,1,1,1,1,0,0.0,0.4203501343727112,2,stale-soft,0.0,6,65,49,CORRECT,0,0,0,0,0,0,0.0,0.0
margin,live-delta,8,0.0,0.374713,0.498995,0.28695,0.734375,0.421051,0.571051,0.27114012837409973,0.7173919677734375,0.44625183939933777,0.0497102290391922,1.050966501235962,0.9924216866493225,3,1,1,1,1,1,0,0.0,0.4258134365081787,2,stale-soft,0.0,6,66,54,CORRECT,0,0,0,0,0,0,0.0,0.0
margin,live-delta,8,0.0,0.374713,0.498995,0.28695,0.734375,0.421051,0.571051,0.04251831769943237,0.6012977957725525,0.5587794780731201,2.163828134536743,8.704395294189453,0.2915738523006439,13,1,1,1,1,1,0,0.0,0.203637957572937,2,stale-soft,0.0,6,67,42,CORRECT,0,0,0,0,0,0,0.0,0.0
margin,live-delta,8,0.0,0.374713,0.498995,0.28695,0.734375,0.421051,0.571051,0.17981690168380737,0.6864583492279053,0.5066414475440979,0.3430187404155731,1.4091951847076416,0.9346346855163574,7,1,1,1,1,1,0,0.0,0.43639615178108215,2,stale-soft,0.0,6,68,57,CORRECT,0,0,0,0,0,0,0.0,0.0
margin,live-delta,8,0.0,0.374713,0.498995,0.28695,0.734375,0.421051,0.571051,0.026864051818847656,0.5847336053848267,0.557869553565979,2.006967544555664,7.4407196044921875,0.3514082431793213,12,1,1,1,1,1,0,0.017057931050658226,0.1512666940689087,2,stale-soft,0.0,6,69,52,CORRECT,0,0,0,0,0,1,0.0,0.017058
margin,live-delta,8,0.0,0.374713,0.498995,0.28695,0.734375,0.421051,0.571051,0.08957570791244507,0.6409652233123779,0.5513895153999329,0.8416467905044556,2.3201847076416016,0.7719699740409851,7,1,1,1,1,1,0,0.0,0.3181228041648865,2,stale-soft,0.0,6,70,57,CORRECT,0,0,0,0,0,0,0.0,0.0
margin,live-delta,8,0.0,0.374713,0.498995,0.28695,0.734375,0.421051,0.571051,0.04689741134643555,0.5237218141555786,0.47682440280914307,1.3581238985061646,3.888890504837036,0.5000370740890503,5,1,1,1,1,1,0,0.09810714423656464,0.08143112063407898,2,stale-soft,0.0,6,71,49,CORRECT,0,0,0,0,0,1,0.0,0.098107
margin,live-delta,8,0.0,0.374713,0.498995,0.28695,0.734375,0.421051,0.571051,0.028354287147521973,0.7925995588302612,0.7642452716827393,0.9122671484947205,2.4899611473083496,0.5992596745491028,8,1,1,1,1,1,0,0.0,0.46540719270706177,2,stale-soft,0.0,6,72,40,CORRECT,0,0,0,0,0,0,0.0,0.0
margin,live-delta,8,0.0,0.374713,0.498995,0.28695,0.734375,0.421051,0.571051,0.03947728872299194,0.4474477767944336,0.40797048807144165,-0.0,1.0,1.0,1,1,1,1,1,1,0,0.0,0.04582047462463379,1,stale-soft,0.0,6,73,35,CORRECT,0,0,0,0,0,0,0.0,0.0
margin,live-delta,8,0.0,0.374713,0.498995,0.28695,0.734375,0.421051,0.571051,0.019095420837402344,0.6300061345100403,0.6109107136726379,1.134110927581787,3.1084086894989014,0.5057145953178406,7,1,1,1,1,1,0,0.0,0.29718226194381714,2,stale-soft,0.0,6,74,32,CORRECT,0,0,0,0,0,0,0.0,0.0
margin,live-delta,8,0.0,0.374713,0.498995,0.28695,0.734375,0.421051,0.571051,0.02758324146270752,0.6517994403839111,0.6242161989212036,1.884400486946106,6.582406997680664,0.3671124577522278,16,1,1,1,1,1,0,0.01582324132323265,0.17890149354934692,2,stale-soft,0.0,6,75,48,CORRECT,0,0,0,0,0,2,0.0,0.015823
margin,live-delta,8,0.0,0.374713,0.498995,0.28695,0.734375,0.421051,0.571051,0.006723225116729736,0.587090253829956,0.5803670287132263,2.0371267795562744,7.668544292449951,0.2888232469558716,13,1,1,1,1,1,0,0.024363204836845398,0.15502119064331055,2,stale-soft,0.0,6,76,35,CORRECT,0,0,0,0,0,1,0.0,0.011357
margin,live-delta,8,0.0,0.374713,0.498995,0.28695,0.734375,0.421051,0.571051,0.01150047779083252,0.4391584098339081,0.42765793204307556,0.6865776777267456,1.9869040250778198,0.5572500824928284,2,1,1,1,1,1,0,0.0,0.11116591095924377,2,stale-soft,0.0,6,77,58,CORRECT,0,0,0,0,0,0,0.0,0.0
margin,live-delta,8,0.0,0.374713,0.498995,0.28695,0.734375,0.421051,0.571051,0.046075284481048584,0.485497385263443,0.4394221007823944,1.2433892488479614,3.4673452377319336,0.4953957200050354,4,1,1,1,1,1,0,0.0,0.11503127217292786,2,stale-soft,0.0,6,78,37,CORRECT,0,0,0,0,0,0,0.0,0.0
margin,live-delta,8,0.0,0.374713,0.498995,0.28695,0.734375,0.421051,0.571051,0.011427760124206543,0.43584972620010376,0.4244219660758972,0.6866599321365356,1.987067461013794,0.5568912029266357,2,1,1,1,1,1,0,0.0,0.09523272514343262,2,stale-soft,0.0,6,79,55,CORRECT,0,0,0,0,0,0,0.0,0.0
margin,live-delta,8,0.0,0.374713,0.498995,0.28695,0.734375,0.421051,0.571051,0.047071754932403564,0.580012857913971,0.5329411029815674,1.3667778968811035,3.9226911067962646,0.5523421764373779,7,1,0,0,0,0,1,0.941399097442627,-0.1121707558631897,0,stale-soft,0.0,6,80,24,STALE_STRICT,0,0,1,1,0,6,0.0,0.941399
margin,live-delta,8,0.0,0.374713,0.498995,0.28695,0.734375,0.421051,0.571051,0.06020021438598633,0.6887730360031128,0.6285728216171265,1.2882663011550903,3.6264939308166504,0.556942343711853,7,1,1,1,1,1,0,0.0,0.5219050645828247,2,stale-soft,0.0,6,81,50,CORRECT,0,0,0,0,0,0,0.0,0.0
margin,live-delta,8,0.0,0.374713,0.498995,0.28695,0.734375,0.421051,0.571051,0.06465297937393188,0.675824761390686,0.6111717820167542,1.559347152709961,4.755715370178223,0.5730307102203369,15,1,1,1,1,1,0,0.0,0.3446776866912842,2,stale-soft,0.0,6,82,61,CORRECT,0,0,0,0,0,0,0.0,0.0
margin,live-delta,8,0.0,0.374713,0.498995,0.28695,0.734375,0.421051,0.571051,0.062261730432510376,0.522896409034729,0.46063467860221863,0.5313348770141602,1.7012016773223877,0.7764738202095032,2,1,1,1,1,1,0,0.0,0.20996356010437012,2,stale-soft,0.0,6,83,42,CORRECT,0,0,0,0,0,0,0.0,0.0
margin,live-delta,8,0.0,0.374713,0.498995,0.28695,0.734375,0.421051,0.571051,0.007027864456176758,0.595234215259552,0.5882063508033752,1.5691070556640625,4.802358150482178,0.33533406257629395,9,1,1,1,1,1,0,0.0,0.3471389412879944,2,stale-soft,0.0,6,84,52,CORRECT,0,0,0,0,0,0,0.0,0.0
margin,live-delta,8,0.0,0.374713,0.498995,0.28695,0.734375,0.421051,0.571051,0.002056121826171875,0.5324323177337646,0.5303761959075928,2.2254180908203125,9.257352828979492,0.22632135450839996,13,1,1,1,1,1,1,0.1415972113609314,0.06689471006393433,2,stale-soft,0.0,6,85,41,CORRECT,0,0,0,0,0,3,0.0,0.141597
margin,live-delta,8,0.0,0.374713,0.498995,0.28695,0.734375,0.421051,0.571051,0.014487236738204956,0.49048975110054016,0.4760025143623352,1.3602098226547241,3.8970108032226562,0.3414223790168762,4,1,0,0,0,0,1,0.5969616174697876,-0.02302202582359314,0,stale-soft,0.0,6,86,25,STALE_STRICT,0,0,1,1,0,2,0.0,0.596962
margin,live-delta,8,0.0,0.374713,0.498995,0.28695,0.734375,0.421051,0.571051,0.30191630125045776,0.8589409589767456,0.5570246577262878,0.06541933119297028,1.0676065683364868,0.9917627573013306,13,1,1,1,1,1,0,0.0015588508686050773,0.3508061170578003,2,stale-soft,0.0,6,87,43,CORRECT,0,0,0,0,0,4,0.0,0.001559
margin,live-delta,8,0.0,0.374713,0.498995,0.28695,0.734375,0.421051,0.571051,0.023692190647125244,0.6738309860229492,0.650138795375824,1.1917353868484497,3.292790412902832,0.4983566403388977,8,1,1,1,1,1,0,0.0,0.38304105401039124,2,stale-soft,0.0,6,88,61,CORRECT,0,0,0,0,0,0,0.0,0.0
margin,live-delta,8,0.0,0.374713,0.498995,0.28695,0.734375,0.421051,0.571051,0.01702946424484253,0.6745926737785339,0.6575632095336914,1.657617211341858,5.246793746948242,0.3624098002910614,10,1,1,1,1,1,0,0.0,0.4250260889530182,2,stale-soft,0.0,6,89,39,CORRECT,0,0,0,0,0,0,0.0,0.0
margin,live-delta,8,0.0,0.374713,0.498995,0.28695,0.734375,0.421051,0.571051,0.005663275718688965,0.6045351028442383,0.5988718271255493,1.982502818107605,7.260892868041992,0.26056328415870667,15,1,1,1,1,1,0,0.0,0.3412850499153137,2,stale-soft,0.0,6,90,39,CORRECT,0,0,0,0,0,0,0.0,0.0
margin,live-delta,8,0.0,0.374713,0.498995,0.28695,0.734375,0.421051,0.571051,0.006245851516723633,0.5371400713920593,0.5308942198753357,2.165701389312744,8.72071647644043,0.18508437275886536,11,1,1,1,1,1,1,0.1334415227174759,0.016357421875,0,stale-soft,0.0,6,91,45,CORRECT,0,0,0,0,0,1,0.0,0.133442
margin,live-delta,8,0.0,0.374713,0.498995,0.28695,0.734375,0.421051,0.571051,0.08484706282615662,0.46731051802635193,0.3824634552001953,-0.0,1.0,1.0,1,1,1,1,1,1,0,0.0,0.20996516942977905,2,stale-soft,0.0,6,92,40,CORRECT,0,0,0,0,0,0,0.0,0.0
margin,live-delta,8,0.0,0.374713,0.498995,0.28695,0.734375,0.421051,0.571051,0.03696244955062866,0.5619375705718994,0.5249751210212708,1.9507731199264526,7.03412389755249,0.38513410091400146,11,1,1,1,1,1,0,0.0,0.26756343245506287,2,stale-soft,0.0,6,93,57,CORRECT,0,0,0,0,0,0,0.0,0.0
margin,live-delta,8,0.0,0.374713,0.498995,0.28695,0.734375,0.421051,0.571051,0.001346588134765625,0.6266343593597412,0.6252877712249756,1.8937263488769531,6.644080638885498,0.273932546377182,12,1,1,1,1,1,0,0.0,0.3373410105705261,2,stale-soft,0.0,6,94,61,CORRECT,0,0,0,0,0,0,0.0,0.0
margin,live-delta,8,0.0,0.374713,0.498995,0.28695,0.734375,0.421051,0.571051,0.08536481857299805,0.604717493057251,0.5193526744842529,0.8877066969871521,2.429551601409912,0.7351946830749512,5,1,1,1,1,1,0,0.0,0.21116384863853455,2,stale-soft,0.0,6,95,41,CORRECT,0,0,0,0,0,0,0.0,0.0
margin,live-delta,8,0.0,0.374713,0.498995,0.28695,0.734375,0.421051,0.571051,0.005658745765686035,0.6051054000854492,0.5994466543197632,2.0496437549591064,7.765134334564209,0.24924463033676147,12,1,1,1,1,1,0,0.0,0.39281249046325684,2,stale-soft,0.0,6,96,54,CORRECT,0,0,0,0,0,0,0.0,0.0
margin,live-delta,8,0.0,0.374713,0.498995,0.28695,0.734375,0.421051,0.571051,0.06105303764343262,0.7184756994247437,0.657422661781311,1.0150387287139893,2.759470224380493,0.6803184151649475,8,1,1,1,1,1,0,0.0,0.4032242000102997,2,stale-soft,0.0,6,97,40,CORRECT,0,0,0,0,0,0,0.0,0.0
margin,live-delta,8,0.0,0.374713,0.498995,0.28695,0.734375,0.421051,0.571051,0.013661503791809082,0.582595705986023,0.5689342021942139,1.1959669589996338,3.306753635406494,0.43847981095314026,4,1,1,1,1,1,0,0.0,0.2990831136703491,2,stale-soft,0.0,6,98,56,CORRECT,0,0,0,0,0,0,0.0,0.0
margin,live-delta,8,0.0,0.374713,0.498995,0.28695,0.734375,0.421051,0.571051,0.28284555673599243,0.7437993288040161,0.4609537720680237,0.043186262249946594,1.0441323518753052,0.993588924407959,3,1,1,1,1,1,0,0.0,0.5071672201156616,2,stale-soft,0.0,6,99,41,CORRECT,0,0,0,0,0,0,0.0,0.0
margin,live-delta,8,0.0,0.374713,0.498995,0.28695,0.734375,0.421051,0.571051,0.008107304573059082,0.5988267660140991,0.59071946144104,0.7947788834571838,2.213951349258423,0.5259713530540466,3,1,1,1,1,1,0,0.0,0.31339359283447266,2,stale-soft,0.0,6,100,61,CORRECT,0,0,0,0,0,0,0.0,0.0
margin,live-delta,8,0.0,0.374713,0.498995,0.28695,0.734375,0.421051,0.571051,0.018241524696350098,0.48883119225502014,0.47058966755867004,1.0598750114440918,2.88601016998291,0.45503970980644226,3,1,3,0,3,0,1,1.0,-0.08488729596138,0,stale-soft,0.0,6,101,123,BLENDED,0,0,0,0,0,0,0.0,0.0
margin,live-delta,8,0.0,0.374713,0.498995,0.28695,0.734375,0.421051,0.571051,0.06546664237976074,0.6314265727996826,0.5659599304199219,1.6402329206466675,5.156370639801025,0.4877015948295593,9,1,1,1,1,1,0,0.0,0.36988168954849243,2,stale-soft,0.0,6,102,62,CORRECT,0,0,0,0,0,0,0.0,0.0
margin,live-delta,8,0.0,0.374713,0.498995,0.28695,0.734375,0.421051,0.571051,0.018510043621063232,0.6128389239311218,0.5943288803100586,1.317290186882019,3.7332911491394043,0.49540987610816956,9,1,1,1,1,1,0,0.0,0.2733041048049927,2,stale-soft,0.0,6,103,54,CORRECT,0,0,0,0,0,0,0.0,0.0
margin,live-delta,8,0.0,0.374713,0.498995,0.28695,0.734375,0.421051,0.571051,0.0038860440254211426,0.6102866530418396,0.6064006090164185,1.8849693536758423,6.58615255355835,0.320635050535202,12,1,1,1,1,1,0,0.0,0.3647603988647461,2,stale-soft,0.0,6,104,49,CORRECT,0,0,0,0,0,0,0.0,0.0
margin,live-delta,8,0.0,0.374713,0.498995,0.28695,0.734375,0.421051,0.571051,0.07134711742401123,0.705420970916748,0.6340738534927368,1.272269606590271,3.568943500518799,0.6077620983123779,9,1,1,1,1,1,0,0.0,0.4852299094200134,2,stale-soft,0.0,6,105,40,CORRECT,0,0,0,0,0,0,0.0,0.0
margin,live-delta,8,0.0,0.374713,0.498995,0.28695,0.734375,0.421051,0.571051,0.07959204912185669,0.7538836598396301,0.6742916107177734,0.9749141335487366,2.650939464569092,0.7221004962921143,11,1,1,1,1,1,0,0.0,0.4799800217151642,2,stale-soft,0.0,6,106,39,CORRECT,0,0,0,0,0,0,0.0,0.0
margin,live-delta,8,0.0,0.374713,0.498995,0.28695,0.734375,0.421051,0.571051,0.011961400508880615,0.617219865322113,0.6052584648132324,1.6458401679992676,5.185364723205566,0.4047010540962219,12,1,1,1,1,1,1,0.2102506011724472,0.07979494333267212,2,stale-soft,0.0,6,107,60,CORRECT,0,0,0,0,0,5,0.0,0.199356
margin,live-delta,8,0.0,0.374713,0.498995,0.28695,0.734375,0.421051,0.571051,0.04879361391067505,0.6414546966552734,0.5926610827445984,1.8012748956680298,6.0573649406433105,0.4697282016277313,13,1,1,1,1,1,0,0.0,0.362080454826355,2,stale-soft,0.0,6,108,49,CORRECT,0,0,0,0,0,0,0.0,0.0
margin,live-delta,8,0.0,0.374713,0.498995,0.28695,0.734375,0.421051,0.571051,0.005373120307922363,0.6084858179092407,0.6031126976013184,1.3665761947631836,3.9218997955322266,0.4060872793197632,6,1,1,1,1,1,0,0.0,0.3015759587287903,2,stale-soft,0.0,6,109,62,CORRECT,0,0,0,0,0,0,0.0,0.0
margin,live-delta,8,0.0,0.374713,0.498995,0.28695,0.734375,0.421051,0.571051,0.029764771461486816,0.6916086673736572,0.6618438959121704,1.3965046405792236,4.041050434112549,0.49262890219688416,7,1,1,1,1,1,0,0.0,0.47904616594314575,2,stale-soft,0.0,6,111,32,CORRECT,0,0,0,0,0,0,0.0,0.0
margin,live-delta,8,0.0,0.374713,0.498995,0.28695,0.734375,0.421051,0.571051,0.0655626654624939,0.6678102612495422,0.6022475957870483,1.3756229877471924,3.9575414657592773,0.5604981184005737,9,1,1,1,1,1,0,0.0,0.4308151602745056,2,stale-soft,0.0,6,112,46,CORRECT,0,0,0,0,0,0,0.0,0.0
margin,live-delta,8,0.0,0.374713,0.498995,0.28695,0.734375,0.421051,0.571051,0.024531066417694092,0.5232676267623901,0.49873656034469604,0.6639403104782104,1.942431092262268,0.6202526092529297,2,1,1,1,1,1,0,0.0,0.2562590539455414,2,stale-soft,0.0,6,113,34,CORRECT,0,0,0,0,0,0,0.0,0.0
margin,live-delta,8,0.0,0.374713,0.498995,0.28695,0.734375,0.421051,0.571051,0.03674370050430298,0.6705558896064758,0.6338121891021729,1.41384756565094,4.111745357513428,0.5250144004821777,12,1,1,1,1,1,0,0.0,0.39768946170806885,2,stale-soft,0.0,6,114,57,CORRECT,0,0,0,0,0,0,0.0,0.0
margin,live-delta,8,0.0,0.374713,0.498995,0.28695,0.734375,0.421051,0.571051,0.0519755482673645,0.5355624556541443,0.4835869073867798,1.9743068218231201,7.201625823974609,0.3713764548301697,10,1,1,1,1,1,1,0.10872949659824371,0.09194368124008179,2,stale-soft,0.0,6,115,38,CORRECT,0,0,0,0,0,2,0.0,0.108729
margin,live-delta,8,0.0,0.374713,0.498995,0.28695,0.734375,0.421051,0.571051,0.07225793600082397,0.610309898853302,0.538051962852478,1.1016435623168945,3.0091075897216797,0.6662366390228271,6,1,1,1,1,1,0,0.0,0.33518922328948975,2,stale-soft,0.0,6,116,54,CORRECT,0,0,0,0,0,0,0.0,0.0
margin,live-delta,8,0.0,0.374713,0.498995,0.28695,0.734375,0.421051,0.571051,0.10138309001922607,0.6700421571731567,0.5686590671539307,1.3149303197860718,3.7244913578033447,0.6613844633102417,11,1,1,1,1,1,0,0.0060916864313185215,0.23437052965164185,2,stale-soft,0.0,6,117,49,CORRECT,0,0,0,0,0,1,0.0,0.006092
margin,live-delta,8,0.0,0.374713,0.498995,0.28695,0.734375,0.421051,0.571051,0.030777424573898315,0.44668951630592346,0.41591209173202515,-0.0,1.0,1.0,1,1,1,1,1,1,0,0.0,0.21114350855350494,2,stale-soft,0.0,6,118,48,CORRECT,0,0,0,0,0,0,0.0,0.0
margin,live-delta,8,0.0,0.374713,0.498995,0.28695,0.734375,0.421051,0.571051,0.04402768611907959,0.5582033395767212,0.5141756534576416,1.2380722761154175,3.448958396911621,0.5489068627357483,5,1,1,1,1,1,0,0.0,0.15230268239974976,2,stale-soft,0.0,6,119,49,CORRECT,0,0,0,0,0,0,0.0,0.0
margin,live-delta,8,0.0,0.374713,0.498995,0.28695,0.734375,0.421051,0.571051,0.001757204532623291,0.6123923659324646,0.6106351613998413,1.537318468093872,4.652098655700684,0.36214780807495117,9,1,1,1,1,1,0,0.0,0.3293934762477875,2,stale-soft,0.0,6,120,57,CORRECT,0,0,0,0,0,0,0.0,0.0
margin,live-delta,8,0.0,0.374713,0.498995,0.28695,0.734375,0.421051,0.571051,0.028531432151794434,0.6142705678939819,0.5857391357421875,1.7935736179351807,6.010894775390625,0.419794499874115,13,1,1,1,1,1,0,0.04355757683515549,0.17189186811447144,2,stale-soft,0.0,6,121,52,CORRECT,0,0,0,0,0,4,0.0,0.043558
margin,live-delta,8,0.0,0.374713,0.498995,0.28695,0.734375,0.421051,0.571051,0.04132509231567383,0.6418052911758423,0.6004801988601685,1.6073417663574219,4.989530086517334,0.4551718235015869,9,1,1,1,1,1,0,0.0,0.3827874958515167,2,stale-soft,0.0,6,122,52,CORRECT,0,0,0,0,0,0,0.0,0.0
margin,live-delta,8,0.0,0.374713,0.498995,0.28695,0.734375,0.421051,0.571051,0.1144600510597229,0.5257062911987305,0.41124624013900757,-0.0,1.0,1.0,1,1,1,1,1,1,0,0.0,0.13191860914230347,2,stale-soft,0.0,6,123,43,CORRECT,0,0,0,0,0,0,0.0,0.0
margin,live-delta,8,0.0,0.374713,0.498995,0.28695,0.734375,0.421051,0.571051,0.046421170234680176,0.7209793329238892,0.674558162689209,1.11576509475708,3.0519022941589355,0.623386025428772,11,1,1,1,1,1,0,0.0,0.34347569942474365,2,stale-soft,0.0,6,124,62,CORRECT,0,0,0,0,0,0,0.0,0.0
margin,live-delta,8,0.0,0.374713,0.498995,0.28695,0.734375,0.421051,0.571051,0.02554035186767578,0.5810360312461853,0.5554956793785095,1.911464810371399,6.762988090515137,0.3740044832229614,12,1,1,1,1,1,0,0.0392879918217659,0.13771352171897888,2,stale-soft,0.0,6,125,38,CORRECT,0,0,0,0,0,1,0.0,0.023807
margin,live-delta,8,0.0,0.374713,0.498995,0.28695,0.734375,0.421051,0.571051,0.051419079303741455,0.7271186113357544,0.6756995320320129,0.7056697010993958,2.025202512741089,0.7194424271583557,7,1,1,1,1,1,0,0.0,0.40758949518203735,2,stale-soft,0.0,6,126,41,CORRECT,0,0,0,0,0,0,0.0,0.0
margin,live-delta,8,0.0,0.374713,0.498995,0.28695,0.734375,0.421051,0.571051,0.1547597050666809,0.7880293130874634,0.6332696080207825,0.44345447421073914,1.5580803155899048,0.905829906463623,8,1,1,1,1,1,0,0.0,0.45933932065963745,2,stale-soft,0.0,6,127,40,CORRECT,0,0,0,0,0,0,0.0,0.0
margin,live-delta,8,0.0,0.374713,0.498995,0.28695,0.734375,0.421051,0.571051,0.028143763542175293,0.5415035486221313,0.513359785079956,2.4356837272644043,11.423626899719238,0.24247872829437256,15,2,2,1,2,1,0,0.0,0.2378905713558197,2,stale-soft,0.0,6,128,66,CORRECT,0,0,0,0,0,0,0.0,0.0
margin,live-delta,8,0.0,0.374713,0.498995,0.28695,0.734375,0.421051,0.571051,0.02547597885131836,0.5951765775680542,0.5697005987167358,2.1188390254974365,8.321471214294434,0.31806331872940063,15,2,2,1,2,1,0,0.0,0.3075736165046692,2,stale-soft,0.0,6,129,66,CORRECT,0,0,0,0,0,0,0.0,0.0
margin,live-delta,8,0.0,0.374713,0.498995,0.28695,0.734375,0.421051,0.571051,0.041772425174713135,0.5690668821334839,0.5272944569587708,2.275212049484253,9.729982376098633,0.2631501257419586,14,2,2,1,2,1,0,0.0,0.24107003211975098,2,stale-soft,0.0,6,130,81,CORRECT,0,0,0,0,0,0,0.0,0.0
margin,live-delta,8,0.0,0.374713,0.498995,0.28695,0.734375,0.421051,0.571051,0.07747495174407959,0.7438898086547852,0.6664148569107056,0.7002285718917847,2.0142130851745605,0.7829115390777588,7,2,2,1,2,1,0,0.0,0.5825783014297485,2,stale-soft,0.0,6,133,71,CORRECT,0,0,0,0,0,0,0.0,0.0
margin,live-delta,8,0.0,0.374713,0.498995,0.28695,0.734375,0.421051,0.571051,0.09667551517486572,0.7966054677963257,0.69992995262146,1.1403989791870117,3.1280159950256348,0.7118372917175293,18,2,2,1,2,1,0,0.0,0.5791870355606079,2,stale-soft,0.0,6,134,86,CORRECT,0,0,0,0,0,0,0.0,0.0
margin,live-delta,8,0.0,0.374713,0.498995,0.28695,0.734375,0.421051,0.571051,0.024165570735931396,0.5892134308815002,0.5650478601455688,0.8990680575370789,2.4573118686676025,0.5798836946487427,4,2,2,1,2,1,0,0.0,0.21183645725250244,2,stale-soft,0.0,6,135,91,CORRECT,0,0,0,0,0,0,0.0,0.0
margin,live-delta,8,0.0,0.374713,0.498995,0.28695,0.734375,0.421051,0.571051,0.049243152141571045,0.6251969933509827,0.5759538412094116,2.376845121383667,10.770868301391602,0.33181849122047424,20,2,2,1,2,1,0,0.0,0.3021586835384369,2,stale-soft,0.0,6,136,84,CORRECT,0,0,0,0,0,0,0.0,0.0
margin,live-delta,8,0.0,0.374713,0.498995,0.28695,0.734375,0.421051,0.571051,0.039867937564849854,0.4245971441268921,0.38472920656204224,-0.0,1.0,1.0,1,2,2,1,2,1,0,0.0,0.20286723971366882,2,stale-soft,0.0,6,137,89,CORRECT,0,0,0,0,0,0,0.0,0.0
margin,live-delta,8,0.0,0.374713,0.498995,0.28695,0.734375,0.421051,0.571051,0.028989076614379883,0.6016455888748169,0.572656512260437,1.8903006315231323,6.621358871459961,0.3833019733428955,14,2,2,1,2,1,0,0.0,0.3383933901786804,2,stale-soft,0.0,6,139,64,CORRECT,0,0,0,0,0,0,0.0,0.0
margin,live-delta,8,0.0,0.374713,0.498995,0.28695,0.734375,0.421051,0.571051,0.0345538854598999,0.6501257419586182,0.6155718564987183,1.050065040588379,2.857836961746216,0.5797074437141418,6,2,2,1,2,1,0,0.0,0.4701628088951111,2,stale-soft,0.0,6,140,80,CORRECT,0,0,0,0,0,0,0.0,0.0
margin,live-delta,8,0.0,0.374713,0.498995,0.28695,0.734375,0.421051,0.571051,0.047999441623687744,0.6712274551391602,0.6232280135154724,1.7030452489852905,5.490642547607422,0.5135579109191895,15,2,2,1,2,1,0,0.0,0.4998254179954529,2,stale-soft,0.0,6,141,86,CORRECT,0,0,0,0,0,0,0.0,0.0
margin,live-delta,8,0.0,0.374713,0.498995,0.28695,0.734375,0.421051,0.571051,0.0030187368392944336,0.5701974630355835,0.5671787261962891,2.5860652923583984,13.277425765991211,0.15789645910263062,19,2,2,1,2,1,0,0.0,0.24273034930229187,2,stale-soft,0.0,6,142,65,CORRECT,0,0,0,0,0,0,0.0,0.0
margin,live-delta,8,0.0,0.374713,0.498995,0.28695,0.734375,0.421051,0.571051,0.009077876806259155,0.4765753448009491,0.46749746799468994,1.552777647972107,4.724575042724609,0.30021145939826965,5,2,2,1,2,1,0,0.0,0.21677151322364807,2,stale-soft,0.0,6,143,91,CORRECT,0,0,0,0,0,0,0.0,0.0
margin,live-delta,8,0.0,0.374713,0.498995,0.28695,0.734375,0.421051,0.571051,0.0962134599685669,0.5023441314697266,0.40613067150115967,-0.0,1.0,1.0,1,2,2,1,2,1,0,0.0,0.3381776213645935,2,stale-soft,0.0,6,144,85,CORRECT,0,0,0,0,0,0,0.0,0.0
margin,live-delta,8,0.0,0.374713,0.498995,0.28695,0.734375,0.421051,0.571051,0.06751561164855957,0.5056644678115845,0.4381488561630249,0.5083646774291992,1.6625701189041138,0.794180691242218,2,2,2,1,2,1,0,0.0,0.2127377986907959,2,stale-soft,0.0,6,145,88,CORRECT,0,0,0,0,0,0,0.0,0.0
margin,live-delta,8,0.0,0.374713,0.498995,0.28695,0.734375,0.421051,0.571051,0.023302733898162842,0.5993673801422119,0.5760646462440491,1.5529534816741943,4.725406169891357,0.4578370749950409,10,2,2,1,2,1,0,0.0,0.25072425603866577,2,stale-soft,0.0,6,147,91,CORRECT,0,0,0,0,0,0,0.0,0.0
margin,live-delta,8,0.0,0.374713,0.498995,0.28695,0.734375,0.421051,0.571051,0.003406345844268799,0.5392884612083435,0.5358821153640747,2.315213203430176,10.127081871032715,0.2269728034734726,14,2,2,1,2,1,0,0.0,0.3246327042579651,2,stale-soft,0.0,6,148,78,CORRECT,0,0,0,0,0,0,0.0,0.0
margin,live-delta,8,0.0,0.374713,0.498995,0.28695,0.734375,0.421051,0.571051,0.08553999662399292,0.6592262387275696,0.5736862421035767,1.1824533939361572,3.2623682022094727,0.698489248752594,12,2,2,1,2,1,0,0.0,0.30882811546325684,2,stale-soft,0.0,6,149,91,CORRECT,0,0,0,0,0,0,0.0,0.0
margin,live-delta,8,0.0,0.374713,0.498995,0.28695,0.734375,0.421051,0.571051,0.002938687801361084,0.6503852605819702,0.6474465727806091,2.3190910816192627,10.16642951965332,0.16713854670524597,20,2,2,1,2,1,0,0.0,0.4170028269290924,2,stale-soft,0.0,6,150,66,CORRECT,0,0,0,0,0,0,0.0,0.0
margin,live-delta,8,0.0,0.374713,0.498995,0.28695,0.734375,0.421051,0.571051,0.027769744396209717,0.5065252184867859,0.47875547409057617,1.3921715021133423,4.023577690124512,0.4463915526866913,5,2,2,1,2,1,0,0.0,0.3551807403564453,2,stale-soft,0.0,6,151,85,CORRECT,0,0,0,0,0,0,0.0,0.0
margin,live-delta,8,0.0,0.374713,0.498995,0.28695,0.734375,0.421051,0.571051,0.27028217911720276,0.6035950779914856,0.33331289887428284,-0.0,1.0,1.0,1,2,2,1,2,1,0,0.0,0.34920328855514526,2,stale-soft,0.0,6,152,74,CORRECT,0,0,0,0,0,0,0.0,0.0
margin,live-delta,8,0.0,0.374713,0.498995,0.28695,0.734375,0.421051,0.571051,0.026611626148223877,0.574760377407074,0.5481487512588501,2.1433072090148926,8.527593612670898,0.2814868092536926,11,2,2,1,2,1,0,0.0,0.3500365614891052,2,stale-soft,0.0,6,153,94,CORRECT,0,0,0,0,0,0,0.0,0.0
margin,live-delta,8,0.0,0.374713,0.498995,0.28695,0.734375,0.421051,0.571051,0.026854515075683594,0.6391476392745972,0.6122931241989136,2.246528148651123,9.454853057861328,0.31415456533432007,19,2,2,1,2,1,0,0.0,0.3466476500034332,2,stale-soft,0.0,6,157,94,CORRECT,0,0,0,0,0,0,0.0,0.0
margin,live-delta,8,0.0,0.374713,0.498995,0.28695,0.734375,0.421051,0.571051,0.08749839663505554,0.5680897235870361,0.4805913269519806,1.7662603855133057,5.848939418792725,0.49860623478889465,10,2,2,1,2,1,0,0.0,0.36241698265075684,2,stale-soft,0.0,6,158,85,CORRECT,0,0,0,0,0,0,0.0,0.0
margin,live-delta,8,0.0,0.374713,0.498995,0.28695,0.734375,0.421051,0.571051,0.18490827083587646,0.7387069463729858,0.5537986755371094,0.2714545726776123,1.3118712902069092,0.9503756165504456,7,2,2,1,2,1,0,0.0,0.35586118698120117,2,stale-soft,0.0,6,159,68,CORRECT,0,0,0,0,0,0,0.0,0.0
margin,live-delta,8,0.0,0.374713,0.498995,0.28695,0.734375,0.421051,0.571051,0.0344085693359375,0.5577472448348999,0.5233386754989624,1.146784782409668,3.148054838180542,0.559138298034668,5,2,2,1,2,1,0,0.0,0.2380143702030182,2,stale-soft,0.0,6,160,91,CORRECT,0,0,0,0,0,0,0.0,0.0
margin,live-delta,8,0.0,0.374713,0.498995,0.28695,0.734375,0.421051,0.571051,0.010253429412841797,0.4709516167640686,0.4606981873512268,1.3488835096359253,3.853121042251587,0.3446611166000366,4,2,2,1,2,1,0,0.0,0.2889408469200134,2,stale-soft,0.0,6,161,94,CORRECT,0,0,0,0,0,0,0.0,0.0
margin,live-delta,8,0.0,0.374713,0.498995,0.28695,0.734375,0.421051,0.571051,0.17954042553901672,0.6567572951316833,0.4772168695926666,0.2839611768722534,1.3283812999725342,0.9418333172798157,4,2,2,1,2,1,0,0.0,0.43144068121910095,2,stale-soft,0.0,6,162,93,CORRECT,0,0,0,0,0,0,0.0,0.0
margin,live-delta,8,0.0,0.374713,0.498995,0.28695,0.734375,0.421051,0.571051,0.01217794418334961,0.574068546295166,0.5618906021118164,2.413313150405884,11.170910835266113,0.2175770401954651,17,2,2,1,2,1,0,0.0,0.24434435367584229,2,stale-soft,0.0,6,163,66,CORRECT,0,0,0,0,0,0,0.0,0.0
margin,live-delta,8,0.0,0.374713,0.498995,0.28695,0.734375,0.421051,0.571051,0.2803356647491455,0.6889474987983704,0.40861183404922485,-0.0,1.0,1.0,1,2,2,1,2,1,0,0.0,0.4841806888580322,2,stale-soft,0.0,6,164,93,CORRECT,0,0,0,0,0,0,0.0,0.0
margin,live-delta,8,0.0,0.374713,0.498995,0.28695,0.734375,0.421051,0.571051,0.08025693893432617,0.6881221532821655,0.6078652143478394,2.060596227645874,7.850649356842041,0.44700154662132263,19,2,2,1,2,1,0,0.0,0.46291476488113403,2,stale-soft,0.0,6,165,86,CORRECT,0,0,0,0,0,0,0.0,0.0
margin,live-delta,8,0.0,0.374713,0.498995,0.28695,0.734375,0.421051,0.571051,0.07133865356445312,0.4756857752799988,0.40434712171554565,-0.0,1.0,1.0,1,2,2,1,2,1,0,0.0,0.2903061807155609,2,stale-soft,0.0,6,166,80,CORRECT,0,0,0,0,0,0,0.0,0.0
margin,live-delta,8,0.0,0.374713,0.498995,0.28695,0.734375,0.421051,0.571051,0.0013178586959838867,0.6072017550468445,0.6058838963508606,2.1229000091552734,8.35533332824707,0.28279587626457214,16,2,2,1,2,1,0,0.0,0.27673110365867615,2,stale-soft,0.0,6,169,82,CORRECT,0,0,0,0,0,0,0.0,0.0
margin,live-delta,8,0.0,0.374713,0.498995,0.28695,0.734375,0.421051,0.571051,0.018336087465286255,0.48379379510879517,0.4654577076435089,0.6766149997711182,1.967207431793213,0.590666651725769,2,2,2,1,2,1,0,0.0,0.23263269662857056,2,stale-soft,0.0,6,170,68,CORRECT,0,0,0,0,0,0,0.0,0.0
margin,live-delta,8,0.0,0.374713,0.498995,0.28695,0.734375,0.421051,0.571051,0.024298250675201416,0.570502758026123,0.5462045073509216,2.5094048976898193,12.297609329223633,0.18976189196109772,16,2,2,1,2,1,0,0.0,0.237874835729599,2,stale-soft,0.0,6,173,90,CORRECT,0,0,0,0,0,0,0.0,0.0
margin,live-delta,8,0.0,0.374713,0.498995,0.28695,0.734375,0.421051,0.571051,0.05137532949447632,0.4979991912841797,0.44662386178970337,1.421022653579712,4.141353607177734,0.4632224440574646,5,2,2,1,2,1,0,0.0,0.2287082076072693,2,stale-soft,0.0,6,174,65,CORRECT,0,0,0,0,0,0,0.0,0.0
margin,live-delta,8,0.0,0.374713,0.498995,0.28695,0.734375,0.421051,0.571051,0.12175902724266052,0.6065850257873535,0.484825998544693,0.9500006437301636,2.5857112407684326,0.7615707516670227,7,2,2,1,2,1,0,0.0,0.3992610275745392,2,stale-soft,0.0,6,177,78,CORRECT,0,0,0,0,0,0,0.0,0.0
margin,live-delta,8,0.0,0.374713,0.498995,0.28695,0.734375,0.421051,0.571051,0.0012949109077453613,0.5802474617958069,0.5789525508880615,2.2864086627960205,9.839536666870117,0.2388569712638855,16,2,2,1,2,1,0,0.0,0.2551623582839966,2,stale-soft,0.0,6,179,87,CORRECT,0,0,0,0,0,0,0.0,0.0
margin,live-delta,8,0.0,0.374713,0.498995,0.28695,0.734375,0.421051,0.571051,0.0029421746730804443,0.4807736277580261,0.4778314530849457,1.334958791732788,3.7998392581939697,0.32809990644454956,4,2,2,1,2,1,0,0.0,0.19236382842063904,2,stale-soft,0.0,6,180,64,CORRECT,0,0,0,0,0,0,0.0,0.0
margin,live-delta,8,0.0,0.374713,0.498995,0.28695,0.734375,0.421051,0.571051,0.038379013538360596,0.6918320655822754,0.6534530520439148,1.687880039215088,5.408003807067871,0.5017879009246826,18,2,2,1,2,1,0,0.0,0.48382022976875305,2,stale-soft,0.0,6,181,69,CORRECT,0,0,0,0,0,0,0.0,0.0
margin,live-delta,8,0.0,0.374713,0.498995,0.28695,0.734375,0.421051,0.571051,0.012425124645233154,0.45632970333099365,0.4439045786857605,0.6854872107505798,1.9847385883331299,0.5618076920509338,2,2,2,1,2,1,0,0.0,0.1483648121356964,2,stale-soft,0.0,6,182,64,CORRECT,0,0,0,0,0,0,0.0,0.0
margin,live-delta,8,0.0,0.374713,0.498995,0.28695,0.734375,0.421051,0.571051,0.0478360652923584,0.551082193851471,0.5032461285591125,1.8975062370300293,6.6692423820495605,0.38128840923309326,9,2,2,1,2,1,0,0.0,0.2761037051677704,2,stale-soft,0.0,6,184,66,CORRECT,0,0,0,0,0,0,0.0,0.0
margin,live-delta,8,0.0,0.374713,0.498995,0.28695,0.734375,0.421051,0.571051,0.12603896856307983,0.5307070016860962,0.40466803312301636,-0.0,1.0,1.0,1,2,2,1,2,1,0,0.0,0.22066643834114075,2,stale-soft,0.0,6,185,84,CORRECT,0,0,0,0,0,0,0.0,0.0
margin,live-delta,8,0.0,0.374713,0.498995,0.28695,0.734375,0.421051,0.571051,0.00381547212600708,0.6895368099212646,0.6857213377952576,1.633719801902771,5.12289571762085,0.3558877110481262,12,2,2,1,2,1,0,0.0,0.4514313340187073,2,stale-soft,0.0,6,186,80,CORRECT,0,0,0,0,0,0,0.0,0.0
margin,live-delta,8,0.0,0.374713,0.498995,0.28695,0.734375,0.421051,0.571051,0.08489975333213806,0.46566590666770935,0.3807661533355713,-0.0,1.0,1.0,1,2,2,1,2,1,0,0.0,0.23156479001045227,2,stale-soft,0.0,6,188,89,CORRECT,0,0,0,0,0,0,0.0,0.0
margin,live-delta,8,0.0,0.374713,0.498995,0.28695,0.734375,0.421051,0.571051,0.04678565263748169,0.574927806854248,0.5281421542167664,1.2031445503234863,3.330573558807373,0.5861719250679016,6,2,2,1,2,1,0,0.0,0.4147406816482544,2,stale-soft,0.0,6,189,65,CORRECT,0,0,0,0,0,0,0.0,0.0
margin,live-delta,8,0.0,0.374713,0.498995,0.28695,0.734375,0.421051,0.571051,0.04630112648010254,0.5638655424118042,0.5175644159317017,2.001896619796753,7.403083801269531,0.36157962679862976,11,2,2,1,2,1,0,0.0,0.18830278515815735,2,stale-soft,0.0,6,190,76,CORRECT,0,0,0,0,0,0,0.0,0.0
margin,live-delta,8,0.0,0.374713,0.498995,0.28695,0.734375,0.421051,0.571051,0.005952358245849609,0.555470883846283,0.5495185256004333,1.9915776252746582,7.327084064483643,0.2889992892742157,11,2,2,1,2,1,0,0.0,0.3715098798274994,2,stale-soft,0.0,6,191,86,CORRECT,0,0,0,0,0,0,0.0,0.0
margin,live-delta,8,0.0,0.374713,0.498995,0.28695,0.734375,0.421051,0.571051,0.03380364179611206,0.715877115726471,0.6820734739303589,1.834572196006775,6.262454509735107,0.34206295013427734,13,3,3,1,3,1,0,0.0,0.4268219470977783,2,stale-soft,0.0,6,192,98,CORRECT,0,0,0,0,0,0,0.0,0.0
margin,live-delta,8,0.0,0.374713,0.498995,0.28695,0.734375,0.421051,0.571051,0.1026039719581604,0.5292460918426514,0.42664211988449097,0.354474276304245,1.4254311323165894,0.8861575126647949,2,3,3,1,3,1,0,0.0,0.2595515251159668,2,stale-soft,0.0,6,193,124,CORRECT,0,0,0,0,0,0,0.0,0.0
margin,live-delta,8,0.0,0.374713,0.498995,0.28695,0.734375,0.421051,0.571051,0.004106700420379639,0.43997180461883545,0.4358651041984558,0.6923046112060547,1.9983155727386475,0.5205218195915222,2,3,3,1,3,1,0,0.0,0.060184478759765625,2,stale-soft,0.0,6,194,124,CORRECT,0,0,0,0,0,0,0.0,0.0
margin,live-delta,8,0.0,0.374713,0.498995,0.28695,0.734375,0.421051,0.571051,0.0854344367980957,0.6738865971565247,0.588452160358429,1.6335092782974243,5.121817111968994,0.5698736906051636,15,3,3,1,3,1,0,0.0,0.2931222915649414,2,stale-soft,0.0,6,195,127,CORRECT,0,0,0,0,0,0,0.0,0.0
margin,live-delta,8,0.0,0.374713,0.498995,0.28695,0.734375,0.421051,0.571051,0.003085196018218994,0.6066103577613831,0.6035251617431641,2.1558871269226074,8.635547637939453,0.19631953537464142,14,3,3,1,3,1,0,0.0,0.3114476203918457,2,stale-soft,0.0,6,196,98,CORRECT,0,0,0,0,0,0,0.0,0.0
margin,live-delta,8,0.0,0.374713,0.498995,0.28695,0.734375,0.421051,0.571051,0.009994745254516602,0.6571125984191895,0.6471178531646729,2.1681580543518066,8.742166519165039,0.24089346826076508,17,3,3,1,3,1,0,0.0,0.26061269640922546,2,stale-soft,0.0,6,197,127,CORRECT,0,0,0,0,0,0,0.0,0.0
margin,live-delta,8,0.0,0.374713,0.498995,0.28695,0.734375,0.421051,0.571051,0.08643484115600586,0.637020468711853,0.5505856275558472,0.9946120381355286,2.7036752700805664,0.7257220149040222,7,3,3,1,3,1,0,0.0,0.2925240099430084,2,stale-soft,0.0,6,199,127,CORRECT,0,0,0,0,0,0,0.0,0.0
margin,live-delta,8,0.0,0.374713,0.498995,0.28695,0.734375,0.421051,0.571051,0.028112411499023438,0.7088281512260437,0.6807157397270203,2.1920745372772217,8.953768730163574,0.2738730311393738,13,3,3,1,3,1,0,0.0,0.3948378562927246,2,stale-soft,0.0,6,200,115,CORRECT,0,0,0,0,0,0,0.0,0.0
margin,live-delta,8,0.0,0.374713,0.498995,0.28695,0.734375,0.421051,0.571051,0.08230161666870117,0.48156577348709106,0.3992641568183899,-0.0,1.0,1.0,1,3,3,1,3,1,0,0.0,0.19499471783638,2,stale-soft,0.0,6,201,107,CORRECT,0,0,0,0,0,0,0.0,0.0
margin,live-delta,8,0.0,0.374713,0.498995,0.28695,0.734375,0.421051,0.571051,0.02431178092956543,0.5317378044128418,0.5074260234832764,0.9845693111419678,2.676658868789673,0.528008222579956,3,3,3,1,3,1,0,0.0,0.28656619787216187,2,stale-soft,0.0,6,202,116,CORRECT,0,0,0,0,0,0,0.0,0.0
margin,live-delta,8,0.0,0.374713,0.498995,0.28695,0.734375,0.421051,0.571051,0.1064421534538269,0.6956464052200317,0.5892042517662048,1.2952994108200073,3.6520893573760986,0.6882302165031433,11,3,3,1,3,1,0,0.0,0.34753942489624023,2,stale-soft,0.0,6,203,123,CORRECT,0,0,0,0,0,0,0.0,0.0
margin,live-delta,8,0.0,0.374713,0.498995,0.28695,0.734375,0.421051,0.571051,0.03447753190994263,0.649493396282196,0.6150158643722534,1.1133800745010376,3.0446321964263916,0.49275344610214233,5,3,3,1,3,1,0,0.0,0.3568621873855591,2,stale-soft,0.0,6,204,99,CORRECT,0,0,0,0,0,0,0.0,0.0
margin,live-delta,8,0.0,0.374713,0.498995,0.28695,0.734375,0.421051,0.571051,0.03863942623138428,0.5191511511802673,0.48051172494888306,0.9767181873321533,2.655726194381714,0.5655601620674133,3,3,3,1,3,1,0,0.0,0.2020900845527649,2,stale-soft,0.0,6,206,107,CORRECT,0,0,0,0,0,0,0.0,0.0
margin,live-delta,8,0.0,0.374713,0.498995,0.28695,0.734375,0.421051,0.571051,0.08332982659339905,0.5254757404327393,0.4421459138393402,0.4378054738044739,1.5493035316467285,0.84112149477005,2,3,3,1,3,1,0,0.0,0.3663392663002014,2,stale-soft,0.0,6,207,101,CORRECT,0,0,0,0,0,0,0.0,0.0
margin,live-delta,8,0.0,0.374713,0.498995,0.28695,0.734375,0.421051,0.571051,0.05445301532745361,0.5600730180740356,0.505620002746582,1.7875155210494995,5.974590301513672,0.4202502965927124,9,3,3,1,3,1,0,0.0,0.26069343090057373,2,stale-soft,0.0,6,208,127,CORRECT,0,0,0,0,0,0,0.0,0.0
margin,live-delta,8,0.0,0.374713,0.498995,0.28695,0.734375,0.421051,0.571051,2.7298927307128906e-05,0.6268348693847656,0.6268075704574585,1.9544328451156616,7.059913635253906,0.22263742983341217,11,3,3,1,3,1,0,0.0,0.3935152590274811,2,stale-soft,0.0,6,209,103,CORRECT,0,0,0,0,0,0,0.0,0.0
margin,live-delta,8,0.0,0.374713,0.498995,0.28695,0.734375,0.421051,0.571051,0.017547130584716797,0.4622208774089813,0.4446737468242645,1.354857325553894,3.8762078285217285,0.3478960692882538,4,3,3,1,3,1,0,0.0,0.08403664827346802,2,stale-soft,0.0,6,210,100,CORRECT,0,0,0,0,0,0,0.0,0.0
margin,live-delta,8,0.0,0.374713,0.498995,0.28695,0.734375,0.421051,0.571051,0.02866208553314209,0.7037274837493896,0.6750653982162476,1.915906548500061,6.793094158172607,0.3497983515262604,13,3,3,1,3,1,0,0.0,0.33825361728668213,2,stale-soft,0.0,6,211,96,CORRECT,0,0,0,0,0,0,0.0,0.0
margin,live-delta,8,0.0,0.374713,0.498995,0.28695,0.734375,0.421051,0.571051,0.03594088554382324,0.7040785551071167,0.6681376695632935,1.6973307132720947,5.459355354309082,0.3989705443382263,12,3,3,1,3,1,0,0.0,0.3959319591522217,2,stale-soft,0.0,6,212,98,CORRECT,0,0,0,0,0,0,0.0,0.0
margin,live-delta,8,0.0,0.374713,0.498995,0.28695,0.734375,0.421051,0.571051,0.02104586362838745,0.7602081298828125,0.739162266254425,1.9713879823684692,7.180636405944824,0.31101715564727783,14,3,3,1,3,1,0,0.0,0.5080938935279846,2,stale-soft,0.0,6,213,127,CORRECT,0,0,0,0,0,0,0.0,0.0
margin,live-delta,8,0.0,0.374713,0.498995,0.28695,0.734375,0.421051,0.571051,0.027142703533172607,0.6014844179153442,0.5743417143821716,2.1255223751068115,8.377272605895996,0.3098130226135254,14,3,3,1,3,1,0,0.0,0.37710970640182495,2,stale-soft,0.0,6,215,127,CORRECT,0,0,0,0,0,0,0.0,0.0
margin,live-delta,8,0.0,0.374713,0.498995,0.28695,0.734375,0.421051,0.571051,0.010835587978363037,0.561787486076355,0.5509518980979919,2.0186550617218018,7.52819299697876,0.2228383719921112,9,3,3,1,3,1,0,0.0,0.2200993001461029,2,stale-soft,0.0,6,216,106,CORRECT,0,0,0,0,0,0,0.0,0.0
margin,live-delta,8,0.0,0.374713,0.498995,0.28695,0.734375,0.421051,0.571051,0.15650784969329834,0.5816750526428223,0.4251672029495239,0.17387446761131287,1.1899062395095825,0.9581196904182434,2,3,3,1,3,1,0,0.0,0.3749808371067047,2,stale-soft,0.0,6,217,105,CORRECT,0,0,0,0,0,0,0.0,0.0
margin,live-delta,8,0.0,0.374713,0.498995,0.28695,0.734375,0.421051,0.571051,0.01645064353942871,0.6338362693786621,0.6173856258392334,2.110625982284546,8.253406524658203,0.23641440272331238,13,3,3,1,3,1,0,0.0,0.3904983401298523,2,stale-soft,0.0,6,218,117,CORRECT,0,0,0,0,0,0,0.0,0.0
margin,live-delta,8,0.0,0.374713,0.498995,0.28695,0.734375,0.421051,0.571051,0.04677075147628784,0.540321946144104,0.49355119466781616,2.1447253227233887,8.539695739746094,0.3155598044395447,11,3,3,1,3,1,0,0.0,0.27208060026168823,2,stale-soft,0.0,6,219,108,CORRECT,0,0,0,0,0,0,0.0,0.0
margin,live-delta,8,0.0,0.374713,0.498995,0.28695,0.734375,0.421051,0.571051,0.014024853706359863,0.6931151151657104,0.6790902614593506,2.0542898178100586,7.801295757293701,0.26044440269470215,16,3,3,1,3,1,0,0.0,0.4051532447338104,2,stale-soft,0.0,6,220,127,CORRECT,0,0,0,0,0,0,0.0,0.0
margin,live-delta,8,0.0,0.374713,0.498995,0.28695,0.734375,0.421051,0.571051,0.10552585124969482,0.6067142486572266,0.5011883974075317,1.1310474872589111,3.09890079498291,0.6925030946731567,7,3,3,1,3,1,0,0.0,0.3050418496131897,2,stale-soft,0.0,6,221,102,CORRECT,0,0,0,0,0,0,0.0,0.0
margin,live-delta,8,0.0,0.374713,0.498995,0.28695,0.734375,0.421051,0.571051,0.025349020957946777,0.5600713491439819,0.5347223281860352,2.2517850399017334,9.504687309265137,0.2312806397676468,13,3,3,1,3,1,0,0.0,0.21874409914016724,2,stale-soft,0.0,6,222,98,CORRECT,0,0,0,0,0,0,0.0,0.0
margin,live-delta,8,0.0,0.374713,0.498995,0.28695,0.734375,0.421051,0.571051,0.0464787483215332,0.4414621889591217,0.3949834406375885,-0.0,1.0,1.0,1,3,3,1,3,1,0,0.0,0.2085619568824768,2,stale-soft,0.0,6,223,124,CORRECT,0,0,0,0,0,0,0.0,0.0
margin,live-delta,8,0.0,0.374713,0.498995,0.28695,0.734375,0.421051,0.571051,0.04123324155807495,0.5563745498657227,0.5151413083076477,2.2184970378875732,9.193503379821777,0.2931012809276581,13,3,0,0,0,0,1,0.5074333548545837,-0.04123324155807495,0,stale-soft,0.0,6,225,30,STALE_STRICT,0,0,1,1,0,7,0.0,0.507433
margin,live-delta,8,0.0,0.374713,0.498995,0.28695,0.734375,0.421051,0.571051,0.03750276565551758,0.47772443294525146,0.4402216672897339,1.0285415649414062,2.7969837188720703,0.5154327154159546,3,3,3,1,3,1,0,0.0,0.21609339118003845,2,stale-soft,0.0,6,226,123,CORRECT,0,0,0,0,0,0,0.0,0.0
margin,live-delta,8,0.0,0.374713,0.498995,0.28695,0.734375,0.421051,0.571051,0.27257081866264343,0.7159953117370605,0.4434244930744171,0.02756894938647747,1.0279524326324463,0.995728075504303,2,3,3,1,3,1,0,0.0,0.5247364044189453,2,stale-soft,0.0,6,228,99,CORRECT,0,0,0,0,0,0,0.0,0.0
margin,live-delta,8,0.0,0.374713,0.498995,0.28695,0.734375,0.421051,0.571051,0.06361925601959229,0.6538165807723999,0.5901973247528076,1.6806193590164185,5.368880271911621,0.5115627646446228,13,3,3,1,3,1,0,0.0,0.33074119687080383,2,stale-soft,0.0,6,229,115,CORRECT,0,0,0,0,0,0,0.0,0.0
margin,live-delta,8,0.0,0.374713,0.498995,0.28695,0.734375,0.421051,0.571051,0.0028501152992248535,0.6125504374504089,0.6097003221511841,1.868025779724121,6.475499629974365,0.2866000533103943,11,3,3,1,3,1,0,0.0,0.4190482199192047,2,stale-soft,0.0,6,230,103,CORRECT,0,0,0,0,0,0,0.0,0.0
margin,live-delta,8,0.0,0.374713,0.498995,0.28695,0.734375,0.421051,0.571051,0.027474522590637207,0.5701779127120972,0.54270339012146,1.5040860176086426,4.5000386238098145,0.4494079649448395,7,3,3,1,3,1,0,0.0,0.3285231590270996,2,stale-soft,0.0,6,231,117,CORRECT,0,0,0,0,0,0,0.0,0.0
margin,live-delta,8,0.0,0.374713,0.498995,0.28695,0.734375,0.421051,0.571051,0.013588488101959229,0.5009386539459229,0.4873501658439636,1.8226467370986938,6.188215255737305,0.28832149505615234,7,3,3,1,3,1,1,0.21108587086200714,0.0439324676990509,1,stale-soft,0.0,6,232,112,CORRECT,0,0,0,0,0,2,0.0,0.211086
margin,live-delta,8,0.0,0.374713,0.498995,0.28695,0.734375,0.421051,0.571051,0.0030035674571990967,0.496469646692276,0.4934660792350769,2.0350584983825684,7.652699947357178,0.23395663499832153,9,3,3,1,3,1,0,0.0,0.22334417700767517,2,stale-soft,0.0,6,233,115,CORRECT,0,0,0,0,0,0,0.0,0.0
margin,live-delta,8,0.0,0.374713,0.498995,0.28695,0.734375,0.421051,0.571051,0.042917400598526,0.501893937587738,0.45897653698921204,1.9422775506973267,6.974617958068848,0.30856165289878845,8,3,3,1,3,1,0,0.0,0.29814231395721436,2,stale-soft,0.0,6,234,108,CORRECT,0,0,0,0,0,0,0.0,0.0
margin,live-delta,8,0.0,0.374713,0.498995,0.28695,0.734375,0.421051,0.571051,0.06836897134780884,0.6614958643913269,0.5931268930435181,1.530575156211853,4.620833873748779,0.5616140365600586,14,3,3,1,3,1,0,0.0,0.44935303926467896,2,stale-soft,0.0,6,235,115,CORRECT,0,0,0,0,0,0,0.0,0.0
margin,live-delta,8,0.0,0.374713,0.498995,0.28695,0.734375,0.421051,0.571051,0.005754947662353516,0.46608585119247437,0.46033090353012085,1.068191409111023,2.910111427307129,0.410622239112854,3,3,3,1,3,1,1,0.22339923679828644,0.030435651540756226,1,stale-soft,0.0,6,236,118,CORRECT,0,0,0,0,0,1,0.0,0.223399
margin,live-delta,8,0.0,0.374713,0.498995,0.28695,0.734375,0.421051,0.571051,0.015743613243103027,0.6798076629638672,0.6640640497207642,1.5387290716171265,4.658665657043457,0.43126243352890015,13,3,3,1,3,1,0,0.0,0.28242504596710205,2,stale-soft,0.0,6,237,115,CORRECT,0,0,0,0,0,0,0.0,0.0
margin,live-delta,8,0.0,0.374713,0.498995,0.28695,0.734375,0.421051,0.571051,0.021391957998275757,0.48643261194229126,0.4650406539440155,1.6768863201141357,5.348875522613525,0.33276689052581787,6,3,3,1,3,1,0,0.0,0.23048827052116394,2,stale-soft,0.0,6,238,114,CORRECT,0,0,0,0,0,0,0.0,0.0
margin,live-delta,8,0.0,0.374713,0.498995,0.28695,0.734375,0.421051,0.571051,0.04946953058242798,0.5871029496192932,0.5376334190368652,1.5924255847930908,4.915657997131348,0.4943068027496338,9,3,3,1,3,1,0,0.0,0.1761089265346527,2,stale-soft,0.0,6,239,123,CORRECT,0,0,0,0,0,0,0.0,0.0
margin,live-delta,8,0.0,0.374713,0.498995,0.28695,0.734375,0.421051,0.571051,0.01888042688369751,0.6377276182174683,0.6188471913337708,1.4924159049987793,4.44782829284668,0.3999118208885193,11,3,3,1,3,1,0,0.0,0.4424499571323395,2,stale-soft,0.0,6,240,114,CORRECT,0,0,0,0,0,0,0.0,0.0
margin,live-delta,8,0.0,0.374713,0.498995,0.28695,0.734375,0.421051,0.571051,0.05921712517738342,0.49900099635124207,0.43978387117385864,0.8750936985015869,2.3991000652313232,0.6573406457901001,3,3,3,1,3,1,0,0.0,0.09773263335227966,2,stale-soft,0.0,6,241,99,CORRECT,0,0,0,0,0,0,0.0,0.0
margin,live-delta,8,0.0,0.374713,0.498995,0.28695,0.734375,0.421051,0.571051,0.02079826593399048,0.5582751631736755,0.5374768972396851,2.0957772731781006,8.131758689880371,0.28682923316955566,11,3,3,1,3,1,0,0.0,0.1538691222667694,2,stale-soft,0.0,6,242,96,CORRECT,0,0,0,0,0,0,0.0,0.0
margin,live-delta,8,0.0,0.374713,0.498995,0.28695,0.734375,0.421051,0.571051,0.0026970505714416504,0.7332625985145569,0.7305655479431152,1.532523274421692,4.629844665527344,0.3880663216114044,16,3,3,1,3,1,0,0.0,0.5287417769432068,2,stale-soft,0.0,6,243,110,CORRECT,0,0,0,0,0,0,0.0,0.0
margin,live-delta,8,0.0,0.374713,0.498995,0.28695,0.734375,0.421051,0.571051,0.1839277744293213,0.5966714024543762,0.41274362802505493,-0.0,1.0,1.0,1,3,3,1,3,1,0,0.0,0.2741038501262665,2,stale-soft,0.0,6,244,105,CORRECT,0,0,0,0,0,0,0.0,0.0
margin,live-delta,8,0.0,0.374713,0.498995,0.28695,0.734375,0.421051,0.571051,0.04181373119354248,0.6546295881271362,0.6128158569335938,2.031188488006592,7.623140811920166,0.3431811034679413,14,3,3,1,3,1,0,0.0,0.30705955624580383,2,stale-soft,0.0,6,245,123,CORRECT,0,0,0,0,0,0,0.0,0.0
margin,live-delta,8,0.0,0.374713,0.498995,0.28695,0.734375,0.421051,0.571051,0.3651820123195648,0.8150867223739624,0.4499047100543976,0.013132383115589619,1.0132189989089966,0.9984643459320068,4,3,3,1,3,1,0,0.0,0.5126630663871765,2,stale-soft,0.0,6,246,107,CORRECT,0,0,0,0,0,0,0.0,0.0
margin,live-delta,8,0.0,0.374713,0.498995,0.28695,0.734375,0.421051,0.571051,0.052057862281799316,0.6668754816055298,0.6148176193237305,1.2829850912094116,3.6073920726776123,0.6147833466529846,13,3,3,1,3,1,0,0.0,0.43059098720550537,2,stale-soft,0.0,6,247,116,CORRECT,0,0,0,0,0,0,0.0,0.0
margin,live-delta,8,0.0,0.374713,0.498995,0.28695,0.734375,0.421051,0.571051,0.31732428073883057,0.692050576210022,0.3747262954711914,-0.0,1.0,1.0,1,3,3,1,3,1,0,0.0,0.3636794686317444,2,stale-soft,0.0,6,248,105,CORRECT,0,0,0,0,0,0,0.0,0.0
margin,live-delta,8,0.0,0.374713,0.498995,0.28695,0.734375,0.421051,0.571051,0.04121026396751404,0.4416483938694,0.400438129901886,-0.0,1.0,1.0,1,3,3,1,3,1,0,0.0,0.19013172388076782,2,stale-soft,0.0,6,249,115,CORRECT,0,0,0,0,0,0,0.0,0.0
margin,live-delta,8,0.0,0.374713,0.498995,0.28695,0.734375,0.421051,0.571051,0.08134958148002625,0.4839929938316345,0.4026434123516083,-0.0,1.0,1.0,1,3,3,1,3,1,0,0.0,0.12375488877296448,2,stale-soft,0.0,6,250,107,CORRECT,0,0,0,0,0,0,0.0,0.0
margin,live-delta,8,0.0,0.374713,0.498995,0.28695,0.734375,0.421051,0.571051,0.5856990814208984,0.919346809387207,0.3336476981639862,-0.0,1.0,1.0,1,3,3,1,3,1,0,0.0,0.6660169363021851,2,stale-soft,0.0,6,251,105,CORRECT,0,0,0,0,0,0,0.0,0.0
margin,live-delta,8,0.0,0.374713,0.498995,0.28695,0.734375,0.421051,0.571051,0.04148721694946289,0.558095395565033,0.5166081786155701,1.8603737354278564,6.426137924194336,0.4060046374797821,10,3,3,1,3,1,0,0.0,0.1545422077178955,2,stale-soft,0.0,6,253,123,CORRECT,0,0,0,0,0,0,0.0,0.0
margin,live-delta,8,0.0,0.374713,0.498995,0.28695,0.734375,0.421051,0.571051,0.06869560480117798,0.5217567086219788,0.4530611038208008,0.7986289262771606,2.222491502761841,0.7080431580543518,3,3,3,1,3,1,0,0.0,0.24860435724258423,2,stale-soft,0.0,6,254,102,CORRECT,0,0,0,0,0,0,0.0,0.0
margin,live-delta,8,0.0,0.374713,0.498995,0.28695,0.734375,0.421051,0.571051,0.20871633291244507,0.6134811043739319,0.4047647714614868,-0.0,1.0,1.0,1,3,3,1,3,1,0,0.0,0.44915974140167236,2,stale-soft,0.0,6,255,122,CORRECT,0,0,0,0,0,0,0.0,0.0
margin,live-delta,9,0.0,0.374713,0.498995,0.282247,0.734375,0.419152,0.569152,0.010410964488983154,0.6283859014511108,0.6179749369621277,1.6832038164138794,5.3827738761901855,0.3906971216201782,13,3,0,0,0,0,1,0.9999999403953552,-0.4530397355556488,0,stale-soft,0.0,6,0,1,STALE_STRICT,0,0,1,1,0,13,0.0,1.0
margin,live-delta,9,0.0,0.374713,0.498995,0.282247,0.734375,0.419152,0.569152,0.027423739433288574,0.5380635857582092,0.5106398463249207,1.626991629600525,5.08854341506958,0.3780076205730438,7,3,0,0,0,0,1,1.0,-0.3220284581184387,0,stale-soft,0.0,6,1,20,STALE_STRICT,0,0,1,1,0,7,0.0,1.0
margin,live-delta,9,0.0,0.374713,0.498995,0.282247,0.734375,0.419152,0.569152,0.050639808177948,0.6435017585754395,0.5928619503974915,2.2411506175994873,9.404145240783691,0.36960169672966003,20,3,0,0,0,0,1,0.9711447358131409,-0.12750685214996338,0,stale-soft,0.0,6,2,9,STALE_STRICT,0,0,1,1,0,19,0.0,0.971145
margin,live-delta,9,0.0,0.374713,0.498995,0.282247,0.734375,0.419152,0.569152,0.06146073341369629,0.7017878293991089,0.6403270959854126,1.7371046543121338,5.680871486663818,0.5133206248283386,20,3,0,0,0,0,1,1.0,-0.41814467310905457,0,stale-soft,0.0,6,3,11,STALE_STRICT,0,0,1,1,0,20,0.0,1.0
margin,live-delta,9,0.0,0.374713,0.498995,0.282247,0.734375,0.419152,0.569152,0.00846010446548462,0.6306256651878357,0.6221655607223511,1.9189375638961792,6.81371545791626,0.2713421881198883,13,3,0,0,0,0,1,1.0,-0.3833446502685547,0,stale-soft,0.0,6,4,7,STALE_STRICT,0,0,1,1,0,13,0.0,1.0
margin,live-delta,9,0.0,0.374713,0.498995,0.282247,0.734375,0.419152,0.569152,0.0811147689819336,0.6353706121444702,0.5542558431625366,1.4376425743103027,4.210757732391357,0.6121220588684082,12,3,0,0,0,0,1,1.0,-0.40042978525161743,0,stale-soft,0.0,6,5,13,STALE_STRICT,0,0,1,1,0,12,0.0,1.0
margin,live-delta,9,0.0,0.374713,0.498995,0.282247,0.734375,0.419152,0.569152,0.06274926662445068,0.6143373250961304,0.5515880584716797,2.2170982360839844,9.180651664733887,0.36681875586509705,17,3,0,0,0,0,1,0.9999999403953552,-0.2853238582611084,0,stale-soft,0.0,6,6,27,STALE_STRICT,0,0,1,1,0,17,0.0,1.0
margin,live-delta,9,0.0,0.374713,0.498995,0.282247,0.734375,0.419152,0.569152,0.20145222544670105,0.49529898166656494,0.2938467562198639,-0.0,1.0,1.0,1,3,0,0,0,0,1,1.0,-0.39591747522354126,0,stale-soft,0.0,6,7,7,STALE_STRICT,0,0,1,1,0,1,0.0,1.0
margin,live-delta,9,0.0,0.374713,0.498995,0.282247,0.734375,0.419152,0.569152,0.01923549175262451,0.5491013526916504,0.5298658609390259,1.1870262622833252,3.2773208618164062,0.4971781075000763,5,3,0,0,0,0,1,0.9999999403953552,-0.30419087409973145,0,stale-soft,0.0,6,8,12,STALE_STRICT,0,0,1,1,0,5,0.0,1.0
margin,live-delta,9,0.0,0.374713,0.498995,0.282247,0.734375,0.419152,0.569152,0.08658438920974731,0.6821415424346924,0.5955571532249451,1.345367193222046,3.8395960330963135,0.666522741317749,14,3,0,0,0,0,1,1.0,-0.45356273651123047,0,stale-soft,0.0,6,9,12,STALE_STRICT,0,0,1,1,0,14,0.0,1.0
margin,live-delta,9,0.0,0.374713,0.498995,0.282247,0.734375,0.419152,0.569152,0.032585084438323975,0.5376241207122803,0.5050390362739563,1.7248879671096802,5.611892223358154,0.37664708495140076,7,3,0,0,0,0,1,1.0,-0.40262067317962646,0,stale-soft,0.0,6,10,26,STALE_STRICT,0,0,1,1,0,7,0.0,1.0
margin,live-delta,9,0.0,0.374713,0.498995,0.282247,0.734375,0.419152,0.569152,0.03140741586685181,0.5394497513771057,0.5080423355102539,1.5943386554718018,4.925070762634277,0.3753001093864441,6,3,0,0,0,0,1,1.0,-0.12138670682907104,0,stale-soft,0.0,6,11,24,STALE_STRICT,0,0,1,1,0,5,0.0,0.946862
margin,live-delta,9,0.0,0.374713,0.498995,0.282247,0.734375,0.419152,0.569152,0.0076819658279418945,0.6589006185531616,0.6512186527252197,2.043964147567749,7.721156597137451,0.2539065182209015,20,3,0,0,0,0,1,1.0,-0.3196638226509094,0,stale-soft,0.0,6,12,20,STALE_STRICT,0,0,1,1,0,18,0.0,0.994644
margin,live-delta,9,0.0,0.374713,0.498995,0.282247,0.734375,0.419152,0.569152,0.004485070705413818,0.6025277972221375,0.5980427265167236,1.7247875928878784,5.611329078674316,0.3401036262512207,10,3,0,0,0,0,1,1.0,-0.39324048161506653,0,stale-soft,0.0,6,13,28,STALE_STRICT,0,0,1,1,0,10,0.0,1.0
margin,live-delta,9,0.0,0.374713,0.498995,0.282247,0.734375,0.419152,0.569152,0.00681459903717041,0.6395174264907837,0.6327028274536133,1.7626317739486694,5.827754497528076,0.31755515933036804,14,3,0,0,0,0,1,1.0,-0.34152960777282715,0,stale-soft,0.0,6,14,26,STALE_STRICT,0,0,1,1,0,14,0.0,1.0
margin,live-delta,9,0.0,0.374713,0.498995,0.282247,0.734375,0.419152,0.569152,0.04385042190551758,0.664881706237793,0.6210312843322754,1.8885869979858398,6.610022068023682,0.422990620136261,16,3,0,0,0,0,1,1.0000001192092896,-0.3882107734680176,0,stale-soft,0.0,6,15,13,STALE_STRICT,0,0,1,1,0,16,0.0,1.0
margin,live-delta,9,0.0,0.374713,0.498995,0.282247,0.734375,0.419152,0.569152,0.004398524761199951,0.5671542882919312,0.5627557635307312,2.477964162826538,11.91697883605957,0.15145041048526764,16,3,0,0,0,0,1,1.0,-0.31287145614624023,0,stale-soft,0.0,6,16,12,STALE_STRICT,0,0,1,1,0,16,0.0,1.0
margin,live-delta,9,0.0,0.374713,0.498995,0.282247,0.734375,0.419152,0.569152,0.020671069622039795,0.6850572228431702,0.6643861532211304,2.0121259689331055,7.479200839996338,0.3316110372543335,20,3,0,0,0,0,1,0.9999998807907104,-0.37884485721588135,0,stale-soft,0.0,6,17,30,STALE_STRICT,0,0,1,1,0,19,0.0,0.996628
margin,live-delta,9,0.0,0.374713,0.498995,0.282247,0.734375,0.419152,0.569152,0.13047552108764648,0.7553185224533081,0.6248430013656616,1.1679840087890625,3.215503692626953,0.7539670467376709,20,3,0,0,0,0,1,1.0,-0.35036882758140564,0,stale-soft,0.0,6,18,30,STALE_STRICT,0,0,1,1,0,19,0.0,0.997398
margin,live-delta,9,0.0,0.374713,0.498995,0.282247,0.734375,0.419152,0.569152,0.214311420917511,0.7999751567840576,0.5856637358665466,0.5485446453094482,1.7307323217391968,0.908501148223877,20,3,0,0,0,0,1,0.9985231757164001,-0.3210960626602173,0,stale-soft,0.0,6,19,30,STALE_STRICT,0,0,1,1,0,18,0.0,0.995926
margin,live-delta,9,0.0,0.374713,0.498995,0.282247,0.734375,0.419152,0.569152,0.005678772926330566,0.6305544376373291,0.6248756647109985,2.548046588897705,12.782110214233398,0.17128898203372955,20,3,0,0,0,0,1,1.0,-0.31999439001083374,0,stale-soft,0.0,6,20,0,STALE_STRICT,0,0,1,1,0,19,0.0,0.991936
margin,live-delta,9,0.0,0.374713,0.498995,0.282247,0.734375,0.419152,0.569152,0.01732957363128662,0.7488837242126465,0.7315541505813599,1.1172136068344116,3.056326150894165,0.5223629474639893,13,3,0,0,0,0,1,1.0,-0.5293403267860413,0,stale-soft,0.0,6,21,25,STALE_STRICT,0,0,1,1,0,12,0.0,0.99879
margin,live-delta,9,0.0,0.374713,0.498995,0.282247,0.734375,0.419152,0.569152,0.015865683555603027,0.6977767944335938,0.6819111108779907,1.810847282409668,6.115626811981201,0.4170607924461365,20,3,0,0,0,0,1,0.9999999403953552,-0.4273530840873718,0,stale-soft,0.0,6,22,1,STALE_STRICT,0,0,1,1,0,20,0.0,1.0
margin,live-delta,9,0.0,0.374713,0.498995,0.282247,0.734375,0.419152,0.569152,0.05592668056488037,0.6982558965682983,0.642329216003418,2.023435592651367,7.564268112182617,0.4559248089790344,20,3,0,0,0,0,1,1.0000001192092896,-0.4900832176208496,0,stale-soft,0.0,6,23,1,STALE_STRICT,0,0,1,1,0,20,0.0,1.0
margin,live-delta,9,0.0,0.374713,0.498995,0.282247,0.734375,0.419152,0.569152,0.078667551279068,0.550545334815979,0.471877783536911,0.6921436190605164,1.99799382686615,0.765525221824646,3,3,1,0,1,0,1,1.0,-0.3056256175041199,0,stale-soft,0.0,6,24,33,STALE_LENIENT,0,0,0,1,0,1,0.0,0.075744
margin,live-delta,9,0.0,0.374713,0.498995,0.282247,0.734375,0.419152,0.569152,0.01704925298690796,0.6313489079475403,0.6142996549606323,2.4893836975097656,12.053845405578613,0.25167083740234375,20,3,0,0,0,0,1,1.0,-0.2471303939819336,0,stale-soft,0.0,6,25,30,STALE_STRICT,0,0,1,1,0,20,0.0,1.0
margin,live-delta,9,0.0,0.374713,0.498995,0.282247,0.734375,0.419152,0.569152,0.02894890308380127,0.5523542165756226,0.5234053134918213,1.8469512462615967,6.34045934677124,0.3721979856491089,9,3,0,0,0,0,1,1.0,-0.23884332180023193,0,stale-soft,0.0,6,26,27,STALE_STRICT,0,0,1,1,0,9,0.0,1.0
margin,live-delta,9,0.0,0.374713,0.498995,0.282247,0.734375,0.419152,0.569152,0.04773306846618652,0.6731027364730835,0.625369668006897,1.5769482851028442,4.84016227722168,0.49535661935806274,13,3,0,0,0,0,1,0.9891678690910339,-0.19113785028457642,0,stale-soft,0.0,6,27,16,STALE_STRICT,0,0,1,1,0,11,0.0,0.967279
margin,live-delta,9,0.0,0.374713,0.498995,0.282247,0.734375,0.419152,0.569152,0.03371754288673401,0.4923955500125885,0.4586780071258545,1.0246752500534058,2.7861905097961426,0.5177279114723206,3,3,1,0,1,0,1,0.9999999403953552,-0.26361992955207825,0,stale-soft,0.0,6,28,33,STALE_LENIENT,0,0,0,1,0,2,0.0,0.482272
margin,live-delta,9,0.0,0.374713,0.498995,0.282247,0.734375,0.419152,0.569152,0.00040036439895629883,0.5298848748207092,0.5294845104217529,2.099444627761841,8.161636352539062,0.24276576936244965,11,3,0,0,0,0,1,1.0,-0.1851538121700287,0,stale-soft,0.0,6,29,13,STALE_STRICT,0,0,1,1,0,10,0.0,0.964147
margin,live-delta,9,0.0,0.374713,0.498995,0.282247,0.734375,0.419152,0.569152,0.04991334676742554,0.6916114091873169,0.6416980624198914,1.98904287815094,7.308535099029541,0.4419843256473541,20,3,0,0,0,0,1,1.0,-0.4158664047718048,0,stale-soft,0.0,6,30,11,STALE_STRICT,0,0,1,1,0,20,0.0,1.0
margin,live-delta,9,0.0,0.374713,0.498995,0.282247,0.734375,0.419152,0.569152,0.015379726886749268,0.5836501121520996,0.5682703852653503,2.557187080383301,12.899480819702148,0.2153107225894928,20,3,0,0,0,0,1,1.0000001192092896,-0.29959285259246826,0,stale-soft,0.0,6,31,11,STALE_STRICT,0,0,1,1,0,20,0.0,1.0
margin,live-delta,9,0.0,0.374713,0.498995,0.282247,0.734375,0.419152,0.569152,0.00023114681243896484,0.4375622570514679,0.43733111023902893,0.6931445598602295,1.9999947547912598,0.5011556148529053,2,3,0,0,0,0,1,1.0,-0.2670082449913025,0,stale-soft,0.0,6,32,7,STALE_STRICT,0,0,1,1,0,2,0.0,1.0
margin,live-delta,9,0.0,0.374713,0.498995,0.282247,0.734375,0.419152,0.569152,0.0088273286819458,0.6656931638717651,0.6568658351898193,2.1218438148498535,8.346512794494629,0.323309063911438,19,3,0,0,0,0,1,0.9999998807907104,-0.33299094438552856,0,stale-soft,0.0,6,33,20,STALE_STRICT,0,0,1,1,0,19,0.0,1.0
margin,live-delta,9,0.0,0.374713,0.498995,0.282247,0.734375,0.419152,0.569152,0.03324735164642334,0.672676146030426,0.6394287943840027,1.7408325672149658,5.702088832855225,0.446136474609375,17,3,0,0,0,0,1,0.9999999403953552,-0.5270504951477051,0,stale-soft,0.0,6,34,1,STALE_STRICT,0,0,1,1,0,17,0.0,1.0
margin,live-delta,9,0.0,0.374713,0.498995,0.282247,0.734375,0.419152,0.569152,0.06339681148529053,0.6739566326141357,0.6105598211288452,1.327377200126648,3.77113938331604,0.6224517226219177,14,3,0,0,0,0,1,1.0,-0.35496705770492554,0,stale-soft,0.0,6,35,28,STALE_STRICT,0,0,1,1,0,12,0.0,0.990372
margin,live-delta,9,0.0,0.374713,0.498995,0.282247,0.734375,0.419152,0.569152,0.061883509159088135,0.6948245167732239,0.6329410076141357,1.7594882249832153,5.8094635009765625,0.5090439915657043,18,3,0,0,0,0,1,1.0,-0.44034188985824585,0,stale-soft,0.0,6,36,12,STALE_STRICT,0,0,1,1,0,18,0.0,1.0
margin,live-delta,9,0.0,0.374713,0.498995,0.282247,0.734375,0.419152,0.569152,0.01653200387954712,0.5996271371841431,0.583095133304596,1.8673006296157837,6.470805644989014,0.33110862970352173,10,3,0,0,0,0,1,1.0000001192092896,-0.4315812587738037,0,stale-soft,0.0,6,37,26,STALE_STRICT,0,0,1,1,0,10,0.0,1.0
margin,live-delta,9,0.0,0.374713,0.498995,0.282247,0.734375,0.419152,0.569152,0.01701536774635315,0.5104827880859375,0.49346742033958435,2.6522350311279297,14.185708999633789,0.1393176168203354,16,3,0,0,0,0,1,0.9999999403953552,-0.22574317455291748,0,stale-soft,0.0,6,38,28,STALE_STRICT,0,0,1,1,0,16,0.0,1.0
margin,live-delta,9,0.0,0.374713,0.498995,0.282247,0.734375,0.419152,0.569152,0.0733039379119873,0.7156831622123718,0.6423792243003845,1.932328701019287,6.905572414398193,0.5024093985557556,20,3,0,0,0,0,1,1.0000001192092896,-0.44519472122192383,0,stale-soft,0.0,6,39,11,STALE_STRICT,0,0,1,1,0,20,0.0,1.0
margin,live-delta,9,0.0,0.374713,0.498995,0.282247,0.734375,0.419152,0.569152,0.012021005153656006,0.5193359851837158,0.5073149800300598,1.5866072177886963,4.887139797210693,0.3504555821418762,6,3,0,0,0,0,1,1.0,-0.3110678195953369,0,stale-soft,0.0,6,40,18,STALE_STRICT,0,0,1,1,0,6,0.0,1.0
margin,live-delta,9,0.0,0.374713,0.498995,0.282247,0.734375,0.419152,0.569152,0.004130363464355469,0.5956895351409912,0.5915591716766357,2.1694741249084473,8.753679275512695,0.2660317122936249,16,3,0,0,0,0,1,0.9999998807907104,-0.18633025884628296,0,stale-soft,0.0,6,41,9,STALE_STRICT,0,0,1,1,0,15,0.0,0.992194
margin,live-delta,9,0.0,0.374713,0.498995,0.282247,0.734375,0.419152,0.569152,0.12807446718215942,0.5080372095108032,0.3799627423286438,-0.0,1.0,1.0,1,3,0,0,0,0,1,1.0,-0.24906188249588013,0,stale-soft,0.0,6,42,15,STALE_STRICT,0,0,1,1,0,1,0.0,1.0
margin,live-delta,9,0.0,0.374713,0.498995,0.282247,0.734375,0.419152,0.569152,0.029343336820602417,0.5180602669715881,0.4887169301509857,0.9196711778640747,2.508465528488159,0.5750361084938049,3,3,0,0,0,0,1,0.9999999403953552,-0.22850483655929565,0,stale-soft,0.0,6,44,6,STALE_STRICT,0,0,1,1,0,2,0.0,0.680241
margin,live-delta,9,0.0,0.374713,0.498995,0.282247,0.734375,0.419152,0.569152,0.14111894369125366,0.7220957279205322,0.5809767842292786,0.9061532616615295,2.4747843742370605,0.8118083477020264,19,3,0,0,0,0,1,0.9999998807907104,-0.36302319169044495,0,stale-soft,0.0,6,45,30,STALE_STRICT,0,0,1,1,0,17,0.0,0.994463
margin,live-delta,9,0.0,0.374713,0.498995,0.282247,0.734375,0.419152,0.569152,0.009380042552947998,0.5576402544975281,0.5482602119445801,2.596264123916626,13.413533210754395,0.1439398229122162,18,3,0,0,0,0,1,1.0,-0.2686322331428528,0,stale-soft,0.0,6,46,0,STALE_STRICT,0,0,1,1,0,17,0.0,0.985187
margin,live-delta,9,0.0,0.374713,0.498995,0.282247,0.734375,0.419152,0.569152,0.039743661880493164,0.7065777778625488,0.6668341159820557,1.896702527999878,6.663884162902832,0.4397803246974945,20,3,0,0,0,0,1,1.0000001192092896,-0.436687707901001,0,stale-soft,0.0,6,47,11,STALE_STRICT,0,0,1,1,0,20,0.0,1.0
margin,live-delta,9,0.0,0.374713,0.498995,0.282247,0.734375,0.419152,0.569152,0.00565028190612793,0.4656926989555359,0.46004241704940796,1.0387084484100342,2.8255653381347656,0.4329869747161865,3,3,0,0,0,0,1,1.0,-0.17271816730499268,0,stale-soft,0.0,6,48,16,STALE_STRICT,0,0,1,1,0,3,0.0,1.0
margin,live-delta,9,0.0,0.374713,0.498995,0.282247,0.734375,0.419152,0.569152,0.004724025726318359,0.6174630522727966,0.6127390265464783,2.6217949390411377,13.760400772094727,0.1533571481704712,20,3,0,0,0,0,1,1.0000001192092896,-0.3462756872177124,0,stale-soft,0.0,6,49,18,STALE_STRICT,0,0,1,1,0,20,0.0,1.0
margin,live-delta,9,0.0,0.374713,0.498995,0.282247,0.734375,0.419152,0.569152,0.021081984043121338,0.631973922252655,0.6108919382095337,2.38700532913208,10.880860328674316,0.24051174521446228,20,3,0,0,0,0,1,1.0,-0.39021122455596924,0,stale-soft,0.0,6,50,11,STALE_STRICT,0,0,1,1,0,20,0.0,1.0
margin,live-delta,9,0.0,0.374713,0.498995,0.282247,0.734375,0.419152,0.569152,0.04159349203109741,0.6099201440811157,0.5683266520500183,2.175912618637085,8.810221672058105,0.3495439887046814,18,3,0,0,0,0,1,1.0,-0.2730158567428589,0,stale-soft,0.0,6,51,30,STALE_STRICT,0,0,1,1,0,16,0.0,0.944456
margin,live-delta,9,0.0,0.374713,0.498995,0.282247,0.734375,0.419152,0.569152,0.04602915048599243,0.6817589998245239,0.6357298493385315,1.995059609413147,7.3526411056518555,0.450581818819046,20,3,0,0,0,0,1,0.9999999403953552,-0.32056257128715515,0,stale-soft,0.0,6,52,30,STALE_STRICT,0,0,1,1,0,20,0.0,1.0
margin,live-delta,9,0.0,0.374713,0.498995,0.282247,0.734375,0.419152,0.569152,0.02947831153869629,0.6125665903091431,0.5830882787704468,2.2150678634643555,9.162031173706055,0.29297077655792236,16,3,0,0,0,0,1,1.0,-0.46717482805252075,0,stale-soft,0.0,6,53,7,STALE_STRICT,0,0,1,1,0,16,0.0,1.0
margin,live-delta,9,0.0,0.374713,0.498995,0.282247,0.734375,0.419152,0.569152,0.039527952671051025,0.6817615628242493,0.6422336101531982,1.464264154434204,4.324359893798828,0.5182248950004578,13,3,0,0,0,0,1,0.9999999403953552,-0.32564297318458557,0,stale-soft,0.0,6,54,16,STALE_STRICT,0,0,1,1,0,12,0.0,0.993171
margin,live-delta,9,0.0,0.374713,0.498995,0.282247,0.734375,0.419152,0.569152,0.1259809136390686,0.7112128138542175,0.5852319002151489,1.3836485147476196,3.9894306659698486,0.7028036117553711,20,3,0,0,0,0,1,0.9999998807907104,-0.30064940452575684,0,stale-soft,0.0,6,55,30,STALE_STRICT,0,0,1,1,0,19,0.0,0.994113
margin,live-delta,9,0.0,0.374713,0.498995,0.282247,0.734375,0.419152,0.569152,0.04841500520706177,0.5435279607772827,0.49511295557022095,1.9926084280014038,7.3346405029296875,0.37537580728530884,11,3,0,0,0,0,1,0.9999999403953552,-0.32181990146636963,0,stale-soft,0.0,6,56,1,STALE_STRICT,0,0,1,1,0,11,0.0,1.0
margin,live-delta,9,0.0,0.374713,0.498995,0.282247,0.734375,0.419152,0.569152,0.011501491069793701,0.5289517045021057,0.517450213432312,2.5102744102478027,12.308306694030762,0.15981678664684296,15,3,0,0,0,0,1,1.0,-0.23483747243881226,0,stale-soft,0.0,6,57,28,STALE_STRICT,0,0,1,1,0,15,0.0,1.0
margin,live-delta,9,0.0,0.374713,0.498995,0.282247,0.734375,0.419152,0.569152,0.027495503425598145,0.521161675453186,0.4936661720275879,1.849459171295166,6.356380939483643,0.27965304255485535,7,3,0,0,0,0,1,1.0000001192092896,-0.17988520860671997,0,stale-soft,0.0,6,58,28,STALE_STRICT,0,0,1,1,0,7,0.0,1.0
margin,live-delta,9,0.0,0.374713,0.498995,0.282247,0.734375,0.419152,0.569152,0.0455852746963501,0.7100707292556763,0.6644854545593262,1.6763778924942017,5.346156597137451,0.4960916340351105,20,3,0,0,0,0,1,0.9999999403953552,-0.47589704394340515,0,stale-soft,0.0,6,59,11,STALE_STRICT,0,0,1,1,0,20,0.0,1.0
margin,live-delta,9,0.0,0.374713,0.498995,0.282247,0.734375,0.419152,0.569152,0.0009667277336120605,0.7287241816520691,0.727757453918457,1.377142310142517,3.9635589122772217,0.3558221161365509,12,3,0,0,0,0,1,1.0,-0.5508826971054077,0,stale-soft,0.0,6,61,25,STALE_STRICT,0,0,1,1,0,12,0.0,1.0
margin,live-delta,9,0.0,0.374713,0.498995,0.282247,0.734375,0.419152,0.569152,0.03774535655975342,0.5500203371047974,0.512274980545044,1.7039306163787842,5.4955058097839355,0.4182017147541046,8,3,0,0,0,0,1,1.0,-0.20863336324691772,0,stale-soft,0.0,6,62,16,STALE_STRICT,0,0,1,1,0,8,0.0,1.0
margin,live-delta,9,0.0,0.374713,0.498995,0.282247,0.734375,0.419152,0.569152,0.0918266773223877,0.7022755146026611,0.6104488372802734,1.6186840534210205,5.046444892883301,0.6052987575531006,20,3,0,0,0,0,1,0.9999999403953552,-0.3944852948188782,0,stale-soft,0.0,6,63,22,STALE_STRICT,0,0,1,1,0,20,0.0,1.0
margin,live-delta,9,0.0,0.374713,0.498995,0.282247,0.734375,0.419152,0.569152,0.0138663649559021,0.6372043490409851,0.623337984085083,2.1091299057006836,8.241067886352539,0.27171429991722107,18,1,1,1,1,1,0,0.009970581158995628,0.18750077486038208,2,stale-soft,0.0,6,64,60,CORRECT,0,0,0,0,0,2,0.0,0.009971
margin,live-delta,9,0.0,0.374713,0.498995,0.282247,0.734375,0.419152,0.569152,0.07325202226638794,0.7194734811782837,0.6462214589118958,1.3936271667480469,4.0294389724731445,0.5917448401451111,14,1,1,1,1,1,0,0.0,0.4203501343727112,2,stale-soft,0.0,6,65,49,CORRECT,0,0,0,0,0,0,0.0,0.0
margin,live-delta,9,0.0,0.374713,0.498995,0.282247,0.734375,0.419152,0.569152,0.27114012837409973,0.7173919677734375,0.44625183939933777,0.0497102290391922,1.050966501235962,0.9924216866493225,3,1,1,1,1,1,0,0.0,0.4258134365081787,2,stale-soft,0.0,6,66,54,CORRECT,0,0,0,0,0,0,0.0,0.0
margin,live-delta,9,0.0,0.374713,0.498995,0.282247,0.734375,0.419152,0.569152,0.04251831769943237,0.6012977957725525,0.5587794780731201,2.1921939849853516,8.954838752746582,0.2893412411212921,14,1,1,1,1,1,0,0.0,0.203637957572937,2,stale-soft,0.0,6,67,42,CORRECT,0,0,0,0,0,0,0.0,0.0
margin,live-delta,9,0.0,0.374713,0.498995,0.282247,0.734375,0.419152,0.569152,0.17981690168380737,0.6864583492279053,0.5066414475440979,0.3430187404155731,1.4091951847076416,0.9346346855163574,7,1,1,1,1,1,0,0.0,0.43639615178108215,2,stale-soft,0.0,6,68,57,CORRECT,0,0,0,0,0,0,0.0,0.0
margin,live-delta,9,0.0,0.374713,0.498995,0.282247,0.734375,0.419152,0.569152,0.026864051818847656,0.5847336053848267,0.557869553565979,2.0918922424316406,8.100228309631348,0.3424934148788452,14,1,1,1,1,1,0,0.029409259557724,0.1512666940689087,2,stale-soft,0.0,6,69,52,CORRECT,0,0,0,0,0,2,0.0,0.029409
margin,live-delta,9,0.0,0.374713,0.498995,0.282247,0.734375,0.419152,0.569152,0.08957570791244507,0.6409652233123779,0.5513895153999329,0.8416467905044556,2.3201847076416016,0.7719699740409851,7,1,1,1,1,1,0,0.0,0.3181228041648865,2,stale-soft,0.0,6,70,57,CORRECT,0,0,0,0,0,0,0.0,0.0
margin,live-delta,9,0.0,0.374713,0.498995,0.282247,0.734375,0.419152,0.569152,0.04689741134643555,0.5237218141555786,0.47682440280914307,1.3581238985061646,3.888890504837036,0.5000370740890503,5,1,1,1,1,1,0,0.09810714423656464,0.08143112063407898,2,stale-soft,0.0,6,71,49,CORRECT,0,0,0,0,0,1,0.0,0.098107
margin,live-delta,9,0.0,0.374713,0.498995,0.282247,0.734375,0.419152,0.569152,0.028354287147521973,0.7925995588302612,0.7642452716827393,0.9122671484947205,2.4899611473083496,0.5992596745491028,8,1,1,1,1,1,0,0.0,0.46540719270706177,2,stale-soft,0.0,6,72,40,CORRECT,0,0,0,0,0,0,0.0,0.0
margin,live-delta,9,0.0,0.374713,0.498995,0.282247,0.734375,0.419152,0.569152,0.03947728872299194,0.4474477767944336,0.40797048807144165,-0.0,1.0,1.0,1,1,1,1,1,1,0,0.0,0.04582047462463379,1,stale-soft,0.0,6,73,35,CORRECT,0,0,0,0,0,0,0.0,0.0
margin,live-delta,9,0.0,0.374713,0.498995,0.282247,0.734375,0.419152,0.569152,0.019095420837402344,0.6300061345100403,0.6109107136726379,1.134110927581787,3.1084086894989014,0.5057145953178406,7,1,1,1,1,1,0,0.0,0.29718226194381714,2,stale-soft,0.0,6,74,32,CORRECT,0,0,0,0,0,0,0.0,0.0
margin,live-delta,9,0.0,0.374713,0.498995,0.282247,0.734375,0.419152,0.569152,0.02758324146270752,0.6517994403839111,0.6242161989212036,1.884400486946106,6.582406997680664,0.3671124577522278,16,1,1,1,1,1,0,0.01582324132323265,0.17890149354934692,2,stale-soft,0.0,6,75,48,CORRECT,0,0,0,0,0,2,0.0,0.015823
margin,live-delta,9,0.0,0.374713,0.498995,0.282247,0.734375,0.419152,0.569152,0.006723225116729736,0.587090253829956,0.5803670287132263,2.1089415550231934,8.23951530456543,0.2829723060131073,15,1,1,1,1,1,0,0.04412756860256195,0.15502119064331055,2,stale-soft,0.0,6,76,35,CORRECT,0,0,0,0,0,3,0.0,0.031385
margin,live-delta,9,0.0,0.374713,0.498995,0.282247,0.734375,0.419152,0.569152,0.01150047779083252,0.4391584098339081,0.42765793204307556,0.6865776777267456,1.9869040250778198,0.5572500824928284,2,1,1,1,1,1,0,0.0,0.11116591095924377,2,stale-soft,0.0,6,77,58,CORRECT,0,0,0,0,0,0,0.0,0.0
margin,live-delta,9,0.0,0.374713,0.498995,0.282247,0.734375,0.419152,0.569152,0.046075284481048584,0.485497385263443,0.4394221007823944,1.2433892488479614,3.4673452377319336,0.4953957200050354,4,1,1,1,1,1,0,0.0,0.11503127217292786,2,stale-soft,0.0,6,78,37,CORRECT,0,0,0,0,0,0,0.0,0.0
margin,live-delta,9,0.0,0.374713,0.498995,0.282247,0.734375,0.419152,0.569152,0.011427760124206543,0.43584972620010376,0.4244219660758972,0.6866599321365356,1.987067461013794,0.5568912029266357,2,1,1,1,1,1,0,0.0,0.09523272514343262,2,stale-soft,0.0,6,79,55,CORRECT,0,0,0,0,0,0,0.0,0.0
margin,live-delta,9,0.0,0.374713,0.498995,0.282247,0.734375,0.419152,0.569152,0.047071754932403564,0.580012857913971,0.5329411029815674,1.4422274827957153,4.23010778427124,0.5402372479438782,8,1,0,0,0,0,1,0.9426831603050232,-0.1121707558631897,0,stale-soft,0.0,6,80,24,STALE_STRICT,0,0,1,1,0,7,0.0,0.942683
margin,live-delta,9,0.0,0.374713,0.498995,0.282247,0.734375,0.419152,0.569152,0.06020021438598633,0.6887730360031128,0.6285728216171265,1.2882663011550903,3.6264939308166504,0.556942343711853,7,1,1,1,1,1,0,0.0,0.5219050645828247,2,stale-soft,0.0,6,81,50,CORRECT,0,0,0,0,0,0,0.0,0.0
margin,live-delta,9,0.0,0.374713,0.498995,0.282247,0.734375,0.419152,0.569152,0.06465297937393188,0.675824761390686,0.6111717820167542,1.559347152709961,4.755715370178223,0.5730307102203369,15,1,1,1,1,1,0,0.0,0.3446776866912842,2,stale-soft,0.0,6,82,61,CORRECT,0,0,0,0,0,0,0.0,0.0
margin,live-delta,9,0.0,0.374713,0.498995,0.282247,0.734375,0.419152,0.569152,0.062261730432510376,0.522896409034729,0.46063467860221863,0.5313348770141602,1.7012016773223877,0.7764738202095032,2,1,1,1,1,1,0,0.0,0.20996356010437012,2,stale-soft,0.0,6,83,42,CORRECT,0,0,0,0,0,0,0.0,0.0
margin,live-delta,9,0.0,0.374713,0.498995,0.282247,0.734375,0.419152,0.569152,0.007027864456176758,0.595234215259552,0.5882063508033752,1.5691070556640625,4.802358150482178,0.33533406257629395,9,1,1,1,1,1,0,0.0,0.3471389412879944,2,stale-soft,0.0,6,84,52,CORRECT,0,0,0,0,0,0,0.0,0.0
margin,live-delta,9,0.0,0.374713,0.498995,0.282247,0.734375,0.419152,0.569152,0.002056121826171875,0.5324323177337646,0.5303761959075928,2.2254180908203125,9.257352828979492,0.22632135450839996,13,1,1,1,1,1,1,0.1415972113609314,0.06689471006393433,2,stale-soft,0.0,6,85,41,CORRECT,0,0,0,0,0,3,0.0,0.141597
margin,live-delta,9,0.0,0.374713,0.498995,0.282247,0.734375,0.419152,0.569152,0.014487236738204956,0.49048975110054016,0.4760025143623352,1.3602098226547241,3.8970108032226562,0.3414223790168762,4,1,0,0,0,0,1,0.5969616174697876,-0.02302202582359314,0,stale-soft,0.0,6,86,25,STALE_STRICT,0,0,1,1,0,2,0.0,0.596962
margin,live-delta,9,0.0,0.374713,0.498995,0.282247,0.734375,0.419152,0.569152,0.30191630125045776,0.8589409589767456,0.5570246577262878,0.06541933119297028,1.0676065683364868,0.9917627573013306,13,1,1,1,1,1,0,0.0015588508686050773,0.3508061170578003,2,stale-soft,0.0,6,87,43,CORRECT,0,0,0,0,0,4,0.0,0.001559
margin,live-delta,9,0.0,0.374713,0.498995,0.282247,0.734375,0.419152,0.569152,0.023692190647125244,0.6738309860229492,0.650138795375824,1.2092169523239136,3.3508596420288086,0.4967927634716034,9,1,1,1,1,1,0,0.0,0.38304105401039124,2,stale-soft,0.0,6,88,61,CORRECT,0,0,0,0,0,0,0.0,0.0
margin,live-delta,9,0.0,0.374713,0.498995,0.282247,0.734375,0.419152,0.569152,0.01702946424484253,0.6745926737785339,0.6575632095336914,1.657617211341858,5.246793746948242,0.3624098002910614,10,1,1,1,1,1,0,0.0,0.4250260889530182,2,stale-soft,0.0,6,89,39,CORRECT,0,0,0,0,0,0,0.0,0.0
margin,live-delta,9,0.0,0.374713,0.498995,0.282247,0.734375,0.419152,0.569152,0.005663275718688965,0.6045351028442383,0.5988718271255493,1.982502818107605,7.260892868041992,0.26056328415870667,15,1,1,1,1,1,0,0.0,0.3412850499153137,2,stale-soft,0.0,6,90,39,CORRECT,0,0,0,0,0,0,0.0,0.0
margin,live-delta,9,0.0,0.374713,0.498995,0.282247,0.734375,0.419152,0.569152,0.006245851516723633,0.5371400713920593,0.5308942198753357,2.21581768989563,9.168903350830078,0.18185800313949585,12,1,1,1,1,1,1,0.1311153918504715,0.016357421875,0,stale-soft,0.0,6,91,45,CORRECT,0,0,0,0,0,1,0.0,0.131115
margin,live-delta,9,0.0,0.374713,0.498995,0.282247,0.734375,0.419152,0.569152,0.08484706282615662,0.46731051802635193,0.3824634552001953,-0.0,1.0,1.0,1,1,1,1,1,1,0,0.0,0.20996516942977905,2,stale-soft,0.0,6,92,40,CORRECT,0,0,0,0,0,0,0.0,0.0
margin,live-delta,9,0.0,0.374713,0.498995,0.282247,0.734375,0.419152,0.569152,0.03696244955062866,0.5619375705718994,0.5249751210212708,1.9507731199264526,7.03412389755249,0.38513410091400146,11,1,1,1,1,1,0,0.0,0.26756343245506287,2,stale-soft,0.0,6,93,57,CORRECT,0,0,0,0,0,0,0.0,0.0
margin,live-delta,9,0.0,0.374713,0.498995,0.282247,0.734375,0.419152,0.569152,0.001346588134765625,0.6266343593597412,0.6252877712249756,1.8937263488769531,6.644080638885498,0.273932546377182,12,1,1,1,1,1,0,0.0,0.3373410105705261,2,stale-soft,0.0,6,94,61,CORRECT,0,0,0,0,0,0,0.0,0.0
margin,live-delta,9,0.0,0.374713,0.498995,0.282247,0.734375,0.419152,0.569152,0.08536481857299805,0.604717493057251,0.5193526744842529,0.9611724615097046,2.614760398864746,0.7221274971961975,6,1,1,1,1,1,0,0.0,0.21116384863853455,2,stale-soft,0.0,6,95,41,CORRECT,0,0,0,0,0,0,0.0,0.0
margin,live-delta,9,0.0,0.374713,0.498995,0.282247,0.734375,0.419152,0.569152,0.005658745765686035,0.6051054000854492,0.5994466543197632,2.074126958847046,7.957596302032471,0.24774079024791718,13,1,1,1,1,1,0,0.0,0.39281249046325684,2,stale-soft,0.0,6,96,54,CORRECT,0,0,0,0,0,0,0.0,0.0
margin,live-delta,9,0.0,0.374713,0.498995,0.282247,0.734375,0.419152,0.569152,0.06105303764343262,0.7184756994247437,0.657422661781311,1.0150387287139893,2.759470224380493,0.6803184151649475,8,1,1,1,1,1,0,0.0,0.4032242000102997,2,stale-soft,0.0,6,97,40,CORRECT,0,0,0,0,0,0,0.0,0.0
margin,live-delta,9,0.0,0.374713,0.498995,0.282247,0.734375,0.419152,0.569152,0.013661503791809082,0.582595705986023,0.5689342021942139,1.1959669589996338,3.306753635406494,0.43847981095314026,4,1,1,1,1,1,0,0.0,0.2990831136703491,2,stale-soft,0.0,6,98,56,CORRECT,0,0,0,0,0,0,0.0,0.0
margin,live-delta,9,0.0,0.374713,0.498995,0.282247,0.734375,0.419152,0.569152,0.28284555673599243,0.7437993288040161,0.4609537720680237,0.043186262249946594,1.0441323518753052,0.993588924407959,3,1,1,1,1,1,0,0.0,0.5071672201156616,2,stale-soft,0.0,6,99,41,CORRECT,0,0,0,0,0,0,0.0,0.0
margin,live-delta,9,0.0,0.374713,0.498995,0.282247,0.734375,0.419152,0.569152,0.008107304573059082,0.5988267660140991,0.59071946144104,0.7947788834571838,2.213951349258423,0.5259713530540466,3,1,1,1,1,1,0,0.0,0.31339359283447266,2,stale-soft,0.0,6,100,61,CORRECT,0,0,0,0,0,0,0.0,0.0
margin,live-delta,9,0.0,0.374713,0.498995,0.282247,0.734375,0.419152,0.569152,0.018241524696350098,0.48883119225502014,0.47058966755867004,1.0598750114440918,2.88601016998291,0.45503970980644226,3,1,3,0,3,0,1,1.0,-0.08488729596138,0,stale-soft,0.0,6,101,123,BLENDED,0,0,0,0,0,0,0.0,0.0
margin,live-delta,9,0.0,0.374713,0.498995,0.282247,0.734375,0.419152,0.569152,0.06546664237976074,0.6314265727996826,0.5659599304199219,1.6402329206466675,5.156370639801025,0.4877015948295593,9,1,1,1,1,1,0,0.0,0.36988168954849243,2,stale-soft,0.0,6,102,62,CORRECT,0,0,0,0,0,0,0.0,0.0
margin,live-delta,9,0.0,0.374713,0.498995,0.282247,0.734375,0.419152,0.569152,0.018510043621063232,0.6128389239311218,0.5943288803100586,1.317290186882019,3.7332911491394043,0.49540987610816956,9,1,1,1,1,1,0,0.0,0.2733041048049927,2,stale-soft,0.0,6,103,54,CORRECT,0,0,0,0,0,0,0.0,0.0
margin,live-delta,9,0.0,0.374713,0.498995,0.282247,0.734375,0.419152,0.569152,0.0038860440254211426,0.6102866530418396,0.6064006090164185,1.8849693536758423,6.58615255355835,0.320635050535202,12,1,1,1,1,1,0,0.0,0.3647603988647461,2,stale-soft,0.0,6,104,49,CORRECT,0,0,0,0,0,0,0.0,0.0
margin,live-delta,9,0.0,0.374713,0.498995,0.282247,0.734375,0.419152,0.569152,0.07134711742401123,0.705420970916748,0.6340738534927368,1.272269606590271,3.568943500518799,0.6077620983123779,9,1,1,1,1,1,0,0.0,0.4852299094200134,2,stale-soft,0.0,6,105,40,CORRECT,0,0,0,0,0,0,0.0,0.0
margin,live-delta,9,0.0,0.374713,0.498995,0.282247,0.734375,0.419152,0.569152,0.07959204912185669,0.7538836598396301,0.6742916107177734,0.9749141335487366,2.650939464569092,0.7221004962921143,11,1,1,1,1,1,0,0.0,0.4799800217151642,2,stale-soft,0.0,6,106,39,CORRECT,0,0,0,0,0,0,0.0,0.0
margin,live-delta,9,0.0,0.374713,0.498995,0.282247,0.734375,0.419152,0.569152,0.011961400508880615,0.617219865322113,0.6052584648132324,1.6458401679992676,5.185364723205566,0.4047010540962219,12,1,1,1,1,1,1,0.2102506011724472,0.07979494333267212,2,stale-soft,0.0,6,107,60,CORRECT,0,0,0,0,0,5,0.0,0.199356
margin,live-delta,9,0.0,0.374713,0.498995,0.282247,0.734375,0.419152,0.569152,0.04879361391067505,0.6414546966552734,0.5926610827445984,1.8012748956680298,6.0573649406433105,0.4697282016277313,13,1,1,1,1,1,0,0.0,0.362080454826355,2,stale-soft,0.0,6,108,49,CORRECT,0,0,0,0,0,0,0.0,0.0
margin,live-delta,9,0.0,0.374713,0.498995,0.282247,0.734375,0.419152,0.569152,0.005373120307922363,0.6084858179092407,0.6031126976013184,1.3665761947631836,3.9218997955322266,0.4060872793197632,6,1,1,1,1,1,0,0.0,0.3015759587287903,2,stale-soft,0.0,6,109,62,CORRECT,0,0,0,0,0,0,0.0,0.0
margin,live-delta,9,0.0,0.374713,0.498995,0.282247,0.734375,0.419152,0.569152,0.029764771461486816,0.6916086673736572,0.6618438959121704,1.3965046405792236,4.041050434112549,0.49262890219688416,7,1,1,1,1,1,0,0.0,0.47904616594314575,2,stale-soft,0.0,6,111,32,CORRECT,0,0,0,0,0,0,0.0,0.0
margin,live-delta,9,0.0,0.374713,0.498995,0.282247,0.734375,0.419152,0.569152,0.0655626654624939,0.6678102612495422,0.6022475957870483,1.3756229877471924,3.9575414657592773,0.5604981184005737,9,1,1,1,1,1,0,0.0,0.4308151602745056,2,stale-soft,0.0,6,112,46,CORRECT,0,0,0,0,0,0,0.0,0.0
margin,live-delta,9,0.0,0.374713,0.498995,0.282247,0.734375,0.419152,0.569152,0.024531066417694092,0.5232676267623901,0.49873656034469604,0.6639403104782104,1.942431092262268,0.6202526092529297,2,1,1,1,1,1,0,0.0,0.2562590539455414,2,stale-soft,0.0,6,113,34,CORRECT,0,0,0,0,0,0,0.0,0.0
margin,live-delta,9,0.0,0.374713,0.498995,0.282247,0.734375,0.419152,0.569152,0.03674370050430298,0.6705558896064758,0.6338121891021729,1.41384756565094,4.111745357513428,0.5250144004821777,12,1,1,1,1,1,0,0.0,0.39768946170806885,2,stale-soft,0.0,6,114,57,CORRECT,0,0,0,0,0,0,0.0,0.0
margin,live-delta,9,0.0,0.374713,0.498995,0.282247,0.734375,0.419152,0.569152,0.0519755482673645,0.5355624556541443,0.4835869073867798,1.9743068218231201,7.201625823974609,0.3713764548301697,10,1,1,1,1,1,1,0.10872949659824371,0.09194368124008179,2,stale-soft,0.0,6,115,38,CORRECT,0,0,0,0,0,2,0.0,0.108729
margin,live-delta,9,0.0,0.374713,0.498995,0.282247,0.734375,0.419152,0.569152,0.07225793600082397,0.610309898853302,0.538051962852478,1.1016435623168945,3.0091075897216797,0.6662366390228271,6,1,1,1,1,1,0,0.0,0.33518922328948975,2,stale-soft,0.0,6,116,54,CORRECT,0,0,0,0,0,0,0.0,0.0
margin,live-delta,9,0.0,0.374713,0.498995,0.282247,0.734375,0.419152,0.569152,0.10138309001922607,0.6700421571731567,0.5686590671539307,1.3149303197860718,3.7244913578033447,0.6613844633102417,11,1,1,1,1,1,0,0.0060916864313185215,0.23437052965164185,2,stale-soft,0.0,6,117,49,CORRECT,0,0,0,0,0,1,0.0,0.006092
margin,live-delta,9,0.0,0.374713,0.498995,0.282247,0.734375,0.419152,0.569152,0.030777424573898315,0.44668951630592346,0.41591209173202515,-0.0,1.0,1.0,1,1,1,1,1,1,0,0.0,0.21114350855350494,2,stale-soft,0.0,6,118,48,CORRECT,0,0,0,0,0,0,0.0,0.0
margin,live-delta,9,0.0,0.374713,0.498995,0.282247,0.734375,0.419152,0.569152,0.04402768611907959,0.5582033395767212,0.5141756534576416,1.2380722761154175,3.448958396911621,0.5489068627357483,5,1,1,1,1,1,0,0.0,0.15230268239974976,2,stale-soft,0.0,6,119,49,CORRECT,0,0,0,0,0,0,0.0,0.0
margin,live-delta,9,0.0,0.374713,0.498995,0.282247,0.734375,0.419152,0.569152,0.001757204532623291,0.6123923659324646,0.6106351613998413,1.537318468093872,4.652098655700684,0.36214780807495117,9,1,1,1,1,1,0,0.0,0.3293934762477875,2,stale-soft,0.0,6,120,57,CORRECT,0,0,0,0,0,0,0.0,0.0
margin,live-delta,9,0.0,0.374713,0.498995,0.282247,0.734375,0.419152,0.569152,0.028531432151794434,0.6142705678939819,0.5857391357421875,1.8273097276687622,6.217138290405273,0.4162273705005646,14,1,1,1,1,1,0,0.051684826612472534,0.17189186811447144,2,stale-soft,0.0,6,121,52,CORRECT,0,0,0,0,0,5,0.0,0.051685
margin,live-delta,9,0.0,0.374713,0.498995,0.282247,0.734375,0.419152,0.569152,0.04132509231567383,0.6418052911758423,0.6004801988601685,1.6073417663574219,4.989530086517334,0.4551718235015869,9,1,1,1,1,1,0,0.0,0.3827874958515167,2,stale-soft,0.0,6,122,52,CORRECT,0,0,0,0,0,0,0.0,0.0
margin,live-delta,9,0.0,0.374713,0.498995,0.282247,0.734375,0.419152,0.569152,0.1144600510597229,0.5257062911987305,0.41124624013900757,-0.0,1.0,1.0,1,1,1,1,1,1,0,0.0,0.13191860914230347,2,stale-soft,0.0,6,123,43,CORRECT,0,0,0,0,0,0,0.0,0.0
margin,live-delta,9,0.0,0.374713,0.498995,0.282247,0.734375,0.419152,0.569152,0.046421170234680176,0.7209793329238892,0.674558162689209,1.11576509475708,3.0519022941589355,0.623386025428772,11,1,1,1,1,1,0,0.0,0.34347569942474365,2,stale-soft,0.0,6,124,62,CORRECT,0,0,0,0,0,0,0.0,0.0
margin,live-delta,9,0.0,0.374713,0.498995,0.282247,0.734375,0.419152,0.569152,0.02554035186767578,0.5810360312461853,0.5554956793785095,1.911464810371399,6.762988090515137,0.3740044832229614,12,1,1,1,1,1,0,0.0392879918217659,0.13771352171897888,2,stale-soft,0.0,6,125,38,CORRECT,0,0,0,0,0,1,0.0,0.023807
margin,live-delta,9,0.0,0.374713,0.498995,0.282247,0.734375,0.419152,0.569152,0.051419079303741455,0.7271186113357544,0.6756995320320129,0.7056697010993958,2.025202512741089,0.7194424271583557,7,1,1,1,1,1,0,0.0,0.40758949518203735,2,stale-soft,0.0,6,126,41,CORRECT,0,0,0,0,0,0,0.0,0.0
margin,live-delta,9,0.0,0.374713,0.498995,0.282247,0.734375,0.419152,0.569152,0.1547597050666809,0.7880293130874634,0.6332696080207825,0.44345447421073914,1.5580803155899048,0.905829906463623,8,1,1,1,1,1,0,0.0,0.45933932065963745,2,stale-soft,0.0,6,127,40,CORRECT,0,0,0,0,0,0,0.0,0.0
margin,live-delta,9,0.0,0.374713,0.498995,0.282247,0.734375,0.419152,0.569152,0.028143763542175293,0.5415035486221313,0.513359785079956,2.486598014831543,12.020313262939453,0.2373594045639038,16,2,2,1,2,1,0,0.0,0.2378905713558197,2,stale-soft,0.0,6,128,66,CORRECT,0,0,0,0,0,0,0.0,0.0
margin,live-delta,9,0.0,0.374713,0.498995,0.282247,0.734375,0.419152,0.569152,0.02547597885131836,0.5951765775680542,0.5697005987167358,2.1188390254974365,8.321471214294434,0.31806331872940063,15,2,2,1,2,1,0,0.0,0.3075736165046692,2,stale-soft,0.0,6,129,66,CORRECT,0,0,0,0,0,0,0.0,0.0
margin,live-delta,9,0.0,0.374713,0.498995,0.282247,0.734375,0.419152,0.569152,0.041772425174713135,0.5690668821334839,0.5272944569587708,2.275212049484253,9.729982376098633,0.2631501257419586,14,2,2,1,2,1,0,0.0,0.24107003211975098,2,stale-soft,0.0,6,130,81,CORRECT,0,0,0,0,0,0,0.0,0.0
margin,live-delta,9,0.0,0.374713,0.498995,0.282247,0.734375,0.419152,0.569152,0.07747495174407959,0.7438898086547852,0.6664148569107056,0.7002285718917847,2.0142130851745605,0.7829115390777588,7,2,2,1,2,1,0,0.0,0.5825783014297485,2,stale-soft,0.0,6,133,71,CORRECT,0,0,0,0,0,0,0.0,0.0
margin,live-delta,9,0.0,0.374713,0.498995,0.282247,0.734375,0.419152,0.569152,0.09667551517486572,0.7966054677963257,0.69992995262146,1.1403989791870117,3.1280159950256348,0.7118372917175293,18,2,2,1,2,1,0,0.0,0.5791870355606079,2,stale-soft,0.0,6,134,86,CORRECT,0,0,0,0,0,0,0.0,0.0
margin,live-delta,9,0.0,0.374713,0.498995,0.282247,0.734375,0.419152,0.569152,0.024165570735931396,0.5892134308815002,0.5650478601455688,0.977950394153595,2.6590006351470947,0.568513035774231,5,2,2,1,2,1,0,0.0,0.21183645725250244,2,stale-soft,0.0,6,135,91,CORRECT,0,0,0,0,0,0,0.0,0.0
margin,live-delta,9,0.0,0.374713,0.498995,0.282247,0.734375,0.419152,0.569152,0.049243152141571045,0.6251969933509827,0.5759538412094116,2.376845121383667,10.770868301391602,0.33181849122047424,20,2,2,1,2,1,0,0.0,0.3021586835384369,2,stale-soft,0.0,6,136,84,CORRECT,0,0,0,0,0,0,0.0,0.0
margin,live-delta,9,0.0,0.374713,0.498995,0.282247,0.734375,0.419152,0.569152,0.039867937564849854,0.4245971441268921,0.38472920656204224,-0.0,1.0,1.0,1,2,2,1,2,1,0,0.0,0.20286723971366882,2,stale-soft,0.0,6,137,89,CORRECT,0,0,0,0,0,0,0.0,0.0
margin,live-delta,9,0.0,0.374713,0.498995,0.282247,0.734375,0.419152,0.569152,0.012679576873779297,0.41997987031936646,0.40730029344558716,-0.0,1.0,1.0,1,2,2,1,2,1,0,0.0,0.09725883603096008,2,stale-soft,0.0,6,138,85,CORRECT,0,0,0,0,0,0,0.0,0.0
margin,live-delta,9,0.0,0.374713,0.498995,0.282247,0.734375,0.419152,0.569152,0.028989076614379883,0.6016455888748169,0.572656512260437,1.8903006315231323,6.621358871459961,0.3833019733428955,14,2,2,1,2,1,0,0.0,0.3383933901786804,2,stale-soft,0.0,6,139,64,CORRECT,0,0,0,0,0,0,0.0,0.0
margin,live-delta,9,0.0,0.374713,0.498995,0.282247,0.734375,0.419152,0.569152,0.0345538854598999,0.6501257419586182,0.6155718564987183,1.050065040588379,2.857836961746216,0.5797074437141418,6,2,2,1,2,1,0,0.0,0.4701628088951111,2,stale-soft,0.0,6,140,80,CORRECT,0,0,0,0,0,0,0.0,0.0
margin,live-delta,9,0.0,0.374713,0.498995,0.282247,0.734375,0.419152,0.569152,0.047999441623687744,0.6712274551391602,0.6232280135154724,1.719994068145752,5.584495544433594,0.5118093490600586,16,2,2,1,2,1,0,0.0,0.4998254179954529,2,stale-soft,0.0,6,141,86,CORRECT,0,0,0,0,0,0,0.0,0.0
margin,live-delta,9,0.0,0.374713,0.498995,0.282247,0.734375,0.419152,0.569152,0.0030187368392944336,0.5701974630355835,0.5671787261962891,2.611325740814209,13.617091178894043,0.15667857229709625,20,2,2,1,2,1,0,0.0,0.24273034930229187,2,stale-soft,0.0,6,142,65,CORRECT,0,0,0,0,0,0,0.0,0.0
margin,live-delta,9,0.0,0.374713,0.498995,0.282247,0.734375,0.419152,0.569152,0.009077876806259155,0.4765753448009491,0.46749746799468994,1.7138187885284424,5.550115585327148,0.27386924624443054,6,2,2,1,2,1,0,0.0,0.21677151322364807,2,stale-soft,0.0,6,143,91,CORRECT,0,0,0,0,0,0,0.0,0.0
margin,live-delta,9,0.0,0.374713,0.498995,0.282247,0.734375,0.419152,0.569152,0.0962134599685669,0.5023441314697266,0.40613067150115967,-0.0,1.0,1.0,1,2,2,1,2,1,0,0.0,0.3381776213645935,2,stale-soft,0.0,6,144,85,CORRECT,0,0,0,0,0,0,0.0,0.0
margin,live-delta,9,0.0,0.374713,0.498995,0.282247,0.734375,0.419152,0.569152,0.06751561164855957,0.5056644678115845,0.4381488561630249,0.5083646774291992,1.6625701189041138,0.794180691242218,2,2,2,1,2,1,0,0.0,0.2127377986907959,2,stale-soft,0.0,6,145,88,CORRECT,0,0,0,0,0,0,0.0,0.0
margin,live-delta,9,0.0,0.374713,0.498995,0.282247,0.734375,0.419152,0.569152,0.023302733898162842,0.5993673801422119,0.5760646462440491,1.6481146812438965,5.197172164916992,0.4464320242404938,12,2,2,1,2,1,0,0.0,0.25072425603866577,2,stale-soft,0.0,6,147,91,CORRECT,0,0,0,0,0,0,0.0,0.0
margin,live-delta,9,0.0,0.374713,0.498995,0.282247,0.734375,0.419152,0.569152,0.003406345844268799,0.5392884612083435,0.5358821153640747,2.315213203430176,10.127081871032715,0.2269728034734726,14,2,2,1,2,1,0,0.0,0.3246327042579651,2,stale-soft,0.0,6,148,78,CORRECT,0,0,0,0,0,0,0.0,0.0
margin,live-delta,9,0.0,0.374713,0.498995,0.282247,0.734375,0.419152,0.569152,0.08553999662399292,0.6592262387275696,0.5736862421035767,1.1824533939361572,3.2623682022094727,0.698489248752594,12,2,2,1,2,1,0,0.0,0.30882811546325684,2,stale-soft,0.0,6,149,91,CORRECT,0,0,0,0,0,0,0.0,0.0
margin,live-delta,9,0.0,0.374713,0.498995,0.282247,0.734375,0.419152,0.569152,0.002938687801361084,0.6503852605819702,0.6474465727806091,2.3190910816192627,10.16642951965332,0.16713854670524597,20,2,2,1,2,1,0,0.0,0.4170028269290924,2,stale-soft,0.0,6,150,66,CORRECT,0,0,0,0,0,0,0.0,0.0
margin,live-delta,9,0.0,0.374713,0.498995,0.282247,0.734375,0.419152,0.569152,0.027769744396209717,0.5065252184867859,0.47875547409057617,1.3921715021133423,4.023577690124512,0.4463915526866913,5,2,2,1,2,1,0,0.0,0.3551807403564453,2,stale-soft,0.0,6,151,85,CORRECT,0,0,0,0,0,0,0.0,0.0
margin,live-delta,9,0.0,0.374713,0.498995,0.282247,0.734375,0.419152,0.569152,0.27028217911720276,0.6035950779914856,0.33331289887428284,-0.0,1.0,1.0,1,2,2,1,2,1,0,0.0,0.34920328855514526,2,stale-soft,0.0,6,152,74,CORRECT,0,0,0,0,0,0,0.0,0.0
margin,live-delta,9,0.0,0.374713,0.498995,0.282247,0.734375,0.419152,0.569152,0.026611626148223877,0.574760377407074,0.5481487512588501,2.1433072090148926,8.527593612670898,0.2814868092536926,11,2,2,1,2,1,0,0.0,0.3500365614891052,2,stale-soft,0.0,6,153,94,CORRECT,0,0,0,0,0,0,0.0,0.0
margin,live-delta,9,0.0,0.374713,0.498995,0.282247,0.734375,0.419152,0.569152,0.026854515075683594,0.6391476392745972,0.6122931241989136,2.246528148651123,9.454853057861328,0.31415456533432007,19,2,2,1,2,1,0,0.0,0.3466476500034332,2,stale-soft,0.0,6,157,94,CORRECT,0,0,0,0,0,0,0.0,0.0
margin,live-delta,9,0.0,0.374713,0.498995,0.282247,0.734375,0.419152,0.569152,0.08749839663505554,0.5680897235870361,0.4805913269519806,1.7662603855133057,5.848939418792725,0.49860623478889465,10,2,2,1,2,1,0,0.0,0.36241698265075684,2,stale-soft,0.0,6,158,85,CORRECT,0,0,0,0,0,0,0.0,0.0
margin,live-delta,9,0.0,0.374713,0.498995,0.282247,0.734375,0.419152,0.569152,0.18490827083587646,0.7387069463729858,0.5537986755371094,0.2714545726776123,1.3118712902069092,0.9503756165504456,7,2,2,1,2,1,0,0.0,0.35586118698120117,2,stale-soft,0.0,6,159,68,CORRECT,0,0,0,0,0,0,0.0,0.0
margin,live-delta,9,0.0,0.374713,0.498995,0.282247,0.734375,0.419152,0.569152,0.0344085693359375,0.5577472448348999,0.5233386754989624,1.146784782409668,3.148054838180542,0.559138298034668,5,2,2,1,2,1,0,0.0,0.2380143702030182,2,stale-soft,0.0,6,160,91,CORRECT,0,0,0,0,0,0,0.0,0.0
margin,live-delta,9,0.0,0.374713,0.498995,0.282247,0.734375,0.419152,0.569152,0.010253429412841797,0.4709516167640686,0.4606981873512268,1.548056960105896,4.702324390411377,0.30626270174980164,5,2,2,1,2,1,0,0.0,0.2889408469200134,2,stale-soft,0.0,6,161,94,CORRECT,0,0,0,0,0,0,0.0,0.0
margin,live-delta,9,0.0,0.374713,0.498995,0.282247,0.734375,0.419152,0.569152,0.17954042553901672,0.6567572951316833,0.4772168695926666,0.2839611768722534,1.3283812999725342,0.9418333172798157,4,2,2,1,2,1,0,0.0,0.43144068121910095,2,stale-soft,0.0,6,162,93,CORRECT,0,0,0,0,0,0,0.0,0.0
margin,live-delta,9,0.0,0.374713,0.498995,0.282247,0.734375,0.419152,0.569152,0.01217794418334961,0.574068546295166,0.5618906021118164,2.4448301792144775,11.528592109680176,0.215436190366745,18,2,2,1,2,1,0,0.0,0.24434435367584229,2,stale-soft,0.0,6,163,66,CORRECT,0,0,0,0,0,0,0.0,0.0
margin,live-delta,9,0.0,0.374713,0.498995,0.282247,0.734375,0.419152,0.569152,0.2803356647491455,0.6889474987983704,0.40861183404922485,-0.0,1.0,1.0,1,2,2,1,2,1,0,0.0,0.4841806888580322,2,stale-soft,0.0,6,164,93,CORRECT,0,0,0,0,0,0,0.0,0.0
margin,live-delta,9,0.0,0.374713,0.498995,0.282247,0.734375,0.419152,0.569152,0.08025693893432617,0.6881221532821655,0.6078652143478394,2.060596227645874,7.850649356842041,0.44700154662132263,19,2,2,1,2,1,0,0.0,0.46291476488113403,2,stale-soft,0.0,6,165,86,CORRECT,0,0,0,0,0,0,0.0,0.0
margin,live-delta,9,0.0,0.374713,0.498995,0.282247,0.734375,0.419152,0.569152,0.07133865356445312,0.4756857752799988,0.40434712171554565,-0.0,1.0,1.0,1,2,2,1,2,1,0,0.0,0.2903061807155609,2,stale-soft,0.0,6,166,80,CORRECT,0,0,0,0,0,0,0.0,0.0
margin,live-delta,9,0.0,0.374713,0.498995,0.282247,0.734375,0.419152,0.569152,0.0013178586959838867,0.6072017550468445,0.6058838963508606,2.1229000091552734,8.35533332824707,0.28279587626457214,16,2,2,1,2,1,0,0.0,0.27673110365867615,2,stale-soft,0.0,6,169,82,CORRECT,0,0,0,0,0,0,0.0,0.0
margin,live-delta,9,0.0,0.374713,0.498995,0.282247,0.734375,0.419152,0.569152,0.018336087465286255,0.48379379510879517,0.4654577076435089,0.6766149997711182,1.967207431793213,0.590666651725769,2,2,2,1,2,1,0,0.0,0.23263269662857056,2,stale-soft,0.0,6,170,68,CORRECT,0,0,0,0,0,0,0.0,0.0
margin,live-delta,9,0.0,0.374713,0.498995,0.282247,0.734375,0.419152,0.569152,0.03160601854324341,0.42073097825050354,0.38912495970726013,-0.0,1.0,1.0,1,2,2,1,2,1,0,0.0,0.1980593204498291,2,stale-soft,0.0,6,172,88,CORRECT,0,0,0,0,0,0,0.0,0.0
margin,live-delta,9,0.0,0.374713,0.498995,0.282247,0.734375,0.419152,0.569152,0.024298250675201416,0.570502758026123,0.5462045073509216,2.5094048976898193,12.297609329223633,0.18976189196109772,16,2,2,1,2,1,0,0.0,0.237874835729599,2,stale-soft,0.0,6,173,90,CORRECT,0,0,0,0,0,0,0.0,0.0
margin,live-delta,9,0.0,0.374713,0.498995,0.282247,0.734375,0.419152,0.569152,0.05137532949447632,0.4979991912841797,0.44662386178970337,1.421022653579712,4.141353607177734,0.4632224440574646,5,2,2,1,2,1,0,0.0,0.2287082076072693,2,stale-soft,0.0,6,174,65,CORRECT,0,0,0,0,0,0,0.0,0.0
margin,live-delta,9,0.0,0.374713,0.498995,0.282247,0.734375,0.419152,0.569152,0.12175902724266052,0.6065850257873535,0.484825998544693,1.0238964557647705,2.7840213775634766,0.7476505637168884,8,2,2,1,2,1,0,0.0,0.3992610275745392,2,stale-soft,0.0,6,177,78,CORRECT,0,0,0,0,0,0,0.0,0.0
margin,live-delta,9,0.0,0.374713,0.498995,0.282247,0.734375,0.419152,0.569152,0.0012949109077453613,0.5802474617958069,0.5789525508880615,2.2864086627960205,9.839536666870117,0.2388569712638855,16,2,2,1,2,1,0,0.0,0.2551623582839966,2,stale-soft,0.0,6,179,87,CORRECT,0,0,0,0,0,0,0.0,0.0
margin,live-delta,9,0.0,0.374713,0.498995,0.282247,0.734375,0.419152,0.569152,0.0029421746730804443,0.4807736277580261,0.4778314530849457,1.334958791732788,3.7998392581939697,0.32809990644454956,4,2,2,1,2,1,0,0.0,0.19236382842063904,2,stale-soft,0.0,6,180,64,CORRECT,0,0,0,0,0,0,0.0,0.0
margin,live-delta,9,0.0,0.374713,0.498995,0.282247,0.734375,0.419152,0.569152,0.038379013538360596,0.6918320655822754,0.6534530520439148,1.687880039215088,5.408003807067871,0.5017879009246826,18,2,2,1,2,1,0,0.0,0.48382022976875305,2,stale-soft,0.0,6,181,69,CORRECT,0,0,0,0,0,0,0.0,0.0
margin,live-delta,9,0.0,0.374713,0.498995,0.282247,0.734375,0.419152,0.569152,0.012425124645233154,0.45632970333099365,0.4439045786857605,0.6854872107505798,1.9847385883331299,0.5618076920509338,2,2,2,1,2,1,0,0.0,0.1483648121356964,2,stale-soft,0.0,6,182,64,CORRECT,0,0,0,0,0,0,0.0,0.0
margin,live-delta,9,0.0,0.374713,0.498995,0.282247,0.734375,0.419152,0.569152,0.0478360652923584,0.551082193851471,0.5032461285591125,1.9702976942062378,7.172811508178711,0.37102288007736206,10,2,2,1,2,1,0,0.0,0.2761037051677704,2,stale-soft,0.0,6,184,66,CORRECT,0,0,0,0,0,0,0.0,0.0
margin,live-delta,9,0.0,0.374713,0.498995,0.282247,0.734375,0.419152,0.569152,0.12603896856307983,0.5307070016860962,0.40466803312301636,-0.0,1.0,1.0,1,2,2,1,2,1,0,0.0,0.22066643834114075,2,stale-soft,0.0,6,185,84,CORRECT,0,0,0,0,0,0,0.0,0.0
margin,live-delta,9,0.0,0.374713,0.498995,0.282247,0.734375,0.419152,0.569152,0.00381547212600708,0.6895368099212646,0.6857213377952576,1.633719801902771,5.12289571762085,0.3558877110481262,12,2,2,1,2,1,0,0.0,0.4514313340187073,2,stale-soft,0.0,6,186,80,CORRECT,0,0,0,0,0,0,0.0,0.0
margin,live-delta,9,0.0,0.374713,0.498995,0.282247,0.734375,0.419152,0.569152,0.08489975333213806,0.46566590666770935,0.3807661533355713,-0.0,1.0,1.0,1,2,2,1,2,1,0,0.0,0.23156479001045227,2,stale-soft,0.0,6,188,89,CORRECT,0,0,0,0,0,0,0.0,0.0
margin,live-delta,9,0.0,0.374713,0.498995,0.282247,0.734375,0.419152,0.569152,0.04678565263748169,0.574927806854248,0.5281421542167664,1.2031445503234863,3.330573558807373,0.5861719250679016,6,2,2,1,2,1,0,0.0,0.4147406816482544,2,stale-soft,0.0,6,189,65,CORRECT,0,0,0,0,0,0,0.0,0.0
margin,live-delta,9,0.0,0.374713,0.498995,0.282247,0.734375,0.419152,0.569152,0.04630112648010254,0.5638655424118042,0.5175644159317017,2.001896619796753,7.403083801269531,0.36157962679862976,11,2,2,1,2,1,0,0.0,0.18830278515815735,2,stale-soft,0.0,6,190,76,CORRECT,0,0,0,0,0,0,0.0,0.0
margin,live-delta,9,0.0,0.374713,0.498995,0.282247,0.734375,0.419152,0.569152,0.005952358245849609,0.555470883846283,0.5495185256004333,1.9915776252746582,7.327084064483643,0.2889992892742157,11,2,2,1,2,1,0,0.0,0.3715098798274994,2,stale-soft,0.0,6,191,86,CORRECT,0,0,0,0,0,0,0.0,0.0
margin,live-delta,9,0.0,0.374713,0.498995,0.282247,0.734375,0.419152,0.569152,0.03380364179611206,0.715877115726471,0.6820734739303589,1.834572196006775,6.262454509735107,0.34206295013427734,13,3,3,1,3,1,0,0.0,0.4268219470977783,2,stale-soft,0.0,6,192,98,CORRECT,0,0,0,0,0,0,0.0,0.0
margin,live-delta,9,0.0,0.374713,0.498995,0.282247,0.734375,0.419152,0.569152,0.1026039719581604,0.5292460918426514,0.42664211988449097,0.354474276304245,1.4254311323165894,0.8861575126647949,2,3,3,1,3,1,0,0.0,0.2595515251159668,2,stale-soft,0.0,6,193,124,CORRECT,0,0,0,0,0,0,0.0,0.0
margin,live-delta,9,0.0,0.374713,0.498995,0.282247,0.734375,0.419152,0.569152,0.004106700420379639,0.43997180461883545,0.4358651041984558,0.6923046112060547,1.9983155727386475,0.5205218195915222,2,3,3,1,3,1,0,0.0,0.060184478759765625,2,stale-soft,0.0,6,194,124,CORRECT,0,0,0,0,0,0,0.0,0.0
margin,live-delta,9,0.0,0.374713,0.498995,0.282247,0.734375,0.419152,0.569152,0.0854344367980957,0.6738865971565247,0.588452160358429,1.6335092782974243,5.121817111968994,0.5698736906051636,15,3,3,1,3,1,0,0.0,0.2931222915649414,2,stale-soft,0.0,6,195,127,CORRECT,0,0,0,0,0,0,0.0,0.0
margin,live-delta,9,0.0,0.374713,0.498995,0.282247,0.734375,0.419152,0.569152,0.003085196018218994,0.6066103577613831,0.6035251617431641,2.1558871269226074,8.635547637939453,0.19631953537464142,14,3,3,1,3,1,0,0.0,0.3114476203918457,2,stale-soft,0.0,6,196,98,CORRECT,0,0,0,0,0,0,0.0,0.0
margin,live-delta,9,0.0,0.374713,0.498995,0.282247,0.734375,0.419152,0.569152,0.009994745254516602,0.6571125984191895,0.6471178531646729,2.1681580543518066,8.742166519165039,0.24089346826076508,17,3,3,1,3,1,0,0.0,0.26061269640922546,2,stale-soft,0.0,6,197,127,CORRECT,0,0,0,0,0,0,0.0,0.0
margin,live-delta,9,0.0,0.374713,0.498995,0.282247,0.734375,0.419152,0.569152,0.08643484115600586,0.637020468711853,0.5505856275558472,0.9946120381355286,2.7036752700805664,0.7257220149040222,7,3,3,1,3,1,0,0.0,0.2925240099430084,2,stale-soft,0.0,6,199,127,CORRECT,0,0,0,0,0,0,0.0,0.0
margin,live-delta,9,0.0,0.374713,0.498995,0.282247,0.734375,0.419152,0.569152,0.028112411499023438,0.7088281512260437,0.6807157397270203,2.1920745372772217,8.953768730163574,0.2738730311393738,13,3,3,1,3,1,0,0.0,0.3948378562927246,2,stale-soft,0.0,6,200,115,CORRECT,0,0,0,0,0,0,0.0,0.0
margin,live-delta,9,0.0,0.374713,0.498995,0.282247,0.734375,0.419152,0.569152,0.08230161666870117,0.48156577348709106,0.3992641568183899,-0.0,1.0,1.0,1,3,3,1,3,1,0,0.0,0.19499471783638,2,stale-soft,0.0,6,201,107,CORRECT,0,0,0,0,0,0,0.0,0.0
margin,live-delta,9,0.0,0.374713,0.498995,0.282247,0.734375,0.419152,0.569152,0.02431178092956543,0.5317378044128418,0.5074260234832764,0.9845693111419678,2.676658868789673,0.528008222579956,3,3,3,1,3,1,0,0.0,0.28656619787216187,2,stale-soft,0.0,6,202,116,CORRECT,0,0,0,0,0,0,0.0,0.0
margin,live-delta,9,0.0,0.374713,0.498995,0.282247,0.734375,0.419152,0.569152,0.1064421534538269,0.6956464052200317,0.5892042517662048,1.2952994108200073,3.6520893573760986,0.6882302165031433,11,3,3,1,3,1,0,0.0,0.34753942489624023,2,stale-soft,0.0,6,203,123,CORRECT,0,0,0,0,0,0,0.0,0.0
margin,live-delta,9,0.0,0.374713,0.498995,0.282247,0.734375,0.419152,0.569152,0.03447753190994263,0.649493396282196,0.6150158643722534,1.1133800745010376,3.0446321964263916,0.49275344610214233,5,3,3,1,3,1,0,0.0,0.3568621873855591,2,stale-soft,0.0,6,204,99,CORRECT,0,0,0,0,0,0,0.0,0.0
margin,live-delta,9,0.0,0.374713,0.498995,0.282247,0.734375,0.419152,0.569152,0.013731002807617188,0.4197525680065155,0.4060215651988983,-0.0,1.0,1.0,1,3,3,1,3,1,0,0.0,0.09660908579826355,2,stale-soft,0.0,6,205,116,CORRECT,0,0,0,0,0,0,0.0,0.0
margin,live-delta,9,0.0,0.374713,0.498995,0.282247,0.734375,0.419152,0.569152,0.03863942623138428,0.5191511511802673,0.48051172494888306,0.9767181873321533,2.655726194381714,0.5655601620674133,3,3,3,1,3,1,0,0.0,0.2020900845527649,2,stale-soft,0.0,6,206,107,CORRECT,0,0,0,0,0,0,0.0,0.0
margin,live-delta,9,0.0,0.374713,0.498995,0.282247,0.734375,0.419152,0.569152,0.08332982659339905,0.5254757404327393,0.4421459138393402,0.4378054738044739,1.5493035316467285,0.84112149477005,2,3,3,1,3,1,0,0.0,0.3663392663002014,2,stale-soft,0.0,6,207,101,CORRECT,0,0,0,0,0,0,0.0,0.0
margin,live-delta,9,0.0,0.374713,0.498995,0.282247,0.734375,0.419152,0.569152,0.05445301532745361,0.5600730180740356,0.505620002746582,1.7875155210494995,5.974590301513672,0.4202502965927124,9,3,3,1,3,1,0,0.0,0.26069343090057373,2,stale-soft,0.0,6,208,127,CORRECT,0,0,0,0,0,0,0.0,0.0
margin,live-delta,9,0.0,0.374713,0.498995,0.282247,0.734375,0.419152,0.569152,2.7298927307128906e-05,0.6268348693847656,0.6268075704574585,1.971261739730835,7.17972993850708,0.22183507680892944,12,3,3,1,3,1,0,0.0,0.3935152590274811,2,stale-soft,0.0,6,209,103,CORRECT,0,0,0,0,0,0,0.0,0.0
margin,live-delta,9,0.0,0.374713,0.498995,0.282247,0.734375,0.419152,0.569152,0.017547130584716797,0.4622208774089813,0.4446737468242645,1.354857325553894,3.8762078285217285,0.3478960692882538,4,3,3,1,3,1,0,0.0,0.08403664827346802,2,stale-soft,0.0,6,210,100,CORRECT,0,0,0,0,0,0,0.0,0.0
margin,live-delta,9,0.0,0.374713,0.498995,0.282247,0.734375,0.419152,0.569152,0.02866208553314209,0.7037274837493896,0.6750653982162476,1.915906548500061,6.793094158172607,0.3497983515262604,13,3,3,1,3,1,0,0.0,0.33825361728668213,2,stale-soft,0.0,6,211,96,CORRECT,0,0,0,0,0,0,0.0,0.0
margin,live-delta,9,0.0,0.374713,0.498995,0.282247,0.734375,0.419152,0.569152,0.03594088554382324,0.7040785551071167,0.6681376695632935,1.6973307132720947,5.459355354309082,0.3989705443382263,12,3,3,1,3,1,0,0.0,0.3959319591522217,2,stale-soft,0.0,6,212,98,CORRECT,0,0,0,0,0,0,0.0,0.0
margin,live-delta,9,0.0,0.374713,0.498995,0.282247,0.734375,0.419152,0.569152,0.02104586362838745,0.7602081298828125,0.739162266254425,1.9713879823684692,7.180636405944824,0.31101715564727783,14,3,3,1,3,1,0,0.0,0.5080938935279846,2,stale-soft,0.0,6,213,127,CORRECT,0,0,0,0,0,0,0.0,0.0
margin,live-delta,9,0.0,0.374713,0.498995,0.282247,0.734375,0.419152,0.569152,0.0420457124710083,0.4206753373146057,0.3786296248435974,-0.0,1.0,1.0,1,3,3,1,3,1,0,0.0,0.15986627340316772,2,stale-soft,0.0,6,214,116,CORRECT,0,0,0,0,0,0,0.0,0.0
margin,live-delta,9,0.0,0.374713,0.498995,0.282247,0.734375,0.419152,0.569152,0.027142703533172607,0.6014844179153442,0.5743417143821716,2.1558303833007812,8.63505744934082,0.307251513004303,15,3,3,1,3,1,0,0.0,0.37710970640182495,2,stale-soft,0.0,6,215,127,CORRECT,0,0,0,0,0,0,0.0,0.0
margin,live-delta,9,0.0,0.374713,0.498995,0.282247,0.734375,0.419152,0.569152,0.010835587978363037,0.561787486076355,0.5509518980979919,2.061479330062866,7.8575849533081055,0.21997080743312836,10,3,3,1,3,1,0,0.0,0.2200993001461029,2,stale-soft,0.0,6,216,106,CORRECT,0,0,0,0,0,0,0.0,0.0
margin,live-delta,9,0.0,0.374713,0.498995,0.282247,0.734375,0.419152,0.569152,0.15650784969329834,0.5816750526428223,0.4251672029495239,0.17387446761131287,1.1899062395095825,0.9581196904182434,2,3,3,1,3,1,0,0.0,0.3749808371067047,2,stale-soft,0.0,6,217,105,CORRECT,0,0,0,0,0,0,0.0,0.0
margin,live-delta,9,0.0,0.374713,0.498995,0.282247,0.734375,0.419152,0.569152,0.01645064353942871,0.6338362693786621,0.6173856258392334,2.110625982284546,8.253406524658203,0.23641440272331238,13,3,3,1,3,1,0,0.0,0.3904983401298523,2,stale-soft,0.0,6,218,117,CORRECT,0,0,0,0,0,0,0.0,0.0
margin,live-delta,9,0.0,0.374713,0.498995,0.282247,0.734375,0.419152,0.569152,0.04677075147628784,0.540321946144104,0.49355119466781616,2.1447253227233887,8.539695739746094,0.3155598044395447,11,3,3,1,3,1,0,0.0,0.27208060026168823,2,stale-soft,0.0,6,219,108,CORRECT,0,0,0,0,0,0,0.0,0.0
margin,live-delta,9,0.0,0.374713,0.498995,0.282247,0.734375,0.419152,0.569152,0.014024853706359863,0.6931151151657104,0.6790902614593506,2.0542898178100586,7.801295757293701,0.26044440269470215,16,3,3,1,3,1,0,0.0,0.4051532447338104,2,stale-soft,0.0,6,220,127,CORRECT,0,0,0,0,0,0,0.0,0.0
margin,live-delta,9,0.0,0.374713,0.498995,0.282247,0.734375,0.419152,0.569152,0.10552585124969482,0.6067142486572266,0.5011883974075317,1.1310474872589111,3.09890079498291,0.6925030946731567,7,3,3,1,3,1,0,0.0,0.3050418496131897,2,stale-soft,0.0,6,221,102,CORRECT,0,0,0,0,0,0,0.0,0.0
margin,live-delta,9,0.0,0.374713,0.498995,0.282247,0.734375,0.419152,0.569152,0.025349020957946777,0.5600713491439819,0.5347223281860352,2.2517850399017334,9.504687309265137,0.2312806397676468,13,3,3,1,3,1,0,0.0,0.21874409914016724,2,stale-soft,0.0,6,222,98,CORRECT,0,0,0,0,0,0,0.0,0.0
margin,live-delta,9,0.0,0.374713,0.498995,0.282247,0.734375,0.419152,0.569152,0.0464787483215332,0.4414621889591217,0.3949834406375885,-0.0,1.0,1.0,1,3,3,1,3,1,0,0.0,0.2085619568824768,2,stale-soft,0.0,6,223,124,CORRECT,0,0,0,0,0,0,0.0,0.0
margin,live-delta,9,0.0,0.374713,0.498995,0.282247,0.734375,0.419152,0.569152,0.04123324155807495,0.5563745498657227,0.5151413083076477,2.2184970378875732,9.193503379821777,0.2931012809276581,13,3,0,0,0,0,1,0.5074333548545837,-0.04123324155807495,0,stale-soft,0.0,6,225,30,STALE_STRICT,0,0,1,1,0,7,0.0,0.507433
margin,live-delta,9,0.0,0.374713,0.498995,0.282247,0.734375,0.419152,0.569152,0.03750276565551758,0.47772443294525146,0.4402216672897339,1.0285415649414062,2.7969837188720703,0.5154327154159546,3,3,3,1,3,1,0,0.0,0.21609339118003845,2,stale-soft,0.0,6,226,123,CORRECT,0,0,0,0,0,0,0.0,0.0
margin,live-delta,9,0.0,0.374713,0.498995,0.282247,0.734375,0.419152,0.569152,0.27257081866264343,0.7159953117370605,0.4434244930744171,0.02756894938647747,1.0279524326324463,0.995728075504303,2,3,3,1,3,1,0,0.0,0.5247364044189453,2,stale-soft,0.0,6,228,99,CORRECT,0,0,0,0,0,0,0.0,0.0
margin,live-delta,9,0.0,0.374713,0.498995,0.282247,0.734375,0.419152,0.569152,0.06361925601959229,0.6538165807723999,0.5901973247528076,1.6806193590164185,5.368880271911621,0.5115627646446228,13,3,3,1,3,1,0,0.0,0.33074119687080383,2,stale-soft,0.0,6,229,115,CORRECT,0,0,0,0,0,0,0.0,0.0
margin,live-delta,9,0.0,0.374713,0.498995,0.282247,0.734375,0.419152,0.569152,0.0028501152992248535,0.6125504374504089,0.6097003221511841,1.868025779724121,6.475499629974365,0.2866000533103943,11,3,3,1,3,1,0,0.0,0.4190482199192047,2,stale-soft,0.0,6,230,103,CORRECT,0,0,0,0,0,0,0.0,0.0
margin,live-delta,9,0.0,0.374713,0.498995,0.282247,0.734375,0.419152,0.569152,0.027474522590637207,0.5701779127120972,0.54270339012146,1.5771870613098145,4.841318130493164,0.4394291639328003,8,3,3,1,3,1,0,0.0,0.3285231590270996,2,stale-soft,0.0,6,231,117,CORRECT,0,0,0,0,0,0,0.0,0.0
margin,live-delta,9,0.0,0.374713,0.498995,0.282247,0.734375,0.419152,0.569152,0.013588488101959229,0.5009386539459229,0.4873501658439636,1.8226467370986938,6.188215255737305,0.28832149505615234,7,3,3,1,3,1,1,0.21108587086200714,0.0439324676990509,1,stale-soft,0.0,6,232,112,CORRECT,0,0,0,0,0,2,0.0,0.211086
margin,live-delta,9,0.0,0.374713,0.498995,0.282247,0.734375,0.419152,0.569152,0.0030035674571990967,0.496469646692276,0.4934660792350769,2.0350584983825684,7.652699947357178,0.23395663499832153,9,3,3,1,3,1,0,0.0,0.22334417700767517,2,stale-soft,0.0,6,233,115,CORRECT,0,0,0,0,0,0,0.0,0.0
margin,live-delta,9,0.0,0.374713,0.498995,0.282247,0.734375,0.419152,0.569152,0.042917400598526,0.501893937587738,0.45897653698921204,1.9422775506973267,6.974617958068848,0.30856165289878845,8,3,3,1,3,1,0,0.0,0.29814231395721436,2,stale-soft,0.0,6,234,108,CORRECT,0,0,0,0,0,0,0.0,0.0
margin,live-delta,9,0.0,0.374713,0.498995,0.282247,0.734375,0.419152,0.569152,0.06836897134780884,0.6614958643913269,0.5931268930435181,1.530575156211853,4.620833873748779,0.5616140365600586,14,3,3,1,3,1,0,0.0,0.44935303926467896,2,stale-soft,0.0,6,235,115,CORRECT,0,0,0,0,0,0,0.0,0.0
margin,live-delta,9,0.0,0.374713,0.498995,0.282247,0.734375,0.419152,0.569152,0.005754947662353516,0.46608585119247437,0.46033090353012085,1.068191409111023,2.910111427307129,0.410622239112854,3,3,3,1,3,1,1,0.22339923679828644,0.030435651540756226,1,stale-soft,0.0,6,236,118,CORRECT,0,0,0,0,0,1,0.0,0.223399
margin,live-delta,9,0.0,0.374713,0.498995,0.282247,0.734375,0.419152,0.569152,0.015743613243103027,0.6798076629638672,0.6640640497207642,1.5519112348556519,4.720483303070068,0.4302273392677307,14,3,3,1,3,1,0,0.0,0.28242504596710205,2,stale-soft,0.0,6,237,115,CORRECT,0,0,0,0,0,0,0.0,0.0
margin,live-delta,9,0.0,0.374713,0.498995,0.282247,0.734375,0.419152,0.569152,0.021391957998275757,0.48643261194229126,0.4650406539440155,1.6768863201141357,5.348875522613525,0.33276689052581787,6,3,3,1,3,1,0,0.0,0.23048827052116394,2,stale-soft,0.0,6,238,114,CORRECT,0,0,0,0,0,0,0.0,0.0
margin,live-delta,9,0.0,0.374713,0.498995,0.282247,0.734375,0.419152,0.569152,0.04946953058242798,0.5871029496192932,0.5376334190368652,1.6519057750701904,5.216912746429443,0.4858172833919525,10,3,3,1,3,1,0,0.0,0.1761089265346527,2,stale-soft,0.0,6,239,123,CORRECT,0,0,0,0,0,0,0.0,0.0
margin,live-delta,9,0.0,0.374713,0.498995,0.282247,0.734375,0.419152,0.569152,0.01888042688369751,0.6377276182174683,0.6188471913337708,1.4924159049987793,4.44782829284668,0.3999118208885193,11,3,3,1,3,1,0,0.0,0.4424499571323395,2,stale-soft,0.0,6,240,114,CORRECT,0,0,0,0,0,0,0.0,0.0
margin,live-delta,9,0.0,0.374713,0.498995,0.282247,0.734375,0.419152,0.569152,0.05921712517738342,0.49900099635124207,0.43978387117385864,1.1384005546569824,3.1217713356018066,0.5776357650756836,4,3,3,1,3,1,0,0.0,0.09773263335227966,2,stale-soft,0.0,6,241,99,CORRECT,0,0,0,0,0,0,0.0,0.0
margin,live-delta,9,0.0,0.374713,0.498995,0.282247,0.734375,0.419152,0.569152,0.02079826593399048,0.5582751631736755,0.5374768972396851,2.0957772731781006,8.131758689880371,0.28682923316955566,11,3,3,1,3,1,0,0.0,0.1538691222667694,2,stale-soft,0.0,6,242,96,CORRECT,0,0,0,0,0,0,0.0,0.0
margin,live-delta,9,0.0,0.374713,0.498995,0.282247,0.734375,0.419152,0.569152,0.0026970505714416504,0.7332625985145569,0.7305655479431152,1.532523274421692,4.629844665527344,0.3880663216114044,16,3,3,1,3,1,0,0.0,0.5287417769432068,2,stale-soft,0.0,6,243,110,CORRECT,0,0,0,0,0,0,0.0,0.0
margin,live-delta,9,0.0,0.374713,0.498995,0.282247,0.734375,0.419152,0.569152,0.1839277744293213,0.5966714024543762,0.41274362802505493,-0.0,1.0,1.0,1,3,3,1,3,1,0,0.0,0.2741038501262665,2,stale-soft,0.0,6,244,105,CORRECT,0,0,0,0,0,0,0.0,0.0
margin,live-delta,9,0.0,0.374713,0.498995,0.282247,0.734375,0.419152,0.569152,0.04181373119354248,0.6546295881271362,0.6128158569335938,2.031188488006592,7.623140811920166,0.3431811034679413,14,3,3,1,3,1,0,0.0,0.30705955624580383,2,stale-soft,0.0,6,245,123,CORRECT,0,0,0,0,0,0,0.0,0.0
margin,live-delta,9,0.0,0.374713,0.498995,0.282247,0.734375,0.419152,0.569152,0.3651820123195648,0.8150867223739624,0.4499047100543976,0.013132383115589619,1.0132189989089966,0.9984643459320068,4,3,3,1,3,1,0,0.0,0.5126630663871765,2,stale-soft,0.0,6,246,107,CORRECT,0,0,0,0,0,0,0.0,0.0
margin,live-delta,9,0.0,0.374713,0.498995,0.282247,0.734375,0.419152,0.569152,0.052057862281799316,0.6668754816055298,0.6148176193237305,1.2829850912094116,3.6073920726776123,0.6147833466529846,13,3,3,1,3,1,0,0.0,0.43059098720550537,2,stale-soft,0.0,6,247,116,CORRECT,0,0,0,0,0,0,0.0,0.0
margin,live-delta,9,0.0,0.374713,0.498995,0.282247,0.734375,0.419152,0.569152,0.31732428073883057,0.692050576210022,0.3747262954711914,-0.0,1.0,1.0,1,3,3,1,3,1,0,0.0,0.3636794686317444,2,stale-soft,0.0,6,248,105,CORRECT,0,0,0,0,0,0,0.0,0.0
margin,live-delta,9,0.0,0.374713,0.498995,0.282247,0.734375,0.419152,0.569152,0.04121026396751404,0.4416483938694,0.400438129901886,-0.0,1.0,1.0,1,3,3,1,3,1,0,0.0,0.19013172388076782,2,stale-soft,0.0,6,249,115,CORRECT,0,0,0,0,0,0,0.0,0.0
margin,live-delta,9,0.0,0.374713,0.498995,0.282247,0.734375,0.419152,0.569152,0.08134958148002625,0.4839929938316345,0.4026434123516083,-0.0,1.0,1.0,1,3,3,1,3,1,0,0.0,0.12375488877296448,2,stale-soft,0.0,6,250,107,CORRECT,0,0,0,0,0,0,0.0,0.0
margin,live-delta,9,0.0,0.374713,0.498995,0.282247,0.734375,0.419152,0.569152,0.5856990814208984,0.919346809387207,0.3336476981639862,-0.0,1.0,1.0,1,3,3,1,3,1,0,0.0,0.6660169363021851,2,stale-soft,0.0,6,251,105,CORRECT,0,0,0,0,0,0,0.0,0.0
margin,live-delta,9,0.0,0.374713,0.498995,0.282247,0.734375,0.419152,0.569152,0.04148721694946289,0.558095395565033,0.5166081786155701,1.8603737354278564,6.426137924194336,0.4060046374797821,10,3,3,1,3,1,0,0.0,0.1545422077178955,2,stale-soft,0.0,6,253,123,CORRECT,0,0,0,0,0,0,0.0,0.0
margin,live-delta,9,0.0,0.374713,0.498995,0.282247,0.734375,0.419152,0.569152,0.06869560480117798,0.5217567086219788,0.4530611038208008,0.7986289262771606,2.222491502761841,0.7080431580543518,3,3,3,1,3,1,0,0.0,0.24860435724258423,2,stale-soft,0.0,6,254,102,CORRECT,0,0,0,0,0,0,0.0,0.0
margin,live-delta,9,0.0,0.374713,0.498995,0.282247,0.734375,0.419152,0.569152,0.20871633291244507,0.6134811043739319,0.4047647714614868,-0.0,1.0,1.0,1,3,3,1,3,1,0,0.0,0.44915974140167236,2,stale-soft,0.0,6,255,122,CORRECT,0,0,0,0,0,0,0.0,0.0
margin,live-delta,10,0.0,0.374713,0.498995,0.285124,0.738281,0.417443,0.567443,0.010410964488983154,0.6283859014511108,0.6179749369621277,1.6832038164138794,5.3827738761901855,0.3906971216201782,13,3,0,0,0,0,1,0.9999999403953552,-0.4530397355556488,0,stale-soft,0.0,6,0,1,STALE_STRICT,0,0,1,1,0,13,0.0,1.0
margin,live-delta,10,0.0,0.374713,0.498995,0.285124,0.738281,0.417443,0.567443,0.027423739433288574,0.5380635857582092,0.5106398463249207,1.626991629600525,5.08854341506958,0.3780076205730438,7,3,0,0,0,0,1,1.0,-0.3220284581184387,0,stale-soft,0.0,6,1,20,STALE_STRICT,0,0,1,1,0,7,0.0,1.0
margin,live-delta,10,0.0,0.374713,0.498995,0.285124,0.738281,0.417443,0.567443,0.050639808177948,0.6435017585754395,0.5928619503974915,2.2411506175994873,9.404145240783691,0.36960169672966003,20,3,0,0,0,0,1,0.9711447358131409,-0.12750685214996338,0,stale-soft,0.0,6,2,9,STALE_STRICT,0,0,1,1,0,19,0.0,0.971145
margin,live-delta,10,0.0,0.374713,0.498995,0.285124,0.738281,0.417443,0.567443,0.06146073341369629,0.7017878293991089,0.6403270959854126,1.7371046543121338,5.680871486663818,0.5133206248283386,20,3,0,0,0,0,1,1.0,-0.41814467310905457,0,stale-soft,0.0,6,3,11,STALE_STRICT,0,0,1,1,0,20,0.0,1.0
margin,live-delta,10,0.0,0.374713,0.498995,0.285124,0.738281,0.417443,0.567443,0.00846010446548462,0.6306256651878357,0.6221655607223511,1.93681001663208,6.936588287353516,0.27029654383659363,14,3,0,0,0,0,1,1.0000001192092896,-0.3833446502685547,0,stale-soft,0.0,6,4,7,STALE_STRICT,0,0,1,1,0,14,0.0,1.0
margin,live-delta,10,0.0,0.374713,0.498995,0.285124,0.738281,0.417443,0.567443,0.0811147689819336,0.6353706121444702,0.5542558431625366,1.4723269939422607,4.359367370605469,0.6072989106178284,13,3,0,0,0,0,1,1.0000001192092896,-0.40042978525161743,0,stale-soft,0.0,6,5,13,STALE_STRICT,0,0,1,1,0,13,0.0,1.0
margin,live-delta,10,0.0,0.374713,0.498995,0.285124,0.738281,0.417443,0.567443,0.06274926662445068,0.6143373250961304,0.5515880584716797,2.2170982360839844,9.180651664733887,0.36681875586509705,17,3,0,0,0,0,1,0.9999999403953552,-0.2853238582611084,0,stale-soft,0.0,6,6,27,STALE_STRICT,0,0,1,1,0,17,0.0,1.0
margin,live-delta,10,0.0,0.374713,0.498995,0.285124,0.738281,0.417443,0.567443,0.20145222544670105,0.49529898166656494,0.2938467562198639,-0.0,1.0,1.0,1,3,0,0,0,0,1,1.0,-0.39591747522354126,0,stale-soft,0.0,6,7,7,STALE_STRICT,0,0,1,1,0,1,0.0,1.0
margin,live-delta,10,0.0,0.374713,0.498995,0.285124,0.738281,0.417443,0.567443,0.01923549175262451,0.5491013526916504,0.5298658609390259,1.1870262622833252,3.2773208618164062,0.4971781075000763,5,3,0,0,0,0,1,0.9999999403953552,-0.30419087409973145,0,stale-soft,0.0,6,8,12,STALE_STRICT,0,0,1,1,0,5,0.0,1.0
margin,live-delta,10,0.0,0.374713,0.498995,0.285124,0.738281,0.417443,0.567443,0.08658438920974731,0.6821415424346924,0.5955571532249451,1.345367193222046,3.8395960330963135,0.666522741317749,14,3,0,0,0,0,1,1.0,-0.45356273651123047,0,stale-soft,0.0,6,9,12,STALE_STRICT,0,0,1,1,0,14,0.0,1.0
margin,live-delta,10,0.0,0.374713,0.498995,0.285124,0.738281,0.417443,0.567443,0.032585084438323975,0.5376241207122803,0.5050390362739563,1.7248879671096802,5.611892223358154,0.37664708495140076,7,3,0,0,0,0,1,1.0,-0.40262067317962646,0,stale-soft,0.0,6,10,26,STALE_STRICT,0,0,1,1,0,7,0.0,1.0
margin,live-delta,10,0.0,0.374713,0.498995,0.285124,0.738281,0.417443,0.567443,0.03140741586685181,0.5394497513771057,0.5080423355102539,1.685044288635254,5.3926897048950195,0.3632703423500061,7,3,0,0,0,0,1,0.9679462909698486,-0.12138670682907104,0,stale-soft,0.0,6,11,24,STALE_STRICT,0,0,1,1,0,5,0.0,0.916511
margin,live-delta,10,0.0,0.374713,0.498995,0.285124,0.738281,0.417443,0.567443,0.0076819658279418945,0.6589006185531616,0.6512186527252197,2.043964147567749,7.721156597137451,0.2539065182209015,20,3,0,0,0,0,1,1.0,-0.3196638226509094,0,stale-soft,0.0,6,12,20,STALE_STRICT,0,0,1,1,0,18,0.0,0.994644
margin,live-delta,10,0.0,0.374713,0.498995,0.285124,0.738281,0.417443,0.567443,0.004485070705413818,0.6025277972221375,0.5980427265167236,1.7247875928878784,5.611329078674316,0.3401036262512207,10,3,0,0,0,0,1,1.0,-0.39324048161506653,0,stale-soft,0.0,6,13,28,STALE_STRICT,0,0,1,1,0,10,0.0,1.0
margin,live-delta,10,0.0,0.374713,0.498995,0.285124,0.738281,0.417443,0.567443,0.00681459903717041,0.6395174264907837,0.6327028274536133,1.7626317739486694,5.827754497528076,0.31755515933036804,14,3,0,0,0,0,1,1.0,-0.34152960777282715,0,stale-soft,0.0,6,14,26,STALE_STRICT,0,0,1,1,0,14,0.0,1.0
margin,live-delta,10,0.0,0.374713,0.498995,0.285124,0.738281,0.417443,0.567443,0.04385042190551758,0.664881706237793,0.6210312843322754,1.8885869979858398,6.610022068023682,0.422990620136261,16,3,0,0,0,0,1,1.0000001192092896,-0.3882107734680176,0,stale-soft,0.0,6,15,13,STALE_STRICT,0,0,1,1,0,16,0.0,1.0
margin,live-delta,10,0.0,0.374713,0.498995,0.285124,0.738281,0.417443,0.567443,0.004398524761199951,0.5671542882919312,0.5627557635307312,2.477964162826538,11.91697883605957,0.15145041048526764,16,3,0,0,0,0,1,1.0,-0.31287145614624023,0,stale-soft,0.0,6,16,12,STALE_STRICT,0,0,1,1,0,16,0.0,1.0
margin,live-delta,10,0.0,0.374713,0.498995,0.285124,0.738281,0.417443,0.567443,0.020671069622039795,0.6850572228431702,0.6643861532211304,2.0121259689331055,7.479200839996338,0.3316110372543335,20,3,0,0,0,0,1,0.9999998807907104,-0.37884485721588135,0,stale-soft,0.0,6,17,30,STALE_STRICT,0,0,1,1,0,19,0.0,0.996628
margin,live-delta,10,0.0,0.374713,0.498995,0.285124,0.738281,0.417443,0.567443,0.13047552108764648,0.7553185224533081,0.6248430013656616,1.1679840087890625,3.215503692626953,0.7539670467376709,20,3,0,0,0,0,1,1.0,-0.35036882758140564,0,stale-soft,0.0,6,18,30,STALE_STRICT,0,0,1,1,0,19,0.0,0.997398
margin,live-delta,10,0.0,0.374713,0.498995,0.285124,0.738281,0.417443,0.567443,0.214311420917511,0.7999751567840576,0.5856637358665466,0.5485446453094482,1.7307323217391968,0.908501148223877,20,3,0,0,0,0,1,0.9985231757164001,-0.3210960626602173,0,stale-soft,0.0,6,19,30,STALE_STRICT,0,0,1,1,0,18,0.0,0.995926
margin,live-delta,10,0.0,0.374713,0.498995,0.285124,0.738281,0.417443,0.567443,0.005678772926330566,0.6305544376373291,0.6248756647109985,2.548046588897705,12.782110214233398,0.17128898203372955,20,3,0,0,0,0,1,1.0,-0.31999439001083374,0,stale-soft,0.0,6,20,0,STALE_STRICT,0,0,1,1,0,19,0.0,0.991936
margin,live-delta,10,0.0,0.374713,0.498995,0.285124,0.738281,0.417443,0.567443,0.01732957363128662,0.7488837242126465,0.7315541505813599,1.1172136068344116,3.056326150894165,0.5223629474639893,13,3,0,0,0,0,1,1.0,-0.5293403267860413,0,stale-soft,0.0,6,21,25,STALE_STRICT,0,0,1,1,0,12,0.0,0.99879
margin,live-delta,10,0.0,0.374713,0.498995,0.285124,0.738281,0.417443,0.567443,0.015865683555603027,0.6977767944335938,0.6819111108779907,1.810847282409668,6.115626811981201,0.4170607924461365,20,3,0,0,0,0,1,0.9999999403953552,-0.4273530840873718,0,stale-soft,0.0,6,22,1,STALE_STRICT,0,0,1,1,0,20,0.0,1.0
margin,live-delta,10,0.0,0.374713,0.498995,0.285124,0.738281,0.417443,0.567443,0.05592668056488037,0.6982558965682983,0.642329216003418,2.023435592651367,7.564268112182617,0.4559248089790344,20,3,0,0,0,0,1,1.0000001192092896,-0.4900832176208496,0,stale-soft,0.0,6,23,1,STALE_STRICT,0,0,1,1,0,20,0.0,1.0
margin,live-delta,10,0.0,0.374713,0.498995,0.285124,0.738281,0.417443,0.567443,0.078667551279068,0.550545334815979,0.471877783536911,0.6921436190605164,1.99799382686615,0.765525221824646,3,3,1,0,1,0,1,1.0,-0.3056256175041199,0,stale-soft,0.0,6,24,33,STALE_LENIENT,0,0,0,1,0,1,0.0,0.075744
margin,live-delta,10,0.0,0.374713,0.498995,0.285124,0.738281,0.417443,0.567443,0.01704925298690796,0.6313489079475403,0.6142996549606323,2.4893836975097656,12.053845405578613,0.25167083740234375,20,3,0,0,0,0,1,1.0,-0.2471303939819336,0,stale-soft,0.0,6,25,30,STALE_STRICT,0,0,1,1,0,20,0.0,1.0
margin,live-delta,10,0.0,0.374713,0.498995,0.285124,0.738281,0.417443,0.567443,0.02894890308380127,0.5523542165756226,0.5234053134918213,1.8469512462615967,6.34045934677124,0.3721979856491089,9,3,0,0,0,0,1,1.0,-0.23884332180023193,0,stale-soft,0.0,6,26,27,STALE_STRICT,0,0,1,1,0,9,0.0,1.0
margin,live-delta,10,0.0,0.374713,0.498995,0.285124,0.738281,0.417443,0.567443,0.04773306846618652,0.6731027364730835,0.625369668006897,1.5769482851028442,4.84016227722168,0.49535661935806274,13,3,0,0,0,0,1,0.9891678690910339,-0.19113785028457642,0,stale-soft,0.0,6,27,16,STALE_STRICT,0,0,1,1,0,11,0.0,0.967279
margin,live-delta,10,0.0,0.374713,0.498995,0.285124,0.738281,0.417443,0.567443,0.03371754288673401,0.4923955500125885,0.4586780071258545,1.0246752500534058,2.7861905097961426,0.5177279114723206,3,3,1,0,1,0,1,0.9999999403953552,-0.26361992955207825,0,stale-soft,0.0,6,28,33,STALE_LENIENT,0,0,0,1,0,2,0.0,0.482272
margin,live-delta,10,0.0,0.374713,0.498995,0.285124,0.738281,0.417443,0.567443,0.00040036439895629883,0.5298848748207092,0.5294845104217529,2.099444627761841,8.161636352539062,0.24276576936244965,11,3,0,0,0,0,1,1.0,-0.1851538121700287,0,stale-soft,0.0,6,29,13,STALE_STRICT,0,0,1,1,0,10,0.0,0.964147
margin,live-delta,10,0.0,0.374713,0.498995,0.285124,0.738281,0.417443,0.567443,0.04991334676742554,0.6916114091873169,0.6416980624198914,1.98904287815094,7.308535099029541,0.4419843256473541,20,3,0,0,0,0,1,1.0,-0.4158664047718048,0,stale-soft,0.0,6,30,11,STALE_STRICT,0,0,1,1,0,20,0.0,1.0
margin,live-delta,10,0.0,0.374713,0.498995,0.285124,0.738281,0.417443,0.567443,0.015379726886749268,0.5836501121520996,0.5682703852653503,2.557187080383301,12.899480819702148,0.2153107225894928,20,3,0,0,0,0,1,1.0000001192092896,-0.29959285259246826,0,stale-soft,0.0,6,31,11,STALE_STRICT,0,0,1,1,0,20,0.0,1.0
margin,live-delta,10,0.0,0.374713,0.498995,0.285124,0.738281,0.417443,0.567443,0.00023114681243896484,0.4375622570514679,0.43733111023902893,0.6931445598602295,1.9999947547912598,0.5011556148529053,2,3,0,0,0,0,1,1.0,-0.2670082449913025,0,stale-soft,0.0,6,32,7,STALE_STRICT,0,0,1,1,0,2,0.0,1.0
margin,live-delta,10,0.0,0.374713,0.498995,0.285124,0.738281,0.417443,0.567443,0.0088273286819458,0.6656931638717651,0.6568658351898193,2.1332831382751465,8.44253921508789,0.3225613832473755,20,3,0,0,0,0,1,1.0,-0.33299094438552856,0,stale-soft,0.0,6,33,20,STALE_STRICT,0,0,1,1,0,20,0.0,1.0
margin,live-delta,10,0.0,0.374713,0.498995,0.285124,0.738281,0.417443,0.567443,0.03324735164642334,0.672676146030426,0.6394287943840027,1.7408325672149658,5.702088832855225,0.446136474609375,17,3,0,0,0,0,1,0.9999999403953552,-0.5270504951477051,0,stale-soft,0.0,6,34,1,STALE_STRICT,0,0,1,1,0,17,0.0,1.0
margin,live-delta,10,0.0,0.374713,0.498995,0.285124,0.738281,0.417443,0.567443,0.06339681148529053,0.6739566326141357,0.6105598211288452,1.327377200126648,3.77113938331604,0.6224517226219177,14,3,0,0,0,0,1,1.0,-0.35496705770492554,0,stale-soft,0.0,6,35,28,STALE_STRICT,0,0,1,1,0,12,0.0,0.990372
margin,live-delta,10,0.0,0.374713,0.498995,0.285124,0.738281,0.417443,0.567443,0.061883509159088135,0.6948245167732239,0.6329410076141357,1.7594882249832153,5.8094635009765625,0.5090439915657043,18,3,0,0,0,0,1,1.0,-0.44034188985824585,0,stale-soft,0.0,6,36,12,STALE_STRICT,0,0,1,1,0,18,0.0,1.0
margin,live-delta,10,0.0,0.374713,0.498995,0.285124,0.738281,0.417443,0.567443,0.01653200387954712,0.5996271371841431,0.583095133304596,1.900923252105713,6.692070007324219,0.32823604345321655,11,3,0,0,0,0,1,1.0,-0.4315812587738037,0,stale-soft,0.0,6,37,26,STALE_STRICT,0,0,1,1,0,11,0.0,1.0
margin,live-delta,10,0.0,0.374713,0.498995,0.285124,0.738281,0.417443,0.567443,0.01701536774635315,0.5104827880859375,0.49346742033958435,2.6522350311279297,14.185708999633789,0.1393176168203354,16,3,0,0,0,0,1,0.9999999403953552,-0.22574317455291748,0,stale-soft,0.0,6,38,28,STALE_STRICT,0,0,1,1,0,16,0.0,1.0
margin,live-delta,10,0.0,0.374713,0.498995,0.285124,0.738281,0.417443,0.567443,0.0733039379119873,0.7156831622123718,0.6423792243003845,1.932328701019287,6.905572414398193,0.5024093985557556,20,3,0,0,0,0,1,1.0000001192092896,-0.44519472122192383,0,stale-soft,0.0,6,39,11,STALE_STRICT,0,0,1,1,0,20,0.0,1.0
margin,live-delta,10,0.0,0.374713,0.498995,0.285124,0.738281,0.417443,0.567443,0.012021005153656006,0.5193359851837158,0.5073149800300598,1.5866072177886963,4.887139797210693,0.3504555821418762,6,3,0,0,0,0,1,1.0,-0.3110678195953369,0,stale-soft,0.0,6,40,18,STALE_STRICT,0,0,1,1,0,6,0.0,1.0
margin,live-delta,10,0.0,0.374713,0.498995,0.285124,0.738281,0.417443,0.567443,0.004130363464355469,0.5956895351409912,0.5915591716766357,2.1694741249084473,8.753679275512695,0.2660317122936249,16,3,0,0,0,0,1,0.9999998807907104,-0.18633025884628296,0,stale-soft,0.0,6,41,9,STALE_STRICT,0,0,1,1,0,15,0.0,0.992194
margin,live-delta,10,0.0,0.374713,0.498995,0.285124,0.738281,0.417443,0.567443,0.12807446718215942,0.5080372095108032,0.3799627423286438,-0.0,1.0,1.0,1,3,0,0,0,0,1,1.0,-0.24906188249588013,0,stale-soft,0.0,6,42,15,STALE_STRICT,0,0,1,1,0,1,0.0,1.0
margin,live-delta,10,0.0,0.374713,0.498995,0.285124,0.738281,0.417443,0.567443,0.029343336820602417,0.5180602669715881,0.4887169301509857,0.9196711778640747,2.508465528488159,0.5750361084938049,3,3,0,0,0,0,1,0.9999999403953552,-0.22850483655929565,0,stale-soft,0.0,6,44,6,STALE_STRICT,0,0,1,1,0,2,0.0,0.680241
margin,live-delta,10,0.0,0.374713,0.498995,0.285124,0.738281,0.417443,0.567443,0.14111894369125366,0.7220957279205322,0.5809767842292786,0.9061532616615295,2.4747843742370605,0.8118083477020264,19,3,0,0,0,0,1,0.9999998807907104,-0.36302319169044495,0,stale-soft,0.0,6,45,30,STALE_STRICT,0,0,1,1,0,17,0.0,0.994463
margin,live-delta,10,0.0,0.374713,0.498995,0.285124,0.738281,0.417443,0.567443,0.009380042552947998,0.5576402544975281,0.5482602119445801,2.596264123916626,13.413533210754395,0.1439398229122162,18,3,0,0,0,0,1,1.0,-0.2686322331428528,0,stale-soft,0.0,6,46,0,STALE_STRICT,0,0,1,1,0,17,0.0,0.985187
margin,live-delta,10,0.0,0.374713,0.498995,0.285124,0.738281,0.417443,0.567443,0.039743661880493164,0.7065777778625488,0.6668341159820557,1.896702527999878,6.663884162902832,0.4397803246974945,20,3,0,0,0,0,1,1.0000001192092896,-0.436687707901001,0,stale-soft,0.0,6,47,11,STALE_STRICT,0,0,1,1,0,20,0.0,1.0
margin,live-delta,10,0.0,0.374713,0.498995,0.285124,0.738281,0.417443,0.567443,0.00565028190612793,0.4656926989555359,0.46004241704940796,1.0387084484100342,2.8255653381347656,0.4329869747161865,3,3,0,0,0,0,1,1.0,-0.17271816730499268,0,stale-soft,0.0,6,48,16,STALE_STRICT,0,0,1,1,0,3,0.0,1.0
margin,live-delta,10,0.0,0.374713,0.498995,0.285124,0.738281,0.417443,0.567443,0.004724025726318359,0.6174630522727966,0.6127390265464783,2.6217949390411377,13.760400772094727,0.1533571481704712,20,3,0,0,0,0,1,1.0000001192092896,-0.3462756872177124,0,stale-soft,0.0,6,49,18,STALE_STRICT,0,0,1,1,0,20,0.0,1.0
margin,live-delta,10,0.0,0.374713,0.498995,0.285124,0.738281,0.417443,0.567443,0.021081984043121338,0.631973922252655,0.6108919382095337,2.38700532913208,10.880860328674316,0.24051174521446228,20,3,0,0,0,0,1,1.0,-0.39021122455596924,0,stale-soft,0.0,6,50,11,STALE_STRICT,0,0,1,1,0,20,0.0,1.0
margin,live-delta,10,0.0,0.374713,0.498995,0.285124,0.738281,0.417443,0.567443,0.04159349203109741,0.6099201440811157,0.5683266520500183,2.175912618637085,8.810221672058105,0.3495439887046814,18,3,0,0,0,0,1,1.0,-0.2730158567428589,0,stale-soft,0.0,6,51,30,STALE_STRICT,0,0,1,1,0,16,0.0,0.944456
margin,live-delta,10,0.0,0.374713,0.498995,0.285124,0.738281,0.417443,0.567443,0.04602915048599243,0.6817589998245239,0.6357298493385315,1.995059609413147,7.3526411056518555,0.450581818819046,20,3,0,0,0,0,1,0.9999999403953552,-0.32056257128715515,0,stale-soft,0.0,6,52,30,STALE_STRICT,0,0,1,1,0,20,0.0,1.0
margin,live-delta,10,0.0,0.374713,0.498995,0.285124,0.738281,0.417443,0.567443,0.02947831153869629,0.6125665903091431,0.5830882787704468,2.2150678634643555,9.162031173706055,0.29297077655792236,16,3,0,0,0,0,1,1.0,-0.46717482805252075,0,stale-soft,0.0,6,53,7,STALE_STRICT,0,0,1,1,0,16,0.0,1.0
margin,live-delta,10,0.0,0.374713,0.498995,0.285124,0.738281,0.417443,0.567443,0.039527952671051025,0.6817615628242493,0.6422336101531982,1.464264154434204,4.324359893798828,0.5182248950004578,13,3,0,0,0,0,1,0.9999999403953552,-0.32564297318458557,0,stale-soft,0.0,6,54,16,STALE_STRICT,0,0,1,1,0,12,0.0,0.993171
margin,live-delta,10,0.0,0.374713,0.498995,0.285124,0.738281,0.417443,0.567443,0.1259809136390686,0.7112128138542175,0.5852319002151489,1.3836485147476196,3.9894306659698486,0.7028036117553711,20,3,0,0,0,0,1,0.9999998807907104,-0.30064940452575684,0,stale-soft,0.0,6,55,30,STALE_STRICT,0,0,1,1,0,19,0.0,0.994113
margin,live-delta,10,0.0,0.374713,0.498995,0.285124,0.738281,0.417443,0.567443,0.04841500520706177,0.5435279607772827,0.49511295557022095,2.067896842956543,7.908173561096191,0.36403214931488037,12,3,0,0,0,0,1,1.0,-0.32181990146636963,0,stale-soft,0.0,6,56,1,STALE_STRICT,0,0,1,1,0,12,0.0,1.0
margin,live-delta,10,0.0,0.374713,0.498995,0.285124,0.738281,0.417443,0.567443,0.011501491069793701,0.5289517045021057,0.517450213432312,2.5102744102478027,12.308306694030762,0.15981678664684296,15,3,0,0,0,0,1,1.0,-0.23483747243881226,0,stale-soft,0.0,6,57,28,STALE_STRICT,0,0,1,1,0,15,0.0,1.0
margin,live-delta,10,0.0,0.374713,0.498995,0.285124,0.738281,0.417443,0.567443,0.027495503425598145,0.521161675453186,0.4936661720275879,1.849459171295166,6.356380939483643,0.27965304255485535,7,3,0,0,0,0,1,1.0000001192092896,-0.17988520860671997,0,stale-soft,0.0,6,58,28,STALE_STRICT,0,0,1,1,0,7,0.0,1.0
margin,live-delta,10,0.0,0.374713,0.498995,0.285124,0.738281,0.417443,0.567443,0.0455852746963501,0.7100707292556763,0.6644854545593262,1.6763778924942017,5.346156597137451,0.4960916340351105,20,3,0,0,0,0,1,0.9999999403953552,-0.47589704394340515,0,stale-soft,0.0,6,59,11,STALE_STRICT,0,0,1,1,0,20,0.0,1.0
margin,live-delta,10,0.0,0.374713,0.498995,0.285124,0.738281,0.417443,0.567443,0.006651431322097778,0.4191456735134125,0.4124942421913147,-0.0,1.0,1.0,1,3,0,0,0,0,1,1.0,-0.18450376391410828,0,stale-soft,0.0,6,60,22,STALE_STRICT,0,0,1,1,0,1,0.0,1.0
margin,live-delta,10,0.0,0.374713,0.498995,0.285124,0.738281,0.417443,0.567443,0.0009667277336120605,0.7287241816520691,0.727757453918457,1.3820254802703857,3.9829609394073486,0.3555692732334137,13,3,0,0,0,0,1,1.0,-0.5508826971054077,0,stale-soft,0.0,6,61,25,STALE_STRICT,0,0,1,1,0,13,0.0,1.0
margin,live-delta,10,0.0,0.374713,0.498995,0.285124,0.738281,0.417443,0.567443,0.03774535655975342,0.5500203371047974,0.512274980545044,1.7866592407226562,5.969476699829102,0.4058660864830017,9,3,0,0,0,0,1,1.0000001192092896,-0.20863336324691772,0,stale-soft,0.0,6,62,16,STALE_STRICT,0,0,1,1,0,8,0.0,0.970503
margin,live-delta,10,0.0,0.374713,0.498995,0.285124,0.738281,0.417443,0.567443,0.0918266773223877,0.7022755146026611,0.6104488372802734,1.6186840534210205,5.046444892883301,0.6052987575531006,20,3,0,0,0,0,1,0.9999999403953552,-0.3944852948188782,0,stale-soft,0.0,6,63,22,STALE_STRICT,0,0,1,1,0,20,0.0,1.0
margin,live-delta,10,0.0,0.374713,0.498995,0.285124,0.738281,0.417443,0.567443,0.0138663649559021,0.6372043490409851,0.623337984085083,2.124764919281006,8.370929718017578,0.2707838714122772,19,1,1,1,1,1,0,0.00993643794208765,0.18750077486038208,2,stale-soft,0.0,6,64,60,CORRECT,0,0,0,0,0,2,0.0,0.009936
margin,live-delta,10,0.0,0.374713,0.498995,0.285124,0.738281,0.417443,0.567443,0.07325202226638794,0.7194734811782837,0.6462214589118958,1.3936271667480469,4.0294389724731445,0.5917448401451111,14,1,1,1,1,1,0,0.0,0.4203501343727112,2,stale-soft,0.0,6,65,49,CORRECT,0,0,0,0,0,0,0.0,0.0
margin,live-delta,10,0.0,0.374713,0.498995,0.285124,0.738281,0.417443,0.567443,0.27114012837409973,0.7173919677734375,0.44625183939933777,0.0497102290391922,1.050966501235962,0.9924216866493225,3,1,1,1,1,1,0,0.0,0.4258134365081787,2,stale-soft,0.0,6,66,54,CORRECT,0,0,0,0,0,0,0.0,0.0
margin,live-delta,10,0.0,0.374713,0.498995,0.285124,0.738281,0.417443,0.567443,0.04251831769943237,0.6012977957725525,0.5587794780731201,2.1921939849853516,8.954838752746582,0.2893412411212921,14,1,1,1,1,1,0,0.0,0.203637957572937,2,stale-soft,0.0,6,67,42,CORRECT,0,0,0,0,0,0,0.0,0.0
margin,live-delta,10,0.0,0.374713,0.498995,0.285124,0.738281,0.417443,0.567443,0.17981690168380737,0.6864583492279053,0.5066414475440979,0.3430187404155731,1.4091951847076416,0.9346346855163574,7,1,1,1,1,1,0,0.0,0.43639615178108215,2,stale-soft,0.0,6,68,57,CORRECT,0,0,0,0,0,0,0.0,0.0
margin,live-delta,10,0.0,0.374713,0.498995,0.285124,0.738281,0.417443,0.567443,0.026864051818847656,0.5847336053848267,0.557869553565979,2.132352352142334,8.434684753417969,0.33830025792121887,15,1,1,1,1,1,0,0.029049202799797058,0.1512666940689087,2,stale-soft,0.0,6,69,52,CORRECT,0,0,0,0,0,2,0.0,0.029049
margin,live-delta,10,0.0,0.374713,0.498995,0.285124,0.738281,0.417443,0.567443,0.08957570791244507,0.6409652233123779,0.5513895153999329,0.8416467905044556,2.3201847076416016,0.7719699740409851,7,1,1,1,1,1,0,0.0,0.3181228041648865,2,stale-soft,0.0,6,70,57,CORRECT,0,0,0,0,0,0,0.0,0.0
margin,live-delta,10,0.0,0.374713,0.498995,0.285124,0.738281,0.417443,0.567443,0.04689741134643555,0.5237218141555786,0.47682440280914307,1.3581238985061646,3.888890504837036,0.5000370740890503,5,1,1,1,1,1,0,0.09810714423656464,0.08143112063407898,2,stale-soft,0.0,6,71,49,CORRECT,0,0,0,0,0,1,0.0,0.098107
margin,live-delta,10,0.0,0.374713,0.498995,0.285124,0.738281,0.417443,0.567443,0.028354287147521973,0.7925995588302612,0.7642452716827393,0.9149487018585205,2.4966471195220947,0.5990613102912903,9,1,1,1,1,1,0,0.0,0.46540719270706177,2,stale-soft,0.0,6,72,40,CORRECT,0,0,0,0,0,0,0.0,0.0
margin,live-delta,10,0.0,0.374713,0.498995,0.285124,0.738281,0.417443,0.567443,0.03947728872299194,0.4474477767944336,0.40797048807144165,-0.0,1.0,1.0,1,1,1,1,1,1,0,0.0,0.04582047462463379,1,stale-soft,0.0,6,73,35,CORRECT,0,0,0,0,0,0,0.0,0.0
margin,live-delta,10,0.0,0.374713,0.498995,0.285124,0.738281,0.417443,0.567443,0.019095420837402344,0.6300061345100403,0.6109107136726379,1.134110927581787,3.1084086894989014,0.5057145953178406,7,1,1,1,1,1,0,0.0,0.29718226194381714,2,stale-soft,0.0,6,74,32,CORRECT,0,0,0,0,0,0,0.0,0.0
margin,live-delta,10,0.0,0.374713,0.498995,0.285124,0.738281,0.417443,0.567443,0.02758324146270752,0.6517994403839111,0.6242161989212036,1.9006245136260986,6.690071105957031,0.36587288975715637,17,1,1,1,1,1,0,0.019146405160427094,0.17890149354934692,2,stale-soft,0.0,6,75,48,CORRECT,0,0,0,0,0,3,0.0,0.019146
margin,live-delta,10,0.0,0.374713,0.498995,0.285124,0.738281,0.417443,0.567443,0.006723225116729736,0.587090253829956,0.5803670287132263,2.1430726051330566,8.525592803955078,0.28023087978363037,16,1,1,1,1,1,0,0.04370006173849106,0.15502119064331055,2,stale-soft,0.0,6,76,35,CORRECT,0,0,0,0,0,3,0.0,0.031081
margin,live-delta,10,0.0,0.374713,0.498995,0.285124,0.738281,0.417443,0.567443,0.01150047779083252,0.4391584098339081,0.42765793204307556,0.6865776777267456,1.9869040250778198,0.5572500824928284,2,1,1,1,1,1,0,0.0,0.11116591095924377,2,stale-soft,0.0,6,77,58,CORRECT,0,0,0,0,0,0,0.0,0.0
margin,live-delta,10,0.0,0.374713,0.498995,0.285124,0.738281,0.417443,0.567443,0.046075284481048584,0.485497385263443,0.4394221007823944,1.2433892488479614,3.4673452377319336,0.4953957200050354,4,1,1,1,1,1,0,0.0,0.11503127217292786,2,stale-soft,0.0,6,78,37,CORRECT,0,0,0,0,0,0,0.0,0.0
margin,live-delta,10,0.0,0.374713,0.498995,0.285124,0.738281,0.417443,0.567443,0.011427760124206543,0.43584972620010376,0.4244219660758972,0.6866599321365356,1.987067461013794,0.5568912029266357,2,1,1,1,1,1,0,0.0,0.09523272514343262,2,stale-soft,0.0,6,79,55,CORRECT,0,0,0,0,0,0,0.0,0.0
margin,live-delta,10,0.0,0.374713,0.498995,0.285124,0.738281,0.417443,0.567443,0.047071754932403564,0.580012857913971,0.5329411029815674,1.4422274827957153,4.23010778427124,0.5402372479438782,8,1,0,0,0,0,1,0.9426831603050232,-0.1121707558631897,0,stale-soft,0.0,6,80,24,STALE_STRICT,0,0,1,1,0,7,0.0,0.942683
margin,live-delta,10,0.0,0.374713,0.498995,0.285124,0.738281,0.417443,0.567443,0.06020021438598633,0.6887730360031128,0.6285728216171265,1.2882663011550903,3.6264939308166504,0.556942343711853,7,1,1,1,1,1,0,0.0,0.5219050645828247,2,stale-soft,0.0,6,81,50,CORRECT,0,0,0,0,0,0,0.0,0.0
margin,live-delta,10,0.0,0.374713,0.498995,0.285124,0.738281,0.417443,0.567443,0.06465297937393188,0.675824761390686,0.6111717820167542,1.559347152709961,4.755715370178223,0.5730307102203369,15,1,1,1,1,1,0,0.0,0.3446776866912842,2,stale-soft,0.0,6,82,61,CORRECT,0,0,0,0,0,0,0.0,0.0
margin,live-delta,10,0.0,0.374713,0.498995,0.285124,0.738281,0.417443,0.567443,0.062261730432510376,0.522896409034729,0.46063467860221863,0.5313348770141602,1.7012016773223877,0.7764738202095032,2,1,1,1,1,1,0,0.0,0.20996356010437012,2,stale-soft,0.0,6,83,42,CORRECT,0,0,0,0,0,0,0.0,0.0
margin,live-delta,10,0.0,0.374713,0.498995,0.285124,0.738281,0.417443,0.567443,0.007027864456176758,0.595234215259552,0.5882063508033752,1.5691070556640625,4.802358150482178,0.33533406257629395,9,1,1,1,1,1,0,0.0,0.3471389412879944,2,stale-soft,0.0,6,84,52,CORRECT,0,0,0,0,0,0,0.0,0.0
margin,live-delta,10,0.0,0.374713,0.498995,0.285124,0.738281,0.417443,0.567443,0.002056121826171875,0.5324323177337646,0.5303761959075928,2.2254180908203125,9.257352828979492,0.22632135450839996,13,1,1,1,1,1,1,0.1415972113609314,0.06689471006393433,2,stale-soft,0.0,6,85,41,CORRECT,0,0,0,0,0,3,0.0,0.141597
margin,live-delta,10,0.0,0.374713,0.498995,0.285124,0.738281,0.417443,0.567443,0.014487236738204956,0.49048975110054016,0.4760025143623352,1.3602098226547241,3.8970108032226562,0.3414223790168762,4,1,0,0,0,0,1,0.5969616174697876,-0.02302202582359314,0,stale-soft,0.0,6,86,25,STALE_STRICT,0,0,1,1,0,2,0.0,0.596962
margin,live-delta,10,0.0,0.374713,0.498995,0.285124,0.738281,0.417443,0.567443,0.30191630125045776,0.8589409589767456,0.5570246577262878,0.06541933119297028,1.0676065683364868,0.9917627573013306,13,1,1,1,1,1,0,0.0015588508686050773,0.3508061170578003,2,stale-soft,0.0,6,87,43,CORRECT,0,0,0,0,0,4,0.0,0.001559
margin,live-delta,10,0.0,0.374713,0.498995,0.285124,0.738281,0.417443,0.567443,0.023692190647125244,0.6738309860229492,0.650138795375824,1.2092169523239136,3.3508596420288086,0.4967927634716034,9,1,1,1,1,1,0,0.0,0.38304105401039124,2,stale-soft,0.0,6,88,61,CORRECT,0,0,0,0,0,0,0.0,0.0
margin,live-delta,10,0.0,0.374713,0.498995,0.285124,0.738281,0.417443,0.567443,0.01702946424484253,0.6745926737785339,0.6575632095336914,1.657617211341858,5.246793746948242,0.3624098002910614,10,1,1,1,1,1,0,0.0,0.4250260889530182,2,stale-soft,0.0,6,89,39,CORRECT,0,0,0,0,0,0,0.0,0.0
margin,live-delta,10,0.0,0.374713,0.498995,0.285124,0.738281,0.417443,0.567443,0.005663275718688965,0.6045351028442383,0.5988718271255493,1.982502818107605,7.260892868041992,0.26056328415870667,15,1,1,1,1,1,0,0.0,0.3412850499153137,2,stale-soft,0.0,6,90,39,CORRECT,0,0,0,0,0,0,0.0,0.0
margin,live-delta,10,0.0,0.374713,0.498995,0.285124,0.738281,0.417443,0.567443,0.006245851516723633,0.5371400713920593,0.5308942198753357,2.21581768989563,9.168903350830078,0.18185800313949585,12,1,1,1,1,1,1,0.1311153918504715,0.016357421875,0,stale-soft,0.0,6,91,45,CORRECT,0,0,0,0,0,1,0.0,0.131115
margin,live-delta,10,0.0,0.374713,0.498995,0.285124,0.738281,0.417443,0.567443,0.08484706282615662,0.46731051802635193,0.3824634552001953,-0.0,1.0,1.0,1,1,1,1,1,1,0,0.0,0.20996516942977905,2,stale-soft,0.0,6,92,40,CORRECT,0,0,0,0,0,0,0.0,0.0
margin,live-delta,10,0.0,0.374713,0.498995,0.285124,0.738281,0.417443,0.567443,0.03696244955062866,0.5619375705718994,0.5249751210212708,2.012704372406006,7.483528137207031,0.3768429160118103,12,1,1,1,1,1,0,0.0,0.26756343245506287,2,stale-soft,0.0,6,93,57,CORRECT,0,0,0,0,0,0,0.0,0.0
margin,live-delta,10,0.0,0.374713,0.498995,0.285124,0.738281,0.417443,0.567443,0.001346588134765625,0.6266343593597412,0.6252877712249756,1.8937263488769531,6.644080638885498,0.273932546377182,12,1,1,1,1,1,0,0.0,0.3373410105705261,2,stale-soft,0.0,6,94,61,CORRECT,0,0,0,0,0,0,0.0,0.0
margin,live-delta,10,0.0,0.374713,0.498995,0.285124,0.738281,0.417443,0.567443,0.08536481857299805,0.604717493057251,0.5193526744842529,0.9611724615097046,2.614760398864746,0.7221274971961975,6,1,1,1,1,1,0,0.0,0.21116384863853455,2,stale-soft,0.0,6,95,41,CORRECT,0,0,0,0,0,0,0.0,0.0
margin,live-delta,10,0.0,0.374713,0.498995,0.285124,0.738281,0.417443,0.567443,0.005658745765686035,0.6051054000854492,0.5994466543197632,2.074126958847046,7.957596302032471,0.24774079024791718,13,1,1,1,1,1,0,0.0,0.39281249046325684,2,stale-soft,0.0,6,96,54,CORRECT,0,0,0,0,0,0,0.0,0.0
margin,live-delta,10,0.0,0.374713,0.498995,0.285124,0.738281,0.417443,0.567443,0.06105303764343262,0.7184756994247437,0.657422661781311,1.0150387287139893,2.759470224380493,0.6803184151649475,8,1,1,1,1,1,0,0.0,0.4032242000102997,2,stale-soft,0.0,6,97,40,CORRECT,0,0,0,0,0,0,0.0,0.0
margin,live-delta,10,0.0,0.374713,0.498995,0.285124,0.738281,0.417443,0.567443,0.013661503791809082,0.582595705986023,0.5689342021942139,1.1959669589996338,3.306753635406494,0.43847981095314026,4,1,1,1,1,1,0,0.0,0.2990831136703491,2,stale-soft,0.0,6,98,56,CORRECT,0,0,0,0,0,0,0.0,0.0
margin,live-delta,10,0.0,0.374713,0.498995,0.285124,0.738281,0.417443,0.567443,0.28284555673599243,0.7437993288040161,0.4609537720680237,0.043186262249946594,1.0441323518753052,0.993588924407959,3,1,1,1,1,1,0,0.0,0.5071672201156616,2,stale-soft,0.0,6,99,41,CORRECT,0,0,0,0,0,0,0.0,0.0
margin,live-delta,10,0.0,0.374713,0.498995,0.285124,0.738281,0.417443,0.567443,0.008107304573059082,0.5988267660140991,0.59071946144104,0.7947788834571838,2.213951349258423,0.5259713530540466,3,1,1,1,1,1,0,0.0,0.31339359283447266,2,stale-soft,0.0,6,100,61,CORRECT,0,0,0,0,0,0,0.0,0.0
margin,live-delta,10,0.0,0.374713,0.498995,0.285124,0.738281,0.417443,0.567443,0.018241524696350098,0.48883119225502014,0.47058966755867004,1.0598750114440918,2.88601016998291,0.45503970980644226,3,1,3,0,3,0,1,1.0,-0.08488729596138,0,stale-soft,0.0,6,101,123,BLENDED,0,0,0,0,0,0,0.0,0.0
margin,live-delta,10,0.0,0.374713,0.498995,0.285124,0.738281,0.417443,0.567443,0.06546664237976074,0.6314265727996826,0.5659599304199219,1.699211835861206,5.469634532928467,0.4810827970504761,11,1,1,1,1,1,0,0.0,0.36988168954849243,2,stale-soft,0.0,6,102,62,CORRECT,0,0,0,0,0,0,0.0,0.0
margin,live-delta,10,0.0,0.374713,0.498995,0.285124,0.738281,0.417443,0.567443,0.018510043621063232,0.6128389239311218,0.5943288803100586,1.317290186882019,3.7332911491394043,0.49540987610816956,9,1,1,1,1,1,0,0.0,0.2733041048049927,2,stale-soft,0.0,6,103,54,CORRECT,0,0,0,0,0,0,0.0,0.0
margin,live-delta,10,0.0,0.374713,0.498995,0.285124,0.738281,0.417443,0.567443,0.0038860440254211426,0.6102866530418396,0.6064006090164185,1.8849693536758423,6.58615255355835,0.320635050535202,12,1,1,1,1,1,0,0.0,0.3647603988647461,2,stale-soft,0.0,6,104,49,CORRECT,0,0,0,0,0,0,0.0,0.0
margin,live-delta,10,0.0,0.374713,0.498995,0.285124,0.738281,0.417443,0.567443,0.07134711742401123,0.705420970916748,0.6340738534927368,1.272269606590271,3.568943500518799,0.6077620983123779,9,1,1,1,1,1,0,0.0,0.4852299094200134,2,stale-soft,0.0,6,105,40,CORRECT,0,0,0,0,0,0,0.0,0.0
margin,live-delta,10,0.0,0.374713,0.498995,0.285124,0.738281,0.417443,0.567443,0.07959204912185669,0.7538836598396301,0.6742916107177734,0.9749141335487366,2.650939464569092,0.7221004962921143,11,1,1,1,1,1,0,0.0,0.4799800217151642,2,stale-soft,0.0,6,106,39,CORRECT,0,0,0,0,0,0,0.0,0.0
margin,live-delta,10,0.0,0.374713,0.498995,0.285124,0.738281,0.417443,0.567443,0.011961400508880615,0.617219865322113,0.6052584648132324,1.6458401679992676,5.185364723205566,0.4047010540962219,12,1,1,1,1,1,1,0.2102506011724472,0.07979494333267212,2,stale-soft,0.0,6,107,60,CORRECT,0,0,0,0,0,5,0.0,0.199356
margin,live-delta,10,0.0,0.374713,0.498995,0.285124,0.738281,0.417443,0.567443,0.04879361391067505,0.6414546966552734,0.5926610827445984,1.8012748956680298,6.0573649406433105,0.4697282016277313,13,1,1,1,1,1,0,0.0,0.362080454826355,2,stale-soft,0.0,6,108,49,CORRECT,0,0,0,0,0,0,0.0,0.0
margin,live-delta,10,0.0,0.374713,0.498995,0.285124,0.738281,0.417443,0.567443,0.005373120307922363,0.6084858179092407,0.6031126976013184,1.3665761947631836,3.9218997955322266,0.4060872793197632,6,1,1,1,1,1,0,0.0,0.3015759587287903,2,stale-soft,0.0,6,109,62,CORRECT,0,0,0,0,0,0,0.0,0.0
margin,live-delta,10,0.0,0.374713,0.498995,0.285124,0.738281,0.417443,0.567443,0.029764771461486816,0.6916086673736572,0.6618438959121704,1.3965046405792236,4.041050434112549,0.49262890219688416,7,1,1,1,1,1,0,0.0,0.47904616594314575,2,stale-soft,0.0,6,111,32,CORRECT,0,0,0,0,0,0,0.0,0.0
margin,live-delta,10,0.0,0.374713,0.498995,0.285124,0.738281,0.417443,0.567443,0.0655626654624939,0.6678102612495422,0.6022475957870483,1.3756229877471924,3.9575414657592773,0.5604981184005737,9,1,1,1,1,1,0,0.0,0.4308151602745056,2,stale-soft,0.0,6,112,46,CORRECT,0,0,0,0,0,0,0.0,0.0
margin,live-delta,10,0.0,0.374713,0.498995,0.285124,0.738281,0.417443,0.567443,0.024531066417694092,0.5232676267623901,0.49873656034469604,0.6639403104782104,1.942431092262268,0.6202526092529297,2,1,1,1,1,1,0,0.0,0.2562590539455414,2,stale-soft,0.0,6,113,34,CORRECT,0,0,0,0,0,0,0.0,0.0
margin,live-delta,10,0.0,0.374713,0.498995,0.285124,0.738281,0.417443,0.567443,0.03674370050430298,0.6705558896064758,0.6338121891021729,1.41384756565094,4.111745357513428,0.5250144004821777,12,1,1,1,1,1,0,0.0,0.39768946170806885,2,stale-soft,0.0,6,114,57,CORRECT,0,0,0,0,0,0,0.0,0.0
margin,live-delta,10,0.0,0.374713,0.498995,0.285124,0.738281,0.417443,0.567443,0.0519755482673645,0.5355624556541443,0.4835869073867798,1.9743068218231201,7.201625823974609,0.3713764548301697,10,1,1,1,1,1,1,0.10872949659824371,0.09194368124008179,2,stale-soft,0.0,6,115,38,CORRECT,0,0,0,0,0,2,0.0,0.108729
margin,live-delta,10,0.0,0.374713,0.498995,0.285124,0.738281,0.417443,0.567443,0.07225793600082397,0.610309898853302,0.538051962852478,1.1016435623168945,3.0091075897216797,0.6662366390228271,6,1,1,1,1,1,0,0.0,0.33518922328948975,2,stale-soft,0.0,6,116,54,CORRECT,0,0,0,0,0,0,0.0,0.0
margin,live-delta,10,0.0,0.374713,0.498995,0.285124,0.738281,0.417443,0.567443,0.10138309001922607,0.6700421571731567,0.5686590671539307,1.3149303197860718,3.7244913578033447,0.6613844633102417,11,1,1,1,1,1,0,0.0060916864313185215,0.23437052965164185,2,stale-soft,0.0,6,117,49,CORRECT,0,0,0,0,0,1,0.0,0.006092
margin,live-delta,10,0.0,0.374713,0.498995,0.285124,0.738281,0.417443,0.567443,0.030777424573898315,0.44668951630592346,0.41591209173202515,-0.0,1.0,1.0,1,1,1,1,1,1,0,0.0,0.21114350855350494,2,stale-soft,0.0,6,118,48,CORRECT,0,0,0,0,0,0,0.0,0.0
margin,live-delta,10,0.0,0.374713,0.498995,0.285124,0.738281,0.417443,0.567443,0.04402768611907959,0.5582033395767212,0.5141756534576416,1.2380722761154175,3.448958396911621,0.5489068627357483,5,1,1,1,1,1,0,0.0,0.15230268239974976,2,stale-soft,0.0,6,119,49,CORRECT,0,0,0,0,0,0,0.0,0.0
margin,live-delta,10,0.0,0.374713,0.498995,0.285124,0.738281,0.417443,0.567443,0.001757204532623291,0.6123923659324646,0.6106351613998413,1.537318468093872,4.652098655700684,0.36214780807495117,9,1,1,1,1,1,0,0.0,0.3293934762477875,2,stale-soft,0.0,6,120,57,CORRECT,0,0,0,0,0,0,0.0,0.0
margin,live-delta,10,0.0,0.374713,0.498995,0.285124,0.738281,0.417443,0.567443,0.028531432151794434,0.6142705678939819,0.5857391357421875,1.8273097276687622,6.217138290405273,0.4162273705005646,14,1,1,1,1,1,0,0.051684826612472534,0.17189186811447144,2,stale-soft,0.0,6,121,52,CORRECT,0,0,0,0,0,5,0.0,0.051685
margin,live-delta,10,0.0,0.374713,0.498995,0.285124,0.738281,0.417443,0.567443,0.04132509231567383,0.6418052911758423,0.6004801988601685,1.6073417663574219,4.989530086517334,0.4551718235015869,9,1,1,1,1,1,0,0.0,0.3827874958515167,2,stale-soft,0.0,6,122,52,CORRECT,0,0,0,0,0,0,0.0,0.0
margin,live-delta,10,0.0,0.374713,0.498995,0.285124,0.738281,0.417443,0.567443,0.1144600510597229,0.5257062911987305,0.41124624013900757,-0.0,1.0,1.0,1,1,1,1,1,1,0,0.0,0.13191860914230347,2,stale-soft,0.0,6,123,43,CORRECT,0,0,0,0,0,0,0.0,0.0
margin,live-delta,10,0.0,0.374713,0.498995,0.285124,0.738281,0.417443,0.567443,0.046421170234680176,0.7209793329238892,0.674558162689209,1.11576509475708,3.0519022941589355,0.623386025428772,11,1,1,1,1,1,0,0.0,0.34347569942474365,2,stale-soft,0.0,6,124,62,CORRECT,0,0,0,0,0,0,0.0,0.0
margin,live-delta,10,0.0,0.374713,0.498995,0.285124,0.738281,0.417443,0.567443,0.02554035186767578,0.5810360312461853,0.5554956793785095,1.911464810371399,6.762988090515137,0.3740044832229614,12,1,1,1,1,1,0,0.0392879918217659,0.13771352171897888,2,stale-soft,0.0,6,125,38,CORRECT,0,0,0,0,0,1,0.0,0.023807
margin,live-delta,10,0.0,0.374713,0.498995,0.285124,0.738281,0.417443,0.567443,0.051419079303741455,0.7271186113357544,0.6756995320320129,0.7056697010993958,2.025202512741089,0.7194424271583557,7,1,1,1,1,1,0,0.0,0.40758949518203735,2,stale-soft,0.0,6,126,41,CORRECT,0,0,0,0,0,0,0.0,0.0
margin,live-delta,10,0.0,0.374713,0.498995,0.285124,0.738281,0.417443,0.567443,0.1547597050666809,0.7880293130874634,0.6332696080207825,0.44345447421073914,1.5580803155899048,0.905829906463623,8,1,1,1,1,1,0,0.0,0.45933932065963745,2,stale-soft,0.0,6,127,40,CORRECT,0,0,0,0,0,0,0.0,0.0
margin,live-delta,10,0.0,0.374713,0.498995,0.285124,0.738281,0.417443,0.567443,0.028143763542175293,0.5415035486221313,0.513359785079956,2.486598014831543,12.020313262939453,0.2373594045639038,16,2,2,1,2,1,0,0.0,0.2378905713558197,2,stale-soft,0.0,6,128,66,CORRECT,0,0,0,0,0,0,0.0,0.0
margin,live-delta,10,0.0,0.374713,0.498995,0.285124,0.738281,0.417443,0.567443,0.02547597885131836,0.5951765775680542,0.5697005987167358,2.1188390254974365,8.321471214294434,0.31806331872940063,15,2,2,1,2,1,0,0.0,0.3075736165046692,2,stale-soft,0.0,6,129,66,CORRECT,0,0,0,0,0,0,0.0,0.0
margin,live-delta,10,0.0,0.374713,0.498995,0.285124,0.738281,0.417443,0.567443,0.041772425174713135,0.5690668821334839,0.5272944569587708,2.275212049484253,9.729982376098633,0.2631501257419586,14,2,2,1,2,1,0,0.0,0.24107003211975098,2,stale-soft,0.0,6,130,81,CORRECT,0,0,0,0,0,0,0.0,0.0
margin,live-delta,10,0.0,0.374713,0.498995,0.285124,0.738281,0.417443,0.567443,0.07747495174407959,0.7438898086547852,0.6664148569107056,0.7085363268852234,2.0310163497924805,0.7819878458976746,8,2,2,1,2,1,0,0.0,0.5825783014297485,2,stale-soft,0.0,6,133,71,CORRECT,0,0,0,0,0,0,0.0,0.0
margin,live-delta,10,0.0,0.374713,0.498995,0.285124,0.738281,0.417443,0.567443,0.09667551517486572,0.7966054677963257,0.69992995262146,1.1403989791870117,3.1280159950256348,0.7118372917175293,18,2,2,1,2,1,0,0.0,0.5791870355606079,2,stale-soft,0.0,6,134,86,CORRECT,0,0,0,0,0,0,0.0,0.0
margin,live-delta,10,0.0,0.374713,0.498995,0.285124,0.738281,0.417443,0.567443,0.024165570735931396,0.5892134308815002,0.5650478601455688,0.977950394153595,2.6590006351470947,0.568513035774231,5,2,2,1,2,1,0,0.0,0.21183645725250244,2,stale-soft,0.0,6,135,91,CORRECT,0,0,0,0,0,0,0.0,0.0
margin,live-delta,10,0.0,0.374713,0.498995,0.285124,0.738281,0.417443,0.567443,0.049243152141571045,0.6251969933509827,0.5759538412094116,2.376845121383667,10.770868301391602,0.33181849122047424,20,2,2,1,2,1,0,0.0,0.3021586835384369,2,stale-soft,0.0,6,136,84,CORRECT,0,0,0,0,0,0,0.0,0.0
margin,live-delta,10,0.0,0.374713,0.498995,0.285124,0.738281,0.417443,0.567443,0.039867937564849854,0.4245971441268921,0.38472920656204224,-0.0,1.0,1.0,1,2,2,1,2,1,0,0.0,0.20286723971366882,2,stale-soft,0.0,6,137,89,CORRECT,0,0,0,0,0,0,0.0,0.0
margin,live-delta,10,0.0,0.374713,0.498995,0.285124,0.738281,0.417443,0.567443,0.012679576873779297,0.41997987031936646,0.40730029344558716,-0.0,1.0,1.0,1,2,2,1,2,1,0,0.0,0.09725883603096008,2,stale-soft,0.0,6,138,85,CORRECT,0,0,0,0,0,0,0.0,0.0
margin,live-delta,10,0.0,0.374713,0.498995,0.285124,0.738281,0.417443,0.567443,0.028989076614379883,0.6016455888748169,0.572656512260437,1.8903006315231323,6.621358871459961,0.3833019733428955,14,2,2,1,2,1,0,0.0,0.3383933901786804,2,stale-soft,0.0,6,139,64,CORRECT,0,0,0,0,0,0,0.0,0.0
margin,live-delta,10,0.0,0.374713,0.498995,0.285124,0.738281,0.417443,0.567443,0.0345538854598999,0.6501257419586182,0.6155718564987183,1.050065040588379,2.857836961746216,0.5797074437141418,6,2,2,1,2,1,0,0.0,0.4701628088951111,2,stale-soft,0.0,6,140,80,CORRECT,0,0,0,0,0,0,0.0,0.0
margin,live-delta,10,0.0,0.374713,0.498995,0.285124,0.738281,0.417443,0.567443,0.047999441623687744,0.6712274551391602,0.6232280135154724,1.719994068145752,5.584495544433594,0.5118093490600586,16,2,2,1,2,1,0,0.0,0.4998254179954529,2,stale-soft,0.0,6,141,86,CORRECT,0,0,0,0,0,0,0.0,0.0
margin,live-delta,10,0.0,0.374713,0.498995,0.285124,0.738281,0.417443,0.567443,0.0030187368392944336,0.5701974630355835,0.5671787261962891,2.611325740814209,13.617091178894043,0.15667857229709625,20,2,2,1,2,1,0,0.0,0.24273034930229187,2,stale-soft,0.0,6,142,65,CORRECT,0,0,0,0,0,0,0.0,0.0
margin,live-delta,10,0.0,0.374713,0.498995,0.285124,0.738281,0.417443,0.567443,0.009077876806259155,0.4765753448009491,0.46749746799468994,1.7138187885284424,5.550115585327148,0.27386924624443054,6,2,2,1,2,1,0,0.0,0.21677151322364807,2,stale-soft,0.0,6,143,91,CORRECT,0,0,0,0,0,0,0.0,0.0
margin,live-delta,10,0.0,0.374713,0.498995,0.285124,0.738281,0.417443,0.567443,0.0962134599685669,0.5023441314697266,0.40613067150115967,-0.0,1.0,1.0,1,2,2,1,2,1,0,0.0,0.3381776213645935,2,stale-soft,0.0,6,144,85,CORRECT,0,0,0,0,0,0,0.0,0.0
margin,live-delta,10,0.0,0.374713,0.498995,0.285124,0.738281,0.417443,0.567443,0.06751561164855957,0.5056644678115845,0.4381488561630249,0.8159628510475159,2.261352062225342,0.6979783177375793,3,2,2,1,2,1,0,0.0,0.2127377986907959,2,stale-soft,0.0,6,145,88,CORRECT,0,0,0,0,0,0,0.0,0.0
margin,live-delta,10,0.0,0.374713,0.498995,0.285124,0.738281,0.417443,0.567443,0.023302733898162842,0.5993673801422119,0.5760646462440491,1.6928870677947998,5.435149669647217,0.44114771485328674,13,2,2,1,2,1,0,0.0,0.25072425603866577,2,stale-soft,0.0,6,147,91,CORRECT,0,0,0,0,0,0,0.0,0.0
margin,live-delta,10,0.0,0.374713,0.498995,0.285124,0.738281,0.417443,0.567443,0.003406345844268799,0.5392884612083435,0.5358821153640747,2.315213203430176,10.127081871032715,0.2269728034734726,14,2,2,1,2,1,0,0.0,0.3246327042579651,2,stale-soft,0.0,6,148,78,CORRECT,0,0,0,0,0,0,0.0,0.0
margin,live-delta,10,0.0,0.374713,0.498995,0.285124,0.738281,0.417443,0.567443,0.08553999662399292,0.6592262387275696,0.5736862421035767,1.2105804681777954,3.3554317951202393,0.6945552229881287,13,2,2,1,2,1,0,0.0,0.30882811546325684,2,stale-soft,0.0,6,149,91,CORRECT,0,0,0,0,0,0,0.0,0.0
margin,live-delta,10,0.0,0.374713,0.498995,0.285124,0.738281,0.417443,0.567443,0.002938687801361084,0.6503852605819702,0.6474465727806091,2.3190910816192627,10.16642951965332,0.16713854670524597,20,2,2,1,2,1,0,0.0,0.4170028269290924,2,stale-soft,0.0,6,150,66,CORRECT,0,0,0,0,0,0,0.0,0.0
margin,live-delta,10,0.0,0.374713,0.498995,0.285124,0.738281,0.417443,0.567443,0.027769744396209717,0.5065252184867859,0.47875547409057617,1.3921715021133423,4.023577690124512,0.4463915526866913,5,2,2,1,2,1,0,0.0,0.3551807403564453,2,stale-soft,0.0,6,151,85,CORRECT,0,0,0,0,0,0,0.0,0.0
margin,live-delta,10,0.0,0.374713,0.498995,0.285124,0.738281,0.417443,0.567443,0.27028217911720276,0.6035950779914856,0.33331289887428284,-0.0,1.0,1.0,1,2,2,1,2,1,0,0.0,0.34920328855514526,2,stale-soft,0.0,6,152,74,CORRECT,0,0,0,0,0,0,0.0,0.0
margin,live-delta,10,0.0,0.374713,0.498995,0.285124,0.738281,0.417443,0.567443,0.026611626148223877,0.574760377407074,0.5481487512588501,2.183197498321533,8.874637603759766,0.2780330181121826,12,2,2,1,2,1,0,0.0,0.3500365614891052,2,stale-soft,0.0,6,153,94,CORRECT,0,0,0,0,0,0,0.0,0.0
margin,live-delta,10,0.0,0.374713,0.498995,0.285124,0.738281,0.417443,0.567443,0.026854515075683594,0.6391476392745972,0.6122931241989136,2.246528148651123,9.454853057861328,0.31415456533432007,19,2,2,1,2,1,0,0.0,0.3466476500034332,2,stale-soft,0.0,6,157,94,CORRECT,0,0,0,0,0,0,0.0,0.0
margin,live-delta,10,0.0,0.374713,0.498995,0.285124,0.738281,0.417443,0.567443,0.08749839663505554,0.5680897235870361,0.4805913269519806,1.7662603855133057,5.848939418792725,0.49860623478889465,10,2,2,1,2,1,0,0.0,0.36241698265075684,2,stale-soft,0.0,6,158,85,CORRECT,0,0,0,0,0,0,0.0,0.0
margin,live-delta,10,0.0,0.374713,0.498995,0.285124,0.738281,0.417443,0.567443,0.18490827083587646,0.7387069463729858,0.5537986755371094,0.2714545726776123,1.3118712902069092,0.9503756165504456,7,2,2,1,2,1,0,0.0,0.35586118698120117,2,stale-soft,0.0,6,159,68,CORRECT,0,0,0,0,0,0,0.0,0.0
margin,live-delta,10,0.0,0.374713,0.498995,0.285124,0.738281,0.417443,0.567443,0.0344085693359375,0.5577472448348999,0.5233386754989624,1.146784782409668,3.148054838180542,0.559138298034668,5,2,2,1,2,1,0,0.0,0.2380143702030182,2,stale-soft,0.0,6,160,91,CORRECT,0,0,0,0,0,0,0.0,0.0
margin,live-delta,10,0.0,0.374713,0.498995,0.285124,0.738281,0.417443,0.567443,0.010253429412841797,0.4709516167640686,0.4606981873512268,1.548056960105896,4.702324390411377,0.30626270174980164,5,2,2,1,2,1,0,0.0,0.2889408469200134,2,stale-soft,0.0,6,161,94,CORRECT,0,0,0,0,0,0,0.0,0.0
margin,live-delta,10,0.0,0.374713,0.498995,0.285124,0.738281,0.417443,0.567443,0.17954042553901672,0.6567572951316833,0.4772168695926666,0.2839611768722534,1.3283812999725342,0.9418333172798157,4,2,2,1,2,1,0,0.0,0.43144068121910095,2,stale-soft,0.0,6,162,93,CORRECT,0,0,0,0,0,0,0.0,0.0
margin,live-delta,10,0.0,0.374713,0.498995,0.285124,0.738281,0.417443,0.567443,0.01217794418334961,0.574068546295166,0.5618906021118164,2.475076913833618,11.882620811462402,0.2134108543395996,19,2,2,1,2,1,0,0.0,0.24434435367584229,2,stale-soft,0.0,6,163,66,CORRECT,0,0,0,0,0,0,0.0,0.0
margin,live-delta,10,0.0,0.374713,0.498995,0.285124,0.738281,0.417443,0.567443,0.2803356647491455,0.6889474987983704,0.40861183404922485,-0.0,1.0,1.0,1,2,2,1,2,1,0,0.0,0.4841806888580322,2,stale-soft,0.0,6,164,93,CORRECT,0,0,0,0,0,0,0.0,0.0
margin,live-delta,10,0.0,0.374713,0.498995,0.285124,0.738281,0.417443,0.567443,0.08025693893432617,0.6881221532821655,0.6078652143478394,2.060596227645874,7.850649356842041,0.44700154662132263,19,2,2,1,2,1,0,0.0,0.46291476488113403,2,stale-soft,0.0,6,165,86,CORRECT,0,0,0,0,0,0,0.0,0.0
margin,live-delta,10,0.0,0.374713,0.498995,0.285124,0.738281,0.417443,0.567443,0.07133865356445312,0.4756857752799988,0.40434712171554565,-0.0,1.0,1.0,1,2,2,1,2,1,0,0.0,0.2903061807155609,2,stale-soft,0.0,6,166,80,CORRECT,0,0,0,0,0,0,0.0,0.0
margin,live-delta,10,0.0,0.374713,0.498995,0.285124,0.738281,0.417443,0.567443,0.0013178586959838867,0.6072017550468445,0.6058838963508606,2.1229000091552734,8.35533332824707,0.28279587626457214,16,2,2,1,2,1,0,0.0,0.27673110365867615,2,stale-soft,0.0,6,169,82,CORRECT,0,0,0,0,0,0,0.0,0.0
margin,live-delta,10,0.0,0.374713,0.498995,0.285124,0.738281,0.417443,0.567443,0.018336087465286255,0.48379379510879517,0.4654577076435089,0.6766149997711182,1.967207431793213,0.590666651725769,2,2,2,1,2,1,0,0.0,0.23263269662857056,2,stale-soft,0.0,6,170,68,CORRECT,0,0,0,0,0,0,0.0,0.0
margin,live-delta,10,0.0,0.374713,0.498995,0.285124,0.738281,0.417443,0.567443,0.03160601854324341,0.42073097825050354,0.38912495970726013,-0.0,1.0,1.0,1,2,2,1,2,1,0,0.0,0.1980593204498291,2,stale-soft,0.0,6,172,88,CORRECT,0,0,0,0,0,0,0.0,0.0
margin,live-delta,10,0.0,0.374713,0.498995,0.285124,0.738281,0.417443,0.567443,0.024298250675201416,0.570502758026123,0.5462045073509216,2.5380618572235107,12.655119895935059,0.18806377053260803,17,2,2,1,2,1,0,0.0,0.237874835729599,2,stale-soft,0.0,6,173,90,CORRECT,0,0,0,0,0,0,0.0,0.0
margin,live-delta,10,0.0,0.374713,0.498995,0.285124,0.738281,0.417443,0.567443,0.05137532949447632,0.4979991912841797,0.44662386178970337,1.421022653579712,4.141353607177734,0.4632224440574646,5,2,2,1,2,1,0,0.0,0.2287082076072693,2,stale-soft,0.0,6,174,65,CORRECT,0,0,0,0,0,0,0.0,0.0
margin,live-delta,10,0.0,0.374713,0.498995,0.285124,0.738281,0.417443,0.567443,0.12175902724266052,0.6065850257873535,0.484825998544693,1.0238964557647705,2.7840213775634766,0.7476505637168884,8,2,2,1,2,1,0,0.0,0.3992610275745392,2,stale-soft,0.0,6,177,78,CORRECT,0,0,0,0,0,0,0.0,0.0
margin,live-delta,10,0.0,0.374713,0.498995,0.285124,0.738281,0.417443,0.567443,0.0012949109077453613,0.5802474617958069,0.5789525508880615,2.3482539653778076,10.467277526855469,0.2345203459262848,18,2,2,1,2,1,0,0.0,0.2551623582839966,2,stale-soft,0.0,6,179,87,CORRECT,0,0,0,0,0,0,0.0,0.0
margin,live-delta,10,0.0,0.374713,0.498995,0.285124,0.738281,0.417443,0.567443,0.0029421746730804443,0.4807736277580261,0.4778314530849457,1.334958791732788,3.7998392581939697,0.32809990644454956,4,2,2,1,2,1,0,0.0,0.19236382842063904,2,stale-soft,0.0,6,180,64,CORRECT,0,0,0,0,0,0,0.0,0.0
margin,live-delta,10,0.0,0.374713,0.498995,0.285124,0.738281,0.417443,0.567443,0.038379013538360596,0.6918320655822754,0.6534530520439148,1.687880039215088,5.408003807067871,0.5017879009246826,18,2,2,1,2,1,0,0.0,0.48382022976875305,2,stale-soft,0.0,6,181,69,CORRECT,0,0,0,0,0,0,0.0,0.0
margin,live-delta,10,0.0,0.374713,0.498995,0.285124,0.738281,0.417443,0.567443,0.012425124645233154,0.45632970333099365,0.4439045786857605,0.6854872107505798,1.9847385883331299,0.5618076920509338,2,2,2,1,2,1,0,0.0,0.1483648121356964,2,stale-soft,0.0,6,182,64,CORRECT,0,0,0,0,0,0,0.0,0.0
margin,live-delta,10,0.0,0.374713,0.498995,0.285124,0.738281,0.417443,0.567443,0.0478360652923584,0.551082193851471,0.5032461285591125,1.9702976942062378,7.172811508178711,0.37102288007736206,10,2,2,1,2,1,0,0.0,0.2761037051677704,2,stale-soft,0.0,6,184,66,CORRECT,0,0,0,0,0,0,0.0,0.0
margin,live-delta,10,0.0,0.374713,0.498995,0.285124,0.738281,0.417443,0.567443,0.12603896856307983,0.5307070016860962,0.40466803312301636,-0.0,1.0,1.0,1,2,2,1,2,1,0,0.0,0.22066643834114075,2,stale-soft,0.0,6,185,84,CORRECT,0,0,0,0,0,0,0.0,0.0
margin,live-delta,10,0.0,0.374713,0.498995,0.285124,0.738281,0.417443,0.567443,0.00381547212600708,0.6895368099212646,0.6857213377952576,1.633719801902771,5.12289571762085,0.3558877110481262,12,2,2,1,2,1,0,0.0,0.4514313340187073,2,stale-soft,0.0,6,186,80,CORRECT,0,0,0,0,0,0,0.0,0.0
margin,live-delta,10,0.0,0.374713,0.498995,0.285124,0.738281,0.417443,0.567443,0.08489975333213806,0.46566590666770935,0.3807661533355713,-0.0,1.0,1.0,1,2,2,1,2,1,0,0.0,0.23156479001045227,2,stale-soft,0.0,6,188,89,CORRECT,0,0,0,0,0,0,0.0,0.0
margin,live-delta,10,0.0,0.374713,0.498995,0.285124,0.738281,0.417443,0.567443,0.04678565263748169,0.574927806854248,0.5281421542167664,1.2031445503234863,3.330573558807373,0.5861719250679016,6,2,2,1,2,1,0,0.0,0.4147406816482544,2,stale-soft,0.0,6,189,65,CORRECT,0,0,0,0,0,0,0.0,0.0
margin,live-delta,10,0.0,0.374713,0.498995,0.285124,0.738281,0.417443,0.567443,0.04630112648010254,0.5638655424118042,0.5175644159317017,2.058577060699463,7.834813594818115,0.3545982837677002,12,2,2,1,2,1,0,0.0,0.18830278515815735,2,stale-soft,0.0,6,190,76,CORRECT,0,0,0,0,0,0,0.0,0.0
margin,live-delta,10,0.0,0.374713,0.498995,0.285124,0.738281,0.417443,0.567443,0.005952358245849609,0.555470883846283,0.5495185256004333,2.046217918395996,7.738577842712402,0.28374841809272766,12,2,2,1,2,1,0,0.0,0.3715098798274994,2,stale-soft,0.0,6,191,86,CORRECT,0,0,0,0,0,0,0.0,0.0
margin,live-delta,10,0.0,0.374713,0.498995,0.285124,0.738281,0.417443,0.567443,0.03380364179611206,0.715877115726471,0.6820734739303589,1.8401185274124146,6.2972846031188965,0.3417559564113617,14,3,3,1,3,1,0,0.0,0.4268219470977783,2,stale-soft,0.0,6,192,98,CORRECT,0,0,0,0,0,0,0.0,0.0
margin,live-delta,10,0.0,0.374713,0.498995,0.285124,0.738281,0.417443,0.567443,0.1026039719581604,0.5292460918426514,0.42664211988449097,0.354474276304245,1.4254311323165894,0.8861575126647949,2,3,3,1,3,1,0,0.0,0.2595515251159668,2,stale-soft,0.0,6,193,124,CORRECT,0,0,0,0,0,0,0.0,0.0
margin,live-delta,10,0.0,0.374713,0.498995,0.285124,0.738281,0.417443,0.567443,0.004106700420379639,0.43997180461883545,0.4358651041984558,1.083404779434204,2.9547226428985596,0.38795822858810425,3,3,3,1,3,1,0,0.0,0.060184478759765625,2,stale-soft,0.0,6,194,124,CORRECT,0,0,0,0,0,0,0.0,0.0
margin,live-delta,10,0.0,0.374713,0.498995,0.285124,0.738281,0.417443,0.567443,0.0854344367980957,0.6738865971565247,0.588452160358429,1.6335092782974243,5.121817111968994,0.5698736906051636,15,3,3,1,3,1,0,0.0,0.2931222915649414,2,stale-soft,0.0,6,195,127,CORRECT,0,0,0,0,0,0,0.0,0.0
margin,live-delta,10,0.0,0.374713,0.498995,0.285124,0.738281,0.417443,0.567443,0.003085196018218994,0.6066103577613831,0.6035251617431641,2.1749420166015625,8.801674842834473,0.19543911516666412,15,3,3,1,3,1,0,0.0,0.3114476203918457,2,stale-soft,0.0,6,196,98,CORRECT,0,0,0,0,0,0,0.0,0.0
margin,live-delta,10,0.0,0.374713,0.498995,0.285124,0.738281,0.417443,0.567443,0.009994745254516602,0.6571125984191895,0.6471178531646729,2.1681580543518066,8.742166519165039,0.24089346826076508,17,3,3,1,3,1,0,0.0,0.26061269640922546,2,stale-soft,0.0,6,197,127,CORRECT,0,0,0,0,0,0,0.0,0.0
margin,live-delta,10,0.0,0.374713,0.498995,0.285124,0.738281,0.417443,0.567443,0.08643484115600586,0.637020468711853,0.5505856275558472,0.9946120381355286,2.7036752700805664,0.7257220149040222,7,3,3,1,3,1,0,0.0,0.2925240099430084,2,stale-soft,0.0,6,199,127,CORRECT,0,0,0,0,0,0,0.0,0.0
margin,live-delta,10,0.0,0.374713,0.498995,0.285124,0.738281,0.417443,0.567443,0.028112411499023438,0.7088281512260437,0.6807157397270203,2.1920745372772217,8.953768730163574,0.2738730311393738,13,3,3,1,3,1,0,0.0,0.3948378562927246,2,stale-soft,0.0,6,200,115,CORRECT,0,0,0,0,0,0,0.0,0.0
margin,live-delta,10,0.0,0.374713,0.498995,0.285124,0.738281,0.417443,0.567443,0.08230161666870117,0.48156577348709106,0.3992641568183899,-0.0,1.0,1.0,1,3,3,1,3,1,0,0.0,0.19499471783638,2,stale-soft,0.0,6,201,107,CORRECT,0,0,0,0,0,0,0.0,0.0
margin,live-delta,10,0.0,0.374713,0.498995,0.285124,0.738281,0.417443,0.567443,0.02431178092956543,0.5317378044128418,0.5074260234832764,0.9845693111419678,2.676658868789673,0.528008222579956,3,3,3,1,3,1,0,0.0,0.28656619787216187,2,stale-soft,0.0,6,202,116,CORRECT,0,0,0,0,0,0,0.0,0.0
margin,live-delta,10,0.0,0.374713,0.498995,0.285124,0.738281,0.417443,0.567443,0.1064421534538269,0.6956464052200317,0.5892042517662048,1.2952994108200073,3.6520893573760986,0.6882302165031433,11,3,3,1,3,1,0,0.0,0.34753942489624023,2,stale-soft,0.0,6,203,123,CORRECT,0,0,0,0,0,0,0.0,0.0
margin,live-delta,10,0.0,0.374713,0.498995,0.285124,0.738281,0.417443,0.567443,0.03447753190994263,0.649493396282196,0.6150158643722534,1.1133800745010376,3.0446321964263916,0.49275344610214233,5,3,3,1,3,1,0,0.0,0.3568621873855591,2,stale-soft,0.0,6,204,99,CORRECT,0,0,0,0,0,0,0.0,0.0
margin,live-delta,10,0.0,0.374713,0.498995,0.285124,0.738281,0.417443,0.567443,0.013731002807617188,0.4197525680065155,0.4060215651988983,-0.0,1.0,1.0,1,3,3,1,3,1,0,0.0,0.09660908579826355,2,stale-soft,0.0,6,205,116,CORRECT,0,0,0,0,0,0,0.0,0.0
margin,live-delta,10,0.0,0.374713,0.498995,0.285124,0.738281,0.417443,0.567443,0.03863942623138428,0.5191511511802673,0.48051172494888306,0.9767181873321533,2.655726194381714,0.5655601620674133,3,3,3,1,3,1,0,0.0,0.2020900845527649,2,stale-soft,0.0,6,206,107,CORRECT,0,0,0,0,0,0,0.0,0.0
margin,live-delta,10,0.0,0.374713,0.498995,0.285124,0.738281,0.417443,0.567443,0.08332982659339905,0.5254757404327393,0.4421459138393402,0.4378054738044739,1.5493035316467285,0.84112149477005,2,3,3,1,3,1,0,0.0,0.3663392663002014,2,stale-soft,0.0,6,207,101,CORRECT,0,0,0,0,0,0,0.0,0.0
margin,live-delta,10,0.0,0.374713,0.498995,0.285124,0.738281,0.417443,0.567443,0.05445301532745361,0.5600730180740356,0.505620002746582,1.7875155210494995,5.974590301513672,0.4202502965927124,9,3,3,1,3,1,0,0.0,0.26069343090057373,2,stale-soft,0.0,6,208,127,CORRECT,0,0,0,0,0,0,0.0,0.0
margin,live-delta,10,0.0,0.374713,0.498995,0.285124,0.738281,0.417443,0.567443,2.7298927307128906e-05,0.6268348693847656,0.6268075704574585,1.971261739730835,7.17972993850708,0.22183507680892944,12,3,3,1,3,1,0,0.0,0.3935152590274811,2,stale-soft,0.0,6,209,103,CORRECT,0,0,0,0,0,0,0.0,0.0
margin,live-delta,10,0.0,0.374713,0.498995,0.285124,0.738281,0.417443,0.567443,0.017547130584716797,0.4622208774089813,0.4446737468242645,1.354857325553894,3.8762078285217285,0.3478960692882538,4,3,3,1,3,1,0,0.0,0.08403664827346802,2,stale-soft,0.0,6,210,100,CORRECT,0,0,0,0,0,0,0.0,0.0
margin,live-delta,10,0.0,0.374713,0.498995,0.285124,0.738281,0.417443,0.567443,0.02866208553314209,0.7037274837493896,0.6750653982162476,1.915906548500061,6.793094158172607,0.3497983515262604,13,3,3,1,3,1,0,0.0,0.33825361728668213,2,stale-soft,0.0,6,211,96,CORRECT,0,0,0,0,0,0,0.0,0.0
margin,live-delta,10,0.0,0.374713,0.498995,0.285124,0.738281,0.417443,0.567443,0.03594088554382324,0.7040785551071167,0.6681376695632935,1.6973307132720947,5.459355354309082,0.3989705443382263,12,3,3,1,3,1,0,0.0,0.3959319591522217,2,stale-soft,0.0,6,212,98,CORRECT,0,0,0,0,0,0,0.0,0.0
margin,live-delta,10,0.0,0.374713,0.498995,0.285124,0.738281,0.417443,0.567443,0.02104586362838745,0.7602081298828125,0.739162266254425,1.9737122058868408,7.19734525680542,0.3109145760536194,15,3,3,1,3,1,0,0.0,0.5080938935279846,2,stale-soft,0.0,6,213,127,CORRECT,0,0,0,0,0,0,0.0,0.0
margin,live-delta,10,0.0,0.374713,0.498995,0.285124,0.738281,0.417443,0.567443,0.0420457124710083,0.4206753373146057,0.3786296248435974,-0.0,1.0,1.0,1,3,3,1,3,1,0,0.0,0.15986627340316772,2,stale-soft,0.0,6,214,116,CORRECT,0,0,0,0,0,0,0.0,0.0
margin,live-delta,10,0.0,0.374713,0.498995,0.285124,0.738281,0.417443,0.567443,0.027142703533172607,0.6014844179153442,0.5743417143821716,2.1558303833007812,8.63505744934082,0.307251513004303,15,3,3,1,3,1,0,0.0,0.37710970640182495,2,stale-soft,0.0,6,215,127,CORRECT,0,0,0,0,0,0,0.0,0.0
margin,live-delta,10,0.0,0.374713,0.498995,0.285124,0.738281,0.417443,0.567443,0.010835587978363037,0.561787486076355,0.5509518980979919,2.061479330062866,7.8575849533081055,0.21997080743312836,10,3,3,1,3,1,0,0.0,0.2200993001461029,2,stale-soft,0.0,6,216,106,CORRECT,0,0,0,0,0,0,0.0,0.0
margin,live-delta,10,0.0,0.374713,0.498995,0.285124,0.738281,0.417443,0.567443,0.15650784969329834,0.5816750526428223,0.4251672029495239,0.17387446761131287,1.1899062395095825,0.9581196904182434,2,3,3,1,3,1,0,0.0,0.3749808371067047,2,stale-soft,0.0,6,217,105,CORRECT,0,0,0,0,0,0,0.0,0.0
margin,live-delta,10,0.0,0.374713,0.498995,0.285124,0.738281,0.417443,0.567443,0.01645064353942871,0.6338362693786621,0.6173856258392334,2.110625982284546,8.253406524658203,0.23641440272331238,13,3,3,1,3,1,0,0.0,0.3904983401298523,2,stale-soft,0.0,6,218,117,CORRECT,0,0,0,0,0,0,0.0,0.0
margin,live-delta,10,0.0,0.374713,0.498995,0.285124,0.738281,0.417443,0.567443,0.04677075147628784,0.540321946144104,0.49355119466781616,2.1447253227233887,8.539695739746094,0.3155598044395447,11,3,3,1,3,1,0,0.0,0.27208060026168823,2,stale-soft,0.0,6,219,108,CORRECT,0,0,0,0,0,0,0.0,0.0
margin,live-delta,10,0.0,0.374713,0.498995,0.285124,0.738281,0.417443,0.567443,0.014024853706359863,0.6931151151657104,0.6790902614593506,2.0542898178100586,7.801295757293701,0.26044440269470215,16,3,3,1,3,1,0,0.0,0.4051532447338104,2,stale-soft,0.0,6,220,127,CORRECT,0,0,0,0,0,0,0.0,0.0
margin,live-delta,10,0.0,0.374713,0.498995,0.285124,0.738281,0.417443,0.567443,0.10552585124969482,0.6067142486572266,0.5011883974075317,1.1310474872589111,3.09890079498291,0.6925030946731567,7,3,3,1,3,1,0,0.0,0.3050418496131897,2,stale-soft,0.0,6,221,102,CORRECT,0,0,0,0,0,0,0.0,0.0
margin,live-delta,10,0.0,0.374713,0.498995,0.285124,0.738281,0.417443,0.567443,0.025349020957946777,0.5600713491439819,0.5347223281860352,2.2517850399017334,9.504687309265137,0.2312806397676468,13,3,3,1,3,1,0,0.0,0.21874409914016724,2,stale-soft,0.0,6,222,98,CORRECT,0,0,0,0,0,0,0.0,0.0
margin,live-delta,10,0.0,0.374713,0.498995,0.285124,0.738281,0.417443,0.567443,0.0464787483215332,0.4414621889591217,0.3949834406375885,-0.0,1.0,1.0,1,3,3,1,3,1,0,0.0,0.2085619568824768,2,stale-soft,0.0,6,223,124,CORRECT,0,0,0,0,0,0,0.0,0.0
margin,live-delta,10,0.0,0.374713,0.498995,0.285124,0.738281,0.417443,0.567443,0.04123324155807495,0.5563745498657227,0.5151413083076477,2.269279956817627,9.672433853149414,0.2877318561077118,14,3,0,0,3,1,1,0.4981374740600586,-0.04123324155807495,0,stale-soft,0.0,6,225,30,CORRECT,0,0,0,0,0,7,0.0,0.498137
margin,live-delta,10,0.0,0.374713,0.498995,0.285124,0.738281,0.417443,0.567443,0.03750276565551758,0.47772443294525146,0.4402216672897339,1.0285415649414062,2.7969837188720703,0.5154327154159546,3,3,3,1,3,1,0,0.0,0.21609339118003845,2,stale-soft,0.0,6,226,123,CORRECT,0,0,0,0,0,0,0.0,0.0
margin,live-delta,10,0.0,0.374713,0.498995,0.285124,0.738281,0.417443,0.567443,0.27257081866264343,0.7159953117370605,0.4434244930744171,0.02756894938647747,1.0279524326324463,0.995728075504303,2,3,3,1,3,1,0,0.0,0.5247364044189453,2,stale-soft,0.0,6,228,99,CORRECT,0,0,0,0,0,0,0.0,0.0
margin,live-delta,10,0.0,0.374713,0.498995,0.285124,0.738281,0.417443,0.567443,0.06361925601959229,0.6538165807723999,0.5901973247528076,1.6806193590164185,5.368880271911621,0.5115627646446228,13,3,3,1,3,1,0,0.0,0.33074119687080383,2,stale-soft,0.0,6,229,115,CORRECT,0,0,0,0,0,0,0.0,0.0
margin,live-delta,10,0.0,0.374713,0.498995,0.285124,0.738281,0.417443,0.567443,0.0028501152992248535,0.6125504374504089,0.6097003221511841,1.868025779724121,6.475499629974365,0.2866000533103943,11,3,3,1,3,1,0,0.0,0.4190482199192047,2,stale-soft,0.0,6,230,103,CORRECT,0,0,0,0,0,0,0.0,0.0
margin,live-delta,10,0.0,0.374713,0.498995,0.285124,0.738281,0.417443,0.567443,0.027474522590637207,0.5701779127120972,0.54270339012146,1.5771870613098145,4.841318130493164,0.4394291639328003,8,3,3,1,3,1,0,0.0,0.3285231590270996,2,stale-soft,0.0,6,231,117,CORRECT,0,0,0,0,0,0,0.0,0.0
margin,live-delta,10,0.0,0.374713,0.498995,0.285124,0.738281,0.417443,0.567443,0.013588488101959229,0.5009386539459229,0.4873501658439636,1.8226467370986938,6.188215255737305,0.28832149505615234,7,3,3,1,3,1,1,0.21108587086200714,0.0439324676990509,1,stale-soft,0.0,6,232,112,CORRECT,0,0,0,0,0,2,0.0,0.211086
margin,live-delta,10,0.0,0.374713,0.498995,0.285124,0.738281,0.417443,0.567443,0.0030035674571990967,0.496469646692276,0.4934660792350769,2.0350584983825684,7.652699947357178,0.23395663499832153,9,3,3,1,3,1,0,0.0,0.22334417700767517,2,stale-soft,0.0,6,233,115,CORRECT,0,0,0,0,0,0,0.0,0.0
margin,live-delta,10,0.0,0.374713,0.498995,0.285124,0.738281,0.417443,0.567443,0.042917400598526,0.501893937587738,0.45897653698921204,1.9422775506973267,6.974617958068848,0.30856165289878845,8,3,3,1,3,1,0,0.0,0.29814231395721436,2,stale-soft,0.0,6,234,108,CORRECT,0,0,0,0,0,0,0.0,0.0
margin,live-delta,10,0.0,0.374713,0.498995,0.285124,0.738281,0.417443,0.567443,0.06836897134780884,0.6614958643913269,0.5931268930435181,1.530575156211853,4.620833873748779,0.5616140365600586,14,3,3,1,3,1,0,0.0,0.44935303926467896,2,stale-soft,0.0,6,235,115,CORRECT,0,0,0,0,0,0,0.0,0.0
margin,live-delta,10,0.0,0.374713,0.498995,0.285124,0.738281,0.417443,0.567443,0.005754947662353516,0.46608585119247437,0.46033090353012085,1.068191409111023,2.910111427307129,0.410622239112854,3,3,3,1,3,1,1,0.22339923679828644,0.030435651540756226,1,stale-soft,0.0,6,236,118,CORRECT,0,0,0,0,0,1,0.0,0.223399
margin,live-delta,10,0.0,0.374713,0.498995,0.285124,0.738281,0.417443,0.567443,0.015743613243103027,0.6798076629638672,0.6640640497207642,1.5519112348556519,4.720483303070068,0.4302273392677307,14,3,3,1,3,1,0,0.0,0.28242504596710205,2,stale-soft,0.0,6,237,115,CORRECT,0,0,0,0,0,0,0.0,0.0
margin,live-delta,10,0.0,0.374713,0.498995,0.285124,0.738281,0.417443,0.567443,0.021391957998275757,0.48643261194229126,0.4650406539440155,1.6768863201141357,5.348875522613525,0.33276689052581787,6,3,3,1,3,1,0,0.0,0.23048827052116394,2,stale-soft,0.0,6,238,114,CORRECT,0,0,0,0,0,0,0.0,0.0
margin,live-delta,10,0.0,0.374713,0.498995,0.285124,0.738281,0.417443,0.567443,0.04946953058242798,0.5871029496192932,0.5376334190368652,1.6519057750701904,5.216912746429443,0.4858172833919525,10,3,3,1,3,1,0,0.0,0.1761089265346527,2,stale-soft,0.0,6,239,123,CORRECT,0,0,0,0,0,0,0.0,0.0
margin,live-delta,10,0.0,0.374713,0.498995,0.285124,0.738281,0.417443,0.567443,0.01888042688369751,0.6377276182174683,0.6188471913337708,1.4924159049987793,4.44782829284668,0.3999118208885193,11,3,3,1,3,1,0,0.0,0.4424499571323395,2,stale-soft,0.0,6,240,114,CORRECT,0,0,0,0,0,0,0.0,0.0
margin,live-delta,10,0.0,0.374713,0.498995,0.285124,0.738281,0.417443,0.567443,0.05921712517738342,0.49900099635124207,0.43978387117385864,1.1384005546569824,3.1217713356018066,0.5776357650756836,4,3,3,1,3,1,0,0.0,0.09773263335227966,2,stale-soft,0.0,6,241,99,CORRECT,0,0,0,0,0,0,0.0,0.0
margin,live-delta,10,0.0,0.374713,0.498995,0.285124,0.738281,0.417443,0.567443,0.02079826593399048,0.5582751631736755,0.5374768972396851,2.0957772731781006,8.131758689880371,0.28682923316955566,11,3,3,1,3,1,0,0.0,0.1538691222667694,2,stale-soft,0.0,6,242,96,CORRECT,0,0,0,0,0,0,0.0,0.0
margin,live-delta,10,0.0,0.374713,0.498995,0.285124,0.738281,0.417443,0.567443,0.0026970505714416504,0.7332625985145569,0.7305655479431152,1.532523274421692,4.629844665527344,0.3880663216114044,16,3,3,1,3,1,0,0.0,0.5287417769432068,2,stale-soft,0.0,6,243,110,CORRECT,0,0,0,0,0,0,0.0,0.0
margin,live-delta,10,0.0,0.374713,0.498995,0.285124,0.738281,0.417443,0.567443,0.1839277744293213,0.5966714024543762,0.41274362802505493,-0.0,1.0,1.0,1,3,3,1,3,1,0,0.0,0.2741038501262665,2,stale-soft,0.0,6,244,105,CORRECT,0,0,0,0,0,0,0.0,0.0
margin,live-delta,10,0.0,0.374713,0.498995,0.285124,0.738281,0.417443,0.567443,0.04181373119354248,0.6546295881271362,0.6128158569335938,2.0454890727996826,7.732939720153809,0.34215420484542847,15,3,3,1,3,1,0,0.0,0.30705955624580383,2,stale-soft,0.0,6,245,123,CORRECT,0,0,0,0,0,0,0.0,0.0
margin,live-delta,10,0.0,0.374713,0.498995,0.285124,0.738281,0.417443,0.567443,0.3651820123195648,0.8150867223739624,0.4499047100543976,0.013132383115589619,1.0132189989089966,0.9984643459320068,4,3,3,1,3,1,0,0.0,0.5126630663871765,2,stale-soft,0.0,6,246,107,CORRECT,0,0,0,0,0,0,0.0,0.0
margin,live-delta,10,0.0,0.374713,0.498995,0.285124,0.738281,0.417443,0.567443,0.052057862281799316,0.6668754816055298,0.6148176193237305,1.2829850912094116,3.6073920726776123,0.6147833466529846,13,3,3,1,3,1,0,0.0,0.43059098720550537,2,stale-soft,0.0,6,247,116,CORRECT,0,0,0,0,0,0,0.0,0.0
margin,live-delta,10,0.0,0.374713,0.498995,0.285124,0.738281,0.417443,0.567443,0.31732428073883057,0.692050576210022,0.3747262954711914,-0.0,1.0,1.0,1,3,3,1,3,1,0,0.0,0.3636794686317444,2,stale-soft,0.0,6,248,105,CORRECT,0,0,0,0,0,0,0.0,0.0
margin,live-delta,10,0.0,0.374713,0.498995,0.285124,0.738281,0.417443,0.567443,0.04121026396751404,0.4416483938694,0.400438129901886,-0.0,1.0,1.0,1,3,3,1,3,1,0,0.0,0.19013172388076782,2,stale-soft,0.0,6,249,115,CORRECT,0,0,0,0,0,0,0.0,0.0
margin,live-delta,10,0.0,0.374713,0.498995,0.285124,0.738281,0.417443,0.567443,0.08134958148002625,0.4839929938316345,0.4026434123516083,-0.0,1.0,1.0,1,3,3,1,3,1,0,0.0,0.12375488877296448,2,stale-soft,0.0,6,250,107,CORRECT,0,0,0,0,0,0,0.0,0.0
margin,live-delta,10,0.0,0.374713,0.498995,0.285124,0.738281,0.417443,0.567443,0.5856990814208984,0.919346809387207,0.3336476981639862,-0.0,1.0,1.0,1,3,3,1,3,1,0,0.0,0.6660169363021851,2,stale-soft,0.0,6,251,105,CORRECT,0,0,0,0,0,0,0.0,0.0
margin,live-delta,10,0.0,0.374713,0.498995,0.285124,0.738281,0.417443,0.567443,0.04148721694946289,0.558095395565033,0.5166081786155701,1.8603737354278564,6.426137924194336,0.4060046374797821,10,3,3,1,3,1,0,0.0,0.1545422077178955,2,stale-soft,0.0,6,253,123,CORRECT,0,0,0,0,0,0,0.0,0.0
margin,live-delta,10,0.0,0.374713,0.498995,0.285124,0.738281,0.417443,0.567443,0.06869560480117798,0.5217567086219788,0.4530611038208008,0.7986289262771606,2.222491502761841,0.7080431580543518,3,3,3,1,3,1,0,0.0,0.24860435724258423,2,stale-soft,0.0,6,254,102,CORRECT,0,0,0,0,0,0,0.0,0.0
margin,live-delta,10,0.0,0.374713,0.498995,0.285124,0.738281,0.417443,0.567443,0.20871633291244507,0.6134811043739319,0.4047647714614868,-0.0,1.0,1.0,1,3,3,1,3,1,0,0.0,0.44915974140167236,2,stale-soft,0.0,6,255,122,CORRECT,0,0,0,0,0,0,0.0,0.0
margin,live-delta,11,0.0,0.374713,0.498995,0.285005,0.738281,0.415905,0.565905,0.010410964488983154,0.6283859014511108,0.6179749369621277,1.6832038164138794,5.3827738761901855,0.3906971216201782,13,3,0,0,0,0,1,0.9999999403953552,-0.4530397355556488,0,stale-soft,0.0,6,0,1,STALE_STRICT,0,0,1,1,0,13,0.0,1.0
margin,live-delta,11,0.0,0.374713,0.498995,0.285005,0.738281,0.415905,0.565905,0.027423739433288574,0.5380635857582092,0.5106398463249207,1.626991629600525,5.08854341506958,0.3780076205730438,7,3,0,0,0,0,1,1.0,-0.3220284581184387,0,stale-soft,0.0,6,1,20,STALE_STRICT,0,0,1,1,0,7,0.0,1.0
margin,live-delta,11,0.0,0.374713,0.498995,0.285005,0.738281,0.415905,0.565905,0.050639808177948,0.6435017585754395,0.5928619503974915,2.2411506175994873,9.404145240783691,0.36960169672966003,20,3,0,0,0,0,1,0.9711447358131409,-0.12750685214996338,0,stale-soft,0.0,6,2,9,STALE_STRICT,0,0,1,1,0,19,0.0,0.971145
margin,live-delta,11,0.0,0.374713,0.498995,0.285005,0.738281,0.415905,0.565905,0.06146073341369629,0.7017878293991089,0.6403270959854126,1.7371046543121338,5.680871486663818,0.5133206248283386,20,3,0,0,0,0,1,1.0,-0.41814467310905457,0,stale-soft,0.0,6,3,11,STALE_STRICT,0,0,1,1,0,20,0.0,1.0
margin,live-delta,11,0.0,0.374713,0.498995,0.285005,0.738281,0.415905,0.565905,0.00846010446548462,0.6306256651878357,0.6221655607223511,1.9542315006256104,7.058492660522461,0.26928335428237915,15,3,0,0,0,0,1,0.9999999403953552,-0.3833446502685547,0,stale-soft,0.0,6,4,7,STALE_STRICT,0,0,1,1,0,15,0.0,1.0
margin,live-delta,11,0.0,0.374713,0.498995,0.285005,0.738281,0.415905,0.565905,0.0811147689819336,0.6353706121444702,0.5542558431625366,1.4723269939422607,4.359367370605469,0.6072989106178284,13,3,0,0,0,0,1,1.0000001192092896,-0.40042978525161743,0,stale-soft,0.0,6,5,13,STALE_STRICT,0,0,1,1,0,13,0.0,1.0
margin,live-delta,11,0.0,0.374713,0.498995,0.285005,0.738281,0.415905,0.565905,0.06274926662445068,0.6143373250961304,0.5515880584716797,2.2170982360839844,9.180651664733887,0.36681875586509705,17,3,0,0,0,0,1,0.9999999403953552,-0.2853238582611084,0,stale-soft,0.0,6,6,27,STALE_STRICT,0,0,1,1,0,17,0.0,1.0
margin,live-delta,11,0.0,0.374713,0.498995,0.285005,0.738281,0.415905,0.565905,0.20145222544670105,0.49529898166656494,0.2938467562198639,-0.0,1.0,1.0,1,3,0,0,0,0,1,1.0,-0.39591747522354126,0,stale-soft,0.0,6,7,7,STALE_STRICT,0,0,1,1,0,1,0.0,1.0
margin,live-delta,11,0.0,0.374713,0.498995,0.285005,0.738281,0.415905,0.565905,0.01923549175262451,0.5491013526916504,0.5298658609390259,1.1870262622833252,3.2773208618164062,0.4971781075000763,5,3,0,0,0,0,1,0.9999999403953552,-0.30419087409973145,0,stale-soft,0.0,6,8,12,STALE_STRICT,0,0,1,1,0,5,0.0,1.0
margin,live-delta,11,0.0,0.374713,0.498995,0.285005,0.738281,0.415905,0.565905,0.08658438920974731,0.6821415424346924,0.5955571532249451,1.363173484802246,3.9085774421691895,0.6643086671829224,15,3,0,0,0,0,1,1.0000001192092896,-0.45356273651123047,0,stale-soft,0.0,6,9,12,STALE_STRICT,0,0,1,1,0,15,0.0,1.0
margin,live-delta,11,0.0,0.374713,0.498995,0.285005,0.738281,0.415905,0.565905,0.032585084438323975,0.5376241207122803,0.5050390362739563,1.7248879671096802,5.611892223358154,0.37664708495140076,7,3,0,0,0,0,1,1.0,-0.40262067317962646,0,stale-soft,0.0,6,10,26,STALE_STRICT,0,0,1,1,0,7,0.0,1.0
margin,live-delta,11,0.0,0.374713,0.498995,0.285005,0.738281,0.415905,0.565905,0.03140741586685181,0.5394497513771057,0.5080423355102539,1.685044288635254,5.3926897048950195,0.3632703423500061,7,3,0,0,0,0,1,0.9679462909698486,-0.12138670682907104,0,stale-soft,0.0,6,11,24,STALE_STRICT,0,0,1,1,0,5,0.0,0.916511
margin,live-delta,11,0.0,0.374713,0.498995,0.285005,0.738281,0.415905,0.565905,0.0076819658279418945,0.6589006185531616,0.6512186527252197,2.043964147567749,7.721156597137451,0.2539065182209015,20,3,0,0,0,0,1,1.0,-0.3196638226509094,0,stale-soft,0.0,6,12,20,STALE_STRICT,0,0,1,1,0,18,0.0,0.994644
margin,live-delta,11,0.0,0.374713,0.498995,0.285005,0.738281,0.415905,0.565905,0.004485070705413818,0.6025277972221375,0.5980427265167236,1.7247875928878784,5.611329078674316,0.3401036262512207,10,3,0,0,0,0,1,1.0,-0.39324048161506653,0,stale-soft,0.0,6,13,28,STALE_STRICT,0,0,1,1,0,10,0.0,1.0
margin,live-delta,11,0.0,0.374713,0.498995,0.285005,0.738281,0.415905,0.565905,0.00681459903717041,0.6395174264907837,0.6327028274536133,1.7626317739486694,5.827754497528076,0.31755515933036804,14,3,0,0,0,0,1,1.0,-0.34152960777282715,0,stale-soft,0.0,6,14,26,STALE_STRICT,0,0,1,1,0,14,0.0,1.0
margin,live-delta,11,0.0,0.374713,0.498995,0.285005,0.738281,0.415905,0.565905,0.04385042190551758,0.664881706237793,0.6210312843322754,1.8885869979858398,6.610022068023682,0.422990620136261,16,3,0,0,0,0,1,1.0000001192092896,-0.3882107734680176,0,stale-soft,0.0,6,15,13,STALE_STRICT,0,0,1,1,0,16,0.0,1.0
margin,live-delta,11,0.0,0.374713,0.498995,0.285005,0.738281,0.415905,0.565905,0.004398524761199951,0.5671542882919312,0.5627557635307312,2.477964162826538,11.91697883605957,0.15145041048526764,16,3,0,0,0,0,1,1.0,-0.31287145614624023,0,stale-soft,0.0,6,16,12,STALE_STRICT,0,0,1,1,0,16,0.0,1.0
margin,live-delta,11,0.0,0.374713,0.498995,0.285005,0.738281,0.415905,0.565905,0.020671069622039795,0.6850572228431702,0.6643861532211304,2.0121259689331055,7.479200839996338,0.3316110372543335,20,3,0,0,0,0,1,0.9999998807907104,-0.37884485721588135,0,stale-soft,0.0,6,17,30,STALE_STRICT,0,0,1,1,0,19,0.0,0.996628
margin,live-delta,11,0.0,0.374713,0.498995,0.285005,0.738281,0.415905,0.565905,0.13047552108764648,0.7553185224533081,0.6248430013656616,1.1679840087890625,3.215503692626953,0.7539670467376709,20,3,0,0,0,0,1,1.0,-0.35036882758140564,0,stale-soft,0.0,6,18,30,STALE_STRICT,0,0,1,1,0,19,0.0,0.997398
margin,live-delta,11,0.0,0.374713,0.498995,0.285005,0.738281,0.415905,0.565905,0.214311420917511,0.7999751567840576,0.5856637358665466,0.5485446453094482,1.7307323217391968,0.908501148223877,20,3,0,0,0,0,1,0.9985231757164001,-0.3210960626602173,0,stale-soft,0.0,6,19,30,STALE_STRICT,0,0,1,1,0,18,0.0,0.995926
margin,live-delta,11,0.0,0.374713,0.498995,0.285005,0.738281,0.415905,0.565905,0.005678772926330566,0.6305544376373291,0.6248756647109985,2.548046588897705,12.782110214233398,0.17128898203372955,20,3,0,0,0,0,1,1.0,-0.31999439001083374,0,stale-soft,0.0,6,20,0,STALE_STRICT,0,0,1,1,0,19,0.0,0.991936
margin,live-delta,11,0.0,0.374713,0.498995,0.285005,0.738281,0.415905,0.565905,0.01732957363128662,0.7488837242126465,0.7315541505813599,1.1172136068344116,3.056326150894165,0.5223629474639893,13,3,0,0,0,0,1,1.0,-0.5293403267860413,0,stale-soft,0.0,6,21,25,STALE_STRICT,0,0,1,1,0,12,0.0,0.99879
margin,live-delta,11,0.0,0.374713,0.498995,0.285005,0.738281,0.415905,0.565905,0.015865683555603027,0.6977767944335938,0.6819111108779907,1.810847282409668,6.115626811981201,0.4170607924461365,20,3,0,0,0,0,1,0.9999999403953552,-0.4273530840873718,0,stale-soft,0.0,6,22,1,STALE_STRICT,0,0,1,1,0,20,0.0,1.0
margin,live-delta,11,0.0,0.374713,0.498995,0.285005,0.738281,0.415905,0.565905,0.05592668056488037,0.6982558965682983,0.642329216003418,2.023435592651367,7.564268112182617,0.4559248089790344,20,3,0,0,0,0,1,1.0000001192092896,-0.4900832176208496,0,stale-soft,0.0,6,23,1,STALE_STRICT,0,0,1,1,0,20,0.0,1.0
margin,live-delta,11,0.0,0.374713,0.498995,0.285005,0.738281,0.415905,0.565905,0.078667551279068,0.550545334815979,0.471877783536911,0.6921436190605164,1.99799382686615,0.765525221824646,3,3,1,0,1,0,1,1.0,-0.3056256175041199,0,stale-soft,0.0,6,24,33,STALE_LENIENT,0,0,0,1,0,1,0.0,0.075744
margin,live-delta,11,0.0,0.374713,0.498995,0.285005,0.738281,0.415905,0.565905,0.01704925298690796,0.6313489079475403,0.6142996549606323,2.4893836975097656,12.053845405578613,0.25167083740234375,20,3,0,0,0,0,1,1.0,-0.2471303939819336,0,stale-soft,0.0,6,25,30,STALE_STRICT,0,0,1,1,0,20,0.0,1.0
margin,live-delta,11,0.0,0.374713,0.498995,0.285005,0.738281,0.415905,0.565905,0.02894890308380127,0.5523542165756226,0.5234053134918213,1.8469512462615967,6.34045934677124,0.3721979856491089,9,3,0,0,0,0,1,1.0,-0.23884332180023193,0,stale-soft,0.0,6,26,27,STALE_STRICT,0,0,1,1,0,9,0.0,1.0
margin,live-delta,11,0.0,0.374713,0.498995,0.285005,0.738281,0.415905,0.565905,0.04773306846618652,0.6731027364730835,0.625369668006897,1.5769482851028442,4.84016227722168,0.49535661935806274,13,3,0,0,0,0,1,0.9891678690910339,-0.19113785028457642,0,stale-soft,0.0,6,27,16,STALE_STRICT,0,0,1,1,0,11,0.0,0.967279
margin,live-delta,11,0.0,0.374713,0.498995,0.285005,0.738281,0.415905,0.565905,0.03371754288673401,0.4923955500125885,0.4586780071258545,1.0246752500534058,2.7861905097961426,0.5177279114723206,3,3,1,0,1,0,1,0.9999999403953552,-0.26361992955207825,0,stale-soft,0.0,6,28,33,STALE_LENIENT,0,0,0,1,0,2,0.0,0.482272
margin,live-delta,11,0.0,0.374713,0.498995,0.285005,0.738281,0.415905,0.565905,0.00040036439895629883,0.5298848748207092,0.5294845104217529,2.099444627761841,8.161636352539062,0.24276576936244965,11,3,0,0,0,0,1,1.0,-0.1851538121700287,0,stale-soft,0.0,6,29,13,STALE_STRICT,0,0,1,1,0,10,0.0,0.964147
margin,live-delta,11,0.0,0.374713,0.498995,0.285005,0.738281,0.415905,0.565905,0.04991334676742554,0.6916114091873169,0.6416980624198914,1.98904287815094,7.308535099029541,0.4419843256473541,20,3,0,0,0,0,1,1.0,-0.4158664047718048,0,stale-soft,0.0,6,30,11,STALE_STRICT,0,0,1,1,0,20,0.0,1.0
margin,live-delta,11,0.0,0.374713,0.498995,0.285005,0.738281,0.415905,0.565905,0.015379726886749268,0.5836501121520996,0.5682703852653503,2.557187080383301,12.899480819702148,0.2153107225894928,20,3,0,0,0,0,1,1.0000001192092896,-0.29959285259246826,0,stale-soft,0.0,6,31,11,STALE_STRICT,0,0,1,1,0,20,0.0,1.0
margin,live-delta,11,0.0,0.374713,0.498995,0.285005,0.738281,0.415905,0.565905,0.00023114681243896484,0.4375622570514679,0.43733111023902893,0.6931445598602295,1.9999947547912598,0.5011556148529053,2,3,0,0,0,0,1,1.0,-0.2670082449913025,0,stale-soft,0.0,6,32,7,STALE_STRICT,0,0,1,1,0,2,0.0,1.0
margin,live-delta,11,0.0,0.374713,0.498995,0.285005,0.738281,0.415905,0.565905,0.0088273286819458,0.6656931638717651,0.6568658351898193,2.1332831382751465,8.44253921508789,0.3225613832473755,20,3,0,0,0,0,1,1.0,-0.33299094438552856,0,stale-soft,0.0,6,33,20,STALE_STRICT,0,0,1,1,0,20,0.0,1.0
margin,live-delta,11,0.0,0.374713,0.498995,0.285005,0.738281,0.415905,0.565905,0.03324735164642334,0.672676146030426,0.6394287943840027,1.7408325672149658,5.702088832855225,0.446136474609375,17,3,0,0,0,0,1,0.9999999403953552,-0.5270504951477051,0,stale-soft,0.0,6,34,1,STALE_STRICT,0,0,1,1,0,17,0.0,1.0
margin,live-delta,11,0.0,0.374713,0.498995,0.285005,0.738281,0.415905,0.565905,0.06339681148529053,0.6739566326141357,0.6105598211288452,1.327377200126648,3.77113938331604,0.6224517226219177,14,3,0,0,0,0,1,1.0,-0.35496705770492554,0,stale-soft,0.0,6,35,28,STALE_STRICT,0,0,1,1,0,12,0.0,0.990372
margin,live-delta,11,0.0,0.374713,0.498995,0.285005,0.738281,0.415905,0.565905,0.061883509159088135,0.6948245167732239,0.6329410076141357,1.7700855731964111,5.8713555335998535,0.5080612897872925,19,3,0,0,0,0,1,1.0000001192092896,-0.44034188985824585,0,stale-soft,0.0,6,36,12,STALE_STRICT,0,0,1,1,0,19,0.0,1.0
margin,live-delta,11,0.0,0.374713,0.498995,0.285005,0.738281,0.415905,0.565905,0.01653200387954712,0.5996271371841431,0.583095133304596,1.900923252105713,6.692070007324219,0.32823604345321655,11,3,0,0,0,0,1,1.0,-0.4315812587738037,0,stale-soft,0.0,6,37,26,STALE_STRICT,0,0,1,1,0,11,0.0,1.0
margin,live-delta,11,0.0,0.374713,0.498995,0.285005,0.738281,0.415905,0.565905,0.01701536774635315,0.5104827880859375,0.49346742033958435,2.6522350311279297,14.185708999633789,0.1393176168203354,16,3,0,0,0,0,1,0.9999999403953552,-0.22574317455291748,0,stale-soft,0.0,6,38,28,STALE_STRICT,0,0,1,1,0,16,0.0,1.0
margin,live-delta,11,0.0,0.374713,0.498995,0.285005,0.738281,0.415905,0.565905,0.0733039379119873,0.7156831622123718,0.6423792243003845,1.932328701019287,6.905572414398193,0.5024093985557556,20,3,0,0,0,0,1,1.0000001192092896,-0.44519472122192383,0,stale-soft,0.0,6,39,11,STALE_STRICT,0,0,1,1,0,20,0.0,1.0
margin,live-delta,11,0.0,0.374713,0.498995,0.285005,0.738281,0.415905,0.565905,0.012021005153656006,0.5193359851837158,0.5073149800300598,1.5866072177886963,4.887139797210693,0.3504555821418762,6,3,0,0,0,0,1,1.0,-0.3110678195953369,0,stale-soft,0.0,6,40,18,STALE_STRICT,0,0,1,1,0,6,0.0,1.0
margin,live-delta,11,0.0,0.374713,0.498995,0.285005,0.738281,0.415905,0.565905,0.004130363464355469,0.5956895351409912,0.5915591716766357,2.2237601280212402,9.242016792297363,0.26218292117118835,18,3,0,0,0,0,1,1.0,-0.18633025884628296,0,stale-soft,0.0,6,41,9,STALE_STRICT,0,0,1,1,0,17,0.0,0.992307
margin,live-delta,11,0.0,0.374713,0.498995,0.285005,0.738281,0.415905,0.565905,0.12807446718215942,0.5080372095108032,0.3799627423286438,-0.0,1.0,1.0,1,3,0,0,0,0,1,1.0,-0.24906188249588013,0,stale-soft,0.0,6,42,15,STALE_STRICT,0,0,1,1,0,1,0.0,1.0
margin,live-delta,11,0.0,0.374713,0.498995,0.285005,0.738281,0.415905,0.565905,0.029343336820602417,0.5180602669715881,0.4887169301509857,0.9196711778640747,2.508465528488159,0.5750361084938049,3,3,0,0,0,0,1,0.9999999403953552,-0.22850483655929565,0,stale-soft,0.0,6,44,6,STALE_STRICT,0,0,1,1,0,2,0.0,0.680241
margin,live-delta,11,0.0,0.374713,0.498995,0.285005,0.738281,0.415905,0.565905,0.14111894369125366,0.7220957279205322,0.5809767842292786,0.9061532616615295,2.4747843742370605,0.8118083477020264,19,3,0,0,0,0,1,0.9999998807907104,-0.36302319169044495,0,stale-soft,0.0,6,45,30,STALE_STRICT,0,0,1,1,0,17,0.0,0.994463
margin,live-delta,11,0.0,0.374713,0.498995,0.285005,0.738281,0.415905,0.565905,0.009380042552947998,0.5576402544975281,0.5482602119445801,2.596264123916626,13.413533210754395,0.1439398229122162,18,3,0,0,0,0,1,1.0,-0.2686322331428528,0,stale-soft,0.0,6,46,0,STALE_STRICT,0,0,1,1,0,17,0.0,0.985187
margin,live-delta,11,0.0,0.374713,0.498995,0.285005,0.738281,0.415905,0.565905,0.039743661880493164,0.7065777778625488,0.6668341159820557,1.896702527999878,6.663884162902832,0.4397803246974945,20,3,0,0,0,0,1,1.0000001192092896,-0.436687707901001,0,stale-soft,0.0,6,47,11,STALE_STRICT,0,0,1,1,0,20,0.0,1.0
margin,live-delta,11,0.0,0.374713,0.498995,0.285005,0.738281,0.415905,0.565905,0.00565028190612793,0.4656926989555359,0.46004241704940796,1.0387084484100342,2.8255653381347656,0.4329869747161865,3,3,0,0,0,0,1,1.0,-0.17271816730499268,0,stale-soft,0.0,6,48,16,STALE_STRICT,0,0,1,1,0,3,0.0,1.0
margin,live-delta,11,0.0,0.374713,0.498995,0.285005,0.738281,0.415905,0.565905,0.004724025726318359,0.6174630522727966,0.6127390265464783,2.6217949390411377,13.760400772094727,0.1533571481704712,20,3,0,0,0,0,1,1.0000001192092896,-0.3462756872177124,0,stale-soft,0.0,6,49,18,STALE_STRICT,0,0,1,1,0,20,0.0,1.0
margin,live-delta,11,0.0,0.374713,0.498995,0.285005,0.738281,0.415905,0.565905,0.021081984043121338,0.631973922252655,0.6108919382095337,2.38700532913208,10.880860328674316,0.24051174521446228,20,3,0,0,0,0,1,1.0,-0.39021122455596924,0,stale-soft,0.0,6,50,11,STALE_STRICT,0,0,1,1,0,20,0.0,1.0
margin,live-delta,11,0.0,0.374713,0.498995,0.285005,0.738281,0.415905,0.565905,0.04159349203109741,0.6099201440811157,0.5683266520500183,2.202928066253662,9.051478385925293,0.34702908992767334,19,3,0,0,0,0,1,1.0,-0.2730158567428589,0,stale-soft,0.0,6,51,30,STALE_STRICT,0,0,1,1,0,17,0.0,0.944856
margin,live-delta,11,0.0,0.374713,0.498995,0.285005,0.738281,0.415905,0.565905,0.04602915048599243,0.6817589998245239,0.6357298493385315,1.995059609413147,7.3526411056518555,0.450581818819046,20,3,0,0,0,0,1,0.9999999403953552,-0.32056257128715515,0,stale-soft,0.0,6,52,30,STALE_STRICT,0,0,1,1,0,20,0.0,1.0
margin,live-delta,11,0.0,0.374713,0.498995,0.285005,0.738281,0.415905,0.565905,0.02947831153869629,0.6125665903091431,0.5830882787704468,2.2150678634643555,9.162031173706055,0.29297077655792236,16,3,0,0,0,0,1,1.0,-0.46717482805252075,0,stale-soft,0.0,6,53,7,STALE_STRICT,0,0,1,1,0,16,0.0,1.0
margin,live-delta,11,0.0,0.374713,0.498995,0.285005,0.738281,0.415905,0.565905,0.039527952671051025,0.6817615628242493,0.6422336101531982,1.464264154434204,4.324359893798828,0.5182248950004578,13,3,0,0,0,0,1,0.9999999403953552,-0.32564297318458557,0,stale-soft,0.0,6,54,16,STALE_STRICT,0,0,1,1,0,12,0.0,0.993171
margin,live-delta,11,0.0,0.374713,0.498995,0.285005,0.738281,0.415905,0.565905,0.1259809136390686,0.7112128138542175,0.5852319002151489,1.3836485147476196,3.9894306659698486,0.7028036117553711,20,3,0,0,0,0,1,0.9999998807907104,-0.30064940452575684,0,stale-soft,0.0,6,55,30,STALE_STRICT,0,0,1,1,0,19,0.0,0.994113
margin,live-delta,11,0.0,0.374713,0.498995,0.285005,0.738281,0.415905,0.565905,0.04841500520706177,0.5435279607772827,0.49511295557022095,2.1373915672302246,8.477296829223633,0.35391876101493835,13,3,0,0,0,0,1,0.9999998807907104,-0.32181990146636963,0,stale-soft,0.0,6,56,1,STALE_STRICT,0,0,1,1,0,13,0.0,1.0
margin,live-delta,11,0.0,0.374713,0.498995,0.285005,0.738281,0.415905,0.565905,0.011501491069793701,0.5289517045021057,0.517450213432312,2.5102744102478027,12.308306694030762,0.15981678664684296,15,3,0,0,0,0,1,1.0,-0.23483747243881226,0,stale-soft,0.0,6,57,28,STALE_STRICT,0,0,1,1,0,15,0.0,1.0
margin,live-delta,11,0.0,0.374713,0.498995,0.285005,0.738281,0.415905,0.565905,0.027495503425598145,0.521161675453186,0.4936661720275879,1.849459171295166,6.356380939483643,0.27965304255485535,7,3,0,0,0,0,1,1.0000001192092896,-0.17988520860671997,0,stale-soft,0.0,6,58,28,STALE_STRICT,0,0,1,1,0,7,0.0,1.0
margin,live-delta,11,0.0,0.374713,0.498995,0.285005,0.738281,0.415905,0.565905,0.0455852746963501,0.7100707292556763,0.6644854545593262,1.6763778924942017,5.346156597137451,0.4960916340351105,20,3,0,0,0,0,1,0.9999999403953552,-0.47589704394340515,0,stale-soft,0.0,6,59,11,STALE_STRICT,0,0,1,1,0,20,0.0,1.0
margin,live-delta,11,0.0,0.374713,0.498995,0.285005,0.738281,0.415905,0.565905,0.006651431322097778,0.4191456735134125,0.4124942421913147,-0.0,1.0,1.0,1,3,0,0,0,0,1,1.0,-0.18450376391410828,0,stale-soft,0.0,6,60,22,STALE_STRICT,0,0,1,1,0,1,0.0,1.0
margin,live-delta,11,0.0,0.374713,0.498995,0.285005,0.738281,0.415905,0.565905,0.0009667277336120605,0.7287241816520691,0.727757453918457,1.3820254802703857,3.9829609394073486,0.3555692732334137,13,3,0,0,0,0,1,1.0,-0.5508826971054077,0,stale-soft,0.0,6,61,25,STALE_STRICT,0,0,1,1,0,13,0.0,1.0
margin,live-delta,11,0.0,0.374713,0.498995,0.285005,0.738281,0.415905,0.565905,0.03774535655975342,0.5500203371047974,0.512274980545044,1.7866592407226562,5.969476699829102,0.4058660864830017,9,3,0,0,0,0,1,1.0000001192092896,-0.20863336324691772,0,stale-soft,0.0,6,62,16,STALE_STRICT,0,0,1,1,0,8,0.0,0.970503
margin,live-delta,11,0.0,0.374713,0.498995,0.285005,0.738281,0.415905,0.565905,0.0918266773223877,0.7022755146026611,0.6104488372802734,1.6186840534210205,5.046444892883301,0.6052987575531006,20,3,0,0,0,0,1,0.9999999403953552,-0.3944852948188782,0,stale-soft,0.0,6,63,22,STALE_STRICT,0,0,1,1,0,20,0.0,1.0
margin,live-delta,11,0.0,0.374713,0.498995,0.285005,0.738281,0.415905,0.565905,0.0138663649559021,0.6372043490409851,0.623337984085083,2.124764919281006,8.370929718017578,0.2707838714122772,19,1,1,1,1,1,0,0.00993643794208765,0.18750077486038208,2,stale-soft,0.0,6,64,60,CORRECT,0,0,0,0,0,2,0.0,0.009936
margin,live-delta,11,0.0,0.374713,0.498995,0.285005,0.738281,0.415905,0.565905,0.07325202226638794,0.7194734811782837,0.6462214589118958,1.3936271667480469,4.0294389724731445,0.5917448401451111,14,1,1,1,1,1,0,0.0,0.4203501343727112,2,stale-soft,0.0,6,65,49,CORRECT,0,0,0,0,0,0,0.0,0.0
margin,live-delta,11,0.0,0.374713,0.498995,0.285005,0.738281,0.415905,0.565905,0.27114012837409973,0.7173919677734375,0.44625183939933777,0.0497102290391922,1.050966501235962,0.9924216866493225,3,1,1,1,1,1,0,0.0,0.4258134365081787,2,stale-soft,0.0,6,66,54,CORRECT,0,0,0,0,0,0,0.0,0.0
margin,live-delta,11,0.0,0.374713,0.498995,0.285005,0.738281,0.415905,0.565905,0.04251831769943237,0.6012977957725525,0.5587794780731201,2.1921939849853516,8.954838752746582,0.2893412411212921,14,1,1,1,1,1,0,0.0,0.203637957572937,2,stale-soft,0.0,6,67,42,CORRECT,0,0,0,0,0,0,0.0,0.0
margin,live-delta,11,0.0,0.374713,0.498995,0.285005,0.738281,0.415905,0.565905,0.17981690168380737,0.6864583492279053,0.5066414475440979,0.3430187404155731,1.4091951847076416,0.9346346855163574,7,1,1,1,1,1,0,0.0,0.43639615178108215,2,stale-soft,0.0,6,68,57,CORRECT,0,0,0,0,0,0,0.0,0.0
margin,live-delta,11,0.0,0.374713,0.498995,0.285005,0.738281,0.415905,0.565905,0.026864051818847656,0.5847336053848267,0.557869553565979,2.132352352142334,8.434684753417969,0.33830025792121887,15,1,1,1,1,1,0,0.029049202799797058,0.1512666940689087,2,stale-soft,0.0,6,69,52,CORRECT,0,0,0,0,0,2,0.0,0.029049
margin,live-delta,11,0.0,0.374713,0.498995,0.285005,0.738281,0.415905,0.565905,0.08957570791244507,0.6409652233123779,0.5513895153999329,0.8416467905044556,2.3201847076416016,0.7719699740409851,7,1,1,1,1,1,0,0.0,0.3181228041648865,2,stale-soft,0.0,6,70,57,CORRECT,0,0,0,0,0,0,0.0,0.0
margin,live-delta,11,0.0,0.374713,0.498995,0.285005,0.738281,0.415905,0.565905,0.04689741134643555,0.5237218141555786,0.47682440280914307,1.3581238985061646,3.888890504837036,0.5000370740890503,5,1,1,1,1,1,0,0.09810714423656464,0.08143112063407898,2,stale-soft,0.0,6,71,49,CORRECT,0,0,0,0,0,1,0.0,0.098107
margin,live-delta,11,0.0,0.374713,0.498995,0.285005,0.738281,0.415905,0.565905,0.028354287147521973,0.7925995588302612,0.7642452716827393,0.9149487018585205,2.4966471195220947,0.5990613102912903,9,1,1,1,1,1,0,0.0,0.46540719270706177,2,stale-soft,0.0,6,72,40,CORRECT,0,0,0,0,0,0,0.0,0.0
margin,live-delta,11,0.0,0.374713,0.498995,0.285005,0.738281,0.415905,0.565905,0.03947728872299194,0.4474477767944336,0.40797048807144165,-0.0,1.0,1.0,1,1,1,1,1,1,0,0.0,0.04582047462463379,1,stale-soft,0.0,6,73,35,CORRECT,0,0,0,0,0,0,0.0,0.0
margin,live-delta,11,0.0,0.374713,0.498995,0.285005,0.738281,0.415905,0.565905,0.019095420837402344,0.6300061345100403,0.6109107136726379,1.134110927581787,3.1084086894989014,0.5057145953178406,7,1,1,1,1,1,0,0.0,0.29718226194381714,2,stale-soft,0.0,6,74,32,CORRECT,0,0,0,0,0,0,0.0,0.0
margin,live-delta,11,0.0,0.374713,0.498995,0.285005,0.738281,0.415905,0.565905,0.02758324146270752,0.6517994403839111,0.6242161989212036,1.9006245136260986,6.690071105957031,0.36587288975715637,17,1,1,1,1,1,0,0.019146405160427094,0.17890149354934692,2,stale-soft,0.0,6,75,48,CORRECT,0,0,0,0,0,3,0.0,0.019146
margin,live-delta,11,0.0,0.374713,0.498995,0.285005,0.738281,0.415905,0.565905,0.006723225116729736,0.587090253829956,0.5803670287132263,2.1430726051330566,8.525592803955078,0.28023087978363037,16,1,1,1,1,1,0,0.04370006173849106,0.15502119064331055,2,stale-soft,0.0,6,76,35,CORRECT,0,0,0,0,0,3,0.0,0.031081
margin,live-delta,11,0.0,0.374713,0.498995,0.285005,0.738281,0.415905,0.565905,0.01150047779083252,0.4391584098339081,0.42765793204307556,0.6865776777267456,1.9869040250778198,0.5572500824928284,2,1,1,1,1,1,0,0.0,0.11116591095924377,2,stale-soft,0.0,6,77,58,CORRECT,0,0,0,0,0,0,0.0,0.0
margin,live-delta,11,0.0,0.374713,0.498995,0.285005,0.738281,0.415905,0.565905,0.046075284481048584,0.485497385263443,0.4394221007823944,1.2433892488479614,3.4673452377319336,0.4953957200050354,4,1,1,1,1,1,0,0.0,0.11503127217292786,2,stale-soft,0.0,6,78,37,CORRECT,0,0,0,0,0,0,0.0,0.0
margin,live-delta,11,0.0,0.374713,0.498995,0.285005,0.738281,0.415905,0.565905,0.011427760124206543,0.43584972620010376,0.4244219660758972,0.6866599321365356,1.987067461013794,0.5568912029266357,2,1,1,1,1,1,0,0.0,0.09523272514343262,2,stale-soft,0.0,6,79,55,CORRECT,0,0,0,0,0,0,0.0,0.0
margin,live-delta,11,0.0,0.374713,0.498995,0.285005,0.738281,0.415905,0.565905,0.047071754932403564,0.580012857913971,0.5329411029815674,1.4422274827957153,4.23010778427124,0.5402372479438782,8,1,0,0,0,0,1,0.9426831603050232,-0.1121707558631897,0,stale-soft,0.0,6,80,24,STALE_STRICT,0,0,1,1,0,7,0.0,0.942683
margin,live-delta,11,0.0,0.374713,0.498995,0.285005,0.738281,0.415905,0.565905,0.06020021438598633,0.6887730360031128,0.6285728216171265,1.2882663011550903,3.6264939308166504,0.556942343711853,7,1,1,1,1,1,0,0.0,0.5219050645828247,2,stale-soft,0.0,6,81,50,CORRECT,0,0,0,0,0,0,0.0,0.0
margin,live-delta,11,0.0,0.374713,0.498995,0.285005,0.738281,0.415905,0.565905,0.06465297937393188,0.675824761390686,0.6111717820167542,1.559347152709961,4.755715370178223,0.5730307102203369,15,1,1,1,1,1,0,0.0,0.3446776866912842,2,stale-soft,0.0,6,82,61,CORRECT,0,0,0,0,0,0,0.0,0.0
margin,live-delta,11,0.0,0.374713,0.498995,0.285005,0.738281,0.415905,0.565905,0.062261730432510376,0.522896409034729,0.46063467860221863,0.5313348770141602,1.7012016773223877,0.7764738202095032,2,1,1,1,1,1,0,0.0,0.20996356010437012,2,stale-soft,0.0,6,83,42,CORRECT,0,0,0,0,0,0,0.0,0.0
margin,live-delta,11,0.0,0.374713,0.498995,0.285005,0.738281,0.415905,0.565905,0.007027864456176758,0.595234215259552,0.5882063508033752,1.5691070556640625,4.802358150482178,0.33533406257629395,9,1,1,1,1,1,0,0.0,0.3471389412879944,2,stale-soft,0.0,6,84,52,CORRECT,0,0,0,0,0,0,0.0,0.0
margin,live-delta,11,0.0,0.374713,0.498995,0.285005,0.738281,0.415905,0.565905,0.002056121826171875,0.5324323177337646,0.5303761959075928,2.28147029876709,9.791065216064453,0.22144435346126556,14,1,1,1,1,1,1,0.16009493172168732,0.06689471006393433,2,stale-soft,0.0,6,85,41,CORRECT,0,0,0,0,0,4,0.0,0.160095
margin,live-delta,11,0.0,0.374713,0.498995,0.285005,0.738281,0.415905,0.565905,0.014487236738204956,0.49048975110054016,0.4760025143623352,1.5213496685028076,4.578400135040283,0.3167562186717987,5,1,0,0,0,0,1,0.5538339614868164,-0.02302202582359314,0,stale-soft,0.0,6,86,25,STALE_STRICT,0,0,1,1,0,2,0.0,0.553834
margin,live-delta,11,0.0,0.374713,0.498995,0.285005,0.738281,0.415905,0.565905,0.30191630125045776,0.8589409589767456,0.5570246577262878,0.06541933119297028,1.0676065683364868,0.9917627573013306,13,1,1,1,1,1,0,0.0015588508686050773,0.3508061170578003,2,stale-soft,0.0,6,87,43,CORRECT,0,0,0,0,0,4,0.0,0.001559
margin,live-delta,11,0.0,0.374713,0.498995,0.285005,0.738281,0.415905,0.565905,0.023692190647125244,0.6738309860229492,0.650138795375824,1.2092169523239136,3.3508596420288086,0.4967927634716034,9,1,1,1,1,1,0,0.0,0.38304105401039124,2,stale-soft,0.0,6,88,61,CORRECT,0,0,0,0,0,0,0.0,0.0
margin,live-delta,11,0.0,0.374713,0.498995,0.285005,0.738281,0.415905,0.565905,0.01702946424484253,0.6745926737785339,0.6575632095336914,1.657617211341858,5.246793746948242,0.3624098002910614,10,1,1,1,1,1,0,0.0,0.4250260889530182,2,stale-soft,0.0,6,89,39,CORRECT,0,0,0,0,0,0,0.0,0.0
margin,live-delta,11,0.0,0.374713,0.498995,0.285005,0.738281,0.415905,0.565905,0.005663275718688965,0.6045351028442383,0.5988718271255493,1.982502818107605,7.260892868041992,0.26056328415870667,15,1,1,1,1,1,0,0.0,0.3412850499153137,2,stale-soft,0.0,6,90,39,CORRECT,0,0,0,0,0,0,0.0,0.0
margin,live-delta,11,0.0,0.374713,0.498995,0.285005,0.738281,0.415905,0.565905,0.006245851516723633,0.5371400713920593,0.5308942198753357,2.21581768989563,9.168903350830078,0.18185800313949585,12,1,1,1,1,1,1,0.1311153918504715,0.016357421875,0,stale-soft,0.0,6,91,45,CORRECT,0,0,0,0,0,1,0.0,0.131115
margin,live-delta,11,0.0,0.374713,0.498995,0.285005,0.738281,0.415905,0.565905,0.08484706282615662,0.46731051802635193,0.3824634552001953,-0.0,1.0,1.0,1,1,1,1,1,1,0,0.0,0.20996516942977905,2,stale-soft,0.0,6,92,40,CORRECT,0,0,0,0,0,0,0.0,0.0
margin,live-delta,11,0.0,0.374713,0.498995,0.285005,0.738281,0.415905,0.565905,0.03696244955062866,0.5619375705718994,0.5249751210212708,2.012704372406006,7.483528137207031,0.3768429160118103,12,1,1,1,1,1,0,0.0,0.26756343245506287,2,stale-soft,0.0,6,93,57,CORRECT,0,0,0,0,0,0,0.0,0.0
margin,live-delta,11,0.0,0.374713,0.498995,0.285005,0.738281,0.415905,0.565905,0.001346588134765625,0.6266343593597412,0.6252877712249756,1.8937263488769531,6.644080638885498,0.273932546377182,12,1,1,1,1,1,0,0.0,0.3373410105705261,2,stale-soft,0.0,6,94,61,CORRECT,0,0,0,0,0,0,0.0,0.0
margin,live-delta,11,0.0,0.374713,0.498995,0.285005,0.738281,0.415905,0.565905,0.08536481857299805,0.604717493057251,0.5193526744842529,0.9611724615097046,2.614760398864746,0.7221274971961975,6,1,1,1,1,1,0,0.0,0.21116384863853455,2,stale-soft,0.0,6,95,41,CORRECT,0,0,0,0,0,0,0.0,0.0
margin,live-delta,11,0.0,0.374713,0.498995,0.285005,0.738281,0.415905,0.565905,0.005658745765686035,0.6051054000854492,0.5994466543197632,2.074126958847046,7.957596302032471,0.24774079024791718,13,1,1,1,1,1,0,0.0,0.39281249046325684,2,stale-soft,0.0,6,96,54,CORRECT,0,0,0,0,0,0,0.0,0.0
margin,live-delta,11,0.0,0.374713,0.498995,0.285005,0.738281,0.415905,0.565905,0.06105303764343262,0.7184756994247437,0.657422661781311,1.0150387287139893,2.759470224380493,0.6803184151649475,8,1,1,1,1,1,0,0.0,0.4032242000102997,2,stale-soft,0.0,6,97,40,CORRECT,0,0,0,0,0,0,0.0,0.0
margin,live-delta,11,0.0,0.374713,0.498995,0.285005,0.738281,0.415905,0.565905,0.013661503791809082,0.582595705986023,0.5689342021942139,1.1959669589996338,3.306753635406494,0.43847981095314026,4,1,1,1,1,1,0,0.0,0.2990831136703491,2,stale-soft,0.0,6,98,56,CORRECT,0,0,0,0,0,0,0.0,0.0
margin,live-delta,11,0.0,0.374713,0.498995,0.285005,0.738281,0.415905,0.565905,0.28284555673599243,0.7437993288040161,0.4609537720680237,0.043186262249946594,1.0441323518753052,0.993588924407959,3,1,1,1,1,1,0,0.0,0.5071672201156616,2,stale-soft,0.0,6,99,41,CORRECT,0,0,0,0,0,0,0.0,0.0
margin,live-delta,11,0.0,0.374713,0.498995,0.285005,0.738281,0.415905,0.565905,0.008107304573059082,0.5988267660140991,0.59071946144104,0.7947788834571838,2.213951349258423,0.5259713530540466,3,1,1,1,1,1,0,0.0,0.31339359283447266,2,stale-soft,0.0,6,100,61,CORRECT,0,0,0,0,0,0,0.0,0.0
margin,live-delta,11,0.0,0.374713,0.498995,0.285005,0.738281,0.415905,0.565905,0.018241524696350098,0.48883119225502014,0.47058966755867004,1.0598750114440918,2.88601016998291,0.45503970980644226,3,1,3,0,3,0,1,1.0,-0.08488729596138,0,stale-soft,0.0,6,101,123,BLENDED,0,0,0,0,0,0,0.0,0.0
margin,live-delta,11,0.0,0.374713,0.498995,0.285005,0.738281,0.415905,0.565905,0.06546664237976074,0.6314265727996826,0.5659599304199219,1.699211835861206,5.469634532928467,0.4810827970504761,11,1,1,1,1,1,0,0.0,0.36988168954849243,2,stale-soft,0.0,6,102,62,CORRECT,0,0,0,0,0,0,0.0,0.0
margin,live-delta,11,0.0,0.374713,0.498995,0.285005,0.738281,0.415905,0.565905,0.018510043621063232,0.6128389239311218,0.5943288803100586,1.317290186882019,3.7332911491394043,0.49540987610816956,9,1,1,1,1,1,0,0.0,0.2733041048049927,2,stale-soft,0.0,6,103,54,CORRECT,0,0,0,0,0,0,0.0,0.0
margin,live-delta,11,0.0,0.374713,0.498995,0.285005,0.738281,0.415905,0.565905,0.0038860440254211426,0.6102866530418396,0.6064006090164185,1.8849693536758423,6.58615255355835,0.320635050535202,12,1,1,1,1,1,0,0.0,0.3647603988647461,2,stale-soft,0.0,6,104,49,CORRECT,0,0,0,0,0,0,0.0,0.0
margin,live-delta,11,0.0,0.374713,0.498995,0.285005,0.738281,0.415905,0.565905,0.07134711742401123,0.705420970916748,0.6340738534927368,1.272269606590271,3.568943500518799,0.6077620983123779,9,1,1,1,1,1,0,0.0,0.4852299094200134,2,stale-soft,0.0,6,105,40,CORRECT,0,0,0,0,0,0,0.0,0.0
margin,live-delta,11,0.0,0.374713,0.498995,0.285005,0.738281,0.415905,0.565905,0.07959204912185669,0.7538836598396301,0.6742916107177734,0.9749141335487366,2.650939464569092,0.7221004962921143,11,1,1,1,1,1,0,0.0,0.4799800217151642,2,stale-soft,0.0,6,106,39,CORRECT,0,0,0,0,0,0,0.0,0.0
margin,live-delta,11,0.0,0.374713,0.498995,0.285005,0.738281,0.415905,0.565905,0.011961400508880615,0.617219865322113,0.6052584648132324,1.6458401679992676,5.185364723205566,0.4047010540962219,12,1,1,1,1,1,1,0.2102506011724472,0.07979494333267212,2,stale-soft,0.0,6,107,60,CORRECT,0,0,0,0,0,5,0.0,0.199356
margin,live-delta,11,0.0,0.374713,0.498995,0.285005,0.738281,0.415905,0.565905,0.04879361391067505,0.6414546966552734,0.5926610827445984,1.8012748956680298,6.0573649406433105,0.4697282016277313,13,1,1,1,1,1,0,0.0,0.362080454826355,2,stale-soft,0.0,6,108,49,CORRECT,0,0,0,0,0,0,0.0,0.0
margin,live-delta,11,0.0,0.374713,0.498995,0.285005,0.738281,0.415905,0.565905,0.005373120307922363,0.6084858179092407,0.6031126976013184,1.4049973487854004,4.0755157470703125,0.4025093913078308,7,1,1,1,1,1,0,0.0,0.3015759587287903,2,stale-soft,0.0,6,109,62,CORRECT,0,0,0,0,0,0,0.0,0.0
margin,live-delta,11,0.0,0.374713,0.498995,0.285005,0.738281,0.415905,0.565905,0.029764771461486816,0.6916086673736572,0.6618438959121704,1.3965046405792236,4.041050434112549,0.49262890219688416,7,1,1,1,1,1,0,0.0,0.47904616594314575,2,stale-soft,0.0,6,111,32,CORRECT,0,0,0,0,0,0,0.0,0.0
margin,live-delta,11,0.0,0.374713,0.498995,0.285005,0.738281,0.415905,0.565905,0.0655626654624939,0.6678102612495422,0.6022475957870483,1.3756229877471924,3.9575414657592773,0.5604981184005737,9,1,1,1,1,1,0,0.0,0.4308151602745056,2,stale-soft,0.0,6,112,46,CORRECT,0,0,0,0,0,0,0.0,0.0
margin,live-delta,11,0.0,0.374713,0.498995,0.285005,0.738281,0.415905,0.565905,0.024531066417694092,0.5232676267623901,0.49873656034469604,0.6639403104782104,1.942431092262268,0.6202526092529297,2,1,1,1,1,1,0,0.0,0.2562590539455414,2,stale-soft,0.0,6,113,34,CORRECT,0,0,0,0,0,0,0.0,0.0
margin,live-delta,11,0.0,0.374713,0.498995,0.285005,0.738281,0.415905,0.565905,0.03674370050430298,0.6705558896064758,0.6338121891021729,1.41384756565094,4.111745357513428,0.5250144004821777,12,1,1,1,1,1,0,0.0,0.39768946170806885,2,stale-soft,0.0,6,114,57,CORRECT,0,0,0,0,0,0,0.0,0.0
margin,live-delta,11,0.0,0.374713,0.498995,0.285005,0.738281,0.415905,0.565905,0.0519755482673645,0.5355624556541443,0.4835869073867798,2.0542919635772705,7.801312446594238,0.35909005999565125,11,1,1,1,1,1,1,0.10513235628604889,0.09194368124008179,2,stale-soft,0.0,6,115,38,CORRECT,0,0,0,0,0,2,0.0,0.105132
margin,live-delta,11,0.0,0.374713,0.498995,0.285005,0.738281,0.415905,0.565905,0.07225793600082397,0.610309898853302,0.538051962852478,1.1016435623168945,3.0091075897216797,0.6662366390228271,6,1,1,1,1,1,0,0.0,0.33518922328948975,2,stale-soft,0.0,6,116,54,CORRECT,0,0,0,0,0,0,0.0,0.0
margin,live-delta,11,0.0,0.374713,0.498995,0.285005,0.738281,0.415905,0.565905,0.10138309001922607,0.6700421571731567,0.5686590671539307,1.3149303197860718,3.7244913578033447,0.6613844633102417,11,1,1,1,1,1,0,0.0060916864313185215,0.23437052965164185,2,stale-soft,0.0,6,117,49,CORRECT,0,0,0,0,0,1,0.0,0.006092
margin,live-delta,11,0.0,0.374713,0.498995,0.285005,0.738281,0.415905,0.565905,0.030777424573898315,0.44668951630592346,0.41591209173202515,0.6479371786117554,1.9115934371948242,0.6492053270339966,2,1,1,1,1,1,0,0.0,0.21114350855350494,2,stale-soft,0.0,6,118,48,CORRECT,0,0,0,0,0,0,0.0,0.0
margin,live-delta,11,0.0,0.374713,0.498995,0.285005,0.738281,0.415905,0.565905,0.04402768611907959,0.5582033395767212,0.5141756534576416,1.3382935523986816,3.8125319480895996,0.5317909121513367,6,1,1,1,1,1,0,0.0,0.15230268239974976,2,stale-soft,0.0,6,119,49,CORRECT,0,0,0,0,0,0,0.0,0.0
margin,live-delta,11,0.0,0.374713,0.498995,0.285005,0.738281,0.415905,0.565905,0.001757204532623291,0.6123923659324646,0.6106351613998413,1.537318468093872,4.652098655700684,0.36214780807495117,9,1,1,1,1,1,0,0.0,0.3293934762477875,2,stale-soft,0.0,6,120,57,CORRECT,0,0,0,0,0,0,0.0,0.0
margin,live-delta,11,0.0,0.374713,0.498995,0.285005,0.738281,0.415905,0.565905,0.028531432151794434,0.6142705678939819,0.5857391357421875,1.8273097276687622,6.217138290405273,0.4162273705005646,14,1,1,1,1,1,0,0.051684826612472534,0.17189186811447144,2,stale-soft,0.0,6,121,52,CORRECT,0,0,0,0,0,5,0.0,0.051685
margin,live-delta,11,0.0,0.374713,0.498995,0.285005,0.738281,0.415905,0.565905,0.04132509231567383,0.6418052911758423,0.6004801988601685,1.6073417663574219,4.989530086517334,0.4551718235015869,9,1,1,1,1,1,0,0.0,0.3827874958515167,2,stale-soft,0.0,6,122,52,CORRECT,0,0,0,0,0,0,0.0,0.0
margin,live-delta,11,0.0,0.374713,0.498995,0.285005,0.738281,0.415905,0.565905,0.1144600510597229,0.5257062911987305,0.41124624013900757,-0.0,1.0,1.0,1,1,1,1,1,1,0,0.0,0.13191860914230347,2,stale-soft,0.0,6,123,43,CORRECT,0,0,0,0,0,0,0.0,0.0
margin,live-delta,11,0.0,0.374713,0.498995,0.285005,0.738281,0.415905,0.565905,0.046421170234680176,0.7209793329238892,0.674558162689209,1.11576509475708,3.0519022941589355,0.623386025428772,11,1,1,1,1,1,0,0.0,0.34347569942474365,2,stale-soft,0.0,6,124,62,CORRECT,0,0,0,0,0,0,0.0,0.0
margin,live-delta,11,0.0,0.374713,0.498995,0.285005,0.738281,0.415905,0.565905,0.02554035186767578,0.5810360312461853,0.5554956793785095,1.911464810371399,6.762988090515137,0.3740044832229614,12,1,1,1,1,1,0,0.0392879918217659,0.13771352171897888,2,stale-soft,0.0,6,125,38,CORRECT,0,0,0,0,0,1,0.0,0.023807
margin,live-delta,11,0.0,0.374713,0.498995,0.285005,0.738281,0.415905,0.565905,0.051419079303741455,0.7271186113357544,0.6756995320320129,0.7056697010993958,2.025202512741089,0.7194424271583557,7,1,1,1,1,1,0,0.0,0.40758949518203735,2,stale-soft,0.0,6,126,41,CORRECT,0,0,0,0,0,0,0.0,0.0
margin,live-delta,11,0.0,0.374713,0.498995,0.285005,0.738281,0.415905,0.565905,0.1547597050666809,0.7880293130874634,0.6332696080207825,0.4477740228176117,1.5648250579833984,0.9053463339805603,9,1,1,1,1,1,0,0.0,0.45933932065963745,2,stale-soft,0.0,6,127,40,CORRECT,0,0,0,0,0,0,0.0,0.0
margin,live-delta,11,0.0,0.374713,0.498995,0.285005,0.738281,0.415905,0.565905,0.028143763542175293,0.5415035486221313,0.513359785079956,2.5337305068969727,12.600424766540527,0.2328077256679535,17,2,2,1,2,1,0,0.0,0.2378905713558197,2,stale-soft,0.0,6,128,66,CORRECT,0,0,0,0,0,0,0.0,0.0
margin,live-delta,11,0.0,0.374713,0.498995,0.285005,0.738281,0.415905,0.565905,0.02547597885131836,0.5951765775680542,0.5697005987167358,2.1506121158599854,8.59011459350586,0.31526345014572144,16,2,2,1,2,1,0,0.0,0.3075736165046692,2,stale-soft,0.0,6,129,66,CORRECT,0,0,0,0,0,0,0.0,0.0
margin,live-delta,11,0.0,0.374713,0.498995,0.285005,0.738281,0.415905,0.565905,0.041772425174713135,0.5690668821334839,0.5272944569587708,2.275212049484253,9.729982376098633,0.2631501257419586,14,2,2,1,2,1,0,0.0,0.24107003211975098,2,stale-soft,0.0,6,130,81,CORRECT,0,0,0,0,0,0,0.0,0.0
margin,live-delta,11,0.0,0.374713,0.498995,0.285005,0.738281,0.415905,0.565905,0.07747495174407959,0.7438898086547852,0.6664148569107056,0.7085363268852234,2.0310163497924805,0.7819878458976746,8,2,2,1,2,1,0,0.0,0.5825783014297485,2,stale-soft,0.0,6,133,71,CORRECT,0,0,0,0,0,0,0.0,0.0
margin,live-delta,11,0.0,0.374713,0.498995,0.285005,0.738281,0.415905,0.565905,0.09667551517486572,0.7966054677963257,0.69992995262146,1.1403989791870117,3.1280159950256348,0.7118372917175293,18,2,2,1,2,1,0,0.0,0.5791870355606079,2,stale-soft,0.0,6,134,86,CORRECT,0,0,0,0,0,0,0.0,0.0
margin,live-delta,11,0.0,0.374713,0.498995,0.285005,0.738281,0.415905,0.565905,0.024165570735931396,0.5892134308815002,0.5650478601455688,1.0489825010299683,2.8547449111938477,0.5585634708404541,6,2,2,1,2,1,0,0.0,0.21183645725250244,2,stale-soft,0.0,6,135,91,CORRECT,0,0,0,0,0,0,0.0,0.0
margin,live-delta,11,0.0,0.374713,0.498995,0.285005,0.738281,0.415905,0.565905,0.049243152141571045,0.6251969933509827,0.5759538412094116,2.376845121383667,10.770868301391602,0.33181849122047424,20,2,2,1,2,1,0,0.0,0.3021586835384369,2,stale-soft,0.0,6,136,84,CORRECT,0,0,0,0,0,0,0.0,0.0
margin,live-delta,11,0.0,0.374713,0.498995,0.285005,0.738281,0.415905,0.565905,0.039867937564849854,0.4245971441268921,0.38472920656204224,-0.0,1.0,1.0,1,2,2,1,2,1,0,0.0,0.20286723971366882,2,stale-soft,0.0,6,137,89,CORRECT,0,0,0,0,0,0,0.0,0.0
margin,live-delta,11,0.0,0.374713,0.498995,0.285005,0.738281,0.415905,0.565905,0.012679576873779297,0.41997987031936646,0.40730029344558716,-0.0,1.0,1.0,1,2,2,1,2,1,0,0.0,0.09725883603096008,2,stale-soft,0.0,6,138,85,CORRECT,0,0,0,0,0,0,0.0,0.0
margin,live-delta,11,0.0,0.374713,0.498995,0.285005,0.738281,0.415905,0.565905,0.028989076614379883,0.6016455888748169,0.572656512260437,1.8903006315231323,6.621358871459961,0.3833019733428955,14,2,2,1,2,1,0,0.0,0.3383933901786804,2,stale-soft,0.0,6,139,64,CORRECT,0,0,0,0,0,0,0.0,0.0
margin,live-delta,11,0.0,0.374713,0.498995,0.285005,0.738281,0.415905,0.565905,0.0345538854598999,0.6501257419586182,0.6155718564987183,1.0780470371246338,2.938934326171875,0.5765670537948608,7,2,2,1,2,1,0,0.0,0.4701628088951111,2,stale-soft,0.0,6,140,80,CORRECT,0,0,0,0,0,0,0.0,0.0
margin,live-delta,11,0.0,0.374713,0.498995,0.285005,0.738281,0.415905,0.565905,0.047999441623687744,0.6712274551391602,0.6232280135154724,1.719994068145752,5.584495544433594,0.5118093490600586,16,2,2,1,2,1,0,0.0,0.4998254179954529,2,stale-soft,0.0,6,141,86,CORRECT,0,0,0,0,0,0,0.0,0.0
margin,live-delta,11,0.0,0.374713,0.498995,0.285005,0.738281,0.415905,0.565905,0.0030187368392944336,0.5701974630355835,0.5671787261962891,2.611325740814209,13.617091178894043,0.15667857229709625,20,2,2,1,2,1,0,0.0,0.24273034930229187,2,stale-soft,0.0,6,142,65,CORRECT,0,0,0,0,0,0,0.0,0.0
margin,live-delta,11,0.0,0.374713,0.498995,0.285005,0.738281,0.415905,0.565905,0.009077876806259155,0.4765753448009491,0.46749746799468994,1.7138187885284424,5.550115585327148,0.27386924624443054,6,2,2,1,2,1,0,0.0,0.21677151322364807,2,stale-soft,0.0,6,143,91,CORRECT,0,0,0,0,0,0,0.0,0.0
margin,live-delta,11,0.0,0.374713,0.498995,0.285005,0.738281,0.415905,0.565905,0.0962134599685669,0.5023441314697266,0.40613067150115967,-0.0,1.0,1.0,1,2,2,1,2,1,0,0.0,0.3381776213645935,2,stale-soft,0.0,6,144,85,CORRECT,0,0,0,0,0,0,0.0,0.0
margin,live-delta,11,0.0,0.374713,0.498995,0.285005,0.738281,0.415905,0.565905,0.06751561164855957,0.5056644678115845,0.4381488561630249,1.0669983625411987,2.906641721725464,0.6242796778678894,4,2,2,1,2,1,0,0.0,0.2127377986907959,2,stale-soft,0.0,6,145,88,CORRECT,0,0,0,0,0,0,0.0,0.0
margin,live-delta,11,0.0,0.374713,0.498995,0.285005,0.738281,0.415905,0.565905,0.023302733898162842,0.5993673801422119,0.5760646462440491,1.6928870677947998,5.435149669647217,0.44114771485328674,13,2,2,1,2,1,0,0.0,0.25072425603866577,2,stale-soft,0.0,6,147,91,CORRECT,0,0,0,0,0,0,0.0,0.0
margin,live-delta,11,0.0,0.374713,0.498995,0.285005,0.738281,0.415905,0.565905,0.003406345844268799,0.5392884612083435,0.5358821153640747,2.315213203430176,10.127081871032715,0.2269728034734726,14,2,2,1,2,1,0,0.0,0.3246327042579651,2,stale-soft,0.0,6,148,78,CORRECT,0,0,0,0,0,0,0.0,0.0
margin,live-delta,11,0.0,0.374713,0.498995,0.285005,0.738281,0.415905,0.565905,0.08553999662399292,0.6592262387275696,0.5736862421035767,1.2375895977020264,3.447293996810913,0.6908105611801147,14,2,2,1,2,1,0,0.0,0.30882811546325684,2,stale-soft,0.0,6,149,91,CORRECT,0,0,0,0,0,0,0.0,0.0
margin,live-delta,11,0.0,0.374713,0.498995,0.285005,0.738281,0.415905,0.565905,0.002938687801361084,0.6503852605819702,0.6474465727806091,2.3190910816192627,10.16642951965332,0.16713854670524597,20,2,2,1,2,1,0,0.0,0.4170028269290924,2,stale-soft,0.0,6,150,66,CORRECT,0,0,0,0,0,0,0.0,0.0
margin,live-delta,11,0.0,0.374713,0.498995,0.285005,0.738281,0.415905,0.565905,0.027769744396209717,0.5065252184867859,0.47875547409057617,1.3921715021133423,4.023577690124512,0.4463915526866913,5,2,2,1,2,1,0,0.0,0.3551807403564453,2,stale-soft,0.0,6,151,85,CORRECT,0,0,0,0,0,0,0.0,0.0
margin,live-delta,11,0.0,0.374713,0.498995,0.285005,0.738281,0.415905,0.565905,0.27028217911720276,0.6035950779914856,0.33331289887428284,-0.0,1.0,1.0,1,2,2,1,2,1,0,0.0,0.34920328855514526,2,stale-soft,0.0,6,152,74,CORRECT,0,0,0,0,0,0,0.0,0.0
margin,live-delta,11,0.0,0.374713,0.498995,0.285005,0.738281,0.415905,0.565905,0.026611626148223877,0.574760377407074,0.5481487512588501,2.221463441848755,9.22081470489502,0.2747635245323181,13,2,2,1,2,1,0,0.0,0.3500365614891052,2,stale-soft,0.0,6,153,94,CORRECT,0,0,0,0,0,0,0.0,0.0
margin,live-delta,11,0.0,0.374713,0.498995,0.285005,0.738281,0.415905,0.565905,0.026854515075683594,0.6391476392745972,0.6122931241989136,2.246528148651123,9.454853057861328,0.31415456533432007,19,2,2,1,2,1,0,0.0,0.3466476500034332,2,stale-soft,0.0,6,157,94,CORRECT,0,0,0,0,0,0,0.0,0.0
margin,live-delta,11,0.0,0.374713,0.498995,0.285005,0.738281,0.415905,0.565905,0.08749839663505554,0.5680897235870361,0.4805913269519806,1.7662603855133057,5.848939418792725,0.49860623478889465,10,2,2,1,2,1,0,0.0,0.36241698265075684,2,stale-soft,0.0,6,158,85,CORRECT,0,0,0,0,0,0,0.0,0.0
margin,live-delta,11,0.0,0.374713,0.498995,0.285005,0.738281,0.415905,0.565905,0.18490827083587646,0.7387069463729858,0.5537986755371094,0.2714545726776123,1.3118712902069092,0.9503756165504456,7,2,2,1,2,1,0,0.0,0.35586118698120117,2,stale-soft,0.0,6,159,68,CORRECT,0,0,0,0,0,0,0.0,0.0
margin,live-delta,11,0.0,0.374713,0.498995,0.285005,0.738281,0.415905,0.565905,0.0344085693359375,0.5577472448348999,0.5233386754989624,1.146784782409668,3.148054838180542,0.559138298034668,5,2,2,1,2,1,0,0.0,0.2380143702030182,2,stale-soft,0.0,6,160,91,CORRECT,0,0,0,0,0,0,0.0,0.0
margin,live-delta,11,0.0,0.374713,0.498995,0.285005,0.738281,0.415905,0.565905,0.010253429412841797,0.4709516167640686,0.4606981873512268,1.548056960105896,4.702324390411377,0.30626270174980164,5,2,2,1,2,1,0,0.0,0.2889408469200134,2,stale-soft,0.0,6,161,94,CORRECT,0,0,0,0,0,0,0.0,0.0
margin,live-delta,11,0.0,0.374713,0.498995,0.285005,0.738281,0.415905,0.565905,0.17954042553901672,0.6567572951316833,0.4772168695926666,0.2839611768722534,1.3283812999725342,0.9418333172798157,4,2,2,1,2,1,0,0.0,0.43144068121910095,2,stale-soft,0.0,6,162,93,CORRECT,0,0,0,0,0,0,0.0,0.0
margin,live-delta,11,0.0,0.374713,0.498995,0.285005,0.738281,0.415905,0.565905,0.01217794418334961,0.574068546295166,0.5618906021118164,2.475076913833618,11.882620811462402,0.2134108543395996,19,2,2,1,2,1,0,0.0,0.24434435367584229,2,stale-soft,0.0,6,163,66,CORRECT,0,0,0,0,0,0,0.0,0.0
margin,live-delta,11,0.0,0.374713,0.498995,0.285005,0.738281,0.415905,0.565905,0.2803356647491455,0.6889474987983704,0.40861183404922485,-0.0,1.0,1.0,1,2,2,1,2,1,0,0.0,0.4841806888580322,2,stale-soft,0.0,6,164,93,CORRECT,0,0,0,0,0,0,0.0,0.0
margin,live-delta,11,0.0,0.374713,0.498995,0.285005,0.738281,0.415905,0.565905,0.08025693893432617,0.6881221532821655,0.6078652143478394,2.0706937313079834,7.930322647094727,0.44612982869148254,20,2,2,1,2,1,0,0.0,0.46291476488113403,2,stale-soft,0.0,6,165,86,CORRECT,0,0,0,0,0,0,0.0,0.0
margin,live-delta,11,0.0,0.374713,0.498995,0.285005,0.738281,0.415905,0.565905,0.07133865356445312,0.4756857752799988,0.40434712171554565,-0.0,1.0,1.0,1,2,2,1,2,1,0,0.0,0.2903061807155609,2,stale-soft,0.0,6,166,80,CORRECT,0,0,0,0,0,0,0.0,0.0
margin,live-delta,11,0.0,0.374713,0.498995,0.285005,0.738281,0.415905,0.565905,0.0013178586959838867,0.6072017550468445,0.6058838963508606,2.1229000091552734,8.35533332824707,0.28279587626457214,16,2,2,1,2,1,0,0.0,0.27673110365867615,2,stale-soft,0.0,6,169,82,CORRECT,0,0,0,0,0,0,0.0,0.0
margin,live-delta,11,0.0,0.374713,0.498995,0.285005,0.738281,0.415905,0.565905,0.018336087465286255,0.48379379510879517,0.4654577076435089,0.6766149997711182,1.967207431793213,0.590666651725769,2,2,2,1,2,1,0,0.0,0.23263269662857056,2,stale-soft,0.0,6,170,68,CORRECT,0,0,0,0,0,0,0.0,0.0
margin,live-delta,11,0.0,0.374713,0.498995,0.285005,0.738281,0.415905,0.565905,0.03160601854324341,0.42073097825050354,0.38912495970726013,-0.0,1.0,1.0,1,2,2,1,2,1,0,0.0,0.1980593204498291,2,stale-soft,0.0,6,172,88,CORRECT,0,0,0,0,0,0,0.0,0.0
margin,live-delta,11,0.0,0.374713,0.498995,0.285005,0.738281,0.415905,0.565905,0.024298250675201416,0.570502758026123,0.5462045073509216,2.5380618572235107,12.655119895935059,0.18806377053260803,17,2,2,1,2,1,0,0.0,0.237874835729599,2,stale-soft,0.0,6,173,90,CORRECT,0,0,0,0,0,0,0.0,0.0
margin,live-delta,11,0.0,0.374713,0.498995,0.285005,0.738281,0.415905,0.565905,0.05137532949447632,0.4979991912841797,0.44662386178970337,1.421022653579712,4.141353607177734,0.4632224440574646,5,2,2,1,2,1,0,0.0,0.2287082076072693,2,stale-soft,0.0,6,174,65,CORRECT,0,0,0,0,0,0,0.0,0.0
margin,live-delta,11,0.0,0.374713,0.498995,0.285005,0.738281,0.415905,0.565905,0.12175902724266052,0.6065850257873535,0.484825998544693,1.0238964557647705,2.7840213775634766,0.7476505637168884,8,2,2,1,2,1,0,0.0,0.3992610275745392,2,stale-soft,0.0,6,177,78,CORRECT,0,0,0,0,0,0,0.0,0.0
margin,live-delta,11,0.0,0.374713,0.498995,0.285005,0.738281,0.415905,0.565905,0.0012949109077453613,0.5802474617958069,0.5789525508880615,2.3482539653778076,10.467277526855469,0.2345203459262848,18,2,2,1,2,1,0,0.0,0.2551623582839966,2,stale-soft,0.0,6,179,87,CORRECT,0,0,0,0,0,0,0.0,0.0
margin,live-delta,11,0.0,0.374713,0.498995,0.285005,0.738281,0.415905,0.565905,0.0029421746730804443,0.4807736277580261,0.4778314530849457,1.334958791732788,3.7998392581939697,0.32809990644454956,4,2,2,1,2,1,0,0.0,0.19236382842063904,2,stale-soft,0.0,6,180,64,CORRECT,0,0,0,0,0,0,0.0,0.0
margin,live-delta,11,0.0,0.374713,0.498995,0.285005,0.738281,0.415905,0.565905,0.038379013538360596,0.6918320655822754,0.6534530520439148,1.687880039215088,5.408003807067871,0.5017879009246826,18,2,2,1,2,1,0,0.0,0.48382022976875305,2,stale-soft,0.0,6,181,69,CORRECT,0,0,0,0,0,0,0.0,0.0
margin,live-delta,11,0.0,0.374713,0.498995,0.285005,0.738281,0.415905,0.565905,0.012425124645233154,0.45632970333099365,0.4439045786857605,0.6854872107505798,1.9847385883331299,0.5618076920509338,2,2,2,1,2,1,0,0.0,0.1483648121356964,2,stale-soft,0.0,6,182,64,CORRECT,0,0,0,0,0,0,0.0,0.0
margin,live-delta,11,0.0,0.374713,0.498995,0.285005,0.738281,0.415905,0.565905,0.0478360652923584,0.551082193851471,0.5032461285591125,1.9702976942062378,7.172811508178711,0.37102288007736206,10,2,2,1,2,1,0,0.0,0.2761037051677704,2,stale-soft,0.0,6,184,66,CORRECT,0,0,0,0,0,0,0.0,0.0
margin,live-delta,11,0.0,0.374713,0.498995,0.285005,0.738281,0.415905,0.565905,0.12603896856307983,0.5307070016860962,0.40466803312301636,-0.0,1.0,1.0,1,2,2,1,2,1,0,0.0,0.22066643834114075,2,stale-soft,0.0,6,185,84,CORRECT,0,0,0,0,0,0,0.0,0.0
margin,live-delta,11,0.0,0.374713,0.498995,0.285005,0.738281,0.415905,0.565905,0.00381547212600708,0.6895368099212646,0.6857213377952576,1.633719801902771,5.12289571762085,0.3558877110481262,12,2,2,1,2,1,0,0.0,0.4514313340187073,2,stale-soft,0.0,6,186,80,CORRECT,0,0,0,0,0,0,0.0,0.0
margin,live-delta,11,0.0,0.374713,0.498995,0.285005,0.738281,0.415905,0.565905,0.08489975333213806,0.46566590666770935,0.3807661533355713,-0.0,1.0,1.0,1,2,2,1,2,1,0,0.0,0.23156479001045227,2,stale-soft,0.0,6,188,89,CORRECT,0,0,0,0,0,0,0.0,0.0
margin,live-delta,11,0.0,0.374713,0.498995,0.285005,0.738281,0.415905,0.565905,0.04678565263748169,0.574927806854248,0.5281421542167664,1.2031445503234863,3.330573558807373,0.5861719250679016,6,2,2,1,2,1,0,0.0,0.4147406816482544,2,stale-soft,0.0,6,189,65,CORRECT,0,0,0,0,0,0,0.0,0.0
margin,live-delta,11,0.0,0.374713,0.498995,0.285005,0.738281,0.415905,0.565905,0.04630112648010254,0.5638655424118042,0.5175644159317017,2.1119282245635986,8.264161109924316,0.3481687903404236,13,2,2,1,2,1,0,0.0,0.18830278515815735,2,stale-soft,0.0,6,190,76,CORRECT,0,0,0,0,0,0,0.0,0.0
margin,live-delta,11,0.0,0.374713,0.498995,0.285005,0.738281,0.415905,0.565905,0.005952358245849609,0.555470883846283,0.5495185256004333,2.046217918395996,7.738577842712402,0.28374841809272766,12,2,2,1,2,1,0,0.0,0.3715098798274994,2,stale-soft,0.0,6,191,86,CORRECT,0,0,0,0,0,0,0.0,0.0
margin,live-delta,11,0.0,0.374713,0.498995,0.285005,0.738281,0.415905,0.565905,0.03380364179611206,0.715877115726471,0.6820734739303589,1.8401185274124146,6.2972846031188965,0.3417559564113617,14,3,3,1,3,1,0,0.0,0.4268219470977783,2,stale-soft,0.0,6,192,98,CORRECT,0,0,0,0,0,0,0.0,0.0
margin,live-delta,11,0.0,0.374713,0.498995,0.285005,0.738281,0.415905,0.565905,0.1026039719581604,0.5292460918426514,0.42664211988449097,0.354474276304245,1.4254311323165894,0.8861575126647949,2,3,3,1,3,1,0,0.0,0.2595515251159668,2,stale-soft,0.0,6,193,124,CORRECT,0,0,0,0,0,0,0.0,0.0
margin,live-delta,11,0.0,0.374713,0.498995,0.285005,0.738281,0.415905,0.565905,0.004106700420379639,0.43997180461883545,0.4358651041984558,1.083404779434204,2.9547226428985596,0.38795822858810425,3,3,3,1,3,1,0,0.0,0.060184478759765625,2,stale-soft,0.0,6,194,124,CORRECT,0,0,0,0,0,0,0.0,0.0
margin,live-delta,11,0.0,0.374713,0.498995,0.285005,0.738281,0.415905,0.565905,0.0854344367980957,0.6738865971565247,0.588452160358429,1.6335092782974243,5.121817111968994,0.5698736906051636,15,3,3,1,3,1,0,0.0,0.2931222915649414,2,stale-soft,0.0,6,195,127,CORRECT,0,0,0,0,0,0,0.0,0.0
margin,live-delta,11,0.0,0.374713,0.498995,0.285005,0.738281,0.415905,0.565905,0.003085196018218994,0.6066103577613831,0.6035251617431641,2.1749420166015625,8.801674842834473,0.19543911516666412,15,3,3,1,3,1,0,0.0,0.3114476203918457,2,stale-soft,0.0,6,196,98,CORRECT,0,0,0,0,0,0,0.0,0.0
margin,live-delta,11,0.0,0.374713,0.498995,0.285005,0.738281,0.415905,0.565905,0.009994745254516602,0.6571125984191895,0.6471178531646729,2.1681580543518066,8.742166519165039,0.24089346826076508,17,3,3,1,3,1,0,0.0,0.26061269640922546,2,stale-soft,0.0,6,197,127,CORRECT,0,0,0,0,0,0,0.0,0.0
margin,live-delta,11,0.0,0.374713,0.498995,0.285005,0.738281,0.415905,0.565905,0.08643484115600586,0.637020468711853,0.5505856275558472,0.9946120381355286,2.7036752700805664,0.7257220149040222,7,3,3,1,3,1,0,0.0,0.2925240099430084,2,stale-soft,0.0,6,199,127,CORRECT,0,0,0,0,0,0,0.0,0.0
margin,live-delta,11,0.0,0.374713,0.498995,0.285005,0.738281,0.415905,0.565905,0.028112411499023438,0.7088281512260437,0.6807157397270203,2.1920745372772217,8.953768730163574,0.2738730311393738,13,3,3,1,3,1,0,0.0,0.3948378562927246,2,stale-soft,0.0,6,200,115,CORRECT,0,0,0,0,0,0,0.0,0.0
margin,live-delta,11,0.0,0.374713,0.498995,0.285005,0.738281,0.415905,0.565905,0.08230161666870117,0.48156577348709106,0.3992641568183899,-0.0,1.0,1.0,1,3,3,1,3,1,0,0.0,0.19499471783638,2,stale-soft,0.0,6,201,107,CORRECT,0,0,0,0,0,0,0.0,0.0
margin,live-delta,11,0.0,0.374713,0.498995,0.285005,0.738281,0.415905,0.565905,0.02431178092956543,0.5317378044128418,0.5074260234832764,0.9845693111419678,2.676658868789673,0.528008222579956,3,3,3,1,3,1,0,0.0,0.28656619787216187,2,stale-soft,0.0,6,202,116,CORRECT,0,0,0,0,0,0,0.0,0.0
margin,live-delta,11,0.0,0.374713,0.498995,0.285005,0.738281,0.415905,0.565905,0.1064421534538269,0.6956464052200317,0.5892042517662048,1.3100858926773071,3.7064919471740723,0.6864287257194519,12,3,3,1,3,1,0,0.0,0.34753942489624023,2,stale-soft,0.0,6,203,123,CORRECT,0,0,0,0,0,0,0.0,0.0
margin,live-delta,11,0.0,0.374713,0.498995,0.285005,0.738281,0.415905,0.565905,0.03447753190994263,0.649493396282196,0.6150158643722534,1.1133800745010376,3.0446321964263916,0.49275344610214233,5,3,3,1,3,1,0,0.0,0.3568621873855591,2,stale-soft,0.0,6,204,99,CORRECT,0,0,0,0,0,0,0.0,0.0
margin,live-delta,11,0.0,0.374713,0.498995,0.285005,0.738281,0.415905,0.565905,0.013731002807617188,0.4197525680065155,0.4060215651988983,-0.0,1.0,1.0,1,3,3,1,3,1,0,0.0,0.09660908579826355,2,stale-soft,0.0,6,205,116,CORRECT,0,0,0,0,0,0,0.0,0.0
margin,live-delta,11,0.0,0.374713,0.498995,0.285005,0.738281,0.415905,0.565905,0.03863942623138428,0.5191511511802673,0.48051172494888306,0.9767181873321533,2.655726194381714,0.5655601620674133,3,3,3,1,3,1,0,0.0,0.2020900845527649,2,stale-soft,0.0,6,206,107,CORRECT,0,0,0,0,0,0,0.0,0.0
margin,live-delta,11,0.0,0.374713,0.498995,0.285005,0.738281,0.415905,0.565905,0.08332982659339905,0.5254757404327393,0.4421459138393402,0.4378054738044739,1.5493035316467285,0.84112149477005,2,3,3,1,3,1,0,0.0,0.3663392663002014,2,stale-soft,0.0,6,207,101,CORRECT,0,0,0,0,0,0,0.0,0.0
margin,live-delta,11,0.0,0.374713,0.498995,0.285005,0.738281,0.415905,0.565905,0.05445301532745361,0.5600730180740356,0.505620002746582,1.8569958209991455,6.404467582702637,0.4103478789329529,10,3,3,1,3,1,0,0.0,0.26069343090057373,2,stale-soft,0.0,6,208,127,CORRECT,0,0,0,0,0,0,0.0,0.0
margin,live-delta,11,0.0,0.374713,0.498995,0.285005,0.738281,0.415905,0.565905,2.7298927307128906e-05,0.6268348693847656,0.6268075704574585,1.986912488937378,7.29298210144043,0.22110266983509064,13,3,3,1,3,1,0,0.0,0.3935152590274811,2,stale-soft,0.0,6,209,103,CORRECT,0,0,0,0,0,0,0.0,0.0
margin,live-delta,11,0.0,0.374713,0.498995,0.285005,0.738281,0.415905,0.565905,0.017547130584716797,0.4622208774089813,0.4446737468242645,1.354857325553894,3.8762078285217285,0.3478960692882538,4,3,3,1,3,1,0,0.0,0.08403664827346802,2,stale-soft,0.0,6,210,100,CORRECT,0,0,0,0,0,0,0.0,0.0
margin,live-delta,11,0.0,0.374713,0.498995,0.285005,0.738281,0.415905,0.565905,0.02866208553314209,0.7037274837493896,0.6750653982162476,1.9225122928619385,6.83811616897583,0.3494050204753876,14,3,3,1,3,1,0,0.0,0.33825361728668213,2,stale-soft,0.0,6,211,96,CORRECT,0,0,0,0,0,0,0.0,0.0
margin,live-delta,11,0.0,0.374713,0.498995,0.285005,0.738281,0.415905,0.565905,0.03594088554382324,0.7040785551071167,0.6681376695632935,1.6973307132720947,5.459355354309082,0.3989705443382263,12,3,3,1,3,1,0,0.0,0.3959319591522217,2,stale-soft,0.0,6,212,98,CORRECT,0,0,0,0,0,0,0.0,0.0
margin,live-delta,11,0.0,0.374713,0.498995,0.285005,0.738281,0.415905,0.565905,0.02104586362838745,0.7602081298828125,0.739162266254425,1.9737122058868408,7.19734525680542,0.3109145760536194,15,3,3,1,3,1,0,0.0,0.5080938935279846,2,stale-soft,0.0,6,213,127,CORRECT,0,0,0,0,0,0,0.0,0.0
margin,live-delta,11,0.0,0.374713,0.498995,0.285005,0.738281,0.415905,0.565905,0.0420457124710083,0.4206753373146057,0.3786296248435974,-0.0,1.0,1.0,1,3,3,1,3,1,0,0.0,0.15986627340316772,2,stale-soft,0.0,6,214,116,CORRECT,0,0,0,0,0,0,0.0,0.0
margin,live-delta,11,0.0,0.374713,0.498995,0.285005,0.738281,0.415905,0.565905,0.027142703533172607,0.6014844179153442,0.5743417143821716,2.1558303833007812,8.63505744934082,0.307251513004303,15,3,3,1,3,1,0,0.0,0.37710970640182495,2,stale-soft,0.0,6,215,127,CORRECT,0,0,0,0,0,0,0.0,0.0
margin,live-delta,11,0.0,0.374713,0.498995,0.285005,0.738281,0.415905,0.565905,0.010835587978363037,0.561787486076355,0.5509518980979919,2.061479330062866,7.8575849533081055,0.21997080743312836,10,3,3,1,3,1,0,0.0,0.2200993001461029,2,stale-soft,0.0,6,216,106,CORRECT,0,0,0,0,0,0,0.0,0.0
margin,live-delta,11,0.0,0.374713,0.498995,0.285005,0.738281,0.415905,0.565905,0.15650784969329834,0.5816750526428223,0.4251672029495239,0.17387446761131287,1.1899062395095825,0.9581196904182434,2,3,3,1,3,1,0,0.0,0.3749808371067047,2,stale-soft,0.0,6,217,105,CORRECT,0,0,0,0,0,0,0.0,0.0
margin,live-delta,11,0.0,0.374713,0.498995,0.285005,0.738281,0.415905,0.565905,0.01645064353942871,0.6338362693786621,0.6173856258392334,2.110625982284546,8.253406524658203,0.23641440272331238,13,3,3,1,3,1,0,0.0,0.3904983401298523,2,stale-soft,0.0,6,218,117,CORRECT,0,0,0,0,0,0,0.0,0.0
margin,live-delta,11,0.0,0.374713,0.498995,0.285005,0.738281,0.415905,0.565905,0.04677075147628784,0.540321946144104,0.49355119466781616,2.1447253227233887,8.539695739746094,0.3155598044395447,11,3,3,1,3,1,0,0.0,0.27208060026168823,2,stale-soft,0.0,6,219,108,CORRECT,0,0,0,0,0,0,0.0,0.0
margin,live-delta,11,0.0,0.374713,0.498995,0.285005,0.738281,0.415905,0.565905,0.014024853706359863,0.6931151151657104,0.6790902614593506,2.0542898178100586,7.801295757293701,0.26044440269470215,16,3,3,1,3,1,0,0.0,0.4051532447338104,2,stale-soft,0.0,6,220,127,CORRECT,0,0,0,0,0,0,0.0,0.0
margin,live-delta,11,0.0,0.374713,0.498995,0.285005,0.738281,0.415905,0.565905,0.10552585124969482,0.6067142486572266,0.5011883974075317,1.1310474872589111,3.09890079498291,0.6925030946731567,7,3,3,1,3,1,0,0.0,0.3050418496131897,2,stale-soft,0.0,6,221,102,CORRECT,0,0,0,0,0,0,0.0,0.0
margin,live-delta,11,0.0,0.374713,0.498995,0.285005,0.738281,0.415905,0.565905,0.025349020957946777,0.5600713491439819,0.5347223281860352,2.2517850399017334,9.504687309265137,0.2312806397676468,13,3,3,1,3,1,0,0.0,0.21874409914016724,2,stale-soft,0.0,6,222,98,CORRECT,0,0,0,0,0,0,0.0,0.0
margin,live-delta,11,0.0,0.374713,0.498995,0.285005,0.738281,0.415905,0.565905,0.0464787483215332,0.4414621889591217,0.3949834406375885,-0.0,1.0,1.0,1,3,3,1,3,1,0,0.0,0.2085619568824768,2,stale-soft,0.0,6,223,124,CORRECT,0,0,0,0,0,0,0.0,0.0
margin,live-delta,11,0.0,0.374713,0.498995,0.285005,0.738281,0.415905,0.565905,0.04123324155807495,0.5563745498657227,0.5151413083076477,2.269279956817627,9.672433853149414,0.2877318561077118,14,3,0,0,3,1,1,0.4981374740600586,-0.04123324155807495,0,stale-soft,0.0,6,225,30,CORRECT,0,0,0,0,0,7,0.0,0.498137
margin,live-delta,11,0.0,0.374713,0.498995,0.285005,0.738281,0.415905,0.565905,0.03750276565551758,0.47772443294525146,0.4402216672897339,1.283709168434143,3.6100051403045654,0.44693270325660706,4,3,3,1,3,1,0,0.0,0.21609339118003845,2,stale-soft,0.0,6,226,123,CORRECT,0,0,0,0,0,0,0.0,0.0
margin,live-delta,11,0.0,0.374713,0.498995,0.285005,0.738281,0.415905,0.565905,0.27257081866264343,0.7159953117370605,0.4434244930744171,0.02756894938647747,1.0279524326324463,0.995728075504303,2,3,3,1,3,1,0,0.0,0.5247364044189453,2,stale-soft,0.0,6,228,99,CORRECT,0,0,0,0,0,0,0.0,0.0
margin,live-delta,11,0.0,0.374713,0.498995,0.285005,0.738281,0.415905,0.565905,0.06361925601959229,0.6538165807723999,0.5901973247528076,1.6806193590164185,5.368880271911621,0.5115627646446228,13,3,3,1,3,1,0,0.0,0.33074119687080383,2,stale-soft,0.0,6,229,115,CORRECT,0,0,0,0,0,0,0.0,0.0
margin,live-delta,11,0.0,0.374713,0.498995,0.285005,0.738281,0.415905,0.565905,0.0028501152992248535,0.6125504374504089,0.6097003221511841,1.868025779724121,6.475499629974365,0.2866000533103943,11,3,3,1,3,1,0,0.0,0.4190482199192047,2,stale-soft,0.0,6,230,103,CORRECT,0,0,0,0,0,0,0.0,0.0
margin,live-delta,11,0.0,0.374713,0.498995,0.285005,0.738281,0.415905,0.565905,0.027474522590637207,0.5701779127120972,0.54270339012146,1.5771870613098145,4.841318130493164,0.4394291639328003,8,3,3,1,3,1,0,0.0,0.3285231590270996,2,stale-soft,0.0,6,231,117,CORRECT,0,0,0,0,0,0,0.0,0.0
margin,live-delta,11,0.0,0.374713,0.498995,0.285005,0.738281,0.415905,0.565905,0.013588488101959229,0.5009386539459229,0.4873501658439636,1.8226467370986938,6.188215255737305,0.28832149505615234,7,3,3,1,3,1,1,0.21108587086200714,0.0439324676990509,1,stale-soft,0.0,6,232,112,CORRECT,0,0,0,0,0,2,0.0,0.211086
margin,live-delta,11,0.0,0.374713,0.498995,0.285005,0.738281,0.415905,0.565905,0.0030035674571990967,0.496469646692276,0.4934660792350769,2.0350584983825684,7.652699947357178,0.23395663499832153,9,3,3,1,3,1,0,0.0,0.22334417700767517,2,stale-soft,0.0,6,233,115,CORRECT,0,0,0,0,0,0,0.0,0.0
margin,live-delta,11,0.0,0.374713,0.498995,0.285005,0.738281,0.415905,0.565905,0.042917400598526,0.501893937587738,0.45897653698921204,1.9422775506973267,6.974617958068848,0.30856165289878845,8,3,3,1,3,1,0,0.0,0.29814231395721436,2,stale-soft,0.0,6,234,108,CORRECT,0,0,0,0,0,0,0.0,0.0
margin,live-delta,11,0.0,0.374713,0.498995,0.285005,0.738281,0.415905,0.565905,0.06836897134780884,0.6614958643913269,0.5931268930435181,1.530575156211853,4.620833873748779,0.5616140365600586,14,3,3,1,3,1,0,0.0,0.44935303926467896,2,stale-soft,0.0,6,235,115,CORRECT,0,0,0,0,0,0,0.0,0.0
margin,live-delta,11,0.0,0.374713,0.498995,0.285005,0.738281,0.415905,0.565905,0.005754947662353516,0.46608585119247437,0.46033090353012085,1.068191409111023,2.910111427307129,0.410622239112854,3,3,3,1,3,1,1,0.22339923679828644,0.030435651540756226,1,stale-soft,0.0,6,236,118,CORRECT,0,0,0,0,0,1,0.0,0.223399
margin,live-delta,11,0.0,0.374713,0.498995,0.285005,0.738281,0.415905,0.565905,0.015743613243103027,0.6798076629638672,0.6640640497207642,1.5519112348556519,4.720483303070068,0.4302273392677307,14,3,3,1,3,1,0,0.0,0.28242504596710205,2,stale-soft,0.0,6,237,115,CORRECT,0,0,0,0,0,0,0.0,0.0
margin,live-delta,11,0.0,0.374713,0.498995,0.285005,0.738281,0.415905,0.565905,0.021391957998275757,0.48643261194229126,0.4650406539440155,1.6768863201141357,5.348875522613525,0.33276689052581787,6,3,3,1,3,1,0,0.0,0.23048827052116394,2,stale-soft,0.0,6,238,114,CORRECT,0,0,0,0,0,0,0.0,0.0
margin,live-delta,11,0.0,0.374713,0.498995,0.285005,0.738281,0.415905,0.565905,0.04946953058242798,0.5871029496192932,0.5376334190368652,1.6519057750701904,5.216912746429443,0.4858172833919525,10,3,3,1,3,1,0,0.0,0.1761089265346527,2,stale-soft,0.0,6,239,123,CORRECT,0,0,0,0,0,0,0.0,0.0
margin,live-delta,11,0.0,0.374713,0.498995,0.285005,0.738281,0.415905,0.565905,0.01888042688369751,0.6377276182174683,0.6188471913337708,1.4924159049987793,4.44782829284668,0.3999118208885193,11,3,3,1,3,1,0,0.0,0.4424499571323395,2,stale-soft,0.0,6,240,114,CORRECT,0,0,0,0,0,0,0.0,0.0
margin,live-delta,11,0.0,0.374713,0.498995,0.285005,0.738281,0.415905,0.565905,0.05921712517738342,0.49900099635124207,0.43978387117385864,1.1384005546569824,3.1217713356018066,0.5776357650756836,4,3,3,1,3,1,0,0.0,0.09773263335227966,2,stale-soft,0.0,6,241,99,CORRECT,0,0,0,0,0,0,0.0,0.0
margin,live-delta,11,0.0,0.374713,0.498995,0.285005,0.738281,0.415905,0.565905,0.02079826593399048,0.5582751631736755,0.5374768972396851,2.0957772731781006,8.131758689880371,0.28682923316955566,11,3,3,1,3,1,0,0.0,0.1538691222667694,2,stale-soft,0.0,6,242,96,CORRECT,0,0,0,0,0,0,0.0,0.0
margin,live-delta,11,0.0,0.374713,0.498995,0.285005,0.738281,0.415905,0.565905,0.0026970505714416504,0.7332625985145569,0.7305655479431152,1.532523274421692,4.629844665527344,0.3880663216114044,16,3,3,1,3,1,0,0.0,0.5287417769432068,2,stale-soft,0.0,6,243,110,CORRECT,0,0,0,0,0,0,0.0,0.0
margin,live-delta,11,0.0,0.374713,0.498995,0.285005,0.738281,0.415905,0.565905,0.1839277744293213,0.5966714024543762,0.41274362802505493,-0.0,1.0,1.0,1,3,3,1,3,1,0,0.0,0.2741038501262665,2,stale-soft,0.0,6,244,105,CORRECT,0,0,0,0,0,0,0.0,0.0
margin,live-delta,11,0.0,0.374713,0.498995,0.285005,0.738281,0.415905,0.565905,0.04181373119354248,0.6546295881271362,0.6128158569335938,2.0454890727996826,7.732939720153809,0.34215420484542847,15,3,3,1,3,1,0,0.0,0.30705955624580383,2,stale-soft,0.0,6,245,123,CORRECT,0,0,0,0,0,0,0.0,0.0
margin,live-delta,11,0.0,0.374713,0.498995,0.285005,0.738281,0.415905,0.565905,0.3651820123195648,0.8150867223739624,0.4499047100543976,0.013132383115589619,1.0132189989089966,0.9984643459320068,4,3,3,1,3,1,0,0.0,0.5126630663871765,2,stale-soft,0.0,6,246,107,CORRECT,0,0,0,0,0,0,0.0,0.0
margin,live-delta,11,0.0,0.374713,0.498995,0.285005,0.738281,0.415905,0.565905,0.052057862281799316,0.6668754816055298,0.6148176193237305,1.2829850912094116,3.6073920726776123,0.6147833466529846,13,3,3,1,3,1,0,0.0,0.43059098720550537,2,stale-soft,0.0,6,247,116,CORRECT,0,0,0,0,0,0,0.0,0.0
margin,live-delta,11,0.0,0.374713,0.498995,0.285005,0.738281,0.415905,0.565905,0.31732428073883057,0.692050576210022,0.3747262954711914,-0.0,1.0,1.0,1,3,3,1,3,1,0,0.0,0.3636794686317444,2,stale-soft,0.0,6,248,105,CORRECT,0,0,0,0,0,0,0.0,0.0
margin,live-delta,11,0.0,0.374713,0.498995,0.285005,0.738281,0.415905,0.565905,0.04121026396751404,0.4416483938694,0.400438129901886,-0.0,1.0,1.0,1,3,3,1,3,1,0,0.0,0.19013172388076782,2,stale-soft,0.0,6,249,115,CORRECT,0,0,0,0,0,0,0.0,0.0
margin,live-delta,11,0.0,0.374713,0.498995,0.285005,0.738281,0.415905,0.565905,0.08134958148002625,0.4839929938316345,0.4026434123516083,-0.0,1.0,1.0,1,3,3,1,3,1,0,0.0,0.12375488877296448,2,stale-soft,0.0,6,250,107,CORRECT,0,0,0,0,0,0,0.0,0.0
margin,live-delta,11,0.0,0.374713,0.498995,0.285005,0.738281,0.415905,0.565905,0.5856990814208984,0.919346809387207,0.3336476981639862,-0.0,1.0,1.0,1,3,3,1,3,1,0,0.0,0.6660169363021851,2,stale-soft,0.0,6,251,105,CORRECT,0,0,0,0,0,0,0.0,0.0
margin,live-delta,11,0.0,0.374713,0.498995,0.285005,0.738281,0.415905,0.565905,0.04148721694946289,0.558095395565033,0.5166081786155701,1.8603737354278564,6.426137924194336,0.4060046374797821,10,3,3,1,3,1,0,0.0,0.1545422077178955,2,stale-soft,0.0,6,253,123,CORRECT,0,0,0,0,0,0,0.0,0.0
margin,live-delta,11,0.0,0.374713,0.498995,0.285005,0.738281,0.415905,0.565905,0.06869560480117798,0.5217567086219788,0.4530611038208008,0.7986289262771606,2.222491502761841,0.7080431580543518,3,3,3,1,3,1,0,0.0,0.24860435724258423,2,stale-soft,0.0,6,254,102,CORRECT,0,0,0,0,0,0,0.0,0.0
margin,live-delta,11,0.0,0.374713,0.498995,0.285005,0.738281,0.415905,0.565905,0.20871633291244507,0.6134811043739319,0.4047647714614868,-0.0,1.0,1.0,1,3,3,1,3,1,0,0.0,0.44915974140167236,2,stale-soft,0.0,6,255,122,CORRECT,0,0,0,0,0,0,0.0,0.0
