vigilance_policy,retrieval_floor_policy,epoch,contraction,rho_probe,within_probe,offclass_weight_mean,acc_epoch,sim_floor_active,floor_delta_ema,top1_top2_margin,top1_sim,top2_sim,vote_entropy,effective_support,max_vote_weight,n_surviving_votes,true_label,top1_label,top1_correct,vote_pred_label,vote_correct,is_blended,offclass_weight,true_margin,margin_bucket,arm,injection_rate,supersede_epoch,probe_index,top1_slot,failure_mode,contradictory_strict,contradictory_lenient,stale_strict,stale_lenient,n_contra_topk,n_stale_topk,contra_vote_weight,stale_vote_weight
margin,live-delta,0,0.0,0.271707,0.577329,0.024275,0.972656,0.439064,0.589064,0.03762426972389221,0.5110138058662415,0.47338953614234924,1.3084306716918945,3.700361967086792,0.4304646849632263,4,0,0,1,0,1,0,0.0,0.09347984194755554,2,clean,0.0,-1,0,28,CORRECT,0,0,0,0,0,0,0.0,0.0
margin,live-delta,0,0.0,0.271707,0.577329,0.024275,0.972656,0.439064,0.589064,0.15752142667770386,0.5575714111328125,0.40004998445510864,-0.0,1.0,1.0,1,0,0,1,0,1,0,0.0,0.2904238998889923,2,clean,0.0,-1,1,3,CORRECT,0,0,0,0,0,0,0.0,0.0
margin,live-delta,0,0.0,0.271707,0.577329,0.024275,0.972656,0.439064,0.589064,0.09297966957092285,0.6945255994796753,0.6015459299087524,1.0659769773483276,2.903674364089966,0.7134841084480286,8,0,0,1,0,1,1,0.14056897163391113,0.1141963005065918,2,clean,0.0,-1,2,14,CORRECT,0,0,0,0,0,0,0.0,0.0
margin,live-delta,0,0.0,0.271707,0.577329,0.024275,0.972656,0.439064,0.589064,0.059886783361434937,0.48569563031196594,0.425808846950531,-0.0,1.0,1.0,1,0,1,0,1,0,1,1.0,-0.17318376898765564,0,clean,0.0,-1,5,49,BLENDED,0,0,0,0,0,0,0.0,0.0
margin,live-delta,0,0.0,0.271707,0.577329,0.024275,0.972656,0.439064,0.589064,0.023535043001174927,0.47608861327171326,0.45255357027053833,1.070020318031311,2.915438652038574,0.44852760434150696,3,0,0,1,0,1,0,0.0,0.14675000309944153,2,clean,0.0,-1,9,13,CORRECT,0,0,0,0,0,0,0.0,0.0
margin,live-delta,0,0.0,0.271707,0.577329,0.024275,0.972656,0.439064,0.589064,0.014633804559707642,0.4974060356616974,0.48277223110198975,1.0649480819702148,2.900688409805298,0.44082605838775635,3,0,0,1,0,1,0,0.0,0.09648242592811584,2,clean,0.0,-1,10,17,CORRECT,0,0,0,0,0,0,0.0,0.0
margin,live-delta,0,0.0,0.271707,0.577329,0.024275,0.972656,0.439064,0.589064,0.08684149384498596,0.5661791563034058,0.4793376624584198,0.4222162961959839,1.5253384113311768,0.8502839207649231,2,0,0,1,0,1,0,0.0,0.3185681104660034,2,clean,0.0,-1,13,3,CORRECT,0,0,0,0,0,0,0.0,0.0
margin,live-delta,0,0.0,0.271707,0.577329,0.024275,0.972656,0.439064,0.589064,0.08117860555648804,0.4752614498138428,0.39408284425735474,-0.0,1.0,1.0,1,0,0,1,0,1,0,0.0,0.10955226421356201,2,clean,0.0,-1,14,3,CORRECT,0,0,0,0,0,0,0.0,0.0
margin,live-delta,0,0.0,0.271707,0.577329,0.024275,0.972656,0.439064,0.589064,0.06355580687522888,0.44446679949760437,0.3809109926223755,-0.0,1.0,1.0,1,0,0,1,0,1,0,0.0,0.09106484055519104,2,clean,0.0,-1,19,18,CORRECT,0,0,0,0,0,0,0.0,0.0
margin,live-delta,0,0.0,0.271707,0.577329,0.024275,0.972656,0.439064,0.589064,0.0298537015914917,0.4545491635799408,0.4246954619884491,-0.0,1.0,1.0,1,0,0,1,0,1,0,0.0,0.03719410300254822,1,clean,0.0,-1,21,28,CORRECT,0,0,0,0,0,0,0.0,0.0
margin,live-delta,0,0.0,0.271707,0.577329,0.024275,0.972656,0.439064,0.589064,0.0817604660987854,0.5454531908035278,0.46369272470474243,0.44480425119400024,1.5601847171783447,0.8368819952011108,2,0,0,1,0,1,0,0.0,0.1577472686767578,2,clean,0.0,-1,22,12,CORRECT,0,0,0,0,0,0,0.0,0.0
margin,live-delta,0,0.0,0.271707,0.577329,0.024275,0.972656,0.439064,0.589064,0.2307952344417572,0.45714232325553894,0.22634708881378174,-0.0,1.0,1.0,1,0,0,1,0,1,0,0.0,0.27203503251075745,2,clean,0.0,-1,23,9,CORRECT,0,0,0,0,0,0,0.0,0.0
margin,live-delta,0,0.0,0.271707,0.577329,0.024275,0.972656,0.439064,0.589064,0.08825361728668213,0.4393737316131592,0.35112011432647705,-0.0,1.0,1.0,1,0,1,0,1,0,1,1.0,-0.08825361728668213,0,clean,0.0,-1,24,58,BLENDED,0,0,0,0,0,0,0.0,0.0
margin,live-delta,0,0.0,0.271707,0.577329,0.024275,0.972656,0.439064,0.589064,0.018287837505340576,0.4404931664466858,0.4222053289413452,-0.0,1.0,1.0,1,0,0,1,0,1,0,0.0,0.11889442801475525,2,clean,0.0,-1,28,21,CORRECT,0,0,0,0,0,0,0.0,0.0
margin,live-delta,0,0.0,0.271707,0.577329,0.024275,0.972656,0.439064,0.589064,0.20138755440711975,0.5386088490486145,0.33722129464149475,-0.0,1.0,1.0,1,0,0,1,0,1,0,0.0,0.21796667575836182,2,clean,0.0,-1,29,30,CORRECT,0,0,0,0,0,0,0.0,0.0
margin,live-delta,0,0.0,0.271707,0.577329,0.024275,0.972656,0.439064,0.589064,0.001230776309967041,0.5109431743621826,0.5097123980522156,1.0983421802520752,2.999189853668213,0.3424144387245178,3,0,0,1,0,1,0,0.0,0.15158623456954956,2,clean,0.0,-1,30,27,CORRECT,0,0,0,0,0,0,0.0,0.0
margin,live-delta,0,0.0,0.271707,0.577329,0.024275,0.972656,0.439064,0.589064,0.05672097206115723,0.527478814125061,0.4707578420639038,0.9242557883262634,2.5199921131134033,0.6221434473991394,3,0,0,1,0,1,0,0.0,0.20573222637176514,2,clean,0.0,-1,31,21,CORRECT,0,0,0,0,0,0,0.0,0.0
margin,live-delta,0,0.0,0.271707,0.577329,0.024275,0.972656,0.439064,0.589064,0.06267088651657104,0.5771849155426025,0.5145140290260315,0.529564380645752,1.6981923580169678,0.7778909802436829,2,0,0,1,0,1,0,0.0,0.20687836408615112,2,clean,0.0,-1,32,21,CORRECT,0,0,0,0,0,0,0.0,0.0
margin,live-delta,0,0.0,0.271707,0.577329,0.024275,0.972656,0.439064,0.589064,0.06853950023651123,0.5272687673568726,0.45872926712036133,0.836567223072052,2.308429002761841,0.686884343624115,3,0,0,1,0,1,1,0.1744043529033661,0.06853950023651123,2,clean,0.0,-1,33,22,CORRECT,0,0,0,0,0,0,0.0,0.0
margin,live-delta,0,0.0,0.271707,0.577329,0.024275,0.972656,0.439064,0.589064,0.10985952615737915,0.44487905502319336,0.3350195288658142,-0.0,1.0,1.0,1,0,1,0,1,0,1,1.0,-0.10985952615737915,0,clean,0.0,-1,34,38,BLENDED,0,0,0,0,0,0,0.0,0.0
margin,live-delta,0,0.0,0.271707,0.577329,0.024275,0.972656,0.439064,0.589064,0.003992140293121338,0.46688970923423767,0.46289756894111633,1.5929940938949585,4.918453216552734,0.250478059053421,5,0,0,1,0,1,0,0.0,0.1551005244255066,2,clean,0.0,-1,36,31,CORRECT,0,0,0,0,0,0,0.0,0.0
margin,live-delta,0,0.0,0.271707,0.577329,0.024275,0.972656,0.439064,0.589064,0.042268991470336914,0.5554631948471069,0.51319420337677,1.7381713390350342,5.686934471130371,0.40361955761909485,8,0,0,1,0,1,1,0.2553464472293854,0.04853558540344238,1,clean,0.0,-1,37,14,CORRECT,0,0,0,0,0,0,0.0,0.0
margin,live-delta,0,0.0,0.271707,0.577329,0.024275,0.972656,0.439064,0.589064,0.030288755893707275,0.4567822813987732,0.4264935255050659,-0.0,1.0,1.0,1,0,0,1,0,1,0,0.0,0.10791254043579102,2,clean,0.0,-1,42,6,CORRECT,0,0,0,0,0,0,0.0,0.0
margin,live-delta,0,0.0,0.271707,0.577329,0.024275,0.972656,0.439064,0.589064,0.0289628803730011,0.45749402046203613,0.42853114008903503,-0.0,1.0,1.0,1,0,0,1,0,1,0,0.0,0.062056660652160645,2,clean,0.0,-1,43,31,CORRECT,0,0,0,0,0,0,0.0,0.0
margin,live-delta,0,0.0,0.271707,0.577329,0.024275,0.972656,0.439064,0.589064,0.004916787147521973,0.5519967079162598,0.5470799207687378,1.4430346488952637,4.233523845672607,0.3498474955558777,5,0,0,1,0,1,0,0.0,0.17608129978179932,2,clean,0.0,-1,45,5,CORRECT,0,0,0,0,0,0,0.0,0.0
margin,live-delta,0,0.0,0.271707,0.577329,0.024275,0.972656,0.439064,0.589064,0.00018841028213500977,0.47927355766296387,0.47908514738082886,0.6931453943252563,1.9999964237213135,0.5009419918060303,2,0,0,1,0,1,0,0.0,0.21689152717590332,2,clean,0.0,-1,48,18,CORRECT,0,0,0,0,0,0,0.0,0.0
margin,live-delta,0,0.0,0.271707,0.577329,0.024275,0.972656,0.439064,0.589064,0.13420286774635315,0.47192445397377014,0.337721586227417,-0.0,1.0,1.0,1,0,0,1,0,1,0,0.0,0.2240210920572281,2,clean,0.0,-1,49,18,CORRECT,0,0,0,0,0,0,0.0,0.0
margin,live-delta,0,0.0,0.271707,0.577329,0.024275,0.972656,0.439064,0.589064,0.019812464714050293,0.6749056577682495,0.6550931930541992,1.320310115814209,3.744582414627075,0.41643911600112915,7,0,0,1,0,1,0,0.0,0.2516825497150421,2,clean,0.0,-1,51,27,CORRECT,0,0,0,0,0,0,0.0,0.0
margin,live-delta,0,0.0,0.271707,0.577329,0.024275,0.972656,0.439064,0.589064,0.08814448118209839,0.606589138507843,0.5184446573257446,0.6165233850479126,1.8524764776229858,0.8030567765235901,3,0,0,1,0,1,0,0.0,0.3156187832355499,2,clean,0.0,-1,53,3,CORRECT,0,0,0,0,0,0,0.0,0.0
margin,live-delta,0,0.0,0.271707,0.577329,0.024275,0.972656,0.439064,0.589064,0.008193910121917725,0.5111909508705139,0.5029970407485962,1.2397409677505493,3.454718589782715,0.40997156500816345,4,0,0,1,0,1,0,0.0,0.09483623504638672,2,clean,0.0,-1,55,26,CORRECT,0,0,0,0,0,0,0.0,0.0
margin,live-delta,0,0.0,0.271707,0.577329,0.024275,0.972656,0.439064,0.589064,0.010157376527786255,0.4902037978172302,0.48004642128944397,1.5845460891723633,4.877077102661133,0.2621338367462158,5,0,0,1,0,1,1,0.12637773156166077,0.03647899627685547,1,clean,0.0,-1,56,27,CORRECT,0,0,0,0,0,0,0.0,0.0
margin,live-delta,0,0.0,0.271707,0.577329,0.024275,0.972656,0.439064,0.589064,0.06739246845245361,0.5771557092666626,0.509763240814209,1.3502264022827148,3.8582990169525146,0.5552761554718018,6,0,0,1,0,1,0,0.05098020285367966,0.11940142512321472,2,clean,0.0,-1,58,28,CORRECT,0,0,0,0,0,0,0.0,0.0
margin,live-delta,0,0.0,0.271707,0.577329,0.024275,0.972656,0.439064,0.589064,0.025899112224578857,0.6490280032157898,0.6231288909912109,1.4651652574539185,4.328258514404297,0.3999028503894806,6,0,0,1,0,1,0,0.0138956094160676,0.16798242926597595,2,clean,0.0,-1,59,25,CORRECT,0,0,0,0,0,0,0.0,0.0
margin,live-delta,0,0.0,0.271707,0.577329,0.024275,0.972656,0.439064,0.589064,0.06994545459747314,0.6491247415542603,0.5791792869567871,0.9464529752731323,2.576554298400879,0.6593641638755798,4,0,0,1,0,1,0,0.0,0.3308027386665344,2,clean,0.0,-1,62,25,CORRECT,0,0,0,0,0,0,0.0,0.0
margin,live-delta,0,0.0,0.271707,0.577329,0.024275,0.972656,0.439064,0.589064,0.01966238021850586,0.5686567425727844,0.5489943623542786,2.3414812088012695,10.396624565124512,0.19699007272720337,13,1,1,1,1,1,0,0.0,0.2685515880584717,2,clean,0.0,-1,64,55,CORRECT,0,0,0,0,0,0,0.0,0.0
margin,live-delta,0,0.0,0.271707,0.577329,0.024275,0.972656,0.439064,0.589064,0.024967968463897705,0.6106247305870056,0.5856567621231079,1.9094914197921753,6.749655246734619,0.31075409054756165,12,1,1,1,1,1,0,0.0,0.3402480483055115,2,clean,0.0,-1,65,37,CORRECT,0,0,0,0,0,0,0.0,0.0
margin,live-delta,0,0.0,0.271707,0.577329,0.024275,0.972656,0.439064,0.589064,0.05212599039077759,0.7629485726356506,0.710822582244873,1.4158259630203247,4.119887828826904,0.5562195777893066,16,1,1,1,1,1,0,0.0050707594491541386,0.2588147521018982,2,clean,0.0,-1,66,54,CORRECT,0,0,0,0,0,0,0.0,0.0
margin,live-delta,0,0.0,0.271707,0.577329,0.024275,0.972656,0.439064,0.589064,0.06852149963378906,0.7129783630371094,0.6444568634033203,1.7361316680908203,5.675346851348877,0.5102615356445312,17,1,1,1,1,1,0,0.0038727500941604376,0.24404793977737427,2,clean,0.0,-1,67,39,CORRECT,0,0,0,0,0,0,0.0,0.0
margin,live-delta,0,0.0,0.271707,0.577329,0.024275,0.972656,0.439064,0.589064,0.08516144752502441,0.7080281972885132,0.6228667497634888,1.44516122341156,4.2425360679626465,0.6203391551971436,15,1,1,1,1,1,0,0.003960753791034222,0.2526915967464447,2,clean,0.0,-1,68,54,CORRECT,0,0,0,0,0,0,0.0,0.0
margin,live-delta,0,0.0,0.271707,0.577329,0.024275,0.972656,0.439064,0.589064,0.04955393075942993,0.7288384437561035,0.6792845129966736,1.4435832500457764,4.235846996307373,0.514823317527771,11,1,1,1,1,1,0,0.001579965348355472,0.28932103514671326,2,clean,0.0,-1,69,55,CORRECT,0,0,0,0,0,0,0.0,0.0
margin,live-delta,0,0.0,0.271707,0.577329,0.024275,0.972656,0.439064,0.589064,0.014178097248077393,0.6187683939933777,0.6045902967453003,1.2818435430526733,3.603276491165161,0.4797991216182709,8,1,1,1,1,1,1,0.4353707432746887,0.014178097248077393,0,clean,0.0,-1,70,32,CORRECT,0,0,0,0,0,0,0.0,0.0
margin,live-delta,0,0.0,0.271707,0.577329,0.024275,0.972656,0.439064,0.589064,0.03313928842544556,0.5181591510772705,0.48501986265182495,0.6411111950874329,1.8985893726348877,0.659885823726654,2,1,1,1,1,1,0,0.0,0.1789383888244629,2,clean,0.0,-1,71,52,CORRECT,0,0,0,0,0,0,0.0,0.0
margin,live-delta,0,0.0,0.271707,0.577329,0.024275,0.972656,0.439064,0.589064,0.0879206657409668,0.5985121130943298,0.510591447353363,0.5796738862991333,1.7854560613632202,0.8154345154762268,3,1,1,1,1,1,0,0.0,0.19561368227005005,2,clean,0.0,-1,72,58,CORRECT,0,0,0,0,0,0,0.0,0.0
margin,live-delta,0,0.0,0.271707,0.577329,0.024275,0.972656,0.439064,0.589064,0.004833340644836426,0.6409604549407959,0.6361271142959595,1.7804850339889526,5.932733535766602,0.3165929615497589,11,1,1,1,1,1,0,0.0,0.31000831723213196,2,clean,0.0,-1,73,45,CORRECT,0,0,0,0,0,0,0.0,0.0
margin,live-delta,0,0.0,0.271707,0.577329,0.024275,0.972656,0.439064,0.589064,0.03012096881866455,0.551203727722168,0.5210827589035034,2.1479737758636475,8.56748104095459,0.28264811635017395,11,1,1,1,1,1,0,0.0,0.17551171779632568,2,clean,0.0,-1,74,50,CORRECT,0,0,0,0,0,0,0.0,0.0
margin,live-delta,0,0.0,0.271707,0.577329,0.024275,0.972656,0.439064,0.589064,0.005219697952270508,0.49835360050201416,0.49313390254974365,1.512419581413269,4.537696838378906,0.3093273341655731,5,1,1,1,1,1,0,0.0,0.15347930788993835,2,clean,0.0,-1,75,39,CORRECT,0,0,0,0,0,0,0.0,0.0
margin,live-delta,0,0.0,0.271707,0.577329,0.024275,0.972656,0.439064,0.589064,0.2984471321105957,0.7332471609115601,0.43480002880096436,-0.0,1.0,1.0,1,1,1,1,1,1,0,0.0,0.2984471321105957,2,clean,0.0,-1,76,38,CORRECT,0,0,0,0,0,0,0.0,0.0
margin,live-delta,0,0.0,0.271707,0.577329,0.024275,0.972656,0.439064,0.589064,0.11552649736404419,0.5862758159637451,0.4707493185997009,0.30312657356262207,1.3540858030319214,0.9097453355789185,2,1,1,1,1,1,0,0.0,0.14756673574447632,2,clean,0.0,-1,77,58,CORRECT,0,0,0,0,0,0,0.0,0.0
margin,live-delta,0,0.0,0.271707,0.577329,0.024275,0.972656,0.439064,0.589064,0.05276894569396973,0.5781490802764893,0.5253801345825195,1.8377052545547485,6.282105922698975,0.4033111035823822,9,1,1,1,1,1,0,0.06803681701421738,0.08898293972015381,2,clean,0.0,-1,78,44,CORRECT,0,0,0,0,0,0,0.0,0.0
margin,live-delta,0,0.0,0.271707,0.577329,0.024275,0.972656,0.439064,0.589064,0.14612972736358643,0.6591064929962158,0.5129767656326294,0.20158909261226654,1.2233452796936035,0.9489521384239197,2,1,1,1,1,1,0,0.0,0.330605149269104,2,clean,0.0,-1,80,48,CORRECT,0,0,0,0,0,0,0.0,0.0
margin,live-delta,0,0.0,0.271707,0.577329,0.024275,0.972656,0.439064,0.589064,0.016943812370300293,0.5699619054794312,0.5530180931091309,1.3377693891525269,3.8105342388153076,0.46108105778694153,6,1,1,1,1,1,0,0.0,0.24595826864242554,2,clean,0.0,-1,81,50,CORRECT,0,0,0,0,0,0,0.0,0.0
margin,live-delta,0,0.0,0.271707,0.577329,0.024275,0.972656,0.439064,0.589064,0.026044607162475586,0.7519335150718689,0.7258889079093933,1.5296614170074463,4.616613388061523,0.4416230618953705,13,1,1,1,1,1,0,0.0,0.4864329695701599,2,clean,0.0,-1,82,51,CORRECT,0,0,0,0,0,0,0.0,0.0
margin,live-delta,0,0.0,0.271707,0.577329,0.024275,0.972656,0.439064,0.589064,0.047495365142822266,0.6791089773178101,0.6316136121749878,1.3715834617614746,3.941587209701538,0.5729954838752747,11,1,1,1,1,1,0,0.0,0.3359265923500061,2,clean,0.0,-1,83,44,CORRECT,0,0,0,0,0,0,0.0,0.0
margin,live-delta,0,0.0,0.271707,0.577329,0.024275,0.972656,0.439064,0.589064,0.03799247741699219,0.7384377717971802,0.700445294380188,0.7970215678215027,2.2189221382141113,0.6581733822822571,7,1,1,1,1,1,0,0.0,0.348906934261322,2,clean,0.0,-1,84,41,CORRECT,0,0,0,0,0,0,0.0,0.0
margin,live-delta,0,0.0,0.271707,0.577329,0.024275,0.972656,0.439064,0.589064,0.0889737606048584,0.6956807374954224,0.606706976890564,1.406815767288208,4.0829339027404785,0.6207090616226196,13,1,1,1,1,1,0,0.0,0.38515859842300415,2,clean,0.0,-1,85,43,CORRECT,0,0,0,0,0,0,0.0,0.0
margin,live-delta,0,0.0,0.271707,0.577329,0.024275,0.972656,0.439064,0.589064,0.045197486877441406,0.7701441049575806,0.7249466180801392,1.4363933801651,4.205500602722168,0.5489729642868042,15,1,1,1,1,1,0,0.0,0.4686961770057678,2,clean,0.0,-1,86,51,CORRECT,0,0,0,0,0,0,0.0,0.0
margin,live-delta,0,0.0,0.271707,0.577329,0.024275,0.972656,0.439064,0.589064,0.011904120445251465,0.6797964572906494,0.667892336845398,1.5979340076446533,4.94281005859375,0.31458958983421326,9,1,1,1,1,1,0,0.0,0.41648101806640625,2,clean,0.0,-1,87,33,CORRECT,0,0,0,0,0,0,0.0,0.0
margin,live-delta,0,0.0,0.271707,0.577329,0.024275,0.972656,0.439064,0.589064,0.09143966436386108,0.5780873894691467,0.48664772510528564,0.8159888982772827,2.26141095161438,0.7532624006271362,4,1,1,1,1,1,0,0.05544177070260048,0.13045400381088257,2,clean,0.0,-1,88,47,CORRECT,0,0,0,0,0,0,0.0,0.0
margin,live-delta,0,0.0,0.271707,0.577329,0.024275,0.972656,0.439064,0.589064,0.03494095802307129,0.6190261840820312,0.58408522605896,0.9042328596115112,2.470036268234253,0.6164795756340027,4,1,1,1,1,1,0,0.0,0.2693459093570709,2,clean,0.0,-1,89,52,CORRECT,0,0,0,0,0,0,0.0,0.0
margin,live-delta,0,0.0,0.271707,0.577329,0.024275,0.972656,0.439064,0.589064,0.027263760566711426,0.692020058631897,0.6647562980651855,1.675542950630188,5.3416948318481445,0.37304309010505676,13,1,1,1,1,1,0,0.0,0.2833227515220642,2,clean,0.0,-1,91,39,CORRECT,0,0,0,0,0,0,0.0,0.0
margin,live-delta,0,0.0,0.271707,0.577329,0.024275,0.972656,0.439064,0.589064,0.029761195182800293,0.7398475408554077,0.7100863456726074,1.7118500471115112,5.5391998291015625,0.3889440596103668,14,1,1,1,1,1,0,0.0,0.47665858268737793,2,clean,0.0,-1,92,45,CORRECT,0,0,0,0,0,0,0.0,0.0
margin,live-delta,0,0.0,0.271707,0.577329,0.024275,0.972656,0.439064,0.589064,0.1284804344177246,0.5923916697502136,0.463911235332489,0.6271226406097412,1.872215747833252,0.8348609805107117,4,1,1,1,1,1,1,0.16513895988464355,0.1284804344177246,2,clean,0.0,-1,93,32,CORRECT,0,0,0,0,0,0,0.0,0.0
margin,live-delta,0,0.0,0.271707,0.577329,0.024275,0.972656,0.439064,0.589064,0.1297839879989624,0.55228590965271,0.42250192165374756,-0.0,1.0,1.0,1,1,1,1,1,1,0,0.0,0.32412323355674744,2,clean,0.0,-1,94,52,CORRECT,0,0,0,0,0,0,0.0,0.0
margin,live-delta,0,0.0,0.271707,0.577329,0.024275,0.972656,0.439064,0.589064,0.09342542290687561,0.5417872071266174,0.4483617842197418,0.3933871388435364,1.4819920063018799,0.8662855625152588,2,1,1,1,1,1,0,0.0,0.27124589681625366,2,clean,0.0,-1,95,51,CORRECT,0,0,0,0,0,0,0.0,0.0
margin,live-delta,0,0.0,0.271707,0.577329,0.024275,0.972656,0.439064,0.589064,0.050793468952178955,0.5806038975715637,0.5298104286193848,1.4404054880142212,4.222407817840576,0.45094889402389526,5,1,1,1,1,1,0,0.0,0.2296139895915985,2,clean,0.0,-1,97,39,CORRECT,0,0,0,0,0,0,0.0,0.0
margin,live-delta,0,0.0,0.271707,0.577329,0.024275,0.972656,0.439064,0.589064,0.015441596508026123,0.584922194480896,0.5694805979728699,1.9659758806228638,7.141879081726074,0.2806284725666046,9,1,1,1,1,1,0,0.0,0.33483394980430603,2,clean,0.0,-1,98,45,CORRECT,0,0,0,0,0,0,0.0,0.0
margin,live-delta,0,0.0,0.271707,0.577329,0.024275,0.972656,0.439064,0.589064,0.26017677783966064,0.6687585115432739,0.4085817337036133,-0.0,1.0,1.0,1,1,1,1,1,1,0,0.0,0.3264943063259125,2,clean,0.0,-1,99,60,CORRECT,0,0,0,0,0,0,0.0,0.0
margin,live-delta,0,0.0,0.271707,0.577329,0.024275,0.972656,0.439064,0.589064,0.015581190586090088,0.7002413272857666,0.6846601366996765,1.6012790203094482,4.959371566772461,0.4149681627750397,13,1,1,1,1,1,0,0.03963572904467583,0.12970495223999023,2,clean,0.0,-1,100,55,CORRECT,0,0,0,0,0,0,0.0,0.0
margin,live-delta,0,0.0,0.271707,0.577329,0.024275,0.972656,0.439064,0.589064,0.056407630443573,0.6827635765075684,0.6263559460639954,1.5161516666412354,4.55466365814209,0.4522438645362854,8,1,1,1,1,1,0,0.0,0.3936646282672882,2,clean,0.0,-1,101,33,CORRECT,0,0,0,0,0,0,0.0,0.0
margin,live-delta,0,0.0,0.271707,0.577329,0.024275,0.972656,0.439064,0.589064,0.03583967685699463,0.5661741495132446,0.53033447265625,1.8710620403289795,6.4951910972595215,0.3483125567436218,9,1,1,1,1,1,1,0.16582131385803223,0.03710949420928955,1,clean,0.0,-1,102,50,CORRECT,0,0,0,0,0,0,0.0,0.0
margin,live-delta,0,0.0,0.271707,0.577329,0.024275,0.972656,0.439064,0.589064,0.01545494794845581,0.607532799243927,0.5920778512954712,0.6813455820083618,1.9765355587005615,0.5766653418540955,2,1,1,1,1,1,0,0.0,0.19596463441848755,2,clean,0.0,-1,103,41,CORRECT,0,0,0,0,0,0,0.0,0.0
margin,live-delta,0,0.0,0.271707,0.577329,0.024275,0.972656,0.439064,0.589064,0.06616508960723877,0.7455623149871826,0.6793972253799438,1.2658060789108276,3.545949935913086,0.6393237709999084,14,1,1,1,1,1,0,0.0,0.34216418862342834,2,clean,0.0,-1,104,39,CORRECT,0,0,0,0,0,0,0.0,0.0
margin,live-delta,0,0.0,0.271707,0.577329,0.024275,0.972656,0.439064,0.589064,0.0018985271453857422,0.7375691533088684,0.7356706261634827,1.6145350933074951,5.025550842285156,0.3246951401233673,13,1,1,1,1,1,0,0.0,0.30341246724128723,2,clean,0.0,-1,105,54,CORRECT,0,0,0,0,0,0,0.0,0.0
margin,live-delta,0,0.0,0.271707,0.577329,0.024275,0.972656,0.439064,0.589064,0.00989389419555664,0.4737173914909363,0.46382349729537964,1.0729889869689941,2.9241065979003906,0.41885125637054443,3,1,1,1,1,1,0,0.0,0.1302989423274994,2,clean,0.0,-1,106,62,CORRECT,0,0,0,0,0,0,0.0,0.0
margin,live-delta,0,0.0,0.271707,0.577329,0.024275,0.972656,0.439064,0.589064,0.1537250280380249,0.799985408782959,0.6462603807449341,0.4958779215812683,1.6419390439987183,0.8949791193008423,10,1,1,1,1,1,0,0.0,0.5308573842048645,2,clean,0.0,-1,107,51,CORRECT,0,0,0,0,0,0,0.0,0.0
margin,live-delta,0,0.0,0.271707,0.577329,0.024275,0.972656,0.439064,0.589064,0.03705352544784546,0.7192625999450684,0.6822090744972229,1.5510046482086182,4.716206073760986,0.5038705468177795,15,1,1,1,1,1,0,0.0,0.4430217444896698,2,clean,0.0,-1,108,45,CORRECT,0,0,0,0,0,0,0.0,0.0
margin,live-delta,0,0.0,0.271707,0.577329,0.024275,0.972656,0.439064,0.589064,0.22602304816246033,0.6040655374526978,0.3780424892902374,-0.0,1.0,1.0,1,1,1,1,1,1,0,0.0,0.22602304816246033,2,clean,0.0,-1,109,38,CORRECT,0,0,0,0,0,0,0.0,0.0
margin,live-delta,0,0.0,0.271707,0.577329,0.024275,0.972656,0.439064,0.589064,0.037272632122039795,0.5118335485458374,0.4745609164237976,0.6282285451889038,1.8742873668670654,0.6781869530677795,2,1,1,1,1,1,0,0.0,0.14201003313064575,2,clean,0.0,-1,110,47,CORRECT,0,0,0,0,0,0,0.0,0.0
margin,live-delta,0,0.0,0.271707,0.577329,0.024275,0.972656,0.439064,0.589064,0.00589442253112793,0.6232324838638306,0.6173380613327026,0.9393909573554993,2.558422803878784,0.49284619092941284,4,1,1,1,1,1,0,0.0,0.26012080907821655,2,clean,0.0,-1,111,59,CORRECT,0,0,0,0,0,0,0.0,0.0
margin,live-delta,0,0.0,0.271707,0.577329,0.024275,0.972656,0.439064,0.589064,0.01124069094657898,0.4431905448436737,0.4319498538970947,-0.0,1.0,1.0,1,1,1,1,1,1,0,0.0,0.03822389245033264,1,clean,0.0,-1,112,51,CORRECT,0,0,0,0,0,0,0.0,0.0
margin,live-delta,0,0.0,0.271707,0.577329,0.024275,0.972656,0.439064,0.589064,0.06394106149673462,0.701833188533783,0.6378921270370483,1.6664202213287354,5.293185234069824,0.5275378227233887,15,1,1,1,1,1,0,0.0035519737284630537,0.25003582239151,2,clean,0.0,-1,113,39,CORRECT,0,0,0,0,0,0,0.0,0.0
margin,live-delta,0,0.0,0.271707,0.577329,0.024275,0.972656,0.439064,0.589064,0.06835818290710449,0.6080368757247925,0.539678692817688,0.9950105547904968,2.7047529220581055,0.660291850566864,4,1,1,1,1,1,0,0.0,0.2539392411708832,2,clean,0.0,-1,114,59,CORRECT,0,0,0,0,0,0,0.0,0.0
margin,live-delta,0,0.0,0.271707,0.577329,0.024275,0.972656,0.439064,0.589064,0.05447810888290405,0.6041508316993713,0.5496727228164673,1.0775936841964722,2.9376022815704346,0.6253456473350525,5,1,1,1,1,1,0,0.0,0.33038443326950073,2,clean,0.0,-1,115,50,CORRECT,0,0,0,0,0,0,0.0,0.0
margin,live-delta,0,0.0,0.271707,0.577329,0.024275,0.972656,0.439064,0.589064,0.01016378402709961,0.5373191833496094,0.5271553993225098,1.6083056926727295,4.99434232711792,0.3345862329006195,6,1,1,1,1,1,1,0.23712188005447388,0.042666494846343994,1,clean,0.0,-1,116,63,CORRECT,0,0,0,0,0,0,0.0,0.0
margin,live-delta,0,0.0,0.271707,0.577329,0.024275,0.972656,0.439064,0.589064,0.06607326865196228,0.4983387291431427,0.4322654604911804,-0.0,1.0,1.0,1,1,1,1,1,1,0,0.0,0.06607326865196228,2,clean,0.0,-1,117,58,CORRECT,0,0,0,0,0,0,0.0,0.0
margin,live-delta,0,0.0,0.271707,0.577329,0.024275,0.972656,0.439064,0.589064,0.04003894329071045,0.7102930545806885,0.670254111289978,1.3079015016555786,3.698404550552368,0.5311775207519531,9,1,1,1,1,1,0,0.0,0.4212930202484131,2,clean,0.0,-1,119,39,CORRECT,0,0,0,0,0,0,0.0,0.0
margin,live-delta,0,0.0,0.271707,0.577329,0.024275,0.972656,0.439064,0.589064,0.2523503005504608,0.6183493137359619,0.3659990131855011,-0.0,1.0,1.0,1,1,1,1,1,1,0,0.0,0.41161060333251953,2,clean,0.0,-1,121,52,CORRECT,0,0,0,0,0,0,0.0,0.0
margin,live-delta,0,0.0,0.271707,0.577329,0.024275,0.972656,0.439064,0.589064,0.014266133308410645,0.7422631978988647,0.7279970645904541,1.422123670578003,4.145915508270264,0.38885706663131714,11,1,1,1,1,1,0,0.0,0.5021474361419678,2,clean,0.0,-1,122,45,CORRECT,0,0,0,0,0,0,0.0,0.0
margin,live-delta,0,0.0,0.271707,0.577329,0.024275,0.972656,0.439064,0.589064,0.08240044116973877,0.8361939191818237,0.753793478012085,0.5423063039779663,1.7199690341949463,0.8239426612854004,6,1,1,1,1,1,0,0.0004518595524132252,0.37542420625686646,2,clean,0.0,-1,123,36,CORRECT,0,0,0,0,0,0,0.0,0.0
margin,live-delta,0,0.0,0.271707,0.577329,0.024275,0.972656,0.439064,0.589064,0.03546115756034851,0.49169304966926575,0.45623189210891724,1.0287868976593018,2.7976698875427246,0.5145205855369568,3,1,1,1,1,1,0,0.0,0.18838730454444885,2,clean,0.0,-1,125,41,CORRECT,0,0,0,0,0,0,0.0,0.0
margin,live-delta,0,0.0,0.271707,0.577329,0.024275,0.972656,0.439064,0.589064,0.0261155366897583,0.744177520275116,0.7180619835853577,1.4765279293060303,4.377719402313232,0.4277113974094391,13,1,1,1,1,1,0,0.005537495948374271,0.23962503671646118,2,clean,0.0,-1,126,62,CORRECT,0,0,0,0,0,0,0.0,0.0
margin,live-delta,0,0.0,0.271707,0.577329,0.024275,0.972656,0.439064,0.589064,0.19001200795173645,0.6020189523696899,0.4120069444179535,-0.0,1.0,1.0,1,1,1,1,1,1,0,0.0,0.37000665068626404,2,clean,0.0,-1,127,47,CORRECT,0,0,0,0,0,0,0.0,0.0
margin,live-delta,0,0.0,0.271707,0.577329,0.024275,0.972656,0.439064,0.589064,0.005229651927947998,0.5517898201942444,0.5465601682662964,2.1953423023223877,8.983075141906738,0.20394165813922882,11,2,2,1,2,1,0,0.0,0.22328901290893555,2,clean,0.0,-1,128,92,CORRECT,0,0,0,0,0,0,0.0,0.0
margin,live-delta,0,0.0,0.271707,0.577329,0.024275,0.972656,0.439064,0.589064,0.012582868337631226,0.4893530011177063,0.4767701327800751,1.5458707809448242,4.692055702209473,0.315262109041214,5,2,2,1,2,1,0,0.0,0.07689374685287476,2,clean,0.0,-1,130,88,CORRECT,0,0,0,0,0,0,0.0,0.0
margin,live-delta,0,0.0,0.271707,0.577329,0.024275,0.972656,0.439064,0.589064,0.03712707757949829,0.7388211488723755,0.7016940712928772,1.1324647665023804,3.1032960414886475,0.5346430540084839,9,2,2,1,2,1,0,0.0,0.4550756812095642,2,clean,0.0,-1,131,92,CORRECT,0,0,0,0,0,0,0.0,0.0
margin,live-delta,0,0.0,0.271707,0.577329,0.024275,0.972656,0.439064,0.589064,0.07996654510498047,0.5953593254089355,0.5153927803039551,1.5070693492889404,4.513484001159668,0.5781190991401672,9,2,2,1,2,1,0,0.0,0.30446359515190125,2,clean,0.0,-1,132,80,CORRECT,0,0,0,0,0,0,0.0,0.0
margin,live-delta,0,0.0,0.271707,0.577329,0.024275,0.972656,0.439064,0.589064,0.10068809986114502,0.6728984117507935,0.5722103118896484,1.317524790763855,3.7341670989990234,0.6606665849685669,10,2,2,1,2,1,0,0.0,0.549420952796936,2,clean,0.0,-1,133,66,CORRECT,0,0,0,0,0,0,0.0,0.0
margin,live-delta,0,0.0,0.271707,0.577329,0.024275,0.972656,0.439064,0.589064,0.010797262191772461,0.6597398519515991,0.6489425897598267,1.7877330780029297,5.975890159606934,0.33156898617744446,12,2,2,1,2,1,0,0.0,0.41171005368232727,2,clean,0.0,-1,134,92,CORRECT,0,0,0,0,0,0,0.0,0.0
margin,live-delta,0,0.0,0.271707,0.577329,0.024275,0.972656,0.439064,0.589064,0.038563430309295654,0.7814432978630066,0.7428798675537109,2.0973949432373047,8.14492416381836,0.3092581331729889,17,2,2,1,2,1,0,0.0,0.6722792387008667,2,clean,0.0,-1,135,86,CORRECT,0,0,0,0,0,0,0.0,0.0
margin,live-delta,0,0.0,0.271707,0.577329,0.024275,0.972656,0.439064,0.589064,0.020030081272125244,0.5288381576538086,0.5088080763816833,2.260021448135376,9.583294868469238,0.22070133686065674,11,2,2,1,2,1,0,0.0,0.34904682636260986,2,clean,0.0,-1,136,88,CORRECT,0,0,0,0,0,0,0.0,0.0
margin,live-delta,0,0.0,0.271707,0.577329,0.024275,0.972656,0.439064,0.589064,0.073203444480896,0.7202974557876587,0.6470940113067627,1.0489871501922607,2.8547582626342773,0.6896443367004395,9,2,2,1,2,1,0,0.0,0.329639196395874,2,clean,0.0,-1,137,88,CORRECT,0,0,0,0,0,0,0.0,0.0
margin,live-delta,0,0.0,0.271707,0.577329,0.024275,0.972656,0.439064,0.589064,0.010031938552856445,0.6941384077072144,0.6841064691543579,2.1667442321777344,8.729815483093262,0.25467154383659363,18,2,2,1,2,1,0,0.0,0.5886439085006714,2,clean,0.0,-1,138,81,CORRECT,0,0,0,0,0,0,0.0,0.0
margin,live-delta,0,0.0,0.271707,0.577329,0.024275,0.972656,0.439064,0.589064,0.02701401710510254,0.5055744051933289,0.4785603880882263,0.6579487919807434,1.9308277368545532,0.6318776607513428,2,2,2,1,2,1,0,0.0,0.27878403663635254,2,clean,0.0,-1,139,80,CORRECT,0,0,0,0,0,0,0.0,0.0
margin,live-delta,0,0.0,0.271707,0.577329,0.024275,0.972656,0.439064,0.589064,0.004963397979736328,0.5345861911773682,0.5296227931976318,1.971577525138855,7.181997299194336,0.22626833617687225,8,2,2,1,2,1,0,0.0,0.4051614999771118,2,clean,0.0,-1,140,66,CORRECT,0,0,0,0,0,0,0.0,0.0
margin,live-delta,0,0.0,0.271707,0.577329,0.024275,0.972656,0.439064,0.589064,0.0156974196434021,0.6356213688850403,0.6199239492416382,1.9866859912872314,7.291330337524414,0.2903841435909271,13,2,2,1,2,1,0,0.0,0.4982225298881531,2,clean,0.0,-1,141,66,CORRECT,0,0,0,0,0,0,0.0,0.0
margin,live-delta,0,0.0,0.271707,0.577329,0.024275,0.972656,0.439064,0.589064,0.01708298921585083,0.7122920751571655,0.6952090859413147,1.2599601745605469,3.5252811908721924,0.4833809733390808,10,2,2,1,2,1,0,0.0,0.3683291971683502,2,clean,0.0,-1,142,88,CORRECT,0,0,0,0,0,0,0.0,0.0
margin,live-delta,0,0.0,0.271707,0.577329,0.024275,0.972656,0.439064,0.589064,0.05140995979309082,0.7328740954399109,0.6814641356468201,1.9405049085617065,6.962265491485596,0.40896961092948914,16,2,2,1,2,1,0,0.0,0.6180444955825806,2,clean,0.0,-1,143,66,CORRECT,0,0,0,0,0,0,0.0,0.0
margin,live-delta,0,0.0,0.271707,0.577329,0.024275,0.972656,0.439064,0.589064,0.06999588012695312,0.8557835817337036,0.7857877016067505,1.1510076522827148,3.161376953125,0.6333998441696167,16,2,2,1,2,1,0,0.0,0.6665446758270264,2,clean,0.0,-1,144,92,CORRECT,0,0,0,0,0,0,0.0,0.0
margin,live-delta,0,0.0,0.271707,0.577329,0.024275,0.972656,0.439064,0.589064,0.07027477025985718,0.7297858595848083,0.6595110893249512,1.6335607767105103,5.1220808029174805,0.5572382807731628,15,2,2,1,2,1,0,0.0,0.5841353535652161,2,clean,0.0,-1,145,82,CORRECT,0,0,0,0,0,0,0.0,0.0
margin,live-delta,0,0.0,0.271707,0.577329,0.024275,0.972656,0.439064,0.589064,0.012750029563903809,0.620884895324707,0.6081348657608032,2.2108232975006104,9.123224258422852,0.2578112781047821,15,2,2,1,2,1,0,0.0,0.41435956954956055,2,clean,0.0,-1,146,89,CORRECT,0,0,0,0,0,0,0.0,0.0
margin,live-delta,0,0.0,0.271707,0.577329,0.024275,0.972656,0.439064,0.589064,0.01943683624267578,0.7345792055130005,0.7151423692703247,1.9745113849639893,7.203099250793457,0.32740145921707153,17,2,2,1,2,1,0,0.0,0.5811883211135864,2,clean,0.0,-1,147,66,CORRECT,0,0,0,0,0,0,0.0,0.0
margin,live-delta,0,0.0,0.271707,0.577329,0.024275,0.972656,0.439064,0.589064,0.05345660448074341,0.7361685633659363,0.6827119588851929,1.9927566051483154,7.335727691650391,0.3912556767463684,14,2,2,1,2,1,0,0.0,0.5475063323974609,2,clean,0.0,-1,148,87,CORRECT,0,0,0,0,0,0,0.0,0.0
margin,live-delta,0,0.0,0.271707,0.577329,0.024275,0.972656,0.439064,0.589064,0.032271623611450195,0.8208656311035156,0.7885940074920654,1.3720816373825073,3.9435513019561768,0.4559568762779236,16,2,2,1,2,1,0,0.0,0.5866742730140686,2,clean,0.0,-1,149,88,CORRECT,0,0,0,0,0,0,0.0,0.0
margin,live-delta,0,0.0,0.271707,0.577329,0.024275,0.972656,0.439064,0.589064,0.055301666259765625,0.5719026327133179,0.5166009664535522,1.0985515117645264,2.9998176097869873,0.626548171043396,5,2,2,1,2,1,0,0.0,0.34642860293388367,2,clean,0.0,-1,150,80,CORRECT,0,0,0,0,0,0,0.0,0.0
margin,live-delta,0,0.0,0.271707,0.577329,0.024275,0.972656,0.439064,0.589064,0.16924935579299927,0.6686280965805054,0.4993787407875061,0.38829556107521057,1.4744654893875122,0.9189178347587585,5,2,2,1,2,1,0,0.0,0.5161433815956116,2,clean,0.0,-1,151,82,CORRECT,0,0,0,0,0,0,0.0,0.0
margin,live-delta,0,0.0,0.271707,0.577329,0.024275,0.972656,0.439064,0.589064,0.014408707618713379,0.7415615320205688,0.7271528244018555,2.1189281940460205,8.322213172912598,0.27553868293762207,18,2,2,1,2,1,0,0.0,0.6040228009223938,2,clean,0.0,-1,152,66,CORRECT,0,0,0,0,0,0,0.0,0.0
margin,live-delta,0,0.0,0.271707,0.577329,0.024275,0.972656,0.439064,0.589064,0.010547876358032227,0.8060425519943237,0.7954946756362915,1.3239156007766724,3.758107900619507,0.42233118414878845,16,2,2,1,2,1,0,0.0,0.5476217269897461,2,clean,0.0,-1,153,92,CORRECT,0,0,0,0,0,0,0.0,0.0
margin,live-delta,0,0.0,0.271707,0.577329,0.024275,0.972656,0.439064,0.589064,0.020640254020690918,0.6020315885543823,0.5813913345336914,2.2193665504455566,9.201499938964844,0.24520422518253326,13,2,2,1,2,1,0,0.0,0.42076271772384644,2,clean,0.0,-1,160,94,CORRECT,0,0,0,0,0,0,0.0,0.0
margin,live-delta,0,0.0,0.271707,0.577329,0.024275,0.972656,0.439064,0.589064,0.0004684329032897949,0.558491587638855,0.5580231547355652,2.468005895614624,11.798894882202148,0.15108776092529297,14,2,2,1,2,1,0,0.0,0.3641226291656494,2,clean,0.0,-1,162,94,CORRECT,0,0,0,0,0,0,0.0,0.0
margin,live-delta,0,0.0,0.271707,0.577329,0.024275,0.972656,0.439064,0.589064,0.009126722812652588,0.5600058436393738,0.5508791208267212,1.837072491645813,6.27813196182251,0.299072802066803,8,2,2,1,2,1,0,0.0,0.3933143615722656,2,clean,0.0,-1,164,86,CORRECT,0,0,0,0,0,0,0.0,0.0
margin,live-delta,0,0.0,0.271707,0.577329,0.024275,0.972656,0.439064,0.589064,0.02350926399230957,0.6209155321121216,0.597406268119812,2.3354697227478027,10.33431339263916,0.22745604813098907,14,2,2,1,2,1,0,0.0,0.4534796178340912,2,clean,0.0,-1,166,66,CORRECT,0,0,0,0,0,0,0.0,0.0
margin,live-delta,0,0.0,0.271707,0.577329,0.024275,0.972656,0.439064,0.589064,0.07067340612411499,0.8171741366386414,0.7465007305145264,1.6226474046707153,5.06648588180542,0.5326154232025146,17,2,2,1,2,1,0,0.0,0.6834558248519897,2,clean,0.0,-1,167,94,CORRECT,0,0,0,0,0,0,0.0,0.0
margin,live-delta,0,0.0,0.271707,0.577329,0.024275,0.972656,0.439064,0.589064,0.04554343223571777,0.8218976855278015,0.7763542532920837,1.8764818906784058,6.530489444732666,0.38273027539253235,18,2,2,1,2,1,0,0.0,0.6797922253608704,2,clean,0.0,-1,169,87,CORRECT,0,0,0,0,0,0,0.0,0.0
margin,live-delta,0,0.0,0.271707,0.577329,0.024275,0.972656,0.439064,0.589064,0.055218279361724854,0.4490985870361328,0.39388030767440796,-0.0,1.0,1.0,1,2,2,1,2,1,0,0.0,0.1706991195678711,2,clean,0.0,-1,170,74,CORRECT,0,0,0,0,0,0,0.0,0.0
margin,live-delta,0,0.0,0.271707,0.577329,0.024275,0.972656,0.439064,0.589064,0.03050374984741211,0.7986985445022583,0.7681947946548462,2.0227675437927246,7.559216499328613,0.3476046919822693,18,2,2,1,2,1,0,0.0,0.652678370475769,2,clean,0.0,-1,172,94,CORRECT,0,0,0,0,0,0,0.0,0.0
margin,live-delta,0,0.0,0.271707,0.577329,0.024275,0.972656,0.439064,0.589064,0.022157609462738037,0.6517328023910522,0.6295751929283142,1.8360211849212646,6.271535396575928,0.374071329832077,11,2,2,1,2,1,0,0.0,0.493843138217926,2,clean,0.0,-1,173,79,CORRECT,0,0,0,0,0,0,0.0,0.0
margin,live-delta,0,0.0,0.271707,0.577329,0.024275,0.972656,0.439064,0.589064,0.029355645179748535,0.8051860332489014,0.7758303880691528,1.780912160873413,5.935267925262451,0.37560105323791504,17,2,2,1,2,1,0,0.0,0.5979050397872925,2,clean,0.0,-1,174,88,CORRECT,0,0,0,0,0,0,0.0,0.0
margin,live-delta,0,0.0,0.271707,0.577329,0.024275,0.972656,0.439064,0.589064,0.014246940612792969,0.5697592496871948,0.5555123090744019,2.2537872791290283,9.523736953735352,0.26052936911582947,13,2,2,1,2,1,0,0.0,0.27040910720825195,2,clean,0.0,-1,175,82,CORRECT,0,0,0,0,0,0,0.0,0.0
margin,live-delta,0,0.0,0.271707,0.577329,0.024275,0.972656,0.439064,0.589064,0.014076292514801025,0.726281464099884,0.712205171585083,1.8721051216125488,6.501969337463379,0.28966787457466125,16,2,2,1,2,1,0,0.0,0.535503089427948,2,clean,0.0,-1,176,87,CORRECT,0,0,0,0,0,0,0.0,0.0
margin,live-delta,0,0.0,0.271707,0.577329,0.024275,0.972656,0.439064,0.589064,0.05845820903778076,0.6732896566390991,0.6148314476013184,1.9466885328292847,7.00545072555542,0.41664114594459534,15,2,2,1,2,1,0,0.0,0.47631222009658813,2,clean,0.0,-1,177,66,CORRECT,0,0,0,0,0,0,0.0,0.0
margin,live-delta,0,0.0,0.271707,0.577329,0.024275,0.972656,0.439064,0.589064,0.09708833694458008,0.498207688331604,0.4011193513870239,-0.0,1.0,1.0,1,2,2,1,2,1,0,0.0,0.16100990772247314,2,clean,0.0,-1,178,64,CORRECT,0,0,0,0,0,0,0.0,0.0
margin,live-delta,0,0.0,0.271707,0.577329,0.024275,0.972656,0.439064,0.589064,0.014411091804504395,0.642770528793335,0.6283594369888306,2.2935867309570312,9.910420417785645,0.2121940553188324,17,2,2,1,2,1,0,0.0,0.5257186889648438,2,clean,0.0,-1,179,81,CORRECT,0,0,0,0,0,0,0.0,0.0
margin,live-delta,0,0.0,0.271707,0.577329,0.024275,0.972656,0.439064,0.589064,0.009206622838973999,0.48549434542655945,0.47628772258758545,0.6889269948005676,1.991577386856079,0.5459035038948059,2,2,2,1,2,1,0,0.0,0.08106586337089539,2,clean,0.0,-1,180,88,CORRECT,0,0,0,0,0,0,0.0,0.0
margin,live-delta,0,0.0,0.271707,0.577329,0.024275,0.972656,0.439064,0.589064,0.07042646408081055,0.7437867522239685,0.673360288143158,1.7850247621536255,5.959727764129639,0.4779830276966095,13,2,2,1,2,1,0,0.0,0.6262246966362,2,clean,0.0,-1,182,82,CORRECT,0,0,0,0,0,0,0.0,0.0
margin,live-delta,0,0.0,0.271707,0.577329,0.024275,0.972656,0.439064,0.589064,0.00473785400390625,0.6011457443237305,0.5964078903198242,2.072744846343994,7.946605205535889,0.22993776202201843,12,2,2,1,2,1,0,0.0,0.3789810240268707,2,clean,0.0,-1,183,86,CORRECT,0,0,0,0,0,0,0.0,0.0
margin,live-delta,0,0.0,0.271707,0.577329,0.024275,0.972656,0.439064,0.589064,0.0015205740928649902,0.6854196190834045,0.6838990449905396,2.1933770179748535,8.965438842773438,0.20872709155082703,18,2,2,1,2,1,0,0.0,0.5326675176620483,2,clean,0.0,-1,184,86,CORRECT,0,0,0,0,0,0,0.0,0.0
margin,live-delta,0,0.0,0.271707,0.577329,0.024275,0.972656,0.439064,0.589064,0.032849788665771484,0.6116892099380493,0.5788394212722778,2.093151569366455,8.110435485839844,0.3236585557460785,13,2,2,1,2,1,0,0.0,0.46648189425468445,2,clean,0.0,-1,185,81,CORRECT,0,0,0,0,0,0,0.0,0.0
margin,live-delta,0,0.0,0.271707,0.577329,0.024275,0.972656,0.439064,0.589064,0.009874820709228516,0.8028467893600464,0.7929719686508179,1.5425740480422974,4.676612377166748,0.3523537814617157,16,2,2,1,2,1,0,0.0,0.5988579988479614,2,clean,0.0,-1,186,88,CORRECT,0,0,0,0,0,0,0.0,0.0
margin,live-delta,0,0.0,0.271707,0.577329,0.024275,0.972656,0.439064,0.589064,0.002904832363128662,0.8251573443412781,0.8222525119781494,1.9314234256744385,6.8993239402771,0.2785907983779907,18,2,2,1,2,1,0,0.0,0.7316372394561768,2,clean,0.0,-1,187,66,CORRECT,0,0,0,0,0,0,0.0,0.0
margin,live-delta,0,0.0,0.271707,0.577329,0.024275,0.972656,0.439064,0.589064,0.0050036609172821045,0.47099390625953674,0.46599024534225464,1.0700676441192627,2.915576696395874,0.4062097668647766,3,2,2,1,2,1,0,0.0,0.1328435242176056,2,clean,0.0,-1,188,89,CORRECT,0,0,0,0,0,0,0.0,0.0
margin,live-delta,0,0.0,0.271707,0.577329,0.024275,0.972656,0.439064,0.589064,0.0056299567222595215,0.5357644557952881,0.5301344990730286,1.9224615097045898,6.837769031524658,0.258139431476593,8,2,2,1,2,1,0,0.0,0.26216602325439453,2,clean,0.0,-1,190,67,CORRECT,0,0,0,0,0,0,0.0,0.0
margin,live-delta,0,0.0,0.271707,0.577329,0.024275,0.972656,0.439064,0.589064,0.05560547113418579,0.632349967956543,0.5767444968223572,2.061814069747925,7.860215663909912,0.36354196071624756,13,2,2,1,2,1,0,0.0,0.39755454659461975,2,clean,0.0,-1,191,81,CORRECT,0,0,0,0,0,0,0.0,0.0
margin,live-delta,0,0.0,0.271707,0.577329,0.024275,0.972656,0.439064,0.589064,0.1022566556930542,0.8100323677062988,0.7077757120132446,1.329530954360962,3.7792701721191406,0.6659570336341858,15,3,3,1,3,1,0,0.0,0.6372814774513245,2,clean,0.0,-1,192,110,CORRECT,0,0,0,0,0,0,0.0,0.0
margin,live-delta,0,0.0,0.271707,0.577329,0.024275,0.972656,0.439064,0.589064,0.006317168474197388,0.46576759219169617,0.4594504237174988,0.6911558508872986,1.9960212707519531,0.5315437316894531,2,3,3,1,3,1,0,0.0,0.23192644119262695,2,clean,0.0,-1,193,122,CORRECT,0,0,0,0,0,0,0.0,0.0
margin,live-delta,0,0.0,0.271707,0.577329,0.024275,0.972656,0.439064,0.589064,0.027418076992034912,0.8872389197349548,0.8598208427429199,1.6352026462554932,5.130497455596924,0.4058467745780945,13,3,3,1,3,1,0,0.0,0.7987887859344482,2,clean,0.0,-1,194,97,CORRECT,0,0,0,0,0,0,0.0,0.0
margin,live-delta,0,0.0,0.271707,0.577329,0.024275,0.972656,0.439064,0.589064,0.09606266021728516,0.7679380178451538,0.6718753576278687,1.635295033454895,5.130971431732178,0.5858632326126099,20,3,3,1,3,1,0,0.0,0.467274934053421,2,clean,0.0,-1,195,105,CORRECT,0,0,0,0,0,0,0.0,0.0
margin,live-delta,0,0.0,0.271707,0.577329,0.024275,0.972656,0.439064,0.589064,0.033324480056762695,0.5985491275787354,0.5652246475219727,2.370943307876587,10.707488059997559,0.2544578015804291,16,3,3,1,3,1,0,0.0,0.4936526417732239,2,clean,0.0,-1,196,113,CORRECT,0,0,0,0,0,0,0.0,0.0
margin,live-delta,0,0.0,0.271707,0.577329,0.024275,0.972656,0.439064,0.589064,0.03140676021575928,0.6604886054992676,0.6290818452835083,2.293865442276001,9.913182258605957,0.300283819437027,20,3,3,1,3,1,0,0.0,0.44444766640663147,2,clean,0.0,-1,197,109,CORRECT,0,0,0,0,0,0,0.0,0.0
margin,live-delta,0,0.0,0.271707,0.577329,0.024275,0.972656,0.439064,0.589064,0.02615499496459961,0.46656566858291626,0.44041067361831665,0.6600783467292786,1.9349439144134521,0.6278723478317261,2,3,3,1,3,1,0,0.0,0.18199288845062256,2,clean,0.0,-1,198,104,CORRECT,0,0,0,0,0,0,0.0,0.0
margin,live-delta,0,0.0,0.271707,0.577329,0.024275,0.972656,0.439064,0.589064,0.019829392433166504,0.5268105268478394,0.5069811344146729,0.673866868019104,1.961808681488037,0.597867488861084,2,3,3,1,3,1,0,0.0,0.4132581651210785,2,clean,0.0,-1,199,115,CORRECT,0,0,0,0,0,0,0.0,0.0
margin,live-delta,0,0.0,0.271707,0.577329,0.024275,0.972656,0.439064,0.589064,0.14240378141403198,0.7219078540802002,0.5795040726661682,0.2346271276473999,1.264437198638916,0.9419585466384888,3,3,3,1,3,1,0,0.0,0.6385027766227722,2,clean,0.0,-1,200,115,CORRECT,0,0,0,0,0,0,0.0,0.0
margin,live-delta,0,0.0,0.271707,0.577329,0.024275,0.972656,0.439064,0.589064,0.0062757134437561035,0.8334376215934753,0.8271619081497192,1.3125348091125488,3.7155799865722656,0.35869359970092773,18,3,3,1,3,1,0,0.0,0.7009687423706055,2,clean,0.0,-1,201,118,CORRECT,0,0,0,0,0,0,0.0,0.0
margin,live-delta,0,0.0,0.271707,0.577329,0.024275,0.972656,0.439064,0.589064,0.020821452140808105,0.5942161679267883,0.5733947157859802,1.6025315523147583,4.965587139129639,0.3478326201438904,7,3,3,1,3,1,0,0.0,0.3573760688304901,2,clean,0.0,-1,202,124,CORRECT,0,0,0,0,0,0,0.0,0.0
margin,live-delta,0,0.0,0.271707,0.577329,0.024275,0.972656,0.439064,0.589064,0.08432415127754211,0.5297173261642456,0.4453931748867035,0.4333803057670593,1.542462706565857,0.8437610268592834,2,3,3,1,3,1,0,0.0,0.2651461362838745,2,clean,0.0,-1,203,96,CORRECT,0,0,0,0,0,0,0.0,0.0
margin,live-delta,0,0.0,0.271707,0.577329,0.024275,0.972656,0.439064,0.589064,0.09210005402565002,0.5800983309745789,0.48799827694892883,0.8244100213050842,2.2805349826812744,0.7486775517463684,4,3,3,1,3,1,0,0.0,0.3671265244483948,2,clean,0.0,-1,204,96,CORRECT,0,0,0,0,0,0,0.0,0.0
margin,live-delta,0,0.0,0.271707,0.577329,0.024275,0.972656,0.439064,0.589064,0.09026157855987549,0.7622923851013184,0.6720308065414429,0.9353034496307373,2.5479865074157715,0.7575065493583679,11,3,3,1,3,1,0,0.0,0.5345759987831116,2,clean,0.0,-1,205,124,CORRECT,0,0,0,0,0,0,0.0,0.0
margin,live-delta,0,0.0,0.271707,0.577329,0.024275,0.972656,0.439064,0.589064,0.08902692794799805,0.592893660068512,0.5038667321205139,1.1338024139404297,3.107449769973755,0.6687549948692322,6,3,3,1,3,1,0,0.0,0.4166918396949768,2,clean,0.0,-1,206,113,CORRECT,0,0,0,0,0,0,0.0,0.0
margin,live-delta,0,0.0,0.271707,0.577329,0.024275,0.972656,0.439064,0.589064,0.03632640838623047,0.7532113790512085,0.716884970664978,2.2270796298980713,9.272747039794922,0.25928980112075806,18,3,3,1,3,1,0,0.0,0.5773868560791016,2,clean,0.0,-1,207,126,CORRECT,0,0,0,0,0,0,0.0,0.0
margin,live-delta,0,0.0,0.271707,0.577329,0.024275,0.972656,0.439064,0.589064,0.05994373559951782,0.6874781847000122,0.6275344491004944,1.4573490619659424,4.294559955596924,0.5362496972084045,10,3,3,1,3,1,0,0.0,0.458513468503952,2,clean,0.0,-1,208,124,CORRECT,0,0,0,0,0,0,0.0,0.0
margin,live-delta,0,0.0,0.271707,0.577329,0.024275,0.972656,0.439064,0.589064,0.007803201675415039,0.5509086847305298,0.5431054830551147,0.6901119351387024,1.993938684463501,0.5389370322227478,2,3,3,1,3,1,0,0.0,0.4494723081588745,2,clean,0.0,-1,209,115,CORRECT,0,0,0,0,0,0,0.0,0.0
margin,live-delta,0,0.0,0.271707,0.577329,0.024275,0.972656,0.439064,0.589064,0.01137608289718628,0.682218074798584,0.6708419919013977,1.4856369495391846,4.417778491973877,0.4158100187778473,10,3,3,1,3,1,0,0.0,0.5385146141052246,2,clean,0.0,-1,210,116,CORRECT,0,0,0,0,0,0,0.0,0.0
margin,live-delta,0,0.0,0.271707,0.577329,0.024275,0.972656,0.439064,0.589064,0.02612006664276123,0.7439183592796326,0.7177982926368713,1.2961605787277222,3.655235767364502,0.48552531003952026,15,3,3,1,3,1,0,0.0,0.5797291398048401,2,clean,0.0,-1,211,125,CORRECT,0,0,0,0,0,0,0.0,0.0
margin,live-delta,0,0.0,0.271707,0.577329,0.024275,0.972656,0.439064,0.589064,0.002281785011291504,0.6112834215164185,0.609001636505127,1.5259491205215454,4.599506855010986,0.32277217507362366,6,3,3,1,3,1,0,0.0,0.2935105562210083,2,clean,0.0,-1,212,101,CORRECT,0,0,0,0,0,0,0.0,0.0
margin,live-delta,0,0.0,0.271707,0.577329,0.024275,0.972656,0.439064,0.589064,0.03744769096374512,0.6198829412460327,0.5824352502822876,1.610660433769226,5.0061163902282715,0.39658716320991516,8,3,3,1,3,1,0,0.0,0.3868899941444397,2,clean,0.0,-1,213,125,CORRECT,0,0,0,0,0,0,0.0,0.0
margin,live-delta,0,0.0,0.271707,0.577329,0.024275,0.972656,0.439064,0.589064,0.006246805191040039,0.7604220509529114,0.7541752457618713,2.070779323577881,7.931001663208008,0.24775245785713196,17,3,3,1,3,1,0,0.0,0.6242871284484863,2,clean,0.0,-1,214,97,CORRECT,0,0,0,0,0,0,0.0,0.0
margin,live-delta,0,0.0,0.271707,0.577329,0.024275,0.972656,0.439064,0.589064,0.07016345858573914,0.47933223843574524,0.4091687798500061,-0.0,1.0,1.0,1,3,3,1,3,1,0,0.0,0.16705068945884705,2,clean,0.0,-1,215,123,CORRECT,0,0,0,0,0,0,0.0,0.0
margin,live-delta,0,0.0,0.271707,0.577329,0.024275,0.972656,0.439064,0.589064,0.12951183319091797,0.63904869556427,0.509536862373352,0.2530421316623688,1.2879375219345093,0.9302305579185486,2,3,3,1,3,1,0,0.0,0.33034107089042664,2,clean,0.0,-1,216,122,CORRECT,0,0,0,0,0,0,0.0,0.0
margin,live-delta,0,0.0,0.271707,0.577329,0.024275,0.972656,0.439064,0.589064,0.1960849165916443,0.8942528367042542,0.6981679201126099,0.2806599736213684,1.3240033388137817,0.9504283666610718,13,3,3,1,3,1,0,0.0,0.7961851358413696,2,clean,0.0,-1,217,107,CORRECT,0,0,0,0,0,0,0.0,0.0
margin,live-delta,0,0.0,0.271707,0.577329,0.024275,0.972656,0.439064,0.589064,0.007295757532119751,0.4530926048755646,0.4457968473434448,0.6904928684234619,1.994698405265808,0.5364142060279846,2,3,3,1,3,1,0,0.0,0.17780092358589172,2,clean,0.0,-1,218,114,CORRECT,0,0,0,0,0,0,0.0,0.0
margin,live-delta,0,0.0,0.271707,0.577329,0.024275,0.972656,0.439064,0.589064,0.07128006219863892,0.816789984703064,0.745509922504425,0.672871470451355,1.9598568677902222,0.779811680316925,9,3,3,1,3,1,0,0.0,0.7203499674797058,2,clean,0.0,-1,219,119,CORRECT,0,0,0,0,0,0,0.0,0.0
margin,live-delta,0,0.0,0.271707,0.577329,0.024275,0.972656,0.439064,0.589064,0.042374372482299805,0.5923725366592407,0.5499981641769409,1.6603269577026367,5.261030673980713,0.4123595952987671,8,3,3,1,3,1,0,0.0,0.37080055475234985,2,clean,0.0,-1,220,119,CORRECT,0,0,0,0,0,0,0.0,0.0
margin,live-delta,0,0.0,0.271707,0.577329,0.024275,0.972656,0.439064,0.589064,0.03423511981964111,0.7938240766525269,0.7595889568328857,0.7789266705513,2.1791319847106934,0.6444183588027954,6,3,3,1,3,1,0,0.0,0.6068319082260132,2,clean,0.0,-1,221,121,CORRECT,0,0,0,0,0,0,0.0,0.0
margin,live-delta,0,0.0,0.271707,0.577329,0.024275,0.972656,0.439064,0.589064,0.0373113751411438,0.7181012034416199,0.6807898283004761,1.348701000213623,3.8524179458618164,0.4989735782146454,10,3,3,1,3,1,0,0.0,0.44699907302856445,2,clean,0.0,-1,222,103,CORRECT,0,0,0,0,0,0,0.0,0.0
margin,live-delta,0,0.0,0.271707,0.577329,0.024275,0.972656,0.439064,0.589064,0.009178757667541504,0.5874730348587036,0.5782942771911621,1.794343113899231,6.015522003173828,0.33089911937713623,9,3,3,1,3,1,0,0.0,0.41115981340408325,2,clean,0.0,-1,223,114,CORRECT,0,0,0,0,0,0,0.0,0.0
margin,live-delta,0,0.0,0.271707,0.577329,0.024275,0.972656,0.439064,0.589064,0.0036386847496032715,0.8077525496482849,0.8041138648986816,0.7877927422523499,2.198538303375244,0.5091709494590759,7,3,3,1,3,1,0,0.0,0.693606436252594,2,clean,0.0,-1,224,121,CORRECT,0,0,0,0,0,0,0.0,0.0
margin,live-delta,0,0.0,0.271707,0.577329,0.024275,0.972656,0.439064,0.589064,0.03262263536453247,0.6887332797050476,0.6561106443405151,1.4753340482711792,4.372496128082275,0.4493337869644165,9,3,3,1,3,1,0,0.0,0.5997492671012878,2,clean,0.0,-1,225,116,CORRECT,0,0,0,0,0,0,0.0,0.0
margin,live-delta,0,0.0,0.271707,0.577329,0.024275,0.972656,0.439064,0.589064,0.02645939588546753,0.571704626083374,0.5452452301979065,0.6593304872512817,1.933497428894043,0.6292937397956848,2,3,3,1,3,1,0,0.0,0.3278559744358063,2,clean,0.0,-1,226,120,CORRECT,0,0,0,0,0,0,0.0,0.0
margin,live-delta,0,0.0,0.271707,0.577329,0.024275,0.972656,0.439064,0.589064,0.2306826114654541,0.9411556720733643,0.7104730606079102,0.226749986410141,1.2545162439346313,0.9641211628913879,17,3,3,1,3,1,0,0.0,0.8242925405502319,2,clean,0.0,-1,227,107,CORRECT,0,0,0,0,0,0,0.0,0.0
margin,live-delta,0,0.0,0.271707,0.577329,0.024275,0.972656,0.439064,0.589064,0.010918140411376953,0.5363830327987671,0.5254648923873901,1.420082926750183,4.137463569641113,0.36637499928474426,5,3,3,1,3,1,0,0.0,0.4173053503036499,2,clean,0.0,-1,228,107,CORRECT,0,0,0,0,0,0,0.0,0.0
margin,live-delta,0,0.0,0.271707,0.577329,0.024275,0.972656,0.439064,0.589064,0.021424829959869385,0.8018848896026611,0.7804600596427917,0.6966444253921509,2.0070066452026367,0.6030893325805664,4,3,3,1,3,1,0,0.0,0.6869179010391235,2,clean,0.0,-1,229,120,CORRECT,0,0,0,0,0,0,0.0,0.0
margin,live-delta,0,0.0,0.271707,0.577329,0.024275,0.972656,0.439064,0.589064,0.05081146955490112,0.7853767275810242,0.734565258026123,1.824318766593933,6.198570728302002,0.42657700181007385,15,3,3,1,3,1,0,0.0,0.6753167510032654,2,clean,0.0,-1,230,107,CORRECT,0,0,0,0,0,0,0.0,0.0
margin,live-delta,0,0.0,0.271707,0.577329,0.024275,0.972656,0.439064,0.589064,0.029012084007263184,0.8678466081619263,0.8388345241546631,1.864013910293579,6.449573040008545,0.3899986743927002,19,3,3,1,3,1,0,0.0,0.7405789494514465,2,clean,0.0,-1,231,126,CORRECT,0,0,0,0,0,0,0.0,0.0
margin,live-delta,0,0.0,0.271707,0.577329,0.024275,0.972656,0.439064,0.589064,0.01940310001373291,0.762601375579834,0.7431982755661011,1.3645538091659546,3.9139761924743652,0.4957890510559082,15,3,3,1,3,1,0,0.0,0.5297636985778809,2,clean,0.0,-1,232,105,CORRECT,0,0,0,0,0,0,0.0,0.0
margin,live-delta,0,0.0,0.271707,0.577329,0.024275,0.972656,0.439064,0.589064,0.03478437662124634,0.8089582920074463,0.7741739153862,1.1060642004013062,3.0224392414093018,0.5676912069320679,16,3,3,1,3,1,0,0.0,0.6849418878555298,2,clean,0.0,-1,233,113,CORRECT,0,0,0,0,0,0,0.0,0.0
margin,live-delta,0,0.0,0.271707,0.577329,0.024275,0.972656,0.439064,0.589064,0.15234535932540894,0.982479989528656,0.8301346302032471,0.30193987488746643,1.3524799346923828,0.934414803981781,18,3,3,1,3,1,0,0.0,0.8673667907714844,2,clean,0.0,-1,234,118,CORRECT,0,0,0,0,0,0,0.0,0.0
margin,live-delta,0,0.0,0.271707,0.577329,0.024275,0.972656,0.439064,0.589064,0.0017946958541870117,0.6616439819335938,0.6598492860794067,1.186095118522644,3.274270534515381,0.4303274154663086,7,3,3,1,3,1,0,0.0,0.526913583278656,2,clean,0.0,-1,235,106,CORRECT,0,0,0,0,0,0,0.0,0.0
margin,live-delta,0,0.0,0.271707,0.577329,0.024275,0.972656,0.439064,0.589064,0.010278284549713135,0.8556346297264099,0.8453563451766968,1.499734878540039,4.480501174926758,0.41308557987213135,15,3,3,1,3,1,0,0.0,0.6597282290458679,2,clean,0.0,-1,236,117,CORRECT,0,0,0,0,0,0,0.0,0.0
margin,live-delta,0,0.0,0.271707,0.577329,0.024275,0.972656,0.439064,0.589064,0.0014490485191345215,0.5788602828979492,0.5774112343788147,2.1078085899353027,8.230185508728027,0.20069342851638794,11,3,3,1,3,1,0,0.0,0.32548508048057556,2,clean,0.0,-1,237,103,CORRECT,0,0,0,0,0,0,0.0,0.0
margin,live-delta,0,0.0,0.271707,0.577329,0.024275,0.972656,0.439064,0.589064,0.05839550495147705,0.5697363018989563,0.5113407969474792,1.1548430919647217,3.173525333404541,0.6056205630302429,5,3,3,1,3,1,0,0.0,0.34055691957473755,2,clean,0.0,-1,239,116,CORRECT,0,0,0,0,0,0,0.0,0.0
margin,live-delta,0,0.0,0.271707,0.577329,0.024275,0.972656,0.439064,0.589064,0.00034350156784057617,0.8128784894943237,0.8125349879264832,1.4598190784454346,4.305180549621582,0.3990626335144043,15,3,3,1,3,1,0,0.0,0.6722614765167236,2,clean,0.0,-1,240,97,CORRECT,0,0,0,0,0,0,0.0,0.0
margin,live-delta,0,0.0,0.271707,0.577329,0.024275,0.972656,0.439064,0.589064,0.0093231201171875,0.756900429725647,0.7475773096084595,1.9889204502105713,7.307640552520752,0.2403310090303421,16,3,3,1,3,1,0,0.0,0.6455607414245605,2,clean,0.0,-1,241,97,CORRECT,0,0,0,0,0,0,0.0,0.0
margin,live-delta,0,0.0,0.271707,0.577329,0.024275,0.972656,0.439064,0.589064,0.019156038761138916,0.6394824981689453,0.6203264594078064,0.6751307249069214,1.9642897844314575,0.5946255326271057,2,3,3,1,3,1,0,0.0,0.531365692615509,2,clean,0.0,-1,242,115,CORRECT,0,0,0,0,0,0,0.0,0.0
margin,live-delta,0,0.0,0.271707,0.577329,0.024275,0.972656,0.439064,0.589064,0.0470123291015625,0.6217077970504761,0.5746954679489136,1.3996777534484863,4.053893566131592,0.5148141384124756,6,3,3,1,3,1,0,0.0,0.2859410345554352,2,clean,0.0,-1,243,124,CORRECT,0,0,0,0,0,0,0.0,0.0
margin,live-delta,0,0.0,0.271707,0.577329,0.024275,0.972656,0.439064,0.589064,0.0506209135055542,0.735724687576294,0.6851037740707397,1.2392916679382324,3.4531667232513428,0.5511974692344666,8,3,3,1,3,1,0,0.0,0.6164519786834717,2,clean,0.0,-1,244,119,CORRECT,0,0,0,0,0,0,0.0,0.0
margin,live-delta,0,0.0,0.271707,0.577329,0.024275,0.972656,0.439064,0.589064,0.01857537031173706,0.7805618047714233,0.7619864344596863,1.6965545415878296,5.455119609832764,0.36871206760406494,20,3,3,1,3,1,0,0.0,0.6571207046508789,2,clean,0.0,-1,245,125,CORRECT,0,0,0,0,0,0,0.0,0.0
margin,live-delta,0,0.0,0.271707,0.577329,0.024275,0.972656,0.439064,0.589064,0.009640216827392578,0.5784683227539062,0.5688281059265137,2.221360445022583,9.219865798950195,0.213002011179924,13,3,3,1,3,1,0,0.0,0.39385986328125,2,clean,0.0,-1,246,110,CORRECT,0,0,0,0,0,0,0.0,0.0
margin,live-delta,0,0.0,0.271707,0.577329,0.024275,0.972656,0.439064,0.589064,0.09101557731628418,0.7862826585769653,0.6952670812606812,1.0541155338287354,2.869436025619507,0.7270598411560059,14,3,3,1,3,1,0,0.0,0.5251450538635254,2,clean,0.0,-1,247,120,CORRECT,0,0,0,0,0,0,0.0,0.0
margin,live-delta,0,0.0,0.271707,0.577329,0.024275,0.972656,0.439064,0.589064,0.035696208477020264,0.6193225383758545,0.5836263298988342,1.9352675676345825,6.925897121429443,0.36184149980545044,11,3,3,1,3,1,0,0.0,0.527028501033783,2,clean,0.0,-1,249,107,CORRECT,0,0,0,0,0,0,0.0,0.0
margin,live-delta,0,0.0,0.271707,0.577329,0.024275,0.972656,0.439064,0.589064,0.006960093975067139,0.615280270576477,0.6083201766014099,2.066415309906006,7.89646577835083,0.26621192693710327,13,3,3,1,3,1,0,0.0,0.5127503275871277,2,clean,0.0,-1,250,115,CORRECT,0,0,0,0,0,0,0.0,0.0
margin,live-delta,0,0.0,0.271707,0.577329,0.024275,0.972656,0.439064,0.589064,0.004858970642089844,0.7133948802947998,0.70853590965271,1.7207775115966797,5.588871955871582,0.32791778445243835,19,3,3,1,3,1,0,0.0,0.5565115809440613,2,clean,0.0,-1,251,107,CORRECT,0,0,0,0,0,0,0.0,0.0
margin,live-delta,0,0.0,0.271707,0.577329,0.024275,0.972656,0.439064,0.589064,0.030346155166625977,0.7366904020309448,0.7063442468643188,1.7606197595596313,5.816040992736816,0.3635081648826599,10,3,3,1,3,1,0,0.0,0.49711012840270996,2,clean,0.0,-1,252,117,CORRECT,0,0,0,0,0,0,0.0,0.0
margin,live-delta,0,0.0,0.271707,0.577329,0.024275,0.972656,0.439064,0.589064,0.034451961517333984,0.7492276430130005,0.7147756814956665,1.6915348768234253,5.427805423736572,0.4406343996524811,12,3,3,1,3,1,0,0.0,0.531527578830719,2,clean,0.0,-1,253,119,CORRECT,0,0,0,0,0,0,0.0,0.0
margin,live-delta,0,0.0,0.271707,0.577329,0.024275,0.972656,0.439064,0.589064,0.03389662504196167,0.46462684869766235,0.4307302236557007,-0.0,1.0,1.0,1,3,3,1,3,1,0,0.0,0.348505437374115,2,clean,0.0,-1,254,116,CORRECT,0,0,0,0,0,0,0.0,0.0
margin,live-delta,0,0.0,0.271707,0.577329,0.024275,0.972656,0.439064,0.589064,0.01337289810180664,0.6233410835266113,0.6099681854248047,2.3906116485595703,10.920170783996582,0.222396120429039,16,3,3,1,3,1,0,0.0,0.44635075330734253,2,clean,0.0,-1,255,100,CORRECT,0,0,0,0,0,0,0.0,0.0
margin,live-delta,1,0.0,0.271707,0.577329,0.024275,0.972656,0.439064,0.589064,0.03762426972389221,0.5110138058662415,0.47338953614234924,1.3084306716918945,3.700361967086792,0.4304646849632263,4,0,0,1,0,1,0,0.0,0.09347984194755554,2,clean,0.0,-1,0,28,CORRECT,0,0,0,0,0,0,0.0,0.0
margin,live-delta,1,0.0,0.271707,0.577329,0.024275,0.972656,0.439064,0.589064,0.15752142667770386,0.5575714111328125,0.40004998445510864,-0.0,1.0,1.0,1,0,0,1,0,1,0,0.0,0.2904238998889923,2,clean,0.0,-1,1,3,CORRECT,0,0,0,0,0,0,0.0,0.0
margin,live-delta,1,0.0,0.271707,0.577329,0.024275,0.972656,0.439064,0.589064,0.09297966957092285,0.6945255994796753,0.6015459299087524,1.0659769773483276,2.903674364089966,0.7134841084480286,8,0,0,1,0,1,1,0.14056897163391113,0.1141963005065918,2,clean,0.0,-1,2,14,CORRECT,0,0,0,0,0,0,0.0,0.0
margin,live-delta,1,0.0,0.271707,0.577329,0.024275,0.972656,0.439064,0.589064,0.059886783361434937,0.48569563031196594,0.425808846950531,-0.0,1.0,1.0,1,0,1,0,1,0,1,1.0,-0.17318376898765564,0,clean,0.0,-1,5,49,BLENDED,0,0,0,0,0,0,0.0,0.0
margin,live-delta,1,0.0,0.271707,0.577329,0.024275,0.972656,0.439064,0.589064,0.023535043001174927,0.47608861327171326,0.45255357027053833,1.070020318031311,2.915438652038574,0.44852760434150696,3,0,0,1,0,1,0,0.0,0.14675000309944153,2,clean,0.0,-1,9,13,CORRECT,0,0,0,0,0,0,0.0,0.0
margin,live-delta,1,0.0,0.271707,0.577329,0.024275,0.972656,0.439064,0.589064,0.014633804559707642,0.4974060356616974,0.48277223110198975,1.0649480819702148,2.900688409805298,0.44082605838775635,3,0,0,1,0,1,0,0.0,0.09648242592811584,2,clean,0.0,-1,10,17,CORRECT,0,0,0,0,0,0,0.0,0.0
margin,live-delta,1,0.0,0.271707,0.577329,0.024275,0.972656,0.439064,0.589064,0.08684149384498596,0.5661791563034058,0.4793376624584198,0.4222162961959839,1.5253384113311768,0.8502839207649231,2,0,0,1,0,1,0,0.0,0.3185681104660034,2,clean,0.0,-1,13,3,CORRECT,0,0,0,0,0,0,0.0,0.0
margin,live-delta,1,0.0,0.271707,0.577329,0.024275,0.972656,0.439064,0.589064,0.08117860555648804,0.4752614498138428,0.39408284425735474,-0.0,1.0,1.0,1,0,0,1,0,1,0,0.0,0.10955226421356201,2,clean,0.0,-1,14,3,CORRECT,0,0,0,0,0,0,0.0,0.0
margin,live-delta,1,0.0,0.271707,0.577329,0.024275,0.972656,0.439064,0.589064,0.06355580687522888,0.44446679949760437,0.3809109926223755,-0.0,1.0,1.0,1,0,0,1,0,1,0,0.0,0.09106484055519104,2,clean,0.0,-1,19,18,CORRECT,0,0,0,0,0,0,0.0,0.0
margin,live-delta,1,0.0,0.271707,0.577329,0.024275,0.972656,0.439064,0.589064,0.0298537015914917,0.4545491635799408,0.4246954619884491,-0.0,1.0,1.0,1,0,0,1,0,1,0,0.0,0.03719410300254822,1,clean,0.0,-1,21,28,CORRECT,0,0,0,0,0,0,0.0,0.0
margin,live-delta,1,0.0,0.271707,0.577329,0.024275,0.972656,0.439064,0.589064,0.0817604660987854,0.5454531908035278,0.46369272470474243,0.44480425119400024,1.5601847171783447,0.8368819952011108,2,0,0,1,0,1,0,0.0,0.1577472686767578,2,clean,0.0,-1,22,12,CORRECT,0,0,0,0,0,0,0.0,0.0
margin,live-delta,1,0.0,0.271707,0.577329,0.024275,0.972656,0.439064,0.589064,0.2307952344417572,0.45714232325553894,0.22634708881378174,-0.0,1.0,1.0,1,0,0,1,0,1,0,0.0,0.27203503251075745,2,clean,0.0,-1,23,9,CORRECT,0,0,0,0,0,0,0.0,0.0
margin,live-delta,1,0.0,0.271707,0.577329,0.024275,0.972656,0.439064,0.589064,0.08825361728668213,0.4393737316131592,0.35112011432647705,-0.0,1.0,1.0,1,0,1,0,1,0,1,1.0,-0.08825361728668213,0,clean,0.0,-1,24,58,BLENDED,0,0,0,0,0,0,0.0,0.0
margin,live-delta,1,0.0,0.271707,0.577329,0.024275,0.972656,0.439064,0.589064,0.018287837505340576,0.4404931664466858,0.4222053289413452,-0.0,1.0,1.0,1,0,0,1,0,1,0,0.0,0.11889442801475525,2,clean,0.0,-1,28,21,CORRECT,0,0,0,0,0,0,0.0,0.0
margin,live-delta,1,0.0,0.271707,0.577329,0.024275,0.972656,0.439064,0.589064,0.20138755440711975,0.5386088490486145,0.33722129464149475,-0.0,1.0,1.0,1,0,0,1,0,1,0,0.0,0.21796667575836182,2,clean,0.0,-1,29,30,CORRECT,0,0,0,0,0,0,0.0,0.0
margin,live-delta,1,0.0,0.271707,0.577329,0.024275,0.972656,0.439064,0.589064,0.001230776309967041,0.5109431743621826,0.5097123980522156,1.0983421802520752,2.999189853668213,0.3424144387245178,3,0,0,1,0,1,0,0.0,0.15158623456954956,2,clean,0.0,-1,30,27,CORRECT,0,0,0,0,0,0,0.0,0.0
margin,live-delta,1,0.0,0.271707,0.577329,0.024275,0.972656,0.439064,0.589064,0.05672097206115723,0.527478814125061,0.4707578420639038,0.9242557883262634,2.5199921131134033,0.6221434473991394,3,0,0,1,0,1,0,0.0,0.20573222637176514,2,clean,0.0,-1,31,21,CORRECT,0,0,0,0,0,0,0.0,0.0
margin,live-delta,1,0.0,0.271707,0.577329,0.024275,0.972656,0.439064,0.589064,0.06267088651657104,0.5771849155426025,0.5145140290260315,0.529564380645752,1.6981923580169678,0.7778909802436829,2,0,0,1,0,1,0,0.0,0.20687836408615112,2,clean,0.0,-1,32,21,CORRECT,0,0,0,0,0,0,0.0,0.0
margin,live-delta,1,0.0,0.271707,0.577329,0.024275,0.972656,0.439064,0.589064,0.06853950023651123,0.5272687673568726,0.45872926712036133,0.836567223072052,2.308429002761841,0.686884343624115,3,0,0,1,0,1,1,0.1744043529033661,0.06853950023651123,2,clean,0.0,-1,33,22,CORRECT,0,0,0,0,0,0,0.0,0.0
margin,live-delta,1,0.0,0.271707,0.577329,0.024275,0.972656,0.439064,0.589064,0.10985952615737915,0.44487905502319336,0.3350195288658142,-0.0,1.0,1.0,1,0,1,0,1,0,1,1.0,-0.10985952615737915,0,clean,0.0,-1,34,38,BLENDED,0,0,0,0,0,0,0.0,0.0
margin,live-delta,1,0.0,0.271707,0.577329,0.024275,0.972656,0.439064,0.589064,0.003992140293121338,0.46688970923423767,0.46289756894111633,1.5929940938949585,4.918453216552734,0.250478059053421,5,0,0,1,0,1,0,0.0,0.1551005244255066,2,clean,0.0,-1,36,31,CORRECT,0,0,0,0,0,0,0.0,0.0
margin,live-delta,1,0.0,0.271707,0.577329,0.024275,0.972656,0.439064,0.589064,0.042268991470336914,0.5554631948471069,0.51319420337677,1.7381713390350342,5.686934471130371,0.40361955761909485,8,0,0,1,0,1,1,0.2553464472293854,0.04853558540344238,1,clean,0.0,-1,37,14,CORRECT,0,0,0,0,0,0,0.0,0.0
margin,live-delta,1,0.0,0.271707,0.577329,0.024275,0.972656,0.439064,0.589064,0.030288755893707275,0.4567822813987732,0.4264935255050659,-0.0,1.0,1.0,1,0,0,1,0,1,0,0.0,0.10791254043579102,2,clean,0.0,-1,42,6,CORRECT,0,0,0,0,0,0,0.0,0.0
margin,live-delta,1,0.0,0.271707,0.577329,0.024275,0.972656,0.439064,0.589064,0.0289628803730011,0.45749402046203613,0.42853114008903503,-0.0,1.0,1.0,1,0,0,1,0,1,0,0.0,0.062056660652160645,2,clean,0.0,-1,43,31,CORRECT,0,0,0,0,0,0,0.0,0.0
margin,live-delta,1,0.0,0.271707,0.577329,0.024275,0.972656,0.439064,0.589064,0.004916787147521973,0.5519967079162598,0.5470799207687378,1.4430346488952637,4.233523845672607,0.3498474955558777,5,0,0,1,0,1,0,0.0,0.17608129978179932,2,clean,0.0,-1,45,5,CORRECT,0,0,0,0,0,0,0.0,0.0
margin,live-delta,1,0.0,0.271707,0.577329,0.024275,0.972656,0.439064,0.589064,0.00018841028213500977,0.47927355766296387,0.47908514738082886,0.6931453943252563,1.9999964237213135,0.5009419918060303,2,0,0,1,0,1,0,0.0,0.21689152717590332,2,clean,0.0,-1,48,18,CORRECT,0,0,0,0,0,0,0.0,0.0
margin,live-delta,1,0.0,0.271707,0.577329,0.024275,0.972656,0.439064,0.589064,0.13420286774635315,0.47192445397377014,0.337721586227417,-0.0,1.0,1.0,1,0,0,1,0,1,0,0.0,0.2240210920572281,2,clean,0.0,-1,49,18,CORRECT,0,0,0,0,0,0,0.0,0.0
margin,live-delta,1,0.0,0.271707,0.577329,0.024275,0.972656,0.439064,0.589064,0.019812464714050293,0.6749056577682495,0.6550931930541992,1.320310115814209,3.744582414627075,0.41643911600112915,7,0,0,1,0,1,0,0.0,0.2516825497150421,2,clean,0.0,-1,51,27,CORRECT,0,0,0,0,0,0,0.0,0.0
margin,live-delta,1,0.0,0.271707,0.577329,0.024275,0.972656,0.439064,0.589064,0.08814448118209839,0.606589138507843,0.5184446573257446,0.6165233850479126,1.8524764776229858,0.8030567765235901,3,0,0,1,0,1,0,0.0,0.3156187832355499,2,clean,0.0,-1,53,3,CORRECT,0,0,0,0,0,0,0.0,0.0
margin,live-delta,1,0.0,0.271707,0.577329,0.024275,0.972656,0.439064,0.589064,0.008193910121917725,0.5111909508705139,0.5029970407485962,1.2397409677505493,3.454718589782715,0.40997156500816345,4,0,0,1,0,1,0,0.0,0.09483623504638672,2,clean,0.0,-1,55,26,CORRECT,0,0,0,0,0,0,0.0,0.0
margin,live-delta,1,0.0,0.271707,0.577329,0.024275,0.972656,0.439064,0.589064,0.010157376527786255,0.4902037978172302,0.48004642128944397,1.5845460891723633,4.877077102661133,0.2621338367462158,5,0,0,1,0,1,1,0.12637773156166077,0.03647899627685547,1,clean,0.0,-1,56,27,CORRECT,0,0,0,0,0,0,0.0,0.0
margin,live-delta,1,0.0,0.271707,0.577329,0.024275,0.972656,0.439064,0.589064,0.06739246845245361,0.5771557092666626,0.509763240814209,1.3502264022827148,3.8582990169525146,0.5552761554718018,6,0,0,1,0,1,0,0.05098020285367966,0.11940142512321472,2,clean,0.0,-1,58,28,CORRECT,0,0,0,0,0,0,0.0,0.0
margin,live-delta,1,0.0,0.271707,0.577329,0.024275,0.972656,0.439064,0.589064,0.025899112224578857,0.6490280032157898,0.6231288909912109,1.4651652574539185,4.328258514404297,0.3999028503894806,6,0,0,1,0,1,0,0.0138956094160676,0.16798242926597595,2,clean,0.0,-1,59,25,CORRECT,0,0,0,0,0,0,0.0,0.0
margin,live-delta,1,0.0,0.271707,0.577329,0.024275,0.972656,0.439064,0.589064,0.06994545459747314,0.6491247415542603,0.5791792869567871,0.9464529752731323,2.576554298400879,0.6593641638755798,4,0,0,1,0,1,0,0.0,0.3308027386665344,2,clean,0.0,-1,62,25,CORRECT,0,0,0,0,0,0,0.0,0.0
margin,live-delta,1,0.0,0.271707,0.577329,0.024275,0.972656,0.439064,0.589064,0.01966238021850586,0.5686567425727844,0.5489943623542786,2.3414812088012695,10.396624565124512,0.19699007272720337,13,1,1,1,1,1,0,0.0,0.2685515880584717,2,clean,0.0,-1,64,55,CORRECT,0,0,0,0,0,0,0.0,0.0
margin,live-delta,1,0.0,0.271707,0.577329,0.024275,0.972656,0.439064,0.589064,0.024967968463897705,0.6106247305870056,0.5856567621231079,1.9094914197921753,6.749655246734619,0.31075409054756165,12,1,1,1,1,1,0,0.0,0.3402480483055115,2,clean,0.0,-1,65,37,CORRECT,0,0,0,0,0,0,0.0,0.0
margin,live-delta,1,0.0,0.271707,0.577329,0.024275,0.972656,0.439064,0.589064,0.05212599039077759,0.7629485726356506,0.710822582244873,1.4158259630203247,4.119887828826904,0.5562195777893066,16,1,1,1,1,1,0,0.0050707594491541386,0.2588147521018982,2,clean,0.0,-1,66,54,CORRECT,0,0,0,0,0,0,0.0,0.0
margin,live-delta,1,0.0,0.271707,0.577329,0.024275,0.972656,0.439064,0.589064,0.06852149963378906,0.7129783630371094,0.6444568634033203,1.7361316680908203,5.675346851348877,0.5102615356445312,17,1,1,1,1,1,0,0.0038727500941604376,0.24404793977737427,2,clean,0.0,-1,67,39,CORRECT,0,0,0,0,0,0,0.0,0.0
margin,live-delta,1,0.0,0.271707,0.577329,0.024275,0.972656,0.439064,0.589064,0.08516144752502441,0.7080281972885132,0.6228667497634888,1.44516122341156,4.2425360679626465,0.6203391551971436,15,1,1,1,1,1,0,0.003960753791034222,0.2526915967464447,2,clean,0.0,-1,68,54,CORRECT,0,0,0,0,0,0,0.0,0.0
margin,live-delta,1,0.0,0.271707,0.577329,0.024275,0.972656,0.439064,0.589064,0.04955393075942993,0.7288384437561035,0.6792845129966736,1.4435832500457764,4.235846996307373,0.514823317527771,11,1,1,1,1,1,0,0.001579965348355472,0.28932103514671326,2,clean,0.0,-1,69,55,CORRECT,0,0,0,0,0,0,0.0,0.0
margin,live-delta,1,0.0,0.271707,0.577329,0.024275,0.972656,0.439064,0.589064,0.014178097248077393,0.6187683939933777,0.6045902967453003,1.2818435430526733,3.603276491165161,0.4797991216182709,8,1,1,1,1,1,1,0.4353707432746887,0.014178097248077393,0,clean,0.0,-1,70,32,CORRECT,0,0,0,0,0,0,0.0,0.0
margin,live-delta,1,0.0,0.271707,0.577329,0.024275,0.972656,0.439064,0.589064,0.03313928842544556,0.5181591510772705,0.48501986265182495,0.6411111950874329,1.8985893726348877,0.659885823726654,2,1,1,1,1,1,0,0.0,0.1789383888244629,2,clean,0.0,-1,71,52,CORRECT,0,0,0,0,0,0,0.0,0.0
margin,live-delta,1,0.0,0.271707,0.577329,0.024275,0.972656,0.439064,0.589064,0.0879206657409668,0.5985121130943298,0.510591447353363,0.5796738862991333,1.7854560613632202,0.8154345154762268,3,1,1,1,1,1,0,0.0,0.19561368227005005,2,clean,0.0,-1,72,58,CORRECT,0,0,0,0,0,0,0.0,0.0
margin,live-delta,1,0.0,0.271707,0.577329,0.024275,0.972656,0.439064,0.589064,0.004833340644836426,0.6409604549407959,0.6361271142959595,1.7804850339889526,5.932733535766602,0.3165929615497589,11,1,1,1,1,1,0,0.0,0.31000831723213196,2,clean,0.0,-1,73,45,CORRECT,0,0,0,0,0,0,0.0,0.0
margin,live-delta,1,0.0,0.271707,0.577329,0.024275,0.972656,0.439064,0.589064,0.03012096881866455,0.551203727722168,0.5210827589035034,2.1479737758636475,8.56748104095459,0.28264811635017395,11,1,1,1,1,1,0,0.0,0.17551171779632568,2,clean,0.0,-1,74,50,CORRECT,0,0,0,0,0,0,0.0,0.0
margin,live-delta,1,0.0,0.271707,0.577329,0.024275,0.972656,0.439064,0.589064,0.005219697952270508,0.49835360050201416,0.49313390254974365,1.512419581413269,4.537696838378906,0.3093273341655731,5,1,1,1,1,1,0,0.0,0.15347930788993835,2,clean,0.0,-1,75,39,CORRECT,0,0,0,0,0,0,0.0,0.0
margin,live-delta,1,0.0,0.271707,0.577329,0.024275,0.972656,0.439064,0.589064,0.2984471321105957,0.7332471609115601,0.43480002880096436,-0.0,1.0,1.0,1,1,1,1,1,1,0,0.0,0.2984471321105957,2,clean,0.0,-1,76,38,CORRECT,0,0,0,0,0,0,0.0,0.0
margin,live-delta,1,0.0,0.271707,0.577329,0.024275,0.972656,0.439064,0.589064,0.11552649736404419,0.5862758159637451,0.4707493185997009,0.30312657356262207,1.3540858030319214,0.9097453355789185,2,1,1,1,1,1,0,0.0,0.14756673574447632,2,clean,0.0,-1,77,58,CORRECT,0,0,0,0,0,0,0.0,0.0
margin,live-delta,1,0.0,0.271707,0.577329,0.024275,0.972656,0.439064,0.589064,0.05276894569396973,0.5781490802764893,0.5253801345825195,1.8377052545547485,6.282105922698975,0.4033111035823822,9,1,1,1,1,1,0,0.06803681701421738,0.08898293972015381,2,clean,0.0,-1,78,44,CORRECT,0,0,0,0,0,0,0.0,0.0
margin,live-delta,1,0.0,0.271707,0.577329,0.024275,0.972656,0.439064,0.589064,0.14612972736358643,0.6591064929962158,0.5129767656326294,0.20158909261226654,1.2233452796936035,0.9489521384239197,2,1,1,1,1,1,0,0.0,0.330605149269104,2,clean,0.0,-1,80,48,CORRECT,0,0,0,0,0,0,0.0,0.0
margin,live-delta,1,0.0,0.271707,0.577329,0.024275,0.972656,0.439064,0.589064,0.016943812370300293,0.5699619054794312,0.5530180931091309,1.3377693891525269,3.8105342388153076,0.46108105778694153,6,1,1,1,1,1,0,0.0,0.24595826864242554,2,clean,0.0,-1,81,50,CORRECT,0,0,0,0,0,0,0.0,0.0
margin,live-delta,1,0.0,0.271707,0.577329,0.024275,0.972656,0.439064,0.589064,0.026044607162475586,0.7519335150718689,0.7258889079093933,1.5296614170074463,4.616613388061523,0.4416230618953705,13,1,1,1,1,1,0,0.0,0.4864329695701599,2,clean,0.0,-1,82,51,CORRECT,0,0,0,0,0,0,0.0,0.0
margin,live-delta,1,0.0,0.271707,0.577329,0.024275,0.972656,0.439064,0.589064,0.047495365142822266,0.6791089773178101,0.6316136121749878,1.3715834617614746,3.941587209701538,0.5729954838752747,11,1,1,1,1,1,0,0.0,0.3359265923500061,2,clean,0.0,-1,83,44,CORRECT,0,0,0,0,0,0,0.0,0.0
margin,live-delta,1,0.0,0.271707,0.577329,0.024275,0.972656,0.439064,0.589064,0.03799247741699219,0.7384377717971802,0.700445294380188,0.7970215678215027,2.2189221382141113,0.6581733822822571,7,1,1,1,1,1,0,0.0,0.348906934261322,2,clean,0.0,-1,84,41,CORRECT,0,0,0,0,0,0,0.0,0.0
margin,live-delta,1,0.0,0.271707,0.577329,0.024275,0.972656,0.439064,0.589064,0.0889737606048584,0.6956807374954224,0.606706976890564,1.406815767288208,4.0829339027404785,0.6207090616226196,13,1,1,1,1,1,0,0.0,0.38515859842300415,2,clean,0.0,-1,85,43,CORRECT,0,0,0,0,0,0,0.0,0.0
margin,live-delta,1,0.0,0.271707,0.577329,0.024275,0.972656,0.439064,0.589064,0.045197486877441406,0.7701441049575806,0.7249466180801392,1.4363933801651,4.205500602722168,0.5489729642868042,15,1,1,1,1,1,0,0.0,0.4686961770057678,2,clean,0.0,-1,86,51,CORRECT,0,0,0,0,0,0,0.0,0.0
margin,live-delta,1,0.0,0.271707,0.577329,0.024275,0.972656,0.439064,0.589064,0.011904120445251465,0.6797964572906494,0.667892336845398,1.5979340076446533,4.94281005859375,0.31458958983421326,9,1,1,1,1,1,0,0.0,0.41648101806640625,2,clean,0.0,-1,87,33,CORRECT,0,0,0,0,0,0,0.0,0.0
margin,live-delta,1,0.0,0.271707,0.577329,0.024275,0.972656,0.439064,0.589064,0.09143966436386108,0.5780873894691467,0.48664772510528564,0.8159888982772827,2.26141095161438,0.7532624006271362,4,1,1,1,1,1,0,0.05544177070260048,0.13045400381088257,2,clean,0.0,-1,88,47,CORRECT,0,0,0,0,0,0,0.0,0.0
margin,live-delta,1,0.0,0.271707,0.577329,0.024275,0.972656,0.439064,0.589064,0.03494095802307129,0.6190261840820312,0.58408522605896,0.9042328596115112,2.470036268234253,0.6164795756340027,4,1,1,1,1,1,0,0.0,0.2693459093570709,2,clean,0.0,-1,89,52,CORRECT,0,0,0,0,0,0,0.0,0.0
margin,live-delta,1,0.0,0.271707,0.577329,0.024275,0.972656,0.439064,0.589064,0.027263760566711426,0.692020058631897,0.6647562980651855,1.675542950630188,5.3416948318481445,0.37304309010505676,13,1,1,1,1,1,0,0.0,0.2833227515220642,2,clean,0.0,-1,91,39,CORRECT,0,0,0,0,0,0,0.0,0.0
margin,live-delta,1,0.0,0.271707,0.577329,0.024275,0.972656,0.439064,0.589064,0.029761195182800293,0.7398475408554077,0.7100863456726074,1.7118500471115112,5.5391998291015625,0.3889440596103668,14,1,1,1,1,1,0,0.0,0.47665858268737793,2,clean,0.0,-1,92,45,CORRECT,0,0,0,0,0,0,0.0,0.0
margin,live-delta,1,0.0,0.271707,0.577329,0.024275,0.972656,0.439064,0.589064,0.1284804344177246,0.5923916697502136,0.463911235332489,0.6271226406097412,1.872215747833252,0.8348609805107117,4,1,1,1,1,1,1,0.16513895988464355,0.1284804344177246,2,clean,0.0,-1,93,32,CORRECT,0,0,0,0,0,0,0.0,0.0
margin,live-delta,1,0.0,0.271707,0.577329,0.024275,0.972656,0.439064,0.589064,0.1297839879989624,0.55228590965271,0.42250192165374756,-0.0,1.0,1.0,1,1,1,1,1,1,0,0.0,0.32412323355674744,2,clean,0.0,-1,94,52,CORRECT,0,0,0,0,0,0,0.0,0.0
margin,live-delta,1,0.0,0.271707,0.577329,0.024275,0.972656,0.439064,0.589064,0.09342542290687561,0.5417872071266174,0.4483617842197418,0.3933871388435364,1.4819920063018799,0.8662855625152588,2,1,1,1,1,1,0,0.0,0.27124589681625366,2,clean,0.0,-1,95,51,CORRECT,0,0,0,0,0,0,0.0,0.0
margin,live-delta,1,0.0,0.271707,0.577329,0.024275,0.972656,0.439064,0.589064,0.050793468952178955,0.5806038975715637,0.5298104286193848,1.4404054880142212,4.222407817840576,0.45094889402389526,5,1,1,1,1,1,0,0.0,0.2296139895915985,2,clean,0.0,-1,97,39,CORRECT,0,0,0,0,0,0,0.0,0.0
margin,live-delta,1,0.0,0.271707,0.577329,0.024275,0.972656,0.439064,0.589064,0.015441596508026123,0.584922194480896,0.5694805979728699,1.9659758806228638,7.141879081726074,0.2806284725666046,9,1,1,1,1,1,0,0.0,0.33483394980430603,2,clean,0.0,-1,98,45,CORRECT,0,0,0,0,0,0,0.0,0.0
margin,live-delta,1,0.0,0.271707,0.577329,0.024275,0.972656,0.439064,0.589064,0.26017677783966064,0.6687585115432739,0.4085817337036133,-0.0,1.0,1.0,1,1,1,1,1,1,0,0.0,0.3264943063259125,2,clean,0.0,-1,99,60,CORRECT,0,0,0,0,0,0,0.0,0.0
margin,live-delta,1,0.0,0.271707,0.577329,0.024275,0.972656,0.439064,0.589064,0.015581190586090088,0.7002413272857666,0.6846601366996765,1.6012790203094482,4.959371566772461,0.4149681627750397,13,1,1,1,1,1,0,0.03963572904467583,0.12970495223999023,2,clean,0.0,-1,100,55,CORRECT,0,0,0,0,0,0,0.0,0.0
margin,live-delta,1,0.0,0.271707,0.577329,0.024275,0.972656,0.439064,0.589064,0.056407630443573,0.6827635765075684,0.6263559460639954,1.5161516666412354,4.55466365814209,0.4522438645362854,8,1,1,1,1,1,0,0.0,0.3936646282672882,2,clean,0.0,-1,101,33,CORRECT,0,0,0,0,0,0,0.0,0.0
margin,live-delta,1,0.0,0.271707,0.577329,0.024275,0.972656,0.439064,0.589064,0.03583967685699463,0.5661741495132446,0.53033447265625,1.8710620403289795,6.4951910972595215,0.3483125567436218,9,1,1,1,1,1,1,0.16582131385803223,0.03710949420928955,1,clean,0.0,-1,102,50,CORRECT,0,0,0,0,0,0,0.0,0.0
margin,live-delta,1,0.0,0.271707,0.577329,0.024275,0.972656,0.439064,0.589064,0.01545494794845581,0.607532799243927,0.5920778512954712,0.6813455820083618,1.9765355587005615,0.5766653418540955,2,1,1,1,1,1,0,0.0,0.19596463441848755,2,clean,0.0,-1,103,41,CORRECT,0,0,0,0,0,0,0.0,0.0
margin,live-delta,1,0.0,0.271707,0.577329,0.024275,0.972656,0.439064,0.589064,0.06616508960723877,0.7455623149871826,0.6793972253799438,1.2658060789108276,3.545949935913086,0.6393237709999084,14,1,1,1,1,1,0,0.0,0.34216418862342834,2,clean,0.0,-1,104,39,CORRECT,0,0,0,0,0,0,0.0,0.0
margin,live-delta,1,0.0,0.271707,0.577329,0.024275,0.972656,0.439064,0.589064,0.0018985271453857422,0.7375691533088684,0.7356706261634827,1.6145350933074951,5.025550842285156,0.3246951401233673,13,1,1,1,1,1,0,0.0,0.30341246724128723,2,clean,0.0,-1,105,54,CORRECT,0,0,0,0,0,0,0.0,0.0
margin,live-delta,1,0.0,0.271707,0.577329,0.024275,0.972656,0.439064,0.589064,0.00989389419555664,0.4737173914909363,0.46382349729537964,1.0729889869689941,2.9241065979003906,0.41885125637054443,3,1,1,1,1,1,0,0.0,0.1302989423274994,2,clean,0.0,-1,106,62,CORRECT,0,0,0,0,0,0,0.0,0.0
margin,live-delta,1,0.0,0.271707,0.577329,0.024275,0.972656,0.439064,0.589064,0.1537250280380249,0.799985408782959,0.6462603807449341,0.4958779215812683,1.6419390439987183,0.8949791193008423,10,1,1,1,1,1,0,0.0,0.5308573842048645,2,clean,0.0,-1,107,51,CORRECT,0,0,0,0,0,0,0.0,0.0
margin,live-delta,1,0.0,0.271707,0.577329,0.024275,0.972656,0.439064,0.589064,0.03705352544784546,0.7192625999450684,0.6822090744972229,1.5510046482086182,4.716206073760986,0.5038705468177795,15,1,1,1,1,1,0,0.0,0.4430217444896698,2,clean,0.0,-1,108,45,CORRECT,0,0,0,0,0,0,0.0,0.0
margin,live-delta,1,0.0,0.271707,0.577329,0.024275,0.972656,0.439064,0.589064,0.22602304816246033,0.6040655374526978,0.3780424892902374,-0.0,1.0,1.0,1,1,1,1,1,1,0,0.0,0.22602304816246033,2,clean,0.0,-1,109,38,CORRECT,0,0,0,0,0,0,0.0,0.0
margin,live-delta,1,0.0,0.271707,0.577329,0.024275,0.972656,0.439064,0.589064,0.037272632122039795,0.5118335485458374,0.4745609164237976,0.6282285451889038,1.8742873668670654,0.6781869530677795,2,1,1,1,1,1,0,0.0,0.14201003313064575,2,clean,0.0,-1,110,47,CORRECT,0,0,0,0,0,0,0.0,0.0
margin,live-delta,1,0.0,0.271707,0.577329,0.024275,0.972656,0.439064,0.589064,0.00589442253112793,0.6232324838638306,0.6173380613327026,0.9393909573554993,2.558422803878784,0.49284619092941284,4,1,1,1,1,1,0,0.0,0.26012080907821655,2,clean,0.0,-1,111,59,CORRECT,0,0,0,0,0,0,0.0,0.0
margin,live-delta,1,0.0,0.271707,0.577329,0.024275,0.972656,0.439064,0.589064,0.01124069094657898,0.4431905448436737,0.4319498538970947,-0.0,1.0,1.0,1,1,1,1,1,1,0,0.0,0.03822389245033264,1,clean,0.0,-1,112,51,CORRECT,0,0,0,0,0,0,0.0,0.0
margin,live-delta,1,0.0,0.271707,0.577329,0.024275,0.972656,0.439064,0.589064,0.06394106149673462,0.701833188533783,0.6378921270370483,1.6664202213287354,5.293185234069824,0.5275378227233887,15,1,1,1,1,1,0,0.0035519737284630537,0.25003582239151,2,clean,0.0,-1,113,39,CORRECT,0,0,0,0,0,0,0.0,0.0
margin,live-delta,1,0.0,0.271707,0.577329,0.024275,0.972656,0.439064,0.589064,0.06835818290710449,0.6080368757247925,0.539678692817688,0.9950105547904968,2.7047529220581055,0.660291850566864,4,1,1,1,1,1,0,0.0,0.2539392411708832,2,clean,0.0,-1,114,59,CORRECT,0,0,0,0,0,0,0.0,0.0
margin,live-delta,1,0.0,0.271707,0.577329,0.024275,0.972656,0.439064,0.589064,0.05447810888290405,0.6041508316993713,0.5496727228164673,1.0775936841964722,2.9376022815704346,0.6253456473350525,5,1,1,1,1,1,0,0.0,0.33038443326950073,2,clean,0.0,-1,115,50,CORRECT,0,0,0,0,0,0,0.0,0.0
margin,live-delta,1,0.0,0.271707,0.577329,0.024275,0.972656,0.439064,0.589064,0.01016378402709961,0.5373191833496094,0.5271553993225098,1.6083056926727295,4.99434232711792,0.3345862329006195,6,1,1,1,1,1,1,0.23712188005447388,0.042666494846343994,1,clean,0.0,-1,116,63,CORRECT,0,0,0,0,0,0,0.0,0.0
margin,live-delta,1,0.0,0.271707,0.577329,0.024275,0.972656,0.439064,0.589064,0.06607326865196228,0.4983387291431427,0.4322654604911804,-0.0,1.0,1.0,1,1,1,1,1,1,0,0.0,0.06607326865196228,2,clean,0.0,-1,117,58,CORRECT,0,0,0,0,0,0,0.0,0.0
margin,live-delta,1,0.0,0.271707,0.577329,0.024275,0.972656,0.439064,0.589064,0.04003894329071045,0.7102930545806885,0.670254111289978,1.3079015016555786,3.698404550552368,0.5311775207519531,9,1,1,1,1,1,0,0.0,0.4212930202484131,2,clean,0.0,-1,119,39,CORRECT,0,0,0,0,0,0,0.0,0.0
margin,live-delta,1,0.0,0.271707,0.577329,0.024275,0.972656,0.439064,0.589064,0.2523503005504608,0.6183493137359619,0.3659990131855011,-0.0,1.0,1.0,1,1,1,1,1,1,0,0.0,0.41161060333251953,2,clean,0.0,-1,121,52,CORRECT,0,0,0,0,0,0,0.0,0.0
margin,live-delta,1,0.0,0.271707,0.577329,0.024275,0.972656,0.439064,0.589064,0.014266133308410645,0.7422631978988647,0.7279970645904541,1.422123670578003,4.145915508270264,0.38885706663131714,11,1,1,1,1,1,0,0.0,0.5021474361419678,2,clean,0.0,-1,122,45,CORRECT,0,0,0,0,0,0,0.0,0.0
margin,live-delta,1,0.0,0.271707,0.577329,0.024275,0.972656,0.439064,0.589064,0.08240044116973877,0.8361939191818237,0.753793478012085,0.5423063039779663,1.7199690341949463,0.8239426612854004,6,1,1,1,1,1,0,0.0004518595524132252,0.37542420625686646,2,clean,0.0,-1,123,36,CORRECT,0,0,0,0,0,0,0.0,0.0
margin,live-delta,1,0.0,0.271707,0.577329,0.024275,0.972656,0.439064,0.589064,0.03546115756034851,0.49169304966926575,0.45623189210891724,1.0287868976593018,2.7976698875427246,0.5145205855369568,3,1,1,1,1,1,0,0.0,0.18838730454444885,2,clean,0.0,-1,125,41,CORRECT,0,0,0,0,0,0,0.0,0.0
margin,live-delta,1,0.0,0.271707,0.577329,0.024275,0.972656,0.439064,0.589064,0.0261155366897583,0.744177520275116,0.7180619835853577,1.4765279293060303,4.377719402313232,0.4277113974094391,13,1,1,1,1,1,0,0.005537495948374271,0.23962503671646118,2,clean,0.0,-1,126,62,CORRECT,0,0,0,0,0,0,0.0,0.0
margin,live-delta,1,0.0,0.271707,0.577329,0.024275,0.972656,0.439064,0.589064,0.19001200795173645,0.6020189523696899,0.4120069444179535,-0.0,1.0,1.0,1,1,1,1,1,1,0,0.0,0.37000665068626404,2,clean,0.0,-1,127,47,CORRECT,0,0,0,0,0,0,0.0,0.0
margin,live-delta,1,0.0,0.271707,0.577329,0.024275,0.972656,0.439064,0.589064,0.005229651927947998,0.5517898201942444,0.5465601682662964,2.1953423023223877,8.983075141906738,0.20394165813922882,11,2,2,1,2,1,0,0.0,0.22328901290893555,2,clean,0.0,-1,128,92,CORRECT,0,0,0,0,0,0,0.0,0.0
margin,live-delta,1,0.0,0.271707,0.577329,0.024275,0.972656,0.439064,0.589064,0.012582868337631226,0.4893530011177063,0.4767701327800751,1.5458707809448242,4.692055702209473,0.315262109041214,5,2,2,1,2,1,0,0.0,0.07689374685287476,2,clean,0.0,-1,130,88,CORRECT,0,0,0,0,0,0,0.0,0.0
margin,live-delta,1,0.0,0.271707,0.577329,0.024275,0.972656,0.439064,0.589064,0.03712707757949829,0.7388211488723755,0.7016940712928772,1.1324647665023804,3.1032960414886475,0.5346430540084839,9,2,2,1,2,1,0,0.0,0.4550756812095642,2,clean,0.0,-1,131,92,CORRECT,0,0,0,0,0,0,0.0,0.0
margin,live-delta,1,0.0,0.271707,0.577329,0.024275,0.972656,0.439064,0.589064,0.07996654510498047,0.5953593254089355,0.5153927803039551,1.5070693492889404,4.513484001159668,0.5781190991401672,9,2,2,1,2,1,0,0.0,0.30446359515190125,2,clean,0.0,-1,132,80,CORRECT,0,0,0,0,0,0,0.0,0.0
margin,live-delta,1,0.0,0.271707,0.577329,0.024275,0.972656,0.439064,0.589064,0.10068809986114502,0.6728984117507935,0.5722103118896484,1.317524790763855,3.7341670989990234,0.6606665849685669,10,2,2,1,2,1,0,0.0,0.549420952796936,2,clean,0.0,-1,133,66,CORRECT,0,0,0,0,0,0,0.0,0.0
margin,live-delta,1,0.0,0.271707,0.577329,0.024275,0.972656,0.439064,0.589064,0.010797262191772461,0.6597398519515991,0.6489425897598267,1.7877330780029297,5.975890159606934,0.33156898617744446,12,2,2,1,2,1,0,0.0,0.41171005368232727,2,clean,0.0,-1,134,92,CORRECT,0,0,0,0,0,0,0.0,0.0
margin,live-delta,1,0.0,0.271707,0.577329,0.024275,0.972656,0.439064,0.589064,0.038563430309295654,0.7814432978630066,0.7428798675537109,2.0973949432373047,8.14492416381836,0.3092581331729889,17,2,2,1,2,1,0,0.0,0.6722792387008667,2,clean,0.0,-1,135,86,CORRECT,0,0,0,0,0,0,0.0,0.0
margin,live-delta,1,0.0,0.271707,0.577329,0.024275,0.972656,0.439064,0.589064,0.020030081272125244,0.5288381576538086,0.5088080763816833,2.260021448135376,9.583294868469238,0.22070133686065674,11,2,2,1,2,1,0,0.0,0.34904682636260986,2,clean,0.0,-1,136,88,CORRECT,0,0,0,0,0,0,0.0,0.0
margin,live-delta,1,0.0,0.271707,0.577329,0.024275,0.972656,0.439064,0.589064,0.073203444480896,0.7202974557876587,0.6470940113067627,1.0489871501922607,2.8547582626342773,0.6896443367004395,9,2,2,1,2,1,0,0.0,0.329639196395874,2,clean,0.0,-1,137,88,CORRECT,0,0,0,0,0,0,0.0,0.0
margin,live-delta,1,0.0,0.271707,0.577329,0.024275,0.972656,0.439064,0.589064,0.010031938552856445,0.6941384077072144,0.6841064691543579,2.1667442321777344,8.729815483093262,0.25467154383659363,18,2,2,1,2,1,0,0.0,0.5886439085006714,2,clean,0.0,-1,138,81,CORRECT,0,0,0,0,0,0,0.0,0.0
margin,live-delta,1,0.0,0.271707,0.577329,0.024275,0.972656,0.439064,0.589064,0.02701401710510254,0.5055744051933289,0.4785603880882263,0.6579487919807434,1.9308277368545532,0.6318776607513428,2,2,2,1,2,1,0,0.0,0.27878403663635254,2,clean,0.0,-1,139,80,CORRECT,0,0,0,0,0,0,0.0,0.0
margin,live-delta,1,0.0,0.271707,0.577329,0.024275,0.972656,0.439064,0.589064,0.004963397979736328,0.5345861911773682,0.5296227931976318,1.971577525138855,7.181997299194336,0.22626833617687225,8,2,2,1,2,1,0,0.0,0.4051614999771118,2,clean,0.0,-1,140,66,CORRECT,0,0,0,0,0,0,0.0,0.0
margin,live-delta,1,0.0,0.271707,0.577329,0.024275,0.972656,0.439064,0.589064,0.0156974196434021,0.6356213688850403,0.6199239492416382,1.9866859912872314,7.291330337524414,0.2903841435909271,13,2,2,1,2,1,0,0.0,0.4982225298881531,2,clean,0.0,-1,141,66,CORRECT,0,0,0,0,0,0,0.0,0.0
margin,live-delta,1,0.0,0.271707,0.577329,0.024275,0.972656,0.439064,0.589064,0.01708298921585083,0.7122920751571655,0.6952090859413147,1.2599601745605469,3.5252811908721924,0.4833809733390808,10,2,2,1,2,1,0,0.0,0.3683291971683502,2,clean,0.0,-1,142,88,CORRECT,0,0,0,0,0,0,0.0,0.0
margin,live-delta,1,0.0,0.271707,0.577329,0.024275,0.972656,0.439064,0.589064,0.05140995979309082,0.7328740954399109,0.6814641356468201,1.9405049085617065,6.962265491485596,0.40896961092948914,16,2,2,1,2,1,0,0.0,0.6180444955825806,2,clean,0.0,-1,143,66,CORRECT,0,0,0,0,0,0,0.0,0.0
margin,live-delta,1,0.0,0.271707,0.577329,0.024275,0.972656,0.439064,0.589064,0.06999588012695312,0.8557835817337036,0.7857877016067505,1.1510076522827148,3.161376953125,0.6333998441696167,16,2,2,1,2,1,0,0.0,0.6665446758270264,2,clean,0.0,-1,144,92,CORRECT,0,0,0,0,0,0,0.0,0.0
margin,live-delta,1,0.0,0.271707,0.577329,0.024275,0.972656,0.439064,0.589064,0.07027477025985718,0.7297858595848083,0.6595110893249512,1.6335607767105103,5.1220808029174805,0.5572382807731628,15,2,2,1,2,1,0,0.0,0.5841353535652161,2,clean,0.0,-1,145,82,CORRECT,0,0,0,0,0,0,0.0,0.0
margin,live-delta,1,0.0,0.271707,0.577329,0.024275,0.972656,0.439064,0.589064,0.012750029563903809,0.620884895324707,0.6081348657608032,2.2108232975006104,9.123224258422852,0.2578112781047821,15,2,2,1,2,1,0,0.0,0.41435956954956055,2,clean,0.0,-1,146,89,CORRECT,0,0,0,0,0,0,0.0,0.0
margin,live-delta,1,0.0,0.271707,0.577329,0.024275,0.972656,0.439064,0.589064,0.01943683624267578,0.7345792055130005,0.7151423692703247,1.9745113849639893,7.203099250793457,0.32740145921707153,17,2,2,1,2,1,0,0.0,0.5811883211135864,2,clean,0.0,-1,147,66,CORRECT,0,0,0,0,0,0,0.0,0.0
margin,live-delta,1,0.0,0.271707,0.577329,0.024275,0.972656,0.439064,0.589064,0.05345660448074341,0.7361685633659363,0.6827119588851929,1.9927566051483154,7.335727691650391,0.3912556767463684,14,2,2,1,2,1,0,0.0,0.5475063323974609,2,clean,0.0,-1,148,87,CORRECT,0,0,0,0,0,0,0.0,0.0
margin,live-delta,1,0.0,0.271707,0.577329,0.024275,0.972656,0.439064,0.589064,0.032271623611450195,0.8208656311035156,0.7885940074920654,1.3720816373825073,3.9435513019561768,0.4559568762779236,16,2,2,1,2,1,0,0.0,0.5866742730140686,2,clean,0.0,-1,149,88,CORRECT,0,0,0,0,0,0,0.0,0.0
margin,live-delta,1,0.0,0.271707,0.577329,0.024275,0.972656,0.439064,0.589064,0.055301666259765625,0.5719026327133179,0.5166009664535522,1.0985515117645264,2.9998176097869873,0.626548171043396,5,2,2,1,2,1,0,0.0,0.34642860293388367,2,clean,0.0,-1,150,80,CORRECT,0,0,0,0,0,0,0.0,0.0
margin,live-delta,1,0.0,0.271707,0.577329,0.024275,0.972656,0.439064,0.589064,0.16924935579299927,0.6686280965805054,0.4993787407875061,0.38829556107521057,1.4744654893875122,0.9189178347587585,5,2,2,1,2,1,0,0.0,0.5161433815956116,2,clean,0.0,-1,151,82,CORRECT,0,0,0,0,0,0,0.0,0.0
margin,live-delta,1,0.0,0.271707,0.577329,0.024275,0.972656,0.439064,0.589064,0.014408707618713379,0.7415615320205688,0.7271528244018555,2.1189281940460205,8.322213172912598,0.27553868293762207,18,2,2,1,2,1,0,0.0,0.6040228009223938,2,clean,0.0,-1,152,66,CORRECT,0,0,0,0,0,0,0.0,0.0
margin,live-delta,1,0.0,0.271707,0.577329,0.024275,0.972656,0.439064,0.589064,0.010547876358032227,0.8060425519943237,0.7954946756362915,1.3239156007766724,3.758107900619507,0.42233118414878845,16,2,2,1,2,1,0,0.0,0.5476217269897461,2,clean,0.0,-1,153,92,CORRECT,0,0,0,0,0,0,0.0,0.0
margin,live-delta,1,0.0,0.271707,0.577329,0.024275,0.972656,0.439064,0.589064,0.020640254020690918,0.6020315885543823,0.5813913345336914,2.2193665504455566,9.201499938964844,0.24520422518253326,13,2,2,1,2,1,0,0.0,0.42076271772384644,2,clean,0.0,-1,160,94,CORRECT,0,0,0,0,0,0,0.0,0.0
margin,live-delta,1,0.0,0.271707,0.577329,0.024275,0.972656,0.439064,0.589064,0.0004684329032897949,0.558491587638855,0.5580231547355652,2.468005895614624,11.798894882202148,0.15108776092529297,14,2,2,1,2,1,0,0.0,0.3641226291656494,2,clean,0.0,-1,162,94,CORRECT,0,0,0,0,0,0,0.0,0.0
margin,live-delta,1,0.0,0.271707,0.577329,0.024275,0.972656,0.439064,0.589064,0.009126722812652588,0.5600058436393738,0.5508791208267212,1.837072491645813,6.27813196182251,0.299072802066803,8,2,2,1,2,1,0,0.0,0.3933143615722656,2,clean,0.0,-1,164,86,CORRECT,0,0,0,0,0,0,0.0,0.0
margin,live-delta,1,0.0,0.271707,0.577329,0.024275,0.972656,0.439064,0.589064,0.02350926399230957,0.6209155321121216,0.597406268119812,2.3354697227478027,10.33431339263916,0.22745604813098907,14,2,2,1,2,1,0,0.0,0.4534796178340912,2,clean,0.0,-1,166,66,CORRECT,0,0,0,0,0,0,0.0,0.0
margin,live-delta,1,0.0,0.271707,0.577329,0.024275,0.972656,0.439064,0.589064,0.07067340612411499,0.8171741366386414,0.7465007305145264,1.6226474046707153,5.06648588180542,0.5326154232025146,17,2,2,1,2,1,0,0.0,0.6834558248519897,2,clean,0.0,-1,167,94,CORRECT,0,0,0,0,0,0,0.0,0.0
margin,live-delta,1,0.0,0.271707,0.577329,0.024275,0.972656,0.439064,0.589064,0.04554343223571777,0.8218976855278015,0.7763542532920837,1.8764818906784058,6.530489444732666,0.38273027539253235,18,2,2,1,2,1,0,0.0,0.6797922253608704,2,clean,0.0,-1,169,87,CORRECT,0,0,0,0,0,0,0.0,0.0
margin,live-delta,1,0.0,0.271707,0.577329,0.024275,0.972656,0.439064,0.589064,0.055218279361724854,0.4490985870361328,0.39388030767440796,-0.0,1.0,1.0,1,2,2,1,2,1,0,0.0,0.1706991195678711,2,clean,0.0,-1,170,74,CORRECT,0,0,0,0,0,0,0.0,0.0
margin,live-delta,1,0.0,0.271707,0.577329,0.024275,0.972656,0.439064,0.589064,0.03050374984741211,0.7986985445022583,0.7681947946548462,2.0227675437927246,7.559216499328613,0.3476046919822693,18,2,2,1,2,1,0,0.0,0.652678370475769,2,clean,0.0,-1,172,94,CORRECT,0,0,0,0,0,0,0.0,0.0
margin,live-delta,1,0.0,0.271707,0.577329,0.024275,0.972656,0.439064,0.589064,0.022157609462738037,0.6517328023910522,0.6295751929283142,1.8360211849212646,6.271535396575928,0.374071329832077,11,2,2,1,2,1,0,0.0,0.493843138217926,2,clean,0.0,-1,173,79,CORRECT,0,0,0,0,0,0,0.0,0.0
margin,live-delta,1,0.0,0.271707,0.577329,0.024275,0.972656,0.439064,0.589064,0.029355645179748535,0.8051860332489014,0.7758303880691528,1.780912160873413,5.935267925262451,0.37560105323791504,17,2,2,1,2,1,0,0.0,0.5979050397872925,2,clean,0.0,-1,174,88,CORRECT,0,0,0,0,0,0,0.0,0.0
margin,live-delta,1,0.0,0.271707,0.577329,0.024275,0.972656,0.439064,0.589064,0.014246940612792969,0.5697592496871948,0.5555123090744019,2.2537872791290283,9.523736953735352,0.26052936911582947,13,2,2,1,2,1,0,0.0,0.27040910720825195,2,clean,0.0,-1,175,82,CORRECT,0,0,0,0,0,0,0.0,0.0
margin,live-delta,1,0.0,0.271707,0.577329,0.024275,0.972656,0.439064,0.589064,0.014076292514801025,0.726281464099884,0.712205171585083,1.8721051216125488,6.501969337463379,0.28966787457466125,16,2,2,1,2,1,0,0.0,0.535503089427948,2,clean,0.0,-1,176,87,CORRECT,0,0,0,0,0,0,0.0,0.0
margin,live-delta,1,0.0,0.271707,0.577329,0.024275,0.972656,0.439064,0.589064,0.05845820903778076,0.6732896566390991,0.6148314476013184,1.9466885328292847,7.00545072555542,0.41664114594459534,15,2,2,1,2,1,0,0.0,0.47631222009658813,2,clean,0.0,-1,177,66,CORRECT,0,0,0,0,0,0,0.0,0.0
margin,live-delta,1,0.0,0.271707,0.577329,0.024275,0.972656,0.439064,0.589064,0.09708833694458008,0.498207688331604,0.4011193513870239,-0.0,1.0,1.0,1,2,2,1,2,1,0,0.0,0.16100990772247314,2,clean,0.0,-1,178,64,CORRECT,0,0,0,0,0,0,0.0,0.0
margin,live-delta,1,0.0,0.271707,0.577329,0.024275,0.972656,0.439064,0.589064,0.014411091804504395,0.642770528793335,0.6283594369888306,2.2935867309570312,9.910420417785645,0.2121940553188324,17,2,2,1,2,1,0,0.0,0.5257186889648438,2,clean,0.0,-1,179,81,CORRECT,0,0,0,0,0,0,0.0,0.0
margin,live-delta,1,0.0,0.271707,0.577329,0.024275,0.972656,0.439064,0.589064,0.009206622838973999,0.48549434542655945,0.47628772258758545,0.6889269948005676,1.991577386856079,0.5459035038948059,2,2,2,1,2,1,0,0.0,0.08106586337089539,2,clean,0.0,-1,180,88,CORRECT,0,0,0,0,0,0,0.0,0.0
margin,live-delta,1,0.0,0.271707,0.577329,0.024275,0.972656,0.439064,0.589064,0.07042646408081055,0.7437867522239685,0.673360288143158,1.7850247621536255,5.959727764129639,0.4779830276966095,13,2,2,1,2,1,0,0.0,0.6262246966362,2,clean,0.0,-1,182,82,CORRECT,0,0,0,0,0,0,0.0,0.0
margin,live-delta,1,0.0,0.271707,0.577329,0.024275,0.972656,0.439064,0.589064,0.00473785400390625,0.6011457443237305,0.5964078903198242,2.072744846343994,7.946605205535889,0.22993776202201843,12,2,2,1,2,1,0,0.0,0.3789810240268707,2,clean,0.0,-1,183,86,CORRECT,0,0,0,0,0,0,0.0,0.0
margin,live-delta,1,0.0,0.271707,0.577329,0.024275,0.972656,0.439064,0.589064,0.0015205740928649902,0.6854196190834045,0.6838990449905396,2.1933770179748535,8.965438842773438,0.20872709155082703,18,2,2,1,2,1,0,0.0,0.5326675176620483,2,clean,0.0,-1,184,86,CORRECT,0,0,0,0,0,0,0.0,0.0
margin,live-delta,1,0.0,0.271707,0.577329,0.024275,0.972656,0.439064,0.589064,0.032849788665771484,0.6116892099380493,0.5788394212722778,2.093151569366455,8.110435485839844,0.3236585557460785,13,2,2,1,2,1,0,0.0,0.46648189425468445,2,clean,0.0,-1,185,81,CORRECT,0,0,0,0,0,0,0.0,0.0
margin,live-delta,1,0.0,0.271707,0.577329,0.024275,0.972656,0.439064,0.589064,0.009874820709228516,0.8028467893600464,0.7929719686508179,1.5425740480422974,4.676612377166748,0.3523537814617157,16,2,2,1,2,1,0,0.0,0.5988579988479614,2,clean,0.0,-1,186,88,CORRECT,0,0,0,0,0,0,0.0,0.0
margin,live-delta,1,0.0,0.271707,0.577329,0.024275,0.972656,0.439064,0.589064,0.002904832363128662,0.8251573443412781,0.8222525119781494,1.9314234256744385,6.8993239402771,0.2785907983779907,18,2,2,1,2,1,0,0.0,0.7316372394561768,2,clean,0.0,-1,187,66,CORRECT,0,0,0,0,0,0,0.0,0.0
margin,live-delta,1,0.0,0.271707,0.577329,0.024275,0.972656,0.439064,0.589064,0.0050036609172821045,0.47099390625953674,0.46599024534225464,1.0700676441192627,2.915576696395874,0.4062097668647766,3,2,2,1,2,1,0,0.0,0.1328435242176056,2,clean,0.0,-1,188,89,CORRECT,0,0,0,0,0,0,0.0,0.0
margin,live-delta,1,0.0,0.271707,0.577329,0.024275,0.972656,0.439064,0.589064,0.0056299567222595215,0.5357644557952881,0.5301344990730286,1.9224615097045898,6.837769031524658,0.258139431476593,8,2,2,1,2,1,0,0.0,0.26216602325439453,2,clean,0.0,-1,190,67,CORRECT,0,0,0,0,0,0,0.0,0.0
margin,live-delta,1,0.0,0.271707,0.577329,0.024275,0.972656,0.439064,0.589064,0.05560547113418579,0.632349967956543,0.5767444968223572,2.061814069747925,7.860215663909912,0.36354196071624756,13,2,2,1,2,1,0,0.0,0.39755454659461975,2,clean,0.0,-1,191,81,CORRECT,0,0,0,0,0,0,0.0,0.0
margin,live-delta,1,0.0,0.271707,0.577329,0.024275,0.972656,0.439064,0.589064,0.1022566556930542,0.8100323677062988,0.7077757120132446,1.329530954360962,3.7792701721191406,0.6659570336341858,15,3,3,1,3,1,0,0.0,0.6372814774513245,2,clean,0.0,-1,192,110,CORRECT,0,0,0,0,0,0,0.0,0.0
margin,live-delta,1,0.0,0.271707,0.577329,0.024275,0.972656,0.439064,0.589064,0.006317168474197388,0.46576759219169617,0.4594504237174988,0.6911558508872986,1.9960212707519531,0.5315437316894531,2,3,3,1,3,1,0,0.0,0.23192644119262695,2,clean,0.0,-1,193,122,CORRECT,0,0,0,0,0,0,0.0,0.0
margin,live-delta,1,0.0,0.271707,0.577329,0.024275,0.972656,0.439064,0.589064,0.027418076992034912,0.8872389197349548,0.8598208427429199,1.6352026462554932,5.130497455596924,0.4058467745780945,13,3,3,1,3,1,0,0.0,0.7987887859344482,2,clean,0.0,-1,194,97,CORRECT,0,0,0,0,0,0,0.0,0.0
margin,live-delta,1,0.0,0.271707,0.577329,0.024275,0.972656,0.439064,0.589064,0.09606266021728516,0.7679380178451538,0.6718753576278687,1.635295033454895,5.130971431732178,0.5858632326126099,20,3,3,1,3,1,0,0.0,0.467274934053421,2,clean,0.0,-1,195,105,CORRECT,0,0,0,0,0,0,0.0,0.0
margin,live-delta,1,0.0,0.271707,0.577329,0.024275,0.972656,0.439064,0.589064,0.033324480056762695,0.5985491275787354,0.5652246475219727,2.370943307876587,10.707488059997559,0.2544578015804291,16,3,3,1,3,1,0,0.0,0.4936526417732239,2,clean,0.0,-1,196,113,CORRECT,0,0,0,0,0,0,0.0,0.0
margin,live-delta,1,0.0,0.271707,0.577329,0.024275,0.972656,0.439064,0.589064,0.03140676021575928,0.6604886054992676,0.6290818452835083,2.293865442276001,9.913182258605957,0.300283819437027,20,3,3,1,3,1,0,0.0,0.44444766640663147,2,clean,0.0,-1,197,109,CORRECT,0,0,0,0,0,0,0.0,0.0
margin,live-delta,1,0.0,0.271707,0.577329,0.024275,0.972656,0.439064,0.589064,0.02615499496459961,0.46656566858291626,0.44041067361831665,0.6600783467292786,1.9349439144134521,0.6278723478317261,2,3,3,1,3,1,0,0.0,0.18199288845062256,2,clean,0.0,-1,198,104,CORRECT,0,0,0,0,0,0,0.0,0.0
margin,live-delta,1,0.0,0.271707,0.577329,0.024275,0.972656,0.439064,0.589064,0.019829392433166504,0.5268105268478394,0.5069811344146729,0.673866868019104,1.961808681488037,0.597867488861084,2,3,3,1,3,1,0,0.0,0.4132581651210785,2,clean,0.0,-1,199,115,CORRECT,0,0,0,0,0,0,0.0,0.0
margin,live-delta,1,0.0,0.271707,0.577329,0.024275,0.972656,0.439064,0.589064,0.14240378141403198,0.7219078540802002,0.5795040726661682,0.2346271276473999,1.264437198638916,0.9419585466384888,3,3,3,1,3,1,0,0.0,0.6385027766227722,2,clean,0.0,-1,200,115,CORRECT,0,0,0,0,0,0,0.0,0.0
margin,live-delta,1,0.0,0.271707,0.577329,0.024275,0.972656,0.439064,0.589064,0.0062757134437561035,0.8334376215934753,0.8271619081497192,1.3125348091125488,3.7155799865722656,0.35869359970092773,18,3,3,1,3,1,0,0.0,0.7009687423706055,2,clean,0.0,-1,201,118,CORRECT,0,0,0,0,0,0,0.0,0.0
margin,live-delta,1,0.0,0.271707,0.577329,0.024275,0.972656,0.439064,0.589064,0.020821452140808105,0.5942161679267883,0.5733947157859802,1.6025315523147583,4.965587139129639,0.3478326201438904,7,3,3,1,3,1,0,0.0,0.3573760688304901,2,clean,0.0,-1,202,124,CORRECT,0,0,0,0,0,0,0.0,0.0
margin,live-delta,1,0.0,0.271707,0.577329,0.024275,0.972656,0.439064,0.589064,0.08432415127754211,0.5297173261642456,0.4453931748867035,0.4333803057670593,1.542462706565857,0.8437610268592834,2,3,3,1,3,1,0,0.0,0.2651461362838745,2,clean,0.0,-1,203,96,CORRECT,0,0,0,0,0,0,0.0,0.0
margin,live-delta,1,0.0,0.271707,0.577329,0.024275,0.972656,0.439064,0.589064,0.09210005402565002,0.5800983309745789,0.48799827694892883,0.8244100213050842,2.2805349826812744,0.7486775517463684,4,3,3,1,3,1,0,0.0,0.3671265244483948,2,clean,0.0,-1,204,96,CORRECT,0,0,0,0,0,0,0.0,0.0
margin,live-delta,1,0.0,0.271707,0.577329,0.024275,0.972656,0.439064,0.589064,0.09026157855987549,0.7622923851013184,0.6720308065414429,0.9353034496307373,2.5479865074157715,0.7575065493583679,11,3,3,1,3,1,0,0.0,0.5345759987831116,2,clean,0.0,-1,205,124,CORRECT,0,0,0,0,0,0,0.0,0.0
margin,live-delta,1,0.0,0.271707,0.577329,0.024275,0.972656,0.439064,0.589064,0.08902692794799805,0.592893660068512,0.5038667321205139,1.1338024139404297,3.107449769973755,0.6687549948692322,6,3,3,1,3,1,0,0.0,0.4166918396949768,2,clean,0.0,-1,206,113,CORRECT,0,0,0,0,0,0,0.0,0.0
margin,live-delta,1,0.0,0.271707,0.577329,0.024275,0.972656,0.439064,0.589064,0.03632640838623047,0.7532113790512085,0.716884970664978,2.2270796298980713,9.272747039794922,0.25928980112075806,18,3,3,1,3,1,0,0.0,0.5773868560791016,2,clean,0.0,-1,207,126,CORRECT,0,0,0,0,0,0,0.0,0.0
margin,live-delta,1,0.0,0.271707,0.577329,0.024275,0.972656,0.439064,0.589064,0.05994373559951782,0.6874781847000122,0.6275344491004944,1.4573490619659424,4.294559955596924,0.5362496972084045,10,3,3,1,3,1,0,0.0,0.458513468503952,2,clean,0.0,-1,208,124,CORRECT,0,0,0,0,0,0,0.0,0.0
margin,live-delta,1,0.0,0.271707,0.577329,0.024275,0.972656,0.439064,0.589064,0.007803201675415039,0.5509086847305298,0.5431054830551147,0.6901119351387024,1.993938684463501,0.5389370322227478,2,3,3,1,3,1,0,0.0,0.4494723081588745,2,clean,0.0,-1,209,115,CORRECT,0,0,0,0,0,0,0.0,0.0
margin,live-delta,1,0.0,0.271707,0.577329,0.024275,0.972656,0.439064,0.589064,0.01137608289718628,0.682218074798584,0.6708419919013977,1.4856369495391846,4.417778491973877,0.4158100187778473,10,3,3,1,3,1,0,0.0,0.5385146141052246,2,clean,0.0,-1,210,116,CORRECT,0,0,0,0,0,0,0.0,0.0
margin,live-delta,1,0.0,0.271707,0.577329,0.024275,0.972656,0.439064,0.589064,0.02612006664276123,0.7439183592796326,0.7177982926368713,1.2961605787277222,3.655235767364502,0.48552531003952026,15,3,3,1,3,1,0,0.0,0.5797291398048401,2,clean,0.0,-1,211,125,CORRECT,0,0,0,0,0,0,0.0,0.0
margin,live-delta,1,0.0,0.271707,0.577329,0.024275,0.972656,0.439064,0.589064,0.002281785011291504,0.6112834215164185,0.609001636505127,1.5259491205215454,4.599506855010986,0.32277217507362366,6,3,3,1,3,1,0,0.0,0.2935105562210083,2,clean,0.0,-1,212,101,CORRECT,0,0,0,0,0,0,0.0,0.0
margin,live-delta,1,0.0,0.271707,0.577329,0.024275,0.972656,0.439064,0.589064,0.03744769096374512,0.6198829412460327,0.5824352502822876,1.610660433769226,5.0061163902282715,0.39658716320991516,8,3,3,1,3,1,0,0.0,0.3868899941444397,2,clean,0.0,-1,213,125,CORRECT,0,0,0,0,0,0,0.0,0.0
margin,live-delta,1,0.0,0.271707,0.577329,0.024275,0.972656,0.439064,0.589064,0.006246805191040039,0.7604220509529114,0.7541752457618713,2.070779323577881,7.931001663208008,0.24775245785713196,17,3,3,1,3,1,0,0.0,0.6242871284484863,2,clean,0.0,-1,214,97,CORRECT,0,0,0,0,0,0,0.0,0.0
margin,live-delta,1,0.0,0.271707,0.577329,0.024275,0.972656,0.439064,0.589064,0.07016345858573914,0.47933223843574524,0.4091687798500061,-0.0,1.0,1.0,1,3,3,1,3,1,0,0.0,0.16705068945884705,2,clean,0.0,-1,215,123,CORRECT,0,0,0,0,0,0,0.0,0.0
margin,live-delta,1,0.0,0.271707,0.577329,0.024275,0.972656,0.439064,0.589064,0.12951183319091797,0.63904869556427,0.509536862373352,0.2530421316623688,1.2879375219345093,0.9302305579185486,2,3,3,1,3,1,0,0.0,0.33034107089042664,2,clean,0.0,-1,216,122,CORRECT,0,0,0,0,0,0,0.0,0.0
margin,live-delta,1,0.0,0.271707,0.577329,0.024275,0.972656,0.439064,0.589064,0.1960849165916443,0.8942528367042542,0.6981679201126099,0.2806599736213684,1.3240033388137817,0.9504283666610718,13,3,3,1,3,1,0,0.0,0.7961851358413696,2,clean,0.0,-1,217,107,CORRECT,0,0,0,0,0,0,0.0,0.0
margin,live-delta,1,0.0,0.271707,0.577329,0.024275,0.972656,0.439064,0.589064,0.007295757532119751,0.4530926048755646,0.4457968473434448,0.6904928684234619,1.994698405265808,0.5364142060279846,2,3,3,1,3,1,0,0.0,0.17780092358589172,2,clean,0.0,-1,218,114,CORRECT,0,0,0,0,0,0,0.0,0.0
margin,live-delta,1,0.0,0.271707,0.577329,0.024275,0.972656,0.439064,0.589064,0.07128006219863892,0.816789984703064,0.745509922504425,0.672871470451355,1.9598568677902222,0.779811680316925,9,3,3,1,3,1,0,0.0,0.7203499674797058,2,clean,0.0,-1,219,119,CORRECT,0,0,0,0,0,0,0.0,0.0
margin,live-delta,1,0.0,0.271707,0.577329,0.024275,0.972656,0.439064,0.589064,0.042374372482299805,0.5923725366592407,0.5499981641769409,1.6603269577026367,5.261030673980713,0.4123595952987671,8,3,3,1,3,1,0,0.0,0.37080055475234985,2,clean,0.0,-1,220,119,CORRECT,0,0,0,0,0,0,0.0,0.0
margin,live-delta,1,0.0,0.271707,0.577329,0.024275,0.972656,0.439064,0.589064,0.03423511981964111,0.7938240766525269,0.7595889568328857,0.7789266705513,2.1791319847106934,0.6444183588027954,6,3,3,1,3,1,0,0.0,0.6068319082260132,2,clean,0.0,-1,221,121,CORRECT,0,0,0,0,0,0,0.0,0.0
margin,live-delta,1,0.0,0.271707,0.577329,0.024275,0.972656,0.439064,0.589064,0.0373113751411438,0.7181012034416199,0.6807898283004761,1.348701000213623,3.8524179458618164,0.4989735782146454,10,3,3,1,3,1,0,0.0,0.44699907302856445,2,clean,0.0,-1,222,103,CORRECT,0,0,0,0,0,0,0.0,0.0
margin,live-delta,1,0.0,0.271707,0.577329,0.024275,0.972656,0.439064,0.589064,0.009178757667541504,0.5874730348587036,0.5782942771911621,1.794343113899231,6.015522003173828,0.33089911937713623,9,3,3,1,3,1,0,0.0,0.41115981340408325,2,clean,0.0,-1,223,114,CORRECT,0,0,0,0,0,0,0.0,0.0
margin,live-delta,1,0.0,0.271707,0.577329,0.024275,0.972656,0.439064,0.589064,0.0036386847496032715,0.8077525496482849,0.8041138648986816,0.7877927422523499,2.198538303375244,0.5091709494590759,7,3,3,1,3,1,0,0.0,0.693606436252594,2,clean,0.0,-1,224,121,CORRECT,0,0,0,0,0,0,0.0,0.0
margin,live-delta,1,0.0,0.271707,0.577329,0.024275,0.972656,0.439064,0.589064,0.03262263536453247,0.6887332797050476,0.6561106443405151,1.4753340482711792,4.372496128082275,0.4493337869644165,9,3,3,1,3,1,0,0.0,0.5997492671012878,2,clean,0.0,-1,225,116,CORRECT,0,0,0,0,0,0,0.0,0.0
margin,live-delta,1,0.0,0.271707,0.577329,0.024275,0.972656,0.439064,0.589064,0.02645939588546753,0.571704626083374,0.5452452301979065,0.6593304872512817,1.933497428894043,0.6292937397956848,2,3,3,1,3,1,0,0.0,0.3278559744358063,2,clean,0.0,-1,226,120,CORRECT,0,0,0,0,0,0,0.0,0.0
margin,live-delta,1,0.0,0.271707,0.577329,0.024275,0.972656,0.439064,0.589064,0.2306826114654541,0.9411556720733643,0.7104730606079102,0.226749986410141,1.2545162439346313,0.9641211628913879,17,3,3,1,3,1,0,0.0,0.8242925405502319,2,clean,0.0,-1,227,107,CORRECT,0,0,0,0,0,0,0.0,0.0
margin,live-delta,1,0.0,0.271707,0.577329,0.024275,0.972656,0.439064,0.589064,0.010918140411376953,0.5363830327987671,0.5254648923873901,1.420082926750183,4.137463569641113,0.36637499928474426,5,3,3,1,3,1,0,0.0,0.4173053503036499,2,clean,0.0,-1,228,107,CORRECT,0,0,0,0,0,0,0.0,0.0
margin,live-delta,1,0.0,0.271707,0.577329,0.024275,0.972656,0.439064,0.589064,0.021424829959869385,0.8018848896026611,0.7804600596427917,0.6966444253921509,2.0070066452026367,0.6030893325805664,4,3,3,1,3,1,0,0.0,0.6869179010391235,2,clean,0.0,-1,229,120,CORRECT,0,0,0,0,0,0,0.0,0.0
margin,live-delta,1,0.0,0.271707,0.577329,0.024275,0.972656,0.439064,0.589064,0.05081146955490112,0.7853767275810242,0.734565258026123,1.824318766593933,6.198570728302002,0.42657700181007385,15,3,3,1,3,1,0,0.0,0.6753167510032654,2,clean,0.0,-1,230,107,CORRECT,0,0,0,0,0,0,0.0,0.0
margin,live-delta,1,0.0,0.271707,0.577329,0.024275,0.972656,0.439064,0.589064,0.029012084007263184,0.8678466081619263,0.8388345241546631,1.864013910293579,6.449573040008545,0.3899986743927002,19,3,3,1,3,1,0,0.0,0.7405789494514465,2,clean,0.0,-1,231,126,CORRECT,0,0,0,0,0,0,0.0,0.0
margin,live-delta,1,0.0,0.271707,0.577329,0.024275,0.972656,0.439064,0.589064,0.01940310001373291,0.762601375579834,0.7431982755661011,1.3645538091659546,3.9139761924743652,0.4957890510559082,15,3,3,1,3,1,0,0.0,0.5297636985778809,2,clean,0.0,-1,232,105,CORRECT,0,0,0,0,0,0,0.0,0.0
margin,live-delta,1,0.0,0.271707,0.577329,0.024275,0.972656,0.439064,0.589064,0.03478437662124634,0.8089582920074463,0.7741739153862,1.1060642004013062,3.0224392414093018,0.5676912069320679,16,3,3,1,3,1,0,0.0,0.6849418878555298,2,clean,0.0,-1,233,113,CORRECT,0,0,0,0,0,0,0.0,0.0
margin,live-delta,1,0.0,0.271707,0.577329,0.024275,0.972656,0.439064,0.589064,0.15234535932540894,0.982479989528656,0.8301346302032471,0.30193987488746643,1.3524799346923828,0.934414803981781,18,3,3,1,3,1,0,0.0,0.8673667907714844,2,clean,0.0,-1,234,118,CORRECT,0,0,0,0,0,0,0.0,0.0
margin,live-delta,1,0.0,0.271707,0.577329,0.024275,0.972656,0.439064,0.589064,0.0017946958541870117,0.6616439819335938,0.6598492860794067,1.186095118522644,3.274270534515381,0.4303274154663086,7,3,3,1,3,1,0,0.0,0.526913583278656,2,clean,0.0,-1,235,106,CORRECT,0,0,0,0,0,0,0.0,0.0
margin,live-delta,1,0.0,0.271707,0.577329,0.024275,0.972656,0.439064,0.589064,0.010278284549713135,0.8556346297264099,0.8453563451766968,1.499734878540039,4.480501174926758,0.41308557987213135,15,3,3,1,3,1,0,0.0,0.6597282290458679,2,clean,0.0,-1,236,117,CORRECT,0,0,0,0,0,0,0.0,0.0
margin,live-delta,1,0.0,0.271707,0.577329,0.024275,0.972656,0.439064,0.589064,0.0014490485191345215,0.5788602828979492,0.5774112343788147,2.1078085899353027,8.230185508728027,0.20069342851638794,11,3,3,1,3,1,0,0.0,0.32548508048057556,2,clean,0.0,-1,237,103,CORRECT,0,0,0,0,0,0,0.0,0.0
margin,live-delta,1,0.0,0.271707,0.577329,0.024275,0.972656,0.439064,0.589064,0.05839550495147705,0.5697363018989563,0.5113407969474792,1.1548430919647217,3.173525333404541,0.6056205630302429,5,3,3,1,3,1,0,0.0,0.34055691957473755,2,clean,0.0,-1,239,116,CORRECT,0,0,0,0,0,0,0.0,0.0
margin,live-delta,1,0.0,0.271707,0.577329,0.024275,0.972656,0.439064,0.589064,0.00034350156784057617,0.8128784894943237,0.8125349879264832,1.4598190784454346,4.305180549621582,0.3990626335144043,15,3,3,1,3,1,0,0.0,0.6722614765167236,2,clean,0.0,-1,240,97,CORRECT,0,0,0,0,0,0,0.0,0.0
margin,live-delta,1,0.0,0.271707,0.577329,0.024275,0.972656,0.439064,0.589064,0.0093231201171875,0.756900429725647,0.7475773096084595,1.9889204502105713,7.307640552520752,0.2403310090303421,16,3,3,1,3,1,0,0.0,0.6455607414245605,2,clean,0.0,-1,241,97,CORRECT,0,0,0,0,0,0,0.0,0.0
margin,live-delta,1,0.0,0.271707,0.577329,0.024275,0.972656,0.439064,0.589064,0.019156038761138916,0.6394824981689453,0.6203264594078064,0.6751307249069214,1.9642897844314575,0.5946255326271057,2,3,3,1,3,1,0,0.0,0.531365692615509,2,clean,0.0,-1,242,115,CORRECT,0,0,0,0,0,0,0.0,0.0
margin,live-delta,1,0.0,0.271707,0.577329,0.024275,0.972656,0.439064,0.589064,0.0470123291015625,0.6217077970504761,0.5746954679489136,1.3996777534484863,4.053893566131592,0.5148141384124756,6,3,3,1,3,1,0,0.0,0.2859410345554352,2,clean,0.0,-1,243,124,CORRECT,0,0,0,0,0,0,0.0,0.0
margin,live-delta,1,0.0,0.271707,0.577329,0.024275,0.972656,0.439064,0.589064,0.0506209135055542,0.735724687576294,0.6851037740707397,1.2392916679382324,3.4531667232513428,0.5511974692344666,8,3,3,1,3,1,0,0.0,0.6164519786834717,2,clean,0.0,-1,244,119,CORRECT,0,0,0,0,0,0,0.0,0.0
margin,live-delta,1,0.0,0.271707,0.577329,0.024275,0.972656,0.439064,0.589064,0.01857537031173706,0.7805618047714233,0.7619864344596863,1.6965545415878296,5.455119609832764,0.36871206760406494,20,3,3,1,3,1,0,0.0,0.6571207046508789,2,clean,0.0,-1,245,125,CORRECT,0,0,0,0,0,0,0.0,0.0
margin,live-delta,1,0.0,0.271707,0.577329,0.024275,0.972656,0.439064,0.589064,0.009640216827392578,0.5784683227539062,0.5688281059265137,2.221360445022583,9.219865798950195,0.213002011179924,13,3,3,1,3,1,0,0.0,0.39385986328125,2,clean,0.0,-1,246,110,CORRECT,0,0,0,0,0,0,0.0,0.0
margin,live-delta,1,0.0,0.271707,0.577329,0.024275,0.972656,0.439064,0.589064,0.09101557731628418,0.7862826585769653,0.6952670812606812,1.0541155338287354,2.869436025619507,0.7270598411560059,14,3,3,1,3,1,0,0.0,0.5251450538635254,2,clean,0.0,-1,247,120,CORRECT,0,0,0,0,0,0,0.0,0.0
margin,live-delta,1,0.0,0.271707,0.577329,0.024275,0.972656,0.439064,0.589064,0.035696208477020264,0.6193225383758545,0.5836263298988342,1.9352675676345825,6.925897121429443,0.36184149980545044,11,3,3,1,3,1,0,0.0,0.527028501033783,2,clean,0.0,-1,249,107,CORRECT,0,0,0,0,0,0,0.0,0.0
margin,live-delta,1,0.0,0.271707,0.577329,0.024275,0.972656,0.439064,0.589064,0.006960093975067139,0.615280270576477,0.6083201766014099,2.066415309906006,7.89646577835083,0.26621192693710327,13,3,3,1,3,1,0,0.0,0.5127503275871277,2,clean,0.0,-1,250,115,CORRECT,0,0,0,0,0,0,0.0,0.0
margin,live-delta,1,0.0,0.271707,0.577329,0.024275,0.972656,0.439064,0.589064,0.004858970642089844,0.7133948802947998,0.70853590965271,1.7207775115966797,5.588871955871582,0.32791778445243835,19,3,3,1,3,1,0,0.0,0.5565115809440613,2,clean,0.0,-1,251,107,CORRECT,0,0,0,0,0,0,0.0,0.0
margin,live-delta,1,0.0,0.271707,0.577329,0.024275,0.972656,0.439064,0.589064,0.030346155166625977,0.7366904020309448,0.7063442468643188,1.7606197595596313,5.816040992736816,0.3635081648826599,10,3,3,1,3,1,0,0.0,0.49711012840270996,2,clean,0.0,-1,252,117,CORRECT,0,0,0,0,0,0,0.0,0.0
margin,live-delta,1,0.0,0.271707,0.577329,0.024275,0.972656,0.439064,0.589064,0.034451961517333984,0.7492276430130005,0.7147756814956665,1.6915348768234253,5.427805423736572,0.4406343996524811,12,3,3,1,3,1,0,0.0,0.531527578830719,2,clean,0.0,-1,253,119,CORRECT,0,0,0,0,0,0,0.0,0.0
margin,live-delta,1,0.0,0.271707,0.577329,0.024275,0.972656,0.439064,0.589064,0.03389662504196167,0.46462684869766235,0.4307302236557007,-0.0,1.0,1.0,1,3,3,1,3,1,0,0.0,0.348505437374115,2,clean,0.0,-1,254,116,CORRECT,0,0,0,0,0,0,0.0,0.0
margin,live-delta,1,0.0,0.271707,0.577329,0.024275,0.972656,0.439064,0.589064,0.01337289810180664,0.6233410835266113,0.6099681854248047,2.3906116485595703,10.920170783996582,0.222396120429039,16,3,3,1,3,1,0,0.0,0.44635075330734253,2,clean,0.0,-1,255,100,CORRECT,0,0,0,0,0,0,0.0,0.0
margin,live-delta,2,0.0,0.271707,0.577329,0.024275,0.972656,0.439064,0.589064,0.03762426972389221,0.5110138058662415,0.47338953614234924,1.3084306716918945,3.700361967086792,0.4304646849632263,4,0,0,1,0,1,0,0.0,0.09347984194755554,2,clean,0.0,-1,0,28,CORRECT,0,0,0,0,0,0,0.0,0.0
margin,live-delta,2,0.0,0.271707,0.577329,0.024275,0.972656,0.439064,0.589064,0.15752142667770386,0.5575714111328125,0.40004998445510864,-0.0,1.0,1.0,1,0,0,1,0,1,0,0.0,0.2904238998889923,2,clean,0.0,-1,1,3,CORRECT,0,0,0,0,0,0,0.0,0.0
margin,live-delta,2,0.0,0.271707,0.577329,0.024275,0.972656,0.439064,0.589064,0.09297966957092285,0.6945255994796753,0.6015459299087524,1.0659769773483276,2.903674364089966,0.7134841084480286,8,0,0,1,0,1,1,0.14056897163391113,0.1141963005065918,2,clean,0.0,-1,2,14,CORRECT,0,0,0,0,0,0,0.0,0.0
margin,live-delta,2,0.0,0.271707,0.577329,0.024275,0.972656,0.439064,0.589064,0.059886783361434937,0.48569563031196594,0.425808846950531,-0.0,1.0,1.0,1,0,1,0,1,0,1,1.0,-0.17318376898765564,0,clean,0.0,-1,5,49,BLENDED,0,0,0,0,0,0,0.0,0.0
margin,live-delta,2,0.0,0.271707,0.577329,0.024275,0.972656,0.439064,0.589064,0.023535043001174927,0.47608861327171326,0.45255357027053833,1.070020318031311,2.915438652038574,0.44852760434150696,3,0,0,1,0,1,0,0.0,0.14675000309944153,2,clean,0.0,-1,9,13,CORRECT,0,0,0,0,0,0,0.0,0.0
margin,live-delta,2,0.0,0.271707,0.577329,0.024275,0.972656,0.439064,0.589064,0.014633804559707642,0.4974060356616974,0.48277223110198975,1.0649480819702148,2.900688409805298,0.44082605838775635,3,0,0,1,0,1,0,0.0,0.09648242592811584,2,clean,0.0,-1,10,17,CORRECT,0,0,0,0,0,0,0.0,0.0
margin,live-delta,2,0.0,0.271707,0.577329,0.024275,0.972656,0.439064,0.589064,0.08684149384498596,0.5661791563034058,0.4793376624584198,0.4222162961959839,1.5253384113311768,0.8502839207649231,2,0,0,1,0,1,0,0.0,0.3185681104660034,2,clean,0.0,-1,13,3,CORRECT,0,0,0,0,0,0,0.0,0.0
margin,live-delta,2,0.0,0.271707,0.577329,0.024275,0.972656,0.439064,0.589064,0.08117860555648804,0.4752614498138428,0.39408284425735474,-0.0,1.0,1.0,1,0,0,1,0,1,0,0.0,0.10955226421356201,2,clean,0.0,-1,14,3,CORRECT,0,0,0,0,0,0,0.0,0.0
margin,live-delta,2,0.0,0.271707,0.577329,0.024275,0.972656,0.439064,0.589064,0.06355580687522888,0.44446679949760437,0.3809109926223755,-0.0,1.0,1.0,1,0,0,1,0,1,0,0.0,0.09106484055519104,2,clean,0.0,-1,19,18,CORRECT,0,0,0,0,0,0,0.0,0.0
margin,live-delta,2,0.0,0.271707,0.577329,0.024275,0.972656,0.439064,0.589064,0.0298537015914917,0.4545491635799408,0.4246954619884491,-0.0,1.0,1.0,1,0,0,1,0,1,0,0.0,0.03719410300254822,1,clean,0.0,-1,21,28,CORRECT,0,0,0,0,0,0,0.0,0.0
margin,live-delta,2,0.0,0.271707,0.577329,0.024275,0.972656,0.439064,0.589064,0.0817604660987854,0.5454531908035278,0.46369272470474243,0.44480425119400024,1.5601847171783447,0.8368819952011108,2,0,0,1,0,1,0,0.0,0.1577472686767578,2,clean,0.0,-1,22,12,CORRECT,0,0,0,0,0,0,0.0,0.0
margin,live-delta,2,0.0,0.271707,0.577329,0.024275,0.972656,0.439064,0.589064,0.2307952344417572,0.45714232325553894,0.22634708881378174,-0.0,1.0,1.0,1,0,0,1,0,1,0,0.0,0.27203503251075745,2,clean,0.0,-1,23,9,CORRECT,0,0,0,0,0,0,0.0,0.0
margin,live-delta,2,0.0,0.271707,0.577329,0.024275,0.972656,0.439064,0.589064,0.08825361728668213,0.4393737316131592,0.35112011432647705,-0.0,1.0,1.0,1,0,1,0,1,0,1,1.0,-0.08825361728668213,0,clean,0.0,-1,24,58,BLENDED,0,0,0,0,0,0,0.0,0.0
margin,live-delta,2,0.0,0.271707,0.577329,0.024275,0.972656,0.439064,0.589064,0.018287837505340576,0.4404931664466858,0.4222053289413452,-0.0,1.0,1.0,1,0,0,1,0,1,0,0.0,0.11889442801475525,2,clean,0.0,-1,28,21,CORRECT,0,0,0,0,0,0,0.0,0.0
margin,live-delta,2,0.0,0.271707,0.577329,0.024275,0.972656,0.439064,0.589064,0.20138755440711975,0.5386088490486145,0.33722129464149475,-0.0,1.0,1.0,1,0,0,1,0,1,0,0.0,0.21796667575836182,2,clean,0.0,-1,29,30,CORRECT,0,0,0,0,0,0,0.0,0.0
margin,live-delta,2,0.0,0.271707,0.577329,0.024275,0.972656,0.439064,0.589064,0.001230776309967041,0.5109431743621826,0.5097123980522156,1.0983421802520752,2.999189853668213,0.3424144387245178,3,0,0,1,0,1,0,0.0,0.15158623456954956,2,clean,0.0,-1,30,27,CORRECT,0,0,0,0,0,0,0.0,0.0
margin,live-delta,2,0.0,0.271707,0.577329,0.024275,0.972656,0.439064,0.589064,0.05672097206115723,0.527478814125061,0.4707578420639038,0.9242557883262634,2.5199921131134033,0.6221434473991394,3,0,0,1,0,1,0,0.0,0.20573222637176514,2,clean,0.0,-1,31,21,CORRECT,0,0,0,0,0,0,0.0,0.0
margin,live-delta,2,0.0,0.271707,0.577329,0.024275,0.972656,0.439064,0.589064,0.06267088651657104,0.5771849155426025,0.5145140290260315,0.529564380645752,1.6981923580169678,0.7778909802436829,2,0,0,1,0,1,0,0.0,0.20687836408615112,2,clean,0.0,-1,32,21,CORRECT,0,0,0,0,0,0,0.0,0.0
margin,live-delta,2,0.0,0.271707,0.577329,0.024275,0.972656,0.439064,0.589064,0.06853950023651123,0.5272687673568726,0.45872926712036133,0.836567223072052,2.308429002761841,0.686884343624115,3,0,0,1,0,1,1,0.1744043529033661,0.06853950023651123,2,clean,0.0,-1,33,22,CORRECT,0,0,0,0,0,0,0.0,0.0
margin,live-delta,2,0.0,0.271707,0.577329,0.024275,0.972656,0.439064,0.589064,0.10985952615737915,0.44487905502319336,0.3350195288658142,-0.0,1.0,1.0,1,0,1,0,1,0,1,1.0,-0.10985952615737915,0,clean,0.0,-1,34,38,BLENDED,0,0,0,0,0,0,0.0,0.0
margin,live-delta,2,0.0,0.271707,0.577329,0.024275,0.972656,0.439064,0.589064,0.003992140293121338,0.46688970923423767,0.46289756894111633,1.5929940938949585,4.918453216552734,0.250478059053421,5,0,0,1,0,1,0,0.0,0.1551005244255066,2,clean,0.0,-1,36,31,CORRECT,0,0,0,0,0,0,0.0,0.0
margin,live-delta,2,0.0,0.271707,0.577329,0.024275,0.972656,0.439064,0.589064,0.042268991470336914,0.5554631948471069,0.51319420337677,1.7381713390350342,5.686934471130371,0.40361955761909485,8,0,0,1,0,1,1,0.2553464472293854,0.04853558540344238,1,clean,0.0,-1,37,14,CORRECT,0,0,0,0,0,0,0.0,0.0
margin,live-delta,2,0.0,0.271707,0.577329,0.024275,0.972656,0.439064,0.589064,0.030288755893707275,0.4567822813987732,0.4264935255050659,-0.0,1.0,1.0,1,0,0,1,0,1,0,0.0,0.10791254043579102,2,clean,0.0,-1,42,6,CORRECT,0,0,0,0,0,0,0.0,0.0
margin,live-delta,2,0.0,0.271707,0.577329,0.024275,0.972656,0.439064,0.589064,0.0289628803730011,0.45749402046203613,0.42853114008903503,-0.0,1.0,1.0,1,0,0,1,0,1,0,0.0,0.062056660652160645,2,clean,0.0,-1,43,31,CORRECT,0,0,0,0,0,0,0.0,0.0
margin,live-delta,2,0.0,0.271707,0.577329,0.024275,0.972656,0.439064,0.589064,0.004916787147521973,0.5519967079162598,0.5470799207687378,1.4430346488952637,4.233523845672607,0.3498474955558777,5,0,0,1,0,1,0,0.0,0.17608129978179932,2,clean,0.0,-1,45,5,CORRECT,0,0,0,0,0,0,0.0,0.0
margin,live-delta,2,0.0,0.271707,0.577329,0.024275,0.972656,0.439064,0.589064,0.00018841028213500977,0.47927355766296387,0.47908514738082886,0.6931453943252563,1.9999964237213135,0.5009419918060303,2,0,0,1,0,1,0,0.0,0.21689152717590332,2,clean,0.0,-1,48,18,CORRECT,0,0,0,0,0,0,0.0,0.0
margin,live-delta,2,0.0,0.271707,0.577329,0.024275,0.972656,0.439064,0.589064,0.13420286774635315,0.47192445397377014,0.337721586227417,-0.0,1.0,1.0,1,0,0,1,0,1,0,0.0,0.2240210920572281,2,clean,0.0,-1,49,18,CORRECT,0,0,0,0,0,0,0.0,0.0
margin,live-delta,2,0.0,0.271707,0.577329,0.024275,0.972656,0.439064,0.589064,0.019812464714050293,0.6749056577682495,0.6550931930541992,1.320310115814209,3.744582414627075,0.41643911600112915,7,0,0,1,0,1,0,0.0,0.2516825497150421,2,clean,0.0,-1,51,27,CORRECT,0,0,0,0,0,0,0.0,0.0
margin,live-delta,2,0.0,0.271707,0.577329,0.024275,0.972656,0.439064,0.589064,0.08814448118209839,0.606589138507843,0.5184446573257446,0.6165233850479126,1.8524764776229858,0.8030567765235901,3,0,0,1,0,1,0,0.0,0.3156187832355499,2,clean,0.0,-1,53,3,CORRECT,0,0,0,0,0,0,0.0,0.0
margin,live-delta,2,0.0,0.271707,0.577329,0.024275,0.972656,0.439064,0.589064,0.008193910121917725,0.5111909508705139,0.5029970407485962,1.2397409677505493,3.454718589782715,0.40997156500816345,4,0,0,1,0,1,0,0.0,0.09483623504638672,2,clean,0.0,-1,55,26,CORRECT,0,0,0,0,0,0,0.0,0.0
margin,live-delta,2,0.0,0.271707,0.577329,0.024275,0.972656,0.439064,0.589064,0.010157376527786255,0.4902037978172302,0.48004642128944397,1.5845460891723633,4.877077102661133,0.2621338367462158,5,0,0,1,0,1,1,0.12637773156166077,0.03647899627685547,1,clean,0.0,-1,56,27,CORRECT,0,0,0,0,0,0,0.0,0.0
margin,live-delta,2,0.0,0.271707,0.577329,0.024275,0.972656,0.439064,0.589064,0.06739246845245361,0.5771557092666626,0.509763240814209,1.3502264022827148,3.8582990169525146,0.5552761554718018,6,0,0,1,0,1,0,0.05098020285367966,0.11940142512321472,2,clean,0.0,-1,58,28,CORRECT,0,0,0,0,0,0,0.0,0.0
margin,live-delta,2,0.0,0.271707,0.577329,0.024275,0.972656,0.439064,0.589064,0.025899112224578857,0.6490280032157898,0.6231288909912109,1.4651652574539185,4.328258514404297,0.3999028503894806,6,0,0,1,0,1,0,0.0138956094160676,0.16798242926597595,2,clean,0.0,-1,59,25,CORRECT,0,0,0,0,0,0,0.0,0.0
margin,live-delta,2,0.0,0.271707,0.577329,0.024275,0.972656,0.439064,0.589064,0.06994545459747314,0.6491247415542603,0.5791792869567871,0.9464529752731323,2.576554298400879,0.6593641638755798,4,0,0,1,0,1,0,0.0,0.3308027386665344,2,clean,0.0,-1,62,25,CORRECT,0,0,0,0,0,0,0.0,0.0
margin,live-delta,2,0.0,0.271707,0.577329,0.024275,0.972656,0.439064,0.589064,0.01966238021850586,0.5686567425727844,0.5489943623542786,2.3414812088012695,10.396624565124512,0.19699007272720337,13,1,1,1,1,1,0,0.0,0.2685515880584717,2,clean,0.0,-1,64,55,CORRECT,0,0,0,0,0,0,0.0,0.0
margin,live-delta,2,0.0,0.271707,0.577329,0.024275,0.972656,0.439064,0.589064,0.024967968463897705,0.6106247305870056,0.5856567621231079,1.9094914197921753,6.749655246734619,0.31075409054756165,12,1,1,1,1,1,0,0.0,0.3402480483055115,2,clean,0.0,-1,65,37,CORRECT,0,0,0,0,0,0,0.0,0.0
margin,live-delta,2,0.0,0.271707,0.577329,0.024275,0.972656,0.439064,0.589064,0.05212599039077759,0.7629485726356506,0.710822582244873,1.4158259630203247,4.119887828826904,0.5562195777893066,16,1,1,1,1,1,0,0.0050707594491541386,0.2588147521018982,2,clean,0.0,-1,66,54,CORRECT,0,0,0,0,0,0,0.0,0.0
margin,live-delta,2,0.0,0.271707,0.577329,0.024275,0.972656,0.439064,0.589064,0.06852149963378906,0.7129783630371094,0.6444568634033203,1.7361316680908203,5.675346851348877,0.5102615356445312,17,1,1,1,1,1,0,0.0038727500941604376,0.24404793977737427,2,clean,0.0,-1,67,39,CORRECT,0,0,0,0,0,0,0.0,0.0
margin,live-delta,2,0.0,0.271707,0.577329,0.024275,0.972656,0.439064,0.589064,0.08516144752502441,0.7080281972885132,0.6228667497634888,1.44516122341156,4.2425360679626465,0.6203391551971436,15,1,1,1,1,1,0,0.003960753791034222,0.2526915967464447,2,clean,0.0,-1,68,54,CORRECT,0,0,0,0,0,0,0.0,0.0
margin,live-delta,2,0.0,0.271707,0.577329,0.024275,0.972656,0.439064,0.589064,0.04955393075942993,0.7288384437561035,0.6792845129966736,1.4435832500457764,4.235846996307373,0.514823317527771,11,1,1,1,1,1,0,0.001579965348355472,0.28932103514671326,2,clean,0.0,-1,69,55,CORRECT,0,0,0,0,0,0,0.0,0.0
margin,live-delta,2,0.0,0.271707,0.577329,0.024275,0.972656,0.439064,0.589064,0.014178097248077393,0.6187683939933777,0.6045902967453003,1.2818435430526733,3.603276491165161,0.4797991216182709,8,1,1,1,1,1,1,0.4353707432746887,0.014178097248077393,0,clean,0.0,-1,70,32,CORRECT,0,0,0,0,0,0,0.0,0.0
margin,live-delta,2,0.0,0.271707,0.577329,0.024275,0.972656,0.439064,0.589064,0.03313928842544556,0.5181591510772705,0.48501986265182495,0.6411111950874329,1.8985893726348877,0.659885823726654,2,1,1,1,1,1,0,0.0,0.1789383888244629,2,clean,0.0,-1,71,52,CORRECT,0,0,0,0,0,0,0.0,0.0
margin,live-delta,2,0.0,0.271707,0.577329,0.024275,0.972656,0.439064,0.589064,0.0879206657409668,0.5985121130943298,0.510591447353363,0.5796738862991333,1.7854560613632202,0.8154345154762268,3,1,1,1,1,1,0,0.0,0.19561368227005005,2,clean,0.0,-1,72,58,CORRECT,0,0,0,0,0,0,0.0,0.0
margin,live-delta,2,0.0,0.271707,0.577329,0.024275,0.972656,0.439064,0.589064,0.004833340644836426,0.6409604549407959,0.6361271142959595,1.7804850339889526,5.932733535766602,0.3165929615497589,11,1,1,1,1,1,0,0.0,0.31000831723213196,2,clean,0.0,-1,73,45,CORRECT,0,0,0,0,0,0,0.0,0.0
margin,live-delta,2,0.0,0.271707,0.577329,0.024275,0.972656,0.439064,0.589064,0.03012096881866455,0.551203727722168,0.5210827589035034,2.1479737758636475,8.56748104095459,0.28264811635017395,11,1,1,1,1,1,0,0.0,0.17551171779632568,2,clean,0.0,-1,74,50,CORRECT,0,0,0,0,0,0,0.0,0.0
margin,live-delta,2,0.0,0.271707,0.577329,0.024275,0.972656,0.439064,0.589064,0.005219697952270508,0.49835360050201416,0.49313390254974365,1.512419581413269,4.537696838378906,0.3093273341655731,5,1,1,1,1,1,0,0.0,0.15347930788993835,2,clean,0.0,-1,75,39,CORRECT,0,0,0,0,0,0,0.0,0.0
margin,live-delta,2,0.0,0.271707,0.577329,0.024275,0.972656,0.439064,0.589064,0.2984471321105957,0.7332471609115601,0.43480002880096436,-0.0,1.0,1.0,1,1,1,1,1,1,0,0.0,0.2984471321105957,2,clean,0.0,-1,76,38,CORRECT,0,0,0,0,0,0,0.0,0.0
margin,live-delta,2,0.0,0.271707,0.577329,0.024275,0.972656,0.439064,0.589064,0.11552649736404419,0.5862758159637451,0.4707493185997009,0.30312657356262207,1.3540858030319214,0.9097453355789185,2,1,1,1,1,1,0,0.0,0.14756673574447632,2,clean,0.0,-1,77,58,CORRECT,0,0,0,0,0,0,0.0,0.0
margin,live-delta,2,0.0,0.271707,0.577329,0.024275,0.972656,0.439064,0.589064,0.05276894569396973,0.5781490802764893,0.5253801345825195,1.8377052545547485,6.282105922698975,0.4033111035823822,9,1,1,1,1,1,0,0.06803681701421738,0.08898293972015381,2,clean,0.0,-1,78,44,CORRECT,0,0,0,0,0,0,0.0,0.0
margin,live-delta,2,0.0,0.271707,0.577329,0.024275,0.972656,0.439064,0.589064,0.14612972736358643,0.6591064929962158,0.5129767656326294,0.20158909261226654,1.2233452796936035,0.9489521384239197,2,1,1,1,1,1,0,0.0,0.330605149269104,2,clean,0.0,-1,80,48,CORRECT,0,0,0,0,0,0,0.0,0.0
margin,live-delta,2,0.0,0.271707,0.577329,0.024275,0.972656,0.439064,0.589064,0.016943812370300293,0.5699619054794312,0.5530180931091309,1.3377693891525269,3.8105342388153076,0.46108105778694153,6,1,1,1,1,1,0,0.0,0.24595826864242554,2,clean,0.0,-1,81,50,CORRECT,0,0,0,0,0,0,0.0,0.0
margin,live-delta,2,0.0,0.271707,0.577329,0.024275,0.972656,0.439064,0.589064,0.026044607162475586,0.7519335150718689,0.7258889079093933,1.5296614170074463,4.616613388061523,0.4416230618953705,13,1,1,1,1,1,0,0.0,0.4864329695701599,2,clean,0.0,-1,82,51,CORRECT,0,0,0,0,0,0,0.0,0.0
margin,live-delta,2,0.0,0.271707,0.577329,0.024275,0.972656,0.439064,0.589064,0.047495365142822266,0.6791089773178101,0.6316136121749878,1.3715834617614746,3.941587209701538,0.5729954838752747,11,1,1,1,1,1,0,0.0,0.3359265923500061,2,clean,0.0,-1,83,44,CORRECT,0,0,0,0,0,0,0.0,0.0
margin,live-delta,2,0.0,0.271707,0.577329,0.024275,0.972656,0.439064,0.589064,0.03799247741699219,0.7384377717971802,0.700445294380188,0.7970215678215027,2.2189221382141113,0.6581733822822571,7,1,1,1,1,1,0,0.0,0.348906934261322,2,clean,0.0,-1,84,41,CORRECT,0,0,0,0,0,0,0.0,0.0
margin,live-delta,2,0.0,0.271707,0.577329,0.024275,0.972656,0.439064,0.589064,0.0889737606048584,0.6956807374954224,0.606706976890564,1.406815767288208,4.0829339027404785,0.6207090616226196,13,1,1,1,1,1,0,0.0,0.38515859842300415,2,clean,0.0,-1,85,43,CORRECT,0,0,0,0,0,0,0.0,0.0
margin,live-delta,2,0.0,0.271707,0.577329,0.024275,0.972656,0.439064,0.589064,0.045197486877441406,0.7701441049575806,0.7249466180801392,1.4363933801651,4.205500602722168,0.5489729642868042,15,1,1,1,1,1,0,0.0,0.4686961770057678,2,clean,0.0,-1,86,51,CORRECT,0,0,0,0,0,0,0.0,0.0
margin,live-delta,2,0.0,0.271707,0.577329,0.024275,0.972656,0.439064,0.589064,0.011904120445251465,0.6797964572906494,0.667892336845398,1.5979340076446533,4.94281005859375,0.31458958983421326,9,1,1,1,1,1,0,0.0,0.41648101806640625,2,clean,0.0,-1,87,33,CORRECT,0,0,0,0,0,0,0.0,0.0
margin,live-delta,2,0.0,0.271707,0.577329,0.024275,0.972656,0.439064,0.589064,0.09143966436386108,0.5780873894691467,0.48664772510528564,0.8159888982772827,2.26141095161438,0.7532624006271362,4,1,1,1,1,1,0,0.05544177070260048,0.13045400381088257,2,clean,0.0,-1,88,47,CORRECT,0,0,0,0,0,0,0.0,0.0
margin,live-delta,2,0.0,0.271707,0.577329,0.024275,0.972656,0.439064,0.589064,0.03494095802307129,0.6190261840820312,0.58408522605896,0.9042328596115112,2.470036268234253,0.6164795756340027,4,1,1,1,1,1,0,0.0,0.2693459093570709,2,clean,0.0,-1,89,52,CORRECT,0,0,0,0,0,0,0.0,0.0
margin,live-delta,2,0.0,0.271707,0.577329,0.024275,0.972656,0.439064,0.589064,0.027263760566711426,0.692020058631897,0.6647562980651855,1.675542950630188,5.3416948318481445,0.37304309010505676,13,1,1,1,1,1,0,0.0,0.2833227515220642,2,clean,0.0,-1,91,39,CORRECT,0,0,0,0,0,0,0.0,0.0
margin,live-delta,2,0.0,0.271707,0.577329,0.024275,0.972656,0.439064,0.589064,0.029761195182800293,0.7398475408554077,0.7100863456726074,1.7118500471115112,5.5391998291015625,0.3889440596103668,14,1,1,1,1,1,0,0.0,0.47665858268737793,2,clean,0.0,-1,92,45,CORRECT,0,0,0,0,0,0,0.0,0.0
margin,live-delta,2,0.0,0.271707,0.577329,0.024275,0.972656,0.439064,0.589064,0.1284804344177246,0.5923916697502136,0.463911235332489,0.6271226406097412,1.872215747833252,0.8348609805107117,4,1,1,1,1,1,1,0.16513895988464355,0.1284804344177246,2,clean,0.0,-1,93,32,CORRECT,0,0,0,0,0,0,0.0,0.0
margin,live-delta,2,0.0,0.271707,0.577329,0.024275,0.972656,0.439064,0.589064,0.1297839879989624,0.55228590965271,0.42250192165374756,-0.0,1.0,1.0,1,1,1,1,1,1,0,0.0,0.32412323355674744,2,clean,0.0,-1,94,52,CORRECT,0,0,0,0,0,0,0.0,0.0
margin,live-delta,2,0.0,0.271707,0.577329,0.024275,0.972656,0.439064,0.589064,0.09342542290687561,0.5417872071266174,0.4483617842197418,0.3933871388435364,1.4819920063018799,0.8662855625152588,2,1,1,1,1,1,0,0.0,0.27124589681625366,2,clean,0.0,-1,95,51,CORRECT,0,0,0,0,0,0,0.0,0.0
margin,live-delta,2,0.0,0.271707,0.577329,0.024275,0.972656,0.439064,0.589064,0.050793468952178955,0.5806038975715637,0.5298104286193848,1.4404054880142212,4.222407817840576,0.45094889402389526,5,1,1,1,1,1,0,0.0,0.2296139895915985,2,clean,0.0,-1,97,39,CORRECT,0,0,0,0,0,0,0.0,0.0
margin,live-delta,2,0.0,0.271707,0.577329,0.024275,0.972656,0.439064,0.589064,0.015441596508026123,0.584922194480896,0.5694805979728699,1.9659758806228638,7.141879081726074,0.2806284725666046,9,1,1,1,1,1,0,0.0,0.33483394980430603,2,clean,0.0,-1,98,45,CORRECT,0,0,0,0,0,0,0.0,0.0
margin,live-delta,2,0.0,0.271707,0.577329,0.024275,0.972656,0.439064,0.589064,0.26017677783966064,0.6687585115432739,0.4085817337036133,-0.0,1.0,1.0,1,1,1,1,1,1,0,0.0,0.3264943063259125,2,clean,0.0,-1,99,60,CORRECT,0,0,0,0,0,0,0.0,0.0
margin,live-delta,2,0.0,0.271707,0.577329,0.024275,0.972656,0.439064,0.589064,0.015581190586090088,0.7002413272857666,0.6846601366996765,1.6012790203094482,4.959371566772461,0.4149681627750397,13,1,1,1,1,1,0,0.03963572904467583,0.12970495223999023,2,clean,0.0,-1,100,55,CORRECT,0,0,0,0,0,0,0.0,0.0
margin,live-delta,2,0.0,0.271707,0.577329,0.024275,0.972656,0.439064,0.589064,0.056407630443573,0.6827635765075684,0.6263559460639954,1.5161516666412354,4.55466365814209,0.4522438645362854,8,1,1,1,1,1,0,0.0,0.3936646282672882,2,clean,0.0,-1,101,33,CORRECT,0,0,0,0,0,0,0.0,0.0
margin,live-delta,2,0.0,0.271707,0.577329,0.024275,0.972656,0.439064,0.589064,0.03583967685699463,0.5661741495132446,0.53033447265625,1.8710620403289795,6.4951910972595215,0.3483125567436218,9,1,1,1,1,1,1,0.16582131385803223,0.03710949420928955,1,clean,0.0,-1,102,50,CORRECT,0,0,0,0,0,0,0.0,0.0
margin,live-delta,2,0.0,0.271707,0.577329,0.024275,0.972656,0.439064,0.589064,0.01545494794845581,0.607532799243927,0.5920778512954712,0.6813455820083618,1.9765355587005615,0.5766653418540955,2,1,1,1,1,1,0,0.0,0.19596463441848755,2,clean,0.0,-1,103,41,CORRECT,0,0,0,0,0,0,0.0,0.0
margin,live-delta,2,0.0,0.271707,0.577329,0.024275,0.972656,0.439064,0.589064,0.06616508960723877,0.7455623149871826,0.6793972253799438,1.2658060789108276,3.545949935913086,0.6393237709999084,14,1,1,1,1,1,0,0.0,0.34216418862342834,2,clean,0.0,-1,104,39,CORRECT,0,0,0,0,0,0,0.0,0.0
margin,live-delta,2,0.0,0.271707,0.577329,0.024275,0.972656,0.439064,0.589064,0.0018985271453857422,0.7375691533088684,0.7356706261634827,1.6145350933074951,5.025550842285156,0.3246951401233673,13,1,1,1,1,1,0,0.0,0.30341246724128723,2,clean,0.0,-1,105,54,CORRECT,0,0,0,0,0,0,0.0,0.0
margin,live-delta,2,0.0,0.271707,0.577329,0.024275,0.972656,0.439064,0.589064,0.00989389419555664,0.4737173914909363,0.46382349729537964,1.0729889869689941,2.9241065979003906,0.41885125637054443,3,1,1,1,1,1,0,0.0,0.1302989423274994,2,clean,0.0,-1,106,62,CORRECT,0,0,0,0,0,0,0.0,0.0
margin,live-delta,2,0.0,0.271707,0.577329,0.024275,0.972656,0.439064,0.589064,0.1537250280380249,0.799985408782959,0.6462603807449341,0.4958779215812683,1.6419390439987183,0.8949791193008423,10,1,1,1,1,1,0,0.0,0.5308573842048645,2,clean,0.0,-1,107,51,CORRECT,0,0,0,0,0,0,0.0,0.0
margin,live-delta,2,0.0,0.271707,0.577329,0.024275,0.972656,0.439064,0.589064,0.03705352544784546,0.7192625999450684,0.6822090744972229,1.5510046482086182,4.716206073760986,0.5038705468177795,15,1,1,1,1,1,0,0.0,0.4430217444896698,2,clean,0.0,-1,108,45,CORRECT,0,0,0,0,0,0,0.0,0.0
margin,live-delta,2,0.0,0.271707,0.577329,0.024275,0.972656,0.439064,0.589064,0.22602304816246033,0.6040655374526978,0.3780424892902374,-0.0,1.0,1.0,1,1,1,1,1,1,0,0.0,0.22602304816246033,2,clean,0.0,-1,109,38,CORRECT,0,0,0,0,0,0,0.0,0.0
margin,live-delta,2,0.0,0.271707,0.577329,0.024275,0.972656,0.439064,0.589064,0.037272632122039795,0.5118335485458374,0.4745609164237976,0.6282285451889038,1.8742873668670654,0.6781869530677795,2,1,1,1,1,1,0,0.0,0.14201003313064575,2,clean,0.0,-1,110,47,CORRECT,0,0,0,0,0,0,0.0,0.0
margin,live-delta,2,0.0,0.271707,0.577329,0.024275,0.972656,0.439064,0.589064,0.00589442253112793,0.6232324838638306,0.6173380613327026,0.9393909573554993,2.558422803878784,0.49284619092941284,4,1,1,1,1,1,0,0.0,0.26012080907821655,2,clean,0.0,-1,111,59,CORRECT,0,0,0,0,0,0,0.0,0.0
margin,live-delta,2,0.0,0.271707,0.577329,0.024275,0.972656,0.439064,0.589064,0.01124069094657898,0.4431905448436737,0.4319498538970947,-0.0,1.0,1.0,1,1,1,1,1,1,0,0.0,0.03822389245033264,1,clean,0.0,-1,112,51,CORRECT,0,0,0,0,0,0,0.0,0.0
margin,live-delta,2,0.0,0.271707,0.577329,0.024275,0.972656,0.439064,0.589064,0.06394106149673462,0.701833188533783,0.6378921270370483,1.6664202213287354,5.293185234069824,0.5275378227233887,15,1,1,1,1,1,0,0.0035519737284630537,0.25003582239151,2,clean,0.0,-1,113,39,CORRECT,0,0,0,0,0,0,0.0,0.0
margin,live-delta,2,0.0,0.271707,0.577329,0.024275,0.972656,0.439064,0.589064,0.06835818290710449,0.6080368757247925,0.539678692817688,0.9950105547904968,2.7047529220581055,0.660291850566864,4,1,1,1,1,1,0,0.0,0.2539392411708832,2,clean,0.0,-1,114,59,CORRECT,0,0,0,0,0,0,0.0,0.0
margin,live-delta,2,0.0,0.271707,0.577329,0.024275,0.972656,0.439064,0.589064,0.05447810888290405,0.6041508316993713,0.5496727228164673,1.0775936841964722,2.9376022815704346,0.6253456473350525,5,1,1,1,1,1,0,0.0,0.33038443326950073,2,clean,0.0,-1,115,50,CORRECT,0,0,0,0,0,0,0.0,0.0
margin,live-delta,2,0.0,0.271707,0.577329,0.024275,0.972656,0.439064,0.589064,0.01016378402709961,0.5373191833496094,0.5271553993225098,1.6083056926727295,4.99434232711792,0.3345862329006195,6,1,1,1,1,1,1,0.23712188005447388,0.042666494846343994,1,clean,0.0,-1,116,63,CORRECT,0,0,0,0,0,0,0.0,0.0
margin,live-delta,2,0.0,0.271707,0.577329,0.024275,0.972656,0.439064,0.589064,0.06607326865196228,0.4983387291431427,0.4322654604911804,-0.0,1.0,1.0,1,1,1,1,1,1,0,0.0,0.06607326865196228,2,clean,0.0,-1,117,58,CORRECT,0,0,0,0,0,0,0.0,0.0
margin,live-delta,2,0.0,0.271707,0.577329,0.024275,0.972656,0.439064,0.589064,0.04003894329071045,0.7102930545806885,0.670254111289978,1.3079015016555786,3.698404550552368,0.5311775207519531,9,1,1,1,1,1,0,0.0,0.4212930202484131,2,clean,0.0,-1,119,39,CORRECT,0,0,0,0,0,0,0.0,0.0
margin,live-delta,2,0.0,0.271707,0.577329,0.024275,0.972656,0.439064,0.589064,0.2523503005504608,0.6183493137359619,0.3659990131855011,-0.0,1.0,1.0,1,1,1,1,1,1,0,0.0,0.41161060333251953,2,clean,0.0,-1,121,52,CORRECT,0,0,0,0,0,0,0.0,0.0
margin,live-delta,2,0.0,0.271707,0.577329,0.024275,0.972656,0.439064,0.589064,0.014266133308410645,0.7422631978988647,0.7279970645904541,1.422123670578003,4.145915508270264,0.38885706663131714,11,1,1,1,1,1,0,0.0,0.5021474361419678,2,clean,0.0,-1,122,45,CORRECT,0,0,0,0,0,0,0.0,0.0
margin,live-delta,2,0.0,0.271707,0.577329,0.024275,0.972656,0.439064,0.589064,0.08240044116973877,0.8361939191818237,0.753793478012085,0.5423063039779663,1.7199690341949463,0.8239426612854004,6,1,1,1,1,1,0,0.0004518595524132252,0.37542420625686646,2,clean,0.0,-1,123,36,CORRECT,0,0,0,0,0,0,0.0,0.0
margin,live-delta,2,0.0,0.271707,0.577329,0.024275,0.972656,0.439064,0.589064,0.03546115756034851,0.49169304966926575,0.45623189210891724,1.0287868976593018,2.7976698875427246,0.5145205855369568,3,1,1,1,1,1,0,0.0,0.18838730454444885,2,clean,0.0,-1,125,41,CORRECT,0,0,0,0,0,0,0.0,0.0
margin,live-delta,2,0.0,0.271707,0.577329,0.024275,0.972656,0.439064,0.589064,0.0261155366897583,0.744177520275116,0.7180619835853577,1.4765279293060303,4.377719402313232,0.4277113974094391,13,1,1,1,1,1,0,0.005537495948374271,0.23962503671646118,2,clean,0.0,-1,126,62,CORRECT,0,0,0,0,0,0,0.0,0.0
margin,live-delta,2,0.0,0.271707,0.577329,0.024275,0.972656,0.439064,0.589064,0.19001200795173645,0.6020189523696899,0.4120069444179535,-0.0,1.0,1.0,1,1,1,1,1,1,0,0.0,0.37000665068626404,2,clean,0.0,-1,127,47,CORRECT,0,0,0,0,0,0,0.0,0.0
margin,live-delta,2,0.0,0.271707,0.577329,0.024275,0.972656,0.439064,0.589064,0.005229651927947998,0.5517898201942444,0.5465601682662964,2.1953423023223877,8.983075141906738,0.20394165813922882,11,2,2,1,2,1,0,0.0,0.22328901290893555,2,clean,0.0,-1,128,92,CORRECT,0,0,0,0,0,0,0.0,0.0
margin,live-delta,2,0.0,0.271707,0.577329,0.024275,0.972656,0.439064,0.589064,0.012582868337631226,0.4893530011177063,0.4767701327800751,1.5458707809448242,4.692055702209473,0.315262109041214,5,2,2,1,2,1,0,0.0,0.07689374685287476,2,clean,0.0,-1,130,88,CORRECT,0,0,0,0,0,0,0.0,0.0
margin,live-delta,2,0.0,0.271707,0.577329,0.024275,0.972656,0.439064,0.589064,0.03712707757949829,0.7388211488723755,0.7016940712928772,1.1324647665023804,3.1032960414886475,0.5346430540084839,9,2,2,1,2,1,0,0.0,0.4550756812095642,2,clean,0.0,-1,131,92,CORRECT,0,0,0,0,0,0,0.0,0.0
margin,live-delta,2,0.0,0.271707,0.577329,0.024275,0.972656,0.439064,0.589064,0.07996654510498047,0.5953593254089355,0.5153927803039551,1.5070693492889404,4.513484001159668,0.5781190991401672,9,2,2,1,2,1,0,0.0,0.30446359515190125,2,clean,0.0,-1,132,80,CORRECT,0,0,0,0,0,0,0.0,0.0
margin,live-delta,2,0.0,0.271707,0.577329,0.024275,0.972656,0.439064,0.589064,0.10068809986114502,0.6728984117507935,0.5722103118896484,1.317524790763855,3.7341670989990234,0.6606665849685669,10,2,2,1,2,1,0,0.0,0.549420952796936,2,clean,0.0,-1,133,66,CORRECT,0,0,0,0,0,0,0.0,0.0
margin,live-delta,2,0.0,0.271707,0.577329,0.024275,0.972656,0.439064,0.589064,0.010797262191772461,0.6597398519515991,0.6489425897598267,1.7877330780029297,5.975890159606934,0.33156898617744446,12,2,2,1,2,1,0,0.0,0.41171005368232727,2,clean,0.0,-1,134,92,CORRECT,0,0,0,0,0,0,0.0,0.0
margin,live-delta,2,0.0,0.271707,0.577329,0.024275,0.972656,0.439064,0.589064,0.038563430309295654,0.7814432978630066,0.7428798675537109,2.0973949432373047,8.14492416381836,0.3092581331729889,17,2,2,1,2,1,0,0.0,0.6722792387008667,2,clean,0.0,-1,135,86,CORRECT,0,0,0,0,0,0,0.0,0.0
margin,live-delta,2,0.0,0.271707,0.577329,0.024275,0.972656,0.439064,0.589064,0.020030081272125244,0.5288381576538086,0.5088080763816833,2.260021448135376,9.583294868469238,0.22070133686065674,11,2,2,1,2,1,0,0.0,0.34904682636260986,2,clean,0.0,-1,136,88,CORRECT,0,0,0,0,0,0,0.0,0.0
margin,live-delta,2,0.0,0.271707,0.577329,0.024275,0.972656,0.439064,0.589064,0.073203444480896,0.7202974557876587,0.6470940113067627,1.0489871501922607,2.8547582626342773,0.6896443367004395,9,2,2,1,2,1,0,0.0,0.329639196395874,2,clean,0.0,-1,137,88,CORRECT,0,0,0,0,0,0,0.0,0.0
margin,live-delta,2,0.0,0.271707,0.577329,0.024275,0.972656,0.439064,0.589064,0.010031938552856445,0.6941384077072144,0.6841064691543579,2.1667442321777344,8.729815483093262,0.25467154383659363,18,2,2,1,2,1,0,0.0,0.5886439085006714,2,clean,0.0,-1,138,81,CORRECT,0,0,0,0,0,0,0.0,0.0
margin,live-delta,2,0.0,0.271707,0.577329,0.024275,0.972656,0.439064,0.589064,0.02701401710510254,0.5055744051933289,0.4785603880882263,0.6579487919807434,1.9308277368545532,0.6318776607513428,2,2,2,1,2,1,0,0.0,0.27878403663635254,2,clean,0.0,-1,139,80,CORRECT,0,0,0,0,0,0,0.0,0.0
margin,live-delta,2,0.0,0.271707,0.577329,0.024275,0.972656,0.439064,0.589064,0.004963397979736328,0.5345861911773682,0.5296227931976318,1.971577525138855,7.181997299194336,0.22626833617687225,8,2,2,1,2,1,0,0.0,0.4051614999771118,2,clean,0.0,-1,140,66,CORRECT,0,0,0,0,0,0,0.0,0.0
margin,live-delta,2,0.0,0.271707,0.577329,0.024275,0.972656,0.439064,0.589064,0.0156974196434021,0.6356213688850403,0.6199239492416382,1.9866859912872314,7.291330337524414,0.2903841435909271,13,2,2,1,2,1,0,0.0,0.4982225298881531,2,clean,0.0,-1,141,66,CORRECT,0,0,0,0,0,0,0.0,0.0
margin,live-delta,2,0.0,0.271707,0.577329,0.024275,0.972656,0.439064,0.589064,0.01708298921585083,0.7122920751571655,0.6952090859413147,1.2599601745605469,3.5252811908721924,0.4833809733390808,10,2,2,1,2,1,0,0.0,0.3683291971683502,2,clean,0.0,-1,142,88,CORRECT,0,0,0,0,0,0,0.0,0.0
margin,live-delta,2,0.0,0.271707,0.577329,0.024275,0.972656,0.439064,0.589064,0.05140995979309082,0.7328740954399109,0.6814641356468201,1.9405049085617065,6.962265491485596,0.40896961092948914,16,2,2,1,2,1,0,0.0,0.6180444955825806,2,clean,0.0,-1,143,66,CORRECT,0,0,0,0,0,0,0.0,0.0
margin,live-delta,2,0.0,0.271707,0.577329,0.024275,0.972656,0.439064,0.589064,0.06999588012695312,0.8557835817337036,0.7857877016067505,1.1510076522827148,3.161376953125,0.6333998441696167,16,2,2,1,2,1,0,0.0,0.6665446758270264,2,clean,0.0,-1,144,92,CORRECT,0,0,0,0,0,0,0.0,0.0
margin,live-delta,2,0.0,0.271707,0.577329,0.024275,0.972656,0.439064,0.589064,0.07027477025985718,0.7297858595848083,0.6595110893249512,1.6335607767105103,5.1220808029174805,0.5572382807731628,15,2,2,1,2,1,0,0.0,0.5841353535652161,2,clean,0.0,-1,145,82,CORRECT,0,0,0,0,0,0,0.0,0.0
margin,live-delta,2,0.0,0.271707,0.577329,0.024275,0.972656,0.439064,0.589064,0.012750029563903809,0.620884895324707,0.6081348657608032,2.2108232975006104,9.123224258422852,0.2578112781047821,15,2,2,1,2,1,0,0.0,0.41435956954956055,2,clean,0.0,-1,146,89,CORRECT,0,0,0,0,0,0,0.0,0.0
margin,live-delta,2,0.0,0.271707,0.577329,0.024275,0.972656,0.439064,0.589064,0.01943683624267578,0.7345792055130005,0.7151423692703247,1.9745113849639893,7.203099250793457,0.32740145921707153,17,2,2,1,2,1,0,0.0,0.5811883211135864,2,clean,0.0,-1,147,66,CORRECT,0,0,0,0,0,0,0.0,0.0
margin,live-delta,2,0.0,0.271707,0.577329,0.024275,0.972656,0.439064,0.589064,0.05345660448074341,0.7361685633659363,0.6827119588851929,1.9927566051483154,7.335727691650391,0.3912556767463684,14,2,2,1,2,1,0,0.0,0.5475063323974609,2,clean,0.0,-1,148,87,CORRECT,0,0,0,0,0,0,0.0,0.0
margin,live-delta,2,0.0,0.271707,0.577329,0.024275,0.972656,0.439064,0.589064,0.032271623611450195,0.8208656311035156,0.7885940074920654,1.3720816373825073,3.9435513019561768,0.4559568762779236,16,2,2,1,2,1,0,0.0,0.5866742730140686,2,clean,0.0,-1,149,88,CORRECT,0,0,0,0,0,0,0.0,0.0
margin,live-delta,2,0.0,0.271707,0.577329,0.024275,0.972656,0.439064,0.589064,0.055301666259765625,0.5719026327133179,0.5166009664535522,1.0985515117645264,2.9998176097869873,0.626548171043396,5,2,2,1,2,1,0,0.0,0.34642860293388367,2,clean,0.0,-1,150,80,CORRECT,0,0,0,0,0,0,0.0,0.0
margin,live-delta,2,0.0,0.271707,0.577329,0.024275,0.972656,0.439064,0.589064,0.16924935579299927,0.6686280965805054,0.4993787407875061,0.38829556107521057,1.4744654893875122,0.9189178347587585,5,2,2,1,2,1,0,0.0,0.5161433815956116,2,clean,0.0,-1,151,82,CORRECT,0,0,0,0,0,0,0.0,0.0
margin,live-delta,2,0.0,0.271707,0.577329,0.024275,0.972656,0.439064,0.589064,0.014408707618713379,0.7415615320205688,0.7271528244018555,2.1189281940460205,8.322213172912598,0.27553868293762207,18,2,2,1,2,1,0,0.0,0.6040228009223938,2,clean,0.0,-1,152,66,CORRECT,0,0,0,0,0,0,0.0,0.0
margin,live-delta,2,0.0,0.271707,0.577329,0.024275,0.972656,0.439064,0.589064,0.010547876358032227,0.8060425519943237,0.7954946756362915,1.3239156007766724,3.758107900619507,0.42233118414878845,16,2,2,1,2,1,0,0.0,0.5476217269897461,2,clean,0.0,-1,153,92,CORRECT,0,0,0,0,0,0,0.0,0.0
margin,live-delta,2,0.0,0.271707,0.577329,0.024275,0.972656,0.439064,0.589064,0.020640254020690918,0.6020315885543823,0.5813913345336914,2.2193665504455566,9.201499938964844,0.24520422518253326,13,2,2,1,2,1,0,0.0,0.42076271772384644,2,clean,0.0,-1,160,94,CORRECT,0,0,0,0,0,0,0.0,0.0
margin,live-delta,2,0.0,0.271707,0.577329,0.024275,0.972656,0.439064,0.589064,0.0004684329032897949,0.558491587638855,0.5580231547355652,2.468005895614624,11.798894882202148,0.15108776092529297,14,2,2,1,2,1,0,0.0,0.3641226291656494,2,clean,0.0,-1,162,94,CORRECT,0,0,0,0,0,0,0.0,0.0
margin,live-delta,2,0.0,0.271707,0.577329,0.024275,0.972656,0.439064,0.589064,0.009126722812652588,0.5600058436393738,0.5508791208267212,1.837072491645813,6.27813196182251,0.299072802066803,8,2,2,1,2,1,0,0.0,0.3933143615722656,2,clean,0.0,-1,164,86,CORRECT,0,0,0,0,0,0,0.0,0.0
margin,live-delta,2,0.0,0.271707,0.577329,0.024275,0.972656,0.439064,0.589064,0.02350926399230957,0.6209155321121216,0.597406268119812,2.3354697227478027,10.33431339263916,0.22745604813098907,14,2,2,1,2,1,0,0.0,0.4534796178340912,2,clean,0.0,-1,166,66,CORRECT,0,0,0,0,0,0,0.0,0.0
margin,live-delta,2,0.0,0.271707,0.577329,0.024275,0.972656,0.439064,0.589064,0.07067340612411499,0.8171741366386414,0.7465007305145264,1.6226474046707153,5.06648588180542,0.5326154232025146,17,2,2,1,2,1,0,0.0,0.6834558248519897,2,clean,0.0,-1,167,94,CORRECT,0,0,0,0,0,0,0.0,0.0
margin,live-delta,2,0.0,0.271707,0.577329,0.024275,0.972656,0.439064,0.589064,0.04554343223571777,0.8218976855278015,0.7763542532920837,1.8764818906784058,6.530489444732666,0.38273027539253235,18,2,2,1,2,1,0,0.0,0.6797922253608704,2,clean,0.0,-1,169,87,CORRECT,0,0,0,0,0,0,0.0,0.0
margin,live-delta,2,0.0,0.271707,0.577329,0.024275,0.972656,0.439064,0.589064,0.055218279361724854,0.4490985870361328,0.39388030767440796,-0.0,1.0,1.0,1,2,2,1,2,1,0,0.0,0.1706991195678711,2,clean,0.0,-1,170,74,CORRECT,0,0,0,0,0,0,0.0,0.0
margin,live-delta,2,0.0,0.271707,0.577329,0.024275,0.972656,0.439064,0.589064,0.03050374984741211,0.7986985445022583,0.7681947946548462,2.0227675437927246,7.559216499328613,0.3476046919822693,18,2,2,1,2,1,0,0.0,0.652678370475769,2,clean,0.0,-1,172,94,CORRECT,0,0,0,0,0,0,0.0,0.0
margin,live-delta,2,0.0,0.271707,0.577329,0.024275,0.972656,0.439064,0.589064,0.022157609462738037,0.6517328023910522,0.6295751929283142,1.8360211849212646,6.271535396575928,0.374071329832077,11,2,2,1,2,1,0,0.0,0.493843138217926,2,clean,0.0,-1,173,79,CORRECT,0,0,0,0,0,0,0.0,0.0
margin,live-delta,2,0.0,0.271707,0.577329,0.024275,0.972656,0.439064,0.589064,0.029355645179748535,0.8051860332489014,0.7758303880691528,1.780912160873413,5.935267925262451,0.37560105323791504,17,2,2,1,2,1,0,0.0,0.5979050397872925,2,clean,0.0,-1,174,88,CORRECT,0,0,0,0,0,0,0.0,0.0
margin,live-delta,2,0.0,0.271707,0.577329,0.024275,0.972656,0.439064,0.589064,0.014246940612792969,0.5697592496871948,0.5555123090744019,2.2537872791290283,9.523736953735352,0.26052936911582947,13,2,2,1,2,1,0,0.0,0.27040910720825195,2,clean,0.0,-1,175,82,CORRECT,0,0,0,0,0,0,0.0,0.0
margin,live-delta,2,0.0,0.271707,0.577329,0.024275,0.972656,0.439064,0.589064,0.014076292514801025,0.726281464099884,0.712205171585083,1.8721051216125488,6.501969337463379,0.28966787457466125,16,2,2,1,2,1,0,0.0,0.535503089427948,2,clean,0.0,-1,176,87,CORRECT,0,0,0,0,0,0,0.0,0.0
margin,live-delta,2,0.0,0.271707,0.577329,0.024275,0.972656,0.439064,0.589064,0.05845820903778076,0.6732896566390991,0.6148314476013184,1.9466885328292847,7.00545072555542,0.41664114594459534,15,2,2,1,2,1,0,0.0,0.47631222009658813,2,clean,0.0,-1,177,66,CORRECT,0,0,0,0,0,0,0.0,0.0
margin,live-delta,2,0.0,0.271707,0.577329,0.024275,0.972656,0.439064,0.589064,0.09708833694458008,0.498207688331604,0.4011193513870239,-0.0,1.0,1.0,1,2,2,1,2,1,0,0.0,0.16100990772247314,2,clean,0.0,-1,178,64,CORRECT,0,0,0,0,0,0,0.0,0.0
margin,live-delta,2,0.0,0.271707,0.577329,0.024275,0.972656,0.439064,0.589064,0.014411091804504395,0.642770528793335,0.6283594369888306,2.2935867309570312,9.910420417785645,0.2121940553188324,17,2,2,1,2,1,0,0.0,0.5257186889648438,2,clean,0.0,-1,179,81,CORRECT,0,0,0,0,0,0,0.0,0.0
margin,live-delta,2,0.0,0.271707,0.577329,0.024275,0.972656,0.439064,0.589064,0.009206622838973999,0.48549434542655945,0.47628772258758545,0.6889269948005676,1.991577386856079,0.5459035038948059,2,2,2,1,2,1,0,0.0,0.08106586337089539,2,clean,0.0,-1,180,88,CORRECT,0,0,0,0,0,0,0.0,0.0
margin,live-delta,2,0.0,0.271707,0.577329,0.024275,0.972656,0.439064,0.589064,0.07042646408081055,0.7437867522239685,0.673360288143158,1.7850247621536255,5.959727764129639,0.4779830276966095,13,2,2,1,2,1,0,0.0,0.6262246966362,2,clean,0.0,-1,182,82,CORRECT,0,0,0,0,0,0,0.0,0.0
margin,live-delta,2,0.0,0.271707,0.577329,0.024275,0.972656,0.439064,0.589064,0.00473785400390625,0.6011457443237305,0.5964078903198242,2.072744846343994,7.946605205535889,0.22993776202201843,12,2,2,1,2,1,0,0.0,0.3789810240268707,2,clean,0.0,-1,183,86,CORRECT,0,0,0,0,0,0,0.0,0.0
margin,live-delta,2,0.0,0.271707,0.577329,0.024275,0.972656,0.439064,0.589064,0.0015205740928649902,0.6854196190834045,0.6838990449905396,2.1933770179748535,8.965438842773438,0.20872709155082703,18,2,2,1,2,1,0,0.0,0.5326675176620483,2,clean,0.0,-1,184,86,CORRECT,0,0,0,0,0,0,0.0,0.0
margin,live-delta,2,0.0,0.271707,0.577329,0.024275,0.972656,0.439064,0.589064,0.032849788665771484,0.6116892099380493,0.5788394212722778,2.093151569366455,8.110435485839844,0.3236585557460785,13,2,2,1,2,1,0,0.0,0.46648189425468445,2,clean,0.0,-1,185,81,CORRECT,0,0,0,0,0,0,0.0,0.0
margin,live-delta,2,0.0,0.271707,0.577329,0.024275,0.972656,0.439064,0.589064,0.009874820709228516,0.8028467893600464,0.7929719686508179,1.5425740480422974,4.676612377166748,0.3523537814617157,16,2,2,1,2,1,0,0.0,0.5988579988479614,2,clean,0.0,-1,186,88,CORRECT,0,0,0,0,0,0,0.0,0.0
margin,live-delta,2,0.0,0.271707,0.577329,0.024275,0.972656,0.439064,0.589064,0.002904832363128662,0.8251573443412781,0.8222525119781494,1.9314234256744385,6.8993239402771,0.2785907983779907,18,2,2,1,2,1,0,0.0,0.7316372394561768,2,clean,0.0,-1,187,66,CORRECT,0,0,0,0,0,0,0.0,0.0
margin,live-delta,2,0.0,0.271707,0.577329,0.024275,0.972656,0.439064,0.589064,0.0050036609172821045,0.47099390625953674,0.46599024534225464,1.0700676441192627,2.915576696395874,0.4062097668647766,3,2,2,1,2,1,0,0.0,0.1328435242176056,2,clean,0.0,-1,188,89,CORRECT,0,0,0,0,0,0,0.0,0.0
margin,live-delta,2,0.0,0.271707,0.577329,0.024275,0.972656,0.439064,0.589064,0.0056299567222595215,0.5357644557952881,0.5301344990730286,1.9224615097045898,6.837769031524658,0.258139431476593,8,2,2,1,2,1,0,0.0,0.26216602325439453,2,clean,0.0,-1,190,67,CORRECT,0,0,0,0,0,0,0.0,0.0
margin,live-delta,2,0.0,0.271707,0.577329,0.024275,0.972656,0.439064,0.589064,0.05560547113418579,0.632349967956543,0.5767444968223572,2.061814069747925,7.860215663909912,0.36354196071624756,13,2,2,1,2,1,0,0.0,0.39755454659461975,2,clean,0.0,-1,191,81,CORRECT,0,0,0,0,0,0,0.0,0.0
margin,live-delta,2,0.0,0.271707,0.577329,0.024275,0.972656,0.439064,0.589064,0.1022566556930542,0.8100323677062988,0.7077757120132446,1.329530954360962,3.7792701721191406,0.6659570336341858,15,3,3,1,3,1,0,0.0,0.6372814774513245,2,clean,0.0,-1,192,110,CORRECT,0,0,0,0,0,0,0.0,0.0
margin,live-delta,2,0.0,0.271707,0.577329,0.024275,0.972656,0.439064,0.589064,0.006317168474197388,0.46576759219169617,0.4594504237174988,0.6911558508872986,1.9960212707519531,0.5315437316894531,2,3,3,1,3,1,0,0.0,0.23192644119262695,2,clean,0.0,-1,193,122,CORRECT,0,0,0,0,0,0,0.0,0.0
margin,live-delta,2,0.0,0.271707,0.577329,0.024275,0.972656,0.439064,0.589064,0.027418076992034912,0.8872389197349548,0.8598208427429199,1.6352026462554932,5.130497455596924,0.4058467745780945,13,3,3,1,3,1,0,0.0,0.7987887859344482,2,clean,0.0,-1,194,97,CORRECT,0,0,0,0,0,0,0.0,0.0
margin,live-delta,2,0.0,0.271707,0.577329,0.024275,0.972656,0.439064,0.589064,0.09606266021728516,0.7679380178451538,0.6718753576278687,1.635295033454895,5.130971431732178,0.5858632326126099,20,3,3,1,3,1,0,0.0,0.467274934053421,2,clean,0.0,-1,195,105,CORRECT,0,0,0,0,0,0,0.0,0.0
margin,live-delta,2,0.0,0.271707,0.577329,0.024275,0.972656,0.439064,0.589064,0.033324480056762695,0.5985491275787354,0.5652246475219727,2.370943307876587,10.707488059997559,0.2544578015804291,16,3,3,1,3,1,0,0.0,0.4936526417732239,2,clean,0.0,-1,196,113,CORRECT,0,0,0,0,0,0,0.0,0.0
margin,live-delta,2,0.0,0.271707,0.577329,0.024275,0.972656,0.439064,0.589064,0.03140676021575928,0.6604886054992676,0.6290818452835083,2.293865442276001,9.913182258605957,0.300283819437027,20,3,3,1,3,1,0,0.0,0.44444766640663147,2,clean,0.0,-1,197,109,CORRECT,0,0,0,0,0,0,0.0,0.0
margin,live-delta,2,0.0,0.271707,0.577329,0.024275,0.972656,0.439064,0.589064,0.02615499496459961,0.46656566858291626,0.44041067361831665,0.6600783467292786,1.9349439144134521,0.6278723478317261,2,3,3,1,3,1,0,0.0,0.18199288845062256,2,clean,0.0,-1,198,104,CORRECT,0,0,0,0,0,0,0.0,0.0
margin,live-delta,2,0.0,0.271707,0.577329,0.024275,0.972656,0.439064,0.589064,0.019829392433166504,0.5268105268478394,0.5069811344146729,0.673866868019104,1.961808681488037,0.597867488861084,2,3,3,1,3,1,0,0.0,0.4132581651210785,2,clean,0.0,-1,199,115,CORRECT,0,0,0,0,0,0,0.0,0.0
margin,live-delta,2,0.0,0.271707,0.577329,0.024275,0.972656,0.439064,0.589064,0.14240378141403198,0.7219078540802002,0.5795040726661682,0.2346271276473999,1.264437198638916,0.9419585466384888,3,3,3,1,3,1,0,0.0,0.6385027766227722,2,clean,0.0,-1,200,115,CORRECT,0,0,0,0,0,0,0.0,0.0
margin,live-delta,2,0.0,0.271707,0.577329,0.024275,0.972656,0.439064,0.589064,0.0062757134437561035,0.8334376215934753,0.8271619081497192,1.3125348091125488,3.7155799865722656,0.35869359970092773,18,3,3,1,3,1,0,0.0,0.7009687423706055,2,clean,0.0,-1,201,118,CORRECT,0,0,0,0,0,0,0.0,0.0
margin,live-delta,2,0.0,0.271707,0.577329,0.024275,0.972656,0.439064,0.589064,0.020821452140808105,0.5942161679267883,0.5733947157859802,1.6025315523147583,4.965587139129639,0.3478326201438904,7,3,3,1,3,1,0,0.0,0.3573760688304901,2,clean,0.0,-1,202,124,CORRECT,0,0,0,0,0,0,0.0,0.0
margin,live-delta,2,0.0,0.271707,0.577329,0.024275,0.972656,0.439064,0.589064,0.08432415127754211,0.5297173261642456,0.4453931748867035,0.4333803057670593,1.542462706565857,0.8437610268592834,2,3,3,1,3,1,0,0.0,0.2651461362838745,2,clean,0.0,-1,203,96,CORRECT,0,0,0,0,0,0,0.0,0.0
margin,live-delta,2,0.0,0.271707,0.577329,0.024275,0.972656,0.439064,0.589064,0.09210005402565002,0.5800983309745789,0.48799827694892883,0.8244100213050842,2.2805349826812744,0.7486775517463684,4,3,3,1,3,1,0,0.0,0.3671265244483948,2,clean,0.0,-1,204,96,CORRECT,0,0,0,0,0,0,0.0,0.0
margin,live-delta,2,0.0,0.271707,0.577329,0.024275,0.972656,0.439064,0.589064,0.09026157855987549,0.7622923851013184,0.6720308065414429,0.9353034496307373,2.5479865074157715,0.7575065493583679,11,3,3,1,3,1,0,0.0,0.5345759987831116,2,clean,0.0,-1,205,124,CORRECT,0,0,0,0,0,0,0.0,0.0
margin,live-delta,2,0.0,0.271707,0.577329,0.024275,0.972656,0.439064,0.589064,0.08902692794799805,0.592893660068512,0.5038667321205139,1.1338024139404297,3.107449769973755,0.6687549948692322,6,3,3,1,3,1,0,0.0,0.4166918396949768,2,clean,0.0,-1,206,113,CORRECT,0,0,0,0,0,0,0.0,0.0
margin,live-delta,2,0.0,0.271707,0.577329,0.024275,0.972656,0.439064,0.589064,0.03632640838623047,0.7532113790512085,0.716884970664978,2.2270796298980713,9.272747039794922,0.25928980112075806,18,3,3,1,3,1,0,0.0,0.5773868560791016,2,clean,0.0,-1,207,126,CORRECT,0,0,0,0,0,0,0.0,0.0
margin,live-delta,2,0.0,0.271707,0.577329,0.024275,0.972656,0.439064,0.589064,0.05994373559951782,0.6874781847000122,0.6275344491004944,1.4573490619659424,4.294559955596924,0.5362496972084045,10,3,3,1,3,1,0,0.0,0.458513468503952,2,clean,0.0,-1,208,124,CORRECT,0,0,0,0,0,0,0.0,0.0
margin,live-delta,2,0.0,0.271707,0.577329,0.024275,0.972656,0.439064,0.589064,0.007803201675415039,0.5509086847305298,0.5431054830551147,0.6901119351387024,1.993938684463501,0.5389370322227478,2,3,3,1,3,1,0,0.0,0.4494723081588745,2,clean,0.0,-1,209,115,CORRECT,0,0,0,0,0,0,0.0,0.0
margin,live-delta,2,0.0,0.271707,0.577329,0.024275,0.972656,0.439064,0.589064,0.01137608289718628,0.682218074798584,0.6708419919013977,1.4856369495391846,4.417778491973877,0.4158100187778473,10,3,3,1,3,1,0,0.0,0.5385146141052246,2,clean,0.0,-1,210,116,CORRECT,0,0,0,0,0,0,0.0,0.0
margin,live-delta,2,0.0,0.271707,0.577329,0.024275,0.972656,0.439064,0.589064,0.02612006664276123,0.7439183592796326,0.7177982926368713,1.2961605787277222,3.655235767364502,0.48552531003952026,15,3,3,1,3,1,0,0.0,0.5797291398048401,2,clean,0.0,-1,211,125,CORRECT,0,0,0,0,0,0,0.0,0.0
margin,live-delta,2,0.0,0.271707,0.577329,0.024275,0.972656,0.439064,0.589064,0.002281785011291504,0.6112834215164185,0.609001636505127,1.5259491205215454,4.599506855010986,0.32277217507362366,6,3,3,1,3,1,0,0.0,0.2935105562210083,2,clean,0.0,-1,212,101,CORRECT,0,0,0,0,0,0,0.0,0.0
margin,live-delta,2,0.0,0.271707,0.577329,0.024275,0.972656,0.439064,0.589064,0.03744769096374512,0.6198829412460327,0.5824352502822876,1.610660433769226,5.0061163902282715,0.39658716320991516,8,3,3,1,3,1,0,0.0,0.3868899941444397,2,clean,0.0,-1,213,125,CORRECT,0,0,0,0,0,0,0.0,0.0
margin,live-delta,2,0.0,0.271707,0.577329,0.024275,0.972656,0.439064,0.589064,0.006246805191040039,0.7604220509529114,0.7541752457618713,2.070779323577881,7.931001663208008,0.24775245785713196,17,3,3,1,3,1,0,0.0,0.6242871284484863,2,clean,0.0,-1,214,97,CORRECT,0,0,0,0,0,0,0.0,0.0
margin,live-delta,2,0.0,0.271707,0.577329,0.024275,0.972656,0.439064,0.589064,0.07016345858573914,0.47933223843574524,0.4091687798500061,-0.0,1.0,1.0,1,3,3,1,3,1,0,0.0,0.16705068945884705,2,clean,0.0,-1,215,123,CORRECT,0,0,0,0,0,0,0.0,0.0
margin,live-delta,2,0.0,0.271707,0.577329,0.024275,0.972656,0.439064,0.589064,0.12951183319091797,0.63904869556427,0.509536862373352,0.2530421316623688,1.2879375219345093,0.9302305579185486,2,3,3,1,3,1,0,0.0,0.33034107089042664,2,clean,0.0,-1,216,122,CORRECT,0,0,0,0,0,0,0.0,0.0
margin,live-delta,2,0.0,0.271707,0.577329,0.024275,0.972656,0.439064,0.589064,0.1960849165916443,0.8942528367042542,0.6981679201126099,0.2806599736213684,1.3240033388137817,0.9504283666610718,13,3,3,1,3,1,0,0.0,0.7961851358413696,2,clean,0.0,-1,217,107,CORRECT,0,0,0,0,0,0,0.0,0.0
margin,live-delta,2,0.0,0.271707,0.577329,0.024275,0.972656,0.439064,0.589064,0.007295757532119751,0.4530926048755646,0.4457968473434448,0.6904928684234619,1.994698405265808,0.5364142060279846,2,3,3,1,3,1,0,0.0,0.17780092358589172,2,clean,0.0,-1,218,114,CORRECT,0,0,0,0,0,0,0.0,0.0
margin,live-delta,2,0.0,0.271707,0.577329,0.024275,0.972656,0.439064,0.589064,0.07128006219863892,0.816789984703064,0.745509922504425,0.672871470451355,1.9598568677902222,0.779811680316925,9,3,3,1,3,1,0,0.0,0.7203499674797058,2,clean,0.0,-1,219,119,CORRECT,0,0,0,0,0,0,0.0,0.0
margin,live-delta,2,0.0,0.271707,0.577329,0.024275,0.972656,0.439064,0.589064,0.042374372482299805,0.5923725366592407,0.5499981641769409,1.6603269577026367,5.261030673980713,0.4123595952987671,8,3,3,1,3,1,0,0.0,0.37080055475234985,2,clean,0.0,-1,220,119,CORRECT,0,0,0,0,0,0,0.0,0.0
margin,live-delta,2,0.0,0.271707,0.577329,0.024275,0.972656,0.439064,0.589064,0.03423511981964111,0.7938240766525269,0.7595889568328857,0.7789266705513,2.1791319847106934,0.6444183588027954,6,3,3,1,3,1,0,0.0,0.6068319082260132,2,clean,0.0,-1,221,121,CORRECT,0,0,0,0,0,0,0.0,0.0
margin,live-delta,2,0.0,0.271707,0.577329,0.024275,0.972656,0.439064,0.589064,0.0373113751411438,0.7181012034416199,0.6807898283004761,1.348701000213623,3.8524179458618164,0.4989735782146454,10,3,3,1,3,1,0,0.0,0.44699907302856445,2,clean,0.0,-1,222,103,CORRECT,0,0,0,0,0,0,0.0,0.0
margin,live-delta,2,0.0,0.271707,0.577329,0.024275,0.972656,0.439064,0.589064,0.009178757667541504,0.5874730348587036,0.5782942771911621,1.794343113899231,6.015522003173828,0.33089911937713623,9,3,3,1,3,1,0,0.0,0.41115981340408325,2,clean,0.0,-1,223,114,CORRECT,0,0,0,0,0,0,0.0,0.0
margin,live-delta,2,0.0,0.271707,0.577329,0.024275,0.972656,0.439064,0.589064,0.0036386847496032715,0.8077525496482849,0.8041138648986816,0.7877927422523499,2.198538303375244,0.5091709494590759,7,3,3,1,3,1,0,0.0,0.693606436252594,2,clean,0.0,-1,224,121,CORRECT,0,0,0,0,0,0,0.0,0.0
margin,live-delta,2,0.0,0.271707,0.577329,0.024275,0.972656,0.439064,0.589064,0.03262263536453247,0.6887332797050476,0.6561106443405151,1.4753340482711792,4.372496128082275,0.4493337869644165,9,3,3,1,3,1,0,0.0,0.5997492671012878,2,clean,0.0,-1,225,116,CORRECT,0,0,0,0,0,0,0.0,0.0
margin,live-delta,2,0.0,0.271707,0.577329,0.024275,0.972656,0.439064,0.589064,0.02645939588546753,0.571704626083374,0.5452452301979065,0.6593304872512817,1.933497428894043,0.6292937397956848,2,3,3,1,3,1,0,0.0,0.3278559744358063,2,clean,0.0,-1,226,120,CORRECT,0,0,0,0,0,0,0.0,0.0
margin,live-delta,2,0.0,0.271707,0.577329,0.024275,0.972656,0.439064,0.589064,0.2306826114654541,0.9411556720733643,0.7104730606079102,0.226749986410141,1.2545162439346313,0.9641211628913879,17,3,3,1,3,1,0,0.0,0.8242925405502319,2,clean,0.0,-1,227,107,CORRECT,0,0,0,0,0,0,0.0,0.0
margin,live-delta,2,0.0,0.271707,0.577329,0.024275,0.972656,0.439064,0.589064,0.010918140411376953,0.5363830327987671,0.5254648923873901,1.420082926750183,4.137463569641113,0.36637499928474426,5,3,3,1,3,1,0,0.0,0.4173053503036499,2,clean,0.0,-1,228,107,CORRECT,0,0,0,0,0,0,0.0,0.0
margin,live-delta,2,0.0,0.271707,0.577329,0.024275,0.972656,0.439064,0.589064,0.021424829959869385,0.8018848896026611,0.7804600596427917,0.6966444253921509,2.0070066452026367,0.6030893325805664,4,3,3,1,3,1,0,0.0,0.6869179010391235,2,clean,0.0,-1,229,120,CORRECT,0,0,0,0,0,0,0.0,0.0
margin,live-delta,2,0.0,0.271707,0.577329,0.024275,0.972656,0.439064,0.589064,0.05081146955490112,0.7853767275810242,0.734565258026123,1.824318766593933,6.198570728302002,0.42657700181007385,15,3,3,1,3,1,0,0.0,0.6753167510032654,2,clean,0.0,-1,230,107,CORRECT,0,0,0,0,0,0,0.0,0.0
margin,live-delta,2,0.0,0.271707,0.577329,0.024275,0.972656,0.439064,0.589064,0.029012084007263184,0.8678466081619263,0.8388345241546631,1.864013910293579,6.449573040008545,0.3899986743927002,19,3,3,1,3,1,0,0.0,0.7405789494514465,2,clean,0.0,-1,231,126,CORRECT,0,0,0,0,0,0,0.0,0.0
margin,live-delta,2,0.0,0.271707,0.577329,0.024275,0.972656,0.439064,0.589064,0.01940310001373291,0.762601375579834,0.7431982755661011,1.3645538091659546,3.9139761924743652,0.4957890510559082,15,3,3,1,3,1,0,0.0,0.5297636985778809,2,clean,0.0,-1,232,105,CORRECT,0,0,0,0,0,0,0.0,0.0
margin,live-delta,2,0.0,0.271707,0.577329,0.024275,0.972656,0.439064,0.589064,0.03478437662124634,0.8089582920074463,0.7741739153862,1.1060642004013062,3.0224392414093018,0.5676912069320679,16,3,3,1,3,1,0,0.0,0.6849418878555298,2,clean,0.0,-1,233,113,CORRECT,0,0,0,0,0,0,0.0,0.0
margin,live-delta,2,0.0,0.271707,0.577329,0.024275,0.972656,0.439064,0.589064,0.15234535932540894,0.982479989528656,0.8301346302032471,0.30193987488746643,1.3524799346923828,0.934414803981781,18,3,3,1,3,1,0,0.0,0.8673667907714844,2,clean,0.0,-1,234,118,CORRECT,0,0,0,0,0,0,0.0,0.0
margin,live-delta,2,0.0,0.271707,0.577329,0.024275,0.972656,0.439064,0.589064,0.0017946958541870117,0.6616439819335938,0.6598492860794067,1.186095118522644,3.274270534515381,0.4303274154663086,7,3,3,1,3,1,0,0.0,0.526913583278656,2,clean,0.0,-1,235,106,CORRECT,0,0,0,0,0,0,0.0,0.0
margin,live-delta,2,0.0,0.271707,0.577329,0.024275,0.972656,0.439064,0.589064,0.010278284549713135,0.8556346297264099,0.8453563451766968,1.499734878540039,4.480501174926758,0.41308557987213135,15,3,3,1,3,1,0,0.0,0.6597282290458679,2,clean,0.0,-1,236,117,CORRECT,0,0,0,0,0,0,0.0,0.0
margin,live-delta,2,0.0,0.271707,0.577329,0.024275,0.972656,0.439064,0.589064,0.0014490485191345215,0.5788602828979492,0.5774112343788147,2.1078085899353027,8.230185508728027,0.20069342851638794,11,3,3,1,3,1,0,0.0,0.32548508048057556,2,clean,0.0,-1,237,103,CORRECT,0,0,0,0,0,0,0.0,0.0
margin,live-delta,2,0.0,0.271707,0.577329,0.024275,0.972656,0.439064,0.589064,0.05839550495147705,0.5697363018989563,0.5113407969474792,1.1548430919647217,3.173525333404541,0.6056205630302429,5,3,3,1,3,1,0,0.0,0.34055691957473755,2,clean,0.0,-1,239,116,CORRECT,0,0,0,0,0,0,0.0,0.0
margin,live-delta,2,0.0,0.271707,0.577329,0.024275,0.972656,0.439064,0.589064,0.00034350156784057617,0.8128784894943237,0.8125349879264832,1.4598190784454346,4.305180549621582,0.3990626335144043,15,3,3,1,3,1,0,0.0,0.6722614765167236,2,clean,0.0,-1,240,97,CORRECT,0,0,0,0,0,0,0.0,0.0
margin,live-delta,2,0.0,0.271707,0.577329,0.024275,0.972656,0.439064,0.589064,0.0093231201171875,0.756900429725647,0.7475773096084595,1.9889204502105713,7.307640552520752,0.2403310090303421,16,3,3,1,3,1,0,0.0,0.6455607414245605,2,clean,0.0,-1,241,97,CORRECT,0,0,0,0,0,0,0.0,0.0
margin,live-delta,2,0.0,0.271707,0.577329,0.024275,0.972656,0.439064,0.589064,0.019156038761138916,0.6394824981689453,0.6203264594078064,0.6751307249069214,1.9642897844314575,0.5946255326271057,2,3,3,1,3,1,0,0.0,0.531365692615509,2,clean,0.0,-1,242,115,CORRECT,0,0,0,0,0,0,0.0,0.0
margin,live-delta,2,0.0,0.271707,0.577329,0.024275,0.972656,0.439064,0.589064,0.0470123291015625,0.6217077970504761,0.5746954679489136,1.3996777534484863,4.053893566131592,0.5148141384124756,6,3,3,1,3,1,0,0.0,0.2859410345554352,2,clean,0.0,-1,243,124,CORRECT,0,0,0,0,0,0,0.0,0.0
margin,live-delta,2,0.0,0.271707,0.577329,0.024275,0.972656,0.439064,0.589064,0.0506209135055542,0.735724687576294,0.6851037740707397,1.2392916679382324,3.4531667232513428,0.5511974692344666,8,3,3,1,3,1,0,0.0,0.6164519786834717,2,clean,0.0,-1,244,119,CORRECT,0,0,0,0,0,0,0.0,0.0
margin,live-delta,2,0.0,0.271707,0.577329,0.024275,0.972656,0.439064,0.589064,0.01857537031173706,0.7805618047714233,0.7619864344596863,1.6965545415878296,5.455119609832764,0.36871206760406494,20,3,3,1,3,1,0,0.0,0.6571207046508789,2,clean,0.0,-1,245,125,CORRECT,0,0,0,0,0,0,0.0,0.0
margin,live-delta,2,0.0,0.271707,0.577329,0.024275,0.972656,0.439064,0.589064,0.009640216827392578,0.5784683227539062,0.5688281059265137,2.221360445022583,9.219865798950195,0.213002011179924,13,3,3,1,3,1,0,0.0,0.39385986328125,2,clean,0.0,-1,246,110,CORRECT,0,0,0,0,0,0,0.0,0.0
margin,live-delta,2,0.0,0.271707,0.577329,0.024275,0.972656,0.439064,0.589064,0.09101557731628418,0.7862826585769653,0.6952670812606812,1.0541155338287354,2.869436025619507,0.7270598411560059,14,3,3,1,3,1,0,0.0,0.5251450538635254,2,clean,0.0,-1,247,120,CORRECT,0,0,0,0,0,0,0.0,0.0
margin,live-delta,2,0.0,0.271707,0.577329,0.024275,0.972656,0.439064,0.589064,0.035696208477020264,0.6193225383758545,0.5836263298988342,1.9352675676345825,6.925897121429443,0.36184149980545044,11,3,3,1,3,1,0,0.0,0.527028501033783,2,clean,0.0,-1,249,107,CORRECT,0,0,0,0,0,0,0.0,0.0
margin,live-delta,2,0.0,0.271707,0.577329,0.024275,0.972656,0.439064,0.589064,0.006960093975067139,0.615280270576477,0.6083201766014099,2.066415309906006,7.89646577835083,0.26621192693710327,13,3,3,1,3,1,0,0.0,0.5127503275871277,2,clean,0.0,-1,250,115,CORRECT,0,0,0,0,0,0,0.0,0.0
margin,live-delta,2,0.0,0.271707,0.577329,0.024275,0.972656,0.439064,0.589064,0.004858970642089844,0.7133948802947998,0.70853590965271,1.7207775115966797,5.588871955871582,0.32791778445243835,19,3,3,1,3,1,0,0.0,0.5565115809440613,2,clean,0.0,-1,251,107,CORRECT,0,0,0,0,0,0,0.0,0.0
margin,live-delta,2,0.0,0.271707,0.577329,0.024275,0.972656,0.439064,0.589064,0.030346155166625977,0.7366904020309448,0.7063442468643188,1.7606197595596313,5.816040992736816,0.3635081648826599,10,3,3,1,3,1,0,0.0,0.49711012840270996,2,clean,0.0,-1,252,117,CORRECT,0,0,0,0,0,0,0.0,0.0
margin,live-delta,2,0.0,0.271707,0.577329,0.024275,0.972656,0.439064,0.589064,0.034451961517333984,0.7492276430130005,0.7147756814956665,1.6915348768234253,5.427805423736572,0.4406343996524811,12,3,3,1,3,1,0,0.0,0.531527578830719,2,clean,0.0,-1,253,119,CORRECT,0,0,0,0,0,0,0.0,0.0
margin,live-delta,2,0.0,0.271707,0.577329,0.024275,0.972656,0.439064,0.589064,0.03389662504196167,0.46462684869766235,0.4307302236557007,-0.0,1.0,1.0,1,3,3,1,3,1,0,0.0,0.348505437374115,2,clean,0.0,-1,254,116,CORRECT,0,0,0,0,0,0,0.0,0.0
margin,live-delta,2,0.0,0.271707,0.577329,0.024275,0.972656,0.439064,0.589064,0.01337289810180664,0.6233410835266113,0.6099681854248047,2.3906116485595703,10.920170783996582,0.222396120429039,16,3,3,1,3,1,0,0.0,0.44635075330734253,2,clean,0.0,-1,255,100,CORRECT,0,0,0,0,0,0,0.0,0.0
margin,live-delta,3,0.0,0.271707,0.577329,0.024275,0.972656,0.439064,0.589064,0.03762426972389221,0.5110138058662415,0.47338953614234924,1.3084306716918945,3.700361967086792,0.4304646849632263,4,0,0,1,0,1,0,0.0,0.09347984194755554,2,clean,0.0,-1,0,28,CORRECT,0,0,0,0,0,0,0.0,0.0
margin,live-delta,3,0.0,0.271707,0.577329,0.024275,0.972656,0.439064,0.589064,0.15752142667770386,0.5575714111328125,0.40004998445510864,-0.0,1.0,1.0,1,0,0,1,0,1,0,0.0,0.2904238998889923,2,clean,0.0,-1,1,3,CORRECT,0,0,0,0,0,0,0.0,0.0
margin,live-delta,3,0.0,0.271707,0.577329,0.024275,0.972656,0.439064,0.589064,0.09297966957092285,0.6945255994796753,0.6015459299087524,1.0659769773483276,2.903674364089966,0.7134841084480286,8,0,0,1,0,1,1,0.14056897163391113,0.1141963005065918,2,clean,0.0,-1,2,14,CORRECT,0,0,0,0,0,0,0.0,0.0
margin,live-delta,3,0.0,0.271707,0.577329,0.024275,0.972656,0.439064,0.589064,0.059886783361434937,0.48569563031196594,0.425808846950531,-0.0,1.0,1.0,1,0,1,0,1,0,1,1.0,-0.17318376898765564,0,clean,0.0,-1,5,49,BLENDED,0,0,0,0,0,0,0.0,0.0
margin,live-delta,3,0.0,0.271707,0.577329,0.024275,0.972656,0.439064,0.589064,0.023535043001174927,0.47608861327171326,0.45255357027053833,1.070020318031311,2.915438652038574,0.44852760434150696,3,0,0,1,0,1,0,0.0,0.14675000309944153,2,clean,0.0,-1,9,13,CORRECT,0,0,0,0,0,0,0.0,0.0
margin,live-delta,3,0.0,0.271707,0.577329,0.024275,0.972656,0.439064,0.589064,0.014633804559707642,0.4974060356616974,0.48277223110198975,1.0649480819702148,2.900688409805298,0.44082605838775635,3,0,0,1,0,1,0,0.0,0.09648242592811584,2,clean,0.0,-1,10,17,CORRECT,0,0,0,0,0,0,0.0,0.0
margin,live-delta,3,0.0,0.271707,0.577329,0.024275,0.972656,0.439064,0.589064,0.08684149384498596,0.5661791563034058,0.4793376624584198,0.4222162961959839,1.5253384113311768,0.8502839207649231,2,0,0,1,0,1,0,0.0,0.3185681104660034,2,clean,0.0,-1,13,3,CORRECT,0,0,0,0,0,0,0.0,0.0
margin,live-delta,3,0.0,0.271707,0.577329,0.024275,0.972656,0.439064,0.589064,0.08117860555648804,0.4752614498138428,0.39408284425735474,-0.0,1.0,1.0,1,0,0,1,0,1,0,0.0,0.10955226421356201,2,clean,0.0,-1,14,3,CORRECT,0,0,0,0,0,0,0.0,0.0
margin,live-delta,3,0.0,0.271707,0.577329,0.024275,0.972656,0.439064,0.589064,0.06355580687522888,0.44446679949760437,0.3809109926223755,-0.0,1.0,1.0,1,0,0,1,0,1,0,0.0,0.09106484055519104,2,clean,0.0,-1,19,18,CORRECT,0,0,0,0,0,0,0.0,0.0
margin,live-delta,3,0.0,0.271707,0.577329,0.024275,0.972656,0.439064,0.589064,0.0298537015914917,0.4545491635799408,0.4246954619884491,-0.0,1.0,1.0,1,0,0,1,0,1,0,0.0,0.03719410300254822,1,clean,0.0,-1,21,28,CORRECT,0,0,0,0,0,0,0.0,0.0
margin,live-delta,3,0.0,0.271707,0.577329,0.024275,0.972656,0.439064,0.589064,0.0817604660987854,0.5454531908035278,0.46369272470474243,0.44480425119400024,1.5601847171783447,0.8368819952011108,2,0,0,1,0,1,0,0.0,0.1577472686767578,2,clean,0.0,-1,22,12,CORRECT,0,0,0,0,0,0,0.0,0.0
margin,live-delta,3,0.0,0.271707,0.577329,0.024275,0.972656,0.439064,0.589064,0.2307952344417572,0.45714232325553894,0.22634708881378174,-0.0,1.0,1.0,1,0,0,1,0,1,0,0.0,0.27203503251075745,2,clean,0.0,-1,23,9,CORRECT,0,0,0,0,0,0,0.0,0.0
margin,live-delta,3,0.0,0.271707,0.577329,0.024275,0.972656,0.439064,0.589064,0.08825361728668213,0.4393737316131592,0.35112011432647705,-0.0,1.0,1.0,1,0,1,0,1,0,1,1.0,-0.08825361728668213,0,clean,0.0,-1,24,58,BLENDED,0,0,0,0,0,0,0.0,0.0
margin,live-delta,3,0.0,0.271707,0.577329,0.024275,0.972656,0.439064,0.589064,0.018287837505340576,0.4404931664466858,0.4222053289413452,-0.0,1.0,1.0,1,0,0,1,0,1,0,0.0,0.11889442801475525,2,clean,0.0,-1,28,21,CORRECT,0,0,0,0,0,0,0.0,0.0
margin,live-delta,3,0.0,0.271707,0.577329,0.024275,0.972656,0.439064,0.589064,0.20138755440711975,0.5386088490486145,0.33722129464149475,-0.0,1.0,1.0,1,0,0,1,0,1,0,0.0,0.21796667575836182,2,clean,0.0,-1,29,30,CORRECT,0,0,0,0,0,0,0.0,0.0
margin,live-delta,3,0.0,0.271707,0.577329,0.024275,0.972656,0.439064,0.589064,0.001230776309967041,0.5109431743621826,0.5097123980522156,1.0983421802520752,2.999189853668213,0.3424144387245178,3,0,0,1,0,1,0,0.0,0.15158623456954956,2,clean,0.0,-1,30,27,CORRECT,0,0,0,0,0,0,0.0,0.0
margin,live-delta,3,0.0,0.271707,0.577329,0.024275,0.972656,0.439064,0.589064,0.05672097206115723,0.527478814125061,0.4707578420639038,0.9242557883262634,2.5199921131134033,0.6221434473991394,3,0,0,1,0,1,0,0.0,0.20573222637176514,2,clean,0.0,-1,31,21,CORRECT,0,0,0,0,0,0,0.0,0.0
margin,live-delta,3,0.0,0.271707,0.577329,0.024275,0.972656,0.439064,0.589064,0.06267088651657104,0.5771849155426025,0.5145140290260315,0.529564380645752,1.6981923580169678,0.7778909802436829,2,0,0,1,0,1,0,0.0,0.20687836408615112,2,clean,0.0,-1,32,21,CORRECT,0,0,0,0,0,0,0.0,0.0
margin,live-delta,3,0.0,0.271707,0.577329,0.024275,0.972656,0.439064,0.589064,0.06853950023651123,0.5272687673568726,0.45872926712036133,0.836567223072052,2.308429002761841,0.686884343624115,3,0,0,1,0,1,1,0.1744043529033661,0.06853950023651123,2,clean,0.0,-1,33,22,CORRECT,0,0,0,0,0,0,0.0,0.0
margin,live-delta,3,0.0,0.271707,0.577329,0.024275,0.972656,0.439064,0.589064,0.10985952615737915,0.44487905502319336,0.3350195288658142,-0.0,1.0,1.0,1,0,1,0,1,0,1,1.0,-0.10985952615737915,0,clean,0.0,-1,34,38,BLENDED,0,0,0,0,0,0,0.0,0.0
margin,live-delta,3,0.0,0.271707,0.577329,0.024275,0.972656,0.439064,0.589064,0.003992140293121338,0.46688970923423767,0.46289756894111633,1.5929940938949585,4.918453216552734,0.250478059053421,5,0,0,1,0,1,0,0.0,0.1551005244255066,2,clean,0.0,-1,36,31,CORRECT,0,0,0,0,0,0,0.0,0.0
margin,live-delta,3,0.0,0.271707,0.577329,0.024275,0.972656,0.439064,0.589064,0.042268991470336914,0.5554631948471069,0.51319420337677,1.7381713390350342,5.686934471130371,0.40361955761909485,8,0,0,1,0,1,1,0.2553464472293854,0.04853558540344238,1,clean,0.0,-1,37,14,CORRECT,0,0,0,0,0,0,0.0,0.0
margin,live-delta,3,0.0,0.271707,0.577329,0.024275,0.972656,0.439064,0.589064,0.030288755893707275,0.4567822813987732,0.4264935255050659,-0.0,1.0,1.0,1,0,0,1,0,1,0,0.0,0.10791254043579102,2,clean,0.0,-1,42,6,CORRECT,0,0,0,0,0,0,0.0,0.0
margin,live-delta,3,0.0,0.271707,0.577329,0.024275,0.972656,0.439064,0.589064,0.0289628803730011,0.45749402046203613,0.42853114008903503,-0.0,1.0,1.0,1,0,0,1,0,1,0,0.0,0.062056660652160645,2,clean,0.0,-1,43,31,CORRECT,0,0,0,0,0,0,0.0,0.0
margin,live-delta,3,0.0,0.271707,0.577329,0.024275,0.972656,0.439064,0.589064,0.004916787147521973,0.5519967079162598,0.5470799207687378,1.4430346488952637,4.233523845672607,0.3498474955558777,5,0,0,1,0,1,0,0.0,0.17608129978179932,2,clean,0.0,-1,45,5,CORRECT,0,0,0,0,0,0,0.0,0.0
margin,live-delta,3,0.0,0.271707,0.577329,0.024275,0.972656,0.439064,0.589064,0.00018841028213500977,0.47927355766296387,0.47908514738082886,0.6931453943252563,1.9999964237213135,0.5009419918060303,2,0,0,1,0,1,0,0.0,0.21689152717590332,2,clean,0.0,-1,48,18,CORRECT,0,0,0,0,0,0,0.0,0.0
margin,live-delta,3,0.0,0.271707,0.577329,0.024275,0.972656,0.439064,0.589064,0.13420286774635315,0.47192445397377014,0.337721586227417,-0.0,1.0,1.0,1,0,0,1,0,1,0,0.0,0.2240210920572281,2,clean,0.0,-1,49,18,CORRECT,0,0,0,0,0,0,0.0,0.0
margin,live-delta,3,0.0,0.271707,0.577329,0.024275,0.972656,0.439064,0.589064,0.019812464714050293,0.6749056577682495,0.6550931930541992,1.320310115814209,3.744582414627075,0.41643911600112915,7,0,0,1,0,1,0,0.0,0.2516825497150421,2,clean,0.0,-1,51,27,CORRECT,0,0,0,0,0,0,0.0,0.0
margin,live-delta,3,0.0,0.271707,0.577329,0.024275,0.972656,0.439064,0.589064,0.08814448118209839,0.606589138507843,0.5184446573257446,0.6165233850479126,1.8524764776229858,0.8030567765235901,3,0,0,1,0,1,0,0.0,0.3156187832355499,2,clean,0.0,-1,53,3,CORRECT,0,0,0,0,0,0,0.0,0.0
margin,live-delta,3,0.0,0.271707,0.577329,0.024275,0.972656,0.439064,0.589064,0.008193910121917725,0.5111909508705139,0.5029970407485962,1.2397409677505493,3.454718589782715,0.40997156500816345,4,0,0,1,0,1,0,0.0,0.09483623504638672,2,clean,0.0,-1,55,26,CORRECT,0,0,0,0,0,0,0.0,0.0
margin,live-delta,3,0.0,0.271707,0.577329,0.024275,0.972656,0.439064,0.589064,0.010157376527786255,0.4902037978172302,0.48004642128944397,1.5845460891723633,4.877077102661133,0.2621338367462158,5,0,0,1,0,1,1,0.12637773156166077,0.03647899627685547,1,clean,0.0,-1,56,27,CORRECT,0,0,0,0,0,0,0.0,0.0
margin,live-delta,3,0.0,0.271707,0.577329,0.024275,0.972656,0.439064,0.589064,0.06739246845245361,0.5771557092666626,0.509763240814209,1.3502264022827148,3.8582990169525146,0.5552761554718018,6,0,0,1,0,1,0,0.05098020285367966,0.11940142512321472,2,clean,0.0,-1,58,28,CORRECT,0,0,0,0,0,0,0.0,0.0
margin,live-delta,3,0.0,0.271707,0.577329,0.024275,0.972656,0.439064,0.589064,0.025899112224578857,0.6490280032157898,0.6231288909912109,1.4651652574539185,4.328258514404297,0.3999028503894806,6,0,0,1,0,1,0,0.0138956094160676,0.16798242926597595,2,clean,0.0,-1,59,25,CORRECT,0,0,0,0,0,0,0.0,0.0
margin,live-delta,3,0.0,0.271707,0.577329,0.024275,0.972656,0.439064,0.589064,0.06994545459747314,0.6491247415542603,0.5791792869567871,0.9464529752731323,2.576554298400879,0.6593641638755798,4,0,0,1,0,1,0,0.0,0.3308027386665344,2,clean,0.0,-1,62,25,CORRECT,0,0,0,0,0,0,0.0,0.0
margin,live-delta,3,0.0,0.271707,0.577329,0.024275,0.972656,0.439064,0.589064,0.01966238021850586,0.5686567425727844,0.5489943623542786,2.3414812088012695,10.396624565124512,0.19699007272720337,13,1,1,1,1,1,0,0.0,0.2685515880584717,2,clean,0.0,-1,64,55,CORRECT,0,0,0,0,0,0,0.0,0.0
margin,live-delta,3,0.0,0.271707,0.577329,0.024275,0.972656,0.439064,0.589064,0.024967968463897705,0.6106247305870056,0.5856567621231079,1.9094914197921753,6.749655246734619,0.31075409054756165,12,1,1,1,1,1,0,0.0,0.3402480483055115,2,clean,0.0,-1,65,37,CORRECT,0,0,0,0,0,0,0.0,0.0
margin,live-delta,3,0.0,0.271707,0.577329,0.024275,0.972656,0.439064,0.589064,0.05212599039077759,0.7629485726356506,0.710822582244873,1.4158259630203247,4.119887828826904,0.5562195777893066,16,1,1,1,1,1,0,0.0050707594491541386,0.2588147521018982,2,clean,0.0,-1,66,54,CORRECT,0,0,0,0,0,0,0.0,0.0
margin,live-delta,3,0.0,0.271707,0.577329,0.024275,0.972656,0.439064,0.589064,0.06852149963378906,0.7129783630371094,0.6444568634033203,1.7361316680908203,5.675346851348877,0.5102615356445312,17,1,1,1,1,1,0,0.0038727500941604376,0.24404793977737427,2,clean,0.0,-1,67,39,CORRECT,0,0,0,0,0,0,0.0,0.0
margin,live-delta,3,0.0,0.271707,0.577329,0.024275,0.972656,0.439064,0.589064,0.08516144752502441,0.7080281972885132,0.6228667497634888,1.44516122341156,4.2425360679626465,0.6203391551971436,15,1,1,1,1,1,0,0.003960753791034222,0.2526915967464447,2,clean,0.0,-1,68,54,CORRECT,0,0,0,0,0,0,0.0,0.0
margin,live-delta,3,0.0,0.271707,0.577329,0.024275,0.972656,0.439064,0.589064,0.04955393075942993,0.7288384437561035,0.6792845129966736,1.4435832500457764,4.235846996307373,0.514823317527771,11,1,1,1,1,1,0,0.001579965348355472,0.28932103514671326,2,clean,0.0,-1,69,55,CORRECT,0,0,0,0,0,0,0.0,0.0
margin,live-delta,3,0.0,0.271707,0.577329,0.024275,0.972656,0.439064,0.589064,0.014178097248077393,0.6187683939933777,0.6045902967453003,1.2818435430526733,3.603276491165161,0.4797991216182709,8,1,1,1,1,1,1,0.4353707432746887,0.014178097248077393,0,clean,0.0,-1,70,32,CORRECT,0,0,0,0,0,0,0.0,0.0
margin,live-delta,3,0.0,0.271707,0.577329,0.024275,0.972656,0.439064,0.589064,0.03313928842544556,0.5181591510772705,0.48501986265182495,0.6411111950874329,1.8985893726348877,0.659885823726654,2,1,1,1,1,1,0,0.0,0.1789383888244629,2,clean,0.0,-1,71,52,CORRECT,0,0,0,0,0,0,0.0,0.0
margin,live-delta,3,0.0,0.271707,0.577329,0.024275,0.972656,0.439064,0.589064,0.0879206657409668,0.5985121130943298,0.510591447353363,0.5796738862991333,1.7854560613632202,0.8154345154762268,3,1,1,1,1,1,0,0.0,0.19561368227005005,2,clean,0.0,-1,72,58,CORRECT,0,0,0,0,0,0,0.0,0.0
margin,live-delta,3,0.0,0.271707,0.577329,0.024275,0.972656,0.439064,0.589064,0.004833340644836426,0.6409604549407959,0.6361271142959595,1.7804850339889526,5.932733535766602,0.3165929615497589,11,1,1,1,1,1,0,0.0,0.31000831723213196,2,clean,0.0,-1,73,45,CORRECT,0,0,0,0,0,0,0.0,0.0
margin,live-delta,3,0.0,0.271707,0.577329,0.024275,0.972656,0.439064,0.589064,0.03012096881866455,0.551203727722168,0.5210827589035034,2.1479737758636475,8.56748104095459,0.28264811635017395,11,1,1,1,1,1,0,0.0,0.17551171779632568,2,clean,0.0,-1,74,50,CORRECT,0,0,0,0,0,0,0.0,0.0
margin,live-delta,3,0.0,0.271707,0.577329,0.024275,0.972656,0.439064,0.589064,0.005219697952270508,0.49835360050201416,0.49313390254974365,1.512419581413269,4.537696838378906,0.3093273341655731,5,1,1,1,1,1,0,0.0,0.15347930788993835,2,clean,0.0,-1,75,39,CORRECT,0,0,0,0,0,0,0.0,0.0
margin,live-delta,3,0.0,0.271707,0.577329,0.024275,0.972656,0.439064,0.589064,0.2984471321105957,0.7332471609115601,0.43480002880096436,-0.0,1.0,1.0,1,1,1,1,1,1,0,0.0,0.2984471321105957,2,clean,0.0,-1,76,38,CORRECT,0,0,0,0,0,0,0.0,0.0
margin,live-delta,3,0.0,0.271707,0.577329,0.024275,0.972656,0.439064,0.589064,0.11552649736404419,0.5862758159637451,0.4707493185997009,0.30312657356262207,1.3540858030319214,0.9097453355789185,2,1,1,1,1,1,0,0.0,0.14756673574447632,2,clean,0.0,-1,77,58,CORRECT,0,0,0,0,0,0,0.0,0.0
margin,live-delta,3,0.0,0.271707,0.577329,0.024275,0.972656,0.439064,0.589064,0.05276894569396973,0.5781490802764893,0.5253801345825195,1.8377052545547485,6.282105922698975,0.4033111035823822,9,1,1,1,1,1,0,0.06803681701421738,0.08898293972015381,2,clean,0.0,-1,78,44,CORRECT,0,0,0,0,0,0,0.0,0.0
margin,live-delta,3,0.0,0.271707,0.577329,0.024275,0.972656,0.439064,0.589064,0.14612972736358643,0.6591064929962158,0.5129767656326294,0.20158909261226654,1.2233452796936035,0.9489521384239197,2,1,1,1,1,1,0,0.0,0.330605149269104,2,clean,0.0,-1,80,48,CORRECT,0,0,0,0,0,0,0.0,0.0
margin,live-delta,3,0.0,0.271707,0.577329,0.024275,0.972656,0.439064,0.589064,0.016943812370300293,0.5699619054794312,0.5530180931091309,1.3377693891525269,3.8105342388153076,0.46108105778694153,6,1,1,1,1,1,0,0.0,0.24595826864242554,2,clean,0.0,-1,81,50,CORRECT,0,0,0,0,0,0,0.0,0.0
margin,live-delta,3,0.0,0.271707,0.577329,0.024275,0.972656,0.439064,0.589064,0.026044607162475586,0.7519335150718689,0.7258889079093933,1.5296614170074463,4.616613388061523,0.4416230618953705,13,1,1,1,1,1,0,0.0,0.4864329695701599,2,clean,0.0,-1,82,51,CORRECT,0,0,0,0,0,0,0.0,0.0
margin,live-delta,3,0.0,0.271707,0.577329,0.024275,0.972656,0.439064,0.589064,0.047495365142822266,0.6791089773178101,0.6316136121749878,1.3715834617614746,3.941587209701538,0.5729954838752747,11,1,1,1,1,1,0,0.0,0.3359265923500061,2,clean,0.0,-1,83,44,CORRECT,0,0,0,0,0,0,0.0,0.0
margin,live-delta,3,0.0,0.271707,0.577329,0.024275,0.972656,0.439064,0.589064,0.03799247741699219,0.7384377717971802,0.700445294380188,0.7970215678215027,2.2189221382141113,0.6581733822822571,7,1,1,1,1,1,0,0.0,0.348906934261322,2,clean,0.0,-1,84,41,CORRECT,0,0,0,0,0,0,0.0,0.0
margin,live-delta,3,0.0,0.271707,0.577329,0.024275,0.972656,0.439064,0.589064,0.0889737606048584,0.6956807374954224,0.606706976890564,1.406815767288208,4.0829339027404785,0.6207090616226196,13,1,1,1,1,1,0,0.0,0.38515859842300415,2,clean,0.0,-1,85,43,CORRECT,0,0,0,0,0,0,0.0,0.0
margin,live-delta,3,0.0,0.271707,0.577329,0.024275,0.972656,0.439064,0.589064,0.045197486877441406,0.7701441049575806,0.7249466180801392,1.4363933801651,4.205500602722168,0.5489729642868042,15,1,1,1,1,1,0,0.0,0.4686961770057678,2,clean,0.0,-1,86,51,CORRECT,0,0,0,0,0,0,0.0,0.0
margin,live-delta,3,0.0,0.271707,0.577329,0.024275,0.972656,0.439064,0.589064,0.011904120445251465,0.6797964572906494,0.667892336845398,1.5979340076446533,4.94281005859375,0.31458958983421326,9,1,1,1,1,1,0,0.0,0.41648101806640625,2,clean,0.0,-1,87,33,CORRECT,0,0,0,0,0,0,0.0,0.0
margin,live-delta,3,0.0,0.271707,0.577329,0.024275,0.972656,0.439064,0.589064,0.09143966436386108,0.5780873894691467,0.48664772510528564,0.8159888982772827,2.26141095161438,0.7532624006271362,4,1,1,1,1,1,0,0.05544177070260048,0.13045400381088257,2,clean,0.0,-1,88,47,CORRECT,0,0,0,0,0,0,0.0,0.0
margin,live-delta,3,0.0,0.271707,0.577329,0.024275,0.972656,0.439064,0.589064,0.03494095802307129,0.6190261840820312,0.58408522605896,0.9042328596115112,2.470036268234253,0.6164795756340027,4,1,1,1,1,1,0,0.0,0.2693459093570709,2,clean,0.0,-1,89,52,CORRECT,0,0,0,0,0,0,0.0,0.0
margin,live-delta,3,0.0,0.271707,0.577329,0.024275,0.972656,0.439064,0.589064,0.027263760566711426,0.692020058631897,0.6647562980651855,1.675542950630188,5.3416948318481445,0.37304309010505676,13,1,1,1,1,1,0,0.0,0.2833227515220642,2,clean,0.0,-1,91,39,CORRECT,0,0,0,0,0,0,0.0,0.0
margin,live-delta,3,0.0,0.271707,0.577329,0.024275,0.972656,0.439064,0.589064,0.029761195182800293,0.7398475408554077,0.7100863456726074,1.7118500471115112,5.5391998291015625,0.3889440596103668,14,1,1,1,1,1,0,0.0,0.47665858268737793,2,clean,0.0,-1,92,45,CORRECT,0,0,0,0,0,0,0.0,0.0
margin,live-delta,3,0.0,0.271707,0.577329,0.024275,0.972656,0.439064,0.589064,0.1284804344177246,0.5923916697502136,0.463911235332489,0.6271226406097412,1.872215747833252,0.8348609805107117,4,1,1,1,1,1,1,0.16513895988464355,0.1284804344177246,2,clean,0.0,-1,93,32,CORRECT,0,0,0,0,0,0,0.0,0.0
margin,live-delta,3,0.0,0.271707,0.577329,0.024275,0.972656,0.439064,0.589064,0.1297839879989624,0.55228590965271,0.42250192165374756,-0.0,1.0,1.0,1,1,1,1,1,1,0,0.0,0.32412323355674744,2,clean,0.0,-1,94,52,CORRECT,0,0,0,0,0,0,0.0,0.0
margin,live-delta,3,0.0,0.271707,0.577329,0.024275,0.972656,0.439064,0.589064,0.09342542290687561,0.5417872071266174,0.4483617842197418,0.3933871388435364,1.4819920063018799,0.8662855625152588,2,1,1,1,1,1,0,0.0,0.27124589681625366,2,clean,0.0,-1,95,51,CORRECT,0,0,0,0,0,0,0.0,0.0
margin,live-delta,3,0.0,0.271707,0.577329,0.024275,0.972656,0.439064,0.589064,0.050793468952178955,0.5806038975715637,0.5298104286193848,1.4404054880142212,4.222407817840576,0.45094889402389526,5,1,1,1,1,1,0,0.0,0.2296139895915985,2,clean,0.0,-1,97,39,CORRECT,0,0,0,0,0,0,0.0,0.0
margin,live-delta,3,0.0,0.271707,0.577329,0.024275,0.972656,0.439064,0.589064,0.015441596508026123,0.584922194480896,0.5694805979728699,1.9659758806228638,7.141879081726074,0.2806284725666046,9,1,1,1,1,1,0,0.0,0.33483394980430603,2,clean,0.0,-1,98,45,CORRECT,0,0,0,0,0,0,0.0,0.0
margin,live-delta,3,0.0,0.271707,0.577329,0.024275,0.972656,0.439064,0.589064,0.26017677783966064,0.6687585115432739,0.4085817337036133,-0.0,1.0,1.0,1,1,1,1,1,1,0,0.0,0.3264943063259125,2,clean,0.0,-1,99,60,CORRECT,0,0,0,0,0,0,0.0,0.0
margin,live-delta,3,0.0,0.271707,0.577329,0.024275,0.972656,0.439064,0.589064,0.015581190586090088,0.7002413272857666,0.6846601366996765,1.6012790203094482,4.959371566772461,0.4149681627750397,13,1,1,1,1,1,0,0.03963572904467583,0.12970495223999023,2,clean,0.0,-1,100,55,CORRECT,0,0,0,0,0,0,0.0,0.0
margin,live-delta,3,0.0,0.271707,0.577329,0.024275,0.972656,0.439064,0.589064,0.056407630443573,0.6827635765075684,0.6263559460639954,1.5161516666412354,4.55466365814209,0.4522438645362854,8,1,1,1,1,1,0,0.0,0.3936646282672882,2,clean,0.0,-1,101,33,CORRECT,0,0,0,0,0,0,0.0,0.0
margin,live-delta,3,0.0,0.271707,0.577329,0.024275,0.972656,0.439064,0.589064,0.03583967685699463,0.5661741495132446,0.53033447265625,1.8710620403289795,6.4951910972595215,0.3483125567436218,9,1,1,1,1,1,1,0.16582131385803223,0.03710949420928955,1,clean,0.0,-1,102,50,CORRECT,0,0,0,0,0,0,0.0,0.0
margin,live-delta,3,0.0,0.271707,0.577329,0.024275,0.972656,0.439064,0.589064,0.01545494794845581,0.607532799243927,0.5920778512954712,0.6813455820083618,1.9765355587005615,0.5766653418540955,2,1,1,1,1,1,0,0.0,0.19596463441848755,2,clean,0.0,-1,103,41,CORRECT,0,0,0,0,0,0,0.0,0.0
margin,live-delta,3,0.0,0.271707,0.577329,0.024275,0.972656,0.439064,0.589064,0.06616508960723877,0.7455623149871826,0.6793972253799438,1.2658060789108276,3.545949935913086,0.6393237709999084,14,1,1,1,1,1,0,0.0,0.34216418862342834,2,clean,0.0,-1,104,39,CORRECT,0,0,0,0,0,0,0.0,0.0
margin,live-delta,3,0.0,0.271707,0.577329,0.024275,0.972656,0.439064,0.589064,0.0018985271453857422,0.7375691533088684,0.7356706261634827,1.6145350933074951,5.025550842285156,0.3246951401233673,13,1,1,1,1,1,0,0.0,0.30341246724128723,2,clean,0.0,-1,105,54,CORRECT,0,0,0,0,0,0,0.0,0.0
margin,live-delta,3,0.0,0.271707,0.577329,0.024275,0.972656,0.439064,0.589064,0.00989389419555664,0.4737173914909363,0.46382349729537964,1.0729889869689941,2.9241065979003906,0.41885125637054443,3,1,1,1,1,1,0,0.0,0.1302989423274994,2,clean,0.0,-1,106,62,CORRECT,0,0,0,0,0,0,0.0,0.0
margin,live-delta,3,0.0,0.271707,0.577329,0.024275,0.972656,0.439064,0.589064,0.1537250280380249,0.799985408782959,0.6462603807449341,0.4958779215812683,1.6419390439987183,0.8949791193008423,10,1,1,1,1,1,0,0.0,0.5308573842048645,2,clean,0.0,-1,107,51,CORRECT,0,0,0,0,0,0,0.0,0.0
margin,live-delta,3,0.0,0.271707,0.577329,0.024275,0.972656,0.439064,0.589064,0.03705352544784546,0.7192625999450684,0.6822090744972229,1.5510046482086182,4.716206073760986,0.5038705468177795,15,1,1,1,1,1,0,0.0,0.4430217444896698,2,clean,0.0,-1,108,45,CORRECT,0,0,0,0,0,0,0.0,0.0
margin,live-delta,3,0.0,0.271707,0.577329,0.024275,0.972656,0.439064,0.589064,0.22602304816246033,0.6040655374526978,0.3780424892902374,-0.0,1.0,1.0,1,1,1,1,1,1,0,0.0,0.22602304816246033,2,clean,0.0,-1,109,38,CORRECT,0,0,0,0,0,0,0.0,0.0
margin,live-delta,3,0.0,0.271707,0.577329,0.024275,0.972656,0.439064,0.589064,0.037272632122039795,0.5118335485458374,0.4745609164237976,0.6282285451889038,1.8742873668670654,0.6781869530677795,2,1,1,1,1,1,0,0.0,0.14201003313064575,2,clean,0.0,-1,110,47,CORRECT,0,0,0,0,0,0,0.0,0.0
margin,live-delta,3,0.0,0.271707,0.577329,0.024275,0.972656,0.439064,0.589064,0.00589442253112793,0.6232324838638306,0.6173380613327026,0.9393909573554993,2.558422803878784,0.49284619092941284,4,1,1,1,1,1,0,0.0,0.26012080907821655,2,clean,0.0,-1,111,59,CORRECT,0,0,0,0,0,0,0.0,0.0
margin,live-delta,3,0.0,0.271707,0.577329,0.024275,0.972656,0.439064,0.589064,0.01124069094657898,0.4431905448436737,0.4319498538970947,-0.0,1.0,1.0,1,1,1,1,1,1,0,0.0,0.03822389245033264,1,clean,0.0,-1,112,51,CORRECT,0,0,0,0,0,0,0.0,0.0
margin,live-delta,3,0.0,0.271707,0.577329,0.024275,0.972656,0.439064,0.589064,0.06394106149673462,0.701833188533783,0.6378921270370483,1.6664202213287354,5.293185234069824,0.5275378227233887,15,1,1,1,1,1,0,0.0035519737284630537,0.25003582239151,2,clean,0.0,-1,113,39,CORRECT,0,0,0,0,0,0,0.0,0.0
margin,live-delta,3,0.0,0.271707,0.577329,0.024275,0.972656,0.439064,0.589064,0.06835818290710449,0.6080368757247925,0.539678692817688,0.9950105547904968,2.7047529220581055,0.660291850566864,4,1,1,1,1,1,0,0.0,0.2539392411708832,2,clean,0.0,-1,114,59,CORRECT,0,0,0,0,0,0,0.0,0.0
margin,live-delta,3,0.0,0.271707,0.577329,0.024275,0.972656,0.439064,0.589064,0.05447810888290405,0.6041508316993713,0.5496727228164673,1.0775936841964722,2.9376022815704346,0.6253456473350525,5,1,1,1,1,1,0,0.0,0.33038443326950073,2,clean,0.0,-1,115,50,CORRECT,0,0,0,0,0,0,0.0,0.0
margin,live-delta,3,0.0,0.271707,0.577329,0.024275,0.972656,0.439064,0.589064,0.01016378402709961,0.5373191833496094,0.5271553993225098,1.6083056926727295,4.99434232711792,0.3345862329006195,6,1,1,1,1,1,1,0.23712188005447388,0.042666494846343994,1,clean,0.0,-1,116,63,CORRECT,0,0,0,0,0,0,0.0,0.0
margin,live-delta,3,0.0,0.271707,0.577329,0.024275,0.972656,0.439064,0.589064,0.06607326865196228,0.4983387291431427,0.4322654604911804,-0.0,1.0,1.0,1,1,1,1,1,1,0,0.0,0.06607326865196228,2,clean,0.0,-1,117,58,CORRECT,0,0,0,0,0,0,0.0,0.0
margin,live-delta,3,0.0,0.271707,0.577329,0.024275,0.972656,0.439064,0.589064,0.04003894329071045,0.7102930545806885,0.670254111289978,1.3079015016555786,3.698404550552368,0.5311775207519531,9,1,1,1,1,1,0,0.0,0.4212930202484131,2,clean,0.0,-1,119,39,CORRECT,0,0,0,0,0,0,0.0,0.0
margin,live-delta,3,0.0,0.271707,0.577329,0.024275,0.972656,0.439064,0.589064,0.2523503005504608,0.6183493137359619,0.3659990131855011,-0.0,1.0,1.0,1,1,1,1,1,1,0,0.0,0.41161060333251953,2,clean,0.0,-1,121,52,CORRECT,0,0,0,0,0,0,0.0,0.0
margin,live-delta,3,0.0,0.271707,0.577329,0.024275,0.972656,0.439064,0.589064,0.014266133308410645,0.7422631978988647,0.7279970645904541,1.422123670578003,4.145915508270264,0.38885706663131714,11,1,1,1,1,1,0,0.0,0.5021474361419678,2,clean,0.0,-1,122,45,CORRECT,0,0,0,0,0,0,0.0,0.0
margin,live-delta,3,0.0,0.271707,0.577329,0.024275,0.972656,0.439064,0.589064,0.08240044116973877,0.8361939191818237,0.753793478012085,0.5423063039779663,1.7199690341949463,0.8239426612854004,6,1,1,1,1,1,0,0.0004518595524132252,0.37542420625686646,2,clean,0.0,-1,123,36,CORRECT,0,0,0,0,0,0,0.0,0.0
margin,live-delta,3,0.0,0.271707,0.577329,0.024275,0.972656,0.439064,0.589064,0.03546115756034851,0.49169304966926575,0.45623189210891724,1.0287868976593018,2.7976698875427246,0.5145205855369568,3,1,1,1,1,1,0,0.0,0.18838730454444885,2,clean,0.0,-1,125,41,CORRECT,0,0,0,0,0,0,0.0,0.0
margin,live-delta,3,0.0,0.271707,0.577329,0.024275,0.972656,0.439064,0.589064,0.0261155366897583,0.744177520275116,0.7180619835853577,1.4765279293060303,4.377719402313232,0.4277113974094391,13,1,1,1,1,1,0,0.005537495948374271,0.23962503671646118,2,clean,0.0,-1,126,62,CORRECT,0,0,0,0,0,0,0.0,0.0
margin,live-delta,3,0.0,0.271707,0.577329,0.024275,0.972656,0.439064,0.589064,0.19001200795173645,0.6020189523696899,0.4120069444179535,-0.0,1.0,1.0,1,1,1,1,1,1,0,0.0,0.37000665068626404,2,clean,0.0,-1,127,47,CORRECT,0,0,0,0,0,0,0.0,0.0
margin,live-delta,3,0.0,0.271707,0.577329,0.024275,0.972656,0.439064,0.589064,0.005229651927947998,0.5517898201942444,0.5465601682662964,2.1953423023223877,8.983075141906738,0.20394165813922882,11,2,2,1,2,1,0,0.0,0.22328901290893555,2,clean,0.0,-1,128,92,CORRECT,0,0,0,0,0,0,0.0,0.0
margin,live-delta,3,0.0,0.271707,0.577329,0.024275,0.972656,0.439064,0.589064,0.012582868337631226,0.4893530011177063,0.4767701327800751,1.5458707809448242,4.692055702209473,0.315262109041214,5,2,2,1,2,1,0,0.0,0.07689374685287476,2,clean,0.0,-1,130,88,CORRECT,0,0,0,0,0,0,0.0,0.0
margin,live-delta,3,0.0,0.271707,0.577329,0.024275,0.972656,0.439064,0.589064,0.03712707757949829,0.7388211488723755,0.7016940712928772,1.1324647665023804,3.1032960414886475,0.5346430540084839,9,2,2,1,2,1,0,0.0,0.4550756812095642,2,clean,0.0,-1,131,92,CORRECT,0,0,0,0,0,0,0.0,0.0
margin,live-delta,3,0.0,0.271707,0.577329,0.024275,0.972656,0.439064,0.589064,0.07996654510498047,0.5953593254089355,0.5153927803039551,1.5070693492889404,4.513484001159668,0.5781190991401672,9,2,2,1,2,1,0,0.0,0.30446359515190125,2,clean,0.0,-1,132,80,CORRECT,0,0,0,0,0,0,0.0,0.0
margin,live-delta,3,0.0,0.271707,0.577329,0.024275,0.972656,0.439064,0.589064,0.10068809986114502,0.6728984117507935,0.5722103118896484,1.317524790763855,3.7341670989990234,0.6606665849685669,10,2,2,1,2,1,0,0.0,0.549420952796936,2,clean,0.0,-1,133,66,CORRECT,0,0,0,0,0,0,0.0,0.0
margin,live-delta,3,0.0,0.271707,0.577329,0.024275,0.972656,0.439064,0.589064,0.010797262191772461,0.6597398519515991,0.6489425897598267,1.7877330780029297,5.975890159606934,0.33156898617744446,12,2,2,1,2,1,0,0.0,0.41171005368232727,2,clean,0.0,-1,134,92,CORRECT,0,0,0,0,0,0,0.0,0.0
margin,live-delta,3,0.0,0.271707,0.577329,0.024275,0.972656,0.439064,0.589064,0.038563430309295654,0.7814432978630066,0.7428798675537109,2.0973949432373047,8.14492416381836,0.3092581331729889,17,2,2,1,2,1,0,0.0,0.6722792387008667,2,clean,0.0,-1,135,86,CORRECT,0,0,0,0,0,0,0.0,0.0
margin,live-delta,3,0.0,0.271707,0.577329,0.024275,0.972656,0.439064,0.589064,0.020030081272125244,0.5288381576538086,0.5088080763816833,2.260021448135376,9.583294868469238,0.22070133686065674,11,2,2,1,2,1,0,0.0,0.34904682636260986,2,clean,0.0,-1,136,88,CORRECT,0,0,0,0,0,0,0.0,0.0
margin,live-delta,3,0.0,0.271707,0.577329,0.024275,0.972656,0.439064,0.589064,0.073203444480896,0.7202974557876587,0.6470940113067627,1.0489871501922607,2.8547582626342773,0.6896443367004395,9,2,2,1,2,1,0,0.0,0.329639196395874,2,clean,0.0,-1,137,88,CORRECT,0,0,0,0,0,0,0.0,0.0
margin,live-delta,3,0.0,0.271707,0.577329,0.024275,0.972656,0.439064,0.589064,0.010031938552856445,0.6941384077072144,0.6841064691543579,2.1667442321777344,8.729815483093262,0.25467154383659363,18,2,2,1,2,1,0,0.0,0.5886439085006714,2,clean,0.0,-1,138,81,CORRECT,0,0,0,0,0,0,0.0,0.0
margin,live-delta,3,0.0,0.271707,0.577329,0.024275,0.972656,0.439064,0.589064,0.02701401710510254,0.5055744051933289,0.4785603880882263,0.6579487919807434,1.9308277368545532,0.6318776607513428,2,2,2,1,2,1,0,0.0,0.27878403663635254,2,clean,0.0,-1,139,80,CORRECT,0,0,0,0,0,0,0.0,0.0
margin,live-delta,3,0.0,0.271707,0.577329,0.024275,0.972656,0.439064,0.589064,0.004963397979736328,0.5345861911773682,0.5296227931976318,1.971577525138855,7.181997299194336,0.22626833617687225,8,2,2,1,2,1,0,0.0,0.4051614999771118,2,clean,0.0,-1,140,66,CORRECT,0,0,0,0,0,0,0.0,0.0
margin,live-delta,3,0.0,0.271707,0.577329,0.024275,0.972656,0.439064,0.589064,0.0156974196434021,0.6356213688850403,0.6199239492416382,1.9866859912872314,7.291330337524414,0.2903841435909271,13,2,2,1,2,1,0,0.0,0.4982225298881531,2,clean,0.0,-1,141,66,CORRECT,0,0,0,0,0,0,0.0,0.0
margin,live-delta,3,0.0,0.271707,0.577329,0.024275,0.972656,0.439064,0.589064,0.01708298921585083,0.7122920751571655,0.6952090859413147,1.2599601745605469,3.5252811908721924,0.4833809733390808,10,2,2,1,2,1,0,0.0,0.3683291971683502,2,clean,0.0,-1,142,88,CORRECT,0,0,0,0,0,0,0.0,0.0
margin,live-delta,3,0.0,0.271707,0.577329,0.024275,0.972656,0.439064,0.589064,0.05140995979309082,0.7328740954399109,0.6814641356468201,1.9405049085617065,6.962265491485596,0.40896961092948914,16,2,2,1,2,1,0,0.0,0.6180444955825806,2,clean,0.0,-1,143,66,CORRECT,0,0,0,0,0,0,0.0,0.0
margin,live-delta,3,0.0,0.271707,0.577329,0.024275,0.972656,0.439064,0.589064,0.06999588012695312,0.8557835817337036,0.7857877016067505,1.1510076522827148,3.161376953125,0.6333998441696167,16,2,2,1,2,1,0,0.0,0.6665446758270264,2,clean,0.0,-1,144,92,CORRECT,0,0,0,0,0,0,0.0,0.0
margin,live-delta,3,0.0,0.271707,0.577329,0.024275,0.972656,0.439064,0.589064,0.07027477025985718,0.7297858595848083,0.6595110893249512,1.6335607767105103,5.1220808029174805,0.5572382807731628,15,2,2,1,2,1,0,0.0,0.5841353535652161,2,clean,0.0,-1,145,82,CORRECT,0,0,0,0,0,0,0.0,0.0
margin,live-delta,3,0.0,0.271707,0.577329,0.024275,0.972656,0.439064,0.589064,0.012750029563903809,0.620884895324707,0.6081348657608032,2.2108232975006104,9.123224258422852,0.2578112781047821,15,2,2,1,2,1,0,0.0,0.41435956954956055,2,clean,0.0,-1,146,89,CORRECT,0,0,0,0,0,0,0.0,0.0
margin,live-delta,3,0.0,0.271707,0.577329,0.024275,0.972656,0.439064,0.589064,0.01943683624267578,0.7345792055130005,0.7151423692703247,1.9745113849639893,7.203099250793457,0.32740145921707153,17,2,2,1,2,1,0,0.0,0.5811883211135864,2,clean,0.0,-1,147,66,CORRECT,0,0,0,0,0,0,0.0,0.0
margin,live-delta,3,0.0,0.271707,0.577329,0.024275,0.972656,0.439064,0.589064,0.05345660448074341,0.7361685633659363,0.6827119588851929,1.9927566051483154,7.335727691650391,0.3912556767463684,14,2,2,1,2,1,0,0.0,0.5475063323974609,2,clean,0.0,-1,148,87,CORRECT,0,0,0,0,0,0,0.0,0.0
margin,live-delta,3,0.0,0.271707,0.577329,0.024275,0.972656,0.439064,0.589064,0.032271623611450195,0.8208656311035156,0.7885940074920654,1.3720816373825073,3.9435513019561768,0.4559568762779236,16,2,2,1,2,1,0,0.0,0.5866742730140686,2,clean,0.0,-1,149,88,CORRECT,0,0,0,0,0,0,0.0,0.0
margin,live-delta,3,0.0,0.271707,0.577329,0.024275,0.972656,0.439064,0.589064,0.055301666259765625,0.5719026327133179,0.5166009664535522,1.0985515117645264,2.9998176097869873,0.626548171043396,5,2,2,1,2,1,0,0.0,0.34642860293388367,2,clean,0.0,-1,150,80,CORRECT,0,0,0,0,0,0,0.0,0.0
margin,live-delta,3,0.0,0.271707,0.577329,0.024275,0.972656,0.439064,0.589064,0.16924935579299927,0.6686280965805054,0.4993787407875061,0.38829556107521057,1.4744654893875122,0.9189178347587585,5,2,2,1,2,1,0,0.0,0.5161433815956116,2,clean,0.0,-1,151,82,CORRECT,0,0,0,0,0,0,0.0,0.0
margin,live-delta,3,0.0,0.271707,0.577329,0.024275,0.972656,0.439064,0.589064,0.014408707618713379,0.7415615320205688,0.7271528244018555,2.1189281940460205,8.322213172912598,0.27553868293762207,18,2,2,1,2,1,0,0.0,0.6040228009223938,2,clean,0.0,-1,152,66,CORRECT,0,0,0,0,0,0,0.0,0.0
margin,live-delta,3,0.0,0.271707,0.577329,0.024275,0.972656,0.439064,0.589064,0.010547876358032227,0.8060425519943237,0.7954946756362915,1.3239156007766724,3.758107900619507,0.42233118414878845,16,2,2,1,2,1,0,0.0,0.5476217269897461,2,clean,0.0,-1,153,92,CORRECT,0,0,0,0,0,0,0.0,0.0
margin,live-delta,3,0.0,0.271707,0.577329,0.024275,0.972656,0.439064,0.589064,0.020640254020690918,0.6020315885543823,0.5813913345336914,2.2193665504455566,9.201499938964844,0.24520422518253326,13,2,2,1,2,1,0,0.0,0.42076271772384644,2,clean,0.0,-1,160,94,CORRECT,0,0,0,0,0,0,0.0,0.0
margin,live-delta,3,0.0,0.271707,0.577329,0.024275,0.972656,0.439064,0.589064,0.0004684329032897949,0.558491587638855,0.5580231547355652,2.468005895614624,11.798894882202148,0.15108776092529297,14,2,2,1,2,1,0,0.0,0.3641226291656494,2,clean,0.0,-1,162,94,CORRECT,0,0,0,0,0,0,0.0,0.0
margin,live-delta,3,0.0,0.271707,0.577329,0.024275,0.972656,0.439064,0.589064,0.009126722812652588,0.5600058436393738,0.5508791208267212,1.837072491645813,6.27813196182251,0.299072802066803,8,2,2,1,2,1,0,0.0,0.3933143615722656,2,clean,0.0,-1,164,86,CORRECT,0,0,0,0,0,0,0.0,0.0
margin,live-delta,3,0.0,0.271707,0.577329,0.024275,0.972656,0.439064,0.589064,0.02350926399230957,0.6209155321121216,0.597406268119812,2.3354697227478027,10.33431339263916,0.22745604813098907,14,2,2,1,2,1,0,0.0,0.4534796178340912,2,clean,0.0,-1,166,66,CORRECT,0,0,0,0,0,0,0.0,0.0
margin,live-delta,3,0.0,0.271707,0.577329,0.024275,0.972656,0.439064,0.589064,0.07067340612411499,0.8171741366386414,0.7465007305145264,1.6226474046707153,5.06648588180542,0.5326154232025146,17,2,2,1,2,1,0,0.0,0.6834558248519897,2,clean,0.0,-1,167,94,CORRECT,0,0,0,0,0,0,0.0,0.0
margin,live-delta,3,0.0,0.271707,0.577329,0.024275,0.972656,0.439064,0.589064,0.04554343223571777,0.8218976855278015,0.7763542532920837,1.8764818906784058,6.530489444732666,0.38273027539253235,18,2,2,1,2,1,0,0.0,0.6797922253608704,2,clean,0.0,-1,169,87,CORRECT,0,0,0,0,0,0,0.0,0.0
margin,live-delta,3,0.0,0.271707,0.577329,0.024275,0.972656,0.439064,0.589064,0.055218279361724854,0.4490985870361328,0.39388030767440796,-0.0,1.0,1.0,1,2,2,1,2,1,0,0.0,0.1706991195678711,2,clean,0.0,-1,170,74,CORRECT,0,0,0,0,0,0,0.0,0.0
margin,live-delta,3,0.0,0.271707,0.577329,0.024275,0.972656,0.439064,0.589064,0.03050374984741211,0.7986985445022583,0.7681947946548462,2.0227675437927246,7.559216499328613,0.3476046919822693,18,2,2,1,2,1,0,0.0,0.652678370475769,2,clean,0.0,-1,172,94,CORRECT,0,0,0,0,0,0,0.0,0.0
margin,live-delta,3,0.0,0.271707,0.577329,0.024275,0.972656,0.439064,0.589064,0.022157609462738037,0.6517328023910522,0.6295751929283142,1.8360211849212646,6.271535396575928,0.374071329832077,11,2,2,1,2,1,0,0.0,0.493843138217926,2,clean,0.0,-1,173,79,CORRECT,0,0,0,0,0,0,0.0,0.0
margin,live-delta,3,0.0,0.271707,0.577329,0.024275,0.972656,0.439064,0.589064,0.029355645179748535,0.8051860332489014,0.7758303880691528,1.780912160873413,5.935267925262451,0.37560105323791504,17,2,2,1,2,1,0,0.0,0.5979050397872925,2,clean,0.0,-1,174,88,CORRECT,0,0,0,0,0,0,0.0,0.0
margin,live-delta,3,0.0,0.271707,0.577329,0.024275,0.972656,0.439064,0.589064,0.014246940612792969,0.5697592496871948,0.5555123090744019,2.2537872791290283,9.523736953735352,0.26052936911582947,13,2,2,1,2,1,0,0.0,0.27040910720825195,2,clean,0.0,-1,175,82,CORRECT,0,0,0,0,0,0,0.0,0.0
margin,live-delta,3,0.0,0.271707,0.577329,0.024275,0.972656,0.439064,0.589064,0.014076292514801025,0.726281464099884,0.712205171585083,1.8721051216125488,6.501969337463379,0.28966787457466125,16,2,2,1,2,1,0,0.0,0.535503089427948,2,clean,0.0,-1,176,87,CORRECT,0,0,0,0,0,0,0.0,0.0
margin,live-delta,3,0.0,0.271707,0.577329,0.024275,0.972656,0.439064,0.589064,0.05845820903778076,0.6732896566390991,0.6148314476013184,1.9466885328292847,7.00545072555542,0.41664114594459534,15,2,2,1,2,1,0,0.0,0.47631222009658813,2,clean,0.0,-1,177,66,CORRECT,0,0,0,0,0,0,0.0,0.0
margin,live-delta,3,0.0,0.271707,0.577329,0.024275,0.972656,0.439064,0.589064,0.09708833694458008,0.498207688331604,0.4011193513870239,-0.0,1.0,1.0,1,2,2,1,2,1,0,0.0,0.16100990772247314,2,clean,0.0,-1,178,64,CORRECT,0,0,0,0,0,0,0.0,0.0
margin,live-delta,3,0.0,0.271707,0.577329,0.024275,0.972656,0.439064,0.589064,0.014411091804504395,0.642770528793335,0.6283594369888306,2.2935867309570312,9.910420417785645,0.2121940553188324,17,2,2,1,2,1,0,0.0,0.5257186889648438,2,clean,0.0,-1,179,81,CORRECT,0,0,0,0,0,0,0.0,0.0
margin,live-delta,3,0.0,0.271707,0.577329,0.024275,0.972656,0.439064,0.589064,0.009206622838973999,0.48549434542655945,0.47628772258758545,0.6889269948005676,1.991577386856079,0.5459035038948059,2,2,2,1,2,1,0,0.0,0.08106586337089539,2,clean,0.0,-1,180,88,CORRECT,0,0,0,0,0,0,0.0,0.0
margin,live-delta,3,0.0,0.271707,0.577329,0.024275,0.972656,0.439064,0.589064,0.07042646408081055,0.7437867522239685,0.673360288143158,1.7850247621536255,5.959727764129639,0.4779830276966095,13,2,2,1,2,1,0,0.0,0.6262246966362,2,clean,0.0,-1,182,82,CORRECT,0,0,0,0,0,0,0.0,0.0
margin,live-delta,3,0.0,0.271707,0.577329,0.024275,0.972656,0.439064,0.589064,0.00473785400390625,0.6011457443237305,0.5964078903198242,2.072744846343994,7.946605205535889,0.22993776202201843,12,2,2,1,2,1,0,0.0,0.3789810240268707,2,clean,0.0,-1,183,86,CORRECT,0,0,0,0,0,0,0.0,0.0
margin,live-delta,3,0.0,0.271707,0.577329,0.024275,0.972656,0.439064,0.589064,0.0015205740928649902,0.6854196190834045,0.6838990449905396,2.1933770179748535,8.965438842773438,0.20872709155082703,18,2,2,1,2,1,0,0.0,0.5326675176620483,2,clean,0.0,-1,184,86,CORRECT,0,0,0,0,0,0,0.0,0.0
margin,live-delta,3,0.0,0.271707,0.577329,0.024275,0.972656,0.439064,0.589064,0.032849788665771484,0.6116892099380493,0.5788394212722778,2.093151569366455,8.110435485839844,0.3236585557460785,13,2,2,1,2,1,0,0.0,0.46648189425468445,2,clean,0.0,-1,185,81,CORRECT,0,0,0,0,0,0,0.0,0.0
margin,live-delta,3,0.0,0.271707,0.577329,0.024275,0.972656,0.439064,0.589064,0.009874820709228516,0.8028467893600464,0.7929719686508179,1.5425740480422974,4.676612377166748,0.3523537814617157,16,2,2,1,2,1,0,0.0,0.5988579988479614,2,clean,0.0,-1,186,88,CORRECT,0,0,0,0,0,0,0.0,0.0
margin,live-delta,3,0.0,0.271707,0.577329,0.024275,0.972656,0.439064,0.589064,0.002904832363128662,0.8251573443412781,0.8222525119781494,1.9314234256744385,6.8993239402771,0.2785907983779907,18,2,2,1,2,1,0,0.0,0.7316372394561768,2,clean,0.0,-1,187,66,CORRECT,0,0,0,0,0,0,0.0,0.0
margin,live-delta,3,0.0,0.271707,0.577329,0.024275,0.972656,0.439064,0.589064,0.0050036609172821045,0.47099390625953674,0.46599024534225464,1.0700676441192627,2.915576696395874,0.4062097668647766,3,2,2,1,2,1,0,0.0,0.1328435242176056,2,clean,0.0,-1,188,89,CORRECT,0,0,0,0,0,0,0.0,0.0
margin,live-delta,3,0.0,0.271707,0.577329,0.024275,0.972656,0.439064,0.589064,0.0056299567222595215,0.5357644557952881,0.5301344990730286,1.9224615097045898,6.837769031524658,0.258139431476593,8,2,2,1,2,1,0,0.0,0.26216602325439453,2,clean,0.0,-1,190,67,CORRECT,0,0,0,0,0,0,0.0,0.0
margin,live-delta,3,0.0,0.271707,0.577329,0.024275,0.972656,0.439064,0.589064,0.05560547113418579,0.632349967956543,0.5767444968223572,2.061814069747925,7.860215663909912,0.36354196071624756,13,2,2,1,2,1,0,0.0,0.39755454659461975,2,clean,0.0,-1,191,81,CORRECT,0,0,0,0,0,0,0.0,0.0
margin,live-delta,3,0.0,0.271707,0.577329,0.024275,0.972656,0.439064,0.589064,0.1022566556930542,0.8100323677062988,0.7077757120132446,1.329530954360962,3.7792701721191406,0.6659570336341858,15,3,3,1,3,1,0,0.0,0.6372814774513245,2,clean,0.0,-1,192,110,CORRECT,0,0,0,0,0,0,0.0,0.0
margin,live-delta,3,0.0,0.271707,0.577329,0.024275,0.972656,0.439064,0.589064,0.006317168474197388,0.46576759219169617,0.4594504237174988,0.6911558508872986,1.9960212707519531,0.5315437316894531,2,3,3,1,3,1,0,0.0,0.23192644119262695,2,clean,0.0,-1,193,122,CORRECT,0,0,0,0,0,0,0.0,0.0
margin,live-delta,3,0.0,0.271707,0.577329,0.024275,0.972656,0.439064,0.589064,0.027418076992034912,0.8872389197349548,0.8598208427429199,1.6352026462554932,5.130497455596924,0.4058467745780945,13,3,3,1,3,1,0,0.0,0.7987887859344482,2,clean,0.0,-1,194,97,CORRECT,0,0,0,0,0,0,0.0,0.0
margin,live-delta,3,0.0,0.271707,0.577329,0.024275,0.972656,0.439064,0.589064,0.09606266021728516,0.7679380178451538,0.6718753576278687,1.635295033454895,5.130971431732178,0.5858632326126099,20,3,3,1,3,1,0,0.0,0.467274934053421,2,clean,0.0,-1,195,105,CORRECT,0,0,0,0,0,0,0.0,0.0
margin,live-delta,3,0.0,0.271707,0.577329,0.024275,0.972656,0.439064,0.589064,0.033324480056762695,0.5985491275787354,0.5652246475219727,2.370943307876587,10.707488059997559,0.2544578015804291,16,3,3,1,3,1,0,0.0,0.4936526417732239,2,clean,0.0,-1,196,113,CORRECT,0,0,0,0,0,0,0.0,0.0
margin,live-delta,3,0.0,0.271707,0.577329,0.024275,0.972656,0.439064,0.589064,0.03140676021575928,0.6604886054992676,0.6290818452835083,2.293865442276001,9.913182258605957,0.300283819437027,20,3,3,1,3,1,0,0.0,0.44444766640663147,2,clean,0.0,-1,197,109,CORRECT,0,0,0,0,0,0,0.0,0.0
margin,live-delta,3,0.0,0.271707,0.577329,0.024275,0.972656,0.439064,0.589064,0.02615499496459961,0.46656566858291626,0.44041067361831665,0.6600783467292786,1.9349439144134521,0.6278723478317261,2,3,3,1,3,1,0,0.0,0.18199288845062256,2,clean,0.0,-1,198,104,CORRECT,0,0,0,0,0,0,0.0,0.0
margin,live-delta,3,0.0,0.271707,0.577329,0.024275,0.972656,0.439064,0.589064,0.019829392433166504,0.5268105268478394,0.5069811344146729,0.673866868019104,1.961808681488037,0.597867488861084,2,3,3,1,3,1,0,0.0,0.4132581651210785,2,clean,0.0,-1,199,115,CORRECT,0,0,0,0,0,0,0.0,0.0
margin,live-delta,3,0.0,0.271707,0.577329,0.024275,0.972656,0.439064,0.589064,0.14240378141403198,0.7219078540802002,0.5795040726661682,0.2346271276473999,1.264437198638916,0.9419585466384888,3,3,3,1,3,1,0,0.0,0.6385027766227722,2,clean,0.0,-1,200,115,CORRECT,0,0,0,0,0,0,0.0,0.0
margin,live-delta,3,0.0,0.271707,0.577329,0.024275,0.972656,0.439064,0.589064,0.0062757134437561035,0.8334376215934753,0.8271619081497192,1.3125348091125488,3.7155799865722656,0.35869359970092773,18,3,3,1,3,1,0,0.0,0.7009687423706055,2,clean,0.0,-1,201,118,CORRECT,0,0,0,0,0,0,0.0,0.0
margin,live-delta,3,0.0,0.271707,0.577329,0.024275,0.972656,0.439064,0.589064,0.020821452140808105,0.5942161679267883,0.5733947157859802,1.6025315523147583,4.965587139129639,0.3478326201438904,7,3,3,1,3,1,0,0.0,0.3573760688304901,2,clean,0.0,-1,202,124,CORRECT,0,0,0,0,0,0,0.0,0.0
margin,live-delta,3,0.0,0.271707,0.577329,0.024275,0.972656,0.439064,0.589064,0.08432415127754211,0.5297173261642456,0.4453931748867035,0.4333803057670593,1.542462706565857,0.8437610268592834,2,3,3,1,3,1,0,0.0,0.2651461362838745,2,clean,0.0,-1,203,96,CORRECT,0,0,0,0,0,0,0.0,0.0
margin,live-delta,3,0.0,0.271707,0.577329,0.024275,0.972656,0.439064,0.589064,0.09210005402565002,0.5800983309745789,0.48799827694892883,0.8244100213050842,2.2805349826812744,0.7486775517463684,4,3,3,1,3,1,0,0.0,0.3671265244483948,2,clean,0.0,-1,204,96,CORRECT,0,0,0,0,0,0,0.0,0.0
margin,live-delta,3,0.0,0.271707,0.577329,0.024275,0.972656,0.439064,0.589064,0.09026157855987549,0.7622923851013184,0.6720308065414429,0.9353034496307373,2.5479865074157715,0.7575065493583679,11,3,3,1,3,1,0,0.0,0.5345759987831116,2,clean,0.0,-1,205,124,CORRECT,0,0,0,0,0,0,0.0,0.0
margin,live-delta,3,0.0,0.271707,0.577329,0.024275,0.972656,0.439064,0.589064,0.08902692794799805,0.592893660068512,0.5038667321205139,1.1338024139404297,3.107449769973755,0.6687549948692322,6,3,3,1,3,1,0,0.0,0.4166918396949768,2,clean,0.0,-1,206,113,CORRECT,0,0,0,0,0,0,0.0,0.0
margin,live-delta,3,0.0,0.271707,0.577329,0.024275,0.972656,0.439064,0.589064,0.03632640838623047,0.7532113790512085,0.716884970664978,2.2270796298980713,9.272747039794922,0.25928980112075806,18,3,3,1,3,1,0,0.0,0.5773868560791016,2,clean,0.0,-1,207,126,CORRECT,0,0,0,0,0,0,0.0,0.0
margin,live-delta,3,0.0,0.271707,0.577329,0.024275,0.972656,0.439064,0.589064,0.05994373559951782,0.6874781847000122,0.6275344491004944,1.4573490619659424,4.294559955596924,0.5362496972084045,10,3,3,1,3,1,0,0.0,0.458513468503952,2,clean,0.0,-1,208,124,CORRECT,0,0,0,0,0,0,0.0,0.0
margin,live-delta,3,0.0,0.271707,0.577329,0.024275,0.972656,0.439064,0.589064,0.007803201675415039,0.5509086847305298,0.5431054830551147,0.6901119351387024,1.993938684463501,0.5389370322227478,2,3,3,1,3,1,0,0.0,0.4494723081588745,2,clean,0.0,-1,209,115,CORRECT,0,0,0,0,0,0,0.0,0.0
margin,live-delta,3,0.0,0.271707,0.577329,0.024275,0.972656,0.439064,0.589064,0.01137608289718628,0.682218074798584,0.6708419919013977,1.4856369495391846,4.417778491973877,0.4158100187778473,10,3,3,1,3,1,0,0.0,0.5385146141052246,2,clean,0.0,-1,210,116,CORRECT,0,0,0,0,0,0,0.0,0.0
margin,live-delta,3,0.0,0.271707,0.577329,0.024275,0.972656,0.439064,0.589064,0.02612006664276123,0.7439183592796326,0.7177982926368713,1.2961605787277222,3.655235767364502,0.48552531003952026,15,3,3,1,3,1,0,0.0,0.5797291398048401,2,clean,0.0,-1,211,125,CORRECT,0,0,0,0,0,0,0.0,0.0
margin,live-delta,3,0.0,0.271707,0.577329,0.024275,0.972656,0.439064,0.589064,0.002281785011291504,0.6112834215164185,0.609001636505127,1.5259491205215454,4.599506855010986,0.32277217507362366,6,3,3,1,3,1,0,0.0,0.2935105562210083,2,clean,0.0,-1,212,101,CORRECT,0,0,0,0,0,0,0.0,0.0
margin,live-delta,3,0.0,0.271707,0.577329,0.024275,0.972656,0.439064,0.589064,0.03744769096374512,0.6198829412460327,0.5824352502822876,1.610660433769226,5.0061163902282715,0.39658716320991516,8,3,3,1,3,1,0,0.0,0.3868899941444397,2,clean,0.0,-1,213,125,CORRECT,0,0,0,0,0,0,0.0,0.0
margin,live-delta,3,0.0,0.271707,0.577329,0.024275,0.972656,0.439064,0.589064,0.006246805191040039,0.7604220509529114,0.7541752457618713,2.070779323577881,7.931001663208008,0.24775245785713196,17,3,3,1,3,1,0,0.0,0.6242871284484863,2,clean,0.0,-1,214,97,CORRECT,0,0,0,0,0,0,0.0,0.0
margin,live-delta,3,0.0,0.271707,0.577329,0.024275,0.972656,0.439064,0.589064,0.07016345858573914,0.47933223843574524,0.4091687798500061,-0.0,1.0,1.0,1,3,3,1,3,1,0,0.0,0.16705068945884705,2,clean,0.0,-1,215,123,CORRECT,0,0,0,0,0,0,0.0,0.0
margin,live-delta,3,0.0,0.271707,0.577329,0.024275,0.972656,0.439064,0.589064,0.12951183319091797,0.63904869556427,0.509536862373352,0.2530421316623688,1.2879375219345093,0.9302305579185486,2,3,3,1,3,1,0,0.0,0.33034107089042664,2,clean,0.0,-1,216,122,CORRECT,0,0,0,0,0,0,0.0,0.0
margin,live-delta,3,0.0,0.271707,0.577329,0.024275,0.972656,0.439064,0.589064,0.1960849165916443,0.8942528367042542,0.6981679201126099,0.2806599736213684,1.3240033388137817,0.9504283666610718,13,3,3,1,3,1,0,0.0,0.7961851358413696,2,clean,0.0,-1,217,107,CORRECT,0,0,0,0,0,0,0.0,0.0
margin,live-delta,3,0.0,0.271707,0.577329,0.024275,0.972656,0.439064,0.589064,0.007295757532119751,0.4530926048755646,0.4457968473434448,0.6904928684234619,1.994698405265808,0.5364142060279846,2,3,3,1,3,1,0,0.0,0.17780092358589172,2,clean,0.0,-1,218,114,CORRECT,0,0,0,0,0,0,0.0,0.0
margin,live-delta,3,0.0,0.271707,0.577329,0.024275,0.972656,0.439064,0.589064,0.07128006219863892,0.816789984703064,0.745509922504425,0.672871470451355,1.9598568677902222,0.779811680316925,9,3,3,1,3,1,0,0.0,0.7203499674797058,2,clean,0.0,-1,219,119,CORRECT,0,0,0,0,0,0,0.0,0.0
margin,live-delta,3,0.0,0.271707,0.577329,0.024275,0.972656,0.439064,0.589064,0.042374372482299805,0.5923725366592407,0.5499981641769409,1.6603269577026367,5.261030673980713,0.4123595952987671,8,3,3,1,3,1,0,0.0,0.37080055475234985,2,clean,0.0,-1,220,119,CORRECT,0,0,0,0,0,0,0.0,0.0
margin,live-delta,3,0.0,0.271707,0.577329,0.024275,0.972656,0.439064,0.589064,0.03423511981964111,0.7938240766525269,0.7595889568328857,0.7789266705513,2.1791319847106934,0.6444183588027954,6,3,3,1,3,1,0,0.0,0.6068319082260132,2,clean,0.0,-1,221,121,CORRECT,0,0,0,0,0,0,0.0,0.0
margin,live-delta,3,0.0,0.271707,0.577329,0.024275,0.972656,0.439064,0.589064,0.0373113751411438,0.7181012034416199,0.6807898283004761,1.348701000213623,3.8524179458618164,0.4989735782146454,10,3,3,1,3,1,0,0.0,0.44699907302856445,2,clean,0.0,-1,222,103,CORRECT,0,0,0,0,0,0,0.0,0.0
margin,live-delta,3,0.0,0.271707,0.577329,0.024275,0.972656,0.439064,0.589064,0.009178757667541504,0.5874730348587036,0.5782942771911621,1.794343113899231,6.015522003173828,0.33089911937713623,9,3,3,1,3,1,0,0.0,0.41115981340408325,2,clean,0.0,-1,223,114,CORRECT,0,0,0,0,0,0,0.0,0.0
margin,live-delta,3,0.0,0.271707,0.577329,0.024275,0.972656,0.439064,0.589064,0.0036386847496032715,0.8077525496482849,0.8041138648986816,0.7877927422523499,2.198538303375244,0.5091709494590759,7,3,3,1,3,1,0,0.0,0.693606436252594,2,clean,0.0,-1,224,121,CORRECT,0,0,0,0,0,0,0.0,0.0
margin,live-delta,3,0.0,0.271707,0.577329,0.024275,0.972656,0.439064,0.589064,0.03262263536453247,0.6887332797050476,0.6561106443405151,1.4753340482711792,4.372496128082275,0.4493337869644165,9,3,3,1,3,1,0,0.0,0.5997492671012878,2,clean,0.0,-1,225,116,CORRECT,0,0,0,0,0,0,0.0,0.0
margin,live-delta,3,0.0,0.271707,0.577329,0.024275,0.972656,0.439064,0.589064,0.02645939588546753,0.571704626083374,0.5452452301979065,0.6593304872512817,1.933497428894043,0.6292937397956848,2,3,3,1,3,1,0,0.0,0.3278559744358063,2,clean,0.0,-1,226,120,CORRECT,0,0,0,0,0,0,0.0,0.0
margin,live-delta,3,0.0,0.271707,0.577329,0.024275,0.972656,0.439064,0.589064,0.2306826114654541,0.9411556720733643,0.7104730606079102,0.226749986410141,1.2545162439346313,0.9641211628913879,17,3,3,1,3,1,0,0.0,0.8242925405502319,2,clean,0.0,-1,227,107,CORRECT,0,0,0,0,0,0,0.0,0.0
margin,live-delta,3,0.0,0.271707,0.577329,0.024275,0.972656,0.439064,0.589064,0.010918140411376953,0.5363830327987671,0.5254648923873901,1.420082926750183,4.137463569641113,0.36637499928474426,5,3,3,1,3,1,0,0.0,0.4173053503036499,2,clean,0.0,-1,228,107,CORRECT,0,0,0,0,0,0,0.0,0.0
margin,live-delta,3,0.0,0.271707,0.577329,0.024275,0.972656,0.439064,0.589064,0.021424829959869385,0.8018848896026611,0.7804600596427917,0.6966444253921509,2.0070066452026367,0.6030893325805664,4,3,3,1,3,1,0,0.0,0.6869179010391235,2,clean,0.0,-1,229,120,CORRECT,0,0,0,0,0,0,0.0,0.0
margin,live-delta,3,0.0,0.271707,0.577329,0.024275,0.972656,0.439064,0.589064,0.05081146955490112,0.7853767275810242,0.734565258026123,1.824318766593933,6.198570728302002,0.42657700181007385,15,3,3,1,3,1,0,0.0,0.6753167510032654,2,clean,0.0,-1,230,107,CORRECT,0,0,0,0,0,0,0.0,0.0
margin,live-delta,3,0.0,0.271707,0.577329,0.024275,0.972656,0.439064,0.589064,0.029012084007263184,0.8678466081619263,0.8388345241546631,1.864013910293579,6.449573040008545,0.3899986743927002,19,3,3,1,3,1,0,0.0,0.7405789494514465,2,clean,0.0,-1,231,126,CORRECT,0,0,0,0,0,0,0.0,0.0
margin,live-delta,3,0.0,0.271707,0.577329,0.024275,0.972656,0.439064,0.589064,0.01940310001373291,0.762601375579834,0.7431982755661011,1.3645538091659546,3.9139761924743652,0.4957890510559082,15,3,3,1,3,1,0,0.0,0.5297636985778809,2,clean,0.0,-1,232,105,CORRECT,0,0,0,0,0,0,0.0,0.0
margin,live-delta,3,0.0,0.271707,0.577329,0.024275,0.972656,0.439064,0.589064,0.03478437662124634,0.8089582920074463,0.7741739153862,1.1060642004013062,3.0224392414093018,0.5676912069320679,16,3,3,1,3,1,0,0.0,0.6849418878555298,2,clean,0.0,-1,233,113,CORRECT,0,0,0,0,0,0,0.0,0.0
margin,live-delta,3,0.0,0.271707,0.577329,0.024275,0.972656,0.439064,0.589064,0.15234535932540894,0.982479989528656,0.8301346302032471,0.30193987488746643,1.3524799346923828,0.934414803981781,18,3,3,1,3,1,0,0.0,0.8673667907714844,2,clean,0.0,-1,234,118,CORRECT,0,0,0,0,0,0,0.0,0.0
margin,live-delta,3,0.0,0.271707,0.577329,0.024275,0.972656,0.439064,0.589064,0.0017946958541870117,0.6616439819335938,0.6598492860794067,1.186095118522644,3.274270534515381,0.4303274154663086,7,3,3,1,3,1,0,0.0,0.526913583278656,2,clean,0.0,-1,235,106,CORRECT,0,0,0,0,0,0,0.0,0.0
margin,live-delta,3,0.0,0.271707,0.577329,0.024275,0.972656,0.439064,0.589064,0.010278284549713135,0.8556346297264099,0.8453563451766968,1.499734878540039,4.480501174926758,0.41308557987213135,15,3,3,1,3,1,0,0.0,0.6597282290458679,2,clean,0.0,-1,236,117,CORRECT,0,0,0,0,0,0,0.0,0.0
margin,live-delta,3,0.0,0.271707,0.577329,0.024275,0.972656,0.439064,0.589064,0.0014490485191345215,0.5788602828979492,0.5774112343788147,2.1078085899353027,8.230185508728027,0.20069342851638794,11,3,3,1,3,1,0,0.0,0.32548508048057556,2,clean,0.0,-1,237,103,CORRECT,0,0,0,0,0,0,0.0,0.0
margin,live-delta,3,0.0,0.271707,0.577329,0.024275,0.972656,0.439064,0.589064,0.05839550495147705,0.5697363018989563,0.5113407969474792,1.1548430919647217,3.173525333404541,0.6056205630302429,5,3,3,1,3,1,0,0.0,0.34055691957473755,2,clean,0.0,-1,239,116,CORRECT,0,0,0,0,0,0,0.0,0.0
margin,live-delta,3,0.0,0.271707,0.577329,0.024275,0.972656,0.439064,0.589064,0.00034350156784057617,0.8128784894943237,0.8125349879264832,1.4598190784454346,4.305180549621582,0.3990626335144043,15,3,3,1,3,1,0,0.0,0.6722614765167236,2,clean,0.0,-1,240,97,CORRECT,0,0,0,0,0,0,0.0,0.0
margin,live-delta,3,0.0,0.271707,0.577329,0.024275,0.972656,0.439064,0.589064,0.0093231201171875,0.756900429725647,0.7475773096084595,1.9889204502105713,7.307640552520752,0.2403310090303421,16,3,3,1,3,1,0,0.0,0.6455607414245605,2,clean,0.0,-1,241,97,CORRECT,0,0,0,0,0,0,0.0,0.0
margin,live-delta,3,0.0,0.271707,0.577329,0.024275,0.972656,0.439064,0.589064,0.019156038761138916,0.6394824981689453,0.6203264594078064,0.6751307249069214,1.9642897844314575,0.5946255326271057,2,3,3,1,3,1,0,0.0,0.531365692615509,2,clean,0.0,-1,242,115,CORRECT,0,0,0,0,0,0,0.0,0.0
margin,live-delta,3,0.0,0.271707,0.577329,0.024275,0.972656,0.439064,0.589064,0.0470123291015625,0.6217077970504761,0.5746954679489136,1.3996777534484863,4.053893566131592,0.5148141384124756,6,3,3,1,3,1,0,0.0,0.2859410345554352,2,clean,0.0,-1,243,124,CORRECT,0,0,0,0,0,0,0.0,0.0
margin,live-delta,3,0.0,0.271707,0.577329,0.024275,0.972656,0.439064,0.589064,0.0506209135055542,0.735724687576294,0.6851037740707397,1.2392916679382324,3.4531667232513428,0.5511974692344666,8,3,3,1,3,1,0,0.0,0.6164519786834717,2,clean,0.0,-1,244,119,CORRECT,0,0,0,0,0,0,0.0,0.0
margin,live-delta,3,0.0,0.271707,0.577329,0.024275,0.972656,0.439064,0.589064,0.01857537031173706,0.7805618047714233,0.7619864344596863,1.6965545415878296,5.455119609832764,0.36871206760406494,20,3,3,1,3,1,0,0.0,0.6571207046508789,2,clean,0.0,-1,245,125,CORRECT,0,0,0,0,0,0,0.0,0.0
margin,live-delta,3,0.0,0.271707,0.577329,0.024275,0.972656,0.439064,0.589064,0.009640216827392578,0.5784683227539062,0.5688281059265137,2.221360445022583,9.219865798950195,0.213002011179924,13,3,3,1,3,1,0,0.0,0.39385986328125,2,clean,0.0,-1,246,110,CORRECT,0,0,0,0,0,0,0.0,0.0
margin,live-delta,3,0.0,0.271707,0.577329,0.024275,0.972656,0.439064,0.589064,0.09101557731628418,0.7862826585769653,0.6952670812606812,1.0541155338287354,2.869436025619507,0.7270598411560059,14,3,3,1,3,1,0,0.0,0.5251450538635254,2,clean,0.0,-1,247,120,CORRECT,0,0,0,0,0,0,0.0,0.0
margin,live-delta,3,0.0,0.271707,0.577329,0.024275,0.972656,0.439064,0.589064,0.035696208477020264,0.6193225383758545,0.5836263298988342,1.9352675676345825,6.925897121429443,0.36184149980545044,11,3,3,1,3,1,0,0.0,0.527028501033783,2,clean,0.0,-1,249,107,CORRECT,0,0,0,0,0,0,0.0,0.0
margin,live-delta,3,0.0,0.271707,0.577329,0.024275,0.972656,0.439064,0.589064,0.006960093975067139,0.615280270576477,0.6083201766014099,2.066415309906006,7.89646577835083,0.26621192693710327,13,3,3,1,3,1,0,0.0,0.5127503275871277,2,clean,0.0,-1,250,115,CORRECT,0,0,0,0,0,0,0.0,0.0
margin,live-delta,3,0.0,0.271707,0.577329,0.024275,0.972656,0.439064,0.589064,0.004858970642089844,0.7133948802947998,0.70853590965271,1.7207775115966797,5.588871955871582,0.32791778445243835,19,3,3,1,3,1,0,0.0,0.5565115809440613,2,clean,0.0,-1,251,107,CORRECT,0,0,0,0,0,0,0.0,0.0
margin,live-delta,3,0.0,0.271707,0.577329,0.024275,0.972656,0.439064,0.589064,0.030346155166625977,0.7366904020309448,0.7063442468643188,1.7606197595596313,5.816040992736816,0.3635081648826599,10,3,3,1,3,1,0,0.0,0.49711012840270996,2,clean,0.0,-1,252,117,CORRECT,0,0,0,0,0,0,0.0,0.0
margin,live-delta,3,0.0,0.271707,0.577329,0.024275,0.972656,0.439064,0.589064,0.034451961517333984,0.7492276430130005,0.7147756814956665,1.6915348768234253,5.427805423736572,0.4406343996524811,12,3,3,1,3,1,0,0.0,0.531527578830719,2,clean,0.0,-1,253,119,CORRECT,0,0,0,0,0,0,0.0,0.0
margin,live-delta,3,0.0,0.271707,0.577329,0.024275,0.972656,0.439064,0.589064,0.03389662504196167,0.46462684869766235,0.4307302236557007,-0.0,1.0,1.0,1,3,3,1,3,1,0,0.0,0.348505437374115,2,clean,0.0,-1,254,116,CORRECT,0,0,0,0,0,0,0.0,0.0
margin,live-delta,3,0.0,0.271707,0.577329,0.024275,0.972656,0.439064,0.589064,0.01337289810180664,0.6233410835266113,0.6099681854248047,2.3906116485595703,10.920170783996582,0.222396120429039,16,3,3,1,3,1,0,0.0,0.44635075330734253,2,clean,0.0,-1,255,100,CORRECT,0,0,0,0,0,0,0.0,0.0
margin,live-delta,4,0.0,0.271707,0.577329,0.024275,0.972656,0.439064,0.589064,0.03762426972389221,0.5110138058662415,0.47338953614234924,1.3084306716918945,3.700361967086792,0.4304646849632263,4,0,0,1,0,1,0,0.0,0.09347984194755554,2,clean,0.0,-1,0,28,CORRECT,0,0,0,0,0,0,0.0,0.0
margin,live-delta,4,0.0,0.271707,0.577329,0.024275,0.972656,0.439064,0.589064,0.15752142667770386,0.5575714111328125,0.40004998445510864,-0.0,1.0,1.0,1,0,0,1,0,1,0,0.0,0.2904238998889923,2,clean,0.0,-1,1,3,CORRECT,0,0,0,0,0,0,0.0,0.0
margin,live-delta,4,0.0,0.271707,0.577329,0.024275,0.972656,0.439064,0.589064,0.09297966957092285,0.6945255994796753,0.6015459299087524,1.0659769773483276,2.903674364089966,0.7134841084480286,8,0,0,1,0,1,1,0.14056897163391113,0.1141963005065918,2,clean,0.0,-1,2,14,CORRECT,0,0,0,0,0,0,0.0,0.0
margin,live-delta,4,0.0,0.271707,0.577329,0.024275,0.972656,0.439064,0.589064,0.059886783361434937,0.48569563031196594,0.425808846950531,-0.0,1.0,1.0,1,0,1,0,1,0,1,1.0,-0.17318376898765564,0,clean,0.0,-1,5,49,BLENDED,0,0,0,0,0,0,0.0,0.0
margin,live-delta,4,0.0,0.271707,0.577329,0.024275,0.972656,0.439064,0.589064,0.023535043001174927,0.47608861327171326,0.45255357027053833,1.070020318031311,2.915438652038574,0.44852760434150696,3,0,0,1,0,1,0,0.0,0.14675000309944153,2,clean,0.0,-1,9,13,CORRECT,0,0,0,0,0,0,0.0,0.0
margin,live-delta,4,0.0,0.271707,0.577329,0.024275,0.972656,0.439064,0.589064,0.014633804559707642,0.4974060356616974,0.48277223110198975,1.0649480819702148,2.900688409805298,0.44082605838775635,3,0,0,1,0,1,0,0.0,0.09648242592811584,2,clean,0.0,-1,10,17,CORRECT,0,0,0,0,0,0,0.0,0.0
margin,live-delta,4,0.0,0.271707,0.577329,0.024275,0.972656,0.439064,0.589064,0.08684149384498596,0.5661791563034058,0.4793376624584198,0.4222162961959839,1.5253384113311768,0.8502839207649231,2,0,0,1,0,1,0,0.0,0.3185681104660034,2,clean,0.0,-1,13,3,CORRECT,0,0,0,0,0,0,0.0,0.0
margin,live-delta,4,0.0,0.271707,0.577329,0.024275,0.972656,0.439064,0.589064,0.08117860555648804,0.4752614498138428,0.39408284425735474,-0.0,1.0,1.0,1,0,0,1,0,1,0,0.0,0.10955226421356201,2,clean,0.0,-1,14,3,CORRECT,0,0,0,0,0,0,0.0,0.0
margin,live-delta,4,0.0,0.271707,0.577329,0.024275,0.972656,0.439064,0.589064,0.06355580687522888,0.44446679949760437,0.3809109926223755,-0.0,1.0,1.0,1,0,0,1,0,1,0,0.0,0.09106484055519104,2,clean,0.0,-1,19,18,CORRECT,0,0,0,0,0,0,0.0,0.0
margin,live-delta,4,0.0,0.271707,0.577329,0.024275,0.972656,0.439064,0.589064,0.0298537015914917,0.4545491635799408,0.4246954619884491,-0.0,1.0,1.0,1,0,0,1,0,1,0,0.0,0.03719410300254822,1,clean,0.0,-1,21,28,CORRECT,0,0,0,0,0,0,0.0,0.0
margin,live-delta,4,0.0,0.271707,0.577329,0.024275,0.972656,0.439064,0.589064,0.0817604660987854,0.5454531908035278,0.46369272470474243,0.44480425119400024,1.5601847171783447,0.8368819952011108,2,0,0,1,0,1,0,0.0,0.1577472686767578,2,clean,0.0,-1,22,12,CORRECT,0,0,0,0,0,0,0.0,0.0
margin,live-delta,4,0.0,0.271707,0.577329,0.024275,0.972656,0.439064,0.589064,0.2307952344417572,0.45714232325553894,0.22634708881378174,-0.0,1.0,1.0,1,0,0,1,0,1,0,0.0,0.27203503251075745,2,clean,0.0,-1,23,9,CORRECT,0,0,0,0,0,0,0.0,0.0
margin,live-delta,4,0.0,0.271707,0.577329,0.024275,0.972656,0.439064,0.589064,0.08825361728668213,0.4393737316131592,0.35112011432647705,-0.0,1.0,1.0,1,0,1,0,1,0,1,1.0,-0.08825361728668213,0,clean,0.0,-1,24,58,BLENDED,0,0,0,0,0,0,0.0,0.0
margin,live-delta,4,0.0,0.271707,0.577329,0.024275,0.972656,0.439064,0.589064,0.018287837505340576,0.4404931664466858,0.4222053289413452,-0.0,1.0,1.0,1,0,0,1,0,1,0,0.0,0.11889442801475525,2,clean,0.0,-1,28,21,CORRECT,0,0,0,0,0,0,0.0,0.0
margin,live-delta,4,0.0,0.271707,0.577329,0.024275,0.972656,0.439064,0.589064,0.20138755440711975,0.5386088490486145,0.33722129464149475,-0.0,1.0,1.0,1,0,0,1,0,1,0,0.0,0.21796667575836182,2,clean,0.0,-1,29,30,CORRECT,0,0,0,0,0,0,0.0,0.0
margin,live-delta,4,0.0,0.271707,0.577329,0.024275,0.972656,0.439064,0.589064,0.001230776309967041,0.5109431743621826,0.5097123980522156,1.0983421802520752,2.999189853668213,0.3424144387245178,3,0,0,1,0,1,0,0.0,0.15158623456954956,2,clean,0.0,-1,30,27,CORRECT,0,0,0,0,0,0,0.0,0.0
margin,live-delta,4,0.0,0.271707,0.577329,0.024275,0.972656,0.439064,0.589064,0.05672097206115723,0.527478814125061,0.4707578420639038,0.9242557883262634,2.5199921131134033,0.6221434473991394,3,0,0,1,0,1,0,0.0,0.20573222637176514,2,clean,0.0,-1,31,21,CORRECT,0,0,0,0,0,0,0.0,0.0
margin,live-delta,4,0.0,0.271707,0.577329,0.024275,0.972656,0.439064,0.589064,0.06267088651657104,0.5771849155426025,0.5145140290260315,0.529564380645752,1.6981923580169678,0.7778909802436829,2,0,0,1,0,1,0,0.0,0.20687836408615112,2,clean,0.0,-1,32,21,CORRECT,0,0,0,0,0,0,0.0,0.0
margin,live-delta,4,0.0,0.271707,0.577329,0.024275,0.972656,0.439064,0.589064,0.06853950023651123,0.5272687673568726,0.45872926712036133,0.836567223072052,2.308429002761841,0.686884343624115,3,0,0,1,0,1,1,0.1744043529033661,0.06853950023651123,2,clean,0.0,-1,33,22,CORRECT,0,0,0,0,0,0,0.0,0.0
margin,live-delta,4,0.0,0.271707,0.577329,0.024275,0.972656,0.439064,0.589064,0.10985952615737915,0.44487905502319336,0.3350195288658142,-0.0,1.0,1.0,1,0,1,0,1,0,1,1.0,-0.10985952615737915,0,clean,0.0,-1,34,38,BLENDED,0,0,0,0,0,0,0.0,0.0
margin,live-delta,4,0.0,0.271707,0.577329,0.024275,0.972656,0.439064,0.589064,0.003992140293121338,0.46688970923423767,0.46289756894111633,1.5929940938949585,4.918453216552734,0.250478059053421,5,0,0,1,0,1,0,0.0,0.1551005244255066,2,clean,0.0,-1,36,31,CORRECT,0,0,0,0,0,0,0.0,0.0
margin,live-delta,4,0.0,0.271707,0.577329,0.024275,0.972656,0.439064,0.589064,0.042268991470336914,0.5554631948471069,0.51319420337677,1.7381713390350342,5.686934471130371,0.40361955761909485,8,0,0,1,0,1,1,0.2553464472293854,0.04853558540344238,1,clean,0.0,-1,37,14,CORRECT,0,0,0,0,0,0,0.0,0.0
margin,live-delta,4,0.0,0.271707,0.577329,0.024275,0.972656,0.439064,0.589064,0.030288755893707275,0.4567822813987732,0.4264935255050659,-0.0,1.0,1.0,1,0,0,1,0,1,0,0.0,0.10791254043579102,2,clean,0.0,-1,42,6,CORRECT,0,0,0,0,0,0,0.0,0.0
margin,live-delta,4,0.0,0.271707,0.577329,0.024275,0.972656,0.439064,0.589064,0.0289628803730011,0.45749402046203613,0.42853114008903503,-0.0,1.0,1.0,1,0,0,1,0,1,0,0.0,0.062056660652160645,2,clean,0.0,-1,43,31,CORRECT,0,0,0,0,0,0,0.0,0.0
margin,live-delta,4,0.0,0.271707,0.577329,0.024275,0.972656,0.439064,0.589064,0.004916787147521973,0.5519967079162598,0.5470799207687378,1.4430346488952637,4.233523845672607,0.3498474955558777,5,0,0,1,0,1,0,0.0,0.17608129978179932,2,clean,0.0,-1,45,5,CORRECT,0,0,0,0,0,0,0.0,0.0
margin,live-delta,4,0.0,0.271707,0.577329,0.024275,0.972656,0.439064,0.589064,0.00018841028213500977,0.47927355766296387,0.47908514738082886,0.6931453943252563,1.9999964237213135,0.5009419918060303,2,0,0,1,0,1,0,0.0,0.21689152717590332,2,clean,0.0,-1,48,18,CORRECT,0,0,0,0,0,0,0.0,0.0
margin,live-delta,4,0.0,0.271707,0.577329,0.024275,0.972656,0.439064,0.589064,0.13420286774635315,0.47192445397377014,0.337721586227417,-0.0,1.0,1.0,1,0,0,1,0,1,0,0.0,0.2240210920572281,2,clean,0.0,-1,49,18,CORRECT,0,0,0,0,0,0,0.0,0.0
margin,live-delta,4,0.0,0.271707,0.577329,0.024275,0.972656,0.439064,0.589064,0.019812464714050293,0.6749056577682495,0.6550931930541992,1.320310115814209,3.744582414627075,0.41643911600112915,7,0,0,1,0,1,0,0.0,0.2516825497150421,2,clean,0.0,-1,51,27,CORRECT,0,0,0,0,0,0,0.0,0.0
margin,live-delta,4,0.0,0.271707,0.577329,0.024275,0.972656,0.439064,0.589064,0.08814448118209839,0.606589138507843,0.5184446573257446,0.6165233850479126,1.8524764776229858,0.8030567765235901,3,0,0,1,0,1,0,0.0,0.3156187832355499,2,clean,0.0,-1,53,3,CORRECT,0,0,0,0,0,0,0.0,0.0
margin,live-delta,4,0.0,0.271707,0.577329,0.024275,0.972656,0.439064,0.589064,0.008193910121917725,0.5111909508705139,0.5029970407485962,1.2397409677505493,3.454718589782715,0.40997156500816345,4,0,0,1,0,1,0,0.0,0.09483623504638672,2,clean,0.0,-1,55,26,CORRECT,0,0,0,0,0,0,0.0,0.0
margin,live-delta,4,0.0,0.271707,0.577329,0.024275,0.972656,0.439064,0.589064,0.010157376527786255,0.4902037978172302,0.48004642128944397,1.5845460891723633,4.877077102661133,0.2621338367462158,5,0,0,1,0,1,1,0.12637773156166077,0.03647899627685547,1,clean,0.0,-1,56,27,CORRECT,0,0,0,0,0,0,0.0,0.0
margin,live-delta,4,0.0,0.271707,0.577329,0.024275,0.972656,0.439064,0.589064,0.06739246845245361,0.5771557092666626,0.509763240814209,1.3502264022827148,3.8582990169525146,0.5552761554718018,6,0,0,1,0,1,0,0.05098020285367966,0.11940142512321472,2,clean,0.0,-1,58,28,CORRECT,0,0,0,0,0,0,0.0,0.0
margin,live-delta,4,0.0,0.271707,0.577329,0.024275,0.972656,0.439064,0.589064,0.025899112224578857,0.6490280032157898,0.6231288909912109,1.4651652574539185,4.328258514404297,0.3999028503894806,6,0,0,1,0,1,0,0.0138956094160676,0.16798242926597595,2,clean,0.0,-1,59,25,CORRECT,0,0,0,0,0,0,0.0,0.0
margin,live-delta,4,0.0,0.271707,0.577329,0.024275,0.972656,0.439064,0.589064,0.06994545459747314,0.6491247415542603,0.5791792869567871,0.9464529752731323,2.576554298400879,0.6593641638755798,4,0,0,1,0,1,0,0.0,0.3308027386665344,2,clean,0.0,-1,62,25,CORRECT,0,0,0,0,0,0,0.0,0.0
margin,live-delta,4,0.0,0.271707,0.577329,0.024275,0.972656,0.439064,0.589064,0.01966238021850586,0.5686567425727844,0.5489943623542786,2.3414812088012695,10.396624565124512,0.19699007272720337,13,1,1,1,1,1,0,0.0,0.2685515880584717,2,clean,0.0,-1,64,55,CORRECT,0,0,0,0,0,0,0.0,0.0
margin,live-delta,4,0.0,0.271707,0.577329,0.024275,0.972656,0.439064,0.589064,0.024967968463897705,0.6106247305870056,0.5856567621231079,1.9094914197921753,6.749655246734619,0.31075409054756165,12,1,1,1,1,1,0,0.0,0.3402480483055115,2,clean,0.0,-1,65,37,CORRECT,0,0,0,0,0,0,0.0,0.0
margin,live-delta,4,0.0,0.271707,0.577329,0.024275,0.972656,0.439064,0.589064,0.05212599039077759,0.7629485726356506,0.710822582244873,1.4158259630203247,4.119887828826904,0.5562195777893066,16,1,1,1,1,1,0,0.0050707594491541386,0.2588147521018982,2,clean,0.0,-1,66,54,CORRECT,0,0,0,0,0,0,0.0,0.0
margin,live-delta,4,0.0,0.271707,0.577329,0.024275,0.972656,0.439064,0.589064,0.06852149963378906,0.7129783630371094,0.6444568634033203,1.7361316680908203,5.675346851348877,0.5102615356445312,17,1,1,1,1,1,0,0.0038727500941604376,0.24404793977737427,2,clean,0.0,-1,67,39,CORRECT,0,0,0,0,0,0,0.0,0.0
margin,live-delta,4,0.0,0.271707,0.577329,0.024275,0.972656,0.439064,0.589064,0.08516144752502441,0.7080281972885132,0.6228667497634888,1.44516122341156,4.2425360679626465,0.6203391551971436,15,1,1,1,1,1,0,0.003960753791034222,0.2526915967464447,2,clean,0.0,-1,68,54,CORRECT,0,0,0,0,0,0,0.0,0.0
margin,live-delta,4,0.0,0.271707,0.577329,0.024275,0.972656,0.439064,0.589064,0.04955393075942993,0.7288384437561035,0.6792845129966736,1.4435832500457764,4.235846996307373,0.514823317527771,11,1,1,1,1,1,0,0.001579965348355472,0.28932103514671326,2,clean,0.0,-1,69,55,CORRECT,0,0,0,0,0,0,0.0,0.0
margin,live-delta,4,0.0,0.271707,0.577329,0.024275,0.972656,0.439064,0.589064,0.014178097248077393,0.6187683939933777,0.6045902967453003,1.2818435430526733,3.603276491165161,0.4797991216182709,8,1,1,1,1,1,1,0.4353707432746887,0.014178097248077393,0,clean,0.0,-1,70,32,CORRECT,0,0,0,0,0,0,0.0,0.0
margin,live-delta,4,0.0,0.271707,0.577329,0.024275,0.972656,0.439064,0.589064,0.03313928842544556,0.5181591510772705,0.48501986265182495,0.6411111950874329,1.8985893726348877,0.659885823726654,2,1,1,1,1,1,0,0.0,0.1789383888244629,2,clean,0.0,-1,71,52,CORRECT,0,0,0,0,0,0,0.0,0.0
margin,live-delta,4,0.0,0.271707,0.577329,0.024275,0.972656,0.439064,0.589064,0.0879206657409668,0.5985121130943298,0.510591447353363,0.5796738862991333,1.7854560613632202,0.8154345154762268,3,1,1,1,1,1,0,0.0,0.19561368227005005,2,clean,0.0,-1,72,58,CORRECT,0,0,0,0,0,0,0.0,0.0
margin,live-delta,4,0.0,0.271707,0.577329,0.024275,0.972656,0.439064,0.589064,0.004833340644836426,0.6409604549407959,0.6361271142959595,1.7804850339889526,5.932733535766602,0.3165929615497589,11,1,1,1,1,1,0,0.0,0.31000831723213196,2,clean,0.0,-1,73,45,CORRECT,0,0,0,0,0,0,0.0,0.0
margin,live-delta,4,0.0,0.271707,0.577329,0.024275,0.972656,0.439064,0.589064,0.03012096881866455,0.551203727722168,0.5210827589035034,2.1479737758636475,8.56748104095459,0.28264811635017395,11,1,1,1,1,1,0,0.0,0.17551171779632568,2,clean,0.0,-1,74,50,CORRECT,0,0,0,0,0,0,0.0,0.0
margin,live-delta,4,0.0,0.271707,0.577329,0.024275,0.972656,0.439064,0.589064,0.005219697952270508,0.49835360050201416,0.49313390254974365,1.512419581413269,4.537696838378906,0.3093273341655731,5,1,1,1,1,1,0,0.0,0.15347930788993835,2,clean,0.0,-1,75,39,CORRECT,0,0,0,0,0,0,0.0,0.0
margin,live-delta,4,0.0,0.271707,0.577329,0.024275,0.972656,0.439064,0.589064,0.2984471321105957,0.7332471609115601,0.43480002880096436,-0.0,1.0,1.0,1,1,1,1,1,1,0,0.0,0.2984471321105957,2,clean,0.0,-1,76,38,CORRECT,0,0,0,0,0,0,0.0,0.0
margin,live-delta,4,0.0,0.271707,0.577329,0.024275,0.972656,0.439064,0.589064,0.11552649736404419,0.5862758159637451,0.4707493185997009,0.30312657356262207,1.3540858030319214,0.9097453355789185,2,1,1,1,1,1,0,0.0,0.14756673574447632,2,clean,0.0,-1,77,58,CORRECT,0,0,0,0,0,0,0.0,0.0
margin,live-delta,4,0.0,0.271707,0.577329,0.024275,0.972656,0.439064,0.589064,0.05276894569396973,0.5781490802764893,0.5253801345825195,1.8377052545547485,6.282105922698975,0.4033111035823822,9,1,1,1,1,1,0,0.06803681701421738,0.08898293972015381,2,clean,0.0,-1,78,44,CORRECT,0,0,0,0,0,0,0.0,0.0
margin,live-delta,4,0.0,0.271707,0.577329,0.024275,0.972656,0.439064,0.589064,0.14612972736358643,0.6591064929962158,0.5129767656326294,0.20158909261226654,1.2233452796936035,0.9489521384239197,2,1,1,1,1,1,0,0.0,0.330605149269104,2,clean,0.0,-1,80,48,CORRECT,0,0,0,0,0,0,0.0,0.0
margin,live-delta,4,0.0,0.271707,0.577329,0.024275,0.972656,0.439064,0.589064,0.016943812370300293,0.5699619054794312,0.5530180931091309,1.3377693891525269,3.8105342388153076,0.46108105778694153,6,1,1,1,1,1,0,0.0,0.24595826864242554,2,clean,0.0,-1,81,50,CORRECT,0,0,0,0,0,0,0.0,0.0
margin,live-delta,4,0.0,0.271707,0.577329,0.024275,0.972656,0.439064,0.589064,0.026044607162475586,0.7519335150718689,0.7258889079093933,1.5296614170074463,4.616613388061523,0.4416230618953705,13,1,1,1,1,1,0,0.0,0.4864329695701599,2,clean,0.0,-1,82,51,CORRECT,0,0,0,0,0,0,0.0,0.0
margin,live-delta,4,0.0,0.271707,0.577329,0.024275,0.972656,0.439064,0.589064,0.047495365142822266,0.6791089773178101,0.6316136121749878,1.3715834617614746,3.941587209701538,0.5729954838752747,11,1,1,1,1,1,0,0.0,0.3359265923500061,2,clean,0.0,-1,83,44,CORRECT,0,0,0,0,0,0,0.0,0.0
margin,live-delta,4,0.0,0.271707,0.577329,0.024275,0.972656,0.439064,0.589064,0.03799247741699219,0.7384377717971802,0.700445294380188,0.7970215678215027,2.2189221382141113,0.6581733822822571,7,1,1,1,1,1,0,0.0,0.348906934261322,2,clean,0.0,-1,84,41,CORRECT,0,0,0,0,0,0,0.0,0.0
margin,live-delta,4,0.0,0.271707,0.577329,0.024275,0.972656,0.439064,0.589064,0.0889737606048584,0.6956807374954224,0.606706976890564,1.406815767288208,4.0829339027404785,0.6207090616226196,13,1,1,1,1,1,0,0.0,0.38515859842300415,2,clean,0.0,-1,85,43,CORRECT,0,0,0,0,0,0,0.0,0.0
margin,live-delta,4,0.0,0.271707,0.577329,0.024275,0.972656,0.439064,0.589064,0.045197486877441406,0.7701441049575806,0.7249466180801392,1.4363933801651,4.205500602722168,0.5489729642868042,15,1,1,1,1,1,0,0.0,0.4686961770057678,2,clean,0.0,-1,86,51,CORRECT,0,0,0,0,0,0,0.0,0.0
margin,live-delta,4,0.0,0.271707,0.577329,0.024275,0.972656,0.439064,0.589064,0.011904120445251465,0.6797964572906494,0.667892336845398,1.5979340076446533,4.94281005859375,0.31458958983421326,9,1,1,1,1,1,0,0.0,0.41648101806640625,2,clean,0.0,-1,87,33,CORRECT,0,0,0,0,0,0,0.0,0.0
margin,live-delta,4,0.0,0.271707,0.577329,0.024275,0.972656,0.439064,0.589064,0.09143966436386108,0.5780873894691467,0.48664772510528564,0.8159888982772827,2.26141095161438,0.7532624006271362,4,1,1,1,1,1,0,0.05544177070260048,0.13045400381088257,2,clean,0.0,-1,88,47,CORRECT,0,0,0,0,0,0,0.0,0.0
margin,live-delta,4,0.0,0.271707,0.577329,0.024275,0.972656,0.439064,0.589064,0.03494095802307129,0.6190261840820312,0.58408522605896,0.9042328596115112,2.470036268234253,0.6164795756340027,4,1,1,1,1,1,0,0.0,0.2693459093570709,2,clean,0.0,-1,89,52,CORRECT,0,0,0,0,0,0,0.0,0.0
margin,live-delta,4,0.0,0.271707,0.577329,0.024275,0.972656,0.439064,0.589064,0.027263760566711426,0.692020058631897,0.6647562980651855,1.675542950630188,5.3416948318481445,0.37304309010505676,13,1,1,1,1,1,0,0.0,0.2833227515220642,2,clean,0.0,-1,91,39,CORRECT,0,0,0,0,0,0,0.0,0.0
margin,live-delta,4,0.0,0.271707,0.577329,0.024275,0.972656,0.439064,0.589064,0.029761195182800293,0.7398475408554077,0.7100863456726074,1.7118500471115112,5.5391998291015625,0.3889440596103668,14,1,1,1,1,1,0,0.0,0.47665858268737793,2,clean,0.0,-1,92,45,CORRECT,0,0,0,0,0,0,0.0,0.0
margin,live-delta,4,0.0,0.271707,0.577329,0.024275,0.972656,0.439064,0.589064,0.1284804344177246,0.5923916697502136,0.463911235332489,0.6271226406097412,1.872215747833252,0.8348609805107117,4,1,1,1,1,1,1,0.16513895988464355,0.1284804344177246,2,clean,0.0,-1,93,32,CORRECT,0,0,0,0,0,0,0.0,0.0
margin,live-delta,4,0.0,0.271707,0.577329,0.024275,0.972656,0.439064,0.589064,0.1297839879989624,0.55228590965271,0.42250192165374756,-0.0,1.0,1.0,1,1,1,1,1,1,0,0.0,0.32412323355674744,2,clean,0.0,-1,94,52,CORRECT,0,0,0,0,0,0,0.0,0.0
margin,live-delta,4,0.0,0.271707,0.577329,0.024275,0.972656,0.439064,0.589064,0.09342542290687561,0.5417872071266174,0.4483617842197418,0.3933871388435364,1.4819920063018799,0.8662855625152588,2,1,1,1,1,1,0,0.0,0.27124589681625366,2,clean,0.0,-1,95,51,CORRECT,0,0,0,0,0,0,0.0,0.0
margin,live-delta,4,0.0,0.271707,0.577329,0.024275,0.972656,0.439064,0.589064,0.050793468952178955,0.5806038975715637,0.5298104286193848,1.4404054880142212,4.222407817840576,0.45094889402389526,5,1,1,1,1,1,0,0.0,0.2296139895915985,2,clean,0.0,-1,97,39,CORRECT,0,0,0,0,0,0,0.0,0.0
margin,live-delta,4,0.0,0.271707,0.577329,0.024275,0.972656,0.439064,0.589064,0.015441596508026123,0.584922194480896,0.5694805979728699,1.9659758806228638,7.141879081726074,0.2806284725666046,9,1,1,1,1,1,0,0.0,0.33483394980430603,2,clean,0.0,-1,98,45,CORRECT,0,0,0,0,0,0,0.0,0.0
margin,live-delta,4,0.0,0.271707,0.577329,0.024275,0.972656,0.439064,0.589064,0.26017677783966064,0.6687585115432739,0.4085817337036133,-0.0,1.0,1.0,1,1,1,1,1,1,0,0.0,0.3264943063259125,2,clean,0.0,-1,99,60,CORRECT,0,0,0,0,0,0,0.0,0.0
margin,live-delta,4,0.0,0.271707,0.577329,0.024275,0.972656,0.439064,0.589064,0.015581190586090088,0.7002413272857666,0.6846601366996765,1.6012790203094482,4.959371566772461,0.4149681627750397,13,1,1,1,1,1,0,0.03963572904467583,0.12970495223999023,2,clean,0.0,-1,100,55,CORRECT,0,0,0,0,0,0,0.0,0.0
margin,live-delta,4,0.0,0.271707,0.577329,0.024275,0.972656,0.439064,0.589064,0.056407630443573,0.6827635765075684,0.6263559460639954,1.5161516666412354,4.55466365814209,0.4522438645362854,8,1,1,1,1,1,0,0.0,0.3936646282672882,2,clean,0.0,-1,101,33,CORRECT,0,0,0,0,0,0,0.0,0.0
margin,live-delta,4,0.0,0.271707,0.577329,0.024275,0.972656,0.439064,0.589064,0.03583967685699463,0.5661741495132446,0.53033447265625,1.8710620403289795,6.4951910972595215,0.3483125567436218,9,1,1,1,1,1,1,0.16582131385803223,0.03710949420928955,1,clean,0.0,-1,102,50,CORRECT,0,0,0,0,0,0,0.0,0.0
margin,live-delta,4,0.0,0.271707,0.577329,0.024275,0.972656,0.439064,0.589064,0.01545494794845581,0.607532799243927,0.5920778512954712,0.6813455820083618,1.9765355587005615,0.5766653418540955,2,1,1,1,1,1,0,0.0,0.19596463441848755,2,clean,0.0,-1,103,41,CORRECT,0,0,0,0,0,0,0.0,0.0
margin,live-delta,4,0.0,0.271707,0.577329,0.024275,0.972656,0.439064,0.589064,0.06616508960723877,0.7455623149871826,0.6793972253799438,1.2658060789108276,3.545949935913086,0.6393237709999084,14,1,1,1,1,1,0,0.0,0.34216418862342834,2,clean,0.0,-1,104,39,CORRECT,0,0,0,0,0,0,0.0,0.0
margin,live-delta,4,0.0,0.271707,0.577329,0.024275,0.972656,0.439064,0.589064,0.0018985271453857422,0.7375691533088684,0.7356706261634827,1.6145350933074951,5.025550842285156,0.3246951401233673,13,1,1,1,1,1,0,0.0,0.30341246724128723,2,clean,0.0,-1,105,54,CORRECT,0,0,0,0,0,0,0.0,0.0
margin,live-delta,4,0.0,0.271707,0.577329,0.024275,0.972656,0.439064,0.589064,0.00989389419555664,0.4737173914909363,0.46382349729537964,1.0729889869689941,2.9241065979003906,0.41885125637054443,3,1,1,1,1,1,0,0.0,0.1302989423274994,2,clean,0.0,-1,106,62,CORRECT,0,0,0,0,0,0,0.0,0.0
margin,live-delta,4,0.0,0.271707,0.577329,0.024275,0.972656,0.439064,0.589064,0.1537250280380249,0.799985408782959,0.6462603807449341,0.4958779215812683,1.6419390439987183,0.8949791193008423,10,1,1,1,1,1,0,0.0,0.5308573842048645,2,clean,0.0,-1,107,51,CORRECT,0,0,0,0,0,0,0.0,0.0
margin,live-delta,4,0.0,0.271707,0.577329,0.024275,0.972656,0.439064,0.589064,0.03705352544784546,0.7192625999450684,0.6822090744972229,1.5510046482086182,4.716206073760986,0.5038705468177795,15,1,1,1,1,1,0,0.0,0.4430217444896698,2,clean,0.0,-1,108,45,CORRECT,0,0,0,0,0,0,0.0,0.0
margin,live-delta,4,0.0,0.271707,0.577329,0.024275,0.972656,0.439064,0.589064,0.22602304816246033,0.6040655374526978,0.3780424892902374,-0.0,1.0,1.0,1,1,1,1,1,1,0,0.0,0.22602304816246033,2,clean,0.0,-1,109,38,CORRECT,0,0,0,0,0,0,0.0,0.0
margin,live-delta,4,0.0,0.271707,0.577329,0.024275,0.972656,0.439064,0.589064,0.037272632122039795,0.5118335485458374,0.4745609164237976,0.6282285451889038,1.8742873668670654,0.6781869530677795,2,1,1,1,1,1,0,0.0,0.14201003313064575,2,clean,0.0,-1,110,47,CORRECT,0,0,0,0,0,0,0.0,0.0
margin,live-delta,4,0.0,0.271707,0.577329,0.024275,0.972656,0.439064,0.589064,0.00589442253112793,0.6232324838638306,0.6173380613327026,0.9393909573554993,2.558422803878784,0.49284619092941284,4,1,1,1,1,1,0,0.0,0.26012080907821655,2,clean,0.0,-1,111,59,CORRECT,0,0,0,0,0,0,0.0,0.0
margin,live-delta,4,0.0,0.271707,0.577329,0.024275,0.972656,0.439064,0.589064,0.01124069094657898,0.4431905448436737,0.4319498538970947,-0.0,1.0,1.0,1,1,1,1,1,1,0,0.0,0.03822389245033264,1,clean,0.0,-1,112,51,CORRECT,0,0,0,0,0,0,0.0,0.0
margin,live-delta,4,0.0,0.271707,0.577329,0.024275,0.972656,0.439064,0.589064,0.06394106149673462,0.701833188533783,0.6378921270370483,1.6664202213287354,5.293185234069824,0.5275378227233887,15,1,1,1,1,1,0,0.0035519737284630537,0.25003582239151,2,clean,0.0,-1,113,39,CORRECT,0,0,0,0,0,0,0.0,0.0
margin,live-delta,4,0.0,0.271707,0.577329,0.024275,0.972656,0.439064,0.589064,0.06835818290710449,0.6080368757247925,0.539678692817688,0.9950105547904968,2.7047529220581055,0.660291850566864,4,1,1,1,1,1,0,0.0,0.2539392411708832,2,clean,0.0,-1,114,59,CORRECT,0,0,0,0,0,0,0.0,0.0
margin,live-delta,4,0.0,0.271707,0.577329,0.024275,0.972656,0.439064,0.589064,0.05447810888290405,0.6041508316993713,0.5496727228164673,1.0775936841964722,2.9376022815704346,0.6253456473350525,5,1,1,1,1,1,0,0.0,0.33038443326950073,2,clean,0.0,-1,115,50,CORRECT,0,0,0,0,0,0,0.0,0.0
margin,live-delta,4,0.0,0.271707,0.577329,0.024275,0.972656,0.439064,0.589064,0.01016378402709961,0.5373191833496094,0.5271553993225098,1.6083056926727295,4.99434232711792,0.3345862329006195,6,1,1,1,1,1,1,0.23712188005447388,0.042666494846343994,1,clean,0.0,-1,116,63,CORRECT,0,0,0,0,0,0,0.0,0.0
margin,live-delta,4,0.0,0.271707,0.577329,0.024275,0.972656,0.439064,0.589064,0.06607326865196228,0.4983387291431427,0.4322654604911804,-0.0,1.0,1.0,1,1,1,1,1,1,0,0.0,0.06607326865196228,2,clean,0.0,-1,117,58,CORRECT,0,0,0,0,0,0,0.0,0.0
margin,live-delta,4,0.0,0.271707,0.577329,0.024275,0.972656,0.439064,0.589064,0.04003894329071045,0.7102930545806885,0.670254111289978,1.3079015016555786,3.698404550552368,0.5311775207519531,9,1,1,1,1,1,0,0.0,0.4212930202484131,2,clean,0.0,-1,119,39,CORRECT,0,0,0,0,0,0,0.0,0.0
margin,live-delta,4,0.0,0.271707,0.577329,0.024275,0.972656,0.439064,0.589064,0.2523503005504608,0.6183493137359619,0.3659990131855011,-0.0,1.0,1.0,1,1,1,1,1,1,0,0.0,0.41161060333251953,2,clean,0.0,-1,121,52,CORRECT,0,0,0,0,0,0,0.0,0.0
margin,live-delta,4,0.0,0.271707,0.577329,0.024275,0.972656,0.439064,0.589064,0.014266133308410645,0.7422631978988647,0.7279970645904541,1.422123670578003,4.145915508270264,0.38885706663131714,11,1,1,1,1,1,0,0.0,0.5021474361419678,2,clean,0.0,-1,122,45,CORRECT,0,0,0,0,0,0,0.0,0.0
margin,live-delta,4,0.0,0.271707,0.577329,0.024275,0.972656,0.439064,0.589064,0.08240044116973877,0.8361939191818237,0.753793478012085,0.5423063039779663,1.7199690341949463,0.8239426612854004,6,1,1,1,1,1,0,0.0004518595524132252,0.37542420625686646,2,clean,0.0,-1,123,36,CORRECT,0,0,0,0,0,0,0.0,0.0
margin,live-delta,4,0.0,0.271707,0.577329,0.024275,0.972656,0.439064,0.589064,0.03546115756034851,0.49169304966926575,0.45623189210891724,1.0287868976593018,2.7976698875427246,0.5145205855369568,3,1,1,1,1,1,0,0.0,0.18838730454444885,2,clean,0.0,-1,125,41,CORRECT,0,0,0,0,0,0,0.0,0.0
margin,live-delta,4,0.0,0.271707,0.577329,0.024275,0.972656,0.439064,0.589064,0.0261155366897583,0.744177520275116,0.7180619835853577,1.4765279293060303,4.377719402313232,0.4277113974094391,13,1,1,1,1,1,0,0.005537495948374271,0.23962503671646118,2,clean,0.0,-1,126,62,CORRECT,0,0,0,0,0,0,0.0,0.0
margin,live-delta,4,0.0,0.271707,0.577329,0.024275,0.972656,0.439064,0.589064,0.19001200795173645,0.6020189523696899,0.4120069444179535,-0.0,1.0,1.0,1,1,1,1,1,1,0,0.0,0.37000665068626404,2,clean,0.0,-1,127,47,CORRECT,0,0,0,0,0,0,0.0,0.0
margin,live-delta,4,0.0,0.271707,0.577329,0.024275,0.972656,0.439064,0.589064,0.005229651927947998,0.5517898201942444,0.5465601682662964,2.1953423023223877,8.983075141906738,0.20394165813922882,11,2,2,1,2,1,0,0.0,0.22328901290893555,2,clean,0.0,-1,128,92,CORRECT,0,0,0,0,0,0,0.0,0.0
margin,live-delta,4,0.0,0.271707,0.577329,0.024275,0.972656,0.439064,0.589064,0.012582868337631226,0.4893530011177063,0.4767701327800751,1.5458707809448242,4.692055702209473,0.315262109041214,5,2,2,1,2,1,0,0.0,0.07689374685287476,2,clean,0.0,-1,130,88,CORRECT,0,0,0,0,0,0,0.0,0.0
margin,live-delta,4,0.0,0.271707,0.577329,0.024275,0.972656,0.439064,0.589064,0.03712707757949829,0.7388211488723755,0.7016940712928772,1.1324647665023804,3.1032960414886475,0.5346430540084839,9,2,2,1,2,1,0,0.0,0.4550756812095642,2,clean,0.0,-1,131,92,CORRECT,0,0,0,0,0,0,0.0,0.0
margin,live-delta,4,0.0,0.271707,0.577329,0.024275,0.972656,0.439064,0.589064,0.07996654510498047,0.5953593254089355,0.5153927803039551,1.5070693492889404,4.513484001159668,0.5781190991401672,9,2,2,1,2,1,0,0.0,0.30446359515190125,2,clean,0.0,-1,132,80,CORRECT,0,0,0,0,0,0,0.0,0.0
margin,live-delta,4,0.0,0.271707,0.577329,0.024275,0.972656,0.439064,0.589064,0.10068809986114502,0.6728984117507935,0.5722103118896484,1.317524790763855,3.7341670989990234,0.6606665849685669,10,2,2,1,2,1,0,0.0,0.549420952796936,2,clean,0.0,-1,133,66,CORRECT,0,0,0,0,0,0,0.0,0.0
margin,live-delta,4,0.0,0.271707,0.577329,0.024275,0.972656,0.439064,0.589064,0.010797262191772461,0.6597398519515991,0.6489425897598267,1.7877330780029297,5.975890159606934,0.33156898617744446,12,2,2,1,2,1,0,0.0,0.41171005368232727,2,clean,0.0,-1,134,92,CORRECT,0,0,0,0,0,0,0.0,0.0
margin,live-delta,4,0.0,0.271707,0.577329,0.024275,0.972656,0.439064,0.589064,0.038563430309295654,0.7814432978630066,0.7428798675537109,2.0973949432373047,8.14492416381836,0.3092581331729889,17,2,2,1,2,1,0,0.0,0.6722792387008667,2,clean,0.0,-1,135,86,CORRECT,0,0,0,0,0,0,0.0,0.0
margin,live-delta,4,0.0,0.271707,0.577329,0.024275,0.972656,0.439064,0.589064,0.020030081272125244,0.5288381576538086,0.5088080763816833,2.260021448135376,9.583294868469238,0.22070133686065674,11,2,2,1,2,1,0,0.0,0.34904682636260986,2,clean,0.0,-1,136,88,CORRECT,0,0,0,0,0,0,0.0,0.0
margin,live-delta,4,0.0,0.271707,0.577329,0.024275,0.972656,0.439064,0.589064,0.073203444480896,0.7202974557876587,0.6470940113067627,1.0489871501922607,2.8547582626342773,0.6896443367004395,9,2,2,1,2,1,0,0.0,0.329639196395874,2,clean,0.0,-1,137,88,CORRECT,0,0,0,0,0,0,0.0,0.0
margin,live-delta,4,0.0,0.271707,0.577329,0.024275,0.972656,0.439064,0.589064,0.010031938552856445,0.6941384077072144,0.6841064691543579,2.1667442321777344,8.729815483093262,0.25467154383659363,18,2,2,1,2,1,0,0.0,0.5886439085006714,2,clean,0.0,-1,138,81,CORRECT,0,0,0,0,0,0,0.0,0.0
margin,live-delta,4,0.0,0.271707,0.577329,0.024275,0.972656,0.439064,0.589064,0.02701401710510254,0.5055744051933289,0.4785603880882263,0.6579487919807434,1.9308277368545532,0.6318776607513428,2,2,2,1,2,1,0,0.0,0.27878403663635254,2,clean,0.0,-1,139,80,CORRECT,0,0,0,0,0,0,0.0,0.0
margin,live-delta,4,0.0,0.271707,0.577329,0.024275,0.972656,0.439064,0.589064,0.004963397979736328,0.5345861911773682,0.5296227931976318,1.971577525138855,7.181997299194336,0.22626833617687225,8,2,2,1,2,1,0,0.0,0.4051614999771118,2,clean,0.0,-1,140,66,CORRECT,0,0,0,0,0,0,0.0,0.0
margin,live-delta,4,0.0,0.271707,0.577329,0.024275,0.972656,0.439064,0.589064,0.0156974196434021,0.6356213688850403,0.6199239492416382,1.9866859912872314,7.291330337524414,0.2903841435909271,13,2,2,1,2,1,0,0.0,0.4982225298881531,2,clean,0.0,-1,141,66,CORRECT,0,0,0,0,0,0,0.0,0.0
margin,live-delta,4,0.0,0.271707,0.577329,0.024275,0.972656,0.439064,0.589064,0.01708298921585083,0.7122920751571655,0.6952090859413147,1.2599601745605469,3.5252811908721924,0.4833809733390808,10,2,2,1,2,1,0,0.0,0.3683291971683502,2,clean,0.0,-1,142,88,CORRECT,0,0,0,0,0,0,0.0,0.0
margin,live-delta,4,0.0,0.271707,0.577329,0.024275,0.972656,0.439064,0.589064,0.05140995979309082,0.7328740954399109,0.6814641356468201,1.9405049085617065,6.962265491485596,0.40896961092948914,16,2,2,1,2,1,0,0.0,0.6180444955825806,2,clean,0.0,-1,143,66,CORRECT,0,0,0,0,0,0,0.0,0.0
margin,live-delta,4,0.0,0.271707,0.577329,0.024275,0.972656,0.439064,0.589064,0.06999588012695312,0.8557835817337036,0.7857877016067505,1.1510076522827148,3.161376953125,0.6333998441696167,16,2,2,1,2,1,0,0.0,0.6665446758270264,2,clean,0.0,-1,144,92,CORRECT,0,0,0,0,0,0,0.0,0.0
margin,live-delta,4,0.0,0.271707,0.577329,0.024275,0.972656,0.439064,0.589064,0.07027477025985718,0.7297858595848083,0.6595110893249512,1.6335607767105103,5.1220808029174805,0.5572382807731628,15,2,2,1,2,1,0,0.0,0.5841353535652161,2,clean,0.0,-1,145,82,CORRECT,0,0,0,0,0,0,0.0,0.0
margin,live-delta,4,0.0,0.271707,0.577329,0.024275,0.972656,0.439064,0.589064,0.012750029563903809,0.620884895324707,0.6081348657608032,2.2108232975006104,9.123224258422852,0.2578112781047821,15,2,2,1,2,1,0,0.0,0.41435956954956055,2,clean,0.0,-1,146,89,CORRECT,0,0,0,0,0,0,0.0,0.0
margin,live-delta,4,0.0,0.271707,0.577329,0.024275,0.972656,0.439064,0.589064,0.01943683624267578,0.7345792055130005,0.7151423692703247,1.9745113849639893,7.203099250793457,0.32740145921707153,17,2,2,1,2,1,0,0.0,0.5811883211135864,2,clean,0.0,-1,147,66,CORRECT,0,0,0,0,0,0,0.0,0.0
margin,live-delta,4,0.0,0.271707,0.577329,0.024275,0.972656,0.439064,0.589064,0.05345660448074341,0.7361685633659363,0.6827119588851929,1.9927566051483154,7.335727691650391,0.3912556767463684,14,2,2,1,2,1,0,0.0,0.5475063323974609,2,clean,0.0,-1,148,87,CORRECT,0,0,0,0,0,0,0.0,0.0
margin,live-delta,4,0.0,0.271707,0.577329,0.024275,0.972656,0.439064,0.589064,0.032271623611450195,0.8208656311035156,0.7885940074920654,1.3720816373825073,3.9435513019561768,0.4559568762779236,16,2,2,1,2,1,0,0.0,0.5866742730140686,2,clean,0.0,-1,149,88,CORRECT,0,0,0,0,0,0,0.0,0.0
margin,live-delta,4,0.0,0.271707,0.577329,0.024275,0.972656,0.439064,0.589064,0.055301666259765625,0.5719026327133179,0.5166009664535522,1.0985515117645264,2.9998176097869873,0.626548171043396,5,2,2,1,2,1,0,0.0,0.34642860293388367,2,clean,0.0,-1,150,80,CORRECT,0,0,0,0,0,0,0.0,0.0
margin,live-delta,4,0.0,0.271707,0.577329,0.024275,0.972656,0.439064,0.589064,0.16924935579299927,0.6686280965805054,0.4993787407875061,0.38829556107521057,1.4744654893875122,0.9189178347587585,5,2,2,1,2,1,0,0.0,0.5161433815956116,2,clean,0.0,-1,151,82,CORRECT,0,0,0,0,0,0,0.0,0.0
margin,live-delta,4,0.0,0.271707,0.577329,0.024275,0.972656,0.439064,0.589064,0.014408707618713379,0.7415615320205688,0.7271528244018555,2.1189281940460205,8.322213172912598,0.27553868293762207,18,2,2,1,2,1,0,0.0,0.6040228009223938,2,clean,0.0,-1,152,66,CORRECT,0,0,0,0,0,0,0.0,0.0
margin,live-delta,4,0.0,0.271707,0.577329,0.024275,0.972656,0.439064,0.589064,0.010547876358032227,0.8060425519943237,0.7954946756362915,1.3239156007766724,3.758107900619507,0.42233118414878845,16,2,2,1,2,1,0,0.0,0.5476217269897461,2,clean,0.0,-1,153,92,CORRECT,0,0,0,0,0,0,0.0,0.0
margin,live-delta,4,0.0,0.271707,0.577329,0.024275,0.972656,0.439064,0.589064,0.020640254020690918,0.6020315885543823,0.5813913345336914,2.2193665504455566,9.201499938964844,0.24520422518253326,13,2,2,1,2,1,0,0.0,0.42076271772384644,2,clean,0.0,-1,160,94,CORRECT,0,0,0,0,0,0,0.0,0.0
margin,live-delta,4,0.0,0.271707,0.577329,0.024275,0.972656,0.439064,0.589064,0.0004684329032897949,0.558491587638855,0.5580231547355652,2.468005895614624,11.798894882202148,0.15108776092529297,14,2,2,1,2,1,0,0.0,0.3641226291656494,2,clean,0.0,-1,162,94,CORRECT,0,0,0,0,0,0,0.0,0.0
margin,live-delta,4,0.0,0.271707,0.577329,0.024275,0.972656,0.439064,0.589064,0.009126722812652588,0.5600058436393738,0.5508791208267212,1.837072491645813,6.27813196182251,0.299072802066803,8,2,2,1,2,1,0,0.0,0.3933143615722656,2,clean,0.0,-1,164,86,CORRECT,0,0,0,0,0,0,0.0,0.0
margin,live-delta,4,0.0,0.271707,0.577329,0.024275,0.972656,0.439064,0.589064,0.02350926399230957,0.6209155321121216,0.597406268119812,2.3354697227478027,10.33431339263916,0.22745604813098907,14,2,2,1,2,1,0,0.0,0.4534796178340912,2,clean,0.0,-1,166,66,CORRECT,0,0,0,0,0,0,0.0,0.0
margin,live-delta,4,0.0,0.271707,0.577329,0.024275,0.972656,0.439064,0.589064,0.07067340612411499,0.8171741366386414,0.7465007305145264,1.6226474046707153,5.06648588180542,0.5326154232025146,17,2,2,1,2,1,0,0.0,0.6834558248519897,2,clean,0.0,-1,167,94,CORRECT,0,0,0,0,0,0,0.0,0.0
margin,live-delta,4,0.0,0.271707,0.577329,0.024275,0.972656,0.439064,0.589064,0.04554343223571777,0.8218976855278015,0.7763542532920837,1.8764818906784058,6.530489444732666,0.38273027539253235,18,2,2,1,2,1,0,0.0,0.6797922253608704,2,clean,0.0,-1,169,87,CORRECT,0,0,0,0,0,0,0.0,0.0
margin,live-delta,4,0.0,0.271707,0.577329,0.024275,0.972656,0.439064,0.589064,0.055218279361724854,0.4490985870361328,0.39388030767440796,-0.0,1.0,1.0,1,2,2,1,2,1,0,0.0,0.1706991195678711,2,clean,0.0,-1,170,74,CORRECT,0,0,0,0,0,0,0.0,0.0
margin,live-delta,4,0.0,0.271707,0.577329,0.024275,0.972656,0.439064,0.589064,0.03050374984741211,0.7986985445022583,0.7681947946548462,2.0227675437927246,7.559216499328613,0.3476046919822693,18,2,2,1,2,1,0,0.0,0.652678370475769,2,clean,0.0,-1,172,94,CORRECT,0,0,0,0,0,0,0.0,0.0
margin,live-delta,4,0.0,0.271707,0.577329,0.024275,0.972656,0.439064,0.589064,0.022157609462738037,0.6517328023910522,0.6295751929283142,1.8360211849212646,6.271535396575928,0.374071329832077,11,2,2,1,2,1,0,0.0,0.493843138217926,2,clean,0.0,-1,173,79,CORRECT,0,0,0,0,0,0,0.0,0.0
margin,live-delta,4,0.0,0.271707,0.577329,0.024275,0.972656,0.439064,0.589064,0.029355645179748535,0.8051860332489014,0.7758303880691528,1.780912160873413,5.935267925262451,0.37560105323791504,17,2,2,1,2,1,0,0.0,0.5979050397872925,2,clean,0.0,-1,174,88,CORRECT,0,0,0,0,0,0,0.0,0.0
margin,live-delta,4,0.0,0.271707,0.577329,0.024275,0.972656,0.439064,0.589064,0.014246940612792969,0.5697592496871948,0.5555123090744019,2.2537872791290283,9.523736953735352,0.26052936911582947,13,2,2,1,2,1,0,0.0,0.27040910720825195,2,clean,0.0,-1,175,82,CORRECT,0,0,0,0,0,0,0.0,0.0
margin,live-delta,4,0.0,0.271707,0.577329,0.024275,0.972656,0.439064,0.589064,0.014076292514801025,0.726281464099884,0.712205171585083,1.8721051216125488,6.501969337463379,0.28966787457466125,16,2,2,1,2,1,0,0.0,0.535503089427948,2,clean,0.0,-1,176,87,CORRECT,0,0,0,0,0,0,0.0,0.0
margin,live-delta,4,0.0,0.271707,0.577329,0.024275,0.972656,0.439064,0.589064,0.05845820903778076,0.6732896566390991,0.6148314476013184,1.9466885328292847,7.00545072555542,0.41664114594459534,15,2,2,1,2,1,0,0.0,0.47631222009658813,2,clean,0.0,-1,177,66,CORRECT,0,0,0,0,0,0,0.0,0.0
margin,live-delta,4,0.0,0.271707,0.577329,0.024275,0.972656,0.439064,0.589064,0.09708833694458008,0.498207688331604,0.4011193513870239,-0.0,1.0,1.0,1,2,2,1,2,1,0,0.0,0.16100990772247314,2,clean,0.0,-1,178,64,CORRECT,0,0,0,0,0,0,0.0,0.0
margin,live-delta,4,0.0,0.271707,0.577329,0.024275,0.972656,0.439064,0.589064,0.014411091804504395,0.642770528793335,0.6283594369888306,2.2935867309570312,9.910420417785645,0.2121940553188324,17,2,2,1,2,1,0,0.0,0.5257186889648438,2,clean,0.0,-1,179,81,CORRECT,0,0,0,0,0,0,0.0,0.0
margin,live-delta,4,0.0,0.271707,0.577329,0.024275,0.972656,0.439064,0.589064,0.009206622838973999,0.48549434542655945,0.47628772258758545,0.6889269948005676,1.991577386856079,0.5459035038948059,2,2,2,1,2,1,0,0.0,0.08106586337089539,2,clean,0.0,-1,180,88,CORRECT,0,0,0,0,0,0,0.0,0.0
margin,live-delta,4,0.0,0.271707,0.577329,0.024275,0.972656,0.439064,0.589064,0.07042646408081055,0.7437867522239685,0.673360288143158,1.7850247621536255,5.959727764129639,0.4779830276966095,13,2,2,1,2,1,0,0.0,0.6262246966362,2,clean,0.0,-1,182,82,CORRECT,0,0,0,0,0,0,0.0,0.0
margin,live-delta,4,0.0,0.271707,0.577329,0.024275,0.972656,0.439064,0.589064,0.00473785400390625,0.6011457443237305,0.5964078903198242,2.072744846343994,7.946605205535889,0.22993776202201843,12,2,2,1,2,1,0,0.0,0.3789810240268707,2,clean,0.0,-1,183,86,CORRECT,0,0,0,0,0,0,0.0,0.0
margin,live-delta,4,0.0,0.271707,0.577329,0.024275,0.972656,0.439064,0.589064,0.0015205740928649902,0.6854196190834045,0.6838990449905396,2.1933770179748535,8.965438842773438,0.20872709155082703,18,2,2,1,2,1,0,0.0,0.5326675176620483,2,clean,0.0,-1,184,86,CORRECT,0,0,0,0,0,0,0.0,0.0
margin,live-delta,4,0.0,0.271707,0.577329,0.024275,0.972656,0.439064,0.589064,0.032849788665771484,0.6116892099380493,0.5788394212722778,2.093151569366455,8.110435485839844,0.3236585557460785,13,2,2,1,2,1,0,0.0,0.46648189425468445,2,clean,0.0,-1,185,81,CORRECT,0,0,0,0,0,0,0.0,0.0
margin,live-delta,4,0.0,0.271707,0.577329,0.024275,0.972656,0.439064,0.589064,0.009874820709228516,0.8028467893600464,0.7929719686508179,1.5425740480422974,4.676612377166748,0.3523537814617157,16,2,2,1,2,1,0,0.0,0.5988579988479614,2,clean,0.0,-1,186,88,CORRECT,0,0,0,0,0,0,0.0,0.0
margin,live-delta,4,0.0,0.271707,0.577329,0.024275,0.972656,0.439064,0.589064,0.002904832363128662,0.8251573443412781,0.8222525119781494,1.9314234256744385,6.8993239402771,0.2785907983779907,18,2,2,1,2,1,0,0.0,0.7316372394561768,2,clean,0.0,-1,187,66,CORRECT,0,0,0,0,0,0,0.0,0.0
margin,live-delta,4,0.0,0.271707,0.577329,0.024275,0.972656,0.439064,0.589064,0.0050036609172821045,0.47099390625953674,0.46599024534225464,1.0700676441192627,2.915576696395874,0.4062097668647766,3,2,2,1,2,1,0,0.0,0.1328435242176056,2,clean,0.0,-1,188,89,CORRECT,0,0,0,0,0,0,0.0,0.0
margin,live-delta,4,0.0,0.271707,0.577329,0.024275,0.972656,0.439064,0.589064,0.0056299567222595215,0.5357644557952881,0.5301344990730286,1.9224615097045898,6.837769031524658,0.258139431476593,8,2,2,1,2,1,0,0.0,0.26216602325439453,2,clean,0.0,-1,190,67,CORRECT,0,0,0,0,0,0,0.0,0.0
margin,live-delta,4,0.0,0.271707,0.577329,0.024275,0.972656,0.439064,0.589064,0.05560547113418579,0.632349967956543,0.5767444968223572,2.061814069747925,7.860215663909912,0.36354196071624756,13,2,2,1,2,1,0,0.0,0.39755454659461975,2,clean,0.0,-1,191,81,CORRECT,0,0,0,0,0,0,0.0,0.0
margin,live-delta,4,0.0,0.271707,0.577329,0.024275,0.972656,0.439064,0.589064,0.1022566556930542,0.8100323677062988,0.7077757120132446,1.329530954360962,3.7792701721191406,0.6659570336341858,15,3,3,1,3,1,0,0.0,0.6372814774513245,2,clean,0.0,-1,192,110,CORRECT,0,0,0,0,0,0,0.0,0.0
margin,live-delta,4,0.0,0.271707,0.577329,0.024275,0.972656,0.439064,0.589064,0.006317168474197388,0.46576759219169617,0.4594504237174988,0.6911558508872986,1.9960212707519531,0.5315437316894531,2,3,3,1,3,1,0,0.0,0.23192644119262695,2,clean,0.0,-1,193,122,CORRECT,0,0,0,0,0,0,0.0,0.0
margin,live-delta,4,0.0,0.271707,0.577329,0.024275,0.972656,0.439064,0.589064,0.027418076992034912,0.8872389197349548,0.8598208427429199,1.6352026462554932,5.130497455596924,0.4058467745780945,13,3,3,1,3,1,0,0.0,0.7987887859344482,2,clean,0.0,-1,194,97,CORRECT,0,0,0,0,0,0,0.0,0.0
margin,live-delta,4,0.0,0.271707,0.577329,0.024275,0.972656,0.439064,0.589064,0.09606266021728516,0.7679380178451538,0.6718753576278687,1.635295033454895,5.130971431732178,0.5858632326126099,20,3,3,1,3,1,0,0.0,0.467274934053421,2,clean,0.0,-1,195,105,CORRECT,0,0,0,0,0,0,0.0,0.0
margin,live-delta,4,0.0,0.271707,0.577329,0.024275,0.972656,0.439064,0.589064,0.033324480056762695,0.5985491275787354,0.5652246475219727,2.370943307876587,10.707488059997559,0.2544578015804291,16,3,3,1,3,1,0,0.0,0.4936526417732239,2,clean,0.0,-1,196,113,CORRECT,0,0,0,0,0,0,0.0,0.0
margin,live-delta,4,0.0,0.271707,0.577329,0.024275,0.972656,0.439064,0.589064,0.03140676021575928,0.6604886054992676,0.6290818452835083,2.293865442276001,9.913182258605957,0.300283819437027,20,3,3,1,3,1,0,0.0,0.44444766640663147,2,clean,0.0,-1,197,109,CORRECT,0,0,0,0,0,0,0.0,0.0
margin,live-delta,4,0.0,0.271707,0.577329,0.024275,0.972656,0.439064,0.589064,0.02615499496459961,0.46656566858291626,0.44041067361831665,0.6600783467292786,1.9349439144134521,0.6278723478317261,2,3,3,1,3,1,0,0.0,0.18199288845062256,2,clean,0.0,-1,198,104,CORRECT,0,0,0,0,0,0,0.0,0.0
margin,live-delta,4,0.0,0.271707,0.577329,0.024275,0.972656,0.439064,0.589064,0.019829392433166504,0.5268105268478394,0.5069811344146729,0.673866868019104,1.961808681488037,0.597867488861084,2,3,3,1,3,1,0,0.0,0.4132581651210785,2,clean,0.0,-1,199,115,CORRECT,0,0,0,0,0,0,0.0,0.0
margin,live-delta,4,0.0,0.271707,0.577329,0.024275,0.972656,0.439064,0.589064,0.14240378141403198,0.7219078540802002,0.5795040726661682,0.2346271276473999,1.264437198638916,0.9419585466384888,3,3,3,1,3,1,0,0.0,0.6385027766227722,2,clean,0.0,-1,200,115,CORRECT,0,0,0,0,0,0,0.0,0.0
margin,live-delta,4,0.0,0.271707,0.577329,0.024275,0.972656,0.439064,0.589064,0.0062757134437561035,0.8334376215934753,0.8271619081497192,1.3125348091125488,3.7155799865722656,0.35869359970092773,18,3,3,1,3,1,0,0.0,0.7009687423706055,2,clean,0.0,-1,201,118,CORRECT,0,0,0,0,0,0,0.0,0.0
margin,live-delta,4,0.0,0.271707,0.577329,0.024275,0.972656,0.439064,0.589064,0.020821452140808105,0.5942161679267883,0.5733947157859802,1.6025315523147583,4.965587139129639,0.3478326201438904,7,3,3,1,3,1,0,0.0,0.3573760688304901,2,clean,0.0,-1,202,124,CORRECT,0,0,0,0,0,0,0.0,0.0
margin,live-delta,4,0.0,0.271707,0.577329,0.024275,0.972656,0.439064,0.589064,0.08432415127754211,0.5297173261642456,0.4453931748867035,0.4333803057670593,1.542462706565857,0.8437610268592834,2,3,3,1,3,1,0,0.0,0.2651461362838745,2,clean,0.0,-1,203,96,CORRECT,0,0,0,0,0,0,0.0,0.0
margin,live-delta,4,0.0,0.271707,0.577329,0.024275,0.972656,0.439064,0.589064,0.09210005402565002,0.5800983309745789,0.48799827694892883,0.8244100213050842,2.2805349826812744,0.7486775517463684,4,3,3,1,3,1,0,0.0,0.3671265244483948,2,clean,0.0,-1,204,96,CORRECT,0,0,0,0,0,0,0.0,0.0
margin,live-delta,4,0.0,0.271707,0.577329,0.024275,0.972656,0.439064,0.589064,0.09026157855987549,0.7622923851013184,0.6720308065414429,0.9353034496307373,2.5479865074157715,0.7575065493583679,11,3,3,1,3,1,0,0.0,0.5345759987831116,2,clean,0.0,-1,205,124,CORRECT,0,0,0,0,0,0,0.0,0.0
margin,live-delta,4,0.0,0.271707,0.577329,0.024275,0.972656,0.439064,0.589064,0.08902692794799805,0.592893660068512,0.5038667321205139,1.1338024139404297,3.107449769973755,0.6687549948692322,6,3,3,1,3,1,0,0.0,0.4166918396949768,2,clean,0.0,-1,206,113,CORRECT,0,0,0,0,0,0,0.0,0.0
margin,live-delta,4,0.0,0.271707,0.577329,0.024275,0.972656,0.439064,0.589064,0.03632640838623047,0.7532113790512085,0.716884970664978,2.2270796298980713,9.272747039794922,0.25928980112075806,18,3,3,1,3,1,0,0.0,0.5773868560791016,2,clean,0.0,-1,207,126,CORRECT,0,0,0,0,0,0,0.0,0.0
margin,live-delta,4,0.0,0.271707,0.577329,0.024275,0.972656,0.439064,0.589064,0.05994373559951782,0.6874781847000122,0.6275344491004944,1.4573490619659424,4.294559955596924,0.5362496972084045,10,3,3,1,3,1,0,0.0,0.458513468503952,2,clean,0.0,-1,208,124,CORRECT,0,0,0,0,0,0,0.0,0.0
margin,live-delta,4,0.0,0.271707,0.577329,0.024275,0.972656,0.439064,0.589064,0.007803201675415039,0.5509086847305298,0.5431054830551147,0.6901119351387024,1.993938684463501,0.5389370322227478,2,3,3,1,3,1,0,0.0,0.4494723081588745,2,clean,0.0,-1,209,115,CORRECT,0,0,0,0,0,0,0.0,0.0
margin,live-delta,4,0.0,0.271707,0.577329,0.024275,0.972656,0.439064,0.589064,0.01137608289718628,0.682218074798584,0.6708419919013977,1.4856369495391846,4.417778491973877,0.4158100187778473,10,3,3,1,3,1,0,0.0,0.5385146141052246,2,clean,0.0,-1,210,116,CORRECT,0,0,0,0,0,0,0.0,0.0
margin,live-delta,4,0.0,0.271707,0.577329,0.024275,0.972656,0.439064,0.589064,0.02612006664276123,0.7439183592796326,0.7177982926368713,1.2961605787277222,3.655235767364502,0.48552531003952026,15,3,3,1,3,1,0,0.0,0.5797291398048401,2,clean,0.0,-1,211,125,CORRECT,0,0,0,0,0,0,0.0,0.0
margin,live-delta,4,0.0,0.271707,0.577329,0.024275,0.972656,0.439064,0.589064,0.002281785011291504,0.6112834215164185,0.609001636505127,1.5259491205215454,4.599506855010986,0.32277217507362366,6,3,3,1,3,1,0,0.0,0.2935105562210083,2,clean,0.0,-1,212,101,CORRECT,0,0,0,0,0,0,0.0,0.0
margin,live-delta,4,0.0,0.271707,0.577329,0.024275,0.972656,0.439064,0.589064,0.03744769096374512,0.6198829412460327,0.5824352502822876,1.610660433769226,5.0061163902282715,0.39658716320991516,8,3,3,1,3,1,0,0.0,0.3868899941444397,2,clean,0.0,-1,213,125,CORRECT,0,0,0,0,0,0,0.0,0.0
margin,live-delta,4,0.0,0.271707,0.577329,0.024275,0.972656,0.439064,0.589064,0.006246805191040039,0.7604220509529114,0.7541752457618713,2.070779323577881,7.931001663208008,0.24775245785713196,17,3,3,1,3,1,0,0.0,0.6242871284484863,2,clean,0.0,-1,214,97,CORRECT,0,0,0,0,0,0,0.0,0.0
margin,live-delta,4,0.0,0.271707,0.577329,0.024275,0.972656,0.439064,0.589064,0.07016345858573914,0.47933223843574524,0.4091687798500061,-0.0,1.0,1.0,1,3,3,1,3,1,0,0.0,0.16705068945884705,2,clean,0.0,-1,215,123,CORRECT,0,0,0,0,0,0,0.0,0.0
margin,live-delta,4,0.0,0.271707,0.577329,0.024275,0.972656,0.439064,0.589064,0.12951183319091797,0.63904869556427,0.509536862373352,0.2530421316623688,1.2879375219345093,0.9302305579185486,2,3,3,1,3,1,0,0.0,0.33034107089042664,2,clean,0.0,-1,216,122,CORRECT,0,0,0,0,0,0,0.0,0.0
margin,live-delta,4,0.0,0.271707,0.577329,0.024275,0.972656,0.439064,0.589064,0.1960849165916443,0.8942528367042542,0.6981679201126099,0.2806599736213684,1.3240033388137817,0.9504283666610718,13,3,3,1,3,1,0,0.0,0.7961851358413696,2,clean,0.0,-1,217,107,CORRECT,0,0,0,0,0,0,0.0,0.0
margin,live-delta,4,0.0,0.271707,0.577329,0.024275,0.972656,0.439064,0.589064,0.007295757532119751,0.4530926048755646,0.4457968473434448,0.6904928684234619,1.994698405265808,0.5364142060279846,2,3,3,1,3,1,0,0.0,0.17780092358589172,2,clean,0.0,-1,218,114,CORRECT,0,0,0,0,0,0,0.0,0.0
margin,live-delta,4,0.0,0.271707,0.577329,0.024275,0.972656,0.439064,0.589064,0.07128006219863892,0.816789984703064,0.745509922504425,0.672871470451355,1.9598568677902222,0.779811680316925,9,3,3,1,3,1,0,0.0,0.7203499674797058,2,clean,0.0,-1,219,119,CORRECT,0,0,0,0,0,0,0.0,0.0
margin,live-delta,4,0.0,0.271707,0.577329,0.024275,0.972656,0.439064,0.589064,0.042374372482299805,0.5923725366592407,0.5499981641769409,1.6603269577026367,5.261030673980713,0.4123595952987671,8,3,3,1,3,1,0,0.0,0.37080055475234985,2,clean,0.0,-1,220,119,CORRECT,0,0,0,0,0,0,0.0,0.0
margin,live-delta,4,0.0,0.271707,0.577329,0.024275,0.972656,0.439064,0.589064,0.03423511981964111,0.7938240766525269,0.7595889568328857,0.7789266705513,2.1791319847106934,0.6444183588027954,6,3,3,1,3,1,0,0.0,0.6068319082260132,2,clean,0.0,-1,221,121,CORRECT,0,0,0,0,0,0,0.0,0.0
margin,live-delta,4,0.0,0.271707,0.577329,0.024275,0.972656,0.439064,0.589064,0.0373113751411438,0.7181012034416199,0.6807898283004761,1.348701000213623,3.8524179458618164,0.4989735782146454,10,3,3,1,3,1,0,0.0,0.44699907302856445,2,clean,0.0,-1,222,103,CORRECT,0,0,0,0,0,0,0.0,0.0
margin,live-delta,4,0.0,0.271707,0.577329,0.024275,0.972656,0.439064,0.589064,0.009178757667541504,0.5874730348587036,0.5782942771911621,1.794343113899231,6.015522003173828,0.33089911937713623,9,3,3,1,3,1,0,0.0,0.41115981340408325,2,clean,0.0,-1,223,114,CORRECT,0,0,0,0,0,0,0.0,0.0
margin,live-delta,4,0.0,0.271707,0.577329,0.024275,0.972656,0.439064,0.589064,0.0036386847496032715,0.8077525496482849,0.8041138648986816,0.7877927422523499,2.198538303375244,0.5091709494590759,7,3,3,1,3,1,0,0.0,0.693606436252594,2,clean,0.0,-1,224,121,CORRECT,0,0,0,0,0,0,0.0,0.0
margin,live-delta,4,0.0,0.271707,0.577329,0.024275,0.972656,0.439064,0.589064,0.03262263536453247,0.6887332797050476,0.6561106443405151,1.4753340482711792,4.372496128082275,0.4493337869644165,9,3,3,1,3,1,0,0.0,0.5997492671012878,2,clean,0.0,-1,225,116,CORRECT,0,0,0,0,0,0,0.0,0.0
margin,live-delta,4,0.0,0.271707,0.577329,0.024275,0.972656,0.439064,0.589064,0.02645939588546753,0.571704626083374,0.5452452301979065,0.6593304872512817,1.933497428894043,0.6292937397956848,2,3,3,1,3,1,0,0.0,0.3278559744358063,2,clean,0.0,-1,226,120,CORRECT,0,0,0,0,0,0,0.0,0.0
margin,live-delta,4,0.0,0.271707,0.577329,0.024275,0.972656,0.439064,0.589064,0.2306826114654541,0.9411556720733643,0.7104730606079102,0.226749986410141,1.2545162439346313,0.9641211628913879,17,3,3,1,3,1,0,0.0,0.8242925405502319,2,clean,0.0,-1,227,107,CORRECT,0,0,0,0,0,0,0.0,0.0
margin,live-delta,4,0.0,0.271707,0.577329,0.024275,0.972656,0.439064,0.589064,0.010918140411376953,0.5363830327987671,0.5254648923873901,1.420082926750183,4.137463569641113,0.36637499928474426,5,3,3,1,3,1,0,0.0,0.4173053503036499,2,clean,0.0,-1,228,107,CORRECT,0,0,0,0,0,0,0.0,0.0
margin,live-delta,4,0.0,0.271707,0.577329,0.024275,0.972656,0.439064,0.589064,0.021424829959869385,0.8018848896026611,0.7804600596427917,0.6966444253921509,2.0070066452026367,0.6030893325805664,4,3,3,1,3,1,0,0.0,0.6869179010391235,2,clean,0.0,-1,229,120,CORRECT,0,0,0,0,0,0,0.0,0.0
margin,live-delta,4,0.0,0.271707,0.577329,0.024275,0.972656,0.439064,0.589064,0.05081146955490112,0.7853767275810242,0.734565258026123,1.824318766593933,6.198570728302002,0.42657700181007385,15,3,3,1,3,1,0,0.0,0.6753167510032654,2,clean,0.0,-1,230,107,CORRECT,0,0,0,0,0,0,0.0,0.0
margin,live-delta,4,0.0,0.271707,0.577329,0.024275,0.972656,0.439064,0.589064,0.029012084007263184,0.8678466081619263,0.8388345241546631,1.864013910293579,6.449573040008545,0.3899986743927002,19,3,3,1,3,1,0,0.0,0.7405789494514465,2,clean,0.0,-1,231,126,CORRECT,0,0,0,0,0,0,0.0,0.0
margin,live-delta,4,0.0,0.271707,0.577329,0.024275,0.972656,0.439064,0.589064,0.01940310001373291,0.762601375579834,0.7431982755661011,1.3645538091659546,3.9139761924743652,0.4957890510559082,15,3,3,1,3,1,0,0.0,0.5297636985778809,2,clean,0.0,-1,232,105,CORRECT,0,0,0,0,0,0,0.0,0.0
margin,live-delta,4,0.0,0.271707,0.577329,0.024275,0.972656,0.439064,0.589064,0.03478437662124634,0.8089582920074463,0.7741739153862,1.1060642004013062,3.0224392414093018,0.5676912069320679,16,3,3,1,3,1,0,0.0,0.6849418878555298,2,clean,0.0,-1,233,113,CORRECT,0,0,0,0,0,0,0.0,0.0
margin,live-delta,4,0.0,0.271707,0.577329,0.024275,0.972656,0.439064,0.589064,0.15234535932540894,0.982479989528656,0.8301346302032471,0.30193987488746643,1.3524799346923828,0.934414803981781,18,3,3,1,3,1,0,0.0,0.8673667907714844,2,clean,0.0,-1,234,118,CORRECT,0,0,0,0,0,0,0.0,0.0
margin,live-delta,4,0.0,0.271707,0.577329,0.024275,0.972656,0.439064,0.589064,0.0017946958541870117,0.6616439819335938,0.6598492860794067,1.186095118522644,3.274270534515381,0.4303274154663086,7,3,3,1,3,1,0,0.0,0.526913583278656,2,clean,0.0,-1,235,106,CORRECT,0,0,0,0,0,0,0.0,0.0
margin,live-delta,4,0.0,0.271707,0.577329,0.024275,0.972656,0.439064,0.589064,0.010278284549713135,0.8556346297264099,0.8453563451766968,1.499734878540039,4.480501174926758,0.41308557987213135,15,3,3,1,3,1,0,0.0,0.6597282290458679,2,clean,0.0,-1,236,117,CORRECT,0,0,0,0,0,0,0.0,0.0
margin,live-delta,4,0.0,0.271707,0.577329,0.024275,0.972656,0.439064,0.589064,0.0014490485191345215,0.5788602828979492,0.5774112343788147,2.1078085899353027,8.230185508728027,0.20069342851638794,11,3,3,1,3,1,0,0.0,0.32548508048057556,2,clean,0.0,-1,237,103,CORRECT,0,0,0,0,0,0,0.0,0.0
margin,live-delta,4,0.0,0.271707,0.577329,0.024275,0.972656,0.439064,0.589064,0.05839550495147705,0.5697363018989563,0.5113407969474792,1.1548430919647217,3.173525333404541,0.6056205630302429,5,3,3,1,3,1,0,0.0,0.34055691957473755,2,clean,0.0,-1,239,116,CORRECT,0,0,0,0,0,0,0.0,0.0
margin,live-delta,4,0.0,0.271707,0.577329,0.024275,0.972656,0.439064,0.589064,0.00034350156784057617,0.8128784894943237,0.8125349879264832,1.4598190784454346,4.305180549621582,0.3990626335144043,15,3,3,1,3,1,0,0.0,0.6722614765167236,2,clean,0.0,-1,240,97,CORRECT,0,0,0,0,0,0,0.0,0.0
margin,live-delta,4,0.0,0.271707,0.577329,0.024275,0.972656,0.439064,0.589064,0.0093231201171875,0.756900429725647,0.7475773096084595,1.9889204502105713,7.307640552520752,0.2403310090303421,16,3,3,1,3,1,0,0.0,0.6455607414245605,2,clean,0.0,-1,241,97,CORRECT,0,0,0,0,0,0,0.0,0.0
margin,live-delta,4,0.0,0.271707,0.577329,0.024275,0.972656,0.439064,0.589064,0.019156038761138916,0.6394824981689453,0.6203264594078064,0.6751307249069214,1.9642897844314575,0.5946255326271057,2,3,3,1,3,1,0,0.0,0.531365692615509,2,clean,0.0,-1,242,115,CORRECT,0,0,0,0,0,0,0.0,0.0
margin,live-delta,4,0.0,0.271707,0.577329,0.024275,0.972656,0.439064,0.589064,0.0470123291015625,0.6217077970504761,0.5746954679489136,1.3996777534484863,4.053893566131592,0.5148141384124756,6,3,3,1,3,1,0,0.0,0.2859410345554352,2,clean,0.0,-1,243,124,CORRECT,0,0,0,0,0,0,0.0,0.0
margin,live-delta,4,0.0,0.271707,0.577329,0.024275,0.972656,0.439064,0.589064,0.0506209135055542,0.735724687576294,0.6851037740707397,1.2392916679382324,3.4531667232513428,0.5511974692344666,8,3,3,1,3,1,0,0.0,0.6164519786834717,2,clean,0.0,-1,244,119,CORRECT,0,0,0,0,0,0,0.0,0.0
margin,live-delta,4,0.0,0.271707,0.577329,0.024275,0.972656,0.439064,0.589064,0.01857537031173706,0.7805618047714233,0.7619864344596863,1.6965545415878296,5.455119609832764,0.36871206760406494,20,3,3,1,3,1,0,0.0,0.6571207046508789,2,clean,0.0,-1,245,125,CORRECT,0,0,0,0,0,0,0.0,0.0
margin,live-delta,4,0.0,0.271707,0.577329,0.024275,0.972656,0.439064,0.589064,0.009640216827392578,0.5784683227539062,0.5688281059265137,2.221360445022583,9.219865798950195,0.213002011179924,13,3,3,1,3,1,0,0.0,0.39385986328125,2,clean,0.0,-1,246,110,CORRECT,0,0,0,0,0,0,0.0,0.0
margin,live-delta,4,0.0,0.271707,0.577329,0.024275,0.972656,0.439064,0.589064,0.09101557731628418,0.7862826585769653,0.6952670812606812,1.0541155338287354,2.869436025619507,0.7270598411560059,14,3,3,1,3,1,0,0.0,0.5251450538635254,2,clean,0.0,-1,247,120,CORRECT,0,0,0,0,0,0,0.0,0.0
margin,live-delta,4,0.0,0.271707,0.577329,0.024275,0.972656,0.439064,0.589064,0.035696208477020264,0.6193225383758545,0.5836263298988342,1.9352675676345825,6.925897121429443,0.36184149980545044,11,3,3,1,3,1,0,0.0,0.527028501033783,2,clean,0.0,-1,249,107,CORRECT,0,0,0,0,0,0,0.0,0.0
margin,live-delta,4,0.0,0.271707,0.577329,0.024275,0.972656,0.439064,0.589064,0.006960093975067139,0.615280270576477,0.6083201766014099,2.066415309906006,7.89646577835083,0.26621192693710327,13,3,3,1,3,1,0,0.0,0.5127503275871277,2,clean,0.0,-1,250,115,CORRECT,0,0,0,0,0,0,0.0,0.0
margin,live-delta,4,0.0,0.271707,0.577329,0.024275,0.972656,0.439064,0.589064,0.004858970642089844,0.7133948802947998,0.70853590965271,1.7207775115966797,5.588871955871582,0.32791778445243835,19,3,3,1,3,1,0,0.0,0.5565115809440613,2,clean,0.0,-1,251,107,CORRECT,0,0,0,0,0,0,0.0,0.0
margin,live-delta,4,0.0,0.271707,0.577329,0.024275,0.972656,0.439064,0.589064,0.030346155166625977,0.7366904020309448,0.7063442468643188,1.7606197595596313,5.816040992736816,0.3635081648826599,10,3,3,1,3,1,0,0.0,0.49711012840270996,2,clean,0.0,-1,252,117,CORRECT,0,0,0,0,0,0,0.0,0.0
margin,live-delta,4,0.0,0.271707,0.577329,0.024275,0.972656,0.439064,0.589064,0.034451961517333984,0.7492276430130005,0.7147756814956665,1.6915348768234253,5.427805423736572,0.4406343996524811,12,3,3,1,3,1,0,0.0,0.531527578830719,2,clean,0.0,-1,253,119,CORRECT,0,0,0,0,0,0,0.0,0.0
margin,live-delta,4,0.0,0.271707,0.577329,0.024275,0.972656,0.439064,0.589064,0.03389662504196167,0.46462684869766235,0.4307302236557007,-0.0,1.0,1.0,1,3,3,1,3,1,0,0.0,0.348505437374115,2,clean,0.0,-1,254,116,CORRECT,0,0,0,0,0,0,0.0,0.0
margin,live-delta,4,0.0,0.271707,0.577329,0.024275,0.972656,0.439064,0.589064,0.01337289810180664,0.6233410835266113,0.6099681854248047,2.3906116485595703,10.920170783996582,0.222396120429039,16,3,3,1,3,1,0,0.0,0.44635075330734253,2,clean,0.0,-1,255,100,CORRECT,0,0,0,0,0,0,0.0,0.0
margin,live-delta,5,0.0,0.271707,0.577329,0.024275,0.972656,0.439064,0.589064,0.03762426972389221,0.5110138058662415,0.47338953614234924,1.3084306716918945,3.700361967086792,0.4304646849632263,4,0,0,1,0,1,0,0.0,0.09347984194755554,2,clean,0.0,-1,0,28,CORRECT,0,0,0,0,0,0,0.0,0.0
margin,live-delta,5,0.0,0.271707,0.577329,0.024275,0.972656,0.439064,0.589064,0.15752142667770386,0.5575714111328125,0.40004998445510864,-0.0,1.0,1.0,1,0,0,1,0,1,0,0.0,0.2904238998889923,2,clean,0.0,-1,1,3,CORRECT,0,0,0,0,0,0,0.0,0.0
margin,live-delta,5,0.0,0.271707,0.577329,0.024275,0.972656,0.439064,0.589064,0.09297966957092285,0.6945255994796753,0.6015459299087524,1.0659769773483276,2.903674364089966,0.7134841084480286,8,0,0,1,0,1,1,0.14056897163391113,0.1141963005065918,2,clean,0.0,-1,2,14,CORRECT,0,0,0,0,0,0,0.0,0.0
margin,live-delta,5,0.0,0.271707,0.577329,0.024275,0.972656,0.439064,0.589064,0.059886783361434937,0.48569563031196594,0.425808846950531,-0.0,1.0,1.0,1,0,1,0,1,0,1,1.0,-0.17318376898765564,0,clean,0.0,-1,5,49,BLENDED,0,0,0,0,0,0,0.0,0.0
margin,live-delta,5,0.0,0.271707,0.577329,0.024275,0.972656,0.439064,0.589064,0.023535043001174927,0.47608861327171326,0.45255357027053833,1.070020318031311,2.915438652038574,0.44852760434150696,3,0,0,1,0,1,0,0.0,0.14675000309944153,2,clean,0.0,-1,9,13,CORRECT,0,0,0,0,0,0,0.0,0.0
margin,live-delta,5,0.0,0.271707,0.577329,0.024275,0.972656,0.439064,0.589064,0.014633804559707642,0.4974060356616974,0.48277223110198975,1.0649480819702148,2.900688409805298,0.44082605838775635,3,0,0,1,0,1,0,0.0,0.09648242592811584,2,clean,0.0,-1,10,17,CORRECT,0,0,0,0,0,0,0.0,0.0
margin,live-delta,5,0.0,0.271707,0.577329,0.024275,0.972656,0.439064,0.589064,0.08684149384498596,0.5661791563034058,0.4793376624584198,0.4222162961959839,1.5253384113311768,0.8502839207649231,2,0,0,1,0,1,0,0.0,0.3185681104660034,2,clean,0.0,-1,13,3,CORRECT,0,0,0,0,0,0,0.0,0.0
margin,live-delta,5,0.0,0.271707,0.577329,0.024275,0.972656,0.439064,0.589064,0.08117860555648804,0.4752614498138428,0.39408284425735474,-0.0,1.0,1.0,1,0,0,1,0,1,0,0.0,0.10955226421356201,2,clean,0.0,-1,14,3,CORRECT,0,0,0,0,0,0,0.0,0.0
margin,live-delta,5,0.0,0.271707,0.577329,0.024275,0.972656,0.439064,0.589064,0.06355580687522888,0.44446679949760437,0.3809109926223755,-0.0,1.0,1.0,1,0,0,1,0,1,0,0.0,0.09106484055519104,2,clean,0.0,-1,19,18,CORRECT,0,0,0,0,0,0,0.0,0.0
margin,live-delta,5,0.0,0.271707,0.577329,0.024275,0.972656,0.439064,0.589064,0.0298537015914917,0.4545491635799408,0.4246954619884491,-0.0,1.0,1.0,1,0,0,1,0,1,0,0.0,0.03719410300254822,1,clean,0.0,-1,21,28,CORRECT,0,0,0,0,0,0,0.0,0.0
margin,live-delta,5,0.0,0.271707,0.577329,0.024275,0.972656,0.439064,0.589064,0.0817604660987854,0.5454531908035278,0.46369272470474243,0.44480425119400024,1.5601847171783447,0.8368819952011108,2,0,0,1,0,1,0,0.0,0.1577472686767578,2,clean,0.0,-1,22,12,CORRECT,0,0,0,0,0,0,0.0,0.0
margin,live-delta,5,0.0,0.271707,0.577329,0.024275,0.972656,0.439064,0.589064,0.2307952344417572,0.45714232325553894,0.22634708881378174,-0.0,1.0,1.0,1,0,0,1,0,1,0,0.0,0.27203503251075745,2,clean,0.0,-1,23,9,CORRECT,0,0,0,0,0,0,0.0,0.0
margin,live-delta,5,0.0,0.271707,0.577329,0.024275,0.972656,0.439064,0.589064,0.08825361728668213,0.4393737316131592,0.35112011432647705,-0.0,1.0,1.0,1,0,1,0,1,0,1,1.0,-0.08825361728668213,0,clean,0.0,-1,24,58,BLENDED,0,0,0,0,0,0,0.0,0.0
margin,live-delta,5,0.0,0.271707,0.577329,0.024275,0.972656,0.439064,0.589064,0.018287837505340576,0.4404931664466858,0.4222053289413452,-0.0,1.0,1.0,1,0,0,1,0,1,0,0.0,0.11889442801475525,2,clean,0.0,-1,28,21,CORRECT,0,0,0,0,0,0,0.0,0.0
margin,live-delta,5,0.0,0.271707,0.577329,0.024275,0.972656,0.439064,0.589064,0.20138755440711975,0.5386088490486145,0.33722129464149475,-0.0,1.0,1.0,1,0,0,1,0,1,0,0.0,0.21796667575836182,2,clean,0.0,-1,29,30,CORRECT,0,0,0,0,0,0,0.0,0.0
margin,live-delta,5,0.0,0.271707,0.577329,0.024275,0.972656,0.439064,0.589064,0.001230776309967041,0.5109431743621826,0.5097123980522156,1.0983421802520752,2.999189853668213,0.3424144387245178,3,0,0,1,0,1,0,0.0,0.15158623456954956,2,clean,0.0,-1,30,27,CORRECT,0,0,0,0,0,0,0.0,0.0
margin,live-delta,5,0.0,0.271707,0.577329,0.024275,0.972656,0.439064,0.589064,0.05672097206115723,0.527478814125061,0.4707578420639038,0.9242557883262634,2.5199921131134033,0.6221434473991394,3,0,0,1,0,1,0,0.0,0.20573222637176514,2,clean,0.0,-1,31,21,CORRECT,0,0,0,0,0,0,0.0,0.0
margin,live-delta,5,0.0,0.271707,0.577329,0.024275,0.972656,0.439064,0.589064,0.06267088651657104,0.5771849155426025,0.5145140290260315,0.529564380645752,1.6981923580169678,0.7778909802436829,2,0,0,1,0,1,0,0.0,0.20687836408615112,2,clean,0.0,-1,32,21,CORRECT,0,0,0,0,0,0,0.0,0.0
margin,live-delta,5,0.0,0.271707,0.577329,0.024275,0.972656,0.439064,0.589064,0.06853950023651123,0.5272687673568726,0.45872926712036133,0.836567223072052,2.308429002761841,0.686884343624115,3,0,0,1,0,1,1,0.1744043529033661,0.06853950023651123,2,clean,0.0,-1,33,22,CORRECT,0,0,0,0,0,0,0.0,0.0
margin,live-delta,5,0.0,0.271707,0.577329,0.024275,0.972656,0.439064,0.589064,0.10985952615737915,0.44487905502319336,0.3350195288658142,-0.0,1.0,1.0,1,0,1,0,1,0,1,1.0,-0.10985952615737915,0,clean,0.0,-1,34,38,BLENDED,0,0,0,0,0,0,0.0,0.0
margin,live-delta,5,0.0,0.271707,0.577329,0.024275,0.972656,0.439064,0.589064,0.003992140293121338,0.46688970923423767,0.46289756894111633,1.5929940938949585,4.918453216552734,0.250478059053421,5,0,0,1,0,1,0,0.0,0.1551005244255066,2,clean,0.0,-1,36,31,CORRECT,0,0,0,0,0,0,0.0,0.0
margin,live-delta,5,0.0,0.271707,0.577329,0.024275,0.972656,0.439064,0.589064,0.042268991470336914,0.5554631948471069,0.51319420337677,1.7381713390350342,5.686934471130371,0.40361955761909485,8,0,0,1,0,1,1,0.2553464472293854,0.04853558540344238,1,clean,0.0,-1,37,14,CORRECT,0,0,0,0,0,0,0.0,0.0
margin,live-delta,5,0.0,0.271707,0.577329,0.024275,0.972656,0.439064,0.589064,0.030288755893707275,0.4567822813987732,0.4264935255050659,-0.0,1.0,1.0,1,0,0,1,0,1,0,0.0,0.10791254043579102,2,clean,0.0,-1,42,6,CORRECT,0,0,0,0,0,0,0.0,0.0
margin,live-delta,5,0.0,0.271707,0.577329,0.024275,0.972656,0.439064,0.589064,0.0289628803730011,0.45749402046203613,0.42853114008903503,-0.0,1.0,1.0,1,0,0,1,0,1,0,0.0,0.062056660652160645,2,clean,0.0,-1,43,31,CORRECT,0,0,0,0,0,0,0.0,0.0
margin,live-delta,5,0.0,0.271707,0.577329,0.024275,0.972656,0.439064,0.589064,0.004916787147521973,0.5519967079162598,0.5470799207687378,1.4430346488952637,4.233523845672607,0.3498474955558777,5,0,0,1,0,1,0,0.0,0.17608129978179932,2,clean,0.0,-1,45,5,CORRECT,0,0,0,0,0,0,0.0,0.0
margin,live-delta,5,0.0,0.271707,0.577329,0.024275,0.972656,0.439064,0.589064,0.00018841028213500977,0.47927355766296387,0.47908514738082886,0.6931453943252563,1.9999964237213135,0.5009419918060303,2,0,0,1,0,1,0,0.0,0.21689152717590332,2,clean,0.0,-1,48,18,CORRECT,0,0,0,0,0,0,0.0,0.0
margin,live-delta,5,0.0,0.271707,0.577329,0.024275,0.972656,0.439064,0.589064,0.13420286774635315,0.47192445397377014,0.337721586227417,-0.0,1.0,1.0,1,0,0,1,0,1,0,0.0,0.2240210920572281,2,clean,0.0,-1,49,18,CORRECT,0,0,0,0,0,0,0.0,0.0
margin,live-delta,5,0.0,0.271707,0.577329,0.024275,0.972656,0.439064,0.589064,0.019812464714050293,0.6749056577682495,0.6550931930541992,1.320310115814209,3.744582414627075,0.41643911600112915,7,0,0,1,0,1,0,0.0,0.2516825497150421,2,clean,0.0,-1,51,27,CORRECT,0,0,0,0,0,0,0.0,0.0
margin,live-delta,5,0.0,0.271707,0.577329,0.024275,0.972656,0.439064,0.589064,0.08814448118209839,0.606589138507843,0.5184446573257446,0.6165233850479126,1.8524764776229858,0.8030567765235901,3,0,0,1,0,1,0,0.0,0.3156187832355499,2,clean,0.0,-1,53,3,CORRECT,0,0,0,0,0,0,0.0,0.0
margin,live-delta,5,0.0,0.271707,0.577329,0.024275,0.972656,0.439064,0.589064,0.008193910121917725,0.5111909508705139,0.5029970407485962,1.2397409677505493,3.454718589782715,0.40997156500816345,4,0,0,1,0,1,0,0.0,0.09483623504638672,2,clean,0.0,-1,55,26,CORRECT,0,0,0,0,0,0,0.0,0.0
margin,live-delta,5,0.0,0.271707,0.577329,0.024275,0.972656,0.439064,0.589064,0.010157376527786255,0.4902037978172302,0.48004642128944397,1.5845460891723633,4.877077102661133,0.2621338367462158,5,0,0,1,0,1,1,0.12637773156166077,0.03647899627685547,1,clean,0.0,-1,56,27,CORRECT,0,0,0,0,0,0,0.0,0.0
margin,live-delta,5,0.0,0.271707,0.577329,0.024275,0.972656,0.439064,0.589064,0.06739246845245361,0.5771557092666626,0.509763240814209,1.3502264022827148,3.8582990169525146,0.5552761554718018,6,0,0,1,0,1,0,0.05098020285367966,0.11940142512321472,2,clean,0.0,-1,58,28,CORRECT,0,0,0,0,0,0,0.0,0.0
margin,live-delta,5,0.0,0.271707,0.577329,0.024275,0.972656,0.439064,0.589064,0.025899112224578857,0.6490280032157898,0.6231288909912109,1.4651652574539185,4.328258514404297,0.3999028503894806,6,0,0,1,0,1,0,0.0138956094160676,0.16798242926597595,2,clean,0.0,-1,59,25,CORRECT,0,0,0,0,0,0,0.0,0.0
margin,live-delta,5,0.0,0.271707,0.577329,0.024275,0.972656,0.439064,0.589064,0.06994545459747314,0.6491247415542603,0.5791792869567871,0.9464529752731323,2.576554298400879,0.6593641638755798,4,0,0,1,0,1,0,0.0,0.3308027386665344,2,clean,0.0,-1,62,25,CORRECT,0,0,0,0,0,0,0.0,0.0
margin,live-delta,5,0.0,0.271707,0.577329,0.024275,0.972656,0.439064,0.589064,0.01966238021850586,0.5686567425727844,0.5489943623542786,2.3414812088012695,10.396624565124512,0.19699007272720337,13,1,1,1,1,1,0,0.0,0.2685515880584717,2,clean,0.0,-1,64,55,CORRECT,0,0,0,0,0,0,0.0,0.0
margin,live-delta,5,0.0,0.271707,0.577329,0.024275,0.972656,0.439064,0.589064,0.024967968463897705,0.6106247305870056,0.5856567621231079,1.9094914197921753,6.749655246734619,0.31075409054756165,12,1,1,1,1,1,0,0.0,0.3402480483055115,2,clean,0.0,-1,65,37,CORRECT,0,0,0,0,0,0,0.0,0.0
margin,live-delta,5,0.0,0.271707,0.577329,0.024275,0.972656,0.439064,0.589064,0.05212599039077759,0.7629485726356506,0.710822582244873,1.4158259630203247,4.119887828826904,0.5562195777893066,16,1,1,1,1,1,0,0.0050707594491541386,0.2588147521018982,2,clean,0.0,-1,66,54,CORRECT,0,0,0,0,0,0,0.0,0.0
margin,live-delta,5,0.0,0.271707,0.577329,0.024275,0.972656,0.439064,0.589064,0.06852149963378906,0.7129783630371094,0.6444568634033203,1.7361316680908203,5.675346851348877,0.5102615356445312,17,1,1,1,1,1,0,0.0038727500941604376,0.24404793977737427,2,clean,0.0,-1,67,39,CORRECT,0,0,0,0,0,0,0.0,0.0
margin,live-delta,5,0.0,0.271707,0.577329,0.024275,0.972656,0.439064,0.589064,0.08516144752502441,0.7080281972885132,0.6228667497634888,1.44516122341156,4.2425360679626465,0.6203391551971436,15,1,1,1,1,1,0,0.003960753791034222,0.2526915967464447,2,clean,0.0,-1,68,54,CORRECT,0,0,0,0,0,0,0.0,0.0
margin,live-delta,5,0.0,0.271707,0.577329,0.024275,0.972656,0.439064,0.589064,0.04955393075942993,0.7288384437561035,0.6792845129966736,1.4435832500457764,4.235846996307373,0.514823317527771,11,1,1,1,1,1,0,0.001579965348355472,0.28932103514671326,2,clean,0.0,-1,69,55,CORRECT,0,0,0,0,0,0,0.0,0.0
margin,live-delta,5,0.0,0.271707,0.577329,0.024275,0.972656,0.439064,0.589064,0.014178097248077393,0.6187683939933777,0.6045902967453003,1.2818435430526733,3.603276491165161,0.4797991216182709,8,1,1,1,1,1,1,0.4353707432746887,0.014178097248077393,0,clean,0.0,-1,70,32,CORRECT,0,0,0,0,0,0,0.0,0.0
margin,live-delta,5,0.0,0.271707,0.577329,0.024275,0.972656,0.439064,0.589064,0.03313928842544556,0.5181591510772705,0.48501986265182495,0.6411111950874329,1.8985893726348877,0.659885823726654,2,1,1,1,1,1,0,0.0,0.1789383888244629,2,clean,0.0,-1,71,52,CORRECT,0,0,0,0,0,0,0.0,0.0
margin,live-delta,5,0.0,0.271707,0.577329,0.024275,0.972656,0.439064,0.589064,0.0879206657409668,0.5985121130943298,0.510591447353363,0.5796738862991333,1.7854560613632202,0.8154345154762268,3,1,1,1,1,1,0,0.0,0.19561368227005005,2,clean,0.0,-1,72,58,CORRECT,0,0,0,0,0,0,0.0,0.0
margin,live-delta,5,0.0,0.271707,0.577329,0.024275,0.972656,0.439064,0.589064,0.004833340644836426,0.6409604549407959,0.6361271142959595,1.7804850339889526,5.932733535766602,0.3165929615497589,11,1,1,1,1,1,0,0.0,0.31000831723213196,2,clean,0.0,-1,73,45,CORRECT,0,0,0,0,0,0,0.0,0.0
margin,live-delta,5,0.0,0.271707,0.577329,0.024275,0.972656,0.439064,0.589064,0.03012096881866455,0.551203727722168,0.5210827589035034,2.1479737758636475,8.56748104095459,0.28264811635017395,11,1,1,1,1,1,0,0.0,0.17551171779632568,2,clean,0.0,-1,74,50,CORRECT,0,0,0,0,0,0,0.0,0.0
margin,live-delta,5,0.0,0.271707,0.577329,0.024275,0.972656,0.439064,0.589064,0.005219697952270508,0.49835360050201416,0.49313390254974365,1.512419581413269,4.537696838378906,0.3093273341655731,5,1,1,1,1,1,0,0.0,0.15347930788993835,2,clean,0.0,-1,75,39,CORRECT,0,0,0,0,0,0,0.0,0.0
margin,live-delta,5,0.0,0.271707,0.577329,0.024275,0.972656,0.439064,0.589064,0.2984471321105957,0.7332471609115601,0.43480002880096436,-0.0,1.0,1.0,1,1,1,1,1,1,0,0.0,0.2984471321105957,2,clean,0.0,-1,76,38,CORRECT,0,0,0,0,0,0,0.0,0.0
margin,live-delta,5,0.0,0.271707,0.577329,0.024275,0.972656,0.439064,0.589064,0.11552649736404419,0.5862758159637451,0.4707493185997009,0.30312657356262207,1.3540858030319214,0.9097453355789185,2,1,1,1,1,1,0,0.0,0.14756673574447632,2,clean,0.0,-1,77,58,CORRECT,0,0,0,0,0,0,0.0,0.0
margin,live-delta,5,0.0,0.271707,0.577329,0.024275,0.972656,0.439064,0.589064,0.05276894569396973,0.5781490802764893,0.5253801345825195,1.8377052545547485,6.282105922698975,0.4033111035823822,9,1,1,1,1,1,0,0.06803681701421738,0.08898293972015381,2,clean,0.0,-1,78,44,CORRECT,0,0,0,0,0,0,0.0,0.0
margin,live-delta,5,0.0,0.271707,0.577329,0.024275,0.972656,0.439064,0.589064,0.14612972736358643,0.6591064929962158,0.5129767656326294,0.20158909261226654,1.2233452796936035,0.9489521384239197,2,1,1,1,1,1,0,0.0,0.330605149269104,2,clean,0.0,-1,80,48,CORRECT,0,0,0,0,0,0,0.0,0.0
margin,live-delta,5,0.0,0.271707,0.577329,0.024275,0.972656,0.439064,0.589064,0.016943812370300293,0.5699619054794312,0.5530180931091309,1.3377693891525269,3.8105342388153076,0.46108105778694153,6,1,1,1,1,1,0,0.0,0.24595826864242554,2,clean,0.0,-1,81,50,CORRECT,0,0,0,0,0,0,0.0,0.0
margin,live-delta,5,0.0,0.271707,0.577329,0.024275,0.972656,0.439064,0.589064,0.026044607162475586,0.7519335150718689,0.7258889079093933,1.5296614170074463,4.616613388061523,0.4416230618953705,13,1,1,1,1,1,0,0.0,0.4864329695701599,2,clean,0.0,-1,82,51,CORRECT,0,0,0,0,0,0,0.0,0.0
margin,live-delta,5,0.0,0.271707,0.577329,0.024275,0.972656,0.439064,0.589064,0.047495365142822266,0.6791089773178101,0.6316136121749878,1.3715834617614746,3.941587209701538,0.5729954838752747,11,1,1,1,1,1,0,0.0,0.3359265923500061,2,clean,0.0,-1,83,44,CORRECT,0,0,0,0,0,0,0.0,0.0
margin,live-delta,5,0.0,0.271707,0.577329,0.024275,0.972656,0.439064,0.589064,0.03799247741699219,0.7384377717971802,0.700445294380188,0.7970215678215027,2.2189221382141113,0.6581733822822571,7,1,1,1,1,1,0,0.0,0.348906934261322,2,clean,0.0,-1,84,41,CORRECT,0,0,0,0,0,0,0.0,0.0
margin,live-delta,5,0.0,0.271707,0.577329,0.024275,0.972656,0.439064,0.589064,0.0889737606048584,0.6956807374954224,0.606706976890564,1.406815767288208,4.0829339027404785,0.6207090616226196,13,1,1,1,1,1,0,0.0,0.38515859842300415,2,clean,0.0,-1,85,43,CORRECT,0,0,0,0,0,0,0.0,0.0
margin,live-delta,5,0.0,0.271707,0.577329,0.024275,0.972656,0.439064,0.589064,0.045197486877441406,0.7701441049575806,0.7249466180801392,1.4363933801651,4.205500602722168,0.5489729642868042,15,1,1,1,1,1,0,0.0,0.4686961770057678,2,clean,0.0,-1,86,51,CORRECT,0,0,0,0,0,0,0.0,0.0
margin,live-delta,5,0.0,0.271707,0.577329,0.024275,0.972656,0.439064,0.589064,0.011904120445251465,0.6797964572906494,0.667892336845398,1.5979340076446533,4.94281005859375,0.31458958983421326,9,1,1,1,1,1,0,0.0,0.41648101806640625,2,clean,0.0,-1,87,33,CORRECT,0,0,0,0,0,0,0.0,0.0
margin,live-delta,5,0.0,0.271707,0.577329,0.024275,0.972656,0.439064,0.589064,0.09143966436386108,0.5780873894691467,0.48664772510528564,0.8159888982772827,2.26141095161438,0.7532624006271362,4,1,1,1,1,1,0,0.05544177070260048,0.13045400381088257,2,clean,0.0,-1,88,47,CORRECT,0,0,0,0,0,0,0.0,0.0
margin,live-delta,5,0.0,0.271707,0.577329,0.024275,0.972656,0.439064,0.589064,0.03494095802307129,0.6190261840820312,0.58408522605896,0.9042328596115112,2.470036268234253,0.6164795756340027,4,1,1,1,1,1,0,0.0,0.2693459093570709,2,clean,0.0,-1,89,52,CORRECT,0,0,0,0,0,0,0.0,0.0
margin,live-delta,5,0.0,0.271707,0.577329,0.024275,0.972656,0.439064,0.589064,0.027263760566711426,0.692020058631897,0.6647562980651855,1.675542950630188,5.3416948318481445,0.37304309010505676,13,1,1,1,1,1,0,0.0,0.2833227515220642,2,clean,0.0,-1,91,39,CORRECT,0,0,0,0,0,0,0.0,0.0
margin,live-delta,5,0.0,0.271707,0.577329,0.024275,0.972656,0.439064,0.589064,0.029761195182800293,0.7398475408554077,0.7100863456726074,1.7118500471115112,5.5391998291015625,0.3889440596103668,14,1,1,1,1,1,0,0.0,0.47665858268737793,2,clean,0.0,-1,92,45,CORRECT,0,0,0,0,0,0,0.0,0.0
margin,live-delta,5,0.0,0.271707,0.577329,0.024275,0.972656,0.439064,0.589064,0.1284804344177246,0.5923916697502136,0.463911235332489,0.6271226406097412,1.872215747833252,0.8348609805107117,4,1,1,1,1,1,1,0.16513895988464355,0.1284804344177246,2,clean,0.0,-1,93,32,CORRECT,0,0,0,0,0,0,0.0,0.0
margin,live-delta,5,0.0,0.271707,0.577329,0.024275,0.972656,0.439064,0.589064,0.1297839879989624,0.55228590965271,0.42250192165374756,-0.0,1.0,1.0,1,1,1,1,1,1,0,0.0,0.32412323355674744,2,clean,0.0,-1,94,52,CORRECT,0,0,0,0,0,0,0.0,0.0
margin,live-delta,5,0.0,0.271707,0.577329,0.024275,0.972656,0.439064,0.589064,0.09342542290687561,0.5417872071266174,0.4483617842197418,0.3933871388435364,1.4819920063018799,0.8662855625152588,2,1,1,1,1,1,0,0.0,0.27124589681625366,2,clean,0.0,-1,95,51,CORRECT,0,0,0,0,0,0,0.0,0.0
margin,live-delta,5,0.0,0.271707,0.577329,0.024275,0.972656,0.439064,0.589064,0.050793468952178955,0.5806038975715637,0.5298104286193848,1.4404054880142212,4.222407817840576,0.45094889402389526,5,1,1,1,1,1,0,0.0,0.2296139895915985,2,clean,0.0,-1,97,39,CORRECT,0,0,0,0,0,0,0.0,0.0
margin,live-delta,5,0.0,0.271707,0.577329,0.024275,0.972656,0.439064,0.589064,0.015441596508026123,0.584922194480896,0.5694805979728699,1.9659758806228638,7.141879081726074,0.2806284725666046,9,1,1,1,1,1,0,0.0,0.33483394980430603,2,clean,0.0,-1,98,45,CORRECT,0,0,0,0,0,0,0.0,0.0
margin,live-delta,5,0.0,0.271707,0.577329,0.024275,0.972656,0.439064,0.589064,0.26017677783966064,0.6687585115432739,0.4085817337036133,-0.0,1.0,1.0,1,1,1,1,1,1,0,0.0,0.3264943063259125,2,clean,0.0,-1,99,60,CORRECT,0,0,0,0,0,0,0.0,0.0
margin,live-delta,5,0.0,0.271707,0.577329,0.024275,0.972656,0.439064,0.589064,0.015581190586090088,0.7002413272857666,0.6846601366996765,1.6012790203094482,4.959371566772461,0.4149681627750397,13,1,1,1,1,1,0,0.03963572904467583,0.12970495223999023,2,clean,0.0,-1,100,55,CORRECT,0,0,0,0,0,0,0.0,0.0
margin,live-delta,5,0.0,0.271707,0.577329,0.024275,0.972656,0.439064,0.589064,0.056407630443573,0.6827635765075684,0.6263559460639954,1.5161516666412354,4.55466365814209,0.4522438645362854,8,1,1,1,1,1,0,0.0,0.3936646282672882,2,clean,0.0,-1,101,33,CORRECT,0,0,0,0,0,0,0.0,0.0
margin,live-delta,5,0.0,0.271707,0.577329,0.024275,0.972656,0.439064,0.589064,0.03583967685699463,0.5661741495132446,0.53033447265625,1.8710620403289795,6.4951910972595215,0.3483125567436218,9,1,1,1,1,1,1,0.16582131385803223,0.03710949420928955,1,clean,0.0,-1,102,50,CORRECT,0,0,0,0,0,0,0.0,0.0
margin,live-delta,5,0.0,0.271707,0.577329,0.024275,0.972656,0.439064,0.589064,0.01545494794845581,0.607532799243927,0.5920778512954712,0.6813455820083618,1.9765355587005615,0.5766653418540955,2,1,1,1,1,1,0,0.0,0.19596463441848755,2,clean,0.0,-1,103,41,CORRECT,0,0,0,0,0,0,0.0,0.0
margin,live-delta,5,0.0,0.271707,0.577329,0.024275,0.972656,0.439064,0.589064,0.06616508960723877,0.7455623149871826,0.6793972253799438,1.2658060789108276,3.545949935913086,0.6393237709999084,14,1,1,1,1,1,0,0.0,0.34216418862342834,2,clean,0.0,-1,104,39,CORRECT,0,0,0,0,0,0,0.0,0.0
margin,live-delta,5,0.0,0.271707,0.577329,0.024275,0.972656,0.439064,0.589064,0.0018985271453857422,0.7375691533088684,0.7356706261634827,1.6145350933074951,5.025550842285156,0.3246951401233673,13,1,1,1,1,1,0,0.0,0.30341246724128723,2,clean,0.0,-1,105,54,CORRECT,0,0,0,0,0,0,0.0,0.0
margin,live-delta,5,0.0,0.271707,0.577329,0.024275,0.972656,0.439064,0.589064,0.00989389419555664,0.4737173914909363,0.46382349729537964,1.0729889869689941,2.9241065979003906,0.41885125637054443,3,1,1,1,1,1,0,0.0,0.1302989423274994,2,clean,0.0,-1,106,62,CORRECT,0,0,0,0,0,0,0.0,0.0
margin,live-delta,5,0.0,0.271707,0.577329,0.024275,0.972656,0.439064,0.589064,0.1537250280380249,0.799985408782959,0.6462603807449341,0.4958779215812683,1.6419390439987183,0.8949791193008423,10,1,1,1,1,1,0,0.0,0.5308573842048645,2,clean,0.0,-1,107,51,CORRECT,0,0,0,0,0,0,0.0,0.0
margin,live-delta,5,0.0,0.271707,0.577329,0.024275,0.972656,0.439064,0.589064,0.03705352544784546,0.7192625999450684,0.6822090744972229,1.5510046482086182,4.716206073760986,0.5038705468177795,15,1,1,1,1,1,0,0.0,0.4430217444896698,2,clean,0.0,-1,108,45,CORRECT,0,0,0,0,0,0,0.0,0.0
margin,live-delta,5,0.0,0.271707,0.577329,0.024275,0.972656,0.439064,0.589064,0.22602304816246033,0.6040655374526978,0.3780424892902374,-0.0,1.0,1.0,1,1,1,1,1,1,0,0.0,0.22602304816246033,2,clean,0.0,-1,109,38,CORRECT,0,0,0,0,0,0,0.0,0.0
margin,live-delta,5,0.0,0.271707,0.577329,0.024275,0.972656,0.439064,0.589064,0.037272632122039795,0.5118335485458374,0.4745609164237976,0.6282285451889038,1.8742873668670654,0.6781869530677795,2,1,1,1,1,1,0,0.0,0.14201003313064575,2,clean,0.0,-1,110,47,CORRECT,0,0,0,0,0,0,0.0,0.0
margin,live-delta,5,0.0,0.271707,0.577329,0.024275,0.972656,0.439064,0.589064,0.00589442253112793,0.6232324838638306,0.6173380613327026,0.9393909573554993,2.558422803878784,0.49284619092941284,4,1,1,1,1,1,0,0.0,0.26012080907821655,2,clean,0.0,-1,111,59,CORRECT,0,0,0,0,0,0,0.0,0.0
margin,live-delta,5,0.0,0.271707,0.577329,0.024275,0.972656,0.439064,0.589064,0.01124069094657898,0.4431905448436737,0.4319498538970947,-0.0,1.0,1.0,1,1,1,1,1,1,0,0.0,0.03822389245033264,1,clean,0.0,-1,112,51,CORRECT,0,0,0,0,0,0,0.0,0.0
margin,live-delta,5,0.0,0.271707,0.577329,0.024275,0.972656,0.439064,0.589064,0.06394106149673462,0.701833188533783,0.6378921270370483,1.6664202213287354,5.293185234069824,0.5275378227233887,15,1,1,1,1,1,0,0.0035519737284630537,0.25003582239151,2,clean,0.0,-1,113,39,CORRECT,0,0,0,0,0,0,0.0,0.0
margin,live-delta,5,0.0,0.271707,0.577329,0.024275,0.972656,0.439064,0.589064,0.06835818290710449,0.6080368757247925,0.539678692817688,0.9950105547904968,2.7047529220581055,0.660291850566864,4,1,1,1,1,1,0,0.0,0.2539392411708832,2,clean,0.0,-1,114,59,CORRECT,0,0,0,0,0,0,0.0,0.0
margin,live-delta,5,0.0,0.271707,0.577329,0.024275,0.972656,0.439064,0.589064,0.05447810888290405,0.6041508316993713,0.5496727228164673,1.0775936841964722,2.9376022815704346,0.6253456473350525,5,1,1,1,1,1,0,0.0,0.33038443326950073,2,clean,0.0,-1,115,50,CORRECT,0,0,0,0,0,0,0.0,0.0
margin,live-delta,5,0.0,0.271707,0.577329,0.024275,0.972656,0.439064,0.589064,0.01016378402709961,0.5373191833496094,0.5271553993225098,1.6083056926727295,4.99434232711792,0.3345862329006195,6,1,1,1,1,1,1,0.23712188005447388,0.042666494846343994,1,clean,0.0,-1,116,63,CORRECT,0,0,0,0,0,0,0.0,0.0
margin,live-delta,5,0.0,0.271707,0.577329,0.024275,0.972656,0.439064,0.589064,0.06607326865196228,0.4983387291431427,0.4322654604911804,-0.0,1.0,1.0,1,1,1,1,1,1,0,0.0,0.06607326865196228,2,clean,0.0,-1,117,58,CORRECT,0,0,0,0,0,0,0.0,0.0
margin,live-delta,5,0.0,0.271707,0.577329,0.024275,0.972656,0.439064,0.589064,0.04003894329071045,0.7102930545806885,0.670254111289978,1.3079015016555786,3.698404550552368,0.5311775207519531,9,1,1,1,1,1,0,0.0,0.4212930202484131,2,clean,0.0,-1,119,39,CORRECT,0,0,0,0,0,0,0.0,0.0
margin,live-delta,5,0.0,0.271707,0.577329,0.024275,0.972656,0.439064,0.589064,0.2523503005504608,0.6183493137359619,0.3659990131855011,-0.0,1.0,1.0,1,1,1,1,1,1,0,0.0,0.41161060333251953,2,clean,0.0,-1,121,52,CORRECT,0,0,0,0,0,0,0.0,0.0
margin,live-delta,5,0.0,0.271707,0.577329,0.024275,0.972656,0.439064,0.589064,0.014266133308410645,0.7422631978988647,0.7279970645904541,1.422123670578003,4.145915508270264,0.38885706663131714,11,1,1,1,1,1,0,0.0,0.5021474361419678,2,clean,0.0,-1,122,45,CORRECT,0,0,0,0,0,0,0.0,0.0
margin,live-delta,5,0.0,0.271707,0.577329,0.024275,0.972656,0.439064,0.589064,0.08240044116973877,0.8361939191818237,0.753793478012085,0.5423063039779663,1.7199690341949463,0.8239426612854004,6,1,1,1,1,1,0,0.0004518595524132252,0.37542420625686646,2,clean,0.0,-1,123,36,CORRECT,0,0,0,0,0,0,0.0,0.0
margin,live-delta,5,0.0,0.271707,0.577329,0.024275,0.972656,0.439064,0.589064,0.03546115756034851,0.49169304966926575,0.45623189210891724,1.0287868976593018,2.7976698875427246,0.5145205855369568,3,1,1,1,1,1,0,0.0,0.18838730454444885,2,clean,0.0,-1,125,41,CORRECT,0,0,0,0,0,0,0.0,0.0
margin,live-delta,5,0.0,0.271707,0.577329,0.024275,0.972656,0.439064,0.589064,0.0261155366897583,0.744177520275116,0.7180619835853577,1.4765279293060303,4.377719402313232,0.4277113974094391,13,1,1,1,1,1,0,0.005537495948374271,0.23962503671646118,2,clean,0.0,-1,126,62,CORRECT,0,0,0,0,0,0,0.0,0.0
margin,live-delta,5,0.0,0.271707,0.577329,0.024275,0.972656,0.439064,0.589064,0.19001200795173645,0.6020189523696899,0.4120069444179535,-0.0,1.0,1.0,1,1,1,1,1,1,0,0.0,0.37000665068626404,2,clean,0.0,-1,127,47,CORRECT,0,0,0,0,0,0,0.0,0.0
margin,live-delta,5,0.0,0.271707,0.577329,0.024275,0.972656,0.439064,0.589064,0.005229651927947998,0.5517898201942444,0.5465601682662964,2.1953423023223877,8.983075141906738,0.20394165813922882,11,2,2,1,2,1,0,0.0,0.22328901290893555,2,clean,0.0,-1,128,92,CORRECT,0,0,0,0,0,0,0.0,0.0
margin,live-delta,5,0.0,0.271707,0.577329,0.024275,0.972656,0.439064,0.589064,0.012582868337631226,0.4893530011177063,0.4767701327800751,1.5458707809448242,4.692055702209473,0.315262109041214,5,2,2,1,2,1,0,0.0,0.07689374685287476,2,clean,0.0,-1,130,88,CORRECT,0,0,0,0,0,0,0.0,0.0
margin,live-delta,5,0.0,0.271707,0.577329,0.024275,0.972656,0.439064,0.589064,0.03712707757949829,0.7388211488723755,0.7016940712928772,1.1324647665023804,3.1032960414886475,0.5346430540084839,9,2,2,1,2,1,0,0.0,0.4550756812095642,2,clean,0.0,-1,131,92,CORRECT,0,0,0,0,0,0,0.0,0.0
margin,live-delta,5,0.0,0.271707,0.577329,0.024275,0.972656,0.439064,0.589064,0.07996654510498047,0.5953593254089355,0.5153927803039551,1.5070693492889404,4.513484001159668,0.5781190991401672,9,2,2,1,2,1,0,0.0,0.30446359515190125,2,clean,0.0,-1,132,80,CORRECT,0,0,0,0,0,0,0.0,0.0
margin,live-delta,5,0.0,0.271707,0.577329,0.024275,0.972656,0.439064,0.589064,0.10068809986114502,0.6728984117507935,0.5722103118896484,1.317524790763855,3.7341670989990234,0.6606665849685669,10,2,2,1,2,1,0,0.0,0.549420952796936,2,clean,0.0,-1,133,66,CORRECT,0,0,0,0,0,0,0.0,0.0
margin,live-delta,5,0.0,0.271707,0.577329,0.024275,0.972656,0.439064,0.589064,0.010797262191772461,0.6597398519515991,0.6489425897598267,1.7877330780029297,5.975890159606934,0.33156898617744446,12,2,2,1,2,1,0,0.0,0.41171005368232727,2,clean,0.0,-1,134,92,CORRECT,0,0,0,0,0,0,0.0,0.0
margin,live-delta,5,0.0,0.271707,0.577329,0.024275,0.972656,0.439064,0.589064,0.038563430309295654,0.7814432978630066,0.7428798675537109,2.0973949432373047,8.14492416381836,0.3092581331729889,17,2,2,1,2,1,0,0.0,0.6722792387008667,2,clean,0.0,-1,135,86,CORRECT,0,0,0,0,0,0,0.0,0.0
margin,live-delta,5,0.0,0.271707,0.577329,0.024275,0.972656,0.439064,0.589064,0.020030081272125244,0.5288381576538086,0.5088080763816833,2.260021448135376,9.583294868469238,0.22070133686065674,11,2,2,1,2,1,0,0.0,0.34904682636260986,2,clean,0.0,-1,136,88,CORRECT,0,0,0,0,0,0,0.0,0.0
margin,live-delta,5,0.0,0.271707,0.577329,0.024275,0.972656,0.439064,0.589064,0.073203444480896,0.7202974557876587,0.6470940113067627,1.0489871501922607,2.8547582626342773,0.6896443367004395,9,2,2,1,2,1,0,0.0,0.329639196395874,2,clean,0.0,-1,137,88,CORRECT,0,0,0,0,0,0,0.0,0.0
margin,live-delta,5,0.0,0.271707,0.577329,0.024275,0.972656,0.439064,0.589064,0.010031938552856445,0.6941384077072144,0.6841064691543579,2.1667442321777344,8.729815483093262,0.25467154383659363,18,2,2,1,2,1,0,0.0,0.5886439085006714,2,clean,0.0,-1,138,81,CORRECT,0,0,0,0,0,0,0.0,0.0
margin,live-delta,5,0.0,0.271707,0.577329,0.024275,0.972656,0.439064,0.589064,0.02701401710510254,0.5055744051933289,0.4785603880882263,0.6579487919807434,1.9308277368545532,0.6318776607513428,2,2,2,1,2,1,0,0.0,0.27878403663635254,2,clean,0.0,-1,139,80,CORRECT,0,0,0,0,0,0,0.0,0.0
margin,live-delta,5,0.0,0.271707,0.577329,0.024275,0.972656,0.439064,0.589064,0.004963397979736328,0.5345861911773682,0.5296227931976318,1.971577525138855,7.181997299194336,0.22626833617687225,8,2,2,1,2,1,0,0.0,0.4051614999771118,2,clean,0.0,-1,140,66,CORRECT,0,0,0,0,0,0,0.0,0.0
margin,live-delta,5,0.0,0.271707,0.577329,0.024275,0.972656,0.439064,0.589064,0.0156974196434021,0.6356213688850403,0.6199239492416382,1.9866859912872314,7.291330337524414,0.2903841435909271,13,2,2,1,2,1,0,0.0,0.4982225298881531,2,clean,0.0,-1,141,66,CORRECT,0,0,0,0,0,0,0.0,0.0
margin,live-delta,5,0.0,0.271707,0.577329,0.024275,0.972656,0.439064,0.589064,0.01708298921585083,0.7122920751571655,0.6952090859413147,1.2599601745605469,3.5252811908721924,0.4833809733390808,10,2,2,1,2,1,0,0.0,0.3683291971683502,2,clean,0.0,-1,142,88,CORRECT,0,0,0,0,0,0,0.0,0.0
margin,live-delta,5,0.0,0.271707,0.577329,0.024275,0.972656,0.439064,0.589064,0.05140995979309082,0.7328740954399109,0.6814641356468201,1.9405049085617065,6.962265491485596,0.40896961092948914,16,2,2,1,2,1,0,0.0,0.6180444955825806,2,clean,0.0,-1,143,66,CORRECT,0,0,0,0,0,0,0.0,0.0
margin,live-delta,5,0.0,0.271707,0.577329,0.024275,0.972656,0.439064,0.589064,0.06999588012695312,0.8557835817337036,0.7857877016067505,1.1510076522827148,3.161376953125,0.6333998441696167,16,2,2,1,2,1,0,0.0,0.6665446758270264,2,clean,0.0,-1,144,92,CORRECT,0,0,0,0,0,0,0.0,0.0
margin,live-delta,5,0.0,0.271707,0.577329,0.024275,0.972656,0.439064,0.589064,0.07027477025985718,0.7297858595848083,0.6595110893249512,1.6335607767105103,5.1220808029174805,0.5572382807731628,15,2,2,1,2,1,0,0.0,0.5841353535652161,2,clean,0.0,-1,145,82,CORRECT,0,0,0,0,0,0,0.0,0.0
margin,live-delta,5,0.0,0.271707,0.577329,0.024275,0.972656,0.439064,0.589064,0.012750029563903809,0.620884895324707,0.6081348657608032,2.2108232975006104,9.123224258422852,0.2578112781047821,15,2,2,1,2,1,0,0.0,0.41435956954956055,2,clean,0.0,-1,146,89,CORRECT,0,0,0,0,0,0,0.0,0.0
margin,live-delta,5,0.0,0.271707,0.577329,0.024275,0.972656,0.439064,0.589064,0.01943683624267578,0.7345792055130005,0.7151423692703247,1.9745113849639893,7.203099250793457,0.32740145921707153,17,2,2,1,2,1,0,0.0,0.5811883211135864,2,clean,0.0,-1,147,66,CORRECT,0,0,0,0,0,0,0.0,0.0
margin,live-delta,5,0.0,0.271707,0.577329,0.024275,0.972656,0.439064,0.589064,0.05345660448074341,0.7361685633659363,0.6827119588851929,1.9927566051483154,7.335727691650391,0.3912556767463684,14,2,2,1,2,1,0,0.0,0.5475063323974609,2,clean,0.0,-1,148,87,CORRECT,0,0,0,0,0,0,0.0,0.0
margin,live-delta,5,0.0,0.271707,0.577329,0.024275,0.972656,0.439064,0.589064,0.032271623611450195,0.8208656311035156,0.7885940074920654,1.3720816373825073,3.9435513019561768,0.4559568762779236,16,2,2,1,2,1,0,0.0,0.5866742730140686,2,clean,0.0,-1,149,88,CORRECT,0,0,0,0,0,0,0.0,0.0
margin,live-delta,5,0.0,0.271707,0.577329,0.024275,0.972656,0.439064,0.589064,0.055301666259765625,0.5719026327133179,0.5166009664535522,1.0985515117645264,2.9998176097869873,0.626548171043396,5,2,2,1,2,1,0,0.0,0.34642860293388367,2,clean,0.0,-1,150,80,CORRECT,0,0,0,0,0,0,0.0,0.0
margin,live-delta,5,0.0,0.271707,0.577329,0.024275,0.972656,0.439064,0.589064,0.16924935579299927,0.6686280965805054,0.4993787407875061,0.38829556107521057,1.4744654893875122,0.9189178347587585,5,2,2,1,2,1,0,0.0,0.5161433815956116,2,clean,0.0,-1,151,82,CORRECT,0,0,0,0,0,0,0.0,0.0
margin,live-delta,5,0.0,0.271707,0.577329,0.024275,0.972656,0.439064,0.589064,0.014408707618713379,0.7415615320205688,0.7271528244018555,2.1189281940460205,8.322213172912598,0.27553868293762207,18,2,2,1,2,1,0,0.0,0.6040228009223938,2,clean,0.0,-1,152,66,CORRECT,0,0,0,0,0,0,0.0,0.0
margin,live-delta,5,0.0,0.271707,0.577329,0.024275,0.972656,0.439064,0.589064,0.010547876358032227,0.8060425519943237,0.7954946756362915,1.3239156007766724,3.758107900619507,0.42233118414878845,16,2,2,1,2,1,0,0.0,0.5476217269897461,2,clean,0.0,-1,153,92,CORRECT,0,0,0,0,0,0,0.0,0.0
margin,live-delta,5,0.0,0.271707,0.577329,0.024275,0.972656,0.439064,0.589064,0.020640254020690918,0.6020315885543823,0.5813913345336914,2.2193665504455566,9.201499938964844,0.24520422518253326,13,2,2,1,2,1,0,0.0,0.42076271772384644,2,clean,0.0,-1,160,94,CORRECT,0,0,0,0,0,0,0.0,0.0
margin,live-delta,5,0.0,0.271707,0.577329,0.024275,0.972656,0.439064,0.589064,0.0004684329032897949,0.558491587638855,0.5580231547355652,2.468005895614624,11.798894882202148,0.15108776092529297,14,2,2,1,2,1,0,0.0,0.3641226291656494,2,clean,0.0,-1,162,94,CORRECT,0,0,0,0,0,0,0.0,0.0
margin,live-delta,5,0.0,0.271707,0.577329,0.024275,0.972656,0.439064,0.589064,0.009126722812652588,0.5600058436393738,0.5508791208267212,1.837072491645813,6.27813196182251,0.299072802066803,8,2,2,1,2,1,0,0.0,0.3933143615722656,2,clean,0.0,-1,164,86,CORRECT,0,0,0,0,0,0,0.0,0.0
margin,live-delta,5,0.0,0.271707,0.577329,0.024275,0.972656,0.439064,0.589064,0.02350926399230957,0.6209155321121216,0.597406268119812,2.3354697227478027,10.33431339263916,0.22745604813098907,14,2,2,1,2,1,0,0.0,0.4534796178340912,2,clean,0.0,-1,166,66,CORRECT,0,0,0,0,0,0,0.0,0.0
margin,live-delta,5,0.0,0.271707,0.577329,0.024275,0.972656,0.439064,0.589064,0.07067340612411499,0.8171741366386414,0.7465007305145264,1.6226474046707153,5.06648588180542,0.5326154232025146,17,2,2,1,2,1,0,0.0,0.6834558248519897,2,clean,0.0,-1,167,94,CORRECT,0,0,0,0,0,0,0.0,0.0
margin,live-delta,5,0.0,0.271707,0.577329,0.024275,0.972656,0.439064,0.589064,0.04554343223571777,0.8218976855278015,0.7763542532920837,1.8764818906784058,6.530489444732666,0.38273027539253235,18,2,2,1,2,1,0,0.0,0.6797922253608704,2,clean,0.0,-1,169,87,CORRECT,0,0,0,0,0,0,0.0,0.0
margin,live-delta,5,0.0,0.271707,0.577329,0.024275,0.972656,0.439064,0.589064,0.055218279361724854,0.4490985870361328,0.39388030767440796,-0.0,1.0,1.0,1,2,2,1,2,1,0,0.0,0.1706991195678711,2,clean,0.0,-1,170,74,CORRECT,0,0,0,0,0,0,0.0,0.0
margin,live-delta,5,0.0,0.271707,0.577329,0.024275,0.972656,0.439064,0.589064,0.03050374984741211,0.7986985445022583,0.7681947946548462,2.0227675437927246,7.559216499328613,0.3476046919822693,18,2,2,1,2,1,0,0.0,0.652678370475769,2,clean,0.0,-1,172,94,CORRECT,0,0,0,0,0,0,0.0,0.0
margin,live-delta,5,0.0,0.271707,0.577329,0.024275,0.972656,0.439064,0.589064,0.022157609462738037,0.6517328023910522,0.6295751929283142,1.8360211849212646,6.271535396575928,0.374071329832077,11,2,2,1,2,1,0,0.0,0.493843138217926,2,clean,0.0,-1,173,79,CORRECT,0,0,0,0,0,0,0.0,0.0
margin,live-delta,5,0.0,0.271707,0.577329,0.024275,0.972656,0.439064,0.589064,0.029355645179748535,0.8051860332489014,0.7758303880691528,1.780912160873413,5.935267925262451,0.37560105323791504,17,2,2,1,2,1,0,0.0,0.5979050397872925,2,clean,0.0,-1,174,88,CORRECT,0,0,0,0,0,0,0.0,0.0
margin,live-delta,5,0.0,0.271707,0.577329,0.024275,0.972656,0.439064,0.589064,0.014246940612792969,0.5697592496871948,0.5555123090744019,2.2537872791290283,9.523736953735352,0.26052936911582947,13,2,2,1,2,1,0,0.0,0.27040910720825195,2,clean,0.0,-1,175,82,CORRECT,0,0,0,0,0,0,0.0,0.0
margin,live-delta,5,0.0,0.271707,0.577329,0.024275,0.972656,0.439064,0.589064,0.014076292514801025,0.726281464099884,0.712205171585083,1.8721051216125488,6.501969337463379,0.28966787457466125,16,2,2,1,2,1,0,0.0,0.535503089427948,2,clean,0.0,-1,176,87,CORRECT,0,0,0,0,0,0,0.0,0.0
margin,live-delta,5,0.0,0.271707,0.577329,0.024275,0.972656,0.439064,0.589064,0.05845820903778076,0.6732896566390991,0.6148314476013184,1.9466885328292847,7.00545072555542,0.41664114594459534,15,2,2,1,2,1,0,0.0,0.47631222009658813,2,clean,0.0,-1,177,66,CORRECT,0,0,0,0,0,0,0.0,0.0
margin,live-delta,5,0.0,0.271707,0.577329,0.024275,0.972656,0.439064,0.589064,0.09708833694458008,0.498207688331604,0.4011193513870239,-0.0,1.0,1.0,1,2,2,1,2,1,0,0.0,0.16100990772247314,2,clean,0.0,-1,178,64,CORRECT,0,0,0,0,0,0,0.0,0.0
margin,live-delta,5,0.0,0.271707,0.577329,0.024275,0.972656,0.439064,0.589064,0.014411091804504395,0.642770528793335,0.6283594369888306,2.2935867309570312,9.910420417785645,0.2121940553188324,17,2,2,1,2,1,0,0.0,0.5257186889648438,2,clean,0.0,-1,179,81,CORRECT,0,0,0,0,0,0,0.0,0.0
margin,live-delta,5,0.0,0.271707,0.577329,0.024275,0.972656,0.439064,0.589064,0.009206622838973999,0.48549434542655945,0.47628772258758545,0.6889269948005676,1.991577386856079,0.5459035038948059,2,2,2,1,2,1,0,0.0,0.08106586337089539,2,clean,0.0,-1,180,88,CORRECT,0,0,0,0,0,0,0.0,0.0
margin,live-delta,5,0.0,0.271707,0.577329,0.024275,0.972656,0.439064,0.589064,0.07042646408081055,0.7437867522239685,0.673360288143158,1.7850247621536255,5.959727764129639,0.4779830276966095,13,2,2,1,2,1,0,0.0,0.6262246966362,2,clean,0.0,-1,182,82,CORRECT,0,0,0,0,0,0,0.0,0.0
margin,live-delta,5,0.0,0.271707,0.577329,0.024275,0.972656,0.439064,0.589064,0.00473785400390625,0.6011457443237305,0.5964078903198242,2.072744846343994,7.946605205535889,0.22993776202201843,12,2,2,1,2,1,0,0.0,0.3789810240268707,2,clean,0.0,-1,183,86,CORRECT,0,0,0,0,0,0,0.0,0.0
margin,live-delta,5,0.0,0.271707,0.577329,0.024275,0.972656,0.439064,0.589064,0.0015205740928649902,0.6854196190834045,0.6838990449905396,2.1933770179748535,8.965438842773438,0.20872709155082703,18,2,2,1,2,1,0,0.0,0.5326675176620483,2,clean,0.0,-1,184,86,CORRECT,0,0,0,0,0,0,0.0,0.0
margin,live-delta,5,0.0,0.271707,0.577329,0.024275,0.972656,0.439064,0.589064,0.032849788665771484,0.6116892099380493,0.5788394212722778,2.093151569366455,8.110435485839844,0.3236585557460785,13,2,2,1,2,1,0,0.0,0.46648189425468445,2,clean,0.0,-1,185,81,CORRECT,0,0,0,0,0,0,0.0,0.0
margin,live-delta,5,0.0,0.271707,0.577329,0.024275,0.972656,0.439064,0.589064,0.009874820709228516,0.8028467893600464,0.7929719686508179,1.5425740480422974,4.676612377166748,0.3523537814617157,16,2,2,1,2,1,0,0.0,0.5988579988479614,2,clean,0.0,-1,186,88,CORRECT,0,0,0,0,0,0,0.0,0.0
margin,live-delta,5,0.0,0.271707,0.577329,0.024275,0.972656,0.439064,0.589064,0.002904832363128662,0.8251573443412781,0.8222525119781494,1.9314234256744385,6.8993239402771,0.2785907983779907,18,2,2,1,2,1,0,0.0,0.7316372394561768,2,clean,0.0,-1,187,66,CORRECT,0,0,0,0,0,0,0.0,0.0
margin,live-delta,5,0.0,0.271707,0.577329,0.024275,0.972656,0.439064,0.589064,0.0050036609172821045,0.47099390625953674,0.46599024534225464,1.0700676441192627,2.915576696395874,0.4062097668647766,3,2,2,1,2,1,0,0.0,0.1328435242176056,2,clean,0.0,-1,188,89,CORRECT,0,0,0,0,0,0,0.0,0.0
margin,live-delta,5,0.0,0.271707,0.577329,0.024275,0.972656,0.439064,0.589064,0.0056299567222595215,0.5357644557952881,0.5301344990730286,1.9224615097045898,6.837769031524658,0.258139431476593,8,2,2,1,2,1,0,0.0,0.26216602325439453,2,clean,0.0,-1,190,67,CORRECT,0,0,0,0,0,0,0.0,0.0
margin,live-delta,5,0.0,0.271707,0.577329,0.024275,0.972656,0.439064,0.589064,0.05560547113418579,0.632349967956543,0.5767444968223572,2.061814069747925,7.860215663909912,0.36354196071624756,13,2,2,1,2,1,0,0.0,0.39755454659461975,2,clean,0.0,-1,191,81,CORRECT,0,0,0,0,0,0,0.0,0.0
margin,live-delta,5,0.0,0.271707,0.577329,0.024275,0.972656,0.439064,0.589064,0.1022566556930542,0.8100323677062988,0.7077757120132446,1.329530954360962,3.7792701721191406,0.6659570336341858,15,3,3,1,3,1,0,0.0,0.6372814774513245,2,clean,0.0,-1,192,110,CORRECT,0,0,0,0,0,0,0.0,0.0
margin,live-delta,5,0.0,0.271707,0.577329,0.024275,0.972656,0.439064,0.589064,0.006317168474197388,0.46576759219169617,0.4594504237174988,0.6911558508872986,1.9960212707519531,0.5315437316894531,2,3,3,1,3,1,0,0.0,0.23192644119262695,2,clean,0.0,-1,193,122,CORRECT,0,0,0,0,0,0,0.0,0.0
margin,live-delta,5,0.0,0.271707,0.577329,0.024275,0.972656,0.439064,0.589064,0.027418076992034912,0.8872389197349548,0.8598208427429199,1.6352026462554932,5.130497455596924,0.4058467745780945,13,3,3,1,3,1,0,0.0,0.7987887859344482,2,clean,0.0,-1,194,97,CORRECT,0,0,0,0,0,0,0.0,0.0
margin,live-delta,5,0.0,0.271707,0.577329,0.024275,0.972656,0.439064,0.589064,0.09606266021728516,0.7679380178451538,0.6718753576278687,1.635295033454895,5.130971431732178,0.5858632326126099,20,3,3,1,3,1,0,0.0,0.467274934053421,2,clean,0.0,-1,195,105,CORRECT,0,0,0,0,0,0,0.0,0.0
margin,live-delta,5,0.0,0.271707,0.577329,0.024275,0.972656,0.439064,0.589064,0.033324480056762695,0.5985491275787354,0.5652246475219727,2.370943307876587,10.707488059997559,0.2544578015804291,16,3,3,1,3,1,0,0.0,0.4936526417732239,2,clean,0.0,-1,196,113,CORRECT,0,0,0,0,0,0,0.0,0.0
margin,live-delta,5,0.0,0.271707,0.577329,0.024275,0.972656,0.439064,0.589064,0.03140676021575928,0.6604886054992676,0.6290818452835083,2.293865442276001,9.913182258605957,0.300283819437027,20,3,3,1,3,1,0,0.0,0.44444766640663147,2,clean,0.0,-1,197,109,CORRECT,0,0,0,0,0,0,0.0,0.0
margin,live-delta,5,0.0,0.271707,0.577329,0.024275,0.972656,0.439064,0.589064,0.02615499496459961,0.46656566858291626,0.44041067361831665,0.6600783467292786,1.9349439144134521,0.6278723478317261,2,3,3,1,3,1,0,0.0,0.18199288845062256,2,clean,0.0,-1,198,104,CORRECT,0,0,0,0,0,0,0.0,0.0
margin,live-delta,5,0.0,0.271707,0.577329,0.024275,0.972656,0.439064,0.589064,0.019829392433166504,0.5268105268478394,0.5069811344146729,0.673866868019104,1.961808681488037,0.597867488861084,2,3,3,1,3,1,0,0.0,0.4132581651210785,2,clean,0.0,-1,199,115,CORRECT,0,0,0,0,0,0,0.0,0.0
margin,live-delta,5,0.0,0.271707,0.577329,0.024275,0.972656,0.439064,0.589064,0.14240378141403198,0.7219078540802002,0.5795040726661682,0.2346271276473999,1.264437198638916,0.9419585466384888,3,3,3,1,3,1,0,0.0,0.6385027766227722,2,clean,0.0,-1,200,115,CORRECT,0,0,0,0,0,0,0.0,0.0
margin,live-delta,5,0.0,0.271707,0.577329,0.024275,0.972656,0.439064,0.589064,0.0062757134437561035,0.8334376215934753,0.8271619081497192,1.3125348091125488,3.7155799865722656,0.35869359970092773,18,3,3,1,3,1,0,0.0,0.7009687423706055,2,clean,0.0,-1,201,118,CORRECT,0,0,0,0,0,0,0.0,0.0
margin,live-delta,5,0.0,0.271707,0.577329,0.024275,0.972656,0.439064,0.589064,0.020821452140808105,0.5942161679267883,0.5733947157859802,1.6025315523147583,4.965587139129639,0.3478326201438904,7,3,3,1,3,1,0,0.0,0.3573760688304901,2,clean,0.0,-1,202,124,CORRECT,0,0,0,0,0,0,0.0,0.0
margin,live-delta,5,0.0,0.271707,0.577329,0.024275,0.972656,0.439064,0.589064,0.08432415127754211,0.5297173261642456,0.4453931748867035,0.4333803057670593,1.542462706565857,0.8437610268592834,2,3,3,1,3,1,0,0.0,0.2651461362838745,2,clean,0.0,-1,203,96,CORRECT,0,0,0,0,0,0,0.0,0.0
margin,live-delta,5,0.0,0.271707,0.577329,0.024275,0.972656,0.439064,0.589064,0.09210005402565002,0.5800983309745789,0.48799827694892883,0.8244100213050842,2.2805349826812744,0.7486775517463684,4,3,3,1,3,1,0,0.0,0.3671265244483948,2,clean,0.0,-1,204,96,CORRECT,0,0,0,0,0,0,0.0,0.0
margin,live-delta,5,0.0,0.271707,0.577329,0.024275,0.972656,0.439064,0.589064,0.09026157855987549,0.7622923851013184,0.6720308065414429,0.9353034496307373,2.5479865074157715,0.7575065493583679,11,3,3,1,3,1,0,0.0,0.5345759987831116,2,clean,0.0,-1,205,124,CORRECT,0,0,0,0,0,0,0.0,0.0
margin,live-delta,5,0.0,0.271707,0.577329,0.024275,0.972656,0.439064,0.589064,0.08902692794799805,0.592893660068512,0.5038667321205139,1.1338024139404297,3.107449769973755,0.6687549948692322,6,3,3,1,3,1,0,0.0,0.4166918396949768,2,clean,0.0,-1,206,113,CORRECT,0,0,0,0,0,0,0.0,0.0
margin,live-delta,5,0.0,0.271707,0.577329,0.024275,0.972656,0.439064,0.589064,0.03632640838623047,0.7532113790512085,0.716884970664978,2.2270796298980713,9.272747039794922,0.25928980112075806,18,3,3,1,3,1,0,0.0,0.5773868560791016,2,clean,0.0,-1,207,126,CORRECT,0,0,0,0,0,0,0.0,0.0
margin,live-delta,5,0.0,0.271707,0.577329,0.024275,0.972656,0.439064,0.589064,0.05994373559951782,0.6874781847000122,0.6275344491004944,1.4573490619659424,4.294559955596924,0.5362496972084045,10,3,3,1,3,1,0,0.0,0.458513468503952,2,clean,0.0,-1,208,124,CORRECT,0,0,0,0,0,0,0.0,0.0
margin,live-delta,5,0.0,0.271707,0.577329,0.024275,0.972656,0.439064,0.589064,0.007803201675415039,0.5509086847305298,0.5431054830551147,0.6901119351387024,1.993938684463501,0.5389370322227478,2,3,3,1,3,1,0,0.0,0.4494723081588745,2,clean,0.0,-1,209,115,CORRECT,0,0,0,0,0,0,0.0,0.0
margin,live-delta,5,0.0,0.271707,0.577329,0.024275,0.972656,0.439064,0.589064,0.01137608289718628,0.682218074798584,0.6708419919013977,1.4856369495391846,4.417778491973877,0.4158100187778473,10,3,3,1,3,1,0,0.0,0.5385146141052246,2,clean,0.0,-1,210,116,CORRECT,0,0,0,0,0,0,0.0,0.0
margin,live-delta,5,0.0,0.271707,0.577329,0.024275,0.972656,0.439064,0.589064,0.02612006664276123,0.7439183592796326,0.7177982926368713,1.2961605787277222,3.655235767364502,0.48552531003952026,15,3,3,1,3,1,0,0.0,0.5797291398048401,2,clean,0.0,-1,211,125,CORRECT,0,0,0,0,0,0,0.0,0.0
margin,live-delta,5,0.0,0.271707,0.577329,0.024275,0.972656,0.439064,0.589064,0.002281785011291504,0.6112834215164185,0.609001636505127,1.5259491205215454,4.599506855010986,0.32277217507362366,6,3,3,1,3,1,0,0.0,0.2935105562210083,2,clean,0.0,-1,212,101,CORRECT,0,0,0,0,0,0,0.0,0.0
margin,live-delta,5,0.0,0.271707,0.577329,0.024275,0.972656,0.439064,0.589064,0.03744769096374512,0.6198829412460327,0.5824352502822876,1.610660433769226,5.0061163902282715,0.39658716320991516,8,3,3,1,3,1,0,0.0,0.3868899941444397,2,clean,0.0,-1,213,125,CORRECT,0,0,0,0,0,0,0.0,0.0
margin,live-delta,5,0.0,0.271707,0.577329,0.024275,0.972656,0.439064,0.589064,0.006246805191040039,0.7604220509529114,0.7541752457618713,2.070779323577881,7.931001663208008,0.24775245785713196,17,3,3,1,3,1,0,0.0,0.6242871284484863,2,clean,0.0,-1,214,97,CORRECT,0,0,0,0,0,0,0.0,0.0
margin,live-delta,5,0.0,0.271707,0.577329,0.024275,0.972656,0.439064,0.589064,0.07016345858573914,0.47933223843574524,0.4091687798500061,-0.0,1.0,1.0,1,3,3,1,3,1,0,0.0,0.16705068945884705,2,clean,0.0,-1,215,123,CORRECT,0,0,0,0,0,0,0.0,0.0
margin,live-delta,5,0.0,0.271707,0.577329,0.024275,0.972656,0.439064,0.589064,0.12951183319091797,0.63904869556427,0.509536862373352,0.2530421316623688,1.2879375219345093,0.9302305579185486,2,3,3,1,3,1,0,0.0,0.33034107089042664,2,clean,0.0,-1,216,122,CORRECT,0,0,0,0,0,0,0.0,0.0
margin,live-delta,5,0.0,0.271707,0.577329,0.024275,0.972656,0.439064,0.589064,0.1960849165916443,0.8942528367042542,0.6981679201126099,0.2806599736213684,1.3240033388137817,0.9504283666610718,13,3,3,1,3,1,0,0.0,0.7961851358413696,2,clean,0.0,-1,217,107,CORRECT,0,0,0,0,0,0,0.0,0.0
margin,live-delta,5,0.0,0.271707,0.577329,0.024275,0.972656,0.439064,0.589064,0.007295757532119751,0.4530926048755646,0.4457968473434448,0.6904928684234619,1.994698405265808,0.5364142060279846,2,3,3,1,3,1,0,0.0,0.17780092358589172,2,clean,0.0,-1,218,114,CORRECT,0,0,0,0,0,0,0.0,0.0
margin,live-delta,5,0.0,0.271707,0.577329,0.024275,0.972656,0.439064,0.589064,0.07128006219863892,0.816789984703064,0.745509922504425,0.672871470451355,1.9598568677902222,0.779811680316925,9,3,3,1,3,1,0,0.0,0.7203499674797058,2,clean,0.0,-1,219,119,CORRECT,0,0,0,0,0,0,0.0,0.0
margin,live-delta,5,0.0,0.271707,0.577329,0.024275,0.972656,0.439064,0.589064,0.042374372482299805,0.5923725366592407,0.5499981641769409,1.6603269577026367,5.261030673980713,0.4123595952987671,8,3,3,1,3,1,0,0.0,0.37080055475234985,2,clean,0.0,-1,220,119,CORRECT,0,0,0,0,0,0,0.0,0.0
margin,live-delta,5,0.0,0.271707,0.577329,0.024275,0.972656,0.439064,0.589064,0.03423511981964111,0.7938240766525269,0.7595889568328857,0.7789266705513,2.1791319847106934,0.6444183588027954,6,3,3,1,3,1,0,0.0,0.6068319082260132,2,clean,0.0,-1,221,121,CORRECT,0,0,0,0,0,0,0.0,0.0
margin,live-delta,5,0.0,0.271707,0.577329,0.024275,0.972656,0.439064,0.589064,0.0373113751411438,0.7181012034416199,0.6807898283004761,1.348701000213623,3.8524179458618164,0.4989735782146454,10,3,3,1,3,1,0,0.0,0.44699907302856445,2,clean,0.0,-1,222,103,CORRECT,0,0,0,0,0,0,0.0,0.0
margin,live-delta,5,0.0,0.271707,0.577329,0.024275,0.972656,0.439064,0.589064,0.009178757667541504,0.5874730348587036,0.5782942771911621,1.794343113899231,6.015522003173828,0.33089911937713623,9,3,3,1,3,1,0,0.0,0.41115981340408325,2,clean,0.0,-1,223,114,CORRECT,0,0,0,0,0,0,0.0,0.0
margin,live-delta,5,0.0,0.271707,0.577329,0.024275,0.972656,0.439064,0.589064,0.0036386847496032715,0.8077525496482849,0.8041138648986816,0.7877927422523499,2.198538303375244,0.5091709494590759,7,3,3,1,3,1,0,0.0,0.693606436252594,2,clean,0.0,-1,224,121,CORRECT,0,0,0,0,0,0,0.0,0.0
margin,live-delta,5,0.0,0.271707,0.577329,0.024275,0.972656,0.439064,0.589064,0.03262263536453247,0.6887332797050476,0.6561106443405151,1.4753340482711792,4.372496128082275,0.4493337869644165,9,3,3,1,3,1,0,0.0,0.5997492671012878,2,clean,0.0,-1,225,116,CORRECT,0,0,0,0,0,0,0.0,0.0
margin,live-delta,5,0.0,0.271707,0.577329,0.024275,0.972656,0.439064,0.589064,0.02645939588546753,0.571704626083374,0.5452452301979065,0.6593304872512817,1.933497428894043,0.6292937397956848,2,3,3,1,3,1,0,0.0,0.3278559744358063,2,clean,0.0,-1,226,120,CORRECT,0,0,0,0,0,0,0.0,0.0
margin,live-delta,5,0.0,0.271707,0.577329,0.024275,0.972656,0.439064,0.589064,0.2306826114654541,0.9411556720733643,0.7104730606079102,0.226749986410141,1.2545162439346313,0.9641211628913879,17,3,3,1,3,1,0,0.0,0.8242925405502319,2,clean,0.0,-1,227,107,CORRECT,0,0,0,0,0,0,0.0,0.0
margin,live-delta,5,0.0,0.271707,0.577329,0.024275,0.972656,0.439064,0.589064,0.010918140411376953,0.5363830327987671,0.5254648923873901,1.420082926750183,4.137463569641113,0.36637499928474426,5,3,3,1,3,1,0,0.0,0.4173053503036499,2,clean,0.0,-1,228,107,CORRECT,0,0,0,0,0,0,0.0,0.0
margin,live-delta,5,0.0,0.271707,0.577329,0.024275,0.972656,0.439064,0.589064,0.021424829959869385,0.8018848896026611,0.7804600596427917,0.6966444253921509,2.0070066452026367,0.6030893325805664,4,3,3,1,3,1,0,0.0,0.6869179010391235,2,clean,0.0,-1,229,120,CORRECT,0,0,0,0,0,0,0.0,0.0
margin,live-delta,5,0.0,0.271707,0.577329,0.024275,0.972656,0.439064,0.589064,0.05081146955490112,0.7853767275810242,0.734565258026123,1.824318766593933,6.198570728302002,0.42657700181007385,15,3,3,1,3,1,0,0.0,0.6753167510032654,2,clean,0.0,-1,230,107,CORRECT,0,0,0,0,0,0,0.0,0.0
margin,live-delta,5,0.0,0.271707,0.577329,0.024275,0.972656,0.439064,0.589064,0.029012084007263184,0.8678466081619263,0.8388345241546631,1.864013910293579,6.449573040008545,0.3899986743927002,19,3,3,1,3,1,0,0.0,0.7405789494514465,2,clean,0.0,-1,231,126,CORRECT,0,0,0,0,0,0,0.0,0.0
margin,live-delta,5,0.0,0.271707,0.577329,0.024275,0.972656,0.439064,0.589064,0.01940310001373291,0.762601375579834,0.7431982755661011,1.3645538091659546,3.9139761924743652,0.4957890510559082,15,3,3,1,3,1,0,0.0,0.5297636985778809,2,clean,0.0,-1,232,105,CORRECT,0,0,0,0,0,0,0.0,0.0
margin,live-delta,5,0.0,0.271707,0.577329,0.024275,0.972656,0.439064,0.589064,0.03478437662124634,0.8089582920074463,0.7741739153862,1.1060642004013062,3.0224392414093018,0.5676912069320679,16,3,3,1,3,1,0,0.0,0.6849418878555298,2,clean,0.0,-1,233,113,CORRECT,0,0,0,0,0,0,0.0,0.0
margin,live-delta,5,0.0,0.271707,0.577329,0.024275,0.972656,0.439064,0.589064,0.15234535932540894,0.982479989528656,0.8301346302032471,0.30193987488746643,1.3524799346923828,0.934414803981781,18,3,3,1,3,1,0,0.0,0.8673667907714844,2,clean,0.0,-1,234,118,CORRECT,0,0,0,0,0,0,0.0,0.0
margin,live-delta,5,0.0,0.271707,0.577329,0.024275,0.972656,0.439064,0.589064,0.0017946958541870117,0.6616439819335938,0.6598492860794067,1.186095118522644,3.274270534515381,0.4303274154663086,7,3,3,1,3,1,0,0.0,0.526913583278656,2,clean,0.0,-1,235,106,CORRECT,0,0,0,0,0,0,0.0,0.0
margin,live-delta,5,0.0,0.271707,0.577329,0.024275,0.972656,0.439064,0.589064,0.010278284549713135,0.8556346297264099,0.8453563451766968,1.499734878540039,4.480501174926758,0.41308557987213135,15,3,3,1,3,1,0,0.0,0.6597282290458679,2,clean,0.0,-1,236,117,CORRECT,0,0,0,0,0,0,0.0,0.0
margin,live-delta,5,0.0,0.271707,0.577329,0.024275,0.972656,0.439064,0.589064,0.0014490485191345215,0.5788602828979492,0.5774112343788147,2.1078085899353027,8.230185508728027,0.20069342851638794,11,3,3,1,3,1,0,0.0,0.32548508048057556,2,clean,0.0,-1,237,103,CORRECT,0,0,0,0,0,0,0.0,0.0
margin,live-delta,5,0.0,0.271707,0.577329,0.024275,0.972656,0.439064,0.589064,0.05839550495147705,0.5697363018989563,0.5113407969474792,1.1548430919647217,3.173525333404541,0.6056205630302429,5,3,3,1,3,1,0,0.0,0.34055691957473755,2,clean,0.0,-1,239,116,CORRECT,0,0,0,0,0,0,0.0,0.0
margin,live-delta,5,0.0,0.271707,0.577329,0.024275,0.972656,0.439064,0.589064,0.00034350156784057617,0.8128784894943237,0.8125349879264832,1.4598190784454346,4.305180549621582,0.3990626335144043,15,3,3,1,3,1,0,0.0,0.6722614765167236,2,clean,0.0,-1,240,97,CORRECT,0,0,0,0,0,0,0.0,0.0
margin,live-delta,5,0.0,0.271707,0.577329,0.024275,0.972656,0.439064,0.589064,0.0093231201171875,0.756900429725647,0.7475773096084595,1.9889204502105713,7.307640552520752,0.2403310090303421,16,3,3,1,3,1,0,0.0,0.6455607414245605,2,clean,0.0,-1,241,97,CORRECT,0,0,0,0,0,0,0.0,0.0
margin,live-delta,5,0.0,0.271707,0.577329,0.024275,0.972656,0.439064,0.589064,0.019156038761138916,0.6394824981689453,0.6203264594078064,0.6751307249069214,1.9642897844314575,0.5946255326271057,2,3,3,1,3,1,0,0.0,0.531365692615509,2,clean,0.0,-1,242,115,CORRECT,0,0,0,0,0,0,0.0,0.0
margin,live-delta,5,0.0,0.271707,0.577329,0.024275,0.972656,0.439064,0.589064,0.0470123291015625,0.6217077970504761,0.5746954679489136,1.3996777534484863,4.053893566131592,0.5148141384124756,6,3,3,1,3,1,0,0.0,0.2859410345554352,2,clean,0.0,-1,243,124,CORRECT,0,0,0,0,0,0,0.0,0.0
margin,live-delta,5,0.0,0.271707,0.577329,0.024275,0.972656,0.439064,0.589064,0.0506209135055542,0.735724687576294,0.6851037740707397,1.2392916679382324,3.4531667232513428,0.5511974692344666,8,3,3,1,3,1,0,0.0,0.6164519786834717,2,clean,0.0,-1,244,119,CORRECT,0,0,0,0,0,0,0.0,0.0
margin,live-delta,5,0.0,0.271707,0.577329,0.024275,0.972656,0.439064,0.589064,0.01857537031173706,0.7805618047714233,0.7619864344596863,1.6965545415878296,5.455119609832764,0.36871206760406494,20,3,3,1,3,1,0,0.0,0.6571207046508789,2,clean,0.0,-1,245,125,CORRECT,0,0,0,0,0,0,0.0,0.0
margin,live-delta,5,0.0,0.271707,0.577329,0.024275,0.972656,0.439064,0.589064,0.009640216827392578,0.5784683227539062,0.5688281059265137,2.221360445022583,9.219865798950195,0.213002011179924,13,3,3,1,3,1,0,0.0,0.39385986328125,2,clean,0.0,-1,246,110,CORRECT,0,0,0,0,0,0,0.0,0.0
margin,live-delta,5,0.0,0.271707,0.577329,0.024275,0.972656,0.439064,0.589064,0.09101557731628418,0.7862826585769653,0.6952670812606812,1.0541155338287354,2.869436025619507,0.7270598411560059,14,3,3,1,3,1,0,0.0,0.5251450538635254,2,clean,0.0,-1,247,120,CORRECT,0,0,0,0,0,0,0.0,0.0
margin,live-delta,5,0.0,0.271707,0.577329,0.024275,0.972656,0.439064,0.589064,0.035696208477020264,0.6193225383758545,0.5836263298988342,1.9352675676345825,6.925897121429443,0.36184149980545044,11,3,3,1,3,1,0,0.0,0.527028501033783,2,clean,0.0,-1,249,107,CORRECT,0,0,0,0,0,0,0.0,0.0
margin,live-delta,5,0.0,0.271707,0.577329,0.024275,0.972656,0.439064,0.589064,0.006960093975067139,0.615280270576477,0.6083201766014099,2.066415309906006,7.89646577835083,0.26621192693710327,13,3,3,1,3,1,0,0.0,0.5127503275871277,2,clean,0.0,-1,250,115,CORRECT,0,0,0,0,0,0,0.0,0.0
margin,live-delta,5,0.0,0.271707,0.577329,0.024275,0.972656,0.439064,0.589064,0.004858970642089844,0.7133948802947998,0.70853590965271,1.7207775115966797,5.588871955871582,0.32791778445243835,19,3,3,1,3,1,0,0.0,0.5565115809440613,2,clean,0.0,-1,251,107,CORRECT,0,0,0,0,0,0,0.0,0.0
margin,live-delta,5,0.0,0.271707,0.577329,0.024275,0.972656,0.439064,0.589064,0.030346155166625977,0.7366904020309448,0.7063442468643188,1.7606197595596313,5.816040992736816,0.3635081648826599,10,3,3,1,3,1,0,0.0,0.49711012840270996,2,clean,0.0,-1,252,117,CORRECT,0,0,0,0,0,0,0.0,0.0
margin,live-delta,5,0.0,0.271707,0.577329,0.024275,0.972656,0.439064,0.589064,0.034451961517333984,0.7492276430130005,0.7147756814956665,1.6915348768234253,5.427805423736572,0.4406343996524811,12,3,3,1,3,1,0,0.0,0.531527578830719,2,clean,0.0,-1,253,119,CORRECT,0,0,0,0,0,0,0.0,0.0
margin,live-delta,5,0.0,0.271707,0.577329,0.024275,0.972656,0.439064,0.589064,0.03389662504196167,0.46462684869766235,0.4307302236557007,-0.0,1.0,1.0,1,3,3,1,3,1,0,0.0,0.348505437374115,2,clean,0.0,-1,254,116,CORRECT,0,0,0,0,0,0,0.0,0.0
margin,live-delta,5,0.0,0.271707,0.577329,0.024275,0.972656,0.439064,0.589064,0.01337289810180664,0.6233410835266113,0.6099681854248047,2.3906116485595703,10.920170783996582,0.222396120429039,16,3,3,1,3,1,0,0.0,0.44635075330734253,2,clean,0.0,-1,255,100,CORRECT,0,0,0,0,0,0,0.0,0.0
margin,live-delta,6,0.0,0.271707,0.577329,0.024275,0.972656,0.439064,0.589064,0.03762426972389221,0.5110138058662415,0.47338953614234924,1.3084306716918945,3.700361967086792,0.4304646849632263,4,0,0,1,0,1,0,0.0,0.09347984194755554,2,clean,0.0,-1,0,28,CORRECT,0,0,0,0,0,0,0.0,0.0
margin,live-delta,6,0.0,0.271707,0.577329,0.024275,0.972656,0.439064,0.589064,0.15752142667770386,0.5575714111328125,0.40004998445510864,-0.0,1.0,1.0,1,0,0,1,0,1,0,0.0,0.2904238998889923,2,clean,0.0,-1,1,3,CORRECT,0,0,0,0,0,0,0.0,0.0
margin,live-delta,6,0.0,0.271707,0.577329,0.024275,0.972656,0.439064,0.589064,0.09297966957092285,0.6945255994796753,0.6015459299087524,1.0659769773483276,2.903674364089966,0.7134841084480286,8,0,0,1,0,1,1,0.14056897163391113,0.1141963005065918,2,clean,0.0,-1,2,14,CORRECT,0,0,0,0,0,0,0.0,0.0
margin,live-delta,6,0.0,0.271707,0.577329,0.024275,0.972656,0.439064,0.589064,0.059886783361434937,0.48569563031196594,0.425808846950531,-0.0,1.0,1.0,1,0,1,0,1,0,1,1.0,-0.17318376898765564,0,clean,0.0,-1,5,49,BLENDED,0,0,0,0,0,0,0.0,0.0
margin,live-delta,6,0.0,0.271707,0.577329,0.024275,0.972656,0.439064,0.589064,0.023535043001174927,0.47608861327171326,0.45255357027053833,1.070020318031311,2.915438652038574,0.44852760434150696,3,0,0,1,0,1,0,0.0,0.14675000309944153,2,clean,0.0,-1,9,13,CORRECT,0,0,0,0,0,0,0.0,0.0
margin,live-delta,6,0.0,0.271707,0.577329,0.024275,0.972656,0.439064,0.589064,0.014633804559707642,0.4974060356616974,0.48277223110198975,1.0649480819702148,2.900688409805298,0.44082605838775635,3,0,0,1,0,1,0,0.0,0.09648242592811584,2,clean,0.0,-1,10,17,CORRECT,0,0,0,0,0,0,0.0,0.0
margin,live-delta,6,0.0,0.271707,0.577329,0.024275,0.972656,0.439064,0.589064,0.08684149384498596,0.5661791563034058,0.4793376624584198,0.4222162961959839,1.5253384113311768,0.8502839207649231,2,0,0,1,0,1,0,0.0,0.3185681104660034,2,clean,0.0,-1,13,3,CORRECT,0,0,0,0,0,0,0.0,0.0
margin,live-delta,6,0.0,0.271707,0.577329,0.024275,0.972656,0.439064,0.589064,0.08117860555648804,0.4752614498138428,0.39408284425735474,-0.0,1.0,1.0,1,0,0,1,0,1,0,0.0,0.10955226421356201,2,clean,0.0,-1,14,3,CORRECT,0,0,0,0,0,0,0.0,0.0
margin,live-delta,6,0.0,0.271707,0.577329,0.024275,0.972656,0.439064,0.589064,0.06355580687522888,0.44446679949760437,0.3809109926223755,-0.0,1.0,1.0,1,0,0,1,0,1,0,0.0,0.09106484055519104,2,clean,0.0,-1,19,18,CORRECT,0,0,0,0,0,0,0.0,0.0
margin,live-delta,6,0.0,0.271707,0.577329,0.024275,0.972656,0.439064,0.589064,0.0298537015914917,0.4545491635799408,0.4246954619884491,-0.0,1.0,1.0,1,0,0,1,0,1,0,0.0,0.03719410300254822,1,clean,0.0,-1,21,28,CORRECT,0,0,0,0,0,0,0.0,0.0
margin,live-delta,6,0.0,0.271707,0.577329,0.024275,0.972656,0.439064,0.589064,0.0817604660987854,0.5454531908035278,0.46369272470474243,0.44480425119400024,1.5601847171783447,0.8368819952011108,2,0,0,1,0,1,0,0.0,0.1577472686767578,2,clean,0.0,-1,22,12,CORRECT,0,0,0,0,0,0,0.0,0.0
margin,live-delta,6,0.0,0.271707,0.577329,0.024275,0.972656,0.439064,0.589064,0.2307952344417572,0.45714232325553894,0.22634708881378174,-0.0,1.0,1.0,1,0,0,1,0,1,0,0.0,0.27203503251075745,2,clean,0.0,-1,23,9,CORRECT,0,0,0,0,0,0,0.0,0.0
margin,live-delta,6,0.0,0.271707,0.577329,0.024275,0.972656,0.439064,0.589064,0.08825361728668213,0.4393737316131592,0.35112011432647705,-0.0,1.0,1.0,1,0,1,0,1,0,1,1.0,-0.08825361728668213,0,clean,0.0,-1,24,58,BLENDED,0,0,0,0,0,0,0.0,0.0
margin,live-delta,6,0.0,0.271707,0.577329,0.024275,0.972656,0.439064,0.589064,0.018287837505340576,0.4404931664466858,0.4222053289413452,-0.0,1.0,1.0,1,0,0,1,0,1,0,0.0,0.11889442801475525,2,clean,0.0,-1,28,21,CORRECT,0,0,0,0,0,0,0.0,0.0
margin,live-delta,6,0.0,0.271707,0.577329,0.024275,0.972656,0.439064,0.589064,0.20138755440711975,0.5386088490486145,0.33722129464149475,-0.0,1.0,1.0,1,0,0,1,0,1,0,0.0,0.21796667575836182,2,clean,0.0,-1,29,30,CORRECT,0,0,0,0,0,0,0.0,0.0
margin,live-delta,6,0.0,0.271707,0.577329,0.024275,0.972656,0.439064,0.589064,0.001230776309967041,0.5109431743621826,0.5097123980522156,1.0983421802520752,2.999189853668213,0.3424144387245178,3,0,0,1,0,1,0,0.0,0.15158623456954956,2,clean,0.0,-1,30,27,CORRECT,0,0,0,0,0,0,0.0,0.0
margin,live-delta,6,0.0,0.271707,0.577329,0.024275,0.972656,0.439064,0.589064,0.05672097206115723,0.527478814125061,0.4707578420639038,0.9242557883262634,2.5199921131134033,0.6221434473991394,3,0,0,1,0,1,0,0.0,0.20573222637176514,2,clean,0.0,-1,31,21,CORRECT,0,0,0,0,0,0,0.0,0.0
margin,live-delta,6,0.0,0.271707,0.577329,0.024275,0.972656,0.439064,0.589064,0.06267088651657104,0.5771849155426025,0.5145140290260315,0.529564380645752,1.6981923580169678,0.7778909802436829,2,0,0,1,0,1,0,0.0,0.20687836408615112,2,clean,0.0,-1,32,21,CORRECT,0,0,0,0,0,0,0.0,0.0
margin,live-delta,6,0.0,0.271707,0.577329,0.024275,0.972656,0.439064,0.589064,0.06853950023651123,0.5272687673568726,0.45872926712036133,0.836567223072052,2.308429002761841,0.686884343624115,3,0,0,1,0,1,1,0.1744043529033661,0.06853950023651123,2,clean,0.0,-1,33,22,CORRECT,0,0,0,0,0,0,0.0,0.0
margin,live-delta,6,0.0,0.271707,0.577329,0.024275,0.972656,0.439064,0.589064,0.10985952615737915,0.44487905502319336,0.3350195288658142,-0.0,1.0,1.0,1,0,1,0,1,0,1,1.0,-0.10985952615737915,0,clean,0.0,-1,34,38,BLENDED,0,0,0,0,0,0,0.0,0.0
margin,live-delta,6,0.0,0.271707,0.577329,0.024275,0.972656,0.439064,0.589064,0.003992140293121338,0.46688970923423767,0.46289756894111633,1.5929940938949585,4.918453216552734,0.250478059053421,5,0,0,1,0,1,0,0.0,0.1551005244255066,2,clean,0.0,-1,36,31,CORRECT,0,0,0,0,0,0,0.0,0.0
margin,live-delta,6,0.0,0.271707,0.577329,0.024275,0.972656,0.439064,0.589064,0.042268991470336914,0.5554631948471069,0.51319420337677,1.7381713390350342,5.686934471130371,0.40361955761909485,8,0,0,1,0,1,1,0.2553464472293854,0.04853558540344238,1,clean,0.0,-1,37,14,CORRECT,0,0,0,0,0,0,0.0,0.0
margin,live-delta,6,0.0,0.271707,0.577329,0.024275,0.972656,0.439064,0.589064,0.030288755893707275,0.4567822813987732,0.4264935255050659,-0.0,1.0,1.0,1,0,0,1,0,1,0,0.0,0.10791254043579102,2,clean,0.0,-1,42,6,CORRECT,0,0,0,0,0,0,0.0,0.0
margin,live-delta,6,0.0,0.271707,0.577329,0.024275,0.972656,0.439064,0.589064,0.0289628803730011,0.45749402046203613,0.42853114008903503,-0.0,1.0,1.0,1,0,0,1,0,1,0,0.0,0.062056660652160645,2,clean,0.0,-1,43,31,CORRECT,0,0,0,0,0,0,0.0,0.0
margin,live-delta,6,0.0,0.271707,0.577329,0.024275,0.972656,0.439064,0.589064,0.004916787147521973,0.5519967079162598,0.5470799207687378,1.4430346488952637,4.233523845672607,0.3498474955558777,5,0,0,1,0,1,0,0.0,0.17608129978179932,2,clean,0.0,-1,45,5,CORRECT,0,0,0,0,0,0,0.0,0.0
margin,live-delta,6,0.0,0.271707,0.577329,0.024275,0.972656,0.439064,0.589064,0.00018841028213500977,0.47927355766296387,0.47908514738082886,0.6931453943252563,1.9999964237213135,0.5009419918060303,2,0,0,1,0,1,0,0.0,0.21689152717590332,2,clean,0.0,-1,48,18,CORRECT,0,0,0,0,0,0,0.0,0.0
margin,live-delta,6,0.0,0.271707,0.577329,0.024275,0.972656,0.439064,0.589064,0.13420286774635315,0.47192445397377014,0.337721586227417,-0.0,1.0,1.0,1,0,0,1,0,1,0,0.0,0.2240210920572281,2,clean,0.0,-1,49,18,CORRECT,0,0,0,0,0,0,0.0,0.0
margin,live-delta,6,0.0,0.271707,0.577329,0.024275,0.972656,0.439064,0.589064,0.019812464714050293,0.6749056577682495,0.6550931930541992,1.320310115814209,3.744582414627075,0.41643911600112915,7,0,0,1,0,1,0,0.0,0.2516825497150421,2,clean,0.0,-1,51,27,CORRECT,0,0,0,0,0,0,0.0,0.0
margin,live-delta,6,0.0,0.271707,0.577329,0.024275,0.972656,0.439064,0.589064,0.08814448118209839,0.606589138507843,0.5184446573257446,0.6165233850479126,1.8524764776229858,0.8030567765235901,3,0,0,1,0,1,0,0.0,0.3156187832355499,2,clean,0.0,-1,53,3,CORRECT,0,0,0,0,0,0,0.0,0.0
margin,live-delta,6,0.0,0.271707,0.577329,0.024275,0.972656,0.439064,0.589064,0.008193910121917725,0.5111909508705139,0.5029970407485962,1.2397409677505493,3.454718589782715,0.40997156500816345,4,0,0,1,0,1,0,0.0,0.09483623504638672,2,clean,0.0,-1,55,26,CORRECT,0,0,0,0,0,0,0.0,0.0
margin,live-delta,6,0.0,0.271707,0.577329,0.024275,0.972656,0.439064,0.589064,0.010157376527786255,0.4902037978172302,0.48004642128944397,1.5845460891723633,4.877077102661133,0.2621338367462158,5,0,0,1,0,1,1,0.12637773156166077,0.03647899627685547,1,clean,0.0,-1,56,27,CORRECT,0,0,0,0,0,0,0.0,0.0
margin,live-delta,6,0.0,0.271707,0.577329,0.024275,0.972656,0.439064,0.589064,0.06739246845245361,0.5771557092666626,0.509763240814209,1.3502264022827148,3.8582990169525146,0.5552761554718018,6,0,0,1,0,1,0,0.05098020285367966,0.11940142512321472,2,clean,0.0,-1,58,28,CORRECT,0,0,0,0,0,0,0.0,0.0
margin,live-delta,6,0.0,0.271707,0.577329,0.024275,0.972656,0.439064,0.589064,0.025899112224578857,0.6490280032157898,0.6231288909912109,1.4651652574539185,4.328258514404297,0.3999028503894806,6,0,0,1,0,1,0,0.0138956094160676,0.16798242926597595,2,clean,0.0,-1,59,25,CORRECT,0,0,0,0,0,0,0.0,0.0
margin,live-delta,6,0.0,0.271707,0.577329,0.024275,0.972656,0.439064,0.589064,0.06994545459747314,0.6491247415542603,0.5791792869567871,0.9464529752731323,2.576554298400879,0.6593641638755798,4,0,0,1,0,1,0,0.0,0.3308027386665344,2,clean,0.0,-1,62,25,CORRECT,0,0,0,0,0,0,0.0,0.0
margin,live-delta,6,0.0,0.271707,0.577329,0.024275,0.972656,0.439064,0.589064,0.01966238021850586,0.5686567425727844,0.5489943623542786,2.3414812088012695,10.396624565124512,0.19699007272720337,13,1,1,1,1,1,0,0.0,0.2685515880584717,2,clean,0.0,-1,64,55,CORRECT,0,0,0,0,0,0,0.0,0.0
margin,live-delta,6,0.0,0.271707,0.577329,0.024275,0.972656,0.439064,0.589064,0.024967968463897705,0.6106247305870056,0.5856567621231079,1.9094914197921753,6.749655246734619,0.31075409054756165,12,1,1,1,1,1,0,0.0,0.3402480483055115,2,clean,0.0,-1,65,37,CORRECT,0,0,0,0,0,0,0.0,0.0
margin,live-delta,6,0.0,0.271707,0.577329,0.024275,0.972656,0.439064,0.589064,0.05212599039077759,0.7629485726356506,0.710822582244873,1.4158259630203247,4.119887828826904,0.5562195777893066,16,1,1,1,1,1,0,0.0050707594491541386,0.2588147521018982,2,clean,0.0,-1,66,54,CORRECT,0,0,0,0,0,0,0.0,0.0
margin,live-delta,6,0.0,0.271707,0.577329,0.024275,0.972656,0.439064,0.589064,0.06852149963378906,0.7129783630371094,0.6444568634033203,1.7361316680908203,5.675346851348877,0.5102615356445312,17,1,1,1,1,1,0,0.0038727500941604376,0.24404793977737427,2,clean,0.0,-1,67,39,CORRECT,0,0,0,0,0,0,0.0,0.0
margin,live-delta,6,0.0,0.271707,0.577329,0.024275,0.972656,0.439064,0.589064,0.08516144752502441,0.7080281972885132,0.6228667497634888,1.44516122341156,4.2425360679626465,0.6203391551971436,15,1,1,1,1,1,0,0.003960753791034222,0.2526915967464447,2,clean,0.0,-1,68,54,CORRECT,0,0,0,0,0,0,0.0,0.0
margin,live-delta,6,0.0,0.271707,0.577329,0.024275,0.972656,0.439064,0.589064,0.04955393075942993,0.7288384437561035,0.6792845129966736,1.4435832500457764,4.235846996307373,0.514823317527771,11,1,1,1,1,1,0,0.001579965348355472,0.28932103514671326,2,clean,0.0,-1,69,55,CORRECT,0,0,0,0,0,0,0.0,0.0
margin,live-delta,6,0.0,0.271707,0.577329,0.024275,0.972656,0.439064,0.589064,0.014178097248077393,0.6187683939933777,0.6045902967453003,1.2818435430526733,3.603276491165161,0.4797991216182709,8,1,1,1,1,1,1,0.4353707432746887,0.014178097248077393,0,clean,0.0,-1,70,32,CORRECT,0,0,0,0,0,0,0.0,0.0
margin,live-delta,6,0.0,0.271707,0.577329,0.024275,0.972656,0.439064,0.589064,0.03313928842544556,0.5181591510772705,0.48501986265182495,0.6411111950874329,1.8985893726348877,0.659885823726654,2,1,1,1,1,1,0,0.0,0.1789383888244629,2,clean,0.0,-1,71,52,CORRECT,0,0,0,0,0,0,0.0,0.0
margin,live-delta,6,0.0,0.271707,0.577329,0.024275,0.972656,0.439064,0.589064,0.0879206657409668,0.5985121130943298,0.510591447353363,0.5796738862991333,1.7854560613632202,0.8154345154762268,3,1,1,1,1,1,0,0.0,0.19561368227005005,2,clean,0.0,-1,72,58,CORRECT,0,0,0,0,0,0,0.0,0.0
margin,live-delta,6,0.0,0.271707,0.577329,0.024275,0.972656,0.439064,0.589064,0.004833340644836426,0.6409604549407959,0.6361271142959595,1.7804850339889526,5.932733535766602,0.3165929615497589,11,1,1,1,1,1,0,0.0,0.31000831723213196,2,clean,0.0,-1,73,45,CORRECT,0,0,0,0,0,0,0.0,0.0
margin,live-delta,6,0.0,0.271707,0.577329,0.024275,0.972656,0.439064,0.589064,0.03012096881866455,0.551203727722168,0.5210827589035034,2.1479737758636475,8.56748104095459,0.28264811635017395,11,1,1,1,1,1,0,0.0,0.17551171779632568,2,clean,0.0,-1,74,50,CORRECT,0,0,0,0,0,0,0.0,0.0
margin,live-delta,6,0.0,0.271707,0.577329,0.024275,0.972656,0.439064,0.589064,0.005219697952270508,0.49835360050201416,0.49313390254974365,1.512419581413269,4.537696838378906,0.3093273341655731,5,1,1,1,1,1,0,0.0,0.15347930788993835,2,clean,0.0,-1,75,39,CORRECT,0,0,0,0,0,0,0.0,0.0
margin,live-delta,6,0.0,0.271707,0.577329,0.024275,0.972656,0.439064,0.589064,0.2984471321105957,0.7332471609115601,0.43480002880096436,-0.0,1.0,1.0,1,1,1,1,1,1,0,0.0,0.2984471321105957,2,clean,0.0,-1,76,38,CORRECT,0,0,0,0,0,0,0.0,0.0
margin,live-delta,6,0.0,0.271707,0.577329,0.024275,0.972656,0.439064,0.589064,0.11552649736404419,0.5862758159637451,0.4707493185997009,0.30312657356262207,1.3540858030319214,0.9097453355789185,2,1,1,1,1,1,0,0.0,0.14756673574447632,2,clean,0.0,-1,77,58,CORRECT,0,0,0,0,0,0,0.0,0.0
margin,live-delta,6,0.0,0.271707,0.577329,0.024275,0.972656,0.439064,0.589064,0.05276894569396973,0.5781490802764893,0.5253801345825195,1.8377052545547485,6.282105922698975,0.4033111035823822,9,1,1,1,1,1,0,0.06803681701421738,0.08898293972015381,2,clean,0.0,-1,78,44,CORRECT,0,0,0,0,0,0,0.0,0.0
margin,live-delta,6,0.0,0.271707,0.577329,0.024275,0.972656,0.439064,0.589064,0.14612972736358643,0.6591064929962158,0.5129767656326294,0.20158909261226654,1.2233452796936035,0.9489521384239197,2,1,1,1,1,1,0,0.0,0.330605149269104,2,clean,0.0,-1,80,48,CORRECT,0,0,0,0,0,0,0.0,0.0
margin,live-delta,6,0.0,0.271707,0.577329,0.024275,0.972656,0.439064,0.589064,0.016943812370300293,0.5699619054794312,0.5530180931091309,1.3377693891525269,3.8105342388153076,0.46108105778694153,6,1,1,1,1,1,0,0.0,0.24595826864242554,2,clean,0.0,-1,81,50,CORRECT,0,0,0,0,0,0,0.0,0.0
margin,live-delta,6,0.0,0.271707,0.577329,0.024275,0.972656,0.439064,0.589064,0.026044607162475586,0.7519335150718689,0.7258889079093933,1.5296614170074463,4.616613388061523,0.4416230618953705,13,1,1,1,1,1,0,0.0,0.4864329695701599,2,clean,0.0,-1,82,51,CORRECT,0,0,0,0,0,0,0.0,0.0
margin,live-delta,6,0.0,0.271707,0.577329,0.024275,0.972656,0.439064,0.589064,0.047495365142822266,0.6791089773178101,0.6316136121749878,1.3715834617614746,3.941587209701538,0.5729954838752747,11,1,1,1,1,1,0,0.0,0.3359265923500061,2,clean,0.0,-1,83,44,CORRECT,0,0,0,0,0,0,0.0,0.0
margin,live-delta,6,0.0,0.271707,0.577329,0.024275,0.972656,0.439064,0.589064,0.03799247741699219,0.7384377717971802,0.700445294380188,0.7970215678215027,2.2189221382141113,0.6581733822822571,7,1,1,1,1,1,0,0.0,0.348906934261322,2,clean,0.0,-1,84,41,CORRECT,0,0,0,0,0,0,0.0,0.0
margin,live-delta,6,0.0,0.271707,0.577329,0.024275,0.972656,0.439064,0.589064,0.0889737606048584,0.6956807374954224,0.606706976890564,1.406815767288208,4.0829339027404785,0.6207090616226196,13,1,1,1,1,1,0,0.0,0.38515859842300415,2,clean,0.0,-1,85,43,CORRECT,0,0,0,0,0,0,0.0,0.0
margin,live-delta,6,0.0,0.271707,0.577329,0.024275,0.972656,0.439064,0.589064,0.045197486877441406,0.7701441049575806,0.7249466180801392,1.4363933801651,4.205500602722168,0.5489729642868042,15,1,1,1,1,1,0,0.0,0.4686961770057678,2,clean,0.0,-1,86,51,CORRECT,0,0,0,0,0,0,0.0,0.0
margin,live-delta,6,0.0,0.271707,0.577329,0.024275,0.972656,0.439064,0.589064,0.011904120445251465,0.6797964572906494,0.667892336845398,1.5979340076446533,4.94281005859375,0.31458958983421326,9,1,1,1,1,1,0,0.0,0.41648101806640625,2,clean,0.0,-1,87,33,CORRECT,0,0,0,0,0,0,0.0,0.0
margin,live-delta,6,0.0,0.271707,0.577329,0.024275,0.972656,0.439064,0.589064,0.09143966436386108,0.5780873894691467,0.48664772510528564,0.8159888982772827,2.26141095161438,0.7532624006271362,4,1,1,1,1,1,0,0.05544177070260048,0.13045400381088257,2,clean,0.0,-1,88,47,CORRECT,0,0,0,0,0,0,0.0,0.0
margin,live-delta,6,0.0,0.271707,0.577329,0.024275,0.972656,0.439064,0.589064,0.03494095802307129,0.6190261840820312,0.58408522605896,0.9042328596115112,2.470036268234253,0.6164795756340027,4,1,1,1,1,1,0,0.0,0.2693459093570709,2,clean,0.0,-1,89,52,CORRECT,0,0,0,0,0,0,0.0,0.0
margin,live-delta,6,0.0,0.271707,0.577329,0.024275,0.972656,0.439064,0.589064,0.027263760566711426,0.692020058631897,0.6647562980651855,1.675542950630188,5.3416948318481445,0.37304309010505676,13,1,1,1,1,1,0,0.0,0.2833227515220642,2,clean,0.0,-1,91,39,CORRECT,0,0,0,0,0,0,0.0,0.0
margin,live-delta,6,0.0,0.271707,0.577329,0.024275,0.972656,0.439064,0.589064,0.029761195182800293,0.7398475408554077,0.7100863456726074,1.7118500471115112,5.5391998291015625,0.3889440596103668,14,1,1,1,1,1,0,0.0,0.47665858268737793,2,clean,0.0,-1,92,45,CORRECT,0,0,0,0,0,0,0.0,0.0
margin,live-delta,6,0.0,0.271707,0.577329,0.024275,0.972656,0.439064,0.589064,0.1284804344177246,0.5923916697502136,0.463911235332489,0.6271226406097412,1.872215747833252,0.8348609805107117,4,1,1,1,1,1,1,0.16513895988464355,0.1284804344177246,2,clean,0.0,-1,93,32,CORRECT,0,0,0,0,0,0,0.0,0.0
margin,live-delta,6,0.0,0.271707,0.577329,0.024275,0.972656,0.439064,0.589064,0.1297839879989624,0.55228590965271,0.42250192165374756,-0.0,1.0,1.0,1,1,1,1,1,1,0,0.0,0.32412323355674744,2,clean,0.0,-1,94,52,CORRECT,0,0,0,0,0,0,0.0,0.0
margin,live-delta,6,0.0,0.271707,0.577329,0.024275,0.972656,0.439064,0.589064,0.09342542290687561,0.5417872071266174,0.4483617842197418,0.3933871388435364,1.4819920063018799,0.8662855625152588,2,1,1,1,1,1,0,0.0,0.27124589681625366,2,clean,0.0,-1,95,51,CORRECT,0,0,0,0,0,0,0.0,0.0
margin,live-delta,6,0.0,0.271707,0.577329,0.024275,0.972656,0.439064,0.589064,0.050793468952178955,0.5806038975715637,0.5298104286193848,1.4404054880142212,4.222407817840576,0.45094889402389526,5,1,1,1,1,1,0,0.0,0.2296139895915985,2,clean,0.0,-1,97,39,CORRECT,0,0,0,0,0,0,0.0,0.0
margin,live-delta,6,0.0,0.271707,0.577329,0.024275,0.972656,0.439064,0.589064,0.015441596508026123,0.584922194480896,0.5694805979728699,1.9659758806228638,7.141879081726074,0.2806284725666046,9,1,1,1,1,1,0,0.0,0.33483394980430603,2,clean,0.0,-1,98,45,CORRECT,0,0,0,0,0,0,0.0,0.0
margin,live-delta,6,0.0,0.271707,0.577329,0.024275,0.972656,0.439064,0.589064,0.26017677783966064,0.6687585115432739,0.4085817337036133,-0.0,1.0,1.0,1,1,1,1,1,1,0,0.0,0.3264943063259125,2,clean,0.0,-1,99,60,CORRECT,0,0,0,0,0,0,0.0,0.0
margin,live-delta,6,0.0,0.271707,0.577329,0.024275,0.972656,0.439064,0.589064,0.015581190586090088,0.7002413272857666,0.6846601366996765,1.6012790203094482,4.959371566772461,0.4149681627750397,13,1,1,1,1,1,0,0.03963572904467583,0.12970495223999023,2,clean,0.0,-1,100,55,CORRECT,0,0,0,0,0,0,0.0,0.0
margin,live-delta,6,0.0,0.271707,0.577329,0.024275,0.972656,0.439064,0.589064,0.056407630443573,0.6827635765075684,0.6263559460639954,1.5161516666412354,4.55466365814209,0.4522438645362854,8,1,1,1,1,1,0,0.0,0.3936646282672882,2,clean,0.0,-1,101,33,CORRECT,0,0,0,0,0,0,0.0,0.0
margin,live-delta,6,0.0,0.271707,0.577329,0.024275,0.972656,0.439064,0.589064,0.03583967685699463,0.5661741495132446,0.53033447265625,1.8710620403289795,6.4951910972595215,0.3483125567436218,9,1,1,1,1,1,1,0.16582131385803223,0.03710949420928955,1,clean,0.0,-1,102,50,CORRECT,0,0,0,0,0,0,0.0,0.0
margin,live-delta,6,0.0,0.271707,0.577329,0.024275,0.972656,0.439064,0.589064,0.01545494794845581,0.607532799243927,0.5920778512954712,0.6813455820083618,1.9765355587005615,0.5766653418540955,2,1,1,1,1,1,0,0.0,0.19596463441848755,2,clean,0.0,-1,103,41,CORRECT,0,0,0,0,0,0,0.0,0.0
margin,live-delta,6,0.0,0.271707,0.577329,0.024275,0.972656,0.439064,0.589064,0.06616508960723877,0.7455623149871826,0.6793972253799438,1.2658060789108276,3.545949935913086,0.6393237709999084,14,1,1,1,1,1,0,0.0,0.34216418862342834,2,clean,0.0,-1,104,39,CORRECT,0,0,0,0,0,0,0.0,0.0
margin,live-delta,6,0.0,0.271707,0.577329,0.024275,0.972656,0.439064,0.589064,0.0018985271453857422,0.7375691533088684,0.7356706261634827,1.6145350933074951,5.025550842285156,0.3246951401233673,13,1,1,1,1,1,0,0.0,0.30341246724128723,2,clean,0.0,-1,105,54,CORRECT,0,0,0,0,0,0,0.0,0.0
margin,live-delta,6,0.0,0.271707,0.577329,0.024275,0.972656,0.439064,0.589064,0.00989389419555664,0.4737173914909363,0.46382349729537964,1.0729889869689941,2.9241065979003906,0.41885125637054443,3,1,1,1,1,1,0,0.0,0.1302989423274994,2,clean,0.0,-1,106,62,CORRECT,0,0,0,0,0,0,0.0,0.0
margin,live-delta,6,0.0,0.271707,0.577329,0.024275,0.972656,0.439064,0.589064,0.1537250280380249,0.799985408782959,0.6462603807449341,0.4958779215812683,1.6419390439987183,0.8949791193008423,10,1,1,1,1,1,0,0.0,0.5308573842048645,2,clean,0.0,-1,107,51,CORRECT,0,0,0,0,0,0,0.0,0.0
margin,live-delta,6,0.0,0.271707,0.577329,0.024275,0.972656,0.439064,0.589064,0.03705352544784546,0.7192625999450684,0.6822090744972229,1.5510046482086182,4.716206073760986,0.5038705468177795,15,1,1,1,1,1,0,0.0,0.4430217444896698,2,clean,0.0,-1,108,45,CORRECT,0,0,0,0,0,0,0.0,0.0
margin,live-delta,6,0.0,0.271707,0.577329,0.024275,0.972656,0.439064,0.589064,0.22602304816246033,0.6040655374526978,0.3780424892902374,-0.0,1.0,1.0,1,1,1,1,1,1,0,0.0,0.22602304816246033,2,clean,0.0,-1,109,38,CORRECT,0,0,0,0,0,0,0.0,0.0
margin,live-delta,6,0.0,0.271707,0.577329,0.024275,0.972656,0.439064,0.589064,0.037272632122039795,0.5118335485458374,0.4745609164237976,0.6282285451889038,1.8742873668670654,0.6781869530677795,2,1,1,1,1,1,0,0.0,0.14201003313064575,2,clean,0.0,-1,110,47,CORRECT,0,0,0,0,0,0,0.0,0.0
margin,live-delta,6,0.0,0.271707,0.577329,0.024275,0.972656,0.439064,0.589064,0.00589442253112793,0.6232324838638306,0.6173380613327026,0.9393909573554993,2.558422803878784,0.49284619092941284,4,1,1,1,1,1,0,0.0,0.26012080907821655,2,clean,0.0,-1,111,59,CORRECT,0,0,0,0,0,0,0.0,0.0
margin,live-delta,6,0.0,0.271707,0.577329,0.024275,0.972656,0.439064,0.589064,0.01124069094657898,0.4431905448436737,0.4319498538970947,-0.0,1.0,1.0,1,1,1,1,1,1,0,0.0,0.03822389245033264,1,clean,0.0,-1,112,51,CORRECT,0,0,0,0,0,0,0.0,0.0
margin,live-delta,6,0.0,0.271707,0.577329,0.024275,0.972656,0.439064,0.589064,0.06394106149673462,0.701833188533783,0.6378921270370483,1.6664202213287354,5.293185234069824,0.5275378227233887,15,1,1,1,1,1,0,0.0035519737284630537,0.25003582239151,2,clean,0.0,-1,113,39,CORRECT,0,0,0,0,0,0,0.0,0.0
margin,live-delta,6,0.0,0.271707,0.577329,0.024275,0.972656,0.439064,0.589064,0.06835818290710449,0.6080368757247925,0.539678692817688,0.9950105547904968,2.7047529220581055,0.660291850566864,4,1,1,1,1,1,0,0.0,0.2539392411708832,2,clean,0.0,-1,114,59,CORRECT,0,0,0,0,0,0,0.0,0.0
margin,live-delta,6,0.0,0.271707,0.577329,0.024275,0.972656,0.439064,0.589064,0.05447810888290405,0.6041508316993713,0.5496727228164673,1.0775936841964722,2.9376022815704346,0.6253456473350525,5,1,1,1,1,1,0,0.0,0.33038443326950073,2,clean,0.0,-1,115,50,CORRECT,0,0,0,0,0,0,0.0,0.0
margin,live-delta,6,0.0,0.271707,0.577329,0.024275,0.972656,0.439064,0.589064,0.01016378402709961,0.5373191833496094,0.5271553993225098,1.6083056926727295,4.99434232711792,0.3345862329006195,6,1,1,1,1,1,1,0.23712188005447388,0.042666494846343994,1,clean,0.0,-1,116,63,CORRECT,0,0,0,0,0,0,0.0,0.0
margin,live-delta,6,0.0,0.271707,0.577329,0.024275,0.972656,0.439064,0.589064,0.06607326865196228,0.4983387291431427,0.4322654604911804,-0.0,1.0,1.0,1,1,1,1,1,1,0,0.0,0.06607326865196228,2,clean,0.0,-1,117,58,CORRECT,0,0,0,0,0,0,0.0,0.0
margin,live-delta,6,0.0,0.271707,0.577329,0.024275,0.972656,0.439064,0.589064,0.04003894329071045,0.7102930545806885,0.670254111289978,1.3079015016555786,3.698404550552368,0.5311775207519531,9,1,1,1,1,1,0,0.0,0.4212930202484131,2,clean,0.0,-1,119,39,CORRECT,0,0,0,0,0,0,0.0,0.0
margin,live-delta,6,0.0,0.271707,0.577329,0.024275,0.972656,0.439064,0.589064,0.2523503005504608,0.6183493137359619,0.3659990131855011,-0.0,1.0,1.0,1,1,1,1,1,1,0,0.0,0.41161060333251953,2,clean,0.0,-1,121,52,CORRECT,0,0,0,0,0,0,0.0,0.0
margin,live-delta,6,0.0,0.271707,0.577329,0.024275,0.972656,0.439064,0.589064,0.014266133308410645,0.7422631978988647,0.7279970645904541,1.422123670578003,4.145915508270264,0.38885706663131714,11,1,1,1,1,1,0,0.0,0.5021474361419678,2,clean,0.0,-1,122,45,CORRECT,0,0,0,0,0,0,0.0,0.0
margin,live-delta,6,0.0,0.271707,0.577329,0.024275,0.972656,0.439064,0.589064,0.08240044116973877,0.8361939191818237,0.753793478012085,0.5423063039779663,1.7199690341949463,0.8239426612854004,6,1,1,1,1,1,0,0.0004518595524132252,0.37542420625686646,2,clean,0.0,-1,123,36,CORRECT,0,0,0,0,0,0,0.0,0.0
margin,live-delta,6,0.0,0.271707,0.577329,0.024275,0.972656,0.439064,0.589064,0.03546115756034851,0.49169304966926575,0.45623189210891724,1.0287868976593018,2.7976698875427246,0.5145205855369568,3,1,1,1,1,1,0,0.0,0.18838730454444885,2,clean,0.0,-1,125,41,CORRECT,0,0,0,0,0,0,0.0,0.0
margin,live-delta,6,0.0,0.271707,0.577329,0.024275,0.972656,0.439064,0.589064,0.0261155366897583,0.744177520275116,0.7180619835853577,1.4765279293060303,4.377719402313232,0.4277113974094391,13,1,1,1,1,1,0,0.005537495948374271,0.23962503671646118,2,clean,0.0,-1,126,62,CORRECT,0,0,0,0,0,0,0.0,0.0
margin,live-delta,6,0.0,0.271707,0.577329,0.024275,0.972656,0.439064,0.589064,0.19001200795173645,0.6020189523696899,0.4120069444179535,-0.0,1.0,1.0,1,1,1,1,1,1,0,0.0,0.37000665068626404,2,clean,0.0,-1,127,47,CORRECT,0,0,0,0,0,0,0.0,0.0
margin,live-delta,6,0.0,0.271707,0.577329,0.024275,0.972656,0.439064,0.589064,0.005229651927947998,0.5517898201942444,0.5465601682662964,2.1953423023223877,8.983075141906738,0.20394165813922882,11,2,2,1,2,1,0,0.0,0.22328901290893555,2,clean,0.0,-1,128,92,CORRECT,0,0,0,0,0,0,0.0,0.0
margin,live-delta,6,0.0,0.271707,0.577329,0.024275,0.972656,0.439064,0.589064,0.012582868337631226,0.4893530011177063,0.4767701327800751,1.5458707809448242,4.692055702209473,0.315262109041214,5,2,2,1,2,1,0,0.0,0.07689374685287476,2,clean,0.0,-1,130,88,CORRECT,0,0,0,0,0,0,0.0,0.0
margin,live-delta,6,0.0,0.271707,0.577329,0.024275,0.972656,0.439064,0.589064,0.03712707757949829,0.7388211488723755,0.7016940712928772,1.1324647665023804,3.1032960414886475,0.5346430540084839,9,2,2,1,2,1,0,0.0,0.4550756812095642,2,clean,0.0,-1,131,92,CORRECT,0,0,0,0,0,0,0.0,0.0
margin,live-delta,6,0.0,0.271707,0.577329,0.024275,0.972656,0.439064,0.589064,0.07996654510498047,0.5953593254089355,0.5153927803039551,1.5070693492889404,4.513484001159668,0.5781190991401672,9,2,2,1,2,1,0,0.0,0.30446359515190125,2,clean,0.0,-1,132,80,CORRECT,0,0,0,0,0,0,0.0,0.0
margin,live-delta,6,0.0,0.271707,0.577329,0.024275,0.972656,0.439064,0.589064,0.10068809986114502,0.6728984117507935,0.5722103118896484,1.317524790763855,3.7341670989990234,0.6606665849685669,10,2,2,1,2,1,0,0.0,0.549420952796936,2,clean,0.0,-1,133,66,CORRECT,0,0,0,0,0,0,0.0,0.0
margin,live-delta,6,0.0,0.271707,0.577329,0.024275,0.972656,0.439064,0.589064,0.010797262191772461,0.6597398519515991,0.6489425897598267,1.7877330780029297,5.975890159606934,0.33156898617744446,12,2,2,1,2,1,0,0.0,0.41171005368232727,2,clean,0.0,-1,134,92,CORRECT,0,0,0,0,0,0,0.0,0.0
margin,live-delta,6,0.0,0.271707,0.577329,0.024275,0.972656,0.439064,0.589064,0.038563430309295654,0.7814432978630066,0.7428798675537109,2.0973949432373047,8.14492416381836,0.3092581331729889,17,2,2,1,2,1,0,0.0,0.6722792387008667,2,clean,0.0,-1,135,86,CORRECT,0,0,0,0,0,0,0.0,0.0
margin,live-delta,6,0.0,0.271707,0.577329,0.024275,0.972656,0.439064,0.589064,0.020030081272125244,0.5288381576538086,0.5088080763816833,2.260021448135376,9.583294868469238,0.22070133686065674,11,2,2,1,2,1,0,0.0,0.34904682636260986,2,clean,0.0,-1,136,88,CORRECT,0,0,0,0,0,0,0.0,0.0
margin,live-delta,6,0.0,0.271707,0.577329,0.024275,0.972656,0.439064,0.589064,0.073203444480896,0.7202974557876587,0.6470940113067627,1.0489871501922607,2.8547582626342773,0.6896443367004395,9,2,2,1,2,1,0,0.0,0.329639196395874,2,clean,0.0,-1,137,88,CORRECT,0,0,0,0,0,0,0.0,0.0
margin,live-delta,6,0.0,0.271707,0.577329,0.024275,0.972656,0.439064,0.589064,0.010031938552856445,0.6941384077072144,0.6841064691543579,2.1667442321777344,8.729815483093262,0.25467154383659363,18,2,2,1,2,1,0,0.0,0.5886439085006714,2,clean,0.0,-1,138,81,CORRECT,0,0,0,0,0,0,0.0,0.0
margin,live-delta,6,0.0,0.271707,0.577329,0.024275,0.972656,0.439064,0.589064,0.02701401710510254,0.5055744051933289,0.4785603880882263,0.6579487919807434,1.9308277368545532,0.6318776607513428,2,2,2,1,2,1,0,0.0,0.27878403663635254,2,clean,0.0,-1,139,80,CORRECT,0,0,0,0,0,0,0.0,0.0
margin,live-delta,6,0.0,0.271707,0.577329,0.024275,0.972656,0.439064,0.589064,0.004963397979736328,0.5345861911773682,0.5296227931976318,1.971577525138855,7.181997299194336,0.22626833617687225,8,2,2,1,2,1,0,0.0,0.4051614999771118,2,clean,0.0,-1,140,66,CORRECT,0,0,0,0,0,0,0.0,0.0
margin,live-delta,6,0.0,0.271707,0.577329,0.024275,0.972656,0.439064,0.589064,0.0156974196434021,0.6356213688850403,0.6199239492416382,1.9866859912872314,7.291330337524414,0.2903841435909271,13,2,2,1,2,1,0,0.0,0.4982225298881531,2,clean,0.0,-1,141,66,CORRECT,0,0,0,0,0,0,0.0,0.0
margin,live-delta,6,0.0,0.271707,0.577329,0.024275,0.972656,0.439064,0.589064,0.01708298921585083,0.7122920751571655,0.6952090859413147,1.2599601745605469,3.5252811908721924,0.4833809733390808,10,2,2,1,2,1,0,0.0,0.3683291971683502,2,clean,0.0,-1,142,88,CORRECT,0,0,0,0,0,0,0.0,0.0
margin,live-delta,6,0.0,0.271707,0.577329,0.024275,0.972656,0.439064,0.589064,0.05140995979309082,0.7328740954399109,0.6814641356468201,1.9405049085617065,6.962265491485596,0.40896961092948914,16,2,2,1,2,1,0,0.0,0.6180444955825806,2,clean,0.0,-1,143,66,CORRECT,0,0,0,0,0,0,0.0,0.0
margin,live-delta,6,0.0,0.271707,0.577329,0.024275,0.972656,0.439064,0.589064,0.06999588012695312,0.8557835817337036,0.7857877016067505,1.1510076522827148,3.161376953125,0.6333998441696167,16,2,2,1,2,1,0,0.0,0.6665446758270264,2,clean,0.0,-1,144,92,CORRECT,0,0,0,0,0,0,0.0,0.0
margin,live-delta,6,0.0,0.271707,0.577329,0.024275,0.972656,0.439064,0.589064,0.07027477025985718,0.7297858595848083,0.6595110893249512,1.6335607767105103,5.1220808029174805,0.5572382807731628,15,2,2,1,2,1,0,0.0,0.5841353535652161,2,clean,0.0,-1,145,82,CORRECT,0,0,0,0,0,0,0.0,0.0
margin,live-delta,6,0.0,0.271707,0.577329,0.024275,0.972656,0.439064,0.589064,0.012750029563903809,0.620884895324707,0.6081348657608032,2.2108232975006104,9.123224258422852,0.2578112781047821,15,2,2,1,2,1,0,0.0,0.41435956954956055,2,clean,0.0,-1,146,89,CORRECT,0,0,0,0,0,0,0.0,0.0
margin,live-delta,6,0.0,0.271707,0.577329,0.024275,0.972656,0.439064,0.589064,0.01943683624267578,0.7345792055130005,0.7151423692703247,1.9745113849639893,7.203099250793457,0.32740145921707153,17,2,2,1,2,1,0,0.0,0.5811883211135864,2,clean,0.0,-1,147,66,CORRECT,0,0,0,0,0,0,0.0,0.0
margin,live-delta,6,0.0,0.271707,0.577329,0.024275,0.972656,0.439064,0.589064,0.05345660448074341,0.7361685633659363,0.6827119588851929,1.9927566051483154,7.335727691650391,0.3912556767463684,14,2,2,1,2,1,0,0.0,0.5475063323974609,2,clean,0.0,-1,148,87,CORRECT,0,0,0,0,0,0,0.0,0.0
margin,live-delta,6,0.0,0.271707,0.577329,0.024275,0.972656,0.439064,0.589064,0.032271623611450195,0.8208656311035156,0.7885940074920654,1.3720816373825073,3.9435513019561768,0.4559568762779236,16,2,2,1,2,1,0,0.0,0.5866742730140686,2,clean,0.0,-1,149,88,CORRECT,0,0,0,0,0,0,0.0,0.0
margin,live-delta,6,0.0,0.271707,0.577329,0.024275,0.972656,0.439064,0.589064,0.055301666259765625,0.5719026327133179,0.5166009664535522,1.0985515117645264,2.9998176097869873,0.626548171043396,5,2,2,1,2,1,0,0.0,0.34642860293388367,2,clean,0.0,-1,150,80,CORRECT,0,0,0,0,0,0,0.0,0.0
margin,live-delta,6,0.0,0.271707,0.577329,0.024275,0.972656,0.439064,0.589064,0.16924935579299927,0.6686280965805054,0.4993787407875061,0.38829556107521057,1.4744654893875122,0.9189178347587585,5,2,2,1,2,1,0,0.0,0.5161433815956116,2,clean,0.0,-1,151,82,CORRECT,0,0,0,0,0,0,0.0,0.0
margin,live-delta,6,0.0,0.271707,0.577329,0.024275,0.972656,0.439064,0.589064,0.014408707618713379,0.7415615320205688,0.7271528244018555,2.1189281940460205,8.322213172912598,0.27553868293762207,18,2,2,1,2,1,0,0.0,0.6040228009223938,2,clean,0.0,-1,152,66,CORRECT,0,0,0,0,0,0,0.0,0.0
margin,live-delta,6,0.0,0.271707,0.577329,0.024275,0.972656,0.439064,0.589064,0.010547876358032227,0.8060425519943237,0.7954946756362915,1.3239156007766724,3.758107900619507,0.42233118414878845,16,2,2,1,2,1,0,0.0,0.5476217269897461,2,clean,0.0,-1,153,92,CORRECT,0,0,0,0,0,0,0.0,0.0
margin,live-delta,6,0.0,0.271707,0.577329,0.024275,0.972656,0.439064,0.589064,0.020640254020690918,0.6020315885543823,0.5813913345336914,2.2193665504455566,9.201499938964844,0.24520422518253326,13,2,2,1,2,1,0,0.0,0.42076271772384644,2,clean,0.0,-1,160,94,CORRECT,0,0,0,0,0,0,0.0,0.0
margin,live-delta,6,0.0,0.271707,0.577329,0.024275,0.972656,0.439064,0.589064,0.0004684329032897949,0.558491587638855,0.5580231547355652,2.468005895614624,11.798894882202148,0.15108776092529297,14,2,2,1,2,1,0,0.0,0.3641226291656494,2,clean,0.0,-1,162,94,CORRECT,0,0,0,0,0,0,0.0,0.0
margin,live-delta,6,0.0,0.271707,0.577329,0.024275,0.972656,0.439064,0.589064,0.009126722812652588,0.5600058436393738,0.5508791208267212,1.837072491645813,6.27813196182251,0.299072802066803,8,2,2,1,2,1,0,0.0,0.3933143615722656,2,clean,0.0,-1,164,86,CORRECT,0,0,0,0,0,0,0.0,0.0
margin,live-delta,6,0.0,0.271707,0.577329,0.024275,0.972656,0.439064,0.589064,0.02350926399230957,0.6209155321121216,0.597406268119812,2.3354697227478027,10.33431339263916,0.22745604813098907,14,2,2,1,2,1,0,0.0,0.4534796178340912,2,clean,0.0,-1,166,66,CORRECT,0,0,0,0,0,0,0.0,0.0
margin,live-delta,6,0.0,0.271707,0.577329,0.024275,0.972656,0.439064,0.589064,0.07067340612411499,0.8171741366386414,0.7465007305145264,1.6226474046707153,5.06648588180542,0.5326154232025146,17,2,2,1,2,1,0,0.0,0.6834558248519897,2,clean,0.0,-1,167,94,CORRECT,0,0,0,0,0,0,0.0,0.0
margin,live-delta,6,0.0,0.271707,0.577329,0.024275,0.972656,0.439064,0.589064,0.04554343223571777,0.8218976855278015,0.7763542532920837,1.8764818906784058,6.530489444732666,0.38273027539253235,18,2,2,1,2,1,0,0.0,0.6797922253608704,2,clean,0.0,-1,169,87,CORRECT,0,0,0,0,0,0,0.0,0.0
margin,live-delta,6,0.0,0.271707,0.577329,0.024275,0.972656,0.439064,0.589064,0.055218279361724854,0.4490985870361328,0.39388030767440796,-0.0,1.0,1.0,1,2,2,1,2,1,0,0.0,0.1706991195678711,2,clean,0.0,-1,170,74,CORRECT,0,0,0,0,0,0,0.0,0.0
margin,live-delta,6,0.0,0.271707,0.577329,0.024275,0.972656,0.439064,0.589064,0.03050374984741211,0.7986985445022583,0.7681947946548462,2.0227675437927246,7.559216499328613,0.3476046919822693,18,2,2,1,2,1,0,0.0,0.652678370475769,2,clean,0.0,-1,172,94,CORRECT,0,0,0,0,0,0,0.0,0.0
margin,live-delta,6,0.0,0.271707,0.577329,0.024275,0.972656,0.439064,0.589064,0.022157609462738037,0.6517328023910522,0.6295751929283142,1.8360211849212646,6.271535396575928,0.374071329832077,11,2,2,1,2,1,0,0.0,0.493843138217926,2,clean,0.0,-1,173,79,CORRECT,0,0,0,0,0,0,0.0,0.0
margin,live-delta,6,0.0,0.271707,0.577329,0.024275,0.972656,0.439064,0.589064,0.029355645179748535,0.8051860332489014,0.7758303880691528,1.780912160873413,5.935267925262451,0.37560105323791504,17,2,2,1,2,1,0,0.0,0.5979050397872925,2,clean,0.0,-1,174,88,CORRECT,0,0,0,0,0,0,0.0,0.0
margin,live-delta,6,0.0,0.271707,0.577329,0.024275,0.972656,0.439064,0.589064,0.014246940612792969,0.5697592496871948,0.5555123090744019,2.2537872791290283,9.523736953735352,0.26052936911582947,13,2,2,1,2,1,0,0.0,0.27040910720825195,2,clean,0.0,-1,175,82,CORRECT,0,0,0,0,0,0,0.0,0.0
margin,live-delta,6,0.0,0.271707,0.577329,0.024275,0.972656,0.439064,0.589064,0.014076292514801025,0.726281464099884,0.712205171585083,1.8721051216125488,6.501969337463379,0.28966787457466125,16,2,2,1,2,1,0,0.0,0.535503089427948,2,clean,0.0,-1,176,87,CORRECT,0,0,0,0,0,0,0.0,0.0
margin,live-delta,6,0.0,0.271707,0.577329,0.024275,0.972656,0.439064,0.589064,0.05845820903778076,0.6732896566390991,0.6148314476013184,1.9466885328292847,7.00545072555542,0.41664114594459534,15,2,2,1,2,1,0,0.0,0.47631222009658813,2,clean,0.0,-1,177,66,CORRECT,0,0,0,0,0,0,0.0,0.0
margin,live-delta,6,0.0,0.271707,0.577329,0.024275,0.972656,0.439064,0.589064,0.09708833694458008,0.498207688331604,0.4011193513870239,-0.0,1.0,1.0,1,2,2,1,2,1,0,0.0,0.16100990772247314,2,clean,0.0,-1,178,64,CORRECT,0,0,0,0,0,0,0.0,0.0
margin,live-delta,6,0.0,0.271707,0.577329,0.024275,0.972656,0.439064,0.589064,0.014411091804504395,0.642770528793335,0.6283594369888306,2.2935867309570312,9.910420417785645,0.2121940553188324,17,2,2,1,2,1,0,0.0,0.5257186889648438,2,clean,0.0,-1,179,81,CORRECT,0,0,0,0,0,0,0.0,0.0
margin,live-delta,6,0.0,0.271707,0.577329,0.024275,0.972656,0.439064,0.589064,0.009206622838973999,0.48549434542655945,0.47628772258758545,0.6889269948005676,1.991577386856079,0.5459035038948059,2,2,2,1,2,1,0,0.0,0.08106586337089539,2,clean,0.0,-1,180,88,CORRECT,0,0,0,0,0,0,0.0,0.0
margin,live-delta,6,0.0,0.271707,0.577329,0.024275,0.972656,0.439064,0.589064,0.07042646408081055,0.7437867522239685,0.673360288143158,1.7850247621536255,5.959727764129639,0.4779830276966095,13,2,2,1,2,1,0,0.0,0.6262246966362,2,clean,0.0,-1,182,82,CORRECT,0,0,0,0,0,0,0.0,0.0
margin,live-delta,6,0.0,0.271707,0.577329,0.024275,0.972656,0.439064,0.589064,0.00473785400390625,0.6011457443237305,0.5964078903198242,2.072744846343994,7.946605205535889,0.22993776202201843,12,2,2,1,2,1,0,0.0,0.3789810240268707,2,clean,0.0,-1,183,86,CORRECT,0,0,0,0,0,0,0.0,0.0
margin,live-delta,6,0.0,0.271707,0.577329,0.024275,0.972656,0.439064,0.589064,0.0015205740928649902,0.6854196190834045,0.6838990449905396,2.1933770179748535,8.965438842773438,0.20872709155082703,18,2,2,1,2,1,0,0.0,0.5326675176620483,2,clean,0.0,-1,184,86,CORRECT,0,0,0,0,0,0,0.0,0.0
margin,live-delta,6,0.0,0.271707,0.577329,0.024275,0.972656,0.439064,0.589064,0.032849788665771484,0.6116892099380493,0.5788394212722778,2.093151569366455,8.110435485839844,0.3236585557460785,13,2,2,1,2,1,0,0.0,0.46648189425468445,2,clean,0.0,-1,185,81,CORRECT,0,0,0,0,0,0,0.0,0.0
margin,live-delta,6,0.0,0.271707,0.577329,0.024275,0.972656,0.439064,0.589064,0.009874820709228516,0.8028467893600464,0.7929719686508179,1.5425740480422974,4.676612377166748,0.3523537814617157,16,2,2,1,2,1,0,0.0,0.5988579988479614,2,clean,0.0,-1,186,88,CORRECT,0,0,0,0,0,0,0.0,0.0
margin,live-delta,6,0.0,0.271707,0.577329,0.024275,0.972656,0.439064,0.589064,0.002904832363128662,0.8251573443412781,0.8222525119781494,1.9314234256744385,6.8993239402771,0.2785907983779907,18,2,2,1,2,1,0,0.0,0.7316372394561768,2,clean,0.0,-1,187,66,CORRECT,0,0,0,0,0,0,0.0,0.0
margin,live-delta,6,0.0,0.271707,0.577329,0.024275,0.972656,0.439064,0.589064,0.0050036609172821045,0.47099390625953674,0.46599024534225464,1.0700676441192627,2.915576696395874,0.4062097668647766,3,2,2,1,2,1,0,0.0,0.1328435242176056,2,clean,0.0,-1,188,89,CORRECT,0,0,0,0,0,0,0.0,0.0
margin,live-delta,6,0.0,0.271707,0.577329,0.024275,0.972656,0.439064,0.589064,0.0056299567222595215,0.5357644557952881,0.5301344990730286,1.9224615097045898,6.837769031524658,0.258139431476593,8,2,2,1,2,1,0,0.0,0.26216602325439453,2,clean,0.0,-1,190,67,CORRECT,0,0,0,0,0,0,0.0,0.0
margin,live-delta,6,0.0,0.271707,0.577329,0.024275,0.972656,0.439064,0.589064,0.05560547113418579,0.632349967956543,0.5767444968223572,2.061814069747925,7.860215663909912,0.36354196071624756,13,2,2,1,2,1,0,0.0,0.39755454659461975,2,clean,0.0,-1,191,81,CORRECT,0,0,0,0,0,0,0.0,0.0
margin,live-delta,6,0.0,0.271707,0.577329,0.024275,0.972656,0.439064,0.589064,0.1022566556930542,0.8100323677062988,0.7077757120132446,1.329530954360962,3.7792701721191406,0.6659570336341858,15,3,3,1,3,1,0,0.0,0.6372814774513245,2,clean,0.0,-1,192,110,CORRECT,0,0,0,0,0,0,0.0,0.0
margin,live-delta,6,0.0,0.271707,0.577329,0.024275,0.972656,0.439064,0.589064,0.006317168474197388,0.46576759219169617,0.4594504237174988,0.6911558508872986,1.9960212707519531,0.5315437316894531,2,3,3,1,3,1,0,0.0,0.23192644119262695,2,clean,0.0,-1,193,122,CORRECT,0,0,0,0,0,0,0.0,0.0
margin,live-delta,6,0.0,0.271707,0.577329,0.024275,0.972656,0.439064,0.589064,0.027418076992034912,0.8872389197349548,0.8598208427429199,1.6352026462554932,5.130497455596924,0.4058467745780945,13,3,3,1,3,1,0,0.0,0.7987887859344482,2,clean,0.0,-1,194,97,CORRECT,0,0,0,0,0,0,0.0,0.0
margin,live-delta,6,0.0,0.271707,0.577329,0.024275,0.972656,0.439064,0.589064,0.09606266021728516,0.7679380178451538,0.6718753576278687,1.635295033454895,5.130971431732178,0.5858632326126099,20,3,3,1,3,1,0,0.0,0.467274934053421,2,clean,0.0,-1,195,105,CORRECT,0,0,0,0,0,0,0.0,0.0
margin,live-delta,6,0.0,0.271707,0.577329,0.024275,0.972656,0.439064,0.589064,0.033324480056762695,0.5985491275787354,0.5652246475219727,2.370943307876587,10.707488059997559,0.2544578015804291,16,3,3,1,3,1,0,0.0,0.4936526417732239,2,clean,0.0,-1,196,113,CORRECT,0,0,0,0,0,0,0.0,0.0
margin,live-delta,6,0.0,0.271707,0.577329,0.024275,0.972656,0.439064,0.589064,0.03140676021575928,0.6604886054992676,0.6290818452835083,2.293865442276001,9.913182258605957,0.300283819437027,20,3,3,1,3,1,0,0.0,0.44444766640663147,2,clean,0.0,-1,197,109,CORRECT,0,0,0,0,0,0,0.0,0.0
margin,live-delta,6,0.0,0.271707,0.577329,0.024275,0.972656,0.439064,0.589064,0.02615499496459961,0.46656566858291626,0.44041067361831665,0.6600783467292786,1.9349439144134521,0.6278723478317261,2,3,3,1,3,1,0,0.0,0.18199288845062256,2,clean,0.0,-1,198,104,CORRECT,0,0,0,0,0,0,0.0,0.0
margin,live-delta,6,0.0,0.271707,0.577329,0.024275,0.972656,0.439064,0.589064,0.019829392433166504,0.5268105268478394,0.5069811344146729,0.673866868019104,1.961808681488037,0.597867488861084,2,3,3,1,3,1,0,0.0,0.4132581651210785,2,clean,0.0,-1,199,115,CORRECT,0,0,0,0,0,0,0.0,0.0
margin,live-delta,6,0.0,0.271707,0.577329,0.024275,0.972656,0.439064,0.589064,0.14240378141403198,0.7219078540802002,0.5795040726661682,0.2346271276473999,1.264437198638916,0.9419585466384888,3,3,3,1,3,1,0,0.0,0.6385027766227722,2,clean,0.0,-1,200,115,CORRECT,0,0,0,0,0,0,0.0,0.0
margin,live-delta,6,0.0,0.271707,0.577329,0.024275,0.972656,0.439064,0.589064,0.0062757134437561035,0.8334376215934753,0.8271619081497192,1.3125348091125488,3.7155799865722656,0.35869359970092773,18,3,3,1,3,1,0,0.0,0.7009687423706055,2,clean,0.0,-1,201,118,CORRECT,0,0,0,0,0,0,0.0,0.0
margin,live-delta,6,0.0,0.271707,0.577329,0.024275,0.972656,0.439064,0.589064,0.020821452140808105,0.5942161679267883,0.5733947157859802,1.6025315523147583,4.965587139129639,0.3478326201438904,7,3,3,1,3,1,0,0.0,0.3573760688304901,2,clean,0.0,-1,202,124,CORRECT,0,0,0,0,0,0,0.0,0.0
margin,live-delta,6,0.0,0.271707,0.577329,0.024275,0.972656,0.439064,0.589064,0.08432415127754211,0.5297173261642456,0.4453931748867035,0.4333803057670593,1.542462706565857,0.8437610268592834,2,3,3,1,3,1,0,0.0,0.2651461362838745,2,clean,0.0,-1,203,96,CORRECT,0,0,0,0,0,0,0.0,0.0
margin,live-delta,6,0.0,0.271707,0.577329,0.024275,0.972656,0.439064,0.589064,0.09210005402565002,0.5800983309745789,0.48799827694892883,0.8244100213050842,2.2805349826812744,0.7486775517463684,4,3,3,1,3,1,0,0.0,0.3671265244483948,2,clean,0.0,-1,204,96,CORRECT,0,0,0,0,0,0,0.0,0.0
margin,live-delta,6,0.0,0.271707,0.577329,0.024275,0.972656,0.439064,0.589064,0.09026157855987549,0.7622923851013184,0.6720308065414429,0.9353034496307373,2.5479865074157715,0.7575065493583679,11,3,3,1,3,1,0,0.0,0.5345759987831116,2,clean,0.0,-1,205,124,CORRECT,0,0,0,0,0,0,0.0,0.0
margin,live-delta,6,0.0,0.271707,0.577329,0.024275,0.972656,0.439064,0.589064,0.08902692794799805,0.592893660068512,0.5038667321205139,1.1338024139404297,3.107449769973755,0.6687549948692322,6,3,3,1,3,1,0,0.0,0.4166918396949768,2,clean,0.0,-1,206,113,CORRECT,0,0,0,0,0,0,0.0,0.0
margin,live-delta,6,0.0,0.271707,0.577329,0.024275,0.972656,0.439064,0.589064,0.03632640838623047,0.7532113790512085,0.716884970664978,2.2270796298980713,9.272747039794922,0.25928980112075806,18,3,3,1,3,1,0,0.0,0.5773868560791016,2,clean,0.0,-1,207,126,CORRECT,0,0,0,0,0,0,0.0,0.0
margin,live-delta,6,0.0,0.271707,0.577329,0.024275,0.972656,0.439064,0.589064,0.05994373559951782,0.6874781847000122,0.6275344491004944,1.4573490619659424,4.294559955596924,0.5362496972084045,10,3,3,1,3,1,0,0.0,0.458513468503952,2,clean,0.0,-1,208,124,CORRECT,0,0,0,0,0,0,0.0,0.0
margin,live-delta,6,0.0,0.271707,0.577329,0.024275,0.972656,0.439064,0.589064,0.007803201675415039,0.5509086847305298,0.5431054830551147,0.6901119351387024,1.993938684463501,0.5389370322227478,2,3,3,1,3,1,0,0.0,0.4494723081588745,2,clean,0.0,-1,209,115,CORRECT,0,0,0,0,0,0,0.0,0.0
margin,live-delta,6,0.0,0.271707,0.577329,0.024275,0.972656,0.439064,0.589064,0.01137608289718628,0.682218074798584,0.6708419919013977,1.4856369495391846,4.417778491973877,0.4158100187778473,10,3,3,1,3,1,0,0.0,0.5385146141052246,2,clean,0.0,-1,210,116,CORRECT,0,0,0,0,0,0,0.0,0.0
margin,live-delta,6,0.0,0.271707,0.577329,0.024275,0.972656,0.439064,0.589064,0.02612006664276123,0.7439183592796326,0.7177982926368713,1.2961605787277222,3.655235767364502,0.48552531003952026,15,3,3,1,3,1,0,0.0,0.5797291398048401,2,clean,0.0,-1,211,125,CORRECT,0,0,0,0,0,0,0.0,0.0
margin,live-delta,6,0.0,0.271707,0.577329,0.024275,0.972656,0.439064,0.589064,0.002281785011291504,0.6112834215164185,0.609001636505127,1.5259491205215454,4.599506855010986,0.32277217507362366,6,3,3,1,3,1,0,0.0,0.2935105562210083,2,clean,0.0,-1,212,101,CORRECT,0,0,0,0,0,0,0.0,0.0
margin,live-delta,6,0.0,0.271707,0.577329,0.024275,0.972656,0.439064,0.589064,0.03744769096374512,0.6198829412460327,0.5824352502822876,1.610660433769226,5.0061163902282715,0.39658716320991516,8,3,3,1,3,1,0,0.0,0.3868899941444397,2,clean,0.0,-1,213,125,CORRECT,0,0,0,0,0,0,0.0,0.0
margin,live-delta,6,0.0,0.271707,0.577329,0.024275,0.972656,0.439064,0.589064,0.006246805191040039,0.7604220509529114,0.7541752457618713,2.070779323577881,7.931001663208008,0.24775245785713196,17,3,3,1,3,1,0,0.0,0.6242871284484863,2,clean,0.0,-1,214,97,CORRECT,0,0,0,0,0,0,0.0,0.0
margin,live-delta,6,0.0,0.271707,0.577329,0.024275,0.972656,0.439064,0.589064,0.07016345858573914,0.47933223843574524,0.4091687798500061,-0.0,1.0,1.0,1,3,3,1,3,1,0,0.0,0.16705068945884705,2,clean,0.0,-1,215,123,CORRECT,0,0,0,0,0,0,0.0,0.0
margin,live-delta,6,0.0,0.271707,0.577329,0.024275,0.972656,0.439064,0.589064,0.12951183319091797,0.63904869556427,0.509536862373352,0.2530421316623688,1.2879375219345093,0.9302305579185486,2,3,3,1,3,1,0,0.0,0.33034107089042664,2,clean,0.0,-1,216,122,CORRECT,0,0,0,0,0,0,0.0,0.0
margin,live-delta,6,0.0,0.271707,0.577329,0.024275,0.972656,0.439064,0.589064,0.1960849165916443,0.8942528367042542,0.6981679201126099,0.2806599736213684,1.3240033388137817,0.9504283666610718,13,3,3,1,3,1,0,0.0,0.7961851358413696,2,clean,0.0,-1,217,107,CORRECT,0,0,0,0,0,0,0.0,0.0
margin,live-delta,6,0.0,0.271707,0.577329,0.024275,0.972656,0.439064,0.589064,0.007295757532119751,0.4530926048755646,0.4457968473434448,0.6904928684234619,1.994698405265808,0.5364142060279846,2,3,3,1,3,1,0,0.0,0.17780092358589172,2,clean,0.0,-1,218,114,CORRECT,0,0,0,0,0,0,0.0,0.0
margin,live-delta,6,0.0,0.271707,0.577329,0.024275,0.972656,0.439064,0.589064,0.07128006219863892,0.816789984703064,0.745509922504425,0.672871470451355,1.9598568677902222,0.779811680316925,9,3,3,1,3,1,0,0.0,0.7203499674797058,2,clean,0.0,-1,219,119,CORRECT,0,0,0,0,0,0,0.0,0.0
margin,live-delta,6,0.0,0.271707,0.577329,0.024275,0.972656,0.439064,0.589064,0.042374372482299805,0.5923725366592407,0.5499981641769409,1.6603269577026367,5.261030673980713,0.4123595952987671,8,3,3,1,3,1,0,0.0,0.37080055475234985,2,clean,0.0,-1,220,119,CORRECT,0,0,0,0,0,0,0.0,0.0
margin,live-delta,6,0.0,0.271707,0.577329,0.024275,0.972656,0.439064,0.589064,0.03423511981964111,0.7938240766525269,0.7595889568328857,0.7789266705513,2.1791319847106934,0.6444183588027954,6,3,3,1,3,1,0,0.0,0.6068319082260132,2,clean,0.0,-1,221,121,CORRECT,0,0,0,0,0,0,0.0,0.0
margin,live-delta,6,0.0,0.271707,0.577329,0.024275,0.972656,0.439064,0.589064,0.0373113751411438,0.7181012034416199,0.6807898283004761,1.348701000213623,3.8524179458618164,0.4989735782146454,10,3,3,1,3,1,0,0.0,0.44699907302856445,2,clean,0.0,-1,222,103,CORRECT,0,0,0,0,0,0,0.0,0.0
margin,live-delta,6,0.0,0.271707,0.577329,0.024275,0.972656,0.439064,0.589064,0.009178757667541504,0.5874730348587036,0.5782942771911621,1.794343113899231,6.015522003173828,0.33089911937713623,9,3,3,1,3,1,0,0.0,0.41115981340408325,2,clean,0.0,-1,223,114,CORRECT,0,0,0,0,0,0,0.0,0.0
margin,live-delta,6,0.0,0.271707,0.577329,0.024275,0.972656,0.439064,0.589064,0.0036386847496032715,0.8077525496482849,0.8041138648986816,0.7877927422523499,2.198538303375244,0.5091709494590759,7,3,3,1,3,1,0,0.0,0.693606436252594,2,clean,0.0,-1,224,121,CORRECT,0,0,0,0,0,0,0.0,0.0
margin,live-delta,6,0.0,0.271707,0.577329,0.024275,0.972656,0.439064,0.589064,0.03262263536453247,0.6887332797050476,0.6561106443405151,1.4753340482711792,4.372496128082275,0.4493337869644165,9,3,3,1,3,1,0,0.0,0.5997492671012878,2,clean,0.0,-1,225,116,CORRECT,0,0,0,0,0,0,0.0,0.0
margin,live-delta,6,0.0,0.271707,0.577329,0.024275,0.972656,0.439064,0.589064,0.02645939588546753,0.571704626083374,0.5452452301979065,0.6593304872512817,1.933497428894043,0.6292937397956848,2,3,3,1,3,1,0,0.0,0.3278559744358063,2,clean,0.0,-1,226,120,CORRECT,0,0,0,0,0,0,0.0,0.0
margin,live-delta,6,0.0,0.271707,0.577329,0.024275,0.972656,0.439064,0.589064,0.2306826114654541,0.9411556720733643,0.7104730606079102,0.226749986410141,1.2545162439346313,0.9641211628913879,17,3,3,1,3,1,0,0.0,0.8242925405502319,2,clean,0.0,-1,227,107,CORRECT,0,0,0,0,0,0,0.0,0.0
margin,live-delta,6,0.0,0.271707,0.577329,0.024275,0.972656,0.439064,0.589064,0.010918140411376953,0.5363830327987671,0.5254648923873901,1.420082926750183,4.137463569641113,0.36637499928474426,5,3,3,1,3,1,0,0.0,0.4173053503036499,2,clean,0.0,-1,228,107,CORRECT,0,0,0,0,0,0,0.0,0.0
margin,live-delta,6,0.0,0.271707,0.577329,0.024275,0.972656,0.439064,0.589064,0.021424829959869385,0.8018848896026611,0.7804600596427917,0.6966444253921509,2.0070066452026367,0.6030893325805664,4,3,3,1,3,1,0,0.0,0.6869179010391235,2,clean,0.0,-1,229,120,CORRECT,0,0,0,0,0,0,0.0,0.0
margin,live-delta,6,0.0,0.271707,0.577329,0.024275,0.972656,0.439064,0.589064,0.05081146955490112,0.7853767275810242,0.734565258026123,1.824318766593933,6.198570728302002,0.42657700181007385,15,3,3,1,3,1,0,0.0,0.6753167510032654,2,clean,0.0,-1,230,107,CORRECT,0,0,0,0,0,0,0.0,0.0
margin,live-delta,6,0.0,0.271707,0.577329,0.024275,0.972656,0.439064,0.589064,0.029012084007263184,0.8678466081619263,0.8388345241546631,1.864013910293579,6.449573040008545,0.3899986743927002,19,3,3,1,3,1,0,0.0,0.7405789494514465,2,clean,0.0,-1,231,126,CORRECT,0,0,0,0,0,0,0.0,0.0
margin,live-delta,6,0.0,0.271707,0.577329,0.024275,0.972656,0.439064,0.589064,0.01940310001373291,0.762601375579834,0.7431982755661011,1.3645538091659546,3.9139761924743652,0.4957890510559082,15,3,3,1,3,1,0,0.0,0.5297636985778809,2,clean,0.0,-1,232,105,CORRECT,0,0,0,0,0,0,0.0,0.0
margin,live-delta,6,0.0,0.271707,0.577329,0.024275,0.972656,0.439064,0.589064,0.03478437662124634,0.8089582920074463,0.7741739153862,1.1060642004013062,3.0224392414093018,0.5676912069320679,16,3,3,1,3,1,0,0.0,0.6849418878555298,2,clean,0.0,-1,233,113,CORRECT,0,0,0,0,0,0,0.0,0.0
margin,live-delta,6,0.0,0.271707,0.577329,0.024275,0.972656,0.439064,0.589064,0.15234535932540894,0.982479989528656,0.8301346302032471,0.30193987488746643,1.3524799346923828,0.934414803981781,18,3,3,1,3,1,0,0.0,0.8673667907714844,2,clean,0.0,-1,234,118,CORRECT,0,0,0,0,0,0,0.0,0.0
margin,live-delta,6,0.0,0.271707,0.577329,0.024275,0.972656,0.439064,0.589064,0.0017946958541870117,0.6616439819335938,0.6598492860794067,1.186095118522644,3.274270534515381,0.4303274154663086,7,3,3,1,3,1,0,0.0,0.526913583278656,2,clean,0.0,-1,235,106,CORRECT,0,0,0,0,0,0,0.0,0.0
margin,live-delta,6,0.0,0.271707,0.577329,0.024275,0.972656,0.439064,0.589064,0.010278284549713135,0.8556346297264099,0.8453563451766968,1.499734878540039,4.480501174926758,0.41308557987213135,15,3,3,1,3,1,0,0.0,0.6597282290458679,2,clean,0.0,-1,236,117,CORRECT,0,0,0,0,0,0,0.0,0.0
margin,live-delta,6,0.0,0.271707,0.577329,0.024275,0.972656,0.439064,0.589064,0.0014490485191345215,0.5788602828979492,0.5774112343788147,2.1078085899353027,8.230185508728027,0.20069342851638794,11,3,3,1,3,1,0,0.0,0.32548508048057556,2,clean,0.0,-1,237,103,CORRECT,0,0,0,0,0,0,0.0,0.0
margin,live-delta,6,0.0,0.271707,0.577329,0.024275,0.972656,0.439064,0.589064,0.05839550495147705,0.5697363018989563,0.5113407969474792,1.1548430919647217,3.173525333404541,0.6056205630302429,5,3,3,1,3,1,0,0.0,0.34055691957473755,2,clean,0.0,-1,239,116,CORRECT,0,0,0,0,0,0,0.0,0.0
margin,live-delta,6,0.0,0.271707,0.577329,0.024275,0.972656,0.439064,0.589064,0.00034350156784057617,0.8128784894943237,0.8125349879264832,1.4598190784454346,4.305180549621582,0.3990626335144043,15,3,3,1,3,1,0,0.0,0.6722614765167236,2,clean,0.0,-1,240,97,CORRECT,0,0,0,0,0,0,0.0,0.0
margin,live-delta,6,0.0,0.271707,0.577329,0.024275,0.972656,0.439064,0.589064,0.0093231201171875,0.756900429725647,0.7475773096084595,1.9889204502105713,7.307640552520752,0.2403310090303421,16,3,3,1,3,1,0,0.0,0.6455607414245605,2,clean,0.0,-1,241,97,CORRECT,0,0,0,0,0,0,0.0,0.0
margin,live-delta,6,0.0,0.271707,0.577329,0.024275,0.972656,0.439064,0.589064,0.019156038761138916,0.6394824981689453,0.6203264594078064,0.6751307249069214,1.9642897844314575,0.5946255326271057,2,3,3,1,3,1,0,0.0,0.531365692615509,2,clean,0.0,-1,242,115,CORRECT,0,0,0,0,0,0,0.0,0.0
margin,live-delta,6,0.0,0.271707,0.577329,0.024275,0.972656,0.439064,0.589064,0.0470123291015625,0.6217077970504761,0.5746954679489136,1.3996777534484863,4.053893566131592,0.5148141384124756,6,3,3,1,3,1,0,0.0,0.2859410345554352,2,clean,0.0,-1,243,124,CORRECT,0,0,0,0,0,0,0.0,0.0
margin,live-delta,6,0.0,0.271707,0.577329,0.024275,0.972656,0.439064,0.589064,0.0506209135055542,0.735724687576294,0.6851037740707397,1.2392916679382324,3.4531667232513428,0.5511974692344666,8,3,3,1,3,1,0,0.0,0.6164519786834717,2,clean,0.0,-1,244,119,CORRECT,0,0,0,0,0,0,0.0,0.0
margin,live-delta,6,0.0,0.271707,0.577329,0.024275,0.972656,0.439064,0.589064,0.01857537031173706,0.7805618047714233,0.7619864344596863,1.6965545415878296,5.455119609832764,0.36871206760406494,20,3,3,1,3,1,0,0.0,0.6571207046508789,2,clean,0.0,-1,245,125,CORRECT,0,0,0,0,0,0,0.0,0.0
margin,live-delta,6,0.0,0.271707,0.577329,0.024275,0.972656,0.439064,0.589064,0.009640216827392578,0.5784683227539062,0.5688281059265137,2.221360445022583,9.219865798950195,0.213002011179924,13,3,3,1,3,1,0,0.0,0.39385986328125,2,clean,0.0,-1,246,110,CORRECT,0,0,0,0,0,0,0.0,0.0
margin,live-delta,6,0.0,0.271707,0.577329,0.024275,0.972656,0.439064,0.589064,0.09101557731628418,0.7862826585769653,0.6952670812606812,1.0541155338287354,2.869436025619507,0.7270598411560059,14,3,3,1,3,1,0,0.0,0.5251450538635254,2,clean,0.0,-1,247,120,CORRECT,0,0,0,0,0,0,0.0,0.0
margin,live-delta,6,0.0,0.271707,0.577329,0.024275,0.972656,0.439064,0.589064,0.035696208477020264,0.6193225383758545,0.5836263298988342,1.9352675676345825,6.925897121429443,0.36184149980545044,11,3,3,1,3,1,0,0.0,0.527028501033783,2,clean,0.0,-1,249,107,CORRECT,0,0,0,0,0,0,0.0,0.0
margin,live-delta,6,0.0,0.271707,0.577329,0.024275,0.972656,0.439064,0.589064,0.006960093975067139,0.615280270576477,0.6083201766014099,2.066415309906006,7.89646577835083,0.26621192693710327,13,3,3,1,3,1,0,0.0,0.5127503275871277,2,clean,0.0,-1,250,115,CORRECT,0,0,0,0,0,0,0.0,0.0
margin,live-delta,6,0.0,0.271707,0.577329,0.024275,0.972656,0.439064,0.589064,0.004858970642089844,0.7133948802947998,0.70853590965271,1.7207775115966797,5.588871955871582,0.32791778445243835,19,3,3,1,3,1,0,0.0,0.5565115809440613,2,clean,0.0,-1,251,107,CORRECT,0,0,0,0,0,0,0.0,0.0
margin,live-delta,6,0.0,0.271707,0.577329,0.024275,0.972656,0.439064,0.589064,0.030346155166625977,0.7366904020309448,0.7063442468643188,1.7606197595596313,5.816040992736816,0.3635081648826599,10,3,3,1,3,1,0,0.0,0.49711012840270996,2,clean,0.0,-1,252,117,CORRECT,0,0,0,0,0,0,0.0,0.0
margin,live-delta,6,0.0,0.271707,0.577329,0.024275,0.972656,0.439064,0.589064,0.034451961517333984,0.7492276430130005,0.7147756814956665,1.6915348768234253,5.427805423736572,0.4406343996524811,12,3,3,1,3,1,0,0.0,0.531527578830719,2,clean,0.0,-1,253,119,CORRECT,0,0,0,0,0,0,0.0,0.0
margin,live-delta,6,0.0,0.271707,0.577329,0.024275,0.972656,0.439064,0.589064,0.03389662504196167,0.46462684869766235,0.4307302236557007,-0.0,1.0,1.0,1,3,3,1,3,1,0,0.0,0.348505437374115,2,clean,0.0,-1,254,116,CORRECT,0,0,0,0,0,0,0.0,0.0
margin,live-delta,6,0.0,0.271707,0.577329,0.024275,0.972656,0.439064,0.589064,0.01337289810180664,0.6233410835266113,0.6099681854248047,2.3906116485595703,10.920170783996582,0.222396120429039,16,3,3,1,3,1,0,0.0,0.44635075330734253,2,clean,0.0,-1,255,100,CORRECT,0,0,0,0,0,0,0.0,0.0
margin,live-delta,7,0.0,0.271707,0.577329,0.024275,0.972656,0.439064,0.589064,0.03762426972389221,0.5110138058662415,0.47338953614234924,1.3084306716918945,3.700361967086792,0.4304646849632263,4,0,0,1,0,1,0,0.0,0.09347984194755554,2,clean,0.0,-1,0,28,CORRECT,0,0,0,0,0,0,0.0,0.0
margin,live-delta,7,0.0,0.271707,0.577329,0.024275,0.972656,0.439064,0.589064,0.15752142667770386,0.5575714111328125,0.40004998445510864,-0.0,1.0,1.0,1,0,0,1,0,1,0,0.0,0.2904238998889923,2,clean,0.0,-1,1,3,CORRECT,0,0,0,0,0,0,0.0,0.0
margin,live-delta,7,0.0,0.271707,0.577329,0.024275,0.972656,0.439064,0.589064,0.09297966957092285,0.6945255994796753,0.6015459299087524,1.0659769773483276,2.903674364089966,0.7134841084480286,8,0,0,1,0,1,1,0.14056897163391113,0.1141963005065918,2,clean,0.0,-1,2,14,CORRECT,0,0,0,0,0,0,0.0,0.0
margin,live-delta,7,0.0,0.271707,0.577329,0.024275,0.972656,0.439064,0.589064,0.059886783361434937,0.48569563031196594,0.425808846950531,-0.0,1.0,1.0,1,0,1,0,1,0,1,1.0,-0.17318376898765564,0,clean,0.0,-1,5,49,BLENDED,0,0,0,0,0,0,0.0,0.0
margin,live-delta,7,0.0,0.271707,0.577329,0.024275,0.972656,0.439064,0.589064,0.023535043001174927,0.47608861327171326,0.45255357027053833,1.070020318031311,2.915438652038574,0.44852760434150696,3,0,0,1,0,1,0,0.0,0.14675000309944153,2,clean,0.0,-1,9,13,CORRECT,0,0,0,0,0,0,0.0,0.0
margin,live-delta,7,0.0,0.271707,0.577329,0.024275,0.972656,0.439064,0.589064,0.014633804559707642,0.4974060356616974,0.48277223110198975,1.0649480819702148,2.900688409805298,0.44082605838775635,3,0,0,1,0,1,0,0.0,0.09648242592811584,2,clean,0.0,-1,10,17,CORRECT,0,0,0,0,0,0,0.0,0.0
margin,live-delta,7,0.0,0.271707,0.577329,0.024275,0.972656,0.439064,0.589064,0.08684149384498596,0.5661791563034058,0.4793376624584198,0.4222162961959839,1.5253384113311768,0.8502839207649231,2,0,0,1,0,1,0,0.0,0.3185681104660034,2,clean,0.0,-1,13,3,CORRECT,0,0,0,0,0,0,0.0,0.0
margin,live-delta,7,0.0,0.271707,0.577329,0.024275,0.972656,0.439064,0.589064,0.08117860555648804,0.4752614498138428,0.39408284425735474,-0.0,1.0,1.0,1,0,0,1,0,1,0,0.0,0.10955226421356201,2,clean,0.0,-1,14,3,CORRECT,0,0,0,0,0,0,0.0,0.0
margin,live-delta,7,0.0,0.271707,0.577329,0.024275,0.972656,0.439064,0.589064,0.06355580687522888,0.44446679949760437,0.3809109926223755,-0.0,1.0,1.0,1,0,0,1,0,1,0,0.0,0.09106484055519104,2,clean,0.0,-1,19,18,CORRECT,0,0,0,0,0,0,0.0,0.0
margin,live-delta,7,0.0,0.271707,0.577329,0.024275,0.972656,0.439064,0.589064,0.0298537015914917,0.4545491635799408,0.4246954619884491,-0.0,1.0,1.0,1,0,0,1,0,1,0,0.0,0.03719410300254822,1,clean,0.0,-1,21,28,CORRECT,0,0,0,0,0,0,0.0,0.0
margin,live-delta,7,0.0,0.271707,0.577329,0.024275,0.972656,0.439064,0.589064,0.0817604660987854,0.5454531908035278,0.46369272470474243,0.44480425119400024,1.5601847171783447,0.8368819952011108,2,0,0,1,0,1,0,0.0,0.1577472686767578,2,clean,0.0,-1,22,12,CORRECT,0,0,0,0,0,0,0.0,0.0
margin,live-delta,7,0.0,0.271707,0.577329,0.024275,0.972656,0.439064,0.589064,0.2307952344417572,0.45714232325553894,0.22634708881378174,-0.0,1.0,1.0,1,0,0,1,0,1,0,0.0,0.27203503251075745,2,clean,0.0,-1,23,9,CORRECT,0,0,0,0,0,0,0.0,0.0
margin,live-delta,7,0.0,0.271707,0.577329,0.024275,0.972656,0.439064,0.589064,0.08825361728668213,0.4393737316131592,0.35112011432647705,-0.0,1.0,1.0,1,0,1,0,1,0,1,1.0,-0.08825361728668213,0,clean,0.0,-1,24,58,BLENDED,0,0,0,0,0,0,0.0,0.0
margin,live-delta,7,0.0,0.271707,0.577329,0.024275,0.972656,0.439064,0.589064,0.018287837505340576,0.4404931664466858,0.4222053289413452,-0.0,1.0,1.0,1,0,0,1,0,1,0,0.0,0.11889442801475525,2,clean,0.0,-1,28,21,CORRECT,0,0,0,0,0,0,0.0,0.0
margin,live-delta,7,0.0,0.271707,0.577329,0.024275,0.972656,0.439064,0.589064,0.20138755440711975,0.5386088490486145,0.33722129464149475,-0.0,1.0,1.0,1,0,0,1,0,1,0,0.0,0.21796667575836182,2,clean,0.0,-1,29,30,CORRECT,0,0,0,0,0,0,0.0,0.0
margin,live-delta,7,0.0,0.271707,0.577329,0.024275,0.972656,0.439064,0.589064,0.001230776309967041,0.5109431743621826,0.5097123980522156,1.0983421802520752,2.999189853668213,0.3424144387245178,3,0,0,1,0,1,0,0.0,0.15158623456954956,2,clean,0.0,-1,30,27,CORRECT,0,0,0,0,0,0,0.0,0.0
margin,live-delta,7,0.0,0.271707,0.577329,0.024275,0.972656,0.439064,0.589064,0.05672097206115723,0.527478814125061,0.4707578420639038,0.9242557883262634,2.5199921131134033,0.6221434473991394,3,0,0,1,0,1,0,0.0,0.20573222637176514,2,clean,0.0,-1,31,21,CORRECT,0,0,0,0,0,0,0.0,0.0
margin,live-delta,7,0.0,0.271707,0.577329,0.024275,0.972656,0.439064,0.589064,0.06267088651657104,0.5771849155426025,0.5145140290260315,0.529564380645752,1.6981923580169678,0.7778909802436829,2,0,0,1,0,1,0,0.0,0.20687836408615112,2,clean,0.0,-1,32,21,CORRECT,0,0,0,0,0,0,0.0,0.0
margin,live-delta,7,0.0,0.271707,0.577329,0.024275,0.972656,0.439064,0.589064,0.06853950023651123,0.5272687673568726,0.45872926712036133,0.836567223072052,2.308429002761841,0.686884343624115,3,0,0,1,0,1,1,0.1744043529033661,0.06853950023651123,2,clean,0.0,-1,33,22,CORRECT,0,0,0,0,0,0,0.0,0.0
margin,live-delta,7,0.0,0.271707,0.577329,0.024275,0.972656,0.439064,0.589064,0.10985952615737915,0.44487905502319336,0.3350195288658142,-0.0,1.0,1.0,1,0,1,0,1,0,1,1.0,-0.10985952615737915,0,clean,0.0,-1,34,38,BLENDED,0,0,0,0,0,0,0.0,0.0
margin,live-delta,7,0.0,0.271707,0.577329,0.024275,0.972656,0.439064,0.589064,0.003992140293121338,0.46688970923423767,0.46289756894111633,1.5929940938949585,4.918453216552734,0.250478059053421,5,0,0,1,0,1,0,0.0,0.1551005244255066,2,clean,0.0,-1,36,31,CORRECT,0,0,0,0,0,0,0.0,0.0
margin,live-delta,7,0.0,0.271707,0.577329,0.024275,0.972656,0.439064,0.589064,0.042268991470336914,0.5554631948471069,0.51319420337677,1.7381713390350342,5.686934471130371,0.40361955761909485,8,0,0,1,0,1,1,0.2553464472293854,0.04853558540344238,1,clean,0.0,-1,37,14,CORRECT,0,0,0,0,0,0,0.0,0.0
margin,live-delta,7,0.0,0.271707,0.577329,0.024275,0.972656,0.439064,0.589064,0.030288755893707275,0.4567822813987732,0.4264935255050659,-0.0,1.0,1.0,1,0,0,1,0,1,0,0.0,0.10791254043579102,2,clean,0.0,-1,42,6,CORRECT,0,0,0,0,0,0,0.0,0.0
margin,live-delta,7,0.0,0.271707,0.577329,0.024275,0.972656,0.439064,0.589064,0.0289628803730011,0.45749402046203613,0.42853114008903503,-0.0,1.0,1.0,1,0,0,1,0,1,0,0.0,0.062056660652160645,2,clean,0.0,-1,43,31,CORRECT,0,0,0,0,0,0,0.0,0.0
margin,live-delta,7,0.0,0.271707,0.577329,0.024275,0.972656,0.439064,0.589064,0.004916787147521973,0.5519967079162598,0.5470799207687378,1.4430346488952637,4.233523845672607,0.3498474955558777,5,0,0,1,0,1,0,0.0,0.17608129978179932,2,clean,0.0,-1,45,5,CORRECT,0,0,0,0,0,0,0.0,0.0
margin,live-delta,7,0.0,0.271707,0.577329,0.024275,0.972656,0.439064,0.589064,0.00018841028213500977,0.47927355766296387,0.47908514738082886,0.6931453943252563,1.9999964237213135,0.5009419918060303,2,0,0,1,0,1,0,0.0,0.21689152717590332,2,clean,0.0,-1,48,18,CORRECT,0,0,0,0,0,0,0.0,0.0
margin,live-delta,7,0.0,0.271707,0.577329,0.024275,0.972656,0.439064,0.589064,0.13420286774635315,0.47192445397377014,0.337721586227417,-0.0,1.0,1.0,1,0,0,1,0,1,0,0.0,0.2240210920572281,2,clean,0.0,-1,49,18,CORRECT,0,0,0,0,0,0,0.0,0.0
margin,live-delta,7,0.0,0.271707,0.577329,0.024275,0.972656,0.439064,0.589064,0.019812464714050293,0.6749056577682495,0.6550931930541992,1.320310115814209,3.744582414627075,0.41643911600112915,7,0,0,1,0,1,0,0.0,0.2516825497150421,2,clean,0.0,-1,51,27,CORRECT,0,0,0,0,0,0,0.0,0.0
margin,live-delta,7,0.0,0.271707,0.577329,0.024275,0.972656,0.439064,0.589064,0.08814448118209839,0.606589138507843,0.5184446573257446,0.6165233850479126,1.8524764776229858,0.8030567765235901,3,0,0,1,0,1,0,0.0,0.3156187832355499,2,clean,0.0,-1,53,3,CORRECT,0,0,0,0,0,0,0.0,0.0
margin,live-delta,7,0.0,0.271707,0.577329,0.024275,0.972656,0.439064,0.589064,0.008193910121917725,0.5111909508705139,0.5029970407485962,1.2397409677505493,3.454718589782715,0.40997156500816345,4,0,0,1,0,1,0,0.0,0.09483623504638672,2,clean,0.0,-1,55,26,CORRECT,0,0,0,0,0,0,0.0,0.0
margin,live-delta,7,0.0,0.271707,0.577329,0.024275,0.972656,0.439064,0.589064,0.010157376527786255,0.4902037978172302,0.48004642128944397,1.5845460891723633,4.877077102661133,0.2621338367462158,5,0,0,1,0,1,1,0.12637773156166077,0.03647899627685547,1,clean,0.0,-1,56,27,CORRECT,0,0,0,0,0,0,0.0,0.0
margin,live-delta,7,0.0,0.271707,0.577329,0.024275,0.972656,0.439064,0.589064,0.06739246845245361,0.5771557092666626,0.509763240814209,1.3502264022827148,3.8582990169525146,0.5552761554718018,6,0,0,1,0,1,0,0.05098020285367966,0.11940142512321472,2,clean,0.0,-1,58,28,CORRECT,0,0,0,0,0,0,0.0,0.0
margin,live-delta,7,0.0,0.271707,0.577329,0.024275,0.972656,0.439064,0.589064,0.025899112224578857,0.6490280032157898,0.6231288909912109,1.4651652574539185,4.328258514404297,0.3999028503894806,6,0,0,1,0,1,0,0.0138956094160676,0.16798242926597595,2,clean,0.0,-1,59,25,CORRECT,0,0,0,0,0,0,0.0,0.0
margin,live-delta,7,0.0,0.271707,0.577329,0.024275,0.972656,0.439064,0.589064,0.06994545459747314,0.6491247415542603,0.5791792869567871,0.9464529752731323,2.576554298400879,0.6593641638755798,4,0,0,1,0,1,0,0.0,0.3308027386665344,2,clean,0.0,-1,62,25,CORRECT,0,0,0,0,0,0,0.0,0.0
margin,live-delta,7,0.0,0.271707,0.577329,0.024275,0.972656,0.439064,0.589064,0.01966238021850586,0.5686567425727844,0.5489943623542786,2.3414812088012695,10.396624565124512,0.19699007272720337,13,1,1,1,1,1,0,0.0,0.2685515880584717,2,clean,0.0,-1,64,55,CORRECT,0,0,0,0,0,0,0.0,0.0
margin,live-delta,7,0.0,0.271707,0.577329,0.024275,0.972656,0.439064,0.589064,0.024967968463897705,0.6106247305870056,0.5856567621231079,1.9094914197921753,6.749655246734619,0.31075409054756165,12,1,1,1,1,1,0,0.0,0.3402480483055115,2,clean,0.0,-1,65,37,CORRECT,0,0,0,0,0,0,0.0,0.0
margin,live-delta,7,0.0,0.271707,0.577329,0.024275,0.972656,0.439064,0.589064,0.05212599039077759,0.7629485726356506,0.710822582244873,1.4158259630203247,4.119887828826904,0.5562195777893066,16,1,1,1,1,1,0,0.0050707594491541386,0.2588147521018982,2,clean,0.0,-1,66,54,CORRECT,0,0,0,0,0,0,0.0,0.0
margin,live-delta,7,0.0,0.271707,0.577329,0.024275,0.972656,0.439064,0.589064,0.06852149963378906,0.7129783630371094,0.6444568634033203,1.7361316680908203,5.675346851348877,0.5102615356445312,17,1,1,1,1,1,0,0.0038727500941604376,0.24404793977737427,2,clean,0.0,-1,67,39,CORRECT,0,0,0,0,0,0,0.0,0.0
margin,live-delta,7,0.0,0.271707,0.577329,0.024275,0.972656,0.439064,0.589064,0.08516144752502441,0.7080281972885132,0.6228667497634888,1.44516122341156,4.2425360679626465,0.6203391551971436,15,1,1,1,1,1,0,0.003960753791034222,0.2526915967464447,2,clean,0.0,-1,68,54,CORRECT,0,0,0,0,0,0,0.0,0.0
margin,live-delta,7,0.0,0.271707,0.577329,0.024275,0.972656,0.439064,0.589064,0.04955393075942993,0.7288384437561035,0.6792845129966736,1.4435832500457764,4.235846996307373,0.514823317527771,11,1,1,1,1,1,0,0.001579965348355472,0.28932103514671326,2,clean,0.0,-1,69,55,CORRECT,0,0,0,0,0,0,0.0,0.0
margin,live-delta,7,0.0,0.271707,0.577329,0.024275,0.972656,0.439064,0.589064,0.014178097248077393,0.6187683939933777,0.6045902967453003,1.2818435430526733,3.603276491165161,0.4797991216182709,8,1,1,1,1,1,1,0.4353707432746887,0.014178097248077393,0,clean,0.0,-1,70,32,CORRECT,0,0,0,0,0,0,0.0,0.0
margin,live-delta,7,0.0,0.271707,0.577329,0.024275,0.972656,0.439064,0.589064,0.03313928842544556,0.5181591510772705,0.48501986265182495,0.6411111950874329,1.8985893726348877,0.659885823726654,2,1,1,1,1,1,0,0.0,0.1789383888244629,2,clean,0.0,-1,71,52,CORRECT,0,0,0,0,0,0,0.0,0.0
margin,live-delta,7,0.0,0.271707,0.577329,0.024275,0.972656,0.439064,0.589064,0.0879206657409668,0.5985121130943298,0.510591447353363,0.5796738862991333,1.7854560613632202,0.8154345154762268,3,1,1,1,1,1,0,0.0,0.19561368227005005,2,clean,0.0,-1,72,58,CORRECT,0,0,0,0,0,0,0.0,0.0
margin,live-delta,7,0.0,0.271707,0.577329,0.024275,0.972656,0.439064,0.589064,0.004833340644836426,0.6409604549407959,0.6361271142959595,1.7804850339889526,5.932733535766602,0.3165929615497589,11,1,1,1,1,1,0,0.0,0.31000831723213196,2,clean,0.0,-1,73,45,CORRECT,0,0,0,0,0,0,0.0,0.0
margin,live-delta,7,0.0,0.271707,0.577329,0.024275,0.972656,0.439064,0.589064,0.03012096881866455,0.551203727722168,0.5210827589035034,2.1479737758636475,8.56748104095459,0.28264811635017395,11,1,1,1,1,1,0,0.0,0.17551171779632568,2,clean,0.0,-1,74,50,CORRECT,0,0,0,0,0,0,0.0,0.0
margin,live-delta,7,0.0,0.271707,0.577329,0.024275,0.972656,0.439064,0.589064,0.005219697952270508,0.49835360050201416,0.49313390254974365,1.512419581413269,4.537696838378906,0.3093273341655731,5,1,1,1,1,1,0,0.0,0.15347930788993835,2,clean,0.0,-1,75,39,CORRECT,0,0,0,0,0,0,0.0,0.0
margin,live-delta,7,0.0,0.271707,0.577329,0.024275,0.972656,0.439064,0.589064,0.2984471321105957,0.7332471609115601,0.43480002880096436,-0.0,1.0,1.0,1,1,1,1,1,1,0,0.0,0.2984471321105957,2,clean,0.0,-1,76,38,CORRECT,0,0,0,0,0,0,0.0,0.0
margin,live-delta,7,0.0,0.271707,0.577329,0.024275,0.972656,0.439064,0.589064,0.11552649736404419,0.5862758159637451,0.4707493185997009,0.30312657356262207,1.3540858030319214,0.9097453355789185,2,1,1,1,1,1,0,0.0,0.14756673574447632,2,clean,0.0,-1,77,58,CORRECT,0,0,0,0,0,0,0.0,0.0
margin,live-delta,7,0.0,0.271707,0.577329,0.024275,0.972656,0.439064,0.589064,0.05276894569396973,0.5781490802764893,0.5253801345825195,1.8377052545547485,6.282105922698975,0.4033111035823822,9,1,1,1,1,1,0,0.06803681701421738,0.08898293972015381,2,clean,0.0,-1,78,44,CORRECT,0,0,0,0,0,0,0.0,0.0
margin,live-delta,7,0.0,0.271707,0.577329,0.024275,0.972656,0.439064,0.589064,0.14612972736358643,0.6591064929962158,0.5129767656326294,0.20158909261226654,1.2233452796936035,0.9489521384239197,2,1,1,1,1,1,0,0.0,0.330605149269104,2,clean,0.0,-1,80,48,CORRECT,0,0,0,0,0,0,0.0,0.0
margin,live-delta,7,0.0,0.271707,0.577329,0.024275,0.972656,0.439064,0.589064,0.016943812370300293,0.5699619054794312,0.5530180931091309,1.3377693891525269,3.8105342388153076,0.46108105778694153,6,1,1,1,1,1,0,0.0,0.24595826864242554,2,clean,0.0,-1,81,50,CORRECT,0,0,0,0,0,0,0.0,0.0
margin,live-delta,7,0.0,0.271707,0.577329,0.024275,0.972656,0.439064,0.589064,0.026044607162475586,0.7519335150718689,0.7258889079093933,1.5296614170074463,4.616613388061523,0.4416230618953705,13,1,1,1,1,1,0,0.0,0.4864329695701599,2,clean,0.0,-1,82,51,CORRECT,0,0,0,0,0,0,0.0,0.0
margin,live-delta,7,0.0,0.271707,0.577329,0.024275,0.972656,0.439064,0.589064,0.047495365142822266,0.6791089773178101,0.6316136121749878,1.3715834617614746,3.941587209701538,0.5729954838752747,11,1,1,1,1,1,0,0.0,0.3359265923500061,2,clean,0.0,-1,83,44,CORRECT,0,0,0,0,0,0,0.0,0.0
margin,live-delta,7,0.0,0.271707,0.577329,0.024275,0.972656,0.439064,0.589064,0.03799247741699219,0.7384377717971802,0.700445294380188,0.7970215678215027,2.2189221382141113,0.6581733822822571,7,1,1,1,1,1,0,0.0,0.348906934261322,2,clean,0.0,-1,84,41,CORRECT,0,0,0,0,0,0,0.0,0.0
margin,live-delta,7,0.0,0.271707,0.577329,0.024275,0.972656,0.439064,0.589064,0.0889737606048584,0.6956807374954224,0.606706976890564,1.406815767288208,4.0829339027404785,0.6207090616226196,13,1,1,1,1,1,0,0.0,0.38515859842300415,2,clean,0.0,-1,85,43,CORRECT,0,0,0,0,0,0,0.0,0.0
margin,live-delta,7,0.0,0.271707,0.577329,0.024275,0.972656,0.439064,0.589064,0.045197486877441406,0.7701441049575806,0.7249466180801392,1.4363933801651,4.205500602722168,0.5489729642868042,15,1,1,1,1,1,0,0.0,0.4686961770057678,2,clean,0.0,-1,86,51,CORRECT,0,0,0,0,0,0,0.0,0.0
margin,live-delta,7,0.0,0.271707,0.577329,0.024275,0.972656,0.439064,0.589064,0.011904120445251465,0.6797964572906494,0.667892336845398,1.5979340076446533,4.94281005859375,0.31458958983421326,9,1,1,1,1,1,0,0.0,0.41648101806640625,2,clean,0.0,-1,87,33,CORRECT,0,0,0,0,0,0,0.0,0.0
margin,live-delta,7,0.0,0.271707,0.577329,0.024275,0.972656,0.439064,0.589064,0.09143966436386108,0.5780873894691467,0.48664772510528564,0.8159888982772827,2.26141095161438,0.7532624006271362,4,1,1,1,1,1,0,0.05544177070260048,0.13045400381088257,2,clean,0.0,-1,88,47,CORRECT,0,0,0,0,0,0,0.0,0.0
margin,live-delta,7,0.0,0.271707,0.577329,0.024275,0.972656,0.439064,0.589064,0.03494095802307129,0.6190261840820312,0.58408522605896,0.9042328596115112,2.470036268234253,0.6164795756340027,4,1,1,1,1,1,0,0.0,0.2693459093570709,2,clean,0.0,-1,89,52,CORRECT,0,0,0,0,0,0,0.0,0.0
margin,live-delta,7,0.0,0.271707,0.577329,0.024275,0.972656,0.439064,0.589064,0.027263760566711426,0.692020058631897,0.6647562980651855,1.675542950630188,5.3416948318481445,0.37304309010505676,13,1,1,1,1,1,0,0.0,0.2833227515220642,2,clean,0.0,-1,91,39,CORRECT,0,0,0,0,0,0,0.0,0.0
margin,live-delta,7,0.0,0.271707,0.577329,0.024275,0.972656,0.439064,0.589064,0.029761195182800293,0.7398475408554077,0.7100863456726074,1.7118500471115112,5.5391998291015625,0.3889440596103668,14,1,1,1,1,1,0,0.0,0.47665858268737793,2,clean,0.0,-1,92,45,CORRECT,0,0,0,0,0,0,0.0,0.0
margin,live-delta,7,0.0,0.271707,0.577329,0.024275,0.972656,0.439064,0.589064,0.1284804344177246,0.5923916697502136,0.463911235332489,0.6271226406097412,1.872215747833252,0.8348609805107117,4,1,1,1,1,1,1,0.16513895988464355,0.1284804344177246,2,clean,0.0,-1,93,32,CORRECT,0,0,0,0,0,0,0.0,0.0
margin,live-delta,7,0.0,0.271707,0.577329,0.024275,0.972656,0.439064,0.589064,0.1297839879989624,0.55228590965271,0.42250192165374756,-0.0,1.0,1.0,1,1,1,1,1,1,0,0.0,0.32412323355674744,2,clean,0.0,-1,94,52,CORRECT,0,0,0,0,0,0,0.0,0.0
margin,live-delta,7,0.0,0.271707,0.577329,0.024275,0.972656,0.439064,0.589064,0.09342542290687561,0.5417872071266174,0.4483617842197418,0.3933871388435364,1.4819920063018799,0.8662855625152588,2,1,1,1,1,1,0,0.0,0.27124589681625366,2,clean,0.0,-1,95,51,CORRECT,0,0,0,0,0,0,0.0,0.0
margin,live-delta,7,0.0,0.271707,0.577329,0.024275,0.972656,0.439064,0.589064,0.050793468952178955,0.5806038975715637,0.5298104286193848,1.4404054880142212,4.222407817840576,0.45094889402389526,5,1,1,1,1,1,0,0.0,0.2296139895915985,2,clean,0.0,-1,97,39,CORRECT,0,0,0,0,0,0,0.0,0.0
margin,live-delta,7,0.0,0.271707,0.577329,0.024275,0.972656,0.439064,0.589064,0.015441596508026123,0.584922194480896,0.5694805979728699,1.9659758806228638,7.141879081726074,0.2806284725666046,9,1,1,1,1,1,0,0.0,0.33483394980430603,2,clean,0.0,-1,98,45,CORRECT,0,0,0,0,0,0,0.0,0.0
margin,live-delta,7,0.0,0.271707,0.577329,0.024275,0.972656,0.439064,0.589064,0.26017677783966064,0.6687585115432739,0.4085817337036133,-0.0,1.0,1.0,1,1,1,1,1,1,0,0.0,0.3264943063259125,2,clean,0.0,-1,99,60,CORRECT,0,0,0,0,0,0,0.0,0.0
margin,live-delta,7,0.0,0.271707,0.577329,0.024275,0.972656,0.439064,0.589064,0.015581190586090088,0.7002413272857666,0.6846601366996765,1.6012790203094482,4.959371566772461,0.4149681627750397,13,1,1,1,1,1,0,0.03963572904467583,0.12970495223999023,2,clean,0.0,-1,100,55,CORRECT,0,0,0,0,0,0,0.0,0.0
margin,live-delta,7,0.0,0.271707,0.577329,0.024275,0.972656,0.439064,0.589064,0.056407630443573,0.6827635765075684,0.6263559460639954,1.5161516666412354,4.55466365814209,0.4522438645362854,8,1,1,1,1,1,0,0.0,0.3936646282672882,2,clean,0.0,-1,101,33,CORRECT,0,0,0,0,0,0,0.0,0.0
margin,live-delta,7,0.0,0.271707,0.577329,0.024275,0.972656,0.439064,0.589064,0.03583967685699463,0.5661741495132446,0.53033447265625,1.8710620403289795,6.4951910972595215,0.3483125567436218,9,1,1,1,1,1,1,0.16582131385803223,0.03710949420928955,1,clean,0.0,-1,102,50,CORRECT,0,0,0,0,0,0,0.0,0.0
margin,live-delta,7,0.0,0.271707,0.577329,0.024275,0.972656,0.439064,0.589064,0.01545494794845581,0.607532799243927,0.5920778512954712,0.6813455820083618,1.9765355587005615,0.5766653418540955,2,1,1,1,1,1,0,0.0,0.19596463441848755,2,clean,0.0,-1,103,41,CORRECT,0,0,0,0,0,0,0.0,0.0
margin,live-delta,7,0.0,0.271707,0.577329,0.024275,0.972656,0.439064,0.589064,0.06616508960723877,0.7455623149871826,0.6793972253799438,1.2658060789108276,3.545949935913086,0.6393237709999084,14,1,1,1,1,1,0,0.0,0.34216418862342834,2,clean,0.0,-1,104,39,CORRECT,0,0,0,0,0,0,0.0,0.0
margin,live-delta,7,0.0,0.271707,0.577329,0.024275,0.972656,0.439064,0.589064,0.0018985271453857422,0.7375691533088684,0.7356706261634827,1.6145350933074951,5.025550842285156,0.3246951401233673,13,1,1,1,1,1,0,0.0,0.30341246724128723,2,clean,0.0,-1,105,54,CORRECT,0,0,0,0,0,0,0.0,0.0
margin,live-delta,7,0.0,0.271707,0.577329,0.024275,0.972656,0.439064,0.589064,0.00989389419555664,0.4737173914909363,0.46382349729537964,1.0729889869689941,2.9241065979003906,0.41885125637054443,3,1,1,1,1,1,0,0.0,0.1302989423274994,2,clean,0.0,-1,106,62,CORRECT,0,0,0,0,0,0,0.0,0.0
margin,live-delta,7,0.0,0.271707,0.577329,0.024275,0.972656,0.439064,0.589064,0.1537250280380249,0.799985408782959,0.6462603807449341,0.4958779215812683,1.6419390439987183,0.8949791193008423,10,1,1,1,1,1,0,0.0,0.5308573842048645,2,clean,0.0,-1,107,51,CORRECT,0,0,0,0,0,0,0.0,0.0
margin,live-delta,7,0.0,0.271707,0.577329,0.024275,0.972656,0.439064,0.589064,0.03705352544784546,0.7192625999450684,0.6822090744972229,1.5510046482086182,4.716206073760986,0.5038705468177795,15,1,1,1,1,1,0,0.0,0.4430217444896698,2,clean,0.0,-1,108,45,CORRECT,0,0,0,0,0,0,0.0,0.0
margin,live-delta,7,0.0,0.271707,0.577329,0.024275,0.972656,0.439064,0.589064,0.22602304816246033,0.6040655374526978,0.3780424892902374,-0.0,1.0,1.0,1,1,1,1,1,1,0,0.0,0.22602304816246033,2,clean,0.0,-1,109,38,CORRECT,0,0,0,0,0,0,0.0,0.0
margin,live-delta,7,0.0,0.271707,0.577329,0.024275,0.972656,0.439064,0.589064,0.037272632122039795,0.5118335485458374,0.4745609164237976,0.6282285451889038,1.8742873668670654,0.6781869530677795,2,1,1,1,1,1,0,0.0,0.14201003313064575,2,clean,0.0,-1,110,47,CORRECT,0,0,0,0,0,0,0.0,0.0
margin,live-delta,7,0.0,0.271707,0.577329,0.024275,0.972656,0.439064,0.589064,0.00589442253112793,0.6232324838638306,0.6173380613327026,0.9393909573554993,2.558422803878784,0.49284619092941284,4,1,1,1,1,1,0,0.0,0.26012080907821655,2,clean,0.0,-1,111,59,CORRECT,0,0,0,0,0,0,0.0,0.0
margin,live-delta,7,0.0,0.271707,0.577329,0.024275,0.972656,0.439064,0.589064,0.01124069094657898,0.4431905448436737,0.4319498538970947,-0.0,1.0,1.0,1,1,1,1,1,1,0,0.0,0.03822389245033264,1,clean,0.0,-1,112,51,CORRECT,0,0,0,0,0,0,0.0,0.0
margin,live-delta,7,0.0,0.271707,0.577329,0.024275,0.972656,0.439064,0.589064,0.06394106149673462,0.701833188533783,0.6378921270370483,1.6664202213287354,5.293185234069824,0.5275378227233887,15,1,1,1,1,1,0,0.0035519737284630537,0.25003582239151,2,clean,0.0,-1,113,39,CORRECT,0,0,0,0,0,0,0.0,0.0
margin,live-delta,7,0.0,0.271707,0.577329,0.024275,0.972656,0.439064,0.589064,0.06835818290710449,0.6080368757247925,0.539678692817688,0.9950105547904968,2.7047529220581055,0.660291850566864,4,1,1,1,1,1,0,0.0,0.2539392411708832,2,clean,0.0,-1,114,59,CORRECT,0,0,0,0,0,0,0.0,0.0
margin,live-delta,7,0.0,0.271707,0.577329,0.024275,0.972656,0.439064,0.589064,0.05447810888290405,0.6041508316993713,0.5496727228164673,1.0775936841964722,2.9376022815704346,0.6253456473350525,5,1,1,1,1,1,0,0.0,0.33038443326950073,2,clean,0.0,-1,115,50,CORRECT,0,0,0,0,0,0,0.0,0.0
margin,live-delta,7,0.0,0.271707,0.577329,0.024275,0.972656,0.439064,0.589064,0.01016378402709961,0.5373191833496094,0.5271553993225098,1.6083056926727295,4.99434232711792,0.3345862329006195,6,1,1,1,1,1,1,0.23712188005447388,0.042666494846343994,1,clean,0.0,-1,116,63,CORRECT,0,0,0,0,0,0,0.0,0.0
margin,live-delta,7,0.0,0.271707,0.577329,0.024275,0.972656,0.439064,0.589064,0.06607326865196228,0.4983387291431427,0.4322654604911804,-0.0,1.0,1.0,1,1,1,1,1,1,0,0.0,0.06607326865196228,2,clean,0.0,-1,117,58,CORRECT,0,0,0,0,0,0,0.0,0.0
margin,live-delta,7,0.0,0.271707,0.577329,0.024275,0.972656,0.439064,0.589064,0.04003894329071045,0.7102930545806885,0.670254111289978,1.3079015016555786,3.698404550552368,0.5311775207519531,9,1,1,1,1,1,0,0.0,0.4212930202484131,2,clean,0.0,-1,119,39,CORRECT,0,0,0,0,0,0,0.0,0.0
margin,live-delta,7,0.0,0.271707,0.577329,0.024275,0.972656,0.439064,0.589064,0.2523503005504608,0.6183493137359619,0.3659990131855011,-0.0,1.0,1.0,1,1,1,1,1,1,0,0.0,0.41161060333251953,2,clean,0.0,-1,121,52,CORRECT,0,0,0,0,0,0,0.0,0.0
margin,live-delta,7,0.0,0.271707,0.577329,0.024275,0.972656,0.439064,0.589064,0.014266133308410645,0.7422631978988647,0.7279970645904541,1.422123670578003,4.145915508270264,0.38885706663131714,11,1,1,1,1,1,0,0.0,0.5021474361419678,2,clean,0.0,-1,122,45,CORRECT,0,0,0,0,0,0,0.0,0.0
margin,live-delta,7,0.0,0.271707,0.577329,0.024275,0.972656,0.439064,0.589064,0.08240044116973877,0.8361939191818237,0.753793478012085,0.5423063039779663,1.7199690341949463,0.8239426612854004,6,1,1,1,1,1,0,0.0004518595524132252,0.37542420625686646,2,clean,0.0,-1,123,36,CORRECT,0,0,0,0,0,0,0.0,0.0
margin,live-delta,7,0.0,0.271707,0.577329,0.024275,0.972656,0.439064,0.589064,0.03546115756034851,0.49169304966926575,0.45623189210891724,1.0287868976593018,2.7976698875427246,0.5145205855369568,3,1,1,1,1,1,0,0.0,0.18838730454444885,2,clean,0.0,-1,125,41,CORRECT,0,0,0,0,0,0,0.0,0.0
margin,live-delta,7,0.0,0.271707,0.577329,0.024275,0.972656,0.439064,0.589064,0.0261155366897583,0.744177520275116,0.7180619835853577,1.4765279293060303,4.377719402313232,0.4277113974094391,13,1,1,1,1,1,0,0.005537495948374271,0.23962503671646118,2,clean,0.0,-1,126,62,CORRECT,0,0,0,0,0,0,0.0,0.0
margin,live-delta,7,0.0,0.271707,0.577329,0.024275,0.972656,0.439064,0.589064,0.19001200795173645,0.6020189523696899,0.4120069444179535,-0.0,1.0,1.0,1,1,1,1,1,1,0,0.0,0.37000665068626404,2,clean,0.0,-1,127,47,CORRECT,0,0,0,0,0,0,0.0,0.0
margin,live-delta,7,0.0,0.271707,0.577329,0.024275,0.972656,0.439064,0.589064,0.005229651927947998,0.5517898201942444,0.5465601682662964,2.1953423023223877,8.983075141906738,0.20394165813922882,11,2,2,1,2,1,0,0.0,0.22328901290893555,2,clean,0.0,-1,128,92,CORRECT,0,0,0,0,0,0,0.0,0.0
margin,live-delta,7,0.0,0.271707,0.577329,0.024275,0.972656,0.439064,0.589064,0.012582868337631226,0.4893530011177063,0.4767701327800751,1.5458707809448242,4.692055702209473,0.315262109041214,5,2,2,1,2,1,0,0.0,0.07689374685287476,2,clean,0.0,-1,130,88,CORRECT,0,0,0,0,0,0,0.0,0.0
margin,live-delta,7,0.0,0.271707,0.577329,0.024275,0.972656,0.439064,0.589064,0.03712707757949829,0.7388211488723755,0.7016940712928772,1.1324647665023804,3.1032960414886475,0.5346430540084839,9,2,2,1,2,1,0,0.0,0.4550756812095642,2,clean,0.0,-1,131,92,CORRECT,0,0,0,0,0,0,0.0,0.0
margin,live-delta,7,0.0,0.271707,0.577329,0.024275,0.972656,0.439064,0.589064,0.07996654510498047,0.5953593254089355,0.5153927803039551,1.5070693492889404,4.513484001159668,0.5781190991401672,9,2,2,1,2,1,0,0.0,0.30446359515190125,2,clean,0.0,-1,132,80,CORRECT,0,0,0,0,0,0,0.0,0.0
margin,live-delta,7,0.0,0.271707,0.577329,0.024275,0.972656,0.439064,0.589064,0.10068809986114502,0.6728984117507935,0.5722103118896484,1.317524790763855,3.7341670989990234,0.6606665849685669,10,2,2,1,2,1,0,0.0,0.549420952796936,2,clean,0.0,-1,133,66,CORRECT,0,0,0,0,0,0,0.0,0.0
margin,live-delta,7,0.0,0.271707,0.577329,0.024275,0.972656,0.439064,0.589064,0.010797262191772461,0.6597398519515991,0.6489425897598267,1.7877330780029297,5.975890159606934,0.33156898617744446,12,2,2,1,2,1,0,0.0,0.41171005368232727,2,clean,0.0,-1,134,92,CORRECT,0,0,0,0,0,0,0.0,0.0
margin,live-delta,7,0.0,0.271707,0.577329,0.024275,0.972656,0.439064,0.589064,0.038563430309295654,0.7814432978630066,0.7428798675537109,2.0973949432373047,8.14492416381836,0.3092581331729889,17,2,2,1,2,1,0,0.0,0.6722792387008667,2,clean,0.0,-1,135,86,CORRECT,0,0,0,0,0,0,0.0,0.0
margin,live-delta,7,0.0,0.271707,0.577329,0.024275,0.972656,0.439064,0.589064,0.020030081272125244,0.5288381576538086,0.5088080763816833,2.260021448135376,9.583294868469238,0.22070133686065674,11,2,2,1,2,1,0,0.0,0.34904682636260986,2,clean,0.0,-1,136,88,CORRECT,0,0,0,0,0,0,0.0,0.0
margin,live-delta,7,0.0,0.271707,0.577329,0.024275,0.972656,0.439064,0.589064,0.073203444480896,0.7202974557876587,0.6470940113067627,1.0489871501922607,2.8547582626342773,0.6896443367004395,9,2,2,1,2,1,0,0.0,0.329639196395874,2,clean,0.0,-1,137,88,CORRECT,0,0,0,0,0,0,0.0,0.0
margin,live-delta,7,0.0,0.271707,0.577329,0.024275,0.972656,0.439064,0.589064,0.010031938552856445,0.6941384077072144,0.6841064691543579,2.1667442321777344,8.729815483093262,0.25467154383659363,18,2,2,1,2,1,0,0.0,0.5886439085006714,2,clean,0.0,-1,138,81,CORRECT,0,0,0,0,0,0,0.0,0.0
margin,live-delta,7,0.0,0.271707,0.577329,0.024275,0.972656,0.439064,0.589064,0.02701401710510254,0.5055744051933289,0.4785603880882263,0.6579487919807434,1.9308277368545532,0.6318776607513428,2,2,2,1,2,1,0,0.0,0.27878403663635254,2,clean,0.0,-1,139,80,CORRECT,0,0,0,0,0,0,0.0,0.0
margin,live-delta,7,0.0,0.271707,0.577329,0.024275,0.972656,0.439064,0.589064,0.004963397979736328,0.5345861911773682,0.5296227931976318,1.971577525138855,7.181997299194336,0.22626833617687225,8,2,2,1,2,1,0,0.0,0.4051614999771118,2,clean,0.0,-1,140,66,CORRECT,0,0,0,0,0,0,0.0,0.0
margin,live-delta,7,0.0,0.271707,0.577329,0.024275,0.972656,0.439064,0.589064,0.0156974196434021,0.6356213688850403,0.6199239492416382,1.9866859912872314,7.291330337524414,0.2903841435909271,13,2,2,1,2,1,0,0.0,0.4982225298881531,2,clean,0.0,-1,141,66,CORRECT,0,0,0,0,0,0,0.0,0.0
margin,live-delta,7,0.0,0.271707,0.577329,0.024275,0.972656,0.439064,0.589064,0.01708298921585083,0.7122920751571655,0.6952090859413147,1.2599601745605469,3.5252811908721924,0.4833809733390808,10,2,2,1,2,1,0,0.0,0.3683291971683502,2,clean,0.0,-1,142,88,CORRECT,0,0,0,0,0,0,0.0,0.0
margin,live-delta,7,0.0,0.271707,0.577329,0.024275,0.972656,0.439064,0.589064,0.05140995979309082,0.7328740954399109,0.6814641356468201,1.9405049085617065,6.962265491485596,0.40896961092948914,16,2,2,1,2,1,0,0.0,0.6180444955825806,2,clean,0.0,-1,143,66,CORRECT,0,0,0,0,0,0,0.0,0.0
margin,live-delta,7,0.0,0.271707,0.577329,0.024275,0.972656,0.439064,0.589064,0.06999588012695312,0.8557835817337036,0.7857877016067505,1.1510076522827148,3.161376953125,0.6333998441696167,16,2,2,1,2,1,0,0.0,0.6665446758270264,2,clean,0.0,-1,144,92,CORRECT,0,0,0,0,0,0,0.0,0.0
margin,live-delta,7,0.0,0.271707,0.577329,0.024275,0.972656,0.439064,0.589064,0.07027477025985718,0.7297858595848083,0.6595110893249512,1.6335607767105103,5.1220808029174805,0.5572382807731628,15,2,2,1,2,1,0,0.0,0.5841353535652161,2,clean,0.0,-1,145,82,CORRECT,0,0,0,0,0,0,0.0,0.0
margin,live-delta,7,0.0,0.271707,0.577329,0.024275,0.972656,0.439064,0.589064,0.012750029563903809,0.620884895324707,0.6081348657608032,2.2108232975006104,9.123224258422852,0.2578112781047821,15,2,2,1,2,1,0,0.0,0.41435956954956055,2,clean,0.0,-1,146,89,CORRECT,0,0,0,0,0,0,0.0,0.0
margin,live-delta,7,0.0,0.271707,0.577329,0.024275,0.972656,0.439064,0.589064,0.01943683624267578,0.7345792055130005,0.7151423692703247,1.9745113849639893,7.203099250793457,0.32740145921707153,17,2,2,1,2,1,0,0.0,0.5811883211135864,2,clean,0.0,-1,147,66,CORRECT,0,0,0,0,0,0,0.0,0.0
margin,live-delta,7,0.0,0.271707,0.577329,0.024275,0.972656,0.439064,0.589064,0.05345660448074341,0.7361685633659363,0.6827119588851929,1.9927566051483154,7.335727691650391,0.3912556767463684,14,2,2,1,2,1,0,0.0,0.5475063323974609,2,clean,0.0,-1,148,87,CORRECT,0,0,0,0,0,0,0.0,0.0
margin,live-delta,7,0.0,0.271707,0.577329,0.024275,0.972656,0.439064,0.589064,0.032271623611450195,0.8208656311035156,0.7885940074920654,1.3720816373825073,3.9435513019561768,0.4559568762779236,16,2,2,1,2,1,0,0.0,0.5866742730140686,2,clean,0.0,-1,149,88,CORRECT,0,0,0,0,0,0,0.0,0.0
margin,live-delta,7,0.0,0.271707,0.577329,0.024275,0.972656,0.439064,0.589064,0.055301666259765625,0.5719026327133179,0.5166009664535522,1.0985515117645264,2.9998176097869873,0.626548171043396,5,2,2,1,2,1,0,0.0,0.34642860293388367,2,clean,0.0,-1,150,80,CORRECT,0,0,0,0,0,0,0.0,0.0
margin,live-delta,7,0.0,0.271707,0.577329,0.024275,0.972656,0.439064,0.589064,0.16924935579299927,0.6686280965805054,0.4993787407875061,0.38829556107521057,1.4744654893875122,0.9189178347587585,5,2,2,1,2,1,0,0.0,0.5161433815956116,2,clean,0.0,-1,151,82,CORRECT,0,0,0,0,0,0,0.0,0.0
margin,live-delta,7,0.0,0.271707,0.577329,0.024275,0.972656,0.439064,0.589064,0.014408707618713379,0.7415615320205688,0.7271528244018555,2.1189281940460205,8.322213172912598,0.27553868293762207,18,2,2,1,2,1,0,0.0,0.6040228009223938,2,clean,0.0,-1,152,66,CORRECT,0,0,0,0,0,0,0.0,0.0
margin,live-delta,7,0.0,0.271707,0.577329,0.024275,0.972656,0.439064,0.589064,0.010547876358032227,0.8060425519943237,0.7954946756362915,1.3239156007766724,3.758107900619507,0.42233118414878845,16,2,2,1,2,1,0,0.0,0.5476217269897461,2,clean,0.0,-1,153,92,CORRECT,0,0,0,0,0,0,0.0,0.0
margin,live-delta,7,0.0,0.271707,0.577329,0.024275,0.972656,0.439064,0.589064,0.020640254020690918,0.6020315885543823,0.5813913345336914,2.2193665504455566,9.201499938964844,0.24520422518253326,13,2,2,1,2,1,0,0.0,0.42076271772384644,2,clean,0.0,-1,160,94,CORRECT,0,0,0,0,0,0,0.0,0.0
margin,live-delta,7,0.0,0.271707,0.577329,0.024275,0.972656,0.439064,0.589064,0.0004684329032897949,0.558491587638855,0.5580231547355652,2.468005895614624,11.798894882202148,0.15108776092529297,14,2,2,1,2,1,0,0.0,0.3641226291656494,2,clean,0.0,-1,162,94,CORRECT,0,0,0,0,0,0,0.0,0.0
margin,live-delta,7,0.0,0.271707,0.577329,0.024275,0.972656,0.439064,0.589064,0.009126722812652588,0.5600058436393738,0.5508791208267212,1.837072491645813,6.27813196182251,0.299072802066803,8,2,2,1,2,1,0,0.0,0.3933143615722656,2,clean,0.0,-1,164,86,CORRECT,0,0,0,0,0,0,0.0,0.0
margin,live-delta,7,0.0,0.271707,0.577329,0.024275,0.972656,0.439064,0.589064,0.02350926399230957,0.6209155321121216,0.597406268119812,2.3354697227478027,10.33431339263916,0.22745604813098907,14,2,2,1,2,1,0,0.0,0.4534796178340912,2,clean,0.0,-1,166,66,CORRECT,0,0,0,0,0,0,0.0,0.0
margin,live-delta,7,0.0,0.271707,0.577329,0.024275,0.972656,0.439064,0.589064,0.07067340612411499,0.8171741366386414,0.7465007305145264,1.6226474046707153,5.06648588180542,0.5326154232025146,17,2,2,1,2,1,0,0.0,0.6834558248519897,2,clean,0.0,-1,167,94,CORRECT,0,0,0,0,0,0,0.0,0.0
margin,live-delta,7,0.0,0.271707,0.577329,0.024275,0.972656,0.439064,0.589064,0.04554343223571777,0.8218976855278015,0.7763542532920837,1.8764818906784058,6.530489444732666,0.38273027539253235,18,2,2,1,2,1,0,0.0,0.6797922253608704,2,clean,0.0,-1,169,87,CORRECT,0,0,0,0,0,0,0.0,0.0
margin,live-delta,7,0.0,0.271707,0.577329,0.024275,0.972656,0.439064,0.589064,0.055218279361724854,0.4490985870361328,0.39388030767440796,-0.0,1.0,1.0,1,2,2,1,2,1,0,0.0,0.1706991195678711,2,clean,0.0,-1,170,74,CORRECT,0,0,0,0,0,0,0.0,0.0
margin,live-delta,7,0.0,0.271707,0.577329,0.024275,0.972656,0.439064,0.589064,0.03050374984741211,0.7986985445022583,0.7681947946548462,2.0227675437927246,7.559216499328613,0.3476046919822693,18,2,2,1,2,1,0,0.0,0.652678370475769,2,clean,0.0,-1,172,94,CORRECT,0,0,0,0,0,0,0.0,0.0
margin,live-delta,7,0.0,0.271707,0.577329,0.024275,0.972656,0.439064,0.589064,0.022157609462738037,0.6517328023910522,0.6295751929283142,1.8360211849212646,6.271535396575928,0.374071329832077,11,2,2,1,2,1,0,0.0,0.493843138217926,2,clean,0.0,-1,173,79,CORRECT,0,0,0,0,0,0,0.0,0.0
margin,live-delta,7,0.0,0.271707,0.577329,0.024275,0.972656,0.439064,0.589064,0.029355645179748535,0.8051860332489014,0.7758303880691528,1.780912160873413,5.935267925262451,0.37560105323791504,17,2,2,1,2,1,0,0.0,0.5979050397872925,2,clean,0.0,-1,174,88,CORRECT,0,0,0,0,0,0,0.0,0.0
margin,live-delta,7,0.0,0.271707,0.577329,0.024275,0.972656,0.439064,0.589064,0.014246940612792969,0.5697592496871948,0.5555123090744019,2.2537872791290283,9.523736953735352,0.26052936911582947,13,2,2,1,2,1,0,0.0,0.27040910720825195,2,clean,0.0,-1,175,82,CORRECT,0,0,0,0,0,0,0.0,0.0
margin,live-delta,7,0.0,0.271707,0.577329,0.024275,0.972656,0.439064,0.589064,0.014076292514801025,0.726281464099884,0.712205171585083,1.8721051216125488,6.501969337463379,0.28966787457466125,16,2,2,1,2,1,0,0.0,0.535503089427948,2,clean,0.0,-1,176,87,CORRECT,0,0,0,0,0,0,0.0,0.0
margin,live-delta,7,0.0,0.271707,0.577329,0.024275,0.972656,0.439064,0.589064,0.05845820903778076,0.6732896566390991,0.6148314476013184,1.9466885328292847,7.00545072555542,0.41664114594459534,15,2,2,1,2,1,0,0.0,0.47631222009658813,2,clean,0.0,-1,177,66,CORRECT,0,0,0,0,0,0,0.0,0.0
margin,live-delta,7,0.0,0.271707,0.577329,0.024275,0.972656,0.439064,0.589064,0.09708833694458008,0.498207688331604,0.4011193513870239,-0.0,1.0,1.0,1,2,2,1,2,1,0,0.0,0.16100990772247314,2,clean,0.0,-1,178,64,CORRECT,0,0,0,0,0,0,0.0,0.0
margin,live-delta,7,0.0,0.271707,0.577329,0.024275,0.972656,0.439064,0.589064,0.014411091804504395,0.642770528793335,0.6283594369888306,2.2935867309570312,9.910420417785645,0.2121940553188324,17,2,2,1,2,1,0,0.0,0.5257186889648438,2,clean,0.0,-1,179,81,CORRECT,0,0,0,0,0,0,0.0,0.0
margin,live-delta,7,0.0,0.271707,0.577329,0.024275,0.972656,0.439064,0.589064,0.009206622838973999,0.48549434542655945,0.47628772258758545,0.6889269948005676,1.991577386856079,0.5459035038948059,2,2,2,1,2,1,0,0.0,0.08106586337089539,2,clean,0.0,-1,180,88,CORRECT,0,0,0,0,0,0,0.0,0.0
margin,live-delta,7,0.0,0.271707,0.577329,0.024275,0.972656,0.439064,0.589064,0.07042646408081055,0.7437867522239685,0.673360288143158,1.7850247621536255,5.959727764129639,0.4779830276966095,13,2,2,1,2,1,0,0.0,0.6262246966362,2,clean,0.0,-1,182,82,CORRECT,0,0,0,0,0,0,0.0,0.0
margin,live-delta,7,0.0,0.271707,0.577329,0.024275,0.972656,0.439064,0.589064,0.00473785400390625,0.6011457443237305,0.5964078903198242,2.072744846343994,7.946605205535889,0.22993776202201843,12,2,2,1,2,1,0,0.0,0.3789810240268707,2,clean,0.0,-1,183,86,CORRECT,0,0,0,0,0,0,0.0,0.0
margin,live-delta,7,0.0,0.271707,0.577329,0.024275,0.972656,0.439064,0.589064,0.0015205740928649902,0.6854196190834045,0.6838990449905396,2.1933770179748535,8.965438842773438,0.20872709155082703,18,2,2,1,2,1,0,0.0,0.5326675176620483,2,clean,0.0,-1,184,86,CORRECT,0,0,0,0,0,0,0.0,0.0
margin,live-delta,7,0.0,0.271707,0.577329,0.024275,0.972656,0.439064,0.589064,0.032849788665771484,0.6116892099380493,0.5788394212722778,2.093151569366455,8.110435485839844,0.3236585557460785,13,2,2,1,2,1,0,0.0,0.46648189425468445,2,clean,0.0,-1,185,81,CORRECT,0,0,0,0,0,0,0.0,0.0
margin,live-delta,7,0.0,0.271707,0.577329,0.024275,0.972656,0.439064,0.589064,0.009874820709228516,0.8028467893600464,0.7929719686508179,1.5425740480422974,4.676612377166748,0.3523537814617157,16,2,2,1,2,1,0,0.0,0.5988579988479614,2,clean,0.0,-1,186,88,CORRECT,0,0,0,0,0,0,0.0,0.0
margin,live-delta,7,0.0,0.271707,0.577329,0.024275,0.972656,0.439064,0.589064,0.002904832363128662,0.8251573443412781,0.8222525119781494,1.9314234256744385,6.8993239402771,0.2785907983779907,18,2,2,1,2,1,0,0.0,0.7316372394561768,2,clean,0.0,-1,187,66,CORRECT,0,0,0,0,0,0,0.0,0.0
margin,live-delta,7,0.0,0.271707,0.577329,0.024275,0.972656,0.439064,0.589064,0.0050036609172821045,0.47099390625953674,0.46599024534225464,1.0700676441192627,2.915576696395874,0.4062097668647766,3,2,2,1,2,1,0,0.0,0.1328435242176056,2,clean,0.0,-1,188,89,CORRECT,0,0,0,0,0,0,0.0,0.0
margin,live-delta,7,0.0,0.271707,0.577329,0.024275,0.972656,0.439064,0.589064,0.0056299567222595215,0.5357644557952881,0.5301344990730286,1.9224615097045898,6.837769031524658,0.258139431476593,8,2,2,1,2,1,0,0.0,0.26216602325439453,2,clean,0.0,-1,190,67,CORRECT,0,0,0,0,0,0,0.0,0.0
margin,live-delta,7,0.0,0.271707,0.577329,0.024275,0.972656,0.439064,0.589064,0.05560547113418579,0.632349967956543,0.5767444968223572,2.061814069747925,7.860215663909912,0.36354196071624756,13,2,2,1,2,1,0,0.0,0.39755454659461975,2,clean,0.0,-1,191,81,CORRECT,0,0,0,0,0,0,0.0,0.0
margin,live-delta,7,0.0,0.271707,0.577329,0.024275,0.972656,0.439064,0.589064,0.1022566556930542,0.8100323677062988,0.7077757120132446,1.329530954360962,3.7792701721191406,0.6659570336341858,15,3,3,1,3,1,0,0.0,0.6372814774513245,2,clean,0.0,-1,192,110,CORRECT,0,0,0,0,0,0,0.0,0.0
margin,live-delta,7,0.0,0.271707,0.577329,0.024275,0.972656,0.439064,0.589064,0.006317168474197388,0.46576759219169617,0.4594504237174988,0.6911558508872986,1.9960212707519531,0.5315437316894531,2,3,3,1,3,1,0,0.0,0.23192644119262695,2,clean,0.0,-1,193,122,CORRECT,0,0,0,0,0,0,0.0,0.0
margin,live-delta,7,0.0,0.271707,0.577329,0.024275,0.972656,0.439064,0.589064,0.027418076992034912,0.8872389197349548,0.8598208427429199,1.6352026462554932,5.130497455596924,0.4058467745780945,13,3,3,1,3,1,0,0.0,0.7987887859344482,2,clean,0.0,-1,194,97,CORRECT,0,0,0,0,0,0,0.0,0.0
margin,live-delta,7,0.0,0.271707,0.577329,0.024275,0.972656,0.439064,0.589064,0.09606266021728516,0.7679380178451538,0.6718753576278687,1.635295033454895,5.130971431732178,0.5858632326126099,20,3,3,1,3,1,0,0.0,0.467274934053421,2,clean,0.0,-1,195,105,CORRECT,0,0,0,0,0,0,0.0,0.0
margin,live-delta,7,0.0,0.271707,0.577329,0.024275,0.972656,0.439064,0.589064,0.033324480056762695,0.5985491275787354,0.5652246475219727,2.370943307876587,10.707488059997559,0.2544578015804291,16,3,3,1,3,1,0,0.0,0.4936526417732239,2,clean,0.0,-1,196,113,CORRECT,0,0,0,0,0,0,0.0,0.0
margin,live-delta,7,0.0,0.271707,0.577329,0.024275,0.972656,0.439064,0.589064,0.03140676021575928,0.6604886054992676,0.6290818452835083,2.293865442276001,9.913182258605957,0.300283819437027,20,3,3,1,3,1,0,0.0,0.44444766640663147,2,clean,0.0,-1,197,109,CORRECT,0,0,0,0,0,0,0.0,0.0
margin,live-delta,7,0.0,0.271707,0.577329,0.024275,0.972656,0.439064,0.589064,0.02615499496459961,0.46656566858291626,0.44041067361831665,0.6600783467292786,1.9349439144134521,0.6278723478317261,2,3,3,1,3,1,0,0.0,0.18199288845062256,2,clean,0.0,-1,198,104,CORRECT,0,0,0,0,0,0,0.0,0.0
margin,live-delta,7,0.0,0.271707,0.577329,0.024275,0.972656,0.439064,0.589064,0.019829392433166504,0.5268105268478394,0.5069811344146729,0.673866868019104,1.961808681488037,0.597867488861084,2,3,3,1,3,1,0,0.0,0.4132581651210785,2,clean,0.0,-1,199,115,CORRECT,0,0,0,0,0,0,0.0,0.0
margin,live-delta,7,0.0,0.271707,0.577329,0.024275,0.972656,0.439064,0.589064,0.14240378141403198,0.7219078540802002,0.5795040726661682,0.2346271276473999,1.264437198638916,0.9419585466384888,3,3,3,1,3,1,0,0.0,0.6385027766227722,2,clean,0.0,-1,200,115,CORRECT,0,0,0,0,0,0,0.0,0.0
margin,live-delta,7,0.0,0.271707,0.577329,0.024275,0.972656,0.439064,0.589064,0.0062757134437561035,0.8334376215934753,0.8271619081497192,1.3125348091125488,3.7155799865722656,0.35869359970092773,18,3,3,1,3,1,0,0.0,0.7009687423706055,2,clean,0.0,-1,201,118,CORRECT,0,0,0,0,0,0,0.0,0.0
margin,live-delta,7,0.0,0.271707,0.577329,0.024275,0.972656,0.439064,0.589064,0.020821452140808105,0.5942161679267883,0.5733947157859802,1.6025315523147583,4.965587139129639,0.3478326201438904,7,3,3,1,3,1,0,0.0,0.3573760688304901,2,clean,0.0,-1,202,124,CORRECT,0,0,0,0,0,0,0.0,0.0
margin,live-delta,7,0.0,0.271707,0.577329,0.024275,0.972656,0.439064,0.589064,0.08432415127754211,0.5297173261642456,0.4453931748867035,0.4333803057670593,1.542462706565857,0.8437610268592834,2,3,3,1,3,1,0,0.0,0.2651461362838745,2,clean,0.0,-1,203,96,CORRECT,0,0,0,0,0,0,0.0,0.0
margin,live-delta,7,0.0,0.271707,0.577329,0.024275,0.972656,0.439064,0.589064,0.09210005402565002,0.5800983309745789,0.48799827694892883,0.8244100213050842,2.2805349826812744,0.7486775517463684,4,3,3,1,3,1,0,0.0,0.3671265244483948,2,clean,0.0,-1,204,96,CORRECT,0,0,0,0,0,0,0.0,0.0
margin,live-delta,7,0.0,0.271707,0.577329,0.024275,0.972656,0.439064,0.589064,0.09026157855987549,0.7622923851013184,0.6720308065414429,0.9353034496307373,2.5479865074157715,0.7575065493583679,11,3,3,1,3,1,0,0.0,0.5345759987831116,2,clean,0.0,-1,205,124,CORRECT,0,0,0,0,0,0,0.0,0.0
margin,live-delta,7,0.0,0.271707,0.577329,0.024275,0.972656,0.439064,0.589064,0.08902692794799805,0.592893660068512,0.5038667321205139,1.1338024139404297,3.107449769973755,0.6687549948692322,6,3,3,1,3,1,0,0.0,0.4166918396949768,2,clean,0.0,-1,206,113,CORRECT,0,0,0,0,0,0,0.0,0.0
margin,live-delta,7,0.0,0.271707,0.577329,0.024275,0.972656,0.439064,0.589064,0.03632640838623047,0.7532113790512085,0.716884970664978,2.2270796298980713,9.272747039794922,0.25928980112075806,18,3,3,1,3,1,0,0.0,0.5773868560791016,2,clean,0.0,-1,207,126,CORRECT,0,0,0,0,0,0,0.0,0.0
margin,live-delta,7,0.0,0.271707,0.577329,0.024275,0.972656,0.439064,0.589064,0.05994373559951782,0.6874781847000122,0.6275344491004944,1.4573490619659424,4.294559955596924,0.5362496972084045,10,3,3,1,3,1,0,0.0,0.458513468503952,2,clean,0.0,-1,208,124,CORRECT,0,0,0,0,0,0,0.0,0.0
margin,live-delta,7,0.0,0.271707,0.577329,0.024275,0.972656,0.439064,0.589064,0.007803201675415039,0.5509086847305298,0.5431054830551147,0.6901119351387024,1.993938684463501,0.5389370322227478,2,3,3,1,3,1,0,0.0,0.4494723081588745,2,clean,0.0,-1,209,115,CORRECT,0,0,0,0,0,0,0.0,0.0
margin,live-delta,7,0.0,0.271707,0.577329,0.024275,0.972656,0.439064,0.589064,0.01137608289718628,0.682218074798584,0.6708419919013977,1.4856369495391846,4.417778491973877,0.4158100187778473,10,3,3,1,3,1,0,0.0,0.5385146141052246,2,clean,0.0,-1,210,116,CORRECT,0,0,0,0,0,0,0.0,0.0
margin,live-delta,7,0.0,0.271707,0.577329,0.024275,0.972656,0.439064,0.589064,0.02612006664276123,0.7439183592796326,0.7177982926368713,1.2961605787277222,3.655235767364502,0.48552531003952026,15,3,3,1,3,1,0,0.0,0.5797291398048401,2,clean,0.0,-1,211,125,CORRECT,0,0,0,0,0,0,0.0,0.0
margin,live-delta,7,0.0,0.271707,0.577329,0.024275,0.972656,0.439064,0.589064,0.002281785011291504,0.6112834215164185,0.609001636505127,1.5259491205215454,4.599506855010986,0.32277217507362366,6,3,3,1,3,1,0,0.0,0.2935105562210083,2,clean,0.0,-1,212,101,CORRECT,0,0,0,0,0,0,0.0,0.0
margin,live-delta,7,0.0,0.271707,0.577329,0.024275,0.972656,0.439064,0.589064,0.03744769096374512,0.6198829412460327,0.5824352502822876,1.610660433769226,5.0061163902282715,0.39658716320991516,8,3,3,1,3,1,0,0.0,0.3868899941444397,2,clean,0.0,-1,213,125,CORRECT,0,0,0,0,0,0,0.0,0.0
margin,live-delta,7,0.0,0.271707,0.577329,0.024275,0.972656,0.439064,0.589064,0.006246805191040039,0.7604220509529114,0.7541752457618713,2.070779323577881,7.931001663208008,0.24775245785713196,17,3,3,1,3,1,0,0.0,0.6242871284484863,2,clean,0.0,-1,214,97,CORRECT,0,0,0,0,0,0,0.0,0.0
margin,live-delta,7,0.0,0.271707,0.577329,0.024275,0.972656,0.439064,0.589064,0.07016345858573914,0.47933223843574524,0.4091687798500061,-0.0,1.0,1.0,1,3,3,1,3,1,0,0.0,0.16705068945884705,2,clean,0.0,-1,215,123,CORRECT,0,0,0,0,0,0,0.0,0.0
margin,live-delta,7,0.0,0.271707,0.577329,0.024275,0.972656,0.439064,0.589064,0.12951183319091797,0.63904869556427,0.509536862373352,0.2530421316623688,1.2879375219345093,0.9302305579185486,2,3,3,1,3,1,0,0.0,0.33034107089042664,2,clean,0.0,-1,216,122,CORRECT,0,0,0,0,0,0,0.0,0.0
margin,live-delta,7,0.0,0.271707,0.577329,0.024275,0.972656,0.439064,0.589064,0.1960849165916443,0.8942528367042542,0.6981679201126099,0.2806599736213684,1.3240033388137817,0.9504283666610718,13,3,3,1,3,1,0,0.0,0.7961851358413696,2,clean,0.0,-1,217,107,CORRECT,0,0,0,0,0,0,0.0,0.0
margin,live-delta,7,0.0,0.271707,0.577329,0.024275,0.972656,0.439064,0.589064,0.007295757532119751,0.4530926048755646,0.4457968473434448,0.6904928684234619,1.994698405265808,0.5364142060279846,2,3,3,1,3,1,0,0.0,0.17780092358589172,2,clean,0.0,-1,218,114,CORRECT,0,0,0,0,0,0,0.0,0.0
margin,live-delta,7,0.0,0.271707,0.577329,0.024275,0.972656,0.439064,0.589064,0.07128006219863892,0.816789984703064,0.745509922504425,0.672871470451355,1.9598568677902222,0.779811680316925,9,3,3,1,3,1,0,0.0,0.7203499674797058,2,clean,0.0,-1,219,119,CORRECT,0,0,0,0,0,0,0.0,0.0
margin,live-delta,7,0.0,0.271707,0.577329,0.024275,0.972656,0.439064,0.589064,0.042374372482299805,0.5923725366592407,0.5499981641769409,1.6603269577026367,5.261030673980713,0.4123595952987671,8,3,3,1,3,1,0,0.0,0.37080055475234985,2,clean,0.0,-1,220,119,CORRECT,0,0,0,0,0,0,0.0,0.0
margin,live-delta,7,0.0,0.271707,0.577329,0.024275,0.972656,0.439064,0.589064,0.03423511981964111,0.7938240766525269,0.7595889568328857,0.7789266705513,2.1791319847106934,0.6444183588027954,6,3,3,1,3,1,0,0.0,0.6068319082260132,2,clean,0.0,-1,221,121,CORRECT,0,0,0,0,0,0,0.0,0.0
margin,live-delta,7,0.0,0.271707,0.577329,0.024275,0.972656,0.439064,0.589064,0.0373113751411438,0.7181012034416199,0.6807898283004761,1.348701000213623,3.8524179458618164,0.4989735782146454,10,3,3,1,3,1,0,0.0,0.44699907302856445,2,clean,0.0,-1,222,103,CORRECT,0,0,0,0,0,0,0.0,0.0
margin,live-delta,7,0.0,0.271707,0.577329,0.024275,0.972656,0.439064,0.589064,0.009178757667541504,0.5874730348587036,0.5782942771911621,1.794343113899231,6.015522003173828,0.33089911937713623,9,3,3,1,3,1,0,0.0,0.41115981340408325,2,clean,0.0,-1,223,114,CORRECT,0,0,0,0,0,0,0.0,0.0
margin,live-delta,7,0.0,0.271707,0.577329,0.024275,0.972656,0.439064,0.589064,0.0036386847496032715,0.8077525496482849,0.8041138648986816,0.7877927422523499,2.198538303375244,0.5091709494590759,7,3,3,1,3,1,0,0.0,0.693606436252594,2,clean,0.0,-1,224,121,CORRECT,0,0,0,0,0,0,0.0,0.0
margin,live-delta,7,0.0,0.271707,0.577329,0.024275,0.972656,0.439064,0.589064,0.03262263536453247,0.6887332797050476,0.6561106443405151,1.4753340482711792,4.372496128082275,0.4493337869644165,9,3,3,1,3,1,0,0.0,0.5997492671012878,2,clean,0.0,-1,225,116,CORRECT,0,0,0,0,0,0,0.0,0.0
margin,live-delta,7,0.0,0.271707,0.577329,0.024275,0.972656,0.439064,0.589064,0.02645939588546753,0.571704626083374,0.5452452301979065,0.6593304872512817,1.933497428894043,0.6292937397956848,2,3,3,1,3,1,0,0.0,0.3278559744358063,2,clean,0.0,-1,226,120,CORRECT,0,0,0,0,0,0,0.0,0.0
margin,live-delta,7,0.0,0.271707,0.577329,0.024275,0.972656,0.439064,0.589064,0.2306826114654541,0.9411556720733643,0.7104730606079102,0.226749986410141,1.2545162439346313,0.9641211628913879,17,3,3,1,3,1,0,0.0,0.8242925405502319,2,clean,0.0,-1,227,107,CORRECT,0,0,0,0,0,0,0.0,0.0
margin,live-delta,7,0.0,0.271707,0.577329,0.024275,0.972656,0.439064,0.589064,0.010918140411376953,0.5363830327987671,0.5254648923873901,1.420082926750183,4.137463569641113,0.36637499928474426,5,3,3,1,3,1,0,0.0,0.4173053503036499,2,clean,0.0,-1,228,107,CORRECT,0,0,0,0,0,0,0.0,0.0
margin,live-delta,7,0.0,0.271707,0.577329,0.024275,0.972656,0.439064,0.589064,0.021424829959869385,0.8018848896026611,0.7804600596427917,0.6966444253921509,2.0070066452026367,0.6030893325805664,4,3,3,1,3,1,0,0.0,0.6869179010391235,2,clean,0.0,-1,229,120,CORRECT,0,0,0,0,0,0,0.0,0.0
margin,live-delta,7,0.0,0.271707,0.577329,0.024275,0.972656,0.439064,0.589064,0.05081146955490112,0.7853767275810242,0.734565258026123,1.824318766593933,6.198570728302002,0.42657700181007385,15,3,3,1,3,1,0,0.0,0.6753167510032654,2,clean,0.0,-1,230,107,CORRECT,0,0,0,0,0,0,0.0,0.0
margin,live-delta,7,0.0,0.271707,0.577329,0.024275,0.972656,0.439064,0.589064,0.029012084007263184,0.8678466081619263,0.8388345241546631,1.864013910293579,6.449573040008545,0.3899986743927002,19,3,3,1,3,1,0,0.0,0.7405789494514465,2,clean,0.0,-1,231,126,CORRECT,0,0,0,0,0,0,0.0,0.0
margin,live-delta,7,0.0,0.271707,0.577329,0.024275,0.972656,0.439064,0.589064,0.01940310001373291,0.762601375579834,0.7431982755661011,1.3645538091659546,3.9139761924743652,0.4957890510559082,15,3,3,1,3,1,0,0.0,0.5297636985778809,2,clean,0.0,-1,232,105,CORRECT,0,0,0,0,0,0,0.0,0.0
margin,live-delta,7,0.0,0.271707,0.577329,0.024275,0.972656,0.439064,0.589064,0.03478437662124634,0.8089582920074463,0.7741739153862,1.1060642004013062,3.0224392414093018,0.5676912069320679,16,3,3,1,3,1,0,0.0,0.6849418878555298,2,clean,0.0,-1,233,113,CORRECT,0,0,0,0,0,0,0.0,0.0
margin,live-delta,7,0.0,0.271707,0.577329,0.024275,0.972656,0.439064,0.589064,0.15234535932540894,0.982479989528656,0.8301346302032471,0.30193987488746643,1.3524799346923828,0.934414803981781,18,3,3,1,3,1,0,0.0,0.8673667907714844,2,clean,0.0,-1,234,118,CORRECT,0,0,0,0,0,0,0.0,0.0
margin,live-delta,7,0.0,0.271707,0.577329,0.024275,0.972656,0.439064,0.589064,0.0017946958541870117,0.6616439819335938,0.6598492860794067,1.186095118522644,3.274270534515381,0.4303274154663086,7,3,3,1,3,1,0,0.0,0.526913583278656,2,clean,0.0,-1,235,106,CORRECT,0,0,0,0,0,0,0.0,0.0
margin,live-delta,7,0.0,0.271707,0.577329,0.024275,0.972656,0.439064,0.589064,0.010278284549713135,0.8556346297264099,0.8453563451766968,1.499734878540039,4.480501174926758,0.41308557987213135,15,3,3,1,3,1,0,0.0,0.6597282290458679,2,clean,0.0,-1,236,117,CORRECT,0,0,0,0,0,0,0.0,0.0
margin,live-delta,7,0.0,0.271707,0.577329,0.024275,0.972656,0.439064,0.589064,0.0014490485191345215,0.5788602828979492,0.5774112343788147,2.1078085899353027,8.230185508728027,0.20069342851638794,11,3,3,1,3,1,0,0.0,0.32548508048057556,2,clean,0.0,-1,237,103,CORRECT,0,0,0,0,0,0,0.0,0.0
margin,live-delta,7,0.0,0.271707,0.577329,0.024275,0.972656,0.439064,0.589064,0.05839550495147705,0.5697363018989563,0.5113407969474792,1.1548430919647217,3.173525333404541,0.6056205630302429,5,3,3,1,3,1,0,0.0,0.34055691957473755,2,clean,0.0,-1,239,116,CORRECT,0,0,0,0,0,0,0.0,0.0
margin,live-delta,7,0.0,0.271707,0.577329,0.024275,0.972656,0.439064,0.589064,0.00034350156784057617,0.8128784894943237,0.8125349879264832,1.4598190784454346,4.305180549621582,0.3990626335144043,15,3,3,1,3,1,0,0.0,0.6722614765167236,2,clean,0.0,-1,240,97,CORRECT,0,0,0,0,0,0,0.0,0.0
margin,live-delta,7,0.0,0.271707,0.577329,0.024275,0.972656,0.439064,0.589064,0.0093231201171875,0.756900429725647,0.7475773096084595,1.9889204502105713,7.307640552520752,0.2403310090303421,16,3,3,1,3,1,0,0.0,0.6455607414245605,2,clean,0.0,-1,241,97,CORRECT,0,0,0,0,0,0,0.0,0.0
margin,live-delta,7,0.0,0.271707,0.577329,0.024275,0.972656,0.439064,0.589064,0.019156038761138916,0.6394824981689453,0.6203264594078064,0.6751307249069214,1.9642897844314575,0.5946255326271057,2,3,3,1,3,1,0,0.0,0.531365692615509,2,clean,0.0,-1,242,115,CORRECT,0,0,0,0,0,0,0.0,0.0
margin,live-delta,7,0.0,0.271707,0.577329,0.024275,0.972656,0.439064,0.589064,0.0470123291015625,0.6217077970504761,0.5746954679489136,1.3996777534484863,4.053893566131592,0.5148141384124756,6,3,3,1,3,1,0,0.0,0.2859410345554352,2,clean,0.0,-1,243,124,CORRECT,0,0,0,0,0,0,0.0,0.0
margin,live-delta,7,0.0,0.271707,0.577329,0.024275,0.972656,0.439064,0.589064,0.0506209135055542,0.735724687576294,0.6851037740707397,1.2392916679382324,3.4531667232513428,0.5511974692344666,8,3,3,1,3,1,0,0.0,0.6164519786834717,2,clean,0.0,-1,244,119,CORRECT,0,0,0,0,0,0,0.0,0.0
margin,live-delta,7,0.0,0.271707,0.577329,0.024275,0.972656,0.439064,0.589064,0.01857537031173706,0.7805618047714233,0.7619864344596863,1.6965545415878296,5.455119609832764,0.36871206760406494,20,3,3,1,3,1,0,0.0,0.6571207046508789,2,clean,0.0,-1,245,125,CORRECT,0,0,0,0,0,0,0.0,0.0
margin,live-delta,7,0.0,0.271707,0.577329,0.024275,0.972656,0.439064,0.589064,0.009640216827392578,0.5784683227539062,0.5688281059265137,2.221360445022583,9.219865798950195,0.213002011179924,13,3,3,1,3,1,0,0.0,0.39385986328125,2,clean,0.0,-1,246,110,CORRECT,0,0,0,0,0,0,0.0,0.0
margin,live-delta,7,0.0,0.271707,0.577329,0.024275,0.972656,0.439064,0.589064,0.09101557731628418,0.7862826585769653,0.6952670812606812,1.0541155338287354,2.869436025619507,0.7270598411560059,14,3,3,1,3,1,0,0.0,0.5251450538635254,2,clean,0.0,-1,247,120,CORRECT,0,0,0,0,0,0,0.0,0.0
margin,live-delta,7,0.0,0.271707,0.577329,0.024275,0.972656,0.439064,0.589064,0.035696208477020264,0.6193225383758545,0.5836263298988342,1.9352675676345825,6.925897121429443,0.36184149980545044,11,3,3,1,3,1,0,0.0,0.527028501033783,2,clean,0.0,-1,249,107,CORRECT,0,0,0,0,0,0,0.0,0.0
margin,live-delta,7,0.0,0.271707,0.577329,0.024275,0.972656,0.439064,0.589064,0.006960093975067139,0.615280270576477,0.6083201766014099,2.066415309906006,7.89646577835083,0.26621192693710327,13,3,3,1,3,1,0,0.0,0.5127503275871277,2,clean,0.0,-1,250,115,CORRECT,0,0,0,0,0,0,0.0,0.0
margin,live-delta,7,0.0,0.271707,0.577329,0.024275,0.972656,0.439064,0.589064,0.004858970642089844,0.7133948802947998,0.70853590965271,1.7207775115966797,5.588871955871582,0.32791778445243835,19,3,3,1,3,1,0,0.0,0.5565115809440613,2,clean,0.0,-1,251,107,CORRECT,0,0,0,0,0,0,0.0,0.0
margin,live-delta,7,0.0,0.271707,0.577329,0.024275,0.972656,0.439064,0.589064,0.030346155166625977,0.7366904020309448,0.7063442468643188,1.7606197595596313,5.816040992736816,0.3635081648826599,10,3,3,1,3,1,0,0.0,0.49711012840270996,2,clean,0.0,-1,252,117,CORRECT,0,0,0,0,0,0,0.0,0.0
margin,live-delta,7,0.0,0.271707,0.577329,0.024275,0.972656,0.439064,0.589064,0.034451961517333984,0.7492276430130005,0.7147756814956665,1.6915348768234253,5.427805423736572,0.4406343996524811,12,3,3,1,3,1,0,0.0,0.531527578830719,2,clean,0.0,-1,253,119,CORRECT,0,0,0,0,0,0,0.0,0.0
margin,live-delta,7,0.0,0.271707,0.577329,0.024275,0.972656,0.439064,0.589064,0.03389662504196167,0.46462684869766235,0.4307302236557007,-0.0,1.0,1.0,1,3,3,1,3,1,0,0.0,0.348505437374115,2,clean,0.0,-1,254,116,CORRECT,0,0,0,0,0,0,0.0,0.0
margin,live-delta,7,0.0,0.271707,0.577329,0.024275,0.972656,0.439064,0.589064,0.01337289810180664,0.6233410835266113,0.6099681854248047,2.3906116485595703,10.920170783996582,0.222396120429039,16,3,3,1,3,1,0,0.0,0.44635075330734253,2,clean,0.0,-1,255,100,CORRECT,0,0,0,0,0,0,0.0,0.0
margin,live-delta,8,0.0,0.271707,0.577329,0.024275,0.972656,0.439064,0.589064,0.03762426972389221,0.5110138058662415,0.47338953614234924,1.3084306716918945,3.700361967086792,0.4304646849632263,4,0,0,1,0,1,0,0.0,0.09347984194755554,2,clean,0.0,-1,0,28,CORRECT,0,0,0,0,0,0,0.0,0.0
margin,live-delta,8,0.0,0.271707,0.577329,0.024275,0.972656,0.439064,0.589064,0.15752142667770386,0.5575714111328125,0.40004998445510864,-0.0,1.0,1.0,1,0,0,1,0,1,0,0.0,0.2904238998889923,2,clean,0.0,-1,1,3,CORRECT,0,0,0,0,0,0,0.0,0.0
margin,live-delta,8,0.0,0.271707,0.577329,0.024275,0.972656,0.439064,0.589064,0.09297966957092285,0.6945255994796753,0.6015459299087524,1.0659769773483276,2.903674364089966,0.7134841084480286,8,0,0,1,0,1,1,0.14056897163391113,0.1141963005065918,2,clean,0.0,-1,2,14,CORRECT,0,0,0,0,0,0,0.0,0.0
margin,live-delta,8,0.0,0.271707,0.577329,0.024275,0.972656,0.439064,0.589064,0.059886783361434937,0.48569563031196594,0.425808846950531,-0.0,1.0,1.0,1,0,1,0,1,0,1,1.0,-0.17318376898765564,0,clean,0.0,-1,5,49,BLENDED,0,0,0,0,0,0,0.0,0.0
margin,live-delta,8,0.0,0.271707,0.577329,0.024275,0.972656,0.439064,0.589064,0.023535043001174927,0.47608861327171326,0.45255357027053833,1.070020318031311,2.915438652038574,0.44852760434150696,3,0,0,1,0,1,0,0.0,0.14675000309944153,2,clean,0.0,-1,9,13,CORRECT,0,0,0,0,0,0,0.0,0.0
margin,live-delta,8,0.0,0.271707,0.577329,0.024275,0.972656,0.439064,0.589064,0.014633804559707642,0.4974060356616974,0.48277223110198975,1.0649480819702148,2.900688409805298,0.44082605838775635,3,0,0,1,0,1,0,0.0,0.09648242592811584,2,clean,0.0,-1,10,17,CORRECT,0,0,0,0,0,0,0.0,0.0
margin,live-delta,8,0.0,0.271707,0.577329,0.024275,0.972656,0.439064,0.589064,0.08684149384498596,0.5661791563034058,0.4793376624584198,0.4222162961959839,1.5253384113311768,0.8502839207649231,2,0,0,1,0,1,0,0.0,0.3185681104660034,2,clean,0.0,-1,13,3,CORRECT,0,0,0,0,0,0,0.0,0.0
margin,live-delta,8,0.0,0.271707,0.577329,0.024275,0.972656,0.439064,0.589064,0.08117860555648804,0.4752614498138428,0.39408284425735474,-0.0,1.0,1.0,1,0,0,1,0,1,0,0.0,0.10955226421356201,2,clean,0.0,-1,14,3,CORRECT,0,0,0,0,0,0,0.0,0.0
margin,live-delta,8,0.0,0.271707,0.577329,0.024275,0.972656,0.439064,0.589064,0.06355580687522888,0.44446679949760437,0.3809109926223755,-0.0,1.0,1.0,1,0,0,1,0,1,0,0.0,0.09106484055519104,2,clean,0.0,-1,19,18,CORRECT,0,0,0,0,0,0,0.0,0.0
margin,live-delta,8,0.0,0.271707,0.577329,0.024275,0.972656,0.439064,0.589064,0.0298537015914917,0.4545491635799408,0.4246954619884491,-0.0,1.0,1.0,1,0,0,1,0,1,0,0.0,0.03719410300254822,1,clean,0.0,-1,21,28,CORRECT,0,0,0,0,0,0,0.0,0.0
margin,live-delta,8,0.0,0.271707,0.577329,0.024275,0.972656,0.439064,0.589064,0.0817604660987854,0.5454531908035278,0.46369272470474243,0.44480425119400024,1.5601847171783447,0.8368819952011108,2,0,0,1,0,1,0,0.0,0.1577472686767578,2,clean,0.0,-1,22,12,CORRECT,0,0,0,0,0,0,0.0,0.0
margin,live-delta,8,0.0,0.271707,0.577329,0.024275,0.972656,0.439064,0.589064,0.2307952344417572,0.45714232325553894,0.22634708881378174,-0.0,1.0,1.0,1,0,0,1,0,1,0,0.0,0.27203503251075745,2,clean,0.0,-1,23,9,CORRECT,0,0,0,0,0,0,0.0,0.0
margin,live-delta,8,0.0,0.271707,0.577329,0.024275,0.972656,0.439064,0.589064,0.08825361728668213,0.4393737316131592,0.35112011432647705,-0.0,1.0,1.0,1,0,1,0,1,0,1,1.0,-0.08825361728668213,0,clean,0.0,-1,24,58,BLENDED,0,0,0,0,0,0,0.0,0.0
margin,live-delta,8,0.0,0.271707,0.577329,0.024275,0.972656,0.439064,0.589064,0.018287837505340576,0.4404931664466858,0.4222053289413452,-0.0,1.0,1.0,1,0,0,1,0,1,0,0.0,0.11889442801475525,2,clean,0.0,-1,28,21,CORRECT,0,0,0,0,0,0,0.0,0.0
margin,live-delta,8,0.0,0.271707,0.577329,0.024275,0.972656,0.439064,0.589064,0.20138755440711975,0.5386088490486145,0.33722129464149475,-0.0,1.0,1.0,1,0,0,1,0,1,0,0.0,0.21796667575836182,2,clean,0.0,-1,29,30,CORRECT,0,0,0,0,0,0,0.0,0.0
margin,live-delta,8,0.0,0.271707,0.577329,0.024275,0.972656,0.439064,0.589064,0.001230776309967041,0.5109431743621826,0.5097123980522156,1.0983421802520752,2.999189853668213,0.3424144387245178,3,0,0,1,0,1,0,0.0,0.15158623456954956,2,clean,0.0,-1,30,27,CORRECT,0,0,0,0,0,0,0.0,0.0
margin,live-delta,8,0.0,0.271707,0.577329,0.024275,0.972656,0.439064,0.589064,0.05672097206115723,0.527478814125061,0.4707578420639038,0.9242557883262634,2.5199921131134033,0.6221434473991394,3,0,0,1,0,1,0,0.0,0.20573222637176514,2,clean,0.0,-1,31,21,CORRECT,0,0,0,0,0,0,0.0,0.0
margin,live-delta,8,0.0,0.271707,0.577329,0.024275,0.972656,0.439064,0.589064,0.06267088651657104,0.5771849155426025,0.5145140290260315,0.529564380645752,1.6981923580169678,0.7778909802436829,2,0,0,1,0,1,0,0.0,0.20687836408615112,2,clean,0.0,-1,32,21,CORRECT,0,0,0,0,0,0,0.0,0.0
margin,live-delta,8,0.0,0.271707,0.577329,0.024275,0.972656,0.439064,0.589064,0.06853950023651123,0.5272687673568726,0.45872926712036133,0.836567223072052,2.308429002761841,0.686884343624115,3,0,0,1,0,1,1,0.1744043529033661,0.06853950023651123,2,clean,0.0,-1,33,22,CORRECT,0,0,0,0,0,0,0.0,0.0
margin,live-delta,8,0.0,0.271707,0.577329,0.024275,0.972656,0.439064,0.589064,0.10985952615737915,0.44487905502319336,0.3350195288658142,-0.0,1.0,1.0,1,0,1,0,1,0,1,1.0,-0.10985952615737915,0,clean,0.0,-1,34,38,BLENDED,0,0,0,0,0,0,0.0,0.0
margin,live-delta,8,0.0,0.271707,0.577329,0.024275,0.972656,0.439064,0.589064,0.003992140293121338,0.46688970923423767,0.46289756894111633,1.5929940938949585,4.918453216552734,0.250478059053421,5,0,0,1,0,1,0,0.0,0.1551005244255066,2,clean,0.0,-1,36,31,CORRECT,0,0,0,0,0,0,0.0,0.0
margin,live-delta,8,0.0,0.271707,0.577329,0.024275,0.972656,0.439064,0.589064,0.042268991470336914,0.5554631948471069,0.51319420337677,1.7381713390350342,5.686934471130371,0.40361955761909485,8,0,0,1,0,1,1,0.2553464472293854,0.04853558540344238,1,clean,0.0,-1,37,14,CORRECT,0,0,0,0,0,0,0.0,0.0
margin,live-delta,8,0.0,0.271707,0.577329,0.024275,0.972656,0.439064,0.589064,0.030288755893707275,0.4567822813987732,0.4264935255050659,-0.0,1.0,1.0,1,0,0,1,0,1,0,0.0,0.10791254043579102,2,clean,0.0,-1,42,6,CORRECT,0,0,0,0,0,0,0.0,0.0
margin,live-delta,8,0.0,0.271707,0.577329,0.024275,0.972656,0.439064,0.589064,0.0289628803730011,0.45749402046203613,0.42853114008903503,-0.0,1.0,1.0,1,0,0,1,0,1,0,0.0,0.062056660652160645,2,clean,0.0,-1,43,31,CORRECT,0,0,0,0,0,0,0.0,0.0
margin,live-delta,8,0.0,0.271707,0.577329,0.024275,0.972656,0.439064,0.589064,0.004916787147521973,0.5519967079162598,0.5470799207687378,1.4430346488952637,4.233523845672607,0.3498474955558777,5,0,0,1,0,1,0,0.0,0.17608129978179932,2,clean,0.0,-1,45,5,CORRECT,0,0,0,0,0,0,0.0,0.0
margin,live-delta,8,0.0,0.271707,0.577329,0.024275,0.972656,0.439064,0.589064,0.00018841028213500977,0.47927355766296387,0.47908514738082886,0.6931453943252563,1.9999964237213135,0.5009419918060303,2,0,0,1,0,1,0,0.0,0.21689152717590332,2,clean,0.0,-1,48,18,CORRECT,0,0,0,0,0,0,0.0,0.0
margin,live-delta,8,0.0,0.271707,0.577329,0.024275,0.972656,0.439064,0.589064,0.13420286774635315,0.47192445397377014,0.337721586227417,-0.0,1.0,1.0,1,0,0,1,0,1,0,0.0,0.2240210920572281,2,clean,0.0,-1,49,18,CORRECT,0,0,0,0,0,0,0.0,0.0
margin,live-delta,8,0.0,0.271707,0.577329,0.024275,0.972656,0.439064,0.589064,0.019812464714050293,0.6749056577682495,0.6550931930541992,1.320310115814209,3.744582414627075,0.41643911600112915,7,0,0,1,0,1,0,0.0,0.2516825497150421,2,clean,0.0,-1,51,27,CORRECT,0,0,0,0,0,0,0.0,0.0
margin,live-delta,8,0.0,0.271707,0.577329,0.024275,0.972656,0.439064,0.589064,0.08814448118209839,0.606589138507843,0.5184446573257446,0.6165233850479126,1.8524764776229858,0.8030567765235901,3,0,0,1,0,1,0,0.0,0.3156187832355499,2,clean,0.0,-1,53,3,CORRECT,0,0,0,0,0,0,0.0,0.0
margin,live-delta,8,0.0,0.271707,0.577329,0.024275,0.972656,0.439064,0.589064,0.008193910121917725,0.5111909508705139,0.5029970407485962,1.2397409677505493,3.454718589782715,0.40997156500816345,4,0,0,1,0,1,0,0.0,0.09483623504638672,2,clean,0.0,-1,55,26,CORRECT,0,0,0,0,0,0,0.0,0.0
margin,live-delta,8,0.0,0.271707,0.577329,0.024275,0.972656,0.439064,0.589064,0.010157376527786255,0.4902037978172302,0.48004642128944397,1.5845460891723633,4.877077102661133,0.2621338367462158,5,0,0,1,0,1,1,0.12637773156166077,0.03647899627685547,1,clean,0.0,-1,56,27,CORRECT,0,0,0,0,0,0,0.0,0.0
margin,live-delta,8,0.0,0.271707,0.577329,0.024275,0.972656,0.439064,0.589064,0.06739246845245361,0.5771557092666626,0.509763240814209,1.3502264022827148,3.8582990169525146,0.5552761554718018,6,0,0,1,0,1,0,0.05098020285367966,0.11940142512321472,2,clean,0.0,-1,58,28,CORRECT,0,0,0,0,0,0,0.0,0.0
margin,live-delta,8,0.0,0.271707,0.577329,0.024275,0.972656,0.439064,0.589064,0.025899112224578857,0.6490280032157898,0.6231288909912109,1.4651652574539185,4.328258514404297,0.3999028503894806,6,0,0,1,0,1,0,0.0138956094160676,0.16798242926597595,2,clean,0.0,-1,59,25,CORRECT,0,0,0,0,0,0,0.0,0.0
margin,live-delta,8,0.0,0.271707,0.577329,0.024275,0.972656,0.439064,0.589064,0.06994545459747314,0.6491247415542603,0.5791792869567871,0.9464529752731323,2.576554298400879,0.6593641638755798,4,0,0,1,0,1,0,0.0,0.3308027386665344,2,clean,0.0,-1,62,25,CORRECT,0,0,0,0,0,0,0.0,0.0
margin,live-delta,8,0.0,0.271707,0.577329,0.024275,0.972656,0.439064,0.589064,0.01966238021850586,0.5686567425727844,0.5489943623542786,2.3414812088012695,10.396624565124512,0.19699007272720337,13,1,1,1,1,1,0,0.0,0.2685515880584717,2,clean,0.0,-1,64,55,CORRECT,0,0,0,0,0,0,0.0,0.0
margin,live-delta,8,0.0,0.271707,0.577329,0.024275,0.972656,0.439064,0.589064,0.024967968463897705,0.6106247305870056,0.5856567621231079,1.9094914197921753,6.749655246734619,0.31075409054756165,12,1,1,1,1,1,0,0.0,0.3402480483055115,2,clean,0.0,-1,65,37,CORRECT,0,0,0,0,0,0,0.0,0.0
margin,live-delta,8,0.0,0.271707,0.577329,0.024275,0.972656,0.439064,0.589064,0.05212599039077759,0.7629485726356506,0.710822582244873,1.4158259630203247,4.119887828826904,0.5562195777893066,16,1,1,1,1,1,0,0.0050707594491541386,0.2588147521018982,2,clean,0.0,-1,66,54,CORRECT,0,0,0,0,0,0,0.0,0.0
margin,live-delta,8,0.0,0.271707,0.577329,0.024275,0.972656,0.439064,0.589064,0.06852149963378906,0.7129783630371094,0.6444568634033203,1.7361316680908203,5.675346851348877,0.5102615356445312,17,1,1,1,1,1,0,0.0038727500941604376,0.24404793977737427,2,clean,0.0,-1,67,39,CORRECT,0,0,0,0,0,0,0.0,0.0
margin,live-delta,8,0.0,0.271707,0.577329,0.024275,0.972656,0.439064,0.589064,0.08516144752502441,0.7080281972885132,0.6228667497634888,1.44516122341156,4.2425360679626465,0.6203391551971436,15,1,1,1,1,1,0,0.003960753791034222,0.2526915967464447,2,clean,0.0,-1,68,54,CORRECT,0,0,0,0,0,0,0.0,0.0
margin,live-delta,8,0.0,0.271707,0.577329,0.024275,0.972656,0.439064,0.589064,0.04955393075942993,0.7288384437561035,0.6792845129966736,1.4435832500457764,4.235846996307373,0.514823317527771,11,1,1,1,1,1,0,0.001579965348355472,0.28932103514671326,2,clean,0.0,-1,69,55,CORRECT,0,0,0,0,0,0,0.0,0.0
margin,live-delta,8,0.0,0.271707,0.577329,0.024275,0.972656,0.439064,0.589064,0.014178097248077393,0.6187683939933777,0.6045902967453003,1.2818435430526733,3.603276491165161,0.4797991216182709,8,1,1,1,1,1,1,0.4353707432746887,0.014178097248077393,0,clean,0.0,-1,70,32,CORRECT,0,0,0,0,0,0,0.0,0.0
margin,live-delta,8,0.0,0.271707,0.577329,0.024275,0.972656,0.439064,0.589064,0.03313928842544556,0.5181591510772705,0.48501986265182495,0.6411111950874329,1.8985893726348877,0.659885823726654,2,1,1,1,1,1,0,0.0,0.1789383888244629,2,clean,0.0,-1,71,52,CORRECT,0,0,0,0,0,0,0.0,0.0
margin,live-delta,8,0.0,0.271707,0.577329,0.024275,0.972656,0.439064,0.589064,0.0879206657409668,0.5985121130943298,0.510591447353363,0.5796738862991333,1.7854560613632202,0.8154345154762268,3,1,1,1,1,1,0,0.0,0.19561368227005005,2,clean,0.0,-1,72,58,CORRECT,0,0,0,0,0,0,0.0,0.0
margin,live-delta,8,0.0,0.271707,0.577329,0.024275,0.972656,0.439064,0.589064,0.004833340644836426,0.6409604549407959,0.6361271142959595,1.7804850339889526,5.932733535766602,0.3165929615497589,11,1,1,1,1,1,0,0.0,0.31000831723213196,2,clean,0.0,-1,73,45,CORRECT,0,0,0,0,0,0,0.0,0.0
margin,live-delta,8,0.0,0.271707,0.577329,0.024275,0.972656,0.439064,0.589064,0.03012096881866455,0.551203727722168,0.5210827589035034,2.1479737758636475,8.56748104095459,0.28264811635017395,11,1,1,1,1,1,0,0.0,0.17551171779632568,2,clean,0.0,-1,74,50,CORRECT,0,0,0,0,0,0,0.0,0.0
margin,live-delta,8,0.0,0.271707,0.577329,0.024275,0.972656,0.439064,0.589064,0.005219697952270508,0.49835360050201416,0.49313390254974365,1.512419581413269,4.537696838378906,0.3093273341655731,5,1,1,1,1,1,0,0.0,0.15347930788993835,2,clean,0.0,-1,75,39,CORRECT,0,0,0,0,0,0,0.0,0.0
margin,live-delta,8,0.0,0.271707,0.577329,0.024275,0.972656,0.439064,0.589064,0.2984471321105957,0.7332471609115601,0.43480002880096436,-0.0,1.0,1.0,1,1,1,1,1,1,0,0.0,0.2984471321105957,2,clean,0.0,-1,76,38,CORRECT,0,0,0,0,0,0,0.0,0.0
margin,live-delta,8,0.0,0.271707,0.577329,0.024275,0.972656,0.439064,0.589064,0.11552649736404419,0.5862758159637451,0.4707493185997009,0.30312657356262207,1.3540858030319214,0.9097453355789185,2,1,1,1,1,1,0,0.0,0.14756673574447632,2,clean,0.0,-1,77,58,CORRECT,0,0,0,0,0,0,0.0,0.0
margin,live-delta,8,0.0,0.271707,0.577329,0.024275,0.972656,0.439064,0.589064,0.05276894569396973,0.5781490802764893,0.5253801345825195,1.8377052545547485,6.282105922698975,0.4033111035823822,9,1,1,1,1,1,0,0.06803681701421738,0.08898293972015381,2,clean,0.0,-1,78,44,CORRECT,0,0,0,0,0,0,0.0,0.0
margin,live-delta,8,0.0,0.271707,0.577329,0.024275,0.972656,0.439064,0.589064,0.14612972736358643,0.6591064929962158,0.5129767656326294,0.20158909261226654,1.2233452796936035,0.9489521384239197,2,1,1,1,1,1,0,0.0,0.330605149269104,2,clean,0.0,-1,80,48,CORRECT,0,0,0,0,0,0,0.0,0.0
margin,live-delta,8,0.0,0.271707,0.577329,0.024275,0.972656,0.439064,0.589064,0.016943812370300293,0.5699619054794312,0.5530180931091309,1.3377693891525269,3.8105342388153076,0.46108105778694153,6,1,1,1,1,1,0,0.0,0.24595826864242554,2,clean,0.0,-1,81,50,CORRECT,0,0,0,0,0,0,0.0,0.0
margin,live-delta,8,0.0,0.271707,0.577329,0.024275,0.972656,0.439064,0.589064,0.026044607162475586,0.7519335150718689,0.7258889079093933,1.5296614170074463,4.616613388061523,0.4416230618953705,13,1,1,1,1,1,0,0.0,0.4864329695701599,2,clean,0.0,-1,82,51,CORRECT,0,0,0,0,0,0,0.0,0.0
margin,live-delta,8,0.0,0.271707,0.577329,0.024275,0.972656,0.439064,0.589064,0.047495365142822266,0.6791089773178101,0.6316136121749878,1.3715834617614746,3.941587209701538,0.5729954838752747,11,1,1,1,1,1,0,0.0,0.3359265923500061,2,clean,0.0,-1,83,44,CORRECT,0,0,0,0,0,0,0.0,0.0
margin,live-delta,8,0.0,0.271707,0.577329,0.024275,0.972656,0.439064,0.589064,0.03799247741699219,0.7384377717971802,0.700445294380188,0.7970215678215027,2.2189221382141113,0.6581733822822571,7,1,1,1,1,1,0,0.0,0.348906934261322,2,clean,0.0,-1,84,41,CORRECT,0,0,0,0,0,0,0.0,0.0
margin,live-delta,8,0.0,0.271707,0.577329,0.024275,0.972656,0.439064,0.589064,0.0889737606048584,0.6956807374954224,0.606706976890564,1.406815767288208,4.0829339027404785,0.6207090616226196,13,1,1,1,1,1,0,0.0,0.38515859842300415,2,clean,0.0,-1,85,43,CORRECT,0,0,0,0,0,0,0.0,0.0
margin,live-delta,8,0.0,0.271707,0.577329,0.024275,0.972656,0.439064,0.589064,0.045197486877441406,0.7701441049575806,0.7249466180801392,1.4363933801651,4.205500602722168,0.5489729642868042,15,1,1,1,1,1,0,0.0,0.4686961770057678,2,clean,0.0,-1,86,51,CORRECT,0,0,0,0,0,0,0.0,0.0
margin,live-delta,8,0.0,0.271707,0.577329,0.024275,0.972656,0.439064,0.589064,0.011904120445251465,0.6797964572906494,0.667892336845398,1.5979340076446533,4.94281005859375,0.31458958983421326,9,1,1,1,1,1,0,0.0,0.41648101806640625,2,clean,0.0,-1,87,33,CORRECT,0,0,0,0,0,0,0.0,0.0
margin,live-delta,8,0.0,0.271707,0.577329,0.024275,0.972656,0.439064,0.589064,0.09143966436386108,0.5780873894691467,0.48664772510528564,0.8159888982772827,2.26141095161438,0.7532624006271362,4,1,1,1,1,1,0,0.05544177070260048,0.13045400381088257,2,clean,0.0,-1,88,47,CORRECT,0,0,0,0,0,0,0.0,0.0
margin,live-delta,8,0.0,0.271707,0.577329,0.024275,0.972656,0.439064,0.589064,0.03494095802307129,0.6190261840820312,0.58408522605896,0.9042328596115112,2.470036268234253,0.6164795756340027,4,1,1,1,1,1,0,0.0,0.2693459093570709,2,clean,0.0,-1,89,52,CORRECT,0,0,0,0,0,0,0.0,0.0
margin,live-delta,8,0.0,0.271707,0.577329,0.024275,0.972656,0.439064,0.589064,0.027263760566711426,0.692020058631897,0.6647562980651855,1.675542950630188,5.3416948318481445,0.37304309010505676,13,1,1,1,1,1,0,0.0,0.2833227515220642,2,clean,0.0,-1,91,39,CORRECT,0,0,0,0,0,0,0.0,0.0
margin,live-delta,8,0.0,0.271707,0.577329,0.024275,0.972656,0.439064,0.589064,0.029761195182800293,0.7398475408554077,0.7100863456726074,1.7118500471115112,5.5391998291015625,0.3889440596103668,14,1,1,1,1,1,0,0.0,0.47665858268737793,2,clean,0.0,-1,92,45,CORRECT,0,0,0,0,0,0,0.0,0.0
margin,live-delta,8,0.0,0.271707,0.577329,0.024275,0.972656,0.439064,0.589064,0.1284804344177246,0.5923916697502136,0.463911235332489,0.6271226406097412,1.872215747833252,0.8348609805107117,4,1,1,1,1,1,1,0.16513895988464355,0.1284804344177246,2,clean,0.0,-1,93,32,CORRECT,0,0,0,0,0,0,0.0,0.0
margin,live-delta,8,0.0,0.271707,0.577329,0.024275,0.972656,0.439064,0.589064,0.1297839879989624,0.55228590965271,0.42250192165374756,-0.0,1.0,1.0,1,1,1,1,1,1,0,0.0,0.32412323355674744,2,clean,0.0,-1,94,52,CORRECT,0,0,0,0,0,0,0.0,0.0
margin,live-delta,8,0.0,0.271707,0.577329,0.024275,0.972656,0.439064,0.589064,0.09342542290687561,0.5417872071266174,0.4483617842197418,0.3933871388435364,1.4819920063018799,0.8662855625152588,2,1,1,1,1,1,0,0.0,0.27124589681625366,2,clean,0.0,-1,95,51,CORRECT,0,0,0,0,0,0,0.0,0.0
margin,live-delta,8,0.0,0.271707,0.577329,0.024275,0.972656,0.439064,0.589064,0.050793468952178955,0.5806038975715637,0.5298104286193848,1.4404054880142212,4.222407817840576,0.45094889402389526,5,1,1,1,1,1,0,0.0,0.2296139895915985,2,clean,0.0,-1,97,39,CORRECT,0,0,0,0,0,0,0.0,0.0
margin,live-delta,8,0.0,0.271707,0.577329,0.024275,0.972656,0.439064,0.589064,0.015441596508026123,0.584922194480896,0.5694805979728699,1.9659758806228638,7.141879081726074,0.2806284725666046,9,1,1,1,1,1,0,0.0,0.33483394980430603,2,clean,0.0,-1,98,45,CORRECT,0,0,0,0,0,0,0.0,0.0
margin,live-delta,8,0.0,0.271707,0.577329,0.024275,0.972656,0.439064,0.589064,0.26017677783966064,0.6687585115432739,0.4085817337036133,-0.0,1.0,1.0,1,1,1,1,1,1,0,0.0,0.3264943063259125,2,clean,0.0,-1,99,60,CORRECT,0,0,0,0,0,0,0.0,0.0
margin,live-delta,8,0.0,0.271707,0.577329,0.024275,0.972656,0.439064,0.589064,0.015581190586090088,0.7002413272857666,0.6846601366996765,1.6012790203094482,4.959371566772461,0.4149681627750397,13,1,1,1,1,1,0,0.03963572904467583,0.12970495223999023,2,clean,0.0,-1,100,55,CORRECT,0,0,0,0,0,0,0.0,0.0
margin,live-delta,8,0.0,0.271707,0.577329,0.024275,0.972656,0.439064,0.589064,0.056407630443573,0.6827635765075684,0.6263559460639954,1.5161516666412354,4.55466365814209,0.4522438645362854,8,1,1,1,1,1,0,0.0,0.3936646282672882,2,clean,0.0,-1,101,33,CORRECT,0,0,0,0,0,0,0.0,0.0
margin,live-delta,8,0.0,0.271707,0.577329,0.024275,0.972656,0.439064,0.589064,0.03583967685699463,0.5661741495132446,0.53033447265625,1.8710620403289795,6.4951910972595215,0.3483125567436218,9,1,1,1,1,1,1,0.16582131385803223,0.03710949420928955,1,clean,0.0,-1,102,50,CORRECT,0,0,0,0,0,0,0.0,0.0
margin,live-delta,8,0.0,0.271707,0.577329,0.024275,0.972656,0.439064,0.589064,0.01545494794845581,0.607532799243927,0.5920778512954712,0.6813455820083618,1.9765355587005615,0.5766653418540955,2,1,1,1,1,1,0,0.0,0.19596463441848755,2,clean,0.0,-1,103,41,CORRECT,0,0,0,0,0,0,0.0,0.0
margin,live-delta,8,0.0,0.271707,0.577329,0.024275,0.972656,0.439064,0.589064,0.06616508960723877,0.7455623149871826,0.6793972253799438,1.2658060789108276,3.545949935913086,0.6393237709999084,14,1,1,1,1,1,0,0.0,0.34216418862342834,2,clean,0.0,-1,104,39,CORRECT,0,0,0,0,0,0,0.0,0.0
margin,live-delta,8,0.0,0.271707,0.577329,0.024275,0.972656,0.439064,0.589064,0.0018985271453857422,0.7375691533088684,0.7356706261634827,1.6145350933074951,5.025550842285156,0.3246951401233673,13,1,1,1,1,1,0,0.0,0.30341246724128723,2,clean,0.0,-1,105,54,CORRECT,0,0,0,0,0,0,0.0,0.0
margin,live-delta,8,0.0,0.271707,0.577329,0.024275,0.972656,0.439064,0.589064,0.00989389419555664,0.4737173914909363,0.46382349729537964,1.0729889869689941,2.9241065979003906,0.41885125637054443,3,1,1,1,1,1,0,0.0,0.1302989423274994,2,clean,0.0,-1,106,62,CORRECT,0,0,0,0,0,0,0.0,0.0
margin,live-delta,8,0.0,0.271707,0.577329,0.024275,0.972656,0.439064,0.589064,0.1537250280380249,0.799985408782959,0.6462603807449341,0.4958779215812683,1.6419390439987183,0.8949791193008423,10,1,1,1,1,1,0,0.0,0.5308573842048645,2,clean,0.0,-1,107,51,CORRECT,0,0,0,0,0,0,0.0,0.0
margin,live-delta,8,0.0,0.271707,0.577329,0.024275,0.972656,0.439064,0.589064,0.03705352544784546,0.7192625999450684,0.6822090744972229,1.5510046482086182,4.716206073760986,0.5038705468177795,15,1,1,1,1,1,0,0.0,0.4430217444896698,2,clean,0.0,-1,108,45,CORRECT,0,0,0,0,0,0,0.0,0.0
margin,live-delta,8,0.0,0.271707,0.577329,0.024275,0.972656,0.439064,0.589064,0.22602304816246033,0.6040655374526978,0.3780424892902374,-0.0,1.0,1.0,1,1,1,1,1,1,0,0.0,0.22602304816246033,2,clean,0.0,-1,109,38,CORRECT,0,0,0,0,0,0,0.0,0.0
margin,live-delta,8,0.0,0.271707,0.577329,0.024275,0.972656,0.439064,0.589064,0.037272632122039795,0.5118335485458374,0.4745609164237976,0.6282285451889038,1.8742873668670654,0.6781869530677795,2,1,1,1,1,1,0,0.0,0.14201003313064575,2,clean,0.0,-1,110,47,CORRECT,0,0,0,0,0,0,0.0,0.0
margin,live-delta,8,0.0,0.271707,0.577329,0.024275,0.972656,0.439064,0.589064,0.00589442253112793,0.6232324838638306,0.6173380613327026,0.9393909573554993,2.558422803878784,0.49284619092941284,4,1,1,1,1,1,0,0.0,0.26012080907821655,2,clean,0.0,-1,111,59,CORRECT,0,0,0,0,0,0,0.0,0.0
margin,live-delta,8,0.0,0.271707,0.577329,0.024275,0.972656,0.439064,0.589064,0.01124069094657898,0.4431905448436737,0.4319498538970947,-0.0,1.0,1.0,1,1,1,1,1,1,0,0.0,0.03822389245033264,1,clean,0.0,-1,112,51,CORRECT,0,0,0,0,0,0,0.0,0.0
margin,live-delta,8,0.0,0.271707,0.577329,0.024275,0.972656,0.439064,0.589064,0.06394106149673462,0.701833188533783,0.6378921270370483,1.6664202213287354,5.293185234069824,0.5275378227233887,15,1,1,1,1,1,0,0.0035519737284630537,0.25003582239151,2,clean,0.0,-1,113,39,CORRECT,0,0,0,0,0,0,0.0,0.0
margin,live-delta,8,0.0,0.271707,0.577329,0.024275,0.972656,0.439064,0.589064,0.06835818290710449,0.6080368757247925,0.539678692817688,0.9950105547904968,2.7047529220581055,0.660291850566864,4,1,1,1,1,1,0,0.0,0.2539392411708832,2,clean,0.0,-1,114,59,CORRECT,0,0,0,0,0,0,0.0,0.0
margin,live-delta,8,0.0,0.271707,0.577329,0.024275,0.972656,0.439064,0.589064,0.05447810888290405,0.6041508316993713,0.5496727228164673,1.0775936841964722,2.9376022815704346,0.6253456473350525,5,1,1,1,1,1,0,0.0,0.33038443326950073,2,clean,0.0,-1,115,50,CORRECT,0,0,0,0,0,0,0.0,0.0
margin,live-delta,8,0.0,0.271707,0.577329,0.024275,0.972656,0.439064,0.589064,0.01016378402709961,0.5373191833496094,0.5271553993225098,1.6083056926727295,4.99434232711792,0.3345862329006195,6,1,1,1,1,1,1,0.23712188005447388,0.042666494846343994,1,clean,0.0,-1,116,63,CORRECT,0,0,0,0,0,0,0.0,0.0
margin,live-delta,8,0.0,0.271707,0.577329,0.024275,0.972656,0.439064,0.589064,0.06607326865196228,0.4983387291431427,0.4322654604911804,-0.0,1.0,1.0,1,1,1,1,1,1,0,0.0,0.06607326865196228,2,clean,0.0,-1,117,58,CORRECT,0,0,0,0,0,0,0.0,0.0
margin,live-delta,8,0.0,0.271707,0.577329,0.024275,0.972656,0.439064,0.589064,0.04003894329071045,0.7102930545806885,0.670254111289978,1.3079015016555786,3.698404550552368,0.5311775207519531,9,1,1,1,1,1,0,0.0,0.4212930202484131,2,clean,0.0,-1,119,39,CORRECT,0,0,0,0,0,0,0.0,0.0
margin,live-delta,8,0.0,0.271707,0.577329,0.024275,0.972656,0.439064,0.589064,0.2523503005504608,0.6183493137359619,0.3659990131855011,-0.0,1.0,1.0,1,1,1,1,1,1,0,0.0,0.41161060333251953,2,clean,0.0,-1,121,52,CORRECT,0,0,0,0,0,0,0.0,0.0
margin,live-delta,8,0.0,0.271707,0.577329,0.024275,0.972656,0.439064,0.589064,0.014266133308410645,0.7422631978988647,0.7279970645904541,1.422123670578003,4.145915508270264,0.38885706663131714,11,1,1,1,1,1,0,0.0,0.5021474361419678,2,clean,0.0,-1,122,45,CORRECT,0,0,0,0,0,0,0.0,0.0
margin,live-delta,8,0.0,0.271707,0.577329,0.024275,0.972656,0.439064,0.589064,0.08240044116973877,0.8361939191818237,0.753793478012085,0.5423063039779663,1.7199690341949463,0.8239426612854004,6,1,1,1,1,1,0,0.0004518595524132252,0.37542420625686646,2,clean,0.0,-1,123,36,CORRECT,0,0,0,0,0,0,0.0,0.0
margin,live-delta,8,0.0,0.271707,0.577329,0.024275,0.972656,0.439064,0.589064,0.03546115756034851,0.49169304966926575,0.45623189210891724,1.0287868976593018,2.7976698875427246,0.5145205855369568,3,1,1,1,1,1,0,0.0,0.18838730454444885,2,clean,0.0,-1,125,41,CORRECT,0,0,0,0,0,0,0.0,0.0
margin,live-delta,8,0.0,0.271707,0.577329,0.024275,0.972656,0.439064,0.589064,0.0261155366897583,0.744177520275116,0.7180619835853577,1.4765279293060303,4.377719402313232,0.4277113974094391,13,1,1,1,1,1,0,0.005537495948374271,0.23962503671646118,2,clean,0.0,-1,126,62,CORRECT,0,0,0,0,0,0,0.0,0.0
margin,live-delta,8,0.0,0.271707,0.577329,0.024275,0.972656,0.439064,0.589064,0.19001200795173645,0.6020189523696899,0.4120069444179535,-0.0,1.0,1.0,1,1,1,1,1,1,0,0.0,0.37000665068626404,2,clean,0.0,-1,127,47,CORRECT,0,0,0,0,0,0,0.0,0.0
margin,live-delta,8,0.0,0.271707,0.577329,0.024275,0.972656,0.439064,0.589064,0.005229651927947998,0.5517898201942444,0.5465601682662964,2.1953423023223877,8.983075141906738,0.20394165813922882,11,2,2,1,2,1,0,0.0,0.22328901290893555,2,clean,0.0,-1,128,92,CORRECT,0,0,0,0,0,0,0.0,0.0
margin,live-delta,8,0.0,0.271707,0.577329,0.024275,0.972656,0.439064,0.589064,0.012582868337631226,0.4893530011177063,0.4767701327800751,1.5458707809448242,4.692055702209473,0.315262109041214,5,2,2,1,2,1,0,0.0,0.07689374685287476,2,clean,0.0,-1,130,88,CORRECT,0,0,0,0,0,0,0.0,0.0
margin,live-delta,8,0.0,0.271707,0.577329,0.024275,0.972656,0.439064,0.589064,0.03712707757949829,0.7388211488723755,0.7016940712928772,1.1324647665023804,3.1032960414886475,0.5346430540084839,9,2,2,1,2,1,0,0.0,0.4550756812095642,2,clean,0.0,-1,131,92,CORRECT,0,0,0,0,0,0,0.0,0.0
margin,live-delta,8,0.0,0.271707,0.577329,0.024275,0.972656,0.439064,0.589064,0.07996654510498047,0.5953593254089355,0.5153927803039551,1.5070693492889404,4.513484001159668,0.5781190991401672,9,2,2,1,2,1,0,0.0,0.30446359515190125,2,clean,0.0,-1,132,80,CORRECT,0,0,0,0,0,0,0.0,0.0
margin,live-delta,8,0.0,0.271707,0.577329,0.024275,0.972656,0.439064,0.589064,0.10068809986114502,0.6728984117507935,0.5722103118896484,1.317524790763855,3.7341670989990234,0.6606665849685669,10,2,2,1,2,1,0,0.0,0.549420952796936,2,clean,0.0,-1,133,66,CORRECT,0,0,0,0,0,0,0.0,0.0
margin,live-delta,8,0.0,0.271707,0.577329,0.024275,0.972656,0.439064,0.589064,0.010797262191772461,0.6597398519515991,0.6489425897598267,1.7877330780029297,5.975890159606934,0.33156898617744446,12,2,2,1,2,1,0,0.0,0.41171005368232727,2,clean,0.0,-1,134,92,CORRECT,0,0,0,0,0,0,0.0,0.0
margin,live-delta,8,0.0,0.271707,0.577329,0.024275,0.972656,0.439064,0.589064,0.038563430309295654,0.7814432978630066,0.7428798675537109,2.0973949432373047,8.14492416381836,0.3092581331729889,17,2,2,1,2,1,0,0.0,0.6722792387008667,2,clean,0.0,-1,135,86,CORRECT,0,0,0,0,0,0,0.0,0.0
margin,live-delta,8,0.0,0.271707,0.577329,0.024275,0.972656,0.439064,0.589064,0.020030081272125244,0.5288381576538086,0.5088080763816833,2.260021448135376,9.583294868469238,0.22070133686065674,11,2,2,1,2,1,0,0.0,0.34904682636260986,2,clean,0.0,-1,136,88,CORRECT,0,0,0,0,0,0,0.0,0.0
margin,live-delta,8,0.0,0.271707,0.577329,0.024275,0.972656,0.439064,0.589064,0.073203444480896,0.7202974557876587,0.6470940113067627,1.0489871501922607,2.8547582626342773,0.6896443367004395,9,2,2,1,2,1,0,0.0,0.329639196395874,2,clean,0.0,-1,137,88,CORRECT,0,0,0,0,0,0,0.0,0.0
margin,live-delta,8,0.0,0.271707,0.577329,0.024275,0.972656,0.439064,0.589064,0.010031938552856445,0.6941384077072144,0.6841064691543579,2.1667442321777344,8.729815483093262,0.25467154383659363,18,2,2,1,2,1,0,0.0,0.5886439085006714,2,clean,0.0,-1,138,81,CORRECT,0,0,0,0,0,0,0.0,0.0
margin,live-delta,8,0.0,0.271707,0.577329,0.024275,0.972656,0.439064,0.589064,0.02701401710510254,0.5055744051933289,0.4785603880882263,0.6579487919807434,1.9308277368545532,0.6318776607513428,2,2,2,1,2,1,0,0.0,0.27878403663635254,2,clean,0.0,-1,139,80,CORRECT,0,0,0,0,0,0,0.0,0.0
margin,live-delta,8,0.0,0.271707,0.577329,0.024275,0.972656,0.439064,0.589064,0.004963397979736328,0.5345861911773682,0.5296227931976318,1.971577525138855,7.181997299194336,0.22626833617687225,8,2,2,1,2,1,0,0.0,0.4051614999771118,2,clean,0.0,-1,140,66,CORRECT,0,0,0,0,0,0,0.0,0.0
margin,live-delta,8,0.0,0.271707,0.577329,0.024275,0.972656,0.439064,0.589064,0.0156974196434021,0.6356213688850403,0.6199239492416382,1.9866859912872314,7.291330337524414,0.2903841435909271,13,2,2,1,2,1,0,0.0,0.4982225298881531,2,clean,0.0,-1,141,66,CORRECT,0,0,0,0,0,0,0.0,0.0
margin,live-delta,8,0.0,0.271707,0.577329,0.024275,0.972656,0.439064,0.589064,0.01708298921585083,0.7122920751571655,0.6952090859413147,1.2599601745605469,3.5252811908721924,0.4833809733390808,10,2,2,1,2,1,0,0.0,0.3683291971683502,2,clean,0.0,-1,142,88,CORRECT,0,0,0,0,0,0,0.0,0.0
margin,live-delta,8,0.0,0.271707,0.577329,0.024275,0.972656,0.439064,0.589064,0.05140995979309082,0.7328740954399109,0.6814641356468201,1.9405049085617065,6.962265491485596,0.40896961092948914,16,2,2,1,2,1,0,0.0,0.6180444955825806,2,clean,0.0,-1,143,66,CORRECT,0,0,0,0,0,0,0.0,0.0
margin,live-delta,8,0.0,0.271707,0.577329,0.024275,0.972656,0.439064,0.589064,0.06999588012695312,0.8557835817337036,0.7857877016067505,1.1510076522827148,3.161376953125,0.6333998441696167,16,2,2,1,2,1,0,0.0,0.6665446758270264,2,clean,0.0,-1,144,92,CORRECT,0,0,0,0,0,0,0.0,0.0
margin,live-delta,8,0.0,0.271707,0.577329,0.024275,0.972656,0.439064,0.589064,0.07027477025985718,0.7297858595848083,0.6595110893249512,1.6335607767105103,5.1220808029174805,0.5572382807731628,15,2,2,1,2,1,0,0.0,0.5841353535652161,2,clean,0.0,-1,145,82,CORRECT,0,0,0,0,0,0,0.0,0.0
margin,live-delta,8,0.0,0.271707,0.577329,0.024275,0.972656,0.439064,0.589064,0.012750029563903809,0.620884895324707,0.6081348657608032,2.2108232975006104,9.123224258422852,0.2578112781047821,15,2,2,1,2,1,0,0.0,0.41435956954956055,2,clean,0.0,-1,146,89,CORRECT,0,0,0,0,0,0,0.0,0.0
margin,live-delta,8,0.0,0.271707,0.577329,0.024275,0.972656,0.439064,0.589064,0.01943683624267578,0.7345792055130005,0.7151423692703247,1.9745113849639893,7.203099250793457,0.32740145921707153,17,2,2,1,2,1,0,0.0,0.5811883211135864,2,clean,0.0,-1,147,66,CORRECT,0,0,0,0,0,0,0.0,0.0
margin,live-delta,8,0.0,0.271707,0.577329,0.024275,0.972656,0.439064,0.589064,0.05345660448074341,0.7361685633659363,0.6827119588851929,1.9927566051483154,7.335727691650391,0.3912556767463684,14,2,2,1,2,1,0,0.0,0.5475063323974609,2,clean,0.0,-1,148,87,CORRECT,0,0,0,0,0,0,0.0,0.0
margin,live-delta,8,0.0,0.271707,0.577329,0.024275,0.972656,0.439064,0.589064,0.032271623611450195,0.8208656311035156,0.7885940074920654,1.3720816373825073,3.9435513019561768,0.4559568762779236,16,2,2,1,2,1,0,0.0,0.5866742730140686,2,clean,0.0,-1,149,88,CORRECT,0,0,0,0,0,0,0.0,0.0
margin,live-delta,8,0.0,0.271707,0.577329,0.024275,0.972656,0.439064,0.589064,0.055301666259765625,0.5719026327133179,0.5166009664535522,1.0985515117645264,2.9998176097869873,0.626548171043396,5,2,2,1,2,1,0,0.0,0.34642860293388367,2,clean,0.0,-1,150,80,CORRECT,0,0,0,0,0,0,0.0,0.0
margin,live-delta,8,0.0,0.271707,0.577329,0.024275,0.972656,0.439064,0.589064,0.16924935579299927,0.6686280965805054,0.4993787407875061,0.38829556107521057,1.4744654893875122,0.9189178347587585,5,2,2,1,2,1,0,0.0,0.5161433815956116,2,clean,0.0,-1,151,82,CORRECT,0,0,0,0,0,0,0.0,0.0
margin,live-delta,8,0.0,0.271707,0.577329,0.024275,0.972656,0.439064,0.589064,0.014408707618713379,0.7415615320205688,0.7271528244018555,2.1189281940460205,8.322213172912598,0.27553868293762207,18,2,2,1,2,1,0,0.0,0.6040228009223938,2,clean,0.0,-1,152,66,CORRECT,0,0,0,0,0,0,0.0,0.0
margin,live-delta,8,0.0,0.271707,0.577329,0.024275,0.972656,0.439064,0.589064,0.010547876358032227,0.8060425519943237,0.7954946756362915,1.3239156007766724,3.758107900619507,0.42233118414878845,16,2,2,1,2,1,0,0.0,0.5476217269897461,2,clean,0.0,-1,153,92,CORRECT,0,0,0,0,0,0,0.0,0.0
margin,live-delta,8,0.0,0.271707,0.577329,0.024275,0.972656,0.439064,0.589064,0.020640254020690918,0.6020315885543823,0.5813913345336914,2.2193665504455566,9.201499938964844,0.24520422518253326,13,2,2,1,2,1,0,0.0,0.42076271772384644,2,clean,0.0,-1,160,94,CORRECT,0,0,0,0,0,0,0.0,0.0
margin,live-delta,8,0.0,0.271707,0.577329,0.024275,0.972656,0.439064,0.589064,0.0004684329032897949,0.558491587638855,0.5580231547355652,2.468005895614624,11.798894882202148,0.15108776092529297,14,2,2,1,2,1,0,0.0,0.3641226291656494,2,clean,0.0,-1,162,94,CORRECT,0,0,0,0,0,0,0.0,0.0
margin,live-delta,8,0.0,0.271707,0.577329,0.024275,0.972656,0.439064,0.589064,0.009126722812652588,0.5600058436393738,0.5508791208267212,1.837072491645813,6.27813196182251,0.299072802066803,8,2,2,1,2,1,0,0.0,0.3933143615722656,2,clean,0.0,-1,164,86,CORRECT,0,0,0,0,0,0,0.0,0.0
margin,live-delta,8,0.0,0.271707,0.577329,0.024275,0.972656,0.439064,0.589064,0.02350926399230957,0.6209155321121216,0.597406268119812,2.3354697227478027,10.33431339263916,0.22745604813098907,14,2,2,1,2,1,0,0.0,0.4534796178340912,2,clean,0.0,-1,166,66,CORRECT,0,0,0,0,0,0,0.0,0.0
margin,live-delta,8,0.0,0.271707,0.577329,0.024275,0.972656,0.439064,0.589064,0.07067340612411499,0.8171741366386414,0.7465007305145264,1.6226474046707153,5.06648588180542,0.5326154232025146,17,2,2,1,2,1,0,0.0,0.6834558248519897,2,clean,0.0,-1,167,94,CORRECT,0,0,0,0,0,0,0.0,0.0
margin,live-delta,8,0.0,0.271707,0.577329,0.024275,0.972656,0.439064,0.589064,0.04554343223571777,0.8218976855278015,0.7763542532920837,1.8764818906784058,6.530489444732666,0.38273027539253235,18,2,2,1,2,1,0,0.0,0.6797922253608704,2,clean,0.0,-1,169,87,CORRECT,0,0,0,0,0,0,0.0,0.0
margin,live-delta,8,0.0,0.271707,0.577329,0.024275,0.972656,0.439064,0.589064,0.055218279361724854,0.4490985870361328,0.39388030767440796,-0.0,1.0,1.0,1,2,2,1,2,1,0,0.0,0.1706991195678711,2,clean,0.0,-1,170,74,CORRECT,0,0,0,0,0,0,0.0,0.0
margin,live-delta,8,0.0,0.271707,0.577329,0.024275,0.972656,0.439064,0.589064,0.03050374984741211,0.7986985445022583,0.7681947946548462,2.0227675437927246,7.559216499328613,0.3476046919822693,18,2,2,1,2,1,0,0.0,0.652678370475769,2,clean,0.0,-1,172,94,CORRECT,0,0,0,0,0,0,0.0,0.0
margin,live-delta,8,0.0,0.271707,0.577329,0.024275,0.972656,0.439064,0.589064,0.022157609462738037,0.6517328023910522,0.6295751929283142,1.8360211849212646,6.271535396575928,0.374071329832077,11,2,2,1,2,1,0,0.0,0.493843138217926,2,clean,0.0,-1,173,79,CORRECT,0,0,0,0,0,0,0.0,0.0
margin,live-delta,8,0.0,0.271707,0.577329,0.024275,0.972656,0.439064,0.589064,0.029355645179748535,0.8051860332489014,0.7758303880691528,1.780912160873413,5.935267925262451,0.37560105323791504,17,2,2,1,2,1,0,0.0,0.5979050397872925,2,clean,0.0,-1,174,88,CORRECT,0,0,0,0,0,0,0.0,0.0
margin,live-delta,8,0.0,0.271707,0.577329,0.024275,0.972656,0.439064,0.589064,0.014246940612792969,0.5697592496871948,0.5555123090744019,2.2537872791290283,9.523736953735352,0.26052936911582947,13,2,2,1,2,1,0,0.0,0.27040910720825195,2,clean,0.0,-1,175,82,CORRECT,0,0,0,0,0,0,0.0,0.0
margin,live-delta,8,0.0,0.271707,0.577329,0.024275,0.972656,0.439064,0.589064,0.014076292514801025,0.726281464099884,0.712205171585083,1.8721051216125488,6.501969337463379,0.28966787457466125,16,2,2,1,2,1,0,0.0,0.535503089427948,2,clean,0.0,-1,176,87,CORRECT,0,0,0,0,0,0,0.0,0.0
margin,live-delta,8,0.0,0.271707,0.577329,0.024275,0.972656,0.439064,0.589064,0.05845820903778076,0.6732896566390991,0.6148314476013184,1.9466885328292847,7.00545072555542,0.41664114594459534,15,2,2,1,2,1,0,0.0,0.47631222009658813,2,clean,0.0,-1,177,66,CORRECT,0,0,0,0,0,0,0.0,0.0
margin,live-delta,8,0.0,0.271707,0.577329,0.024275,0.972656,0.439064,0.589064,0.09708833694458008,0.498207688331604,0.4011193513870239,-0.0,1.0,1.0,1,2,2,1,2,1,0,0.0,0.16100990772247314,2,clean,0.0,-1,178,64,CORRECT,0,0,0,0,0,0,0.0,0.0
margin,live-delta,8,0.0,0.271707,0.577329,0.024275,0.972656,0.439064,0.589064,0.014411091804504395,0.642770528793335,0.6283594369888306,2.2935867309570312,9.910420417785645,0.2121940553188324,17,2,2,1,2,1,0,0.0,0.5257186889648438,2,clean,0.0,-1,179,81,CORRECT,0,0,0,0,0,0,0.0,0.0
margin,live-delta,8,0.0,0.271707,0.577329,0.024275,0.972656,0.439064,0.589064,0.009206622838973999,0.48549434542655945,0.47628772258758545,0.6889269948005676,1.991577386856079,0.5459035038948059,2,2,2,1,2,1,0,0.0,0.08106586337089539,2,clean,0.0,-1,180,88,CORRECT,0,0,0,0,0,0,0.0,0.0
margin,live-delta,8,0.0,0.271707,0.577329,0.024275,0.972656,0.439064,0.589064,0.07042646408081055,0.7437867522239685,0.673360288143158,1.7850247621536255,5.959727764129639,0.4779830276966095,13,2,2,1,2,1,0,0.0,0.6262246966362,2,clean,0.0,-1,182,82,CORRECT,0,0,0,0,0,0,0.0,0.0
margin,live-delta,8,0.0,0.271707,0.577329,0.024275,0.972656,0.439064,0.589064,0.00473785400390625,0.6011457443237305,0.5964078903198242,2.072744846343994,7.946605205535889,0.22993776202201843,12,2,2,1,2,1,0,0.0,0.3789810240268707,2,clean,0.0,-1,183,86,CORRECT,0,0,0,0,0,0,0.0,0.0
margin,live-delta,8,0.0,0.271707,0.577329,0.024275,0.972656,0.439064,0.589064,0.0015205740928649902,0.6854196190834045,0.6838990449905396,2.1933770179748535,8.965438842773438,0.20872709155082703,18,2,2,1,2,1,0,0.0,0.5326675176620483,2,clean,0.0,-1,184,86,CORRECT,0,0,0,0,0,0,0.0,0.0
margin,live-delta,8,0.0,0.271707,0.577329,0.024275,0.972656,0.439064,0.589064,0.032849788665771484,0.6116892099380493,0.5788394212722778,2.093151569366455,8.110435485839844,0.3236585557460785,13,2,2,1,2,1,0,0.0,0.46648189425468445,2,clean,0.0,-1,185,81,CORRECT,0,0,0,0,0,0,0.0,0.0
margin,live-delta,8,0.0,0.271707,0.577329,0.024275,0.972656,0.439064,0.589064,0.009874820709228516,0.8028467893600464,0.7929719686508179,1.5425740480422974,4.676612377166748,0.3523537814617157,16,2,2,1,2,1,0,0.0,0.5988579988479614,2,clean,0.0,-1,186,88,CORRECT,0,0,0,0,0,0,0.0,0.0
margin,live-delta,8,0.0,0.271707,0.577329,0.024275,0.972656,0.439064,0.589064,0.002904832363128662,0.8251573443412781,0.8222525119781494,1.9314234256744385,6.8993239402771,0.2785907983779907,18,2,2,1,2,1,0,0.0,0.7316372394561768,2,clean,0.0,-1,187,66,CORRECT,0,0,0,0,0,0,0.0,0.0
margin,live-delta,8,0.0,0.271707,0.577329,0.024275,0.972656,0.439064,0.589064,0.0050036609172821045,0.47099390625953674,0.46599024534225464,1.0700676441192627,2.915576696395874,0.4062097668647766,3,2,2,1,2,1,0,0.0,0.1328435242176056,2,clean,0.0,-1,188,89,CORRECT,0,0,0,0,0,0,0.0,0.0
margin,live-delta,8,0.0,0.271707,0.577329,0.024275,0.972656,0.439064,0.589064,0.0056299567222595215,0.5357644557952881,0.5301344990730286,1.9224615097045898,6.837769031524658,0.258139431476593,8,2,2,1,2,1,0,0.0,0.26216602325439453,2,clean,0.0,-1,190,67,CORRECT,0,0,0,0,0,0,0.0,0.0
margin,live-delta,8,0.0,0.271707,0.577329,0.024275,0.972656,0.439064,0.589064,0.05560547113418579,0.632349967956543,0.5767444968223572,2.061814069747925,7.860215663909912,0.36354196071624756,13,2,2,1,2,1,0,0.0,0.39755454659461975,2,clean,0.0,-1,191,81,CORRECT,0,0,0,0,0,0,0.0,0.0
margin,live-delta,8,0.0,0.271707,0.577329,0.024275,0.972656,0.439064,0.589064,0.1022566556930542,0.8100323677062988,0.7077757120132446,1.329530954360962,3.7792701721191406,0.6659570336341858,15,3,3,1,3,1,0,0.0,0.6372814774513245,2,clean,0.0,-1,192,110,CORRECT,0,0,0,0,0,0,0.0,0.0
margin,live-delta,8,0.0,0.271707,0.577329,0.024275,0.972656,0.439064,0.589064,0.006317168474197388,0.46576759219169617,0.4594504237174988,0.6911558508872986,1.9960212707519531,0.5315437316894531,2,3,3,1,3,1,0,0.0,0.23192644119262695,2,clean,0.0,-1,193,122,CORRECT,0,0,0,0,0,0,0.0,0.0
margin,live-delta,8,0.0,0.271707,0.577329,0.024275,0.972656,0.439064,0.589064,0.027418076992034912,0.8872389197349548,0.8598208427429199,1.6352026462554932,5.130497455596924,0.4058467745780945,13,3,3,1,3,1,0,0.0,0.7987887859344482,2,clean,0.0,-1,194,97,CORRECT,0,0,0,0,0,0,0.0,0.0
margin,live-delta,8,0.0,0.271707,0.577329,0.024275,0.972656,0.439064,0.589064,0.09606266021728516,0.7679380178451538,0.6718753576278687,1.635295033454895,5.130971431732178,0.5858632326126099,20,3,3,1,3,1,0,0.0,0.467274934053421,2,clean,0.0,-1,195,105,CORRECT,0,0,0,0,0,0,0.0,0.0
margin,live-delta,8,0.0,0.271707,0.577329,0.024275,0.972656,0.439064,0.589064,0.033324480056762695,0.5985491275787354,0.5652246475219727,2.370943307876587,10.707488059997559,0.2544578015804291,16,3,3,1,3,1,0,0.0,0.4936526417732239,2,clean,0.0,-1,196,113,CORRECT,0,0,0,0,0,0,0.0,0.0
margin,live-delta,8,0.0,0.271707,0.577329,0.024275,0.972656,0.439064,0.589064,0.03140676021575928,0.6604886054992676,0.6290818452835083,2.293865442276001,9.913182258605957,0.300283819437027,20,3,3,1,3,1,0,0.0,0.44444766640663147,2,clean,0.0,-1,197,109,CORRECT,0,0,0,0,0,0,0.0,0.0
margin,live-delta,8,0.0,0.271707,0.577329,0.024275,0.972656,0.439064,0.589064,0.02615499496459961,0.46656566858291626,0.44041067361831665,0.6600783467292786,1.9349439144134521,0.6278723478317261,2,3,3,1,3,1,0,0.0,0.18199288845062256,2,clean,0.0,-1,198,104,CORRECT,0,0,0,0,0,0,0.0,0.0
margin,live-delta,8,0.0,0.271707,0.577329,0.024275,0.972656,0.439064,0.589064,0.019829392433166504,0.5268105268478394,0.5069811344146729,0.673866868019104,1.961808681488037,0.597867488861084,2,3,3,1,3,1,0,0.0,0.4132581651210785,2,clean,0.0,-1,199,115,CORRECT,0,0,0,0,0,0,0.0,0.0
margin,live-delta,8,0.0,0.271707,0.577329,0.024275,0.972656,0.439064,0.589064,0.14240378141403198,0.7219078540802002,0.5795040726661682,0.2346271276473999,1.264437198638916,0.9419585466384888,3,3,3,1,3,1,0,0.0,0.6385027766227722,2,clean,0.0,-1,200,115,CORRECT,0,0,0,0,0,0,0.0,0.0
margin,live-delta,8,0.0,0.271707,0.577329,0.024275,0.972656,0.439064,0.589064,0.0062757134437561035,0.8334376215934753,0.8271619081497192,1.3125348091125488,3.7155799865722656,0.35869359970092773,18,3,3,1,3,1,0,0.0,0.7009687423706055,2,clean,0.0,-1,201,118,CORRECT,0,0,0,0,0,0,0.0,0.0
margin,live-delta,8,0.0,0.271707,0.577329,0.024275,0.972656,0.439064,0.589064,0.020821452140808105,0.5942161679267883,0.5733947157859802,1.6025315523147583,4.965587139129639,0.3478326201438904,7,3,3,1,3,1,0,0.0,0.3573760688304901,2,clean,0.0,-1,202,124,CORRECT,0,0,0,0,0,0,0.0,0.0
margin,live-delta,8,0.0,0.271707,0.577329,0.024275,0.972656,0.439064,0.589064,0.08432415127754211,0.5297173261642456,0.4453931748867035,0.4333803057670593,1.542462706565857,0.8437610268592834,2,3,3,1,3,1,0,0.0,0.2651461362838745,2,clean,0.0,-1,203,96,CORRECT,0,0,0,0,0,0,0.0,0.0
margin,live-delta,8,0.0,0.271707,0.577329,0.024275,0.972656,0.439064,0.589064,0.09210005402565002,0.5800983309745789,0.48799827694892883,0.8244100213050842,2.2805349826812744,0.7486775517463684,4,3,3,1,3,1,0,0.0,0.3671265244483948,2,clean,0.0,-1,204,96,CORRECT,0,0,0,0,0,0,0.0,0.0
margin,live-delta,8,0.0,0.271707,0.577329,0.024275,0.972656,0.439064,0.589064,0.09026157855987549,0.7622923851013184,0.6720308065414429,0.9353034496307373,2.5479865074157715,0.7575065493583679,11,3,3,1,3,1,0,0.0,0.5345759987831116,2,clean,0.0,-1,205,124,CORRECT,0,0,0,0,0,0,0.0,0.0
margin,live-delta,8,0.0,0.271707,0.577329,0.024275,0.972656,0.439064,0.589064,0.08902692794799805,0.592893660068512,0.5038667321205139,1.1338024139404297,3.107449769973755,0.6687549948692322,6,3,3,1,3,1,0,0.0,0.4166918396949768,2,clean,0.0,-1,206,113,CORRECT,0,0,0,0,0,0,0.0,0.0
margin,live-delta,8,0.0,0.271707,0.577329,0.024275,0.972656,0.439064,0.589064,0.03632640838623047,0.7532113790512085,0.716884970664978,2.2270796298980713,9.272747039794922,0.25928980112075806,18,3,3,1,3,1,0,0.0,0.5773868560791016,2,clean,0.0,-1,207,126,CORRECT,0,0,0,0,0,0,0.0,0.0
margin,live-delta,8,0.0,0.271707,0.577329,0.024275,0.972656,0.439064,0.589064,0.05994373559951782,0.6874781847000122,0.6275344491004944,1.4573490619659424,4.294559955596924,0.5362496972084045,10,3,3,1,3,1,0,0.0,0.458513468503952,2,clean,0.0,-1,208,124,CORRECT,0,0,0,0,0,0,0.0,0.0
margin,live-delta,8,0.0,0.271707,0.577329,0.024275,0.972656,0.439064,0.589064,0.007803201675415039,0.5509086847305298,0.5431054830551147,0.6901119351387024,1.993938684463501,0.5389370322227478,2,3,3,1,3,1,0,0.0,0.4494723081588745,2,clean,0.0,-1,209,115,CORRECT,0,0,0,0,0,0,0.0,0.0
margin,live-delta,8,0.0,0.271707,0.577329,0.024275,0.972656,0.439064,0.589064,0.01137608289718628,0.682218074798584,0.6708419919013977,1.4856369495391846,4.417778491973877,0.4158100187778473,10,3,3,1,3,1,0,0.0,0.5385146141052246,2,clean,0.0,-1,210,116,CORRECT,0,0,0,0,0,0,0.0,0.0
margin,live-delta,8,0.0,0.271707,0.577329,0.024275,0.972656,0.439064,0.589064,0.02612006664276123,0.7439183592796326,0.7177982926368713,1.2961605787277222,3.655235767364502,0.48552531003952026,15,3,3,1,3,1,0,0.0,0.5797291398048401,2,clean,0.0,-1,211,125,CORRECT,0,0,0,0,0,0,0.0,0.0
margin,live-delta,8,0.0,0.271707,0.577329,0.024275,0.972656,0.439064,0.589064,0.002281785011291504,0.6112834215164185,0.609001636505127,1.5259491205215454,4.599506855010986,0.32277217507362366,6,3,3,1,3,1,0,0.0,0.2935105562210083,2,clean,0.0,-1,212,101,CORRECT,0,0,0,0,0,0,0.0,0.0
margin,live-delta,8,0.0,0.271707,0.577329,0.024275,0.972656,0.439064,0.589064,0.03744769096374512,0.6198829412460327,0.5824352502822876,1.610660433769226,5.0061163902282715,0.39658716320991516,8,3,3,1,3,1,0,0.0,0.3868899941444397,2,clean,0.0,-1,213,125,CORRECT,0,0,0,0,0,0,0.0,0.0
margin,live-delta,8,0.0,0.271707,0.577329,0.024275,0.972656,0.439064,0.589064,0.006246805191040039,0.7604220509529114,0.7541752457618713,2.070779323577881,7.931001663208008,0.24775245785713196,17,3,3,1,3,1,0,0.0,0.6242871284484863,2,clean,0.0,-1,214,97,CORRECT,0,0,0,0,0,0,0.0,0.0
margin,live-delta,8,0.0,0.271707,0.577329,0.024275,0.972656,0.439064,0.589064,0.07016345858573914,0.47933223843574524,0.4091687798500061,-0.0,1.0,1.0,1,3,3,1,3,1,0,0.0,0.16705068945884705,2,clean,0.0,-1,215,123,CORRECT,0,0,0,0,0,0,0.0,0.0
margin,live-delta,8,0.0,0.271707,0.577329,0.024275,0.972656,0.439064,0.589064,0.12951183319091797,0.63904869556427,0.509536862373352,0.2530421316623688,1.2879375219345093,0.9302305579185486,2,3,3,1,3,1,0,0.0,0.33034107089042664,2,clean,0.0,-1,216,122,CORRECT,0,0,0,0,0,0,0.0,0.0
margin,live-delta,8,0.0,0.271707,0.577329,0.024275,0.972656,0.439064,0.589064,0.1960849165916443,0.8942528367042542,0.6981679201126099,0.2806599736213684,1.3240033388137817,0.9504283666610718,13,3,3,1,3,1,0,0.0,0.7961851358413696,2,clean,0.0,-1,217,107,CORRECT,0,0,0,0,0,0,0.0,0.0
margin,live-delta,8,0.0,0.271707,0.577329,0.024275,0.972656,0.439064,0.589064,0.007295757532119751,0.4530926048755646,0.4457968473434448,0.6904928684234619,1.994698405265808,0.5364142060279846,2,3,3,1,3,1,0,0.0,0.17780092358589172,2,clean,0.0,-1,218,114,CORRECT,0,0,0,0,0,0,0.0,0.0
margin,live-delta,8,0.0,0.271707,0.577329,0.024275,0.972656,0.439064,0.589064,0.07128006219863892,0.816789984703064,0.745509922504425,0.672871470451355,1.9598568677902222,0.779811680316925,9,3,3,1,3,1,0,0.0,0.7203499674797058,2,clean,0.0,-1,219,119,CORRECT,0,0,0,0,0,0,0.0,0.0
margin,live-delta,8,0.0,0.271707,0.577329,0.024275,0.972656,0.439064,0.589064,0.042374372482299805,0.5923725366592407,0.5499981641769409,1.6603269577026367,5.261030673980713,0.4123595952987671,8,3,3,1,3,1,0,0.0,0.37080055475234985,2,clean,0.0,-1,220,119,CORRECT,0,0,0,0,0,0,0.0,0.0
margin,live-delta,8,0.0,0.271707,0.577329,0.024275,0.972656,0.439064,0.589064,0.03423511981964111,0.7938240766525269,0.7595889568328857,0.7789266705513,2.1791319847106934,0.6444183588027954,6,3,3,1,3,1,0,0.0,0.6068319082260132,2,clean,0.0,-1,221,121,CORRECT,0,0,0,0,0,0,0.0,0.0
margin,live-delta,8,0.0,0.271707,0.577329,0.024275,0.972656,0.439064,0.589064,0.0373113751411438,0.7181012034416199,0.6807898283004761,1.348701000213623,3.8524179458618164,0.4989735782146454,10,3,3,1,3,1,0,0.0,0.44699907302856445,2,clean,0.0,-1,222,103,CORRECT,0,0,0,0,0,0,0.0,0.0
margin,live-delta,8,0.0,0.271707,0.577329,0.024275,0.972656,0.439064,0.589064,0.009178757667541504,0.5874730348587036,0.5782942771911621,1.794343113899231,6.015522003173828,0.33089911937713623,9,3,3,1,3,1,0,0.0,0.41115981340408325,2,clean,0.0,-1,223,114,CORRECT,0,0,0,0,0,0,0.0,0.0
margin,live-delta,8,0.0,0.271707,0.577329,0.024275,0.972656,0.439064,0.589064,0.0036386847496032715,0.8077525496482849,0.8041138648986816,0.7877927422523499,2.198538303375244,0.5091709494590759,7,3,3,1,3,1,0,0.0,0.693606436252594,2,clean,0.0,-1,224,121,CORRECT,0,0,0,0,0,0,0.0,0.0
margin,live-delta,8,0.0,0.271707,0.577329,0.024275,0.972656,0.439064,0.589064,0.03262263536453247,0.6887332797050476,0.6561106443405151,1.4753340482711792,4.372496128082275,0.4493337869644165,9,3,3,1,3,1,0,0.0,0.5997492671012878,2,clean,0.0,-1,225,116,CORRECT,0,0,0,0,0,0,0.0,0.0
margin,live-delta,8,0.0,0.271707,0.577329,0.024275,0.972656,0.439064,0.589064,0.02645939588546753,0.571704626083374,0.5452452301979065,0.6593304872512817,1.933497428894043,0.6292937397956848,2,3,3,1,3,1,0,0.0,0.3278559744358063,2,clean,0.0,-1,226,120,CORRECT,0,0,0,0,0,0,0.0,0.0
margin,live-delta,8,0.0,0.271707,0.577329,0.024275,0.972656,0.439064,0.589064,0.2306826114654541,0.9411556720733643,0.7104730606079102,0.226749986410141,1.2545162439346313,0.9641211628913879,17,3,3,1,3,1,0,0.0,0.8242925405502319,2,clean,0.0,-1,227,107,CORRECT,0,0,0,0,0,0,0.0,0.0
margin,live-delta,8,0.0,0.271707,0.577329,0.024275,0.972656,0.439064,0.589064,0.010918140411376953,0.5363830327987671,0.5254648923873901,1.420082926750183,4.137463569641113,0.36637499928474426,5,3,3,1,3,1,0,0.0,0.4173053503036499,2,clean,0.0,-1,228,107,CORRECT,0,0,0,0,0,0,0.0,0.0
margin,live-delta,8,0.0,0.271707,0.577329,0.024275,0.972656,0.439064,0.589064,0.021424829959869385,0.8018848896026611,0.7804600596427917,0.6966444253921509,2.0070066452026367,0.6030893325805664,4,3,3,1,3,1,0,0.0,0.6869179010391235,2,clean,0.0,-1,229,120,CORRECT,0,0,0,0,0,0,0.0,0.0
margin,live-delta,8,0.0,0.271707,0.577329,0.024275,0.972656,0.439064,0.589064,0.05081146955490112,0.7853767275810242,0.734565258026123,1.824318766593933,6.198570728302002,0.42657700181007385,15,3,3,1,3,1,0,0.0,0.6753167510032654,2,clean,0.0,-1,230,107,CORRECT,0,0,0,0,0,0,0.0,0.0
margin,live-delta,8,0.0,0.271707,0.577329,0.024275,0.972656,0.439064,0.589064,0.029012084007263184,0.8678466081619263,0.8388345241546631,1.864013910293579,6.449573040008545,0.3899986743927002,19,3,3,1,3,1,0,0.0,0.7405789494514465,2,clean,0.0,-1,231,126,CORRECT,0,0,0,0,0,0,0.0,0.0
margin,live-delta,8,0.0,0.271707,0.577329,0.024275,0.972656,0.439064,0.589064,0.01940310001373291,0.762601375579834,0.7431982755661011,1.3645538091659546,3.9139761924743652,0.4957890510559082,15,3,3,1,3,1,0,0.0,0.5297636985778809,2,clean,0.0,-1,232,105,CORRECT,0,0,0,0,0,0,0.0,0.0
margin,live-delta,8,0.0,0.271707,0.577329,0.024275,0.972656,0.439064,0.589064,0.03478437662124634,0.8089582920074463,0.7741739153862,1.1060642004013062,3.0224392414093018,0.5676912069320679,16,3,3,1,3,1,0,0.0,0.6849418878555298,2,clean,0.0,-1,233,113,CORRECT,0,0,0,0,0,0,0.0,0.0
margin,live-delta,8,0.0,0.271707,0.577329,0.024275,0.972656,0.439064,0.589064,0.15234535932540894,0.982479989528656,0.8301346302032471,0.30193987488746643,1.3524799346923828,0.934414803981781,18,3,3,1,3,1,0,0.0,0.8673667907714844,2,clean,0.0,-1,234,118,CORRECT,0,0,0,0,0,0,0.0,0.0
margin,live-delta,8,0.0,0.271707,0.577329,0.024275,0.972656,0.439064,0.589064,0.0017946958541870117,0.6616439819335938,0.6598492860794067,1.186095118522644,3.274270534515381,0.4303274154663086,7,3,3,1,3,1,0,0.0,0.526913583278656,2,clean,0.0,-1,235,106,CORRECT,0,0,0,0,0,0,0.0,0.0
margin,live-delta,8,0.0,0.271707,0.577329,0.024275,0.972656,0.439064,0.589064,0.010278284549713135,0.8556346297264099,0.8453563451766968,1.499734878540039,4.480501174926758,0.41308557987213135,15,3,3,1,3,1,0,0.0,0.6597282290458679,2,clean,0.0,-1,236,117,CORRECT,0,0,0,0,0,0,0.0,0.0
margin,live-delta,8,0.0,0.271707,0.577329,0.024275,0.972656,0.439064,0.589064,0.0014490485191345215,0.5788602828979492,0.5774112343788147,2.1078085899353027,8.230185508728027,0.20069342851638794,11,3,3,1,3,1,0,0.0,0.32548508048057556,2,clean,0.0,-1,237,103,CORRECT,0,0,0,0,0,0,0.0,0.0
margin,live-delta,8,0.0,0.271707,0.577329,0.024275,0.972656,0.439064,0.589064,0.05839550495147705,0.5697363018989563,0.5113407969474792,1.1548430919647217,3.173525333404541,0.6056205630302429,5,3,3,1,3,1,0,0.0,0.34055691957473755,2,clean,0.0,-1,239,116,CORRECT,0,0,0,0,0,0,0.0,0.0
margin,live-delta,8,0.0,0.271707,0.577329,0.024275,0.972656,0.439064,0.589064,0.00034350156784057617,0.8128784894943237,0.8125349879264832,1.4598190784454346,4.305180549621582,0.3990626335144043,15,3,3,1,3,1,0,0.0,0.6722614765167236,2,clean,0.0,-1,240,97,CORRECT,0,0,0,0,0,0,0.0,0.0
margin,live-delta,8,0.0,0.271707,0.577329,0.024275,0.972656,0.439064,0.589064,0.0093231201171875,0.756900429725647,0.7475773096084595,1.9889204502105713,7.307640552520752,0.2403310090303421,16,3,3,1,3,1,0,0.0,0.6455607414245605,2,clean,0.0,-1,241,97,CORRECT,0,0,0,0,0,0,0.0,0.0
margin,live-delta,8,0.0,0.271707,0.577329,0.024275,0.972656,0.439064,0.589064,0.019156038761138916,0.6394824981689453,0.6203264594078064,0.6751307249069214,1.9642897844314575,0.5946255326271057,2,3,3,1,3,1,0,0.0,0.531365692615509,2,clean,0.0,-1,242,115,CORRECT,0,0,0,0,0,0,0.0,0.0
margin,live-delta,8,0.0,0.271707,0.577329,0.024275,0.972656,0.439064,0.589064,0.0470123291015625,0.6217077970504761,0.5746954679489136,1.3996777534484863,4.053893566131592,0.5148141384124756,6,3,3,1,3,1,0,0.0,0.2859410345554352,2,clean,0.0,-1,243,124,CORRECT,0,0,0,0,0,0,0.0,0.0
margin,live-delta,8,0.0,0.271707,0.577329,0.024275,0.972656,0.439064,0.589064,0.0506209135055542,0.735724687576294,0.6851037740707397,1.2392916679382324,3.4531667232513428,0.5511974692344666,8,3,3,1,3,1,0,0.0,0.6164519786834717,2,clean,0.0,-1,244,119,CORRECT,0,0,0,0,0,0,0.0,0.0
margin,live-delta,8,0.0,0.271707,0.577329,0.024275,0.972656,0.439064,0.589064,0.01857537031173706,0.7805618047714233,0.7619864344596863,1.6965545415878296,5.455119609832764,0.36871206760406494,20,3,3,1,3,1,0,0.0,0.6571207046508789,2,clean,0.0,-1,245,125,CORRECT,0,0,0,0,0,0,0.0,0.0
margin,live-delta,8,0.0,0.271707,0.577329,0.024275,0.972656,0.439064,0.589064,0.009640216827392578,0.5784683227539062,0.5688281059265137,2.221360445022583,9.219865798950195,0.213002011179924,13,3,3,1,3,1,0,0.0,0.39385986328125,2,clean,0.0,-1,246,110,CORRECT,0,0,0,0,0,0,0.0,0.0
margin,live-delta,8,0.0,0.271707,0.577329,0.024275,0.972656,0.439064,0.589064,0.09101557731628418,0.7862826585769653,0.6952670812606812,1.0541155338287354,2.869436025619507,0.7270598411560059,14,3,3,1,3,1,0,0.0,0.5251450538635254,2,clean,0.0,-1,247,120,CORRECT,0,0,0,0,0,0,0.0,0.0
margin,live-delta,8,0.0,0.271707,0.577329,0.024275,0.972656,0.439064,0.589064,0.035696208477020264,0.6193225383758545,0.5836263298988342,1.9352675676345825,6.925897121429443,0.36184149980545044,11,3,3,1,3,1,0,0.0,0.527028501033783,2,clean,0.0,-1,249,107,CORRECT,0,0,0,0,0,0,0.0,0.0
margin,live-delta,8,0.0,0.271707,0.577329,0.024275,0.972656,0.439064,0.589064,0.006960093975067139,0.615280270576477,0.6083201766014099,2.066415309906006,7.89646577835083,0.26621192693710327,13,3,3,1,3,1,0,0.0,0.5127503275871277,2,clean,0.0,-1,250,115,CORRECT,0,0,0,0,0,0,0.0,0.0
margin,live-delta,8,0.0,0.271707,0.577329,0.024275,0.972656,0.439064,0.589064,0.004858970642089844,0.7133948802947998,0.70853590965271,1.7207775115966797,5.588871955871582,0.32791778445243835,19,3,3,1,3,1,0,0.0,0.5565115809440613,2,clean,0.0,-1,251,107,CORRECT,0,0,0,0,0,0,0.0,0.0
margin,live-delta,8,0.0,0.271707,0.577329,0.024275,0.972656,0.439064,0.589064,0.030346155166625977,0.7366904020309448,0.7063442468643188,1.7606197595596313,5.816040992736816,0.3635081648826599,10,3,3,1,3,1,0,0.0,0.49711012840270996,2,clean,0.0,-1,252,117,CORRECT,0,0,0,0,0,0,0.0,0.0
margin,live-delta,8,0.0,0.271707,0.577329,0.024275,0.972656,0.439064,0.589064,0.034451961517333984,0.7492276430130005,0.7147756814956665,1.6915348768234253,5.427805423736572,0.4406343996524811,12,3,3,1,3,1,0,0.0,0.531527578830719,2,clean,0.0,-1,253,119,CORRECT,0,0,0,0,0,0,0.0,0.0
margin,live-delta,8,0.0,0.271707,0.577329,0.024275,0.972656,0.439064,0.589064,0.03389662504196167,0.46462684869766235,0.4307302236557007,-0.0,1.0,1.0,1,3,3,1,3,1,0,0.0,0.348505437374115,2,clean,0.0,-1,254,116,CORRECT,0,0,0,0,0,0,0.0,0.0
margin,live-delta,8,0.0,0.271707,0.577329,0.024275,0.972656,0.439064,0.589064,0.01337289810180664,0.6233410835266113,0.6099681854248047,2.3906116485595703,10.920170783996582,0.222396120429039,16,3,3,1,3,1,0,0.0,0.44635075330734253,2,clean,0.0,-1,255,100,CORRECT,0,0,0,0,0,0,0.0,0.0
margin,live-delta,9,0.0,0.271707,0.577329,0.024275,0.972656,0.439064,0.589064,0.03762426972389221,0.5110138058662415,0.47338953614234924,1.3084306716918945,3.700361967086792,0.4304646849632263,4,0,0,1,0,1,0,0.0,0.09347984194755554,2,clean,0.0,-1,0,28,CORRECT,0,0,0,0,0,0,0.0,0.0
margin,live-delta,9,0.0,0.271707,0.577329,0.024275,0.972656,0.439064,0.589064,0.15752142667770386,0.5575714111328125,0.40004998445510864,-0.0,1.0,1.0,1,0,0,1,0,1,0,0.0,0.2904238998889923,2,clean,0.0,-1,1,3,CORRECT,0,0,0,0,0,0,0.0,0.0
margin,live-delta,9,0.0,0.271707,0.577329,0.024275,0.972656,0.439064,0.589064,0.09297966957092285,0.6945255994796753,0.6015459299087524,1.0659769773483276,2.903674364089966,0.7134841084480286,8,0,0,1,0,1,1,0.14056897163391113,0.1141963005065918,2,clean,0.0,-1,2,14,CORRECT,0,0,0,0,0,0,0.0,0.0
margin,live-delta,9,0.0,0.271707,0.577329,0.024275,0.972656,0.439064,0.589064,0.059886783361434937,0.48569563031196594,0.425808846950531,-0.0,1.0,1.0,1,0,1,0,1,0,1,1.0,-0.17318376898765564,0,clean,0.0,-1,5,49,BLENDED,0,0,0,0,0,0,0.0,0.0
margin,live-delta,9,0.0,0.271707,0.577329,0.024275,0.972656,0.439064,0.589064,0.023535043001174927,0.47608861327171326,0.45255357027053833,1.070020318031311,2.915438652038574,0.44852760434150696,3,0,0,1,0,1,0,0.0,0.14675000309944153,2,clean,0.0,-1,9,13,CORRECT,0,0,0,0,0,0,0.0,0.0
margin,live-delta,9,0.0,0.271707,0.577329,0.024275,0.972656,0.439064,0.589064,0.014633804559707642,0.4974060356616974,0.48277223110198975,1.0649480819702148,2.900688409805298,0.44082605838775635,3,0,0,1,0,1,0,0.0,0.09648242592811584,2,clean,0.0,-1,10,17,CORRECT,0,0,0,0,0,0,0.0,0.0
margin,live-delta,9,0.0,0.271707,0.577329,0.024275,0.972656,0.439064,0.589064,0.08684149384498596,0.5661791563034058,0.4793376624584198,0.4222162961959839,1.5253384113311768,0.8502839207649231,2,0,0,1,0,1,0,0.0,0.3185681104660034,2,clean,0.0,-1,13,3,CORRECT,0,0,0,0,0,0,0.0,0.0
margin,live-delta,9,0.0,0.271707,0.577329,0.024275,0.972656,0.439064,0.589064,0.08117860555648804,0.4752614498138428,0.39408284425735474,-0.0,1.0,1.0,1,0,0,1,0,1,0,0.0,0.10955226421356201,2,clean,0.0,-1,14,3,CORRECT,0,0,0,0,0,0,0.0,0.0
margin,live-delta,9,0.0,0.271707,0.577329,0.024275,0.972656,0.439064,0.589064,0.06355580687522888,0.44446679949760437,0.3809109926223755,-0.0,1.0,1.0,1,0,0,1,0,1,0,0.0,0.09106484055519104,2,clean,0.0,-1,19,18,CORRECT,0,0,0,0,0,0,0.0,0.0
margin,live-delta,9,0.0,0.271707,0.577329,0.024275,0.972656,0.439064,0.589064,0.0298537015914917,0.4545491635799408,0.4246954619884491,-0.0,1.0,1.0,1,0,0,1,0,1,0,0.0,0.03719410300254822,1,clean,0.0,-1,21,28,CORRECT,0,0,0,0,0,0,0.0,0.0
margin,live-delta,9,0.0,0.271707,0.577329,0.024275,0.972656,0.439064,0.589064,0.0817604660987854,0.5454531908035278,0.46369272470474243,0.44480425119400024,1.5601847171783447,0.8368819952011108,2,0,0,1,0,1,0,0.0,0.1577472686767578,2,clean,0.0,-1,22,12,CORRECT,0,0,0,0,0,0,0.0,0.0
margin,live-delta,9,0.0,0.271707,0.577329,0.024275,0.972656,0.439064,0.589064,0.2307952344417572,0.45714232325553894,0.22634708881378174,-0.0,1.0,1.0,1,0,0,1,0,1,0,0.0,0.27203503251075745,2,clean,0.0,-1,23,9,CORRECT,0,0,0,0,0,0,0.0,0.0
margin,live-delta,9,0.0,0.271707,0.577329,0.024275,0.972656,0.439064,0.589064,0.08825361728668213,0.4393737316131592,0.35112011432647705,-0.0,1.0,1.0,1,0,1,0,1,0,1,1.0,-0.08825361728668213,0,clean,0.0,-1,24,58,BLENDED,0,0,0,0,0,0,0.0,0.0
margin,live-delta,9,0.0,0.271707,0.577329,0.024275,0.972656,0.439064,0.589064,0.018287837505340576,0.4404931664466858,0.4222053289413452,-0.0,1.0,1.0,1,0,0,1,0,1,0,0.0,0.11889442801475525,2,clean,0.0,-1,28,21,CORRECT,0,0,0,0,0,0,0.0,0.0
margin,live-delta,9,0.0,0.271707,0.577329,0.024275,0.972656,0.439064,0.589064,0.20138755440711975,0.5386088490486145,0.33722129464149475,-0.0,1.0,1.0,1,0,0,1,0,1,0,0.0,0.21796667575836182,2,clean,0.0,-1,29,30,CORRECT,0,0,0,0,0,0,0.0,0.0
margin,live-delta,9,0.0,0.271707,0.577329,0.024275,0.972656,0.439064,0.589064,0.001230776309967041,0.5109431743621826,0.5097123980522156,1.0983421802520752,2.999189853668213,0.3424144387245178,3,0,0,1,0,1,0,0.0,0.15158623456954956,2,clean,0.0,-1,30,27,CORRECT,0,0,0,0,0,0,0.0,0.0
margin,live-delta,9,0.0,0.271707,0.577329,0.024275,0.972656,0.439064,0.589064,0.05672097206115723,0.527478814125061,0.4707578420639038,0.9242557883262634,2.5199921131134033,0.6221434473991394,3,0,0,1,0,1,0,0.0,0.20573222637176514,2,clean,0.0,-1,31,21,CORRECT,0,0,0,0,0,0,0.0,0.0
margin,live-delta,9,0.0,0.271707,0.577329,0.024275,0.972656,0.439064,0.589064,0.06267088651657104,0.5771849155426025,0.5145140290260315,0.529564380645752,1.6981923580169678,0.7778909802436829,2,0,0,1,0,1,0,0.0,0.20687836408615112,2,clean,0.0,-1,32,21,CORRECT,0,0,0,0,0,0,0.0,0.0
margin,live-delta,9,0.0,0.271707,0.577329,0.024275,0.972656,0.439064,0.589064,0.06853950023651123,0.5272687673568726,0.45872926712036133,0.836567223072052,2.308429002761841,0.686884343624115,3,0,0,1,0,1,1,0.1744043529033661,0.06853950023651123,2,clean,0.0,-1,33,22,CORRECT,0,0,0,0,0,0,0.0,0.0
margin,live-delta,9,0.0,0.271707,0.577329,0.024275,0.972656,0.439064,0.589064,0.10985952615737915,0.44487905502319336,0.3350195288658142,-0.0,1.0,1.0,1,0,1,0,1,0,1,1.0,-0.10985952615737915,0,clean,0.0,-1,34,38,BLENDED,0,0,0,0,0,0,0.0,0.0
margin,live-delta,9,0.0,0.271707,0.577329,0.024275,0.972656,0.439064,0.589064,0.003992140293121338,0.46688970923423767,0.46289756894111633,1.5929940938949585,4.918453216552734,0.250478059053421,5,0,0,1,0,1,0,0.0,0.1551005244255066,2,clean,0.0,-1,36,31,CORRECT,0,0,0,0,0,0,0.0,0.0
margin,live-delta,9,0.0,0.271707,0.577329,0.024275,0.972656,0.439064,0.589064,0.042268991470336914,0.5554631948471069,0.51319420337677,1.7381713390350342,5.686934471130371,0.40361955761909485,8,0,0,1,0,1,1,0.2553464472293854,0.04853558540344238,1,clean,0.0,-1,37,14,CORRECT,0,0,0,0,0,0,0.0,0.0
margin,live-delta,9,0.0,0.271707,0.577329,0.024275,0.972656,0.439064,0.589064,0.030288755893707275,0.4567822813987732,0.4264935255050659,-0.0,1.0,1.0,1,0,0,1,0,1,0,0.0,0.10791254043579102,2,clean,0.0,-1,42,6,CORRECT,0,0,0,0,0,0,0.0,0.0
margin,live-delta,9,0.0,0.271707,0.577329,0.024275,0.972656,0.439064,0.589064,0.0289628803730011,0.45749402046203613,0.42853114008903503,-0.0,1.0,1.0,1,0,0,1,0,1,0,0.0,0.062056660652160645,2,clean,0.0,-1,43,31,CORRECT,0,0,0,0,0,0,0.0,0.0
margin,live-delta,9,0.0,0.271707,0.577329,0.024275,0.972656,0.439064,0.589064,0.004916787147521973,0.5519967079162598,0.5470799207687378,1.4430346488952637,4.233523845672607,0.3498474955558777,5,0,0,1,0,1,0,0.0,0.17608129978179932,2,clean,0.0,-1,45,5,CORRECT,0,0,0,0,0,0,0.0,0.0
margin,live-delta,9,0.0,0.271707,0.577329,0.024275,0.972656,0.439064,0.589064,0.00018841028213500977,0.47927355766296387,0.47908514738082886,0.6931453943252563,1.9999964237213135,0.5009419918060303,2,0,0,1,0,1,0,0.0,0.21689152717590332,2,clean,0.0,-1,48,18,CORRECT,0,0,0,0,0,0,0.0,0.0
margin,live-delta,9,0.0,0.271707,0.577329,0.024275,0.972656,0.439064,0.589064,0.13420286774635315,0.47192445397377014,0.337721586227417,-0.0,1.0,1.0,1,0,0,1,0,1,0,0.0,0.2240210920572281,2,clean,0.0,-1,49,18,CORRECT,0,0,0,0,0,0,0.0,0.0
margin,live-delta,9,0.0,0.271707,0.577329,0.024275,0.972656,0.439064,0.589064,0.019812464714050293,0.6749056577682495,0.6550931930541992,1.320310115814209,3.744582414627075,0.41643911600112915,7,0,0,1,0,1,0,0.0,0.2516825497150421,2,clean,0.0,-1,51,27,CORRECT,0,0,0,0,0,0,0.0,0.0
margin,live-delta,9,0.0,0.271707,0.577329,0.024275,0.972656,0.439064,0.589064,0.08814448118209839,0.606589138507843,0.5184446573257446,0.6165233850479126,1.8524764776229858,0.8030567765235901,3,0,0,1,0,1,0,0.0,0.3156187832355499,2,clean,0.0,-1,53,3,CORRECT,0,0,0,0,0,0,0.0,0.0
margin,live-delta,9,0.0,0.271707,0.577329,0.024275,0.972656,0.439064,0.589064,0.008193910121917725,0.5111909508705139,0.5029970407485962,1.2397409677505493,3.454718589782715,0.40997156500816345,4,0,0,1,0,1,0,0.0,0.09483623504638672,2,clean,0.0,-1,55,26,CORRECT,0,0,0,0,0,0,0.0,0.0
margin,live-delta,9,0.0,0.271707,0.577329,0.024275,0.972656,0.439064,0.589064,0.010157376527786255,0.4902037978172302,0.48004642128944397,1.5845460891723633,4.877077102661133,0.2621338367462158,5,0,0,1,0,1,1,0.12637773156166077,0.03647899627685547,1,clean,0.0,-1,56,27,CORRECT,0,0,0,0,0,0,0.0,0.0
margin,live-delta,9,0.0,0.271707,0.577329,0.024275,0.972656,0.439064,0.589064,0.06739246845245361,0.5771557092666626,0.509763240814209,1.3502264022827148,3.8582990169525146,0.5552761554718018,6,0,0,1,0,1,0,0.05098020285367966,0.11940142512321472,2,clean,0.0,-1,58,28,CORRECT,0,0,0,0,0,0,0.0,0.0
margin,live-delta,9,0.0,0.271707,0.577329,0.024275,0.972656,0.439064,0.589064,0.025899112224578857,0.6490280032157898,0.6231288909912109,1.4651652574539185,4.328258514404297,0.3999028503894806,6,0,0,1,0,1,0,0.0138956094160676,0.16798242926597595,2,clean,0.0,-1,59,25,CORRECT,0,0,0,0,0,0,0.0,0.0
margin,live-delta,9,0.0,0.271707,0.577329,0.024275,0.972656,0.439064,0.589064,0.06994545459747314,0.6491247415542603,0.5791792869567871,0.9464529752731323,2.576554298400879,0.6593641638755798,4,0,0,1,0,1,0,0.0,0.3308027386665344,2,clean,0.0,-1,62,25,CORRECT,0,0,0,0,0,0,0.0,0.0
margin,live-delta,9,0.0,0.271707,0.577329,0.024275,0.972656,0.439064,0.589064,0.01966238021850586,0.5686567425727844,0.5489943623542786,2.3414812088012695,10.396624565124512,0.19699007272720337,13,1,1,1,1,1,0,0.0,0.2685515880584717,2,clean,0.0,-1,64,55,CORRECT,0,0,0,0,0,0,0.0,0.0
margin,live-delta,9,0.0,0.271707,0.577329,0.024275,0.972656,0.439064,0.589064,0.024967968463897705,0.6106247305870056,0.5856567621231079,1.9094914197921753,6.749655246734619,0.31075409054756165,12,1,1,1,1,1,0,0.0,0.3402480483055115,2,clean,0.0,-1,65,37,CORRECT,0,0,0,0,0,0,0.0,0.0
margin,live-delta,9,0.0,0.271707,0.577329,0.024275,0.972656,0.439064,0.589064,0.05212599039077759,0.7629485726356506,0.710822582244873,1.4158259630203247,4.119887828826904,0.5562195777893066,16,1,1,1,1,1,0,0.0050707594491541386,0.2588147521018982,2,clean,0.0,-1,66,54,CORRECT,0,0,0,0,0,0,0.0,0.0
margin,live-delta,9,0.0,0.271707,0.577329,0.024275,0.972656,0.439064,0.589064,0.06852149963378906,0.7129783630371094,0.6444568634033203,1.7361316680908203,5.675346851348877,0.5102615356445312,17,1,1,1,1,1,0,0.0038727500941604376,0.24404793977737427,2,clean,0.0,-1,67,39,CORRECT,0,0,0,0,0,0,0.0,0.0
margin,live-delta,9,0.0,0.271707,0.577329,0.024275,0.972656,0.439064,0.589064,0.08516144752502441,0.7080281972885132,0.6228667497634888,1.44516122341156,4.2425360679626465,0.6203391551971436,15,1,1,1,1,1,0,0.003960753791034222,0.2526915967464447,2,clean,0.0,-1,68,54,CORRECT,0,0,0,0,0,0,0.0,0.0
margin,live-delta,9,0.0,0.271707,0.577329,0.024275,0.972656,0.439064,0.589064,0.04955393075942993,0.7288384437561035,0.6792845129966736,1.4435832500457764,4.235846996307373,0.514823317527771,11,1,1,1,1,1,0,0.001579965348355472,0.28932103514671326,2,clean,0.0,-1,69,55,CORRECT,0,0,0,0,0,0,0.0,0.0
margin,live-delta,9,0.0,0.271707,0.577329,0.024275,0.972656,0.439064,0.589064,0.014178097248077393,0.6187683939933777,0.6045902967453003,1.2818435430526733,3.603276491165161,0.4797991216182709,8,1,1,1,1,1,1,0.4353707432746887,0.014178097248077393,0,clean,0.0,-1,70,32,CORRECT,0,0,0,0,0,0,0.0,0.0
margin,live-delta,9,0.0,0.271707,0.577329,0.024275,0.972656,0.439064,0.589064,0.03313928842544556,0.5181591510772705,0.48501986265182495,0.6411111950874329,1.8985893726348877,0.659885823726654,2,1,1,1,1,1,0,0.0,0.1789383888244629,2,clean,0.0,-1,71,52,CORRECT,0,0,0,0,0,0,0.0,0.0
margin,live-delta,9,0.0,0.271707,0.577329,0.024275,0.972656,0.439064,0.589064,0.0879206657409668,0.5985121130943298,0.510591447353363,0.5796738862991333,1.7854560613632202,0.8154345154762268,3,1,1,1,1,1,0,0.0,0.19561368227005005,2,clean,0.0,-1,72,58,CORRECT,0,0,0,0,0,0,0.0,0.0
margin,live-delta,9,0.0,0.271707,0.577329,0.024275,0.972656,0.439064,0.589064,0.004833340644836426,0.6409604549407959,0.6361271142959595,1.7804850339889526,5.932733535766602,0.3165929615497589,11,1,1,1,1,1,0,0.0,0.31000831723213196,2,clean,0.0,-1,73,45,CORRECT,0,0,0,0,0,0,0.0,0.0
margin,live-delta,9,0.0,0.271707,0.577329,0.024275,0.972656,0.439064,0.589064,0.03012096881866455,0.551203727722168,0.5210827589035034,2.1479737758636475,8.56748104095459,0.28264811635017395,11,1,1,1,1,1,0,0.0,0.17551171779632568,2,clean,0.0,-1,74,50,CORRECT,0,0,0,0,0,0,0.0,0.0
margin,live-delta,9,0.0,0.271707,0.577329,0.024275,0.972656,0.439064,0.589064,0.005219697952270508,0.49835360050201416,0.49313390254974365,1.512419581413269,4.537696838378906,0.3093273341655731,5,1,1,1,1,1,0,0.0,0.15347930788993835,2,clean,0.0,-1,75,39,CORRECT,0,0,0,0,0,0,0.0,0.0
margin,live-delta,9,0.0,0.271707,0.577329,0.024275,0.972656,0.439064,0.589064,0.2984471321105957,0.7332471609115601,0.43480002880096436,-0.0,1.0,1.0,1,1,1,1,1,1,0,0.0,0.2984471321105957,2,clean,0.0,-1,76,38,CORRECT,0,0,0,0,0,0,0.0,0.0
margin,live-delta,9,0.0,0.271707,0.577329,0.024275,0.972656,0.439064,0.589064,0.11552649736404419,0.5862758159637451,0.4707493185997009,0.30312657356262207,1.3540858030319214,0.9097453355789185,2,1,1,1,1,1,0,0.0,0.14756673574447632,2,clean,0.0,-1,77,58,CORRECT,0,0,0,0,0,0,0.0,0.0
margin,live-delta,9,0.0,0.271707,0.577329,0.024275,0.972656,0.439064,0.589064,0.05276894569396973,0.5781490802764893,0.5253801345825195,1.8377052545547485,6.282105922698975,0.4033111035823822,9,1,1,1,1,1,0,0.06803681701421738,0.08898293972015381,2,clean,0.0,-1,78,44,CORRECT,0,0,0,0,0,0,0.0,0.0
margin,live-delta,9,0.0,0.271707,0.577329,0.024275,0.972656,0.439064,0.589064,0.14612972736358643,0.6591064929962158,0.5129767656326294,0.20158909261226654,1.2233452796936035,0.9489521384239197,2,1,1,1,1,1,0,0.0,0.330605149269104,2,clean,0.0,-1,80,48,CORRECT,0,0,0,0,0,0,0.0,0.0
margin,live-delta,9,0.0,0.271707,0.577329,0.024275,0.972656,0.439064,0.589064,0.016943812370300293,0.5699619054794312,0.5530180931091309,1.3377693891525269,3.8105342388153076,0.46108105778694153,6,1,1,1,1,1,0,0.0,0.24595826864242554,2,clean,0.0,-1,81,50,CORRECT,0,0,0,0,0,0,0.0,0.0
margin,live-delta,9,0.0,0.271707,0.577329,0.024275,0.972656,0.439064,0.589064,0.026044607162475586,0.7519335150718689,0.7258889079093933,1.5296614170074463,4.616613388061523,0.4416230618953705,13,1,1,1,1,1,0,0.0,0.4864329695701599,2,clean,0.0,-1,82,51,CORRECT,0,0,0,0,0,0,0.0,0.0
margin,live-delta,9,0.0,0.271707,0.577329,0.024275,0.972656,0.439064,0.589064,0.047495365142822266,0.6791089773178101,0.6316136121749878,1.3715834617614746,3.941587209701538,0.5729954838752747,11,1,1,1,1,1,0,0.0,0.3359265923500061,2,clean,0.0,-1,83,44,CORRECT,0,0,0,0,0,0,0.0,0.0
margin,live-delta,9,0.0,0.271707,0.577329,0.024275,0.972656,0.439064,0.589064,0.03799247741699219,0.7384377717971802,0.700445294380188,0.7970215678215027,2.2189221382141113,0.6581733822822571,7,1,1,1,1,1,0,0.0,0.348906934261322,2,clean,0.0,-1,84,41,CORRECT,0,0,0,0,0,0,0.0,0.0
margin,live-delta,9,0.0,0.271707,0.577329,0.024275,0.972656,0.439064,0.589064,0.0889737606048584,0.6956807374954224,0.606706976890564,1.406815767288208,4.0829339027404785,0.6207090616226196,13,1,1,1,1,1,0,0.0,0.38515859842300415,2,clean,0.0,-1,85,43,CORRECT,0,0,0,0,0,0,0.0,0.0
margin,live-delta,9,0.0,0.271707,0.577329,0.024275,0.972656,0.439064,0.589064,0.045197486877441406,0.7701441049575806,0.7249466180801392,1.4363933801651,4.205500602722168,0.5489729642868042,15,1,1,1,1,1,0,0.0,0.4686961770057678,2,clean,0.0,-1,86,51,CORRECT,0,0,0,0,0,0,0.0,0.0
margin,live-delta,9,0.0,0.271707,0.577329,0.024275,0.972656,0.439064,0.589064,0.011904120445251465,0.6797964572906494,0.667892336845398,1.5979340076446533,4.94281005859375,0.31458958983421326,9,1,1,1,1,1,0,0.0,0.41648101806640625,2,clean,0.0,-1,87,33,CORRECT,0,0,0,0,0,0,0.0,0.0
margin,live-delta,9,0.0,0.271707,0.577329,0.024275,0.972656,0.439064,0.589064,0.09143966436386108,0.5780873894691467,0.48664772510528564,0.8159888982772827,2.26141095161438,0.7532624006271362,4,1,1,1,1,1,0,0.05544177070260048,0.13045400381088257,2,clean,0.0,-1,88,47,CORRECT,0,0,0,0,0,0,0.0,0.0
margin,live-delta,9,0.0,0.271707,0.577329,0.024275,0.972656,0.439064,0.589064,0.03494095802307129,0.6190261840820312,0.58408522605896,0.9042328596115112,2.470036268234253,0.6164795756340027,4,1,1,1,1,1,0,0.0,0.2693459093570709,2,clean,0.0,-1,89,52,CORRECT,0,0,0,0,0,0,0.0,0.0
margin,live-delta,9,0.0,0.271707,0.577329,0.024275,0.972656,0.439064,0.589064,0.027263760566711426,0.692020058631897,0.6647562980651855,1.675542950630188,5.3416948318481445,0.37304309010505676,13,1,1,1,1,1,0,0.0,0.2833227515220642,2,clean,0.0,-1,91,39,CORRECT,0,0,0,0,0,0,0.0,0.0
margin,live-delta,9,0.0,0.271707,0.577329,0.024275,0.972656,0.439064,0.589064,0.029761195182800293,0.7398475408554077,0.7100863456726074,1.7118500471115112,5.5391998291015625,0.3889440596103668,14,1,1,1,1,1,0,0.0,0.47665858268737793,2,clean,0.0,-1,92,45,CORRECT,0,0,0,0,0,0,0.0,0.0
margin,live-delta,9,0.0,0.271707,0.577329,0.024275,0.972656,0.439064,0.589064,0.1284804344177246,0.5923916697502136,0.463911235332489,0.6271226406097412,1.872215747833252,0.8348609805107117,4,1,1,1,1,1,1,0.16513895988464355,0.1284804344177246,2,clean,0.0,-1,93,32,CORRECT,0,0,0,0,0,0,0.0,0.0
margin,live-delta,9,0.0,0.271707,0.577329,0.024275,0.972656,0.439064,0.589064,0.1297839879989624,0.55228590965271,0.42250192165374756,-0.0,1.0,1.0,1,1,1,1,1,1,0,0.0,0.32412323355674744,2,clean,0.0,-1,94,52,CORRECT,0,0,0,0,0,0,0.0,0.0
margin,live-delta,9,0.0,0.271707,0.577329,0.024275,0.972656,0.439064,0.589064,0.09342542290687561,0.5417872071266174,0.4483617842197418,0.3933871388435364,1.4819920063018799,0.8662855625152588,2,1,1,1,1,1,0,0.0,0.27124589681625366,2,clean,0.0,-1,95,51,CORRECT,0,0,0,0,0,0,0.0,0.0
margin,live-delta,9,0.0,0.271707,0.577329,0.024275,0.972656,0.439064,0.589064,0.050793468952178955,0.5806038975715637,0.5298104286193848,1.4404054880142212,4.222407817840576,0.45094889402389526,5,1,1,1,1,1,0,0.0,0.2296139895915985,2,clean,0.0,-1,97,39,CORRECT,0,0,0,0,0,0,0.0,0.0
margin,live-delta,9,0.0,0.271707,0.577329,0.024275,0.972656,0.439064,0.589064,0.015441596508026123,0.584922194480896,0.5694805979728699,1.9659758806228638,7.141879081726074,0.2806284725666046,9,1,1,1,1,1,0,0.0,0.33483394980430603,2,clean,0.0,-1,98,45,CORRECT,0,0,0,0,0,0,0.0,0.0
margin,live-delta,9,0.0,0.271707,0.577329,0.024275,0.972656,0.439064,0.589064,0.26017677783966064,0.6687585115432739,0.4085817337036133,-0.0,1.0,1.0,1,1,1,1,1,1,0,0.0,0.3264943063259125,2,clean,0.0,-1,99,60,CORRECT,0,0,0,0,0,0,0.0,0.0
margin,live-delta,9,0.0,0.271707,0.577329,0.024275,0.972656,0.439064,0.589064,0.015581190586090088,0.7002413272857666,0.6846601366996765,1.6012790203094482,4.959371566772461,0.4149681627750397,13,1,1,1,1,1,0,0.03963572904467583,0.12970495223999023,2,clean,0.0,-1,100,55,CORRECT,0,0,0,0,0,0,0.0,0.0
margin,live-delta,9,0.0,0.271707,0.577329,0.024275,0.972656,0.439064,0.589064,0.056407630443573,0.6827635765075684,0.6263559460639954,1.5161516666412354,4.55466365814209,0.4522438645362854,8,1,1,1,1,1,0,0.0,0.3936646282672882,2,clean,0.0,-1,101,33,CORRECT,0,0,0,0,0,0,0.0,0.0
margin,live-delta,9,0.0,0.271707,0.577329,0.024275,0.972656,0.439064,0.589064,0.03583967685699463,0.5661741495132446,0.53033447265625,1.8710620403289795,6.4951910972595215,0.3483125567436218,9,1,1,1,1,1,1,0.16582131385803223,0.03710949420928955,1,clean,0.0,-1,102,50,CORRECT,0,0,0,0,0,0,0.0,0.0
margin,live-delta,9,0.0,0.271707,0.577329,0.024275,0.972656,0.439064,0.589064,0.01545494794845581,0.607532799243927,0.5920778512954712,0.6813455820083618,1.9765355587005615,0.5766653418540955,2,1,1,1,1,1,0,0.0,0.19596463441848755,2,clean,0.0,-1,103,41,CORRECT,0,0,0,0,0,0,0.0,0.0
margin,live-delta,9,0.0,0.271707,0.577329,0.024275,0.972656,0.439064,0.589064,0.06616508960723877,0.7455623149871826,0.6793972253799438,1.2658060789108276,3.545949935913086,0.6393237709999084,14,1,1,1,1,1,0,0.0,0.34216418862342834,2,clean,0.0,-1,104,39,CORRECT,0,0,0,0,0,0,0.0,0.0
margin,live-delta,9,0.0,0.271707,0.577329,0.024275,0.972656,0.439064,0.589064,0.0018985271453857422,0.7375691533088684,0.7356706261634827,1.6145350933074951,5.025550842285156,0.3246951401233673,13,1,1,1,1,1,0,0.0,0.30341246724128723,2,clean,0.0,-1,105,54,CORRECT,0,0,0,0,0,0,0.0,0.0
margin,live-delta,9,0.0,0.271707,0.577329,0.024275,0.972656,0.439064,0.589064,0.00989389419555664,0.4737173914909363,0.46382349729537964,1.0729889869689941,2.9241065979003906,0.41885125637054443,3,1,1,1,1,1,0,0.0,0.1302989423274994,2,clean,0.0,-1,106,62,CORRECT,0,0,0,0,0,0,0.0,0.0
margin,live-delta,9,0.0,0.271707,0.577329,0.024275,0.972656,0.439064,0.589064,0.1537250280380249,0.799985408782959,0.6462603807449341,0.4958779215812683,1.6419390439987183,0.8949791193008423,10,1,1,1,1,1,0,0.0,0.5308573842048645,2,clean,0.0,-1,107,51,CORRECT,0,0,0,0,0,0,0.0,0.0
margin,live-delta,9,0.0,0.271707,0.577329,0.024275,0.972656,0.439064,0.589064,0.03705352544784546,0.7192625999450684,0.6822090744972229,1.5510046482086182,4.716206073760986,0.5038705468177795,15,1,1,1,1,1,0,0.0,0.4430217444896698,2,clean,0.0,-1,108,45,CORRECT,0,0,0,0,0,0,0.0,0.0
margin,live-delta,9,0.0,0.271707,0.577329,0.024275,0.972656,0.439064,0.589064,0.22602304816246033,0.6040655374526978,0.3780424892902374,-0.0,1.0,1.0,1,1,1,1,1,1,0,0.0,0.22602304816246033,2,clean,0.0,-1,109,38,CORRECT,0,0,0,0,0,0,0.0,0.0
margin,live-delta,9,0.0,0.271707,0.577329,0.024275,0.972656,0.439064,0.589064,0.037272632122039795,0.5118335485458374,0.4745609164237976,0.6282285451889038,1.8742873668670654,0.6781869530677795,2,1,1,1,1,1,0,0.0,0.14201003313064575,2,clean,0.0,-1,110,47,CORRECT,0,0,0,0,0,0,0.0,0.0
margin,live-delta,9,0.0,0.271707,0.577329,0.024275,0.972656,0.439064,0.589064,0.00589442253112793,0.6232324838638306,0.6173380613327026,0.9393909573554993,2.558422803878784,0.49284619092941284,4,1,1,1,1,1,0,0.0,0.26012080907821655,2,clean,0.0,-1,111,59,CORRECT,0,0,0,0,0,0,0.0,0.0
margin,live-delta,9,0.0,0.271707,0.577329,0.024275,0.972656,0.439064,0.589064,0.01124069094657898,0.4431905448436737,0.4319498538970947,-0.0,1.0,1.0,1,1,1,1,1,1,0,0.0,0.03822389245033264,1,clean,0.0,-1,112,51,CORRECT,0,0,0,0,0,0,0.0,0.0
margin,live-delta,9,0.0,0.271707,0.577329,0.024275,0.972656,0.439064,0.589064,0.06394106149673462,0.701833188533783,0.6378921270370483,1.6664202213287354,5.293185234069824,0.5275378227233887,15,1,1,1,1,1,0,0.0035519737284630537,0.25003582239151,2,clean,0.0,-1,113,39,CORRECT,0,0,0,0,0,0,0.0,0.0
margin,live-delta,9,0.0,0.271707,0.577329,0.024275,0.972656,0.439064,0.589064,0.06835818290710449,0.6080368757247925,0.539678692817688,0.9950105547904968,2.7047529220581055,0.660291850566864,4,1,1,1,1,1,0,0.0,0.2539392411708832,2,clean,0.0,-1,114,59,CORRECT,0,0,0,0,0,0,0.0,0.0
margin,live-delta,9,0.0,0.271707,0.577329,0.024275,0.972656,0.439064,0.589064,0.05447810888290405,0.6041508316993713,0.5496727228164673,1.0775936841964722,2.9376022815704346,0.6253456473350525,5,1,1,1,1,1,0,0.0,0.33038443326950073,2,clean,0.0,-1,115,50,CORRECT,0,0,0,0,0,0,0.0,0.0
margin,live-delta,9,0.0,0.271707,0.577329,0.024275,0.972656,0.439064,0.589064,0.01016378402709961,0.5373191833496094,0.5271553993225098,1.6083056926727295,4.99434232711792,0.3345862329006195,6,1,1,1,1,1,1,0.23712188005447388,0.042666494846343994,1,clean,0.0,-1,116,63,CORRECT,0,0,0,0,0,0,0.0,0.0
margin,live-delta,9,0.0,0.271707,0.577329,0.024275,0.972656,0.439064,0.589064,0.06607326865196228,0.4983387291431427,0.4322654604911804,-0.0,1.0,1.0,1,1,1,1,1,1,0,0.0,0.06607326865196228,2,clean,0.0,-1,117,58,CORRECT,0,0,0,0,0,0,0.0,0.0
margin,live-delta,9,0.0,0.271707,0.577329,0.024275,0.972656,0.439064,0.589064,0.04003894329071045,0.7102930545806885,0.670254111289978,1.3079015016555786,3.698404550552368,0.5311775207519531,9,1,1,1,1,1,0,0.0,0.4212930202484131,2,clean,0.0,-1,119,39,CORRECT,0,0,0,0,0,0,0.0,0.0
margin,live-delta,9,0.0,0.271707,0.577329,0.024275,0.972656,0.439064,0.589064,0.2523503005504608,0.6183493137359619,0.3659990131855011,-0.0,1.0,1.0,1,1,1,1,1,1,0,0.0,0.41161060333251953,2,clean,0.0,-1,121,52,CORRECT,0,0,0,0,0,0,0.0,0.0
margin,live-delta,9,0.0,0.271707,0.577329,0.024275,0.972656,0.439064,0.589064,0.014266133308410645,0.7422631978988647,0.7279970645904541,1.422123670578003,4.145915508270264,0.38885706663131714,11,1,1,1,1,1,0,0.0,0.5021474361419678,2,clean,0.0,-1,122,45,CORRECT,0,0,0,0,0,0,0.0,0.0
margin,live-delta,9,0.0,0.271707,0.577329,0.024275,0.972656,0.439064,0.589064,0.08240044116973877,0.8361939191818237,0.753793478012085,0.5423063039779663,1.7199690341949463,0.8239426612854004,6,1,1,1,1,1,0,0.0004518595524132252,0.37542420625686646,2,clean,0.0,-1,123,36,CORRECT,0,0,0,0,0,0,0.0,0.0
margin,live-delta,9,0.0,0.271707,0.577329,0.024275,0.972656,0.439064,0.589064,0.03546115756034851,0.49169304966926575,0.45623189210891724,1.0287868976593018,2.7976698875427246,0.5145205855369568,3,1,1,1,1,1,0,0.0,0.18838730454444885,2,clean,0.0,-1,125,41,CORRECT,0,0,0,0,0,0,0.0,0.0
margin,live-delta,9,0.0,0.271707,0.577329,0.024275,0.972656,0.439064,0.589064,0.0261155366897583,0.744177520275116,0.7180619835853577,1.4765279293060303,4.377719402313232,0.4277113974094391,13,1,1,1,1,1,0,0.005537495948374271,0.23962503671646118,2,clean,0.0,-1,126,62,CORRECT,0,0,0,0,0,0,0.0,0.0
margin,live-delta,9,0.0,0.271707,0.577329,0.024275,0.972656,0.439064,0.589064,0.19001200795173645,0.6020189523696899,0.4120069444179535,-0.0,1.0,1.0,1,1,1,1,1,1,0,0.0,0.37000665068626404,2,clean,0.0,-1,127,47,CORRECT,0,0,0,0,0,0,0.0,0.0
margin,live-delta,9,0.0,0.271707,0.577329,0.024275,0.972656,0.439064,0.589064,0.005229651927947998,0.5517898201942444,0.5465601682662964,2.1953423023223877,8.983075141906738,0.20394165813922882,11,2,2,1,2,1,0,0.0,0.22328901290893555,2,clean,0.0,-1,128,92,CORRECT,0,0,0,0,0,0,0.0,0.0
margin,live-delta,9,0.0,0.271707,0.577329,0.024275,0.972656,0.439064,0.589064,0.012582868337631226,0.4893530011177063,0.4767701327800751,1.5458707809448242,4.692055702209473,0.315262109041214,5,2,2,1,2,1,0,0.0,0.07689374685287476,2,clean,0.0,-1,130,88,CORRECT,0,0,0,0,0,0,0.0,0.0
margin,live-delta,9,0.0,0.271707,0.577329,0.024275,0.972656,0.439064,0.589064,0.03712707757949829,0.7388211488723755,0.7016940712928772,1.1324647665023804,3.1032960414886475,0.5346430540084839,9,2,2,1,2,1,0,0.0,0.4550756812095642,2,clean,0.0,-1,131,92,CORRECT,0,0,0,0,0,0,0.0,0.0
margin,live-delta,9,0.0,0.271707,0.577329,0.024275,0.972656,0.439064,0.589064,0.07996654510498047,0.5953593254089355,0.5153927803039551,1.5070693492889404,4.513484001159668,0.5781190991401672,9,2,2,1,2,1,0,0.0,0.30446359515190125,2,clean,0.0,-1,132,80,CORRECT,0,0,0,0,0,0,0.0,0.0
margin,live-delta,9,0.0,0.271707,0.577329,0.024275,0.972656,0.439064,0.589064,0.10068809986114502,0.6728984117507935,0.5722103118896484,1.317524790763855,3.7341670989990234,0.6606665849685669,10,2,2,1,2,1,0,0.0,0.549420952796936,2,clean,0.0,-1,133,66,CORRECT,0,0,0,0,0,0,0.0,0.0
margin,live-delta,9,0.0,0.271707,0.577329,0.024275,0.972656,0.439064,0.589064,0.010797262191772461,0.6597398519515991,0.6489425897598267,1.7877330780029297,5.975890159606934,0.33156898617744446,12,2,2,1,2,1,0,0.0,0.41171005368232727,2,clean,0.0,-1,134,92,CORRECT,0,0,0,0,0,0,0.0,0.0
margin,live-delta,9,0.0,0.271707,0.577329,0.024275,0.972656,0.439064,0.589064,0.038563430309295654,0.7814432978630066,0.7428798675537109,2.0973949432373047,8.14492416381836,0.3092581331729889,17,2,2,1,2,1,0,0.0,0.6722792387008667,2,clean,0.0,-1,135,86,CORRECT,0,0,0,0,0,0,0.0,0.0
margin,live-delta,9,0.0,0.271707,0.577329,0.024275,0.972656,0.439064,0.589064,0.020030081272125244,0.5288381576538086,0.5088080763816833,2.260021448135376,9.583294868469238,0.22070133686065674,11,2,2,1,2,1,0,0.0,0.34904682636260986,2,clean,0.0,-1,136,88,CORRECT,0,0,0,0,0,0,0.0,0.0
margin,live-delta,9,0.0,0.271707,0.577329,0.024275,0.972656,0.439064,0.589064,0.073203444480896,0.7202974557876587,0.6470940113067627,1.0489871501922607,2.8547582626342773,0.6896443367004395,9,2,2,1,2,1,0,0.0,0.329639196395874,2,clean,0.0,-1,137,88,CORRECT,0,0,0,0,0,0,0.0,0.0
margin,live-delta,9,0.0,0.271707,0.577329,0.024275,0.972656,0.439064,0.589064,0.010031938552856445,0.6941384077072144,0.6841064691543579,2.1667442321777344,8.729815483093262,0.25467154383659363,18,2,2,1,2,1,0,0.0,0.5886439085006714,2,clean,0.0,-1,138,81,CORRECT,0,0,0,0,0,0,0.0,0.0
margin,live-delta,9,0.0,0.271707,0.577329,0.024275,0.972656,0.439064,0.589064,0.02701401710510254,0.5055744051933289,0.4785603880882263,0.6579487919807434,1.9308277368545532,0.6318776607513428,2,2,2,1,2,1,0,0.0,0.27878403663635254,2,clean,0.0,-1,139,80,CORRECT,0,0,0,0,0,0,0.0,0.0
margin,live-delta,9,0.0,0.271707,0.577329,0.024275,0.972656,0.439064,0.589064,0.004963397979736328,0.5345861911773682,0.5296227931976318,1.971577525138855,7.181997299194336,0.22626833617687225,8,2,2,1,2,1,0,0.0,0.4051614999771118,2,clean,0.0,-1,140,66,CORRECT,0,0,0,0,0,0,0.0,0.0
margin,live-delta,9,0.0,0.271707,0.577329,0.024275,0.972656,0.439064,0.589064,0.0156974196434021,0.6356213688850403,0.6199239492416382,1.9866859912872314,7.291330337524414,0.2903841435909271,13,2,2,1,2,1,0,0.0,0.4982225298881531,2,clean,0.0,-1,141,66,CORRECT,0,0,0,0,0,0,0.0,0.0
margin,live-delta,9,0.0,0.271707,0.577329,0.024275,0.972656,0.439064,0.589064,0.01708298921585083,0.7122920751571655,0.6952090859413147,1.2599601745605469,3.5252811908721924,0.4833809733390808,10,2,2,1,2,1,0,0.0,0.3683291971683502,2,clean,0.0,-1,142,88,CORRECT,0,0,0,0,0,0,0.0,0.0
margin,live-delta,9,0.0,0.271707,0.577329,0.024275,0.972656,0.439064,0.589064,0.05140995979309082,0.7328740954399109,0.6814641356468201,1.9405049085617065,6.962265491485596,0.40896961092948914,16,2,2,1,2,1,0,0.0,0.6180444955825806,2,clean,0.0,-1,143,66,CORRECT,0,0,0,0,0,0,0.0,0.0
margin,live-delta,9,0.0,0.271707,0.577329,0.024275,0.972656,0.439064,0.589064,0.06999588012695312,0.8557835817337036,0.7857877016067505,1.1510076522827148,3.161376953125,0.6333998441696167,16,2,2,1,2,1,0,0.0,0.6665446758270264,2,clean,0.0,-1,144,92,CORRECT,0,0,0,0,0,0,0.0,0.0
margin,live-delta,9,0.0,0.271707,0.577329,0.024275,0.972656,0.439064,0.589064,0.07027477025985718,0.7297858595848083,0.6595110893249512,1.6335607767105103,5.1220808029174805,0.5572382807731628,15,2,2,1,2,1,0,0.0,0.5841353535652161,2,clean,0.0,-1,145,82,CORRECT,0,0,0,0,0,0,0.0,0.0
margin,live-delta,9,0.0,0.271707,0.577329,0.024275,0.972656,0.439064,0.589064,0.012750029563903809,0.620884895324707,0.6081348657608032,2.2108232975006104,9.123224258422852,0.2578112781047821,15,2,2,1,2,1,0,0.0,0.41435956954956055,2,clean,0.0,-1,146,89,CORRECT,0,0,0,0,0,0,0.0,0.0
margin,live-delta,9,0.0,0.271707,0.577329,0.024275,0.972656,0.439064,0.589064,0.01943683624267578,0.7345792055130005,0.7151423692703247,1.9745113849639893,7.203099250793457,0.32740145921707153,17,2,2,1,2,1,0,0.0,0.5811883211135864,2,clean,0.0,-1,147,66,CORRECT,0,0,0,0,0,0,0.0,0.0
margin,live-delta,9,0.0,0.271707,0.577329,0.024275,0.972656,0.439064,0.589064,0.05345660448074341,0.7361685633659363,0.6827119588851929,1.9927566051483154,7.335727691650391,0.3912556767463684,14,2,2,1,2,1,0,0.0,0.5475063323974609,2,clean,0.0,-1,148,87,CORRECT,0,0,0,0,0,0,0.0,0.0
margin,live-delta,9,0.0,0.271707,0.577329,0.024275,0.972656,0.439064,0.589064,0.032271623611450195,0.8208656311035156,0.7885940074920654,1.3720816373825073,3.9435513019561768,0.4559568762779236,16,2,2,1,2,1,0,0.0,0.5866742730140686,2,clean,0.0,-1,149,88,CORRECT,0,0,0,0,0,0,0.0,0.0
margin,live-delta,9,0.0,0.271707,0.577329,0.024275,0.972656,0.439064,0.589064,0.055301666259765625,0.5719026327133179,0.5166009664535522,1.0985515117645264,2.9998176097869873,0.626548171043396,5,2,2,1,2,1,0,0.0,0.34642860293388367,2,clean,0.0,-1,150,80,CORRECT,0,0,0,0,0,0,0.0,0.0
margin,live-delta,9,0.0,0.271707,0.577329,0.024275,0.972656,0.439064,0.589064,0.16924935579299927,0.6686280965805054,0.4993787407875061,0.38829556107521057,1.4744654893875122,0.9189178347587585,5,2,2,1,2,1,0,0.0,0.5161433815956116,2,clean,0.0,-1,151,82,CORRECT,0,0,0,0,0,0,0.0,0.0
margin,live-delta,9,0.0,0.271707,0.577329,0.024275,0.972656,0.439064,0.589064,0.014408707618713379,0.7415615320205688,0.7271528244018555,2.1189281940460205,8.322213172912598,0.27553868293762207,18,2,2,1,2,1,0,0.0,0.6040228009223938,2,clean,0.0,-1,152,66,CORRECT,0,0,0,0,0,0,0.0,0.0
margin,live-delta,9,0.0,0.271707,0.577329,0.024275,0.972656,0.439064,0.589064,0.010547876358032227,0.8060425519943237,0.7954946756362915,1.3239156007766724,3.758107900619507,0.42233118414878845,16,2,2,1,2,1,0,0.0,0.5476217269897461,2,clean,0.0,-1,153,92,CORRECT,0,0,0,0,0,0,0.0,0.0
margin,live-delta,9,0.0,0.271707,0.577329,0.024275,0.972656,0.439064,0.589064,0.020640254020690918,0.6020315885543823,0.5813913345336914,2.2193665504455566,9.201499938964844,0.24520422518253326,13,2,2,1,2,1,0,0.0,0.42076271772384644,2,clean,0.0,-1,160,94,CORRECT,0,0,0,0,0,0,0.0,0.0
margin,live-delta,9,0.0,0.271707,0.577329,0.024275,0.972656,0.439064,0.589064,0.0004684329032897949,0.558491587638855,0.5580231547355652,2.468005895614624,11.798894882202148,0.15108776092529297,14,2,2,1,2,1,0,0.0,0.3641226291656494,2,clean,0.0,-1,162,94,CORRECT,0,0,0,0,0,0,0.0,0.0
margin,live-delta,9,0.0,0.271707,0.577329,0.024275,0.972656,0.439064,0.589064,0.009126722812652588,0.5600058436393738,0.5508791208267212,1.837072491645813,6.27813196182251,0.299072802066803,8,2,2,1,2,1,0,0.0,0.3933143615722656,2,clean,0.0,-1,164,86,CORRECT,0,0,0,0,0,0,0.0,0.0
margin,live-delta,9,0.0,0.271707,0.577329,0.024275,0.972656,0.439064,0.589064,0.02350926399230957,0.6209155321121216,0.597406268119812,2.3354697227478027,10.33431339263916,0.22745604813098907,14,2,2,1,2,1,0,0.0,0.4534796178340912,2,clean,0.0,-1,166,66,CORRECT,0,0,0,0,0,0,0.0,0.0
margin,live-delta,9,0.0,0.271707,0.577329,0.024275,0.972656,0.439064,0.589064,0.07067340612411499,0.8171741366386414,0.7465007305145264,1.6226474046707153,5.06648588180542,0.5326154232025146,17,2,2,1,2,1,0,0.0,0.6834558248519897,2,clean,0.0,-1,167,94,CORRECT,0,0,0,0,0,0,0.0,0.0
margin,live-delta,9,0.0,0.271707,0.577329,0.024275,0.972656,0.439064,0.589064,0.04554343223571777,0.8218976855278015,0.7763542532920837,1.8764818906784058,6.530489444732666,0.38273027539253235,18,2,2,1,2,1,0,0.0,0.6797922253608704,2,clean,0.0,-1,169,87,CORRECT,0,0,0,0,0,0,0.0,0.0
margin,live-delta,9,0.0,0.271707,0.577329,0.024275,0.972656,0.439064,0.589064,0.055218279361724854,0.4490985870361328,0.39388030767440796,-0.0,1.0,1.0,1,2,2,1,2,1,0,0.0,0.1706991195678711,2,clean,0.0,-1,170,74,CORRECT,0,0,0,0,0,0,0.0,0.0
margin,live-delta,9,0.0,0.271707,0.577329,0.024275,0.972656,0.439064,0.589064,0.03050374984741211,0.7986985445022583,0.7681947946548462,2.0227675437927246,7.559216499328613,0.3476046919822693,18,2,2,1,2,1,0,0.0,0.652678370475769,2,clean,0.0,-1,172,94,CORRECT,0,0,0,0,0,0,0.0,0.0
margin,live-delta,9,0.0,0.271707,0.577329,0.024275,0.972656,0.439064,0.589064,0.022157609462738037,0.6517328023910522,0.6295751929283142,1.8360211849212646,6.271535396575928,0.374071329832077,11,2,2,1,2,1,0,0.0,0.493843138217926,2,clean,0.0,-1,173,79,CORRECT,0,0,0,0,0,0,0.0,0.0
margin,live-delta,9,0.0,0.271707,0.577329,0.024275,0.972656,0.439064,0.589064,0.029355645179748535,0.8051860332489014,0.7758303880691528,1.780912160873413,5.935267925262451,0.37560105323791504,17,2,2,1,2,1,0,0.0,0.5979050397872925,2,clean,0.0,-1,174,88,CORRECT,0,0,0,0,0,0,0.0,0.0
margin,live-delta,9,0.0,0.271707,0.577329,0.024275,0.972656,0.439064,0.589064,0.014246940612792969,0.5697592496871948,0.5555123090744019,2.2537872791290283,9.523736953735352,0.26052936911582947,13,2,2,1,2,1,0,0.0,0.27040910720825195,2,clean,0.0,-1,175,82,CORRECT,0,0,0,0,0,0,0.0,0.0
margin,live-delta,9,0.0,0.271707,0.577329,0.024275,0.972656,0.439064,0.589064,0.014076292514801025,0.726281464099884,0.712205171585083,1.8721051216125488,6.501969337463379,0.28966787457466125,16,2,2,1,2,1,0,0.0,0.535503089427948,2,clean,0.0,-1,176,87,CORRECT,0,0,0,0,0,0,0.0,0.0
margin,live-delta,9,0.0,0.271707,0.577329,0.024275,0.972656,0.439064,0.589064,0.05845820903778076,0.6732896566390991,0.6148314476013184,1.9466885328292847,7.00545072555542,0.41664114594459534,15,2,2,1,2,1,0,0.0,0.47631222009658813,2,clean,0.0,-1,177,66,CORRECT,0,0,0,0,0,0,0.0,0.0
margin,live-delta,9,0.0,0.271707,0.577329,0.024275,0.972656,0.439064,0.589064,0.09708833694458008,0.498207688331604,0.4011193513870239,-0.0,1.0,1.0,1,2,2,1,2,1,0,0.0,0.16100990772247314,2,clean,0.0,-1,178,64,CORRECT,0,0,0,0,0,0,0.0,0.0
margin,live-delta,9,0.0,0.271707,0.577329,0.024275,0.972656,0.439064,0.589064,0.014411091804504395,0.642770528793335,0.6283594369888306,2.2935867309570312,9.910420417785645,0.2121940553188324,17,2,2,1,2,1,0,0.0,0.5257186889648438,2,clean,0.0,-1,179,81,CORRECT,0,0,0,0,0,0,0.0,0.0
margin,live-delta,9,0.0,0.271707,0.577329,0.024275,0.972656,0.439064,0.589064,0.009206622838973999,0.48549434542655945,0.47628772258758545,0.6889269948005676,1.991577386856079,0.5459035038948059,2,2,2,1,2,1,0,0.0,0.08106586337089539,2,clean,0.0,-1,180,88,CORRECT,0,0,0,0,0,0,0.0,0.0
margin,live-delta,9,0.0,0.271707,0.577329,0.024275,0.972656,0.439064,0.589064,0.07042646408081055,0.7437867522239685,0.673360288143158,1.7850247621536255,5.959727764129639,0.4779830276966095,13,2,2,1,2,1,0,0.0,0.6262246966362,2,clean,0.0,-1,182,82,CORRECT,0,0,0,0,0,0,0.0,0.0
margin,live-delta,9,0.0,0.271707,0.577329,0.024275,0.972656,0.439064,0.589064,0.00473785400390625,0.6011457443237305,0.5964078903198242,2.072744846343994,7.946605205535889,0.22993776202201843,12,2,2,1,2,1,0,0.0,0.3789810240268707,2,clean,0.0,-1,183,86,CORRECT,0,0,0,0,0,0,0.0,0.0
margin,live-delta,9,0.0,0.271707,0.577329,0.024275,0.972656,0.439064,0.589064,0.0015205740928649902,0.6854196190834045,0.6838990449905396,2.1933770179748535,8.965438842773438,0.20872709155082703,18,2,2,1,2,1,0,0.0,0.5326675176620483,2,clean,0.0,-1,184,86,CORRECT,0,0,0,0,0,0,0.0,0.0
margin,live-delta,9,0.0,0.271707,0.577329,0.024275,0.972656,0.439064,0.589064,0.032849788665771484,0.6116892099380493,0.5788394212722778,2.093151569366455,8.110435485839844,0.3236585557460785,13,2,2,1,2,1,0,0.0,0.46648189425468445,2,clean,0.0,-1,185,81,CORRECT,0,0,0,0,0,0,0.0,0.0
margin,live-delta,9,0.0,0.271707,0.577329,0.024275,0.972656,0.439064,0.589064,0.009874820709228516,0.8028467893600464,0.7929719686508179,1.5425740480422974,4.676612377166748,0.3523537814617157,16,2,2,1,2,1,0,0.0,0.5988579988479614,2,clean,0.0,-1,186,88,CORRECT,0,0,0,0,0,0,0.0,0.0
margin,live-delta,9,0.0,0.271707,0.577329,0.024275,0.972656,0.439064,0.589064,0.002904832363128662,0.8251573443412781,0.8222525119781494,1.9314234256744385,6.8993239402771,0.2785907983779907,18,2,2,1,2,1,0,0.0,0.7316372394561768,2,clean,0.0,-1,187,66,CORRECT,0,0,0,0,0,0,0.0,0.0
margin,live-delta,9,0.0,0.271707,0.577329,0.024275,0.972656,0.439064,0.589064,0.0050036609172821045,0.47099390625953674,0.46599024534225464,1.0700676441192627,2.915576696395874,0.4062097668647766,3,2,2,1,2,1,0,0.0,0.1328435242176056,2,clean,0.0,-1,188,89,CORRECT,0,0,0,0,0,0,0.0,0.0
margin,live-delta,9,0.0,0.271707,0.577329,0.024275,0.972656,0.439064,0.589064,0.0056299567222595215,0.5357644557952881,0.5301344990730286,1.9224615097045898,6.837769031524658,0.258139431476593,8,2,2,1,2,1,0,0.0,0.26216602325439453,2,clean,0.0,-1,190,67,CORRECT,0,0,0,0,0,0,0.0,0.0
margin,live-delta,9,0.0,0.271707,0.577329,0.024275,0.972656,0.439064,0.589064,0.05560547113418579,0.632349967956543,0.5767444968223572,2.061814069747925,7.860215663909912,0.36354196071624756,13,2,2,1,2,1,0,0.0,0.39755454659461975,2,clean,0.0,-1,191,81,CORRECT,0,0,0,0,0,0,0.0,0.0
margin,live-delta,9,0.0,0.271707,0.577329,0.024275,0.972656,0.439064,0.589064,0.1022566556930542,0.8100323677062988,0.7077757120132446,1.329530954360962,3.7792701721191406,0.6659570336341858,15,3,3,1,3,1,0,0.0,0.6372814774513245,2,clean,0.0,-1,192,110,CORRECT,0,0,0,0,0,0,0.0,0.0
margin,live-delta,9,0.0,0.271707,0.577329,0.024275,0.972656,0.439064,0.589064,0.006317168474197388,0.46576759219169617,0.4594504237174988,0.6911558508872986,1.9960212707519531,0.5315437316894531,2,3,3,1,3,1,0,0.0,0.23192644119262695,2,clean,0.0,-1,193,122,CORRECT,0,0,0,0,0,0,0.0,0.0
margin,live-delta,9,0.0,0.271707,0.577329,0.024275,0.972656,0.439064,0.589064,0.027418076992034912,0.8872389197349548,0.8598208427429199,1.6352026462554932,5.130497455596924,0.4058467745780945,13,3,3,1,3,1,0,0.0,0.7987887859344482,2,clean,0.0,-1,194,97,CORRECT,0,0,0,0,0,0,0.0,0.0
margin,live-delta,9,0.0,0.271707,0.577329,0.024275,0.972656,0.439064,0.589064,0.09606266021728516,0.7679380178451538,0.6718753576278687,1.635295033454895,5.130971431732178,0.5858632326126099,20,3,3,1,3,1,0,0.0,0.467274934053421,2,clean,0.0,-1,195,105,CORRECT,0,0,0,0,0,0,0.0,0.0
margin,live-delta,9,0.0,0.271707,0.577329,0.024275,0.972656,0.439064,0.589064,0.033324480056762695,0.5985491275787354,0.5652246475219727,2.370943307876587,10.707488059997559,0.2544578015804291,16,3,3,1,3,1,0,0.0,0.4936526417732239,2,clean,0.0,-1,196,113,CORRECT,0,0,0,0,0,0,0.0,0.0
margin,live-delta,9,0.0,0.271707,0.577329,0.024275,0.972656,0.439064,0.589064,0.03140676021575928,0.6604886054992676,0.6290818452835083,2.293865442276001,9.913182258605957,0.300283819437027,20,3,3,1,3,1,0,0.0,0.44444766640663147,2,clean,0.0,-1,197,109,CORRECT,0,0,0,0,0,0,0.0,0.0
margin,live-delta,9,0.0,0.271707,0.577329,0.024275,0.972656,0.439064,0.589064,0.02615499496459961,0.46656566858291626,0.44041067361831665,0.6600783467292786,1.9349439144134521,0.6278723478317261,2,3,3,1,3,1,0,0.0,0.18199288845062256,2,clean,0.0,-1,198,104,CORRECT,0,0,0,0,0,0,0.0,0.0
margin,live-delta,9,0.0,0.271707,0.577329,0.024275,0.972656,0.439064,0.589064,0.019829392433166504,0.5268105268478394,0.5069811344146729,0.673866868019104,1.961808681488037,0.597867488861084,2,3,3,1,3,1,0,0.0,0.4132581651210785,2,clean,0.0,-1,199,115,CORRECT,0,0,0,0,0,0,0.0,0.0
margin,live-delta,9,0.0,0.271707,0.577329,0.024275,0.972656,0.439064,0.589064,0.14240378141403198,0.7219078540802002,0.5795040726661682,0.2346271276473999,1.264437198638916,0.9419585466384888,3,3,3,1,3,1,0,0.0,0.6385027766227722,2,clean,0.0,-1,200,115,CORRECT,0,0,0,0,0,0,0.0,0.0
margin,live-delta,9,0.0,0.271707,0.577329,0.024275,0.972656,0.439064,0.589064,0.0062757134437561035,0.8334376215934753,0.8271619081497192,1.3125348091125488,3.7155799865722656,0.35869359970092773,18,3,3,1,3,1,0,0.0,0.7009687423706055,2,clean,0.0,-1,201,118,CORRECT,0,0,0,0,0,0,0.0,0.0
margin,live-delta,9,0.0,0.271707,0.577329,0.024275,0.972656,0.439064,0.589064,0.020821452140808105,0.5942161679267883,0.5733947157859802,1.6025315523147583,4.965587139129639,0.3478326201438904,7,3,3,1,3,1,0,0.0,0.3573760688304901,2,clean,0.0,-1,202,124,CORRECT,0,0,0,0,0,0,0.0,0.0
margin,live-delta,9,0.0,0.271707,0.577329,0.024275,0.972656,0.439064,0.589064,0.08432415127754211,0.5297173261642456,0.4453931748867035,0.4333803057670593,1.542462706565857,0.8437610268592834,2,3,3,1,3,1,0,0.0,0.2651461362838745,2,clean,0.0,-1,203,96,CORRECT,0,0,0,0,0,0,0.0,0.0
margin,live-delta,9,0.0,0.271707,0.577329,0.024275,0.972656,0.439064,0.589064,0.09210005402565002,0.5800983309745789,0.48799827694892883,0.8244100213050842,2.2805349826812744,0.7486775517463684,4,3,3,1,3,1,0,0.0,0.3671265244483948,2,clean,0.0,-1,204,96,CORRECT,0,0,0,0,0,0,0.0,0.0
margin,live-delta,9,0.0,0.271707,0.577329,0.024275,0.972656,0.439064,0.589064,0.09026157855987549,0.7622923851013184,0.6720308065414429,0.9353034496307373,2.5479865074157715,0.7575065493583679,11,3,3,1,3,1,0,0.0,0.5345759987831116,2,clean,0.0,-1,205,124,CORRECT,0,0,0,0,0,0,0.0,0.0
margin,live-delta,9,0.0,0.271707,0.577329,0.024275,0.972656,0.439064,0.589064,0.08902692794799805,0.592893660068512,0.5038667321205139,1.1338024139404297,3.107449769973755,0.6687549948692322,6,3,3,1,3,1,0,0.0,0.4166918396949768,2,clean,0.0,-1,206,113,CORRECT,0,0,0,0,0,0,0.0,0.0
margin,live-delta,9,0.0,0.271707,0.577329,0.024275,0.972656,0.439064,0.589064,0.03632640838623047,0.7532113790512085,0.716884970664978,2.2270796298980713,9.272747039794922,0.25928980112075806,18,3,3,1,3,1,0,0.0,0.5773868560791016,2,clean,0.0,-1,207,126,CORRECT,0,0,0,0,0,0,0.0,0.0
margin,live-delta,9,0.0,0.271707,0.577329,0.024275,0.972656,0.439064,0.589064,0.05994373559951782,0.6874781847000122,0.6275344491004944,1.4573490619659424,4.294559955596924,0.5362496972084045,10,3,3,1,3,1,0,0.0,0.458513468503952,2,clean,0.0,-1,208,124,CORRECT,0,0,0,0,0,0,0.0,0.0
margin,live-delta,9,0.0,0.271707,0.577329,0.024275,0.972656,0.439064,0.589064,0.007803201675415039,0.5509086847305298,0.5431054830551147,0.6901119351387024,1.993938684463501,0.5389370322227478,2,3,3,1,3,1,0,0.0,0.4494723081588745,2,clean,0.0,-1,209,115,CORRECT,0,0,0,0,0,0,0.0,0.0
margin,live-delta,9,0.0,0.271707,0.577329,0.024275,0.972656,0.439064,0.589064,0.01137608289718628,0.682218074798584,0.6708419919013977,1.4856369495391846,4.417778491973877,0.4158100187778473,10,3,3,1,3,1,0,0.0,0.5385146141052246,2,clean,0.0,-1,210,116,CORRECT,0,0,0,0,0,0,0.0,0.0
margin,live-delta,9,0.0,0.271707,0.577329,0.024275,0.972656,0.439064,0.589064,0.02612006664276123,0.7439183592796326,0.7177982926368713,1.2961605787277222,3.655235767364502,0.48552531003952026,15,3,3,1,3,1,0,0.0,0.5797291398048401,2,clean,0.0,-1,211,125,CORRECT,0,0,0,0,0,0,0.0,0.0
margin,live-delta,9,0.0,0.271707,0.577329,0.024275,0.972656,0.439064,0.589064,0.002281785011291504,0.6112834215164185,0.609001636505127,1.5259491205215454,4.599506855010986,0.32277217507362366,6,3,3,1,3,1,0,0.0,0.2935105562210083,2,clean,0.0,-1,212,101,CORRECT,0,0,0,0,0,0,0.0,0.0
margin,live-delta,9,0.0,0.271707,0.577329,0.024275,0.972656,0.439064,0.589064,0.03744769096374512,0.6198829412460327,0.5824352502822876,1.610660433769226,5.0061163902282715,0.39658716320991516,8,3,3,1,3,1,0,0.0,0.3868899941444397,2,clean,0.0,-1,213,125,CORRECT,0,0,0,0,0,0,0.0,0.0
margin,live-delta,9,0.0,0.271707,0.577329,0.024275,0.972656,0.439064,0.589064,0.006246805191040039,0.7604220509529114,0.7541752457618713,2.070779323577881,7.931001663208008,0.24775245785713196,17,3,3,1,3,1,0,0.0,0.6242871284484863,2,clean,0.0,-1,214,97,CORRECT,0,0,0,0,0,0,0.0,0.0
margin,live-delta,9,0.0,0.271707,0.577329,0.024275,0.972656,0.439064,0.589064,0.07016345858573914,0.47933223843574524,0.4091687798500061,-0.0,1.0,1.0,1,3,3,1,3,1,0,0.0,0.16705068945884705,2,clean,0.0,-1,215,123,CORRECT,0,0,0,0,0,0,0.0,0.0
margin,live-delta,9,0.0,0.271707,0.577329,0.024275,0.972656,0.439064,0.589064,0.12951183319091797,0.63904869556427,0.509536862373352,0.2530421316623688,1.2879375219345093,0.9302305579185486,2,3,3,1,3,1,0,0.0,0.33034107089042664,2,clean,0.0,-1,216,122,CORRECT,0,0,0,0,0,0,0.0,0.0
margin,live-delta,9,0.0,0.271707,0.577329,0.024275,0.972656,0.439064,0.589064,0.1960849165916443,0.8942528367042542,0.6981679201126099,0.2806599736213684,1.3240033388137817,0.9504283666610718,13,3,3,1,3,1,0,0.0,0.7961851358413696,2,clean,0.0,-1,217,107,CORRECT,0,0,0,0,0,0,0.0,0.0
margin,live-delta,9,0.0,0.271707,0.577329,0.024275,0.972656,0.439064,0.589064,0.007295757532119751,0.4530926048755646,0.4457968473434448,0.6904928684234619,1.994698405265808,0.5364142060279846,2,3,3,1,3,1,0,0.0,0.17780092358589172,2,clean,0.0,-1,218,114,CORRECT,0,0,0,0,0,0,0.0,0.0
margin,live-delta,9,0.0,0.271707,0.577329,0.024275,0.972656,0.439064,0.589064,0.07128006219863892,0.816789984703064,0.745509922504425,0.672871470451355,1.9598568677902222,0.779811680316925,9,3,3,1,3,1,0,0.0,0.7203499674797058,2,clean,0.0,-1,219,119,CORRECT,0,0,0,0,0,0,0.0,0.0
margin,live-delta,9,0.0,0.271707,0.577329,0.024275,0.972656,0.439064,0.589064,0.042374372482299805,0.5923725366592407,0.5499981641769409,1.6603269577026367,5.261030673980713,0.4123595952987671,8,3,3,1,3,1,0,0.0,0.37080055475234985,2,clean,0.0,-1,220,119,CORRECT,0,0,0,0,0,0,0.0,0.0
margin,live-delta,9,0.0,0.271707,0.577329,0.024275,0.972656,0.439064,0.589064,0.03423511981964111,0.7938240766525269,0.7595889568328857,0.7789266705513,2.1791319847106934,0.6444183588027954,6,3,3,1,3,1,0,0.0,0.6068319082260132,2,clean,0.0,-1,221,121,CORRECT,0,0,0,0,0,0,0.0,0.0
margin,live-delta,9,0.0,0.271707,0.577329,0.024275,0.972656,0.439064,0.589064,0.0373113751411438,0.7181012034416199,0.6807898283004761,1.348701000213623,3.8524179458618164,0.4989735782146454,10,3,3,1,3,1,0,0.0,0.44699907302856445,2,clean,0.0,-1,222,103,CORRECT,0,0,0,0,0,0,0.0,0.0
margin,live-delta,9,0.0,0.271707,0.577329,0.024275,0.972656,0.439064,0.589064,0.009178757667541504,0.5874730348587036,0.5782942771911621,1.794343113899231,6.015522003173828,0.33089911937713623,9,3,3,1,3,1,0,0.0,0.41115981340408325,2,clean,0.0,-1,223,114,CORRECT,0,0,0,0,0,0,0.0,0.0
margin,live-delta,9,0.0,0.271707,0.577329,0.024275,0.972656,0.439064,0.589064,0.0036386847496032715,0.8077525496482849,0.8041138648986816,0.7877927422523499,2.198538303375244,0.5091709494590759,7,3,3,1,3,1,0,0.0,0.693606436252594,2,clean,0.0,-1,224,121,CORRECT,0,0,0,0,0,0,0.0,0.0
margin,live-delta,9,0.0,0.271707,0.577329,0.024275,0.972656,0.439064,0.589064,0.03262263536453247,0.6887332797050476,0.6561106443405151,1.4753340482711792,4.372496128082275,0.4493337869644165,9,3,3,1,3,1,0,0.0,0.5997492671012878,2,clean,0.0,-1,225,116,CORRECT,0,0,0,0,0,0,0.0,0.0
margin,live-delta,9,0.0,0.271707,0.577329,0.024275,0.972656,0.439064,0.589064,0.02645939588546753,0.571704626083374,0.5452452301979065,0.6593304872512817,1.933497428894043,0.6292937397956848,2,3,3,1,3,1,0,0.0,0.3278559744358063,2,clean,0.0,-1,226,120,CORRECT,0,0,0,0,0,0,0.0,0.0
margin,live-delta,9,0.0,0.271707,0.577329,0.024275,0.972656,0.439064,0.589064,0.2306826114654541,0.9411556720733643,0.7104730606079102,0.226749986410141,1.2545162439346313,0.9641211628913879,17,3,3,1,3,1,0,0.0,0.8242925405502319,2,clean,0.0,-1,227,107,CORRECT,0,0,0,0,0,0,0.0,0.0
margin,live-delta,9,0.0,0.271707,0.577329,0.024275,0.972656,0.439064,0.589064,0.010918140411376953,0.5363830327987671,0.5254648923873901,1.420082926750183,4.137463569641113,0.36637499928474426,5,3,3,1,3,1,0,0.0,0.4173053503036499,2,clean,0.0,-1,228,107,CORRECT,0,0,0,0,0,0,0.0,0.0
margin,live-delta,9,0.0,0.271707,0.577329,0.024275,0.972656,0.439064,0.589064,0.021424829959869385,0.8018848896026611,0.7804600596427917,0.6966444253921509,2.0070066452026367,0.6030893325805664,4,3,3,1,3,1,0,0.0,0.6869179010391235,2,clean,0.0,-1,229,120,CORRECT,0,0,0,0,0,0,0.0,0.0
margin,live-delta,9,0.0,0.271707,0.577329,0.024275,0.972656,0.439064,0.589064,0.05081146955490112,0.7853767275810242,0.734565258026123,1.824318766593933,6.198570728302002,0.42657700181007385,15,3,3,1,3,1,0,0.0,0.6753167510032654,2,clean,0.0,-1,230,107,CORRECT,0,0,0,0,0,0,0.0,0.0
margin,live-delta,9,0.0,0.271707,0.577329,0.024275,0.972656,0.439064,0.589064,0.029012084007263184,0.8678466081619263,0.8388345241546631,1.864013910293579,6.449573040008545,0.3899986743927002,19,3,3,1,3,1,0,0.0,0.7405789494514465,2,clean,0.0,-1,231,126,CORRECT,0,0,0,0,0,0,0.0,0.0
margin,live-delta,9,0.0,0.271707,0.577329,0.024275,0.972656,0.439064,0.589064,0.01940310001373291,0.762601375579834,0.7431982755661011,1.3645538091659546,3.9139761924743652,0.4957890510559082,15,3,3,1,3,1,0,0.0,0.5297636985778809,2,clean,0.0,-1,232,105,CORRECT,0,0,0,0,0,0,0.0,0.0
margin,live-delta,9,0.0,0.271707,0.577329,0.024275,0.972656,0.439064,0.589064,0.03478437662124634,0.8089582920074463,0.7741739153862,1.1060642004013062,3.0224392414093018,0.5676912069320679,16,3,3,1,3,1,0,0.0,0.6849418878555298,2,clean,0.0,-1,233,113,CORRECT,0,0,0,0,0,0,0.0,0.0
margin,live-delta,9,0.0,0.271707,0.577329,0.024275,0.972656,0.439064,0.589064,0.15234535932540894,0.982479989528656,0.8301346302032471,0.30193987488746643,1.3524799346923828,0.934414803981781,18,3,3,1,3,1,0,0.0,0.8673667907714844,2,clean,0.0,-1,234,118,CORRECT,0,0,0,0,0,0,0.0,0.0
margin,live-delta,9,0.0,0.271707,0.577329,0.024275,0.972656,0.439064,0.589064,0.0017946958541870117,0.6616439819335938,0.6598492860794067,1.186095118522644,3.274270534515381,0.4303274154663086,7,3,3,1,3,1,0,0.0,0.526913583278656,2,clean,0.0,-1,235,106,CORRECT,0,0,0,0,0,0,0.0,0.0
margin,live-delta,9,0.0,0.271707,0.577329,0.024275,0.972656,0.439064,0.589064,0.010278284549713135,0.8556346297264099,0.8453563451766968,1.499734878540039,4.480501174926758,0.41308557987213135,15,3,3,1,3,1,0,0.0,0.6597282290458679,2,clean,0.0,-1,236,117,CORRECT,0,0,0,0,0,0,0.0,0.0
margin,live-delta,9,0.0,0.271707,0.577329,0.024275,0.972656,0.439064,0.589064,0.0014490485191345215,0.5788602828979492,0.5774112343788147,2.1078085899353027,8.230185508728027,0.20069342851638794,11,3,3,1,3,1,0,0.0,0.32548508048057556,2,clean,0.0,-1,237,103,CORRECT,0,0,0,0,0,0,0.0,0.0
margin,live-delta,9,0.0,0.271707,0.577329,0.024275,0.972656,0.439064,0.589064,0.05839550495147705,0.5697363018989563,0.5113407969474792,1.1548430919647217,3.173525333404541,0.6056205630302429,5,3,3,1,3,1,0,0.0,0.34055691957473755,2,clean,0.0,-1,239,116,CORRECT,0,0,0,0,0,0,0.0,0.0
margin,live-delta,9,0.0,0.271707,0.577329,0.024275,0.972656,0.439064,0.589064,0.00034350156784057617,0.8128784894943237,0.8125349879264832,1.4598190784454346,4.305180549621582,0.3990626335144043,15,3,3,1,3,1,0,0.0,0.6722614765167236,2,clean,0.0,-1,240,97,CORRECT,0,0,0,0,0,0,0.0,0.0
margin,live-delta,9,0.0,0.271707,0.577329,0.024275,0.972656,0.439064,0.589064,0.0093231201171875,0.756900429725647,0.7475773096084595,1.9889204502105713,7.307640552520752,0.2403310090303421,16,3,3,1,3,1,0,0.0,0.6455607414245605,2,clean,0.0,-1,241,97,CORRECT,0,0,0,0,0,0,0.0,0.0
margin,live-delta,9,0.0,0.271707,0.577329,0.024275,0.972656,0.439064,0.589064,0.019156038761138916,0.6394824981689453,0.6203264594078064,0.6751307249069214,1.9642897844314575,0.5946255326271057,2,3,3,1,3,1,0,0.0,0.531365692615509,2,clean,0.0,-1,242,115,CORRECT,0,0,0,0,0,0,0.0,0.0
margin,live-delta,9,0.0,0.271707,0.577329,0.024275,0.972656,0.439064,0.589064,0.0470123291015625,0.6217077970504761,0.5746954679489136,1.3996777534484863,4.053893566131592,0.5148141384124756,6,3,3,1,3,1,0,0.0,0.2859410345554352,2,clean,0.0,-1,243,124,CORRECT,0,0,0,0,0,0,0.0,0.0
margin,live-delta,9,0.0,0.271707,0.577329,0.024275,0.972656,0.439064,0.589064,0.0506209135055542,0.735724687576294,0.6851037740707397,1.2392916679382324,3.4531667232513428,0.5511974692344666,8,3,3,1,3,1,0,0.0,0.6164519786834717,2,clean,0.0,-1,244,119,CORRECT,0,0,0,0,0,0,0.0,0.0
margin,live-delta,9,0.0,0.271707,0.577329,0.024275,0.972656,0.439064,0.589064,0.01857537031173706,0.7805618047714233,0.7619864344596863,1.6965545415878296,5.455119609832764,0.36871206760406494,20,3,3,1,3,1,0,0.0,0.6571207046508789,2,clean,0.0,-1,245,125,CORRECT,0,0,0,0,0,0,0.0,0.0
margin,live-delta,9,0.0,0.271707,0.577329,0.024275,0.972656,0.439064,0.589064,0.009640216827392578,0.5784683227539062,0.5688281059265137,2.221360445022583,9.219865798950195,0.213002011179924,13,3,3,1,3,1,0,0.0,0.39385986328125,2,clean,0.0,-1,246,110,CORRECT,0,0,0,0,0,0,0.0,0.0
margin,live-delta,9,0.0,0.271707,0.577329,0.024275,0.972656,0.439064,0.589064,0.09101557731628418,0.7862826585769653,0.6952670812606812,1.0541155338287354,2.869436025619507,0.7270598411560059,14,3,3,1,3,1,0,0.0,0.5251450538635254,2,clean,0.0,-1,247,120,CORRECT,0,0,0,0,0,0,0.0,0.0
margin,live-delta,9,0.0,0.271707,0.577329,0.024275,0.972656,0.439064,0.589064,0.035696208477020264,0.6193225383758545,0.5836263298988342,1.9352675676345825,6.925897121429443,0.36184149980545044,11,3,3,1,3,1,0,0.0,0.527028501033783,2,clean,0.0,-1,249,107,CORRECT,0,0,0,0,0,0,0.0,0.0
margin,live-delta,9,0.0,0.271707,0.577329,0.024275,0.972656,0.439064,0.589064,0.006960093975067139,0.615280270576477,0.6083201766014099,2.066415309906006,7.89646577835083,0.26621192693710327,13,3,3,1,3,1,0,0.0,0.5127503275871277,2,clean,0.0,-1,250,115,CORRECT,0,0,0,0,0,0,0.0,0.0
margin,live-delta,9,0.0,0.271707,0.577329,0.024275,0.972656,0.439064,0.589064,0.004858970642089844,0.7133948802947998,0.70853590965271,1.7207775115966797,5.588871955871582,0.32791778445243835,19,3,3,1,3,1,0,0.0,0.5565115809440613,2,clean,0.0,-1,251,107,CORRECT,0,0,0,0,0,0,0.0,0.0
margin,live-delta,9,0.0,0.271707,0.577329,0.024275,0.972656,0.439064,0.589064,0.030346155166625977,0.7366904020309448,0.7063442468643188,1.7606197595596313,5.816040992736816,0.3635081648826599,10,3,3,1,3,1,0,0.0,0.49711012840270996,2,clean,0.0,-1,252,117,CORRECT,0,0,0,0,0,0,0.0,0.0
margin,live-delta,9,0.0,0.271707,0.577329,0.024275,0.972656,0.439064,0.589064,0.034451961517333984,0.7492276430130005,0.7147756814956665,1.6915348768234253,5.427805423736572,0.4406343996524811,12,3,3,1,3,1,0,0.0,0.531527578830719,2,clean,0.0,-1,253,119,CORRECT,0,0,0,0,0,0,0.0,0.0
margin,live-delta,9,0.0,0.271707,0.577329,0.024275,0.972656,0.439064,0.589064,0.03389662504196167,0.46462684869766235,0.4307302236557007,-0.0,1.0,1.0,1,3,3,1,3,1,0,0.0,0.348505437374115,2,clean,0.0,-1,254,116,CORRECT,0,0,0,0,0,0,0.0,0.0
margin,live-delta,9,0.0,0.271707,0.577329,0.024275,0.972656,0.439064,0.589064,0.01337289810180664,0.6233410835266113,0.6099681854248047,2.3906116485595703,10.920170783996582,0.222396120429039,16,3,3,1,3,1,0,0.0,0.44635075330734253,2,clean,0.0,-1,255,100,CORRECT,0,0,0,0,0,0,0.0,0.0
margin,live-delta,10,0.0,0.271707,0.577329,0.024275,0.972656,0.439064,0.589064,0.03762426972389221,0.5110138058662415,0.47338953614234924,1.3084306716918945,3.700361967086792,0.4304646849632263,4,0,0,1,0,1,0,0.0,0.09347984194755554,2,clean,0.0,-1,0,28,CORRECT,0,0,0,0,0,0,0.0,0.0
margin,live-delta,10,0.0,0.271707,0.577329,0.024275,0.972656,0.439064,0.589064,0.15752142667770386,0.5575714111328125,0.40004998445510864,-0.0,1.0,1.0,1,0,0,1,0,1,0,0.0,0.2904238998889923,2,clean,0.0,-1,1,3,CORRECT,0,0,0,0,0,0,0.0,0.0
margin,live-delta,10,0.0,0.271707,0.577329,0.024275,0.972656,0.439064,0.589064,0.09297966957092285,0.6945255994796753,0.6015459299087524,1.0659769773483276,2.903674364089966,0.7134841084480286,8,0,0,1,0,1,1,0.14056897163391113,0.1141963005065918,2,clean,0.0,-1,2,14,CORRECT,0,0,0,0,0,0,0.0,0.0
margin,live-delta,10,0.0,0.271707,0.577329,0.024275,0.972656,0.439064,0.589064,0.059886783361434937,0.48569563031196594,0.425808846950531,-0.0,1.0,1.0,1,0,1,0,1,0,1,1.0,-0.17318376898765564,0,clean,0.0,-1,5,49,BLENDED,0,0,0,0,0,0,0.0,0.0
margin,live-delta,10,0.0,0.271707,0.577329,0.024275,0.972656,0.439064,0.589064,0.023535043001174927,0.47608861327171326,0.45255357027053833,1.070020318031311,2.915438652038574,0.44852760434150696,3,0,0,1,0,1,0,0.0,0.14675000309944153,2,clean,0.0,-1,9,13,CORRECT,0,0,0,0,0,0,0.0,0.0
margin,live-delta,10,0.0,0.271707,0.577329,0.024275,0.972656,0.439064,0.589064,0.014633804559707642,0.4974060356616974,0.48277223110198975,1.0649480819702148,2.900688409805298,0.44082605838775635,3,0,0,1,0,1,0,0.0,0.09648242592811584,2,clean,0.0,-1,10,17,CORRECT,0,0,0,0,0,0,0.0,0.0
margin,live-delta,10,0.0,0.271707,0.577329,0.024275,0.972656,0.439064,0.589064,0.08684149384498596,0.5661791563034058,0.4793376624584198,0.4222162961959839,1.5253384113311768,0.8502839207649231,2,0,0,1,0,1,0,0.0,0.3185681104660034,2,clean,0.0,-1,13,3,CORRECT,0,0,0,0,0,0,0.0,0.0
margin,live-delta,10,0.0,0.271707,0.577329,0.024275,0.972656,0.439064,0.589064,0.08117860555648804,0.4752614498138428,0.39408284425735474,-0.0,1.0,1.0,1,0,0,1,0,1,0,0.0,0.10955226421356201,2,clean,0.0,-1,14,3,CORRECT,0,0,0,0,0,0,0.0,0.0
margin,live-delta,10,0.0,0.271707,0.577329,0.024275,0.972656,0.439064,0.589064,0.06355580687522888,0.44446679949760437,0.3809109926223755,-0.0,1.0,1.0,1,0,0,1,0,1,0,0.0,0.09106484055519104,2,clean,0.0,-1,19,18,CORRECT,0,0,0,0,0,0,0.0,0.0
margin,live-delta,10,0.0,0.271707,0.577329,0.024275,0.972656,0.439064,0.589064,0.0298537015914917,0.4545491635799408,0.4246954619884491,-0.0,1.0,1.0,1,0,0,1,0,1,0,0.0,0.03719410300254822,1,clean,0.0,-1,21,28,CORRECT,0,0,0,0,0,0,0.0,0.0
margin,live-delta,10,0.0,0.271707,0.577329,0.024275,0.972656,0.439064,0.589064,0.0817604660987854,0.5454531908035278,0.46369272470474243,0.44480425119400024,1.5601847171783447,0.8368819952011108,2,0,0,1,0,1,0,0.0,0.1577472686767578,2,clean,0.0,-1,22,12,CORRECT,0,0,0,0,0,0,0.0,0.0
margin,live-delta,10,0.0,0.271707,0.577329,0.024275,0.972656,0.439064,0.589064,0.2307952344417572,0.45714232325553894,0.22634708881378174,-0.0,1.0,1.0,1,0,0,1,0,1,0,0.0,0.27203503251075745,2,clean,0.0,-1,23,9,CORRECT,0,0,0,0,0,0,0.0,0.0
margin,live-delta,10,0.0,0.271707,0.577329,0.024275,0.972656,0.439064,0.589064,0.08825361728668213,0.4393737316131592,0.35112011432647705,-0.0,1.0,1.0,1,0,1,0,1,0,1,1.0,-0.08825361728668213,0,clean,0.0,-1,24,58,BLENDED,0,0,0,0,0,0,0.0,0.0
margin,live-delta,10,0.0,0.271707,0.577329,0.024275,0.972656,0.439064,0.589064,0.018287837505340576,0.4404931664466858,0.4222053289413452,-0.0,1.0,1.0,1,0,0,1,0,1,0,0.0,0.11889442801475525,2,clean,0.0,-1,28,21,CORRECT,0,0,0,0,0,0,0.0,0.0
margin,live-delta,10,0.0,0.271707,0.577329,0.024275,0.972656,0.439064,0.589064,0.20138755440711975,0.5386088490486145,0.33722129464149475,-0.0,1.0,1.0,1,0,0,1,0,1,0,0.0,0.21796667575836182,2,clean,0.0,-1,29,30,CORRECT,0,0,0,0,0,0,0.0,0.0
margin,live-delta,10,0.0,0.271707,0.577329,0.024275,0.972656,0.439064,0.589064,0.001230776309967041,0.5109431743621826,0.5097123980522156,1.0983421802520752,2.999189853668213,0.3424144387245178,3,0,0,1,0,1,0,0.0,0.15158623456954956,2,clean,0.0,-1,30,27,CORRECT,0,0,0,0,0,0,0.0,0.0
margin,live-delta,10,0.0,0.271707,0.577329,0.024275,0.972656,0.439064,0.589064,0.05672097206115723,0.527478814125061,0.4707578420639038,0.9242557883262634,2.5199921131134033,0.6221434473991394,3,0,0,1,0,1,0,0.0,0.20573222637176514,2,clean,0.0,-1,31,21,CORRECT,0,0,0,0,0,0,0.0,0.0
margin,live-delta,10,0.0,0.271707,0.577329,0.024275,0.972656,0.439064,0.589064,0.06267088651657104,0.5771849155426025,0.5145140290260315,0.529564380645752,1.6981923580169678,0.7778909802436829,2,0,0,1,0,1,0,0.0,0.20687836408615112,2,clean,0.0,-1,32,21,CORRECT,0,0,0,0,0,0,0.0,0.0
margin,live-delta,10,0.0,0.271707,0.577329,0.024275,0.972656,0.439064,0.589064,0.06853950023651123,0.5272687673568726,0.45872926712036133,0.836567223072052,2.308429002761841,0.686884343624115,3,0,0,1,0,1,1,0.1744043529033661,0.06853950023651123,2,clean,0.0,-1,33,22,CORRECT,0,0,0,0,0,0,0.0,0.0
margin,live-delta,10,0.0,0.271707,0.577329,0.024275,0.972656,0.439064,0.589064,0.10985952615737915,0.44487905502319336,0.3350195288658142,-0.0,1.0,1.0,1,0,1,0,1,0,1,1.0,-0.10985952615737915,0,clean,0.0,-1,34,38,BLENDED,0,0,0,0,0,0,0.0,0.0
margin,live-delta,10,0.0,0.271707,0.577329,0.024275,0.972656,0.439064,0.589064,0.003992140293121338,0.46688970923423767,0.46289756894111633,1.5929940938949585,4.918453216552734,0.250478059053421,5,0,0,1,0,1,0,0.0,0.1551005244255066,2,clean,0.0,-1,36,31,CORRECT,0,0,0,0,0,0,0.0,0.0
margin,live-delta,10,0.0,0.271707,0.577329,0.024275,0.972656,0.439064,0.589064,0.042268991470336914,0.5554631948471069,0.51319420337677,1.7381713390350342,5.686934471130371,0.40361955761909485,8,0,0,1,0,1,1,0.2553464472293854,0.04853558540344238,1,clean,0.0,-1,37,14,CORRECT,0,0,0,0,0,0,0.0,0.0
margin,live-delta,10,0.0,0.271707,0.577329,0.024275,0.972656,0.439064,0.589064,0.030288755893707275,0.4567822813987732,0.4264935255050659,-0.0,1.0,1.0,1,0,0,1,0,1,0,0.0,0.10791254043579102,2,clean,0.0,-1,42,6,CORRECT,0,0,0,0,0,0,0.0,0.0
margin,live-delta,10,0.0,0.271707,0.577329,0.024275,0.972656,0.439064,0.589064,0.0289628803730011,0.45749402046203613,0.42853114008903503,-0.0,1.0,1.0,1,0,0,1,0,1,0,0.0,0.062056660652160645,2,clean,0.0,-1,43,31,CORRECT,0,0,0,0,0,0,0.0,0.0
margin,live-delta,10,0.0,0.271707,0.577329,0.024275,0.972656,0.439064,0.589064,0.004916787147521973,0.5519967079162598,0.5470799207687378,1.4430346488952637,4.233523845672607,0.3498474955558777,5,0,0,1,0,1,0,0.0,0.17608129978179932,2,clean,0.0,-1,45,5,CORRECT,0,0,0,0,0,0,0.0,0.0
margin,live-delta,10,0.0,0.271707,0.577329,0.024275,0.972656,0.439064,0.589064,0.00018841028213500977,0.47927355766296387,0.47908514738082886,0.6931453943252563,1.9999964237213135,0.5009419918060303,2,0,0,1,0,1,0,0.0,0.21689152717590332,2,clean,0.0,-1,48,18,CORRECT,0,0,0,0,0,0,0.0,0.0
margin,live-delta,10,0.0,0.271707,0.577329,0.024275,0.972656,0.439064,0.589064,0.13420286774635315,0.47192445397377014,0.337721586227417,-0.0,1.0,1.0,1,0,0,1,0,1,0,0.0,0.2240210920572281,2,clean,0.0,-1,49,18,CORRECT,0,0,0,0,0,0,0.0,0.0
margin,live-delta,10,0.0,0.271707,0.577329,0.024275,0.972656,0.439064,0.589064,0.019812464714050293,0.6749056577682495,0.6550931930541992,1.320310115814209,3.744582414627075,0.41643911600112915,7,0,0,1,0,1,0,0.0,0.2516825497150421,2,clean,0.0,-1,51,27,CORRECT,0,0,0,0,0,0,0.0,0.0
margin,live-delta,10,0.0,0.271707,0.577329,0.024275,0.972656,0.439064,0.589064,0.08814448118209839,0.606589138507843,0.5184446573257446,0.6165233850479126,1.8524764776229858,0.8030567765235901,3,0,0,1,0,1,0,0.0,0.3156187832355499,2,clean,0.0,-1,53,3,CORRECT,0,0,0,0,0,0,0.0,0.0
margin,live-delta,10,0.0,0.271707,0.577329,0.024275,0.972656,0.439064,0.589064,0.008193910121917725,0.5111909508705139,0.5029970407485962,1.2397409677505493,3.454718589782715,0.40997156500816345,4,0,0,1,0,1,0,0.0,0.09483623504638672,2,clean,0.0,-1,55,26,CORRECT,0,0,0,0,0,0,0.0,0.0
margin,live-delta,10,0.0,0.271707,0.577329,0.024275,0.972656,0.439064,0.589064,0.010157376527786255,0.4902037978172302,0.48004642128944397,1.5845460891723633,4.877077102661133,0.2621338367462158,5,0,0,1,0,1,1,0.12637773156166077,0.03647899627685547,1,clean,0.0,-1,56,27,CORRECT,0,0,0,0,0,0,0.0,0.0
margin,live-delta,10,0.0,0.271707,0.577329,0.024275,0.972656,0.439064,0.589064,0.06739246845245361,0.5771557092666626,0.509763240814209,1.3502264022827148,3.8582990169525146,0.5552761554718018,6,0,0,1,0,1,0,0.05098020285367966,0.11940142512321472,2,clean,0.0,-1,58,28,CORRECT,0,0,0,0,0,0,0.0,0.0
margin,live-delta,10,0.0,0.271707,0.577329,0.024275,0.972656,0.439064,0.589064,0.025899112224578857,0.6490280032157898,0.6231288909912109,1.4651652574539185,4.328258514404297,0.3999028503894806,6,0,0,1,0,1,0,0.0138956094160676,0.16798242926597595,2,clean,0.0,-1,59,25,CORRECT,0,0,0,0,0,0,0.0,0.0
margin,live-delta,10,0.0,0.271707,0.577329,0.024275,0.972656,0.439064,0.589064,0.06994545459747314,0.6491247415542603,0.5791792869567871,0.9464529752731323,2.576554298400879,0.6593641638755798,4,0,0,1,0,1,0,0.0,0.3308027386665344,2,clean,0.0,-1,62,25,CORRECT,0,0,0,0,0,0,0.0,0.0
margin,live-delta,10,0.0,0.271707,0.577329,0.024275,0.972656,0.439064,0.589064,0.01966238021850586,0.5686567425727844,0.5489943623542786,2.3414812088012695,10.396624565124512,0.19699007272720337,13,1,1,1,1,1,0,0.0,0.2685515880584717,2,clean,0.0,-1,64,55,CORRECT,0,0,0,0,0,0,0.0,0.0
margin,live-delta,10,0.0,0.271707,0.577329,0.024275,0.972656,0.439064,0.589064,0.024967968463897705,0.6106247305870056,0.5856567621231079,1.9094914197921753,6.749655246734619,0.31075409054756165,12,1,1,1,1,1,0,0.0,0.3402480483055115,2,clean,0.0,-1,65,37,CORRECT,0,0,0,0,0,0,0.0,0.0
margin,live-delta,10,0.0,0.271707,0.577329,0.024275,0.972656,0.439064,0.589064,0.05212599039077759,0.7629485726356506,0.710822582244873,1.4158259630203247,4.119887828826904,0.5562195777893066,16,1,1,1,1,1,0,0.0050707594491541386,0.2588147521018982,2,clean,0.0,-1,66,54,CORRECT,0,0,0,0,0,0,0.0,0.0
margin,live-delta,10,0.0,0.271707,0.577329,0.024275,0.972656,0.439064,0.589064,0.06852149963378906,0.7129783630371094,0.6444568634033203,1.7361316680908203,5.675346851348877,0.5102615356445312,17,1,1,1,1,1,0,0.0038727500941604376,0.24404793977737427,2,clean,0.0,-1,67,39,CORRECT,0,0,0,0,0,0,0.0,0.0
margin,live-delta,10,0.0,0.271707,0.577329,0.024275,0.972656,0.439064,0.589064,0.08516144752502441,0.7080281972885132,0.6228667497634888,1.44516122341156,4.2425360679626465,0.6203391551971436,15,1,1,1,1,1,0,0.003960753791034222,0.2526915967464447,2,clean,0.0,-1,68,54,CORRECT,0,0,0,0,0,0,0.0,0.0
margin,live-delta,10,0.0,0.271707,0.577329,0.024275,0.972656,0.439064,0.589064,0.04955393075942993,0.7288384437561035,0.6792845129966736,1.4435832500457764,4.235846996307373,0.514823317527771,11,1,1,1,1,1,0,0.001579965348355472,0.28932103514671326,2,clean,0.0,-1,69,55,CORRECT,0,0,0,0,0,0,0.0,0.0
margin,live-delta,10,0.0,0.271707,0.577329,0.024275,0.972656,0.439064,0.589064,0.014178097248077393,0.6187683939933777,0.6045902967453003,1.2818435430526733,3.603276491165161,0.4797991216182709,8,1,1,1,1,1,1,0.4353707432746887,0.014178097248077393,0,clean,0.0,-1,70,32,CORRECT,0,0,0,0,0,0,0.0,0.0
margin,live-delta,10,0.0,0.271707,0.577329,0.024275,0.972656,0.439064,0.589064,0.03313928842544556,0.5181591510772705,0.48501986265182495,0.6411111950874329,1.8985893726348877,0.659885823726654,2,1,1,1,1,1,0,0.0,0.1789383888244629,2,clean,0.0,-1,71,52,CORRECT,0,0,0,0,0,0,0.0,0.0
margin,live-delta,10,0.0,0.271707,0.577329,0.024275,0.972656,0.439064,0.589064,0.0879206657409668,0.5985121130943298,0.510591447353363,0.5796738862991333,1.7854560613632202,0.8154345154762268,3,1,1,1,1,1,0,0.0,0.19561368227005005,2,clean,0.0,-1,72,58,CORRECT,0,0,0,0,0,0,0.0,0.0
margin,live-delta,10,0.0,0.271707,0.577329,0.024275,0.972656,0.439064,0.589064,0.004833340644836426,0.6409604549407959,0.6361271142959595,1.7804850339889526,5.932733535766602,0.3165929615497589,11,1,1,1,1,1,0,0.0,0.31000831723213196,2,clean,0.0,-1,73,45,CORRECT,0,0,0,0,0,0,0.0,0.0
margin,live-delta,10,0.0,0.271707,0.577329,0.024275,0.972656,0.439064,0.589064,0.03012096881866455,0.551203727722168,0.5210827589035034,2.1479737758636475,8.56748104095459,0.28264811635017395,11,1,1,1,1,1,0,0.0,0.17551171779632568,2,clean,0.0,-1,74,50,CORRECT,0,0,0,0,0,0,0.0,0.0
margin,live-delta,10,0.0,0.271707,0.577329,0.024275,0.972656,0.439064,0.589064,0.005219697952270508,0.49835360050201416,0.49313390254974365,1.512419581413269,4.537696838378906,0.3093273341655731,5,1,1,1,1,1,0,0.0,0.15347930788993835,2,clean,0.0,-1,75,39,CORRECT,0,0,0,0,0,0,0.0,0.0
margin,live-delta,10,0.0,0.271707,0.577329,0.024275,0.972656,0.439064,0.589064,0.2984471321105957,0.7332471609115601,0.43480002880096436,-0.0,1.0,1.0,1,1,1,1,1,1,0,0.0,0.2984471321105957,2,clean,0.0,-1,76,38,CORRECT,0,0,0,0,0,0,0.0,0.0
margin,live-delta,10,0.0,0.271707,0.577329,0.024275,0.972656,0.439064,0.589064,0.11552649736404419,0.5862758159637451,0.4707493185997009,0.30312657356262207,1.3540858030319214,0.9097453355789185,2,1,1,1,1,1,0,0.0,0.14756673574447632,2,clean,0.0,-1,77,58,CORRECT,0,0,0,0,0,0,0.0,0.0
margin,live-delta,10,0.0,0.271707,0.577329,0.024275,0.972656,0.439064,0.589064,0.05276894569396973,0.5781490802764893,0.5253801345825195,1.8377052545547485,6.282105922698975,0.4033111035823822,9,1,1,1,1,1,0,0.06803681701421738,0.08898293972015381,2,clean,0.0,-1,78,44,CORRECT,0,0,0,0,0,0,0.0,0.0
margin,live-delta,10,0.0,0.271707,0.577329,0.024275,0.972656,0.439064,0.589064,0.14612972736358643,0.6591064929962158,0.5129767656326294,0.20158909261226654,1.2233452796936035,0.9489521384239197,2,1,1,1,1,1,0,0.0,0.330605149269104,2,clean,0.0,-1,80,48,CORRECT,0,0,0,0,0,0,0.0,0.0
margin,live-delta,10,0.0,0.271707,0.577329,0.024275,0.972656,0.439064,0.589064,0.016943812370300293,0.5699619054794312,0.5530180931091309,1.3377693891525269,3.8105342388153076,0.46108105778694153,6,1,1,1,1,1,0,0.0,0.24595826864242554,2,clean,0.0,-1,81,50,CORRECT,0,0,0,0,0,0,0.0,0.0
margin,live-delta,10,0.0,0.271707,0.577329,0.024275,0.972656,0.439064,0.589064,0.026044607162475586,0.7519335150718689,0.7258889079093933,1.5296614170074463,4.616613388061523,0.4416230618953705,13,1,1,1,1,1,0,0.0,0.4864329695701599,2,clean,0.0,-1,82,51,CORRECT,0,0,0,0,0,0,0.0,0.0
margin,live-delta,10,0.0,0.271707,0.577329,0.024275,0.972656,0.439064,0.589064,0.047495365142822266,0.6791089773178101,0.6316136121749878,1.3715834617614746,3.941587209701538,0.5729954838752747,11,1,1,1,1,1,0,0.0,0.3359265923500061,2,clean,0.0,-1,83,44,CORRECT,0,0,0,0,0,0,0.0,0.0
margin,live-delta,10,0.0,0.271707,0.577329,0.024275,0.972656,0.439064,0.589064,0.03799247741699219,0.7384377717971802,0.700445294380188,0.7970215678215027,2.2189221382141113,0.6581733822822571,7,1,1,1,1,1,0,0.0,0.348906934261322,2,clean,0.0,-1,84,41,CORRECT,0,0,0,0,0,0,0.0,0.0
margin,live-delta,10,0.0,0.271707,0.577329,0.024275,0.972656,0.439064,0.589064,0.0889737606048584,0.6956807374954224,0.606706976890564,1.406815767288208,4.0829339027404785,0.6207090616226196,13,1,1,1,1,1,0,0.0,0.38515859842300415,2,clean,0.0,-1,85,43,CORRECT,0,0,0,0,0,0,0.0,0.0
margin,live-delta,10,0.0,0.271707,0.577329,0.024275,0.972656,0.439064,0.589064,0.045197486877441406,0.7701441049575806,0.7249466180801392,1.4363933801651,4.205500602722168,0.5489729642868042,15,1,1,1,1,1,0,0.0,0.4686961770057678,2,clean,0.0,-1,86,51,CORRECT,0,0,0,0,0,0,0.0,0.0
margin,live-delta,10,0.0,0.271707,0.577329,0.024275,0.972656,0.439064,0.589064,0.011904120445251465,0.6797964572906494,0.667892336845398,1.5979340076446533,4.94281005859375,0.31458958983421326,9,1,1,1,1,1,0,0.0,0.41648101806640625,2,clean,0.0,-1,87,33,CORRECT,0,0,0,0,0,0,0.0,0.0
margin,live-delta,10,0.0,0.271707,0.577329,0.024275,0.972656,0.439064,0.589064,0.09143966436386108,0.5780873894691467,0.48664772510528564,0.8159888982772827,2.26141095161438,0.7532624006271362,4,1,1,1,1,1,0,0.05544177070260048,0.13045400381088257,2,clean,0.0,-1,88,47,CORRECT,0,0,0,0,0,0,0.0,0.0
margin,live-delta,10,0.0,0.271707,0.577329,0.024275,0.972656,0.439064,0.589064,0.03494095802307129,0.6190261840820312,0.58408522605896,0.9042328596115112,2.470036268234253,0.6164795756340027,4,1,1,1,1,1,0,0.0,0.2693459093570709,2,clean,0.0,-1,89,52,CORRECT,0,0,0,0,0,0,0.0,0.0
margin,live-delta,10,0.0,0.271707,0.577329,0.024275,0.972656,0.439064,0.589064,0.027263760566711426,0.692020058631897,0.6647562980651855,1.675542950630188,5.3416948318481445,0.37304309010505676,13,1,1,1,1,1,0,0.0,0.2833227515220642,2,clean,0.0,-1,91,39,CORRECT,0,0,0,0,0,0,0.0,0.0
margin,live-delta,10,0.0,0.271707,0.577329,0.024275,0.972656,0.439064,0.589064,0.029761195182800293,0.7398475408554077,0.7100863456726074,1.7118500471115112,5.5391998291015625,0.3889440596103668,14,1,1,1,1,1,0,0.0,0.47665858268737793,2,clean,0.0,-1,92,45,CORRECT,0,0,0,0,0,0,0.0,0.0
margin,live-delta,10,0.0,0.271707,0.577329,0.024275,0.972656,0.439064,0.589064,0.1284804344177246,0.5923916697502136,0.463911235332489,0.6271226406097412,1.872215747833252,0.8348609805107117,4,1,1,1,1,1,1,0.16513895988464355,0.1284804344177246,2,clean,0.0,-1,93,32,CORRECT,0,0,0,0,0,0,0.0,0.0
margin,live-delta,10,0.0,0.271707,0.577329,0.024275,0.972656,0.439064,0.589064,0.1297839879989624,0.55228590965271,0.42250192165374756,-0.0,1.0,1.0,1,1,1,1,1,1,0,0.0,0.32412323355674744,2,clean,0.0,-1,94,52,CORRECT,0,0,0,0,0,0,0.0,0.0
margin,live-delta,10,0.0,0.271707,0.577329,0.024275,0.972656,0.439064,0.589064,0.09342542290687561,0.5417872071266174,0.4483617842197418,0.3933871388435364,1.4819920063018799,0.8662855625152588,2,1,1,1,1,1,0,0.0,0.27124589681625366,2,clean,0.0,-1,95,51,CORRECT,0,0,0,0,0,0,0.0,0.0
margin,live-delta,10,0.0,0.271707,0.577329,0.024275,0.972656,0.439064,0.589064,0.050793468952178955,0.5806038975715637,0.5298104286193848,1.4404054880142212,4.222407817840576,0.45094889402389526,5,1,1,1,1,1,0,0.0,0.2296139895915985,2,clean,0.0,-1,97,39,CORRECT,0,0,0,0,0,0,0.0,0.0
margin,live-delta,10,0.0,0.271707,0.577329,0.024275,0.972656,0.439064,0.589064,0.015441596508026123,0.584922194480896,0.5694805979728699,1.9659758806228638,7.141879081726074,0.2806284725666046,9,1,1,1,1,1,0,0.0,0.33483394980430603,2,clean,0.0,-1,98,45,CORRECT,0,0,0,0,0,0,0.0,0.0
margin,live-delta,10,0.0,0.271707,0.577329,0.024275,0.972656,0.439064,0.589064,0.26017677783966064,0.6687585115432739,0.4085817337036133,-0.0,1.0,1.0,1,1,1,1,1,1,0,0.0,0.3264943063259125,2,clean,0.0,-1,99,60,CORRECT,0,0,0,0,0,0,0.0,0.0
margin,live-delta,10,0.0,0.271707,0.577329,0.024275,0.972656,0.439064,0.589064,0.015581190586090088,0.7002413272857666,0.6846601366996765,1.6012790203094482,4.959371566772461,0.4149681627750397,13,1,1,1,1,1,0,0.03963572904467583,0.12970495223999023,2,clean,0.0,-1,100,55,CORRECT,0,0,0,0,0,0,0.0,0.0
margin,live-delta,10,0.0,0.271707,0.577329,0.024275,0.972656,0.439064,0.589064,0.056407630443573,0.6827635765075684,0.6263559460639954,1.5161516666412354,4.55466365814209,0.4522438645362854,8,1,1,1,1,1,0,0.0,0.3936646282672882,2,clean,0.0,-1,101,33,CORRECT,0,0,0,0,0,0,0.0,0.0
margin,live-delta,10,0.0,0.271707,0.577329,0.024275,0.972656,0.439064,0.589064,0.03583967685699463,0.5661741495132446,0.53033447265625,1.8710620403289795,6.4951910972595215,0.3483125567436218,9,1,1,1,1,1,1,0.16582131385803223,0.03710949420928955,1,clean,0.0,-1,102,50,CORRECT,0,0,0,0,0,0,0.0,0.0
margin,live-delta,10,0.0,0.271707,0.577329,0.024275,0.972656,0.439064,0.589064,0.01545494794845581,0.607532799243927,0.5920778512954712,0.6813455820083618,1.9765355587005615,0.5766653418540955,2,1,1,1,1,1,0,0.0,0.19596463441848755,2,clean,0.0,-1,103,41,CORRECT,0,0,0,0,0,0,0.0,0.0
margin,live-delta,10,0.0,0.271707,0.577329,0.024275,0.972656,0.439064,0.589064,0.06616508960723877,0.7455623149871826,0.6793972253799438,1.2658060789108276,3.545949935913086,0.6393237709999084,14,1,1,1,1,1,0,0.0,0.34216418862342834,2,clean,0.0,-1,104,39,CORRECT,0,0,0,0,0,0,0.0,0.0
margin,live-delta,10,0.0,0.271707,0.577329,0.024275,0.972656,0.439064,0.589064,0.0018985271453857422,0.7375691533088684,0.7356706261634827,1.6145350933074951,5.025550842285156,0.3246951401233673,13,1,1,1,1,1,0,0.0,0.30341246724128723,2,clean,0.0,-1,105,54,CORRECT,0,0,0,0,0,0,0.0,0.0
margin,live-delta,10,0.0,0.271707,0.577329,0.024275,0.972656,0.439064,0.589064,0.00989389419555664,0.4737173914909363,0.46382349729537964,1.0729889869689941,2.9241065979003906,0.41885125637054443,3,1,1,1,1,1,0,0.0,0.1302989423274994,2,clean,0.0,-1,106,62,CORRECT,0,0,0,0,0,0,0.0,0.0
margin,live-delta,10,0.0,0.271707,0.577329,0.024275,0.972656,0.439064,0.589064,0.1537250280380249,0.799985408782959,0.6462603807449341,0.4958779215812683,1.6419390439987183,0.8949791193008423,10,1,1,1,1,1,0,0.0,0.5308573842048645,2,clean,0.0,-1,107,51,CORRECT,0,0,0,0,0,0,0.0,0.0
margin,live-delta,10,0.0,0.271707,0.577329,0.024275,0.972656,0.439064,0.589064,0.03705352544784546,0.7192625999450684,0.6822090744972229,1.5510046482086182,4.716206073760986,0.5038705468177795,15,1,1,1,1,1,0,0.0,0.4430217444896698,2,clean,0.0,-1,108,45,CORRECT,0,0,0,0,0,0,0.0,0.0
margin,live-delta,10,0.0,0.271707,0.577329,0.024275,0.972656,0.439064,0.589064,0.22602304816246033,0.6040655374526978,0.3780424892902374,-0.0,1.0,1.0,1,1,1,1,1,1,0,0.0,0.22602304816246033,2,clean,0.0,-1,109,38,CORRECT,0,0,0,0,0,0,0.0,0.0
margin,live-delta,10,0.0,0.271707,0.577329,0.024275,0.972656,0.439064,0.589064,0.037272632122039795,0.5118335485458374,0.4745609164237976,0.6282285451889038,1.8742873668670654,0.6781869530677795,2,1,1,1,1,1,0,0.0,0.14201003313064575,2,clean,0.0,-1,110,47,CORRECT,0,0,0,0,0,0,0.0,0.0
margin,live-delta,10,0.0,0.271707,0.577329,0.024275,0.972656,0.439064,0.589064,0.00589442253112793,0.6232324838638306,0.6173380613327026,0.9393909573554993,2.558422803878784,0.49284619092941284,4,1,1,1,1,1,0,0.0,0.26012080907821655,2,clean,0.0,-1,111,59,CORRECT,0,0,0,0,0,0,0.0,0.0
margin,live-delta,10,0.0,0.271707,0.577329,0.024275,0.972656,0.439064,0.589064,0.01124069094657898,0.4431905448436737,0.4319498538970947,-0.0,1.0,1.0,1,1,1,1,1,1,0,0.0,0.03822389245033264,1,clean,0.0,-1,112,51,CORRECT,0,0,0,0,0,0,0.0,0.0
margin,live-delta,10,0.0,0.271707,0.577329,0.024275,0.972656,0.439064,0.589064,0.06394106149673462,0.701833188533783,0.6378921270370483,1.6664202213287354,5.293185234069824,0.5275378227233887,15,1,1,1,1,1,0,0.0035519737284630537,0.25003582239151,2,clean,0.0,-1,113,39,CORRECT,0,0,0,0,0,0,0.0,0.0
margin,live-delta,10,0.0,0.271707,0.577329,0.024275,0.972656,0.439064,0.589064,0.06835818290710449,0.6080368757247925,0.539678692817688,0.9950105547904968,2.7047529220581055,0.660291850566864,4,1,1,1,1,1,0,0.0,0.2539392411708832,2,clean,0.0,-1,114,59,CORRECT,0,0,0,0,0,0,0.0,0.0
margin,live-delta,10,0.0,0.271707,0.577329,0.024275,0.972656,0.439064,0.589064,0.05447810888290405,0.6041508316993713,0.5496727228164673,1.0775936841964722,2.9376022815704346,0.6253456473350525,5,1,1,1,1,1,0,0.0,0.33038443326950073,2,clean,0.0,-1,115,50,CORRECT,0,0,0,0,0,0,0.0,0.0
margin,live-delta,10,0.0,0.271707,0.577329,0.024275,0.972656,0.439064,0.589064,0.01016378402709961,0.5373191833496094,0.5271553993225098,1.6083056926727295,4.99434232711792,0.3345862329006195,6,1,1,1,1,1,1,0.23712188005447388,0.042666494846343994,1,clean,0.0,-1,116,63,CORRECT,0,0,0,0,0,0,0.0,0.0
margin,live-delta,10,0.0,0.271707,0.577329,0.024275,0.972656,0.439064,0.589064,0.06607326865196228,0.4983387291431427,0.4322654604911804,-0.0,1.0,1.0,1,1,1,1,1,1,0,0.0,0.06607326865196228,2,clean,0.0,-1,117,58,CORRECT,0,0,0,0,0,0,0.0,0.0
margin,live-delta,10,0.0,0.271707,0.577329,0.024275,0.972656,0.439064,0.589064,0.04003894329071045,0.7102930545806885,0.670254111289978,1.3079015016555786,3.698404550552368,0.5311775207519531,9,1,1,1,1,1,0,0.0,0.4212930202484131,2,clean,0.0,-1,119,39,CORRECT,0,0,0,0,0,0,0.0,0.0
margin,live-delta,10,0.0,0.271707,0.577329,0.024275,0.972656,0.439064,0.589064,0.2523503005504608,0.6183493137359619,0.3659990131855011,-0.0,1.0,1.0,1,1,1,1,1,1,0,0.0,0.41161060333251953,2,clean,0.0,-1,121,52,CORRECT,0,0,0,0,0,0,0.0,0.0
margin,live-delta,10,0.0,0.271707,0.577329,0.024275,0.972656,0.439064,0.589064,0.014266133308410645,0.7422631978988647,0.7279970645904541,1.422123670578003,4.145915508270264,0.38885706663131714,11,1,1,1,1,1,0,0.0,0.5021474361419678,2,clean,0.0,-1,122,45,CORRECT,0,0,0,0,0,0,0.0,0.0
margin,live-delta,10,0.0,0.271707,0.577329,0.024275,0.972656,0.439064,0.589064,0.08240044116973877,0.8361939191818237,0.753793478012085,0.5423063039779663,1.7199690341949463,0.8239426612854004,6,1,1,1,1,1,0,0.0004518595524132252,0.37542420625686646,2,clean,0.0,-1,123,36,CORRECT,0,0,0,0,0,0,0.0,0.0
margin,live-delta,10,0.0,0.271707,0.577329,0.024275,0.972656,0.439064,0.589064,0.03546115756034851,0.49169304966926575,0.45623189210891724,1.0287868976593018,2.7976698875427246,0.5145205855369568,3,1,1,1,1,1,0,0.0,0.18838730454444885,2,clean,0.0,-1,125,41,CORRECT,0,0,0,0,0,0,0.0,0.0
margin,live-delta,10,0.0,0.271707,0.577329,0.024275,0.972656,0.439064,0.589064,0.0261155366897583,0.744177520275116,0.7180619835853577,1.4765279293060303,4.377719402313232,0.4277113974094391,13,1,1,1,1,1,0,0.005537495948374271,0.23962503671646118,2,clean,0.0,-1,126,62,CORRECT,0,0,0,0,0,0,0.0,0.0
margin,live-delta,10,0.0,0.271707,0.577329,0.024275,0.972656,0.439064,0.589064,0.19001200795173645,0.6020189523696899,0.4120069444179535,-0.0,1.0,1.0,1,1,1,1,1,1,0,0.0,0.37000665068626404,2,clean,0.0,-1,127,47,CORRECT,0,0,0,0,0,0,0.0,0.0
margin,live-delta,10,0.0,0.271707,0.577329,0.024275,0.972656,0.439064,0.589064,0.005229651927947998,0.5517898201942444,0.5465601682662964,2.1953423023223877,8.983075141906738,0.20394165813922882,11,2,2,1,2,1,0,0.0,0.22328901290893555,2,clean,0.0,-1,128,92,CORRECT,0,0,0,0,0,0,0.0,0.0
margin,live-delta,10,0.0,0.271707,0.577329,0.024275,0.972656,0.439064,0.589064,0.012582868337631226,0.4893530011177063,0.4767701327800751,1.5458707809448242,4.692055702209473,0.315262109041214,5,2,2,1,2,1,0,0.0,0.07689374685287476,2,clean,0.0,-1,130,88,CORRECT,0,0,0,0,0,0,0.0,0.0
margin,live-delta,10,0.0,0.271707,0.577329,0.024275,0.972656,0.439064,0.589064,0.03712707757949829,0.7388211488723755,0.7016940712928772,1.1324647665023804,3.1032960414886475,0.5346430540084839,9,2,2,1,2,1,0,0.0,0.4550756812095642,2,clean,0.0,-1,131,92,CORRECT,0,0,0,0,0,0,0.0,0.0
margin,live-delta,10,0.0,0.271707,0.577329,0.024275,0.972656,0.439064,0.589064,0.07996654510498047,0.5953593254089355,0.5153927803039551,1.5070693492889404,4.513484001159668,0.5781190991401672,9,2,2,1,2,1,0,0.0,0.30446359515190125,2,clean,0.0,-1,132,80,CORRECT,0,0,0,0,0,0,0.0,0.0
margin,live-delta,10,0.0,0.271707,0.577329,0.024275,0.972656,0.439064,0.589064,0.10068809986114502,0.6728984117507935,0.5722103118896484,1.317524790763855,3.7341670989990234,0.6606665849685669,10,2,2,1,2,1,0,0.0,0.549420952796936,2,clean,0.0,-1,133,66,CORRECT,0,0,0,0,0,0,0.0,0.0
margin,live-delta,10,0.0,0.271707,0.577329,0.024275,0.972656,0.439064,0.589064,0.010797262191772461,0.6597398519515991,0.6489425897598267,1.7877330780029297,5.975890159606934,0.33156898617744446,12,2,2,1,2,1,0,0.0,0.41171005368232727,2,clean,0.0,-1,134,92,CORRECT,0,0,0,0,0,0,0.0,0.0
margin,live-delta,10,0.0,0.271707,0.577329,0.024275,0.972656,0.439064,0.589064,0.038563430309295654,0.7814432978630066,0.7428798675537109,2.0973949432373047,8.14492416381836,0.3092581331729889,17,2,2,1,2,1,0,0.0,0.6722792387008667,2,clean,0.0,-1,135,86,CORRECT,0,0,0,0,0,0,0.0,0.0
margin,live-delta,10,0.0,0.271707,0.577329,0.024275,0.972656,0.439064,0.589064,0.020030081272125244,0.5288381576538086,0.5088080763816833,2.260021448135376,9.583294868469238,0.22070133686065674,11,2,2,1,2,1,0,0.0,0.34904682636260986,2,clean,0.0,-1,136,88,CORRECT,0,0,0,0,0,0,0.0,0.0
margin,live-delta,10,0.0,0.271707,0.577329,0.024275,0.972656,0.439064,0.589064,0.073203444480896,0.7202974557876587,0.6470940113067627,1.0489871501922607,2.8547582626342773,0.6896443367004395,9,2,2,1,2,1,0,0.0,0.329639196395874,2,clean,0.0,-1,137,88,CORRECT,0,0,0,0,0,0,0.0,0.0
margin,live-delta,10,0.0,0.271707,0.577329,0.024275,0.972656,0.439064,0.589064,0.010031938552856445,0.6941384077072144,0.6841064691543579,2.1667442321777344,8.729815483093262,0.25467154383659363,18,2,2,1,2,1,0,0.0,0.5886439085006714,2,clean,0.0,-1,138,81,CORRECT,0,0,0,0,0,0,0.0,0.0
margin,live-delta,10,0.0,0.271707,0.577329,0.024275,0.972656,0.439064,0.589064,0.02701401710510254,0.5055744051933289,0.4785603880882263,0.6579487919807434,1.9308277368545532,0.6318776607513428,2,2,2,1,2,1,0,0.0,0.27878403663635254,2,clean,0.0,-1,139,80,CORRECT,0,0,0,0,0,0,0.0,0.0
margin,live-delta,10,0.0,0.271707,0.577329,0.024275,0.972656,0.439064,0.589064,0.004963397979736328,0.5345861911773682,0.5296227931976318,1.971577525138855,7.181997299194336,0.22626833617687225,8,2,2,1,2,1,0,0.0,0.4051614999771118,2,clean,0.0,-1,140,66,CORRECT,0,0,0,0,0,0,0.0,0.0
margin,live-delta,10,0.0,0.271707,0.577329,0.024275,0.972656,0.439064,0.589064,0.0156974196434021,0.6356213688850403,0.6199239492416382,1.9866859912872314,7.291330337524414,0.2903841435909271,13,2,2,1,2,1,0,0.0,0.4982225298881531,2,clean,0.0,-1,141,66,CORRECT,0,0,0,0,0,0,0.0,0.0
margin,live-delta,10,0.0,0.271707,0.577329,0.024275,0.972656,0.439064,0.589064,0.01708298921585083,0.7122920751571655,0.6952090859413147,1.2599601745605469,3.5252811908721924,0.4833809733390808,10,2,2,1,2,1,0,0.0,0.3683291971683502,2,clean,0.0,-1,142,88,CORRECT,0,0,0,0,0,0,0.0,0.0
margin,live-delta,10,0.0,0.271707,0.577329,0.024275,0.972656,0.439064,0.589064,0.05140995979309082,0.7328740954399109,0.6814641356468201,1.9405049085617065,6.962265491485596,0.40896961092948914,16,2,2,1,2,1,0,0.0,0.6180444955825806,2,clean,0.0,-1,143,66,CORRECT,0,0,0,0,0,0,0.0,0.0
margin,live-delta,10,0.0,0.271707,0.577329,0.024275,0.972656,0.439064,0.589064,0.06999588012695312,0.8557835817337036,0.7857877016067505,1.1510076522827148,3.161376953125,0.6333998441696167,16,2,2,1,2,1,0,0.0,0.6665446758270264,2,clean,0.0,-1,144,92,CORRECT,0,0,0,0,0,0,0.0,0.0
margin,live-delta,10,0.0,0.271707,0.577329,0.024275,0.972656,0.439064,0.589064,0.07027477025985718,0.7297858595848083,0.6595110893249512,1.6335607767105103,5.1220808029174805,0.5572382807731628,15,2,2,1,2,1,0,0.0,0.5841353535652161,2,clean,0.0,-1,145,82,CORRECT,0,0,0,0,0,0,0.0,0.0
margin,live-delta,10,0.0,0.271707,0.577329,0.024275,0.972656,0.439064,0.589064,0.012750029563903809,0.620884895324707,0.6081348657608032,2.2108232975006104,9.123224258422852,0.2578112781047821,15,2,2,1,2,1,0,0.0,0.41435956954956055,2,clean,0.0,-1,146,89,CORRECT,0,0,0,0,0,0,0.0,0.0
margin,live-delta,10,0.0,0.271707,0.577329,0.024275,0.972656,0.439064,0.589064,0.01943683624267578,0.7345792055130005,0.7151423692703247,1.9745113849639893,7.203099250793457,0.32740145921707153,17,2,2,1,2,1,0,0.0,0.5811883211135864,2,clean,0.0,-1,147,66,CORRECT,0,0,0,0,0,0,0.0,0.0
margin,live-delta,10,0.0,0.271707,0.577329,0.024275,0.972656,0.439064,0.589064,0.05345660448074341,0.7361685633659363,0.6827119588851929,1.9927566051483154,7.335727691650391,0.3912556767463684,14,2,2,1,2,1,0,0.0,0.5475063323974609,2,clean,0.0,-1,148,87,CORRECT,0,0,0,0,0,0,0.0,0.0
margin,live-delta,10,0.0,0.271707,0.577329,0.024275,0.972656,0.439064,0.589064,0.032271623611450195,0.8208656311035156,0.7885940074920654,1.3720816373825073,3.9435513019561768,0.4559568762779236,16,2,2,1,2,1,0,0.0,0.5866742730140686,2,clean,0.0,-1,149,88,CORRECT,0,0,0,0,0,0,0.0,0.0
margin,live-delta,10,0.0,0.271707,0.577329,0.024275,0.972656,0.439064,0.589064,0.055301666259765625,0.5719026327133179,0.5166009664535522,1.0985515117645264,2.9998176097869873,0.626548171043396,5,2,2,1,2,1,0,0.0,0.34642860293388367,2,clean,0.0,-1,150,80,CORRECT,0,0,0,0,0,0,0.0,0.0
margin,live-delta,10,0.0,0.271707,0.577329,0.024275,0.972656,0.439064,0.589064,0.16924935579299927,0.6686280965805054,0.4993787407875061,0.38829556107521057,1.4744654893875122,0.9189178347587585,5,2,2,1,2,1,0,0.0,0.5161433815956116,2,clean,0.0,-1,151,82,CORRECT,0,0,0,0,0,0,0.0,0.0
margin,live-delta,10,0.0,0.271707,0.577329,0.024275,0.972656,0.439064,0.589064,0.014408707618713379,0.7415615320205688,0.7271528244018555,2.1189281940460205,8.322213172912598,0.27553868293762207,18,2,2,1,2,1,0,0.0,0.6040228009223938,2,clean,0.0,-1,152,66,CORRECT,0,0,0,0,0,0,0.0,0.0
margin,live-delta,10,0.0,0.271707,0.577329,0.024275,0.972656,0.439064,0.589064,0.010547876358032227,0.8060425519943237,0.7954946756362915,1.3239156007766724,3.758107900619507,0.42233118414878845,16,2,2,1,2,1,0,0.0,0.5476217269897461,2,clean,0.0,-1,153,92,CORRECT,0,0,0,0,0,0,0.0,0.0
margin,live-delta,10,0.0,0.271707,0.577329,0.024275,0.972656,0.439064,0.589064,0.020640254020690918,0.6020315885543823,0.5813913345336914,2.2193665504455566,9.201499938964844,0.24520422518253326,13,2,2,1,2,1,0,0.0,0.42076271772384644,2,clean,0.0,-1,160,94,CORRECT,0,0,0,0,0,0,0.0,0.0
margin,live-delta,10,0.0,0.271707,0.577329,0.024275,0.972656,0.439064,0.589064,0.0004684329032897949,0.558491587638855,0.5580231547355652,2.468005895614624,11.798894882202148,0.15108776092529297,14,2,2,1,2,1,0,0.0,0.3641226291656494,2,clean,0.0,-1,162,94,CORRECT,0,0,0,0,0,0,0.0,0.0
margin,live-delta,10,0.0,0.271707,0.577329,0.024275,0.972656,0.439064,0.589064,0.009126722812652588,0.5600058436393738,0.5508791208267212,1.837072491645813,6.27813196182251,0.299072802066803,8,2,2,1,2,1,0,0.0,0.3933143615722656,2,clean,0.0,-1,164,86,CORRECT,0,0,0,0,0,0,0.0,0.0
margin,live-delta,10,0.0,0.271707,0.577329,0.024275,0.972656,0.439064,0.589064,0.02350926399230957,0.6209155321121216,0.597406268119812,2.3354697227478027,10.33431339263916,0.22745604813098907,14,2,2,1,2,1,0,0.0,0.4534796178340912,2,clean,0.0,-1,166,66,CORRECT,0,0,0,0,0,0,0.0,0.0
margin,live-delta,10,0.0,0.271707,0.577329,0.024275,0.972656,0.439064,0.589064,0.07067340612411499,0.8171741366386414,0.7465007305145264,1.6226474046707153,5.06648588180542,0.5326154232025146,17,2,2,1,2,1,0,0.0,0.6834558248519897,2,clean,0.0,-1,167,94,CORRECT,0,0,0,0,0,0,0.0,0.0
margin,live-delta,10,0.0,0.271707,0.577329,0.024275,0.972656,0.439064,0.589064,0.04554343223571777,0.8218976855278015,0.7763542532920837,1.8764818906784058,6.530489444732666,0.38273027539253235,18,2,2,1,2,1,0,0.0,0.6797922253608704,2,clean,0.0,-1,169,87,CORRECT,0,0,0,0,0,0,0.0,0.0
margin,live-delta,10,0.0,0.271707,0.577329,0.024275,0.972656,0.439064,0.589064,0.055218279361724854,0.4490985870361328,0.39388030767440796,-0.0,1.0,1.0,1,2,2,1,2,1,0,0.0,0.1706991195678711,2,clean,0.0,-1,170,74,CORRECT,0,0,0,0,0,0,0.0,0.0
margin,live-delta,10,0.0,0.271707,0.577329,0.024275,0.972656,0.439064,0.589064,0.03050374984741211,0.7986985445022583,0.7681947946548462,2.0227675437927246,7.559216499328613,0.3476046919822693,18,2,2,1,2,1,0,0.0,0.652678370475769,2,clean,0.0,-1,172,94,CORRECT,0,0,0,0,0,0,0.0,0.0
margin,live-delta,10,0.0,0.271707,0.577329,0.024275,0.972656,0.439064,0.589064,0.022157609462738037,0.6517328023910522,0.6295751929283142,1.8360211849212646,6.271535396575928,0.374071329832077,11,2,2,1,2,1,0,0.0,0.493843138217926,2,clean,0.0,-1,173,79,CORRECT,0,0,0,0,0,0,0.0,0.0
margin,live-delta,10,0.0,0.271707,0.577329,0.024275,0.972656,0.439064,0.589064,0.029355645179748535,0.8051860332489014,0.7758303880691528,1.780912160873413,5.935267925262451,0.37560105323791504,17,2,2,1,2,1,0,0.0,0.5979050397872925,2,clean,0.0,-1,174,88,CORRECT,0,0,0,0,0,0,0.0,0.0
margin,live-delta,10,0.0,0.271707,0.577329,0.024275,0.972656,0.439064,0.589064,0.014246940612792969,0.5697592496871948,0.5555123090744019,2.2537872791290283,9.523736953735352,0.26052936911582947,13,2,2,1,2,1,0,0.0,0.27040910720825195,2,clean,0.0,-1,175,82,CORRECT,0,0,0,0,0,0,0.0,0.0
margin,live-delta,10,0.0,0.271707,0.577329,0.024275,0.972656,0.439064,0.589064,0.014076292514801025,0.726281464099884,0.712205171585083,1.8721051216125488,6.501969337463379,0.28966787457466125,16,2,2,1,2,1,0,0.0,0.535503089427948,2,clean,0.0,-1,176,87,CORRECT,0,0,0,0,0,0,0.0,0.0
margin,live-delta,10,0.0,0.271707,0.577329,0.024275,0.972656,0.439064,0.589064,0.05845820903778076,0.6732896566390991,0.6148314476013184,1.9466885328292847,7.00545072555542,0.41664114594459534,15,2,2,1,2,1,0,0.0,0.47631222009658813,2,clean,0.0,-1,177,66,CORRECT,0,0,0,0,0,0,0.0,0.0
margin,live-delta,10,0.0,0.271707,0.577329,0.024275,0.972656,0.439064,0.589064,0.09708833694458008,0.498207688331604,0.4011193513870239,-0.0,1.0,1.0,1,2,2,1,2,1,0,0.0,0.16100990772247314,2,clean,0.0,-1,178,64,CORRECT,0,0,0,0,0,0,0.0,0.0
margin,live-delta,10,0.0,0.271707,0.577329,0.024275,0.972656,0.439064,0.589064,0.014411091804504395,0.642770528793335,0.6283594369888306,2.2935867309570312,9.910420417785645,0.2121940553188324,17,2,2,1,2,1,0,0.0,0.5257186889648438,2,clean,0.0,-1,179,81,CORRECT,0,0,0,0,0,0,0.0,0.0
margin,live-delta,10,0.0,0.271707,0.577329,0.024275,0.972656,0.439064,0.589064,0.009206622838973999,0.48549434542655945,0.47628772258758545,0.6889269948005676,1.991577386856079,0.5459035038948059,2,2,2,1,2,1,0,0.0,0.08106586337089539,2,clean,0.0,-1,180,88,CORRECT,0,0,0,0,0,0,0.0,0.0
margin,live-delta,10,0.0,0.271707,0.577329,0.024275,0.972656,0.439064,0.589064,0.07042646408081055,0.7437867522239685,0.673360288143158,1.7850247621536255,5.959727764129639,0.4779830276966095,13,2,2,1,2,1,0,0.0,0.6262246966362,2,clean,0.0,-1,182,82,CORRECT,0,0,0,0,0,0,0.0,0.0
margin,live-delta,10,0.0,0.271707,0.577329,0.024275,0.972656,0.439064,0.589064,0.00473785400390625,0.6011457443237305,0.5964078903198242,2.072744846343994,7.946605205535889,0.22993776202201843,12,2,2,1,2,1,0,0.0,0.3789810240268707,2,clean,0.0,-1,183,86,CORRECT,0,0,0,0,0,0,0.0,0.0
margin,live-delta,10,0.0,0.271707,0.577329,0.024275,0.972656,0.439064,0.589064,0.0015205740928649902,0.6854196190834045,0.6838990449905396,2.1933770179748535,8.965438842773438,0.20872709155082703,18,2,2,1,2,1,0,0.0,0.5326675176620483,2,clean,0.0,-1,184,86,CORRECT,0,0,0,0,0,0,0.0,0.0
margin,live-delta,10,0.0,0.271707,0.577329,0.024275,0.972656,0.439064,0.589064,0.032849788665771484,0.6116892099380493,0.5788394212722778,2.093151569366455,8.110435485839844,0.3236585557460785,13,2,2,1,2,1,0,0.0,0.46648189425468445,2,clean,0.0,-1,185,81,CORRECT,0,0,0,0,0,0,0.0,0.0
margin,live-delta,10,0.0,0.271707,0.577329,0.024275,0.972656,0.439064,0.589064,0.009874820709228516,0.8028467893600464,0.7929719686508179,1.5425740480422974,4.676612377166748,0.3523537814617157,16,2,2,1,2,1,0,0.0,0.5988579988479614,2,clean,0.0,-1,186,88,CORRECT,0,0,0,0,0,0,0.0,0.0
margin,live-delta,10,0.0,0.271707,0.577329,0.024275,0.972656,0.439064,0.589064,0.002904832363128662,0.8251573443412781,0.8222525119781494,1.9314234256744385,6.8993239402771,0.2785907983779907,18,2,2,1,2,1,0,0.0,0.7316372394561768,2,clean,0.0,-1,187,66,CORRECT,0,0,0,0,0,0,0.0,0.0
margin,live-delta,10,0.0,0.271707,0.577329,0.024275,0.972656,0.439064,0.589064,0.0050036609172821045,0.47099390625953674,0.46599024534225464,1.0700676441192627,2.915576696395874,0.4062097668647766,3,2,2,1,2,1,0,0.0,0.1328435242176056,2,clean,0.0,-1,188,89,CORRECT,0,0,0,0,0,0,0.0,0.0
margin,live-delta,10,0.0,0.271707,0.577329,0.024275,0.972656,0.439064,0.589064,0.0056299567222595215,0.5357644557952881,0.5301344990730286,1.9224615097045898,6.837769031524658,0.258139431476593,8,2,2,1,2,1,0,0.0,0.26216602325439453,2,clean,0.0,-1,190,67,CORRECT,0,0,0,0,0,0,0.0,0.0
margin,live-delta,10,0.0,0.271707,0.577329,0.024275,0.972656,0.439064,0.589064,0.05560547113418579,0.632349967956543,0.5767444968223572,2.061814069747925,7.860215663909912,0.36354196071624756,13,2,2,1,2,1,0,0.0,0.39755454659461975,2,clean,0.0,-1,191,81,CORRECT,0,0,0,0,0,0,0.0,0.0
margin,live-delta,10,0.0,0.271707,0.577329,0.024275,0.972656,0.439064,0.589064,0.1022566556930542,0.8100323677062988,0.7077757120132446,1.329530954360962,3.7792701721191406,0.6659570336341858,15,3,3,1,3,1,0,0.0,0.6372814774513245,2,clean,0.0,-1,192,110,CORRECT,0,0,0,0,0,0,0.0,0.0
margin,live-delta,10,0.0,0.271707,0.577329,0.024275,0.972656,0.439064,0.589064,0.006317168474197388,0.46576759219169617,0.4594504237174988,0.6911558508872986,1.9960212707519531,0.5315437316894531,2,3,3,1,3,1,0,0.0,0.23192644119262695,2,clean,0.0,-1,193,122,CORRECT,0,0,0,0,0,0,0.0,0.0
margin,live-delta,10,0.0,0.271707,0.577329,0.024275,0.972656,0.439064,0.589064,0.027418076992034912,0.8872389197349548,0.8598208427429199,1.6352026462554932,5.130497455596924,0.4058467745780945,13,3,3,1,3,1,0,0.0,0.7987887859344482,2,clean,0.0,-1,194,97,CORRECT,0,0,0,0,0,0,0.0,0.0
margin,live-delta,10,0.0,0.271707,0.577329,0.024275,0.972656,0.439064,0.589064,0.09606266021728516,0.7679380178451538,0.6718753576278687,1.635295033454895,5.130971431732178,0.5858632326126099,20,3,3,1,3,1,0,0.0,0.467274934053421,2,clean,0.0,-1,195,105,CORRECT,0,0,0,0,0,0,0.0,0.0
margin,live-delta,10,0.0,0.271707,0.577329,0.024275,0.972656,0.439064,0.589064,0.033324480056762695,0.5985491275787354,0.5652246475219727,2.370943307876587,10.707488059997559,0.2544578015804291,16,3,3,1,3,1,0,0.0,0.4936526417732239,2,clean,0.0,-1,196,113,CORRECT,0,0,0,0,0,0,0.0,0.0
margin,live-delta,10,0.0,0.271707,0.577329,0.024275,0.972656,0.439064,0.589064,0.03140676021575928,0.6604886054992676,0.6290818452835083,2.293865442276001,9.913182258605957,0.300283819437027,20,3,3,1,3,1,0,0.0,0.44444766640663147,2,clean,0.0,-1,197,109,CORRECT,0,0,0,0,0,0,0.0,0.0
margin,live-delta,10,0.0,0.271707,0.577329,0.024275,0.972656,0.439064,0.589064,0.02615499496459961,0.46656566858291626,0.44041067361831665,0.6600783467292786,1.9349439144134521,0.6278723478317261,2,3,3,1,3,1,0,0.0,0.18199288845062256,2,clean,0.0,-1,198,104,CORRECT,0,0,0,0,0,0,0.0,0.0
margin,live-delta,10,0.0,0.271707,0.577329,0.024275,0.972656,0.439064,0.589064,0.019829392433166504,0.5268105268478394,0.5069811344146729,0.673866868019104,1.961808681488037,0.597867488861084,2,3,3,1,3,1,0,0.0,0.4132581651210785,2,clean,0.0,-1,199,115,CORRECT,0,0,0,0,0,0,0.0,0.0
margin,live-delta,10,0.0,0.271707,0.577329,0.024275,0.972656,0.439064,0.589064,0.14240378141403198,0.7219078540802002,0.5795040726661682,0.2346271276473999,1.264437198638916,0.9419585466384888,3,3,3,1,3,1,0,0.0,0.6385027766227722,2,clean,0.0,-1,200,115,CORRECT,0,0,0,0,0,0,0.0,0.0
margin,live-delta,10,0.0,0.271707,0.577329,0.024275,0.972656,0.439064,0.589064,0.0062757134437561035,0.8334376215934753,0.8271619081497192,1.3125348091125488,3.7155799865722656,0.35869359970092773,18,3,3,1,3,1,0,0.0,0.7009687423706055,2,clean,0.0,-1,201,118,CORRECT,0,0,0,0,0,0,0.0,0.0
margin,live-delta,10,0.0,0.271707,0.577329,0.024275,0.972656,0.439064,0.589064,0.020821452140808105,0.5942161679267883,0.5733947157859802,1.6025315523147583,4.965587139129639,0.3478326201438904,7,3,3,1,3,1,0,0.0,0.3573760688304901,2,clean,0.0,-1,202,124,CORRECT,0,0,0,0,0,0,0.0,0.0
margin,live-delta,10,0.0,0.271707,0.577329,0.024275,0.972656,0.439064,0.589064,0.08432415127754211,0.5297173261642456,0.4453931748867035,0.4333803057670593,1.542462706565857,0.8437610268592834,2,3,3,1,3,1,0,0.0,0.2651461362838745,2,clean,0.0,-1,203,96,CORRECT,0,0,0,0,0,0,0.0,0.0
margin,live-delta,10,0.0,0.271707,0.577329,0.024275,0.972656,0.439064,0.589064,0.09210005402565002,0.5800983309745789,0.48799827694892883,0.8244100213050842,2.2805349826812744,0.7486775517463684,4,3,3,1,3,1,0,0.0,0.3671265244483948,2,clean,0.0,-1,204,96,CORRECT,0,0,0,0,0,0,0.0,0.0
margin,live-delta,10,0.0,0.271707,0.577329,0.024275,0.972656,0.439064,0.589064,0.09026157855987549,0.7622923851013184,0.6720308065414429,0.9353034496307373,2.5479865074157715,0.7575065493583679,11,3,3,1,3,1,0,0.0,0.5345759987831116,2,clean,0.0,-1,205,124,CORRECT,0,0,0,0,0,0,0.0,0.0
margin,live-delta,10,0.0,0.271707,0.577329,0.024275,0.972656,0.439064,0.589064,0.08902692794799805,0.592893660068512,0.5038667321205139,1.1338024139404297,3.107449769973755,0.6687549948692322,6,3,3,1,3,1,0,0.0,0.4166918396949768,2,clean,0.0,-1,206,113,CORRECT,0,0,0,0,0,0,0.0,0.0
margin,live-delta,10,0.0,0.271707,0.577329,0.024275,0.972656,0.439064,0.589064,0.03632640838623047,0.7532113790512085,0.716884970664978,2.2270796298980713,9.272747039794922,0.25928980112075806,18,3,3,1,3,1,0,0.0,0.5773868560791016,2,clean,0.0,-1,207,126,CORRECT,0,0,0,0,0,0,0.0,0.0
margin,live-delta,10,0.0,0.271707,0.577329,0.024275,0.972656,0.439064,0.589064,0.05994373559951782,0.6874781847000122,0.6275344491004944,1.4573490619659424,4.294559955596924,0.5362496972084045,10,3,3,1,3,1,0,0.0,0.458513468503952,2,clean,0.0,-1,208,124,CORRECT,0,0,0,0,0,0,0.0,0.0
margin,live-delta,10,0.0,0.271707,0.577329,0.024275,0.972656,0.439064,0.589064,0.007803201675415039,0.5509086847305298,0.5431054830551147,0.6901119351387024,1.993938684463501,0.5389370322227478,2,3,3,1,3,1,0,0.0,0.4494723081588745,2,clean,0.0,-1,209,115,CORRECT,0,0,0,0,0,0,0.0,0.0
margin,live-delta,10,0.0,0.271707,0.577329,0.024275,0.972656,0.439064,0.589064,0.01137608289718628,0.682218074798584,0.6708419919013977,1.4856369495391846,4.417778491973877,0.4158100187778473,10,3,3,1,3,1,0,0.0,0.5385146141052246,2,clean,0.0,-1,210,116,CORRECT,0,0,0,0,0,0,0.0,0.0
margin,live-delta,10,0.0,0.271707,0.577329,0.024275,0.972656,0.439064,0.589064,0.02612006664276123,0.7439183592796326,0.7177982926368713,1.2961605787277222,3.655235767364502,0.48552531003952026,15,3,3,1,3,1,0,0.0,0.5797291398048401,2,clean,0.0,-1,211,125,CORRECT,0,0,0,0,0,0,0.0,0.0
margin,live-delta,10,0.0,0.271707,0.577329,0.024275,0.972656,0.439064,0.589064,0.002281785011291504,0.6112834215164185,0.609001636505127,1.5259491205215454,4.599506855010986,0.32277217507362366,6,3,3,1,3,1,0,0.0,0.2935105562210083,2,clean,0.0,-1,212,101,CORRECT,0,0,0,0,0,0,0.0,0.0
margin,live-delta,10,0.0,0.271707,0.577329,0.024275,0.972656,0.439064,0.589064,0.03744769096374512,0.6198829412460327,0.5824352502822876,1.610660433769226,5.0061163902282715,0.39658716320991516,8,3,3,1,3,1,0,0.0,0.3868899941444397,2,clean,0.0,-1,213,125,CORRECT,0,0,0,0,0,0,0.0,0.0
margin,live-delta,10,0.0,0.271707,0.577329,0.024275,0.972656,0.439064,0.589064,0.006246805191040039,0.7604220509529114,0.7541752457618713,2.070779323577881,7.931001663208008,0.24775245785713196,17,3,3,1,3,1,0,0.0,0.6242871284484863,2,clean,0.0,-1,214,97,CORRECT,0,0,0,0,0,0,0.0,0.0
margin,live-delta,10,0.0,0.271707,0.577329,0.024275,0.972656,0.439064,0.589064,0.07016345858573914,0.47933223843574524,0.4091687798500061,-0.0,1.0,1.0,1,3,3,1,3,1,0,0.0,0.16705068945884705,2,clean,0.0,-1,215,123,CORRECT,0,0,0,0,0,0,0.0,0.0
margin,live-delta,10,0.0,0.271707,0.577329,0.024275,0.972656,0.439064,0.589064,0.12951183319091797,0.63904869556427,0.509536862373352,0.2530421316623688,1.2879375219345093,0.9302305579185486,2,3,3,1,3,1,0,0.0,0.33034107089042664,2,clean,0.0,-1,216,122,CORRECT,0,0,0,0,0,0,0.0,0.0
margin,live-delta,10,0.0,0.271707,0.577329,0.024275,0.972656,0.439064,0.589064,0.1960849165916443,0.8942528367042542,0.6981679201126099,0.2806599736213684,1.3240033388137817,0.9504283666610718,13,3,3,1,3,1,0,0.0,0.7961851358413696,2,clean,0.0,-1,217,107,CORRECT,0,0,0,0,0,0,0.0,0.0
margin,live-delta,10,0.0,0.271707,0.577329,0.024275,0.972656,0.439064,0.589064,0.007295757532119751,0.4530926048755646,0.4457968473434448,0.6904928684234619,1.994698405265808,0.5364142060279846,2,3,3,1,3,1,0,0.0,0.17780092358589172,2,clean,0.0,-1,218,114,CORRECT,0,0,0,0,0,0,0.0,0.0
margin,live-delta,10,0.0,0.271707,0.577329,0.024275,0.972656,0.439064,0.589064,0.07128006219863892,0.816789984703064,0.745509922504425,0.672871470451355,1.9598568677902222,0.779811680316925,9,3,3,1,3,1,0,0.0,0.7203499674797058,2,clean,0.0,-1,219,119,CORRECT,0,0,0,0,0,0,0.0,0.0
margin,live-delta,10,0.0,0.271707,0.577329,0.024275,0.972656,0.439064,0.589064,0.042374372482299805,0.5923725366592407,0.5499981641769409,1.6603269577026367,5.261030673980713,0.4123595952987671,8,3,3,1,3,1,0,0.0,0.37080055475234985,2,clean,0.0,-1,220,119,CORRECT,0,0,0,0,0,0,0.0,0.0
margin,live-delta,10,0.0,0.271707,0.577329,0.024275,0.972656,0.439064,0.589064,0.03423511981964111,0.7938240766525269,0.7595889568328857,0.7789266705513,2.1791319847106934,0.6444183588027954,6,3,3,1,3,1,0,0.0,0.6068319082260132,2,clean,0.0,-1,221,121,CORRECT,0,0,0,0,0,0,0.0,0.0
margin,live-delta,10,0.0,0.271707,0.577329,0.024275,0.972656,0.439064,0.589064,0.0373113751411438,0.7181012034416199,0.6807898283004761,1.348701000213623,3.8524179458618164,0.4989735782146454,10,3,3,1,3,1,0,0.0,0.44699907302856445,2,clean,0.0,-1,222,103,CORRECT,0,0,0,0,0,0,0.0,0.0
margin,live-delta,10,0.0,0.271707,0.577329,0.024275,0.972656,0.439064,0.589064,0.009178757667541504,0.5874730348587036,0.5782942771911621,1.794343113899231,6.015522003173828,0.33089911937713623,9,3,3,1,3,1,0,0.0,0.41115981340408325,2,clean,0.0,-1,223,114,CORRECT,0,0,0,0,0,0,0.0,0.0
margin,live-delta,10,0.0,0.271707,0.577329,0.024275,0.972656,0.439064,0.589064,0.0036386847496032715,0.8077525496482849,0.8041138648986816,0.7877927422523499,2.198538303375244,0.5091709494590759,7,3,3,1,3,1,0,0.0,0.693606436252594,2,clean,0.0,-1,224,121,CORRECT,0,0,0,0,0,0,0.0,0.0
margin,live-delta,10,0.0,0.271707,0.577329,0.024275,0.972656,0.439064,0.589064,0.03262263536453247,0.6887332797050476,0.6561106443405151,1.4753340482711792,4.372496128082275,0.4493337869644165,9,3,3,1,3,1,0,0.0,0.5997492671012878,2,clean,0.0,-1,225,116,CORRECT,0,0,0,0,0,0,0.0,0.0
margin,live-delta,10,0.0,0.271707,0.577329,0.024275,0.972656,0.439064,0.589064,0.02645939588546753,0.571704626083374,0.5452452301979065,0.6593304872512817,1.933497428894043,0.6292937397956848,2,3,3,1,3,1,0,0.0,0.3278559744358063,2,clean,0.0,-1,226,120,CORRECT,0,0,0,0,0,0,0.0,0.0
margin,live-delta,10,0.0,0.271707,0.577329,0.024275,0.972656,0.439064,0.589064,0.2306826114654541,0.9411556720733643,0.7104730606079102,0.226749986410141,1.2545162439346313,0.9641211628913879,17,3,3,1,3,1,0,0.0,0.8242925405502319,2,clean,0.0,-1,227,107,CORRECT,0,0,0,0,0,0,0.0,0.0
margin,live-delta,10,0.0,0.271707,0.577329,0.024275,0.972656,0.439064,0.589064,0.010918140411376953,0.5363830327987671,0.5254648923873901,1.420082926750183,4.137463569641113,0.36637499928474426,5,3,3,1,3,1,0,0.0,0.4173053503036499,2,clean,0.0,-1,228,107,CORRECT,0,0,0,0,0,0,0.0,0.0
margin,live-delta,10,0.0,0.271707,0.577329,0.024275,0.972656,0.439064,0.589064,0.021424829959869385,0.8018848896026611,0.7804600596427917,0.6966444253921509,2.0070066452026367,0.6030893325805664,4,3,3,1,3,1,0,0.0,0.6869179010391235,2,clean,0.0,-1,229,120,CORRECT,0,0,0,0,0,0,0.0,0.0
margin,live-delta,10,0.0,0.271707,0.577329,0.024275,0.972656,0.439064,0.589064,0.05081146955490112,0.7853767275810242,0.734565258026123,1.824318766593933,6.198570728302002,0.42657700181007385,15,3,3,1,3,1,0,0.0,0.6753167510032654,2,clean,0.0,-1,230,107,CORRECT,0,0,0,0,0,0,0.0,0.0
margin,live-delta,10,0.0,0.271707,0.577329,0.024275,0.972656,0.439064,0.589064,0.029012084007263184,0.8678466081619263,0.8388345241546631,1.864013910293579,6.449573040008545,0.3899986743927002,19,3,3,1,3,1,0,0.0,0.7405789494514465,2,clean,0.0,-1,231,126,CORRECT,0,0,0,0,0,0,0.0,0.0
margin,live-delta,10,0.0,0.271707,0.577329,0.024275,0.972656,0.439064,0.589064,0.01940310001373291,0.762601375579834,0.7431982755661011,1.3645538091659546,3.9139761924743652,0.4957890510559082,15,3,3,1,3,1,0,0.0,0.5297636985778809,2,clean,0.0,-1,232,105,CORRECT,0,0,0,0,0,0,0.0,0.0
margin,live-delta,10,0.0,0.271707,0.577329,0.024275,0.972656,0.439064,0.589064,0.03478437662124634,0.8089582920074463,0.7741739153862,1.1060642004013062,3.0224392414093018,0.5676912069320679,16,3,3,1,3,1,0,0.0,0.6849418878555298,2,clean,0.0,-1,233,113,CORRECT,0,0,0,0,0,0,0.0,0.0
margin,live-delta,10,0.0,0.271707,0.577329,0.024275,0.972656,0.439064,0.589064,0.15234535932540894,0.982479989528656,0.8301346302032471,0.30193987488746643,1.3524799346923828,0.934414803981781,18,3,3,1,3,1,0,0.0,0.8673667907714844,2,clean,0.0,-1,234,118,CORRECT,0,0,0,0,0,0,0.0,0.0
margin,live-delta,10,0.0,0.271707,0.577329,0.024275,0.972656,0.439064,0.589064,0.0017946958541870117,0.6616439819335938,0.6598492860794067,1.186095118522644,3.274270534515381,0.4303274154663086,7,3,3,1,3,1,0,0.0,0.526913583278656,2,clean,0.0,-1,235,106,CORRECT,0,0,0,0,0,0,0.0,0.0
margin,live-delta,10,0.0,0.271707,0.577329,0.024275,0.972656,0.439064,0.589064,0.010278284549713135,0.8556346297264099,0.8453563451766968,1.499734878540039,4.480501174926758,0.41308557987213135,15,3,3,1,3,1,0,0.0,0.6597282290458679,2,clean,0.0,-1,236,117,CORRECT,0,0,0,0,0,0,0.0,0.0
margin,live-delta,10,0.0,0.271707,0.577329,0.024275,0.972656,0.439064,0.589064,0.0014490485191345215,0.5788602828979492,0.5774112343788147,2.1078085899353027,8.230185508728027,0.20069342851638794,11,3,3,1,3,1,0,0.0,0.32548508048057556,2,clean,0.0,-1,237,103,CORRECT,0,0,0,0,0,0,0.0,0.0
margin,live-delta,10,0.0,0.271707,0.577329,0.024275,0.972656,0.439064,0.589064,0.05839550495147705,0.5697363018989563,0.5113407969474792,1.1548430919647217,3.173525333404541,0.6056205630302429,5,3,3,1,3,1,0,0.0,0.34055691957473755,2,clean,0.0,-1,239,116,CORRECT,0,0,0,0,0,0,0.0,0.0
margin,live-delta,10,0.0,0.271707,0.577329,0.024275,0.972656,0.439064,0.589064,0.00034350156784057617,0.8128784894943237,0.8125349879264832,1.4598190784454346,4.305180549621582,0.3990626335144043,15,3,3,1,3,1,0,0.0,0.6722614765167236,2,clean,0.0,-1,240,97,CORRECT,0,0,0,0,0,0,0.0,0.0
margin,live-delta,10,0.0,0.271707,0.577329,0.024275,0.972656,0.439064,0.589064,0.0093231201171875,0.756900429725647,0.7475773096084595,1.9889204502105713,7.307640552520752,0.2403310090303421,16,3,3,1,3,1,0,0.0,0.6455607414245605,2,clean,0.0,-1,241,97,CORRECT,0,0,0,0,0,0,0.0,0.0
margin,live-delta,10,0.0,0.271707,0.577329,0.024275,0.972656,0.439064,0.589064,0.019156038761138916,0.6394824981689453,0.6203264594078064,0.6751307249069214,1.9642897844314575,0.5946255326271057,2,3,3,1,3,1,0,0.0,0.531365692615509,2,clean,0.0,-1,242,115,CORRECT,0,0,0,0,0,0,0.0,0.0
margin,live-delta,10,0.0,0.271707,0.577329,0.024275,0.972656,0.439064,0.589064,0.0470123291015625,0.6217077970504761,0.5746954679489136,1.3996777534484863,4.053893566131592,0.5148141384124756,6,3,3,1,3,1,0,0.0,0.2859410345554352,2,clean,0.0,-1,243,124,CORRECT,0,0,0,0,0,0,0.0,0.0
margin,live-delta,10,0.0,0.271707,0.577329,0.024275,0.972656,0.439064,0.589064,0.0506209135055542,0.735724687576294,0.6851037740707397,1.2392916679382324,3.4531667232513428,0.5511974692344666,8,3,3,1,3,1,0,0.0,0.6164519786834717,2,clean,0.0,-1,244,119,CORRECT,0,0,0,0,0,0,0.0,0.0
margin,live-delta,10,0.0,0.271707,0.577329,0.024275,0.972656,0.439064,0.589064,0.01857537031173706,0.7805618047714233,0.7619864344596863,1.6965545415878296,5.455119609832764,0.36871206760406494,20,3,3,1,3,1,0,0.0,0.6571207046508789,2,clean,0.0,-1,245,125,CORRECT,0,0,0,0,0,0,0.0,0.0
margin,live-delta,10,0.0,0.271707,0.577329,0.024275,0.972656,0.439064,0.589064,0.009640216827392578,0.5784683227539062,0.5688281059265137,2.221360445022583,9.219865798950195,0.213002011179924,13,3,3,1,3,1,0,0.0,0.39385986328125,2,clean,0.0,-1,246,110,CORRECT,0,0,0,0,0,0,0.0,0.0
margin,live-delta,10,0.0,0.271707,0.577329,0.024275,0.972656,0.439064,0.589064,0.09101557731628418,0.7862826585769653,0.6952670812606812,1.0541155338287354,2.869436025619507,0.7270598411560059,14,3,3,1,3,1,0,0.0,0.5251450538635254,2,clean,0.0,-1,247,120,CORRECT,0,0,0,0,0,0,0.0,0.0
margin,live-delta,10,0.0,0.271707,0.577329,0.024275,0.972656,0.439064,0.589064,0.035696208477020264,0.6193225383758545,0.5836263298988342,1.9352675676345825,6.925897121429443,0.36184149980545044,11,3,3,1,3,1,0,0.0,0.527028501033783,2,clean,0.0,-1,249,107,CORRECT,0,0,0,0,0,0,0.0,0.0
margin,live-delta,10,0.0,0.271707,0.577329,0.024275,0.972656,0.439064,0.589064,0.006960093975067139,0.615280270576477,0.6083201766014099,2.066415309906006,7.89646577835083,0.26621192693710327,13,3,3,1,3,1,0,0.0,0.5127503275871277,2,clean,0.0,-1,250,115,CORRECT,0,0,0,0,0,0,0.0,0.0
margin,live-delta,10,0.0,0.271707,0.577329,0.024275,0.972656,0.439064,0.589064,0.004858970642089844,0.7133948802947998,0.70853590965271,1.7207775115966797,5.588871955871582,0.32791778445243835,19,3,3,1,3,1,0,0.0,0.5565115809440613,2,clean,0.0,-1,251,107,CORRECT,0,0,0,0,0,0,0.0,0.0
margin,live-delta,10,0.0,0.271707,0.577329,0.024275,0.972656,0.439064,0.589064,0.030346155166625977,0.7366904020309448,0.7063442468643188,1.7606197595596313,5.816040992736816,0.3635081648826599,10,3,3,1,3,1,0,0.0,0.49711012840270996,2,clean,0.0,-1,252,117,CORRECT,0,0,0,0,0,0,0.0,0.0
margin,live-delta,10,0.0,0.271707,0.577329,0.024275,0.972656,0.439064,0.589064,0.034451961517333984,0.7492276430130005,0.7147756814956665,1.6915348768234253,5.427805423736572,0.4406343996524811,12,3,3,1,3,1,0,0.0,0.531527578830719,2,clean,0.0,-1,253,119,CORRECT,0,0,0,0,0,0,0.0,0.0
margin,live-delta,10,0.0,0.271707,0.577329,0.024275,0.972656,0.439064,0.589064,0.03389662504196167,0.46462684869766235,0.4307302236557007,-0.0,1.0,1.0,1,3,3,1,3,1,0,0.0,0.348505437374115,2,clean,0.0,-1,254,116,CORRECT,0,0,0,0,0,0,0.0,0.0
margin,live-delta,10,0.0,0.271707,0.577329,0.024275,0.972656,0.439064,0.589064,0.01337289810180664,0.6233410835266113,0.6099681854248047,2.3906116485595703,10.920170783996582,0.222396120429039,16,3,3,1,3,1,0,0.0,0.44635075330734253,2,clean,0.0,-1,255,100,CORRECT,0,0,0,0,0,0,0.0,0.0
margin,live-delta,11,0.0,0.271707,0.577329,0.024275,0.972656,0.439064,0.589064,0.03762426972389221,0.5110138058662415,0.47338953614234924,1.3084306716918945,3.700361967086792,0.4304646849632263,4,0,0,1,0,1,0,0.0,0.09347984194755554,2,clean,0.0,-1,0,28,CORRECT,0,0,0,0,0,0,0.0,0.0
margin,live-delta,11,0.0,0.271707,0.577329,0.024275,0.972656,0.439064,0.589064,0.15752142667770386,0.5575714111328125,0.40004998445510864,-0.0,1.0,1.0,1,0,0,1,0,1,0,0.0,0.2904238998889923,2,clean,0.0,-1,1,3,CORRECT,0,0,0,0,0,0,0.0,0.0
margin,live-delta,11,0.0,0.271707,0.577329,0.024275,0.972656,0.439064,0.589064,0.09297966957092285,0.6945255994796753,0.6015459299087524,1.0659769773483276,2.903674364089966,0.7134841084480286,8,0,0,1,0,1,1,0.14056897163391113,0.1141963005065918,2,clean,0.0,-1,2,14,CORRECT,0,0,0,0,0,0,0.0,0.0
margin,live-delta,11,0.0,0.271707,0.577329,0.024275,0.972656,0.439064,0.589064,0.059886783361434937,0.48569563031196594,0.425808846950531,-0.0,1.0,1.0,1,0,1,0,1,0,1,1.0,-0.17318376898765564,0,clean,0.0,-1,5,49,BLENDED,0,0,0,0,0,0,0.0,0.0
margin,live-delta,11,0.0,0.271707,0.577329,0.024275,0.972656,0.439064,0.589064,0.023535043001174927,0.47608861327171326,0.45255357027053833,1.070020318031311,2.915438652038574,0.44852760434150696,3,0,0,1,0,1,0,0.0,0.14675000309944153,2,clean,0.0,-1,9,13,CORRECT,0,0,0,0,0,0,0.0,0.0
margin,live-delta,11,0.0,0.271707,0.577329,0.024275,0.972656,0.439064,0.589064,0.014633804559707642,0.4974060356616974,0.48277223110198975,1.0649480819702148,2.900688409805298,0.44082605838775635,3,0,0,1,0,1,0,0.0,0.09648242592811584,2,clean,0.0,-1,10,17,CORRECT,0,0,0,0,0,0,0.0,0.0
margin,live-delta,11,0.0,0.271707,0.577329,0.024275,0.972656,0.439064,0.589064,0.08684149384498596,0.5661791563034058,0.4793376624584198,0.4222162961959839,1.5253384113311768,0.8502839207649231,2,0,0,1,0,1,0,0.0,0.3185681104660034,2,clean,0.0,-1,13,3,CORRECT,0,0,0,0,0,0,0.0,0.0
margin,live-delta,11,0.0,0.271707,0.577329,0.024275,0.972656,0.439064,0.589064,0.08117860555648804,0.4752614498138428,0.39408284425735474,-0.0,1.0,1.0,1,0,0,1,0,1,0,0.0,0.10955226421356201,2,clean,0.0,-1,14,3,CORRECT,0,0,0,0,0,0,0.0,0.0
margin,live-delta,11,0.0,0.271707,0.577329,0.024275,0.972656,0.439064,0.589064,0.06355580687522888,0.44446679949760437,0.3809109926223755,-0.0,1.0,1.0,1,0,0,1,0,1,0,0.0,0.09106484055519104,2,clean,0.0,-1,19,18,CORRECT,0,0,0,0,0,0,0.0,0.0
margin,live-delta,11,0.0,0.271707,0.577329,0.024275,0.972656,0.439064,0.589064,0.0298537015914917,0.4545491635799408,0.4246954619884491,-0.0,1.0,1.0,1,0,0,1,0,1,0,0.0,0.03719410300254822,1,clean,0.0,-1,21,28,CORRECT,0,0,0,0,0,0,0.0,0.0
margin,live-delta,11,0.0,0.271707,0.577329,0.024275,0.972656,0.439064,0.589064,0.0817604660987854,0.5454531908035278,0.46369272470474243,0.44480425119400024,1.5601847171783447,0.8368819952011108,2,0,0,1,0,1,0,0.0,0.1577472686767578,2,clean,0.0,-1,22,12,CORRECT,0,0,0,0,0,0,0.0,0.0
margin,live-delta,11,0.0,0.271707,0.577329,0.024275,0.972656,0.439064,0.589064,0.2307952344417572,0.45714232325553894,0.22634708881378174,-0.0,1.0,1.0,1,0,0,1,0,1,0,0.0,0.27203503251075745,2,clean,0.0,-1,23,9,CORRECT,0,0,0,0,0,0,0.0,0.0
margin,live-delta,11,0.0,0.271707,0.577329,0.024275,0.972656,0.439064,0.589064,0.08825361728668213,0.4393737316131592,0.35112011432647705,-0.0,1.0,1.0,1,0,1,0,1,0,1,1.0,-0.08825361728668213,0,clean,0.0,-1,24,58,BLENDED,0,0,0,0,0,0,0.0,0.0
margin,live-delta,11,0.0,0.271707,0.577329,0.024275,0.972656,0.439064,0.589064,0.018287837505340576,0.4404931664466858,0.4222053289413452,-0.0,1.0,1.0,1,0,0,1,0,1,0,0.0,0.11889442801475525,2,clean,0.0,-1,28,21,CORRECT,0,0,0,0,0,0,0.0,0.0
margin,live-delta,11,0.0,0.271707,0.577329,0.024275,0.972656,0.439064,0.589064,0.20138755440711975,0.5386088490486145,0.33722129464149475,-0.0,1.0,1.0,1,0,0,1,0,1,0,0.0,0.21796667575836182,2,clean,0.0,-1,29,30,CORRECT,0,0,0,0,0,0,0.0,0.0
margin,live-delta,11,0.0,0.271707,0.577329,0.024275,0.972656,0.439064,0.589064,0.001230776309967041,0.5109431743621826,0.5097123980522156,1.0983421802520752,2.999189853668213,0.3424144387245178,3,0,0,1,0,1,0,0.0,0.15158623456954956,2,clean,0.0,-1,30,27,CORRECT,0,0,0,0,0,0,0.0,0.0
margin,live-delta,11,0.0,0.271707,0.577329,0.024275,0.972656,0.439064,0.589064,0.05672097206115723,0.527478814125061,0.4707578420639038,0.9242557883262634,2.5199921131134033,0.6221434473991394,3,0,0,1,0,1,0,0.0,0.20573222637176514,2,clean,0.0,-1,31,21,CORRECT,0,0,0,0,0,0,0.0,0.0
margin,live-delta,11,0.0,0.271707,0.577329,0.024275,0.972656,0.439064,0.589064,0.06267088651657104,0.5771849155426025,0.5145140290260315,0.529564380645752,1.6981923580169678,0.7778909802436829,2,0,0,1,0,1,0,0.0,0.20687836408615112,2,clean,0.0,-1,32,21,CORRECT,0,0,0,0,0,0,0.0,0.0
margin,live-delta,11,0.0,0.271707,0.577329,0.024275,0.972656,0.439064,0.589064,0.06853950023651123,0.5272687673568726,0.45872926712036133,0.836567223072052,2.308429002761841,0.686884343624115,3,0,0,1,0,1,1,0.1744043529033661,0.06853950023651123,2,clean,0.0,-1,33,22,CORRECT,0,0,0,0,0,0,0.0,0.0
margin,live-delta,11,0.0,0.271707,0.577329,0.024275,0.972656,0.439064,0.589064,0.10985952615737915,0.44487905502319336,0.3350195288658142,-0.0,1.0,1.0,1,0,1,0,1,0,1,1.0,-0.10985952615737915,0,clean,0.0,-1,34,38,BLENDED,0,0,0,0,0,0,0.0,0.0
margin,live-delta,11,0.0,0.271707,0.577329,0.024275,0.972656,0.439064,0.589064,0.003992140293121338,0.46688970923423767,0.46289756894111633,1.5929940938949585,4.918453216552734,0.250478059053421,5,0,0,1,0,1,0,0.0,0.1551005244255066,2,clean,0.0,-1,36,31,CORRECT,0,0,0,0,0,0,0.0,0.0
margin,live-delta,11,0.0,0.271707,0.577329,0.024275,0.972656,0.439064,0.589064,0.042268991470336914,0.5554631948471069,0.51319420337677,1.7381713390350342,5.686934471130371,0.40361955761909485,8,0,0,1,0,1,1,0.2553464472293854,0.04853558540344238,1,clean,0.0,-1,37,14,CORRECT,0,0,0,0,0,0,0.0,0.0
margin,live-delta,11,0.0,0.271707,0.577329,0.024275,0.972656,0.439064,0.589064,0.030288755893707275,0.4567822813987732,0.4264935255050659,-0.0,1.0,1.0,1,0,0,1,0,1,0,0.0,0.10791254043579102,2,clean,0.0,-1,42,6,CORRECT,0,0,0,0,0,0,0.0,0.0
margin,live-delta,11,0.0,0.271707,0.577329,0.024275,0.972656,0.439064,0.589064,0.0289628803730011,0.45749402046203613,0.42853114008903503,-0.0,1.0,1.0,1,0,0,1,0,1,0,0.0,0.062056660652160645,2,clean,0.0,-1,43,31,CORRECT,0,0,0,0,0,0,0.0,0.0
margin,live-delta,11,0.0,0.271707,0.577329,0.024275,0.972656,0.439064,0.589064,0.004916787147521973,0.5519967079162598,0.5470799207687378,1.4430346488952637,4.233523845672607,0.3498474955558777,5,0,0,1,0,1,0,0.0,0.17608129978179932,2,clean,0.0,-1,45,5,CORRECT,0,0,0,0,0,0,0.0,0.0
margin,live-delta,11,0.0,0.271707,0.577329,0.024275,0.972656,0.439064,0.589064,0.00018841028213500977,0.47927355766296387,0.47908514738082886,0.6931453943252563,1.9999964237213135,0.5009419918060303,2,0,0,1,0,1,0,0.0,0.21689152717590332,2,clean,0.0,-1,48,18,CORRECT,0,0,0,0,0,0,0.0,0.0
margin,live-delta,11,0.0,0.271707,0.577329,0.024275,0.972656,0.439064,0.589064,0.13420286774635315,0.47192445397377014,0.337721586227417,-0.0,1.0,1.0,1,0,0,1,0,1,0,0.0,0.2240210920572281,2,clean,0.0,-1,49,18,CORRECT,0,0,0,0,0,0,0.0,0.0
margin,live-delta,11,0.0,0.271707,0.577329,0.024275,0.972656,0.439064,0.589064,0.019812464714050293,0.6749056577682495,0.6550931930541992,1.320310115814209,3.744582414627075,0.41643911600112915,7,0,0,1,0,1,0,0.0,0.2516825497150421,2,clean,0.0,-1,51,27,CORRECT,0,0,0,0,0,0,0.0,0.0
margin,live-delta,11,0.0,0.271707,0.577329,0.024275,0.972656,0.439064,0.589064,0.08814448118209839,0.606589138507843,0.5184446573257446,0.6165233850479126,1.8524764776229858,0.8030567765235901,3,0,0,1,0,1,0,0.0,0.3156187832355499,2,clean,0.0,-1,53,3,CORRECT,0,0,0,0,0,0,0.0,0.0
margin,live-delta,11,0.0,0.271707,0.577329,0.024275,0.972656,0.439064,0.589064,0.008193910121917725,0.5111909508705139,0.5029970407485962,1.2397409677505493,3.454718589782715,0.40997156500816345,4,0,0,1,0,1,0,0.0,0.09483623504638672,2,clean,0.0,-1,55,26,CORRECT,0,0,0,0,0,0,0.0,0.0
margin,live-delta,11,0.0,0.271707,0.577329,0.024275,0.972656,0.439064,0.589064,0.010157376527786255,0.4902037978172302,0.48004642128944397,1.5845460891723633,4.877077102661133,0.2621338367462158,5,0,0,1,0,1,1,0.12637773156166077,0.03647899627685547,1,clean,0.0,-1,56,27,CORRECT,0,0,0,0,0,0,0.0,0.0
margin,live-delta,11,0.0,0.271707,0.577329,0.024275,0.972656,0.439064,0.589064,0.06739246845245361,0.5771557092666626,0.509763240814209,1.3502264022827148,3.8582990169525146,0.5552761554718018,6,0,0,1,0,1,0,0.05098020285367966,0.11940142512321472,2,clean,0.0,-1,58,28,CORRECT,0,0,0,0,0,0,0.0,0.0
margin,live-delta,11,0.0,0.271707,0.577329,0.024275,0.972656,0.439064,0.589064,0.025899112224578857,0.6490280032157898,0.6231288909912109,1.4651652574539185,4.328258514404297,0.3999028503894806,6,0,0,1,0,1,0,0.0138956094160676,0.16798242926597595,2,clean,0.0,-1,59,25,CORRECT,0,0,0,0,0,0,0.0,0.0
margin,live-delta,11,0.0,0.271707,0.577329,0.024275,0.972656,0.439064,0.589064,0.06994545459747314,0.6491247415542603,0.5791792869567871,0.9464529752731323,2.576554298400879,0.6593641638755798,4,0,0,1,0,1,0,0.0,0.3308027386665344,2,clean,0.0,-1,62,25,CORRECT,0,0,0,0,0,0,0.0,0.0
margin,live-delta,11,0.0,0.271707,0.577329,0.024275,0.972656,0.439064,0.589064,0.01966238021850586,0.5686567425727844,0.5489943623542786,2.3414812088012695,10.396624565124512,0.19699007272720337,13,1,1,1,1,1,0,0.0,0.2685515880584717,2,clean,0.0,-1,64,55,CORRECT,0,0,0,0,0,0,0.0,0.0
margin,live-delta,11,0.0,0.271707,0.577329,0.024275,0.972656,0.439064,0.589064,0.024967968463897705,0.6106247305870056,0.5856567621231079,1.9094914197921753,6.749655246734619,0.31075409054756165,12,1,1,1,1,1,0,0.0,0.3402480483055115,2,clean,0.0,-1,65,37,CORRECT,0,0,0,0,0,0,0.0,0.0
margin,live-delta,11,0.0,0.271707,0.577329,0.024275,0.972656,0.439064,0.589064,0.05212599039077759,0.7629485726356506,0.710822582244873,1.4158259630203247,4.119887828826904,0.5562195777893066,16,1,1,1,1,1,0,0.0050707594491541386,0.2588147521018982,2,clean,0.0,-1,66,54,CORRECT,0,0,0,0,0,0,0.0,0.0
margin,live-delta,11,0.0,0.271707,0.577329,0.024275,0.972656,0.439064,0.589064,0.06852149963378906,0.7129783630371094,0.6444568634033203,1.7361316680908203,5.675346851348877,0.5102615356445312,17,1,1,1,1,1,0,0.0038727500941604376,0.24404793977737427,2,clean,0.0,-1,67,39,CORRECT,0,0,0,0,0,0,0.0,0.0
margin,live-delta,11,0.0,0.271707,0.577329,0.024275,0.972656,0.439064,0.589064,0.08516144752502441,0.7080281972885132,0.6228667497634888,1.44516122341156,4.2425360679626465,0.6203391551971436,15,1,1,1,1,1,0,0.003960753791034222,0.2526915967464447,2,clean,0.0,-1,68,54,CORRECT,0,0,0,0,0,0,0.0,0.0
margin,live-delta,11,0.0,0.271707,0.577329,0.024275,0.972656,0.439064,0.589064,0.04955393075942993,0.7288384437561035,0.6792845129966736,1.4435832500457764,4.235846996307373,0.514823317527771,11,1,1,1,1,1,0,0.001579965348355472,0.28932103514671326,2,clean,0.0,-1,69,55,CORRECT,0,0,0,0,0,0,0.0,0.0
margin,live-delta,11,0.0,0.271707,0.577329,0.024275,0.972656,0.439064,0.589064,0.014178097248077393,0.6187683939933777,0.6045902967453003,1.2818435430526733,3.603276491165161,0.4797991216182709,8,1,1,1,1,1,1,0.4353707432746887,0.014178097248077393,0,clean,0.0,-1,70,32,CORRECT,0,0,0,0,0,0,0.0,0.0
margin,live-delta,11,0.0,0.271707,0.577329,0.024275,0.972656,0.439064,0.589064,0.03313928842544556,0.5181591510772705,0.48501986265182495,0.6411111950874329,1.8985893726348877,0.659885823726654,2,1,1,1,1,1,0,0.0,0.1789383888244629,2,clean,0.0,-1,71,52,CORRECT,0,0,0,0,0,0,0.0,0.0
margin,live-delta,11,0.0,0.271707,0.577329,0.024275,0.972656,0.439064,0.589064,0.0879206657409668,0.5985121130943298,0.510591447353363,0.5796738862991333,1.7854560613632202,0.8154345154762268,3,1,1,1,1,1,0,0.0,0.19561368227005005,2,clean,0.0,-1,72,58,CORRECT,0,0,0,0,0,0,0.0,0.0
margin,live-delta,11,0.0,0.271707,0.577329,0.024275,0.972656,0.439064,0.589064,0.004833340644836426,0.6409604549407959,0.6361271142959595,1.7804850339889526,5.932733535766602,0.3165929615497589,11,1,1,1,1,1,0,0.0,0.31000831723213196,2,clean,0.0,-1,73,45,CORRECT,0,0,0,0,0,0,0.0,0.0
margin,live-delta,11,0.0,0.271707,0.577329,0.024275,0.972656,0.439064,0.589064,0.03012096881866455,0.551203727722168,0.5210827589035034,2.1479737758636475,8.56748104095459,0.28264811635017395,11,1,1,1,1,1,0,0.0,0.17551171779632568,2,clean,0.0,-1,74,50,CORRECT,0,0,0,0,0,0,0.0,0.0
margin,live-delta,11,0.0,0.271707,0.577329,0.024275,0.972656,0.439064,0.589064,0.005219697952270508,0.49835360050201416,0.49313390254974365,1.512419581413269,4.537696838378906,0.3093273341655731,5,1,1,1,1,1,0,0.0,0.15347930788993835,2,clean,0.0,-1,75,39,CORRECT,0,0,0,0,0,0,0.0,0.0
margin,live-delta,11,0.0,0.271707,0.577329,0.024275,0.972656,0.439064,0.589064,0.2984471321105957,0.7332471609115601,0.43480002880096436,-0.0,1.0,1.0,1,1,1,1,1,1,0,0.0,0.2984471321105957,2,clean,0.0,-1,76,38,CORRECT,0,0,0,0,0,0,0.0,0.0
margin,live-delta,11,0.0,0.271707,0.577329,0.024275,0.972656,0.439064,0.589064,0.11552649736404419,0.5862758159637451,0.4707493185997009,0.30312657356262207,1.3540858030319214,0.9097453355789185,2,1,1,1,1,1,0,0.0,0.14756673574447632,2,clean,0.0,-1,77,58,CORRECT,0,0,0,0,0,0,0.0,0.0
margin,live-delta,11,0.0,0.271707,0.577329,0.024275,0.972656,0.439064,0.589064,0.05276894569396973,0.5781490802764893,0.5253801345825195,1.8377052545547485,6.282105922698975,0.4033111035823822,9,1,1,1,1,1,0,0.06803681701421738,0.08898293972015381,2,clean,0.0,-1,78,44,CORRECT,0,0,0,0,0,0,0.0,0.0
margin,live-delta,11,0.0,0.271707,0.577329,0.024275,0.972656,0.439064,0.589064,0.14612972736358643,0.6591064929962158,0.5129767656326294,0.20158909261226654,1.2233452796936035,0.9489521384239197,2,1,1,1,1,1,0,0.0,0.330605149269104,2,clean,0.0,-1,80,48,CORRECT,0,0,0,0,0,0,0.0,0.0
margin,live-delta,11,0.0,0.271707,0.577329,0.024275,0.972656,0.439064,0.589064,0.016943812370300293,0.5699619054794312,0.5530180931091309,1.3377693891525269,3.8105342388153076,0.46108105778694153,6,1,1,1,1,1,0,0.0,0.24595826864242554,2,clean,0.0,-1,81,50,CORRECT,0,0,0,0,0,0,0.0,0.0
margin,live-delta,11,0.0,0.271707,0.577329,0.024275,0.972656,0.439064,0.589064,0.026044607162475586,0.7519335150718689,0.7258889079093933,1.5296614170074463,4.616613388061523,0.4416230618953705,13,1,1,1,1,1,0,0.0,0.4864329695701599,2,clean,0.0,-1,82,51,CORRECT,0,0,0,0,0,0,0.0,0.0
margin,live-delta,11,0.0,0.271707,0.577329,0.024275,0.972656,0.439064,0.589064,0.047495365142822266,0.6791089773178101,0.6316136121749878,1.3715834617614746,3.941587209701538,0.5729954838752747,11,1,1,1,1,1,0,0.0,0.3359265923500061,2,clean,0.0,-1,83,44,CORRECT,0,0,0,0,0,0,0.0,0.0
margin,live-delta,11,0.0,0.271707,0.577329,0.024275,0.972656,0.439064,0.589064,0.03799247741699219,0.7384377717971802,0.700445294380188,0.7970215678215027,2.2189221382141113,0.6581733822822571,7,1,1,1,1,1,0,0.0,0.348906934261322,2,clean,0.0,-1,84,41,CORRECT,0,0,0,0,0,0,0.0,0.0
margin,live-delta,11,0.0,0.271707,0.577329,0.024275,0.972656,0.439064,0.589064,0.0889737606048584,0.6956807374954224,0.606706976890564,1.406815767288208,4.0829339027404785,0.6207090616226196,13,1,1,1,1,1,0,0.0,0.38515859842300415,2,clean,0.0,-1,85,43,CORRECT,0,0,0,0,0,0,0.0,0.0
margin,live-delta,11,0.0,0.271707,0.577329,0.024275,0.972656,0.439064,0.589064,0.045197486877441406,0.7701441049575806,0.7249466180801392,1.4363933801651,4.205500602722168,0.5489729642868042,15,1,1,1,1,1,0,0.0,0.4686961770057678,2,clean,0.0,-1,86,51,CORRECT,0,0,0,0,0,0,0.0,0.0
margin,live-delta,11,0.0,0.271707,0.577329,0.024275,0.972656,0.439064,0.589064,0.011904120445251465,0.6797964572906494,0.667892336845398,1.5979340076446533,4.94281005859375,0.31458958983421326,9,1,1,1,1,1,0,0.0,0.41648101806640625,2,clean,0.0,-1,87,33,CORRECT,0,0,0,0,0,0,0.0,0.0
margin,live-delta,11,0.0,0.271707,0.577329,0.024275,0.972656,0.439064,0.589064,0.09143966436386108,0.5780873894691467,0.48664772510528564,0.8159888982772827,2.26141095161438,0.7532624006271362,4,1,1,1,1,1,0,0.05544177070260048,0.13045400381088257,2,clean,0.0,-1,88,47,CORRECT,0,0,0,0,0,0,0.0,0.0
margin,live-delta,11,0.0,0.271707,0.577329,0.024275,0.972656,0.439064,0.589064,0.03494095802307129,0.6190261840820312,0.58408522605896,0.9042328596115112,2.470036268234253,0.6164795756340027,4,1,1,1,1,1,0,0.0,0.2693459093570709,2,clean,0.0,-1,89,52,CORRECT,0,0,0,0,0,0,0.0,0.0
margin,live-delta,11,0.0,0.271707,0.577329,0.024275,0.972656,0.439064,0.589064,0.027263760566711426,0.692020058631897,0.6647562980651855,1.675542950630188,5.3416948318481445,0.37304309010505676,13,1,1,1,1,1,0,0.0,0.2833227515220642,2,clean,0.0,-1,91,39,CORRECT,0,0,0,0,0,0,0.0,0.0
margin,live-delta,11,0.0,0.271707,0.577329,0.024275,0.972656,0.439064,0.589064,0.029761195182800293,0.7398475408554077,0.7100863456726074,1.7118500471115112,5.5391998291015625,0.3889440596103668,14,1,1,1,1,1,0,0.0,0.47665858268737793,2,clean,0.0,-1,92,45,CORRECT,0,0,0,0,0,0,0.0,0.0
margin,live-delta,11,0.0,0.271707,0.577329,0.024275,0.972656,0.439064,0.589064,0.1284804344177246,0.5923916697502136,0.463911235332489,0.6271226406097412,1.872215747833252,0.8348609805107117,4,1,1,1,1,1,1,0.16513895988464355,0.1284804344177246,2,clean,0.0,-1,93,32,CORRECT,0,0,0,0,0,0,0.0,0.0
margin,live-delta,11,0.0,0.271707,0.577329,0.024275,0.972656,0.439064,0.589064,0.1297839879989624,0.55228590965271,0.42250192165374756,-0.0,1.0,1.0,1,1,1,1,1,1,0,0.0,0.32412323355674744,2,clean,0.0,-1,94,52,CORRECT,0,0,0,0,0,0,0.0,0.0
margin,live-delta,11,0.0,0.271707,0.577329,0.024275,0.972656,0.439064,0.589064,0.09342542290687561,0.5417872071266174,0.4483617842197418,0.3933871388435364,1.4819920063018799,0.8662855625152588,2,1,1,1,1,1,0,0.0,0.27124589681625366,2,clean,0.0,-1,95,51,CORRECT,0,0,0,0,0,0,0.0,0.0
margin,live-delta,11,0.0,0.271707,0.577329,0.024275,0.972656,0.439064,0.589064,0.050793468952178955,0.5806038975715637,0.5298104286193848,1.4404054880142212,4.222407817840576,0.45094889402389526,5,1,1,1,1,1,0,0.0,0.2296139895915985,2,clean,0.0,-1,97,39,CORRECT,0,0,0,0,0,0,0.0,0.0
margin,live-delta,11,0.0,0.271707,0.577329,0.024275,0.972656,0.439064,0.589064,0.015441596508026123,0.584922194480896,0.5694805979728699,1.9659758806228638,7.141879081726074,0.2806284725666046,9,1,1,1,1,1,0,0.0,0.33483394980430603,2,clean,0.0,-1,98,45,CORRECT,0,0,0,0,0,0,0.0,0.0
margin,live-delta,11,0.0,0.271707,0.577329,0.024275,0.972656,0.439064,0.589064,0.26017677783966064,0.6687585115432739,0.4085817337036133,-0.0,1.0,1.0,1,1,1,1,1,1,0,0.0,0.3264943063259125,2,clean,0.0,-1,99,60,CORRECT,0,0,0,0,0,0,0.0,0.0
margin,live-delta,11,0.0,0.271707,0.577329,0.024275,0.972656,0.439064,0.589064,0.015581190586090088,0.7002413272857666,0.6846601366996765,1.6012790203094482,4.959371566772461,0.4149681627750397,13,1,1,1,1,1,0,0.03963572904467583,0.12970495223999023,2,clean,0.0,-1,100,55,CORRECT,0,0,0,0,0,0,0.0,0.0
margin,live-delta,11,0.0,0.271707,0.577329,0.024275,0.972656,0.439064,0.589064,0.056407630443573,0.6827635765075684,0.6263559460639954,1.5161516666412354,4.55466365814209,0.4522438645362854,8,1,1,1,1,1,0,0.0,0.3936646282672882,2,clean,0.0,-1,101,33,CORRECT,0,0,0,0,0,0,0.0,0.0
margin,live-delta,11,0.0,0.271707,0.577329,0.024275,0.972656,0.439064,0.589064,0.03583967685699463,0.5661741495132446,0.53033447265625,1.8710620403289795,6.4951910972595215,0.3483125567436218,9,1,1,1,1,1,1,0.16582131385803223,0.03710949420928955,1,clean,0.0,-1,102,50,CORRECT,0,0,0,0,0,0,0.0,0.0
margin,live-delta,11,0.0,0.271707,0.577329,0.024275,0.972656,0.439064,0.589064,0.01545494794845581,0.607532799243927,0.5920778512954712,0.6813455820083618,1.9765355587005615,0.5766653418540955,2,1,1,1,1,1,0,0.0,0.19596463441848755,2,clean,0.0,-1,103,41,CORRECT,0,0,0,0,0,0,0.0,0.0
margin,live-delta,11,0.0,0.271707,0.577329,0.024275,0.972656,0.439064,0.589064,0.06616508960723877,0.7455623149871826,0.6793972253799438,1.2658060789108276,3.545949935913086,0.6393237709999084,14,1,1,1,1,1,0,0.0,0.34216418862342834,2,clean,0.0,-1,104,39,CORRECT,0,0,0,0,0,0,0.0,0.0
margin,live-delta,11,0.0,0.271707,0.577329,0.024275,0.972656,0.439064,0.589064,0.0018985271453857422,0.7375691533088684,0.7356706261634827,1.6145350933074951,5.025550842285156,0.3246951401233673,13,1,1,1,1,1,0,0.0,0.30341246724128723,2,clean,0.0,-1,105,54,CORRECT,0,0,0,0,0,0,0.0,0.0
margin,live-delta,11,0.0,0.271707,0.577329,0.024275,0.972656,0.439064,0.589064,0.00989389419555664,0.4737173914909363,0.46382349729537964,1.0729889869689941,2.9241065979003906,0.41885125637054443,3,1,1,1,1,1,0,0.0,0.1302989423274994,2,clean,0.0,-1,106,62,CORRECT,0,0,0,0,0,0,0.0,0.0
margin,live-delta,11,0.0,0.271707,0.577329,0.024275,0.972656,0.439064,0.589064,0.1537250280380249,0.799985408782959,0.6462603807449341,0.4958779215812683,1.6419390439987183,0.8949791193008423,10,1,1,1,1,1,0,0.0,0.5308573842048645,2,clean,0.0,-1,107,51,CORRECT,0,0,0,0,0,0,0.0,0.0
margin,live-delta,11,0.0,0.271707,0.577329,0.024275,0.972656,0.439064,0.589064,0.03705352544784546,0.7192625999450684,0.6822090744972229,1.5510046482086182,4.716206073760986,0.5038705468177795,15,1,1,1,1,1,0,0.0,0.4430217444896698,2,clean,0.0,-1,108,45,CORRECT,0,0,0,0,0,0,0.0,0.0
margin,live-delta,11,0.0,0.271707,0.577329,0.024275,0.972656,0.439064,0.589064,0.22602304816246033,0.6040655374526978,0.3780424892902374,-0.0,1.0,1.0,1,1,1,1,1,1,0,0.0,0.22602304816246033,2,clean,0.0,-1,109,38,CORRECT,0,0,0,0,0,0,0.0,0.0
margin,live-delta,11,0.0,0.271707,0.577329,0.024275,0.972656,0.439064,0.589064,0.037272632122039795,0.5118335485458374,0.4745609164237976,0.6282285451889038,1.8742873668670654,0.6781869530677795,2,1,1,1,1,1,0,0.0,0.14201003313064575,2,clean,0.0,-1,110,47,CORRECT,0,0,0,0,0,0,0.0,0.0
margin,live-delta,11,0.0,0.271707,0.577329,0.024275,0.972656,0.439064,0.589064,0.00589442253112793,0.6232324838638306,0.6173380613327026,0.9393909573554993,2.558422803878784,0.49284619092941284,4,1,1,1,1,1,0,0.0,0.26012080907821655,2,clean,0.0,-1,111,59,CORRECT,0,0,0,0,0,0,0.0,0.0
margin,live-delta,11,0.0,0.271707,0.577329,0.024275,0.972656,0.439064,0.589064,0.01124069094657898,0.4431905448436737,0.4319498538970947,-0.0,1.0,1.0,1,1,1,1,1,1,0,0.0,0.03822389245033264,1,clean,0.0,-1,112,51,CORRECT,0,0,0,0,0,0,0.0,0.0
margin,live-delta,11,0.0,0.271707,0.577329,0.024275,0.972656,0.439064,0.589064,0.06394106149673462,0.701833188533783,0.6378921270370483,1.6664202213287354,5.293185234069824,0.5275378227233887,15,1,1,1,1,1,0,0.0035519737284630537,0.25003582239151,2,clean,0.0,-1,113,39,CORRECT,0,0,0,0,0,0,0.0,0.0
margin,live-delta,11,0.0,0.271707,0.577329,0.024275,0.972656,0.439064,0.589064,0.06835818290710449,0.6080368757247925,0.539678692817688,0.9950105547904968,2.7047529220581055,0.660291850566864,4,1,1,1,1,1,0,0.0,0.2539392411708832,2,clean,0.0,-1,114,59,CORRECT,0,0,0,0,0,0,0.0,0.0
margin,live-delta,11,0.0,0.271707,0.577329,0.024275,0.972656,0.439064,0.589064,0.05447810888290405,0.6041508316993713,0.5496727228164673,1.0775936841964722,2.9376022815704346,0.6253456473350525,5,1,1,1,1,1,0,0.0,0.33038443326950073,2,clean,0.0,-1,115,50,CORRECT,0,0,0,0,0,0,0.0,0.0
margin,live-delta,11,0.0,0.271707,0.577329,0.024275,0.972656,0.439064,0.589064,0.01016378402709961,0.5373191833496094,0.5271553993225098,1.6083056926727295,4.99434232711792,0.3345862329006195,6,1,1,1,1,1,1,0.23712188005447388,0.042666494846343994,1,clean,0.0,-1,116,63,CORRECT,0,0,0,0,0,0,0.0,0.0
margin,live-delta,11,0.0,0.271707,0.577329,0.024275,0.972656,0.439064,0.589064,0.06607326865196228,0.4983387291431427,0.4322654604911804,-0.0,1.0,1.0,1,1,1,1,1,1,0,0.0,0.06607326865196228,2,clean,0.0,-1,117,58,CORRECT,0,0,0,0,0,0,0.0,0.0
margin,live-delta,11,0.0,0.271707,0.577329,0.024275,0.972656,0.439064,0.589064,0.04003894329071045,0.7102930545806885,0.670254111289978,1.3079015016555786,3.698404550552368,0.5311775207519531,9,1,1,1,1,1,0,0.0,0.4212930202484131,2,clean,0.0,-1,119,39,CORRECT,0,0,0,0,0,0,0.0,0.0
margin,live-delta,11,0.0,0.271707,0.577329,0.024275,0.972656,0.439064,0.589064,0.2523503005504608,0.6183493137359619,0.3659990131855011,-0.0,1.0,1.0,1,1,1,1,1,1,0,0.0,0.41161060333251953,2,clean,0.0,-1,121,52,CORRECT,0,0,0,0,0,0,0.0,0.0
margin,live-delta,11,0.0,0.271707,0.577329,0.024275,0.972656,0.439064,0.589064,0.014266133308410645,0.7422631978988647,0.7279970645904541,1.422123670578003,4.145915508270264,0.38885706663131714,11,1,1,1,1,1,0,0.0,0.5021474361419678,2,clean,0.0,-1,122,45,CORRECT,0,0,0,0,0,0,0.0,0.0
margin,live-delta,11,0.0,0.271707,0.577329,0.024275,0.972656,0.439064,0.589064,0.08240044116973877,0.8361939191818237,0.753793478012085,0.5423063039779663,1.7199690341949463,0.8239426612854004,6,1,1,1,1,1,0,0.0004518595524132252,0.37542420625686646,2,clean,0.0,-1,123,36,CORRECT,0,0,0,0,0,0,0.0,0.0
margin,live-delta,11,0.0,0.271707,0.577329,0.024275,0.972656,0.439064,0.589064,0.03546115756034851,0.49169304966926575,0.45623189210891724,1.0287868976593018,2.7976698875427246,0.5145205855369568,3,1,1,1,1,1,0,0.0,0.18838730454444885,2,clean,0.0,-1,125,41,CORRECT,0,0,0,0,0,0,0.0,0.0
margin,live-delta,11,0.0,0.271707,0.577329,0.024275,0.972656,0.439064,0.589064,0.0261155366897583,0.744177520275116,0.7180619835853577,1.4765279293060303,4.377719402313232,0.4277113974094391,13,1,1,1,1,1,0,0.005537495948374271,0.23962503671646118,2,clean,0.0,-1,126,62,CORRECT,0,0,0,0,0,0,0.0,0.0
margin,live-delta,11,0.0,0.271707,0.577329,0.024275,0.972656,0.439064,0.589064,0.19001200795173645,0.6020189523696899,0.4120069444179535,-0.0,1.0,1.0,1,1,1,1,1,1,0,0.0,0.37000665068626404,2,clean,0.0,-1,127,47,CORRECT,0,0,0,0,0,0,0.0,0.0
margin,live-delta,11,0.0,0.271707,0.577329,0.024275,0.972656,0.439064,0.589064,0.005229651927947998,0.5517898201942444,0.5465601682662964,2.1953423023223877,8.983075141906738,0.20394165813922882,11,2,2,1,2,1,0,0.0,0.22328901290893555,2,clean,0.0,-1,128,92,CORRECT,0,0,0,0,0,0,0.0,0.0
margin,live-delta,11,0.0,0.271707,0.577329,0.024275,0.972656,0.439064,0.589064,0.012582868337631226,0.4893530011177063,0.4767701327800751,1.5458707809448242,4.692055702209473,0.315262109041214,5,2,2,1,2,1,0,0.0,0.07689374685287476,2,clean,0.0,-1,130,88,CORRECT,0,0,0,0,0,0,0.0,0.0
margin,live-delta,11,0.0,0.271707,0.577329,0.024275,0.972656,0.439064,0.589064,0.03712707757949829,0.7388211488723755,0.7016940712928772,1.1324647665023804,3.1032960414886475,0.5346430540084839,9,2,2,1,2,1,0,0.0,0.4550756812095642,2,clean,0.0,-1,131,92,CORRECT,0,0,0,0,0,0,0.0,0.0
margin,live-delta,11,0.0,0.271707,0.577329,0.024275,0.972656,0.439064,0.589064,0.07996654510498047,0.5953593254089355,0.5153927803039551,1.5070693492889404,4.513484001159668,0.5781190991401672,9,2,2,1,2,1,0,0.0,0.30446359515190125,2,clean,0.0,-1,132,80,CORRECT,0,0,0,0,0,0,0.0,0.0
margin,live-delta,11,0.0,0.271707,0.577329,0.024275,0.972656,0.439064,0.589064,0.10068809986114502,0.6728984117507935,0.5722103118896484,1.317524790763855,3.7341670989990234,0.6606665849685669,10,2,2,1,2,1,0,0.0,0.549420952796936,2,clean,0.0,-1,133,66,CORRECT,0,0,0,0,0,0,0.0,0.0
margin,live-delta,11,0.0,0.271707,0.577329,0.024275,0.972656,0.439064,0.589064,0.010797262191772461,0.6597398519515991,0.6489425897598267,1.7877330780029297,5.975890159606934,0.33156898617744446,12,2,2,1,2,1,0,0.0,0.41171005368232727,2,clean,0.0,-1,134,92,CORRECT,0,0,0,0,0,0,0.0,0.0
margin,live-delta,11,0.0,0.271707,0.577329,0.024275,0.972656,0.439064,0.589064,0.038563430309295654,0.7814432978630066,0.7428798675537109,2.0973949432373047,8.14492416381836,0.3092581331729889,17,2,2,1,2,1,0,0.0,0.6722792387008667,2,clean,0.0,-1,135,86,CORRECT,0,0,0,0,0,0,0.0,0.0
margin,live-delta,11,0.0,0.271707,0.577329,0.024275,0.972656,0.439064,0.589064,0.020030081272125244,0.5288381576538086,0.5088080763816833,2.260021448135376,9.583294868469238,0.22070133686065674,11,2,2,1,2,1,0,0.0,0.34904682636260986,2,clean,0.0,-1,136,88,CORRECT,0,0,0,0,0,0,0.0,0.0
margin,live-delta,11,0.0,0.271707,0.577329,0.024275,0.972656,0.439064,0.589064,0.073203444480896,0.7202974557876587,0.6470940113067627,1.0489871501922607,2.8547582626342773,0.6896443367004395,9,2,2,1,2,1,0,0.0,0.329639196395874,2,clean,0.0,-1,137,88,CORRECT,0,0,0,0,0,0,0.0,0.0
margin,live-delta,11,0.0,0.271707,0.577329,0.024275,0.972656,0.439064,0.589064,0.010031938552856445,0.6941384077072144,0.6841064691543579,2.1667442321777344,8.729815483093262,0.25467154383659363,18,2,2,1,2,1,0,0.0,0.5886439085006714,2,clean,0.0,-1,138,81,CORRECT,0,0,0,0,0,0,0.0,0.0
margin,live-delta,11,0.0,0.271707,0.577329,0.024275,0.972656,0.439064,0.589064,0.02701401710510254,0.5055744051933289,0.4785603880882263,0.6579487919807434,1.9308277368545532,0.6318776607513428,2,2,2,1,2,1,0,0.0,0.27878403663635254,2,clean,0.0,-1,139,80,CORRECT,0,0,0,0,0,0,0.0,0.0
margin,live-delta,11,0.0,0.271707,0.577329,0.024275,0.972656,0.439064,0.589064,0.004963397979736328,0.5345861911773682,0.5296227931976318,1.971577525138855,7.181997299194336,0.22626833617687225,8,2,2,1,2,1,0,0.0,0.4051614999771118,2,clean,0.0,-1,140,66,CORRECT,0,0,0,0,0,0,0.0,0.0
margin,live-delta,11,0.0,0.271707,0.577329,0.024275,0.972656,0.439064,0.589064,0.0156974196434021,0.6356213688850403,0.6199239492416382,1.9866859912872314,7.291330337524414,0.2903841435909271,13,2,2,1,2,1,0,0.0,0.4982225298881531,2,clean,0.0,-1,141,66,CORRECT,0,0,0,0,0,0,0.0,0.0
margin,live-delta,11,0.0,0.271707,0.577329,0.024275,0.972656,0.439064,0.589064,0.01708298921585083,0.7122920751571655,0.6952090859413147,1.2599601745605469,3.5252811908721924,0.4833809733390808,10,2,2,1,2,1,0,0.0,0.3683291971683502,2,clean,0.0,-1,142,88,CORRECT,0,0,0,0,0,0,0.0,0.0
margin,live-delta,11,0.0,0.271707,0.577329,0.024275,0.972656,0.439064,0.589064,0.05140995979309082,0.7328740954399109,0.6814641356468201,1.9405049085617065,6.962265491485596,0.40896961092948914,16,2,2,1,2,1,0,0.0,0.6180444955825806,2,clean,0.0,-1,143,66,CORRECT,0,0,0,0,0,0,0.0,0.0
margin,live-delta,11,0.0,0.271707,0.577329,0.024275,0.972656,0.439064,0.589064,0.06999588012695312,0.8557835817337036,0.7857877016067505,1.1510076522827148,3.161376953125,0.6333998441696167,16,2,2,1,2,1,0,0.0,0.6665446758270264,2,clean,0.0,-1,144,92,CORRECT,0,0,0,0,0,0,0.0,0.0
margin,live-delta,11,0.0,0.271707,0.577329,0.024275,0.972656,0.439064,0.589064,0.07027477025985718,0.7297858595848083,0.6595110893249512,1.6335607767105103,5.1220808029174805,0.5572382807731628,15,2,2,1,2,1,0,0.0,0.5841353535652161,2,clean,0.0,-1,145,82,CORRECT,0,0,0,0,0,0,0.0,0.0
margin,live-delta,11,0.0,0.271707,0.577329,0.024275,0.972656,0.439064,0.589064,0.012750029563903809,0.620884895324707,0.6081348657608032,2.2108232975006104,9.123224258422852,0.2578112781047821,15,2,2,1,2,1,0,0.0,0.41435956954956055,2,clean,0.0,-1,146,89,CORRECT,0,0,0,0,0,0,0.0,0.0
margin,live-delta,11,0.0,0.271707,0.577329,0.024275,0.972656,0.439064,0.589064,0.01943683624267578,0.7345792055130005,0.7151423692703247,1.9745113849639893,7.203099250793457,0.32740145921707153,17,2,2,1,2,1,0,0.0,0.5811883211135864,2,clean,0.0,-1,147,66,CORRECT,0,0,0,0,0,0,0.0,0.0
margin,live-delta,11,0.0,0.271707,0.577329,0.024275,0.972656,0.439064,0.589064,0.05345660448074341,0.7361685633659363,0.6827119588851929,1.9927566051483154,7.335727691650391,0.3912556767463684,14,2,2,1,2,1,0,0.0,0.5475063323974609,2,clean,0.0,-1,148,87,CORRECT,0,0,0,0,0,0,0.0,0.0
margin,live-delta,11,0.0,0.271707,0.577329,0.024275,0.972656,0.439064,0.589064,0.032271623611450195,0.8208656311035156,0.7885940074920654,1.3720816373825073,3.9435513019561768,0.4559568762779236,16,2,2,1,2,1,0,0.0,0.5866742730140686,2,clean,0.0,-1,149,88,CORRECT,0,0,0,0,0,0,0.0,0.0
margin,live-delta,11,0.0,0.271707,0.577329,0.024275,0.972656,0.439064,0.589064,0.055301666259765625,0.5719026327133179,0.5166009664535522,1.0985515117645264,2.9998176097869873,0.626548171043396,5,2,2,1,2,1,0,0.0,0.34642860293388367,2,clean,0.0,-1,150,80,CORRECT,0,0,0,0,0,0,0.0,0.0
margin,live-delta,11,0.0,0.271707,0.577329,0.024275,0.972656,0.439064,0.589064,0.16924935579299927,0.6686280965805054,0.4993787407875061,0.38829556107521057,1.4744654893875122,0.9189178347587585,5,2,2,1,2,1,0,0.0,0.5161433815956116,2,clean,0.0,-1,151,82,CORRECT,0,0,0,0,0,0,0.0,0.0
margin,live-delta,11,0.0,0.271707,0.577329,0.024275,0.972656,0.439064,0.589064,0.014408707618713379,0.7415615320205688,0.7271528244018555,2.1189281940460205,8.322213172912598,0.27553868293762207,18,2,2,1,2,1,0,0.0,0.6040228009223938,2,clean,0.0,-1,152,66,CORRECT,0,0,0,0,0,0,0.0,0.0
margin,live-delta,11,0.0,0.271707,0.577329,0.024275,0.972656,0.439064,0.589064,0.010547876358032227,0.8060425519943237,0.7954946756362915,1.3239156007766724,3.758107900619507,0.42233118414878845,16,2,2,1,2,1,0,0.0,0.5476217269897461,2,clean,0.0,-1,153,92,CORRECT,0,0,0,0,0,0,0.0,0.0
margin,live-delta,11,0.0,0.271707,0.577329,0.024275,0.972656,0.439064,0.589064,0.020640254020690918,0.6020315885543823,0.5813913345336914,2.2193665504455566,9.201499938964844,0.24520422518253326,13,2,2,1,2,1,0,0.0,0.42076271772384644,2,clean,0.0,-1,160,94,CORRECT,0,0,0,0,0,0,0.0,0.0
margin,live-delta,11,0.0,0.271707,0.577329,0.024275,0.972656,0.439064,0.589064,0.0004684329032897949,0.558491587638855,0.5580231547355652,2.468005895614624,11.798894882202148,0.15108776092529297,14,2,2,1,2,1,0,0.0,0.3641226291656494,2,clean,0.0,-1,162,94,CORRECT,0,0,0,0,0,0,0.0,0.0
margin,live-delta,11,0.0,0.271707,0.577329,0.024275,0.972656,0.439064,0.589064,0.009126722812652588,0.5600058436393738,0.5508791208267212,1.837072491645813,6.27813196182251,0.299072802066803,8,2,2,1,2,1,0,0.0,0.3933143615722656,2,clean,0.0,-1,164,86,CORRECT,0,0,0,0,0,0,0.0,0.0
margin,live-delta,11,0.0,0.271707,0.577329,0.024275,0.972656,0.439064,0.589064,0.02350926399230957,0.6209155321121216,0.597406268119812,2.3354697227478027,10.33431339263916,0.22745604813098907,14,2,2,1,2,1,0,0.0,0.4534796178340912,2,clean,0.0,-1,166,66,CORRECT,0,0,0,0,0,0,0.0,0.0
margin,live-delta,11,0.0,0.271707,0.577329,0.024275,0.972656,0.439064,0.589064,0.07067340612411499,0.8171741366386414,0.7465007305145264,1.6226474046707153,5.06648588180542,0.5326154232025146,17,2,2,1,2,1,0,0.0,0.6834558248519897,2,clean,0.0,-1,167,94,CORRECT,0,0,0,0,0,0,0.0,0.0
margin,live-delta,11,0.0,0.271707,0.577329,0.024275,0.972656,0.439064,0.589064,0.04554343223571777,0.8218976855278015,0.7763542532920837,1.8764818906784058,6.530489444732666,0.38273027539253235,18,2,2,1,2,1,0,0.0,0.6797922253608704,2,clean,0.0,-1,169,87,CORRECT,0,0,0,0,0,0,0.0,0.0
margin,live-delta,11,0.0,0.271707,0.577329,0.024275,0.972656,0.439064,0.589064,0.055218279361724854,0.4490985870361328,0.39388030767440796,-0.0,1.0,1.0,1,2,2,1,2,1,0,0.0,0.1706991195678711,2,clean,0.0,-1,170,74,CORRECT,0,0,0,0,0,0,0.0,0.0
margin,live-delta,11,0.0,0.271707,0.577329,0.024275,0.972656,0.439064,0.589064,0.03050374984741211,0.7986985445022583,0.7681947946548462,2.0227675437927246,7.559216499328613,0.3476046919822693,18,2,2,1,2,1,0,0.0,0.652678370475769,2,clean,0.0,-1,172,94,CORRECT,0,0,0,0,0,0,0.0,0.0
margin,live-delta,11,0.0,0.271707,0.577329,0.024275,0.972656,0.439064,0.589064,0.022157609462738037,0.6517328023910522,0.6295751929283142,1.8360211849212646,6.271535396575928,0.374071329832077,11,2,2,1,2,1,0,0.0,0.493843138217926,2,clean,0.0,-1,173,79,CORRECT,0,0,0,0,0,0,0.0,0.0
margin,live-delta,11,0.0,0.271707,0.577329,0.024275,0.972656,0.439064,0.589064,0.029355645179748535,0.8051860332489014,0.7758303880691528,1.780912160873413,5.935267925262451,0.37560105323791504,17,2,2,1,2,1,0,0.0,0.5979050397872925,2,clean,0.0,-1,174,88,CORRECT,0,0,0,0,0,0,0.0,0.0
margin,live-delta,11,0.0,0.271707,0.577329,0.024275,0.972656,0.439064,0.589064,0.014246940612792969,0.5697592496871948,0.5555123090744019,2.2537872791290283,9.523736953735352,0.26052936911582947,13,2,2,1,2,1,0,0.0,0.27040910720825195,2,clean,0.0,-1,175,82,CORRECT,0,0,0,0,0,0,0.0,0.0
margin,live-delta,11,0.0,0.271707,0.577329,0.024275,0.972656,0.439064,0.589064,0.014076292514801025,0.726281464099884,0.712205171585083,1.8721051216125488,6.501969337463379,0.28966787457466125,16,2,2,1,2,1,0,0.0,0.535503089427948,2,clean,0.0,-1,176,87,CORRECT,0,0,0,0,0,0,0.0,0.0
margin,live-delta,11,0.0,0.271707,0.577329,0.024275,0.972656,0.439064,0.589064,0.05845820903778076,0.6732896566390991,0.6148314476013184,1.9466885328292847,7.00545072555542,0.41664114594459534,15,2,2,1,2,1,0,0.0,0.47631222009658813,2,clean,0.0,-1,177,66,CORRECT,0,0,0,0,0,0,0.0,0.0
margin,live-delta,11,0.0,0.271707,0.577329,0.024275,0.972656,0.439064,0.589064,0.09708833694458008,0.498207688331604,0.4011193513870239,-0.0,1.0,1.0,1,2,2,1,2,1,0,0.0,0.16100990772247314,2,clean,0.0,-1,178,64,CORRECT,0,0,0,0,0,0,0.0,0.0
margin,live-delta,11,0.0,0.271707,0.577329,0.024275,0.972656,0.439064,0.589064,0.014411091804504395,0.642770528793335,0.6283594369888306,2.2935867309570312,9.910420417785645,0.2121940553188324,17,2,2,1,2,1,0,0.0,0.5257186889648438,2,clean,0.0,-1,179,81,CORRECT,0,0,0,0,0,0,0.0,0.0
margin,live-delta,11,0.0,0.271707,0.577329,0.024275,0.972656,0.439064,0.589064,0.009206622838973999,0.48549434542655945,0.47628772258758545,0.6889269948005676,1.991577386856079,0.5459035038948059,2,2,2,1,2,1,0,0.0,0.08106586337089539,2,clean,0.0,-1,180,88,CORRECT,0,0,0,0,0,0,0.0,0.0
margin,live-delta,11,0.0,0.271707,0.577329,0.024275,0.972656,0.439064,0.589064,0.07042646408081055,0.7437867522239685,0.673360288143158,1.7850247621536255,5.959727764129639,0.4779830276966095,13,2,2,1,2,1,0,0.0,0.6262246966362,2,clean,0.0,-1,182,82,CORRECT,0,0,0,0,0,0,0.0,0.0
margin,live-delta,11,0.0,0.271707,0.577329,0.024275,0.972656,0.439064,0.589064,0.00473785400390625,0.6011457443237305,0.5964078903198242,2.072744846343994,7.946605205535889,0.22993776202201843,12,2,2,1,2,1,0,0.0,0.3789810240268707,2,clean,0.0,-1,183,86,CORRECT,0,0,0,0,0,0,0.0,0.0
margin,live-delta,11,0.0,0.271707,0.577329,0.024275,0.972656,0.439064,0.589064,0.0015205740928649902,0.6854196190834045,0.6838990449905396,2.1933770179748535,8.965438842773438,0.20872709155082703,18,2,2,1,2,1,0,0.0,0.5326675176620483,2,clean,0.0,-1,184,86,CORRECT,0,0,0,0,0,0,0.0,0.0
margin,live-delta,11,0.0,0.271707,0.577329,0.024275,0.972656,0.439064,0.589064,0.032849788665771484,0.6116892099380493,0.5788394212722778,2.093151569366455,8.110435485839844,0.3236585557460785,13,2,2,1,2,1,0,0.0,0.46648189425468445,2,clean,0.0,-1,185,81,CORRECT,0,0,0,0,0,0,0.0,0.0
margin,live-delta,11,0.0,0.271707,0.577329,0.024275,0.972656,0.439064,0.589064,0.009874820709228516,0.8028467893600464,0.7929719686508179,1.5425740480422974,4.676612377166748,0.3523537814617157,16,2,2,1,2,1,0,0.0,0.5988579988479614,2,clean,0.0,-1,186,88,CORRECT,0,0,0,0,0,0,0.0,0.0
margin,live-delta,11,0.0,0.271707,0.577329,0.024275,0.972656,0.439064,0.589064,0.002904832363128662,0.8251573443412781,0.8222525119781494,1.9314234256744385,6.8993239402771,0.2785907983779907,18,2,2,1,2,1,0,0.0,0.7316372394561768,2,clean,0.0,-1,187,66,CORRECT,0,0,0,0,0,0,0.0,0.0
margin,live-delta,11,0.0,0.271707,0.577329,0.024275,0.972656,0.439064,0.589064,0.0050036609172821045,0.47099390625953674,0.46599024534225464,1.0700676441192627,2.915576696395874,0.4062097668647766,3,2,2,1,2,1,0,0.0,0.1328435242176056,2,clean,0.0,-1,188,89,CORRECT,0,0,0,0,0,0,0.0,0.0
margin,live-delta,11,0.0,0.271707,0.577329,0.024275,0.972656,0.439064,0.589064,0.0056299567222595215,0.5357644557952881,0.5301344990730286,1.9224615097045898,6.837769031524658,0.258139431476593,8,2,2,1,2,1,0,0.0,0.26216602325439453,2,clean,0.0,-1,190,67,CORRECT,0,0,0,0,0,0,0.0,0.0
margin,live-delta,11,0.0,0.271707,0.577329,0.024275,0.972656,0.439064,0.589064,0.05560547113418579,0.632349967956543,0.5767444968223572,2.061814069747925,7.860215663909912,0.36354196071624756,13,2,2,1,2,1,0,0.0,0.39755454659461975,2,clean,0.0,-1,191,81,CORRECT,0,0,0,0,0,0,0.0,0.0
margin,live-delta,11,0.0,0.271707,0.577329,0.024275,0.972656,0.439064,0.589064,0.1022566556930542,0.8100323677062988,0.7077757120132446,1.329530954360962,3.7792701721191406,0.6659570336341858,15,3,3,1,3,1,0,0.0,0.6372814774513245,2,clean,0.0,-1,192,110,CORRECT,0,0,0,0,0,0,0.0,0.0
margin,live-delta,11,0.0,0.271707,0.577329,0.024275,0.972656,0.439064,0.589064,0.006317168474197388,0.46576759219169617,0.4594504237174988,0.6911558508872986,1.9960212707519531,0.5315437316894531,2,3,3,1,3,1,0,0.0,0.23192644119262695,2,clean,0.0,-1,193,122,CORRECT,0,0,0,0,0,0,0.0,0.0
margin,live-delta,11,0.0,0.271707,0.577329,0.024275,0.972656,0.439064,0.589064,0.027418076992034912,0.8872389197349548,0.8598208427429199,1.6352026462554932,5.130497455596924,0.4058467745780945,13,3,3,1,3,1,0,0.0,0.7987887859344482,2,clean,0.0,-1,194,97,CORRECT,0,0,0,0,0,0,0.0,0.0
margin,live-delta,11,0.0,0.271707,0.577329,0.024275,0.972656,0.439064,0.589064,0.09606266021728516,0.7679380178451538,0.6718753576278687,1.635295033454895,5.130971431732178,0.5858632326126099,20,3,3,1,3,1,0,0.0,0.467274934053421,2,clean,0.0,-1,195,105,CORRECT,0,0,0,0,0,0,0.0,0.0
margin,live-delta,11,0.0,0.271707,0.577329,0.024275,0.972656,0.439064,0.589064,0.033324480056762695,0.5985491275787354,0.5652246475219727,2.370943307876587,10.707488059997559,0.2544578015804291,16,3,3,1,3,1,0,0.0,0.4936526417732239,2,clean,0.0,-1,196,113,CORRECT,0,0,0,0,0,0,0.0,0.0
margin,live-delta,11,0.0,0.271707,0.577329,0.024275,0.972656,0.439064,0.589064,0.03140676021575928,0.6604886054992676,0.6290818452835083,2.293865442276001,9.913182258605957,0.300283819437027,20,3,3,1,3,1,0,0.0,0.44444766640663147,2,clean,0.0,-1,197,109,CORRECT,0,0,0,0,0,0,0.0,0.0
margin,live-delta,11,0.0,0.271707,0.577329,0.024275,0.972656,0.439064,0.589064,0.02615499496459961,0.46656566858291626,0.44041067361831665,0.6600783467292786,1.9349439144134521,0.6278723478317261,2,3,3,1,3,1,0,0.0,0.18199288845062256,2,clean,0.0,-1,198,104,CORRECT,0,0,0,0,0,0,0.0,0.0
margin,live-delta,11,0.0,0.271707,0.577329,0.024275,0.972656,0.439064,0.589064,0.019829392433166504,0.5268105268478394,0.5069811344146729,0.673866868019104,1.961808681488037,0.597867488861084,2,3,3,1,3,1,0,0.0,0.4132581651210785,2,clean,0.0,-1,199,115,CORRECT,0,0,0,0,0,0,0.0,0.0
margin,live-delta,11,0.0,0.271707,0.577329,0.024275,0.972656,0.439064,0.589064,0.14240378141403198,0.7219078540802002,0.5795040726661682,0.2346271276473999,1.264437198638916,0.9419585466384888,3,3,3,1,3,1,0,0.0,0.6385027766227722,2,clean,0.0,-1,200,115,CORRECT,0,0,0,0,0,0,0.0,0.0
margin,live-delta,11,0.0,0.271707,0.577329,0.024275,0.972656,0.439064,0.589064,0.0062757134437561035,0.8334376215934753,0.8271619081497192,1.3125348091125488,3.7155799865722656,0.35869359970092773,18,3,3,1,3,1,0,0.0,0.7009687423706055,2,clean,0.0,-1,201,118,CORRECT,0,0,0,0,0,0,0.0,0.0
margin,live-delta,11,0.0,0.271707,0.577329,0.024275,0.972656,0.439064,0.589064,0.020821452140808105,0.5942161679267883,0.5733947157859802,1.6025315523147583,4.965587139129639,0.3478326201438904,7,3,3,1,3,1,0,0.0,0.3573760688304901,2,clean,0.0,-1,202,124,CORRECT,0,0,0,0,0,0,0.0,0.0
margin,live-delta,11,0.0,0.271707,0.577329,0.024275,0.972656,0.439064,0.589064,0.08432415127754211,0.5297173261642456,0.4453931748867035,0.4333803057670593,1.542462706565857,0.8437610268592834,2,3,3,1,3,1,0,0.0,0.2651461362838745,2,clean,0.0,-1,203,96,CORRECT,0,0,0,0,0,0,0.0,0.0
margin,live-delta,11,0.0,0.271707,0.577329,0.024275,0.972656,0.439064,0.589064,0.09210005402565002,0.5800983309745789,0.48799827694892883,0.8244100213050842,2.2805349826812744,0.7486775517463684,4,3,3,1,3,1,0,0.0,0.3671265244483948,2,clean,0.0,-1,204,96,CORRECT,0,0,0,0,0,0,0.0,0.0
margin,live-delta,11,0.0,0.271707,0.577329,0.024275,0.972656,0.439064,0.589064,0.09026157855987549,0.7622923851013184,0.6720308065414429,0.9353034496307373,2.5479865074157715,0.7575065493583679,11,3,3,1,3,1,0,0.0,0.5345759987831116,2,clean,0.0,-1,205,124,CORRECT,0,0,0,0,0,0,0.0,0.0
margin,live-delta,11,0.0,0.271707,0.577329,0.024275,0.972656,0.439064,0.589064,0.08902692794799805,0.592893660068512,0.5038667321205139,1.1338024139404297,3.107449769973755,0.6687549948692322,6,3,3,1,3,1,0,0.0,0.4166918396949768,2,clean,0.0,-1,206,113,CORRECT,0,0,0,0,0,0,0.0,0.0
margin,live-delta,11,0.0,0.271707,0.577329,0.024275,0.972656,0.439064,0.589064,0.03632640838623047,0.7532113790512085,0.716884970664978,2.2270796298980713,9.272747039794922,0.25928980112075806,18,3,3,1,3,1,0,0.0,0.5773868560791016,2,clean,0.0,-1,207,126,CORRECT,0,0,0,0,0,0,0.0,0.0
margin,live-delta,11,0.0,0.271707,0.577329,0.024275,0.972656,0.439064,0.589064,0.05994373559951782,0.6874781847000122,0.6275344491004944,1.4573490619659424,4.294559955596924,0.5362496972084045,10,3,3,1,3,1,0,0.0,0.458513468503952,2,clean,0.0,-1,208,124,CORRECT,0,0,0,0,0,0,0.0,0.0
margin,live-delta,11,0.0,0.271707,0.577329,0.024275,0.972656,0.439064,0.589064,0.007803201675415039,0.5509086847305298,0.5431054830551147,0.6901119351387024,1.993938684463501,0.5389370322227478,2,3,3,1,3,1,0,0.0,0.4494723081588745,2,clean,0.0,-1,209,115,CORRECT,0,0,0,0,0,0,0.0,0.0
margin,live-delta,11,0.0,0.271707,0.577329,0.024275,0.972656,0.439064,0.589064,0.01137608289718628,0.682218074798584,0.6708419919013977,1.4856369495391846,4.417778491973877,0.4158100187778473,10,3,3,1,3,1,0,0.0,0.5385146141052246,2,clean,0.0,-1,210,116,CORRECT,0,0,0,0,0,0,0.0,0.0
margin,live-delta,11,0.0,0.271707,0.577329,0.024275,0.972656,0.439064,0.589064,0.02612006664276123,0.7439183592796326,0.7177982926368713,1.2961605787277222,3.655235767364502,0.48552531003952026,15,3,3,1,3,1,0,0.0,0.5797291398048401,2,clean,0.0,-1,211,125,CORRECT,0,0,0,0,0,0,0.0,0.0
margin,live-delta,11,0.0,0.271707,0.577329,0.024275,0.972656,0.439064,0.589064,0.002281785011291504,0.6112834215164185,0.609001636505127,1.5259491205215454,4.599506855010986,0.32277217507362366,6,3,3,1,3,1,0,0.0,0.2935105562210083,2,clean,0.0,-1,212,101,CORRECT,0,0,0,0,0,0,0.0,0.0
margin,live-delta,11,0.0,0.271707,0.577329,0.024275,0.972656,0.439064,0.589064,0.03744769096374512,0.6198829412460327,0.5824352502822876,1.610660433769226,5.0061163902282715,0.39658716320991516,8,3,3,1,3,1,0,0.0,0.3868899941444397,2,clean,0.0,-1,213,125,CORRECT,0,0,0,0,0,0,0.0,0.0
margin,live-delta,11,0.0,0.271707,0.577329,0.024275,0.972656,0.439064,0.589064,0.006246805191040039,0.7604220509529114,0.7541752457618713,2.070779323577881,7.931001663208008,0.24775245785713196,17,3,3,1,3,1,0,0.0,0.6242871284484863,2,clean,0.0,-1,214,97,CORRECT,0,0,0,0,0,0,0.0,0.0
margin,live-delta,11,0.0,0.271707,0.577329,0.024275,0.972656,0.439064,0.589064,0.07016345858573914,0.47933223843574524,0.4091687798500061,-0.0,1.0,1.0,1,3,3,1,3,1,0,0.0,0.16705068945884705,2,clean,0.0,-1,215,123,CORRECT,0,0,0,0,0,0,0.0,0.0
margin,live-delta,11,0.0,0.271707,0.577329,0.024275,0.972656,0.439064,0.589064,0.12951183319091797,0.63904869556427,0.509536862373352,0.2530421316623688,1.2879375219345093,0.9302305579185486,2,3,3,1,3,1,0,0.0,0.33034107089042664,2,clean,0.0,-1,216,122,CORRECT,0,0,0,0,0,0,0.0,0.0
margin,live-delta,11,0.0,0.271707,0.577329,0.024275,0.972656,0.439064,0.589064,0.1960849165916443,0.8942528367042542,0.6981679201126099,0.2806599736213684,1.3240033388137817,0.9504283666610718,13,3,3,1,3,1,0,0.0,0.7961851358413696,2,clean,0.0,-1,217,107,CORRECT,0,0,0,0,0,0,0.0,0.0
margin,live-delta,11,0.0,0.271707,0.577329,0.024275,0.972656,0.439064,0.589064,0.007295757532119751,0.4530926048755646,0.4457968473434448,0.6904928684234619,1.994698405265808,0.5364142060279846,2,3,3,1,3,1,0,0.0,0.17780092358589172,2,clean,0.0,-1,218,114,CORRECT,0,0,0,0,0,0,0.0,0.0
margin,live-delta,11,0.0,0.271707,0.577329,0.024275,0.972656,0.439064,0.589064,0.07128006219863892,0.816789984703064,0.745509922504425,0.672871470451355,1.9598568677902222,0.779811680316925,9,3,3,1,3,1,0,0.0,0.7203499674797058,2,clean,0.0,-1,219,119,CORRECT,0,0,0,0,0,0,0.0,0.0
margin,live-delta,11,0.0,0.271707,0.577329,0.024275,0.972656,0.439064,0.589064,0.042374372482299805,0.5923725366592407,0.5499981641769409,1.6603269577026367,5.261030673980713,0.4123595952987671,8,3,3,1,3,1,0,0.0,0.37080055475234985,2,clean,0.0,-1,220,119,CORRECT,0,0,0,0,0,0,0.0,0.0
margin,live-delta,11,0.0,0.271707,0.577329,0.024275,0.972656,0.439064,0.589064,0.03423511981964111,0.7938240766525269,0.7595889568328857,0.7789266705513,2.1791319847106934,0.6444183588027954,6,3,3,1,3,1,0,0.0,0.6068319082260132,2,clean,0.0,-1,221,121,CORRECT,0,0,0,0,0,0,0.0,0.0
margin,live-delta,11,0.0,0.271707,0.577329,0.024275,0.972656,0.439064,0.589064,0.0373113751411438,0.7181012034416199,0.6807898283004761,1.348701000213623,3.8524179458618164,0.4989735782146454,10,3,3,1,3,1,0,0.0,0.44699907302856445,2,clean,0.0,-1,222,103,CORRECT,0,0,0,0,0,0,0.0,0.0
margin,live-delta,11,0.0,0.271707,0.577329,0.024275,0.972656,0.439064,0.589064,0.009178757667541504,0.5874730348587036,0.5782942771911621,1.794343113899231,6.015522003173828,0.33089911937713623,9,3,3,1,3,1,0,0.0,0.41115981340408325,2,clean,0.0,-1,223,114,CORRECT,0,0,0,0,0,0,0.0,0.0
margin,live-delta,11,0.0,0.271707,0.577329,0.024275,0.972656,0.439064,0.589064,0.0036386847496032715,0.8077525496482849,0.8041138648986816,0.7877927422523499,2.198538303375244,0.5091709494590759,7,3,3,1,3,1,0,0.0,0.693606436252594,2,clean,0.0,-1,224,121,CORRECT,0,0,0,0,0,0,0.0,0.0
margin,live-delta,11,0.0,0.271707,0.577329,0.024275,0.972656,0.439064,0.589064,0.03262263536453247,0.6887332797050476,0.6561106443405151,1.4753340482711792,4.372496128082275,0.4493337869644165,9,3,3,1,3,1,0,0.0,0.5997492671012878,2,clean,0.0,-1,225,116,CORRECT,0,0,0,0,0,0,0.0,0.0
margin,live-delta,11,0.0,0.271707,0.577329,0.024275,0.972656,0.439064,0.589064,0.02645939588546753,0.571704626083374,0.5452452301979065,0.6593304872512817,1.933497428894043,0.6292937397956848,2,3,3,1,3,1,0,0.0,0.3278559744358063,2,clean,0.0,-1,226,120,CORRECT,0,0,0,0,0,0,0.0,0.0
margin,live-delta,11,0.0,0.271707,0.577329,0.024275,0.972656,0.439064,0.589064,0.2306826114654541,0.9411556720733643,0.7104730606079102,0.226749986410141,1.2545162439346313,0.9641211628913879,17,3,3,1,3,1,0,0.0,0.8242925405502319,2,clean,0.0,-1,227,107,CORRECT,0,0,0,0,0,0,0.0,0.0
margin,live-delta,11,0.0,0.271707,0.577329,0.024275,0.972656,0.439064,0.589064,0.010918140411376953,0.5363830327987671,0.5254648923873901,1.420082926750183,4.137463569641113,0.36637499928474426,5,3,3,1,3,1,0,0.0,0.4173053503036499,2,clean,0.0,-1,228,107,CORRECT,0,0,0,0,0,0,0.0,0.0
margin,live-delta,11,0.0,0.271707,0.577329,0.024275,0.972656,0.439064,0.589064,0.021424829959869385,0.8018848896026611,0.7804600596427917,0.6966444253921509,2.0070066452026367,0.6030893325805664,4,3,3,1,3,1,0,0.0,0.6869179010391235,2,clean,0.0,-1,229,120,CORRECT,0,0,0,0,0,0,0.0,0.0
margin,live-delta,11,0.0,0.271707,0.577329,0.024275,0.972656,0.439064,0.589064,0.05081146955490112,0.7853767275810242,0.734565258026123,1.824318766593933,6.198570728302002,0.42657700181007385,15,3,3,1,3,1,0,0.0,0.6753167510032654,2,clean,0.0,-1,230,107,CORRECT,0,0,0,0,0,0,0.0,0.0
margin,live-delta,11,0.0,0.271707,0.577329,0.024275,0.972656,0.439064,0.589064,0.029012084007263184,0.8678466081619263,0.8388345241546631,1.864013910293579,6.449573040008545,0.3899986743927002,19,3,3,1,3,1,0,0.0,0.7405789494514465,2,clean,0.0,-1,231,126,CORRECT,0,0,0,0,0,0,0.0,0.0
margin,live-delta,11,0.0,0.271707,0.577329,0.024275,0.972656,0.439064,0.589064,0.01940310001373291,0.762601375579834,0.7431982755661011,1.3645538091659546,3.9139761924743652,0.4957890510559082,15,3,3,1,3,1,0,0.0,0.5297636985778809,2,clean,0.0,-1,232,105,CORRECT,0,0,0,0,0,0,0.0,0.0
margin,live-delta,11,0.0,0.271707,0.577329,0.024275,0.972656,0.439064,0.589064,0.03478437662124634,0.8089582920074463,0.7741739153862,1.1060642004013062,3.0224392414093018,0.5676912069320679,16,3,3,1,3,1,0,0.0,0.6849418878555298,2,clean,0.0,-1,233,113,CORRECT,0,0,0,0,0,0,0.0,0.0
margin,live-delta,11,0.0,0.271707,0.577329,0.024275,0.972656,0.439064,0.589064,0.15234535932540894,0.982479989528656,0.8301346302032471,0.30193987488746643,1.3524799346923828,0.934414803981781,18,3,3,1,3,1,0,0.0,0.8673667907714844,2,clean,0.0,-1,234,118,CORRECT,0,0,0,0,0,0,0.0,0.0
margin,live-delta,11,0.0,0.271707,0.577329,0.024275,0.972656,0.439064,0.589064,0.0017946958541870117,0.6616439819335938,0.6598492860794067,1.186095118522644,3.274270534515381,0.4303274154663086,7,3,3,1,3,1,0,0.0,0.526913583278656,2,clean,0.0,-1,235,106,CORRECT,0,0,0,0,0,0,0.0,0.0
margin,live-delta,11,0.0,0.271707,0.577329,0.024275,0.972656,0.439064,0.589064,0.010278284549713135,0.8556346297264099,0.8453563451766968,1.499734878540039,4.480501174926758,0.41308557987213135,15,3,3,1,3,1,0,0.0,0.6597282290458679,2,clean,0.0,-1,236,117,CORRECT,0,0,0,0,0,0,0.0,0.0
margin,live-delta,11,0.0,0.271707,0.577329,0.024275,0.972656,0.439064,0.589064,0.0014490485191345215,0.5788602828979492,0.5774112343788147,2.1078085899353027,8.230185508728027,0.20069342851638794,11,3,3,1,3,1,0,0.0,0.32548508048057556,2,clean,0.0,-1,237,103,CORRECT,0,0,0,0,0,0,0.0,0.0
margin,live-delta,11,0.0,0.271707,0.577329,0.024275,0.972656,0.439064,0.589064,0.05839550495147705,0.5697363018989563,0.5113407969474792,1.1548430919647217,3.173525333404541,0.6056205630302429,5,3,3,1,3,1,0,0.0,0.34055691957473755,2,clean,0.0,-1,239,116,CORRECT,0,0,0,0,0,0,0.0,0.0
margin,live-delta,11,0.0,0.271707,0.577329,0.024275,0.972656,0.439064,0.589064,0.00034350156784057617,0.8128784894943237,0.8125349879264832,1.4598190784454346,4.305180549621582,0.3990626335144043,15,3,3,1,3,1,0,0.0,0.6722614765167236,2,clean,0.0,-1,240,97,CORRECT,0,0,0,0,0,0,0.0,0.0
margin,live-delta,11,0.0,0.271707,0.577329,0.024275,0.972656,0.439064,0.589064,0.0093231201171875,0.756900429725647,0.7475773096084595,1.9889204502105713,7.307640552520752,0.2403310090303421,16,3,3,1,3,1,0,0.0,0.6455607414245605,2,clean,0.0,-1,241,97,CORRECT,0,0,0,0,0,0,0.0,0.0
margin,live-delta,11,0.0,0.271707,0.577329,0.024275,0.972656,0.439064,0.589064,0.019156038761138916,0.6394824981689453,0.6203264594078064,0.6751307249069214,1.9642897844314575,0.5946255326271057,2,3,3,1,3,1,0,0.0,0.531365692615509,2,clean,0.0,-1,242,115,CORRECT,0,0,0,0,0,0,0.0,0.0
margin,live-delta,11,0.0,0.271707,0.577329,0.024275,0.972656,0.439064,0.589064,0.0470123291015625,0.6217077970504761,0.5746954679489136,1.3996777534484863,4.053893566131592,0.5148141384124756,6,3,3,1,3,1,0,0.0,0.2859410345554352,2,clean,0.0,-1,243,124,CORRECT,0,0,0,0,0,0,0.0,0.0
margin,live-delta,11,0.0,0.271707,0.577329,0.024275,0.972656,0.439064,0.589064,0.0506209135055542,0.735724687576294,0.6851037740707397,1.2392916679382324,3.4531667232513428,0.5511974692344666,8,3,3,1,3,1,0,0.0,0.6164519786834717,2,clean,0.0,-1,244,119,CORRECT,0,0,0,0,0,0,0.0,0.0
margin,live-delta,11,0.0,0.271707,0.577329,0.024275,0.972656,0.439064,0.589064,0.01857537031173706,0.7805618047714233,0.7619864344596863,1.6965545415878296,5.455119609832764,0.36871206760406494,20,3,3,1,3,1,0,0.0,0.6571207046508789,2,clean,0.0,-1,245,125,CORRECT,0,0,0,0,0,0,0.0,0.0
margin,live-delta,11,0.0,0.271707,0.577329,0.024275,0.972656,0.439064,0.589064,0.009640216827392578,0.5784683227539062,0.5688281059265137,2.221360445022583,9.219865798950195,0.213002011179924,13,3,3,1,3,1,0,0.0,0.39385986328125,2,clean,0.0,-1,246,110,CORRECT,0,0,0,0,0,0,0.0,0.0
margin,live-delta,11,0.0,0.271707,0.577329,0.024275,0.972656,0.439064,0.589064,0.09101557731628418,0.7862826585769653,0.6952670812606812,1.0541155338287354,2.869436025619507,0.7270598411560059,14,3,3,1,3,1,0,0.0,0.5251450538635254,2,clean,0.0,-1,247,120,CORRECT,0,0,0,0,0,0,0.0,0.0
margin,live-delta,11,0.0,0.271707,0.577329,0.024275,0.972656,0.439064,0.589064,0.035696208477020264,0.6193225383758545,0.5836263298988342,1.9352675676345825,6.925897121429443,0.36184149980545044,11,3,3,1,3,1,0,0.0,0.527028501033783,2,clean,0.0,-1,249,107,CORRECT,0,0,0,0,0,0,0.0,0.0
margin,live-delta,11,0.0,0.271707,0.577329,0.024275,0.972656,0.439064,0.589064,0.006960093975067139,0.615280270576477,0.6083201766014099,2.066415309906006,7.89646577835083,0.26621192693710327,13,3,3,1,3,1,0,0.0,0.5127503275871277,2,clean,0.0,-1,250,115,CORRECT,0,0,0,0,0,0,0.0,0.0
margin,live-delta,11,0.0,0.271707,0.577329,0.024275,0.972656,0.439064,0.589064,0.004858970642089844,0.7133948802947998,0.70853590965271,1.7207775115966797,5.588871955871582,0.32791778445243835,19,3,3,1,3,1,0,0.0,0.5565115809440613,2,clean,0.0,-1,251,107,CORRECT,0,0,0,0,0,0,0.0,0.0
margin,live-delta,11,0.0,0.271707,0.577329,0.024275,0.972656,0.439064,0.589064,0.030346155166625977,0.7366904020309448,0.7063442468643188,1.7606197595596313,5.816040992736816,0.3635081648826599,10,3,3,1,3,1,0,0.0,0.49711012840270996,2,clean,0.0,-1,252,117,CORRECT,0,0,0,0,0,0,0.0,0.0
margin,live-delta,11,0.0,0.271707,0.577329,0.024275,0.972656,0.439064,0.589064,0.034451961517333984,0.7492276430130005,0.7147756814956665,1.6915348768234253,5.427805423736572,0.4406343996524811,12,3,3,1,3,1,0,0.0,0.531527578830719,2,clean,0.0,-1,253,119,CORRECT,0,0,0,0,0,0,0.0,0.0
margin,live-delta,11,0.0,0.271707,0.577329,0.024275,0.972656,0.439064,0.589064,0.03389662504196167,0.46462684869766235,0.4307302236557007,-0.0,1.0,1.0,1,3,3,1,3,1,0,0.0,0.348505437374115,2,clean,0.0,-1,254,116,CORRECT,0,0,0,0,0,0,0.0,0.0
margin,live-delta,11,0.0,0.271707,0.577329,0.024275,0.972656,0.439064,0.589064,0.01337289810180664,0.6233410835266113,0.6099681854248047,2.3906116485595703,10.920170783996582,0.222396120429039,16,3,3,1,3,1,0,0.0,0.44635075330734253,2,clean,0.0,-1,255,100,CORRECT,0,0,0,0,0,0,0.0,0.0
