vigilance_policy,retrieval_floor_policy,epoch,contraction,rho_probe,within_probe,offclass_weight_mean,acc_epoch,sim_floor_active,floor_delta_ema,top1_top2_margin,top1_sim,top2_sim,vote_entropy,effective_support,max_vote_weight,n_surviving_votes,true_label,top1_label,top1_correct,vote_pred_label,vote_correct,is_blended,offclass_weight,true_margin,margin_bucket,arm,injection_rate,supersede_epoch,probe_index,top1_slot,failure_mode,contradictory_strict,contradictory_lenient,stale_strict,stale_lenient,n_contra_topk,n_stale_topk,contra_vote_weight,stale_vote_weight
margin,live-delta,0,0.0,0.287055,0.576036,0.094241,0.917969,0.280945,0.430945,0.08858919143676758,0.5616472959518433,0.4730581045150757,1.3934836387634277,4.028860569000244,0.6389455795288086,17,0,0,1,0,1,0,0.0259558018296957,0.22280466556549072,2,stale,0.0,6,0,7,CORRECT,0,0,0,0,0,0,0.0,0.0
margin,live-delta,0,0.0,0.287055,0.576036,0.094241,0.917969,0.280945,0.430945,0.06531029939651489,0.4198814034461975,0.3545711040496826,1.1466506719589233,3.1476328372955322,0.6093462705612183,5,0,0,1,0,1,1,0.13777117431163788,0.07433962821960449,2,stale,0.0,6,1,0,CORRECT,0,0,0,0,0,0,0.0,0.0
margin,live-delta,0,0.0,0.287055,0.576036,0.094241,0.917969,0.280945,0.430945,0.15834331512451172,0.4902179539203644,0.33187463879585266,0.9010947346687317,2.462297201156616,0.8087494969367981,10,0,0,1,0,1,0,0.04638320580124855,0.15834331512451172,2,stale,0.0,6,2,17,CORRECT,0,0,0,0,0,0,0.0,0.0
margin,live-delta,0,0.0,0.287055,0.576036,0.094241,0.917969,0.280945,0.430945,0.00620231032371521,0.4598029851913452,0.45360067486763,2.4959864616394043,12.133697509765625,0.18604446947574615,20,0,0,1,0,1,0,0.025936441496014595,0.13865387439727783,2,stale,0.0,6,3,7,CORRECT,0,0,0,0,0,0,0.0,0.0
margin,live-delta,0,0.0,0.287055,0.576036,0.094241,0.917969,0.280945,0.430945,0.0393713116645813,0.49600115418434143,0.45662984251976013,2.5303635597229004,12.55807113647461,0.26725706458091736,20,0,1,0,1,0,1,0.6661855578422546,-0.0393713116645813,0,stale,0.0,6,4,43,BLENDED,0,0,0,0,0,0,0.0,0.0
margin,live-delta,0,0.0,0.287055,0.576036,0.094241,0.917969,0.280945,0.430945,0.01674911379814148,0.42364421486854553,0.40689510107040405,2.25396466255188,9.525425910949707,0.2964652180671692,15,0,0,1,0,1,1,0.10699881613254547,0.0915776789188385,2,stale,0.0,6,5,17,CORRECT,0,0,0,0,0,0,0.0,0.0
margin,live-delta,0,0.0,0.287055,0.576036,0.094241,0.917969,0.280945,0.430945,0.044088125228881836,0.5367840528488159,0.4926959276199341,2.2019145488739014,9.042308807373047,0.31460022926330566,20,0,0,1,0,1,1,0.3909491300582886,0.044088125228881836,1,stale,0.0,6,6,24,CORRECT,0,0,0,0,0,0,0.0,0.0
margin,live-delta,0,0.0,0.287055,0.576036,0.094241,0.917969,0.280945,0.430945,0.017386168241500854,0.3785971999168396,0.36121103167533875,1.6852850914001465,5.393988609313965,0.35674524307250977,7,0,1,0,1,0,1,0.5168071389198303,-0.017386168241500854,0,stale,0.0,6,7,61,BLENDED,0,0,0,0,0,0,0.0,0.0
margin,live-delta,0,0.0,0.287055,0.576036,0.094241,0.917969,0.280945,0.430945,0.08456525206565857,0.45839160680770874,0.37382635474205017,1.4931570291519165,4.451125621795654,0.576919674873352,9,0,1,0,1,0,1,0.8051841855049133,-0.10400882363319397,0,stale,0.0,6,8,52,BLENDED,0,0,0,0,0,0,0.0,0.0
margin,live-delta,0,0.0,0.287055,0.576036,0.094241,0.917969,0.280945,0.430945,0.004209160804748535,0.4691773056983948,0.46496814489364624,1.8282294273376465,6.222858905792236,0.34064120054244995,12,0,0,1,0,1,1,0.10946395993232727,0.08444088697433472,2,stale,0.0,6,9,29,CORRECT,0,0,0,0,0,0,0.0,0.0
margin,live-delta,0,0.0,0.287055,0.576036,0.094241,0.917969,0.280945,0.430945,0.14829879999160767,0.6366702318191528,0.48837143182754517,0.48620128631591797,1.6261272430419922,0.9004487991333008,13,0,0,1,0,1,0,0.06973562389612198,0.14829879999160767,2,stale,0.0,6,10,24,CORRECT,0,0,0,0,0,0,0.0,0.0
margin,live-delta,0,0.0,0.287055,0.576036,0.094241,0.917969,0.280945,0.430945,0.005578368902206421,0.29805994033813477,0.29248157143592834,1.6061584949493408,4.9836297035217285,0.22880420088768005,5,0,2,0,0,1,1,0.4257446527481079,-0.005578368902206421,0,stale,0.0,6,11,72,CORRECT,0,0,0,0,0,0,0.0,0.0
margin,live-delta,0,0.0,0.287055,0.576036,0.094241,0.917969,0.280945,0.430945,0.016799569129943848,0.3495281934738159,0.33272862434387207,2.4168179035186768,11.21013069152832,0.16560256481170654,12,0,0,1,0,1,1,0.17551887035369873,0.04678088426589966,1,stale,0.0,6,12,13,CORRECT,0,0,0,0,0,0,0.0,0.0
margin,live-delta,0,0.0,0.287055,0.576036,0.094241,0.917969,0.280945,0.430945,0.039746373891830444,0.30318111181259155,0.2634347379207611,-0.0,1.0,1.0,1,0,0,1,0,1,0,0.0,0.08661071956157684,2,stale,0.0,6,13,26,CORRECT,0,0,0,0,0,0,0.0,0.0
margin,live-delta,0,0.0,0.287055,0.576036,0.094241,0.917969,0.280945,0.430945,0.09863480925559998,0.5681047439575195,0.46946993470191956,0.9687634110450745,2.6346843242645264,0.7731980681419373,16,0,1,0,1,0,1,0.9803058505058289,-0.22248366475105286,0,stale,0.0,6,14,35,BLENDED,0,0,0,0,0,0,0.0,0.0
margin,live-delta,0,0.0,0.287055,0.576036,0.094241,0.917969,0.280945,0.430945,0.08912575244903564,0.4009496569633484,0.31182390451431274,0.9812764525413513,2.6678595542907715,0.6781187057495117,4,0,0,1,0,1,1,0.1140693798661232,0.08912575244903564,2,stale,0.0,6,15,19,CORRECT,0,0,0,0,0,0,0.0,0.0
margin,live-delta,0,0.0,0.287055,0.576036,0.094241,0.917969,0.280945,0.430945,0.016982465982437134,0.5011003613471985,0.48411789536476135,2.408212184906006,11.114073753356934,0.24180616438388824,20,0,0,1,1,0,1,0.617266833782196,0.016982465982437134,0,stale,0.0,6,16,24,BLENDED,0,0,0,0,0,0,0.0,0.0
margin,live-delta,0,0.0,0.287055,0.576036,0.094241,0.917969,0.280945,0.430945,0.12077388167381287,0.38686105608940125,0.2660871744155884,-0.0,1.0,1.0,1,0,0,1,0,1,0,0.0,0.13998815417289734,2,stale,0.0,6,17,15,CORRECT,0,0,0,0,0,0,0.0,0.0
margin,live-delta,0,0.0,0.287055,0.576036,0.094241,0.917969,0.280945,0.430945,0.05058789253234863,0.3627921938896179,0.3122043013572693,1.5665786266326904,4.790230751037598,0.44435951113700867,6,0,0,1,0,1,0,0.09527663886547089,0.07699248194694519,2,stale,0.0,6,18,7,CORRECT,0,0,0,0,0,0,0.0,0.0
margin,live-delta,0,0.0,0.287055,0.576036,0.094241,0.917969,0.280945,0.430945,0.24001169204711914,0.697227954864502,0.4572162628173828,0.23085647821426392,1.2596784830093384,0.9658412933349609,20,0,0,1,0,1,0,0.009993801824748516,0.2588767409324646,2,stale,0.0,6,20,17,CORRECT,0,0,0,0,0,0,0.0,0.0
margin,live-delta,0,0.0,0.287055,0.576036,0.094241,0.917969,0.280945,0.430945,0.10926885902881622,0.34342271089553833,0.2341538518667221,-0.0,1.0,1.0,1,0,0,1,0,1,0,0.0,0.10926885902881622,2,stale,0.0,6,21,19,CORRECT,0,0,0,0,0,0,0.0,0.0
margin,live-delta,0,0.0,0.287055,0.576036,0.094241,0.917969,0.280945,0.430945,0.031585752964019775,0.32356977462768555,0.29198402166366577,1.3351763486862183,3.800666093826294,0.39448946714401245,4,0,0,1,0,1,0,0.0,0.04690989851951599,1,stale,0.0,6,23,5,CORRECT,0,0,0,0,0,0,0.0,0.0
margin,live-delta,0,0.0,0.287055,0.576036,0.094241,0.917969,0.280945,0.430945,0.07864773273468018,0.5750564336776733,0.49640870094299316,1.3044854402542114,3.6857919692993164,0.6783879399299622,20,0,0,1,0,1,0,0.06715629994869232,0.13445734977722168,2,stale,0.0,6,24,17,CORRECT,0,0,0,0,0,0,0.0,0.0
margin,live-delta,0,0.0,0.287055,0.576036,0.094241,0.917969,0.280945,0.430945,0.04762154817581177,0.37726837396621704,0.3296468257904053,0.8819994926452637,2.415724992752075,0.6377499103546143,3,0,0,1,0,1,0,0.0,0.11129796504974365,2,stale,0.0,6,25,26,CORRECT,0,0,0,0,0,0,0.0,0.0
margin,live-delta,0,0.0,0.287055,0.576036,0.094241,0.917969,0.280945,0.430945,0.05207479000091553,0.40230363607406616,0.35022884607315063,1.7171649932861328,5.568718910217285,0.43087247014045715,8,0,1,0,1,0,1,0.5724108815193176,-0.05207479000091553,0,stale,0.0,6,26,52,BLENDED,0,0,0,0,0,0,0.0,0.0
margin,live-delta,0,0.0,0.287055,0.576036,0.094241,0.917969,0.280945,0.430945,0.002972900867462158,0.44835323095321655,0.4453803300857544,2.5992910861968994,13.45419692993164,0.16555747389793396,20,0,0,1,0,1,1,0.1275685727596283,0.06983911991119385,2,stale,0.0,6,27,17,CORRECT,0,0,0,0,0,0,0.0,0.0
margin,live-delta,0,0.0,0.287055,0.576036,0.094241,0.917969,0.280945,0.430945,0.015471339225769043,0.32633835077285767,0.3108670115470886,0.6813207864761353,1.9764865636825562,0.576745331287384,2,0,1,0,1,0,1,0.576745331287384,-0.015471339225769043,0,stale,0.0,6,28,39,BLENDED,0,0,0,0,0,0,0.0,0.0
margin,live-delta,0,0.0,0.287055,0.576036,0.094241,0.917969,0.280945,0.430945,0.03304925560951233,0.33918243646621704,0.3061331808567047,1.2918591499328613,3.6395468711853027,0.4423758089542389,4,0,1,0,0,1,1,0.4423758089542389,-0.03304925560951233,0,stale,0.0,6,29,50,CORRECT,0,0,0,0,0,0,0.0,0.0
margin,live-delta,0,0.0,0.287055,0.576036,0.094241,0.917969,0.280945,0.430945,0.18138855695724487,0.5200752019882202,0.33868664503097534,0.7668471932411194,2.152967691421509,0.8548165559768677,13,0,0,1,0,1,0,0.02045157179236412,0.21417245268821716,2,stale,0.0,6,30,17,CORRECT,0,0,0,0,0,0,0.0,0.0
margin,live-delta,0,0.0,0.287055,0.576036,0.094241,0.917969,0.280945,0.430945,0.027149081230163574,0.46322065591812134,0.43607157468795776,1.8463797569274902,6.336836814880371,0.3712913990020752,12,0,0,1,0,1,1,0.3473162353038788,0.027149081230163574,1,stale,0.0,6,31,24,CORRECT,0,0,0,0,0,0,0.0,0.0
margin,live-delta,0,0.0,0.287055,0.576036,0.094241,0.917969,0.280945,0.430945,0.2848507761955261,0.7049044370651245,0.4200536608695984,0.08263266831636429,1.0861427783966064,0.9884241223335266,8,0,0,1,0,1,0,0.0008257394656538963,0.35437941551208496,2,stale,0.0,6,32,2,CORRECT,0,0,0,0,0,0,0.0,0.0
margin,live-delta,0,0.0,0.287055,0.576036,0.094241,0.917969,0.280945,0.430945,0.06312143802642822,0.3594024181365967,0.29628098011016846,0.8941965103149414,2.4453701972961426,0.6466484069824219,3,0,0,1,0,1,0,0.0,0.08312207460403442,2,stale,0.0,6,33,8,CORRECT,0,0,0,0,0,0,0.0,0.0
margin,live-delta,0,0.0,0.287055,0.576036,0.094241,0.917969,0.280945,0.430945,0.027742385864257812,0.32225531339645386,0.29451292753219604,0.6560969948768616,1.9272555112838745,0.6352595686912537,2,0,0,1,0,1,0,0.0,0.07282248139381409,2,stale,0.0,6,34,21,CORRECT,0,0,0,0,0,0,0.0,0.0
margin,live-delta,0,0.0,0.287055,0.576036,0.094241,0.917969,0.280945,0.430945,0.06539866328239441,0.5084764957427979,0.44307783246040344,2.190399169921875,8.938780784606934,0.4106961190700531,20,0,0,1,0,1,0,0.060177478939294815,0.1497911810874939,2,stale,0.0,6,35,2,CORRECT,0,0,0,0,0,0,0.0,0.0
margin,live-delta,0,0.0,0.287055,0.576036,0.094241,0.917969,0.280945,0.430945,0.051814109086990356,0.33738306164741516,0.2855689525604248,0.9652366638183594,2.625408887863159,0.5860035419464111,3,0,1,0,1,0,1,0.7921027541160583,-0.051814109086990356,0,stale,0.0,6,36,44,BLENDED,0,0,0,0,0,0,0.0,0.0
margin,live-delta,0,0.0,0.287055,0.576036,0.094241,0.917969,0.280945,0.430945,0.07707512378692627,0.5940665006637573,0.516991376876831,0.9481454491615295,2.580918788909912,0.7403993606567383,13,0,1,0,1,0,1,0.8000915050506592,-0.07707512378692627,0,stale,0.0,6,37,54,BLENDED,0,0,0,0,0,0,0.0,0.0
margin,live-delta,0,0.0,0.287055,0.576036,0.094241,0.917969,0.280945,0.430945,0.014270961284637451,0.5052318572998047,0.49096089601516724,2.300692081451416,9.981087684631348,0.2510094940662384,20,0,1,0,0,1,1,0.3934592008590698,-0.014270961284637451,0,stale,0.0,6,38,38,CORRECT,0,0,0,0,0,0,0.0,0.0
margin,live-delta,0,0.0,0.287055,0.576036,0.094241,0.917969,0.280945,0.430945,0.014461219310760498,0.36777839064598083,0.35331717133522034,1.360419511795044,3.8978281021118164,0.42447227239608765,5,0,0,1,0,1,0,0.08387831598520279,0.08107396960258484,2,stale,0.0,6,39,3,CORRECT,0,0,0,0,0,0,0.0,0.0
margin,live-delta,0,0.0,0.287055,0.576036,0.094241,0.917969,0.280945,0.430945,0.05741870403289795,0.47338902950286865,0.4159703254699707,2.3160693645477295,10.135756492614746,0.3623255789279938,20,0,0,1,0,1,1,0.2944343090057373,0.05741870403289795,2,stale,0.0,6,40,2,CORRECT,0,0,0,0,0,0,0.0,0.0
margin,live-delta,0,0.0,0.287055,0.576036,0.094241,0.917969,0.280945,0.430945,0.039655596017837524,0.4543263018131256,0.4146707057952881,2.3927319049835205,10.94334888458252,0.29416587948799133,17,0,1,0,1,0,1,0.8977109789848328,-0.08841025829315186,0,stale,0.0,6,41,44,BLENDED,0,0,0,0,0,0,0.0,0.0
margin,live-delta,0,0.0,0.287055,0.576036,0.094241,0.917969,0.280945,0.430945,0.03037029504776001,0.3053737282752991,0.27500343322753906,-0.0,1.0,1.0,1,0,0,1,0,1,0,0.0,0.039067089557647705,1,stale,0.0,6,42,26,CORRECT,0,0,0,0,0,0,0.0,0.0
margin,live-delta,0,0.0,0.287055,0.576036,0.094241,0.917969,0.280945,0.430945,0.007962405681610107,0.3059803247451782,0.2980179190635681,1.0882575511932373,2.9690961837768555,0.3915949761867523,3,0,0,1,0,1,0,0.0,0.15175437927246094,2,stale,0.0,6,43,14,CORRECT,0,0,0,0,0,0,0.0,0.0
margin,live-delta,0,0.0,0.287055,0.576036,0.094241,0.917969,0.280945,0.430945,0.07625147700309753,0.4363560974597931,0.36010462045669556,1.4424972534179688,4.2312493324279785,0.5581312775611877,7,0,0,1,0,1,0,0.06240290775895119,0.1095491349697113,2,stale,0.0,6,44,20,CORRECT,0,0,0,0,0,0,0.0,0.0
margin,live-delta,0,0.0,0.287055,0.576036,0.094241,0.917969,0.280945,0.430945,0.15382620692253113,0.6251209378242493,0.47129473090171814,0.7264745235443115,2.0677778720855713,0.8588895201683044,20,0,1,0,1,0,1,0.9331197142601013,-0.15382620692253113,0,stale,0.0,6,46,61,BLENDED,0,0,0,0,0,0,0.0,0.0
margin,live-delta,0,0.0,0.287055,0.576036,0.094241,0.917969,0.280945,0.430945,0.018756568431854248,0.5020971894264221,0.48334062099456787,1.5167144536972046,4.557227611541748,0.47128230333328247,13,0,0,1,0,1,0,0.019564766436815262,0.15908634662628174,2,stale,0.0,6,47,21,CORRECT,0,0,0,0,0,0,0.0,0.0
margin,live-delta,0,0.0,0.287055,0.576036,0.094241,0.917969,0.280945,0.430945,0.03281363844871521,0.46319881081581116,0.43038517236709595,1.4122569561004639,4.105210304260254,0.48663848638534546,7,0,0,1,0,1,0,0.0,0.20571187138557434,2,stale,0.0,6,48,21,CORRECT,0,0,0,0,0,0,0.0,0.0
margin,live-delta,0,0.0,0.287055,0.576036,0.094241,0.917969,0.280945,0.430945,0.11248421669006348,0.5731854438781738,0.46070122718811035,0.5719653367996216,1.7717456817626953,0.8603599667549133,9,0,1,0,1,0,1,0.8789825439453125,-0.11248421669006348,0,stale,0.0,6,49,52,BLENDED,0,0,0,0,0,0,0.0,0.0
margin,live-delta,0,0.0,0.287055,0.576036,0.094241,0.917969,0.280945,0.430945,0.07074281573295593,0.3467070162296295,0.2759642004966736,-0.0,1.0,1.0,1,0,0,1,0,1,0,0.0,0.11189362406730652,2,stale,0.0,6,51,3,CORRECT,0,0,0,0,0,0,0.0,0.0
margin,live-delta,0,0.0,0.287055,0.576036,0.094241,0.917969,0.280945,0.430945,0.011517971754074097,0.4511723518371582,0.4396543800830841,2.4260168075561523,11.313727378845215,0.2162465751171112,20,0,0,1,0,1,0,0.03687441349029541,0.13149303197860718,2,stale,0.0,6,52,2,CORRECT,0,0,0,0,0,0,0.0,0.0
margin,live-delta,0,0.0,0.287055,0.576036,0.094241,0.917969,0.280945,0.430945,0.14629903435707092,0.6028329730033875,0.45653393864631653,0.9462659358978271,2.5760724544525146,0.8161998987197876,20,0,0,1,0,1,0,0.08988363295793533,0.14629903435707092,2,stale,0.0,6,54,2,CORRECT,0,0,0,0,0,0,0.0,0.0
margin,live-delta,0,0.0,0.287055,0.576036,0.094241,0.917969,0.280945,0.430945,0.06897953152656555,0.37228965759277344,0.3033101260662079,0.8622938394546509,2.3685877323150635,0.6703783869743347,3,0,0,1,0,1,1,0.16089977324008942,0.071353018283844,2,stale,0.0,6,55,15,CORRECT,0,0,0,0,0,0,0.0,0.0
margin,live-delta,0,0.0,0.287055,0.576036,0.094241,0.917969,0.280945,0.430945,0.06793481111526489,0.5061884522438049,0.43825364112854004,2.095949649810791,8.133160591125488,0.4331410527229309,20,0,0,1,0,1,0,0.07031197845935822,0.146622896194458,2,stale,0.0,6,56,17,CORRECT,0,0,0,0,0,0,0.0,0.0
margin,live-delta,0,0.0,0.287055,0.576036,0.094241,0.917969,0.280945,0.430945,0.04630231857299805,0.5316430330276489,0.4853407144546509,1.356785535812378,3.8836891651153564,0.5680913925170898,11,0,1,0,1,0,1,0.9845799803733826,-0.20962217450141907,0,stale,0.0,6,57,36,BLENDED,0,0,0,0,0,0,0.0,0.0
margin,live-delta,0,0.0,0.287055,0.576036,0.094241,0.917969,0.280945,0.430945,0.021666288375854492,0.5414921045303345,0.51982581615448,1.9500799179077148,7.02924919128418,0.4008291959762573,20,0,0,1,0,1,1,0.15675616264343262,0.09511896967887878,2,stale,0.0,6,58,24,CORRECT,0,0,0,0,0,0,0.0,0.0
margin,live-delta,0,0.0,0.287055,0.576036,0.094241,0.917969,0.280945,0.430945,0.032430291175842285,0.4432842433452606,0.41085395216941833,1.915389060974121,6.78957986831665,0.37163883447647095,13,0,0,1,0,1,0,0.07034792006015778,0.11691835522651672,2,stale,0.0,6,59,30,CORRECT,0,0,0,0,0,0,0.0,0.0
margin,live-delta,0,0.0,0.287055,0.576036,0.094241,0.917969,0.280945,0.430945,0.06810936331748962,0.34254106879234314,0.2744317054748535,-0.0,1.0,1.0,1,0,0,1,0,1,0,0.0,0.06810936331748962,2,stale,0.0,6,60,26,CORRECT,0,0,0,0,0,0,0.0,0.0
margin,live-delta,0,0.0,0.287055,0.576036,0.094241,0.917969,0.280945,0.430945,0.024371206760406494,0.3937024772167206,0.3693312704563141,2.8299484252929688,16.94458770751953,0.14615567028522491,20,0,0,1,0,1,1,0.2366541475057602,0.036554932594299316,1,stale,0.0,6,61,17,CORRECT,0,0,0,0,0,0,0.0,0.0
margin,live-delta,0,0.0,0.287055,0.576036,0.094241,0.917969,0.280945,0.430945,0.030297040939331055,0.5292019248008728,0.49890488386154175,1.8758102655410767,6.526104927062988,0.40536120533943176,20,0,0,1,0,1,1,0.30239832401275635,0.030297040939331055,1,stale,0.0,6,62,17,CORRECT,0,0,0,0,0,0,0.0,0.0
margin,live-delta,0,0.0,0.287055,0.576036,0.094241,0.917969,0.280945,0.430945,0.1494896113872528,0.5652795433998108,0.415789932012558,1.010373830795288,2.7466275691986084,0.8016189336776733,20,0,0,1,0,1,0,0.0292612686753273,0.19215190410614014,2,stale,0.0,6,63,17,CORRECT,0,0,0,0,0,0,0.0,0.0
margin,live-delta,0,0.0,0.287055,0.576036,0.094241,0.917969,0.280945,0.430945,0.04837492108345032,0.5429256558418274,0.4945507347583771,2.2078254222869873,9.095914840698242,0.32852694392204285,20,1,1,1,1,1,0,0.0076088509522378445,0.22257667779922485,2,stale,0.0,6,64,49,CORRECT,0,0,0,0,0,0,0.0,0.0
margin,live-delta,0,0.0,0.287055,0.576036,0.094241,0.917969,0.280945,0.430945,0.0578310489654541,0.6803346872329712,0.6225036382675171,1.7446106672286987,5.723672389984131,0.4974486529827118,20,1,1,1,1,1,0,0.011930507607758045,0.2098725438117981,2,stale,0.0,6,65,49,CORRECT,0,0,0,0,0,0,0.0,0.0
margin,live-delta,0,0.0,0.287055,0.576036,0.094241,0.917969,0.280945,0.430945,0.07482990622520447,0.44970446825027466,0.3748745620250702,0.875823974609375,2.400852680206299,0.7097645998001099,4,1,0,0,0,0,1,0.7097645998001099,-0.07482990622520447,0,stale,0.0,6,66,8,BLENDED,0,0,0,0,0,0,0.0,0.0
margin,live-delta,0,0.0,0.287055,0.576036,0.094241,0.917969,0.280945,0.430945,0.05244165658950806,0.4750416874885559,0.42260003089904785,1.5008100271224976,4.485321044921875,0.5377089977264404,10,1,1,1,1,1,0,0.04299887642264366,0.14321786165237427,2,stale,0.0,6,67,37,CORRECT,0,0,0,0,0,0,0.0,0.0
margin,live-delta,0,0.0,0.287055,0.576036,0.094241,0.917969,0.280945,0.430945,0.012731552124023438,0.6514356136322021,0.6387040615081787,1.5806671380996704,4.858195781707764,0.3464452028274536,20,1,1,1,1,1,0,0.00041275727562606335,0.33663100004196167,2,stale,0.0,6,68,55,CORRECT,0,0,0,0,0,0,0.0,0.0
margin,live-delta,0,0.0,0.287055,0.576036,0.094241,0.917969,0.280945,0.430945,0.09354740381240845,0.673875093460083,0.5803276896476746,0.9750027656555176,2.651174545288086,0.7573179602622986,20,1,1,1,1,1,0,0.014332800172269344,0.2282102108001709,2,stale,0.0,6,69,41,CORRECT,0,0,0,0,0,0,0.0,0.0
margin,live-delta,0,0.0,0.287055,0.576036,0.094241,0.917969,0.280945,0.430945,0.01679331064224243,0.36933302879333496,0.35253971815109253,1.647346019744873,5.193179130554199,0.31564128398895264,6,1,1,1,1,1,0,0.0,0.11301720142364502,2,stale,0.0,6,70,37,CORRECT,0,0,0,0,0,0,0.0,0.0
margin,live-delta,0,0.0,0.287055,0.576036,0.094241,0.917969,0.280945,0.430945,0.014739274978637695,0.6308947801589966,0.6161555051803589,1.501997709274292,4.4906511306762695,0.3910234868526459,20,1,0,0,1,1,1,0.4281041920185089,-0.014739274978637695,0,stale,0.0,6,71,24,CORRECT,0,0,0,0,0,0,0.0,0.0
margin,live-delta,0,0.0,0.287055,0.576036,0.094241,0.917969,0.280945,0.430945,0.024615049362182617,0.7187014818191528,0.6940864324569702,1.0595003366470337,2.8849291801452637,0.570257842540741,20,1,1,1,1,1,0,0.03537711501121521,0.15931344032287598,2,stale,0.0,6,72,51,CORRECT,0,0,0,0,0,0,0.0,0.0
margin,live-delta,0,0.0,0.287055,0.576036,0.094241,0.917969,0.280945,0.430945,0.05615776777267456,0.6409323215484619,0.5847745537757874,1.8768869638442993,6.533135414123535,0.414035439491272,20,1,1,1,1,1,0,0.021877944469451904,0.18032974004745483,2,stale,0.0,6,73,41,CORRECT,0,0,0,0,0,0,0.0,0.0
margin,live-delta,0,0.0,0.287055,0.576036,0.094241,0.917969,0.280945,0.430945,0.13656732439994812,0.5914551019668579,0.4548877775669098,0.7537159323692322,2.1248812675476074,0.8329716920852661,12,1,1,1,1,1,0,0.09026522934436798,0.15459880232810974,2,stale,0.0,6,74,34,CORRECT,0,0,0,0,0,0,0.0,0.0
margin,live-delta,0,0.0,0.287055,0.576036,0.094241,0.917969,0.280945,0.430945,0.09804314374923706,0.6537768840789795,0.5557337403297424,1.78684663772583,5.970595359802246,0.5602211952209473,20,1,1,1,1,1,0,0.001474394230172038,0.29700422286987305,2,stale,0.0,6,75,49,CORRECT,0,0,0,0,0,0,0.0,0.0
margin,live-delta,0,0.0,0.287055,0.576036,0.094241,0.917969,0.280945,0.430945,0.07732564210891724,0.6243658065795898,0.5470401644706726,1.450783133506775,4.266454696655273,0.6058598160743713,20,1,1,1,1,1,0,0.012614335864782333,0.2234358787536621,2,stale,0.0,6,76,58,CORRECT,0,0,0,0,0,0,0.0,0.0
margin,live-delta,0,0.0,0.287055,0.576036,0.094241,0.917969,0.280945,0.430945,0.004162102937698364,0.4389645755290985,0.43480247259140015,1.5745078325271606,4.828364849090576,0.3145456910133362,7,1,1,1,1,1,1,0.2066929042339325,0.025661945343017578,1,stale,0.0,6,77,38,CORRECT,0,0,0,0,0,0,0.0,0.0
margin,live-delta,0,0.0,0.287055,0.576036,0.094241,0.917969,0.280945,0.430945,0.2178201973438263,0.5824568271636963,0.36463662981987,0.2920927107334137,1.3392271995544434,0.9491913914680481,8,1,1,1,1,1,0,0.007152235135436058,0.24440926313400269,2,stale,0.0,6,78,37,CORRECT,0,0,0,0,0,0,0.0,0.0
margin,live-delta,0,0.0,0.287055,0.576036,0.094241,0.917969,0.280945,0.430945,0.00254899263381958,0.5849636793136597,0.5824146866798401,2.090261459350586,8.087029457092285,0.21739733219146729,20,1,1,1,1,1,0,0.013645839877426624,0.15678945183753967,2,stale,0.0,6,79,48,CORRECT,0,0,0,0,0,0,0.0,0.0
margin,live-delta,0,0.0,0.287055,0.576036,0.094241,0.917969,0.280945,0.430945,0.002153635025024414,0.5883429050445557,0.5861892700195312,2.3287007808685303,10.264596939086914,0.213507741689682,20,1,1,1,1,1,0,0.004190461710095406,0.21522527933120728,2,stale,0.0,6,80,48,CORRECT,0,0,0,0,0,0,0.0,0.0
margin,live-delta,0,0.0,0.287055,0.576036,0.094241,0.917969,0.280945,0.430945,0.1268346905708313,0.623031497001648,0.49619680643081665,1.0209417343139648,2.7758076190948486,0.7785523533821106,19,1,1,1,1,1,0,0.022045722231268883,0.1863071620464325,2,stale,0.0,6,81,49,CORRECT,0,0,0,0,0,0,0.0,0.0
margin,live-delta,0,0.0,0.287055,0.576036,0.094241,0.917969,0.280945,0.430945,0.009584277868270874,0.46435844898223877,0.4547741711139679,2.2608137130737305,9.590889930725098,0.23347140848636627,17,1,1,1,1,1,1,0.13925616443157196,0.07170343399047852,2,stale,0.0,6,82,53,CORRECT,0,0,0,0,0,0,0.0,0.0
margin,live-delta,0,0.0,0.287055,0.576036,0.094241,0.917969,0.280945,0.430945,0.13681194186210632,0.6299456357955933,0.49313369393348694,1.0688400268554688,2.9119997024536133,0.7667664885520935,20,1,1,1,1,1,1,0.10857875645160675,0.13681194186210632,2,stale,0.0,6,83,38,CORRECT,0,0,0,0,0,0,0.0,0.0
margin,live-delta,0,0.0,0.287055,0.576036,0.094241,0.917969,0.280945,0.430945,0.03274679183959961,0.5804134607315063,0.5476666688919067,2.0525927543640137,7.78806734085083,0.36430177092552185,18,1,1,1,1,1,0,0.0,0.35087868571281433,2,stale,0.0,6,84,44,CORRECT,0,0,0,0,0,0,0.0,0.0
margin,live-delta,0,0.0,0.287055,0.576036,0.094241,0.917969,0.280945,0.430945,0.024288594722747803,0.7276468276977539,0.7033582329750061,1.8550394773483276,6.391950607299805,0.3497331440448761,20,1,1,1,1,1,0,0.0,0.399070143699646,2,stale,0.0,6,85,48,CORRECT,0,0,0,0,0,0,0.0,0.0
margin,live-delta,0,0.0,0.287055,0.576036,0.094241,0.917969,0.280945,0.430945,0.027054309844970703,0.5935630798339844,0.5665087699890137,2.296576738357544,9.940096855163574,0.2786312401294708,20,1,1,1,1,1,0,0.0012756222859025002,0.2693227529525757,2,stale,0.0,6,86,43,CORRECT,0,0,0,0,0,0,0.0,0.0
margin,live-delta,0,0.0,0.287055,0.576036,0.094241,0.917969,0.280945,0.430945,0.00391995906829834,0.381297767162323,0.37737780809402466,1.355823278427124,3.8799538612365723,0.3859095275402069,5,1,0,0,0,0,1,0.5208198428153992,-0.00391995906829834,0,stale,0.0,6,87,20,BLENDED,0,0,0,0,0,0,0.0,0.0
margin,live-delta,0,0.0,0.287055,0.576036,0.094241,0.917969,0.280945,0.430945,0.08866894245147705,0.6758197546005249,0.5871508121490479,0.7962676286697388,2.217249870300293,0.7742176651954651,15,1,1,1,1,1,0,0.0014616141561418772,0.3579227328300476,2,stale,0.0,6,88,45,CORRECT,0,0,0,0,0,0,0.0,0.0
margin,live-delta,0,0.0,0.287055,0.576036,0.094241,0.917969,0.280945,0.430945,0.02692621946334839,0.7672025561332703,0.7402763366699219,1.1075674295425415,3.0269861221313477,0.5340016484260559,17,1,0,0,0,0,1,0.8456496000289917,-0.07573270797729492,0,stale,0.0,6,89,31,BLENDED,0,0,0,0,0,0,0.0,0.0
margin,live-delta,0,0.0,0.287055,0.576036,0.094241,0.917969,0.280945,0.430945,0.34611284732818604,0.9362046718597412,0.5900918245315552,0.014495600014925003,1.014601230621338,0.9983479976654053,17,1,1,1,1,1,0,9.71913686953485e-05,0.5132040977478027,2,stale,0.0,6,90,38,CORRECT,0,0,0,0,0,0,0.0,0.0
margin,live-delta,0,0.0,0.287055,0.576036,0.094241,0.917969,0.280945,0.430945,0.07226181030273438,0.5792669057846069,0.5070050954818726,1.9289205074310303,6.882077217102051,0.48262882232666016,20,1,1,1,1,1,0,0.019238080829381943,0.20020031929016113,2,stale,0.0,6,91,54,CORRECT,0,0,0,0,0,0,0.0,0.0
margin,live-delta,0,0.0,0.287055,0.576036,0.094241,0.917969,0.280945,0.430945,0.031079202890396118,0.41078686714172363,0.3797076642513275,1.0564751625061035,2.8762149810791016,0.5574804544448853,4,1,1,1,1,1,0,0.09489227086305618,0.08853426575660706,2,stale,0.0,6,92,60,CORRECT,0,0,0,0,0,0,0.0,0.0
margin,live-delta,0,0.0,0.287055,0.576036,0.094241,0.917969,0.280945,0.430945,0.10733836889266968,0.764479398727417,0.6571410298347473,0.8894888162612915,2.433885097503662,0.7707727551460266,16,1,1,1,1,1,0,0.0,0.5251755714416504,2,stale,0.0,6,93,35,CORRECT,0,0,0,0,0,0,0.0,0.0
margin,live-delta,0,0.0,0.287055,0.576036,0.094241,0.917969,0.280945,0.430945,0.01648038625717163,0.5139942765235901,0.49751389026641846,2.664717674255371,14.363893508911133,0.20356102287769318,20,1,1,1,1,1,0,0.0436566136777401,0.10119685530662537,2,stale,0.0,6,94,51,CORRECT,0,0,0,0,0,0,0.0,0.0
margin,live-delta,0,0.0,0.287055,0.576036,0.094241,0.917969,0.280945,0.430945,0.01819002628326416,0.6271648406982422,0.608974814414978,1.7878310680389404,5.976475715637207,0.3302869498729706,20,1,1,1,1,1,0,0.02196965366601944,0.16906660795211792,2,stale,0.0,6,95,58,CORRECT,0,0,0,0,0,0,0.0,0.0
margin,live-delta,0,0.0,0.287055,0.576036,0.094241,0.917969,0.280945,0.430945,0.11423242092132568,0.8080053329467773,0.6937729120254517,0.8114694356918335,2.251213550567627,0.8140324950218201,20,1,1,1,1,1,0,0.0,0.5019088387489319,2,stale,0.0,6,96,35,CORRECT,0,0,0,0,0,0,0.0,0.0
margin,live-delta,0,0.0,0.287055,0.576036,0.094241,0.917969,0.280945,0.430945,0.05946579575538635,0.3648052513599396,0.3053394556045532,1.1351425647735596,3.111617088317871,0.5791499614715576,4,1,1,1,1,1,1,0.3100636303424835,0.05946579575538635,2,stale,0.0,6,97,60,CORRECT,0,0,0,0,0,0,0.0,0.0
margin,live-delta,0,0.0,0.287055,0.576036,0.094241,0.917969,0.280945,0.430945,0.010035574436187744,0.6971126794815063,0.6870771050453186,1.7807143926620483,5.934094429016113,0.2926981449127197,20,1,1,1,1,1,0,0.0,0.3806838095188141,2,stale,0.0,6,98,44,CORRECT,0,0,0,0,0,0,0.0,0.0
margin,live-delta,0,0.0,0.287055,0.576036,0.094241,0.917969,0.280945,0.430945,0.01874375343322754,0.5285130143165588,0.5097692608833313,1.3507978916168213,3.860504627227783,0.46687981486320496,11,1,1,1,1,1,0,0.005765770096331835,0.21970665454864502,2,stale,0.0,6,99,36,CORRECT,0,0,0,0,0,0,0.0,0.0
margin,live-delta,0,0.0,0.287055,0.576036,0.094241,0.917969,0.280945,0.430945,0.07248339056968689,0.5363495945930481,0.4638662040233612,1.726581335067749,5.621403217315674,0.5512589812278748,19,1,1,1,1,1,0,0.011117475107312202,0.22104230523109436,2,stale,0.0,6,100,48,CORRECT,0,0,0,0,0,0,0.0,0.0
margin,live-delta,0,0.0,0.287055,0.576036,0.094241,0.917969,0.280945,0.430945,0.007860839366912842,0.6223558783531189,0.614495038986206,2.175159215927124,8.803586959838867,0.21601088345050812,20,1,1,1,1,1,0,0.008824124000966549,0.18231672048568726,2,stale,0.0,6,101,58,CORRECT,0,0,0,0,0,0,0.0,0.0
margin,live-delta,0,0.0,0.287055,0.576036,0.094241,0.917969,0.280945,0.430945,0.11691057682037354,0.8418571949005127,0.7249466180801392,0.6194812655448914,1.857964038848877,0.8579918146133423,20,1,1,1,1,1,0,0.0,0.5691530704498291,2,stale,0.0,6,102,35,CORRECT,0,0,0,0,0,0,0.0,0.0
margin,live-delta,0,0.0,0.287055,0.576036,0.094241,0.917969,0.280945,0.430945,0.05623912811279297,0.7818701267242432,0.7256309986114502,1.1362615823745728,3.1151010990142822,0.6564337015151978,20,1,1,1,1,1,0,4.3033960537286475e-05,0.4816293716430664,2,stale,0.0,6,103,35,CORRECT,0,0,0,0,0,0,0.0,0.0
margin,live-delta,0,0.0,0.287055,0.576036,0.094241,0.917969,0.280945,0.430945,0.09437793493270874,0.7348703742027283,0.6404924392700195,1.0320738554000854,2.8068809509277344,0.7300765514373779,20,1,1,1,1,1,0,0.0,0.5042364597320557,2,stale,0.0,6,104,62,CORRECT,0,0,0,0,0,0,0.0,0.0
margin,live-delta,0,0.0,0.287055,0.576036,0.094241,0.917969,0.280945,0.430945,0.056365251541137695,0.693533182144165,0.6371679306030273,1.5453039407730103,4.689396858215332,0.5123236179351807,20,1,1,1,1,1,0,0.0002471242914907634,0.3818410038948059,2,stale,0.0,6,105,35,CORRECT,0,0,0,0,0,0,0.0,0.0
margin,live-delta,0,0.0,0.287055,0.576036,0.094241,0.917969,0.280945,0.430945,0.12120801210403442,0.7400966286659241,0.6188886165618896,0.6916696429252625,1.9970470666885376,0.8497801423072815,18,1,1,1,1,1,0,0.0,0.4675822854042053,2,stale,0.0,6,106,35,CORRECT,0,0,0,0,0,0,0.0,0.0
margin,live-delta,0,0.0,0.287055,0.576036,0.094241,0.917969,0.280945,0.430945,0.016118526458740234,0.5859113931655884,0.5697928667068481,2.126347541809082,8.384187698364258,0.3151897192001343,20,1,1,1,1,1,0,0.0024993850383907557,0.24185651540756226,2,stale,0.0,6,107,45,CORRECT,0,0,0,0,0,0,0.0,0.0
margin,live-delta,0,0.0,0.287055,0.576036,0.094241,0.917969,0.280945,0.430945,0.017119288444519043,0.4537702202796936,0.43665093183517456,1.061847448348999,2.8917083740234375,0.520905613899231,5,1,1,1,1,1,0,0.09036193788051605,0.11738362908363342,2,stale,0.0,6,108,39,CORRECT,0,0,0,0,0,0,0.0,0.0
margin,live-delta,0,0.0,0.287055,0.576036,0.094241,0.917969,0.280945,0.430945,0.02263900637626648,0.4125114977359772,0.3898724913597107,2.188981294631958,8.926115036010742,0.2804419696331024,12,1,1,1,1,1,0,0.0,0.13866844773292542,2,stale,0.0,6,109,51,CORRECT,0,0,0,0,0,0,0.0,0.0
margin,live-delta,0,0.0,0.287055,0.576036,0.094241,0.917969,0.280945,0.430945,0.03018951416015625,0.5871216654777527,0.5569321513175964,2.4558796882629395,11.656682968139648,0.2351093888282776,20,1,1,1,1,1,0,0.012890554964542389,0.17510518431663513,2,stale,0.0,6,110,34,CORRECT,0,0,0,0,0,0,0.0,0.0
margin,live-delta,0,0.0,0.287055,0.576036,0.094241,0.917969,0.280945,0.430945,0.008567750453948975,0.7654634714126587,0.7568957209587097,1.1177282333374023,3.0578994750976562,0.48459333181381226,20,1,1,1,1,1,0,0.023714115843176842,0.1714400053024292,2,stale,0.0,6,111,58,CORRECT,0,0,0,0,0,0,0.0,0.0
margin,live-delta,0,0.0,0.287055,0.576036,0.094241,0.917969,0.280945,0.430945,0.060206472873687744,0.7512066960334778,0.69100022315979,1.2067828178405762,3.3427131175994873,0.6480710506439209,20,1,1,1,1,1,0,0.005936381407082081,0.24918127059936523,2,stale,0.0,6,112,51,CORRECT,0,0,0,0,0,0,0.0,0.0
margin,live-delta,0,0.0,0.287055,0.576036,0.094241,0.917969,0.280945,0.430945,0.07162243127822876,0.36166900396347046,0.2900465726852417,0.4901394248008728,1.6325438022613525,0.8072825074195862,2,1,1,1,1,1,1,0.19271749258041382,0.07162243127822876,2,stale,0.0,6,113,38,CORRECT,0,0,0,0,0,0,0.0,0.0
margin,live-delta,0,0.0,0.287055,0.576036,0.094241,0.917969,0.280945,0.430945,0.005623340606689453,0.584922194480896,0.5792988538742065,2.069740056991577,7.922763347625732,0.2513250410556793,18,1,1,1,1,1,0,0.0,0.38961493968963623,2,stale,0.0,6,114,44,CORRECT,0,0,0,0,0,0,0.0,0.0
margin,live-delta,0,0.0,0.287055,0.576036,0.094241,0.917969,0.280945,0.430945,0.03806394338607788,0.7111191749572754,0.6730552315711975,1.6303398609161377,5.105609893798828,0.4417669177055359,20,1,1,1,1,1,0,0.0009086588397622108,0.32796382904052734,2,stale,0.0,6,115,35,CORRECT,0,0,0,0,0,0,0.0,0.0
margin,live-delta,0,0.0,0.287055,0.576036,0.094241,0.917969,0.280945,0.430945,0.00668671727180481,0.40673741698265076,0.40005069971084595,2.0706470012664795,7.929952144622803,0.2009095400571823,10,1,0,0,0,0,1,0.6487128734588623,-0.00668671727180481,0,stale,0.0,6,116,4,BLENDED,0,0,0,0,0,0,0.0,0.0
margin,live-delta,0,0.0,0.287055,0.576036,0.094241,0.917969,0.280945,0.430945,0.030077993869781494,0.3963007926940918,0.3662227988243103,0.8820769190788269,2.41591215133667,0.5923567414283752,3,1,1,1,1,1,0,0.0,0.12943902611732483,2,stale,0.0,6,117,50,CORRECT,0,0,0,0,0,0,0.0,0.0
margin,live-delta,0,0.0,0.287055,0.576036,0.094241,0.917969,0.280945,0.430945,0.04059028625488281,0.6312181949615479,0.590627908706665,1.7536301612854004,5.775530815124512,0.4911603331565857,20,1,1,1,1,1,0,0.03495302423834801,0.16091442108154297,2,stale,0.0,6,118,51,CORRECT,0,0,0,0,0,0,0.0,0.0
margin,live-delta,0,0.0,0.287055,0.576036,0.094241,0.917969,0.280945,0.430945,0.21062010526657104,0.8552870154380798,0.6446669101715088,0.1422644555568695,1.1528815031051636,0.9766783118247986,20,1,1,1,1,1,0,0.0,0.5921776294708252,2,stale,0.0,6,119,35,CORRECT,0,0,0,0,0,0,0.0,0.0
margin,live-delta,0,0.0,0.287055,0.576036,0.094241,0.917969,0.280945,0.430945,0.012780368328094482,0.6218248605728149,0.6090444922447205,1.7403796911239624,5.699507236480713,0.28928518295288086,11,1,1,1,1,1,0,0.0,0.38568252325057983,2,stale,0.0,6,120,40,CORRECT,0,0,0,0,0,0,0.0,0.0
margin,live-delta,0,0.0,0.287055,0.576036,0.094241,0.917969,0.280945,0.430945,0.06796568632125854,0.6766427159309387,0.6086770296096802,1.0681958198547363,2.9101243019104004,0.6933146715164185,20,1,1,1,1,1,0,0.003700781613588333,0.28373271226882935,2,stale,0.0,6,121,58,CORRECT,0,0,0,0,0,0,0.0,0.0
margin,live-delta,0,0.0,0.287055,0.576036,0.094241,0.917969,0.280945,0.430945,0.0037984251976013184,0.7003782391548157,0.6965798139572144,1.8837693929672241,6.578254222869873,0.2567990720272064,20,1,1,1,1,1,0,9.540900646243244e-05,0.3948938250541687,2,stale,0.0,6,122,44,CORRECT,0,0,0,0,0,0,0.0,0.0
margin,live-delta,0,0.0,0.287055,0.576036,0.094241,0.917969,0.280945,0.430945,0.010840415954589844,0.5973057746887207,0.5864653587341309,1.3766069412231445,3.961437463760376,0.3818666338920593,14,1,1,1,1,1,0,0.006932585500180721,0.2247844636440277,2,stale,0.0,6,123,37,CORRECT,0,0,0,0,0,0,0.0,0.0
margin,live-delta,0,0.0,0.287055,0.576036,0.094241,0.917969,0.280945,0.430945,0.008288145065307617,0.6649891138076782,0.6567009687423706,1.8874399662017822,6.602444648742676,0.33128395676612854,20,1,1,1,1,1,0,0.0,0.3462510406970978,2,stale,0.0,6,124,44,CORRECT,0,0,0,0,0,0,0.0,0.0
margin,live-delta,0,0.0,0.287055,0.576036,0.094241,0.917969,0.280945,0.430945,0.0778813362121582,0.6159960031509399,0.5381146669387817,1.7703628540039062,5.872983932495117,0.5347222089767456,20,1,1,1,1,1,0,0.015780890360474586,0.2055698037147522,2,stale,0.0,6,125,46,CORRECT,0,0,0,0,0,0,0.0,0.0
margin,live-delta,0,0.0,0.287055,0.576036,0.094241,0.917969,0.280945,0.430945,0.025856196880340576,0.5987674593925476,0.572911262512207,1.3714320659637451,3.940990447998047,0.49130117893218994,14,1,1,1,1,1,0,0.004348366055637598,0.28255516290664673,2,stale,0.0,6,126,36,CORRECT,0,0,0,0,0,0,0.0,0.0
margin,live-delta,0,0.0,0.287055,0.576036,0.094241,0.917969,0.280945,0.430945,0.058422237634658813,0.5013746023178101,0.44295236468315125,1.750563144683838,5.7578444480896,0.538982093334198,20,1,1,1,1,1,1,0.26669424772262573,0.058422237634658813,2,stale,0.0,6,127,49,CORRECT,0,0,0,0,0,0,0.0,0.0
margin,live-delta,0,0.0,0.287055,0.576036,0.094241,0.917969,0.280945,0.430945,0.051199525594711304,0.4693129062652588,0.4181133806705475,2.282212972640991,9.79833984375,0.3269321918487549,17,2,2,1,2,1,0,0.0,0.3255454897880554,2,stale,0.0,6,128,90,CORRECT,0,0,0,0,0,0,0.0,0.0
margin,live-delta,0,0.0,0.287055,0.576036,0.094241,0.917969,0.280945,0.430945,0.07013922929763794,0.7858513593673706,0.7157121300697327,1.4498109817504883,4.2623090744018555,0.562669575214386,18,2,2,1,2,1,0,0.0,0.5621412992477417,2,stale,0.0,6,129,66,CORRECT,0,0,0,0,0,0,0.0,0.0
margin,live-delta,0,0.0,0.287055,0.576036,0.094241,0.917969,0.280945,0.430945,0.011220335960388184,0.5333151817321777,0.5220948457717896,2.527958869934082,12.527909278869629,0.20014487206935883,20,2,2,1,2,1,0,0.0,0.2767532765865326,2,stale,0.0,6,130,89,CORRECT,0,0,0,0,0,0,0.0,0.0
margin,live-delta,0,0.0,0.287055,0.576036,0.094241,0.917969,0.280945,0.430945,0.012637794017791748,0.6034895181655884,0.5908517241477966,2.419968605041504,11.245506286621094,0.16201408207416534,20,2,2,1,2,1,0,0.0,0.3956734538078308,2,stale,0.0,6,131,89,CORRECT,0,0,0,0,0,0,0.0,0.0
margin,live-delta,0,0.0,0.287055,0.576036,0.094241,0.917969,0.280945,0.430945,0.007689833641052246,0.47320014238357544,0.4655103087425232,2.4795398712158203,11.935770988464355,0.16929401457309723,20,2,2,1,2,1,0,0.0,0.19685110449790955,2,stale,0.0,6,132,66,CORRECT,0,0,0,0,0,0,0.0,0.0
margin,live-delta,0,0.0,0.287055,0.576036,0.094241,0.917969,0.280945,0.430945,0.1113135814666748,0.7755482792854309,0.6642346978187561,0.9199004769325256,2.509040594100952,0.7781667709350586,20,2,2,1,2,1,0,0.0,0.5068159103393555,2,stale,0.0,6,133,66,CORRECT,0,0,0,0,0,0,0.0,0.0
margin,live-delta,0,0.0,0.287055,0.576036,0.094241,0.917969,0.280945,0.430945,0.052082359790802,0.806567370891571,0.754485011100769,1.6769137382507324,5.349021911621094,0.43560484051704407,19,2,2,1,2,1,0,0.0,0.6338892579078674,2,stale,0.0,6,134,90,CORRECT,0,0,0,0,0,0,0.0,0.0
margin,live-delta,0,0.0,0.287055,0.576036,0.094241,0.917969,0.280945,0.430945,0.09420961141586304,0.6574013233184814,0.5631917119026184,1.5099387168884277,4.526453495025635,0.6085870862007141,18,2,2,1,2,1,0,0.0,0.5291342735290527,2,stale,0.0,6,135,82,CORRECT,0,0,0,0,0,0,0.0,0.0
margin,live-delta,0,0.0,0.287055,0.576036,0.094241,0.917969,0.280945,0.430945,0.0249253511428833,0.7994858026504517,0.7745604515075684,1.7615679502487183,5.821557998657227,0.3291374146938324,20,2,2,1,2,1,0,0.0,0.6274286508560181,2,stale,0.0,6,136,90,CORRECT,0,0,0,0,0,0,0.0,0.0
margin,live-delta,0,0.0,0.287055,0.576036,0.094241,0.917969,0.280945,0.430945,0.006651937961578369,0.33849817514419556,0.3318462371826172,1.0606287717819214,2.888186454772949,0.4205342233181,3,2,2,1,2,1,0,0.0,0.13798873126506805,2,stale,0.0,6,137,71,CORRECT,0,0,0,0,0,0,0.0,0.0
margin,live-delta,0,0.0,0.287055,0.576036,0.094241,0.917969,0.280945,0.430945,0.0005046725273132324,0.3282466530799866,0.32774198055267334,2.145925998687744,8.549955368041992,0.15247981250286102,9,2,0,0,0,0,1,0.8599091172218323,-0.004237055778503418,0,stale,0.0,6,138,15,BLENDED,0,0,0,0,0,0,0.0,0.0
margin,live-delta,0,0.0,0.287055,0.576036,0.094241,0.917969,0.280945,0.430945,0.09123629331588745,0.6872193217277527,0.5959830284118652,1.578527808189392,4.847813606262207,0.6139661073684692,20,2,2,1,2,1,0,0.0,0.48544251918792725,2,stale,0.0,6,139,89,CORRECT,0,0,0,0,0,0,0.0,0.0
margin,live-delta,0,0.0,0.287055,0.576036,0.094241,0.917969,0.280945,0.430945,0.05589607357978821,0.3627500832080841,0.3068540096282959,0.5583421587944031,1.7477725744247437,0.7536029815673828,2,2,2,1,2,1,0,0.0,0.10454699397087097,2,stale,0.0,6,140,69,CORRECT,0,0,0,0,0,0,0.0,0.0
margin,live-delta,0,0.0,0.287055,0.576036,0.094241,0.917969,0.280945,0.430945,0.010812044143676758,0.44517678022384644,0.4343647360801697,1.7281981706619263,5.630499362945557,0.3891553580760956,12,2,2,1,2,1,0,0.04000694304704666,0.14185696840286255,2,stale,0.0,6,141,69,CORRECT,0,0,0,0,0,0,0.0,0.0
margin,live-delta,0,0.0,0.287055,0.576036,0.094241,0.917969,0.280945,0.430945,0.05206620693206787,0.8530226945877075,0.8009564876556396,1.6421536207199097,5.16628360748291,0.42675769329071045,20,2,2,1,2,1,0,0.0,0.7123686671257019,2,stale,0.0,6,142,90,CORRECT,0,0,0,0,0,0,0.0,0.0
margin,live-delta,0,0.0,0.287055,0.576036,0.094241,0.917969,0.280945,0.430945,0.10031759738922119,0.6833676099777222,0.583050012588501,1.4396508932113647,4.219222545623779,0.6260183453559875,17,2,2,1,2,1,0,0.0,0.5272771716117859,2,stale,0.0,6,143,82,CORRECT,0,0,0,0,0,0,0.0,0.0
margin,live-delta,0,0.0,0.287055,0.576036,0.094241,0.917969,0.280945,0.430945,0.048802196979522705,0.8525674343109131,0.8037652373313904,1.6085593700408936,4.995609283447266,0.48213306069374084,19,2,2,1,2,1,0,0.0,0.6044963598251343,2,stale,0.0,6,144,89,CORRECT,0,0,0,0,0,0,0.0,0.0
margin,live-delta,0,0.0,0.287055,0.576036,0.094241,0.917969,0.280945,0.430945,0.03140294551849365,0.7826350927352905,0.7512321472167969,1.5421220064163208,4.674499034881592,0.46693235635757446,20,2,2,1,2,1,0,0.0,0.6522859334945679,2,stale,0.0,6,145,84,CORRECT,0,0,0,0,0,0,0.0,0.0
margin,live-delta,0,0.0,0.287055,0.576036,0.094241,0.917969,0.280945,0.430945,0.004274606704711914,0.41310304403305054,0.4088284373283386,2.43295955657959,11.392549514770508,0.1665031909942627,14,2,2,1,2,1,0,0.0,0.1873474270105362,2,stale,0.0,6,146,74,CORRECT,0,0,0,0,0,0,0.0,0.0
margin,live-delta,0,0.0,0.287055,0.576036,0.094241,0.917969,0.280945,0.430945,0.021624654531478882,0.3686990737915039,0.347074419260025,2.4190902709960938,11.23563289642334,0.19526907801628113,13,2,2,1,2,1,1,0.24347205460071564,0.033191025257110596,1,stale,0.0,6,147,69,CORRECT,0,0,0,0,0,0,0.0,0.0
margin,live-delta,0,0.0,0.287055,0.576036,0.094241,0.917969,0.280945,0.430945,0.013248085975646973,0.7050842046737671,0.6918361186981201,2.08347487449646,8.032331466674805,0.284200519323349,20,2,2,1,2,1,0,0.0,0.4755759835243225,2,stale,0.0,6,148,89,CORRECT,0,0,0,0,0,0,0.0,0.0
margin,live-delta,0,0.0,0.287055,0.576036,0.094241,0.917969,0.280945,0.430945,0.0018193721771240234,0.8310966491699219,0.8292772769927979,1.5972449779510498,4.93940544128418,0.31569841504096985,20,2,2,1,2,1,0,0.0,0.7122912406921387,2,stale,0.0,6,149,90,CORRECT,0,0,0,0,0,0,0.0,0.0
margin,live-delta,0,0.0,0.287055,0.576036,0.094241,0.917969,0.280945,0.430945,0.04144841432571411,0.4598776400089264,0.4184292256832123,2.2865517139434814,9.840944290161133,0.2955402433872223,16,2,2,1,2,1,0,0.0,0.35048335790634155,2,stale,0.0,6,150,82,CORRECT,0,0,0,0,0,0,0.0,0.0
margin,live-delta,0,0.0,0.287055,0.576036,0.094241,0.917969,0.280945,0.430945,0.027109742164611816,0.47001540660858154,0.4429056644439697,2.389307737350464,10.9059419631958,0.25106343626976013,20,2,2,1,2,1,0,0.006818766240030527,0.18030136823654175,2,stale,0.0,6,151,79,CORRECT,0,0,0,0,0,0,0.0,0.0
margin,live-delta,0,0.0,0.287055,0.576036,0.094241,0.917969,0.280945,0.430945,0.005340278148651123,0.8188492059707642,0.813508927822113,2.0147545337677,7.498886585235596,0.2762462794780731,20,2,2,1,2,1,0,0.0,0.6028050780296326,2,stale,0.0,6,152,84,CORRECT,0,0,0,0,0,0,0.0,0.0
margin,live-delta,0,0.0,0.287055,0.576036,0.094241,0.917969,0.280945,0.430945,0.020387768745422363,0.727567195892334,0.7071794271469116,1.5098339319229126,4.525979042053223,0.42677631974220276,19,2,2,1,2,1,0,0.0,0.5479637384414673,2,stale,0.0,6,153,90,CORRECT,0,0,0,0,0,0,0.0,0.0
margin,live-delta,0,0.0,0.287055,0.576036,0.094241,0.917969,0.280945,0.430945,0.01642930507659912,0.6028136014938354,0.5863842964172363,2.3093762397766113,10.068142890930176,0.2559170722961426,19,2,2,1,2,1,0,0.0,0.4060814082622528,2,stale,0.0,6,155,90,CORRECT,0,0,0,0,0,0,0.0,0.0
margin,live-delta,0,0.0,0.287055,0.576036,0.094241,0.917969,0.280945,0.430945,0.00639188289642334,0.29562437534332275,0.2892324924468994,0.6911085247993469,1.995926856994629,0.5319159626960754,2,2,2,1,2,1,1,0.46808403730392456,0.00639188289642334,0,stale,0.0,6,156,68,CORRECT,0,0,0,0,0,0,0.0,0.0
margin,live-delta,0,0.0,0.287055,0.576036,0.094241,0.917969,0.280945,0.430945,0.021501898765563965,0.5590934753417969,0.5375915765762329,2.2495570182800293,9.48353385925293,0.2546869218349457,16,2,2,1,2,1,0,0.0,0.3610961139202118,2,stale,0.0,6,157,74,CORRECT,0,0,0,0,0,0,0.0,0.0
margin,live-delta,0,0.0,0.287055,0.576036,0.094241,0.917969,0.280945,0.430945,0.01916298270225525,0.45646974444389343,0.4373067617416382,2.20708966255188,9.089224815368652,0.2879364788532257,15,2,2,1,2,1,0,0.0,0.18081411719322205,2,stale,0.0,6,158,79,CORRECT,0,0,0,0,0,0,0.0,0.0
margin,live-delta,0,0.0,0.287055,0.576036,0.094241,0.917969,0.280945,0.430945,0.024624645709991455,0.6322233080863953,0.6075986623764038,2.0689449310302734,7.916466236114502,0.29706481099128723,20,2,2,1,2,1,0,0.0,0.4291744828224182,2,stale,0.0,6,159,90,CORRECT,0,0,0,0,0,0,0.0,0.0
margin,live-delta,0,0.0,0.287055,0.576036,0.094241,0.917969,0.280945,0.430945,0.042462825775146484,0.5661683678627014,0.5237055420875549,1.7859785556793213,5.965414524078369,0.42678311467170715,16,2,2,1,2,1,0,0.0,0.3182640075683594,2,stale,0.0,6,160,87,CORRECT,0,0,0,0,0,0,0.0,0.0
margin,live-delta,0,0.0,0.287055,0.576036,0.094241,0.917969,0.280945,0.430945,0.03060382604598999,0.5303032398223877,0.4996994137763977,2.3313474655151367,10.291800498962402,0.2512619197368622,18,2,2,1,2,1,0,0.001770589267835021,0.2477591633796692,2,stale,0.0,6,161,74,CORRECT,0,0,0,0,0,0,0.0,0.0
margin,live-delta,0,0.0,0.287055,0.576036,0.094241,0.917969,0.280945,0.430945,0.020775914192199707,0.6862285137176514,0.6654525995254517,1.6917132139205933,5.428773403167725,0.3924869894981384,19,2,2,1,2,1,0,0.0,0.5588211417198181,2,stale,0.0,6,162,90,CORRECT,0,0,0,0,0,0,0.0,0.0
margin,live-delta,0,0.0,0.287055,0.576036,0.094241,0.917969,0.280945,0.430945,0.016992241144180298,0.3676166832447052,0.3506244421005249,1.787677526473999,5.975558280944824,0.2952752411365509,7,2,2,1,2,1,0,0.0,0.1587805151939392,2,stale,0.0,6,163,70,CORRECT,0,0,0,0,0,0,0.0,0.0
margin,live-delta,0,0.0,0.287055,0.576036,0.094241,0.917969,0.280945,0.430945,0.03744542598724365,0.5544109344482422,0.5169655084609985,1.9738805294036865,7.198556423187256,0.4088974595069885,16,2,2,1,2,1,0,0.0,0.396892249584198,2,stale,0.0,6,164,89,CORRECT,0,0,0,0,0,0,0.0,0.0
margin,live-delta,0,0.0,0.287055,0.576036,0.094241,0.917969,0.280945,0.430945,0.04330688714981079,0.7212452292442322,0.6779383420944214,1.727970838546753,5.6292195320129395,0.42760762572288513,19,2,2,1,2,1,0,0.0,0.5843628644943237,2,stale,0.0,6,165,90,CORRECT,0,0,0,0,0,0,0.0,0.0
margin,live-delta,0,0.0,0.287055,0.576036,0.094241,0.917969,0.280945,0.430945,0.003607511520385742,0.7778502702713013,0.7742427587509155,1.994655966758728,7.349674224853516,0.2784205973148346,20,2,2,1,2,1,0,0.0,0.5958204865455627,2,stale,0.0,6,166,84,CORRECT,0,0,0,0,0,0,0.0,0.0
margin,live-delta,0,0.0,0.287055,0.576036,0.094241,0.917969,0.280945,0.430945,0.007624030113220215,0.5461317300796509,0.5385076999664307,1.7355066537857056,5.67180061340332,0.31027698516845703,18,2,2,1,2,1,0,0.0032195462845265865,0.2284112572669983,2,stale,0.0,6,167,87,CORRECT,0,0,0,0,0,0,0.0,0.0
margin,live-delta,0,0.0,0.287055,0.576036,0.094241,0.917969,0.280945,0.430945,0.11162024736404419,0.4376019835472107,0.3259817361831665,0.5039613246917725,1.6552653312683105,0.8568649888038635,3,2,2,1,2,1,0,0.0,0.21021848917007446,2,stale,0.0,6,168,71,CORRECT,0,0,0,0,0,0,0.0,0.0
margin,live-delta,0,0.0,0.287055,0.576036,0.094241,0.917969,0.280945,0.430945,0.02289295196533203,0.5277668237686157,0.5048738718032837,2.2335073947906494,9.332541465759277,0.24613645672798157,17,2,2,1,2,1,0,0.0,0.34557726979255676,2,stale,0.0,6,169,64,CORRECT,0,0,0,0,0,0,0.0,0.0
margin,live-delta,0,0.0,0.287055,0.576036,0.094241,0.917969,0.280945,0.430945,0.025896310806274414,0.6113731861114502,0.5854768753051758,2.464552640914917,11.758220672607422,0.21843382716178894,20,2,2,1,2,1,0,0.0,0.39307674765586853,2,stale,0.0,6,170,89,CORRECT,0,0,0,0,0,0,0.0,0.0
margin,live-delta,0,0.0,0.287055,0.576036,0.094241,0.917969,0.280945,0.430945,0.1614026427268982,0.5188366770744324,0.3574340343475342,0.37958306074142456,1.4616750478744507,0.9144790768623352,4,2,2,1,2,1,0,0.0,0.3164825439453125,2,stale,0.0,6,171,71,CORRECT,0,0,0,0,0,0,0.0,0.0
margin,live-delta,0,0.0,0.287055,0.576036,0.094241,0.917969,0.280945,0.430945,0.08951789140701294,0.41775548458099365,0.3282375931739807,0.4104239344596863,1.507456660270691,0.8569710850715637,2,2,2,1,2,1,0,0.0,0.21190357208251953,2,stale,0.0,6,172,71,CORRECT,0,0,0,0,0,0,0.0,0.0
margin,live-delta,0,0.0,0.287055,0.576036,0.094241,0.917969,0.280945,0.430945,0.019540131092071533,0.7261701822280884,0.7066300511360168,1.7031797170639038,5.49138069152832,0.33837687969207764,20,2,2,1,2,1,0,0.0,0.5258231163024902,2,stale,0.0,6,174,84,CORRECT,0,0,0,0,0,0,0.0,0.0
margin,live-delta,0,0.0,0.287055,0.576036,0.094241,0.917969,0.280945,0.430945,0.001257866621017456,0.4005606472492218,0.39930278062820435,1.9114311933517456,6.762760639190674,0.2179441601037979,8,2,2,1,2,1,0,0.0,0.20247027277946472,2,stale,0.0,6,175,85,CORRECT,0,0,0,0,0,0,0.0,0.0
margin,live-delta,0,0.0,0.287055,0.576036,0.094241,0.917969,0.280945,0.430945,0.008577048778533936,0.709463357925415,0.7008863091468811,1.9096499681472778,6.750725269317627,0.33119332790374756,20,2,2,1,2,1,0,0.0,0.5632714033126831,2,stale,0.0,6,176,65,CORRECT,0,0,0,0,0,0,0.0,0.0
margin,live-delta,0,0.0,0.287055,0.576036,0.094241,0.917969,0.280945,0.430945,0.008091211318969727,0.5726184844970703,0.5645272731781006,2.1845686435699463,8.88681411743164,0.23409011960029602,20,2,2,1,2,1,0,0.0,0.3541475832462311,2,stale,0.0,6,177,74,CORRECT,0,0,0,0,0,0,0.0,0.0
margin,live-delta,0,0.0,0.287055,0.576036,0.094241,0.917969,0.280945,0.430945,0.07999736070632935,0.7938530445098877,0.7138556838035583,1.2451711893081665,3.47352933883667,0.6328678131103516,18,2,2,1,2,1,0,0.0,0.6809784173965454,2,stale,0.0,6,178,90,CORRECT,0,0,0,0,0,0,0.0,0.0
margin,live-delta,0,0.0,0.287055,0.576036,0.094241,0.917969,0.280945,0.430945,0.016302764415740967,0.7674540877342224,0.7511513233184814,1.485774040222168,4.418384075164795,0.43703582882881165,20,2,2,1,2,1,0,0.0,0.6261708736419678,2,stale,0.0,6,179,64,CORRECT,0,0,0,0,0,0,0.0,0.0
margin,live-delta,0,0.0,0.287055,0.576036,0.094241,0.917969,0.280945,0.430945,0.03030848503112793,0.8509020209312439,0.820593535900116,1.576245903968811,4.836763858795166,0.43658164143562317,20,2,2,1,2,1,0,0.0,0.720429003238678,2,stale,0.0,6,180,90,CORRECT,0,0,0,0,0,0,0.0,0.0
margin,live-delta,0,0.0,0.287055,0.576036,0.094241,0.917969,0.280945,0.430945,0.007976055145263672,0.8307018280029297,0.822725772857666,1.6633951663970947,5.277197360992432,0.35945042967796326,19,2,2,1,2,1,0,0.0,0.5800230503082275,2,stale,0.0,6,181,74,CORRECT,0,0,0,0,0,0,0.0,0.0
margin,live-delta,0,0.0,0.287055,0.576036,0.094241,0.917969,0.280945,0.430945,0.06229439377784729,0.3948099911212921,0.3325155973434448,0.9701501131057739,2.638340473175049,0.6633533239364624,4,2,2,1,2,1,0,0.0,0.20360982418060303,2,stale,0.0,6,182,91,CORRECT,0,0,0,0,0,0,0.0,0.0
margin,live-delta,0,0.0,0.287055,0.576036,0.094241,0.917969,0.280945,0.430945,0.027524173259735107,0.5402094721794128,0.5126852989196777,2.0464041233062744,7.740018844604492,0.3583797514438629,18,2,2,1,2,1,0,0.0,0.4117984473705292,2,stale,0.0,6,183,82,CORRECT,0,0,0,0,0,0,0.0,0.0
margin,live-delta,0,0.0,0.287055,0.576036,0.094241,0.917969,0.280945,0.430945,0.06895601749420166,0.7991049885749817,0.73014897108078,1.4200583696365356,4.137362003326416,0.5433728694915771,19,2,2,1,2,1,0,0.0,0.6681656837463379,2,stale,0.0,6,184,90,CORRECT,0,0,0,0,0,0,0.0,0.0
margin,live-delta,0,0.0,0.287055,0.576036,0.094241,0.917969,0.280945,0.430945,0.032616108655929565,0.41690465807914734,0.3842885494232178,1.3965802192687988,4.041355609893799,0.45080193877220154,5,2,2,1,2,1,0,0.0,0.16200825572013855,2,stale,0.0,6,185,87,CORRECT,0,0,0,0,0,0,0.0,0.0
margin,live-delta,0,0.0,0.287055,0.576036,0.094241,0.917969,0.280945,0.430945,0.10802942514419556,0.49873656034469604,0.3907071352005005,2.0227696895599365,7.559232711791992,0.5173019170761108,20,2,2,1,2,1,0,0.05979815870523453,0.12086889147758484,2,stale,0.0,6,186,72,CORRECT,0,0,0,0,0,0,0.0,0.0
margin,live-delta,0,0.0,0.287055,0.576036,0.094241,0.917969,0.280945,0.430945,0.001587986946105957,0.5414755344390869,0.539887547492981,2.154843807220459,8.626543045043945,0.2515627145767212,18,2,2,1,2,1,0,0.0,0.32606571912765503,2,stale,0.0,6,187,89,CORRECT,0,0,0,0,0,0,0.0,0.0
margin,live-delta,0,0.0,0.287055,0.576036,0.094241,0.917969,0.280945,0.430945,0.009970307350158691,0.721244215965271,0.7112739086151123,1.5934916734695435,4.920901298522949,0.36322686076164246,18,2,2,1,2,1,0,0.0,0.5688634514808655,2,stale,0.0,6,188,90,CORRECT,0,0,0,0,0,0,0.0,0.0
margin,live-delta,0,0.0,0.287055,0.576036,0.094241,0.917969,0.280945,0.430945,0.02758026123046875,0.8041415214538574,0.7765612602233887,1.7624067068099976,5.826443195343018,0.33697062730789185,20,2,2,1,2,1,0,0.0,0.6601616740226746,2,stale,0.0,6,189,90,CORRECT,0,0,0,0,0,0,0.0,0.0
margin,live-delta,0,0.0,0.287055,0.576036,0.094241,0.917969,0.280945,0.430945,0.014406383037567139,0.39838850498199463,0.3839821219444275,1.7742878198623657,5.896080493927002,0.3037232458591461,7,2,2,1,2,1,1,0.18512722849845886,0.04778274893760681,1,stale,0.0,6,190,88,CORRECT,0,0,0,0,0,0,0.0,0.0
margin,live-delta,0,0.0,0.287055,0.576036,0.094241,0.917969,0.280945,0.430945,0.013999998569488525,0.32778435945510864,0.3137843608856201,1.5587867498397827,4.753051280975342,0.31004029512405396,5,2,2,1,2,1,0,0.0,0.1285451352596283,2,stale,0.0,6,191,87,CORRECT,0,0,0,0,0,0,0.0,0.0
margin,live-delta,0,0.0,0.287055,0.576036,0.094241,0.917969,0.280945,0.430945,0.1767810583114624,0.6894975900650024,0.51271653175354,0.6661792397499084,1.9467848539352417,0.8801347017288208,20,3,3,1,3,1,0,0.0015006716130301356,0.3187081217765808,2,stale,0.0,6,192,103,CORRECT,0,0,0,0,0,0,0.0,0.0
margin,live-delta,0,0.0,0.287055,0.576036,0.094241,0.917969,0.280945,0.430945,0.2501199245452881,0.8384618759155273,0.5883419513702393,0.151173397898674,1.1631983518600464,0.977719783782959,20,3,3,1,3,1,0,0.0,0.5976263284683228,2,stale,0.0,6,193,110,CORRECT,0,0,0,0,0,0,0.0,0.0
margin,live-delta,0,0.0,0.287055,0.576036,0.094241,0.917969,0.280945,0.430945,0.12315040826797485,0.7314360737800598,0.608285665512085,0.9822872877120972,2.6705574989318848,0.7913286685943604,20,3,3,1,3,1,0,0.0,0.4771263003349304,2,stale,0.0,6,194,116,CORRECT,0,0,0,0,0,0,0.0,0.0
margin,live-delta,0,0.0,0.287055,0.576036,0.094241,0.917969,0.280945,0.430945,0.05098086595535278,0.6020346879959106,0.5510538220405579,1.8126444816589355,6.1266279220581055,0.470404714345932,20,3,3,1,3,1,0,0.0,0.35551363229751587,2,stale,0.0,6,195,96,CORRECT,0,0,0,0,0,0,0.0,0.0
margin,live-delta,0,0.0,0.287055,0.576036,0.094241,0.917969,0.280945,0.430945,0.09636414051055908,0.6056495904922485,0.5092854499816895,1.9922740459442139,7.332188606262207,0.5024775862693787,20,3,3,1,3,1,0,0.0,0.3226177990436554,2,stale,0.0,6,196,118,CORRECT,0,0,0,0,0,0,0.0,0.0
margin,live-delta,0,0.0,0.287055,0.576036,0.094241,0.917969,0.280945,0.430945,0.01722976565361023,0.42296233773231506,0.40573257207870483,2.5697238445281982,13.062216758728027,0.18620407581329346,17,3,3,1,3,1,0,0.012128525413572788,0.13656416535377502,2,stale,0.0,6,197,120,CORRECT,0,0,0,0,0,0,0.0,0.0
margin,live-delta,0,0.0,0.287055,0.576036,0.094241,0.917969,0.280945,0.430945,0.0004450082778930664,0.6632283926010132,0.6627833843231201,1.143041968345642,3.136294364929199,0.44003379344940186,16,3,3,1,3,1,0,0.0,0.43403878808021545,2,stale,0.0,6,198,115,CORRECT,0,0,0,0,0,0,0.0,0.0
margin,live-delta,0,0.0,0.287055,0.576036,0.094241,0.917969,0.280945,0.430945,0.04778146743774414,0.5894176363945007,0.5416361689567566,2.1574342250823975,8.648918151855469,0.41060587763786316,20,3,3,1,3,1,0,0.0,0.35544294118881226,2,stale,0.0,6,199,103,CORRECT,0,0,0,0,0,0,0.0,0.0
margin,live-delta,0,0.0,0.287055,0.576036,0.094241,0.917969,0.280945,0.430945,0.01692444086074829,0.5788602828979492,0.5619358420372009,2.10457444190979,8.203611373901367,0.28718098998069763,20,3,3,1,3,1,0,0.0,0.25708457827568054,2,stale,0.0,6,200,120,CORRECT,0,0,0,0,0,0,0.0,0.0
margin,live-delta,0,0.0,0.287055,0.576036,0.094241,0.917969,0.280945,0.430945,0.08788466453552246,0.7313388586044312,0.6434541940689087,1.1194514036178589,3.063173294067383,0.711109459400177,20,3,3,1,3,1,0,0.0,0.5794543027877808,2,stale,0.0,6,201,102,CORRECT,0,0,0,0,0,0,0.0,0.0
margin,live-delta,0,0.0,0.287055,0.576036,0.094241,0.917969,0.280945,0.430945,0.08769881725311279,0.692467451095581,0.6047686338424683,0.8465143442153931,2.33150577545166,0.7853072285652161,20,3,3,1,3,1,0,0.0,0.48868000507354736,2,stale,0.0,6,202,114,CORRECT,0,0,0,0,0,0,0.0,0.0
margin,live-delta,0,0.0,0.287055,0.576036,0.094241,0.917969,0.280945,0.430945,0.036721110343933105,0.7536640763282776,0.7169429659843445,1.8528645038604736,6.378063201904297,0.37012121081352234,20,3,3,1,3,1,0,0.0,0.5880231857299805,2,stale,0.0,6,203,102,CORRECT,0,0,0,0,0,0,0.0,0.0
margin,live-delta,0,0.0,0.287055,0.576036,0.094241,0.917969,0.280945,0.430945,0.01258617639541626,0.6234400272369385,0.6108538508415222,1.8494772911071777,6.3564958572387695,0.2944466471672058,20,3,3,1,3,1,0,0.003077250439673662,0.22805306315422058,2,stale,0.0,6,204,120,CORRECT,0,0,0,0,0,0,0.0,0.0
margin,live-delta,0,0.0,0.287055,0.576036,0.094241,0.917969,0.280945,0.430945,0.011914491653442383,0.2924876809120178,0.28057318925857544,-0.0,1.0,1.0,1,3,2,0,2,0,1,1.0,-0.04387687146663666,0,stale,0.0,6,205,72,BLENDED,0,0,0,0,0,0,0.0,0.0
margin,live-delta,0,0.0,0.287055,0.576036,0.094241,0.917969,0.280945,0.430945,0.1295284628868103,0.8142807483673096,0.6847522854804993,0.7591401934623718,2.1364386081695557,0.832633376121521,20,3,3,1,3,1,0,0.0,0.6377133131027222,2,stale,0.0,6,206,102,CORRECT,0,0,0,0,0,0,0.0,0.0
margin,live-delta,0,0.0,0.287055,0.576036,0.094241,0.917969,0.280945,0.430945,0.010855257511138916,0.7418167591094971,0.7309615015983582,1.8727407455444336,6.506103515625,0.32866188883781433,20,3,3,1,3,1,0,0.0,0.564441978931427,2,stale,0.0,6,207,126,CORRECT,0,0,0,0,0,0,0.0,0.0
margin,live-delta,0,0.0,0.287055,0.576036,0.094241,0.917969,0.280945,0.430945,0.31014442443847656,0.938294529914856,0.6281501054763794,0.024313369765877724,1.0246113538742065,0.996907651424408,20,3,3,1,3,1,0,0.0,0.6507328748703003,2,stale,0.0,6,208,122,CORRECT,0,0,0,0,0,0,0.0,0.0
margin,live-delta,0,0.0,0.287055,0.576036,0.094241,0.917969,0.280945,0.430945,0.20055639743804932,0.6931475400924683,0.49259114265441895,0.46155619621276855,1.5865410566329956,0.9218500852584839,20,3,3,1,3,1,0,0.0,0.4239552617073059,2,stale,0.0,6,209,114,CORRECT,0,0,0,0,0,0,0.0,0.0
margin,live-delta,0,0.0,0.287055,0.576036,0.094241,0.917969,0.280945,0.430945,0.12606686353683472,0.4007601737976074,0.2746933102607727,-0.0,1.0,1.0,1,3,3,1,3,1,0,0.0,0.1310916543006897,2,stale,0.0,6,210,122,CORRECT,0,0,0,0,0,0,0.0,0.0
margin,live-delta,0,0.0,0.287055,0.576036,0.094241,0.917969,0.280945,0.430945,0.10023802518844604,0.42242056131362915,0.3221825361251831,0.5742189884185791,1.7757431268692017,0.8266416192054749,3,3,3,1,3,1,0,0.0,0.19192704558372498,2,stale,0.0,6,211,100,CORRECT,0,0,0,0,0,0,0.0,0.0
margin,live-delta,0,0.0,0.287055,0.576036,0.094241,0.917969,0.280945,0.430945,0.029310405254364014,0.4297834038734436,0.4004729986190796,2.2032582759857178,9.05446720123291,0.2692733108997345,12,3,2,0,3,1,1,0.29078760743141174,-0.029310405254364014,0,stale,0.0,6,212,72,CORRECT,0,0,0,0,0,0,0.0,0.0
margin,live-delta,0,0.0,0.287055,0.576036,0.094241,0.917969,0.280945,0.430945,0.03714936971664429,0.8875680565834045,0.8504186868667603,1.6866893768310547,5.401568412780762,0.43470388650894165,20,3,3,1,3,1,0,0.0,0.7825043797492981,2,stale,0.0,6,213,106,CORRECT,0,0,0,0,0,0,0.0,0.0
margin,live-delta,0,0.0,0.287055,0.576036,0.094241,0.917969,0.280945,0.430945,0.04747101664543152,0.44041067361831665,0.39293965697288513,1.978255271911621,7.230117321014404,0.4188555181026459,13,3,3,1,3,1,0,0.056103482842445374,0.1263270378112793,2,stale,0.0,6,214,99,CORRECT,0,0,0,0,0,0,0.0,0.0
margin,live-delta,0,0.0,0.287055,0.576036,0.094241,0.917969,0.280945,0.430945,0.004091322422027588,0.8561553955078125,0.8520640730857849,1.9033676385879517,6.7084479331970215,0.2543230652809143,20,3,3,1,3,1,0,0.0,0.6750621795654297,2,stale,0.0,6,215,111,CORRECT,0,0,0,0,0,0,0.0,0.0
margin,live-delta,0,0.0,0.287055,0.576036,0.094241,0.917969,0.280945,0.430945,0.023325324058532715,0.8350045084953308,0.8116791844367981,1.7444546222686768,5.722779750823975,0.34354162216186523,20,3,3,1,3,1,0,0.0,0.7101004123687744,2,stale,0.0,6,216,127,CORRECT,0,0,0,0,0,0,0.0,0.0
margin,live-delta,0,0.0,0.287055,0.576036,0.094241,0.917969,0.280945,0.430945,0.025778591632843018,0.78267902135849,0.756900429725647,2.0339956283569336,7.644570350646973,0.31839674711227417,20,3,3,1,3,1,0,0.0,0.6660486459732056,2,stale,0.0,6,217,127,CORRECT,0,0,0,0,0,0,0.0,0.0
margin,live-delta,0,0.0,0.287055,0.576036,0.094241,0.917969,0.280945,0.430945,0.010915815830230713,0.8731348514556885,0.8622190356254578,1.7354892492294312,5.671701908111572,0.30732810497283936,20,3,3,1,3,1,0,0.0,0.7605646848678589,2,stale,0.0,6,218,125,CORRECT,0,0,0,0,0,0,0.0,0.0
margin,live-delta,0,0.0,0.287055,0.576036,0.094241,0.917969,0.280945,0.430945,0.07246667146682739,0.8534470200538635,0.7809803485870361,1.5856164693832397,4.88230037689209,0.5344052314758301,20,3,3,1,3,1,0,0.0,0.5936151146888733,2,stale,0.0,6,219,105,CORRECT,0,0,0,0,0,0,0.0,0.0
margin,live-delta,0,0.0,0.287055,0.576036,0.094241,0.917969,0.280945,0.430945,0.07581865787506104,0.687487006187439,0.6116683483123779,0.9573721885681152,2.6048424243927,0.7201942205429077,20,3,3,1,3,1,0,0.006307709496468306,0.29558396339416504,2,stale,0.0,6,220,122,CORRECT,0,0,0,0,0,0,0.0,0.0
margin,live-delta,0,0.0,0.287055,0.576036,0.094241,0.917969,0.280945,0.430945,0.001756131649017334,0.8375440835952759,0.8357879519462585,2.000593423843384,7.393442153930664,0.18294769525527954,20,3,3,1,3,1,0,0.0,0.7359657883644104,2,stale,0.0,6,221,106,CORRECT,0,0,0,0,0,0,0.0,0.0
margin,live-delta,0,0.0,0.287055,0.576036,0.094241,0.917969,0.280945,0.430945,0.01243513822555542,0.5919559001922607,0.5795207619667053,1.5211505889892578,4.577488899230957,0.33219099044799805,18,3,3,1,3,1,0,0.0,0.3724329471588135,2,stale,0.0,6,222,122,CORRECT,0,0,0,0,0,0,0.0,0.0
margin,live-delta,0,0.0,0.287055,0.576036,0.094241,0.917969,0.280945,0.430945,0.1421467661857605,0.74917072057724,0.6070239543914795,0.6820640563964844,1.9779561758041382,0.8544352650642395,20,3,3,1,3,1,0,0.0,0.6529428362846375,2,stale,0.0,6,223,98,CORRECT,0,0,0,0,0,0,0.0,0.0
margin,live-delta,0,0.0,0.287055,0.576036,0.094241,0.917969,0.280945,0.430945,0.21937918663024902,0.8214820027351379,0.6021028161048889,0.1719883531332016,1.1876640319824219,0.973218560218811,20,3,3,1,3,1,0,0.0,0.6802964210510254,2,stale,0.0,6,224,110,CORRECT,0,0,0,0,0,0,0.0,0.0
margin,live-delta,0,0.0,0.287055,0.576036,0.094241,0.917969,0.280945,0.430945,0.017391085624694824,0.8623713254928589,0.8449802398681641,1.735216498374939,5.670155048370361,0.3217872679233551,20,3,3,1,3,1,0,0.0,0.7513468265533447,2,stale,0.0,6,225,105,CORRECT,0,0,0,0,0,0,0.0,0.0
margin,live-delta,0,0.0,0.287055,0.576036,0.094241,0.917969,0.280945,0.430945,0.14155250787734985,0.7440455555915833,0.6024930477142334,0.5539259910583496,1.740071177482605,0.8743242621421814,15,3,3,1,3,1,0,0.0,0.6083050966262817,2,stale,0.0,6,226,96,CORRECT,0,0,0,0,0,0,0.0,0.0
margin,live-delta,0,0.0,0.287055,0.576036,0.094241,0.917969,0.280945,0.430945,0.009824693202972412,0.8616310954093933,0.8518064022064209,1.3781208992004395,3.9674394130706787,0.4070500433444977,20,3,3,1,3,1,0,0.0,0.7183105945587158,2,stale,0.0,6,227,97,CORRECT,0,0,0,0,0,0,0.0,0.0
margin,live-delta,0,0.0,0.287055,0.576036,0.094241,0.917969,0.280945,0.430945,0.18688416481018066,0.7295669317245483,0.5426827669143677,0.21928498148918152,1.2451860904693604,0.9626400470733643,19,3,3,1,3,1,0,0.0,0.6021155714988708,2,stale,0.0,6,228,110,CORRECT,0,0,0,0,0,0,0.0,0.0
margin,live-delta,0,0.0,0.287055,0.576036,0.094241,0.917969,0.280945,0.430945,0.020042985677719116,0.5192570686340332,0.4992140829563141,2.5358052253723145,12.626593589782715,0.17952293157577515,20,3,3,1,3,1,0,0.0,0.1971248984336853,2,stale,0.0,6,229,119,CORRECT,0,0,0,0,0,0,0.0,0.0
margin,live-delta,0,0.0,0.287055,0.576036,0.094241,0.917969,0.280945,0.430945,0.003061354160308838,0.7558149099349976,0.7527535557746887,2.0031323432922363,7.412237167358398,0.24354739487171173,20,3,3,1,3,1,0,0.0,0.5923832058906555,2,stale,0.0,6,230,102,CORRECT,0,0,0,0,0,0,0.0,0.0
margin,live-delta,0,0.0,0.287055,0.576036,0.094241,0.917969,0.280945,0.430945,0.02777397632598877,0.8631192445755005,0.8353452682495117,1.8201953172683716,6.173064231872559,0.3469454348087311,20,3,3,1,3,1,0,0.0,0.69650799036026,2,stale,0.0,6,231,125,CORRECT,0,0,0,0,0,0,0.0,0.0
margin,live-delta,0,0.0,0.287055,0.576036,0.094241,0.917969,0.280945,0.430945,0.0031142234802246094,0.6046508550643921,0.6015366315841675,1.994081735610962,7.345454692840576,0.23943795263767242,20,3,3,1,3,1,0,0.0,0.3869871497154236,2,stale,0.0,6,232,115,CORRECT,0,0,0,0,0,0,0.0,0.0
margin,live-delta,0,0.0,0.287055,0.576036,0.094241,0.917969,0.280945,0.430945,0.01851475238800049,0.7026830911636353,0.6841683387756348,2.3669567108154297,10.664886474609375,0.20359563827514648,20,3,3,1,3,1,0,0.0,0.5461775064468384,2,stale,0.0,6,233,127,CORRECT,0,0,0,0,0,0,0.0,0.0
margin,live-delta,0,0.0,0.287055,0.576036,0.094241,0.917969,0.280945,0.430945,0.011283189058303833,0.47186270356178284,0.460579514503479,1.8600313663482666,6.423938274383545,0.2865137755870819,11,3,3,1,3,1,0,0.049114614725112915,0.09976580739021301,2,stale,0.0,6,234,99,CORRECT,0,0,0,0,0,0,0.0,0.0
margin,live-delta,0,0.0,0.287055,0.576036,0.094241,0.917969,0.280945,0.430945,0.02798616886138916,0.8835732936859131,0.8555871248245239,1.5740150213241577,4.825985908508301,0.4258304536342621,20,3,3,1,3,1,0,0.0,0.7006120085716248,2,stale,0.0,6,235,125,CORRECT,0,0,0,0,0,0,0.0,0.0
margin,live-delta,0,0.0,0.287055,0.576036,0.094241,0.917969,0.280945,0.430945,0.015972495079040527,0.809628963470459,0.7936564683914185,1.605930209159851,4.982492446899414,0.3595678210258484,20,3,3,1,3,1,0,0.0,0.6345729827880859,2,stale,0.0,6,236,112,CORRECT,0,0,0,0,0,0,0.0,0.0
margin,live-delta,0,0.0,0.287055,0.576036,0.094241,0.917969,0.280945,0.430945,0.18761926889419556,0.7911852598190308,0.6035659909248352,0.35394376516342163,1.4246751070022583,0.9400763511657715,20,3,3,1,3,1,0,0.0,0.5610560178756714,2,stale,0.0,6,237,110,CORRECT,0,0,0,0,0,0,0.0,0.0
margin,live-delta,0,0.0,0.287055,0.576036,0.094241,0.917969,0.280945,0.430945,0.033664703369140625,0.8508002758026123,0.8171355724334717,1.7605669498443604,5.815733909606934,0.3842830955982208,20,3,3,1,3,1,0,0.0,0.6989814043045044,2,stale,0.0,6,238,105,CORRECT,0,0,0,0,0,0,0.0,0.0
margin,live-delta,0,0.0,0.287055,0.576036,0.094241,0.917969,0.280945,0.430945,0.1614556908607483,0.7561558485031128,0.5947001576423645,0.34826862812042236,1.4166127443313599,0.9345852136611938,19,3,3,1,3,1,0,0.0,0.6322998404502869,2,stale,0.0,6,239,110,CORRECT,0,0,0,0,0,0,0.0,0.0
margin,live-delta,0,0.0,0.287055,0.576036,0.094241,0.917969,0.280945,0.430945,0.006048679351806641,0.6312018632888794,0.6251531839370728,2.029421806335449,7.609684944152832,0.31577053666114807,20,3,3,1,3,1,0,0.0,0.4550524055957794,2,stale,0.0,6,240,113,CORRECT,0,0,0,0,0,0,0.0,0.0
margin,live-delta,0,0.0,0.287055,0.576036,0.094241,0.917969,0.280945,0.430945,0.004112362861633301,0.7422609329223633,0.73814857006073,2.0436136722564697,7.718451023101807,0.22532950341701508,20,3,3,1,3,1,0,0.0,0.597240686416626,2,stale,0.0,6,241,101,CORRECT,0,0,0,0,0,0,0.0,0.0
margin,live-delta,0,0.0,0.287055,0.576036,0.094241,0.917969,0.280945,0.430945,0.004317045211791992,0.8364174365997314,0.8321003913879395,2.039419412612915,7.686145305633545,0.22145655751228333,20,3,3,1,3,1,0,0.0,0.7108870148658752,2,stale,0.0,6,242,125,CORRECT,0,0,0,0,0,0,0.0,0.0
margin,live-delta,0,0.0,0.287055,0.576036,0.094241,0.917969,0.280945,0.430945,0.04702085256576538,0.45911580324172974,0.41209495067596436,2.540553331375122,12.686688423156738,0.2882072329521179,20,3,3,1,3,1,0,0.0,0.22644346952438354,2,stale,0.0,6,243,118,CORRECT,0,0,0,0,0,0,0.0,0.0
margin,live-delta,0,0.0,0.287055,0.576036,0.094241,0.917969,0.280945,0.430945,0.10091972351074219,0.7671536207199097,0.6662338972091675,1.1288315057754517,3.092041254043579,0.6994473934173584,20,3,3,1,3,1,0,0.0,0.48336273431777954,2,stale,0.0,6,244,120,CORRECT,0,0,0,0,0,0,0.0,0.0
margin,live-delta,0,0.0,0.287055,0.576036,0.094241,0.917969,0.280945,0.430945,0.031228721141815186,0.8901559114456177,0.8589271903038025,1.1922409534454346,3.2944557666778564,0.5376150608062744,20,3,3,1,3,1,0,0.0,0.7685379385948181,2,stale,0.0,6,245,97,CORRECT,0,0,0,0,0,0,0.0,0.0
margin,live-delta,0,0.0,0.287055,0.576036,0.094241,0.917969,0.280945,0.430945,0.48767462372779846,0.805931031703949,0.3182564079761505,0.0006246180855669081,1.0006247758865356,0.9999419450759888,2,3,3,1,3,1,0,0.0,0.6626579761505127,2,stale,0.0,6,246,100,CORRECT,0,0,0,0,0,0,0.0,0.0
margin,live-delta,0,0.0,0.287055,0.576036,0.094241,0.917969,0.280945,0.430945,0.01692742109298706,0.31843364238739014,0.3015062212944031,1.0810037851333618,2.947636842727661,0.42217180132865906,3,3,3,1,3,1,1,0.2769024074077606,0.021087348461151123,0,stale,0.0,6,247,113,CORRECT,0,0,0,0,0,0,0.0,0.0
margin,live-delta,0,0.0,0.287055,0.576036,0.094241,0.917969,0.280945,0.430945,0.0029401779174804688,0.5670373439788818,0.5640971660614014,2.2715773582458496,9.694681167602539,0.236850768327713,20,3,3,1,3,1,0,0.0,0.42987003922462463,2,stale,0.0,6,248,101,CORRECT,0,0,0,0,0,0,0.0,0.0
margin,live-delta,0,0.0,0.287055,0.576036,0.094241,0.917969,0.280945,0.430945,0.018736422061920166,0.6796143651008606,0.6608779430389404,1.9757667779922485,7.2121477127075195,0.2987256646156311,20,3,3,1,3,1,0,0.0,0.5658657550811768,2,stale,0.0,6,249,105,CORRECT,0,0,0,0,0,0,0.0,0.0
margin,live-delta,0,0.0,0.287055,0.576036,0.094241,0.917969,0.280945,0.430945,0.05136531591415405,0.7388730645179749,0.6875077486038208,1.4365373849868774,4.206106662750244,0.5618289113044739,20,3,3,1,3,1,0,0.0,0.5477907657623291,2,stale,0.0,6,250,114,CORRECT,0,0,0,0,0,0,0.0,0.0
margin,live-delta,0,0.0,0.287055,0.576036,0.094241,0.917969,0.280945,0.430945,0.13544273376464844,0.6935679912567139,0.5581252574920654,0.7351569533348083,2.0858092308044434,0.8522759675979614,20,3,3,1,3,1,0,0.0,0.42063069343566895,2,stale,0.0,6,251,120,CORRECT,0,0,0,0,0,0,0.0,0.0
margin,live-delta,0,0.0,0.287055,0.576036,0.094241,0.917969,0.280945,0.430945,0.04568314552307129,0.8082557916641235,0.7625726461410522,1.9747450351715088,7.204782485961914,0.40140560269355774,20,3,3,1,3,1,0,0.0,0.686444103717804,2,stale,0.0,6,252,127,CORRECT,0,0,0,0,0,0,0.0,0.0
margin,live-delta,0,0.0,0.287055,0.576036,0.094241,0.917969,0.280945,0.430945,0.06185990571975708,0.7299630641937256,0.6681031584739685,1.8280168771743774,6.221536159515381,0.48660093545913696,20,3,3,1,3,1,0,0.0,0.5752080678939819,2,stale,0.0,6,253,114,CORRECT,0,0,0,0,0,0,0.0,0.0
margin,live-delta,0,0.0,0.287055,0.576036,0.094241,0.917969,0.280945,0.430945,0.05214470624923706,0.5976381301879883,0.5454934239387512,1.870353102684021,6.4905877113342285,0.48225247859954834,20,3,3,1,3,1,0,0.0,0.4311729371547699,2,stale,0.0,6,254,102,CORRECT,0,0,0,0,0,0,0.0,0.0
margin,live-delta,0,0.0,0.287055,0.576036,0.094241,0.917969,0.280945,0.430945,0.009095430374145508,0.6186673641204834,0.6095719337463379,2.38944149017334,10.907400131225586,0.20700062811374664,20,3,3,1,3,1,0,0.0,0.25513458251953125,2,stale,0.0,6,255,117,CORRECT,0,0,0,0,0,0,0.0,0.0
margin,live-delta,1,0.0,0.287055,0.576036,0.088348,0.917969,0.297881,0.447881,0.08858919143676758,0.5616472959518433,0.4730581045150757,1.3788281679153442,3.9702465534210205,0.6406348347663879,16,0,0,1,0,1,0,0.023380618542432785,0.22280466556549072,2,stale,0.0,6,0,7,CORRECT,0,0,0,0,0,0,0.0,0.0
margin,live-delta,1,0.0,0.287055,0.576036,0.088348,0.917969,0.297881,0.447881,0.06531029939651489,0.4198814034461975,0.3545711040496826,0.8643235564231873,2.3733999729156494,0.6680283546447754,3,0,0,1,0,1,1,0.1510390043258667,0.07433962821960449,2,stale,0.0,6,1,0,CORRECT,0,0,0,0,0,0,0.0,0.0
margin,live-delta,1,0.0,0.287055,0.576036,0.088348,0.917969,0.297881,0.447881,0.15834331512451172,0.4902179539203644,0.33187463879585266,0.7733278274536133,2.1669654846191406,0.832689642906189,8,0,0,1,0,1,0,0.03508575260639191,0.15834331512451172,2,stale,0.0,6,2,17,CORRECT,0,0,0,0,0,0,0.0,0.0
margin,live-delta,1,0.0,0.287055,0.576036,0.088348,0.917969,0.297881,0.447881,0.00620231032371521,0.4598029851913452,0.45360067486763,2.4463887214660645,11.546573638916016,0.18872301280498505,18,0,0,1,0,1,0,0.01921437494456768,0.13865387439727783,2,stale,0.0,6,3,7,CORRECT,0,0,0,0,0,0,0.0,0.0
margin,live-delta,1,0.0,0.287055,0.576036,0.088348,0.917969,0.297881,0.447881,0.0393713116645813,0.49600115418434143,0.45662984251976013,2.5303635597229004,12.55807113647461,0.26725706458091736,20,0,1,0,1,0,1,0.6661855578422546,-0.0393713116645813,0,stale,0.0,6,4,43,BLENDED,0,0,0,0,0,0,0.0,0.0
margin,live-delta,1,0.0,0.287055,0.576036,0.088348,0.917969,0.297881,0.447881,0.01674911379814148,0.42364421486854553,0.40689510107040405,2.028573751449585,7.60323429107666,0.3219088017940521,11,0,0,1,0,1,0,0.05155838280916214,0.0915776789188385,2,stale,0.0,6,5,17,CORRECT,0,0,0,0,0,0,0.0,0.0
margin,live-delta,1,0.0,0.287055,0.576036,0.088348,0.917969,0.297881,0.447881,0.044088125228881836,0.5367840528488159,0.4926959276199341,2.1902127265930176,8.937113761901855,0.31536397337913513,19,0,0,1,0,1,1,0.3918982148170471,0.044088125228881836,1,stale,0.0,6,6,24,CORRECT,0,0,0,0,0,0,0.0,0.0
margin,live-delta,1,0.0,0.287055,0.576036,0.088348,0.917969,0.297881,0.447881,0.017386168241500854,0.3785971999168396,0.36121103167533875,1.2669214010238647,3.5499069690704346,0.4269229769706726,4,0,1,0,1,0,1,0.5579146146774292,-0.017386168241500854,0,stale,0.0,6,7,61,BLENDED,0,0,0,0,0,0,0.0,0.0
margin,live-delta,1,0.0,0.287055,0.576036,0.088348,0.917969,0.297881,0.447881,0.08456525206565857,0.45839160680770874,0.37382635474205017,1.3520209789276123,3.8652291297912598,0.6008952260017395,7,0,1,0,1,0,1,0.8199478387832642,-0.10400882363319397,0,stale,0.0,6,8,52,BLENDED,0,0,0,0,0,0,0.0,0.0
margin,live-delta,1,0.0,0.287055,0.576036,0.088348,0.917969,0.297881,0.447881,0.004209160804748535,0.4691773056983948,0.46496814489364624,1.7563122510910034,5.791041851043701,0.3469943702220917,10,0,0,1,0,1,1,0.10216942429542542,0.08444088697433472,2,stale,0.0,6,9,29,CORRECT,0,0,0,0,0,0,0.0,0.0
margin,live-delta,1,0.0,0.287055,0.576036,0.088348,0.917969,0.297881,0.447881,0.14829879999160767,0.6366702318191528,0.48837143182754517,0.47343122959136963,1.6054935455322266,0.9019627571105957,11,0,0,1,0,1,0,0.06898095458745956,0.14829879999160767,2,stale,0.0,6,10,24,CORRECT,0,0,0,0,0,0,0.0,0.0
margin,live-delta,1,0.0,0.287055,0.576036,0.088348,0.917969,0.297881,0.447881,0.005578368902206421,0.29805994033813477,0.29248157143592834,-0.0,1.0,1.0,1,0,2,0,2,0,1,1.0,-0.005578368902206421,0,stale,0.0,6,11,72,BLENDED,0,0,0,0,0,0,0.0,0.0
margin,live-delta,1,0.0,0.287055,0.576036,0.088348,0.917969,0.297881,0.447881,0.016799569129943848,0.3495281934738159,0.33272862434387207,2.1400794982910156,8.500113487243652,0.19862449169158936,9,0,0,1,0,1,0,0.07792899757623672,0.04678088426589966,1,stale,0.0,6,12,13,CORRECT,0,0,0,0,0,0,0.0,0.0
margin,live-delta,1,0.0,0.287055,0.576036,0.088348,0.917969,0.297881,0.447881,0.039746373891830444,0.30318111181259155,0.2634347379207611,-0.0,1.0,1.0,1,0,0,1,0,1,0,0.0,0.08661071956157684,2,stale,0.0,6,13,26,CORRECT,0,0,0,0,0,0,0.0,0.0
margin,live-delta,1,0.0,0.287055,0.576036,0.088348,0.917969,0.297881,0.447881,0.09863480925559998,0.5681047439575195,0.46946993470191956,0.9045969843864441,2.470935821533203,0.7815375328063965,12,0,1,0,1,0,1,0.9857869148254395,-0.22248366475105286,0,stale,0.0,6,14,35,BLENDED,0,0,0,0,0,0,0.0,0.0
margin,live-delta,1,0.0,0.287055,0.576036,0.088348,0.917969,0.297881,0.447881,0.08912575244903564,0.4009496569633484,0.31182390451431274,0.9812764525413513,2.6678595542907715,0.6781187057495117,4,0,0,1,0,1,1,0.1140693798661232,0.08912575244903564,2,stale,0.0,6,15,19,CORRECT,0,0,0,0,0,0,0.0,0.0
margin,live-delta,1,0.0,0.287055,0.576036,0.088348,0.917969,0.297881,0.447881,0.016982465982437134,0.5011003613471985,0.48411789536476135,2.408212184906006,11.114073753356934,0.24180616438388824,20,0,0,1,1,0,1,0.617266833782196,0.016982465982437134,0,stale,0.0,6,16,24,BLENDED,0,0,0,0,0,0,0.0,0.0
margin,live-delta,1,0.0,0.287055,0.576036,0.088348,0.917969,0.297881,0.447881,0.12077388167381287,0.38686105608940125,0.2660871744155884,-0.0,1.0,1.0,1,0,0,1,0,1,0,0.0,0.13998815417289734,2,stale,0.0,6,17,15,CORRECT,0,0,0,0,0,0,0.0,0.0
margin,live-delta,1,0.0,0.287055,0.576036,0.088348,0.917969,0.297881,0.447881,0.05058789253234863,0.3627921938896179,0.3122043013572693,0.5798841118812561,1.7858314514160156,0.7333640456199646,2,0,0,1,0,1,0,0.0,0.07699248194694519,2,stale,0.0,6,18,7,CORRECT,0,0,0,0,0,0,0.0,0.0
margin,live-delta,1,0.0,0.287055,0.576036,0.088348,0.917969,0.297881,0.447881,0.24001169204711914,0.697227954864502,0.4572162628173828,0.22108611464500427,1.2474308013916016,0.966892659664154,16,0,0,1,0,1,0,0.009439514949917793,0.2588767409324646,2,stale,0.0,6,20,17,CORRECT,0,0,0,0,0,0,0.0,0.0
margin,live-delta,1,0.0,0.287055,0.576036,0.088348,0.917969,0.297881,0.447881,0.10926885902881622,0.34342271089553833,0.2341538518667221,-0.0,1.0,1.0,1,0,0,1,0,1,0,0.0,0.10926885902881622,2,stale,0.0,6,21,19,CORRECT,0,0,0,0,0,0,0.0,0.0
margin,live-delta,1,0.0,0.287055,0.576036,0.088348,0.917969,0.297881,0.447881,0.031585752964019775,0.32356977462768555,0.29198402166366577,-0.0,1.0,1.0,1,0,0,1,0,1,0,0.0,0.04690989851951599,1,stale,0.0,6,23,5,CORRECT,0,0,0,0,0,0,0.0,0.0
margin,live-delta,1,0.0,0.287055,0.576036,0.088348,0.917969,0.297881,0.447881,0.07864773273468018,0.5750564336776733,0.49640870094299316,1.3044854402542114,3.6857919692993164,0.6783879399299622,20,0,0,1,0,1,0,0.06715629994869232,0.13445734977722168,2,stale,0.0,6,24,17,CORRECT,0,0,0,0,0,0,0.0,0.0
margin,live-delta,1,0.0,0.287055,0.576036,0.088348,0.917969,0.297881,0.447881,0.04762154817581177,0.37726837396621704,0.3296468257904053,0.5914321541786194,1.8065738677978516,0.7216038107872009,2,0,0,1,0,1,0,0.0,0.11129796504974365,2,stale,0.0,6,25,26,CORRECT,0,0,0,0,0,0,0.0,0.0
margin,live-delta,1,0.0,0.287055,0.576036,0.088348,0.917969,0.297881,0.447881,0.05207479000091553,0.40230363607406616,0.35022884607315063,1.3633191585540771,3.909146785736084,0.4959365427494049,5,0,1,0,1,0,1,0.5597002506256104,-0.05207479000091553,0,stale,0.0,6,26,52,BLENDED,0,0,0,0,0,0,0.0,0.0
margin,live-delta,1,0.0,0.287055,0.576036,0.088348,0.917969,0.297881,0.447881,0.002972900867462158,0.44835323095321655,0.4453803300857544,2.5992910861968994,13.45419692993164,0.16555747389793396,20,0,0,1,0,1,1,0.1275685727596283,0.06983911991119385,2,stale,0.0,6,27,17,CORRECT,0,0,0,0,0,0,0.0,0.0
margin,live-delta,1,0.0,0.287055,0.576036,0.088348,0.917969,0.297881,0.447881,0.015471339225769043,0.32633835077285767,0.3108670115470886,0.6813207864761353,1.9764865636825562,0.576745331287384,2,0,1,0,1,0,1,0.576745331287384,-0.015471339225769043,0,stale,0.0,6,28,39,BLENDED,0,0,0,0,0,0,0.0,0.0
margin,live-delta,1,0.0,0.287055,0.576036,0.088348,0.917969,0.297881,0.447881,0.03304925560951233,0.33918243646621704,0.3061331808567047,0.6413787007331848,1.8990973234176636,0.6594816446304321,2,0,1,0,1,0,1,0.6594816446304321,-0.03304925560951233,0,stale,0.0,6,29,50,BLENDED,0,0,0,0,0,0,0.0,0.0
margin,live-delta,1,0.0,0.287055,0.576036,0.088348,0.917969,0.297881,0.447881,0.18138855695724487,0.5200752019882202,0.33868664503097534,0.5969874262809753,1.8166377544403076,0.8837448954582214,9,0,0,1,0,1,0,0.01219126582145691,0.21417245268821716,2,stale,0.0,6,30,17,CORRECT,0,0,0,0,0,0,0.0,0.0
margin,live-delta,1,0.0,0.287055,0.576036,0.088348,0.917969,0.297881,0.447881,0.027149081230163574,0.46322065591812134,0.43607157468795776,1.7652288675308228,5.842909336090088,0.3795032799243927,10,0,0,1,0,1,1,0.34394803643226624,0.027149081230163574,1,stale,0.0,6,31,24,CORRECT,0,0,0,0,0,0,0.0,0.0
margin,live-delta,1,0.0,0.287055,0.576036,0.088348,0.917969,0.297881,0.447881,0.2848507761955261,0.7049044370651245,0.4200536608695984,0.08263266831636429,1.0861427783966064,0.9884241223335266,8,0,0,1,0,1,0,0.0008257394656538963,0.35437941551208496,2,stale,0.0,6,32,2,CORRECT,0,0,0,0,0,0,0.0,0.0
margin,live-delta,1,0.0,0.287055,0.576036,0.088348,0.917969,0.297881,0.447881,0.06312143802642822,0.3594024181365967,0.29628098011016846,-0.0,1.0,1.0,1,0,0,1,0,1,0,0.0,0.08312207460403442,2,stale,0.0,6,33,8,CORRECT,0,0,0,0,0,0,0.0,0.0
margin,live-delta,1,0.0,0.287055,0.576036,0.088348,0.917969,0.297881,0.447881,0.027742385864257812,0.32225531339645386,0.29451292753219604,-0.0,1.0,1.0,1,0,0,1,0,1,0,0.0,0.07282248139381409,2,stale,0.0,6,34,21,CORRECT,0,0,0,0,0,0,0.0,0.0
margin,live-delta,1,0.0,0.287055,0.576036,0.088348,0.917969,0.297881,0.447881,0.06539866328239441,0.5084764957427979,0.44307783246040344,2.149783134460449,8.58299732208252,0.41473567485809326,18,0,0,1,0,1,0,0.05584228038787842,0.1497911810874939,2,stale,0.0,6,35,2,CORRECT,0,0,0,0,0,0,0.0,0.0
margin,live-delta,1,0.0,0.287055,0.576036,0.088348,0.917969,0.297881,0.447881,0.051814109086990356,0.33738306164741516,0.2855689525604248,-0.0,1.0,1.0,1,0,1,0,1,0,1,1.0,-0.051814109086990356,0,stale,0.0,6,36,44,BLENDED,0,0,0,0,0,0,0.0,0.0
margin,live-delta,1,0.0,0.287055,0.576036,0.088348,0.917969,0.297881,0.447881,0.07707512378692627,0.5940665006637573,0.516991376876831,0.9119285941123962,2.4891183376312256,0.7446462512016296,10,0,1,0,1,0,1,0.8028116822242737,-0.07707512378692627,0,stale,0.0,6,37,54,BLENDED,0,0,0,0,0,0,0.0,0.0
margin,live-delta,1,0.0,0.287055,0.576036,0.088348,0.917969,0.297881,0.447881,0.014270961284637451,0.5052318572998047,0.49096089601516724,2.300692081451416,9.981087684631348,0.2510094940662384,20,0,1,0,0,1,1,0.3934592008590698,-0.014270961284637451,0,stale,0.0,6,38,38,CORRECT,0,0,0,0,0,0,0.0,0.0
margin,live-delta,1,0.0,0.287055,0.576036,0.088348,0.917969,0.297881,0.447881,0.014461219310760498,0.36777839064598083,0.35331717133522034,0.6827991008758545,1.9794105291366577,0.5718063116073608,2,0,0,1,0,1,0,0.0,0.08107396960258484,2,stale,0.0,6,39,3,CORRECT,0,0,0,0,0,0,0.0,0.0
margin,live-delta,1,0.0,0.287055,0.576036,0.088348,0.917969,0.297881,0.447881,0.05741870403289795,0.47338902950286865,0.4159703254699707,2.255122423171997,9.536460876464844,0.36880168318748474,18,0,0,1,0,1,1,0.2910546660423279,0.05741870403289795,2,stale,0.0,6,40,2,CORRECT,0,0,0,0,0,0,0.0,0.0
margin,live-delta,1,0.0,0.287055,0.576036,0.088348,0.917969,0.297881,0.447881,0.039655596017837524,0.4543263018131256,0.4146707057952881,2.3226935863494873,10.203120231628418,0.30083978176116943,15,0,1,0,1,0,1,0.8953903317451477,-0.08841025829315186,0,stale,0.0,6,41,44,BLENDED,0,0,0,0,0,0,0.0,0.0
margin,live-delta,1,0.0,0.287055,0.576036,0.088348,0.917969,0.297881,0.447881,0.03037029504776001,0.3053737282752991,0.27500343322753906,-0.0,1.0,1.0,1,0,0,1,0,1,0,0.0,0.039067089557647705,1,stale,0.0,6,42,26,CORRECT,0,0,0,0,0,0,0.0,0.0
margin,live-delta,1,0.0,0.287055,0.576036,0.088348,0.917969,0.297881,0.447881,0.007962405681610107,0.3059803247451782,0.2980179190635681,0.6899871826171875,1.993690013885498,0.5397281646728516,2,0,0,1,0,1,0,0.0,0.15175437927246094,2,stale,0.0,6,43,14,CORRECT,0,0,0,0,0,0,0.0,0.0
margin,live-delta,1,0.0,0.287055,0.576036,0.088348,0.917969,0.297881,0.447881,0.07625147700309753,0.4363560974597931,0.36010462045669556,1.3425012826919556,3.8286080360412598,0.5769670605659485,6,0,0,1,0,1,0,0.06450887769460678,0.1095491349697113,2,stale,0.0,6,44,20,CORRECT,0,0,0,0,0,0,0.0,0.0
margin,live-delta,1,0.0,0.287055,0.576036,0.088348,0.917969,0.297881,0.447881,0.15382620692253113,0.6251209378242493,0.47129473090171814,0.7108957171440125,2.035814046859741,0.8607778549194336,18,0,1,0,1,0,1,0.934136688709259,-0.15382620692253113,0,stale,0.0,6,46,61,BLENDED,0,0,0,0,0,0,0.0,0.0
margin,live-delta,1,0.0,0.287055,0.576036,0.088348,0.917969,0.297881,0.447881,0.018756568431854248,0.5020971894264221,0.48334062099456787,1.4544872045516968,4.282287120819092,0.4778688848018646,11,0,0,1,0,1,0,0.019838200882077217,0.15908634662628174,2,stale,0.0,6,47,21,CORRECT,0,0,0,0,0,0,0.0,0.0
margin,live-delta,1,0.0,0.287055,0.576036,0.088348,0.917969,0.297881,0.447881,0.03281363844871521,0.46319881081581116,0.43038517236709595,1.3537354469299316,3.871861696243286,0.4942174553871155,6,0,0,1,0,1,0,0.0,0.20571187138557434,2,stale,0.0,6,48,21,CORRECT,0,0,0,0,0,0,0.0,0.0
margin,live-delta,1,0.0,0.287055,0.576036,0.088348,0.917969,0.297881,0.447881,0.11248421669006348,0.5731854438781738,0.46070122718811035,0.5173518061637878,1.6775791645050049,0.8678483963012695,6,0,1,0,1,0,1,0.8807479739189148,-0.11248421669006348,0,stale,0.0,6,49,52,BLENDED,0,0,0,0,0,0,0.0,0.0
margin,live-delta,1,0.0,0.287055,0.576036,0.088348,0.917969,0.297881,0.447881,0.07074281573295593,0.3467070162296295,0.2759642004966736,-0.0,1.0,1.0,1,0,0,1,0,1,0,0.0,0.11189362406730652,2,stale,0.0,6,51,3,CORRECT,0,0,0,0,0,0,0.0,0.0
margin,live-delta,1,0.0,0.287055,0.576036,0.088348,0.917969,0.297881,0.447881,0.011517971754074097,0.4511723518371582,0.4396543800830841,2.304672956466675,10.02090072631836,0.22426442801952362,16,0,0,1,0,1,0,0.029390303418040276,0.13149303197860718,2,stale,0.0,6,52,2,CORRECT,0,0,0,0,0,0,0.0,0.0
margin,live-delta,1,0.0,0.287055,0.576036,0.088348,0.917969,0.297881,0.447881,0.14629903435707092,0.6028329730033875,0.45653393864631653,0.9462659358978271,2.5760724544525146,0.8161998987197876,20,0,0,1,0,1,0,0.08988363295793533,0.14629903435707092,2,stale,0.0,6,54,2,CORRECT,0,0,0,0,0,0,0.0,0.0
margin,live-delta,1,0.0,0.287055,0.576036,0.088348,0.917969,0.297881,0.447881,0.06897953152656555,0.37228965759277344,0.3033101260662079,0.8622938394546509,2.3685877323150635,0.6703783869743347,3,0,0,1,0,1,1,0.16089977324008942,0.071353018283844,2,stale,0.0,6,55,15,CORRECT,0,0,0,0,0,0,0.0,0.0
margin,live-delta,1,0.0,0.287055,0.576036,0.088348,0.917969,0.297881,0.447881,0.06793481111526489,0.5061884522438049,0.43825364112854004,2.0199623107910156,7.538040637969971,0.44144684076309204,17,0,0,1,0,1,0,0.06487788259983063,0.146622896194458,2,stale,0.0,6,56,17,CORRECT,0,0,0,0,0,0,0.0,0.0
margin,live-delta,1,0.0,0.287055,0.576036,0.088348,0.917969,0.297881,0.447881,0.04630231857299805,0.5316430330276489,0.4853407144546509,1.356785535812378,3.8836891651153564,0.5680913925170898,11,0,1,0,1,0,1,0.9845799803733826,-0.20962217450141907,0,stale,0.0,6,57,36,BLENDED,0,0,0,0,0,0,0.0,0.0
margin,live-delta,1,0.0,0.287055,0.576036,0.088348,0.917969,0.297881,0.447881,0.021666288375854492,0.5414921045303345,0.51982581615448,1.9500799179077148,7.02924919128418,0.4008291959762573,20,0,0,1,0,1,1,0.15675616264343262,0.09511896967887878,2,stale,0.0,6,58,24,CORRECT,0,0,0,0,0,0,0.0,0.0
margin,live-delta,1,0.0,0.287055,0.576036,0.088348,0.917969,0.297881,0.447881,0.032430291175842285,0.4432842433452606,0.41085395216941833,1.6282018423080444,5.094705581665039,0.40581703186035156,8,0,0,1,0,1,0,0.03915528580546379,0.11691835522651672,2,stale,0.0,6,59,30,CORRECT,0,0,0,0,0,0,0.0,0.0
margin,live-delta,1,0.0,0.287055,0.576036,0.088348,0.917969,0.297881,0.447881,0.06810936331748962,0.34254106879234314,0.2744317054748535,-0.0,1.0,1.0,1,0,0,1,0,1,0,0.0,0.06810936331748962,2,stale,0.0,6,60,26,CORRECT,0,0,0,0,0,0,0.0,0.0
margin,live-delta,1,0.0,0.287055,0.576036,0.088348,0.917969,0.297881,0.447881,0.024371206760406494,0.3937024772167206,0.3693312704563141,2.6985626220703125,14.858359336853027,0.15555621683597565,17,0,0,1,0,1,1,0.2518754303455353,0.036554932594299316,1,stale,0.0,6,61,17,CORRECT,0,0,0,0,0,0,0.0,0.0
margin,live-delta,1,0.0,0.287055,0.576036,0.088348,0.917969,0.297881,0.447881,0.030297040939331055,0.5292019248008728,0.49890488386154175,1.8758102655410767,6.526104927062988,0.40536120533943176,20,0,0,1,0,1,1,0.30239832401275635,0.030297040939331055,1,stale,0.0,6,62,17,CORRECT,0,0,0,0,0,0,0.0,0.0
margin,live-delta,1,0.0,0.287055,0.576036,0.088348,0.917969,0.297881,0.447881,0.1494896113872528,0.5652795433998108,0.415789932012558,0.9547256231307983,2.5979576110839844,0.8094110488891602,17,0,0,1,0,1,0,0.02648625709116459,0.19215190410614014,2,stale,0.0,6,63,17,CORRECT,0,0,0,0,0,0,0.0,0.0
margin,live-delta,1,0.0,0.287055,0.576036,0.088348,0.917969,0.297881,0.447881,0.04837492108345032,0.5429256558418274,0.4945507347583771,2.188631296157837,8.922991752624512,0.32977283000946045,18,1,1,1,1,1,0,0.0038453734014183283,0.22257667779922485,2,stale,0.0,6,64,49,CORRECT,0,0,0,0,0,0,0.0,0.0
margin,live-delta,1,0.0,0.287055,0.576036,0.088348,0.917969,0.297881,0.447881,0.0578310489654541,0.6803346872329712,0.6225036382675171,1.7446106672286987,5.723672389984131,0.4974486529827118,20,1,1,1,1,1,0,0.011930507607758045,0.2098725438117981,2,stale,0.0,6,65,49,CORRECT,0,0,0,0,0,0,0.0,0.0
margin,live-delta,1,0.0,0.287055,0.576036,0.088348,0.917969,0.297881,0.447881,0.07482990622520447,0.44970446825027466,0.3748745620250702,0.7568176984786987,2.1314823627471924,0.7336860299110413,3,1,0,0,0,0,1,0.7336860299110413,-0.07482990622520447,0,stale,0.0,6,66,8,BLENDED,0,0,0,0,0,0,0.0,0.0
margin,live-delta,1,0.0,0.287055,0.576036,0.088348,0.917969,0.297881,0.447881,0.05244165658950806,0.4750416874885559,0.42260003089904785,1.4522373676300049,4.272663593292236,0.5444266200065613,9,1,1,1,1,1,0,0.03104308806359768,0.14321786165237427,2,stale,0.0,6,67,37,CORRECT,0,0,0,0,0,0,0.0,0.0
margin,live-delta,1,0.0,0.287055,0.576036,0.088348,0.917969,0.297881,0.447881,0.012731552124023438,0.6514356136322021,0.6387040615081787,1.5806671380996704,4.858195781707764,0.3464452028274536,20,1,1,1,1,1,0,0.00041275727562606335,0.33663100004196167,2,stale,0.0,6,68,55,CORRECT,0,0,0,0,0,0,0.0,0.0
margin,live-delta,1,0.0,0.287055,0.576036,0.088348,0.917969,0.297881,0.447881,0.09354740381240845,0.673875093460083,0.5803276896476746,0.9688009023666382,2.6347832679748535,0.7579153180122375,18,1,1,1,1,1,0,0.014344105497002602,0.2282102108001709,2,stale,0.0,6,69,41,CORRECT,0,0,0,0,0,0,0.0,0.0
margin,live-delta,1,0.0,0.287055,0.576036,0.088348,0.917969,0.297881,0.447881,0.01679331064224243,0.36933302879333496,0.35253971815109253,1.3346672058105469,3.798731565475464,0.366317480802536,4,1,1,1,1,1,0,0.0,0.11301720142364502,2,stale,0.0,6,70,37,CORRECT,0,0,0,0,0,0,0.0,0.0
margin,live-delta,1,0.0,0.287055,0.576036,0.088348,0.917969,0.297881,0.447881,0.014739274978637695,0.6308947801589966,0.6161555051803589,1.4984663724899292,4.474821090698242,0.39121782779693604,19,1,0,0,1,1,1,0.42831695079803467,-0.014739274978637695,0,stale,0.0,6,71,24,CORRECT,0,0,0,0,0,0,0.0,0.0
margin,live-delta,1,0.0,0.287055,0.576036,0.088348,0.917969,0.297881,0.447881,0.024615049362182617,0.7187014818191528,0.6940864324569702,1.0595003366470337,2.8849291801452637,0.570257842540741,20,1,1,1,1,1,0,0.03537711501121521,0.15931344032287598,2,stale,0.0,6,72,51,CORRECT,0,0,0,0,0,0,0.0,0.0
margin,live-delta,1,0.0,0.287055,0.576036,0.088348,0.917969,0.297881,0.447881,0.05615776777267456,0.6409323215484619,0.5847745537757874,1.8768869638442993,6.533135414123535,0.414035439491272,20,1,1,1,1,1,0,0.021877944469451904,0.18032974004745483,2,stale,0.0,6,73,41,CORRECT,0,0,0,0,0,0,0.0,0.0
margin,live-delta,1,0.0,0.287055,0.576036,0.088348,0.917969,0.297881,0.447881,0.13656732439994812,0.5914551019668579,0.4548877775669098,0.7425822019577026,2.1013545989990234,0.834368884563446,11,1,1,1,1,1,0,0.09041662514209747,0.15459880232810974,2,stale,0.0,6,74,34,CORRECT,0,0,0,0,0,0,0.0,0.0
margin,live-delta,1,0.0,0.287055,0.576036,0.088348,0.917969,0.297881,0.447881,0.09804314374923706,0.6537768840789795,0.5557337403297424,1.78684663772583,5.970595359802246,0.5602211952209473,20,1,1,1,1,1,0,0.001474394230172038,0.29700422286987305,2,stale,0.0,6,75,49,CORRECT,0,0,0,0,0,0,0.0,0.0
margin,live-delta,1,0.0,0.287055,0.576036,0.088348,0.917969,0.297881,0.447881,0.07732564210891724,0.6243658065795898,0.5470401644706726,1.450783133506775,4.266454696655273,0.6058598160743713,20,1,1,1,1,1,0,0.012614335864782333,0.2234358787536621,2,stale,0.0,6,76,58,CORRECT,0,0,0,0,0,0,0.0,0.0
margin,live-delta,1,0.0,0.287055,0.576036,0.088348,0.917969,0.297881,0.447881,0.004162102937698364,0.4389645755290985,0.43480247259140015,1.5105057954788208,4.5290207862854,0.32044848799705505,6,1,1,1,1,1,1,0.1918056458234787,0.025661945343017578,1,stale,0.0,6,77,38,CORRECT,0,0,0,0,0,0,0.0,0.0
margin,live-delta,1,0.0,0.287055,0.576036,0.088348,0.917969,0.297881,0.447881,0.2178201973438263,0.5824568271636963,0.36463662981987,0.27571970224380493,1.3174785375595093,0.9515014290809631,7,1,1,1,1,1,0,0.007169641554355621,0.24440926313400269,2,stale,0.0,6,78,37,CORRECT,0,0,0,0,0,0,0.0,0.0
margin,live-delta,1,0.0,0.287055,0.576036,0.088348,0.917969,0.297881,0.447881,0.00254899263381958,0.5849636793136597,0.5824146866798401,2.090261459350586,8.087029457092285,0.21739733219146729,20,1,1,1,1,1,0,0.013645839877426624,0.15678945183753967,2,stale,0.0,6,79,48,CORRECT,0,0,0,0,0,0,0.0,0.0
margin,live-delta,1,0.0,0.287055,0.576036,0.088348,0.917969,0.297881,0.447881,0.002153635025024414,0.5883429050445557,0.5861892700195312,2.3287007808685303,10.264596939086914,0.213507741689682,20,1,1,1,1,1,0,0.004190461710095406,0.21522527933120728,2,stale,0.0,6,80,48,CORRECT,0,0,0,0,0,0,0.0,0.0
margin,live-delta,1,0.0,0.287055,0.576036,0.088348,0.917969,0.297881,0.447881,0.1268346905708313,0.623031497001648,0.49619680643081665,1.0140678882598877,2.7567925453186035,0.7793291211128235,18,1,1,1,1,1,0,0.02206771820783615,0.1863071620464325,2,stale,0.0,6,81,49,CORRECT,0,0,0,0,0,0,0.0,0.0
margin,live-delta,1,0.0,0.287055,0.576036,0.088348,0.917969,0.297881,0.447881,0.009584277868270874,0.46435844898223877,0.4547741711139679,2.1480844020843506,8.568428993225098,0.24078631401062012,13,1,1,1,1,1,1,0.12903724610805511,0.07170343399047852,2,stale,0.0,6,82,53,CORRECT,0,0,0,0,0,0,0.0,0.0
margin,live-delta,1,0.0,0.287055,0.576036,0.088348,0.917969,0.297881,0.447881,0.13681194186210632,0.6299456357955933,0.49313369393348694,1.0568393468856812,2.877262592315674,0.7680824398994446,18,1,1,1,1,1,1,0.10704895108938217,0.13681194186210632,2,stale,0.0,6,83,38,CORRECT,0,0,0,0,0,0,0.0,0.0
margin,live-delta,1,0.0,0.287055,0.576036,0.088348,0.917969,0.297881,0.447881,0.03274679183959961,0.5804134607315063,0.5476666688919067,2.046370029449463,7.739755153656006,0.364693820476532,17,1,1,1,1,1,0,0.0,0.35087868571281433,2,stale,0.0,6,84,44,CORRECT,0,0,0,0,0,0,0.0,0.0
margin,live-delta,1,0.0,0.287055,0.576036,0.088348,0.917969,0.297881,0.447881,0.024288594722747803,0.7276468276977539,0.7033582329750061,1.8550394773483276,6.391950607299805,0.3497331440448761,20,1,1,1,1,1,0,0.0,0.399070143699646,2,stale,0.0,6,85,48,CORRECT,0,0,0,0,0,0,0.0,0.0
margin,live-delta,1,0.0,0.287055,0.576036,0.088348,0.917969,0.297881,0.447881,0.027054309844970703,0.5935630798339844,0.5665087699890137,2.296576738357544,9.940096855163574,0.2786312401294708,20,1,1,1,1,1,0,0.0012756222859025002,0.2693227529525757,2,stale,0.0,6,86,43,CORRECT,0,0,0,0,0,0,0.0,0.0
margin,live-delta,1,0.0,0.287055,0.576036,0.088348,0.917969,0.297881,0.447881,0.00391995906829834,0.381297767162323,0.37737780809402466,1.0020332336425781,2.7238142490386963,0.44609197974205017,3,1,0,0,1,1,1,0.44609197974205017,-0.00391995906829834,0,stale,0.0,6,87,20,CORRECT,0,0,0,0,0,0,0.0,0.0
margin,live-delta,1,0.0,0.287055,0.576036,0.088348,0.917969,0.297881,0.447881,0.08866894245147705,0.6758197546005249,0.5871508121490479,0.7881636023521423,2.1993539333343506,0.7749812602996826,12,1,1,1,1,1,0,0.0010760871227830648,0.3579227328300476,2,stale,0.0,6,88,45,CORRECT,0,0,0,0,0,0,0.0,0.0
margin,live-delta,1,0.0,0.287055,0.576036,0.088348,0.917969,0.297881,0.447881,0.02692621946334839,0.7672025561332703,0.7402763366699219,1.1071691513061523,3.02578067779541,0.5340228080749512,16,1,0,0,0,0,1,0.8456830978393555,-0.07573270797729492,0,stale,0.0,6,89,31,BLENDED,0,0,0,0,0,0,0.0,0.0
margin,live-delta,1,0.0,0.287055,0.576036,0.088348,0.917969,0.297881,0.447881,0.34611284732818604,0.9362046718597412,0.5900918245315552,0.014456909149885178,1.0145618915557861,0.9983508586883545,16,1,1,1,1,1,0,9.719164518173784e-05,0.5132040977478027,2,stale,0.0,6,90,38,CORRECT,0,0,0,0,0,0,0.0,0.0
margin,live-delta,1,0.0,0.287055,0.576036,0.088348,0.917969,0.297881,0.447881,0.07226181030273438,0.5792669057846069,0.5070050954818726,1.9289205074310303,6.882077217102051,0.48262882232666016,20,1,1,1,1,1,0,0.019238080829381943,0.20020031929016113,2,stale,0.0,6,91,54,CORRECT,0,0,0,0,0,0,0.0,0.0
margin,live-delta,1,0.0,0.287055,0.576036,0.088348,0.917969,0.297881,0.447881,0.031079202890396118,0.41078686714172363,0.3797076642513275,0.9069941639900208,2.4768662452697754,0.5857169032096863,3,1,1,1,1,1,0,0.09969857335090637,0.08853426575660706,2,stale,0.0,6,92,60,CORRECT,0,0,0,0,0,0,0.0,0.0
margin,live-delta,1,0.0,0.287055,0.576036,0.088348,0.917969,0.297881,0.447881,0.10733836889266968,0.764479398727417,0.6571410298347473,0.8894888162612915,2.433885097503662,0.7707727551460266,16,1,1,1,1,1,0,0.0,0.5251755714416504,2,stale,0.0,6,93,35,CORRECT,0,0,0,0,0,0,0.0,0.0
margin,live-delta,1,0.0,0.287055,0.576036,0.088348,0.917969,0.297881,0.447881,0.01648038625717163,0.5139942765235901,0.49751389026641846,2.664717674255371,14.363893508911133,0.20356102287769318,20,1,1,1,1,1,0,0.0436566136777401,0.10119685530662537,2,stale,0.0,6,94,51,CORRECT,0,0,0,0,0,0,0.0,0.0
margin,live-delta,1,0.0,0.287055,0.576036,0.088348,0.917969,0.297881,0.447881,0.01819002628326416,0.6271648406982422,0.608974814414978,1.7878310680389404,5.976475715637207,0.3302869498729706,20,1,1,1,1,1,0,0.02196965366601944,0.16906660795211792,2,stale,0.0,6,95,58,CORRECT,0,0,0,0,0,0,0.0,0.0
margin,live-delta,1,0.0,0.287055,0.576036,0.088348,0.917969,0.297881,0.447881,0.11423242092132568,0.8080053329467773,0.6937729120254517,0.8114694356918335,2.251213550567627,0.8140324950218201,20,1,1,1,1,1,0,0.0,0.5019088387489319,2,stale,0.0,6,96,35,CORRECT,0,0,0,0,0,0,0.0,0.0
margin,live-delta,1,0.0,0.287055,0.576036,0.088348,0.917969,0.297881,0.447881,0.05946579575538635,0.3648052513599396,0.3053394556045532,0.5433298349380493,1.721730351448059,0.7666186690330505,2,1,1,1,1,1,1,0.23338131606578827,0.05946579575538635,2,stale,0.0,6,97,60,CORRECT,0,0,0,0,0,0,0.0,0.0
margin,live-delta,1,0.0,0.287055,0.576036,0.088348,0.917969,0.297881,0.447881,0.010035574436187744,0.6971126794815063,0.6870771050453186,1.7807143926620483,5.934094429016113,0.2926981449127197,20,1,1,1,1,1,0,0.0,0.3806838095188141,2,stale,0.0,6,98,44,CORRECT,0,0,0,0,0,0,0.0,0.0
margin,live-delta,1,0.0,0.287055,0.576036,0.088348,0.917969,0.297881,0.447881,0.01874375343322754,0.5285130143165588,0.5097692608833313,1.3110980987548828,3.7102456092834473,0.4704299867153168,9,1,1,1,1,1,0,0.00580961350351572,0.21970665454864502,2,stale,0.0,6,99,36,CORRECT,0,0,0,0,0,0,0.0,0.0
margin,live-delta,1,0.0,0.287055,0.576036,0.088348,0.917969,0.297881,0.447881,0.07248339056968689,0.5363495945930481,0.4638662040233612,1.6838213205337524,5.386098861694336,0.5563141703605652,17,1,1,1,1,1,0,0.006689152680337429,0.22104230523109436,2,stale,0.0,6,100,48,CORRECT,0,0,0,0,0,0,0.0,0.0
margin,live-delta,1,0.0,0.287055,0.576036,0.088348,0.917969,0.297881,0.447881,0.007860839366912842,0.6223558783531189,0.614495038986206,2.175159215927124,8.803586959838867,0.21601088345050812,20,1,1,1,1,1,0,0.008824124000966549,0.18231672048568726,2,stale,0.0,6,101,58,CORRECT,0,0,0,0,0,0,0.0,0.0
margin,live-delta,1,0.0,0.287055,0.576036,0.088348,0.917969,0.297881,0.447881,0.11691057682037354,0.8418571949005127,0.7249466180801392,0.6194812655448914,1.857964038848877,0.8579918146133423,20,1,1,1,1,1,0,0.0,0.5691530704498291,2,stale,0.0,6,102,35,CORRECT,0,0,0,0,0,0,0.0,0.0
margin,live-delta,1,0.0,0.287055,0.576036,0.088348,0.917969,0.297881,0.447881,0.05623912811279297,0.7818701267242432,0.7256309986114502,1.1362615823745728,3.1151010990142822,0.6564337015151978,20,1,1,1,1,1,0,4.3033960537286475e-05,0.4816293716430664,2,stale,0.0,6,103,35,CORRECT,0,0,0,0,0,0,0.0,0.0
margin,live-delta,1,0.0,0.287055,0.576036,0.088348,0.917969,0.297881,0.447881,0.09437793493270874,0.7348703742027283,0.6404924392700195,1.0301930904388428,2.8016066551208496,0.7302265763282776,18,1,1,1,1,1,0,0.0,0.5042364597320557,2,stale,0.0,6,104,62,CORRECT,0,0,0,0,0,0,0.0,0.0
margin,live-delta,1,0.0,0.287055,0.576036,0.088348,0.917969,0.297881,0.447881,0.056365251541137695,0.693533182144165,0.6371679306030273,1.5453039407730103,4.689396858215332,0.5123236179351807,20,1,1,1,1,1,0,0.0002471242914907634,0.3818410038948059,2,stale,0.0,6,105,35,CORRECT,0,0,0,0,0,0,0.0,0.0
margin,live-delta,1,0.0,0.287055,0.576036,0.088348,0.917969,0.297881,0.447881,0.12120801210403442,0.7400966286659241,0.6188886165618896,0.690677285194397,1.9950662851333618,0.8498691320419312,17,1,1,1,1,1,0,0.0,0.4675822854042053,2,stale,0.0,6,106,35,CORRECT,0,0,0,0,0,0,0.0,0.0
margin,live-delta,1,0.0,0.287055,0.576036,0.088348,0.917969,0.297881,0.447881,0.016118526458740234,0.5859113931655884,0.5697928667068481,2.126347541809082,8.384187698364258,0.3151897192001343,20,1,1,1,1,1,0,0.0024993850383907557,0.24185651540756226,2,stale,0.0,6,107,45,CORRECT,0,0,0,0,0,0,0.0,0.0
margin,live-delta,1,0.0,0.287055,0.576036,0.088348,0.917969,0.297881,0.447881,0.017119288444519043,0.4537702202796936,0.43665093183517456,0.9869199991226196,2.6829581260681152,0.5309136509895325,4,1,1,1,1,1,0,0.09209804236888885,0.11738362908363342,2,stale,0.0,6,108,39,CORRECT,0,0,0,0,0,0,0.0,0.0
margin,live-delta,1,0.0,0.287055,0.576036,0.088348,0.917969,0.297881,0.447881,0.02263900637626648,0.4125114977359772,0.3898724913597107,2.1320180892944336,8.431865692138672,0.2864285409450531,11,1,1,1,1,1,0,0.0,0.13866844773292542,2,stale,0.0,6,109,51,CORRECT,0,0,0,0,0,0,0.0,0.0
margin,live-delta,1,0.0,0.287055,0.576036,0.088348,0.917969,0.297881,0.447881,0.03018951416015625,0.5871216654777527,0.5569321513175964,2.4558796882629395,11.656682968139648,0.2351093888282776,20,1,1,1,1,1,0,0.012890554964542389,0.17510518431663513,2,stale,0.0,6,110,34,CORRECT,0,0,0,0,0,0,0.0,0.0
margin,live-delta,1,0.0,0.287055,0.576036,0.088348,0.917969,0.297881,0.447881,0.008567750453948975,0.7654634714126587,0.7568957209587097,1.1177282333374023,3.0578994750976562,0.48459333181381226,20,1,1,1,1,1,0,0.023714115843176842,0.1714400053024292,2,stale,0.0,6,111,58,CORRECT,0,0,0,0,0,0,0.0,0.0
margin,live-delta,1,0.0,0.287055,0.576036,0.088348,0.917969,0.297881,0.447881,0.060206472873687744,0.7512066960334778,0.69100022315979,1.2067828178405762,3.3427131175994873,0.6480710506439209,20,1,1,1,1,1,0,0.005936381407082081,0.24918127059936523,2,stale,0.0,6,112,51,CORRECT,0,0,0,0,0,0,0.0,0.0
margin,live-delta,1,0.0,0.287055,0.576036,0.088348,0.917969,0.297881,0.447881,0.07162243127822876,0.36166900396347046,0.2900465726852417,-0.0,1.0,1.0,1,1,1,1,1,1,0,0.0,0.07162243127822876,2,stale,0.0,6,113,38,CORRECT,0,0,0,0,0,0,0.0,0.0
margin,live-delta,1,0.0,0.287055,0.576036,0.088348,0.917969,0.297881,0.447881,0.005623340606689453,0.584922194480896,0.5792988538742065,2.0654523372650146,7.8888654708862305,0.25149863958358765,17,1,1,1,1,1,0,0.0,0.38961493968963623,2,stale,0.0,6,114,44,CORRECT,0,0,0,0,0,0,0.0,0.0
margin,live-delta,1,0.0,0.287055,0.576036,0.088348,0.917969,0.297881,0.447881,0.03806394338607788,0.7111191749572754,0.6730552315711975,1.6303398609161377,5.105609893798828,0.4417669177055359,20,1,1,1,1,1,0,0.0009086588397622108,0.32796382904052734,2,stale,0.0,6,115,35,CORRECT,0,0,0,0,0,0,0.0,0.0
margin,live-delta,1,0.0,0.287055,0.576036,0.088348,0.917969,0.297881,0.447881,0.00668671727180481,0.40673741698265076,0.40005069971084595,2.0148143768310547,7.499335289001465,0.20479992032051086,9,1,0,0,0,0,1,0.6419104337692261,-0.00668671727180481,0,stale,0.0,6,116,4,BLENDED,0,0,0,0,0,0,0.0,0.0
margin,live-delta,1,0.0,0.287055,0.576036,0.088348,0.917969,0.297881,0.447881,0.030077993869781494,0.3963007926940918,0.3662227988243103,0.8820769190788269,2.41591215133667,0.5923567414283752,3,1,1,1,1,1,0,0.0,0.12943902611732483,2,stale,0.0,6,117,50,CORRECT,0,0,0,0,0,0,0.0,0.0
margin,live-delta,1,0.0,0.287055,0.576036,0.088348,0.917969,0.297881,0.447881,0.04059028625488281,0.6312181949615479,0.590627908706665,1.7536301612854004,5.775530815124512,0.4911603331565857,20,1,1,1,1,1,0,0.03495302423834801,0.16091442108154297,2,stale,0.0,6,118,51,CORRECT,0,0,0,0,0,0,0.0,0.0
margin,live-delta,1,0.0,0.287055,0.576036,0.088348,0.917969,0.297881,0.447881,0.21062010526657104,0.8552870154380798,0.6446669101715088,0.1421036571264267,1.152696132659912,0.9766913056373596,19,1,1,1,1,1,0,0.0,0.5921776294708252,2,stale,0.0,6,119,35,CORRECT,0,0,0,0,0,0,0.0,0.0
margin,live-delta,1,0.0,0.287055,0.576036,0.088348,0.917969,0.297881,0.447881,0.012780368328094482,0.6218248605728149,0.6090444922447205,1.7377376556396484,5.684468746185303,0.2893918454647064,10,1,1,1,1,1,0,0.0,0.38568252325057983,2,stale,0.0,6,120,40,CORRECT,0,0,0,0,0,0,0.0,0.0
margin,live-delta,1,0.0,0.287055,0.576036,0.088348,0.917969,0.297881,0.447881,0.06796568632125854,0.6766427159309387,0.6086770296096802,1.0656622648239136,2.9027607440948486,0.6935345530509949,19,1,1,1,1,1,0,0.0037019550800323486,0.28373271226882935,2,stale,0.0,6,121,58,CORRECT,0,0,0,0,0,0,0.0,0.0
margin,live-delta,1,0.0,0.287055,0.576036,0.088348,0.917969,0.297881,0.447881,0.0037984251976013184,0.7003782391548157,0.6965798139572144,1.883226752281189,6.574685573577881,0.2568148970603943,19,1,1,1,1,1,0,9.54148854361847e-05,0.3948938250541687,2,stale,0.0,6,122,44,CORRECT,0,0,0,0,0,0,0.0,0.0
margin,live-delta,1,0.0,0.287055,0.576036,0.088348,0.917969,0.297881,0.447881,0.010840415954589844,0.5973057746887207,0.5864653587341309,1.371476411819458,3.9411652088165283,0.3821541368961334,13,1,1,1,1,1,0,0.006937805097550154,0.2247844636440277,2,stale,0.0,6,123,37,CORRECT,0,0,0,0,0,0,0.0,0.0
margin,live-delta,1,0.0,0.287055,0.576036,0.088348,0.917969,0.297881,0.447881,0.008288145065307617,0.6649891138076782,0.6567009687423706,1.8874399662017822,6.602444648742676,0.33128395676612854,20,1,1,1,1,1,0,0.0,0.3462510406970978,2,stale,0.0,6,124,44,CORRECT,0,0,0,0,0,0,0.0,0.0
margin,live-delta,1,0.0,0.287055,0.576036,0.088348,0.917969,0.297881,0.447881,0.0778813362121582,0.6159960031509399,0.5381146669387817,1.7703628540039062,5.872983932495117,0.5347222089767456,20,1,1,1,1,1,0,0.015780890360474586,0.2055698037147522,2,stale,0.0,6,125,46,CORRECT,0,0,0,0,0,0,0.0,0.0
margin,live-delta,1,0.0,0.287055,0.576036,0.088348,0.917969,0.297881,0.447881,0.025856196880340576,0.5987674593925476,0.572911262512207,1.3655318021774292,3.9178059101104736,0.49173662066459656,13,1,1,1,1,1,0,0.004352220334112644,0.28255516290664673,2,stale,0.0,6,126,36,CORRECT,0,0,0,0,0,0,0.0,0.0
margin,live-delta,1,0.0,0.287055,0.576036,0.088348,0.917969,0.297881,0.447881,0.058422237634658813,0.5013746023178101,0.44295236468315125,1.4781283140182495,4.384731292724609,0.5751360058784485,12,1,1,1,1,1,1,0.2514154016971588,0.058422237634658813,2,stale,0.0,6,127,49,CORRECT,0,0,0,0,0,0,0.0,0.0
margin,live-delta,1,0.0,0.287055,0.576036,0.088348,0.917969,0.297881,0.447881,0.051199525594711304,0.4693129062652588,0.4181133806705475,2.1890981197357178,8.92715835571289,0.33579587936401367,14,2,2,1,2,1,0,0.0,0.3255454897880554,2,stale,0.0,6,128,90,CORRECT,0,0,0,0,0,0,0.0,0.0
margin,live-delta,1,0.0,0.287055,0.576036,0.088348,0.917969,0.297881,0.447881,0.07013922929763794,0.7858513593673706,0.7157121300697327,1.4498109817504883,4.2623090744018555,0.562669575214386,18,2,2,1,2,1,0,0.0,0.5621412992477417,2,stale,0.0,6,129,66,CORRECT,0,0,0,0,0,0,0.0,0.0
margin,live-delta,1,0.0,0.287055,0.576036,0.088348,0.917969,0.297881,0.447881,0.011220335960388184,0.5333151817321777,0.5220948457717896,2.527958869934082,12.527909278869629,0.20014487206935883,20,2,2,1,2,1,0,0.0,0.2767532765865326,2,stale,0.0,6,130,89,CORRECT,0,0,0,0,0,0,0.0,0.0
margin,live-delta,1,0.0,0.287055,0.576036,0.088348,0.917969,0.297881,0.447881,0.012637794017791748,0.6034895181655884,0.5908517241477966,2.4179015159606934,11.222285270690918,0.16206438839435577,19,2,2,1,2,1,0,0.0,0.3956734538078308,2,stale,0.0,6,131,89,CORRECT,0,0,0,0,0,0,0.0,0.0
margin,live-delta,1,0.0,0.287055,0.576036,0.088348,0.917969,0.297881,0.447881,0.007689833641052246,0.47320014238357544,0.4655103087425232,2.4434001445770264,11.512117385864258,0.17086344957351685,18,2,2,1,2,1,0,0.0,0.19685110449790955,2,stale,0.0,6,132,66,CORRECT,0,0,0,0,0,0,0.0,0.0
margin,live-delta,1,0.0,0.287055,0.576036,0.088348,0.917969,0.297881,0.447881,0.1113135814666748,0.7755482792854309,0.6642346978187561,0.9199004769325256,2.509040594100952,0.7781667709350586,20,2,2,1,2,1,0,0.0,0.5068159103393555,2,stale,0.0,6,133,66,CORRECT,0,0,0,0,0,0,0.0,0.0
margin,live-delta,1,0.0,0.287055,0.576036,0.088348,0.917969,0.297881,0.447881,0.052082359790802,0.806567370891571,0.754485011100769,1.6769137382507324,5.349021911621094,0.43560484051704407,19,2,2,1,2,1,0,0.0,0.6338892579078674,2,stale,0.0,6,134,90,CORRECT,0,0,0,0,0,0,0.0,0.0
margin,live-delta,1,0.0,0.287055,0.576036,0.088348,0.917969,0.297881,0.447881,0.09420961141586304,0.6574013233184814,0.5631917119026184,1.5069193840026855,4.5128068923950195,0.6088395714759827,17,2,2,1,2,1,0,0.0,0.5291342735290527,2,stale,0.0,6,135,82,CORRECT,0,0,0,0,0,0,0.0,0.0
margin,live-delta,1,0.0,0.287055,0.576036,0.088348,0.917969,0.297881,0.447881,0.0249253511428833,0.7994858026504517,0.7745604515075684,1.7615679502487183,5.821557998657227,0.3291374146938324,20,2,2,1,2,1,0,0.0,0.6274286508560181,2,stale,0.0,6,136,90,CORRECT,0,0,0,0,0,0,0.0,0.0
margin,live-delta,1,0.0,0.287055,0.576036,0.088348,0.917969,0.297881,0.447881,0.006651937961578369,0.33849817514419556,0.3318462371826172,1.0606287717819214,2.888186454772949,0.4205342233181,3,2,2,1,2,1,0,0.0,0.13798873126506805,2,stale,0.0,6,137,71,CORRECT,0,0,0,0,0,0,0.0,0.0
margin,live-delta,1,0.0,0.287055,0.576036,0.088348,0.917969,0.297881,0.447881,0.0005046725273132324,0.3282466530799866,0.32774198055267334,1.6033705472946167,4.969755172729492,0.2167992889881134,5,2,0,0,0,0,1,0.8008156418800354,-0.004237055778503418,0,stale,0.0,6,138,15,BLENDED,0,0,0,0,0,0,0.0,0.0
margin,live-delta,1,0.0,0.287055,0.576036,0.088348,0.917969,0.297881,0.447881,0.09123629331588745,0.6872193217277527,0.5959830284118652,1.576875925064087,4.839812278747559,0.614094614982605,19,2,2,1,2,1,0,0.0,0.48544251918792725,2,stale,0.0,6,139,89,CORRECT,0,0,0,0,0,0,0.0,0.0
margin,live-delta,1,0.0,0.287055,0.576036,0.088348,0.917969,0.297881,0.447881,0.05589607357978821,0.3627500832080841,0.3068540096282959,0.5583421587944031,1.7477725744247437,0.7536029815673828,2,2,2,1,2,1,0,0.0,0.10454699397087097,2,stale,0.0,6,140,69,CORRECT,0,0,0,0,0,0,0.0,0.0
margin,live-delta,1,0.0,0.287055,0.576036,0.088348,0.917969,0.297881,0.447881,0.010812044143676758,0.44517678022384644,0.4343647360801697,1.5524533987045288,4.723043441772461,0.4096395969390869,9,2,2,1,2,1,0,0.02400202490389347,0.14185696840286255,2,stale,0.0,6,141,69,CORRECT,0,0,0,0,0,0,0.0,0.0
margin,live-delta,1,0.0,0.287055,0.576036,0.088348,0.917969,0.297881,0.447881,0.05206620693206787,0.8530226945877075,0.8009564876556396,1.6420925855636597,5.165968418121338,0.4267599582672119,19,2,2,1,2,1,0,0.0,0.7123686671257019,2,stale,0.0,6,142,90,CORRECT,0,0,0,0,0,0,0.0,0.0
margin,live-delta,1,0.0,0.287055,0.576036,0.088348,0.917969,0.297881,0.447881,0.10031759738922119,0.6833676099777222,0.583050012588501,1.4396508932113647,4.219222545623779,0.6260183453559875,17,2,2,1,2,1,0,0.0,0.5272771716117859,2,stale,0.0,6,143,82,CORRECT,0,0,0,0,0,0,0.0,0.0
margin,live-delta,1,0.0,0.287055,0.576036,0.088348,0.917969,0.297881,0.447881,0.048802196979522705,0.8525674343109131,0.8037652373313904,1.6085593700408936,4.995609283447266,0.48213306069374084,19,2,2,1,2,1,0,0.0,0.6044963598251343,2,stale,0.0,6,144,89,CORRECT,0,0,0,0,0,0,0.0,0.0
margin,live-delta,1,0.0,0.287055,0.576036,0.088348,0.917969,0.297881,0.447881,0.03140294551849365,0.7826350927352905,0.7512321472167969,1.5421220064163208,4.674499034881592,0.46693235635757446,20,2,2,1,2,1,0,0.0,0.6522859334945679,2,stale,0.0,6,145,84,CORRECT,0,0,0,0,0,0,0.0,0.0
margin,live-delta,1,0.0,0.287055,0.576036,0.088348,0.917969,0.297881,0.447881,0.004274606704711914,0.41310304403305054,0.4088284373283386,2.43295955657959,11.392549514770508,0.1665031909942627,14,2,2,1,2,1,0,0.0,0.1873474270105362,2,stale,0.0,6,146,74,CORRECT,0,0,0,0,0,0,0.0,0.0
margin,live-delta,1,0.0,0.287055,0.576036,0.088348,0.917969,0.297881,0.447881,0.021624654531478882,0.3686990737915039,0.347074419260025,2.086937665939331,8.06019401550293,0.23419122397899628,9,2,2,1,2,1,1,0.1804799735546112,0.033191025257110596,1,stale,0.0,6,147,69,CORRECT,0,0,0,0,0,0,0.0,0.0
margin,live-delta,1,0.0,0.287055,0.576036,0.088348,0.917969,0.297881,0.447881,0.013248085975646973,0.7050842046737671,0.6918361186981201,2.0815529823303223,8.0169095993042,0.28426557779312134,17,2,2,1,2,1,0,0.0,0.4755759835243225,2,stale,0.0,6,148,89,CORRECT,0,0,0,0,0,0,0.0,0.0
margin,live-delta,1,0.0,0.287055,0.576036,0.088348,0.917969,0.297881,0.447881,0.0018193721771240234,0.8310966491699219,0.8292772769927979,1.5971689224243164,4.939029693603516,0.3157005310058594,19,2,2,1,2,1,0,0.0,0.7122912406921387,2,stale,0.0,6,149,90,CORRECT,0,0,0,0,0,0,0.0,0.0
margin,live-delta,1,0.0,0.287055,0.576036,0.088348,0.917969,0.297881,0.447881,0.04144841432571411,0.4598776400089264,0.4184292256832123,2.2552340030670166,9.537525177001953,0.29825645685195923,15,2,2,1,2,1,0,0.0,0.35048335790634155,2,stale,0.0,6,150,82,CORRECT,0,0,0,0,0,0,0.0,0.0
margin,live-delta,1,0.0,0.287055,0.576036,0.088348,0.917969,0.297881,0.447881,0.027109742164611816,0.47001540660858154,0.4429056644439697,2.2149510383605957,9.16096019744873,0.2631959021091461,13,2,2,1,2,1,0,0.0,0.18030136823654175,2,stale,0.0,6,151,79,CORRECT,0,0,0,0,0,0,0.0,0.0
margin,live-delta,1,0.0,0.287055,0.576036,0.088348,0.917969,0.297881,0.447881,0.005340278148651123,0.8188492059707642,0.813508927822113,2.0147545337677,7.498886585235596,0.2762462794780731,20,2,2,1,2,1,0,0.0,0.6028050780296326,2,stale,0.0,6,152,84,CORRECT,0,0,0,0,0,0,0.0,0.0
margin,live-delta,1,0.0,0.287055,0.576036,0.088348,0.917969,0.297881,0.447881,0.020387768745422363,0.727567195892334,0.7071794271469116,1.5098339319229126,4.525979042053223,0.42677631974220276,19,2,2,1,2,1,0,0.0,0.5479637384414673,2,stale,0.0,6,153,90,CORRECT,0,0,0,0,0,0,0.0,0.0
margin,live-delta,1,0.0,0.287055,0.576036,0.088348,0.917969,0.297881,0.447881,0.01642930507659912,0.6028136014938354,0.5863842964172363,2.3093762397766113,10.068142890930176,0.2559170722961426,19,2,2,1,2,1,0,0.0,0.4060814082622528,2,stale,0.0,6,155,90,CORRECT,0,0,0,0,0,0,0.0,0.0
margin,live-delta,1,0.0,0.287055,0.576036,0.088348,0.917969,0.297881,0.447881,0.021501898765563965,0.5590934753417969,0.5375915765762329,2.2495570182800293,9.48353385925293,0.2546869218349457,16,2,2,1,2,1,0,0.0,0.3610961139202118,2,stale,0.0,6,157,74,CORRECT,0,0,0,0,0,0,0.0,0.0
margin,live-delta,1,0.0,0.287055,0.576036,0.088348,0.917969,0.297881,0.447881,0.01916298270225525,0.45646974444389343,0.4373067617416382,2.1376841068267822,8.479776382446289,0.293847918510437,13,2,2,1,2,1,0,0.0,0.18081411719322205,2,stale,0.0,6,158,79,CORRECT,0,0,0,0,0,0,0.0,0.0
margin,live-delta,1,0.0,0.287055,0.576036,0.088348,0.917969,0.297881,0.447881,0.024624645709991455,0.6322233080863953,0.6075986623764038,2.0689449310302734,7.916466236114502,0.29706481099128723,20,2,2,1,2,1,0,0.0,0.4291744828224182,2,stale,0.0,6,159,90,CORRECT,0,0,0,0,0,0,0.0,0.0
margin,live-delta,1,0.0,0.287055,0.576036,0.088348,0.917969,0.297881,0.447881,0.042462825775146484,0.5661683678627014,0.5237055420875549,1.7768670320510864,5.911307334899902,0.42747214436531067,15,2,2,1,2,1,0,0.0,0.3182640075683594,2,stale,0.0,6,160,87,CORRECT,0,0,0,0,0,0,0.0,0.0
margin,live-delta,1,0.0,0.287055,0.576036,0.088348,0.917969,0.297881,0.447881,0.03060382604598999,0.5303032398223877,0.4996994137763977,2.3224711418151855,10.200851440429688,0.2517075836658478,17,2,2,1,2,1,0,0.0,0.2477591633796692,2,stale,0.0,6,161,74,CORRECT,0,0,0,0,0,0,0.0,0.0
margin,live-delta,1,0.0,0.287055,0.576036,0.088348,0.917969,0.297881,0.447881,0.020775914192199707,0.6862285137176514,0.6654525995254517,1.6917132139205933,5.428773403167725,0.3924869894981384,19,2,2,1,2,1,0,0.0,0.5588211417198181,2,stale,0.0,6,162,90,CORRECT,0,0,0,0,0,0,0.0,0.0
margin,live-delta,1,0.0,0.287055,0.576036,0.088348,0.917969,0.297881,0.447881,0.016992241144180298,0.3676166832447052,0.3506244421005249,1.5264073610305786,4.601614952087402,0.3337288796901703,5,2,2,1,2,1,0,0.0,0.1587805151939392,2,stale,0.0,6,163,70,CORRECT,0,0,0,0,0,0,0.0,0.0
margin,live-delta,1,0.0,0.287055,0.576036,0.088348,0.917969,0.297881,0.447881,0.03744542598724365,0.5544109344482422,0.5169655084609985,1.9630768299102783,7.121204376220703,0.4097461998462677,15,2,2,1,2,1,0,0.0,0.396892249584198,2,stale,0.0,6,164,89,CORRECT,0,0,0,0,0,0,0.0,0.0
margin,live-delta,1,0.0,0.287055,0.576036,0.088348,0.917969,0.297881,0.447881,0.04330688714981079,0.7212452292442322,0.6779383420944214,1.7272980213165283,5.625433444976807,0.42764049768447876,18,2,2,1,2,1,0,0.0,0.5843628644943237,2,stale,0.0,6,165,90,CORRECT,0,0,0,0,0,0,0.0,0.0
margin,live-delta,1,0.0,0.287055,0.576036,0.088348,0.917969,0.297881,0.447881,0.003607511520385742,0.7778502702713013,0.7742427587509155,1.9944958686828613,7.34849739074707,0.27842503786087036,19,2,2,1,2,1,0,0.0,0.5958204865455627,2,stale,0.0,6,166,84,CORRECT,0,0,0,0,0,0,0.0,0.0
margin,live-delta,1,0.0,0.287055,0.576036,0.088348,0.917969,0.297881,0.447881,0.007624030113220215,0.5461317300796509,0.5385076999664307,1.7355066537857056,5.67180061340332,0.31027698516845703,18,2,2,1,2,1,0,0.0032195462845265865,0.2284112572669983,2,stale,0.0,6,167,87,CORRECT,0,0,0,0,0,0,0.0,0.0
margin,live-delta,1,0.0,0.287055,0.576036,0.088348,0.917969,0.297881,0.447881,0.11162024736404419,0.4376019835472107,0.3259817361831665,0.318168580532074,1.3746079206466675,0.9031220078468323,2,2,2,1,2,1,0,0.0,0.21021848917007446,2,stale,0.0,6,168,71,CORRECT,0,0,0,0,0,0,0.0,0.0
margin,live-delta,1,0.0,0.287055,0.576036,0.088348,0.917969,0.297881,0.447881,0.02289295196533203,0.5277668237686157,0.5048738718032837,2.2221405506134033,9.227060317993164,0.24671725928783417,16,2,2,1,2,1,0,0.0,0.34557726979255676,2,stale,0.0,6,169,64,CORRECT,0,0,0,0,0,0,0.0,0.0
margin,live-delta,1,0.0,0.287055,0.576036,0.088348,0.917969,0.297881,0.447881,0.025896310806274414,0.6113731861114502,0.5854768753051758,2.464552640914917,11.758220672607422,0.21843382716178894,20,2,2,1,2,1,0,0.0,0.39307674765586853,2,stale,0.0,6,170,89,CORRECT,0,0,0,0,0,0,0.0,0.0
margin,live-delta,1,0.0,0.287055,0.576036,0.088348,0.917969,0.297881,0.447881,0.1614026427268982,0.5188366770744324,0.3574340343475342,0.37958306074142456,1.4616750478744507,0.9144790768623352,4,2,2,1,2,1,0,0.0,0.3164825439453125,2,stale,0.0,6,171,71,CORRECT,0,0,0,0,0,0,0.0,0.0
margin,live-delta,1,0.0,0.287055,0.576036,0.088348,0.917969,0.297881,0.447881,0.08951789140701294,0.41775548458099365,0.3282375931739807,0.4104239344596863,1.507456660270691,0.8569710850715637,2,2,2,1,2,1,0,0.0,0.21190357208251953,2,stale,0.0,6,172,71,CORRECT,0,0,0,0,0,0,0.0,0.0
margin,live-delta,1,0.0,0.287055,0.576036,0.088348,0.917969,0.297881,0.447881,0.019540131092071533,0.7261701822280884,0.7066300511360168,1.7031797170639038,5.49138069152832,0.33837687969207764,20,2,2,1,2,1,0,0.0,0.5258231163024902,2,stale,0.0,6,174,84,CORRECT,0,0,0,0,0,0,0.0,0.0
margin,live-delta,1,0.0,0.287055,0.576036,0.088348,0.917969,0.297881,0.447881,0.001257866621017456,0.4005606472492218,0.39930278062820435,1.9114311933517456,6.762760639190674,0.2179441601037979,8,2,2,1,2,1,0,0.0,0.20247027277946472,2,stale,0.0,6,175,85,CORRECT,0,0,0,0,0,0,0.0,0.0
margin,live-delta,1,0.0,0.287055,0.576036,0.088348,0.917969,0.297881,0.447881,0.008577048778533936,0.709463357925415,0.7008863091468811,1.9076851606369019,6.73747444152832,0.3312692642211914,17,2,2,1,2,1,0,0.0,0.5632714033126831,2,stale,0.0,6,176,65,CORRECT,0,0,0,0,0,0,0.0,0.0
margin,live-delta,1,0.0,0.287055,0.576036,0.088348,0.917969,0.297881,0.447881,0.008091211318969727,0.5726184844970703,0.5645272731781006,2.1845686435699463,8.88681411743164,0.23409011960029602,20,2,2,1,2,1,0,0.0,0.3541475832462311,2,stale,0.0,6,177,74,CORRECT,0,0,0,0,0,0,0.0,0.0
margin,live-delta,1,0.0,0.287055,0.576036,0.088348,0.917969,0.297881,0.447881,0.07999736070632935,0.7938530445098877,0.7138556838035583,1.2449244260787964,3.472672462463379,0.6328828930854797,17,2,2,1,2,1,0,0.0,0.6809784173965454,2,stale,0.0,6,178,90,CORRECT,0,0,0,0,0,0,0.0,0.0
margin,live-delta,1,0.0,0.287055,0.576036,0.088348,0.917969,0.297881,0.447881,0.016302764415740967,0.7674540877342224,0.7511513233184814,1.485774040222168,4.418384075164795,0.43703582882881165,20,2,2,1,2,1,0,0.0,0.6261708736419678,2,stale,0.0,6,179,64,CORRECT,0,0,0,0,0,0,0.0,0.0
margin,live-delta,1,0.0,0.287055,0.576036,0.088348,0.917969,0.297881,0.447881,0.03030848503112793,0.8509020209312439,0.820593535900116,1.5761851072311401,4.836470127105713,0.43658390641212463,19,2,2,1,2,1,0,0.0,0.720429003238678,2,stale,0.0,6,180,90,CORRECT,0,0,0,0,0,0,0.0,0.0
margin,live-delta,1,0.0,0.287055,0.576036,0.088348,0.917969,0.297881,0.447881,0.007976055145263672,0.8307018280029297,0.822725772857666,1.663251280784607,5.276438236236572,0.35945501923561096,17,2,2,1,2,1,0,0.0,0.5800230503082275,2,stale,0.0,6,181,74,CORRECT,0,0,0,0,0,0,0.0,0.0
margin,live-delta,1,0.0,0.287055,0.576036,0.088348,0.917969,0.297881,0.447881,0.06229439377784729,0.3948099911212921,0.3325155973434448,0.5311936140060425,1.7009613513946533,0.776587188243866,2,2,2,1,2,1,0,0.0,0.20360982418060303,2,stale,0.0,6,182,91,CORRECT,0,0,0,0,0,0,0.0,0.0
margin,live-delta,1,0.0,0.287055,0.576036,0.088348,0.917969,0.297881,0.447881,0.027524173259735107,0.5402094721794128,0.5126852989196777,2.0217952728271484,7.551870346069336,0.3601635992527008,16,2,2,1,2,1,0,0.0,0.4117984473705292,2,stale,0.0,6,183,82,CORRECT,0,0,0,0,0,0,0.0,0.0
margin,live-delta,1,0.0,0.287055,0.576036,0.088348,0.917969,0.297881,0.447881,0.06895601749420166,0.7991049885749817,0.73014897108078,1.4198616743087769,4.136548042297363,0.5433830618858337,18,2,2,1,2,1,0,0.0,0.6681656837463379,2,stale,0.0,6,184,90,CORRECT,0,0,0,0,0,0,0.0,0.0
margin,live-delta,1,0.0,0.287055,0.576036,0.088348,0.917969,0.297881,0.447881,0.032616108655929565,0.41690465807914734,0.3842885494232178,1.3965802192687988,4.041355609893799,0.45080193877220154,5,2,2,1,2,1,0,0.0,0.16200825572013855,2,stale,0.0,6,185,87,CORRECT,0,0,0,0,0,0,0.0,0.0
margin,live-delta,1,0.0,0.287055,0.576036,0.088348,0.917969,0.297881,0.447881,0.10802942514419556,0.49873656034469604,0.3907071352005005,1.92263662815094,6.838966369628906,0.5313184261322021,17,2,2,1,2,1,0,0.06141841784119606,0.12086889147758484,2,stale,0.0,6,186,72,CORRECT,0,0,0,0,0,0,0.0,0.0
margin,live-delta,1,0.0,0.287055,0.576036,0.088348,0.917969,0.297881,0.447881,0.001587986946105957,0.5414755344390869,0.539887547492981,2.154843807220459,8.626543045043945,0.2515627145767212,18,2,2,1,2,1,0,0.0,0.32606571912765503,2,stale,0.0,6,187,89,CORRECT,0,0,0,0,0,0,0.0,0.0
margin,live-delta,1,0.0,0.287055,0.576036,0.088348,0.917969,0.297881,0.447881,0.009970307350158691,0.721244215965271,0.7112739086151123,1.5934916734695435,4.920901298522949,0.36322686076164246,18,2,2,1,2,1,0,0.0,0.5688634514808655,2,stale,0.0,6,188,90,CORRECT,0,0,0,0,0,0,0.0,0.0
margin,live-delta,1,0.0,0.287055,0.576036,0.088348,0.917969,0.297881,0.447881,0.02758026123046875,0.8041415214538574,0.7765612602233887,1.762268304824829,5.825636863708496,0.33697509765625,19,2,2,1,2,1,0,0.0,0.6601616740226746,2,stale,0.0,6,189,90,CORRECT,0,0,0,0,0,0,0.0,0.0
margin,live-delta,1,0.0,0.287055,0.576036,0.088348,0.917969,0.297881,0.447881,0.014406383037567139,0.39838850498199463,0.3839821219444275,1.7742878198623657,5.896080493927002,0.3037232458591461,7,2,2,1,2,1,1,0.18512722849845886,0.04778274893760681,1,stale,0.0,6,190,88,CORRECT,0,0,0,0,0,0,0.0,0.0
margin,live-delta,1,0.0,0.287055,0.576036,0.088348,0.917969,0.297881,0.447881,0.013999998569488525,0.32778435945510864,0.3137843608856201,1.072430968284607,2.9224753379821777,0.43044742941856384,3,2,2,1,2,1,0,0.0,0.1285451352596283,2,stale,0.0,6,191,87,CORRECT,0,0,0,0,0,0,0.0,0.0
margin,live-delta,1,0.0,0.287055,0.576036,0.088348,0.917969,0.297881,0.447881,0.1767810583114624,0.6894975900650024,0.51271653175354,0.6661792397499084,1.9467848539352417,0.8801347017288208,20,3,3,1,3,1,0,0.0015006716130301356,0.3187081217765808,2,stale,0.0,6,192,103,CORRECT,0,0,0,0,0,0,0.0,0.0
margin,live-delta,1,0.0,0.287055,0.576036,0.088348,0.917969,0.297881,0.447881,0.2501199245452881,0.8384618759155273,0.5883419513702393,0.151173397898674,1.1631983518600464,0.977719783782959,20,3,3,1,3,1,0,0.0,0.5976263284683228,2,stale,0.0,6,193,110,CORRECT,0,0,0,0,0,0,0.0,0.0
margin,live-delta,1,0.0,0.287055,0.576036,0.088348,0.917969,0.297881,0.447881,0.12315040826797485,0.7314360737800598,0.608285665512085,0.9822872877120972,2.6705574989318848,0.7913286685943604,20,3,3,1,3,1,0,0.0,0.4771263003349304,2,stale,0.0,6,194,116,CORRECT,0,0,0,0,0,0,0.0,0.0
margin,live-delta,1,0.0,0.287055,0.576036,0.088348,0.917969,0.297881,0.447881,0.05098086595535278,0.6020346879959106,0.5510538220405579,1.8126444816589355,6.1266279220581055,0.470404714345932,20,3,3,1,3,1,0,0.0,0.35551363229751587,2,stale,0.0,6,195,96,CORRECT,0,0,0,0,0,0,0.0,0.0
margin,live-delta,1,0.0,0.287055,0.576036,0.088348,0.917969,0.297881,0.447881,0.09636414051055908,0.6056495904922485,0.5092854499816895,1.9922740459442139,7.332188606262207,0.5024775862693787,20,3,3,1,3,1,0,0.0,0.3226177990436554,2,stale,0.0,6,196,118,CORRECT,0,0,0,0,0,0,0.0,0.0
margin,live-delta,1,0.0,0.287055,0.576036,0.088348,0.917969,0.297881,0.447881,0.01722976565361023,0.42296233773231506,0.40573257207870483,2.452709913253784,11.619792938232422,0.1943475604057312,14,3,3,1,3,1,0,0.0,0.13656416535377502,2,stale,0.0,6,197,120,CORRECT,0,0,0,0,0,0,0.0,0.0
margin,live-delta,1,0.0,0.287055,0.576036,0.088348,0.917969,0.297881,0.447881,0.0004450082778930664,0.6632283926010132,0.6627833843231201,1.1310945749282837,3.0990467071533203,0.4406769275665283,10,3,3,1,3,1,0,0.0,0.43403878808021545,2,stale,0.0,6,198,115,CORRECT,0,0,0,0,0,0,0.0,0.0
margin,live-delta,1,0.0,0.287055,0.576036,0.088348,0.917969,0.297881,0.447881,0.04778146743774414,0.5894176363945007,0.5416361689567566,2.1574342250823975,8.648918151855469,0.41060587763786316,20,3,3,1,3,1,0,0.0,0.35544294118881226,2,stale,0.0,6,199,103,CORRECT,0,0,0,0,0,0,0.0,0.0
margin,live-delta,1,0.0,0.287055,0.576036,0.088348,0.917969,0.297881,0.447881,0.01692444086074829,0.5788602828979492,0.5619358420372009,2.10457444190979,8.203611373901367,0.28718098998069763,20,3,3,1,3,1,0,0.0,0.25708457827568054,2,stale,0.0,6,200,120,CORRECT,0,0,0,0,0,0,0.0,0.0
margin,live-delta,1,0.0,0.287055,0.576036,0.088348,0.917969,0.297881,0.447881,0.08788466453552246,0.7313388586044312,0.6434541940689087,1.1194514036178589,3.063173294067383,0.711109459400177,20,3,3,1,3,1,0,0.0,0.5794543027877808,2,stale,0.0,6,201,102,CORRECT,0,0,0,0,0,0,0.0,0.0
margin,live-delta,1,0.0,0.287055,0.576036,0.088348,0.917969,0.297881,0.447881,0.08769881725311279,0.692467451095581,0.6047686338424683,0.8465143442153931,2.33150577545166,0.7853072285652161,20,3,3,1,3,1,0,0.0,0.48868000507354736,2,stale,0.0,6,202,114,CORRECT,0,0,0,0,0,0,0.0,0.0
margin,live-delta,1,0.0,0.287055,0.576036,0.088348,0.917969,0.297881,0.447881,0.036721110343933105,0.7536640763282776,0.7169429659843445,1.8528645038604736,6.378063201904297,0.37012121081352234,20,3,3,1,3,1,0,0.0,0.5880231857299805,2,stale,0.0,6,203,102,CORRECT,0,0,0,0,0,0,0.0,0.0
margin,live-delta,1,0.0,0.287055,0.576036,0.088348,0.917969,0.297881,0.447881,0.01258617639541626,0.6234400272369385,0.6108538508415222,1.8494772911071777,6.3564958572387695,0.2944466471672058,20,3,3,1,3,1,0,0.003077250439673662,0.22805306315422058,2,stale,0.0,6,204,120,CORRECT,0,0,0,0,0,0,0.0,0.0
margin,live-delta,1,0.0,0.287055,0.576036,0.088348,0.917969,0.297881,0.447881,0.1295284628868103,0.8142807483673096,0.6847522854804993,0.7591401934623718,2.1364386081695557,0.832633376121521,20,3,3,1,3,1,0,0.0,0.6377133131027222,2,stale,0.0,6,206,102,CORRECT,0,0,0,0,0,0,0.0,0.0
margin,live-delta,1,0.0,0.287055,0.576036,0.088348,0.917969,0.297881,0.447881,0.010855257511138916,0.7418167591094971,0.7309615015983582,1.8727407455444336,6.506103515625,0.32866188883781433,20,3,3,1,3,1,0,0.0,0.564441978931427,2,stale,0.0,6,207,126,CORRECT,0,0,0,0,0,0,0.0,0.0
margin,live-delta,1,0.0,0.287055,0.576036,0.088348,0.917969,0.297881,0.447881,0.31014442443847656,0.938294529914856,0.6281501054763794,0.02424107864499092,1.0245373249053955,0.9969128370285034,18,3,3,1,3,1,0,0.0,0.6507328748703003,2,stale,0.0,6,208,122,CORRECT,0,0,0,0,0,0,0.0,0.0
margin,live-delta,1,0.0,0.287055,0.576036,0.088348,0.917969,0.297881,0.447881,0.20055639743804932,0.6931475400924683,0.49259114265441895,0.46155619621276855,1.5865410566329956,0.9218500852584839,20,3,3,1,3,1,0,0.0,0.4239552617073059,2,stale,0.0,6,209,114,CORRECT,0,0,0,0,0,0,0.0,0.0
margin,live-delta,1,0.0,0.287055,0.576036,0.088348,0.917969,0.297881,0.447881,0.12606686353683472,0.4007601737976074,0.2746933102607727,-0.0,1.0,1.0,1,3,3,1,3,1,0,0.0,0.1310916543006897,2,stale,0.0,6,210,122,CORRECT,0,0,0,0,0,0,0.0,0.0
margin,live-delta,1,0.0,0.287055,0.576036,0.088348,0.917969,0.297881,0.447881,0.10023802518844604,0.42242056131362915,0.3221825361251831,0.3643348813056946,1.4395562410354614,0.8812959790229797,2,3,3,1,3,1,0,0.0,0.19192704558372498,2,stale,0.0,6,211,100,CORRECT,0,0,0,0,0,0,0.0,0.0
margin,live-delta,1,0.0,0.287055,0.576036,0.088348,0.917969,0.297881,0.447881,0.029310405254364014,0.4297834038734436,0.4004729986190796,2.1561086177825928,8.637460708618164,0.2735971212387085,11,3,2,0,3,1,1,0.2954568862915039,-0.029310405254364014,0,stale,0.0,6,212,72,CORRECT,0,0,0,0,0,0,0.0,0.0
margin,live-delta,1,0.0,0.287055,0.576036,0.088348,0.917969,0.297881,0.447881,0.03714936971664429,0.8875680565834045,0.8504186868667603,1.6866893768310547,5.401568412780762,0.43470388650894165,20,3,3,1,3,1,0,0.0,0.7825043797492981,2,stale,0.0,6,213,106,CORRECT,0,0,0,0,0,0,0.0,0.0
margin,live-delta,1,0.0,0.287055,0.576036,0.088348,0.917969,0.297881,0.447881,0.04747101664543152,0.44041067361831665,0.39293965697288513,1.7186753749847412,5.577136039733887,0.4571263790130615,9,3,3,1,3,1,0,0.03654042258858681,0.1263270378112793,2,stale,0.0,6,214,99,CORRECT,0,0,0,0,0,0,0.0,0.0
margin,live-delta,1,0.0,0.287055,0.576036,0.088348,0.917969,0.297881,0.447881,0.004091322422027588,0.8561553955078125,0.8520640730857849,1.9033676385879517,6.7084479331970215,0.2543230652809143,20,3,3,1,3,1,0,0.0,0.6750621795654297,2,stale,0.0,6,215,111,CORRECT,0,0,0,0,0,0,0.0,0.0
margin,live-delta,1,0.0,0.287055,0.576036,0.088348,0.917969,0.297881,0.447881,0.023325324058532715,0.8350045084953308,0.8116791844367981,1.7444546222686768,5.722779750823975,0.34354162216186523,20,3,3,1,3,1,0,0.0,0.7101004123687744,2,stale,0.0,6,216,127,CORRECT,0,0,0,0,0,0,0.0,0.0
margin,live-delta,1,0.0,0.287055,0.576036,0.088348,0.917969,0.297881,0.447881,0.025778591632843018,0.78267902135849,0.756900429725647,2.0339956283569336,7.644570350646973,0.31839674711227417,20,3,3,1,3,1,0,0.0,0.6660486459732056,2,stale,0.0,6,217,127,CORRECT,0,0,0,0,0,0,0.0,0.0
margin,live-delta,1,0.0,0.287055,0.576036,0.088348,0.917969,0.297881,0.447881,0.010915815830230713,0.8731348514556885,0.8622190356254578,1.7354892492294312,5.671701908111572,0.30732810497283936,20,3,3,1,3,1,0,0.0,0.7605646848678589,2,stale,0.0,6,218,125,CORRECT,0,0,0,0,0,0,0.0,0.0
margin,live-delta,1,0.0,0.287055,0.576036,0.088348,0.917969,0.297881,0.447881,0.07246667146682739,0.8534470200538635,0.7809803485870361,1.5856164693832397,4.88230037689209,0.5344052314758301,20,3,3,1,3,1,0,0.0,0.5936151146888733,2,stale,0.0,6,219,105,CORRECT,0,0,0,0,0,0,0.0,0.0
margin,live-delta,1,0.0,0.287055,0.576036,0.088348,0.917969,0.297881,0.447881,0.07581865787506104,0.687487006187439,0.6116683483123779,0.9573721885681152,2.6048424243927,0.7201942205429077,20,3,3,1,3,1,0,0.006307709496468306,0.29558396339416504,2,stale,0.0,6,220,122,CORRECT,0,0,0,0,0,0,0.0,0.0
margin,live-delta,1,0.0,0.287055,0.576036,0.088348,0.917969,0.297881,0.447881,0.001756131649017334,0.8375440835952759,0.8357879519462585,2.000593423843384,7.393442153930664,0.18294769525527954,20,3,3,1,3,1,0,0.0,0.7359657883644104,2,stale,0.0,6,221,106,CORRECT,0,0,0,0,0,0,0.0,0.0
margin,live-delta,1,0.0,0.287055,0.576036,0.088348,0.917969,0.297881,0.447881,0.01243513822555542,0.5919559001922607,0.5795207619667053,1.5096803903579712,4.525284290313721,0.33277595043182373,16,3,3,1,3,1,0,0.0,0.3724329471588135,2,stale,0.0,6,222,122,CORRECT,0,0,0,0,0,0,0.0,0.0
margin,live-delta,1,0.0,0.287055,0.576036,0.088348,0.917969,0.297881,0.447881,0.1421467661857605,0.74917072057724,0.6070239543914795,0.6820640563964844,1.9779561758041382,0.8544352650642395,20,3,3,1,3,1,0,0.0,0.6529428362846375,2,stale,0.0,6,223,98,CORRECT,0,0,0,0,0,0,0.0,0.0
margin,live-delta,1,0.0,0.287055,0.576036,0.088348,0.917969,0.297881,0.447881,0.21937918663024902,0.8214820027351379,0.6021028161048889,0.1719883531332016,1.1876640319824219,0.973218560218811,20,3,3,1,3,1,0,0.0,0.6802964210510254,2,stale,0.0,6,224,110,CORRECT,0,0,0,0,0,0,0.0,0.0
margin,live-delta,1,0.0,0.287055,0.576036,0.088348,0.917969,0.297881,0.447881,0.017391085624694824,0.8623713254928589,0.8449802398681641,1.735216498374939,5.670155048370361,0.3217872679233551,20,3,3,1,3,1,0,0.0,0.7513468265533447,2,stale,0.0,6,225,105,CORRECT,0,0,0,0,0,0,0.0,0.0
margin,live-delta,1,0.0,0.287055,0.576036,0.088348,0.917969,0.297881,0.447881,0.14155250787734985,0.7440455555915833,0.6024930477142334,0.5511429309844971,1.7352350950241089,0.8745751976966858,12,3,3,1,3,1,0,0.0,0.6083050966262817,2,stale,0.0,6,226,96,CORRECT,0,0,0,0,0,0,0.0,0.0
margin,live-delta,1,0.0,0.287055,0.576036,0.088348,0.917969,0.297881,0.447881,0.009824693202972412,0.8616310954093933,0.8518064022064209,1.3781208992004395,3.9674394130706787,0.4070500433444977,20,3,3,1,3,1,0,0.0,0.7183105945587158,2,stale,0.0,6,227,97,CORRECT,0,0,0,0,0,0,0.0,0.0
margin,live-delta,1,0.0,0.287055,0.576036,0.088348,0.917969,0.297881,0.447881,0.18688416481018066,0.7295669317245483,0.5426827669143677,0.21343562006950378,1.2379237413406372,0.9632288813591003,15,3,3,1,3,1,0,0.0,0.6021155714988708,2,stale,0.0,6,228,110,CORRECT,0,0,0,0,0,0,0.0,0.0
margin,live-delta,1,0.0,0.287055,0.576036,0.088348,0.917969,0.297881,0.447881,0.020042985677719116,0.5192570686340332,0.4992140829563141,2.5358052253723145,12.626593589782715,0.17952293157577515,20,3,3,1,3,1,0,0.0,0.1971248984336853,2,stale,0.0,6,229,119,CORRECT,0,0,0,0,0,0,0.0,0.0
margin,live-delta,1,0.0,0.287055,0.576036,0.088348,0.917969,0.297881,0.447881,0.003061354160308838,0.7558149099349976,0.7527535557746887,2.0031323432922363,7.412237167358398,0.24354739487171173,20,3,3,1,3,1,0,0.0,0.5923832058906555,2,stale,0.0,6,230,102,CORRECT,0,0,0,0,0,0,0.0,0.0
margin,live-delta,1,0.0,0.287055,0.576036,0.088348,0.917969,0.297881,0.447881,0.02777397632598877,0.8631192445755005,0.8353452682495117,1.8201953172683716,6.173064231872559,0.3469454348087311,20,3,3,1,3,1,0,0.0,0.69650799036026,2,stale,0.0,6,231,125,CORRECT,0,0,0,0,0,0,0.0,0.0
margin,live-delta,1,0.0,0.287055,0.576036,0.088348,0.917969,0.297881,0.447881,0.0031142234802246094,0.6046508550643921,0.6015366315841675,1.994081735610962,7.345454692840576,0.23943795263767242,20,3,3,1,3,1,0,0.0,0.3869871497154236,2,stale,0.0,6,232,115,CORRECT,0,0,0,0,0,0,0.0,0.0
margin,live-delta,1,0.0,0.287055,0.576036,0.088348,0.917969,0.297881,0.447881,0.01851475238800049,0.7026830911636353,0.6841683387756348,2.3669567108154297,10.664886474609375,0.20359563827514648,20,3,3,1,3,1,0,0.0,0.5461775064468384,2,stale,0.0,6,233,127,CORRECT,0,0,0,0,0,0,0.0,0.0
margin,live-delta,1,0.0,0.287055,0.576036,0.088348,0.917969,0.297881,0.447881,0.011283189058303833,0.47186270356178284,0.460579514503479,1.8600313663482666,6.423938274383545,0.2865137755870819,11,3,3,1,3,1,0,0.049114614725112915,0.09976580739021301,2,stale,0.0,6,234,99,CORRECT,0,0,0,0,0,0,0.0,0.0
margin,live-delta,1,0.0,0.287055,0.576036,0.088348,0.917969,0.297881,0.447881,0.02798616886138916,0.8835732936859131,0.8555871248245239,1.5740150213241577,4.825985908508301,0.4258304536342621,20,3,3,1,3,1,0,0.0,0.7006120085716248,2,stale,0.0,6,235,125,CORRECT,0,0,0,0,0,0,0.0,0.0
margin,live-delta,1,0.0,0.287055,0.576036,0.088348,0.917969,0.297881,0.447881,0.015972495079040527,0.809628963470459,0.7936564683914185,1.605930209159851,4.982492446899414,0.3595678210258484,20,3,3,1,3,1,0,0.0,0.6345729827880859,2,stale,0.0,6,236,112,CORRECT,0,0,0,0,0,0,0.0,0.0
margin,live-delta,1,0.0,0.287055,0.576036,0.088348,0.917969,0.297881,0.447881,0.18761926889419556,0.7911852598190308,0.6035659909248352,0.35394376516342163,1.4246751070022583,0.9400763511657715,20,3,3,1,3,1,0,0.0,0.5610560178756714,2,stale,0.0,6,237,110,CORRECT,0,0,0,0,0,0,0.0,0.0
margin,live-delta,1,0.0,0.287055,0.576036,0.088348,0.917969,0.297881,0.447881,0.033664703369140625,0.8508002758026123,0.8171355724334717,1.7605669498443604,5.815733909606934,0.3842830955982208,20,3,3,1,3,1,0,0.0,0.6989814043045044,2,stale,0.0,6,238,105,CORRECT,0,0,0,0,0,0,0.0,0.0
margin,live-delta,1,0.0,0.287055,0.576036,0.088348,0.917969,0.297881,0.447881,0.1614556908607483,0.7561558485031128,0.5947001576423645,0.346627801656723,1.414290189743042,0.9347375631332397,17,3,3,1,3,1,0,0.0,0.6322998404502869,2,stale,0.0,6,239,110,CORRECT,0,0,0,0,0,0,0.0,0.0
margin,live-delta,1,0.0,0.287055,0.576036,0.088348,0.917969,0.297881,0.447881,0.006048679351806641,0.6312018632888794,0.6251531839370728,2.029421806335449,7.609684944152832,0.31577053666114807,20,3,3,1,3,1,0,0.0,0.4550524055957794,2,stale,0.0,6,240,113,CORRECT,0,0,0,0,0,0,0.0,0.0
margin,live-delta,1,0.0,0.287055,0.576036,0.088348,0.917969,0.297881,0.447881,0.004112362861633301,0.7422609329223633,0.73814857006073,2.0436136722564697,7.718451023101807,0.22532950341701508,20,3,3,1,3,1,0,0.0,0.597240686416626,2,stale,0.0,6,241,101,CORRECT,0,0,0,0,0,0,0.0,0.0
margin,live-delta,1,0.0,0.287055,0.576036,0.088348,0.917969,0.297881,0.447881,0.004317045211791992,0.8364174365997314,0.8321003913879395,2.039419412612915,7.686145305633545,0.22145655751228333,20,3,3,1,3,1,0,0.0,0.7108870148658752,2,stale,0.0,6,242,125,CORRECT,0,0,0,0,0,0,0.0,0.0
margin,live-delta,1,0.0,0.287055,0.576036,0.088348,0.917969,0.297881,0.447881,0.04702085256576538,0.45911580324172974,0.41209495067596436,2.540553331375122,12.686688423156738,0.2882072329521179,20,3,3,1,3,1,0,0.0,0.22644346952438354,2,stale,0.0,6,243,118,CORRECT,0,0,0,0,0,0,0.0,0.0
margin,live-delta,1,0.0,0.287055,0.576036,0.088348,0.917969,0.297881,0.447881,0.10091972351074219,0.7671536207199097,0.6662338972091675,1.1288315057754517,3.092041254043579,0.6994473934173584,20,3,3,1,3,1,0,0.0,0.48336273431777954,2,stale,0.0,6,244,120,CORRECT,0,0,0,0,0,0,0.0,0.0
margin,live-delta,1,0.0,0.287055,0.576036,0.088348,0.917969,0.297881,0.447881,0.031228721141815186,0.8901559114456177,0.8589271903038025,1.1922409534454346,3.2944557666778564,0.5376150608062744,20,3,3,1,3,1,0,0.0,0.7685379385948181,2,stale,0.0,6,245,97,CORRECT,0,0,0,0,0,0,0.0,0.0
margin,live-delta,1,0.0,0.287055,0.576036,0.088348,0.917969,0.297881,0.447881,0.48767462372779846,0.805931031703949,0.3182564079761505,0.0006246180855669081,1.0006247758865356,0.9999419450759888,2,3,3,1,3,1,0,0.0,0.6626579761505127,2,stale,0.0,6,246,100,CORRECT,0,0,0,0,0,0,0.0,0.0
margin,live-delta,1,0.0,0.287055,0.576036,0.088348,0.917969,0.297881,0.447881,0.01692742109298706,0.31843364238739014,0.3015062212944031,0.6790229082107544,1.9719500541687012,0.5838379263877869,2,3,3,1,3,1,0,0.0,0.021087348461151123,0,stale,0.0,6,247,113,CORRECT,0,0,0,0,0,0,0.0,0.0
margin,live-delta,1,0.0,0.287055,0.576036,0.088348,0.917969,0.297881,0.447881,0.0029401779174804688,0.5670373439788818,0.5640971660614014,2.2715773582458496,9.694681167602539,0.236850768327713,20,3,3,1,3,1,0,0.0,0.42987003922462463,2,stale,0.0,6,248,101,CORRECT,0,0,0,0,0,0,0.0,0.0
margin,live-delta,1,0.0,0.287055,0.576036,0.088348,0.917969,0.297881,0.447881,0.018736422061920166,0.6796143651008606,0.6608779430389404,1.9748494625091553,7.205534934997559,0.29875943064689636,19,3,3,1,3,1,0,0.0,0.5658657550811768,2,stale,0.0,6,249,105,CORRECT,0,0,0,0,0,0,0.0,0.0
margin,live-delta,1,0.0,0.287055,0.576036,0.088348,0.917969,0.297881,0.447881,0.05136531591415405,0.7388730645179749,0.6875077486038208,1.4365373849868774,4.206106662750244,0.5618289113044739,20,3,3,1,3,1,0,0.0,0.5477907657623291,2,stale,0.0,6,250,114,CORRECT,0,0,0,0,0,0,0.0,0.0
margin,live-delta,1,0.0,0.287055,0.576036,0.088348,0.917969,0.297881,0.447881,0.13544273376464844,0.6935679912567139,0.5581252574920654,0.7351569533348083,2.0858092308044434,0.8522759675979614,20,3,3,1,3,1,0,0.0,0.42063069343566895,2,stale,0.0,6,251,120,CORRECT,0,0,0,0,0,0,0.0,0.0
margin,live-delta,1,0.0,0.287055,0.576036,0.088348,0.917969,0.297881,0.447881,0.04568314552307129,0.8082557916641235,0.7625726461410522,1.9747450351715088,7.204782485961914,0.40140560269355774,20,3,3,1,3,1,0,0.0,0.686444103717804,2,stale,0.0,6,252,127,CORRECT,0,0,0,0,0,0,0.0,0.0
margin,live-delta,1,0.0,0.287055,0.576036,0.088348,0.917969,0.297881,0.447881,0.06185990571975708,0.7299630641937256,0.6681031584739685,1.8280168771743774,6.221536159515381,0.48660093545913696,20,3,3,1,3,1,0,0.0,0.5752080678939819,2,stale,0.0,6,253,114,CORRECT,0,0,0,0,0,0,0.0,0.0
margin,live-delta,1,0.0,0.287055,0.576036,0.088348,0.917969,0.297881,0.447881,0.05214470624923706,0.5976381301879883,0.5454934239387512,1.870353102684021,6.4905877113342285,0.48225247859954834,20,3,3,1,3,1,0,0.0,0.4311729371547699,2,stale,0.0,6,254,102,CORRECT,0,0,0,0,0,0,0.0,0.0
margin,live-delta,1,0.0,0.287055,0.576036,0.088348,0.917969,0.297881,0.447881,0.009095430374145508,0.6186673641204834,0.6095719337463379,2.38944149017334,10.907400131225586,0.20700062811374664,20,3,3,1,3,1,0,0.0,0.25513458251953125,2,stale,0.0,6,255,117,CORRECT,0,0,0,0,0,0,0.0,0.0
margin,live-delta,2,0.0,0.287055,0.576036,0.086357,0.921875,0.311599,0.461599,0.08858919143676758,0.5616472959518433,0.4730581045150757,1.3032461404800415,3.681227207183838,0.6498500108718872,12,0,0,1,0,1,0,0.016433492302894592,0.22280466556549072,2,stale,0.0,6,0,7,CORRECT,0,0,0,0,0,0,0.0,0.0
margin,live-delta,2,0.0,0.287055,0.576036,0.086357,0.921875,0.311599,0.461599,0.06531029939651489,0.4198814034461975,0.3545711040496826,0.8643235564231873,2.3733999729156494,0.6680283546447754,3,0,0,1,0,1,1,0.1510390043258667,0.07433962821960449,2,stale,0.0,6,1,0,CORRECT,0,0,0,0,0,0,0.0,0.0
margin,live-delta,2,0.0,0.287055,0.576036,0.086357,0.921875,0.311599,0.461599,0.15834331512451172,0.4902179539203644,0.33187463879585266,0.5151668787002563,1.6739177703857422,0.8848510384559631,5,0,0,1,0,1,0,0.03728359937667847,0.15834331512451172,2,stale,0.0,6,2,17,CORRECT,0,0,0,0,0,0,0.0,0.0
margin,live-delta,2,0.0,0.287055,0.576036,0.086357,0.921875,0.311599,0.461599,0.00620231032371521,0.4598029851913452,0.45360067486763,2.3889505863189697,10.902047157287598,0.19201132655143738,16,0,0,1,0,1,0,0.011994849890470505,0.13865387439727783,2,stale,0.0,6,3,7,CORRECT,0,0,0,0,0,0,0.0,0.0
margin,live-delta,2,0.0,0.287055,0.576036,0.086357,0.921875,0.311599,0.461599,0.0393713116645813,0.49600115418434143,0.45662984251976013,2.5303635597229004,12.55807113647461,0.26725706458091736,20,0,1,0,1,0,1,0.6661855578422546,-0.0393713116645813,0,stale,0.0,6,4,43,BLENDED,0,0,0,0,0,0,0.0,0.0
margin,live-delta,2,0.0,0.287055,0.576036,0.086357,0.921875,0.311599,0.461599,0.01674911379814148,0.42364421486854553,0.40689510107040405,1.8774540424346924,6.536840915679932,0.3413759171962738,9,0,0,1,0,1,0,0.054676324129104614,0.0915776789188385,2,stale,0.0,6,5,17,CORRECT,0,0,0,0,0,0,0.0,0.0
margin,live-delta,2,0.0,0.287055,0.576036,0.086357,0.921875,0.311599,0.461599,0.044088125228881836,0.5367840528488159,0.4926959276199341,2.1753783226013184,8.805516242980957,0.3163958489894867,18,0,0,1,0,1,1,0.3899085521697998,0.044088125228881836,1,stale,0.0,6,6,24,CORRECT,0,0,0,0,0,0,0.0,0.0
margin,live-delta,2,0.0,0.287055,0.576036,0.086357,0.921875,0.311599,0.461599,0.017386168241500854,0.3785971999168396,0.36121103167533875,1.2669214010238647,3.5499069690704346,0.4269229769706726,4,0,1,0,1,0,1,0.5579146146774292,-0.017386168241500854,0,stale,0.0,6,7,61,BLENDED,0,0,0,0,0,0,0.0,0.0
margin,live-delta,2,0.0,0.287055,0.576036,0.086357,0.921875,0.311599,0.461599,0.08456525206565857,0.45839160680770874,0.37382635474205017,1.259574294090271,3.523921012878418,0.6182036399841309,6,0,1,0,1,0,1,0.8147615790367126,-0.10400882363319397,0,stale,0.0,6,8,52,BLENDED,0,0,0,0,0,0,0.0,0.0
margin,live-delta,2,0.0,0.287055,0.576036,0.086357,0.921875,0.311599,0.461599,0.004209160804748535,0.4691773056983948,0.46496814489364624,1.7563122510910034,5.791041851043701,0.3469943702220917,10,0,0,1,0,1,1,0.10216942429542542,0.08444088697433472,2,stale,0.0,6,9,29,CORRECT,0,0,0,0,0,0,0.0,0.0
margin,live-delta,2,0.0,0.287055,0.576036,0.086357,0.921875,0.311599,0.461599,0.14829879999160767,0.6366702318191528,0.48837143182754517,0.4650370180606842,1.5920730829238892,0.9030006527900696,10,0,0,1,0,1,0,0.06906033307313919,0.14829879999160767,2,stale,0.0,6,10,24,CORRECT,0,0,0,0,0,0,0.0,0.0
margin,live-delta,2,0.0,0.287055,0.576036,0.086357,0.921875,0.311599,0.461599,0.016799569129943848,0.3495281934738159,0.33272862434387207,1.5828226804733276,4.868679046630859,0.2877550721168518,5,0,0,1,0,1,0,0.0,0.04678088426589966,1,stale,0.0,6,12,13,CORRECT,0,0,0,0,0,0,0.0,0.0
margin,live-delta,2,0.0,0.287055,0.576036,0.086357,0.921875,0.311599,0.461599,0.09863480925559998,0.5681047439575195,0.46946993470191956,0.8842705488204956,2.421217679977417,0.7843047976493835,11,0,1,0,1,0,1,0.985736608505249,-0.22248366475105286,0,stale,0.0,6,14,35,BLENDED,0,0,0,0,0,0,0.0,0.0
margin,live-delta,2,0.0,0.287055,0.576036,0.086357,0.921875,0.311599,0.461599,0.08912575244903564,0.4009496569633484,0.31182390451431274,0.41214585304260254,1.5100547075271606,0.8560072183609009,2,0,0,1,0,1,1,0.14399279654026031,0.08912575244903564,2,stale,0.0,6,15,19,CORRECT,0,0,0,0,0,0,0.0,0.0
margin,live-delta,2,0.0,0.287055,0.576036,0.086357,0.921875,0.311599,0.461599,0.016982465982437134,0.5011003613471985,0.48411789536476135,2.408212184906006,11.114073753356934,0.24180616438388824,20,0,0,1,1,0,1,0.617266833782196,0.016982465982437134,0,stale,0.0,6,16,24,BLENDED,0,0,0,0,0,0,0.0,0.0
margin,live-delta,2,0.0,0.287055,0.576036,0.086357,0.921875,0.311599,0.461599,0.12077388167381287,0.38686105608940125,0.2660871744155884,-0.0,1.0,1.0,1,0,0,1,0,1,0,0.0,0.13998815417289734,2,stale,0.0,6,17,15,CORRECT,0,0,0,0,0,0,0.0,0.0
margin,live-delta,2,0.0,0.287055,0.576036,0.086357,0.921875,0.311599,0.461599,0.05058789253234863,0.3627921938896179,0.3122043013572693,0.5798841118812561,1.7858314514160156,0.7333640456199646,2,0,0,1,0,1,0,0.0,0.07699248194694519,2,stale,0.0,6,18,7,CORRECT,0,0,0,0,0,0,0.0,0.0
margin,live-delta,2,0.0,0.287055,0.576036,0.086357,0.921875,0.311599,0.461599,0.24001169204711914,0.697227954864502,0.4572162628173828,0.22108611464500427,1.2474308013916016,0.966892659664154,16,0,0,1,0,1,0,0.009439514949917793,0.2588767409324646,2,stale,0.0,6,20,17,CORRECT,0,0,0,0,0,0,0.0,0.0
margin,live-delta,2,0.0,0.287055,0.576036,0.086357,0.921875,0.311599,0.461599,0.10926885902881622,0.34342271089553833,0.2341538518667221,-0.0,1.0,1.0,1,0,0,1,0,1,0,0.0,0.10926885902881622,2,stale,0.0,6,21,19,CORRECT,0,0,0,0,0,0,0.0,0.0
margin,live-delta,2,0.0,0.287055,0.576036,0.086357,0.921875,0.311599,0.461599,0.031585752964019775,0.32356977462768555,0.29198402166366577,-0.0,1.0,1.0,1,0,0,1,0,1,0,0.0,0.04690989851951599,1,stale,0.0,6,23,5,CORRECT,0,0,0,0,0,0,0.0,0.0
margin,live-delta,2,0.0,0.287055,0.576036,0.086357,0.921875,0.311599,0.461599,0.07864773273468018,0.5750564336776733,0.49640870094299316,1.2538965940475464,3.50396990776062,0.6846463084220886,17,0,0,1,0,1,0,0.06157451122999191,0.13445734977722168,2,stale,0.0,6,24,17,CORRECT,0,0,0,0,0,0,0.0,0.0
margin,live-delta,2,0.0,0.287055,0.576036,0.086357,0.921875,0.311599,0.461599,0.04762154817581177,0.37726837396621704,0.3296468257904053,0.5914321541786194,1.8065738677978516,0.7216038107872009,2,0,0,1,0,1,0,0.0,0.11129796504974365,2,stale,0.0,6,25,26,CORRECT,0,0,0,0,0,0,0.0,0.0
margin,live-delta,2,0.0,0.287055,0.576036,0.086357,0.921875,0.311599,0.461599,0.05207479000091553,0.40230363607406616,0.35022884607315063,1.2028149366378784,3.3294761180877686,0.5297130346298218,4,0,1,0,1,0,1,0.5297130346298218,-0.05207479000091553,0,stale,0.0,6,26,52,BLENDED,0,0,0,0,0,0,0.0,0.0
margin,live-delta,2,0.0,0.287055,0.576036,0.086357,0.921875,0.311599,0.461599,0.002972900867462158,0.44835323095321655,0.4453803300857544,2.509815216064453,12.302656173706055,0.17043210566043854,17,0,0,1,0,1,1,0.12120737880468369,0.06983911991119385,2,stale,0.0,6,27,17,CORRECT,0,0,0,0,0,0,0.0,0.0
margin,live-delta,2,0.0,0.287055,0.576036,0.086357,0.921875,0.311599,0.461599,0.015471339225769043,0.32633835077285767,0.3108670115470886,-0.0,1.0,1.0,1,0,1,0,1,0,1,1.0,-0.015471339225769043,0,stale,0.0,6,28,39,BLENDED,0,0,0,0,0,0,0.0,0.0
margin,live-delta,2,0.0,0.287055,0.576036,0.086357,0.921875,0.311599,0.461599,0.03304925560951233,0.33918243646621704,0.3061331808567047,-0.0,1.0,1.0,1,0,1,0,1,0,1,1.0,-0.03304925560951233,0,stale,0.0,6,29,50,BLENDED,0,0,0,0,0,0,0.0,0.0
margin,live-delta,2,0.0,0.287055,0.576036,0.086357,0.921875,0.311599,0.461599,0.18138855695724487,0.5200752019882202,0.33868664503097534,0.29180455207824707,1.3388413190841675,0.9399675726890564,4,0,0,1,0,1,0,0.0,0.21417245268821716,2,stale,0.0,6,30,17,CORRECT,0,0,0,0,0,0,0.0,0.0
margin,live-delta,2,0.0,0.287055,0.576036,0.086357,0.921875,0.311599,0.461599,0.027149081230163574,0.46322065591812134,0.43607157468795776,1.7652288675308228,5.842909336090088,0.3795032799243927,10,0,0,1,0,1,1,0.34394803643226624,0.027149081230163574,1,stale,0.0,6,31,24,CORRECT,0,0,0,0,0,0,0.0,0.0
margin,live-delta,2,0.0,0.287055,0.576036,0.086357,0.921875,0.311599,0.461599,0.2848507761955261,0.7049044370651245,0.4200536608695984,0.08263266831636429,1.0861427783966064,0.9884241223335266,8,0,0,1,0,1,0,0.0008257394656538963,0.35437941551208496,2,stale,0.0,6,32,2,CORRECT,0,0,0,0,0,0,0.0,0.0
margin,live-delta,2,0.0,0.287055,0.576036,0.086357,0.921875,0.311599,0.461599,0.06312143802642822,0.3594024181365967,0.29628098011016846,-0.0,1.0,1.0,1,0,0,1,0,1,0,0.0,0.08312207460403442,2,stale,0.0,6,33,8,CORRECT,0,0,0,0,0,0,0.0,0.0
margin,live-delta,2,0.0,0.287055,0.576036,0.086357,0.921875,0.311599,0.461599,0.027742385864257812,0.32225531339645386,0.29451292753219604,-0.0,1.0,1.0,1,0,0,1,0,1,0,0.0,0.07282248139381409,2,stale,0.0,6,34,21,CORRECT,0,0,0,0,0,0,0.0,0.0
margin,live-delta,2,0.0,0.287055,0.576036,0.086357,0.921875,0.311599,0.461599,0.06539866328239441,0.5084764957427979,0.44307783246040344,2.093137502670288,8.110321044921875,0.4210186004638672,16,0,0,1,0,1,0,0.048695486038923264,0.1497911810874939,2,stale,0.0,6,35,2,CORRECT,0,0,0,0,0,0,0.0,0.0
margin,live-delta,2,0.0,0.287055,0.576036,0.086357,0.921875,0.311599,0.461599,0.051814109086990356,0.33738306164741516,0.2855689525604248,-0.0,1.0,1.0,1,0,1,0,1,0,1,1.0,-0.051814109086990356,0,stale,0.0,6,36,44,BLENDED,0,0,0,0,0,0,0.0,0.0
margin,live-delta,2,0.0,0.287055,0.576036,0.086357,0.921875,0.311599,0.461599,0.07707512378692627,0.5940665006637573,0.516991376876831,0.8981021642684937,2.454939603805542,0.746308445930481,9,0,1,0,1,0,1,0.8046036958694458,-0.07707512378692627,0,stale,0.0,6,37,54,BLENDED,0,0,0,0,0,0,0.0,0.0
margin,live-delta,2,0.0,0.287055,0.576036,0.086357,0.921875,0.311599,0.461599,0.014270961284637451,0.5052318572998047,0.49096089601516724,2.2811343669891357,9.787776947021484,0.25222769379615784,19,0,1,0,0,1,1,0.3953687846660614,-0.014270961284637451,0,stale,0.0,6,38,38,CORRECT,0,0,0,0,0,0,0.0,0.0
margin,live-delta,2,0.0,0.287055,0.576036,0.086357,0.921875,0.311599,0.461599,0.014461219310760498,0.36777839064598083,0.35331717133522034,0.6827991008758545,1.9794105291366577,0.5718063116073608,2,0,0,1,0,1,0,0.0,0.08107396960258484,2,stale,0.0,6,39,3,CORRECT,0,0,0,0,0,0,0.0,0.0
margin,live-delta,2,0.0,0.287055,0.576036,0.086357,0.921875,0.311599,0.461599,0.05741870403289795,0.47338902950286865,0.4159703254699707,2.0909223556518555,8.092375755310059,0.38844844698905945,14,0,0,1,0,1,1,0.28314295411109924,0.05741870403289795,2,stale,0.0,6,40,2,CORRECT,0,0,0,0,0,0,0.0,0.0
margin,live-delta,2,0.0,0.287055,0.576036,0.086357,0.921875,0.311599,0.461599,0.039655596017837524,0.4543263018131256,0.4146707057952881,2.3226935863494873,10.203120231628418,0.30083978176116943,15,0,1,0,1,0,1,0.8953903317451477,-0.08841025829315186,0,stale,0.0,6,41,44,BLENDED,0,0,0,0,0,0,0.0,0.0
margin,live-delta,2,0.0,0.287055,0.576036,0.086357,0.921875,0.311599,0.461599,0.07625147700309753,0.4363560974597931,0.36010462045669556,1.3425012826919556,3.8286080360412598,0.5769670605659485,6,0,0,1,0,1,0,0.06450887769460678,0.1095491349697113,2,stale,0.0,6,44,20,CORRECT,0,0,0,0,0,0,0.0,0.0
margin,live-delta,2,0.0,0.287055,0.576036,0.086357,0.921875,0.311599,0.461599,0.15382620692253113,0.6251209378242493,0.47129473090171814,0.7002391815185547,2.0142343044281006,0.8621388673782349,17,0,1,0,1,0,1,0.9356136918067932,-0.15382620692253113,0,stale,0.0,6,46,61,BLENDED,0,0,0,0,0,0,0.0,0.0
margin,live-delta,2,0.0,0.287055,0.576036,0.086357,0.921875,0.311599,0.461599,0.018756568431854248,0.5020971894264221,0.48334062099456787,1.4544872045516968,4.282287120819092,0.4778688848018646,11,0,0,1,0,1,0,0.019838200882077217,0.15908634662628174,2,stale,0.0,6,47,21,CORRECT,0,0,0,0,0,0,0.0,0.0
margin,live-delta,2,0.0,0.287055,0.576036,0.086357,0.921875,0.311599,0.461599,0.03281363844871521,0.46319881081581116,0.43038517236709595,1.3537354469299316,3.871861696243286,0.4942174553871155,6,0,0,1,0,1,0,0.0,0.20571187138557434,2,stale,0.0,6,48,21,CORRECT,0,0,0,0,0,0,0.0,0.0
margin,live-delta,2,0.0,0.287055,0.576036,0.086357,0.921875,0.311599,0.461599,0.11248421669006348,0.5731854438781738,0.46070122718811035,0.49450692534446716,1.639689564704895,0.871116578578949,5,0,1,0,1,0,1,0.8840647339820862,-0.11248421669006348,0,stale,0.0,6,49,52,BLENDED,0,0,0,0,0,0,0.0,0.0
margin,live-delta,2,0.0,0.287055,0.576036,0.086357,0.921875,0.311599,0.461599,0.07074281573295593,0.3467070162296295,0.2759642004966736,-0.0,1.0,1.0,1,0,0,1,0,1,0,0.0,0.11189362406730652,2,stale,0.0,6,51,3,CORRECT,0,0,0,0,0,0,0.0,0.0
margin,live-delta,2,0.0,0.287055,0.576036,0.086357,0.921875,0.311599,0.461599,0.011517971754074097,0.4511723518371582,0.4396543800830841,2.187530994415283,8.913179397583008,0.23279322683811188,13,0,0,1,0,1,0,0.01678171195089817,0.13149303197860718,2,stale,0.0,6,52,2,CORRECT,0,0,0,0,0,0,0.0,0.0
margin,live-delta,2,0.0,0.287055,0.576036,0.086357,0.921875,0.311599,0.461599,0.14629903435707092,0.6028329730033875,0.45653393864631653,0.9329838752746582,2.5420830249786377,0.8179481625556946,19,0,0,1,0,1,0,0.09007616341114044,0.14629903435707092,2,stale,0.0,6,54,2,CORRECT,0,0,0,0,0,0,0.0,0.0
margin,live-delta,2,0.0,0.287055,0.576036,0.086357,0.921875,0.311599,0.461599,0.06897953152656555,0.37228965759277344,0.3033101260662079,-0.0,1.0,1.0,1,0,0,1,0,1,0,0.0,0.071353018283844,2,stale,0.0,6,55,15,CORRECT,0,0,0,0,0,0,0.0,0.0
margin,live-delta,2,0.0,0.287055,0.576036,0.086357,0.921875,0.311599,0.461599,0.06793481111526489,0.5061884522438049,0.43825364112854004,1.959555983543396,7.096175670623779,0.44841116666793823,15,0,0,1,0,1,0,0.06590141355991364,0.146622896194458,2,stale,0.0,6,56,17,CORRECT,0,0,0,0,0,0,0.0,0.0
margin,live-delta,2,0.0,0.287055,0.576036,0.086357,0.921875,0.311599,0.461599,0.04630231857299805,0.5316430330276489,0.4853407144546509,1.3249473571777344,3.7619872093200684,0.5720018744468689,10,0,1,0,1,0,1,0.9913573861122131,-0.20962217450141907,0,stale,0.0,6,57,36,BLENDED,0,0,0,0,0,0,0.0,0.0
margin,live-delta,2,0.0,0.287055,0.576036,0.086357,0.921875,0.311599,0.461599,0.021666288375854492,0.5414921045303345,0.51982581615448,1.8998229503631592,6.68471097946167,0.40512457489967346,17,0,0,1,0,1,1,0.15843600034713745,0.09511896967887878,2,stale,0.0,6,58,24,CORRECT,0,0,0,0,0,0,0.0,0.0
margin,live-delta,2,0.0,0.287055,0.576036,0.086357,0.921875,0.311599,0.461599,0.032430291175842285,0.4432842433452606,0.41085395216941833,1.543518304824829,4.681030750274658,0.4175463616847992,7,0,0,1,0,1,0,0.040286991745233536,0.11691835522651672,2,stale,0.0,6,59,30,CORRECT,0,0,0,0,0,0,0.0,0.0
margin,live-delta,2,0.0,0.287055,0.576036,0.086357,0.921875,0.311599,0.461599,0.06810936331748962,0.34254106879234314,0.2744317054748535,-0.0,1.0,1.0,1,0,0,1,0,1,0,0.0,0.06810936331748962,2,stale,0.0,6,60,26,CORRECT,0,0,0,0,0,0,0.0,0.0
margin,live-delta,2,0.0,0.287055,0.576036,0.086357,0.921875,0.311599,0.461599,0.024371206760406494,0.3937024772167206,0.3693312704563141,2.592839002609253,13.367668151855469,0.1641591638326645,15,0,0,1,0,1,1,0.23539882898330688,0.036554932594299316,1,stale,0.0,6,61,17,CORRECT,0,0,0,0,0,0,0.0,0.0
margin,live-delta,2,0.0,0.287055,0.576036,0.086357,0.921875,0.311599,0.461599,0.030297040939331055,0.5292019248008728,0.49890488386154175,1.7904984951019287,5.992438793182373,0.4130900502204895,16,0,0,1,0,1,1,0.3081640303134918,0.030297040939331055,1,stale,0.0,6,62,17,CORRECT,0,0,0,0,0,0,0.0,0.0
margin,live-delta,2,0.0,0.287055,0.576036,0.086357,0.921875,0.311599,0.461599,0.1494896113872528,0.5652795433998108,0.415789932012558,0.8102369904518127,2.248440742492676,0.8307314515113831,11,0,0,1,0,1,0,0.023213902488350868,0.19215190410614014,2,stale,0.0,6,63,17,CORRECT,0,0,0,0,0,0,0.0,0.0
margin,live-delta,2,0.0,0.287055,0.576036,0.086357,0.921875,0.311599,0.461599,0.04837492108345032,0.5429256558418274,0.4945507347583771,2.176018714904785,8.811156272888184,0.3306499123573303,17,1,1,1,1,1,0,0.003855600720271468,0.22257667779922485,2,stale,0.0,6,64,49,CORRECT,0,0,0,0,0,0,0.0,0.0
margin,live-delta,2,0.0,0.287055,0.576036,0.086357,0.921875,0.311599,0.461599,0.0578310489654541,0.6803346872329712,0.6225036382675171,1.7446106672286987,5.723672389984131,0.4974486529827118,20,1,1,1,1,1,0,0.011930507607758045,0.2098725438117981,2,stale,0.0,6,65,49,CORRECT,0,0,0,0,0,0,0.0,0.0
margin,live-delta,2,0.0,0.287055,0.576036,0.086357,0.921875,0.311599,0.461599,0.07482990622520447,0.44970446825027466,0.3748745620250702,0.7568176984786987,2.1314823627471924,0.7336860299110413,3,1,0,0,0,0,1,0.7336860299110413,-0.07482990622520447,0,stale,0.0,6,66,8,BLENDED,0,0,0,0,0,0,0.0,0.0
margin,live-delta,2,0.0,0.287055,0.576036,0.086357,0.921875,0.311599,0.461599,0.05244165658950806,0.4750416874885559,0.42260003089904785,1.3092254400253296,3.7033042907714844,0.5670456886291504,7,1,1,1,1,1,0,0.03233282268047333,0.14321786165237427,2,stale,0.0,6,67,37,CORRECT,0,0,0,0,0,0,0.0,0.0
margin,live-delta,2,0.0,0.287055,0.576036,0.086357,0.921875,0.311599,0.461599,0.012731552124023438,0.6514356136322021,0.6387040615081787,1.5806671380996704,4.858195781707764,0.3464452028274536,20,1,1,1,1,1,0,0.00041275727562606335,0.33663100004196167,2,stale,0.0,6,68,55,CORRECT,0,0,0,0,0,0,0.0,0.0
margin,live-delta,2,0.0,0.287055,0.576036,0.086357,0.921875,0.311599,0.461599,0.09354740381240845,0.673875093460083,0.5803276896476746,0.9620742201805115,2.617119312286377,0.7585707306861877,16,1,1,1,1,1,0,0.014356509782373905,0.2282102108001709,2,stale,0.0,6,69,41,CORRECT,0,0,0,0,0,0,0.0,0.0
margin,live-delta,2,0.0,0.287055,0.576036,0.086357,0.921875,0.311599,0.461599,0.01679331064224243,0.36933302879333496,0.35253971815109253,1.3346672058105469,3.798731565475464,0.366317480802536,4,1,1,1,1,1,0,0.0,0.11301720142364502,2,stale,0.0,6,70,37,CORRECT,0,0,0,0,0,0,0.0,0.0
margin,live-delta,2,0.0,0.287055,0.576036,0.086357,0.921875,0.311599,0.461599,0.014739274978637695,0.6308947801589966,0.6161555051803589,1.4941768646240234,4.455667495727539,0.39146164059638977,18,1,0,0,1,1,1,0.42858392000198364,-0.014739274978637695,0,stale,0.0,6,71,24,CORRECT,0,0,0,0,0,0,0.0,0.0
margin,live-delta,2,0.0,0.287055,0.576036,0.086357,0.921875,0.311599,0.461599,0.024615049362182617,0.7187014818191528,0.6940864324569702,1.0595003366470337,2.8849291801452637,0.570257842540741,20,1,1,1,1,1,0,0.03537711501121521,0.15931344032287598,2,stale,0.0,6,72,51,CORRECT,0,0,0,0,0,0,0.0,0.0
margin,live-delta,2,0.0,0.287055,0.576036,0.086357,0.921875,0.311599,0.461599,0.05615776777267456,0.6409323215484619,0.5847745537757874,1.8633965253829956,6.445592403411865,0.414867103099823,16,1,1,1,1,1,0,0.02192188985645771,0.18032974004745483,2,stale,0.0,6,73,41,CORRECT,0,0,0,0,0,0,0.0,0.0
margin,live-delta,2,0.0,0.287055,0.576036,0.086357,0.921875,0.311599,0.461599,0.13656732439994812,0.5914551019668579,0.4548877775669098,0.6786210536956787,1.9711577892303467,0.8429398536682129,7,1,1,1,1,1,0,0.08891836553812027,0.15459880232810974,2,stale,0.0,6,74,34,CORRECT,0,0,0,0,0,0,0.0,0.0
margin,live-delta,2,0.0,0.287055,0.576036,0.086357,0.921875,0.311599,0.461599,0.09804314374923706,0.6537768840789795,0.5557337403297424,1.78684663772583,5.970595359802246,0.5602211952209473,20,1,1,1,1,1,0,0.001474394230172038,0.29700422286987305,2,stale,0.0,6,75,49,CORRECT,0,0,0,0,0,0,0.0,0.0
margin,live-delta,2,0.0,0.287055,0.576036,0.086357,0.921875,0.311599,0.461599,0.07732564210891724,0.6243658065795898,0.5470401644706726,1.4373844861984253,4.2096710205078125,0.6071254014968872,18,1,1,1,1,1,0,0.012640685774385929,0.2234358787536621,2,stale,0.0,6,76,58,CORRECT,0,0,0,0,0,0,0.0,0.0
margin,live-delta,2,0.0,0.287055,0.576036,0.086357,0.921875,0.311599,0.461599,0.004162102937698364,0.4389645755290985,0.43480247259140015,1.429748773574829,4.17764949798584,0.3286038935184479,5,1,1,1,1,1,1,0.19668710231781006,0.025661945343017578,1,stale,0.0,6,77,38,CORRECT,0,0,0,0,0,0,0.0,0.0
margin,live-delta,2,0.0,0.287055,0.576036,0.086357,0.921875,0.311599,0.461599,0.2178201973438263,0.5824568271636963,0.36463662981987,0.23017236590385437,1.2588169574737549,0.9583181142807007,5,1,1,1,1,1,0,0.007221005856990814,0.24440926313400269,2,stale,0.0,6,78,37,CORRECT,0,0,0,0,0,0,0.0,0.0
margin,live-delta,2,0.0,0.287055,0.576036,0.086357,0.921875,0.311599,0.461599,0.00254899263381958,0.5849636793136597,0.5824146866798401,2.090261459350586,8.087029457092285,0.21739733219146729,20,1,1,1,1,1,0,0.013645839877426624,0.15678945183753967,2,stale,0.0,6,79,48,CORRECT,0,0,0,0,0,0,0.0,0.0
margin,live-delta,2,0.0,0.287055,0.576036,0.086357,0.921875,0.311599,0.461599,0.002153635025024414,0.5883429050445557,0.5861892700195312,2.3287007808685303,10.264596939086914,0.213507741689682,20,1,1,1,1,1,0,0.004190461710095406,0.21522527933120728,2,stale,0.0,6,80,48,CORRECT,0,0,0,0,0,0,0.0,0.0
margin,live-delta,2,0.0,0.287055,0.576036,0.086357,0.921875,0.311599,0.461599,0.1268346905708313,0.623031497001648,0.49619680643081665,1.0140678882598877,2.7567925453186035,0.7793291211128235,18,1,1,1,1,1,0,0.02206771820783615,0.1863071620464325,2,stale,0.0,6,81,49,CORRECT,0,0,0,0,0,0,0.0,0.0
margin,live-delta,2,0.0,0.287055,0.576036,0.086357,0.921875,0.311599,0.461599,0.009584277868270874,0.46435844898223877,0.4547741711139679,2.041076421737671,7.698892116546631,0.2482905387878418,10,1,1,1,1,1,1,0.12322204560041428,0.07170343399047852,2,stale,0.0,6,82,53,CORRECT,0,0,0,0,0,0,0.0,0.0
margin,live-delta,2,0.0,0.287055,0.576036,0.086357,0.921875,0.311599,0.461599,0.13681194186210632,0.6299456357955933,0.49313369393348694,1.0418275594711304,2.8343923091888428,0.7697928547859192,16,1,1,1,1,1,1,0.10626252740621567,0.13681194186210632,2,stale,0.0,6,83,38,CORRECT,0,0,0,0,0,0,0.0,0.0
margin,live-delta,2,0.0,0.287055,0.576036,0.086357,0.921875,0.311599,0.461599,0.03274679183959961,0.5804134607315063,0.5476666688919067,2.046370029449463,7.739755153656006,0.364693820476532,17,1,1,1,1,1,0,0.0,0.35087868571281433,2,stale,0.0,6,84,44,CORRECT,0,0,0,0,0,0,0.0,0.0
margin,live-delta,2,0.0,0.287055,0.576036,0.086357,0.921875,0.311599,0.461599,0.024288594722747803,0.7276468276977539,0.7033582329750061,1.8550394773483276,6.391950607299805,0.3497331440448761,20,1,1,1,1,1,0,0.0,0.399070143699646,2,stale,0.0,6,85,48,CORRECT,0,0,0,0,0,0,0.0,0.0
margin,live-delta,2,0.0,0.287055,0.576036,0.086357,0.921875,0.311599,0.461599,0.027054309844970703,0.5935630798339844,0.5665087699890137,2.296576738357544,9.940096855163574,0.2786312401294708,20,1,1,1,1,1,0,0.0012756222859025002,0.2693227529525757,2,stale,0.0,6,86,43,CORRECT,0,0,0,0,0,0,0.0,0.0
margin,live-delta,2,0.0,0.287055,0.576036,0.086357,0.921875,0.311599,0.461599,0.00391995906829834,0.381297767162323,0.37737780809402466,1.0020332336425781,2.7238142490386963,0.44609197974205017,3,1,0,0,1,1,1,0.44609197974205017,-0.00391995906829834,0,stale,0.0,6,87,20,CORRECT,0,0,0,0,0,0,0.0,0.0
margin,live-delta,2,0.0,0.287055,0.576036,0.086357,0.921875,0.311599,0.461599,0.08866894245147705,0.6758197546005249,0.5871508121490479,0.7807110548019409,2.1830239295959473,0.7757154107093811,10,1,1,1,1,1,0,0.000603705586399883,0.3579227328300476,2,stale,0.0,6,88,45,CORRECT,0,0,0,0,0,0,0.0,0.0
margin,live-delta,2,0.0,0.287055,0.576036,0.086357,0.921875,0.311599,0.461599,0.02692621946334839,0.7672025561332703,0.7402763366699219,1.1061615943908691,3.022733688354492,0.5340780019760132,14,1,0,0,0,0,1,0.845770537853241,-0.07573270797729492,0,stale,0.0,6,89,31,BLENDED,0,0,0,0,0,0,0.0,0.0
margin,live-delta,2,0.0,0.287055,0.576036,0.086357,0.921875,0.311599,0.461599,0.34611284732818604,0.9362046718597412,0.5900918245315552,0.014412960037589073,1.0145173072814941,0.9983540773391724,15,1,1,1,1,1,0,9.719196532387286e-05,0.5132040977478027,2,stale,0.0,6,90,38,CORRECT,0,0,0,0,0,0,0.0,0.0
margin,live-delta,2,0.0,0.287055,0.576036,0.086357,0.921875,0.311599,0.461599,0.07226181030273438,0.5792669057846069,0.5070050954818726,1.8949521780014038,6.652230262756348,0.48577880859375,17,1,1,1,1,1,0,0.014934949576854706,0.20020031929016113,2,stale,0.0,6,91,54,CORRECT,0,0,0,0,0,0,0.0,0.0
margin,live-delta,2,0.0,0.287055,0.576036,0.086357,0.921875,0.311599,0.461599,0.031079202890396118,0.41078686714172363,0.3797076642513275,0.9069941639900208,2.4768662452697754,0.5857169032096863,3,1,1,1,1,1,0,0.09969857335090637,0.08853426575660706,2,stale,0.0,6,92,60,CORRECT,0,0,0,0,0,0,0.0,0.0
margin,live-delta,2,0.0,0.287055,0.576036,0.086357,0.921875,0.311599,0.461599,0.10733836889266968,0.764479398727417,0.6571410298347473,0.8879188895225525,2.4300670623779297,0.7709000110626221,14,1,1,1,1,1,0,0.0,0.5251755714416504,2,stale,0.0,6,93,35,CORRECT,0,0,0,0,0,0,0.0,0.0
margin,live-delta,2,0.0,0.287055,0.576036,0.086357,0.921875,0.311599,0.461599,0.01648038625717163,0.5139942765235901,0.49751389026641846,2.664717674255371,14.363893508911133,0.20356102287769318,20,1,1,1,1,1,0,0.0436566136777401,0.10119685530662537,2,stale,0.0,6,94,51,CORRECT,0,0,0,0,0,0,0.0,0.0
margin,live-delta,2,0.0,0.287055,0.576036,0.086357,0.921875,0.311599,0.461599,0.01819002628326416,0.6271648406982422,0.608974814414978,1.7878310680389404,5.976475715637207,0.3302869498729706,20,1,1,1,1,1,0,0.02196965366601944,0.16906660795211792,2,stale,0.0,6,95,58,CORRECT,0,0,0,0,0,0,0.0,0.0
margin,live-delta,2,0.0,0.287055,0.576036,0.086357,0.921875,0.311599,0.461599,0.11423242092132568,0.8080053329467773,0.6937729120254517,0.8106898665428162,2.2494592666625977,0.8140936493873596,18,1,1,1,1,1,0,0.0,0.5019088387489319,2,stale,0.0,6,96,35,CORRECT,0,0,0,0,0,0,0.0,0.0
margin,live-delta,2,0.0,0.287055,0.576036,0.086357,0.921875,0.311599,0.461599,0.05946579575538635,0.3648052513599396,0.3053394556045532,-0.0,1.0,1.0,1,1,1,1,1,1,0,0.0,0.05946579575538635,2,stale,0.0,6,97,60,CORRECT,0,0,0,0,0,0,0.0,0.0
margin,live-delta,2,0.0,0.287055,0.576036,0.086357,0.921875,0.311599,0.461599,0.010035574436187744,0.6971126794815063,0.6870771050453186,1.7807143926620483,5.934094429016113,0.2926981449127197,20,1,1,1,1,1,0,0.0,0.3806838095188141,2,stale,0.0,6,98,44,CORRECT,0,0,0,0,0,0,0.0,0.0
margin,live-delta,2,0.0,0.287055,0.576036,0.086357,0.921875,0.311599,0.461599,0.01874375343322754,0.5285130143165588,0.5097692608833313,1.2531805038452148,3.5014617443084717,0.4760987162590027,7,1,1,1,1,1,0,0.0,0.21970665454864502,2,stale,0.0,6,99,36,CORRECT,0,0,0,0,0,0,0.0,0.0
margin,live-delta,2,0.0,0.287055,0.576036,0.086357,0.921875,0.311599,0.461599,0.07248339056968689,0.5363495945930481,0.4638662040233612,1.6838213205337524,5.386098861694336,0.5563141703605652,17,1,1,1,1,1,0,0.006689152680337429,0.22104230523109436,2,stale,0.0,6,100,48,CORRECT,0,0,0,0,0,0,0.0,0.0
margin,live-delta,2,0.0,0.287055,0.576036,0.086357,0.921875,0.311599,0.461599,0.007860839366912842,0.6223558783531189,0.614495038986206,2.175159215927124,8.803586959838867,0.21601088345050812,20,1,1,1,1,1,0,0.008824124000966549,0.18231672048568726,2,stale,0.0,6,101,58,CORRECT,0,0,0,0,0,0,0.0,0.0
margin,live-delta,2,0.0,0.287055,0.576036,0.086357,0.921875,0.311599,0.461599,0.11691057682037354,0.8418571949005127,0.7249466180801392,0.6194812655448914,1.857964038848877,0.8579918146133423,20,1,1,1,1,1,0,0.0,0.5691530704498291,2,stale,0.0,6,102,35,CORRECT,0,0,0,0,0,0,0.0,0.0
margin,live-delta,2,0.0,0.287055,0.576036,0.086357,0.921875,0.311599,0.461599,0.05623912811279297,0.7818701267242432,0.7256309986114502,1.135834813117981,3.113771915435791,0.6564619541168213,19,1,1,1,1,1,0,0.0,0.4816293716430664,2,stale,0.0,6,103,35,CORRECT,0,0,0,0,0,0,0.0,0.0
margin,live-delta,2,0.0,0.287055,0.576036,0.086357,0.921875,0.311599,0.461599,0.09437793493270874,0.7348703742027283,0.6404924392700195,1.0301930904388428,2.8016066551208496,0.7302265763282776,18,1,1,1,1,1,0,0.0,0.5042364597320557,2,stale,0.0,6,104,62,CORRECT,0,0,0,0,0,0,0.0,0.0
margin,live-delta,2,0.0,0.287055,0.576036,0.086357,0.921875,0.311599,0.461599,0.056365251541137695,0.693533182144165,0.6371679306030273,1.5434908866882324,4.680902481079102,0.5124422907829285,19,1,1,1,1,1,0,0.0002471815387252718,0.3818410038948059,2,stale,0.0,6,105,35,CORRECT,0,0,0,0,0,0,0.0,0.0
margin,live-delta,2,0.0,0.287055,0.576036,0.086357,0.921875,0.311599,0.461599,0.12120801210403442,0.7400966286659241,0.6188886165618896,0.6892560124397278,1.9922327995300293,0.8500022888183594,16,1,1,1,1,1,0,0.0,0.4675822854042053,2,stale,0.0,6,106,35,CORRECT,0,0,0,0,0,0,0.0,0.0
margin,live-delta,2,0.0,0.287055,0.576036,0.086357,0.921875,0.311599,0.461599,0.016118526458740234,0.5859113931655884,0.5697928667068481,2.126347541809082,8.384187698364258,0.3151897192001343,20,1,1,1,1,1,0,0.0024993850383907557,0.24185651540756226,2,stale,0.0,6,107,45,CORRECT,0,0,0,0,0,0,0.0,0.0
margin,live-delta,2,0.0,0.287055,0.576036,0.086357,0.921875,0.311599,0.461599,0.017119288444519043,0.4537702202796936,0.43665093183517456,0.9869199991226196,2.6829581260681152,0.5309136509895325,4,1,1,1,1,1,0,0.09209804236888885,0.11738362908363342,2,stale,0.0,6,108,39,CORRECT,0,0,0,0,0,0,0.0,0.0
margin,live-delta,2,0.0,0.287055,0.576036,0.086357,0.921875,0.311599,0.461599,0.02263900637626648,0.4125114977359772,0.3898724913597107,2.0538783073425293,7.798085689544678,0.2964126467704773,10,1,1,1,1,1,0,0.0,0.13866844773292542,2,stale,0.0,6,109,51,CORRECT,0,0,0,0,0,0,0.0,0.0
margin,live-delta,2,0.0,0.287055,0.576036,0.086357,0.921875,0.311599,0.461599,0.03018951416015625,0.5871216654777527,0.5569321513175964,2.4558796882629395,11.656682968139648,0.2351093888282776,20,1,1,1,1,1,0,0.012890554964542389,0.17510518431663513,2,stale,0.0,6,110,34,CORRECT,0,0,0,0,0,0,0.0,0.0
margin,live-delta,2,0.0,0.287055,0.576036,0.086357,0.921875,0.311599,0.461599,0.008567750453948975,0.7654634714126587,0.7568957209587097,1.1171936988830566,3.056265354156494,0.4846200942993164,19,1,1,1,1,1,0,0.02371542528271675,0.1714400053024292,2,stale,0.0,6,111,58,CORRECT,0,0,0,0,0,0,0.0,0.0
margin,live-delta,2,0.0,0.287055,0.576036,0.086357,0.921875,0.311599,0.461599,0.060206472873687744,0.7512066960334778,0.69100022315979,1.2067828178405762,3.3427131175994873,0.6480710506439209,20,1,1,1,1,1,0,0.005936381407082081,0.24918127059936523,2,stale,0.0,6,112,51,CORRECT,0,0,0,0,0,0,0.0,0.0
margin,live-delta,2,0.0,0.287055,0.576036,0.086357,0.921875,0.311599,0.461599,0.07162243127822876,0.36166900396347046,0.2900465726852417,-0.0,1.0,1.0,1,1,1,1,1,1,0,0.0,0.07162243127822876,2,stale,0.0,6,113,38,CORRECT,0,0,0,0,0,0,0.0,0.0
margin,live-delta,2,0.0,0.287055,0.576036,0.086357,0.921875,0.311599,0.461599,0.005623340606689453,0.584922194480896,0.5792988538742065,2.0654523372650146,7.8888654708862305,0.25149863958358765,17,1,1,1,1,1,0,0.0,0.38961493968963623,2,stale,0.0,6,114,44,CORRECT,0,0,0,0,0,0,0.0,0.0
margin,live-delta,2,0.0,0.287055,0.576036,0.086357,0.921875,0.311599,0.461599,0.03806394338607788,0.7111191749572754,0.6730552315711975,1.6303398609161377,5.105609893798828,0.4417669177055359,20,1,1,1,1,1,0,0.0009086588397622108,0.32796382904052734,2,stale,0.0,6,115,35,CORRECT,0,0,0,0,0,0,0.0,0.0
margin,live-delta,2,0.0,0.287055,0.576036,0.086357,0.921875,0.311599,0.461599,0.00668671727180481,0.40673741698265076,0.40005069971084595,2.0148143768310547,7.499335289001465,0.20479992032051086,9,1,0,0,0,0,1,0.6419104337692261,-0.00668671727180481,0,stale,0.0,6,116,4,BLENDED,0,0,0,0,0,0,0.0,0.0
margin,live-delta,2,0.0,0.287055,0.576036,0.086357,0.921875,0.311599,0.461599,0.030077993869781494,0.3963007926940918,0.3662227988243103,0.6498798131942749,1.9153106212615967,0.6460131406784058,2,1,1,1,1,1,0,0.0,0.12943902611732483,2,stale,0.0,6,117,50,CORRECT,0,0,0,0,0,0,0.0,0.0
margin,live-delta,2,0.0,0.287055,0.576036,0.086357,0.921875,0.311599,0.461599,0.04059028625488281,0.6312181949615479,0.590627908706665,1.7536301612854004,5.775530815124512,0.4911603331565857,20,1,1,1,1,1,0,0.03495302423834801,0.16091442108154297,2,stale,0.0,6,118,51,CORRECT,0,0,0,0,0,0,0.0,0.0
margin,live-delta,2,0.0,0.287055,0.576036,0.086357,0.921875,0.311599,0.461599,0.21062010526657104,0.8552870154380798,0.6446669101715088,0.14171595871448517,1.1522493362426758,0.9767232537269592,17,1,1,1,1,1,0,0.0,0.5921776294708252,2,stale,0.0,6,119,35,CORRECT,0,0,0,0,0,0,0.0,0.0
margin,live-delta,2,0.0,0.287055,0.576036,0.086357,0.921875,0.311599,0.461599,0.012780368328094482,0.6218248605728149,0.6090444922447205,1.7377376556396484,5.684468746185303,0.2893918454647064,10,1,1,1,1,1,0,0.0,0.38568252325057983,2,stale,0.0,6,120,40,CORRECT,0,0,0,0,0,0,0.0,0.0
margin,live-delta,2,0.0,0.287055,0.576036,0.086357,0.921875,0.311599,0.461599,0.06796568632125854,0.6766427159309387,0.6086770296096802,1.0622450113296509,2.8928582668304443,0.6938444375991821,18,1,1,1,1,1,0,0.0037036093417555094,0.28373271226882935,2,stale,0.0,6,121,58,CORRECT,0,0,0,0,0,0,0.0,0.0
margin,live-delta,2,0.0,0.287055,0.576036,0.086357,0.921875,0.311599,0.461599,0.0037984251976013184,0.7003782391548157,0.6965798139572144,1.8815879821777344,6.563920021057129,0.25686532258987427,17,1,1,1,1,1,0,0.0,0.3948938250541687,2,stale,0.0,6,122,44,CORRECT,0,0,0,0,0,0,0.0,0.0
margin,live-delta,2,0.0,0.287055,0.576036,0.086357,0.921875,0.311599,0.461599,0.010840415954589844,0.5973057746887207,0.5864653587341309,1.3490548133850098,3.853781223297119,0.3834973871707916,10,1,1,1,1,1,0,0.006962191313505173,0.2247844636440277,2,stale,0.0,6,123,37,CORRECT,0,0,0,0,0,0,0.0,0.0
margin,live-delta,2,0.0,0.287055,0.576036,0.086357,0.921875,0.311599,0.461599,0.008288145065307617,0.6649891138076782,0.6567009687423706,1.8874399662017822,6.602444648742676,0.33128395676612854,20,1,1,1,1,1,0,0.0,0.3462510406970978,2,stale,0.0,6,124,44,CORRECT,0,0,0,0,0,0,0.0,0.0
margin,live-delta,2,0.0,0.287055,0.576036,0.086357,0.921875,0.311599,0.461599,0.0778813362121582,0.6159960031509399,0.5381146669387817,1.7703628540039062,5.872983932495117,0.5347222089767456,20,1,1,1,1,1,0,0.015780890360474586,0.2055698037147522,2,stale,0.0,6,125,46,CORRECT,0,0,0,0,0,0,0.0,0.0
margin,live-delta,2,0.0,0.287055,0.576036,0.086357,0.921875,0.311599,0.461599,0.025856196880340576,0.5987674593925476,0.572911262512207,1.3490355014801025,3.8537068367004395,0.49303048849105835,11,1,1,1,1,1,0,0.0017323304200544953,0.28255516290664673,2,stale,0.0,6,126,36,CORRECT,0,0,0,0,0,0,0.0,0.0
margin,live-delta,2,0.0,0.287055,0.576036,0.086357,0.921875,0.311599,0.461599,0.058422237634658813,0.5013746023178101,0.44295236468315125,1.2805534601211548,3.598630905151367,0.6041460037231445,8,1,1,1,1,1,1,0.25052401423454285,0.058422237634658813,2,stale,0.0,6,127,49,CORRECT,0,0,0,0,0,0,0.0,0.0
margin,live-delta,2,0.0,0.287055,0.576036,0.086357,0.921875,0.311599,0.461599,0.051199525594711304,0.4693129062652588,0.4181133806705475,2.1492152214050293,8.578124046325684,0.3399770259857178,13,2,2,1,2,1,0,0.0,0.3255454897880554,2,stale,0.0,6,128,90,CORRECT,0,0,0,0,0,0,0.0,0.0
margin,live-delta,2,0.0,0.287055,0.576036,0.086357,0.921875,0.311599,0.461599,0.07013922929763794,0.7858513593673706,0.7157121300697327,1.4498109817504883,4.2623090744018555,0.562669575214386,18,2,2,1,2,1,0,0.0,0.5621412992477417,2,stale,0.0,6,129,66,CORRECT,0,0,0,0,0,0,0.0,0.0
margin,live-delta,2,0.0,0.287055,0.576036,0.086357,0.921875,0.311599,0.461599,0.011220335960388184,0.5333151817321777,0.5220948457717896,2.527958869934082,12.527909278869629,0.20014487206935883,20,2,2,1,2,1,0,0.0,0.2767532765865326,2,stale,0.0,6,130,89,CORRECT,0,0,0,0,0,0,0.0,0.0
margin,live-delta,2,0.0,0.287055,0.576036,0.086357,0.921875,0.311599,0.461599,0.012637794017791748,0.6034895181655884,0.5908517241477966,2.4179015159606934,11.222285270690918,0.16206438839435577,19,2,2,1,2,1,0,0.0,0.3956734538078308,2,stale,0.0,6,131,89,CORRECT,0,0,0,0,0,0,0.0,0.0
margin,live-delta,2,0.0,0.287055,0.576036,0.086357,0.921875,0.311599,0.461599,0.007689833641052246,0.47320014238357544,0.4655103087425232,2.3992180824279785,11.01456069946289,0.17291630804538727,16,2,2,1,2,1,0,0.0,0.19685110449790955,2,stale,0.0,6,132,66,CORRECT,0,0,0,0,0,0,0.0,0.0
margin,live-delta,2,0.0,0.287055,0.576036,0.086357,0.921875,0.311599,0.461599,0.1113135814666748,0.7755482792854309,0.6642346978187561,0.9199004769325256,2.509040594100952,0.7781667709350586,20,2,2,1,2,1,0,0.0,0.5068159103393555,2,stale,0.0,6,133,66,CORRECT,0,0,0,0,0,0,0.0,0.0
margin,live-delta,2,0.0,0.287055,0.576036,0.086357,0.921875,0.311599,0.461599,0.052082359790802,0.806567370891571,0.754485011100769,1.6767100095748901,5.3479323387146,0.43561363220214844,18,2,2,1,2,1,0,0.0,0.6338892579078674,2,stale,0.0,6,134,90,CORRECT,0,0,0,0,0,0,0.0,0.0
margin,live-delta,2,0.0,0.287055,0.576036,0.086357,0.921875,0.311599,0.461599,0.09420961141586304,0.6574013233184814,0.5631917119026184,1.5033739805221558,4.496835708618164,0.6091437935829163,16,2,2,1,2,1,0,0.0,0.5291342735290527,2,stale,0.0,6,135,82,CORRECT,0,0,0,0,0,0,0.0,0.0
margin,live-delta,2,0.0,0.287055,0.576036,0.086357,0.921875,0.311599,0.461599,0.0249253511428833,0.7994858026504517,0.7745604515075684,1.7615679502487183,5.821557998657227,0.3291374146938324,20,2,2,1,2,1,0,0.0,0.6274286508560181,2,stale,0.0,6,136,90,CORRECT,0,0,0,0,0,0,0.0,0.0
margin,live-delta,2,0.0,0.287055,0.576036,0.086357,0.921875,0.311599,0.461599,0.006651937961578369,0.33849817514419556,0.3318462371826172,0.6909396648406982,1.9955898523330688,0.5332106947898865,2,2,2,1,2,1,0,0.0,0.13798873126506805,2,stale,0.0,6,137,71,CORRECT,0,0,0,0,0,0,0.0,0.0
margin,live-delta,2,0.0,0.287055,0.576036,0.086357,0.921875,0.311599,0.461599,0.0005046725273132324,0.3282466530799866,0.32774198055267334,1.6033705472946167,4.969755172729492,0.2167992889881134,5,2,0,0,0,0,1,0.8008156418800354,-0.004237055778503418,0,stale,0.0,6,138,15,BLENDED,0,0,0,0,0,0,0.0,0.0
margin,live-delta,2,0.0,0.287055,0.576036,0.086357,0.921875,0.311599,0.461599,0.09123629331588745,0.6872193217277527,0.5959830284118652,1.5748611688613892,4.830070972442627,0.6142560243606567,18,2,2,1,2,1,0,0.0,0.48544251918792725,2,stale,0.0,6,139,89,CORRECT,0,0,0,0,0,0,0.0,0.0
margin,live-delta,2,0.0,0.287055,0.576036,0.086357,0.921875,0.311599,0.461599,0.05589607357978821,0.3627500832080841,0.3068540096282959,-0.0,1.0,1.0,1,2,2,1,2,1,0,0.0,0.10454699397087097,2,stale,0.0,6,140,69,CORRECT,0,0,0,0,0,0,0.0,0.0
margin,live-delta,2,0.0,0.287055,0.576036,0.086357,0.921875,0.311599,0.461599,0.010812044143676758,0.44517678022384644,0.4343647360801697,1.119913935661316,3.0645904541015625,0.46703577041625977,4,2,2,1,2,1,0,0.0,0.14185696840286255,2,stale,0.0,6,141,69,CORRECT,0,0,0,0,0,0,0.0,0.0
margin,live-delta,2,0.0,0.287055,0.576036,0.086357,0.921875,0.311599,0.461599,0.05206620693206787,0.8530226945877075,0.8009564876556396,1.6420925855636597,5.165968418121338,0.4267599582672119,19,2,2,1,2,1,0,0.0,0.7123686671257019,2,stale,0.0,6,142,90,CORRECT,0,0,0,0,0,0,0.0,0.0
margin,live-delta,2,0.0,0.287055,0.576036,0.086357,0.921875,0.311599,0.461599,0.10031759738922119,0.6833676099777222,0.583050012588501,1.4369826316833496,4.207979679107666,0.6262409687042236,16,2,2,1,2,1,0,0.0,0.5272771716117859,2,stale,0.0,6,143,82,CORRECT,0,0,0,0,0,0,0.0,0.0
margin,live-delta,2,0.0,0.287055,0.576036,0.086357,0.921875,0.311599,0.461599,0.048802196979522705,0.8525674343109131,0.8037652373313904,1.6083773374557495,4.994699954986572,0.48214098811149597,17,2,2,1,2,1,0,0.0,0.6044963598251343,2,stale,0.0,6,144,89,CORRECT,0,0,0,0,0,0,0.0,0.0
margin,live-delta,2,0.0,0.287055,0.576036,0.086357,0.921875,0.311599,0.461599,0.03140294551849365,0.7826350927352905,0.7512321472167969,1.5421220064163208,4.674499034881592,0.46693235635757446,20,2,2,1,2,1,0,0.0,0.6522859334945679,2,stale,0.0,6,145,84,CORRECT,0,0,0,0,0,0,0.0,0.0
margin,live-delta,2,0.0,0.287055,0.576036,0.086357,0.921875,0.311599,0.461599,0.004274606704711914,0.41310304403305054,0.4088284373283386,2.3880276679992676,10.891989707946777,0.16932184994220734,13,2,2,1,2,1,0,0.0,0.1873474270105362,2,stale,0.0,6,146,74,CORRECT,0,0,0,0,0,0,0.0,0.0
margin,live-delta,2,0.0,0.287055,0.576036,0.086357,0.921875,0.311599,0.461599,0.021624654531478882,0.3686990737915039,0.347074419260025,1.5632294416427612,4.774214267730713,0.3153736889362335,5,2,2,1,2,1,1,0.16237971186637878,0.033191025257110596,1,stale,0.0,6,147,69,CORRECT,0,0,0,0,0,0,0.0,0.0
margin,live-delta,2,0.0,0.287055,0.576036,0.086357,0.921875,0.311599,0.461599,0.013248085975646973,0.7050842046737671,0.6918361186981201,2.0815529823303223,8.0169095993042,0.28426557779312134,17,2,2,1,2,1,0,0.0,0.4755759835243225,2,stale,0.0,6,148,89,CORRECT,0,0,0,0,0,0,0.0,0.0
margin,live-delta,2,0.0,0.287055,0.576036,0.086357,0.921875,0.311599,0.461599,0.0018193721771240234,0.8310966491699219,0.8292772769927979,1.59707510471344,4.9385666847229,0.31570321321487427,18,2,2,1,2,1,0,0.0,0.7122912406921387,2,stale,0.0,6,149,90,CORRECT,0,0,0,0,0,0,0.0,0.0
margin,live-delta,2,0.0,0.287055,0.576036,0.086357,0.921875,0.311599,0.461599,0.04144841432571411,0.4598776400089264,0.4184292256832123,2.2170329093933105,9.180052757263184,0.30185163021087646,14,2,2,1,2,1,0,0.0,0.35048335790634155,2,stale,0.0,6,150,82,CORRECT,0,0,0,0,0,0,0.0,0.0
margin,live-delta,2,0.0,0.287055,0.576036,0.086357,0.921875,0.311599,0.461599,0.027109742164611816,0.47001540660858154,0.4429056644439697,2.2149510383605957,9.16096019744873,0.2631959021091461,13,2,2,1,2,1,0,0.0,0.18030136823654175,2,stale,0.0,6,151,79,CORRECT,0,0,0,0,0,0,0.0,0.0
margin,live-delta,2,0.0,0.287055,0.576036,0.086357,0.921875,0.311599,0.461599,0.005340278148651123,0.8188492059707642,0.813508927822113,2.0147545337677,7.498886585235596,0.2762462794780731,20,2,2,1,2,1,0,0.0,0.6028050780296326,2,stale,0.0,6,152,84,CORRECT,0,0,0,0,0,0,0.0,0.0
margin,live-delta,2,0.0,0.287055,0.576036,0.086357,0.921875,0.311599,0.461599,0.020387768745422363,0.727567195892334,0.7071794271469116,1.509036898612976,4.522373199462891,0.4268149733543396,18,2,2,1,2,1,0,0.0,0.5479637384414673,2,stale,0.0,6,153,90,CORRECT,0,0,0,0,0,0,0.0,0.0
margin,live-delta,2,0.0,0.287055,0.576036,0.086357,0.921875,0.311599,0.461599,0.01642930507659912,0.6028136014938354,0.5863842964172363,2.305279493331909,10.02698040008545,0.25609245896339417,18,2,2,1,2,1,0,0.0,0.4060814082622528,2,stale,0.0,6,155,90,CORRECT,0,0,0,0,0,0,0.0,0.0
margin,live-delta,2,0.0,0.287055,0.576036,0.086357,0.921875,0.311599,0.461599,0.021501898765563965,0.5590934753417969,0.5375915765762329,2.2495570182800293,9.48353385925293,0.2546869218349457,16,2,2,1,2,1,0,0.0,0.3610961139202118,2,stale,0.0,6,157,74,CORRECT,0,0,0,0,0,0,0.0,0.0
margin,live-delta,2,0.0,0.287055,0.576036,0.086357,0.921875,0.311599,0.461599,0.01916298270225525,0.45646974444389343,0.4373067617416382,2.092442750930786,8.10468864440918,0.29814302921295166,12,2,2,1,2,1,0,0.0,0.18081411719322205,2,stale,0.0,6,158,79,CORRECT,0,0,0,0,0,0,0.0,0.0
margin,live-delta,2,0.0,0.287055,0.576036,0.086357,0.921875,0.311599,0.461599,0.024624645709991455,0.6322233080863953,0.6075986623764038,2.0689449310302734,7.916466236114502,0.29706481099128723,20,2,2,1,2,1,0,0.0,0.4291744828224182,2,stale,0.0,6,159,90,CORRECT,0,0,0,0,0,0,0.0,0.0
margin,live-delta,2,0.0,0.287055,0.576036,0.086357,0.921875,0.311599,0.461599,0.042462825775146484,0.5661683678627014,0.5237055420875549,1.7768670320510864,5.911307334899902,0.42747214436531067,15,2,2,1,2,1,0,0.0,0.3182640075683594,2,stale,0.0,6,160,87,CORRECT,0,0,0,0,0,0,0.0,0.0
margin,live-delta,2,0.0,0.287055,0.576036,0.086357,0.921875,0.311599,0.461599,0.03060382604598999,0.5303032398223877,0.4996994137763977,2.310601234436035,10.080483436584473,0.25235024094581604,16,2,2,1,2,1,0,0.0,0.2477591633796692,2,stale,0.0,6,161,74,CORRECT,0,0,0,0,0,0,0.0,0.0
margin,live-delta,2,0.0,0.287055,0.576036,0.086357,0.921875,0.311599,0.461599,0.020775914192199707,0.6862285137176514,0.6654525995254517,1.688485860824585,5.411281108856201,0.3926496207714081,17,2,2,1,2,1,0,0.0,0.5588211417198181,2,stale,0.0,6,162,90,CORRECT,0,0,0,0,0,0,0.0,0.0
margin,live-delta,2,0.0,0.287055,0.576036,0.086357,0.921875,0.311599,0.461599,0.016992241144180298,0.3676166832447052,0.3506244421005249,1.3418327569961548,3.826049327850342,0.367922306060791,4,2,2,1,2,1,0,0.0,0.1587805151939392,2,stale,0.0,6,163,70,CORRECT,0,0,0,0,0,0,0.0,0.0
margin,live-delta,2,0.0,0.287055,0.576036,0.086357,0.921875,0.311599,0.461599,0.03744542598724365,0.5544109344482422,0.5169655084609985,1.9496723413467407,7.0263848304748535,0.41085582971572876,14,2,2,1,2,1,0,0.0,0.396892249584198,2,stale,0.0,6,164,89,CORRECT,0,0,0,0,0,0,0.0,0.0
margin,live-delta,2,0.0,0.287055,0.576036,0.086357,0.921875,0.311599,0.461599,0.04330688714981079,0.7212452292442322,0.6779383420944214,1.7272980213165283,5.625433444976807,0.42764049768447876,18,2,2,1,2,1,0,0.0,0.5843628644943237,2,stale,0.0,6,165,90,CORRECT,0,0,0,0,0,0,0.0,0.0
margin,live-delta,2,0.0,0.287055,0.576036,0.086357,0.921875,0.311599,0.461599,0.003607511520385742,0.7778502702713013,0.7742427587509155,1.9944958686828613,7.34849739074707,0.27842503786087036,19,2,2,1,2,1,0,0.0,0.5958204865455627,2,stale,0.0,6,166,84,CORRECT,0,0,0,0,0,0,0.0,0.0
margin,live-delta,2,0.0,0.287055,0.576036,0.086357,0.921875,0.311599,0.461599,0.007624030113220215,0.5461317300796509,0.5385076999664307,1.7101775407791138,5.529942989349365,0.311758816242218,16,2,2,1,2,1,0,0.003234922420233488,0.2284112572669983,2,stale,0.0,6,167,87,CORRECT,0,0,0,0,0,0,0.0,0.0
margin,live-delta,2,0.0,0.287055,0.576036,0.086357,0.921875,0.311599,0.461599,0.11162024736404419,0.4376019835472107,0.3259817361831665,0.318168580532074,1.3746079206466675,0.9031220078468323,2,2,2,1,2,1,0,0.0,0.21021848917007446,2,stale,0.0,6,168,71,CORRECT,0,0,0,0,0,0,0.0,0.0
margin,live-delta,2,0.0,0.287055,0.576036,0.086357,0.921875,0.311599,0.461599,0.02289295196533203,0.5277668237686157,0.5048738718032837,2.2221405506134033,9.227060317993164,0.24671725928783417,16,2,2,1,2,1,0,0.0,0.34557726979255676,2,stale,0.0,6,169,64,CORRECT,0,0,0,0,0,0,0.0,0.0
margin,live-delta,2,0.0,0.287055,0.576036,0.086357,0.921875,0.311599,0.461599,0.025896310806274414,0.6113731861114502,0.5854768753051758,2.464552640914917,11.758220672607422,0.21843382716178894,20,2,2,1,2,1,0,0.0,0.39307674765586853,2,stale,0.0,6,170,89,CORRECT,0,0,0,0,0,0,0.0,0.0
margin,live-delta,2,0.0,0.287055,0.576036,0.086357,0.921875,0.311599,0.461599,0.1614026427268982,0.5188366770744324,0.3574340343475342,0.3109387457370758,1.3647056818008423,0.9273050427436829,3,2,2,1,2,1,0,0.0,0.3164825439453125,2,stale,0.0,6,171,71,CORRECT,0,0,0,0,0,0,0.0,0.0
margin,live-delta,2,0.0,0.287055,0.576036,0.086357,0.921875,0.311599,0.461599,0.08951789140701294,0.41775548458099365,0.3282375931739807,0.4104239344596863,1.507456660270691,0.8569710850715637,2,2,2,1,2,1,0,0.0,0.21190357208251953,2,stale,0.0,6,172,71,CORRECT,0,0,0,0,0,0,0.0,0.0
margin,live-delta,2,0.0,0.287055,0.576036,0.086357,0.921875,0.311599,0.461599,0.019540131092071533,0.7261701822280884,0.7066300511360168,1.7025277614593506,5.487801551818848,0.3384019434452057,19,2,2,1,2,1,0,0.0,0.5258231163024902,2,stale,0.0,6,174,84,CORRECT,0,0,0,0,0,0,0.0,0.0
margin,live-delta,2,0.0,0.287055,0.576036,0.086357,0.921875,0.311599,0.461599,0.001257866621017456,0.4005606472492218,0.39930278062820435,1.824389100074768,6.199007034301758,0.22572122514247894,7,2,2,1,2,1,0,0.0,0.20247027277946472,2,stale,0.0,6,175,85,CORRECT,0,0,0,0,0,0,0.0,0.0
margin,live-delta,2,0.0,0.287055,0.576036,0.086357,0.921875,0.311599,0.461599,0.008577048778533936,0.709463357925415,0.7008863091468811,1.9076851606369019,6.73747444152832,0.3312692642211914,17,2,2,1,2,1,0,0.0,0.5632714033126831,2,stale,0.0,6,176,65,CORRECT,0,0,0,0,0,0,0.0,0.0
margin,live-delta,2,0.0,0.287055,0.576036,0.086357,0.921875,0.311599,0.461599,0.008091211318969727,0.5726184844970703,0.5645272731781006,2.1784133911132812,8.832282066345215,0.23434577882289886,19,2,2,1,2,1,0,0.0,0.3541475832462311,2,stale,0.0,6,177,74,CORRECT,0,0,0,0,0,0,0.0,0.0
margin,live-delta,2,0.0,0.287055,0.576036,0.086357,0.921875,0.311599,0.461599,0.07999736070632935,0.7938530445098877,0.7138556838035583,1.2445415258407593,3.4713428020477295,0.6329073309898376,16,2,2,1,2,1,0,0.0,0.6809784173965454,2,stale,0.0,6,178,90,CORRECT,0,0,0,0,0,0,0.0,0.0
margin,live-delta,2,0.0,0.287055,0.576036,0.086357,0.921875,0.311599,0.461599,0.016302764415740967,0.7674540877342224,0.7511513233184814,1.485774040222168,4.418384075164795,0.43703582882881165,20,2,2,1,2,1,0,0.0,0.6261708736419678,2,stale,0.0,6,179,64,CORRECT,0,0,0,0,0,0,0.0,0.0
margin,live-delta,2,0.0,0.287055,0.576036,0.086357,0.921875,0.311599,0.461599,0.03030848503112793,0.8509020209312439,0.820593535900116,1.5761851072311401,4.836470127105713,0.43658390641212463,19,2,2,1,2,1,0,0.0,0.720429003238678,2,stale,0.0,6,180,90,CORRECT,0,0,0,0,0,0,0.0,0.0
margin,live-delta,2,0.0,0.287055,0.576036,0.086357,0.921875,0.311599,0.461599,0.007976055145263672,0.8307018280029297,0.822725772857666,1.6631430387496948,5.275866985321045,0.3594586253166199,16,2,2,1,2,1,0,0.0,0.5800230503082275,2,stale,0.0,6,181,74,CORRECT,0,0,0,0,0,0,0.0,0.0
margin,live-delta,2,0.0,0.287055,0.576036,0.086357,0.921875,0.311599,0.461599,0.06229439377784729,0.3948099911212921,0.3325155973434448,0.5311936140060425,1.7009613513946533,0.776587188243866,2,2,2,1,2,1,0,0.0,0.20360982418060303,2,stale,0.0,6,182,91,CORRECT,0,0,0,0,0,0,0.0,0.0
margin,live-delta,2,0.0,0.287055,0.576036,0.086357,0.921875,0.311599,0.461599,0.027524173259735107,0.5402094721794128,0.5126852989196777,2.0217952728271484,7.551870346069336,0.3601635992527008,16,2,2,1,2,1,0,0.0,0.4117984473705292,2,stale,0.0,6,183,82,CORRECT,0,0,0,0,0,0,0.0,0.0
margin,live-delta,2,0.0,0.287055,0.576036,0.086357,0.921875,0.311599,0.461599,0.06895601749420166,0.7991049885749817,0.73014897108078,1.4198616743087769,4.136548042297363,0.5433830618858337,18,2,2,1,2,1,0,0.0,0.6681656837463379,2,stale,0.0,6,184,90,CORRECT,0,0,0,0,0,0,0.0,0.0
margin,live-delta,2,0.0,0.287055,0.576036,0.086357,0.921875,0.311599,0.461599,0.032616108655929565,0.41690465807914734,0.3842885494232178,1.3965802192687988,4.041355609893799,0.45080193877220154,5,2,2,1,2,1,0,0.0,0.16200825572013855,2,stale,0.0,6,185,87,CORRECT,0,0,0,0,0,0,0.0,0.0
margin,live-delta,2,0.0,0.287055,0.576036,0.086357,0.921875,0.311599,0.461599,0.10802942514419556,0.49873656034469604,0.3907071352005005,1.8789464235305786,6.546603679656982,0.5380396246910095,16,2,2,1,2,1,0,0.06219536066055298,0.12086889147758484,2,stale,0.0,6,186,72,CORRECT,0,0,0,0,0,0,0.0,0.0
margin,live-delta,2,0.0,0.287055,0.576036,0.086357,0.921875,0.311599,0.461599,0.001587986946105957,0.5414755344390869,0.539887547492981,2.131624937057495,8.42855167388916,0.2527570128440857,16,2,2,1,2,1,0,0.0,0.32606571912765503,2,stale,0.0,6,187,89,CORRECT,0,0,0,0,0,0,0.0,0.0
margin,live-delta,2,0.0,0.287055,0.576036,0.086357,0.921875,0.311599,0.461599,0.009970307350158691,0.721244215965271,0.7112739086151123,1.5934916734695435,4.920901298522949,0.36322686076164246,18,2,2,1,2,1,0,0.0,0.5688634514808655,2,stale,0.0,6,188,90,CORRECT,0,0,0,0,0,0,0.0,0.0
margin,live-delta,2,0.0,0.287055,0.576036,0.086357,0.921875,0.311599,0.461599,0.02758026123046875,0.8041415214538574,0.7765612602233887,1.762268304824829,5.825636863708496,0.33697509765625,19,2,2,1,2,1,0,0.0,0.6601616740226746,2,stale,0.0,6,189,90,CORRECT,0,0,0,0,0,0,0.0,0.0
margin,live-delta,2,0.0,0.287055,0.576036,0.086357,0.921875,0.311599,0.461599,0.014406383037567139,0.39838850498199463,0.3839821219444275,1.6626744270324707,5.273395538330078,0.3187454640865326,6,2,2,1,2,1,1,0.19428366422653198,0.04778274893760681,1,stale,0.0,6,190,88,CORRECT,0,0,0,0,0,0,0.0,0.0
margin,live-delta,2,0.0,0.287055,0.576036,0.086357,0.921875,0.311599,0.461599,0.013999998569488525,0.32778435945510864,0.3137843608856201,0.6834423542022705,1.9806842803955078,0.5695461630821228,2,2,2,1,2,1,0,0.0,0.1285451352596283,2,stale,0.0,6,191,87,CORRECT,0,0,0,0,0,0,0.0,0.0
margin,live-delta,2,0.0,0.287055,0.576036,0.086357,0.921875,0.311599,0.461599,0.1767810583114624,0.6894975900650024,0.51271653175354,0.6661792397499084,1.9467848539352417,0.8801347017288208,20,3,3,1,3,1,0,0.0015006716130301356,0.3187081217765808,2,stale,0.0,6,192,103,CORRECT,0,0,0,0,0,0,0.0,0.0
margin,live-delta,2,0.0,0.287055,0.576036,0.086357,0.921875,0.311599,0.461599,0.2501199245452881,0.8384618759155273,0.5883419513702393,0.15088972449302673,1.1628683805465698,0.977743923664093,19,3,3,1,3,1,0,0.0,0.5976263284683228,2,stale,0.0,6,193,110,CORRECT,0,0,0,0,0,0,0.0,0.0
margin,live-delta,2,0.0,0.287055,0.576036,0.086357,0.921875,0.311599,0.461599,0.12315040826797485,0.7314360737800598,0.608285665512085,0.9822872877120972,2.6705574989318848,0.7913286685943604,20,3,3,1,3,1,0,0.0,0.4771263003349304,2,stale,0.0,6,194,116,CORRECT,0,0,0,0,0,0,0.0,0.0
margin,live-delta,2,0.0,0.287055,0.576036,0.086357,0.921875,0.311599,0.461599,0.05098086595535278,0.6020346879959106,0.5510538220405579,1.8126444816589355,6.1266279220581055,0.470404714345932,20,3,3,1,3,1,0,0.0,0.35551363229751587,2,stale,0.0,6,195,96,CORRECT,0,0,0,0,0,0,0.0,0.0
margin,live-delta,2,0.0,0.287055,0.576036,0.086357,0.921875,0.311599,0.461599,0.09636414051055908,0.6056495904922485,0.5092854499816895,1.9922740459442139,7.332188606262207,0.5024775862693787,20,3,3,1,3,1,0,0.0,0.3226177990436554,2,stale,0.0,6,196,118,CORRECT,0,0,0,0,0,0,0.0,0.0
margin,live-delta,2,0.0,0.287055,0.576036,0.086357,0.921875,0.311599,0.461599,0.01722976565361023,0.42296233773231506,0.40573257207870483,2.403005599975586,11.056357383728027,0.19827662408351898,13,3,3,1,3,1,0,0.0,0.13656416535377502,2,stale,0.0,6,197,120,CORRECT,0,0,0,0,0,0,0.0,0.0
margin,live-delta,2,0.0,0.287055,0.576036,0.086357,0.921875,0.311599,0.461599,0.0004450082778930664,0.6632283926010132,0.6627833843231201,1.1281201839447021,3.0898427963256836,0.44084644317626953,9,3,3,1,3,1,0,0.0,0.43403878808021545,2,stale,0.0,6,198,115,CORRECT,0,0,0,0,0,0,0.0,0.0
margin,live-delta,2,0.0,0.287055,0.576036,0.086357,0.921875,0.311599,0.461599,0.04778146743774414,0.5894176363945007,0.5416361689567566,2.1574342250823975,8.648918151855469,0.41060587763786316,20,3,3,1,3,1,0,0.0,0.35544294118881226,2,stale,0.0,6,199,103,CORRECT,0,0,0,0,0,0,0.0,0.0
margin,live-delta,2,0.0,0.287055,0.576036,0.086357,0.921875,0.311599,0.461599,0.01692444086074829,0.5788602828979492,0.5619358420372009,2.10457444190979,8.203611373901367,0.28718098998069763,20,3,3,1,3,1,0,0.0,0.25708457827568054,2,stale,0.0,6,200,120,CORRECT,0,0,0,0,0,0,0.0,0.0
margin,live-delta,2,0.0,0.287055,0.576036,0.086357,0.921875,0.311599,0.461599,0.08788466453552246,0.7313388586044312,0.6434541940689087,1.1194514036178589,3.063173294067383,0.711109459400177,20,3,3,1,3,1,0,0.0,0.5794543027877808,2,stale,0.0,6,201,102,CORRECT,0,0,0,0,0,0,0.0,0.0
margin,live-delta,2,0.0,0.287055,0.576036,0.086357,0.921875,0.311599,0.461599,0.08769881725311279,0.692467451095581,0.6047686338424683,0.8465143442153931,2.33150577545166,0.7853072285652161,20,3,3,1,3,1,0,0.0,0.48868000507354736,2,stale,0.0,6,202,114,CORRECT,0,0,0,0,0,0,0.0,0.0
margin,live-delta,2,0.0,0.287055,0.576036,0.086357,0.921875,0.311599,0.461599,0.036721110343933105,0.7536640763282776,0.7169429659843445,1.8528645038604736,6.378063201904297,0.37012121081352234,20,3,3,1,3,1,0,0.0,0.5880231857299805,2,stale,0.0,6,203,102,CORRECT,0,0,0,0,0,0,0.0,0.0
margin,live-delta,2,0.0,0.287055,0.576036,0.086357,0.921875,0.311599,0.461599,0.01258617639541626,0.6234400272369385,0.6108538508415222,1.8494772911071777,6.3564958572387695,0.2944466471672058,20,3,3,1,3,1,0,0.003077250439673662,0.22805306315422058,2,stale,0.0,6,204,120,CORRECT,0,0,0,0,0,0,0.0,0.0
margin,live-delta,2,0.0,0.287055,0.576036,0.086357,0.921875,0.311599,0.461599,0.1295284628868103,0.8142807483673096,0.6847522854804993,0.7591401934623718,2.1364386081695557,0.832633376121521,20,3,3,1,3,1,0,0.0,0.6377133131027222,2,stale,0.0,6,206,102,CORRECT,0,0,0,0,0,0,0.0,0.0
margin,live-delta,2,0.0,0.287055,0.576036,0.086357,0.921875,0.311599,0.461599,0.010855257511138916,0.7418167591094971,0.7309615015983582,1.8727407455444336,6.506103515625,0.32866188883781433,20,3,3,1,3,1,0,0.0,0.564441978931427,2,stale,0.0,6,207,126,CORRECT,0,0,0,0,0,0,0.0,0.0
margin,live-delta,2,0.0,0.287055,0.576036,0.086357,0.921875,0.311599,0.461599,0.31014442443847656,0.938294529914856,0.6281501054763794,0.02403450757265091,1.0243256092071533,0.9969279170036316,13,3,3,1,3,1,0,0.0,0.6507328748703003,2,stale,0.0,6,208,122,CORRECT,0,0,0,0,0,0,0.0,0.0
margin,live-delta,2,0.0,0.287055,0.576036,0.086357,0.921875,0.311599,0.461599,0.20055639743804932,0.6931475400924683,0.49259114265441895,0.46155619621276855,1.5865410566329956,0.9218500852584839,20,3,3,1,3,1,0,0.0,0.4239552617073059,2,stale,0.0,6,209,114,CORRECT,0,0,0,0,0,0,0.0,0.0
margin,live-delta,2,0.0,0.287055,0.576036,0.086357,0.921875,0.311599,0.461599,0.12606686353683472,0.4007601737976074,0.2746933102607727,-0.0,1.0,1.0,1,3,3,1,3,1,0,0.0,0.1310916543006897,2,stale,0.0,6,210,122,CORRECT,0,0,0,0,0,0,0.0,0.0
margin,live-delta,2,0.0,0.287055,0.576036,0.086357,0.921875,0.311599,0.461599,0.10023802518844604,0.42242056131362915,0.3221825361251831,0.3643348813056946,1.4395562410354614,0.8812959790229797,2,3,3,1,3,1,0,0.0,0.19192704558372498,2,stale,0.0,6,211,100,CORRECT,0,0,0,0,0,0,0.0,0.0
margin,live-delta,2,0.0,0.287055,0.576036,0.086357,0.921875,0.311599,0.461599,0.029310405254364014,0.4297834038734436,0.4004729986190796,2.0382375717163086,7.677066802978516,0.2856166660785675,9,3,2,0,3,1,1,0.2856166660785675,-0.029310405254364014,0,stale,0.0,6,212,72,CORRECT,0,0,0,0,0,0,0.0,0.0
margin,live-delta,2,0.0,0.287055,0.576036,0.086357,0.921875,0.311599,0.461599,0.03714936971664429,0.8875680565834045,0.8504186868667603,1.6866893768310547,5.401568412780762,0.43470388650894165,20,3,3,1,3,1,0,0.0,0.7825043797492981,2,stale,0.0,6,213,106,CORRECT,0,0,0,0,0,0,0.0,0.0
margin,live-delta,2,0.0,0.287055,0.576036,0.086357,0.921875,0.311599,0.461599,0.04747101664543152,0.44041067361831665,0.39293965697288513,1.633244514465332,5.120461463928223,0.4711816608905792,8,3,3,1,3,1,0,0.037663932889699936,0.1263270378112793,2,stale,0.0,6,214,99,CORRECT,0,0,0,0,0,0,0.0,0.0
margin,live-delta,2,0.0,0.287055,0.576036,0.086357,0.921875,0.311599,0.461599,0.004091322422027588,0.8561553955078125,0.8520640730857849,1.9033676385879517,6.7084479331970215,0.2543230652809143,20,3,3,1,3,1,0,0.0,0.6750621795654297,2,stale,0.0,6,215,111,CORRECT,0,0,0,0,0,0,0.0,0.0
margin,live-delta,2,0.0,0.287055,0.576036,0.086357,0.921875,0.311599,0.461599,0.023325324058532715,0.8350045084953308,0.8116791844367981,1.7444546222686768,5.722779750823975,0.34354162216186523,20,3,3,1,3,1,0,0.0,0.7101004123687744,2,stale,0.0,6,216,127,CORRECT,0,0,0,0,0,0,0.0,0.0
margin,live-delta,2,0.0,0.287055,0.576036,0.086357,0.921875,0.311599,0.461599,0.025778591632843018,0.78267902135849,0.756900429725647,2.0339956283569336,7.644570350646973,0.31839674711227417,20,3,3,1,3,1,0,0.0,0.6660486459732056,2,stale,0.0,6,217,127,CORRECT,0,0,0,0,0,0,0.0,0.0
margin,live-delta,2,0.0,0.287055,0.576036,0.086357,0.921875,0.311599,0.461599,0.010915815830230713,0.8731348514556885,0.8622190356254578,1.7354892492294312,5.671701908111572,0.30732810497283936,20,3,3,1,3,1,0,0.0,0.7605646848678589,2,stale,0.0,6,218,125,CORRECT,0,0,0,0,0,0,0.0,0.0
margin,live-delta,2,0.0,0.287055,0.576036,0.086357,0.921875,0.311599,0.461599,0.07246667146682739,0.8534470200538635,0.7809803485870361,1.5856164693832397,4.88230037689209,0.5344052314758301,20,3,3,1,3,1,0,0.0,0.5936151146888733,2,stale,0.0,6,219,105,CORRECT,0,0,0,0,0,0,0.0,0.0
margin,live-delta,2,0.0,0.287055,0.576036,0.086357,0.921875,0.311599,0.461599,0.07581865787506104,0.687487006187439,0.6116683483123779,0.9494321346282959,2.5842416286468506,0.7209032773971558,17,3,3,1,3,1,0,0.0059827277436852455,0.29558396339416504,2,stale,0.0,6,220,122,CORRECT,0,0,0,0,0,0,0.0,0.0
margin,live-delta,2,0.0,0.287055,0.576036,0.086357,0.921875,0.311599,0.461599,0.001756131649017334,0.8375440835952759,0.8357879519462585,2.000593423843384,7.393442153930664,0.18294769525527954,20,3,3,1,3,1,0,0.0,0.7359657883644104,2,stale,0.0,6,221,106,CORRECT,0,0,0,0,0,0,0.0,0.0
margin,live-delta,2,0.0,0.287055,0.576036,0.086357,0.921875,0.311599,0.461599,0.01243513822555542,0.5919559001922607,0.5795207619667053,1.488425374031067,4.430114269256592,0.33390289545059204,13,3,3,1,3,1,0,0.0,0.3724329471588135,2,stale,0.0,6,222,122,CORRECT,0,0,0,0,0,0,0.0,0.0
margin,live-delta,2,0.0,0.287055,0.576036,0.086357,0.921875,0.311599,0.461599,0.1421467661857605,0.74917072057724,0.6070239543914795,0.6820640563964844,1.9779561758041382,0.8544352650642395,20,3,3,1,3,1,0,0.0,0.6529428362846375,2,stale,0.0,6,223,98,CORRECT,0,0,0,0,0,0,0.0,0.0
margin,live-delta,2,0.0,0.287055,0.576036,0.086357,0.921875,0.311599,0.461599,0.21937918663024902,0.8214820027351379,0.6021028161048889,0.17166279256343842,1.1872774362564087,0.973246693611145,19,3,3,1,3,1,0,0.0,0.6802964210510254,2,stale,0.0,6,224,110,CORRECT,0,0,0,0,0,0,0.0,0.0
margin,live-delta,2,0.0,0.287055,0.576036,0.086357,0.921875,0.311599,0.461599,0.017391085624694824,0.8623713254928589,0.8449802398681641,1.735216498374939,5.670155048370361,0.3217872679233551,20,3,3,1,3,1,0,0.0,0.7513468265533447,2,stale,0.0,6,225,105,CORRECT,0,0,0,0,0,0,0.0,0.0
margin,live-delta,2,0.0,0.287055,0.576036,0.086357,0.921875,0.311599,0.461599,0.14155250787734985,0.7440455555915833,0.6024930477142334,0.5486923456192017,1.7309880256652832,0.8748034238815308,10,3,3,1,3,1,0,0.0,0.6083050966262817,2,stale,0.0,6,226,96,CORRECT,0,0,0,0,0,0,0.0,0.0
margin,live-delta,2,0.0,0.287055,0.576036,0.086357,0.921875,0.311599,0.461599,0.009824693202972412,0.8616310954093933,0.8518064022064209,1.3781208992004395,3.9674394130706787,0.4070500433444977,20,3,3,1,3,1,0,0.0,0.7183105945587158,2,stale,0.0,6,227,97,CORRECT,0,0,0,0,0,0,0.0,0.0
margin,live-delta,2,0.0,0.287055,0.576036,0.086357,0.921875,0.311599,0.461599,0.18688416481018066,0.7295669317245483,0.5426827669143677,0.20821954309940338,1.2314834594726562,0.9637648463249207,12,3,3,1,3,1,0,0.0,0.6021155714988708,2,stale,0.0,6,228,110,CORRECT,0,0,0,0,0,0,0.0,0.0
margin,live-delta,2,0.0,0.287055,0.576036,0.086357,0.921875,0.311599,0.461599,0.020042985677719116,0.5192570686340332,0.4992140829563141,2.5358052253723145,12.626593589782715,0.17952293157577515,20,3,3,1,3,1,0,0.0,0.1971248984336853,2,stale,0.0,6,229,119,CORRECT,0,0,0,0,0,0,0.0,0.0
margin,live-delta,2,0.0,0.287055,0.576036,0.086357,0.921875,0.311599,0.461599,0.003061354160308838,0.7558149099349976,0.7527535557746887,2.0031323432922363,7.412237167358398,0.24354739487171173,20,3,3,1,3,1,0,0.0,0.5923832058906555,2,stale,0.0,6,230,102,CORRECT,0,0,0,0,0,0,0.0,0.0
margin,live-delta,2,0.0,0.287055,0.576036,0.086357,0.921875,0.311599,0.461599,0.02777397632598877,0.8631192445755005,0.8353452682495117,1.8201953172683716,6.173064231872559,0.3469454348087311,20,3,3,1,3,1,0,0.0,0.69650799036026,2,stale,0.0,6,231,125,CORRECT,0,0,0,0,0,0,0.0,0.0
margin,live-delta,2,0.0,0.287055,0.576036,0.086357,0.921875,0.311599,0.461599,0.0031142234802246094,0.6046508550643921,0.6015366315841675,1.994081735610962,7.345454692840576,0.23943795263767242,20,3,3,1,3,1,0,0.0,0.3869871497154236,2,stale,0.0,6,232,115,CORRECT,0,0,0,0,0,0,0.0,0.0
margin,live-delta,2,0.0,0.287055,0.576036,0.086357,0.921875,0.311599,0.461599,0.01851475238800049,0.7026830911636353,0.6841683387756348,2.3669567108154297,10.664886474609375,0.20359563827514648,20,3,3,1,3,1,0,0.0,0.5461775064468384,2,stale,0.0,6,233,127,CORRECT,0,0,0,0,0,0,0.0,0.0
margin,live-delta,2,0.0,0.287055,0.576036,0.086357,0.921875,0.311599,0.461599,0.011283189058303833,0.47186270356178284,0.460579514503479,1.780623197555542,5.933553218841553,0.2926982343196869,9,3,3,1,3,1,0,0.03979837894439697,0.09976580739021301,2,stale,0.0,6,234,99,CORRECT,0,0,0,0,0,0,0.0,0.0
margin,live-delta,2,0.0,0.287055,0.576036,0.086357,0.921875,0.311599,0.461599,0.02798616886138916,0.8835732936859131,0.8555871248245239,1.5740150213241577,4.825985908508301,0.4258304536342621,20,3,3,1,3,1,0,0.0,0.7006120085716248,2,stale,0.0,6,235,125,CORRECT,0,0,0,0,0,0,0.0,0.0
margin,live-delta,2,0.0,0.287055,0.576036,0.086357,0.921875,0.311599,0.461599,0.015972495079040527,0.809628963470459,0.7936564683914185,1.605930209159851,4.982492446899414,0.3595678210258484,20,3,3,1,3,1,0,0.0,0.6345729827880859,2,stale,0.0,6,236,112,CORRECT,0,0,0,0,0,0,0.0,0.0
margin,live-delta,2,0.0,0.287055,0.576036,0.086357,0.921875,0.311599,0.461599,0.18761926889419556,0.7911852598190308,0.6035659909248352,0.35394376516342163,1.4246751070022583,0.9400763511657715,20,3,3,1,3,1,0,0.0,0.5610560178756714,2,stale,0.0,6,237,110,CORRECT,0,0,0,0,0,0,0.0,0.0
margin,live-delta,2,0.0,0.287055,0.576036,0.086357,0.921875,0.311599,0.461599,0.033664703369140625,0.8508002758026123,0.8171355724334717,1.7605669498443604,5.815733909606934,0.3842830955982208,20,3,3,1,3,1,0,0.0,0.6989814043045044,2,stale,0.0,6,238,105,CORRECT,0,0,0,0,0,0,0.0,0.0
margin,live-delta,2,0.0,0.287055,0.576036,0.086357,0.921875,0.311599,0.461599,0.1614556908607483,0.7561558485031128,0.5947001576423645,0.346627801656723,1.414290189743042,0.9347375631332397,17,3,3,1,3,1,0,0.0,0.6322998404502869,2,stale,0.0,6,239,110,CORRECT,0,0,0,0,0,0,0.0,0.0
margin,live-delta,2,0.0,0.287055,0.576036,0.086357,0.921875,0.311599,0.461599,0.006048679351806641,0.6312018632888794,0.6251531839370728,2.029421806335449,7.609684944152832,0.31577053666114807,20,3,3,1,3,1,0,0.0,0.4550524055957794,2,stale,0.0,6,240,113,CORRECT,0,0,0,0,0,0,0.0,0.0
margin,live-delta,2,0.0,0.287055,0.576036,0.086357,0.921875,0.311599,0.461599,0.004112362861633301,0.7422609329223633,0.73814857006073,2.0436136722564697,7.718451023101807,0.22532950341701508,20,3,3,1,3,1,0,0.0,0.597240686416626,2,stale,0.0,6,241,101,CORRECT,0,0,0,0,0,0,0.0,0.0
margin,live-delta,2,0.0,0.287055,0.576036,0.086357,0.921875,0.311599,0.461599,0.004317045211791992,0.8364174365997314,0.8321003913879395,2.039419412612915,7.686145305633545,0.22145655751228333,20,3,3,1,3,1,0,0.0,0.7108870148658752,2,stale,0.0,6,242,125,CORRECT,0,0,0,0,0,0,0.0,0.0
margin,live-delta,2,0.0,0.287055,0.576036,0.086357,0.921875,0.311599,0.461599,0.04702085256576538,0.45911580324172974,0.41209495067596436,2.4274768829345703,11.3302583694458,0.2999398708343506,17,3,3,1,3,1,0,0.0,0.22644346952438354,2,stale,0.0,6,243,118,CORRECT,0,0,0,0,0,0,0.0,0.0
margin,live-delta,2,0.0,0.287055,0.576036,0.086357,0.921875,0.311599,0.461599,0.10091972351074219,0.7671536207199097,0.6662338972091675,1.1288315057754517,3.092041254043579,0.6994473934173584,20,3,3,1,3,1,0,0.0,0.48336273431777954,2,stale,0.0,6,244,120,CORRECT,0,0,0,0,0,0,0.0,0.0
margin,live-delta,2,0.0,0.287055,0.576036,0.086357,0.921875,0.311599,0.461599,0.031228721141815186,0.8901559114456177,0.8589271903038025,1.1922409534454346,3.2944557666778564,0.5376150608062744,20,3,3,1,3,1,0,0.0,0.7685379385948181,2,stale,0.0,6,245,97,CORRECT,0,0,0,0,0,0,0.0,0.0
margin,live-delta,2,0.0,0.287055,0.576036,0.086357,0.921875,0.311599,0.461599,0.48767462372779846,0.805931031703949,0.3182564079761505,0.0006246180855669081,1.0006247758865356,0.9999419450759888,2,3,3,1,3,1,0,0.0,0.6626579761505127,2,stale,0.0,6,246,100,CORRECT,0,0,0,0,0,0,0.0,0.0
margin,live-delta,2,0.0,0.287055,0.576036,0.086357,0.921875,0.311599,0.461599,0.01692742109298706,0.31843364238739014,0.3015062212944031,-0.0,1.0,1.0,1,3,3,1,3,1,0,0.0,0.021087348461151123,0,stale,0.0,6,247,113,CORRECT,0,0,0,0,0,0,0.0,0.0
margin,live-delta,2,0.0,0.287055,0.576036,0.086357,0.921875,0.311599,0.461599,0.0029401779174804688,0.5670373439788818,0.5640971660614014,2.2715773582458496,9.694681167602539,0.236850768327713,20,3,3,1,3,1,0,0.0,0.42987003922462463,2,stale,0.0,6,248,101,CORRECT,0,0,0,0,0,0,0.0,0.0
margin,live-delta,2,0.0,0.287055,0.576036,0.086357,0.921875,0.311599,0.461599,0.018736422061920166,0.6796143651008606,0.6608779430389404,1.9736518859863281,7.196910858154297,0.29880526661872864,18,3,3,1,3,1,0,0.0,0.5658657550811768,2,stale,0.0,6,249,105,CORRECT,0,0,0,0,0,0,0.0,0.0
margin,live-delta,2,0.0,0.287055,0.576036,0.086357,0.921875,0.311599,0.461599,0.05136531591415405,0.7388730645179749,0.6875077486038208,1.4365373849868774,4.206106662750244,0.5618289113044739,20,3,3,1,3,1,0,0.0,0.5477907657623291,2,stale,0.0,6,250,114,CORRECT,0,0,0,0,0,0,0.0,0.0
margin,live-delta,2,0.0,0.287055,0.576036,0.086357,0.921875,0.311599,0.461599,0.13544273376464844,0.6935679912567139,0.5581252574920654,0.7351569533348083,2.0858092308044434,0.8522759675979614,20,3,3,1,3,1,0,0.0,0.42063069343566895,2,stale,0.0,6,251,120,CORRECT,0,0,0,0,0,0,0.0,0.0
margin,live-delta,2,0.0,0.287055,0.576036,0.086357,0.921875,0.311599,0.461599,0.04568314552307129,0.8082557916641235,0.7625726461410522,1.9747450351715088,7.204782485961914,0.40140560269355774,20,3,3,1,3,1,0,0.0,0.686444103717804,2,stale,0.0,6,252,127,CORRECT,0,0,0,0,0,0,0.0,0.0
margin,live-delta,2,0.0,0.287055,0.576036,0.086357,0.921875,0.311599,0.461599,0.06185990571975708,0.7299630641937256,0.6681031584739685,1.8280168771743774,6.221536159515381,0.48660093545913696,20,3,3,1,3,1,0,0.0,0.5752080678939819,2,stale,0.0,6,253,114,CORRECT,0,0,0,0,0,0,0.0,0.0
margin,live-delta,2,0.0,0.287055,0.576036,0.086357,0.921875,0.311599,0.461599,0.05214470624923706,0.5976381301879883,0.5454934239387512,1.870353102684021,6.4905877113342285,0.48225247859954834,20,3,3,1,3,1,0,0.0,0.4311729371547699,2,stale,0.0,6,254,102,CORRECT,0,0,0,0,0,0,0.0,0.0
margin,live-delta,2,0.0,0.287055,0.576036,0.086357,0.921875,0.311599,0.461599,0.009095430374145508,0.6186673641204834,0.6095719337463379,2.38944149017334,10.907400131225586,0.20700062811374664,20,3,3,1,3,1,0,0.0,0.25513458251953125,2,stale,0.0,6,255,117,CORRECT,0,0,0,0,0,0,0.0,0.0
margin,live-delta,3,0.0,0.287055,0.576036,0.084798,0.925781,0.322711,0.472711,0.08858919143676758,0.5616472959518433,0.4730581045150757,1.2332463264465332,3.432353973388672,0.6587903499603271,9,0,0,1,0,1,0,0.007646993733942509,0.22280466556549072,2,stale,0.0,6,0,7,CORRECT,0,0,0,0,0,0,0.0,0.0
margin,live-delta,3,0.0,0.287055,0.576036,0.084798,0.925781,0.322711,0.472711,0.06531029939651489,0.4198814034461975,0.3545711040496826,0.8643235564231873,2.3733999729156494,0.6680283546447754,3,0,0,1,0,1,1,0.1510390043258667,0.07433962821960449,2,stale,0.0,6,1,0,CORRECT,0,0,0,0,0,0,0.0,0.0
margin,live-delta,3,0.0,0.287055,0.576036,0.084798,0.925781,0.322711,0.472711,0.15834331512451172,0.4902179539203644,0.33187463879585266,0.16931414604187012,1.1844922304153442,0.9595681428909302,2,0,0,1,0,1,0,0.04043183475732803,0.15834331512451172,2,stale,0.0,6,2,17,CORRECT,0,0,0,0,0,0,0.0,0.0
margin,live-delta,3,0.0,0.287055,0.576036,0.084798,0.925781,0.322711,0.472711,0.00620231032371521,0.4598029851913452,0.45360067486763,2.278468370437622,9.761717796325684,0.1989823281764984,13,0,0,1,0,1,0,0.0,0.13865387439727783,2,stale,0.0,6,3,7,CORRECT,0,0,0,0,0,0,0.0,0.0
margin,live-delta,3,0.0,0.287055,0.576036,0.084798,0.925781,0.322711,0.472711,0.0393713116645813,0.49600115418434143,0.45662984251976013,2.5303635597229004,12.55807113647461,0.26725706458091736,20,0,1,0,1,0,1,0.6661855578422546,-0.0393713116645813,0,stale,0.0,6,4,43,BLENDED,0,0,0,0,0,0,0.0,0.0
margin,live-delta,3,0.0,0.287055,0.576036,0.084798,0.925781,0.322711,0.472711,0.01674911379814148,0.42364421486854553,0.40689510107040405,1.8774540424346924,6.536840915679932,0.3413759171962738,9,0,0,1,0,1,0,0.054676324129104614,0.0915776789188385,2,stale,0.0,6,5,17,CORRECT,0,0,0,0,0,0,0.0,0.0
margin,live-delta,3,0.0,0.287055,0.576036,0.084798,0.925781,0.322711,0.472711,0.044088125228881836,0.5367840528488159,0.4926959276199341,2.12278151512146,8.35434341430664,0.3202296197414398,15,0,0,1,0,1,1,0.3907945454120636,0.044088125228881836,1,stale,0.0,6,6,24,CORRECT,0,0,0,0,0,0,0.0,0.0
margin,live-delta,3,0.0,0.287055,0.576036,0.084798,0.925781,0.322711,0.472711,0.017386168241500854,0.3785971999168396,0.36121103167533875,1.0110995769500732,2.748621702194214,0.4912760257720947,3,0,1,0,0,1,1,0.4912760257720947,-0.017386168241500854,0,stale,0.0,6,7,61,CORRECT,0,0,0,0,0,0,0.0,0.0
margin,live-delta,3,0.0,0.287055,0.576036,0.084798,0.925781,0.322711,0.472711,0.08456525206565857,0.45839160680770874,0.37382635474205017,1.1394414901733398,3.1250224113464355,0.643233060836792,5,0,1,0,1,0,1,0.8477491140365601,-0.10400882363319397,0,stale,0.0,6,8,52,BLENDED,0,0,0,0,0,0,0.0,0.0
margin,live-delta,3,0.0,0.287055,0.576036,0.084798,0.925781,0.322711,0.472711,0.004209160804748535,0.4691773056983948,0.46496814489364624,1.7004162073135376,5.476226329803467,0.35279586911201477,9,0,0,1,0,1,0,0.08715829998254776,0.08444088697433472,2,stale,0.0,6,9,29,CORRECT,0,0,0,0,0,0,0.0,0.0
margin,live-delta,3,0.0,0.287055,0.576036,0.084798,0.925781,0.322711,0.472711,0.14829879999160767,0.6366702318191528,0.48837143182754517,0.4425017833709717,1.5565966367721558,0.9059231877326965,8,0,0,1,0,1,0,0.06764806061983109,0.14829879999160767,2,stale,0.0,6,10,24,CORRECT,0,0,0,0,0,0,0.0,0.0
margin,live-delta,3,0.0,0.287055,0.576036,0.084798,0.925781,0.322711,0.472711,0.016799569129943848,0.3495281934738159,0.33272862434387207,1.3645848035812378,3.914097547531128,0.33877015113830566,4,0,0,1,0,1,0,0.0,0.04678088426589966,1,stale,0.0,6,12,13,CORRECT,0,0,0,0,0,0,0.0,0.0
margin,live-delta,3,0.0,0.287055,0.576036,0.084798,0.925781,0.322711,0.472711,0.09863480925559998,0.5681047439575195,0.46946993470191956,0.8037708401679993,2.2339489459991455,0.7959253787994385,8,0,1,0,1,0,1,0.9907016754150391,-0.22248366475105286,0,stale,0.0,6,14,35,BLENDED,0,0,0,0,0,0,0.0,0.0
margin,live-delta,3,0.0,0.287055,0.576036,0.084798,0.925781,0.322711,0.472711,0.08912575244903564,0.4009496569633484,0.31182390451431274,-0.0,1.0,1.0,1,0,0,1,0,1,0,0.0,0.08912575244903564,2,stale,0.0,6,15,19,CORRECT,0,0,0,0,0,0,0.0,0.0
margin,live-delta,3,0.0,0.287055,0.576036,0.084798,0.925781,0.322711,0.472711,0.016982465982437134,0.5011003613471985,0.48411789536476135,2.408212184906006,11.114073753356934,0.24180616438388824,20,0,0,1,1,0,1,0.617266833782196,0.016982465982437134,0,stale,0.0,6,16,24,BLENDED,0,0,0,0,0,0,0.0,0.0
margin,live-delta,3,0.0,0.287055,0.576036,0.084798,0.925781,0.322711,0.472711,0.12077388167381287,0.38686105608940125,0.2660871744155884,-0.0,1.0,1.0,1,0,0,1,0,1,0,0.0,0.13998815417289734,2,stale,0.0,6,17,15,CORRECT,0,0,0,0,0,0,0.0,0.0
margin,live-delta,3,0.0,0.287055,0.576036,0.084798,0.925781,0.322711,0.472711,0.05058789253234863,0.3627921938896179,0.3122043013572693,-0.0,1.0,1.0,1,0,0,1,0,1,0,0.0,0.07699248194694519,2,stale,0.0,6,18,7,CORRECT,0,0,0,0,0,0,0.0,0.0
margin,live-delta,3,0.0,0.287055,0.576036,0.084798,0.925781,0.322711,0.472711,0.24001169204711914,0.697227954864502,0.4572162628173828,0.22108611464500427,1.2474308013916016,0.966892659664154,16,0,0,1,0,1,0,0.009439514949917793,0.2588767409324646,2,stale,0.0,6,20,17,CORRECT,0,0,0,0,0,0,0.0,0.0
margin,live-delta,3,0.0,0.287055,0.576036,0.084798,0.925781,0.322711,0.472711,0.10926885902881622,0.34342271089553833,0.2341538518667221,-0.0,1.0,1.0,1,0,0,1,0,1,0,0.0,0.10926885902881622,2,stale,0.0,6,21,19,CORRECT,0,0,0,0,0,0,0.0,0.0
margin,live-delta,3,0.0,0.287055,0.576036,0.084798,0.925781,0.322711,0.472711,0.031585752964019775,0.32356977462768555,0.29198402166366577,-0.0,1.0,1.0,1,0,0,1,0,1,0,0.0,0.04690989851951599,1,stale,0.0,6,23,5,CORRECT,0,0,0,0,0,0,0.0,0.0
margin,live-delta,3,0.0,0.287055,0.576036,0.084798,0.925781,0.322711,0.472711,0.07864773273468018,0.5750564336776733,0.49640870094299316,1.2118078470230103,3.3595526218414307,0.6901156306266785,15,0,0,1,0,1,0,0.062066398561000824,0.13445734977722168,2,stale,0.0,6,24,17,CORRECT,0,0,0,0,0,0,0.0,0.0
margin,live-delta,3,0.0,0.287055,0.576036,0.084798,0.925781,0.322711,0.472711,0.04762154817581177,0.37726837396621704,0.3296468257904053,0.5914321541786194,1.8065738677978516,0.7216038107872009,2,0,0,1,0,1,0,0.0,0.11129796504974365,2,stale,0.0,6,25,26,CORRECT,0,0,0,0,0,0,0.0,0.0
margin,live-delta,3,0.0,0.287055,0.576036,0.084798,0.925781,0.322711,0.472711,0.05207479000091553,0.40230363607406616,0.35022884607315063,1.2028149366378784,3.3294761180877686,0.5297130346298218,4,0,1,0,1,0,1,0.5297130346298218,-0.05207479000091553,0,stale,0.0,6,26,52,BLENDED,0,0,0,0,0,0,0.0,0.0
margin,live-delta,3,0.0,0.287055,0.576036,0.084798,0.925781,0.322711,0.472711,0.002972900867462158,0.44835323095321655,0.4453803300857544,2.509815216064453,12.302656173706055,0.17043210566043854,17,0,0,1,0,1,1,0.12120737880468369,0.06983911991119385,2,stale,0.0,6,27,17,CORRECT,0,0,0,0,0,0,0.0,0.0
margin,live-delta,3,0.0,0.287055,0.576036,0.084798,0.925781,0.322711,0.472711,0.015471339225769043,0.32633835077285767,0.3108670115470886,-0.0,1.0,1.0,1,0,1,0,1,0,1,1.0,-0.015471339225769043,0,stale,0.0,6,28,39,BLENDED,0,0,0,0,0,0,0.0,0.0
margin,live-delta,3,0.0,0.287055,0.576036,0.084798,0.925781,0.322711,0.472711,0.03304925560951233,0.33918243646621704,0.3061331808567047,-0.0,1.0,1.0,1,0,1,0,1,0,1,1.0,-0.03304925560951233,0,stale,0.0,6,29,50,BLENDED,0,0,0,0,0,0,0.0,0.0
margin,live-delta,3,0.0,0.287055,0.576036,0.084798,0.925781,0.322711,0.472711,0.18138855695724487,0.5200752019882202,0.33868664503097534,0.21639543771743774,1.2415932416915894,0.9544708132743835,3,0,0,1,0,1,0,0.0,0.21417245268821716,2,stale,0.0,6,30,17,CORRECT,0,0,0,0,0,0,0.0,0.0
margin,live-delta,3,0.0,0.287055,0.576036,0.084798,0.925781,0.322711,0.472711,0.027149081230163574,0.46322065591812134,0.43607157468795776,1.6989057064056396,5.467960357666016,0.38766124844551086,9,0,0,1,0,1,1,0.35134172439575195,0.027149081230163574,1,stale,0.0,6,31,24,CORRECT,0,0,0,0,0,0,0.0,0.0
margin,live-delta,3,0.0,0.287055,0.576036,0.084798,0.925781,0.322711,0.472711,0.2848507761955261,0.7049044370651245,0.4200536608695984,0.07894991338253021,1.0821501016616821,0.9888433218002319,7,0,0,1,0,1,0,0.0008260897011496127,0.35437941551208496,2,stale,0.0,6,32,2,CORRECT,0,0,0,0,0,0,0.0,0.0
margin,live-delta,3,0.0,0.287055,0.576036,0.084798,0.925781,0.322711,0.472711,0.06312143802642822,0.3594024181365967,0.29628098011016846,-0.0,1.0,1.0,1,0,0,1,0,1,0,0.0,0.08312207460403442,2,stale,0.0,6,33,8,CORRECT,0,0,0,0,0,0,0.0,0.0
margin,live-delta,3,0.0,0.287055,0.576036,0.084798,0.925781,0.322711,0.472711,0.06539866328239441,0.5084764957427979,0.44307783246040344,2.027961015701294,7.59857702255249,0.428581565618515,14,0,0,1,0,1,0,0.049570225179195404,0.1497911810874939,2,stale,0.0,6,35,2,CORRECT,0,0,0,0,0,0,0.0,0.0
margin,live-delta,3,0.0,0.287055,0.576036,0.084798,0.925781,0.322711,0.472711,0.051814109086990356,0.33738306164741516,0.2855689525604248,-0.0,1.0,1.0,1,0,1,0,1,0,1,1.0,-0.051814109086990356,0,stale,0.0,6,36,44,BLENDED,0,0,0,0,0,0,0.0,0.0
margin,live-delta,3,0.0,0.287055,0.576036,0.084798,0.925781,0.322711,0.472711,0.07707512378692627,0.5940665006637573,0.516991376876831,0.8981021642684937,2.454939603805542,0.746308445930481,9,0,1,0,1,0,1,0.8046036958694458,-0.07707512378692627,0,stale,0.0,6,37,54,BLENDED,0,0,0,0,0,0,0.0,0.0
margin,live-delta,3,0.0,0.287055,0.576036,0.084798,0.925781,0.322711,0.472711,0.014270961284637451,0.5052318572998047,0.49096089601516724,2.2811343669891357,9.787776947021484,0.25222769379615784,19,0,1,0,0,1,1,0.3953687846660614,-0.014270961284637451,0,stale,0.0,6,38,38,CORRECT,0,0,0,0,0,0,0.0,0.0
margin,live-delta,3,0.0,0.287055,0.576036,0.084798,0.925781,0.322711,0.472711,0.014461219310760498,0.36777839064598083,0.35331717133522034,0.6827991008758545,1.9794105291366577,0.5718063116073608,2,0,0,1,0,1,0,0.0,0.08107396960258484,2,stale,0.0,6,39,3,CORRECT,0,0,0,0,0,0,0.0,0.0
margin,live-delta,3,0.0,0.287055,0.576036,0.084798,0.925781,0.322711,0.472711,0.05741870403289795,0.47338902950286865,0.4159703254699707,1.9238011837005615,6.846935749053955,0.41096043586730957,11,0,0,1,0,1,1,0.2796296775341034,0.05741870403289795,2,stale,0.0,6,40,2,CORRECT,0,0,0,0,0,0,0.0,0.0
margin,live-delta,3,0.0,0.287055,0.576036,0.084798,0.925781,0.322711,0.472711,0.039655596017837524,0.4543263018131256,0.4146707057952881,2.160586357116699,8.676223754882812,0.3198261260986328,12,0,1,0,1,0,1,0.8887882232666016,-0.08841025829315186,0,stale,0.0,6,41,44,BLENDED,0,0,0,0,0,0,0.0,0.0
margin,live-delta,3,0.0,0.287055,0.576036,0.084798,0.925781,0.322711,0.472711,0.07625147700309753,0.4363560974597931,0.36010462045669556,1.3425012826919556,3.8286080360412598,0.5769670605659485,6,0,0,1,0,1,0,0.06450887769460678,0.1095491349697113,2,stale,0.0,6,44,20,CORRECT,0,0,0,0,0,0,0.0,0.0
margin,live-delta,3,0.0,0.287055,0.576036,0.084798,0.925781,0.322711,0.472711,0.15382620692253113,0.6251209378242493,0.47129473090171814,0.6493781208992004,1.914349913597107,0.8688386678695679,13,0,1,0,1,0,1,0.9368249773979187,-0.15382620692253113,0,stale,0.0,6,46,61,BLENDED,0,0,0,0,0,0,0.0,0.0
margin,live-delta,3,0.0,0.287055,0.576036,0.084798,0.925781,0.322711,0.472711,0.018756568431854248,0.5020971894264221,0.48334062099456787,1.4544872045516968,4.282287120819092,0.4778688848018646,11,0,0,1,0,1,0,0.019838200882077217,0.15908634662628174,2,stale,0.0,6,47,21,CORRECT,0,0,0,0,0,0,0.0,0.0
margin,live-delta,3,0.0,0.287055,0.576036,0.084798,0.925781,0.322711,0.472711,0.03281363844871521,0.46319881081581116,0.43038517236709595,1.3537354469299316,3.871861696243286,0.4942174553871155,6,0,0,1,0,1,0,0.0,0.20571187138557434,2,stale,0.0,6,48,21,CORRECT,0,0,0,0,0,0,0.0,0.0
margin,live-delta,3,0.0,0.287055,0.576036,0.084798,0.925781,0.322711,0.472711,0.11248421669006348,0.5731854438781738,0.46070122718811035,0.49450692534446716,1.639689564704895,0.871116578578949,5,0,1,0,1,0,1,0.8840647339820862,-0.11248421669006348,0,stale,0.0,6,49,52,BLENDED,0,0,0,0,0,0,0.0,0.0
margin,live-delta,3,0.0,0.287055,0.576036,0.084798,0.925781,0.322711,0.472711,0.07074281573295593,0.3467070162296295,0.2759642004966736,-0.0,1.0,1.0,1,0,0,1,0,1,0,0.0,0.11189362406730652,2,stale,0.0,6,51,3,CORRECT,0,0,0,0,0,0,0.0,0.0
margin,live-delta,3,0.0,0.287055,0.576036,0.084798,0.925781,0.322711,0.472711,0.011517971754074097,0.4511723518371582,0.4396543800830841,2.138178825378418,8.483972549438477,0.23676659166812897,12,0,0,1,0,1,0,0.0,0.13149303197860718,2,stale,0.0,6,52,2,CORRECT,0,0,0,0,0,0,0.0,0.0
margin,live-delta,3,0.0,0.287055,0.576036,0.084798,0.925781,0.322711,0.472711,0.14629903435707092,0.6028329730033875,0.45653393864631653,0.9173755049705505,2.502713441848755,0.8200674653053284,18,0,0,1,0,1,0,0.09030955284833908,0.14629903435707092,2,stale,0.0,6,54,2,CORRECT,0,0,0,0,0,0,0.0,0.0
margin,live-delta,3,0.0,0.287055,0.576036,0.084798,0.925781,0.322711,0.472711,0.06897953152656555,0.37228965759277344,0.3033101260662079,-0.0,1.0,1.0,1,0,0,1,0,1,0,0.0,0.071353018283844,2,stale,0.0,6,55,15,CORRECT,0,0,0,0,0,0,0.0,0.0
margin,live-delta,3,0.0,0.287055,0.576036,0.084798,0.925781,0.322711,0.472711,0.06793481111526489,0.5061884522438049,0.43825364112854004,1.8803987503051758,6.556118488311768,0.4584197700023651,13,0,0,1,0,1,0,0.05586714297533035,0.146622896194458,2,stale,0.0,6,56,17,CORRECT,0,0,0,0,0,0,0.0,0.0
margin,live-delta,3,0.0,0.287055,0.576036,0.084798,0.925781,0.322711,0.472711,0.04630231857299805,0.5316430330276489,0.4853407144546509,1.2513809204101562,3.495166301727295,0.5813865661621094,8,0,1,0,1,0,1,1.0,-0.20962217450141907,0,stale,0.0,6,57,36,BLENDED,0,0,0,0,0,0,0.0,0.0
margin,live-delta,3,0.0,0.287055,0.576036,0.084798,0.925781,0.322711,0.472711,0.021666288375854492,0.5414921045303345,0.51982581615448,1.8781650066375732,6.541490077972412,0.4071090817451477,16,0,0,1,0,1,1,0.15921209752559662,0.09511896967887878,2,stale,0.0,6,58,24,CORRECT,0,0,0,0,0,0,0.0,0.0
margin,live-delta,3,0.0,0.287055,0.576036,0.084798,0.925781,0.322711,0.472711,0.032430291175842285,0.4432842433452606,0.41085395216941833,1.543518304824829,4.681030750274658,0.4175463616847992,7,0,0,1,0,1,0,0.040286991745233536,0.11691835522651672,2,stale,0.0,6,59,30,CORRECT,0,0,0,0,0,0,0.0,0.0
margin,live-delta,3,0.0,0.287055,0.576036,0.084798,0.925781,0.322711,0.472711,0.06810936331748962,0.34254106879234314,0.2744317054748535,-0.0,1.0,1.0,1,0,0,1,0,1,0,0.0,0.06810936331748962,2,stale,0.0,6,60,26,CORRECT,0,0,0,0,0,0,0.0,0.0
margin,live-delta,3,0.0,0.287055,0.576036,0.084798,0.925781,0.322711,0.472711,0.024371206760406494,0.3937024772167206,0.3693312704563141,2.2333216667175293,9.330808639526367,0.20039016008377075,10,0,0,1,0,1,1,0.15888361632823944,0.036554932594299316,1,stale,0.0,6,61,17,CORRECT,0,0,0,0,0,0,0.0,0.0
margin,live-delta,3,0.0,0.287055,0.576036,0.084798,0.925781,0.322711,0.472711,0.030297040939331055,0.5292019248008728,0.49890488386154175,1.7404826879501343,5.700094223022461,0.41780731081962585,14,0,0,1,0,1,1,0.30573299527168274,0.030297040939331055,1,stale,0.0,6,62,17,CORRECT,0,0,0,0,0,0,0.0,0.0
margin,live-delta,3,0.0,0.287055,0.576036,0.084798,0.925781,0.322711,0.472711,0.1494896113872528,0.5652795433998108,0.415789932012558,0.7808166146278381,2.1832544803619385,0.8352523446083069,10,0,0,1,0,1,0,0.01789812371134758,0.19215190410614014,2,stale,0.0,6,63,17,CORRECT,0,0,0,0,0,0,0.0,0.0
margin,live-delta,3,0.0,0.287055,0.576036,0.084798,0.925781,0.322711,0.472711,0.04837492108345032,0.5429256558418274,0.4945507347583771,2.143568992614746,8.529826164245605,0.3330681622028351,15,1,1,1,1,1,0,0.0,0.22257667779922485,2,stale,0.0,6,64,49,CORRECT,0,0,0,0,0,0,0.0,0.0
margin,live-delta,3,0.0,0.287055,0.576036,0.084798,0.925781,0.322711,0.472711,0.0578310489654541,0.6803346872329712,0.6225036382675171,1.7446106672286987,5.723672389984131,0.4974486529827118,20,1,1,1,1,1,0,0.011930507607758045,0.2098725438117981,2,stale,0.0,6,65,49,CORRECT,0,0,0,0,0,0,0.0,0.0
margin,live-delta,3,0.0,0.287055,0.576036,0.084798,0.925781,0.322711,0.472711,0.07482990622520447,0.44970446825027466,0.3748745620250702,0.7568176984786987,2.1314823627471924,0.7336860299110413,3,1,0,0,0,0,1,0.7336860299110413,-0.07482990622520447,0,stale,0.0,6,66,8,BLENDED,0,0,0,0,0,0,0.0,0.0
margin,live-delta,3,0.0,0.287055,0.576036,0.084798,0.925781,0.322711,0.472711,0.05244165658950806,0.4750416874885559,0.42260003089904785,1.2292640209197998,3.418712615966797,0.5800989270210266,6,1,1,1,1,1,0,0.033077117055654526,0.14321786165237427,2,stale,0.0,6,67,37,CORRECT,0,0,0,0,0,0,0.0,0.0
margin,live-delta,3,0.0,0.287055,0.576036,0.084798,0.925781,0.322711,0.472711,0.012731552124023438,0.6514356136322021,0.6387040615081787,1.5776891708374023,4.84375,0.34658828377723694,19,1,1,1,1,1,0,0.0,0.33663100004196167,2,stale,0.0,6,68,55,CORRECT,0,0,0,0,0,0,0.0,0.0
margin,live-delta,3,0.0,0.287055,0.576036,0.084798,0.925781,0.322711,0.472711,0.09354740381240845,0.673875093460083,0.5803276896476746,0.9530506730079651,2.5936098098754883,0.7594901919364929,14,1,1,1,1,1,0,0.01437391061335802,0.2282102108001709,2,stale,0.0,6,69,41,CORRECT,0,0,0,0,0,0,0.0,0.0
margin,live-delta,3,0.0,0.287055,0.576036,0.084798,0.925781,0.322711,0.472711,0.01679331064224243,0.36933302879333496,0.35253971815109253,1.077964186668396,2.9386909008026123,0.42777901887893677,3,1,1,1,1,1,0,0.0,0.11301720142364502,2,stale,0.0,6,70,37,CORRECT,0,0,0,0,0,0,0.0,0.0
margin,live-delta,3,0.0,0.287055,0.576036,0.084798,0.925781,0.322711,0.472711,0.014739274978637695,0.6308947801589966,0.6161555051803589,1.4837055206298828,4.40925407409668,0.3920776844024658,16,1,0,0,1,1,1,0.42847952246665955,-0.014739274978637695,0,stale,0.0,6,71,24,CORRECT,0,0,0,0,0,0,0.0,0.0
margin,live-delta,3,0.0,0.287055,0.576036,0.084798,0.925781,0.322711,0.472711,0.024615049362182617,0.7187014818191528,0.6940864324569702,1.0595003366470337,2.8849291801452637,0.570257842540741,20,1,1,1,1,1,0,0.03537711501121521,0.15931344032287598,2,stale,0.0,6,72,51,CORRECT,0,0,0,0,0,0,0.0,0.0
margin,live-delta,3,0.0,0.287055,0.576036,0.084798,0.925781,0.322711,0.472711,0.05615776777267456,0.6409323215484619,0.5847745537757874,1.8633965253829956,6.445592403411865,0.414867103099823,16,1,1,1,1,1,0,0.02192188985645771,0.18032974004745483,2,stale,0.0,6,73,41,CORRECT,0,0,0,0,0,0,0.0,0.0
margin,live-delta,3,0.0,0.287055,0.576036,0.084798,0.925781,0.322711,0.472711,0.13656732439994812,0.5914551019668579,0.4548877775669098,0.6786210536956787,1.9711577892303467,0.8429398536682129,7,1,1,1,1,1,0,0.08891836553812027,0.15459880232810974,2,stale,0.0,6,74,34,CORRECT,0,0,0,0,0,0,0.0,0.0
margin,live-delta,3,0.0,0.287055,0.576036,0.084798,0.925781,0.322711,0.472711,0.09804314374923706,0.6537768840789795,0.5557337403297424,1.78684663772583,5.970595359802246,0.5602211952209473,20,1,1,1,1,1,0,0.001474394230172038,0.29700422286987305,2,stale,0.0,6,75,49,CORRECT,0,0,0,0,0,0,0.0,0.0
margin,live-delta,3,0.0,0.287055,0.576036,0.084798,0.925781,0.322711,0.472711,0.07732564210891724,0.6243658065795898,0.5470401644706726,1.413754940032959,4.111364364624023,0.609425961971283,15,1,1,1,1,1,0,0.012688584625720978,0.2234358787536621,2,stale,0.0,6,76,58,CORRECT,0,0,0,0,0,0,0.0,0.0
margin,live-delta,3,0.0,0.287055,0.576036,0.084798,0.925781,0.322711,0.472711,0.004162102937698364,0.4389645755290985,0.43480247259140015,1.3352909088134766,3.8011014461517334,0.33873018622398376,4,1,1,1,1,1,1,0.20274823904037476,0.025661945343017578,1,stale,0.0,6,77,38,CORRECT,0,0,0,0,0,0,0.0,0.0
margin,live-delta,3,0.0,0.287055,0.576036,0.084798,0.925781,0.322711,0.472711,0.2178201973438263,0.5824568271636963,0.36463662981987,0.23017236590385437,1.2588169574737549,0.9583181142807007,5,1,1,1,1,1,0,0.007221005856990814,0.24440926313400269,2,stale,0.0,6,78,37,CORRECT,0,0,0,0,0,0,0.0,0.0
margin,live-delta,3,0.0,0.287055,0.576036,0.084798,0.925781,0.322711,0.472711,0.00254899263381958,0.5849636793136597,0.5824146866798401,2.090261459350586,8.087029457092285,0.21739733219146729,20,1,1,1,1,1,0,0.013645839877426624,0.15678945183753967,2,stale,0.0,6,79,48,CORRECT,0,0,0,0,0,0,0.0,0.0
margin,live-delta,3,0.0,0.287055,0.576036,0.084798,0.925781,0.322711,0.472711,0.002153635025024414,0.5883429050445557,0.5861892700195312,2.3235256671905518,10.211613655090332,0.21370258927345276,19,1,1,1,1,1,0,0.004194286186248064,0.21522527933120728,2,stale,0.0,6,80,48,CORRECT,0,0,0,0,0,0,0.0,0.0
margin,live-delta,3,0.0,0.287055,0.576036,0.084798,0.925781,0.322711,0.472711,0.1268346905708313,0.623031497001648,0.49619680643081665,0.9704350233078003,2.639092206954956,0.7846813201904297,14,1,1,1,1,1,0,0.01889948733150959,0.1863071620464325,2,stale,0.0,6,81,49,CORRECT,0,0,0,0,0,0,0.0,0.0
margin,live-delta,3,0.0,0.287055,0.576036,0.084798,0.925781,0.322711,0.472711,0.009584277868270874,0.46435844898223877,0.4547741711139679,2.041076421737671,7.698892116546631,0.2482905387878418,10,1,1,1,1,1,1,0.12322204560041428,0.07170343399047852,2,stale,0.0,6,82,53,CORRECT,0,0,0,0,0,0,0.0,0.0
margin,live-delta,3,0.0,0.287055,0.576036,0.084798,0.925781,0.322711,0.472711,0.13681194186210632,0.6299456357955933,0.49313369393348694,1.0418275594711304,2.8343923091888428,0.7697928547859192,16,1,1,1,1,1,1,0.10626252740621567,0.13681194186210632,2,stale,0.0,6,83,38,CORRECT,0,0,0,0,0,0,0.0,0.0
margin,live-delta,3,0.0,0.287055,0.576036,0.084798,0.925781,0.322711,0.472711,0.03274679183959961,0.5804134607315063,0.5476666688919067,2.046370029449463,7.739755153656006,0.364693820476532,17,1,1,1,1,1,0,0.0,0.35087868571281433,2,stale,0.0,6,84,44,CORRECT,0,0,0,0,0,0,0.0,0.0
margin,live-delta,3,0.0,0.287055,0.576036,0.084798,0.925781,0.322711,0.472711,0.024288594722747803,0.7276468276977539,0.7033582329750061,1.8550394773483276,6.391950607299805,0.3497331440448761,20,1,1,1,1,1,0,0.0,0.399070143699646,2,stale,0.0,6,85,48,CORRECT,0,0,0,0,0,0,0.0,0.0
margin,live-delta,3,0.0,0.287055,0.576036,0.084798,0.925781,0.322711,0.472711,0.027054309844970703,0.5935630798339844,0.5665087699890137,2.296576738357544,9.940096855163574,0.2786312401294708,20,1,1,1,1,1,0,0.0012756222859025002,0.2693227529525757,2,stale,0.0,6,86,43,CORRECT,0,0,0,0,0,0,0.0,0.0
margin,live-delta,3,0.0,0.287055,0.576036,0.084798,0.925781,0.322711,0.472711,0.00391995906829834,0.381297767162323,0.37737780809402466,1.0020332336425781,2.7238142490386963,0.44609197974205017,3,1,0,0,1,1,1,0.44609197974205017,-0.00391995906829834,0,stale,0.0,6,87,20,CORRECT,0,0,0,0,0,0,0.0,0.0
margin,live-delta,3,0.0,0.287055,0.576036,0.084798,0.925781,0.322711,0.472711,0.08866894245147705,0.6758197546005249,0.5871508121490479,0.7761010527610779,2.172983407974243,0.7761840224266052,9,1,1,1,1,1,0,0.0,0.3579227328300476,2,stale,0.0,6,88,45,CORRECT,0,0,0,0,0,0,0.0,0.0
margin,live-delta,3,0.0,0.287055,0.576036,0.084798,0.925781,0.322711,0.472711,0.02692621946334839,0.7672025561332703,0.7402763366699219,1.1061615943908691,3.022733688354492,0.5340780019760132,14,1,0,0,0,0,1,0.845770537853241,-0.07573270797729492,0,stale,0.0,6,89,31,BLENDED,0,0,0,0,0,0,0.0,0.0
margin,live-delta,3,0.0,0.287055,0.576036,0.084798,0.925781,0.322711,0.472711,0.34611284732818604,0.9362046718597412,0.5900918245315552,0.014357480220496655,1.0144610404968262,0.9983581900596619,14,1,1,1,1,1,0,9.30430760490708e-05,0.5132040977478027,2,stale,0.0,6,90,38,CORRECT,0,0,0,0,0,0,0.0,0.0
margin,live-delta,3,0.0,0.287055,0.576036,0.084798,0.925781,0.322711,0.472711,0.07226181030273438,0.5792669057846069,0.5070050954818726,1.8813003301620483,6.562032222747803,0.4871019124984741,16,1,1,1,1,1,0,0.01225192565470934,0.20020031929016113,2,stale,0.0,6,91,54,CORRECT,0,0,0,0,0,0,0.0,0.0
margin,live-delta,3,0.0,0.287055,0.576036,0.084798,0.925781,0.322711,0.472711,0.031079202890396118,0.41078686714172363,0.3797076642513275,0.6470876932144165,1.9099702835083008,0.6505786776542664,2,1,1,1,1,1,0,0.0,0.08853426575660706,2,stale,0.0,6,92,60,CORRECT,0,0,0,0,0,0,0.0,0.0
margin,live-delta,3,0.0,0.287055,0.576036,0.084798,0.925781,0.322711,0.472711,0.10733836889266968,0.764479398727417,0.6571410298347473,0.8879188895225525,2.4300670623779297,0.7709000110626221,14,1,1,1,1,1,0,0.0,0.5251755714416504,2,stale,0.0,6,93,35,CORRECT,0,0,0,0,0,0,0.0,0.0
margin,live-delta,3,0.0,0.287055,0.576036,0.084798,0.925781,0.322711,0.472711,0.01648038625717163,0.5139942765235901,0.49751389026641846,2.664717674255371,14.363893508911133,0.20356102287769318,20,1,1,1,1,1,0,0.0436566136777401,0.10119685530662537,2,stale,0.0,6,94,51,CORRECT,0,0,0,0,0,0,0.0,0.0
margin,live-delta,3,0.0,0.287055,0.576036,0.084798,0.925781,0.322711,0.472711,0.01819002628326416,0.6271648406982422,0.608974814414978,1.7878310680389404,5.976475715637207,0.3302869498729706,20,1,1,1,1,1,0,0.02196965366601944,0.16906660795211792,2,stale,0.0,6,95,58,CORRECT,0,0,0,0,0,0,0.0,0.0
margin,live-delta,3,0.0,0.287055,0.576036,0.084798,0.925781,0.322711,0.472711,0.11423242092132568,0.8080053329467773,0.6937729120254517,0.810276985168457,2.248530626296997,0.8141262531280518,17,1,1,1,1,1,0,0.0,0.5019088387489319,2,stale,0.0,6,96,35,CORRECT,0,0,0,0,0,0,0.0,0.0
margin,live-delta,3,0.0,0.287055,0.576036,0.084798,0.925781,0.322711,0.472711,0.05946579575538635,0.3648052513599396,0.3053394556045532,-0.0,1.0,1.0,1,1,1,1,1,1,0,0.0,0.05946579575538635,2,stale,0.0,6,97,60,CORRECT,0,0,0,0,0,0,0.0,0.0
margin,live-delta,3,0.0,0.287055,0.576036,0.084798,0.925781,0.322711,0.472711,0.010035574436187744,0.6971126794815063,0.6870771050453186,1.7782118320465088,5.919262409210205,0.2927899658679962,18,1,1,1,1,1,0,0.0,0.3806838095188141,2,stale,0.0,6,98,44,CORRECT,0,0,0,0,0,0,0.0,0.0
margin,live-delta,3,0.0,0.287055,0.576036,0.084798,0.925781,0.322711,0.472711,0.01874375343322754,0.5285130143165588,0.5097692608833313,1.2209950685501099,3.3905599117279053,0.47932934761047363,6,1,1,1,1,1,0,0.0,0.21970665454864502,2,stale,0.0,6,99,36,CORRECT,0,0,0,0,0,0,0.0,0.0
margin,live-delta,3,0.0,0.287055,0.576036,0.084798,0.925781,0.322711,0.472711,0.07248339056968689,0.5363495945930481,0.4638662040233612,1.4996176958084106,4.479976177215576,0.5803101062774658,11,1,1,1,1,1,0,0.0,0.22104230523109436,2,stale,0.0,6,100,48,CORRECT,0,0,0,0,0,0,0.0,0.0
margin,live-delta,3,0.0,0.287055,0.576036,0.084798,0.925781,0.322711,0.472711,0.007860839366912842,0.6223558783531189,0.614495038986206,2.175159215927124,8.803586959838867,0.21601088345050812,20,1,1,1,1,1,0,0.008824124000966549,0.18231672048568726,2,stale,0.0,6,101,58,CORRECT,0,0,0,0,0,0,0.0,0.0
margin,live-delta,3,0.0,0.287055,0.576036,0.084798,0.925781,0.322711,0.472711,0.11691057682037354,0.8418571949005127,0.7249466180801392,0.6194812655448914,1.857964038848877,0.8579918146133423,20,1,1,1,1,1,0,0.0,0.5691530704498291,2,stale,0.0,6,102,35,CORRECT,0,0,0,0,0,0,0.0,0.0
margin,live-delta,3,0.0,0.287055,0.576036,0.084798,0.925781,0.322711,0.472711,0.05623912811279297,0.7818701267242432,0.7256309986114502,1.1346628665924072,3.1101248264312744,0.6565423607826233,17,1,1,1,1,1,0,0.0,0.4816293716430664,2,stale,0.0,6,103,35,CORRECT,0,0,0,0,0,0,0.0,0.0
margin,live-delta,3,0.0,0.287055,0.576036,0.084798,0.925781,0.322711,0.472711,0.09437793493270874,0.7348703742027283,0.6404924392700195,1.0272150039672852,2.793275833129883,0.7304785847663879,16,1,1,1,1,1,0,0.0,0.5042364597320557,2,stale,0.0,6,104,62,CORRECT,0,0,0,0,0,0,0.0,0.0
margin,live-delta,3,0.0,0.287055,0.576036,0.084798,0.925781,0.322711,0.472711,0.056365251541137695,0.693533182144165,0.6371679306030273,1.541571855545044,4.6719279289245605,0.512569010257721,18,1,1,1,1,1,0,0.0,0.3818410038948059,2,stale,0.0,6,105,35,CORRECT,0,0,0,0,0,0,0.0,0.0
margin,live-delta,3,0.0,0.287055,0.576036,0.084798,0.925781,0.322711,0.472711,0.12120801210403442,0.7400966286659241,0.6188886165618896,0.6892560124397278,1.9922327995300293,0.8500022888183594,16,1,1,1,1,1,0,0.0,0.4675822854042053,2,stale,0.0,6,106,35,CORRECT,0,0,0,0,0,0,0.0,0.0
margin,live-delta,3,0.0,0.287055,0.576036,0.084798,0.925781,0.322711,0.472711,0.016118526458740234,0.5859113931655884,0.5697928667068481,2.126347541809082,8.384187698364258,0.3151897192001343,20,1,1,1,1,1,0,0.0024993850383907557,0.24185651540756226,2,stale,0.0,6,107,45,CORRECT,0,0,0,0,0,0,0.0,0.0
margin,live-delta,3,0.0,0.287055,0.576036,0.084798,0.925781,0.322711,0.472711,0.017119288444519043,0.4537702202796936,0.43665093183517456,0.9869199991226196,2.6829581260681152,0.5309136509895325,4,1,1,1,1,1,0,0.09209804236888885,0.11738362908363342,2,stale,0.0,6,108,39,CORRECT,0,0,0,0,0,0,0.0,0.0
margin,live-delta,3,0.0,0.287055,0.576036,0.084798,0.925781,0.322711,0.472711,0.02263900637626648,0.4125114977359772,0.3898724913597107,1.7436829805374146,5.71836519241333,0.34319213032722473,7,1,1,1,1,1,0,0.0,0.13866844773292542,2,stale,0.0,6,109,51,CORRECT,0,0,0,0,0,0,0.0,0.0
margin,live-delta,3,0.0,0.287055,0.576036,0.084798,0.925781,0.322711,0.472711,0.03018951416015625,0.5871216654777527,0.5569321513175964,2.4558796882629395,11.656682968139648,0.2351093888282776,20,1,1,1,1,1,0,0.012890554964542389,0.17510518431663513,2,stale,0.0,6,110,34,CORRECT,0,0,0,0,0,0,0.0,0.0
margin,live-delta,3,0.0,0.287055,0.576036,0.084798,0.925781,0.322711,0.472711,0.008567750453948975,0.7654634714126587,0.7568957209587097,1.1160848140716553,3.0528781414031982,0.484675794839859,17,1,1,1,1,1,0,0.023718152195215225,0.1714400053024292,2,stale,0.0,6,111,58,CORRECT,0,0,0,0,0,0,0.0,0.0
margin,live-delta,3,0.0,0.287055,0.576036,0.084798,0.925781,0.322711,0.472711,0.060206472873687744,0.7512066960334778,0.69100022315979,1.2067828178405762,3.3427131175994873,0.6480710506439209,20,1,1,1,1,1,0,0.005936381407082081,0.24918127059936523,2,stale,0.0,6,112,51,CORRECT,0,0,0,0,0,0,0.0,0.0
margin,live-delta,3,0.0,0.287055,0.576036,0.084798,0.925781,0.322711,0.472711,0.07162243127822876,0.36166900396347046,0.2900465726852417,-0.0,1.0,1.0,1,1,1,1,1,1,0,0.0,0.07162243127822876,2,stale,0.0,6,113,38,CORRECT,0,0,0,0,0,0,0.0,0.0
margin,live-delta,3,0.0,0.287055,0.576036,0.084798,0.925781,0.322711,0.472711,0.005623340606689453,0.584922194480896,0.5792988538742065,2.0654523372650146,7.8888654708862305,0.25149863958358765,17,1,1,1,1,1,0,0.0,0.38961493968963623,2,stale,0.0,6,114,44,CORRECT,0,0,0,0,0,0,0.0,0.0
margin,live-delta,3,0.0,0.287055,0.576036,0.084798,0.925781,0.322711,0.472711,0.03806394338607788,0.7111191749572754,0.6730552315711975,1.6303398609161377,5.105609893798828,0.4417669177055359,20,1,1,1,1,1,0,0.0009086588397622108,0.32796382904052734,2,stale,0.0,6,115,35,CORRECT,0,0,0,0,0,0,0.0,0.0
margin,live-delta,3,0.0,0.287055,0.576036,0.084798,0.925781,0.322711,0.472711,0.00668671727180481,0.40673741698265076,0.40005069971084595,1.83734130859375,6.279819965362549,0.22087153792381287,7,1,0,0,0,0,1,0.6138096451759338,-0.00668671727180481,0,stale,0.0,6,116,4,BLENDED,0,0,0,0,0,0,0.0,0.0
margin,live-delta,3,0.0,0.287055,0.576036,0.084798,0.925781,0.322711,0.472711,0.030077993869781494,0.3963007926940918,0.3662227988243103,0.6498798131942749,1.9153106212615967,0.6460131406784058,2,1,1,1,1,1,0,0.0,0.12943902611732483,2,stale,0.0,6,117,50,CORRECT,0,0,0,0,0,0,0.0,0.0
margin,live-delta,3,0.0,0.287055,0.576036,0.084798,0.925781,0.322711,0.472711,0.04059028625488281,0.6312181949615479,0.590627908706665,1.7536301612854004,5.775530815124512,0.4911603331565857,20,1,1,1,1,1,0,0.03495302423834801,0.16091442108154297,2,stale,0.0,6,118,51,CORRECT,0,0,0,0,0,0,0.0,0.0
margin,live-delta,3,0.0,0.287055,0.576036,0.084798,0.925781,0.322711,0.472711,0.21062010526657104,0.8552870154380798,0.6446669101715088,0.14171595871448517,1.1522493362426758,0.9767232537269592,17,1,1,1,1,1,0,0.0,0.5921776294708252,2,stale,0.0,6,119,35,CORRECT,0,0,0,0,0,0,0.0,0.0
margin,live-delta,3,0.0,0.287055,0.576036,0.084798,0.925781,0.322711,0.472711,0.012780368328094482,0.6218248605728149,0.6090444922447205,1.7377376556396484,5.684468746185303,0.2893918454647064,10,1,1,1,1,1,0,0.0,0.38568252325057983,2,stale,0.0,6,120,40,CORRECT,0,0,0,0,0,0,0.0,0.0
margin,live-delta,3,0.0,0.287055,0.576036,0.084798,0.925781,0.322711,0.472711,0.06796568632125854,0.6766427159309387,0.6086770296096802,1.0622450113296509,2.8928582668304443,0.6938444375991821,18,1,1,1,1,1,0,0.0037036093417555094,0.28373271226882935,2,stale,0.0,6,121,58,CORRECT,0,0,0,0,0,0,0.0,0.0
margin,live-delta,3,0.0,0.287055,0.576036,0.084798,0.925781,0.322711,0.472711,0.0037984251976013184,0.7003782391548157,0.6965798139572144,1.880645751953125,6.557738304138184,0.25689488649368286,16,1,1,1,1,1,0,0.0,0.3948938250541687,2,stale,0.0,6,122,44,CORRECT,0,0,0,0,0,0,0.0,0.0
margin,live-delta,3,0.0,0.287055,0.576036,0.084798,0.925781,0.322711,0.472711,0.010840415954589844,0.5973057746887207,0.5864653587341309,1.3490548133850098,3.853781223297119,0.3834973871707916,10,1,1,1,1,1,0,0.006962191313505173,0.2247844636440277,2,stale,0.0,6,123,37,CORRECT,0,0,0,0,0,0,0.0,0.0
margin,live-delta,3,0.0,0.287055,0.576036,0.084798,0.925781,0.322711,0.472711,0.008288145065307617,0.6649891138076782,0.6567009687423706,1.8874399662017822,6.602444648742676,0.33128395676612854,20,1,1,1,1,1,0,0.0,0.3462510406970978,2,stale,0.0,6,124,44,CORRECT,0,0,0,0,0,0,0.0,0.0
margin,live-delta,3,0.0,0.287055,0.576036,0.084798,0.925781,0.322711,0.472711,0.0778813362121582,0.6159960031509399,0.5381146669387817,1.7703628540039062,5.872983932495117,0.5347222089767456,20,1,1,1,1,1,0,0.015780890360474586,0.2055698037147522,2,stale,0.0,6,125,46,CORRECT,0,0,0,0,0,0,0.0,0.0
margin,live-delta,3,0.0,0.287055,0.576036,0.084798,0.925781,0.322711,0.472711,0.025856196880340576,0.5987674593925476,0.572911262512207,1.3273578882217407,3.771066665649414,0.49482324719429016,9,1,1,1,1,1,0,0.0,0.28255516290664673,2,stale,0.0,6,126,36,CORRECT,0,0,0,0,0,0,0.0,0.0
margin,live-delta,3,0.0,0.287055,0.576036,0.084798,0.925781,0.322711,0.472711,0.058422237634658813,0.5013746023178101,0.44295236468315125,1.2201378345489502,3.3876545429229736,0.6135222911834717,7,1,1,1,1,1,1,0.23889227211475372,0.058422237634658813,2,stale,0.0,6,127,49,CORRECT,0,0,0,0,0,0,0.0,0.0
margin,live-delta,3,0.0,0.287055,0.576036,0.084798,0.925781,0.322711,0.472711,0.051199525594711304,0.4693129062652588,0.4181133806705475,2.001544952392578,7.4004807472229,0.35685205459594727,10,2,2,1,2,1,0,0.0,0.3255454897880554,2,stale,0.0,6,128,90,CORRECT,0,0,0,0,0,0,0.0,0.0
margin,live-delta,3,0.0,0.287055,0.576036,0.084798,0.925781,0.322711,0.472711,0.07013922929763794,0.7858513593673706,0.7157121300697327,1.4498109817504883,4.2623090744018555,0.562669575214386,18,2,2,1,2,1,0,0.0,0.5621412992477417,2,stale,0.0,6,129,66,CORRECT,0,0,0,0,0,0,0.0,0.0
margin,live-delta,3,0.0,0.287055,0.576036,0.084798,0.925781,0.322711,0.472711,0.011220335960388184,0.5333151817321777,0.5220948457717896,2.527958869934082,12.527909278869629,0.20014487206935883,20,2,2,1,2,1,0,0.0,0.2767532765865326,2,stale,0.0,6,130,89,CORRECT,0,0,0,0,0,0,0.0,0.0
margin,live-delta,3,0.0,0.287055,0.576036,0.084798,0.925781,0.322711,0.472711,0.012637794017791748,0.6034895181655884,0.5908517241477966,2.414473533630371,11.183880805969238,0.16215603053569794,18,2,2,1,2,1,0,0.0,0.3956734538078308,2,stale,0.0,6,131,89,CORRECT,0,0,0,0,0,0,0.0,0.0
margin,live-delta,3,0.0,0.287055,0.576036,0.084798,0.925781,0.322711,0.472711,0.007689833641052246,0.47320014238357544,0.4655103087425232,2.3735101222991943,10.735007286071777,0.17417727410793304,15,2,2,1,2,1,0,0.0,0.19685110449790955,2,stale,0.0,6,132,66,CORRECT,0,0,0,0,0,0,0.0,0.0
margin,live-delta,3,0.0,0.287055,0.576036,0.084798,0.925781,0.322711,0.472711,0.1113135814666748,0.7755482792854309,0.6642346978187561,0.919187068939209,2.507251262664795,0.7782247066497803,19,2,2,1,2,1,0,0.0,0.5068159103393555,2,stale,0.0,6,133,66,CORRECT,0,0,0,0,0,0,0.0,0.0
margin,live-delta,3,0.0,0.287055,0.576036,0.084798,0.925781,0.322711,0.472711,0.052082359790802,0.806567370891571,0.754485011100769,1.6764622926712036,5.346607685089111,0.43562448024749756,17,2,2,1,2,1,0,0.0,0.6338892579078674,2,stale,0.0,6,134,90,CORRECT,0,0,0,0,0,0,0.0,0.0
margin,live-delta,3,0.0,0.287055,0.576036,0.084798,0.925781,0.322711,0.472711,0.09420961141586304,0.6574013233184814,0.5631917119026184,1.5033739805221558,4.496835708618164,0.6091437935829163,16,2,2,1,2,1,0,0.0,0.5291342735290527,2,stale,0.0,6,135,82,CORRECT,0,0,0,0,0,0,0.0,0.0
margin,live-delta,3,0.0,0.287055,0.576036,0.084798,0.925781,0.322711,0.472711,0.0249253511428833,0.7994858026504517,0.7745604515075684,1.7615679502487183,5.821557998657227,0.3291374146938324,20,2,2,1,2,1,0,0.0,0.6274286508560181,2,stale,0.0,6,136,90,CORRECT,0,0,0,0,0,0,0.0,0.0
margin,live-delta,3,0.0,0.287055,0.576036,0.084798,0.925781,0.322711,0.472711,0.006651937961578369,0.33849817514419556,0.3318462371826172,0.6909396648406982,1.9955898523330688,0.5332106947898865,2,2,2,1,2,1,0,0.0,0.13798873126506805,2,stale,0.0,6,137,71,CORRECT,0,0,0,0,0,0,0.0,0.0
margin,live-delta,3,0.0,0.287055,0.576036,0.084798,0.925781,0.322711,0.472711,0.0005046725273132324,0.3282466530799866,0.32774198055267334,1.385767936706543,3.997894763946533,0.2577130198478699,4,2,0,0,0,0,1,0.7632261514663696,-0.004237055778503418,0,stale,0.0,6,138,15,BLENDED,0,0,0,0,0,0,0.0,0.0
margin,live-delta,3,0.0,0.287055,0.576036,0.084798,0.925781,0.322711,0.472711,0.09123629331588745,0.6872193217277527,0.5959830284118652,1.5748611688613892,4.830070972442627,0.6142560243606567,18,2,2,1,2,1,0,0.0,0.48544251918792725,2,stale,0.0,6,139,89,CORRECT,0,0,0,0,0,0,0.0,0.0
margin,live-delta,3,0.0,0.287055,0.576036,0.084798,0.925781,0.322711,0.472711,0.05589607357978821,0.3627500832080841,0.3068540096282959,-0.0,1.0,1.0,1,2,2,1,2,1,0,0.0,0.10454699397087097,2,stale,0.0,6,140,69,CORRECT,0,0,0,0,0,0,0.0,0.0
margin,live-delta,3,0.0,0.287055,0.576036,0.084798,0.925781,0.322711,0.472711,0.010812044143676758,0.44517678022384644,0.4343647360801697,1.119913935661316,3.0645904541015625,0.46703577041625977,4,2,2,1,2,1,0,0.0,0.14185696840286255,2,stale,0.0,6,141,69,CORRECT,0,0,0,0,0,0,0.0,0.0
margin,live-delta,3,0.0,0.287055,0.576036,0.084798,0.925781,0.322711,0.472711,0.05206620693206787,0.8530226945877075,0.8009564876556396,1.6419904232025146,5.165440559387207,0.42676395177841187,18,2,2,1,2,1,0,0.0,0.7123686671257019,2,stale,0.0,6,142,90,CORRECT,0,0,0,0,0,0,0.0,0.0
margin,live-delta,3,0.0,0.287055,0.576036,0.084798,0.925781,0.322711,0.472711,0.10031759738922119,0.6833676099777222,0.583050012588501,1.4369826316833496,4.207979679107666,0.6262409687042236,16,2,2,1,2,1,0,0.0,0.5272771716117859,2,stale,0.0,6,143,82,CORRECT,0,0,0,0,0,0,0.0,0.0
margin,live-delta,3,0.0,0.287055,0.576036,0.084798,0.925781,0.322711,0.472711,0.048802196979522705,0.8525674343109131,0.8037652373313904,1.6082525253295898,4.994076728820801,0.48214659094810486,16,2,2,1,2,1,0,0.0,0.6044963598251343,2,stale,0.0,6,144,89,CORRECT,0,0,0,0,0,0,0.0,0.0
margin,live-delta,3,0.0,0.287055,0.576036,0.084798,0.925781,0.322711,0.472711,0.03140294551849365,0.7826350927352905,0.7512321472167969,1.5421220064163208,4.674499034881592,0.46693235635757446,20,2,2,1,2,1,0,0.0,0.6522859334945679,2,stale,0.0,6,145,84,CORRECT,0,0,0,0,0,0,0.0,0.0
margin,live-delta,3,0.0,0.287055,0.576036,0.084798,0.925781,0.322711,0.472711,0.004274606704711914,0.41310304403305054,0.4088284373283386,2.270806312561035,9.68720817565918,0.17791712284088135,11,2,2,1,2,1,0,0.0,0.1873474270105362,2,stale,0.0,6,146,74,CORRECT,0,0,0,0,0,0,0.0,0.0
margin,live-delta,3,0.0,0.287055,0.576036,0.084798,0.925781,0.322711,0.472711,0.021624654531478882,0.3686990737915039,0.347074419260025,1.5632294416427612,4.774214267730713,0.3153736889362335,5,2,2,1,2,1,1,0.16237971186637878,0.033191025257110596,1,stale,0.0,6,147,69,CORRECT,0,0,0,0,0,0,0.0,0.0
margin,live-delta,3,0.0,0.287055,0.576036,0.084798,0.925781,0.322711,0.472711,0.013248085975646973,0.7050842046737671,0.6918361186981201,2.080617666244507,8.009414672851562,0.2842988967895508,16,2,2,1,2,1,0,0.0,0.4755759835243225,2,stale,0.0,6,148,89,CORRECT,0,0,0,0,0,0,0.0,0.0
margin,live-delta,3,0.0,0.287055,0.576036,0.084798,0.925781,0.322711,0.472711,0.0018193721771240234,0.8310966491699219,0.8292772769927979,1.59707510471344,4.9385666847229,0.31570321321487427,18,2,2,1,2,1,0,0.0,0.7122912406921387,2,stale,0.0,6,149,90,CORRECT,0,0,0,0,0,0,0.0,0.0
margin,live-delta,3,0.0,0.287055,0.576036,0.084798,0.925781,0.322711,0.472711,0.04144841432571411,0.4598776400089264,0.4184292256832123,1.9489467144012451,7.0212883949279785,0.33102041482925415,9,2,2,1,2,1,0,0.0,0.35048335790634155,2,stale,0.0,6,150,82,CORRECT,0,0,0,0,0,0,0.0,0.0
margin,live-delta,3,0.0,0.287055,0.576036,0.084798,0.925781,0.322711,0.472711,0.027109742164611816,0.47001540660858154,0.4429056644439697,2.2149510383605957,9.16096019744873,0.2631959021091461,13,2,2,1,2,1,0,0.0,0.18030136823654175,2,stale,0.0,6,151,79,CORRECT,0,0,0,0,0,0,0.0,0.0
margin,live-delta,3,0.0,0.287055,0.576036,0.084798,0.925781,0.322711,0.472711,0.005340278148651123,0.8188492059707642,0.813508927822113,2.0147545337677,7.498886585235596,0.2762462794780731,20,2,2,1,2,1,0,0.0,0.6028050780296326,2,stale,0.0,6,152,84,CORRECT,0,0,0,0,0,0,0.0,0.0
margin,live-delta,3,0.0,0.287055,0.576036,0.084798,0.925781,0.322711,0.472711,0.020387768745422363,0.727567195892334,0.7071794271469116,1.509036898612976,4.522373199462891,0.4268149733543396,18,2,2,1,2,1,0,0.0,0.5479637384414673,2,stale,0.0,6,153,90,CORRECT,0,0,0,0,0,0,0.0,0.0
margin,live-delta,3,0.0,0.287055,0.576036,0.084798,0.925781,0.322711,0.472711,0.01642930507659912,0.6028136014938354,0.5863842964172363,2.305279493331909,10.02698040008545,0.25609245896339417,18,2,2,1,2,1,0,0.0,0.4060814082622528,2,stale,0.0,6,155,90,CORRECT,0,0,0,0,0,0,0.0,0.0
margin,live-delta,3,0.0,0.287055,0.576036,0.084798,0.925781,0.322711,0.472711,0.021501898765563965,0.5590934753417969,0.5375915765762329,2.240121364593506,9.394471168518066,0.25516465306282043,15,2,2,1,2,1,0,0.0,0.3610961139202118,2,stale,0.0,6,157,74,CORRECT,0,0,0,0,0,0,0.0,0.0
margin,live-delta,3,0.0,0.287055,0.576036,0.084798,0.925781,0.322711,0.472711,0.01916298270225525,0.45646974444389343,0.4373067617416382,2.039222240447998,7.684629917144775,0.30357277393341064,11,2,2,1,2,1,0,0.0,0.18081411719322205,2,stale,0.0,6,158,79,CORRECT,0,0,0,0,0,0,0.0,0.0
margin,live-delta,3,0.0,0.287055,0.576036,0.084798,0.925781,0.322711,0.472711,0.024624645709991455,0.6322233080863953,0.6075986623764038,2.0689449310302734,7.916466236114502,0.29706481099128723,20,2,2,1,2,1,0,0.0,0.4291744828224182,2,stale,0.0,6,159,90,CORRECT,0,0,0,0,0,0,0.0,0.0
margin,live-delta,3,0.0,0.287055,0.576036,0.084798,0.925781,0.322711,0.472711,0.042462825775146484,0.5661683678627014,0.5237055420875549,1.7622156143188477,5.825329780578613,0.428707093000412,14,2,2,1,2,1,0,0.0,0.3182640075683594,2,stale,0.0,6,160,87,CORRECT,0,0,0,0,0,0,0.0,0.0
margin,live-delta,3,0.0,0.287055,0.576036,0.084798,0.925781,0.322711,0.472711,0.03060382604598999,0.5303032398223877,0.4996994137763977,2.310601234436035,10.080483436584473,0.25235024094581604,16,2,2,1,2,1,0,0.0,0.2477591633796692,2,stale,0.0,6,161,74,CORRECT,0,0,0,0,0,0,0.0,0.0
margin,live-delta,3,0.0,0.287055,0.576036,0.084798,0.925781,0.322711,0.472711,0.020775914192199707,0.6862285137176514,0.6654525995254517,1.688485860824585,5.411281108856201,0.3926496207714081,17,2,2,1,2,1,0,0.0,0.5588211417198181,2,stale,0.0,6,162,90,CORRECT,0,0,0,0,0,0,0.0,0.0
margin,live-delta,3,0.0,0.287055,0.576036,0.084798,0.925781,0.322711,0.472711,0.016992241144180298,0.3676166832447052,0.3506244421005249,1.3418327569961548,3.826049327850342,0.367922306060791,4,2,2,1,2,1,0,0.0,0.1587805151939392,2,stale,0.0,6,163,70,CORRECT,0,0,0,0,0,0,0.0,0.0
margin,live-delta,3,0.0,0.287055,0.576036,0.084798,0.925781,0.322711,0.472711,0.03744542598724365,0.5544109344482422,0.5169655084609985,1.9496723413467407,7.0263848304748535,0.41085582971572876,14,2,2,1,2,1,0,0.0,0.396892249584198,2,stale,0.0,6,164,89,CORRECT,0,0,0,0,0,0,0.0,0.0
margin,live-delta,3,0.0,0.287055,0.576036,0.084798,0.925781,0.322711,0.472711,0.04330688714981079,0.7212452292442322,0.6779383420944214,1.7272980213165283,5.625433444976807,0.42764049768447876,18,2,2,1,2,1,0,0.0,0.5843628644943237,2,stale,0.0,6,165,90,CORRECT,0,0,0,0,0,0,0.0,0.0
margin,live-delta,3,0.0,0.287055,0.576036,0.084798,0.925781,0.322711,0.472711,0.003607511520385742,0.7778502702713013,0.7742427587509155,1.9944958686828613,7.34849739074707,0.27842503786087036,19,2,2,1,2,1,0,0.0,0.5958204865455627,2,stale,0.0,6,166,84,CORRECT,0,0,0,0,0,0,0.0,0.0
margin,live-delta,3,0.0,0.287055,0.576036,0.084798,0.925781,0.322711,0.472711,0.007624030113220215,0.5461317300796509,0.5385076999664307,1.67781662940979,5.353853702545166,0.3137633800506592,14,2,2,1,2,1,0,0.0,0.2284112572669983,2,stale,0.0,6,167,87,CORRECT,0,0,0,0,0,0,0.0,0.0
margin,live-delta,3,0.0,0.287055,0.576036,0.084798,0.925781,0.322711,0.472711,0.11162024736404419,0.4376019835472107,0.3259817361831665,0.318168580532074,1.3746079206466675,0.9031220078468323,2,2,2,1,2,1,0,0.0,0.21021848917007446,2,stale,0.0,6,168,71,CORRECT,0,0,0,0,0,0,0.0,0.0
margin,live-delta,3,0.0,0.287055,0.576036,0.084798,0.925781,0.322711,0.472711,0.02289295196533203,0.5277668237686157,0.5048738718032837,2.2221405506134033,9.227060317993164,0.24671725928783417,16,2,2,1,2,1,0,0.0,0.34557726979255676,2,stale,0.0,6,169,64,CORRECT,0,0,0,0,0,0,0.0,0.0
margin,live-delta,3,0.0,0.287055,0.576036,0.084798,0.925781,0.322711,0.472711,0.025896310806274414,0.6113731861114502,0.5854768753051758,2.464552640914917,11.758220672607422,0.21843382716178894,20,2,2,1,2,1,0,0.0,0.39307674765586853,2,stale,0.0,6,170,89,CORRECT,0,0,0,0,0,0,0.0,0.0
margin,live-delta,3,0.0,0.287055,0.576036,0.084798,0.925781,0.322711,0.472711,0.1614026427268982,0.5188366770744324,0.3574340343475342,0.3109387457370758,1.3647056818008423,0.9273050427436829,3,2,2,1,2,1,0,0.0,0.3164825439453125,2,stale,0.0,6,171,71,CORRECT,0,0,0,0,0,0,0.0,0.0
margin,live-delta,3,0.0,0.287055,0.576036,0.084798,0.925781,0.322711,0.472711,0.08951789140701294,0.41775548458099365,0.3282375931739807,0.4104239344596863,1.507456660270691,0.8569710850715637,2,2,2,1,2,1,0,0.0,0.21190357208251953,2,stale,0.0,6,172,71,CORRECT,0,0,0,0,0,0,0.0,0.0
margin,live-delta,3,0.0,0.287055,0.576036,0.084798,0.925781,0.322711,0.472711,0.019540131092071533,0.7261701822280884,0.7066300511360168,1.7016613483428955,5.483048915863037,0.338436484336853,18,2,2,1,2,1,0,0.0,0.5258231163024902,2,stale,0.0,6,174,84,CORRECT,0,0,0,0,0,0,0.0,0.0
margin,live-delta,3,0.0,0.287055,0.576036,0.084798,0.925781,0.322711,0.472711,0.001257866621017456,0.4005606472492218,0.39930278062820435,1.7157409191131592,5.560793876647949,0.23679636418819427,6,2,2,1,2,1,0,0.0,0.20247027277946472,2,stale,0.0,6,175,85,CORRECT,0,0,0,0,0,0,0.0,0.0
margin,live-delta,3,0.0,0.287055,0.576036,0.084798,0.925781,0.322711,0.472711,0.008577048778533936,0.709463357925415,0.7008863091468811,1.9076851606369019,6.73747444152832,0.3312692642211914,17,2,2,1,2,1,0,0.0,0.5632714033126831,2,stale,0.0,6,176,65,CORRECT,0,0,0,0,0,0,0.0,0.0
margin,live-delta,3,0.0,0.287055,0.576036,0.084798,0.925781,0.322711,0.472711,0.008091211318969727,0.5726184844970703,0.5645272731781006,2.170276403427124,8.76070499420166,0.23470546305179596,18,2,2,1,2,1,0,0.0,0.3541475832462311,2,stale,0.0,6,177,74,CORRECT,0,0,0,0,0,0,0.0,0.0
margin,live-delta,3,0.0,0.287055,0.576036,0.084798,0.925781,0.322711,0.472711,0.07999736070632935,0.7938530445098877,0.7138556838035583,1.2445415258407593,3.4713428020477295,0.6329073309898376,16,2,2,1,2,1,0,0.0,0.6809784173965454,2,stale,0.0,6,178,90,CORRECT,0,0,0,0,0,0,0.0,0.0
margin,live-delta,3,0.0,0.287055,0.576036,0.084798,0.925781,0.322711,0.472711,0.016302764415740967,0.7674540877342224,0.7511513233184814,1.485774040222168,4.418384075164795,0.43703582882881165,20,2,2,1,2,1,0,0.0,0.6261708736419678,2,stale,0.0,6,179,64,CORRECT,0,0,0,0,0,0,0.0,0.0
margin,live-delta,3,0.0,0.287055,0.576036,0.084798,0.925781,0.322711,0.472711,0.03030848503112793,0.8509020209312439,0.820593535900116,1.5760717391967773,4.835921764373779,0.43658846616744995,18,2,2,1,2,1,0,0.0,0.720429003238678,2,stale,0.0,6,180,90,CORRECT,0,0,0,0,0,0,0.0,0.0
margin,live-delta,3,0.0,0.287055,0.576036,0.084798,0.925781,0.322711,0.472711,0.007976055145263672,0.8307018280029297,0.822725772857666,1.6631430387496948,5.275866985321045,0.3594586253166199,16,2,2,1,2,1,0,0.0,0.5800230503082275,2,stale,0.0,6,181,74,CORRECT,0,0,0,0,0,0,0.0,0.0
margin,live-delta,3,0.0,0.287055,0.576036,0.084798,0.925781,0.322711,0.472711,0.06229439377784729,0.3948099911212921,0.3325155973434448,0.5311936140060425,1.7009613513946533,0.776587188243866,2,2,2,1,2,1,0,0.0,0.20360982418060303,2,stale,0.0,6,182,91,CORRECT,0,0,0,0,0,0,0.0,0.0
margin,live-delta,3,0.0,0.287055,0.576036,0.084798,0.925781,0.322711,0.472711,0.027524173259735107,0.5402094721794128,0.5126852989196777,2.0217952728271484,7.551870346069336,0.3601635992527008,16,2,2,1,2,1,0,0.0,0.4117984473705292,2,stale,0.0,6,183,82,CORRECT,0,0,0,0,0,0,0.0,0.0
margin,live-delta,3,0.0,0.287055,0.576036,0.084798,0.925781,0.322711,0.472711,0.06895601749420166,0.7991049885749817,0.73014897108078,1.4198616743087769,4.136548042297363,0.5433830618858337,18,2,2,1,2,1,0,0.0,0.6681656837463379,2,stale,0.0,6,184,90,CORRECT,0,0,0,0,0,0,0.0,0.0
margin,live-delta,3,0.0,0.287055,0.576036,0.084798,0.925781,0.322711,0.472711,0.032616108655929565,0.41690465807914734,0.3842885494232178,1.3965802192687988,4.041355609893799,0.45080193877220154,5,2,2,1,2,1,0,0.0,0.16200825572013855,2,stale,0.0,6,185,87,CORRECT,0,0,0,0,0,0,0.0,0.0
margin,live-delta,3,0.0,0.287055,0.576036,0.084798,0.925781,0.322711,0.472711,0.10802942514419556,0.49873656034469604,0.3907071352005005,1.6180176734924316,5.043083190917969,0.5804789066314697,11,2,2,1,2,1,0,0.051752641797065735,0.12086889147758484,2,stale,0.0,6,186,72,CORRECT,0,0,0,0,0,0,0.0,0.0
margin,live-delta,3,0.0,0.287055,0.576036,0.084798,0.925781,0.322711,0.472711,0.001587986946105957,0.5414755344390869,0.539887547492981,2.117433547973633,8.309783935546875,0.25352588295936584,15,2,2,1,2,1,0,0.0,0.32606571912765503,2,stale,0.0,6,187,89,CORRECT,0,0,0,0,0,0,0.0,0.0
margin,live-delta,3,0.0,0.287055,0.576036,0.084798,0.925781,0.322711,0.472711,0.009970307350158691,0.721244215965271,0.7112739086151123,1.5934916734695435,4.920901298522949,0.36322686076164246,18,2,2,1,2,1,0,0.0,0.5688634514808655,2,stale,0.0,6,188,90,CORRECT,0,0,0,0,0,0,0.0,0.0
margin,live-delta,3,0.0,0.287055,0.576036,0.084798,0.925781,0.322711,0.472711,0.02758026123046875,0.8041415214538574,0.7765612602233887,1.762268304824829,5.825636863708496,0.33697509765625,19,2,2,1,2,1,0,0.0,0.6601616740226746,2,stale,0.0,6,189,90,CORRECT,0,0,0,0,0,0,0.0,0.0
margin,live-delta,3,0.0,0.287055,0.576036,0.084798,0.925781,0.322711,0.472711,0.014406383037567139,0.39838850498199463,0.3839821219444275,1.6626744270324707,5.273395538330078,0.3187454640865326,6,2,2,1,2,1,1,0.19428366422653198,0.04778274893760681,1,stale,0.0,6,190,88,CORRECT,0,0,0,0,0,0,0.0,0.0
margin,live-delta,3,0.0,0.287055,0.576036,0.084798,0.925781,0.322711,0.472711,0.013999998569488525,0.32778435945510864,0.3137843608856201,-0.0,1.0,1.0,1,2,2,1,2,1,0,0.0,0.1285451352596283,2,stale,0.0,6,191,87,CORRECT,0,0,0,0,0,0,0.0,0.0
margin,live-delta,3,0.0,0.287055,0.576036,0.084798,0.925781,0.322711,0.472711,0.1767810583114624,0.6894975900650024,0.51271653175354,0.6661792397499084,1.9467848539352417,0.8801347017288208,20,3,3,1,3,1,0,0.0015006716130301356,0.3187081217765808,2,stale,0.0,6,192,103,CORRECT,0,0,0,0,0,0,0.0,0.0
margin,live-delta,3,0.0,0.287055,0.576036,0.084798,0.925781,0.322711,0.472711,0.2501199245452881,0.8384618759155273,0.5883419513702393,0.1501998007297516,1.1620664596557617,0.9778040051460266,17,3,3,1,3,1,0,0.0,0.5976263284683228,2,stale,0.0,6,193,110,CORRECT,0,0,0,0,0,0,0.0,0.0
margin,live-delta,3,0.0,0.287055,0.576036,0.084798,0.925781,0.322711,0.472711,0.12315040826797485,0.7314360737800598,0.608285665512085,0.9822872877120972,2.6705574989318848,0.7913286685943604,20,3,3,1,3,1,0,0.0,0.4771263003349304,2,stale,0.0,6,194,116,CORRECT,0,0,0,0,0,0,0.0,0.0
margin,live-delta,3,0.0,0.287055,0.576036,0.084798,0.925781,0.322711,0.472711,0.05098086595535278,0.6020346879959106,0.5510538220405579,1.8126444816589355,6.1266279220581055,0.470404714345932,20,3,3,1,3,1,0,0.0,0.35551363229751587,2,stale,0.0,6,195,96,CORRECT,0,0,0,0,0,0,0.0,0.0
margin,live-delta,3,0.0,0.287055,0.576036,0.084798,0.925781,0.322711,0.472711,0.09636414051055908,0.6056495904922485,0.5092854499816895,1.9922740459442139,7.332188606262207,0.5024775862693787,20,3,3,1,3,1,0,0.0,0.3226177990436554,2,stale,0.0,6,196,118,CORRECT,0,0,0,0,0,0,0.0,0.0
margin,live-delta,3,0.0,0.287055,0.576036,0.084798,0.925781,0.322711,0.472711,0.01722976565361023,0.42296233773231506,0.40573257207870483,2.3434903621673584,10.417533874511719,0.20355241000652313,12,3,3,1,3,1,0,0.0,0.13656416535377502,2,stale,0.0,6,197,120,CORRECT,0,0,0,0,0,0,0.0,0.0
margin,live-delta,3,0.0,0.287055,0.576036,0.084798,0.925781,0.322711,0.472711,0.0004450082778930664,0.6632283926010132,0.6627833843231201,1.1281201839447021,3.0898427963256836,0.44084644317626953,9,3,3,1,3,1,0,0.0,0.43403878808021545,2,stale,0.0,6,198,115,CORRECT,0,0,0,0,0,0,0.0,0.0
margin,live-delta,3,0.0,0.287055,0.576036,0.084798,0.925781,0.322711,0.472711,0.04778146743774414,0.5894176363945007,0.5416361689567566,2.1574342250823975,8.648918151855469,0.41060587763786316,20,3,3,1,3,1,0,0.0,0.35544294118881226,2,stale,0.0,6,199,103,CORRECT,0,0,0,0,0,0,0.0,0.0
margin,live-delta,3,0.0,0.287055,0.576036,0.084798,0.925781,0.322711,0.472711,0.01692444086074829,0.5788602828979492,0.5619358420372009,2.10457444190979,8.203611373901367,0.28718098998069763,20,3,3,1,3,1,0,0.0,0.25708457827568054,2,stale,0.0,6,200,120,CORRECT,0,0,0,0,0,0,0.0,0.0
margin,live-delta,3,0.0,0.287055,0.576036,0.084798,0.925781,0.322711,0.472711,0.08788466453552246,0.7313388586044312,0.6434541940689087,1.1194514036178589,3.063173294067383,0.711109459400177,20,3,3,1,3,1,0,0.0,0.5794543027877808,2,stale,0.0,6,201,102,CORRECT,0,0,0,0,0,0,0.0,0.0
margin,live-delta,3,0.0,0.287055,0.576036,0.084798,0.925781,0.322711,0.472711,0.08769881725311279,0.692467451095581,0.6047686338424683,0.8427862524986267,2.3228299617767334,0.7856826782226562,19,3,3,1,3,1,0,0.0,0.48868000507354736,2,stale,0.0,6,202,114,CORRECT,0,0,0,0,0,0,0.0,0.0
margin,live-delta,3,0.0,0.287055,0.576036,0.084798,0.925781,0.322711,0.472711,0.036721110343933105,0.7536640763282776,0.7169429659843445,1.8528645038604736,6.378063201904297,0.37012121081352234,20,3,3,1,3,1,0,0.0,0.5880231857299805,2,stale,0.0,6,203,102,CORRECT,0,0,0,0,0,0,0.0,0.0
margin,live-delta,3,0.0,0.287055,0.576036,0.084798,0.925781,0.322711,0.472711,0.01258617639541626,0.6234400272369385,0.6108538508415222,1.8416856527328491,6.3071608543396,0.29479512572288513,18,3,3,1,3,1,0,0.003080892376601696,0.22805306315422058,2,stale,0.0,6,204,120,CORRECT,0,0,0,0,0,0,0.0,0.0
margin,live-delta,3,0.0,0.287055,0.576036,0.084798,0.925781,0.322711,0.472711,0.1295284628868103,0.8142807483673096,0.6847522854804993,0.7591401934623718,2.1364386081695557,0.832633376121521,20,3,3,1,3,1,0,0.0,0.6377133131027222,2,stale,0.0,6,206,102,CORRECT,0,0,0,0,0,0,0.0,0.0
margin,live-delta,3,0.0,0.287055,0.576036,0.084798,0.925781,0.322711,0.472711,0.010855257511138916,0.7418167591094971,0.7309615015983582,1.8727407455444336,6.506103515625,0.32866188883781433,20,3,3,1,3,1,0,0.0,0.564441978931427,2,stale,0.0,6,207,126,CORRECT,0,0,0,0,0,0,0.0,0.0
margin,live-delta,3,0.0,0.287055,0.576036,0.084798,0.925781,0.322711,0.472711,0.31014442443847656,0.938294529914856,0.6281501054763794,0.023927897214889526,1.0242164134979248,0.9969357252120972,11,3,3,1,3,1,0,0.0,0.6507328748703003,2,stale,0.0,6,208,122,CORRECT,0,0,0,0,0,0,0.0,0.0
margin,live-delta,3,0.0,0.287055,0.576036,0.084798,0.925781,0.322711,0.472711,0.20055639743804932,0.6931475400924683,0.49259114265441895,0.46155619621276855,1.5865410566329956,0.9218500852584839,20,3,3,1,3,1,0,0.0,0.4239552617073059,2,stale,0.0,6,209,114,CORRECT,0,0,0,0,0,0,0.0,0.0
margin,live-delta,3,0.0,0.287055,0.576036,0.084798,0.925781,0.322711,0.472711,0.12606686353683472,0.4007601737976074,0.2746933102607727,-0.0,1.0,1.0,1,3,3,1,3,1,0,0.0,0.1310916543006897,2,stale,0.0,6,210,122,CORRECT,0,0,0,0,0,0,0.0,0.0
margin,live-delta,3,0.0,0.287055,0.576036,0.084798,0.925781,0.322711,0.472711,0.10023802518844604,0.42242056131362915,0.3221825361251831,-0.0,1.0,1.0,1,3,3,1,3,1,0,0.0,0.19192704558372498,2,stale,0.0,6,211,100,CORRECT,0,0,0,0,0,0,0.0,0.0
margin,live-delta,3,0.0,0.287055,0.576036,0.084798,0.925781,0.322711,0.472711,0.029310405254364014,0.4297834038734436,0.4004729986190796,2.0382375717163086,7.677066802978516,0.2856166660785675,9,3,2,0,3,1,1,0.2856166660785675,-0.029310405254364014,0,stale,0.0,6,212,72,CORRECT,0,0,0,0,0,0,0.0,0.0
margin,live-delta,3,0.0,0.287055,0.576036,0.084798,0.925781,0.322711,0.472711,0.03714936971664429,0.8875680565834045,0.8504186868667603,1.6866893768310547,5.401568412780762,0.43470388650894165,20,3,3,1,3,1,0,0.0,0.7825043797492981,2,stale,0.0,6,213,106,CORRECT,0,0,0,0,0,0,0.0,0.0
margin,live-delta,3,0.0,0.287055,0.576036,0.084798,0.925781,0.322711,0.472711,0.04747101664543152,0.44041067361831665,0.39293965697288513,1.4195277690887451,4.135167121887207,0.5099478363990784,6,3,3,1,3,1,0,0.0,0.1263270378112793,2,stale,0.0,6,214,99,CORRECT,0,0,0,0,0,0,0.0,0.0
margin,live-delta,3,0.0,0.287055,0.576036,0.084798,0.925781,0.322711,0.472711,0.004091322422027588,0.8561553955078125,0.8520640730857849,1.9033676385879517,6.7084479331970215,0.2543230652809143,20,3,3,1,3,1,0,0.0,0.6750621795654297,2,stale,0.0,6,215,111,CORRECT,0,0,0,0,0,0,0.0,0.0
margin,live-delta,3,0.0,0.287055,0.576036,0.084798,0.925781,0.322711,0.472711,0.023325324058532715,0.8350045084953308,0.8116791844367981,1.7444546222686768,5.722779750823975,0.34354162216186523,20,3,3,1,3,1,0,0.0,0.7101004123687744,2,stale,0.0,6,216,127,CORRECT,0,0,0,0,0,0,0.0,0.0
margin,live-delta,3,0.0,0.287055,0.576036,0.084798,0.925781,0.322711,0.472711,0.025778591632843018,0.78267902135849,0.756900429725647,2.0339956283569336,7.644570350646973,0.31839674711227417,20,3,3,1,3,1,0,0.0,0.6660486459732056,2,stale,0.0,6,217,127,CORRECT,0,0,0,0,0,0,0.0,0.0
margin,live-delta,3,0.0,0.287055,0.576036,0.084798,0.925781,0.322711,0.472711,0.010915815830230713,0.8731348514556885,0.8622190356254578,1.7354892492294312,5.671701908111572,0.30732810497283936,20,3,3,1,3,1,0,0.0,0.7605646848678589,2,stale,0.0,6,218,125,CORRECT,0,0,0,0,0,0,0.0,0.0
margin,live-delta,3,0.0,0.287055,0.576036,0.084798,0.925781,0.322711,0.472711,0.07246667146682739,0.8534470200538635,0.7809803485870361,1.5856164693832397,4.88230037689209,0.5344052314758301,20,3,3,1,3,1,0,0.0,0.5936151146888733,2,stale,0.0,6,219,105,CORRECT,0,0,0,0,0,0,0.0,0.0
margin,live-delta,3,0.0,0.287055,0.576036,0.084798,0.925781,0.322711,0.472711,0.07581865787506104,0.687487006187439,0.6116683483123779,0.9393574595451355,2.5583369731903076,0.7218347787857056,14,3,3,1,3,1,0,0.005990458652377129,0.29558396339416504,2,stale,0.0,6,220,122,CORRECT,0,0,0,0,0,0,0.0,0.0
margin,live-delta,3,0.0,0.287055,0.576036,0.084798,0.925781,0.322711,0.472711,0.001756131649017334,0.8375440835952759,0.8357879519462585,2.000593423843384,7.393442153930664,0.18294769525527954,20,3,3,1,3,1,0,0.0,0.7359657883644104,2,stale,0.0,6,221,106,CORRECT,0,0,0,0,0,0,0.0,0.0
margin,live-delta,3,0.0,0.287055,0.576036,0.084798,0.925781,0.322711,0.472711,0.01243513822555542,0.5919559001922607,0.5795207619667053,1.479860782623291,4.392333984375,0.3343735337257385,12,3,3,1,3,1,0,0.0,0.3724329471588135,2,stale,0.0,6,222,122,CORRECT,0,0,0,0,0,0,0.0,0.0
margin,live-delta,3,0.0,0.287055,0.576036,0.084798,0.925781,0.322711,0.472711,0.1421467661857605,0.74917072057724,0.6070239543914795,0.68056321144104,1.9749897718429565,0.8545774221420288,19,3,3,1,3,1,0,0.0,0.6529428362846375,2,stale,0.0,6,223,98,CORRECT,0,0,0,0,0,0,0.0,0.0
margin,live-delta,3,0.0,0.287055,0.576036,0.084798,0.925781,0.322711,0.472711,0.21937918663024902,0.8214820027351379,0.6021028161048889,0.17166279256343842,1.1872774362564087,0.973246693611145,19,3,3,1,3,1,0,0.0,0.6802964210510254,2,stale,0.0,6,224,110,CORRECT,0,0,0,0,0,0,0.0,0.0
margin,live-delta,3,0.0,0.287055,0.576036,0.084798,0.925781,0.322711,0.472711,0.017391085624694824,0.8623713254928589,0.8449802398681641,1.735216498374939,5.670155048370361,0.3217872679233551,20,3,3,1,3,1,0,0.0,0.7513468265533447,2,stale,0.0,6,225,105,CORRECT,0,0,0,0,0,0,0.0,0.0
margin,live-delta,3,0.0,0.287055,0.576036,0.084798,0.925781,0.322711,0.472711,0.14155250787734985,0.7440455555915833,0.6024930477142334,0.5486923456192017,1.7309880256652832,0.8748034238815308,10,3,3,1,3,1,0,0.0,0.6083050966262817,2,stale,0.0,6,226,96,CORRECT,0,0,0,0,0,0,0.0,0.0
margin,live-delta,3,0.0,0.287055,0.576036,0.084798,0.925781,0.322711,0.472711,0.009824693202972412,0.8616310954093933,0.8518064022064209,1.3781208992004395,3.9674394130706787,0.4070500433444977,20,3,3,1,3,1,0,0.0,0.7183105945587158,2,stale,0.0,6,227,97,CORRECT,0,0,0,0,0,0,0.0,0.0
margin,live-delta,3,0.0,0.287055,0.576036,0.084798,0.925781,0.322711,0.472711,0.18688416481018066,0.7295669317245483,0.5426827669143677,0.2057866007089615,1.2284910678863525,0.96402508020401,11,3,3,1,3,1,0,0.0,0.6021155714988708,2,stale,0.0,6,228,110,CORRECT,0,0,0,0,0,0,0.0,0.0
margin,live-delta,3,0.0,0.287055,0.576036,0.084798,0.925781,0.322711,0.472711,0.020042985677719116,0.5192570686340332,0.4992140829563141,2.5213730335235596,12.445672988891602,0.1801517754793167,19,3,3,1,3,1,0,0.0,0.1971248984336853,2,stale,0.0,6,229,119,CORRECT,0,0,0,0,0,0,0.0,0.0
margin,live-delta,3,0.0,0.287055,0.576036,0.084798,0.925781,0.322711,0.472711,0.003061354160308838,0.7558149099349976,0.7527535557746887,2.0031323432922363,7.412237167358398,0.24354739487171173,20,3,3,1,3,1,0,0.0,0.5923832058906555,2,stale,0.0,6,230,102,CORRECT,0,0,0,0,0,0,0.0,0.0
margin,live-delta,3,0.0,0.287055,0.576036,0.084798,0.925781,0.322711,0.472711,0.02777397632598877,0.8631192445755005,0.8353452682495117,1.8201953172683716,6.173064231872559,0.3469454348087311,20,3,3,1,3,1,0,0.0,0.69650799036026,2,stale,0.0,6,231,125,CORRECT,0,0,0,0,0,0,0.0,0.0
margin,live-delta,3,0.0,0.287055,0.576036,0.084798,0.925781,0.322711,0.472711,0.0031142234802246094,0.6046508550643921,0.6015366315841675,1.994081735610962,7.345454692840576,0.23943795263767242,20,3,3,1,3,1,0,0.0,0.3869871497154236,2,stale,0.0,6,232,115,CORRECT,0,0,0,0,0,0,0.0,0.0
margin,live-delta,3,0.0,0.287055,0.576036,0.084798,0.925781,0.322711,0.472711,0.01851475238800049,0.7026830911636353,0.6841683387756348,2.3669567108154297,10.664886474609375,0.20359563827514648,20,3,3,1,3,1,0,0.0,0.5461775064468384,2,stale,0.0,6,233,127,CORRECT,0,0,0,0,0,0,0.0,0.0
margin,live-delta,3,0.0,0.287055,0.576036,0.084798,0.925781,0.322711,0.472711,0.011283189058303833,0.47186270356178284,0.460579514503479,1.780623197555542,5.933553218841553,0.2926982343196869,9,3,3,1,3,1,0,0.03979837894439697,0.09976580739021301,2,stale,0.0,6,234,99,CORRECT,0,0,0,0,0,0,0.0,0.0
margin,live-delta,3,0.0,0.287055,0.576036,0.084798,0.925781,0.322711,0.472711,0.02798616886138916,0.8835732936859131,0.8555871248245239,1.5740150213241577,4.825985908508301,0.4258304536342621,20,3,3,1,3,1,0,0.0,0.7006120085716248,2,stale,0.0,6,235,125,CORRECT,0,0,0,0,0,0,0.0,0.0
margin,live-delta,3,0.0,0.287055,0.576036,0.084798,0.925781,0.322711,0.472711,0.015972495079040527,0.809628963470459,0.7936564683914185,1.605930209159851,4.982492446899414,0.3595678210258484,20,3,3,1,3,1,0,0.0,0.6345729827880859,2,stale,0.0,6,236,112,CORRECT,0,0,0,0,0,0,0.0,0.0
margin,live-delta,3,0.0,0.287055,0.576036,0.084798,0.925781,0.322711,0.472711,0.18761926889419556,0.7911852598190308,0.6035659909248352,0.35394376516342163,1.4246751070022583,0.9400763511657715,20,3,3,1,3,1,0,0.0,0.5610560178756714,2,stale,0.0,6,237,110,CORRECT,0,0,0,0,0,0,0.0,0.0
margin,live-delta,3,0.0,0.287055,0.576036,0.084798,0.925781,0.322711,0.472711,0.033664703369140625,0.8508002758026123,0.8171355724334717,1.7605669498443604,5.815733909606934,0.3842830955982208,20,3,3,1,3,1,0,0.0,0.6989814043045044,2,stale,0.0,6,238,105,CORRECT,0,0,0,0,0,0,0.0,0.0
margin,live-delta,3,0.0,0.287055,0.576036,0.084798,0.925781,0.322711,0.472711,0.1614556908607483,0.7561558485031128,0.5947001576423645,0.34519290924072266,1.4122623205184937,0.9348795413970947,16,3,3,1,3,1,0,0.0,0.6322998404502869,2,stale,0.0,6,239,110,CORRECT,0,0,0,0,0,0,0.0,0.0
margin,live-delta,3,0.0,0.287055,0.576036,0.084798,0.925781,0.322711,0.472711,0.006048679351806641,0.6312018632888794,0.6251531839370728,2.029421806335449,7.609684944152832,0.31577053666114807,20,3,3,1,3,1,0,0.0,0.4550524055957794,2,stale,0.0,6,240,113,CORRECT,0,0,0,0,0,0,0.0,0.0
margin,live-delta,3,0.0,0.287055,0.576036,0.084798,0.925781,0.322711,0.472711,0.004112362861633301,0.7422609329223633,0.73814857006073,2.0436136722564697,7.718451023101807,0.22532950341701508,20,3,3,1,3,1,0,0.0,0.597240686416626,2,stale,0.0,6,241,101,CORRECT,0,0,0,0,0,0,0.0,0.0
margin,live-delta,3,0.0,0.287055,0.576036,0.084798,0.925781,0.322711,0.472711,0.004317045211791992,0.8364174365997314,0.8321003913879395,2.039419412612915,7.686145305633545,0.22145655751228333,20,3,3,1,3,1,0,0.0,0.7108870148658752,2,stale,0.0,6,242,125,CORRECT,0,0,0,0,0,0,0.0,0.0
margin,live-delta,3,0.0,0.287055,0.576036,0.084798,0.925781,0.322711,0.472711,0.04702085256576538,0.45911580324172974,0.41209495067596436,2.2288990020751953,9.289632797241211,0.3233204185962677,13,3,3,1,3,1,0,0.0,0.22644346952438354,2,stale,0.0,6,243,118,CORRECT,0,0,0,0,0,0,0.0,0.0
margin,live-delta,3,0.0,0.287055,0.576036,0.084798,0.925781,0.322711,0.472711,0.10091972351074219,0.7671536207199097,0.6662338972091675,1.1288315057754517,3.092041254043579,0.6994473934173584,20,3,3,1,3,1,0,0.0,0.48336273431777954,2,stale,0.0,6,244,120,CORRECT,0,0,0,0,0,0,0.0,0.0
margin,live-delta,3,0.0,0.287055,0.576036,0.084798,0.925781,0.322711,0.472711,0.031228721141815186,0.8901559114456177,0.8589271903038025,1.1922409534454346,3.2944557666778564,0.5376150608062744,20,3,3,1,3,1,0,0.0,0.7685379385948181,2,stale,0.0,6,245,97,CORRECT,0,0,0,0,0,0,0.0,0.0
margin,live-delta,3,0.0,0.287055,0.576036,0.084798,0.925781,0.322711,0.472711,0.48767462372779846,0.805931031703949,0.3182564079761505,-0.0,1.0,1.0,1,3,3,1,3,1,0,0.0,0.6626579761505127,2,stale,0.0,6,246,100,CORRECT,0,0,0,0,0,0,0.0,0.0
margin,live-delta,3,0.0,0.287055,0.576036,0.084798,0.925781,0.322711,0.472711,0.0029401779174804688,0.5670373439788818,0.5640971660614014,2.2715773582458496,9.694681167602539,0.236850768327713,20,3,3,1,3,1,0,0.0,0.42987003922462463,2,stale,0.0,6,248,101,CORRECT,0,0,0,0,0,0,0.0,0.0
margin,live-delta,3,0.0,0.287055,0.576036,0.084798,0.925781,0.322711,0.472711,0.018736422061920166,0.6796143651008606,0.6608779430389404,1.9736518859863281,7.196910858154297,0.29880526661872864,18,3,3,1,3,1,0,0.0,0.5658657550811768,2,stale,0.0,6,249,105,CORRECT,0,0,0,0,0,0,0.0,0.0
margin,live-delta,3,0.0,0.287055,0.576036,0.084798,0.925781,0.322711,0.472711,0.05136531591415405,0.7388730645179749,0.6875077486038208,1.4365373849868774,4.206106662750244,0.5618289113044739,20,3,3,1,3,1,0,0.0,0.5477907657623291,2,stale,0.0,6,250,114,CORRECT,0,0,0,0,0,0,0.0,0.0
margin,live-delta,3,0.0,0.287055,0.576036,0.084798,0.925781,0.322711,0.472711,0.13544273376464844,0.6935679912567139,0.5581252574920654,0.7351569533348083,2.0858092308044434,0.8522759675979614,20,3,3,1,3,1,0,0.0,0.42063069343566895,2,stale,0.0,6,251,120,CORRECT,0,0,0,0,0,0,0.0,0.0
margin,live-delta,3,0.0,0.287055,0.576036,0.084798,0.925781,0.322711,0.472711,0.04568314552307129,0.8082557916641235,0.7625726461410522,1.9747450351715088,7.204782485961914,0.40140560269355774,20,3,3,1,3,1,0,0.0,0.686444103717804,2,stale,0.0,6,252,127,CORRECT,0,0,0,0,0,0,0.0,0.0
margin,live-delta,3,0.0,0.287055,0.576036,0.084798,0.925781,0.322711,0.472711,0.06185990571975708,0.7299630641937256,0.6681031584739685,1.8280168771743774,6.221536159515381,0.48660093545913696,20,3,3,1,3,1,0,0.0,0.5752080678939819,2,stale,0.0,6,253,114,CORRECT,0,0,0,0,0,0,0.0,0.0
margin,live-delta,3,0.0,0.287055,0.576036,0.084798,0.925781,0.322711,0.472711,0.05214470624923706,0.5976381301879883,0.5454934239387512,1.870353102684021,6.4905877113342285,0.48225247859954834,20,3,3,1,3,1,0,0.0,0.4311729371547699,2,stale,0.0,6,254,102,CORRECT,0,0,0,0,0,0,0.0,0.0
margin,live-delta,3,0.0,0.287055,0.576036,0.084798,0.925781,0.322711,0.472711,0.009095430374145508,0.6186673641204834,0.6095719337463379,2.38944149017334,10.907400131225586,0.20700062811374664,20,3,3,1,3,1,0,0.0,0.25513458251953125,2,stale,0.0,6,255,117,CORRECT,0,0,0,0,0,0,0.0,0.0
margin,live-delta,4,0.0,0.287055,0.576036,0.078651,0.917969,0.331711,0.481711,0.08858919143676758,0.5616472959518433,0.4730581045150757,1.2332463264465332,3.432353973388672,0.6587903499603271,9,0,0,1,0,1,0,0.007646993733942509,0.22280466556549072,2,stale,0.0,6,0,7,CORRECT,0,0,0,0,0,0,0.0,0.0
margin,live-delta,4,0.0,0.287055,0.576036,0.078651,0.917969,0.331711,0.481711,0.06531029939651489,0.4198814034461975,0.3545711040496826,0.8643235564231873,2.3733999729156494,0.6680283546447754,3,0,0,1,0,1,1,0.1510390043258667,0.07433962821960449,2,stale,0.0,6,1,0,CORRECT,0,0,0,0,0,0,0.0,0.0
margin,live-delta,4,0.0,0.287055,0.576036,0.078651,0.917969,0.331711,0.481711,0.15834331512451172,0.4902179539203644,0.33187463879585266,0.16931414604187012,1.1844922304153442,0.9595681428909302,2,0,0,1,0,1,0,0.04043183475732803,0.15834331512451172,2,stale,0.0,6,2,17,CORRECT,0,0,0,0,0,0,0.0,0.0
margin,live-delta,4,0.0,0.287055,0.576036,0.078651,0.917969,0.331711,0.481711,0.00620231032371521,0.4598029851913452,0.45360067486763,2.237252712249756,9.367560386657715,0.20169459283351898,12,0,0,1,0,1,0,0.0,0.13865387439727783,2,stale,0.0,6,3,7,CORRECT,0,0,0,0,0,0,0.0,0.0
margin,live-delta,4,0.0,0.287055,0.576036,0.078651,0.917969,0.331711,0.481711,0.0393713116645813,0.49600115418434143,0.45662984251976013,2.5303635597229004,12.55807113647461,0.26725706458091736,20,0,1,0,1,0,1,0.6661855578422546,-0.0393713116645813,0,stale,0.0,6,4,43,BLENDED,0,0,0,0,0,0,0.0,0.0
margin,live-delta,4,0.0,0.287055,0.576036,0.078651,0.917969,0.331711,0.481711,0.01674911379814148,0.42364421486854553,0.40689510107040405,1.6552720069885254,5.234503746032715,0.3771175742149353,7,0,0,1,0,1,0,0.06040087342262268,0.0915776789188385,2,stale,0.0,6,5,17,CORRECT,0,0,0,0,0,0,0.0,0.0
margin,live-delta,4,0.0,0.287055,0.576036,0.078651,0.917969,0.331711,0.481711,0.044088125228881836,0.5367840528488159,0.4926959276199341,2.103370428085327,8.193739891052246,0.3216840326786041,14,0,0,1,0,1,1,0.39256948232650757,0.044088125228881836,1,stale,0.0,6,6,24,CORRECT,0,0,0,0,0,0,0.0,0.0
margin,live-delta,4,0.0,0.287055,0.576036,0.078651,0.917969,0.331711,0.481711,0.017386168241500854,0.3785971999168396,0.36121103167533875,0.6782586574554443,1.9704434871673584,0.5860652923583984,2,0,1,0,1,0,1,0.5860652923583984,-0.017386168241500854,0,stale,0.0,6,7,61,BLENDED,0,0,0,0,0,0,0.0,0.0
margin,live-delta,4,0.0,0.287055,0.576036,0.078651,0.917969,0.331711,0.481711,0.08456525206565857,0.45839160680770874,0.37382635474205017,1.1394414901733398,3.1250224113464355,0.643233060836792,5,0,1,0,1,0,1,0.8477491140365601,-0.10400882363319397,0,stale,0.0,6,8,52,BLENDED,0,0,0,0,0,0,0.0,0.0
margin,live-delta,4,0.0,0.287055,0.576036,0.078651,0.917969,0.331711,0.481711,0.004209160804748535,0.4691773056983948,0.46496814489364624,1.630601167678833,5.1069440841674805,0.36072587966918945,8,0,0,1,0,1,0,0.0666397213935852,0.08444088697433472,2,stale,0.0,6,9,29,CORRECT,0,0,0,0,0,0,0.0,0.0
margin,live-delta,4,0.0,0.287055,0.576036,0.078651,0.917969,0.331711,0.481711,0.14829879999160767,0.6366702318191528,0.48837143182754517,0.4303116500377655,1.5377366542816162,0.9075244665145874,7,0,0,1,0,1,0,0.0660000592470169,0.14829879999160767,2,stale,0.0,6,10,24,CORRECT,0,0,0,0,0,0,0.0,0.0
margin,live-delta,4,0.0,0.287055,0.576036,0.078651,0.917969,0.331711,0.481711,0.016799569129943848,0.3495281934738159,0.33272862434387207,0.6792325973510742,1.9723635911941528,0.5832164287567139,2,0,0,1,0,1,0,0.0,0.04678088426589966,1,stale,0.0,6,12,13,CORRECT,0,0,0,0,0,0,0.0,0.0
margin,live-delta,4,0.0,0.287055,0.576036,0.078651,0.917969,0.331711,0.481711,0.09863480925559998,0.5681047439575195,0.46946993470191956,0.8037708401679993,2.2339489459991455,0.7959253787994385,8,0,1,0,1,0,1,0.9907016754150391,-0.22248366475105286,0,stale,0.0,6,14,35,BLENDED,0,0,0,0,0,0,0.0,0.0
margin,live-delta,4,0.0,0.287055,0.576036,0.078651,0.917969,0.331711,0.481711,0.08912575244903564,0.4009496569633484,0.31182390451431274,-0.0,1.0,1.0,1,0,0,1,0,1,0,0.0,0.08912575244903564,2,stale,0.0,6,15,19,CORRECT,0,0,0,0,0,0,0.0,0.0
margin,live-delta,4,0.0,0.287055,0.576036,0.078651,0.917969,0.331711,0.481711,0.016982465982437134,0.5011003613471985,0.48411789536476135,2.330015182495117,10.278097152709961,0.2472037523984909,17,0,0,1,1,0,1,0.6158627271652222,0.016982465982437134,0,stale,0.0,6,16,24,BLENDED,0,0,0,0,0,0,0.0,0.0
margin,live-delta,4,0.0,0.287055,0.576036,0.078651,0.917969,0.331711,0.481711,0.12077388167381287,0.38686105608940125,0.2660871744155884,-0.0,1.0,1.0,1,0,0,1,0,1,0,0.0,0.13998815417289734,2,stale,0.0,6,17,15,CORRECT,0,0,0,0,0,0,0.0,0.0
margin,live-delta,4,0.0,0.287055,0.576036,0.078651,0.917969,0.331711,0.481711,0.05058789253234863,0.3627921938896179,0.3122043013572693,-0.0,1.0,1.0,1,0,0,1,0,1,0,0.0,0.07699248194694519,2,stale,0.0,6,18,7,CORRECT,0,0,0,0,0,0,0.0,0.0
margin,live-delta,4,0.0,0.287055,0.576036,0.078651,0.917969,0.331711,0.481711,0.24001169204711914,0.697227954864502,0.4572162628173828,0.20607903599739075,1.2288503646850586,0.968666672706604,13,0,0,1,0,1,0,0.008241468109190464,0.2588767409324646,2,stale,0.0,6,20,17,CORRECT,0,0,0,0,0,0,0.0,0.0
margin,live-delta,4,0.0,0.287055,0.576036,0.078651,0.917969,0.331711,0.481711,0.10926885902881622,0.34342271089553833,0.2341538518667221,-0.0,1.0,1.0,1,0,0,1,0,1,0,0.0,0.10926885902881622,2,stale,0.0,6,21,19,CORRECT,0,0,0,0,0,0,0.0,0.0
margin,live-delta,4,0.0,0.287055,0.576036,0.078651,0.917969,0.331711,0.481711,0.07864773273468018,0.5750564336776733,0.49640870094299316,1.1373401880264282,3.1184628009796143,0.7001423835754395,12,0,0,1,0,1,0,0.0629681646823883,0.13445734977722168,2,stale,0.0,6,24,17,CORRECT,0,0,0,0,0,0,0.0,0.0
margin,live-delta,4,0.0,0.287055,0.576036,0.078651,0.917969,0.331711,0.481711,0.04762154817581177,0.37726837396621704,0.3296468257904053,-0.0,1.0,1.0,1,0,0,1,0,1,0,0.0,0.11129796504974365,2,stale,0.0,6,25,26,CORRECT,0,0,0,0,0,0,0.0,0.0
margin,live-delta,4,0.0,0.287055,0.576036,0.078651,0.917969,0.331711,0.481711,0.05207479000091553,0.40230363607406616,0.35022884607315063,1.2028149366378784,3.3294761180877686,0.5297130346298218,4,0,1,0,1,0,1,0.5297130346298218,-0.05207479000091553,0,stale,0.0,6,26,52,BLENDED,0,0,0,0,0,0,0.0,0.0
margin,live-delta,4,0.0,0.287055,0.576036,0.078651,0.917969,0.331711,0.481711,0.002972900867462158,0.44835323095321655,0.4453803300857544,2.3832221031188965,10.839773178100586,0.17856165766716003,14,0,0,1,0,1,1,0.11041228473186493,0.06983911991119385,2,stale,0.0,6,27,17,CORRECT,0,0,0,0,0,0,0.0,0.0
margin,live-delta,4,0.0,0.287055,0.576036,0.078651,0.917969,0.331711,0.481711,0.03304925560951233,0.33918243646621704,0.3061331808567047,-0.0,1.0,1.0,1,0,1,0,1,0,1,1.0,-0.03304925560951233,0,stale,0.0,6,29,50,BLENDED,0,0,0,0,0,0,0.0,0.0
margin,live-delta,4,0.0,0.287055,0.576036,0.078651,0.917969,0.331711,0.481711,0.18138855695724487,0.5200752019882202,0.33868664503097534,0.12014186382293701,1.1276568174362183,0.9741126298904419,2,0,0,1,0,1,0,0.0,0.21417245268821716,2,stale,0.0,6,30,17,CORRECT,0,0,0,0,0,0,0.0,0.0
margin,live-delta,4,0.0,0.287055,0.576036,0.078651,0.917969,0.331711,0.481711,0.027149081230163574,0.46322065591812134,0.43607157468795776,1.5415016412734985,4.671599864959717,0.40833401679992676,7,0,0,1,0,1,1,0.3430904746055603,0.027149081230163574,1,stale,0.0,6,31,24,CORRECT,0,0,0,0,0,0,0.0,0.0
margin,live-delta,4,0.0,0.287055,0.576036,0.078651,0.917969,0.331711,0.481711,0.2848507761955261,0.7049044370651245,0.4200536608695984,0.07461608201265335,1.0774704217910767,0.9893473386764526,6,0,0,1,0,1,0,0.0008265107171609998,0.35437941551208496,2,stale,0.0,6,32,2,CORRECT,0,0,0,0,0,0,0.0,0.0
margin,live-delta,4,0.0,0.287055,0.576036,0.078651,0.917969,0.331711,0.481711,0.06312143802642822,0.3594024181365967,0.29628098011016846,-0.0,1.0,1.0,1,0,0,1,0,1,0,0.0,0.08312207460403442,2,stale,0.0,6,33,8,CORRECT,0,0,0,0,0,0,0.0,0.0
margin,live-delta,4,0.0,0.287055,0.576036,0.078651,0.917969,0.331711,0.481711,0.06539866328239441,0.5084764957427979,0.44307783246040344,1.988227128982544,7.302575588226318,0.43353426456451416,13,0,0,1,0,1,0,0.03858702629804611,0.1497911810874939,2,stale,0.0,6,35,2,CORRECT,0,0,0,0,0,0,0.0,0.0
margin,live-delta,4,0.0,0.287055,0.576036,0.078651,0.917969,0.331711,0.481711,0.051814109086990356,0.33738306164741516,0.2855689525604248,-0.0,1.0,1.0,1,0,1,0,1,0,1,1.0,-0.051814109086990356,0,stale,0.0,6,36,44,BLENDED,0,0,0,0,0,0,0.0,0.0
margin,live-delta,4,0.0,0.287055,0.576036,0.078651,0.917969,0.331711,0.481711,0.07707512378692627,0.5940665006637573,0.516991376876831,0.8981021642684937,2.454939603805542,0.746308445930481,9,0,1,0,1,0,1,0.8046036958694458,-0.07707512378692627,0,stale,0.0,6,37,54,BLENDED,0,0,0,0,0,0,0.0,0.0
margin,live-delta,4,0.0,0.287055,0.576036,0.078651,0.917969,0.331711,0.481711,0.014270961284637451,0.5052318572998047,0.49096089601516724,2.2277073860168457,9.278569221496582,0.25592944025993347,17,0,1,0,0,1,1,0.38649508357048035,-0.014270961284637451,0,stale,0.0,6,38,38,CORRECT,0,0,0,0,0,0,0.0,0.0
margin,live-delta,4,0.0,0.287055,0.576036,0.078651,0.917969,0.331711,0.481711,0.014461219310760498,0.36777839064598083,0.35331717133522034,0.6827991008758545,1.9794105291366577,0.5718063116073608,2,0,0,1,0,1,0,0.0,0.08107396960258484,2,stale,0.0,6,39,3,CORRECT,0,0,0,0,0,0,0.0,0.0
margin,live-delta,4,0.0,0.287055,0.576036,0.078651,0.917969,0.331711,0.481711,0.05741870403289795,0.47338902950286865,0.4159703254699707,1.7903220653533936,5.991381645202637,0.43017151951789856,9,0,0,1,0,1,1,0.29270145297050476,0.05741870403289795,2,stale,0.0,6,40,2,CORRECT,0,0,0,0,0,0,0.0,0.0
margin,live-delta,4,0.0,0.287055,0.576036,0.078651,0.917969,0.331711,0.481711,0.039655596017837524,0.4543263018131256,0.4146707057952881,2.096489191055298,8.137550354003906,0.32794177532196045,11,0,1,0,1,0,1,0.9113413691520691,-0.08841025829315186,0,stale,0.0,6,41,44,BLENDED,0,0,0,0,0,0,0.0,0.0
margin,live-delta,4,0.0,0.287055,0.576036,0.078651,0.917969,0.331711,0.481711,0.07625147700309753,0.4363560974597931,0.36010462045669556,0.7962092161178589,2.217120409011841,0.7137056589126587,3,0,0,1,0,1,0,0.0,0.1095491349697113,2,stale,0.0,6,44,20,CORRECT,0,0,0,0,0,0,0.0,0.0
margin,live-delta,4,0.0,0.287055,0.576036,0.078651,0.917969,0.331711,0.481711,0.15382620692253113,0.6251209378242493,0.47129473090171814,0.6493781208992004,1.914349913597107,0.8688386678695679,13,0,1,0,1,0,1,0.9368249773979187,-0.15382620692253113,0,stale,0.0,6,46,61,BLENDED,0,0,0,0,0,0,0.0,0.0
margin,live-delta,4,0.0,0.287055,0.576036,0.078651,0.917969,0.331711,0.481711,0.018756568431854248,0.5020971894264221,0.48334062099456787,1.2775119543075562,3.5877022743225098,0.500662088394165,8,0,0,1,0,1,0,0.02078443579375744,0.15908634662628174,2,stale,0.0,6,47,21,CORRECT,0,0,0,0,0,0,0.0,0.0
margin,live-delta,4,0.0,0.287055,0.576036,0.078651,0.917969,0.331711,0.481711,0.03281363844871521,0.46319881081581116,0.43038517236709595,1.245182991027832,3.4735703468322754,0.5122500061988831,5,0,0,1,0,1,0,0.0,0.20571187138557434,2,stale,0.0,6,48,21,CORRECT,0,0,0,0,0,0,0.0,0.0
margin,live-delta,4,0.0,0.287055,0.576036,0.078651,0.917969,0.331711,0.481711,0.11248421669006348,0.5731854438781738,0.46070122718811035,0.42184868454933167,1.5247777700424194,0.8825439214706421,3,0,1,0,1,0,1,0.8825439214706421,-0.11248421669006348,0,stale,0.0,6,49,52,BLENDED,0,0,0,0,0,0,0.0,0.0
margin,live-delta,4,0.0,0.287055,0.576036,0.078651,0.917969,0.331711,0.481711,0.07074281573295593,0.3467070162296295,0.2759642004966736,-0.0,1.0,1.0,1,0,0,1,0,1,0,0.0,0.11189362406730652,2,stale,0.0,6,51,3,CORRECT,0,0,0,0,0,0,0.0,0.0
margin,live-delta,4,0.0,0.287055,0.576036,0.078651,0.917969,0.331711,0.481711,0.011517971754074097,0.4511723518371582,0.4396543800830841,2.021515369415283,7.54975700378418,0.2468925267457962,10,0,0,1,0,1,0,0.0,0.13149303197860718,2,stale,0.0,6,52,2,CORRECT,0,0,0,0,0,0,0.0,0.0
margin,live-delta,4,0.0,0.287055,0.576036,0.078651,0.917969,0.331711,0.481711,0.14629903435707092,0.6028329730033875,0.45653393864631653,0.8808589577674866,2.4129714965820312,0.8251810073852539,16,0,0,1,0,1,0,0.08780860900878906,0.14629903435707092,2,stale,0.0,6,54,2,CORRECT,0,0,0,0,0,0,0.0,0.0
margin,live-delta,4,0.0,0.287055,0.576036,0.078651,0.917969,0.331711,0.481711,0.06897953152656555,0.37228965759277344,0.3033101260662079,-0.0,1.0,1.0,1,0,0,1,0,1,0,0.0,0.071353018283844,2,stale,0.0,6,55,15,CORRECT,0,0,0,0,0,0,0.0,0.0
margin,live-delta,4,0.0,0.287055,0.576036,0.078651,0.917969,0.331711,0.481711,0.06793481111526489,0.5061884522438049,0.43825364112854004,1.8803987503051758,6.556118488311768,0.4584197700023651,13,0,0,1,0,1,0,0.05586714297533035,0.146622896194458,2,stale,0.0,6,56,17,CORRECT,0,0,0,0,0,0,0.0,0.0
margin,live-delta,4,0.0,0.287055,0.576036,0.078651,0.917969,0.331711,0.481711,0.04630231857299805,0.5316430330276489,0.4853407144546509,1.1644519567489624,3.2041664123535156,0.5929566025733948,6,0,1,0,1,0,1,0.9999999403953552,-0.20962217450141907,0,stale,0.0,6,57,36,BLENDED,0,0,0,0,0,0,0.0,0.0
margin,live-delta,4,0.0,0.287055,0.576036,0.078651,0.917969,0.331711,0.481711,0.021666288375854492,0.5414921045303345,0.51982581615448,1.8781650066375732,6.541490077972412,0.4071090817451477,16,0,0,1,0,1,1,0.15921209752559662,0.09511896967887878,2,stale,0.0,6,58,24,CORRECT,0,0,0,0,0,0,0.0,0.0
margin,live-delta,4,0.0,0.287055,0.576036,0.078651,0.917969,0.331711,0.481711,0.032430291175842285,0.4432842433452606,0.41085395216941833,1.0393548011779785,2.827392101287842,0.4998055398464203,3,0,0,1,0,1,0,0.0,0.11691835522651672,2,stale,0.0,6,59,30,CORRECT,0,0,0,0,0,0,0.0,0.0
margin,live-delta,4,0.0,0.287055,0.576036,0.078651,0.917969,0.331711,0.481711,0.06810936331748962,0.34254106879234314,0.2744317054748535,-0.0,1.0,1.0,1,0,0,1,0,1,0,0.0,0.06810936331748962,2,stale,0.0,6,60,26,CORRECT,0,0,0,0,0,0,0.0,0.0
margin,live-delta,4,0.0,0.287055,0.576036,0.078651,0.917969,0.331711,0.481711,0.024371206760406494,0.3937024772167206,0.3693312704563141,2.137660503387451,8.479576110839844,0.2121330350637436,9,0,0,1,0,1,1,0.16819420456886292,0.036554932594299316,1,stale,0.0,6,61,17,CORRECT,0,0,0,0,0,0,0.0,0.0
margin,live-delta,4,0.0,0.287055,0.576036,0.078651,0.917969,0.331711,0.481711,0.030297040939331055,0.5292019248008728,0.49890488386154175,1.6788184642791748,5.359220027923584,0.4239785969257355,12,0,0,1,0,1,1,0.3026771545410156,0.030297040939331055,1,stale,0.0,6,62,17,CORRECT,0,0,0,0,0,0,0.0,0.0
margin,live-delta,4,0.0,0.287055,0.576036,0.078651,0.917969,0.331711,0.481711,0.1494896113872528,0.5652795433998108,0.415789932012558,0.7436627149581909,2.1036264896392822,0.841271698474884,9,0,0,1,0,1,0,0.018027108162641525,0.19215190410614014,2,stale,0.0,6,63,17,CORRECT,0,0,0,0,0,0,0.0,0.0
margin,live-delta,4,0.0,0.287055,0.576036,0.078651,0.917969,0.331711,0.481711,0.04837492108345032,0.5429256558418274,0.4945507347583771,2.143568992614746,8.529826164245605,0.3330681622028351,15,1,1,1,1,1,0,0.0,0.22257667779922485,2,stale,0.0,6,64,49,CORRECT,0,0,0,0,0,0,0.0,0.0
margin,live-delta,4,0.0,0.287055,0.576036,0.078651,0.917969,0.331711,0.481711,0.0578310489654541,0.6803346872329712,0.6225036382675171,1.7446106672286987,5.723672389984131,0.4974486529827118,20,1,1,1,1,1,0,0.011930507607758045,0.2098725438117981,2,stale,0.0,6,65,49,CORRECT,0,0,0,0,0,0,0.0,0.0
margin,live-delta,4,0.0,0.287055,0.576036,0.078651,0.917969,0.331711,0.481711,0.07482990622520447,0.44970446825027466,0.3748745620250702,0.7568176984786987,2.1314823627471924,0.7336860299110413,3,1,0,0,0,0,1,0.7336860299110413,-0.07482990622520447,0,stale,0.0,6,66,8,BLENDED,0,0,0,0,0,0,0.0,0.0
margin,live-delta,4,0.0,0.287055,0.576036,0.078651,0.917969,0.331711,0.481711,0.05244165658950806,0.4750416874885559,0.42260003089904785,1.1264219284057617,3.084599733352661,0.5985400080680847,5,1,1,1,1,1,0,0.034128621220588684,0.14321786165237427,2,stale,0.0,6,67,37,CORRECT,0,0,0,0,0,0,0.0,0.0
margin,live-delta,4,0.0,0.287055,0.576036,0.078651,0.917969,0.331711,0.481711,0.012731552124023438,0.6514356136322021,0.6387040615081787,1.573824405670166,4.825066089630127,0.34678205847740173,18,1,1,1,1,1,0,0.0,0.33663100004196167,2,stale,0.0,6,68,55,CORRECT,0,0,0,0,0,0,0.0,0.0
margin,live-delta,4,0.0,0.287055,0.576036,0.078651,0.917969,0.331711,0.481711,0.09354740381240845,0.673875093460083,0.5803276896476746,0.9474458694458008,2.5791139602661133,0.760080873966217,13,1,1,1,1,1,0,0.014385090209543705,0.2282102108001709,2,stale,0.0,6,69,41,CORRECT,0,0,0,0,0,0,0.0,0.0
margin,live-delta,4,0.0,0.287055,0.576036,0.078651,0.917969,0.331711,0.481711,0.01679331064224243,0.36933302879333496,0.35253971815109253,1.077964186668396,2.9386909008026123,0.42777901887893677,3,1,1,1,1,1,0,0.0,0.11301720142364502,2,stale,0.0,6,70,37,CORRECT,0,0,0,0,0,0,0.0,0.0
margin,live-delta,4,0.0,0.287055,0.576036,0.078651,0.917969,0.331711,0.481711,0.014739274978637695,0.6308947801589966,0.6161555051803589,1.4718518257141113,4.357296466827393,0.39279064536094666,14,1,0,0,1,1,1,0.42839473485946655,-0.014739274978637695,0,stale,0.0,6,71,24,CORRECT,0,0,0,0,0,0,0.0,0.0
margin,live-delta,4,0.0,0.287055,0.576036,0.078651,0.917969,0.331711,0.481711,0.024615049362182617,0.7187014818191528,0.6940864324569702,1.0595003366470337,2.8849291801452637,0.570257842540741,20,1,1,1,1,1,0,0.03537711501121521,0.15931344032287598,2,stale,0.0,6,72,51,CORRECT,0,0,0,0,0,0,0.0,0.0
margin,live-delta,4,0.0,0.287055,0.576036,0.078651,0.917969,0.331711,0.481711,0.05615776777267456,0.6409323215484619,0.5847745537757874,1.8633965253829956,6.445592403411865,0.414867103099823,16,1,1,1,1,1,0,0.02192188985645771,0.18032974004745483,2,stale,0.0,6,73,41,CORRECT,0,0,0,0,0,0,0.0,0.0
margin,live-delta,4,0.0,0.287055,0.576036,0.078651,0.917969,0.331711,0.481711,0.13656732439994812,0.5914551019668579,0.4548877775669098,0.6786210536956787,1.9711577892303467,0.8429398536682129,7,1,1,1,1,1,0,0.08891836553812027,0.15459880232810974,2,stale,0.0,6,74,34,CORRECT,0,0,0,0,0,0,0.0,0.0
margin,live-delta,4,0.0,0.287055,0.576036,0.078651,0.917969,0.331711,0.481711,0.09804314374923706,0.6537768840789795,0.5557337403297424,1.78684663772583,5.970595359802246,0.5602211952209473,20,1,1,1,1,1,0,0.001474394230172038,0.29700422286987305,2,stale,0.0,6,75,49,CORRECT,0,0,0,0,0,0,0.0,0.0
margin,live-delta,4,0.0,0.287055,0.576036,0.078651,0.917969,0.331711,0.481711,0.07732564210891724,0.6243658065795898,0.5470401644706726,1.403928518295288,4.071162223815918,0.6104236841201782,14,1,1,1,1,1,0,0.012709357775747776,0.2234358787536621,2,stale,0.0,6,76,58,CORRECT,0,0,0,0,0,0,0.0,0.0
margin,live-delta,4,0.0,0.287055,0.576036,0.078651,0.917969,0.331711,0.481711,0.004162102937698364,0.4389645755290985,0.43480247259140015,1.3352909088134766,3.8011014461517334,0.33873018622398376,4,1,1,1,1,1,1,0.20274823904037476,0.025661945343017578,1,stale,0.0,6,77,38,CORRECT,0,0,0,0,0,0,0.0,0.0
margin,live-delta,4,0.0,0.287055,0.576036,0.078651,0.917969,0.331711,0.481711,0.2178201973438263,0.5824568271636963,0.36463662981987,0.23017236590385437,1.2588169574737549,0.9583181142807007,5,1,1,1,1,1,0,0.007221005856990814,0.24440926313400269,2,stale,0.0,6,78,37,CORRECT,0,0,0,0,0,0,0.0,0.0
margin,live-delta,4,0.0,0.287055,0.576036,0.078651,0.917969,0.331711,0.481711,0.00254899263381958,0.5849636793136597,0.5824146866798401,2.090261459350586,8.087029457092285,0.21739733219146729,20,1,1,1,1,1,0,0.013645839877426624,0.15678945183753967,2,stale,0.0,6,79,48,CORRECT,0,0,0,0,0,0,0.0,0.0
margin,live-delta,4,0.0,0.287055,0.576036,0.078651,0.917969,0.331711,0.481711,0.002153635025024414,0.5883429050445557,0.5861892700195312,2.3235256671905518,10.211613655090332,0.21370258927345276,19,1,1,1,1,1,0,0.004194286186248064,0.21522527933120728,2,stale,0.0,6,80,48,CORRECT,0,0,0,0,0,0,0.0,0.0
margin,live-delta,4,0.0,0.287055,0.576036,0.078651,0.917969,0.331711,0.481711,0.1268346905708313,0.623031497001648,0.49619680643081665,0.9444639086723328,2.571434497833252,0.7879681587219238,12,1,1,1,1,1,0,0.018978653475642204,0.1863071620464325,2,stale,0.0,6,81,49,CORRECT,0,0,0,0,0,0,0.0,0.0
margin,live-delta,4,0.0,0.287055,0.576036,0.078651,0.917969,0.331711,0.481711,0.009584277868270874,0.46435844898223877,0.4547741711139679,2.041076421737671,7.698892116546631,0.2482905387878418,10,1,1,1,1,1,1,0.12322204560041428,0.07170343399047852,2,stale,0.0,6,82,53,CORRECT,0,0,0,0,0,0,0.0,0.0
margin,live-delta,4,0.0,0.287055,0.576036,0.078651,0.917969,0.331711,0.481711,0.13681194186210632,0.6299456357955933,0.49313369393348694,1.0087916851043701,2.7422854900360107,0.7738221883773804,13,1,1,1,1,1,1,0.10681873559951782,0.13681194186210632,2,stale,0.0,6,83,38,CORRECT,0,0,0,0,0,0,0.0,0.0
margin,live-delta,4,0.0,0.287055,0.576036,0.078651,0.917969,0.331711,0.481711,0.03274679183959961,0.5804134607315063,0.5476666688919067,2.0342488288879395,7.646506309509277,0.36558303236961365,16,1,1,1,1,1,0,0.0,0.35087868571281433,2,stale,0.0,6,84,44,CORRECT,0,0,0,0,0,0,0.0,0.0
margin,live-delta,4,0.0,0.287055,0.576036,0.078651,0.917969,0.331711,0.481711,0.024288594722747803,0.7276468276977539,0.7033582329750061,1.8550394773483276,6.391950607299805,0.3497331440448761,20,1,1,1,1,1,0,0.0,0.399070143699646,2,stale,0.0,6,85,48,CORRECT,0,0,0,0,0,0,0.0,0.0
margin,live-delta,4,0.0,0.287055,0.576036,0.078651,0.917969,0.331711,0.481711,0.027054309844970703,0.5935630798339844,0.5665087699890137,2.289721727371216,9.872190475463867,0.2789871096611023,19,1,1,1,1,1,0,0.0,0.2693227529525757,2,stale,0.0,6,86,43,CORRECT,0,0,0,0,0,0,0.0,0.0
margin,live-delta,4,0.0,0.287055,0.576036,0.078651,0.917969,0.331711,0.481711,0.00391995906829834,0.381297767162323,0.37737780809402466,0.6923794746398926,1.9984651803970337,0.5195897221565247,2,1,0,0,0,0,1,0.5195897221565247,-0.00391995906829834,0,stale,0.0,6,87,20,BLENDED,0,0,0,0,0,0,0.0,0.0
margin,live-delta,4,0.0,0.287055,0.576036,0.078651,0.917969,0.331711,0.481711,0.08866894245147705,0.6758197546005249,0.5871508121490479,0.7761010527610779,2.172983407974243,0.7761840224266052,9,1,1,1,1,1,0,0.0,0.3579227328300476,2,stale,0.0,6,88,45,CORRECT,0,0,0,0,0,0,0.0,0.0
margin,live-delta,4,0.0,0.287055,0.576036,0.078651,0.917969,0.331711,0.481711,0.02692621946334839,0.7672025561332703,0.7402763366699219,1.1039605140686035,3.016087770462036,0.5342037677764893,11,1,0,0,0,0,1,0.8459696769714355,-0.07573270797729492,0,stale,0.0,6,89,31,BLENDED,0,0,0,0,0,0,0.0,0.0
margin,live-delta,4,0.0,0.287055,0.576036,0.078651,0.917969,0.331711,0.481711,0.34611284732818604,0.9362046718597412,0.5900918245315552,0.01416485570371151,1.0142656564712524,0.9983727335929871,11,1,1,1,1,1,0,8.326274110004306e-05,0.5132040977478027,2,stale,0.0,6,90,38,CORRECT,0,0,0,0,0,0,0.0,0.0
margin,live-delta,4,0.0,0.287055,0.576036,0.078651,0.917969,0.331711,0.481711,0.07226181030273438,0.5792669057846069,0.5070050954818726,1.8485263586044312,6.350454330444336,0.49042603373527527,14,1,1,1,1,1,0,0.0089465556666255,0.20020031929016113,2,stale,0.0,6,91,54,CORRECT,0,0,0,0,0,0,0.0,0.0
margin,live-delta,4,0.0,0.287055,0.576036,0.078651,0.917969,0.331711,0.481711,0.031079202890396118,0.41078686714172363,0.3797076642513275,0.6470876932144165,1.9099702835083008,0.6505786776542664,2,1,1,1,1,1,0,0.0,0.08853426575660706,2,stale,0.0,6,92,60,CORRECT,0,0,0,0,0,0,0.0,0.0
margin,live-delta,4,0.0,0.287055,0.576036,0.078651,0.917969,0.331711,0.481711,0.10733836889266968,0.764479398727417,0.6571410298347473,0.8879188895225525,2.4300670623779297,0.7709000110626221,14,1,1,1,1,1,0,0.0,0.5251755714416504,2,stale,0.0,6,93,35,CORRECT,0,0,0,0,0,0,0.0,0.0
margin,live-delta,4,0.0,0.287055,0.576036,0.078651,0.917969,0.331711,0.481711,0.01648038625717163,0.5139942765235901,0.49751389026641846,2.664717674255371,14.363893508911133,0.20356102287769318,20,1,1,1,1,1,0,0.0436566136777401,0.10119685530662537,2,stale,0.0,6,94,51,CORRECT,0,0,0,0,0,0,0.0,0.0
margin,live-delta,4,0.0,0.287055,0.576036,0.078651,0.917969,0.331711,0.481711,0.01819002628326416,0.6271648406982422,0.608974814414978,1.7878310680389404,5.976475715637207,0.3302869498729706,20,1,1,1,1,1,0,0.02196965366601944,0.16906660795211792,2,stale,0.0,6,95,58,CORRECT,0,0,0,0,0,0,0.0,0.0
margin,live-delta,4,0.0,0.287055,0.576036,0.078651,0.917969,0.331711,0.481711,0.11423242092132568,0.8080053329467773,0.6937729120254517,0.810276985168457,2.248530626296997,0.8141262531280518,17,1,1,1,1,1,0,0.0,0.5019088387489319,2,stale,0.0,6,96,35,CORRECT,0,0,0,0,0,0,0.0,0.0
margin,live-delta,4,0.0,0.287055,0.576036,0.078651,0.917969,0.331711,0.481711,0.05946579575538635,0.3648052513599396,0.3053394556045532,-0.0,1.0,1.0,1,1,1,1,1,1,0,0.0,0.05946579575538635,2,stale,0.0,6,97,60,CORRECT,0,0,0,0,0,0,0.0,0.0
margin,live-delta,4,0.0,0.287055,0.576036,0.078651,0.917969,0.331711,0.481711,0.010035574436187744,0.6971126794815063,0.6870771050453186,1.7782118320465088,5.919262409210205,0.2927899658679962,18,1,1,1,1,1,0,0.0,0.3806838095188141,2,stale,0.0,6,98,44,CORRECT,0,0,0,0,0,0,0.0,0.0
margin,live-delta,4,0.0,0.287055,0.576036,0.078651,0.917969,0.331711,0.481711,0.01874375343322754,0.5285130143165588,0.5097692608833313,1.2209950685501099,3.3905599117279053,0.47932934761047363,6,1,1,1,1,1,0,0.0,0.21970665454864502,2,stale,0.0,6,99,36,CORRECT,0,0,0,0,0,0,0.0,0.0
margin,live-delta,4,0.0,0.287055,0.576036,0.078651,0.917969,0.331711,0.481711,0.07248339056968689,0.5363495945930481,0.4638662040233612,1.4996176958084106,4.479976177215576,0.5803101062774658,11,1,1,1,1,1,0,0.0,0.22104230523109436,2,stale,0.0,6,100,48,CORRECT,0,0,0,0,0,0,0.0,0.0
margin,live-delta,4,0.0,0.287055,0.576036,0.078651,0.917969,0.331711,0.481711,0.007860839366912842,0.6223558783531189,0.614495038986206,2.175159215927124,8.803586959838867,0.21601088345050812,20,1,1,1,1,1,0,0.008824124000966549,0.18231672048568726,2,stale,0.0,6,101,58,CORRECT,0,0,0,0,0,0,0.0,0.0
margin,live-delta,4,0.0,0.287055,0.576036,0.078651,0.917969,0.331711,0.481711,0.11691057682037354,0.8418571949005127,0.7249466180801392,0.6194812655448914,1.857964038848877,0.8579918146133423,20,1,1,1,1,1,0,0.0,0.5691530704498291,2,stale,0.0,6,102,35,CORRECT,0,0,0,0,0,0,0.0,0.0
margin,live-delta,4,0.0,0.287055,0.576036,0.078651,0.917969,0.331711,0.481711,0.05623912811279297,0.7818701267242432,0.7256309986114502,1.1339675188064575,3.1079628467559814,0.6565910577774048,16,1,1,1,1,1,0,0.0,0.4816293716430664,2,stale,0.0,6,103,35,CORRECT,0,0,0,0,0,0,0.0,0.0
margin,live-delta,4,0.0,0.287055,0.576036,0.078651,0.917969,0.331711,0.481711,0.09437793493270874,0.7348703742027283,0.6404924392700195,1.0254433155059814,2.7883312702178955,0.7306318879127502,15,1,1,1,1,1,0,0.0,0.5042364597320557,2,stale,0.0,6,104,62,CORRECT,0,0,0,0,0,0,0.0,0.0
margin,live-delta,4,0.0,0.287055,0.576036,0.078651,0.917969,0.331711,0.481711,0.056365251541137695,0.693533182144165,0.6371679306030273,1.541571855545044,4.6719279289245605,0.512569010257721,18,1,1,1,1,1,0,0.0,0.3818410038948059,2,stale,0.0,6,105,35,CORRECT,0,0,0,0,0,0,0.0,0.0
margin,live-delta,4,0.0,0.287055,0.576036,0.078651,0.917969,0.331711,0.481711,0.12120801210403442,0.7400966286659241,0.6188886165618896,0.6892560124397278,1.9922327995300293,0.8500022888183594,16,1,1,1,1,1,0,0.0,0.4675822854042053,2,stale,0.0,6,106,35,CORRECT,0,0,0,0,0,0,0.0,0.0
margin,live-delta,4,0.0,0.287055,0.576036,0.078651,0.917969,0.331711,0.481711,0.016118526458740234,0.5859113931655884,0.5697928667068481,2.126347541809082,8.384187698364258,0.3151897192001343,20,1,1,1,1,1,0,0.0024993850383907557,0.24185651540756226,2,stale,0.0,6,107,45,CORRECT,0,0,0,0,0,0,0.0,0.0
margin,live-delta,4,0.0,0.287055,0.576036,0.078651,0.917969,0.331711,0.481711,0.017119288444519043,0.4537702202796936,0.43665093183517456,0.8498568534851074,2.3393120765686035,0.5538122653961182,3,1,1,1,1,1,0,0.05293968692421913,0.11738362908363342,2,stale,0.0,6,108,39,CORRECT,0,0,0,0,0,0,0.0,0.0
margin,live-delta,4,0.0,0.287055,0.576036,0.078651,0.917969,0.331711,0.481711,0.02263900637626648,0.4125114977359772,0.3898724913597107,1.4765172004699707,4.3776726722717285,0.38793104887008667,5,1,1,1,1,1,0,0.0,0.13866844773292542,2,stale,0.0,6,109,51,CORRECT,0,0,0,0,0,0,0.0,0.0
margin,live-delta,4,0.0,0.287055,0.576036,0.078651,0.917969,0.331711,0.481711,0.03018951416015625,0.5871216654777527,0.5569321513175964,2.4558796882629395,11.656682968139648,0.2351093888282776,20,1,1,1,1,1,0,0.012890554964542389,0.17510518431663513,2,stale,0.0,6,110,34,CORRECT,0,0,0,0,0,0,0.0,0.0
margin,live-delta,4,0.0,0.287055,0.576036,0.078651,0.917969,0.331711,0.481711,0.008567750453948975,0.7654634714126587,0.7568957209587097,1.1160848140716553,3.0528781414031982,0.484675794839859,17,1,1,1,1,1,0,0.023718152195215225,0.1714400053024292,2,stale,0.0,6,111,58,CORRECT,0,0,0,0,0,0,0.0,0.0
margin,live-delta,4,0.0,0.287055,0.576036,0.078651,0.917969,0.331711,0.481711,0.060206472873687744,0.7512066960334778,0.69100022315979,1.2067828178405762,3.3427131175994873,0.6480710506439209,20,1,1,1,1,1,0,0.005936381407082081,0.24918127059936523,2,stale,0.0,6,112,51,CORRECT,0,0,0,0,0,0,0.0,0.0
margin,live-delta,4,0.0,0.287055,0.576036,0.078651,0.917969,0.331711,0.481711,0.07162243127822876,0.36166900396347046,0.2900465726852417,-0.0,1.0,1.0,1,1,1,1,1,1,0,0.0,0.07162243127822876,2,stale,0.0,6,113,38,CORRECT,0,0,0,0,0,0,0.0,0.0
margin,live-delta,4,0.0,0.287055,0.576036,0.078651,0.917969,0.331711,0.481711,0.005623340606689453,0.584922194480896,0.5792988538742065,2.0654523372650146,7.8888654708862305,0.25149863958358765,17,1,1,1,1,1,0,0.0,0.38961493968963623,2,stale,0.0,6,114,44,CORRECT,0,0,0,0,0,0,0.0,0.0
margin,live-delta,4,0.0,0.287055,0.576036,0.078651,0.917969,0.331711,0.481711,0.03806394338607788,0.7111191749572754,0.6730552315711975,1.6303398609161377,5.105609893798828,0.4417669177055359,20,1,1,1,1,1,0,0.0009086588397622108,0.32796382904052734,2,stale,0.0,6,115,35,CORRECT,0,0,0,0,0,0,0.0,0.0
margin,live-delta,4,0.0,0.287055,0.576036,0.078651,0.917969,0.331711,0.481711,0.00668671727180481,0.40673741698265076,0.40005069971084595,1.7285701036453247,5.632594108581543,0.23184609413146973,6,1,0,0,0,0,1,0.5946207046508789,-0.00668671727180481,0,stale,0.0,6,116,4,BLENDED,0,0,0,0,0,0,0.0,0.0
margin,live-delta,4,0.0,0.287055,0.576036,0.078651,0.917969,0.331711,0.481711,0.030077993869781494,0.3963007926940918,0.3662227988243103,0.6498798131942749,1.9153106212615967,0.6460131406784058,2,1,1,1,1,1,0,0.0,0.12943902611732483,2,stale,0.0,6,117,50,CORRECT,0,0,0,0,0,0,0.0,0.0
margin,live-delta,4,0.0,0.287055,0.576036,0.078651,0.917969,0.331711,0.481711,0.04059028625488281,0.6312181949615479,0.590627908706665,1.7536301612854004,5.775530815124512,0.4911603331565857,20,1,1,1,1,1,0,0.03495302423834801,0.16091442108154297,2,stale,0.0,6,118,51,CORRECT,0,0,0,0,0,0,0.0,0.0
margin,live-delta,4,0.0,0.287055,0.576036,0.078651,0.917969,0.331711,0.481711,0.21062010526657104,0.8552870154380798,0.6446669101715088,0.141428142786026,1.1519176959991455,0.9767478108406067,16,1,1,1,1,1,0,0.0,0.5921776294708252,2,stale,0.0,6,119,35,CORRECT,0,0,0,0,0,0,0.0,0.0
margin,live-delta,4,0.0,0.287055,0.576036,0.078651,0.917969,0.331711,0.481711,0.012780368328094482,0.6218248605728149,0.6090444922447205,1.7377376556396484,5.684468746185303,0.2893918454647064,10,1,1,1,1,1,0,0.0,0.38568252325057983,2,stale,0.0,6,120,40,CORRECT,0,0,0,0,0,0,0.0,0.0
margin,live-delta,4,0.0,0.287055,0.576036,0.078651,0.917969,0.331711,0.481711,0.06796568632125854,0.6766427159309387,0.6086770296096802,1.05339515209198,2.8673696517944336,0.6946794390678406,16,1,1,1,1,1,0,0.0037080664187669754,0.28373271226882935,2,stale,0.0,6,121,58,CORRECT,0,0,0,0,0,0,0.0,0.0
margin,live-delta,4,0.0,0.287055,0.576036,0.078651,0.917969,0.331711,0.481711,0.0037984251976013184,0.7003782391548157,0.6965798139572144,1.8794752359390259,6.550066947937012,0.25693273544311523,15,1,1,1,1,1,0,0.0,0.3948938250541687,2,stale,0.0,6,122,44,CORRECT,0,0,0,0,0,0,0.0,0.0
margin,live-delta,4,0.0,0.287055,0.576036,0.078651,0.917969,0.331711,0.481711,0.010840415954589844,0.5973057746887207,0.5864653587341309,1.3490548133850098,3.853781223297119,0.3834973871707916,10,1,1,1,1,1,0,0.006962191313505173,0.2247844636440277,2,stale,0.0,6,123,37,CORRECT,0,0,0,0,0,0,0.0,0.0
margin,live-delta,4,0.0,0.287055,0.576036,0.078651,0.917969,0.331711,0.481711,0.008288145065307617,0.6649891138076782,0.6567009687423706,1.8874399662017822,6.602444648742676,0.33128395676612854,20,1,1,1,1,1,0,0.0,0.3462510406970978,2,stale,0.0,6,124,44,CORRECT,0,0,0,0,0,0,0.0,0.0
margin,live-delta,4,0.0,0.287055,0.576036,0.078651,0.917969,0.331711,0.481711,0.0778813362121582,0.6159960031509399,0.5381146669387817,1.7703628540039062,5.872983932495117,0.5347222089767456,20,1,1,1,1,1,0,0.015780890360474586,0.2055698037147522,2,stale,0.0,6,125,46,CORRECT,0,0,0,0,0,0,0.0,0.0
margin,live-delta,4,0.0,0.287055,0.576036,0.078651,0.917969,0.331711,0.481711,0.025856196880340576,0.5987674593925476,0.572911262512207,1.3273578882217407,3.771066665649414,0.49482324719429016,9,1,1,1,1,1,0,0.0,0.28255516290664673,2,stale,0.0,6,126,36,CORRECT,0,0,0,0,0,0,0.0,0.0
margin,live-delta,4,0.0,0.287055,0.576036,0.078651,0.917969,0.331711,0.481711,0.058422237634658813,0.5013746023178101,0.44295236468315125,1.1475576162338257,3.15048885345459,0.6254648566246033,6,1,1,1,1,1,1,0.24354246258735657,0.058422237634658813,2,stale,0.0,6,127,49,CORRECT,0,0,0,0,0,0,0.0,0.0
margin,live-delta,4,0.0,0.287055,0.576036,0.078651,0.917969,0.331711,0.481711,0.051199525594711304,0.4693129062652588,0.4181133806705475,2.001544952392578,7.4004807472229,0.35685205459594727,10,2,2,1,2,1,0,0.0,0.3255454897880554,2,stale,0.0,6,128,90,CORRECT,0,0,0,0,0,0,0.0,0.0
margin,live-delta,4,0.0,0.287055,0.576036,0.078651,0.917969,0.331711,0.481711,0.07013922929763794,0.7858513593673706,0.7157121300697327,1.4492645263671875,4.259980201721191,0.5627027153968811,17,2,2,1,2,1,0,0.0,0.5621412992477417,2,stale,0.0,6,129,66,CORRECT,0,0,0,0,0,0,0.0,0.0
margin,live-delta,4,0.0,0.287055,0.576036,0.078651,0.917969,0.331711,0.481711,0.011220335960388184,0.5333151817321777,0.5220948457717896,2.527958869934082,12.527909278869629,0.20014487206935883,20,2,2,1,2,1,0,0.0,0.2767532765865326,2,stale,0.0,6,130,89,CORRECT,0,0,0,0,0,0,0.0,0.0
margin,live-delta,4,0.0,0.287055,0.576036,0.078651,0.917969,0.331711,0.481711,0.012637794017791748,0.6034895181655884,0.5908517241477966,2.4104807376861572,11.139314651489258,0.16226615011692047,17,2,2,1,2,1,0,0.0,0.3956734538078308,2,stale,0.0,6,131,89,CORRECT,0,0,0,0,0,0,0.0,0.0
margin,live-delta,4,0.0,0.287055,0.576036,0.078651,0.917969,0.331711,0.481711,0.007689833641052246,0.47320014238357544,0.4655103087425232,2.3423402309417725,10.405559539794922,0.17582717537879944,14,2,2,1,2,1,0,0.0,0.19685110449790955,2,stale,0.0,6,132,66,CORRECT,0,0,0,0,0,0,0.0,0.0
margin,live-delta,4,0.0,0.287055,0.576036,0.078651,0.917969,0.331711,0.481711,0.1113135814666748,0.7755482792854309,0.6642346978187561,0.9182224273681641,2.504833936691284,0.7783058881759644,18,2,2,1,2,1,0,0.0,0.5068159103393555,2,stale,0.0,6,133,66,CORRECT,0,0,0,0,0,0,0.0,0.0
margin,live-delta,4,0.0,0.287055,0.576036,0.078651,0.917969,0.331711,0.481711,0.052082359790802,0.806567370891571,0.754485011100769,1.6764622926712036,5.346607685089111,0.43562448024749756,17,2,2,1,2,1,0,0.0,0.6338892579078674,2,stale,0.0,6,134,90,CORRECT,0,0,0,0,0,0,0.0,0.0
margin,live-delta,4,0.0,0.287055,0.576036,0.078651,0.917969,0.331711,0.481711,0.09420961141586304,0.6574013233184814,0.5631917119026184,1.5033739805221558,4.496835708618164,0.6091437935829163,16,2,2,1,2,1,0,0.0,0.5291342735290527,2,stale,0.0,6,135,82,CORRECT,0,0,0,0,0,0,0.0,0.0
margin,live-delta,4,0.0,0.287055,0.576036,0.078651,0.917969,0.331711,0.481711,0.0249253511428833,0.7994858026504517,0.7745604515075684,1.761308193206787,5.8200459480285645,0.329146146774292,19,2,2,1,2,1,0,0.0,0.6274286508560181,2,stale,0.0,6,136,90,CORRECT,0,0,0,0,0,0,0.0,0.0
margin,live-delta,4,0.0,0.287055,0.576036,0.078651,0.917969,0.331711,0.481711,0.006651937961578369,0.33849817514419556,0.3318462371826172,0.6909396648406982,1.9955898523330688,0.5332106947898865,2,2,2,1,2,1,0,0.0,0.13798873126506805,2,stale,0.0,6,137,71,CORRECT,0,0,0,0,0,0,0.0,0.0
margin,live-delta,4,0.0,0.287055,0.576036,0.078651,0.917969,0.331711,0.481711,0.09123629331588745,0.6872193217277527,0.5959830284118652,1.5716652870178223,4.814659118652344,0.6145310997962952,17,2,2,1,2,1,0,0.0,0.48544251918792725,2,stale,0.0,6,139,89,CORRECT,0,0,0,0,0,0,0.0,0.0
margin,live-delta,4,0.0,0.287055,0.576036,0.078651,0.917969,0.331711,0.481711,0.05589607357978821,0.3627500832080841,0.3068540096282959,-0.0,1.0,1.0,1,2,2,1,2,1,0,0.0,0.10454699397087097,2,stale,0.0,6,140,69,CORRECT,0,0,0,0,0,0,0.0,0.0
margin,live-delta,4,0.0,0.287055,0.576036,0.078651,0.917969,0.331711,0.481711,0.010812044143676758,0.44517678022384644,0.4343647360801697,1.119913935661316,3.0645904541015625,0.46703577041625977,4,2,2,1,2,1,0,0.0,0.14185696840286255,2,stale,0.0,6,141,69,CORRECT,0,0,0,0,0,0,0.0,0.0
margin,live-delta,4,0.0,0.287055,0.576036,0.078651,0.917969,0.331711,0.481711,0.05206620693206787,0.8530226945877075,0.8009564876556396,1.6419904232025146,5.165440559387207,0.42676395177841187,18,2,2,1,2,1,0,0.0,0.7123686671257019,2,stale,0.0,6,142,90,CORRECT,0,0,0,0,0,0,0.0,0.0
margin,live-delta,4,0.0,0.287055,0.576036,0.078651,0.917969,0.331711,0.481711,0.10031759738922119,0.6833676099777222,0.583050012588501,1.4333103895187378,4.1925554275512695,0.6265632510185242,15,2,2,1,2,1,0,0.0,0.5272771716117859,2,stale,0.0,6,143,82,CORRECT,0,0,0,0,0,0,0.0,0.0
margin,live-delta,4,0.0,0.287055,0.576036,0.078651,0.917969,0.331711,0.481711,0.048802196979522705,0.8525674343109131,0.8037652373313904,1.6082525253295898,4.994076728820801,0.48214659094810486,16,2,2,1,2,1,0,0.0,0.6044963598251343,2,stale,0.0,6,144,89,CORRECT,0,0,0,0,0,0,0.0,0.0
margin,live-delta,4,0.0,0.287055,0.576036,0.078651,0.917969,0.331711,0.481711,0.03140294551849365,0.7826350927352905,0.7512321472167969,1.5421220064163208,4.674499034881592,0.46693235635757446,20,2,2,1,2,1,0,0.0,0.6522859334945679,2,stale,0.0,6,145,84,CORRECT,0,0,0,0,0,0,0.0,0.0
margin,live-delta,4,0.0,0.287055,0.576036,0.078651,0.917969,0.331711,0.481711,0.004274606704711914,0.41310304403305054,0.4088284373283386,2.1998071670532227,9.023273468017578,0.18376201391220093,10,2,2,1,2,1,0,0.0,0.1873474270105362,2,stale,0.0,6,146,74,CORRECT,0,0,0,0,0,0,0.0,0.0
margin,live-delta,4,0.0,0.287055,0.576036,0.078651,0.917969,0.331711,0.481711,0.021624654531478882,0.3686990737915039,0.347074419260025,1.3522083759307861,3.8659536838531494,0.3628208339214325,4,2,2,1,2,1,1,0.18680931627750397,0.033191025257110596,1,stale,0.0,6,147,69,CORRECT,0,0,0,0,0,0,0.0,0.0
margin,live-delta,4,0.0,0.287055,0.576036,0.078651,0.917969,0.331711,0.481711,0.013248085975646973,0.7050842046737671,0.6918361186981201,2.080617666244507,8.009414672851562,0.2842988967895508,16,2,2,1,2,1,0,0.0,0.4755759835243225,2,stale,0.0,6,148,89,CORRECT,0,0,0,0,0,0,0.0,0.0
margin,live-delta,4,0.0,0.287055,0.576036,0.078651,0.917969,0.331711,0.481711,0.0018193721771240234,0.8310966491699219,0.8292772769927979,1.5969407558441162,4.937902927398682,0.31570717692375183,17,2,2,1,2,1,0,0.0,0.7122912406921387,2,stale,0.0,6,149,90,CORRECT,0,0,0,0,0,0,0.0,0.0
margin,live-delta,4,0.0,0.287055,0.576036,0.078651,0.917969,0.331711,0.481711,0.04144841432571411,0.4598776400089264,0.4184292256832123,1.8830150365829468,6.573293685913086,0.3387658894062042,8,2,2,1,2,1,0,0.0,0.35048335790634155,2,stale,0.0,6,150,82,CORRECT,0,0,0,0,0,0,0.0,0.0
margin,live-delta,4,0.0,0.287055,0.576036,0.078651,0.917969,0.331711,0.481711,0.027109742164611816,0.47001540660858154,0.4429056644439697,2.2149510383605957,9.16096019744873,0.2631959021091461,13,2,2,1,2,1,0,0.0,0.18030136823654175,2,stale,0.0,6,151,79,CORRECT,0,0,0,0,0,0,0.0,0.0
margin,live-delta,4,0.0,0.287055,0.576036,0.078651,0.917969,0.331711,0.481711,0.005340278148651123,0.8188492059707642,0.813508927822113,2.0147545337677,7.498886585235596,0.2762462794780731,20,2,2,1,2,1,0,0.0,0.6028050780296326,2,stale,0.0,6,152,84,CORRECT,0,0,0,0,0,0,0.0,0.0
margin,live-delta,4,0.0,0.287055,0.576036,0.078651,0.917969,0.331711,0.481711,0.020387768745422363,0.727567195892334,0.7071794271469116,1.5078415870666504,4.516970634460449,0.42687615752220154,17,2,2,1,2,1,0,0.0,0.5479637384414673,2,stale,0.0,6,153,90,CORRECT,0,0,0,0,0,0,0.0,0.0
margin,live-delta,4,0.0,0.287055,0.576036,0.078651,0.917969,0.331711,0.481711,0.01642930507659912,0.6028136014938354,0.5863842964172363,2.305279493331909,10.02698040008545,0.25609245896339417,18,2,2,1,2,1,0,0.0,0.4060814082622528,2,stale,0.0,6,155,90,CORRECT,0,0,0,0,0,0,0.0,0.0
margin,live-delta,4,0.0,0.287055,0.576036,0.078651,0.917969,0.331711,0.481711,0.021501898765563965,0.5590934753417969,0.5375915765762329,2.240121364593506,9.394471168518066,0.25516465306282043,15,2,2,1,2,1,0,0.0,0.3610961139202118,2,stale,0.0,6,157,74,CORRECT,0,0,0,0,0,0,0.0,0.0
margin,live-delta,4,0.0,0.287055,0.576036,0.078651,0.917969,0.331711,0.481711,0.01916298270225525,0.45646974444389343,0.4373067617416382,1.9738013744354248,7.197987079620361,0.31095874309539795,10,2,2,1,2,1,0,0.0,0.18081411719322205,2,stale,0.0,6,158,79,CORRECT,0,0,0,0,0,0,0.0,0.0
margin,live-delta,4,0.0,0.287055,0.576036,0.078651,0.917969,0.331711,0.481711,0.024624645709991455,0.6322233080863953,0.6075986623764038,2.0689449310302734,7.916466236114502,0.29706481099128723,20,2,2,1,2,1,0,0.0,0.4291744828224182,2,stale,0.0,6,159,90,CORRECT,0,0,0,0,0,0,0.0,0.0
margin,live-delta,4,0.0,0.287055,0.576036,0.078651,0.917969,0.331711,0.481711,0.042462825775146484,0.5661683678627014,0.5237055420875549,1.7622156143188477,5.825329780578613,0.428707093000412,14,2,2,1,2,1,0,0.0,0.3182640075683594,2,stale,0.0,6,160,87,CORRECT,0,0,0,0,0,0,0.0,0.0
margin,live-delta,4,0.0,0.287055,0.576036,0.078651,0.917969,0.331711,0.481711,0.03060382604598999,0.5303032398223877,0.4996994137763977,2.310601234436035,10.080483436584473,0.25235024094581604,16,2,2,1,2,1,0,0.0,0.2477591633796692,2,stale,0.0,6,161,74,CORRECT,0,0,0,0,0,0,0.0,0.0
margin,live-delta,4,0.0,0.287055,0.576036,0.078651,0.917969,0.331711,0.481711,0.020775914192199707,0.6862285137176514,0.6654525995254517,1.688485860824585,5.411281108856201,0.3926496207714081,17,2,2,1,2,1,0,0.0,0.5588211417198181,2,stale,0.0,6,162,90,CORRECT,0,0,0,0,0,0,0.0,0.0
margin,live-delta,4,0.0,0.287055,0.576036,0.078651,0.917969,0.331711,0.481711,0.016992241144180298,0.3676166832447052,0.3506244421005249,1.068009853363037,2.909583330154419,0.44276630878448486,3,2,2,1,2,1,0,0.0,0.1587805151939392,2,stale,0.0,6,163,70,CORRECT,0,0,0,0,0,0,0.0,0.0
margin,live-delta,4,0.0,0.287055,0.576036,0.078651,0.917969,0.331711,0.481711,0.03744542598724365,0.5544109344482422,0.5169655084609985,1.9496723413467407,7.0263848304748535,0.41085582971572876,14,2,2,1,2,1,0,0.0,0.396892249584198,2,stale,0.0,6,164,89,CORRECT,0,0,0,0,0,0,0.0,0.0
margin,live-delta,4,0.0,0.287055,0.576036,0.078651,0.917969,0.331711,0.481711,0.04330688714981079,0.7212452292442322,0.6779383420944214,1.7272980213165283,5.625433444976807,0.42764049768447876,18,2,2,1,2,1,0,0.0,0.5843628644943237,2,stale,0.0,6,165,90,CORRECT,0,0,0,0,0,0,0.0,0.0
margin,live-delta,4,0.0,0.287055,0.576036,0.078651,0.917969,0.331711,0.481711,0.003607511520385742,0.7778502702713013,0.7742427587509155,1.9941633939743042,7.346054553985596,0.2784350514411926,18,2,2,1,2,1,0,0.0,0.5958204865455627,2,stale,0.0,6,166,84,CORRECT,0,0,0,0,0,0,0.0,0.0
margin,live-delta,4,0.0,0.287055,0.576036,0.078651,0.917969,0.331711,0.481711,0.007624030113220215,0.5461317300796509,0.5385076999664307,1.6394519805908203,5.152345180511475,0.31624072790145874,12,2,2,1,2,1,0,0.0,0.2284112572669983,2,stale,0.0,6,167,87,CORRECT,0,0,0,0,0,0,0.0,0.0
margin,live-delta,4,0.0,0.287055,0.576036,0.078651,0.917969,0.331711,0.481711,0.11162024736404419,0.4376019835472107,0.3259817361831665,-0.0,1.0,1.0,1,2,2,1,2,1,0,0.0,0.21021848917007446,2,stale,0.0,6,168,71,CORRECT,0,0,0,0,0,0,0.0,0.0
margin,live-delta,4,0.0,0.287055,0.576036,0.078651,0.917969,0.331711,0.481711,0.02289295196533203,0.5277668237686157,0.5048738718032837,2.203617572784424,9.057721138000488,0.24780401587486267,15,2,2,1,2,1,0,0.0,0.34557726979255676,2,stale,0.0,6,169,64,CORRECT,0,0,0,0,0,0,0.0,0.0
margin,live-delta,4,0.0,0.287055,0.576036,0.078651,0.917969,0.331711,0.481711,0.025896310806274414,0.6113731861114502,0.5854768753051758,2.4603986740112305,11.709479331970215,0.21859101951122284,19,2,2,1,2,1,0,0.0,0.39307674765586853,2,stale,0.0,6,170,89,CORRECT,0,0,0,0,0,0,0.0,0.0
margin,live-delta,4,0.0,0.287055,0.576036,0.078651,0.917969,0.331711,0.481711,0.1614026427268982,0.5188366770744324,0.3574340343475342,0.3109387457370758,1.3647056818008423,0.9273050427436829,3,2,2,1,2,1,0,0.0,0.3164825439453125,2,stale,0.0,6,171,71,CORRECT,0,0,0,0,0,0,0.0,0.0
margin,live-delta,4,0.0,0.287055,0.576036,0.078651,0.917969,0.331711,0.481711,0.08951789140701294,0.41775548458099365,0.3282375931739807,-0.0,1.0,1.0,1,2,2,1,2,1,0,0.0,0.21190357208251953,2,stale,0.0,6,172,71,CORRECT,0,0,0,0,0,0,0.0,0.0
margin,live-delta,4,0.0,0.287055,0.576036,0.078651,0.917969,0.331711,0.481711,0.019540131092071533,0.7261701822280884,0.7066300511360168,1.700628638267517,5.477389812469482,0.3384786546230316,17,2,2,1,2,1,0,0.0,0.5258231163024902,2,stale,0.0,6,174,84,CORRECT,0,0,0,0,0,0,0.0,0.0
margin,live-delta,4,0.0,0.287055,0.576036,0.078651,0.917969,0.331711,0.481711,0.001257866621017456,0.4005606472492218,0.39930278062820435,1.5841779708862305,4.875282287597656,0.25183001160621643,5,2,2,1,2,1,0,0.0,0.20247027277946472,2,stale,0.0,6,175,85,CORRECT,0,0,0,0,0,0,0.0,0.0
margin,live-delta,4,0.0,0.287055,0.576036,0.078651,0.917969,0.331711,0.481711,0.008577048778533936,0.709463357925415,0.7008863091468811,1.9064512252807617,6.729166030883789,0.3313213288784027,16,2,2,1,2,1,0,0.0,0.5632714033126831,2,stale,0.0,6,176,65,CORRECT,0,0,0,0,0,0,0.0,0.0
margin,live-delta,4,0.0,0.287055,0.576036,0.078651,0.917969,0.331711,0.481711,0.008091211318969727,0.5726184844970703,0.5645272731781006,2.170276403427124,8.76070499420166,0.23470546305179596,18,2,2,1,2,1,0,0.0,0.3541475832462311,2,stale,0.0,6,177,74,CORRECT,0,0,0,0,0,0,0.0,0.0
margin,live-delta,4,0.0,0.287055,0.576036,0.078651,0.917969,0.331711,0.481711,0.07999736070632935,0.7938530445098877,0.7138556838035583,1.2445415258407593,3.4713428020477295,0.6329073309898376,16,2,2,1,2,1,0,0.0,0.6809784173965454,2,stale,0.0,6,178,90,CORRECT,0,0,0,0,0,0,0.0,0.0
margin,live-delta,4,0.0,0.287055,0.576036,0.078651,0.917969,0.331711,0.481711,0.016302764415740967,0.7674540877342224,0.7511513233184814,1.485774040222168,4.418384075164795,0.43703582882881165,20,2,2,1,2,1,0,0.0,0.6261708736419678,2,stale,0.0,6,179,64,CORRECT,0,0,0,0,0,0,0.0,0.0
margin,live-delta,4,0.0,0.287055,0.576036,0.078651,0.917969,0.331711,0.481711,0.03030848503112793,0.8509020209312439,0.820593535900116,1.575932264328003,4.835247039794922,0.4365941286087036,17,2,2,1,2,1,0,0.0,0.720429003238678,2,stale,0.0,6,180,90,CORRECT,0,0,0,0,0,0,0.0,0.0
margin,live-delta,4,0.0,0.287055,0.576036,0.078651,0.917969,0.331711,0.481711,0.007976055145263672,0.8307018280029297,0.822725772857666,1.6631430387496948,5.275866985321045,0.3594586253166199,16,2,2,1,2,1,0,0.0,0.5800230503082275,2,stale,0.0,6,181,74,CORRECT,0,0,0,0,0,0,0.0,0.0
margin,live-delta,4,0.0,0.287055,0.576036,0.078651,0.917969,0.331711,0.481711,0.06229439377784729,0.3948099911212921,0.3325155973434448,0.5311936140060425,1.7009613513946533,0.776587188243866,2,2,2,1,2,1,0,0.0,0.20360982418060303,2,stale,0.0,6,182,91,CORRECT,0,0,0,0,0,0,0.0,0.0
margin,live-delta,4,0.0,0.287055,0.576036,0.078651,0.917969,0.331711,0.481711,0.027524173259735107,0.5402094721794128,0.5126852989196777,1.97556734085083,7.210709571838379,0.3641451597213745,14,2,2,1,2,1,0,0.0,0.4117984473705292,2,stale,0.0,6,183,82,CORRECT,0,0,0,0,0,0,0.0,0.0
margin,live-delta,4,0.0,0.287055,0.576036,0.078651,0.917969,0.331711,0.481711,0.06895601749420166,0.7991049885749817,0.73014897108078,1.4198616743087769,4.136548042297363,0.5433830618858337,18,2,2,1,2,1,0,0.0,0.6681656837463379,2,stale,0.0,6,184,90,CORRECT,0,0,0,0,0,0,0.0,0.0
margin,live-delta,4,0.0,0.287055,0.576036,0.078651,0.917969,0.331711,0.481711,0.032616108655929565,0.41690465807914734,0.3842885494232178,1.222647786140442,3.3961682319641113,0.4870468080043793,4,2,2,1,2,1,0,0.0,0.16200825572013855,2,stale,0.0,6,185,87,CORRECT,0,0,0,0,0,0,0.0,0.0
margin,live-delta,4,0.0,0.287055,0.576036,0.078651,0.917969,0.331711,0.481711,0.10802942514419556,0.49873656034469604,0.3907071352005005,1.4904074668884277,4.43890380859375,0.6024894118309021,9,2,2,1,2,1,0,0.05371499061584473,0.12086889147758484,2,stale,0.0,6,186,72,CORRECT,0,0,0,0,0,0,0.0,0.0
margin,live-delta,4,0.0,0.287055,0.576036,0.078651,0.917969,0.331711,0.481711,0.001587986946105957,0.5414755344390869,0.539887547492981,2.117433547973633,8.309783935546875,0.25352588295936584,15,2,2,1,2,1,0,0.0,0.32606571912765503,2,stale,0.0,6,187,89,CORRECT,0,0,0,0,0,0,0.0,0.0
margin,live-delta,4,0.0,0.287055,0.576036,0.078651,0.917969,0.331711,0.481711,0.009970307350158691,0.721244215965271,0.7112739086151123,1.5934916734695435,4.920901298522949,0.36322686076164246,18,2,2,1,2,1,0,0.0,0.5688634514808655,2,stale,0.0,6,188,90,CORRECT,0,0,0,0,0,0,0.0,0.0
margin,live-delta,4,0.0,0.287055,0.576036,0.078651,0.917969,0.331711,0.481711,0.02758026123046875,0.8041415214538574,0.7765612602233887,1.762268304824829,5.825636863708496,0.33697509765625,19,2,2,1,2,1,0,0.0,0.6601616740226746,2,stale,0.0,6,189,90,CORRECT,0,0,0,0,0,0,0.0,0.0
margin,live-delta,4,0.0,0.287055,0.576036,0.078651,0.917969,0.331711,0.481711,0.014406383037567139,0.39838850498199463,0.3839821219444275,1.5131454467773438,4.54099178314209,0.34336724877357483,5,2,2,1,2,1,1,0.13204535841941833,0.04778274893760681,1,stale,0.0,6,190,88,CORRECT,0,0,0,0,0,0,0.0,0.0
margin,live-delta,4,0.0,0.287055,0.576036,0.078651,0.917969,0.331711,0.481711,0.1767810583114624,0.6894975900650024,0.51271653175354,0.6661792397499084,1.9467848539352417,0.8801347017288208,20,3,3,1,3,1,0,0.0015006716130301356,0.3187081217765808,2,stale,0.0,6,192,103,CORRECT,0,0,0,0,0,0,0.0,0.0
margin,live-delta,4,0.0,0.287055,0.576036,0.078651,0.917969,0.331711,0.481711,0.2501199245452881,0.8384618759155273,0.5883419513702393,0.1501998007297516,1.1620664596557617,0.9778040051460266,17,3,3,1,3,1,0,0.0,0.5976263284683228,2,stale,0.0,6,193,110,CORRECT,0,0,0,0,0,0,0.0,0.0
margin,live-delta,4,0.0,0.287055,0.576036,0.078651,0.917969,0.331711,0.481711,0.12315040826797485,0.7314360737800598,0.608285665512085,0.9822872877120972,2.6705574989318848,0.7913286685943604,20,3,3,1,3,1,0,0.0,0.4771263003349304,2,stale,0.0,6,194,116,CORRECT,0,0,0,0,0,0,0.0,0.0
margin,live-delta,4,0.0,0.287055,0.576036,0.078651,0.917969,0.331711,0.481711,0.05098086595535278,0.6020346879959106,0.5510538220405579,1.8126444816589355,6.1266279220581055,0.470404714345932,20,3,3,1,3,1,0,0.0,0.35551363229751587,2,stale,0.0,6,195,96,CORRECT,0,0,0,0,0,0,0.0,0.0
margin,live-delta,4,0.0,0.287055,0.576036,0.078651,0.917969,0.331711,0.481711,0.09636414051055908,0.6056495904922485,0.5092854499816895,1.9922740459442139,7.332188606262207,0.5024775862693787,20,3,3,1,3,1,0,0.0,0.3226177990436554,2,stale,0.0,6,196,118,CORRECT,0,0,0,0,0,0,0.0,0.0
margin,live-delta,4,0.0,0.287055,0.576036,0.078651,0.917969,0.331711,0.481711,0.01722976565361023,0.42296233773231506,0.40573257207870483,2.275507926940918,9.732861518859863,0.21012450754642487,11,3,3,1,3,1,0,0.0,0.13656416535377502,2,stale,0.0,6,197,120,CORRECT,0,0,0,0,0,0,0.0,0.0
margin,live-delta,4,0.0,0.287055,0.576036,0.078651,0.917969,0.331711,0.481711,0.0004450082778930664,0.6632283926010132,0.6627833843231201,1.1281201839447021,3.0898427963256836,0.44084644317626953,9,3,3,1,3,1,0,0.0,0.43403878808021545,2,stale,0.0,6,198,115,CORRECT,0,0,0,0,0,0,0.0,0.0
margin,live-delta,4,0.0,0.287055,0.576036,0.078651,0.917969,0.331711,0.481711,0.04778146743774414,0.5894176363945007,0.5416361689567566,2.1574342250823975,8.648918151855469,0.41060587763786316,20,3,3,1,3,1,0,0.0,0.35544294118881226,2,stale,0.0,6,199,103,CORRECT,0,0,0,0,0,0,0.0,0.0
margin,live-delta,4,0.0,0.287055,0.576036,0.078651,0.917969,0.331711,0.481711,0.01692444086074829,0.5788602828979492,0.5619358420372009,2.10457444190979,8.203611373901367,0.28718098998069763,20,3,3,1,3,1,0,0.0,0.25708457827568054,2,stale,0.0,6,200,120,CORRECT,0,0,0,0,0,0,0.0,0.0
margin,live-delta,4,0.0,0.287055,0.576036,0.078651,0.917969,0.331711,0.481711,0.08788466453552246,0.7313388586044312,0.6434541940689087,1.1194514036178589,3.063173294067383,0.711109459400177,20,3,3,1,3,1,0,0.0,0.5794543027877808,2,stale,0.0,6,201,102,CORRECT,0,0,0,0,0,0,0.0,0.0
margin,live-delta,4,0.0,0.287055,0.576036,0.078651,0.917969,0.331711,0.481711,0.08769881725311279,0.692467451095581,0.6047686338424683,0.8386279940605164,2.3131911754608154,0.786108136177063,18,3,3,1,3,1,0,0.0,0.48868000507354736,2,stale,0.0,6,202,114,CORRECT,0,0,0,0,0,0,0.0,0.0
margin,live-delta,4,0.0,0.287055,0.576036,0.078651,0.917969,0.331711,0.481711,0.036721110343933105,0.7536640763282776,0.7169429659843445,1.8528645038604736,6.378063201904297,0.37012121081352234,20,3,3,1,3,1,0,0.0,0.5880231857299805,2,stale,0.0,6,203,102,CORRECT,0,0,0,0,0,0,0.0,0.0
margin,live-delta,4,0.0,0.287055,0.576036,0.078651,0.917969,0.331711,0.481711,0.01258617639541626,0.6234400272369385,0.6108538508415222,1.8318308591842651,6.245310306549072,0.2952551543712616,16,3,3,1,3,1,0,0.0030857000965625048,0.22805306315422058,2,stale,0.0,6,204,120,CORRECT,0,0,0,0,0,0,0.0,0.0
margin,live-delta,4,0.0,0.287055,0.576036,0.078651,0.917969,0.331711,0.481711,0.1295284628868103,0.8142807483673096,0.6847522854804993,0.7591401934623718,2.1364386081695557,0.832633376121521,20,3,3,1,3,1,0,0.0,0.6377133131027222,2,stale,0.0,6,206,102,CORRECT,0,0,0,0,0,0,0.0,0.0
margin,live-delta,4,0.0,0.287055,0.576036,0.078651,0.917969,0.331711,0.481711,0.010855257511138916,0.7418167591094971,0.7309615015983582,1.8727407455444336,6.506103515625,0.32866188883781433,20,3,3,1,3,1,0,0.0,0.564441978931427,2,stale,0.0,6,207,126,CORRECT,0,0,0,0,0,0,0.0,0.0
margin,live-delta,4,0.0,0.287055,0.576036,0.078651,0.917969,0.331711,0.481711,0.31014442443847656,0.938294529914856,0.6281501054763794,0.023927897214889526,1.0242164134979248,0.9969357252120972,11,3,3,1,3,1,0,0.0,0.6507328748703003,2,stale,0.0,6,208,122,CORRECT,0,0,0,0,0,0,0.0,0.0
margin,live-delta,4,0.0,0.287055,0.576036,0.078651,0.917969,0.331711,0.481711,0.20055639743804932,0.6931475400924683,0.49259114265441895,0.4518997371196747,1.5712944269180298,0.9229707717895508,18,3,3,1,3,1,0,0.0,0.4239552617073059,2,stale,0.0,6,209,114,CORRECT,0,0,0,0,0,0,0.0,0.0
margin,live-delta,4,0.0,0.287055,0.576036,0.078651,0.917969,0.331711,0.481711,0.12606686353683472,0.4007601737976074,0.2746933102607727,-0.0,1.0,1.0,1,3,3,1,3,1,0,0.0,0.1310916543006897,2,stale,0.0,6,210,122,CORRECT,0,0,0,0,0,0,0.0,0.0
margin,live-delta,4,0.0,0.287055,0.576036,0.078651,0.917969,0.331711,0.481711,0.10023802518844604,0.42242056131362915,0.3221825361251831,-0.0,1.0,1.0,1,3,3,1,3,1,0,0.0,0.19192704558372498,2,stale,0.0,6,211,100,CORRECT,0,0,0,0,0,0,0.0,0.0
margin,live-delta,4,0.0,0.287055,0.576036,0.078651,0.917969,0.331711,0.481711,0.029310405254364014,0.4297834038734436,0.4004729986190796,1.9496792554855347,7.02643346786499,0.29716911911964417,8,3,2,0,3,1,1,0.29716911911964417,-0.029310405254364014,0,stale,0.0,6,212,72,CORRECT,0,0,0,0,0,0,0.0,0.0
margin,live-delta,4,0.0,0.287055,0.576036,0.078651,0.917969,0.331711,0.481711,0.03714936971664429,0.8875680565834045,0.8504186868667603,1.6866893768310547,5.401568412780762,0.43470388650894165,20,3,3,1,3,1,0,0.0,0.7825043797492981,2,stale,0.0,6,213,106,CORRECT,0,0,0,0,0,0,0.0,0.0
margin,live-delta,4,0.0,0.287055,0.576036,0.078651,0.917969,0.331711,0.481711,0.04747101664543152,0.44041067361831665,0.39293965697288513,1.2738888263702393,3.5747270584106445,0.5406292676925659,5,3,3,1,3,1,0,0.0,0.1263270378112793,2,stale,0.0,6,214,99,CORRECT,0,0,0,0,0,0,0.0,0.0
margin,live-delta,4,0.0,0.287055,0.576036,0.078651,0.917969,0.331711,0.481711,0.004091322422027588,0.8561553955078125,0.8520640730857849,1.9033676385879517,6.7084479331970215,0.2543230652809143,20,3,3,1,3,1,0,0.0,0.6750621795654297,2,stale,0.0,6,215,111,CORRECT,0,0,0,0,0,0,0.0,0.0
margin,live-delta,4,0.0,0.287055,0.576036,0.078651,0.917969,0.331711,0.481711,0.023325324058532715,0.8350045084953308,0.8116791844367981,1.7444546222686768,5.722779750823975,0.34354162216186523,20,3,3,1,3,1,0,0.0,0.7101004123687744,2,stale,0.0,6,216,127,CORRECT,0,0,0,0,0,0,0.0,0.0
margin,live-delta,4,0.0,0.287055,0.576036,0.078651,0.917969,0.331711,0.481711,0.025778591632843018,0.78267902135849,0.756900429725647,2.0339956283569336,7.644570350646973,0.31839674711227417,20,3,3,1,3,1,0,0.0,0.6660486459732056,2,stale,0.0,6,217,127,CORRECT,0,0,0,0,0,0,0.0,0.0
margin,live-delta,4,0.0,0.287055,0.576036,0.078651,0.917969,0.331711,0.481711,0.010915815830230713,0.8731348514556885,0.8622190356254578,1.7354892492294312,5.671701908111572,0.30732810497283936,20,3,3,1,3,1,0,0.0,0.7605646848678589,2,stale,0.0,6,218,125,CORRECT,0,0,0,0,0,0,0.0,0.0
margin,live-delta,4,0.0,0.287055,0.576036,0.078651,0.917969,0.331711,0.481711,0.07246667146682739,0.8534470200538635,0.7809803485870361,1.5856164693832397,4.88230037689209,0.5344052314758301,20,3,3,1,3,1,0,0.0,0.5936151146888733,2,stale,0.0,6,219,105,CORRECT,0,0,0,0,0,0,0.0,0.0
margin,live-delta,4,0.0,0.287055,0.576036,0.078651,0.917969,0.331711,0.481711,0.07581865787506104,0.687487006187439,0.6116683483123779,0.9393574595451355,2.5583369731903076,0.7218347787857056,14,3,3,1,3,1,0,0.005990458652377129,0.29558396339416504,2,stale,0.0,6,220,122,CORRECT,0,0,0,0,0,0,0.0,0.0
margin,live-delta,4,0.0,0.287055,0.576036,0.078651,0.917969,0.331711,0.481711,0.001756131649017334,0.8375440835952759,0.8357879519462585,2.000593423843384,7.393442153930664,0.18294769525527954,20,3,3,1,3,1,0,0.0,0.7359657883644104,2,stale,0.0,6,221,106,CORRECT,0,0,0,0,0,0,0.0,0.0
margin,live-delta,4,0.0,0.287055,0.576036,0.078651,0.917969,0.331711,0.481711,0.01243513822555542,0.5919559001922607,0.5795207619667053,1.4501335620880127,4.263683795928955,0.33605486154556274,9,3,3,1,3,1,0,0.0,0.3724329471588135,2,stale,0.0,6,222,122,CORRECT,0,0,0,0,0,0,0.0,0.0
margin,live-delta,4,0.0,0.287055,0.576036,0.078651,0.917969,0.331711,0.481711,0.1421467661857605,0.74917072057724,0.6070239543914795,0.6788647174835205,1.9716380834579468,0.8547408580780029,18,3,3,1,3,1,0,0.0,0.6529428362846375,2,stale,0.0,6,223,98,CORRECT,0,0,0,0,0,0,0.0,0.0
margin,live-delta,4,0.0,0.287055,0.576036,0.078651,0.917969,0.331711,0.481711,0.21937918663024902,0.8214820027351379,0.6021028161048889,0.17061550915241241,1.1860346794128418,0.9733414649963379,17,3,3,1,3,1,0,0.0,0.6802964210510254,2,stale,0.0,6,224,110,CORRECT,0,0,0,0,0,0,0.0,0.0
margin,live-delta,4,0.0,0.287055,0.576036,0.078651,0.917969,0.331711,0.481711,0.017391085624694824,0.8623713254928589,0.8449802398681641,1.735216498374939,5.670155048370361,0.3217872679233551,20,3,3,1,3,1,0,0.0,0.7513468265533447,2,stale,0.0,6,225,105,CORRECT,0,0,0,0,0,0,0.0,0.0
margin,live-delta,4,0.0,0.287055,0.576036,0.078651,0.917969,0.331711,0.481711,0.14155250787734985,0.7440455555915833,0.6024930477142334,0.5469381213188171,1.7279541492462158,0.8749740123748779,9,3,3,1,3,1,0,0.0,0.6083050966262817,2,stale,0.0,6,226,96,CORRECT,0,0,0,0,0,0,0.0,0.0
margin,live-delta,4,0.0,0.287055,0.576036,0.078651,0.917969,0.331711,0.481711,0.009824693202972412,0.8616310954093933,0.8518064022064209,1.3781208992004395,3.9674394130706787,0.4070500433444977,20,3,3,1,3,1,0,0.0,0.7183105945587158,2,stale,0.0,6,227,97,CORRECT,0,0,0,0,0,0,0.0,0.0
margin,live-delta,4,0.0,0.287055,0.576036,0.078651,0.917969,0.331711,0.481711,0.18688416481018066,0.7295669317245483,0.5426827669143677,0.2057866007089615,1.2284910678863525,0.96402508020401,11,3,3,1,3,1,0,0.0,0.6021155714988708,2,stale,0.0,6,228,110,CORRECT,0,0,0,0,0,0,0.0,0.0
margin,live-delta,4,0.0,0.287055,0.576036,0.078651,0.917969,0.331711,0.481711,0.020042985677719116,0.5192570686340332,0.4992140829563141,2.5213730335235596,12.445672988891602,0.1801517754793167,19,3,3,1,3,1,0,0.0,0.1971248984336853,2,stale,0.0,6,229,119,CORRECT,0,0,0,0,0,0,0.0,0.0
margin,live-delta,4,0.0,0.287055,0.576036,0.078651,0.917969,0.331711,0.481711,0.003061354160308838,0.7558149099349976,0.7527535557746887,2.0031323432922363,7.412237167358398,0.24354739487171173,20,3,3,1,3,1,0,0.0,0.5923832058906555,2,stale,0.0,6,230,102,CORRECT,0,0,0,0,0,0,0.0,0.0
margin,live-delta,4,0.0,0.287055,0.576036,0.078651,0.917969,0.331711,0.481711,0.02777397632598877,0.8631192445755005,0.8353452682495117,1.8201953172683716,6.173064231872559,0.3469454348087311,20,3,3,1,3,1,0,0.0,0.69650799036026,2,stale,0.0,6,231,125,CORRECT,0,0,0,0,0,0,0.0,0.0
margin,live-delta,4,0.0,0.287055,0.576036,0.078651,0.917969,0.331711,0.481711,0.0031142234802246094,0.6046508550643921,0.6015366315841675,1.994081735610962,7.345454692840576,0.23943795263767242,20,3,3,1,3,1,0,0.0,0.3869871497154236,2,stale,0.0,6,232,115,CORRECT,0,0,0,0,0,0,0.0,0.0
margin,live-delta,4,0.0,0.287055,0.576036,0.078651,0.917969,0.331711,0.481711,0.01851475238800049,0.7026830911636353,0.6841683387756348,2.3669567108154297,10.664886474609375,0.20359563827514648,20,3,3,1,3,1,0,0.0,0.5461775064468384,2,stale,0.0,6,233,127,CORRECT,0,0,0,0,0,0,0.0,0.0
margin,live-delta,4,0.0,0.287055,0.576036,0.078651,0.917969,0.331711,0.481711,0.011283189058303833,0.47186270356178284,0.460579514503479,1.7254070043563843,5.614805698394775,0.29755762219429016,8,3,3,1,3,1,0,0.04045911133289337,0.09976580739021301,2,stale,0.0,6,234,99,CORRECT,0,0,0,0,0,0,0.0,0.0
margin,live-delta,4,0.0,0.287055,0.576036,0.078651,0.917969,0.331711,0.481711,0.02798616886138916,0.8835732936859131,0.8555871248245239,1.5740150213241577,4.825985908508301,0.4258304536342621,20,3,3,1,3,1,0,0.0,0.7006120085716248,2,stale,0.0,6,235,125,CORRECT,0,0,0,0,0,0,0.0,0.0
margin,live-delta,4,0.0,0.287055,0.576036,0.078651,0.917969,0.331711,0.481711,0.015972495079040527,0.809628963470459,0.7936564683914185,1.605930209159851,4.982492446899414,0.3595678210258484,20,3,3,1,3,1,0,0.0,0.6345729827880859,2,stale,0.0,6,236,112,CORRECT,0,0,0,0,0,0,0.0,0.0
margin,live-delta,4,0.0,0.287055,0.576036,0.078651,0.917969,0.331711,0.481711,0.18761926889419556,0.7911852598190308,0.6035659909248352,0.35394376516342163,1.4246751070022583,0.9400763511657715,20,3,3,1,3,1,0,0.0,0.5610560178756714,2,stale,0.0,6,237,110,CORRECT,0,0,0,0,0,0,0.0,0.0
margin,live-delta,4,0.0,0.287055,0.576036,0.078651,0.917969,0.331711,0.481711,0.033664703369140625,0.8508002758026123,0.8171355724334717,1.7605669498443604,5.815733909606934,0.3842830955982208,20,3,3,1,3,1,0,0.0,0.6989814043045044,2,stale,0.0,6,238,105,CORRECT,0,0,0,0,0,0,0.0,0.0
margin,live-delta,4,0.0,0.287055,0.576036,0.078651,0.917969,0.331711,0.481711,0.1614556908607483,0.7561558485031128,0.5947001576423645,0.3434222340583801,1.4097639322280884,0.9350593090057373,15,3,3,1,3,1,0,0.0,0.6322998404502869,2,stale,0.0,6,239,110,CORRECT,0,0,0,0,0,0,0.0,0.0
margin,live-delta,4,0.0,0.287055,0.576036,0.078651,0.917969,0.331711,0.481711,0.006048679351806641,0.6312018632888794,0.6251531839370728,2.029421806335449,7.609684944152832,0.31577053666114807,20,3,3,1,3,1,0,0.0,0.4550524055957794,2,stale,0.0,6,240,113,CORRECT,0,0,0,0,0,0,0.0,0.0
margin,live-delta,4,0.0,0.287055,0.576036,0.078651,0.917969,0.331711,0.481711,0.004112362861633301,0.7422609329223633,0.73814857006073,2.0436136722564697,7.718451023101807,0.22532950341701508,20,3,3,1,3,1,0,0.0,0.597240686416626,2,stale,0.0,6,241,101,CORRECT,0,0,0,0,0,0,0.0,0.0
margin,live-delta,4,0.0,0.287055,0.576036,0.078651,0.917969,0.331711,0.481711,0.004317045211791992,0.8364174365997314,0.8321003913879395,2.039419412612915,7.686145305633545,0.22145655751228333,20,3,3,1,3,1,0,0.0,0.7108870148658752,2,stale,0.0,6,242,125,CORRECT,0,0,0,0,0,0,0.0,0.0
margin,live-delta,4,0.0,0.287055,0.576036,0.078651,0.917969,0.331711,0.481711,0.04702085256576538,0.45911580324172974,0.41209495067596436,2.170642137527466,8.763910293579102,0.3306533992290497,12,3,3,1,3,1,0,0.0,0.22644346952438354,2,stale,0.0,6,243,118,CORRECT,0,0,0,0,0,0,0.0,0.0
margin,live-delta,4,0.0,0.287055,0.576036,0.078651,0.917969,0.331711,0.481711,0.10091972351074219,0.7671536207199097,0.6662338972091675,1.1288315057754517,3.092041254043579,0.6994473934173584,20,3,3,1,3,1,0,0.0,0.48336273431777954,2,stale,0.0,6,244,120,CORRECT,0,0,0,0,0,0,0.0,0.0
margin,live-delta,4,0.0,0.287055,0.576036,0.078651,0.917969,0.331711,0.481711,0.031228721141815186,0.8901559114456177,0.8589271903038025,1.1922409534454346,3.2944557666778564,0.5376150608062744,20,3,3,1,3,1,0,0.0,0.7685379385948181,2,stale,0.0,6,245,97,CORRECT,0,0,0,0,0,0,0.0,0.0
margin,live-delta,4,0.0,0.287055,0.576036,0.078651,0.917969,0.331711,0.481711,0.48767462372779846,0.805931031703949,0.3182564079761505,-0.0,1.0,1.0,1,3,3,1,3,1,0,0.0,0.6626579761505127,2,stale,0.0,6,246,100,CORRECT,0,0,0,0,0,0,0.0,0.0
margin,live-delta,4,0.0,0.287055,0.576036,0.078651,0.917969,0.331711,0.481711,0.0029401779174804688,0.5670373439788818,0.5640971660614014,2.2715773582458496,9.694681167602539,0.236850768327713,20,3,3,1,3,1,0,0.0,0.42987003922462463,2,stale,0.0,6,248,101,CORRECT,0,0,0,0,0,0,0.0,0.0
margin,live-delta,4,0.0,0.287055,0.576036,0.078651,0.917969,0.331711,0.481711,0.018736422061920166,0.6796143651008606,0.6608779430389404,1.9736518859863281,7.196910858154297,0.29880526661872864,18,3,3,1,3,1,0,0.0,0.5658657550811768,2,stale,0.0,6,249,105,CORRECT,0,0,0,0,0,0,0.0,0.0
margin,live-delta,4,0.0,0.287055,0.576036,0.078651,0.917969,0.331711,0.481711,0.05136531591415405,0.7388730645179749,0.6875077486038208,1.4365373849868774,4.206106662750244,0.5618289113044739,20,3,3,1,3,1,0,0.0,0.5477907657623291,2,stale,0.0,6,250,114,CORRECT,0,0,0,0,0,0,0.0,0.0
margin,live-delta,4,0.0,0.287055,0.576036,0.078651,0.917969,0.331711,0.481711,0.13544273376464844,0.6935679912567139,0.5581252574920654,0.7351569533348083,2.0858092308044434,0.8522759675979614,20,3,3,1,3,1,0,0.0,0.42063069343566895,2,stale,0.0,6,251,120,CORRECT,0,0,0,0,0,0,0.0,0.0
margin,live-delta,4,0.0,0.287055,0.576036,0.078651,0.917969,0.331711,0.481711,0.04568314552307129,0.8082557916641235,0.7625726461410522,1.9747450351715088,7.204782485961914,0.40140560269355774,20,3,3,1,3,1,0,0.0,0.686444103717804,2,stale,0.0,6,252,127,CORRECT,0,0,0,0,0,0,0.0,0.0
margin,live-delta,4,0.0,0.287055,0.576036,0.078651,0.917969,0.331711,0.481711,0.06185990571975708,0.7299630641937256,0.6681031584739685,1.8280168771743774,6.221536159515381,0.48660093545913696,20,3,3,1,3,1,0,0.0,0.5752080678939819,2,stale,0.0,6,253,114,CORRECT,0,0,0,0,0,0,0.0,0.0
margin,live-delta,4,0.0,0.287055,0.576036,0.078651,0.917969,0.331711,0.481711,0.05214470624923706,0.5976381301879883,0.5454934239387512,1.870353102684021,6.4905877113342285,0.48225247859954834,20,3,3,1,3,1,0,0.0,0.4311729371547699,2,stale,0.0,6,254,102,CORRECT,0,0,0,0,0,0,0.0,0.0
margin,live-delta,4,0.0,0.287055,0.576036,0.078651,0.917969,0.331711,0.481711,0.009095430374145508,0.6186673641204834,0.6095719337463379,2.38944149017334,10.907400131225586,0.20700062811374664,20,3,3,1,3,1,0,0.0,0.25513458251953125,2,stale,0.0,6,255,117,CORRECT,0,0,0,0,0,0,0.0,0.0
margin,live-delta,5,0.0,0.287055,0.576036,0.073238,0.917969,0.339001,0.489001,0.08858919143676758,0.5616472959518433,0.4730581045150757,1.161522626876831,3.194793939590454,0.6689814329147339,7,0,0,1,0,1,0,0.0,0.22280466556549072,2,stale,0.0,6,0,7,CORRECT,0,0,0,0,0,0,0.0,0.0
margin,live-delta,5,0.0,0.287055,0.576036,0.073238,0.917969,0.339001,0.489001,0.06531029939651489,0.4198814034461975,0.3545711040496826,0.8643235564231873,2.3733999729156494,0.6680283546447754,3,0,0,1,0,1,1,0.1510390043258667,0.07433962821960449,2,stale,0.0,6,1,0,CORRECT,0,0,0,0,0,0,0.0,0.0
margin,live-delta,5,0.0,0.287055,0.576036,0.073238,0.917969,0.339001,0.489001,0.15834331512451172,0.4902179539203644,0.33187463879585266,-0.0,1.0,1.0,1,0,0,1,0,1,0,0.0,0.15834331512451172,2,stale,0.0,6,2,17,CORRECT,0,0,0,0,0,0,0.0,0.0
margin,live-delta,5,0.0,0.287055,0.576036,0.073238,0.917969,0.339001,0.489001,0.00620231032371521,0.4598029851913452,0.45360067486763,2.1876978874206543,8.914667129516602,0.2052527815103531,11,0,0,1,0,1,0,0.0,0.13865387439727783,2,stale,0.0,6,3,7,CORRECT,0,0,0,0,0,0,0.0,0.0
margin,live-delta,5,0.0,0.287055,0.576036,0.073238,0.917969,0.339001,0.489001,0.0393713116645813,0.49600115418434143,0.45662984251976013,2.4648983478546143,11.762286186218262,0.2730952501296997,18,0,1,0,1,0,1,0.6701935529708862,-0.0393713116645813,0,stale,0.0,6,4,43,BLENDED,0,0,0,0,0,0,0.0,0.0
margin,live-delta,5,0.0,0.287055,0.576036,0.073238,0.917969,0.339001,0.489001,0.01674911379814148,0.42364421486854553,0.40689510107040405,1.3578910827636719,3.8879852294921875,0.4325171113014221,5,0,0,1,0,1,0,0.0,0.0915776789188385,2,stale,0.0,6,5,17,CORRECT,0,0,0,0,0,0,0.0,0.0
margin,live-delta,5,0.0,0.287055,0.576036,0.073238,0.917969,0.339001,0.489001,0.044088125228881836,0.5367840528488159,0.4926959276199341,2.103370428085327,8.193739891052246,0.3216840326786041,14,0,0,1,0,1,1,0.39256948232650757,0.044088125228881836,1,stale,0.0,6,6,24,CORRECT,0,0,0,0,0,0,0.0,0.0
margin,live-delta,5,0.0,0.287055,0.576036,0.073238,0.917969,0.339001,0.489001,0.017386168241500854,0.3785971999168396,0.36121103167533875,0.6782586574554443,1.9704434871673584,0.5860652923583984,2,0,1,0,1,0,1,0.5860652923583984,-0.017386168241500854,0,stale,0.0,6,7,61,BLENDED,0,0,0,0,0,0,0.0,0.0
margin,live-delta,5,0.0,0.287055,0.576036,0.073238,0.917969,0.339001,0.489001,0.08456525206565857,0.45839160680770874,0.37382635474205017,1.1394414901733398,3.1250224113464355,0.643233060836792,5,0,1,0,1,0,1,0.8477491140365601,-0.10400882363319397,0,stale,0.0,6,8,52,BLENDED,0,0,0,0,0,0,0.0,0.0
margin,live-delta,5,0.0,0.287055,0.576036,0.073238,0.917969,0.339001,0.489001,0.004209160804748535,0.4691773056983948,0.46496814489364624,1.630601167678833,5.1069440841674805,0.36072587966918945,8,0,0,1,0,1,0,0.0666397213935852,0.08444088697433472,2,stale,0.0,6,9,29,CORRECT,0,0,0,0,0,0,0.0,0.0
margin,live-delta,5,0.0,0.287055,0.576036,0.073238,0.917969,0.339001,0.489001,0.14829879999160767,0.6366702318191528,0.48837143182754517,0.4152306020259857,1.5147199630737305,0.9095790386199951,6,0,0,1,0,1,0,0.06614948064088821,0.14829879999160767,2,stale,0.0,6,10,24,CORRECT,0,0,0,0,0,0,0.0,0.0
margin,live-delta,5,0.0,0.287055,0.576036,0.073238,0.917969,0.339001,0.489001,0.016799569129943848,0.3495281934738159,0.33272862434387207,-0.0,1.0,1.0,1,0,0,1,0,1,0,0.0,0.04678088426589966,1,stale,0.0,6,12,13,CORRECT,0,0,0,0,0,0,0.0,0.0
margin,live-delta,5,0.0,0.287055,0.576036,0.073238,0.917969,0.339001,0.489001,0.09863480925559998,0.5681047439575195,0.46946993470191956,0.7655612230300903,2.150200843811035,0.8018974661827087,7,0,1,0,1,0,1,0.9906319379806519,-0.22248366475105286,0,stale,0.0,6,14,35,BLENDED,0,0,0,0,0,0,0.0,0.0
margin,live-delta,5,0.0,0.287055,0.576036,0.073238,0.917969,0.339001,0.489001,0.08912575244903564,0.4009496569633484,0.31182390451431274,-0.0,1.0,1.0,1,0,0,1,0,1,0,0.0,0.08912575244903564,2,stale,0.0,6,15,19,CORRECT,0,0,0,0,0,0,0.0,0.0
margin,live-delta,5,0.0,0.287055,0.576036,0.073238,0.917969,0.339001,0.489001,0.016982465982437134,0.5011003613471985,0.48411789536476135,2.2677865028381348,9.657999038696289,0.2517808675765991,15,0,0,1,1,0,1,0.6087501645088196,0.016982465982437134,0,stale,0.0,6,16,24,BLENDED,0,0,0,0,0,0,0.0,0.0
margin,live-delta,5,0.0,0.287055,0.576036,0.073238,0.917969,0.339001,0.489001,0.12077388167381287,0.38686105608940125,0.2660871744155884,-0.0,1.0,1.0,1,0,0,1,0,1,0,0.0,0.13998815417289734,2,stale,0.0,6,17,15,CORRECT,0,0,0,0,0,0,0.0,0.0
margin,live-delta,5,0.0,0.287055,0.576036,0.073238,0.917969,0.339001,0.489001,0.05058789253234863,0.3627921938896179,0.3122043013572693,-0.0,1.0,1.0,1,0,0,1,0,1,0,0.0,0.07699248194694519,2,stale,0.0,6,18,7,CORRECT,0,0,0,0,0,0,0.0,0.0
margin,live-delta,5,0.0,0.287055,0.576036,0.073238,0.917969,0.339001,0.489001,0.24001169204711914,0.697227954864502,0.4572162628173828,0.19485895335674286,1.215139627456665,0.9700142741203308,11,0,0,1,0,1,0,0.008252933621406555,0.2588767409324646,2,stale,0.0,6,20,17,CORRECT,0,0,0,0,0,0,0.0,0.0
margin,live-delta,5,0.0,0.287055,0.576036,0.073238,0.917969,0.339001,0.489001,0.10926885902881622,0.34342271089553833,0.2341538518667221,-0.0,1.0,1.0,1,0,0,1,0,1,0,0.0,0.10926885902881622,2,stale,0.0,6,21,19,CORRECT,0,0,0,0,0,0,0.0,0.0
margin,live-delta,5,0.0,0.287055,0.576036,0.073238,0.917969,0.339001,0.489001,0.07864773273468018,0.5750564336776733,0.49640870094299316,1.1095484495162964,3.0329885482788086,0.7039786577224731,11,0,0,1,0,1,0,0.06331318616867065,0.13445734977722168,2,stale,0.0,6,24,17,CORRECT,0,0,0,0,0,0,0.0,0.0
margin,live-delta,5,0.0,0.287055,0.576036,0.073238,0.917969,0.339001,0.489001,0.04762154817581177,0.37726837396621704,0.3296468257904053,-0.0,1.0,1.0,1,0,0,1,0,1,0,0.0,0.11129796504974365,2,stale,0.0,6,25,26,CORRECT,0,0,0,0,0,0,0.0,0.0
margin,live-delta,5,0.0,0.287055,0.576036,0.073238,0.917969,0.339001,0.489001,0.05207479000091553,0.40230363607406616,0.35022884607315063,0.9386094808578491,2.556424140930176,0.6087477803230286,3,0,1,0,1,0,1,0.6087477803230286,-0.05207479000091553,0,stale,0.0,6,26,52,BLENDED,0,0,0,0,0,0,0.0,0.0
margin,live-delta,5,0.0,0.287055,0.576036,0.073238,0.917969,0.339001,0.489001,0.002972900867462158,0.44835323095321655,0.4453803300857544,2.3832221031188965,10.839773178100586,0.17856165766716003,14,0,0,1,0,1,1,0.11041228473186493,0.06983911991119385,2,stale,0.0,6,27,17,CORRECT,0,0,0,0,0,0,0.0,0.0
margin,live-delta,5,0.0,0.287055,0.576036,0.073238,0.917969,0.339001,0.489001,0.03304925560951233,0.33918243646621704,0.3061331808567047,-0.0,1.0,1.0,1,0,1,0,1,0,1,1.0,-0.03304925560951233,0,stale,0.0,6,29,50,BLENDED,0,0,0,0,0,0,0.0,0.0
margin,live-delta,5,0.0,0.287055,0.576036,0.073238,0.917969,0.339001,0.489001,0.18138855695724487,0.5200752019882202,0.33868664503097534,-0.0,1.0,1.0,1,0,0,1,0,1,0,0.0,0.21417245268821716,2,stale,0.0,6,30,17,CORRECT,0,0,0,0,0,0,0.0,0.0
margin,live-delta,5,0.0,0.287055,0.576036,0.073238,0.917969,0.339001,0.489001,0.027149081230163574,0.46322065591812134,0.43607157468795776,1.4508916139602661,4.2669172286987305,0.420833557844162,6,0,0,1,0,1,1,0.3229817748069763,0.027149081230163574,1,stale,0.0,6,31,24,CORRECT,0,0,0,0,0,0,0.0,0.0
margin,live-delta,5,0.0,0.287055,0.576036,0.073238,0.917969,0.339001,0.489001,0.2848507761955261,0.7049044370651245,0.4200536608695984,0.07461608201265335,1.0774704217910767,0.9893473386764526,6,0,0,1,0,1,0,0.0008265107171609998,0.35437941551208496,2,stale,0.0,6,32,2,CORRECT,0,0,0,0,0,0,0.0,0.0
margin,live-delta,5,0.0,0.287055,0.576036,0.073238,0.917969,0.339001,0.489001,0.06312143802642822,0.3594024181365967,0.29628098011016846,-0.0,1.0,1.0,1,0,0,1,0,1,0,0.0,0.08312207460403442,2,stale,0.0,6,33,8,CORRECT,0,0,0,0,0,0,0.0,0.0
margin,live-delta,5,0.0,0.287055,0.576036,0.073238,0.917969,0.339001,0.489001,0.06539866328239441,0.5084764957427979,0.44307783246040344,1.988227128982544,7.302575588226318,0.43353426456451416,13,0,0,1,0,1,0,0.03858702629804611,0.1497911810874939,2,stale,0.0,6,35,2,CORRECT,0,0,0,0,0,0,0.0,0.0
margin,live-delta,5,0.0,0.287055,0.576036,0.073238,0.917969,0.339001,0.489001,0.07707512378692627,0.5940665006637573,0.516991376876831,0.8981021642684937,2.454939603805542,0.746308445930481,9,0,1,0,1,0,1,0.8046036958694458,-0.07707512378692627,0,stale,0.0,6,37,54,BLENDED,0,0,0,0,0,0,0.0,0.0
margin,live-delta,5,0.0,0.287055,0.576036,0.073238,0.917969,0.339001,0.489001,0.014270961284637451,0.5052318572998047,0.49096089601516724,2.13604736328125,8.465909004211426,0.2625645399093628,14,0,1,0,0,1,1,0.3880673050880432,-0.014270961284637451,0,stale,0.0,6,38,38,CORRECT,0,0,0,0,0,0,0.0,0.0
margin,live-delta,5,0.0,0.287055,0.576036,0.073238,0.917969,0.339001,0.489001,0.014461219310760498,0.36777839064598083,0.35331717133522034,0.6827991008758545,1.9794105291366577,0.5718063116073608,2,0,0,1,0,1,0,0.0,0.08107396960258484,2,stale,0.0,6,39,3,CORRECT,0,0,0,0,0,0,0.0,0.0
margin,live-delta,5,0.0,0.287055,0.576036,0.073238,0.917969,0.339001,0.489001,0.05741870403289795,0.47338902950286865,0.4159703254699707,1.7127509117126465,5.544192314147949,0.44202643632888794,8,0,0,1,0,1,1,0.2732093334197998,0.05741870403289795,2,stale,0.0,6,40,2,CORRECT,0,0,0,0,0,0,0.0,0.0
margin,live-delta,5,0.0,0.287055,0.576036,0.073238,0.917969,0.339001,0.489001,0.039655596017837524,0.4543263018131256,0.4146707057952881,2.096489191055298,8.137550354003906,0.32794177532196045,11,0,1,0,1,0,1,0.9113413691520691,-0.08841025829315186,0,stale,0.0,6,41,44,BLENDED,0,0,0,0,0,0,0.0,0.0
margin,live-delta,5,0.0,0.287055,0.576036,0.073238,0.917969,0.339001,0.489001,0.07625147700309753,0.4363560974597931,0.36010462045669556,0.7962092161178589,2.217120409011841,0.7137056589126587,3,0,0,1,0,1,0,0.0,0.1095491349697113,2,stale,0.0,6,44,20,CORRECT,0,0,0,0,0,0,0.0,0.0
margin,live-delta,5,0.0,0.287055,0.576036,0.073238,0.917969,0.339001,0.489001,0.15382620692253113,0.6251209378242493,0.47129473090171814,0.6331270337104797,1.8834911584854126,0.8710747957229614,12,0,1,0,1,0,1,0.936662495136261,-0.15382620692253113,0,stale,0.0,6,46,61,BLENDED,0,0,0,0,0,0,0.0,0.0
margin,live-delta,5,0.0,0.287055,0.576036,0.073238,0.917969,0.339001,0.489001,0.018756568431854248,0.5020971894264221,0.48334062099456787,1.2775119543075562,3.5877022743225098,0.500662088394165,8,0,0,1,0,1,0,0.02078443579375744,0.15908634662628174,2,stale,0.0,6,47,21,CORRECT,0,0,0,0,0,0,0.0,0.0
margin,live-delta,5,0.0,0.287055,0.576036,0.073238,0.917969,0.339001,0.489001,0.03281363844871521,0.46319881081581116,0.43038517236709595,1.245182991027832,3.4735703468322754,0.5122500061988831,5,0,0,1,0,1,0,0.0,0.20571187138557434,2,stale,0.0,6,48,21,CORRECT,0,0,0,0,0,0,0.0,0.0
margin,live-delta,5,0.0,0.287055,0.576036,0.073238,0.917969,0.339001,0.489001,0.11248421669006348,0.5731854438781738,0.46070122718811035,0.42184868454933167,1.5247777700424194,0.8825439214706421,3,0,1,0,1,0,1,0.8825439214706421,-0.11248421669006348,0,stale,0.0,6,49,52,BLENDED,0,0,0,0,0,0,0.0,0.0
margin,live-delta,5,0.0,0.287055,0.576036,0.073238,0.917969,0.339001,0.489001,0.07074281573295593,0.3467070162296295,0.2759642004966736,-0.0,1.0,1.0,1,0,0,1,0,1,0,0.0,0.11189362406730652,2,stale,0.0,6,51,3,CORRECT,0,0,0,0,0,0,0.0,0.0
margin,live-delta,5,0.0,0.287055,0.576036,0.073238,0.917969,0.339001,0.489001,0.011517971754074097,0.4511723518371582,0.4396543800830841,1.953488826751709,7.053252220153809,0.25321656465530396,9,0,0,1,0,1,0,0.0,0.13149303197860718,2,stale,0.0,6,52,2,CORRECT,0,0,0,0,0,0,0.0,0.0
margin,live-delta,5,0.0,0.287055,0.576036,0.073238,0.917969,0.339001,0.489001,0.14629903435707092,0.6028329730033875,0.45653393864631653,0.8808589577674866,2.4129714965820312,0.8251810073852539,16,0,0,1,0,1,0,0.08780860900878906,0.14629903435707092,2,stale,0.0,6,54,2,CORRECT,0,0,0,0,0,0,0.0,0.0
margin,live-delta,5,0.0,0.287055,0.576036,0.073238,0.917969,0.339001,0.489001,0.06897953152656555,0.37228965759277344,0.3033101260662079,-0.0,1.0,1.0,1,0,0,1,0,1,0,0.0,0.071353018283844,2,stale,0.0,6,55,15,CORRECT,0,0,0,0,0,0,0.0,0.0
margin,live-delta,5,0.0,0.287055,0.576036,0.073238,0.917969,0.339001,0.489001,0.06793481111526489,0.5061884522438049,0.43825364112854004,1.8316590785980225,6.244237899780273,0.465069442987442,12,0,0,1,0,1,0,0.04217187687754631,0.146622896194458,2,stale,0.0,6,56,17,CORRECT,0,0,0,0,0,0,0.0,0.0
margin,live-delta,5,0.0,0.287055,0.576036,0.073238,0.917969,0.339001,0.489001,0.04630231857299805,0.5316430330276489,0.4853407144546509,1.1644519567489624,3.2041664123535156,0.5929566025733948,6,0,1,0,1,0,1,0.9999999403953552,-0.20962217450141907,0,stale,0.0,6,57,36,BLENDED,0,0,0,0,0,0,0.0,0.0
margin,live-delta,5,0.0,0.287055,0.576036,0.073238,0.917969,0.339001,0.489001,0.021666288375854492,0.5414921045303345,0.51982581615448,1.8507879972457886,6.364832878112793,0.4097978472709656,15,0,0,1,0,1,1,0.16026362776756287,0.09511896967887878,2,stale,0.0,6,58,24,CORRECT,0,0,0,0,0,0,0.0,0.0
margin,live-delta,5,0.0,0.287055,0.576036,0.073238,0.917969,0.339001,0.489001,0.032430291175842285,0.4432842433452606,0.41085395216941833,1.0393548011779785,2.827392101287842,0.4998055398464203,3,0,0,1,0,1,0,0.0,0.11691835522651672,2,stale,0.0,6,59,30,CORRECT,0,0,0,0,0,0,0.0,0.0
margin,live-delta,5,0.0,0.287055,0.576036,0.073238,0.917969,0.339001,0.489001,0.06810936331748962,0.34254106879234314,0.2744317054748535,-0.0,1.0,1.0,1,0,0,1,0,1,0,0.0,0.06810936331748962,2,stale,0.0,6,60,26,CORRECT,0,0,0,0,0,0,0.0,0.0
margin,live-delta,5,0.0,0.287055,0.576036,0.073238,0.917969,0.339001,0.489001,0.024371206760406494,0.3937024772167206,0.3693312704563141,2.0283138751983643,7.601258754730225,0.22714203596115112,8,0,0,1,0,1,1,0.10934159904718399,0.036554932594299316,1,stale,0.0,6,61,17,CORRECT,0,0,0,0,0,0,0.0,0.0
margin,live-delta,5,0.0,0.287055,0.576036,0.073238,0.917969,0.339001,0.489001,0.030297040939331055,0.5292019248008728,0.49890488386154175,1.642349362373352,5.167294979095459,0.4278143644332886,11,0,0,1,0,1,1,0.30541548132896423,0.030297040939331055,1,stale,0.0,6,62,17,CORRECT,0,0,0,0,0,0,0.0,0.0
margin,live-delta,5,0.0,0.287055,0.576036,0.073238,0.917969,0.339001,0.489001,0.1494896113872528,0.5652795433998108,0.415789932012558,0.6577548980712891,1.9304534196853638,0.8556525707244873,7,0,0,1,0,1,0,0.018335267901420593,0.19215190410614014,2,stale,0.0,6,63,17,CORRECT,0,0,0,0,0,0,0.0,0.0
margin,live-delta,5,0.0,0.287055,0.576036,0.073238,0.917969,0.339001,0.489001,0.04837492108345032,0.5429256558418274,0.4945507347583771,2.143568992614746,8.529826164245605,0.3330681622028351,15,1,1,1,1,1,0,0.0,0.22257667779922485,2,stale,0.0,6,64,49,CORRECT,0,0,0,0,0,0,0.0,0.0
margin,live-delta,5,0.0,0.287055,0.576036,0.073238,0.917969,0.339001,0.489001,0.0578310489654541,0.6803346872329712,0.6225036382675171,1.7446106672286987,5.723672389984131,0.4974486529827118,20,1,1,1,1,1,0,0.011930507607758045,0.2098725438117981,2,stale,0.0,6,65,49,CORRECT,0,0,0,0,0,0,0.0,0.0
margin,live-delta,5,0.0,0.287055,0.576036,0.073238,0.917969,0.339001,0.489001,0.07482990622520447,0.44970446825027466,0.3748745620250702,0.7568176984786987,2.1314823627471924,0.7336860299110413,3,1,0,0,0,0,1,0.7336860299110413,-0.07482990622520447,0,stale,0.0,6,66,8,BLENDED,0,0,0,0,0,0,0.0,0.0
margin,live-delta,5,0.0,0.287055,0.576036,0.073238,0.917969,0.339001,0.489001,0.05244165658950806,0.4750416874885559,0.42260003089904785,0.8850551247596741,2.4231178760528564,0.6439381241798401,3,1,1,1,1,1,0,0.0,0.14321786165237427,2,stale,0.0,6,67,37,CORRECT,0,0,0,0,0,0,0.0,0.0
margin,live-delta,5,0.0,0.287055,0.576036,0.073238,0.917969,0.339001,0.489001,0.012731552124023438,0.6514356136322021,0.6387040615081787,1.569419026374817,4.803856372833252,0.34700796008110046,17,1,1,1,1,1,0,0.0,0.33663100004196167,2,stale,0.0,6,68,55,CORRECT,0,0,0,0,0,0,0.0,0.0
margin,live-delta,5,0.0,0.287055,0.576036,0.073238,0.917969,0.339001,0.489001,0.09354740381240845,0.673875093460083,0.5803276896476746,0.9474458694458008,2.5791139602661133,0.760080873966217,13,1,1,1,1,1,0,0.014385090209543705,0.2282102108001709,2,stale,0.0,6,69,41,CORRECT,0,0,0,0,0,0,0.0,0.0
margin,live-delta,5,0.0,0.287055,0.576036,0.073238,0.917969,0.339001,0.489001,0.01679331064224243,0.36933302879333496,0.35253971815109253,1.077964186668396,2.9386909008026123,0.42777901887893677,3,1,1,1,1,1,0,0.0,0.11301720142364502,2,stale,0.0,6,70,37,CORRECT,0,0,0,0,0,0,0.0,0.0
margin,live-delta,5,0.0,0.287055,0.576036,0.073238,0.917969,0.339001,0.489001,0.014739274978637695,0.6308947801589966,0.6161555051803589,1.4718518257141113,4.357296466827393,0.39279064536094666,14,1,0,0,1,1,1,0.42839473485946655,-0.014739274978637695,0,stale,0.0,6,71,24,CORRECT,0,0,0,0,0,0,0.0,0.0
margin,live-delta,5,0.0,0.287055,0.576036,0.073238,0.917969,0.339001,0.489001,0.024615049362182617,0.7187014818191528,0.6940864324569702,1.0595003366470337,2.8849291801452637,0.570257842540741,20,1,1,1,1,1,0,0.03537711501121521,0.15931344032287598,2,stale,0.0,6,72,51,CORRECT,0,0,0,0,0,0,0.0,0.0
margin,live-delta,5,0.0,0.287055,0.576036,0.073238,0.917969,0.339001,0.489001,0.05615776777267456,0.6409323215484619,0.5847745537757874,1.857558012008667,6.408069133758545,0.41526511311531067,15,1,1,1,1,1,0,0.021942920982837677,0.18032974004745483,2,stale,0.0,6,73,41,CORRECT,0,0,0,0,0,0,0.0,0.0
margin,live-delta,5,0.0,0.287055,0.576036,0.073238,0.917969,0.339001,0.489001,0.13656732439994812,0.5914551019668579,0.4548877775669098,0.6786210536956787,1.9711577892303467,0.8429398536682129,7,1,1,1,1,1,0,0.08891836553812027,0.15459880232810974,2,stale,0.0,6,74,34,CORRECT,0,0,0,0,0,0,0.0,0.0
margin,live-delta,5,0.0,0.287055,0.576036,0.073238,0.917969,0.339001,0.489001,0.09804314374923706,0.6537768840789795,0.5557337403297424,1.78684663772583,5.970595359802246,0.5602211952209473,20,1,1,1,1,1,0,0.001474394230172038,0.29700422286987305,2,stale,0.0,6,75,49,CORRECT,0,0,0,0,0,0,0.0,0.0
margin,live-delta,5,0.0,0.287055,0.576036,0.073238,0.917969,0.339001,0.489001,0.07732564210891724,0.6243658065795898,0.5470401644706726,1.403928518295288,4.071162223815918,0.6104236841201782,14,1,1,1,1,1,0,0.012709357775747776,0.2234358787536621,2,stale,0.0,6,76,58,CORRECT,0,0,0,0,0,0,0.0,0.0
margin,live-delta,5,0.0,0.287055,0.576036,0.073238,0.917969,0.339001,0.489001,0.004162102937698364,0.4389645755290985,0.43480247259140015,1.3352909088134766,3.8011014461517334,0.33873018622398376,4,1,1,1,1,1,1,0.20274823904037476,0.025661945343017578,1,stale,0.0,6,77,38,CORRECT,0,0,0,0,0,0,0.0,0.0
margin,live-delta,5,0.0,0.287055,0.576036,0.073238,0.917969,0.339001,0.489001,0.2178201973438263,0.5824568271636963,0.36463662981987,0.18873527646064758,1.20772123336792,0.965288519859314,4,1,1,1,1,1,0,0.0,0.24440926313400269,2,stale,0.0,6,78,37,CORRECT,0,0,0,0,0,0,0.0,0.0
margin,live-delta,5,0.0,0.287055,0.576036,0.073238,0.917969,0.339001,0.489001,0.00254899263381958,0.5849636793136597,0.5824146866798401,2.0818185806274414,8.019039154052734,0.21773941814899445,19,1,1,1,1,1,0,0.012093680910766125,0.15678945183753967,2,stale,0.0,6,79,48,CORRECT,0,0,0,0,0,0,0.0,0.0
margin,live-delta,5,0.0,0.287055,0.576036,0.073238,0.917969,0.339001,0.489001,0.002153635025024414,0.5883429050445557,0.5861892700195312,2.316565752029419,10.140788078308105,0.21398238837718964,18,1,1,1,1,1,0,0.002890379633754492,0.21522527933120728,2,stale,0.0,6,80,48,CORRECT,0,0,0,0,0,0,0.0,0.0
margin,live-delta,5,0.0,0.287055,0.576036,0.073238,0.917969,0.339001,0.489001,0.1268346905708313,0.623031497001648,0.49619680643081665,0.9444639086723328,2.571434497833252,0.7879681587219238,12,1,1,1,1,1,0,0.018978653475642204,0.1863071620464325,2,stale,0.0,6,81,49,CORRECT,0,0,0,0,0,0,0.0,0.0
margin,live-delta,5,0.0,0.287055,0.576036,0.073238,0.917969,0.339001,0.489001,0.009584277868270874,0.46435844898223877,0.4547741711139679,2.041076421737671,7.698892116546631,0.2482905387878418,10,1,1,1,1,1,1,0.12322204560041428,0.07170343399047852,2,stale,0.0,6,82,53,CORRECT,0,0,0,0,0,0,0.0,0.0
margin,live-delta,5,0.0,0.287055,0.576036,0.073238,0.917969,0.339001,0.489001,0.13681194186210632,0.6299456357955933,0.49313369393348694,0.9823914766311646,2.6708357334136963,0.7771523594856262,11,1,1,1,1,1,1,0.1029750183224678,0.13681194186210632,2,stale,0.0,6,83,38,CORRECT,0,0,0,0,0,0,0.0,0.0
margin,live-delta,5,0.0,0.287055,0.576036,0.073238,0.917969,0.339001,0.489001,0.03274679183959961,0.5804134607315063,0.5476666688919067,2.0342488288879395,7.646506309509277,0.36558303236961365,16,1,1,1,1,1,0,0.0,0.35087868571281433,2,stale,0.0,6,84,44,CORRECT,0,0,0,0,0,0,0.0,0.0
margin,live-delta,5,0.0,0.287055,0.576036,0.073238,0.917969,0.339001,0.489001,0.024288594722747803,0.7276468276977539,0.7033582329750061,1.8550394773483276,6.391950607299805,0.3497331440448761,20,1,1,1,1,1,0,0.0,0.399070143699646,2,stale,0.0,6,85,48,CORRECT,0,0,0,0,0,0,0.0,0.0
margin,live-delta,5,0.0,0.287055,0.576036,0.073238,0.917969,0.339001,0.489001,0.027054309844970703,0.5935630798339844,0.5665087699890137,2.289721727371216,9.872190475463867,0.2789871096611023,19,1,1,1,1,1,0,0.0,0.2693227529525757,2,stale,0.0,6,86,43,CORRECT,0,0,0,0,0,0,0.0,0.0
margin,live-delta,5,0.0,0.287055,0.576036,0.073238,0.917969,0.339001,0.489001,0.00391995906829834,0.381297767162323,0.37737780809402466,0.6923794746398926,1.9984651803970337,0.5195897221565247,2,1,0,0,0,0,1,0.5195897221565247,-0.00391995906829834,0,stale,0.0,6,87,20,BLENDED,0,0,0,0,0,0,0.0,0.0
margin,live-delta,5,0.0,0.287055,0.576036,0.073238,0.917969,0.339001,0.489001,0.08866894245147705,0.6758197546005249,0.5871508121490479,0.7761010527610779,2.172983407974243,0.7761840224266052,9,1,1,1,1,1,0,0.0,0.3579227328300476,2,stale,0.0,6,88,45,CORRECT,0,0,0,0,0,0,0.0,0.0
margin,live-delta,5,0.0,0.287055,0.576036,0.073238,0.917969,0.339001,0.489001,0.02692621946334839,0.7672025561332703,0.7402763366699219,1.1039605140686035,3.016087770462036,0.5342037677764893,11,1,0,0,0,0,1,0.8459696769714355,-0.07573270797729492,0,stale,0.0,6,89,31,BLENDED,0,0,0,0,0,0,0.0,0.0
margin,live-delta,5,0.0,0.287055,0.576036,0.073238,0.917969,0.339001,0.489001,0.34611284732818604,0.9362046718597412,0.5900918245315552,0.01416485570371151,1.0142656564712524,0.9983727335929871,11,1,1,1,1,1,0,8.326274110004306e-05,0.5132040977478027,2,stale,0.0,6,90,38,CORRECT,0,0,0,0,0,0,0.0,0.0
margin,live-delta,5,0.0,0.287055,0.576036,0.073238,0.917969,0.339001,0.489001,0.07226181030273438,0.5792669057846069,0.5070050954818726,1.8312135934829712,6.241456508636475,0.4922051429748535,13,1,1,1,1,1,0,0.0089790103957057,0.20020031929016113,2,stale,0.0,6,91,54,CORRECT,0,0,0,0,0,0,0.0,0.0
margin,live-delta,5,0.0,0.287055,0.576036,0.073238,0.917969,0.339001,0.489001,0.031079202890396118,0.41078686714172363,0.3797076642513275,0.6470876932144165,1.9099702835083008,0.6505786776542664,2,1,1,1,1,1,0,0.0,0.08853426575660706,2,stale,0.0,6,92,60,CORRECT,0,0,0,0,0,0,0.0,0.0
margin,live-delta,5,0.0,0.287055,0.576036,0.073238,0.917969,0.339001,0.489001,0.10733836889266968,0.764479398727417,0.6571410298347473,0.8879188895225525,2.4300670623779297,0.7709000110626221,14,1,1,1,1,1,0,0.0,0.5251755714416504,2,stale,0.0,6,93,35,CORRECT,0,0,0,0,0,0,0.0,0.0
margin,live-delta,5,0.0,0.287055,0.576036,0.073238,0.917969,0.339001,0.489001,0.01648038625717163,0.5139942765235901,0.49751389026641846,2.664717674255371,14.363893508911133,0.20356102287769318,20,1,1,1,1,1,0,0.0436566136777401,0.10119685530662537,2,stale,0.0,6,94,51,CORRECT,0,0,0,0,0,0,0.0,0.0
margin,live-delta,5,0.0,0.287055,0.576036,0.073238,0.917969,0.339001,0.489001,0.01819002628326416,0.6271648406982422,0.608974814414978,1.7878310680389404,5.976475715637207,0.3302869498729706,20,1,1,1,1,1,0,0.02196965366601944,0.16906660795211792,2,stale,0.0,6,95,58,CORRECT,0,0,0,0,0,0,0.0,0.0
margin,live-delta,5,0.0,0.287055,0.576036,0.073238,0.917969,0.339001,0.489001,0.11423242092132568,0.8080053329467773,0.6937729120254517,0.810276985168457,2.248530626296997,0.8141262531280518,17,1,1,1,1,1,0,0.0,0.5019088387489319,2,stale,0.0,6,96,35,CORRECT,0,0,0,0,0,0,0.0,0.0
margin,live-delta,5,0.0,0.287055,0.576036,0.073238,0.917969,0.339001,0.489001,0.05946579575538635,0.3648052513599396,0.3053394556045532,-0.0,1.0,1.0,1,1,1,1,1,1,0,0.0,0.05946579575538635,2,stale,0.0,6,97,60,CORRECT,0,0,0,0,0,0,0.0,0.0
margin,live-delta,5,0.0,0.287055,0.576036,0.073238,0.917969,0.339001,0.489001,0.010035574436187744,0.6971126794815063,0.6870771050453186,1.7782118320465088,5.919262409210205,0.2927899658679962,18,1,1,1,1,1,0,0.0,0.3806838095188141,2,stale,0.0,6,98,44,CORRECT,0,0,0,0,0,0,0.0,0.0
margin,live-delta,5,0.0,0.287055,0.576036,0.073238,0.917969,0.339001,0.489001,0.01874375343322754,0.5285130143165588,0.5097692608833313,1.2209950685501099,3.3905599117279053,0.47932934761047363,6,1,1,1,1,1,0,0.0,0.21970665454864502,2,stale,0.0,6,99,36,CORRECT,0,0,0,0,0,0,0.0,0.0
margin,live-delta,5,0.0,0.287055,0.576036,0.073238,0.917969,0.339001,0.489001,0.07248339056968689,0.5363495945930481,0.4638662040233612,1.4561235904693604,4.289300441741943,0.5865635275840759,10,1,1,1,1,1,0,0.0,0.22104230523109436,2,stale,0.0,6,100,48,CORRECT,0,0,0,0,0,0,0.0,0.0
margin,live-delta,5,0.0,0.287055,0.576036,0.073238,0.917969,0.339001,0.489001,0.007860839366912842,0.6223558783531189,0.614495038986206,2.175159215927124,8.803586959838867,0.21601088345050812,20,1,1,1,1,1,0,0.008824124000966549,0.18231672048568726,2,stale,0.0,6,101,58,CORRECT,0,0,0,0,0,0,0.0,0.0
margin,live-delta,5,0.0,0.287055,0.576036,0.073238,0.917969,0.339001,0.489001,0.11691057682037354,0.8418571949005127,0.7249466180801392,0.619102954864502,1.8572611808776855,0.8580223321914673,19,1,1,1,1,1,0,0.0,0.5691530704498291,2,stale,0.0,6,102,35,CORRECT,0,0,0,0,0,0,0.0,0.0
margin,live-delta,5,0.0,0.287055,0.576036,0.073238,0.917969,0.339001,0.489001,0.05623912811279297,0.7818701267242432,0.7256309986114502,1.133168339729309,3.105480194091797,0.6566479802131653,15,1,1,1,1,1,0,0.0,0.4816293716430664,2,stale,0.0,6,103,35,CORRECT,0,0,0,0,0,0,0.0,0.0
margin,live-delta,5,0.0,0.287055,0.576036,0.073238,0.917969,0.339001,0.489001,0.09437793493270874,0.7348703742027283,0.6404924392700195,1.023393988609314,2.782623052597046,0.7308127880096436,14,1,1,1,1,1,0,0.0,0.5042364597320557,2,stale,0.0,6,104,62,CORRECT,0,0,0,0,0,0,0.0,0.0
margin,live-delta,5,0.0,0.287055,0.576036,0.073238,0.917969,0.339001,0.489001,0.056365251541137695,0.693533182144165,0.6371679306030273,1.5386968851089478,4.658515930175781,0.51277095079422,17,1,1,1,1,1,0,0.0,0.3818410038948059,2,stale,0.0,6,105,35,CORRECT,0,0,0,0,0,0,0.0,0.0
margin,live-delta,5,0.0,0.287055,0.576036,0.073238,0.917969,0.339001,0.489001,0.12120801210403442,0.7400966286659241,0.6188886165618896,0.6892560124397278,1.9922327995300293,0.8500022888183594,16,1,1,1,1,1,0,0.0,0.4675822854042053,2,stale,0.0,6,106,35,CORRECT,0,0,0,0,0,0,0.0,0.0
margin,live-delta,5,0.0,0.287055,0.576036,0.073238,0.917969,0.339001,0.489001,0.016118526458740234,0.5859113931655884,0.5697928667068481,2.126347541809082,8.384187698364258,0.3151897192001343,20,1,1,1,1,1,0,0.0024993850383907557,0.24185651540756226,2,stale,0.0,6,107,45,CORRECT,0,0,0,0,0,0,0.0,0.0
margin,live-delta,5,0.0,0.287055,0.576036,0.073238,0.917969,0.339001,0.489001,0.017119288444519043,0.4537702202796936,0.43665093183517456,0.6787056922912598,1.9713245630264282,0.5847698450088501,2,1,1,1,1,1,0,0.0,0.11738362908363342,2,stale,0.0,6,108,39,CORRECT,0,0,0,0,0,0,0.0,0.0
margin,live-delta,5,0.0,0.287055,0.576036,0.073238,0.917969,0.339001,0.489001,0.02263900637626648,0.4125114977359772,0.3898724913597107,1.4765172004699707,4.3776726722717285,0.38793104887008667,5,1,1,1,1,1,0,0.0,0.13866844773292542,2,stale,0.0,6,109,51,CORRECT,0,0,0,0,0,0,0.0,0.0
margin,live-delta,5,0.0,0.287055,0.576036,0.073238,0.917969,0.339001,0.489001,0.03018951416015625,0.5871216654777527,0.5569321513175964,2.4558796882629395,11.656682968139648,0.2351093888282776,20,1,1,1,1,1,0,0.012890554964542389,0.17510518431663513,2,stale,0.0,6,110,34,CORRECT,0,0,0,0,0,0,0.0,0.0
margin,live-delta,5,0.0,0.287055,0.576036,0.073238,0.917969,0.339001,0.489001,0.008567750453948975,0.7654634714126587,0.7568957209587097,1.1160848140716553,3.0528781414031982,0.484675794839859,17,1,1,1,1,1,0,0.023718152195215225,0.1714400053024292,2,stale,0.0,6,111,58,CORRECT,0,0,0,0,0,0,0.0,0.0
margin,live-delta,5,0.0,0.287055,0.576036,0.073238,0.917969,0.339001,0.489001,0.060206472873687744,0.7512066960334778,0.69100022315979,1.2067828178405762,3.3427131175994873,0.6480710506439209,20,1,1,1,1,1,0,0.005936381407082081,0.24918127059936523,2,stale,0.0,6,112,51,CORRECT,0,0,0,0,0,0,0.0,0.0
margin,live-delta,5,0.0,0.287055,0.576036,0.073238,0.917969,0.339001,0.489001,0.07162243127822876,0.36166900396347046,0.2900465726852417,-0.0,1.0,1.0,1,1,1,1,1,1,0,0.0,0.07162243127822876,2,stale,0.0,6,113,38,CORRECT,0,0,0,0,0,0,0.0,0.0
margin,live-delta,5,0.0,0.287055,0.576036,0.073238,0.917969,0.339001,0.489001,0.005623340606689453,0.584922194480896,0.5792988538742065,2.0654523372650146,7.8888654708862305,0.25149863958358765,17,1,1,1,1,1,0,0.0,0.38961493968963623,2,stale,0.0,6,114,44,CORRECT,0,0,0,0,0,0,0.0,0.0
margin,live-delta,5,0.0,0.287055,0.576036,0.073238,0.917969,0.339001,0.489001,0.03806394338607788,0.7111191749572754,0.6730552315711975,1.6303398609161377,5.105609893798828,0.4417669177055359,20,1,1,1,1,1,0,0.0009086588397622108,0.32796382904052734,2,stale,0.0,6,115,35,CORRECT,0,0,0,0,0,0,0.0,0.0
margin,live-delta,5,0.0,0.287055,0.576036,0.073238,0.917969,0.339001,0.489001,0.00668671727180481,0.40673741698265076,0.40005069971084595,1.7285701036453247,5.632594108581543,0.23184609413146973,6,1,0,0,0,0,1,0.5946207046508789,-0.00668671727180481,0,stale,0.0,6,116,4,BLENDED,0,0,0,0,0,0,0.0,0.0
margin,live-delta,5,0.0,0.287055,0.576036,0.073238,0.917969,0.339001,0.489001,0.030077993869781494,0.3963007926940918,0.3662227988243103,0.6498798131942749,1.9153106212615967,0.6460131406784058,2,1,1,1,1,1,0,0.0,0.12943902611732483,2,stale,0.0,6,117,50,CORRECT,0,0,0,0,0,0,0.0,0.0
margin,live-delta,5,0.0,0.287055,0.576036,0.073238,0.917969,0.339001,0.489001,0.04059028625488281,0.6312181949615479,0.590627908706665,1.7536301612854004,5.775530815124512,0.4911603331565857,20,1,1,1,1,1,0,0.03495302423834801,0.16091442108154297,2,stale,0.0,6,118,51,CORRECT,0,0,0,0,0,0,0.0,0.0
margin,live-delta,5,0.0,0.287055,0.576036,0.073238,0.917969,0.339001,0.489001,0.21062010526657104,0.8552870154380798,0.6446669101715088,0.1410965770483017,1.1515358686447144,0.9767764806747437,15,1,1,1,1,1,0,0.0,0.5921776294708252,2,stale,0.0,6,119,35,CORRECT,0,0,0,0,0,0,0.0,0.0
margin,live-delta,5,0.0,0.287055,0.576036,0.073238,0.917969,0.339001,0.489001,0.012780368328094482,0.6218248605728149,0.6090444922447205,1.7257634401321411,5.616807460784912,0.2899501919746399,8,1,1,1,1,1,0,0.0,0.38568252325057983,2,stale,0.0,6,120,40,CORRECT,0,0,0,0,0,0,0.0,0.0
margin,live-delta,5,0.0,0.287055,0.576036,0.073238,0.917969,0.339001,0.489001,0.06796568632125854,0.6766427159309387,0.6086770296096802,1.05339515209198,2.8673696517944336,0.6946794390678406,16,1,1,1,1,1,0,0.0037080664187669754,0.28373271226882935,2,stale,0.0,6,121,58,CORRECT,0,0,0,0,0,0,0.0,0.0
margin,live-delta,5,0.0,0.287055,0.576036,0.073238,0.917969,0.339001,0.489001,0.0037984251976013184,0.7003782391548157,0.6965798139572144,1.8794752359390259,6.550066947937012,0.25693273544311523,15,1,1,1,1,1,0,0.0,0.3948938250541687,2,stale,0.0,6,122,44,CORRECT,0,0,0,0,0,0,0.0,0.0
margin,live-delta,5,0.0,0.287055,0.576036,0.073238,0.917969,0.339001,0.489001,0.010840415954589844,0.5973057746887207,0.5864653587341309,1.3490548133850098,3.853781223297119,0.3834973871707916,10,1,1,1,1,1,0,0.006962191313505173,0.2247844636440277,2,stale,0.0,6,123,37,CORRECT,0,0,0,0,0,0,0.0,0.0
margin,live-delta,5,0.0,0.287055,0.576036,0.073238,0.917969,0.339001,0.489001,0.008288145065307617,0.6649891138076782,0.6567009687423706,1.8841638565063477,6.580849647521973,0.3314449191093445,19,1,1,1,1,1,0,0.0,0.3462510406970978,2,stale,0.0,6,124,44,CORRECT,0,0,0,0,0,0,0.0,0.0
margin,live-delta,5,0.0,0.287055,0.576036,0.073238,0.917969,0.339001,0.489001,0.0778813362121582,0.6159960031509399,0.5381146669387817,1.7601041793823242,5.813043117523193,0.5357163548469543,19,1,1,1,1,1,0,0.015810228884220123,0.2055698037147522,2,stale,0.0,6,125,46,CORRECT,0,0,0,0,0,0,0.0,0.0
margin,live-delta,5,0.0,0.287055,0.576036,0.073238,0.917969,0.339001,0.489001,0.025856196880340576,0.5987674593925476,0.572911262512207,1.2979540824890137,3.661797285079956,0.4974116086959839,7,1,1,1,1,1,0,0.0,0.28255516290664673,2,stale,0.0,6,126,36,CORRECT,0,0,0,0,0,0,0.0,0.0
margin,live-delta,5,0.0,0.287055,0.576036,0.073238,0.917969,0.339001,0.489001,0.058422237634658813,0.5013746023178101,0.44295236468315125,1.0650986433029175,2.901125192642212,0.6395747065544128,5,1,1,1,1,1,1,0.2264774590730667,0.058422237634658813,2,stale,0.0,6,127,49,CORRECT,0,0,0,0,0,0,0.0,0.0
margin,live-delta,5,0.0,0.287055,0.576036,0.073238,0.917969,0.339001,0.489001,0.051199525594711304,0.4693129062652588,0.4181133806705475,2.001544952392578,7.4004807472229,0.35685205459594727,10,2,2,1,2,1,0,0.0,0.3255454897880554,2,stale,0.0,6,128,90,CORRECT,0,0,0,0,0,0,0.0,0.0
margin,live-delta,5,0.0,0.287055,0.576036,0.073238,0.917969,0.339001,0.489001,0.07013922929763794,0.7858513593673706,0.7157121300697327,1.4492645263671875,4.259980201721191,0.5627027153968811,17,2,2,1,2,1,0,0.0,0.5621412992477417,2,stale,0.0,6,129,66,CORRECT,0,0,0,0,0,0,0.0,0.0
margin,live-delta,5,0.0,0.287055,0.576036,0.073238,0.917969,0.339001,0.489001,0.011220335960388184,0.5333151817321777,0.5220948457717896,2.527958869934082,12.527909278869629,0.20014487206935883,20,2,2,1,2,1,0,0.0,0.2767532765865326,2,stale,0.0,6,130,89,CORRECT,0,0,0,0,0,0,0.0,0.0
margin,live-delta,5,0.0,0.287055,0.576036,0.073238,0.917969,0.339001,0.489001,0.012637794017791748,0.6034895181655884,0.5908517241477966,2.4104807376861572,11.139314651489258,0.16226615011692047,17,2,2,1,2,1,0,0.0,0.3956734538078308,2,stale,0.0,6,131,89,CORRECT,0,0,0,0,0,0,0.0,0.0
margin,live-delta,5,0.0,0.287055,0.576036,0.073238,0.917969,0.339001,0.489001,0.007689833641052246,0.47320014238357544,0.4655103087425232,2.3423402309417725,10.405559539794922,0.17582717537879944,14,2,2,1,2,1,0,0.0,0.19685110449790955,2,stale,0.0,6,132,66,CORRECT,0,0,0,0,0,0,0.0,0.0
margin,live-delta,5,0.0,0.287055,0.576036,0.073238,0.917969,0.339001,0.489001,0.1113135814666748,0.7755482792854309,0.6642346978187561,0.9182224273681641,2.504833936691284,0.7783058881759644,18,2,2,1,2,1,0,0.0,0.5068159103393555,2,stale,0.0,6,133,66,CORRECT,0,0,0,0,0,0,0.0,0.0
margin,live-delta,5,0.0,0.287055,0.576036,0.073238,0.917969,0.339001,0.489001,0.052082359790802,0.806567370891571,0.754485011100769,1.6764622926712036,5.346607685089111,0.43562448024749756,17,2,2,1,2,1,0,0.0,0.6338892579078674,2,stale,0.0,6,134,90,CORRECT,0,0,0,0,0,0,0.0,0.0
margin,live-delta,5,0.0,0.287055,0.576036,0.073238,0.917969,0.339001,0.489001,0.09420961141586304,0.6574013233184814,0.5631917119026184,1.5033739805221558,4.496835708618164,0.6091437935829163,16,2,2,1,2,1,0,0.0,0.5291342735290527,2,stale,0.0,6,135,82,CORRECT,0,0,0,0,0,0,0.0,0.0
margin,live-delta,5,0.0,0.287055,0.576036,0.073238,0.917969,0.339001,0.489001,0.0249253511428833,0.7994858026504517,0.7745604515075684,1.7610268592834473,5.818408966064453,0.32915568351745605,18,2,2,1,2,1,0,0.0,0.6274286508560181,2,stale,0.0,6,136,90,CORRECT,0,0,0,0,0,0,0.0,0.0
margin,live-delta,5,0.0,0.287055,0.576036,0.073238,0.917969,0.339001,0.489001,0.09123629331588745,0.6872193217277527,0.5959830284118652,1.5716652870178223,4.814659118652344,0.6145310997962952,17,2,2,1,2,1,0,0.0,0.48544251918792725,2,stale,0.0,6,139,89,CORRECT,0,0,0,0,0,0,0.0,0.0
margin,live-delta,5,0.0,0.287055,0.576036,0.073238,0.917969,0.339001,0.489001,0.05589607357978821,0.3627500832080841,0.3068540096282959,-0.0,1.0,1.0,1,2,2,1,2,1,0,0.0,0.10454699397087097,2,stale,0.0,6,140,69,CORRECT,0,0,0,0,0,0,0.0,0.0
margin,live-delta,5,0.0,0.287055,0.576036,0.073238,0.917969,0.339001,0.489001,0.010812044143676758,0.44517678022384644,0.4343647360801697,1.119913935661316,3.0645904541015625,0.46703577041625977,4,2,2,1,2,1,0,0.0,0.14185696840286255,2,stale,0.0,6,141,69,CORRECT,0,0,0,0,0,0,0.0,0.0
margin,live-delta,5,0.0,0.287055,0.576036,0.073238,0.917969,0.339001,0.489001,0.05206620693206787,0.8530226945877075,0.8009564876556396,1.6419904232025146,5.165440559387207,0.42676395177841187,18,2,2,1,2,1,0,0.0,0.7123686671257019,2,stale,0.0,6,142,90,CORRECT,0,0,0,0,0,0,0.0,0.0
margin,live-delta,5,0.0,0.287055,0.576036,0.073238,0.917969,0.339001,0.489001,0.10031759738922119,0.6833676099777222,0.583050012588501,1.4333103895187378,4.1925554275512695,0.6265632510185242,15,2,2,1,2,1,0,0.0,0.5272771716117859,2,stale,0.0,6,143,82,CORRECT,0,0,0,0,0,0,0.0,0.0
margin,live-delta,5,0.0,0.287055,0.576036,0.073238,0.917969,0.339001,0.489001,0.048802196979522705,0.8525674343109131,0.8037652373313904,1.6082525253295898,4.994076728820801,0.48214659094810486,16,2,2,1,2,1,0,0.0,0.6044963598251343,2,stale,0.0,6,144,89,CORRECT,0,0,0,0,0,0,0.0,0.0
margin,live-delta,5,0.0,0.287055,0.576036,0.073238,0.917969,0.339001,0.489001,0.03140294551849365,0.7826350927352905,0.7512321472167969,1.5415886640548706,4.672006607055664,0.4669593870639801,19,2,2,1,2,1,0,0.0,0.6522859334945679,2,stale,0.0,6,145,84,CORRECT,0,0,0,0,0,0,0.0,0.0
margin,live-delta,5,0.0,0.287055,0.576036,0.073238,0.917969,0.339001,0.489001,0.004274606704711914,0.41310304403305054,0.4088284373283386,2.1998071670532227,9.023273468017578,0.18376201391220093,10,2,2,1,2,1,0,0.0,0.1873474270105362,2,stale,0.0,6,146,74,CORRECT,0,0,0,0,0,0,0.0,0.0
margin,live-delta,5,0.0,0.287055,0.576036,0.073238,0.917969,0.339001,0.489001,0.021624654531478882,0.3686990737915039,0.347074419260025,1.0706530809402466,2.9172840118408203,0.4461694359779358,3,2,2,1,2,1,0,0.0,0.033191025257110596,1,stale,0.0,6,147,69,CORRECT,0,0,0,0,0,0,0.0,0.0
margin,live-delta,5,0.0,0.287055,0.576036,0.073238,0.917969,0.339001,0.489001,0.013248085975646973,0.7050842046737671,0.6918361186981201,2.080617666244507,8.009414672851562,0.2842988967895508,16,2,2,1,2,1,0,0.0,0.4755759835243225,2,stale,0.0,6,148,89,CORRECT,0,0,0,0,0,0,0.0,0.0
margin,live-delta,5,0.0,0.287055,0.576036,0.073238,0.917969,0.339001,0.489001,0.0018193721771240234,0.8310966491699219,0.8292772769927979,1.5969407558441162,4.937902927398682,0.31570717692375183,17,2,2,1,2,1,0,0.0,0.7122912406921387,2,stale,0.0,6,149,90,CORRECT,0,0,0,0,0,0,0.0,0.0
margin,live-delta,5,0.0,0.287055,0.576036,0.073238,0.917969,0.339001,0.489001,0.04144841432571411,0.4598776400089264,0.4184292256832123,1.8830150365829468,6.573293685913086,0.3387658894062042,8,2,2,1,2,1,0,0.0,0.35048335790634155,2,stale,0.0,6,150,82,CORRECT,0,0,0,0,0,0,0.0,0.0
margin,live-delta,5,0.0,0.287055,0.576036,0.073238,0.917969,0.339001,0.489001,0.027109742164611816,0.47001540660858154,0.4429056644439697,2.1637277603149414,8.703521728515625,0.268023282289505,12,2,2,1,2,1,0,0.0,0.18030136823654175,2,stale,0.0,6,151,79,CORRECT,0,0,0,0,0,0,0.0,0.0
margin,live-delta,5,0.0,0.287055,0.576036,0.073238,0.917969,0.339001,0.489001,0.005340278148651123,0.8188492059707642,0.813508927822113,2.0147545337677,7.498886585235596,0.2762462794780731,20,2,2,1,2,1,0,0.0,0.6028050780296326,2,stale,0.0,6,152,84,CORRECT,0,0,0,0,0,0,0.0,0.0
margin,live-delta,5,0.0,0.287055,0.576036,0.073238,0.917969,0.339001,0.489001,0.020387768745422363,0.727567195892334,0.7071794271469116,1.5078415870666504,4.516970634460449,0.42687615752220154,17,2,2,1,2,1,0,0.0,0.5479637384414673,2,stale,0.0,6,153,90,CORRECT,0,0,0,0,0,0,0.0,0.0
margin,live-delta,5,0.0,0.287055,0.576036,0.073238,0.917969,0.339001,0.489001,0.01642930507659912,0.6028136014938354,0.5863842964172363,2.305279493331909,10.02698040008545,0.25609245896339417,18,2,2,1,2,1,0,0.0,0.4060814082622528,2,stale,0.0,6,155,90,CORRECT,0,0,0,0,0,0,0.0,0.0
margin,live-delta,5,0.0,0.287055,0.576036,0.073238,0.917969,0.339001,0.489001,0.021501898765563965,0.5590934753417969,0.5375915765762329,2.240121364593506,9.394471168518066,0.25516465306282043,15,2,2,1,2,1,0,0.0,0.3610961139202118,2,stale,0.0,6,157,74,CORRECT,0,0,0,0,0,0,0.0,0.0
margin,live-delta,5,0.0,0.287055,0.576036,0.073238,0.917969,0.339001,0.489001,0.01916298270225525,0.45646974444389343,0.4373067617416382,1.8275096416473389,6.218381404876709,0.3281967043876648,8,2,2,1,2,1,0,0.0,0.18081411719322205,2,stale,0.0,6,158,79,CORRECT,0,0,0,0,0,0,0.0,0.0
margin,live-delta,5,0.0,0.287055,0.576036,0.073238,0.917969,0.339001,0.489001,0.024624645709991455,0.6322233080863953,0.6075986623764038,2.0592575073242188,7.840146541595459,0.2975393533706665,18,2,2,1,2,1,0,0.0,0.4291744828224182,2,stale,0.0,6,159,90,CORRECT,0,0,0,0,0,0,0.0,0.0
margin,live-delta,5,0.0,0.287055,0.576036,0.073238,0.917969,0.339001,0.489001,0.042462825775146484,0.5661683678627014,0.5237055420875549,1.7411733865737915,5.7040324211120605,0.4306533932685852,13,2,2,1,2,1,0,0.0,0.3182640075683594,2,stale,0.0,6,160,87,CORRECT,0,0,0,0,0,0,0.0,0.0
margin,live-delta,5,0.0,0.287055,0.576036,0.073238,0.917969,0.339001,0.489001,0.03060382604598999,0.5303032398223877,0.4996994137763977,2.310601234436035,10.080483436584473,0.25235024094581604,16,2,2,1,2,1,0,0.0,0.2477591633796692,2,stale,0.0,6,161,74,CORRECT,0,0,0,0,0,0,0.0,0.0
margin,live-delta,5,0.0,0.287055,0.576036,0.073238,0.917969,0.339001,0.489001,0.020775914192199707,0.6862285137176514,0.6654525995254517,1.688485860824585,5.411281108856201,0.3926496207714081,17,2,2,1,2,1,0,0.0,0.5588211417198181,2,stale,0.0,6,162,90,CORRECT,0,0,0,0,0,0,0.0,0.0
margin,live-delta,5,0.0,0.287055,0.576036,0.073238,0.917969,0.339001,0.489001,0.016992241144180298,0.3676166832447052,0.3506244421005249,0.6789162158966064,1.971739649772644,0.5841527581214905,2,2,2,1,2,1,0,0.0,0.1587805151939392,2,stale,0.0,6,163,70,CORRECT,0,0,0,0,0,0,0.0,0.0
margin,live-delta,5,0.0,0.287055,0.576036,0.073238,0.917969,0.339001,0.489001,0.03744542598724365,0.5544109344482422,0.5169655084609985,1.9285662174224854,6.879639148712158,0.41283097863197327,13,2,2,1,2,1,0,0.0,0.396892249584198,2,stale,0.0,6,164,89,CORRECT,0,0,0,0,0,0,0.0,0.0
margin,live-delta,5,0.0,0.287055,0.576036,0.073238,0.917969,0.339001,0.489001,0.04330688714981079,0.7212452292442322,0.6779383420944214,1.7272980213165283,5.625433444976807,0.42764049768447876,18,2,2,1,2,1,0,0.0,0.5843628644943237,2,stale,0.0,6,165,90,CORRECT,0,0,0,0,0,0,0.0,0.0
margin,live-delta,5,0.0,0.287055,0.576036,0.073238,0.917969,0.339001,0.489001,0.003607511520385742,0.7778502702713013,0.7742427587509155,1.9941633939743042,7.346054553985596,0.2784350514411926,18,2,2,1,2,1,0,0.0,0.5958204865455627,2,stale,0.0,6,166,84,CORRECT,0,0,0,0,0,0,0.0,0.0
margin,live-delta,5,0.0,0.287055,0.576036,0.073238,0.917969,0.339001,0.489001,0.007624030113220215,0.5461317300796509,0.5385076999664307,1.5723867416381836,4.818134307861328,0.32073506712913513,9,2,2,1,2,1,0,0.0,0.2284112572669983,2,stale,0.0,6,167,87,CORRECT,0,0,0,0,0,0,0.0,0.0
margin,live-delta,5,0.0,0.287055,0.576036,0.073238,0.917969,0.339001,0.489001,0.11162024736404419,0.4376019835472107,0.3259817361831665,-0.0,1.0,1.0,1,2,2,1,2,1,0,0.0,0.21021848917007446,2,stale,0.0,6,168,71,CORRECT,0,0,0,0,0,0,0.0,0.0
margin,live-delta,5,0.0,0.287055,0.576036,0.073238,0.917969,0.339001,0.489001,0.02289295196533203,0.5277668237686157,0.5048738718032837,2.203617572784424,9.057721138000488,0.24780401587486267,15,2,2,1,2,1,0,0.0,0.34557726979255676,2,stale,0.0,6,169,64,CORRECT,0,0,0,0,0,0,0.0,0.0
margin,live-delta,5,0.0,0.287055,0.576036,0.073238,0.917969,0.339001,0.489001,0.025896310806274414,0.6113731861114502,0.5854768753051758,2.4603986740112305,11.709479331970215,0.21859101951122284,19,2,2,1,2,1,0,0.0,0.39307674765586853,2,stale,0.0,6,170,89,CORRECT,0,0,0,0,0,0,0.0,0.0
margin,live-delta,5,0.0,0.287055,0.576036,0.073238,0.917969,0.339001,0.489001,0.1614026427268982,0.5188366770744324,0.3574340343475342,0.3109387457370758,1.3647056818008423,0.9273050427436829,3,2,2,1,2,1,0,0.0,0.3164825439453125,2,stale,0.0,6,171,71,CORRECT,0,0,0,0,0,0,0.0,0.0
margin,live-delta,5,0.0,0.287055,0.576036,0.073238,0.917969,0.339001,0.489001,0.08951789140701294,0.41775548458099365,0.3282375931739807,-0.0,1.0,1.0,1,2,2,1,2,1,0,0.0,0.21190357208251953,2,stale,0.0,6,172,71,CORRECT,0,0,0,0,0,0,0.0,0.0
margin,live-delta,5,0.0,0.287055,0.576036,0.073238,0.917969,0.339001,0.489001,0.019540131092071533,0.7261701822280884,0.7066300511360168,1.700628638267517,5.477389812469482,0.3384786546230316,17,2,2,1,2,1,0,0.0,0.5258231163024902,2,stale,0.0,6,174,84,CORRECT,0,0,0,0,0,0,0.0,0.0
margin,live-delta,5,0.0,0.287055,0.576036,0.073238,0.917969,0.339001,0.489001,0.001257866621017456,0.4005606472492218,0.39930278062820435,1.5841779708862305,4.875282287597656,0.25183001160621643,5,2,2,1,2,1,0,0.0,0.20247027277946472,2,stale,0.0,6,175,85,CORRECT,0,0,0,0,0,0,0.0,0.0
margin,live-delta,5,0.0,0.287055,0.576036,0.073238,0.917969,0.339001,0.489001,0.008577048778533936,0.709463357925415,0.7008863091468811,1.9064512252807617,6.729166030883789,0.3313213288784027,16,2,2,1,2,1,0,0.0,0.5632714033126831,2,stale,0.0,6,176,65,CORRECT,0,0,0,0,0,0,0.0,0.0
margin,live-delta,5,0.0,0.287055,0.576036,0.073238,0.917969,0.339001,0.489001,0.008091211318969727,0.5726184844970703,0.5645272731781006,2.170276403427124,8.76070499420166,0.23470546305179596,18,2,2,1,2,1,0,0.0,0.3541475832462311,2,stale,0.0,6,177,74,CORRECT,0,0,0,0,0,0,0.0,0.0
margin,live-delta,5,0.0,0.287055,0.576036,0.073238,0.917969,0.339001,0.489001,0.07999736070632935,0.7938530445098877,0.7138556838035583,1.2445415258407593,3.4713428020477295,0.6329073309898376,16,2,2,1,2,1,0,0.0,0.6809784173965454,2,stale,0.0,6,178,90,CORRECT,0,0,0,0,0,0,0.0,0.0
margin,live-delta,5,0.0,0.287055,0.576036,0.073238,0.917969,0.339001,0.489001,0.016302764415740967,0.7674540877342224,0.7511513233184814,1.485774040222168,4.418384075164795,0.43703582882881165,20,2,2,1,2,1,0,0.0,0.6261708736419678,2,stale,0.0,6,179,64,CORRECT,0,0,0,0,0,0,0.0,0.0
margin,live-delta,5,0.0,0.287055,0.576036,0.073238,0.917969,0.339001,0.489001,0.03030848503112793,0.8509020209312439,0.820593535900116,1.575932264328003,4.835247039794922,0.4365941286087036,17,2,2,1,2,1,0,0.0,0.720429003238678,2,stale,0.0,6,180,90,CORRECT,0,0,0,0,0,0,0.0,0.0
margin,live-delta,5,0.0,0.287055,0.576036,0.073238,0.917969,0.339001,0.489001,0.007976055145263672,0.8307018280029297,0.822725772857666,1.6631430387496948,5.275866985321045,0.3594586253166199,16,2,2,1,2,1,0,0.0,0.5800230503082275,2,stale,0.0,6,181,74,CORRECT,0,0,0,0,0,0,0.0,0.0
margin,live-delta,5,0.0,0.287055,0.576036,0.073238,0.917969,0.339001,0.489001,0.06229439377784729,0.3948099911212921,0.3325155973434448,-0.0,1.0,1.0,1,2,2,1,2,1,0,0.0,0.20360982418060303,2,stale,0.0,6,182,91,CORRECT,0,0,0,0,0,0,0.0,0.0
margin,live-delta,5,0.0,0.287055,0.576036,0.073238,0.917969,0.339001,0.489001,0.027524173259735107,0.5402094721794128,0.5126852989196777,1.97556734085083,7.210709571838379,0.3641451597213745,14,2,2,1,2,1,0,0.0,0.4117984473705292,2,stale,0.0,6,183,82,CORRECT,0,0,0,0,0,0,0.0,0.0
margin,live-delta,5,0.0,0.287055,0.576036,0.073238,0.917969,0.339001,0.489001,0.06895601749420166,0.7991049885749817,0.73014897108078,1.4198616743087769,4.136548042297363,0.5433830618858337,18,2,2,1,2,1,0,0.0,0.6681656837463379,2,stale,0.0,6,184,90,CORRECT,0,0,0,0,0,0,0.0,0.0
margin,live-delta,5,0.0,0.287055,0.576036,0.073238,0.917969,0.339001,0.489001,0.032616108655929565,0.41690465807914734,0.3842885494232178,1.222647786140442,3.3961682319641113,0.4870468080043793,4,2,2,1,2,1,0,0.0,0.16200825572013855,2,stale,0.0,6,185,87,CORRECT,0,0,0,0,0,0,0.0,0.0
margin,live-delta,5,0.0,0.287055,0.576036,0.073238,0.917969,0.339001,0.489001,0.10802942514419556,0.49873656034469604,0.3907071352005005,1.4904074668884277,4.43890380859375,0.6024894118309021,9,2,2,1,2,1,0,0.05371499061584473,0.12086889147758484,2,stale,0.0,6,186,72,CORRECT,0,0,0,0,0,0,0.0,0.0
margin,live-delta,5,0.0,0.287055,0.576036,0.073238,0.917969,0.339001,0.489001,0.001587986946105957,0.5414755344390869,0.539887547492981,2.099721908569336,8.163899421691895,0.25454655289649963,14,2,2,1,2,1,0,0.0,0.32606571912765503,2,stale,0.0,6,187,89,CORRECT,0,0,0,0,0,0,0.0,0.0
margin,live-delta,5,0.0,0.287055,0.576036,0.073238,0.917969,0.339001,0.489001,0.009970307350158691,0.721244215965271,0.7112739086151123,1.5921684503555298,4.914393901824951,0.36328595876693726,17,2,2,1,2,1,0,0.0,0.5688634514808655,2,stale,0.0,6,188,90,CORRECT,0,0,0,0,0,0,0.0,0.0
margin,live-delta,5,0.0,0.287055,0.576036,0.073238,0.917969,0.339001,0.489001,0.02758026123046875,0.8041415214538574,0.7765612602233887,1.762007713317871,5.824118614196777,0.3369840681552887,18,2,2,1,2,1,0,0.0,0.6601616740226746,2,stale,0.0,6,189,90,CORRECT,0,0,0,0,0,0,0.0,0.0
margin,live-delta,5,0.0,0.287055,0.576036,0.073238,0.917969,0.339001,0.489001,0.014406383037567139,0.39838850498199463,0.3839821219444275,1.3197928667068481,3.7426459789276123,0.38163962960243225,4,2,2,1,2,1,1,0.1467633843421936,0.04778274893760681,1,stale,0.0,6,190,88,CORRECT,0,0,0,0,0,0,0.0,0.0
margin,live-delta,5,0.0,0.287055,0.576036,0.073238,0.917969,0.339001,0.489001,0.1767810583114624,0.6894975900650024,0.51271653175354,0.6603140234947205,1.9354000091552734,0.8808243274688721,19,3,3,1,3,1,0,0.0015018475241959095,0.3187081217765808,2,stale,0.0,6,192,103,CORRECT,0,0,0,0,0,0,0.0,0.0
margin,live-delta,5,0.0,0.287055,0.576036,0.073238,0.917969,0.339001,0.489001,0.2501199245452881,0.8384618759155273,0.5883419513702393,0.1501998007297516,1.1620664596557617,0.9778040051460266,17,3,3,1,3,1,0,0.0,0.5976263284683228,2,stale,0.0,6,193,110,CORRECT,0,0,0,0,0,0,0.0,0.0
margin,live-delta,5,0.0,0.287055,0.576036,0.073238,0.917969,0.339001,0.489001,0.12315040826797485,0.7314360737800598,0.608285665512085,0.9822872877120972,2.6705574989318848,0.7913286685943604,20,3,3,1,3,1,0,0.0,0.4771263003349304,2,stale,0.0,6,194,116,CORRECT,0,0,0,0,0,0,0.0,0.0
margin,live-delta,5,0.0,0.287055,0.576036,0.073238,0.917969,0.339001,0.489001,0.05098086595535278,0.6020346879959106,0.5510538220405579,1.8010560274124146,6.056039333343506,0.4714299738407135,19,3,3,1,3,1,0,0.0,0.35551363229751587,2,stale,0.0,6,195,96,CORRECT,0,0,0,0,0,0,0.0,0.0
margin,live-delta,5,0.0,0.287055,0.576036,0.073238,0.917969,0.339001,0.489001,0.09636414051055908,0.6056495904922485,0.5092854499816895,1.9922740459442139,7.332188606262207,0.5024775862693787,20,3,3,1,3,1,0,0.0,0.3226177990436554,2,stale,0.0,6,196,118,CORRECT,0,0,0,0,0,0,0.0,0.0
margin,live-delta,5,0.0,0.287055,0.576036,0.073238,0.917969,0.339001,0.489001,0.01722976565361023,0.42296233773231506,0.40573257207870483,2.2012948989868164,9.036707878112793,0.2176538109779358,10,3,3,1,3,1,0,0.0,0.13656416535377502,2,stale,0.0,6,197,120,CORRECT,0,0,0,0,0,0,0.0,0.0
margin,live-delta,5,0.0,0.287055,0.576036,0.073238,0.917969,0.339001,0.489001,0.0004450082778930664,0.6632283926010132,0.6627833843231201,1.1281201839447021,3.0898427963256836,0.44084644317626953,9,3,3,1,3,1,0,0.0,0.43403878808021545,2,stale,0.0,6,198,115,CORRECT,0,0,0,0,0,0,0.0,0.0
margin,live-delta,5,0.0,0.287055,0.576036,0.073238,0.917969,0.339001,0.489001,0.04778146743774414,0.5894176363945007,0.5416361689567566,2.1574342250823975,8.648918151855469,0.41060587763786316,20,3,3,1,3,1,0,0.0,0.35544294118881226,2,stale,0.0,6,199,103,CORRECT,0,0,0,0,0,0,0.0,0.0
margin,live-delta,5,0.0,0.287055,0.576036,0.073238,0.917969,0.339001,0.489001,0.01692444086074829,0.5788602828979492,0.5619358420372009,2.10457444190979,8.203611373901367,0.28718098998069763,20,3,3,1,3,1,0,0.0,0.25708457827568054,2,stale,0.0,6,200,120,CORRECT,0,0,0,0,0,0,0.0,0.0
margin,live-delta,5,0.0,0.287055,0.576036,0.073238,0.917969,0.339001,0.489001,0.08788466453552246,0.7313388586044312,0.6434541940689087,1.117331862449646,3.056687593460083,0.7112947702407837,19,3,3,1,3,1,0,0.0,0.5794543027877808,2,stale,0.0,6,201,102,CORRECT,0,0,0,0,0,0,0.0,0.0
margin,live-delta,5,0.0,0.287055,0.576036,0.073238,0.917969,0.339001,0.489001,0.08769881725311279,0.692467451095581,0.6047686338424683,0.8386279940605164,2.3131911754608154,0.786108136177063,18,3,3,1,3,1,0,0.0,0.48868000507354736,2,stale,0.0,6,202,114,CORRECT,0,0,0,0,0,0,0.0,0.0
margin,live-delta,5,0.0,0.287055,0.576036,0.073238,0.917969,0.339001,0.489001,0.036721110343933105,0.7536640763282776,0.7169429659843445,1.8528645038604736,6.378063201904297,0.37012121081352234,20,3,3,1,3,1,0,0.0,0.5880231857299805,2,stale,0.0,6,203,102,CORRECT,0,0,0,0,0,0,0.0,0.0
margin,live-delta,5,0.0,0.287055,0.576036,0.073238,0.917969,0.339001,0.489001,0.01258617639541626,0.6234400272369385,0.6108538508415222,1.8318308591842651,6.245310306549072,0.2952551543712616,16,3,3,1,3,1,0,0.0030857000965625048,0.22805306315422058,2,stale,0.0,6,204,120,CORRECT,0,0,0,0,0,0,0.0,0.0
margin,live-delta,5,0.0,0.287055,0.576036,0.073238,0.917969,0.339001,0.489001,0.1295284628868103,0.8142807483673096,0.6847522854804993,0.7591401934623718,2.1364386081695557,0.832633376121521,20,3,3,1,3,1,0,0.0,0.6377133131027222,2,stale,0.0,6,206,102,CORRECT,0,0,0,0,0,0,0.0,0.0
margin,live-delta,5,0.0,0.287055,0.576036,0.073238,0.917969,0.339001,0.489001,0.010855257511138916,0.7418167591094971,0.7309615015983582,1.8727407455444336,6.506103515625,0.32866188883781433,20,3,3,1,3,1,0,0.0,0.564441978931427,2,stale,0.0,6,207,126,CORRECT,0,0,0,0,0,0,0.0,0.0
margin,live-delta,5,0.0,0.287055,0.576036,0.073238,0.917969,0.339001,0.489001,0.31014442443847656,0.938294529914856,0.6281501054763794,0.02384764328598976,1.0241342782974243,0.996941864490509,10,3,3,1,3,1,0,0.0,0.6507328748703003,2,stale,0.0,6,208,122,CORRECT,0,0,0,0,0,0,0.0,0.0
margin,live-delta,5,0.0,0.287055,0.576036,0.073238,0.917969,0.339001,0.489001,0.20055639743804932,0.6931475400924683,0.49259114265441895,0.4518997371196747,1.5712944269180298,0.9229707717895508,18,3,3,1,3,1,0,0.0,0.4239552617073059,2,stale,0.0,6,209,114,CORRECT,0,0,0,0,0,0,0.0,0.0
margin,live-delta,5,0.0,0.287055,0.576036,0.073238,0.917969,0.339001,0.489001,0.12606686353683472,0.4007601737976074,0.2746933102607727,-0.0,1.0,1.0,1,3,3,1,3,1,0,0.0,0.1310916543006897,2,stale,0.0,6,210,122,CORRECT,0,0,0,0,0,0,0.0,0.0
margin,live-delta,5,0.0,0.287055,0.576036,0.073238,0.917969,0.339001,0.489001,0.10023802518844604,0.42242056131362915,0.3221825361251831,-0.0,1.0,1.0,1,3,3,1,3,1,0,0.0,0.19192704558372498,2,stale,0.0,6,211,100,CORRECT,0,0,0,0,0,0,0.0,0.0
margin,live-delta,5,0.0,0.287055,0.576036,0.073238,0.917969,0.339001,0.489001,0.029310405254364014,0.4297834038734436,0.4004729986190796,1.9496792554855347,7.02643346786499,0.29716911911964417,8,3,2,0,3,1,1,0.29716911911964417,-0.029310405254364014,0,stale,0.0,6,212,72,CORRECT,0,0,0,0,0,0,0.0,0.0
margin,live-delta,5,0.0,0.287055,0.576036,0.073238,0.917969,0.339001,0.489001,0.03714936971664429,0.8875680565834045,0.8504186868667603,1.6866893768310547,5.401568412780762,0.43470388650894165,20,3,3,1,3,1,0,0.0,0.7825043797492981,2,stale,0.0,6,213,106,CORRECT,0,0,0,0,0,0,0.0,0.0
margin,live-delta,5,0.0,0.287055,0.576036,0.073238,0.917969,0.339001,0.489001,0.04747101664543152,0.44041067361831665,0.39293965697288513,1.1065475940704346,3.0239007472991943,0.5777230262756348,4,3,3,1,3,1,0,0.0,0.1263270378112793,2,stale,0.0,6,214,99,CORRECT,0,0,0,0,0,0,0.0,0.0
margin,live-delta,5,0.0,0.287055,0.576036,0.073238,0.917969,0.339001,0.489001,0.004091322422027588,0.8561553955078125,0.8520640730857849,1.9033676385879517,6.7084479331970215,0.2543230652809143,20,3,3,1,3,1,0,0.0,0.6750621795654297,2,stale,0.0,6,215,111,CORRECT,0,0,0,0,0,0,0.0,0.0
margin,live-delta,5,0.0,0.287055,0.576036,0.073238,0.917969,0.339001,0.489001,0.023325324058532715,0.8350045084953308,0.8116791844367981,1.7444546222686768,5.722779750823975,0.34354162216186523,20,3,3,1,3,1,0,0.0,0.7101004123687744,2,stale,0.0,6,216,127,CORRECT,0,0,0,0,0,0,0.0,0.0
margin,live-delta,5,0.0,0.287055,0.576036,0.073238,0.917969,0.339001,0.489001,0.025778591632843018,0.78267902135849,0.756900429725647,2.0339956283569336,7.644570350646973,0.31839674711227417,20,3,3,1,3,1,0,0.0,0.6660486459732056,2,stale,0.0,6,217,127,CORRECT,0,0,0,0,0,0,0.0,0.0
margin,live-delta,5,0.0,0.287055,0.576036,0.073238,0.917969,0.339001,0.489001,0.010915815830230713,0.8731348514556885,0.8622190356254578,1.7354892492294312,5.671701908111572,0.30732810497283936,20,3,3,1,3,1,0,0.0,0.7605646848678589,2,stale,0.0,6,218,125,CORRECT,0,0,0,0,0,0,0.0,0.0
margin,live-delta,5,0.0,0.287055,0.576036,0.073238,0.917969,0.339001,0.489001,0.07246667146682739,0.8534470200538635,0.7809803485870361,1.5856164693832397,4.88230037689209,0.5344052314758301,20,3,3,1,3,1,0,0.0,0.5936151146888733,2,stale,0.0,6,219,105,CORRECT,0,0,0,0,0,0,0.0,0.0
margin,live-delta,5,0.0,0.287055,0.576036,0.073238,0.917969,0.339001,0.489001,0.07581865787506104,0.687487006187439,0.6116683483123779,0.9348806142807007,2.5469093322753906,0.722266674041748,13,3,3,1,3,1,0,0.005395722109824419,0.29558396339416504,2,stale,0.0,6,220,122,CORRECT,0,0,0,0,0,0,0.0,0.0
margin,live-delta,5,0.0,0.287055,0.576036,0.073238,0.917969,0.339001,0.489001,0.001756131649017334,0.8375440835952759,0.8357879519462585,2.000593423843384,7.393442153930664,0.18294769525527954,20,3,3,1,3,1,0,0.0,0.7359657883644104,2,stale,0.0,6,221,106,CORRECT,0,0,0,0,0,0,0.0,0.0
margin,live-delta,5,0.0,0.287055,0.576036,0.073238,0.917969,0.339001,0.489001,0.01243513822555542,0.5919559001922607,0.5795207619667053,1.4501335620880127,4.263683795928955,0.33605486154556274,9,3,3,1,3,1,0,0.0,0.3724329471588135,2,stale,0.0,6,222,122,CORRECT,0,0,0,0,0,0,0.0,0.0
margin,live-delta,5,0.0,0.287055,0.576036,0.073238,0.917969,0.339001,0.489001,0.1421467661857605,0.74917072057724,0.6070239543914795,0.675179660320282,1.9643858671188354,0.8550991415977478,16,3,3,1,3,1,0,0.0,0.6529428362846375,2,stale,0.0,6,223,98,CORRECT,0,0,0,0,0,0,0.0,0.0
margin,live-delta,5,0.0,0.287055,0.576036,0.073238,0.917969,0.339001,0.489001,0.21937918663024902,0.8214820027351379,0.6021028161048889,0.16939304769039154,1.184585690498352,0.9734538197517395,15,3,3,1,3,1,0,0.0,0.6802964210510254,2,stale,0.0,6,224,110,CORRECT,0,0,0,0,0,0,0.0,0.0
margin,live-delta,5,0.0,0.287055,0.576036,0.073238,0.917969,0.339001,0.489001,0.017391085624694824,0.8623713254928589,0.8449802398681641,1.735216498374939,5.670155048370361,0.3217872679233551,20,3,3,1,3,1,0,0.0,0.7513468265533447,2,stale,0.0,6,225,105,CORRECT,0,0,0,0,0,0,0.0,0.0
margin,live-delta,5,0.0,0.287055,0.576036,0.073238,0.917969,0.339001,0.489001,0.14155250787734985,0.7440455555915833,0.6024930477142334,0.54241943359375,1.7201637029647827,0.8754278421401978,7,3,3,1,3,1,0,0.0,0.6083050966262817,2,stale,0.0,6,226,96,CORRECT,0,0,0,0,0,0,0.0,0.0
margin,live-delta,5,0.0,0.287055,0.576036,0.073238,0.917969,0.339001,0.489001,0.009824693202972412,0.8616310954093933,0.8518064022064209,1.3781208992004395,3.9674394130706787,0.4070500433444977,20,3,3,1,3,1,0,0.0,0.7183105945587158,2,stale,0.0,6,227,97,CORRECT,0,0,0,0,0,0,0.0,0.0
margin,live-delta,5,0.0,0.287055,0.576036,0.073238,0.917969,0.339001,0.489001,0.18688416481018066,0.7295669317245483,0.5426827669143677,0.2057866007089615,1.2284910678863525,0.96402508020401,11,3,3,1,3,1,0,0.0,0.6021155714988708,2,stale,0.0,6,228,110,CORRECT,0,0,0,0,0,0,0.0,0.0
margin,live-delta,5,0.0,0.287055,0.576036,0.073238,0.917969,0.339001,0.489001,0.020042985677719116,0.5192570686340332,0.4992140829563141,2.5213730335235596,12.445672988891602,0.1801517754793167,19,3,3,1,3,1,0,0.0,0.1971248984336853,2,stale,0.0,6,229,119,CORRECT,0,0,0,0,0,0,0.0,0.0
margin,live-delta,5,0.0,0.287055,0.576036,0.073238,0.917969,0.339001,0.489001,0.003061354160308838,0.7558149099349976,0.7527535557746887,2.0031323432922363,7.412237167358398,0.24354739487171173,20,3,3,1,3,1,0,0.0,0.5923832058906555,2,stale,0.0,6,230,102,CORRECT,0,0,0,0,0,0,0.0,0.0
margin,live-delta,5,0.0,0.287055,0.576036,0.073238,0.917969,0.339001,0.489001,0.02777397632598877,0.8631192445755005,0.8353452682495117,1.8201953172683716,6.173064231872559,0.3469454348087311,20,3,3,1,3,1,0,0.0,0.69650799036026,2,stale,0.0,6,231,125,CORRECT,0,0,0,0,0,0,0.0,0.0
margin,live-delta,5,0.0,0.287055,0.576036,0.073238,0.917969,0.339001,0.489001,0.0031142234802246094,0.6046508550643921,0.6015366315841675,1.994081735610962,7.345454692840576,0.23943795263767242,20,3,3,1,3,1,0,0.0,0.3869871497154236,2,stale,0.0,6,232,115,CORRECT,0,0,0,0,0,0,0.0,0.0
margin,live-delta,5,0.0,0.287055,0.576036,0.073238,0.917969,0.339001,0.489001,0.01851475238800049,0.7026830911636353,0.6841683387756348,2.3669567108154297,10.664886474609375,0.20359563827514648,20,3,3,1,3,1,0,0.0,0.5461775064468384,2,stale,0.0,6,233,127,CORRECT,0,0,0,0,0,0,0.0,0.0
margin,live-delta,5,0.0,0.287055,0.576036,0.073238,0.917969,0.339001,0.489001,0.011283189058303833,0.47186270356178284,0.460579514503479,1.7254070043563843,5.614805698394775,0.29755762219429016,8,3,3,1,3,1,0,0.04045911133289337,0.09976580739021301,2,stale,0.0,6,234,99,CORRECT,0,0,0,0,0,0,0.0,0.0
margin,live-delta,5,0.0,0.287055,0.576036,0.073238,0.917969,0.339001,0.489001,0.02798616886138916,0.8835732936859131,0.8555871248245239,1.5740150213241577,4.825985908508301,0.4258304536342621,20,3,3,1,3,1,0,0.0,0.7006120085716248,2,stale,0.0,6,235,125,CORRECT,0,0,0,0,0,0,0.0,0.0
margin,live-delta,5,0.0,0.287055,0.576036,0.073238,0.917969,0.339001,0.489001,0.015972495079040527,0.809628963470459,0.7936564683914185,1.605930209159851,4.982492446899414,0.3595678210258484,20,3,3,1,3,1,0,0.0,0.6345729827880859,2,stale,0.0,6,236,112,CORRECT,0,0,0,0,0,0,0.0,0.0
margin,live-delta,5,0.0,0.287055,0.576036,0.073238,0.917969,0.339001,0.489001,0.18761926889419556,0.7911852598190308,0.6035659909248352,0.35394376516342163,1.4246751070022583,0.9400763511657715,20,3,3,1,3,1,0,0.0,0.5610560178756714,2,stale,0.0,6,237,110,CORRECT,0,0,0,0,0,0,0.0,0.0
margin,live-delta,5,0.0,0.287055,0.576036,0.073238,0.917969,0.339001,0.489001,0.033664703369140625,0.8508002758026123,0.8171355724334717,1.7605669498443604,5.815733909606934,0.3842830955982208,20,3,3,1,3,1,0,0.0,0.6989814043045044,2,stale,0.0,6,238,105,CORRECT,0,0,0,0,0,0,0.0,0.0
margin,live-delta,5,0.0,0.287055,0.576036,0.073238,0.917969,0.339001,0.489001,0.1614556908607483,0.7561558485031128,0.5947001576423645,0.34159716963768005,1.4071933031082153,0.9352452158927917,14,3,3,1,3,1,0,0.0,0.6322998404502869,2,stale,0.0,6,239,110,CORRECT,0,0,0,0,0,0,0.0,0.0
margin,live-delta,5,0.0,0.287055,0.576036,0.073238,0.917969,0.339001,0.489001,0.006048679351806641,0.6312018632888794,0.6251531839370728,2.029421806335449,7.609684944152832,0.31577053666114807,20,3,3,1,3,1,0,0.0,0.4550524055957794,2,stale,0.0,6,240,113,CORRECT,0,0,0,0,0,0,0.0,0.0
margin,live-delta,5,0.0,0.287055,0.576036,0.073238,0.917969,0.339001,0.489001,0.004112362861633301,0.7422609329223633,0.73814857006073,2.0436136722564697,7.718451023101807,0.22532950341701508,20,3,3,1,3,1,0,0.0,0.597240686416626,2,stale,0.0,6,241,101,CORRECT,0,0,0,0,0,0,0.0,0.0
margin,live-delta,5,0.0,0.287055,0.576036,0.073238,0.917969,0.339001,0.489001,0.004317045211791992,0.8364174365997314,0.8321003913879395,2.039419412612915,7.686145305633545,0.22145655751228333,20,3,3,1,3,1,0,0.0,0.7108870148658752,2,stale,0.0,6,242,125,CORRECT,0,0,0,0,0,0,0.0,0.0
margin,live-delta,5,0.0,0.287055,0.576036,0.073238,0.917969,0.339001,0.489001,0.04702085256576538,0.45911580324172974,0.41209495067596436,2.170642137527466,8.763910293579102,0.3306533992290497,12,3,3,1,3,1,0,0.0,0.22644346952438354,2,stale,0.0,6,243,118,CORRECT,0,0,0,0,0,0,0.0,0.0
margin,live-delta,5,0.0,0.287055,0.576036,0.073238,0.917969,0.339001,0.489001,0.10091972351074219,0.7671536207199097,0.6662338972091675,1.1288315057754517,3.092041254043579,0.6994473934173584,20,3,3,1,3,1,0,0.0,0.48336273431777954,2,stale,0.0,6,244,120,CORRECT,0,0,0,0,0,0,0.0,0.0
margin,live-delta,5,0.0,0.287055,0.576036,0.073238,0.917969,0.339001,0.489001,0.031228721141815186,0.8901559114456177,0.8589271903038025,1.1922409534454346,3.2944557666778564,0.5376150608062744,20,3,3,1,3,1,0,0.0,0.7685379385948181,2,stale,0.0,6,245,97,CORRECT,0,0,0,0,0,0,0.0,0.0
margin,live-delta,5,0.0,0.287055,0.576036,0.073238,0.917969,0.339001,0.489001,0.48767462372779846,0.805931031703949,0.3182564079761505,-0.0,1.0,1.0,1,3,3,1,3,1,0,0.0,0.6626579761505127,2,stale,0.0,6,246,100,CORRECT,0,0,0,0,0,0,0.0,0.0
margin,live-delta,5,0.0,0.287055,0.576036,0.073238,0.917969,0.339001,0.489001,0.0029401779174804688,0.5670373439788818,0.5640971660614014,2.2715773582458496,9.694681167602539,0.236850768327713,20,3,3,1,3,1,0,0.0,0.42987003922462463,2,stale,0.0,6,248,101,CORRECT,0,0,0,0,0,0,0.0,0.0
margin,live-delta,5,0.0,0.287055,0.576036,0.073238,0.917969,0.339001,0.489001,0.018736422061920166,0.6796143651008606,0.6608779430389404,1.9715946912765503,7.1821208000183105,0.2988908290863037,17,3,3,1,3,1,0,0.0,0.5658657550811768,2,stale,0.0,6,249,105,CORRECT,0,0,0,0,0,0,0.0,0.0
margin,live-delta,5,0.0,0.287055,0.576036,0.073238,0.917969,0.339001,0.489001,0.05136531591415405,0.7388730645179749,0.6875077486038208,1.4365373849868774,4.206106662750244,0.5618289113044739,20,3,3,1,3,1,0,0.0,0.5477907657623291,2,stale,0.0,6,250,114,CORRECT,0,0,0,0,0,0,0.0,0.0
margin,live-delta,5,0.0,0.287055,0.576036,0.073238,0.917969,0.339001,0.489001,0.13544273376464844,0.6935679912567139,0.5581252574920654,0.7301799654960632,2.075453996658325,0.8528344035148621,19,3,3,1,3,1,0,0.0,0.42063069343566895,2,stale,0.0,6,251,120,CORRECT,0,0,0,0,0,0,0.0,0.0
margin,live-delta,5,0.0,0.287055,0.576036,0.073238,0.917969,0.339001,0.489001,0.04568314552307129,0.8082557916641235,0.7625726461410522,1.9747450351715088,7.204782485961914,0.40140560269355774,20,3,3,1,3,1,0,0.0,0.686444103717804,2,stale,0.0,6,252,127,CORRECT,0,0,0,0,0,0,0.0,0.0
margin,live-delta,5,0.0,0.287055,0.576036,0.073238,0.917969,0.339001,0.489001,0.06185990571975708,0.7299630641937256,0.6681031584739685,1.8280168771743774,6.221536159515381,0.48660093545913696,20,3,3,1,3,1,0,0.0,0.5752080678939819,2,stale,0.0,6,253,114,CORRECT,0,0,0,0,0,0,0.0,0.0
margin,live-delta,5,0.0,0.287055,0.576036,0.073238,0.917969,0.339001,0.489001,0.05214470624923706,0.5976381301879883,0.5454934239387512,1.870353102684021,6.4905877113342285,0.48225247859954834,20,3,3,1,3,1,0,0.0,0.4311729371547699,2,stale,0.0,6,254,102,CORRECT,0,0,0,0,0,0,0.0,0.0
margin,live-delta,5,0.0,0.287055,0.576036,0.073238,0.917969,0.339001,0.489001,0.009095430374145508,0.6186673641204834,0.6095719337463379,2.38944149017334,10.907400131225586,0.20700062811374664,20,3,3,1,3,1,0,0.0,0.25513458251953125,2,stale,0.0,6,255,117,CORRECT,0,0,0,0,0,0,0.0,0.0
margin,live-delta,6,0.0,0.307452,0.576036,0.170683,0.746094,0.319023,0.469023,0.0,0.5616472959518433,0.5616472959518433,1.9085906744003296,6.7435784339904785,0.3306594491004944,17,3,3,1,0,0,1,0.5019190311431885,0.0,0,stale,0.0,6,0,135,STALE_LENIENT,0,0,0,1,0,8,0.0,0.498081
margin,live-delta,6,0.0,0.307452,0.576036,0.170683,0.746094,0.319023,0.469023,0.0,0.4198814332485199,0.4198814332485199,1.3951433897018433,4.035552978515625,0.36129942536354065,5,3,3,1,0,0,1,0.5408442616462708,0.0,0,stale,0.0,6,1,128,STALE_LENIENT,0,0,0,1,0,2,0.0,0.459156
margin,live-delta,6,0.0,0.307452,0.576036,0.170683,0.746094,0.319023,0.469023,0.0,0.490217924118042,0.490217924118042,0.7793381214141846,2.1800289154052734,0.48968347907066345,3,3,3,1,0,0,1,0.5103164911270142,0.0,0,stale,0.0,6,2,145,STALE_LENIENT,0,0,0,1,0,1,0.0,0.489683
margin,live-delta,6,0.0,0.307452,0.576036,0.170683,0.746094,0.319023,0.469023,0.0,0.4598029851913452,0.4598029851913452,2.823349952697754,16.833147048950195,0.10484804958105087,20,3,0,0,0,0,1,0.5,0.0,0,stale,0.0,6,3,7,STALE_STRICT,0,0,1,1,0,10,0.0,0.5
margin,live-delta,6,0.0,0.307452,0.576036,0.170683,0.746094,0.319023,0.469023,0.0393713116645813,0.49600115418434143,0.45662984251976013,2.65920090675354,14.284870147705078,0.22152800858020782,20,3,1,0,1,0,1,0.7718220949172974,-0.0393713116645813,0,stale,0.0,6,4,43,STALE_LENIENT,0,0,0,1,0,5,0.0,0.228178
margin,live-delta,6,0.0,0.307452,0.576036,0.170683,0.746094,0.319023,0.469023,0.0,0.42364418506622314,0.42364418506622314,2.5139644145965576,12.353808403015137,0.1754852831363678,17,3,0,0,0,0,1,0.5140532851219177,0.0,0,stale,0.0,6,5,17,STALE_STRICT,0,0,1,1,0,8,0.0,0.485947
margin,live-delta,6,0.0,0.307452,0.576036,0.170683,0.746094,0.319023,0.469023,0.0,0.5367840528488159,0.5367840528488159,2.4967141151428223,12.142529487609863,0.20177367329597473,20,3,0,0,0,0,1,0.6231181621551514,0.0,0,stale,0.0,6,6,24,STALE_STRICT,0,0,1,1,0,7,0.0,0.376882
margin,live-delta,6,0.0,0.307452,0.576036,0.170683,0.746094,0.319023,0.469023,0.01738610863685608,0.3785971701145172,0.36121106147766113,1.6865462064743042,5.400794982910156,0.2960453927516937,6,3,1,0,1,0,1,0.6934401392936707,-0.01738610863685608,0,stale,0.0,6,7,61,STALE_LENIENT,0,0,0,1,0,2,0.0,0.30656
margin,live-delta,6,0.0,0.307452,0.576036,0.170683,0.746094,0.319023,0.469023,0.0845651924610138,0.45839157700538635,0.37382638454437256,1.661903977394104,5.269333839416504,0.5215855836868286,9,3,1,0,1,0,1,0.8437119722366333,-0.10400882363319397,0,stale,0.0,6,8,52,STALE_LENIENT,0,0,0,1,0,3,0.0,0.156288
margin,live-delta,6,0.0,0.307452,0.576036,0.170683,0.746094,0.319023,0.469023,0.0,0.4691773056983948,0.4691773056983948,2.2895724773406982,9.87071704864502,0.18443547189235687,16,3,3,1,0,0,1,0.5227824449539185,0.0,0,stale,0.0,6,9,157,STALE_LENIENT,0,0,0,1,0,7,0.0,0.477218
margin,live-delta,6,0.0,0.307452,0.576036,0.170683,0.746094,0.319023,0.469023,0.0,0.6366702318191528,0.6366702318191528,1.0153347253799438,2.760287284851074,0.46764829754829407,16,3,3,1,0,0,1,0.5178825259208679,0.0,0,stale,0.0,6,10,152,STALE_LENIENT,0,0,0,1,0,6,0.0,0.482117
margin,live-delta,6,0.0,0.307452,0.576036,0.170683,0.746094,0.319023,0.469023,0.0,0.3495281934738159,0.3495281934738159,2.057732105255127,7.828196048736572,0.16938506066799164,8,3,3,1,0,0,1,0.5,0.0,0,stale,0.0,6,12,141,STALE_LENIENT,0,0,0,1,0,4,0.0,0.5
margin,live-delta,6,0.0,0.307452,0.576036,0.170683,0.746094,0.319023,0.469023,0.09863480925559998,0.5681047439575195,0.46946993470191956,0.8487172722816467,2.3366477489471436,0.7885928750038147,9,3,1,0,1,0,1,0.9907875061035156,-0.22248363494873047,0,stale,0.0,6,14,35,STALE_LENIENT,0,0,0,1,0,1,0.0,0.009213
margin,live-delta,6,0.0,0.307452,0.576036,0.170683,0.746094,0.319023,0.469023,0.0,0.4009496569633484,0.4009496569633484,0.6931471824645996,2.0,0.5,2,3,3,1,0,0,1,0.5,0.0,0,stale,0.0,6,15,147,STALE_LENIENT,0,0,0,1,0,1,0.0,0.5
margin,live-delta,6,0.0,0.307452,0.576036,0.170683,0.746094,0.319023,0.469023,0.0,0.5011003613471985,0.5011003613471985,2.5201034545898438,12.429882049560547,0.18406923115253448,20,3,3,1,1,0,1,0.7225191593170166,0.0,0,stale,0.0,6,16,152,STALE_LENIENT,0,0,0,1,0,6,0.0,0.277481
margin,live-delta,6,0.0,0.307452,0.576036,0.170683,0.746094,0.319023,0.469023,0.0,0.38686102628707886,0.38686102628707886,0.6931471824645996,2.0,0.5,2,3,3,1,0,0,1,0.5,0.0,0,stale,0.0,6,17,143,STALE_LENIENT,0,0,0,1,0,1,0.0,0.5
margin,live-delta,6,0.0,0.307452,0.576036,0.170683,0.746094,0.319023,0.469023,0.0,0.3627921938896179,0.3627921938896179,0.6931471824645996,2.0,0.5,2,3,3,1,0,0,1,0.5,0.0,0,stale,0.0,6,18,135,STALE_LENIENT,0,0,0,1,0,1,0.0,0.5
margin,live-delta,6,0.0,0.307452,0.576036,0.170683,0.746094,0.319023,0.469023,0.0,0.697227954864502,0.697227954864502,0.8621537089347839,2.368255853652954,0.48701685667037964,20,3,0,0,0,0,1,0.5020718574523926,0.0,0,stale,0.0,6,20,17,STALE_STRICT,0,0,1,1,0,9,0.0,0.497928
margin,live-delta,6,0.0,0.307452,0.576036,0.170683,0.746094,0.319023,0.469023,0.0,0.34342271089553833,0.34342271089553833,0.6931471824645996,2.0,0.5,2,3,0,0,0,0,1,0.5,0.0,0,stale,0.0,6,21,19,STALE_STRICT,0,0,1,1,0,1,0.0,0.5
margin,live-delta,6,0.0,0.307452,0.576036,0.170683,0.746094,0.319023,0.469023,0.0,0.32356974482536316,0.32356974482536316,0.6931471824645996,2.0,0.5,2,3,0,0,0,0,1,0.5,0.0,0,stale,0.0,6,23,5,STALE_STRICT,0,0,1,1,0,1,0.0,0.5
margin,live-delta,6,0.0,0.307452,0.576036,0.170683,0.746094,0.319023,0.469023,0.0,0.5750564336776733,0.5750564336776733,1.6983956098556519,5.465172290802002,0.3634963631629944,20,3,0,0,0,0,1,0.516345739364624,0.0,0,stale,0.0,6,24,17,STALE_STRICT,0,0,1,1,0,9,0.0,0.483654
margin,live-delta,6,0.0,0.307452,0.576036,0.170683,0.746094,0.319023,0.469023,0.0,0.37726834416389465,0.37726834416389465,1.2845795154571533,3.6131484508514404,0.3608018457889557,4,3,0,0,0,0,1,0.5,0.0,0,stale,0.0,6,25,26,STALE_STRICT,0,0,1,1,0,2,0.0,0.5
margin,live-delta,6,0.0,0.307452,0.576036,0.170683,0.746094,0.319023,0.469023,0.05207479000091553,0.40230363607406616,0.35022884607315063,1.7926926612854004,6.00560188293457,0.3602786660194397,7,3,1,0,1,0,1,0.6801393628120422,-0.05207479000091553,0,stale,0.0,6,26,52,STALE_LENIENT,0,0,0,1,0,3,0.0,0.319861
margin,live-delta,6,0.0,0.307452,0.576036,0.170683,0.746094,0.319023,0.469023,0.0,0.44835323095321655,0.44835323095321655,2.807814836502075,16.57366180419922,0.10091274231672287,20,3,3,1,0,0,1,0.5243695378303528,0.0,0,stale,0.0,6,27,145,STALE_LENIENT,0,0,0,1,0,9,0.0,0.47563
margin,live-delta,6,0.0,0.307452,0.576036,0.170683,0.746094,0.319023,0.469023,0.015471339225769043,0.32633835077285767,0.3108670115470886,-0.0,1.0,1.0,1,3,1,0,1,0,1,1.0,-0.015471339225769043,0,stale,0.0,6,28,39,BLENDED,0,0,0,0,0,0,0.0,0.0
margin,live-delta,6,0.0,0.307452,0.576036,0.170683,0.746094,0.319023,0.469023,0.03304928541183472,0.33918243646621704,0.3061331510543823,-0.0,1.0,1.0,1,3,1,0,1,0,1,1.0,-0.03304928541183472,0,stale,0.0,6,29,50,BLENDED,0,0,0,0,0,0,0.0,0.0
margin,live-delta,6,0.0,0.307452,0.576036,0.170683,0.746094,0.319023,0.469023,0.0,0.5200752019882202,0.5200752019882202,0.9095426201820374,2.4831864833831787,0.4772354066371918,6,3,3,1,0,0,1,0.5000000596046448,0.0,0,stale,0.0,6,30,145,STALE_LENIENT,0,0,0,1,0,3,0.0,0.5
margin,live-delta,6,0.0,0.307452,0.576036,0.170683,0.746094,0.319023,0.469023,0.0,0.4632206857204437,0.4632206857204437,2.093928813934326,8.116742134094238,0.23513753712177277,13,3,0,0,0,0,1,0.6065537333488464,0.0,0,stale,0.0,6,31,24,STALE_STRICT,0,0,1,1,0,4,0.0,0.393446
margin,live-delta,6,0.0,0.307452,0.576036,0.170683,0.746094,0.319023,0.469023,0.0,0.7049044370651245,0.7049044370651245,0.7687832713127136,2.157140016555786,0.4946259558200836,13,3,0,0,0,0,1,0.5002065896987915,0.0,0,stale,0.0,6,32,2,STALE_STRICT,0,0,1,1,0,6,0.0,0.499793
margin,live-delta,6,0.0,0.307452,0.576036,0.170683,0.746094,0.319023,0.469023,0.0,0.3594024181365967,0.3594024181365967,0.6931471824645996,2.0,0.5,2,3,0,0,0,0,1,0.5,0.0,0,stale,0.0,6,33,8,STALE_STRICT,0,0,1,1,0,1,0.0,0.5
margin,live-delta,6,0.0,0.307452,0.576036,0.170683,0.746094,0.319023,0.469023,0.0,0.32225531339645386,0.32225531339645386,0.6931471824645996,2.0,0.5,2,3,3,1,0,0,1,0.5,0.0,0,stale,0.0,6,34,149,STALE_LENIENT,0,0,0,1,0,1,0.0,0.5
margin,live-delta,6,0.0,0.307452,0.576036,0.170683,0.746094,0.319023,0.469023,0.0,0.5084764957427979,0.5084764957427979,2.4992785453796387,12.173707962036133,0.2303520292043686,20,3,0,0,0,0,1,0.5000000596046448,0.0,0,stale,0.0,6,35,2,STALE_STRICT,0,0,1,1,0,10,0.0,0.5
margin,live-delta,6,0.0,0.307452,0.576036,0.170683,0.746094,0.319023,0.469023,0.051814109086990356,0.33738306164741516,0.2855689525604248,-0.0,1.0,1.0,1,3,1,0,1,0,1,1.0,-0.051814109086990356,0,stale,0.0,6,36,44,BLENDED,0,0,0,0,0,0,0.0,0.0
margin,live-delta,6,0.0,0.307452,0.576036,0.170683,0.746094,0.319023,0.469023,0.07707512378692627,0.5940665006637573,0.516991376876831,1.2989516258239746,3.665452003479004,0.6243188977241516,13,3,1,0,1,0,1,0.8365426659584045,-0.07707512378692627,0,stale,0.0,6,37,54,STALE_LENIENT,0,0,0,1,0,4,0.0,0.163457
margin,live-delta,6,0.0,0.307452,0.576036,0.170683,0.746094,0.319023,0.469023,0.014270961284637451,0.5052318572998047,0.49096089601516724,2.5707738399505615,13.075939178466797,0.16685067117214203,20,3,1,0,3,1,1,0.618811309337616,-0.014270961284637451,0,stale,0.0,6,38,38,CORRECT,0,0,0,0,0,7,0.0,0.372208
margin,live-delta,6,0.0,0.307452,0.576036,0.170683,0.746094,0.319023,0.469023,0.0,0.36777836084365845,0.36777836084365845,1.3759464025497437,3.9588215351104736,0.28590309619903564,4,3,3,1,0,0,1,0.5,0.0,0,stale,0.0,6,39,131,STALE_LENIENT,0,0,0,1,0,2,0.0,0.5
margin,live-delta,6,0.0,0.307452,0.576036,0.170683,0.746094,0.319023,0.469023,0.0,0.47338902950286865,0.47338902950286865,2.4427638053894043,11.504794120788574,0.23351755738258362,20,3,0,0,3,1,1,0.5795443654060364,0.0,0,stale,0.0,6,40,2,CORRECT,0,0,0,0,0,7,0.0,0.409332
margin,live-delta,6,0.0,0.307452,0.576036,0.170683,0.746094,0.319023,0.469023,0.039655596017837524,0.4543263018131256,0.4146707057952881,2.423996925354004,11.290898323059082,0.2821468114852905,16,3,1,0,1,0,1,0.9018903374671936,-0.08841025829315186,0,stale,0.0,6,41,44,STALE_LENIENT,0,0,0,1,0,3,0.0,0.09811
margin,live-delta,6,0.0,0.307452,0.576036,0.170683,0.746094,0.319023,0.469023,0.0,0.4363560676574707,0.4363560676574707,1.9562525749206543,7.07277250289917,0.29809850454330444,11,3,0,0,0,0,1,0.5166647434234619,0.0,0,stale,0.0,6,44,20,STALE_STRICT,0,0,1,1,0,5,0.0,0.483335
margin,live-delta,6,0.0,0.307452,0.576036,0.170683,0.746094,0.319023,0.469023,0.15382620692253113,0.6251209378242493,0.47129473090171814,0.9204232096672058,2.510352611541748,0.8156513571739197,20,3,1,0,1,0,1,0.9406924247741699,-0.15382620692253113,0,stale,0.0,6,46,61,STALE_LENIENT,0,0,0,1,0,6,0.0,0.059308
margin,live-delta,6,0.0,0.307452,0.576036,0.170683,0.746094,0.319023,0.469023,0.0,0.5020971894264221,0.5020971894264221,2.0844264030456543,8.03997802734375,0.24315203726291656,20,3,3,1,3,1,1,0.5012683272361755,0.0,0,stale,0.0,6,47,149,CORRECT,0,0,0,0,0,9,0.0,0.491174
margin,live-delta,6,0.0,0.307452,0.576036,0.170683,0.746094,0.319023,0.469023,0.0,0.46319884061813354,0.46319884061813354,2.046882390975952,7.7437214851379395,0.24710875749588013,12,3,3,1,0,0,1,0.5000000596046448,0.0,0,stale,0.0,6,48,149,STALE_LENIENT,0,0,0,1,0,6,0.0,0.5
margin,live-delta,6,0.0,0.307452,0.576036,0.170683,0.746094,0.319023,0.469023,0.11248421669006348,0.5731854438781738,0.46070122718811035,0.8297714591026306,2.292794704437256,0.7806156873703003,7,3,1,0,1,0,1,0.8961093425750732,-0.11248421669006348,0,stale,0.0,6,49,52,STALE_LENIENT,0,0,0,1,0,2,0.0,0.103891
margin,live-delta,6,0.0,0.307452,0.576036,0.170683,0.746094,0.319023,0.469023,0.0,0.3467070162296295,0.3467070162296295,0.6931471824645996,2.0,0.5,2,3,3,1,0,0,1,0.5,0.0,0,stale,0.0,6,51,131,STALE_LENIENT,0,0,0,1,0,1,0.0,0.5
margin,live-delta,6,0.0,0.307452,0.576036,0.170683,0.746094,0.319023,0.469023,0.0,0.4511723518371582,0.4511723518371582,2.714662551879883,15.09951400756836,0.1234462633728981,20,3,0,0,0,0,1,0.5,0.0,0,stale,0.0,6,52,2,STALE_STRICT,0,0,1,1,0,10,0.0,0.5
margin,live-delta,6,0.0,0.307452,0.576036,0.170683,0.746094,0.319023,0.469023,0.0,0.6028329133987427,0.6028329133987427,1.3060742616653442,3.691652774810791,0.4381808042526245,20,3,3,1,3,1,1,0.5206827521324158,0.0,0,stale,0.0,6,54,130,CORRECT,0,0,0,0,0,7,0.0,0.476479
margin,live-delta,6,0.0,0.307452,0.576036,0.170683,0.746094,0.319023,0.469023,0.0,0.37228965759277344,0.37228965759277344,0.6931471824645996,2.0,0.5,2,3,3,1,0,0,1,0.5,0.0,0,stale,0.0,6,55,143,STALE_LENIENT,0,0,0,1,0,1,0.0,0.5
margin,live-delta,6,0.0,0.307452,0.576036,0.170683,0.746094,0.319023,0.469023,0.0,0.5061884522438049,0.5061884522438049,2.400913953781128,11.033255577087402,0.2418794333934784,20,3,0,0,3,1,1,0.5018401741981506,0.0,0,stale,0.0,6,56,17,CORRECT,0,0,0,0,0,9,0.0,0.488956
margin,live-delta,6,0.0,0.307452,0.576036,0.170683,0.746094,0.319023,0.469023,0.04630228877067566,0.5316430330276489,0.48534074425697327,1.328939437866211,3.7770354747772217,0.5713486075401306,10,3,1,0,1,0,1,0.9913672804832458,-0.20962217450141907,0,stale,0.0,6,57,36,STALE_LENIENT,0,0,0,1,0,1,0.0,0.008633
margin,live-delta,6,0.0,0.307452,0.576036,0.170683,0.746094,0.319023,0.469023,0.0,0.5414921045303345,0.5414921045303345,2.24247670173645,9.416625022888184,0.2283579260110855,20,3,3,1,3,1,1,0.536470890045166,0.0,0,stale,0.0,6,58,152,CORRECT,0,0,0,0,0,8,0.0,0.457021
margin,live-delta,6,0.0,0.307452,0.576036,0.170683,0.746094,0.319023,0.469023,0.0,0.4432842433452606,0.4432842433452606,2.1820220947265625,8.864212036132812,0.21306505799293518,13,3,0,0,0,0,1,0.5102788209915161,0.0,0,stale,0.0,6,59,30,STALE_STRICT,0,0,1,1,0,6,0.0,0.489721
margin,live-delta,6,0.0,0.307452,0.576036,0.170683,0.746094,0.319023,0.469023,0.0,0.34254103899002075,0.34254103899002075,0.6931471824645996,2.0,0.5,2,3,0,0,0,0,1,0.5,0.0,0,stale,0.0,6,60,26,STALE_STRICT,0,0,1,1,0,1,0.0,0.5
margin,live-delta,6,0.0,0.307452,0.576036,0.170683,0.746094,0.319023,0.469023,0.0,0.3937024772167206,0.3937024772167206,2.9114131927490234,18.38275909423828,0.10348113626241684,20,3,3,1,0,0,1,0.5410236120223999,0.0,0,stale,0.0,6,61,145,STALE_LENIENT,0,0,0,1,0,9,0.0,0.458976
margin,live-delta,6,0.0,0.307452,0.576036,0.170683,0.746094,0.319023,0.469023,0.0,0.5292019248008728,0.5292019248008728,2.156069040298462,8.637118339538574,0.24979254603385925,20,3,0,0,0,0,1,0.589163064956665,0.0,0,stale,0.0,6,62,17,STALE_STRICT,0,0,1,1,0,8,0.0,0.410837
margin,live-delta,6,0.0,0.307452,0.576036,0.170683,0.746094,0.319023,0.469023,0.0,0.5652796030044556,0.5652796030044556,1.4356969594955444,4.202572822570801,0.42139732837677,19,3,0,0,0,0,1,0.5045149326324463,0.0,0,stale,0.0,6,63,17,STALE_STRICT,0,0,1,1,0,9,0.0,0.495485
margin,live-delta,6,0.0,0.307452,0.576036,0.170683,0.746094,0.319023,0.469023,0.04837492108345032,0.5429256558418274,0.4945507347583771,2.177570104598999,8.824836730957031,0.3305009603500366,17,1,1,1,1,1,0,0.007707727607339621,0.22257667779922485,2,stale,0.0,6,64,49,CORRECT,0,0,0,0,0,1,0.0,0.003854
margin,live-delta,6,0.0,0.307452,0.576036,0.170683,0.746094,0.319023,0.469023,0.0578310489654541,0.6803346872329712,0.6225036382675171,1.787405014038086,5.9739298820495605,0.49222269654273987,20,1,1,1,1,1,0,0.023610342293977737,0.2098725438117981,2,stale,0.0,6,65,49,CORRECT,0,0,0,0,0,2,0.0,0.011805
margin,live-delta,6,0.0,0.307452,0.576036,0.170683,0.746094,0.319023,0.469023,0.0,0.44970446825027466,0.44970446825027466,1.1178388595581055,3.0582377910614014,0.4231942892074585,4,1,3,0,0,0,1,0.846388578414917,-0.07482990622520447,0,stale,0.0,6,66,136,STALE_LENIENT,0,0,0,1,0,1,0.0,0.423194
margin,live-delta,6,0.0,0.307452,0.576036,0.170683,0.746094,0.319023,0.469023,0.05244162678718567,0.4750416576862335,0.42260003089904785,1.3315943479537964,3.787076473236084,0.5615250468254089,7,1,1,1,1,1,0,0.06403613090515137,0.14321783185005188,2,stale,0.0,6,67,37,CORRECT,0,0,0,0,0,1,0.0,0.032018
margin,live-delta,6,0.0,0.307452,0.576036,0.170683,0.746094,0.319023,0.469023,0.012731552124023438,0.6514356136322021,0.6387040615081787,1.5776891708374023,4.84375,0.34658828377723694,19,1,1,1,1,1,0,0.0,0.33663100004196167,2,stale,0.0,6,68,55,CORRECT,0,0,0,0,0,0,0.0,0.0
margin,live-delta,6,0.0,0.307452,0.576036,0.170683,0.746094,0.319023,0.469023,0.09354734420776367,0.6738750338554382,0.5803276896476746,1.0283734798431396,2.796513557434082,0.7482486963272095,17,1,1,1,1,1,0,0.028322342783212662,0.22821015119552612,2,stale,0.0,6,69,41,CORRECT,0,0,0,0,0,2,0.0,0.014161
margin,live-delta,6,0.0,0.307452,0.576036,0.170683,0.746094,0.319023,0.469023,0.01679334044456482,0.36933305859565735,0.35253971815109253,1.3346672058105469,3.798731565475464,0.3663175106048584,4,1,1,1,1,1,0,0.0,0.1130172610282898,2,stale,0.0,6,70,37,CORRECT,0,0,0,0,0,0,0.0,0.0
margin,live-delta,6,0.0,0.307452,0.576036,0.170683,0.746094,0.319023,0.469023,0.0,0.6308947801589966,0.6308947801589966,1.7444829940795898,5.722941875457764,0.27447205781936646,20,1,3,0,1,1,1,0.5999099612236023,-0.014739274978637695,0,stale,0.0,6,71,152,CORRECT,0,0,0,0,0,4,0.0,0.299955
margin,live-delta,6,0.0,0.307452,0.576036,0.170683,0.746094,0.319023,0.469023,0.024614989757537842,0.7187014818191528,0.694086492061615,1.1877318620681763,3.2796339988708496,0.5512274503707886,20,1,1,1,1,1,0,0.0683930516242981,0.15931344032287598,2,stale,0.0,6,72,51,CORRECT,0,0,0,0,0,2,0.0,0.034197
margin,live-delta,6,0.0,0.307452,0.576036,0.170683,0.746094,0.319023,0.469023,0.05615776777267456,0.6409323215484619,0.5847745537757874,1.9419208765029907,6.97213077545166,0.40596750378608704,18,1,1,1,1,1,0,0.04290325567126274,0.18032974004745483,2,stale,0.0,6,73,41,CORRECT,0,0,0,0,0,2,0.0,0.021452
margin,live-delta,6,0.0,0.307452,0.576036,0.170683,0.746094,0.319023,0.469023,0.1365673840045929,0.5914551615715027,0.4548877775669098,0.9920123815536499,2.696655750274658,0.7741079330444336,10,1,1,1,1,1,1,0.1633148193359375,0.15459886193275452,2,stale,0.0,6,74,34,CORRECT,0,0,0,0,0,3,0.0,0.081657
margin,live-delta,6,0.0,0.307452,0.576036,0.170683,0.746094,0.319023,0.469023,0.09804320335388184,0.6537769436836243,0.5557337403297424,1.7868460416793823,5.9705915451049805,0.5602214336395264,20,1,1,1,1,1,0,0.0014743935316801071,0.2970042824745178,2,stale,0.0,6,75,49,CORRECT,0,0,0,0,0,0,0.0,0.0
margin,live-delta,6,0.0,0.307452,0.576036,0.170683,0.746094,0.319023,0.469023,0.07732564210891724,0.6243658065795898,0.5470401644706726,1.4804168939590454,4.394777297973633,0.6009604334831238,18,1,1,1,1,1,0,0.025024665519595146,0.2234358787536621,2,stale,0.0,6,76,58,CORRECT,0,0,0,0,0,2,0.0,0.012512
margin,live-delta,6,0.0,0.307452,0.576036,0.170683,0.746094,0.319023,0.469023,0.004162132740020752,0.4389645755290985,0.43480244278907776,1.6415849924087524,5.163346767425537,0.2745947539806366,6,1,1,1,1,1,1,0.32871946692466736,0.025661975145339966,1,stale,0.0,6,77,38,CORRECT,0,0,0,0,0,1,0.0,0.16436
margin,live-delta,6,0.0,0.307452,0.576036,0.170683,0.746094,0.319023,0.469023,0.21782022714614868,0.5824568271636963,0.3646366000175476,0.27106693387031555,1.311362862586975,0.9514477849006653,6,1,1,1,1,1,0,0.014338474720716476,0.24440926313400269,2,stale,0.0,6,78,37,CORRECT,0,0,0,0,0,1,0.0,0.007169
margin,live-delta,6,0.0,0.307452,0.576036,0.170683,0.746094,0.319023,0.469023,0.00254899263381958,0.5849636793136597,0.5824146866798401,2.1192715167999268,8.32507038116455,0.21549230813980103,20,1,1,1,1,1,0,0.02393774315714836,0.15678945183753967,2,stale,0.0,6,79,48,CORRECT,0,0,0,0,0,2,0.0,0.011969
margin,live-delta,6,0.0,0.307452,0.576036,0.170683,0.746094,0.319023,0.469023,0.002153635025024414,0.5883429050445557,0.5861892700195312,2.3365519046783447,10.345502853393555,0.21308748424053192,20,1,1,1,1,1,0,0.007060505449771881,0.21522527933120728,2,stale,0.0,6,80,48,CORRECT,0,0,0,0,0,2,0.0,0.004182
margin,live-delta,6,0.0,0.307452,0.576036,0.170683,0.746094,0.319023,0.469023,0.1268346905708313,0.623031497001648,0.49619680643081665,1.0565143823623657,2.8763277530670166,0.7686741352081299,16,1,1,1,1,1,0,0.03702792525291443,0.1863071322441101,2,stale,0.0,6,81,49,CORRECT,0,0,0,0,0,1,0.0,0.018514
margin,live-delta,6,0.0,0.307452,0.576036,0.170683,0.746094,0.319023,0.469023,0.009584307670593262,0.46435844898223877,0.4547741413116455,2.2779486179351807,9.756645202636719,0.22105208039283752,13,1,1,1,1,1,1,0.21940815448760986,0.07170343399047852,2,stale,0.0,6,82,53,CORRECT,0,0,0,0,0,3,0.0,0.109704
margin,live-delta,6,0.0,0.307452,0.576036,0.170683,0.746094,0.319023,0.469023,0.13681191205978394,0.6299456357955933,0.4931337237358093,1.3691121339797974,3.9318580627441406,0.7004754543304443,20,1,1,1,1,1,1,0.19147905707359314,0.13681191205978394,2,stale,0.0,6,83,38,CORRECT,0,0,0,0,0,7,0.0,0.094785
margin,live-delta,6,0.0,0.307452,0.576036,0.170683,0.746094,0.319023,0.469023,0.032746851444244385,0.5804134607315063,0.547666609287262,2.046370029449463,7.739755153656006,0.36469393968582153,17,1,1,1,1,1,0,0.0,0.35087868571281433,2,stale,0.0,6,84,44,CORRECT,0,0,0,0,0,0,0.0,0.0
margin,live-delta,6,0.0,0.307452,0.576036,0.170683,0.746094,0.319023,0.469023,0.024288594722747803,0.7276468276977539,0.7033582329750061,1.8550394773483276,6.391950607299805,0.3497331440448761,20,1,1,1,1,1,0,0.0,0.3990701138973236,2,stale,0.0,6,85,48,CORRECT,0,0,0,0,0,0,0.0,0.0
margin,live-delta,6,0.0,0.307452,0.576036,0.170683,0.746094,0.319023,0.469023,0.027054309844970703,0.5935630798339844,0.5665087699890137,2.296576976776123,9.940098762512207,0.27863121032714844,20,1,1,1,1,1,0,0.0012756221694871783,0.2693227529525757,2,stale,0.0,6,86,43,CORRECT,0,0,0,0,0,0,0.0,0.0
margin,live-delta,6,0.0,0.307452,0.576036,0.170683,0.746094,0.319023,0.469023,0.0,0.381297767162323,0.381297767162323,1.310804843902588,3.709157705307007,0.3084810674190521,4,1,3,0,1,1,1,0.6169621348381042,-0.00391995906829834,0,stale,0.0,6,87,148,CORRECT,0,0,0,0,0,1,0.0,0.308481
margin,live-delta,6,0.0,0.307452,0.576036,0.170683,0.746094,0.319023,0.469023,0.08866894245147705,0.6758197546005249,0.5871508121490479,0.7761010527610779,2.172983407974243,0.7761840224266052,9,1,1,1,1,1,0,0.0,0.3579227328300476,2,stale,0.0,6,88,45,CORRECT,0,0,0,0,0,0,0.0,0.0
margin,live-delta,6,0.0,0.307452,0.576036,0.170683,0.746094,0.319023,0.469023,0.0,0.7672025561332703,0.7672025561332703,1.5905342102050781,4.906369209289551,0.28935232758522034,16,1,3,0,0,0,1,0.9164416790008545,-0.07573270797729492,0,stale,0.0,6,89,159,STALE_LENIENT,0,0,0,1,0,2,0.0,0.458221
margin,live-delta,6,0.0,0.307452,0.576036,0.170683,0.746094,0.319023,0.469023,0.34611284732818604,0.9362046718597412,0.5900918245315552,0.0154546108096838,1.0155746936798096,0.9982652068138123,20,1,1,1,1,1,0,0.00018606883531901985,0.5132040977478027,2,stale,0.0,6,90,38,CORRECT,0,0,0,0,0,6,0.0,9.3e-05
margin,live-delta,6,0.0,0.307452,0.576036,0.170683,0.746094,0.319023,0.469023,0.07226181030273438,0.5792669057846069,0.5070050954818726,1.9578113555908203,7.083806037902832,0.4786304831504822,20,1,1,1,1,1,0,0.029430361464619637,0.20020031929016113,2,stale,0.0,6,91,54,CORRECT,0,0,0,0,0,3,0.0,0.014715
margin,live-delta,6,0.0,0.307452,0.576036,0.170683,0.746094,0.319023,0.469023,0.031079202890396118,0.410786896944046,0.3797076940536499,1.1288281679153442,3.0920310020446777,0.5326158404350281,4,1,1,1,1,1,1,0.18131981790065765,0.08853429555892944,2,stale,0.0,6,92,60,CORRECT,0,0,0,0,0,1,0.0,0.09066
margin,live-delta,6,0.0,0.307452,0.576036,0.170683,0.746094,0.319023,0.469023,0.10733836889266968,0.764479398727417,0.6571410298347473,0.887919008731842,2.430067539215088,0.7708999514579773,14,1,1,1,1,1,0,0.0,0.5251755714416504,2,stale,0.0,6,93,35,CORRECT,0,0,0,0,0,0,0.0,0.0
margin,live-delta,6,0.0,0.307452,0.576036,0.170683,0.746094,0.319023,0.469023,0.01648041605949402,0.5139942765235901,0.49751386046409607,2.6953330039978027,14.810449600219727,0.19925013184547424,20,1,1,1,1,1,0,0.08546416461467743,0.10119685530662537,2,stale,0.0,6,94,51,CORRECT,0,0,0,0,0,2,0.0,0.042732
margin,live-delta,6,0.0,0.307452,0.576036,0.170683,0.746094,0.319023,0.469023,0.01819002628326416,0.6271648406982422,0.608974814414978,1.8496801853179932,6.357785701751709,0.32442882657051086,20,1,1,1,1,1,0,0.04065599665045738,0.16906660795211792,2,stale,0.0,6,95,58,CORRECT,0,0,0,0,0,2,0.0,0.020328
margin,live-delta,6,0.0,0.307452,0.576036,0.170683,0.746094,0.319023,0.469023,0.11423242092132568,0.8080053329467773,0.6937729120254517,0.810276985168457,2.248530626296997,0.8141262531280518,17,1,1,1,1,1,0,0.0,0.5019088387489319,2,stale,0.0,6,96,35,CORRECT,0,0,0,0,0,0,0.0,0.0
margin,live-delta,6,0.0,0.307452,0.576036,0.170683,0.746094,0.319023,0.469023,0.05946579575538635,0.3648052513599396,0.3053394556045532,-0.0,1.0,1.0,1,1,1,1,1,1,0,0.0,0.05946579575538635,2,stale,0.0,6,97,60,CORRECT,0,0,0,0,0,0,0.0,0.0
margin,live-delta,6,0.0,0.307452,0.576036,0.170683,0.746094,0.319023,0.469023,0.010035574436187744,0.6971126794815063,0.6870771050453186,1.7807143926620483,5.934094429016113,0.2926981449127197,20,1,1,1,1,1,0,0.0,0.3806838095188141,2,stale,0.0,6,98,44,CORRECT,0,0,0,0,0,0,0.0,0.0
margin,live-delta,6,0.0,0.307452,0.576036,0.170683,0.746094,0.319023,0.469023,0.018743813037872314,0.5285130739212036,0.5097692608833313,1.2209948301315308,3.390559196472168,0.47932958602905273,6,1,1,1,1,1,0,0.0,0.2197067141532898,2,stale,0.0,6,99,36,CORRECT,0,0,0,0,0,0,0.0,0.0
margin,live-delta,6,0.0,0.307452,0.576036,0.170683,0.746094,0.319023,0.469023,0.07248342037200928,0.5363495945930481,0.4638661742210388,1.5661897659301758,4.7883687019348145,0.5714696645736694,13,1,1,1,1,1,0,0.0,0.22104230523109436,2,stale,0.0,6,100,48,CORRECT,0,0,0,0,0,0,0.0,0.0
margin,live-delta,6,0.0,0.307452,0.576036,0.170683,0.746094,0.319023,0.469023,0.007860779762268066,0.6223558783531189,0.6144950985908508,2.19323468208313,8.964162826538086,0.21491317451000214,20,1,1,1,1,1,0,0.017558565363287926,0.18231669068336487,2,stale,0.0,6,101,58,CORRECT,0,0,0,0,0,2,0.0,0.008779
margin,live-delta,6,0.0,0.307452,0.576036,0.170683,0.746094,0.319023,0.469023,0.11691057682037354,0.8418571949005127,0.7249466180801392,0.6194811463356018,1.8579638004302979,0.8579918146133423,20,1,1,1,1,1,0,0.0,0.5691530704498291,2,stale,0.0,6,102,35,CORRECT,0,0,0,0,0,0,0.0,0.0
margin,live-delta,6,0.0,0.307452,0.576036,0.170683,0.746094,0.319023,0.469023,0.05623912811279297,0.7818701267242432,0.7256309986114502,1.135296106338501,3.1120948791503906,0.6564984321594238,18,1,1,1,1,1,0,0.0,0.4816293716430664,2,stale,0.0,6,103,35,CORRECT,0,0,0,0,0,0,0.0,0.0
margin,live-delta,6,0.0,0.307452,0.576036,0.170683,0.746094,0.319023,0.469023,0.09437793493270874,0.7348703742027283,0.6404924392700195,1.0288350582122803,2.797804594039917,0.7303400635719299,17,1,1,1,1,1,0,0.0,0.5042364597320557,2,stale,0.0,6,104,62,CORRECT,0,0,0,0,0,0,0.0,0.0
margin,live-delta,6,0.0,0.307452,0.576036,0.170683,0.746094,0.319023,0.469023,0.05636519193649292,0.693533182144165,0.6371679902076721,1.541571855545044,4.6719279289245605,0.5125689506530762,18,1,1,1,1,1,0,0.0,0.3818409740924835,2,stale,0.0,6,105,35,CORRECT,0,0,0,0,0,0,0.0,0.0
margin,live-delta,6,0.0,0.307452,0.576036,0.170683,0.746094,0.319023,0.469023,0.12120801210403442,0.7400966286659241,0.6188886165618896,0.6892560124397278,1.9922327995300293,0.8500022888183594,16,1,1,1,1,1,0,0.0,0.4675822854042053,2,stale,0.0,6,106,35,CORRECT,0,0,0,0,0,0,0.0,0.0
margin,live-delta,6,0.0,0.307452,0.576036,0.170683,0.746094,0.319023,0.469023,0.016118645668029785,0.5859114527702332,0.5697928071022034,2.126347064971924,8.384183883666992,0.31519022583961487,20,1,1,1,1,1,0,0.0024993866682052612,0.24185654520988464,2,stale,0.0,6,107,45,CORRECT,0,0,0,0,0,1,0.0,0.002499
margin,live-delta,6,0.0,0.307452,0.576036,0.170683,0.746094,0.319023,0.469023,0.017119288444519043,0.453770250082016,0.43665096163749695,1.2509276866912842,3.4935824871063232,0.48614123463630676,6,1,1,1,1,1,1,0.16866248846054077,0.11738365888595581,2,stale,0.0,6,108,39,CORRECT,0,0,0,0,0,2,0.0,0.084331
margin,live-delta,6,0.0,0.307452,0.576036,0.170683,0.746094,0.319023,0.469023,0.02263900637626648,0.4125114977359772,0.3898724913597107,1.8575470447540283,6.407999038696289,0.3252948820590973,8,1,1,1,1,1,0,0.0,0.1386684775352478,2,stale,0.0,6,109,51,CORRECT,0,0,0,0,0,0,0.0,0.0
margin,live-delta,6,0.0,0.307452,0.576036,0.170683,0.746094,0.319023,0.469023,0.03018951416015625,0.5871216654777527,0.5569321513175964,2.4644949436187744,11.757542610168457,0.23436903953552246,20,1,1,1,1,1,0,0.025699924677610397,0.17510515451431274,2,stale,0.0,6,110,34,CORRECT,0,0,0,0,0,2,0.0,0.01285
margin,live-delta,6,0.0,0.307452,0.576036,0.170683,0.746094,0.319023,0.469023,0.008567750453948975,0.7654634714126587,0.7568957209587097,1.2151650190353394,3.3708503246307373,0.4734465777873993,19,1,1,1,1,1,0,0.046337276697158813,0.1714400053024292,2,stale,0.0,6,111,58,CORRECT,0,0,0,0,0,2,0.0,0.023169
margin,live-delta,6,0.0,0.307452,0.576036,0.170683,0.746094,0.319023,0.469023,0.06020635366439819,0.751206636428833,0.6910002827644348,1.2309601306915283,3.424515962600708,0.6449792385101318,20,1,1,1,1,1,0,0.011816134676337242,0.24918121099472046,2,stale,0.0,6,112,51,CORRECT,0,0,0,0,0,2,0.0,0.005908
margin,live-delta,6,0.0,0.307452,0.576036,0.170683,0.746094,0.319023,0.469023,0.07162246108055115,0.36166900396347046,0.2900465428829193,-0.0,1.0,1.0,1,1,1,1,1,1,0,0.0,0.07162246108055115,2,stale,0.0,6,113,38,CORRECT,0,0,0,0,0,0,0.0,0.0
margin,live-delta,6,0.0,0.307452,0.576036,0.170683,0.746094,0.319023,0.469023,0.005623340606689453,0.584922194480896,0.5792988538742065,2.0654523372650146,7.8888654708862305,0.2514986991882324,17,1,1,1,1,1,0,0.0,0.3896149694919586,2,stale,0.0,6,114,44,CORRECT,0,0,0,0,0,0,0.0,0.0
margin,live-delta,6,0.0,0.307452,0.576036,0.170683,0.746094,0.319023,0.469023,0.038063883781433105,0.7111191153526306,0.6730552315711975,1.632644534111023,5.117390155792236,0.4416007995605469,20,1,1,1,1,1,0,0.0018166361842304468,0.32796376943588257,2,stale,0.0,6,115,35,CORRECT,0,0,0,0,0,2,0.0,0.000908
margin,live-delta,6,0.0,0.307452,0.576036,0.170683,0.746094,0.319023,0.469023,0.0,0.40673741698265076,0.40673741698265076,2.507603168487549,12.275472640991211,0.12473271042108536,15,1,0,0,0,0,1,0.7819069027900696,-0.006686747074127197,0,stale,0.0,6,116,4,STALE_STRICT,0,0,1,1,0,6,0.0,0.390953
margin,live-delta,6,0.0,0.307452,0.576036,0.170683,0.746094,0.319023,0.469023,0.030077993869781494,0.3963008224964142,0.3662228286266327,0.6498799324035645,1.9153108596801758,0.6460130214691162,2,1,1,1,1,1,0,0.0,0.12943905591964722,2,stale,0.0,6,117,50,CORRECT,0,0,0,0,0,0,0.0,0.0
margin,live-delta,6,0.0,0.307452,0.576036,0.170683,0.746094,0.319023,0.469023,0.04059028625488281,0.6312181949615479,0.590627908706665,1.8425401449203491,6.312552452087402,0.47660574316978455,20,1,1,1,1,1,0,0.06783448904752731,0.16091442108154297,2,stale,0.0,6,118,51,CORRECT,0,0,0,0,0,2,0.0,0.033917
margin,live-delta,6,0.0,0.307452,0.576036,0.170683,0.746094,0.319023,0.469023,0.21062016487121582,0.8552870750427246,0.6446669101715088,0.14171580970287323,1.1522490978240967,0.9767232537269592,17,1,1,1,1,1,0,0.0,0.59217768907547,2,stale,0.0,6,119,35,CORRECT,0,0,0,0,0,0,0.0,0.0
margin,live-delta,6,0.0,0.307452,0.576036,0.170683,0.746094,0.319023,0.469023,0.012780368328094482,0.6218248605728149,0.6090444922447205,1.7377376556396484,5.684468746185303,0.28939175605773926,10,1,1,1,1,1,0,0.0,0.38568252325057983,2,stale,0.0,6,120,40,CORRECT,0,0,0,0,0,0,0.0,0.0
margin,live-delta,6,0.0,0.307452,0.576036,0.170683,0.746094,0.319023,0.469023,0.06796568632125854,0.6766427159309387,0.6086770296096802,1.0850847959518433,2.959690809249878,0.6912842392921448,20,1,1,1,1,1,0,0.007379887159913778,0.28373271226882935,2,stale,0.0,6,121,58,CORRECT,0,0,0,0,0,2,0.0,0.00369
margin,live-delta,6,0.0,0.307452,0.576036,0.170683,0.746094,0.319023,0.469023,0.0037984251976013184,0.7003782391548157,0.6965798139572144,1.880645751953125,6.557738304138184,0.25689488649368286,16,1,1,1,1,1,0,0.0,0.3948938548564911,2,stale,0.0,6,122,44,CORRECT,0,0,0,0,0,0,0.0,0.0
margin,live-delta,6,0.0,0.307452,0.576036,0.170683,0.746094,0.319023,0.469023,0.010840415954589844,0.5973057746887207,0.5864653587341309,1.3856186866760254,3.997298240661621,0.380845844745636,12,1,1,1,1,1,0,0.013828108087182045,0.2247844636440277,2,stale,0.0,6,123,37,CORRECT,0,0,0,0,0,2,0.0,0.006914
margin,live-delta,6,0.0,0.307452,0.576036,0.170683,0.746094,0.319023,0.469023,0.008288145065307617,0.6649891138076782,0.6567009687423706,1.8874399662017822,6.602444648742676,0.33128395676612854,20,1,1,1,1,1,0,0.0,0.3462510406970978,2,stale,0.0,6,124,44,CORRECT,0,0,0,0,0,0,0.0,0.0
margin,live-delta,6,0.0,0.307452,0.576036,0.170683,0.746094,0.319023,0.469023,0.0778813362121582,0.6159960031509399,0.5381146669387817,1.8089179992675781,6.10383939743042,0.5289283990859985,20,1,1,1,1,1,0,0.03121979348361492,0.2055698037147522,2,stale,0.0,6,125,46,CORRECT,0,0,0,0,0,2,0.0,0.01561
margin,live-delta,6,0.0,0.307452,0.576036,0.170683,0.746094,0.319023,0.469023,0.025856196880340576,0.5987674593925476,0.572911262512207,1.3386088609695435,3.813734292984009,0.49388617277145386,10,1,1,1,1,1,0,0.0,0.28255516290664673,2,stale,0.0,6,126,36,CORRECT,0,0,0,0,0,0,0.0,0.0
margin,live-delta,6,0.0,0.307452,0.576036,0.170683,0.746094,0.319023,0.469023,0.058422237634658813,0.5013746023178101,0.44295236468315125,1.5988504886627197,4.9473419189453125,0.495218425989151,10,1,1,1,1,1,1,0.38565462827682495,0.058422237634658813,2,stale,0.0,6,127,49,CORRECT,0,0,0,0,0,3,0.0,0.192827
margin,live-delta,6,0.0,0.307452,0.576036,0.170683,0.746094,0.319023,0.469023,0.051199525594711304,0.4693129062652588,0.4181133806705475,2.054908037185669,7.806119918823242,0.35056355595588684,11,2,2,1,2,1,0,0.0,0.3255454897880554,2,stale,0.0,6,128,90,CORRECT,0,0,0,0,0,0,0.0,0.0
margin,live-delta,6,0.0,0.307452,0.576036,0.170683,0.746094,0.319023,0.469023,0.07013922929763794,0.7858513593673706,0.7157121300697327,1.4498109817504883,4.2623090744018555,0.5626696348190308,18,2,2,1,2,1,0,0.0,0.5621412992477417,2,stale,0.0,6,129,66,CORRECT,0,0,0,0,0,0,0.0,0.0
margin,live-delta,6,0.0,0.307452,0.576036,0.170683,0.746094,0.319023,0.469023,0.011220335960388184,0.5333151817321777,0.5220948457717896,2.527959108352661,12.527912139892578,0.2001449167728424,20,2,2,1,2,1,0,0.0,0.2767532765865326,2,stale,0.0,6,130,89,CORRECT,0,0,0,0,0,0,0.0,0.0
margin,live-delta,6,0.0,0.307452,0.576036,0.170683,0.746094,0.319023,0.469023,0.012637853622436523,0.6034895181655884,0.5908516645431519,2.4179012775421143,11.222282409667969,0.16206440329551697,19,2,2,1,2,1,0,0.0,0.3956734538078308,2,stale,0.0,6,131,89,CORRECT,0,0,0,0,0,0,0.0,0.0
margin,live-delta,6,0.0,0.307452,0.576036,0.170683,0.746094,0.319023,0.469023,0.007689833641052246,0.47320014238357544,0.4655103087425232,2.3735101222991943,10.735007286071777,0.17417727410793304,15,2,2,1,2,1,0,0.0,0.19685113430023193,2,stale,0.0,6,132,66,CORRECT,0,0,0,0,0,0,0.0,0.0
margin,live-delta,6,0.0,0.307452,0.576036,0.170683,0.746094,0.319023,0.469023,0.1113135814666748,0.7755483388900757,0.6642347574234009,0.9191867709159851,2.5072505474090576,0.7782247066497803,19,2,2,1,2,1,0,0.0,0.5068159103393555,2,stale,0.0,6,133,66,CORRECT,0,0,0,0,0,0,0.0,0.0
margin,live-delta,6,0.0,0.307452,0.576036,0.170683,0.746094,0.319023,0.469023,0.052082359790802,0.806567370891571,0.754485011100769,1.6764622926712036,5.346607685089111,0.43562448024749756,17,2,2,1,2,1,0,0.0,0.6338892579078674,2,stale,0.0,6,134,90,CORRECT,0,0,0,0,0,0,0.0,0.0
margin,live-delta,6,0.0,0.307452,0.576036,0.170683,0.746094,0.319023,0.469023,0.09420961141586304,0.6574013233184814,0.5631917119026184,1.5033737421035767,4.496834754943848,0.609143853187561,16,2,2,1,2,1,0,0.0,0.5291342735290527,2,stale,0.0,6,135,82,CORRECT,0,0,0,0,0,0,0.0,0.0
margin,live-delta,6,0.0,0.307452,0.576036,0.170683,0.746094,0.319023,0.469023,0.0249253511428833,0.7994858026504517,0.7745604515075684,1.7615679502487183,5.821557998657227,0.3291374146938324,20,2,2,1,2,1,0,0.0,0.6274286508560181,2,stale,0.0,6,136,90,CORRECT,0,0,0,0,0,0,0.0,0.0
margin,live-delta,6,0.0,0.307452,0.576036,0.170683,0.746094,0.319023,0.469023,0.006651937961578369,0.33849817514419556,0.3318462371826172,0.6909396648406982,1.9955898523330688,0.5332106947898865,2,2,2,1,2,1,0,0.0,0.13798873126506805,2,stale,0.0,6,137,71,CORRECT,0,0,0,0,0,0,0.0,0.0
margin,live-delta,6,0.0,0.307452,0.576036,0.170683,0.746094,0.319023,0.469023,0.0,0.3282466232776642,0.3282466232776642,1.9455432891845703,6.997432231903076,0.14615988731384277,7,2,3,0,0,0,1,0.865715503692627,-0.00423702597618103,0,stale,0.0,6,138,143,STALE_LENIENT,0,0,0,1,0,3,0.0,0.432858
margin,live-delta,6,0.0,0.307452,0.576036,0.170683,0.746094,0.319023,0.469023,0.09123635292053223,0.6872193813323975,0.5959830284118652,1.574860692024231,4.830068588256836,0.6142562031745911,18,2,2,1,2,1,0,0.0,0.485442578792572,2,stale,0.0,6,139,89,CORRECT,0,0,0,0,0,0,0.0,0.0
margin,live-delta,6,0.0,0.307452,0.576036,0.170683,0.746094,0.319023,0.469023,0.05589607357978821,0.3627500832080841,0.3068540096282959,-0.0,1.0,1.0,1,2,2,1,2,1,0,0.0,0.10454699397087097,2,stale,0.0,6,140,69,CORRECT,0,0,0,0,0,0,0.0,0.0
margin,live-delta,6,0.0,0.307452,0.576036,0.170683,0.746094,0.319023,0.469023,0.010812044143676758,0.44517678022384644,0.4343647360801697,1.119913935661316,3.0645904541015625,0.46703583002090454,4,2,2,1,2,1,0,0.0,0.14185696840286255,2,stale,0.0,6,141,69,CORRECT,0,0,0,0,0,0,0.0,0.0
margin,live-delta,6,0.0,0.307452,0.576036,0.170683,0.746094,0.319023,0.469023,0.05206608772277832,0.8530226349830627,0.8009565472602844,1.6419907808303833,5.16544246673584,0.42676347494125366,18,2,2,1,2,1,0,0.0,0.7123686075210571,2,stale,0.0,6,142,90,CORRECT,0,0,0,0,0,0,0.0,0.0
margin,live-delta,6,0.0,0.307452,0.576036,0.170683,0.746094,0.319023,0.469023,0.10031759738922119,0.6833676099777222,0.583050012588501,1.4369826316833496,4.207979679107666,0.6262409687042236,16,2,2,1,2,1,0,0.0,0.5272771120071411,2,stale,0.0,6,143,82,CORRECT,0,0,0,0,0,0,0.0,0.0
margin,live-delta,6,0.0,0.307452,0.576036,0.170683,0.746094,0.319023,0.469023,0.04880225658416748,0.8525674939155579,0.8037652373313904,1.6083762645721436,4.994694709777832,0.48214149475097656,17,2,2,1,2,1,0,0.0,0.6044963598251343,2,stale,0.0,6,144,89,CORRECT,0,0,0,0,0,0,0.0,0.0
margin,live-delta,6,0.0,0.307452,0.576036,0.170683,0.746094,0.319023,0.469023,0.03140294551849365,0.7826350927352905,0.7512321472167969,1.5421220064163208,4.674499034881592,0.46693235635757446,20,2,2,1,2,1,0,0.0,0.6522859334945679,2,stale,0.0,6,145,84,CORRECT,0,0,0,0,0,0,0.0,0.0
margin,live-delta,6,0.0,0.307452,0.576036,0.170683,0.746094,0.319023,0.469023,0.004274606704711914,0.41310304403305054,0.4088284373283386,2.270806312561035,9.68720817565918,0.17791707813739777,11,2,2,1,2,1,0,0.0,0.1873474270105362,2,stale,0.0,6,146,74,CORRECT,0,0,0,0,0,0,0.0,0.0
margin,live-delta,6,0.0,0.307452,0.576036,0.170683,0.746094,0.319023,0.469023,0.021624654531478882,0.3686990737915039,0.347074419260025,1.5632294416427612,4.774214267730713,0.3153736889362335,5,2,2,1,2,1,1,0.16237971186637878,0.033191025257110596,1,stale,0.0,6,147,69,CORRECT,0,0,0,0,0,0,0.0,0.0
margin,live-delta,6,0.0,0.307452,0.576036,0.170683,0.746094,0.319023,0.469023,0.013248085975646973,0.7050842046737671,0.6918361186981201,2.080617666244507,8.009414672851562,0.284298837184906,16,2,2,1,2,1,0,0.0,0.4755760133266449,2,stale,0.0,6,148,89,CORRECT,0,0,0,0,0,0,0.0,0.0
margin,live-delta,6,0.0,0.307452,0.576036,0.170683,0.746094,0.319023,0.469023,0.0018193721771240234,0.8310966491699219,0.8292772769927979,1.5970749855041504,4.938565731048584,0.3157031834125519,18,2,2,1,2,1,0,0.0,0.7122912406921387,2,stale,0.0,6,149,90,CORRECT,0,0,0,0,0,0,0.0,0.0
margin,live-delta,6,0.0,0.307452,0.576036,0.170683,0.746094,0.319023,0.469023,0.0414484441280365,0.4598776698112488,0.4184292256832123,2.0653743743896484,7.888250350952148,0.31799983978271484,11,2,2,1,2,1,0,0.0,0.35048341751098633,2,stale,0.0,6,150,82,CORRECT,0,0,0,0,0,0,0.0,0.0
margin,live-delta,6,0.0,0.307452,0.576036,0.170683,0.746094,0.319023,0.469023,0.027109801769256592,0.47001543641090393,0.44290563464164734,2.2149505615234375,9.160956382751465,0.26319608092308044,13,2,2,1,2,1,0,0.0,0.18030139803886414,2,stale,0.0,6,151,79,CORRECT,0,0,0,0,0,0,0.0,0.0
margin,live-delta,6,0.0,0.307452,0.576036,0.170683,0.746094,0.319023,0.469023,0.005340278148651123,0.8188492059707642,0.813508927822113,2.0147547721862793,7.49888801574707,0.27624621987342834,20,2,2,1,2,1,0,0.0,0.6028050780296326,2,stale,0.0,6,152,84,CORRECT,0,0,0,0,0,0,0.0,0.0
margin,live-delta,6,0.0,0.307452,0.576036,0.170683,0.746094,0.319023,0.469023,0.020387768745422363,0.727567195892334,0.7071794271469116,1.5090367794036865,4.522372722625732,0.4268149733543396,18,2,2,1,2,1,0,0.0,0.5479637384414673,2,stale,0.0,6,153,90,CORRECT,0,0,0,0,0,0,0.0,0.0
margin,live-delta,6,0.0,0.307452,0.576036,0.170683,0.746094,0.319023,0.469023,0.01642930507659912,0.6028136014938354,0.5863842964172363,2.305279493331909,10.02698040008545,0.25609248876571655,18,2,2,1,2,1,0,0.0,0.4060813784599304,2,stale,0.0,6,155,90,CORRECT,0,0,0,0,0,0,0.0,0.0
margin,live-delta,6,0.0,0.307452,0.576036,0.170683,0.746094,0.319023,0.469023,0.021501898765563965,0.5590934753417969,0.5375915765762329,2.240121364593506,9.394471168518066,0.25516465306282043,15,2,2,1,2,1,0,0.0,0.3610961139202118,2,stale,0.0,6,157,74,CORRECT,0,0,0,0,0,0,0.0,0.0
margin,live-delta,6,0.0,0.307452,0.576036,0.170683,0.746094,0.319023,0.469023,0.01916298270225525,0.45646974444389343,0.4373067617416382,2.039222002029419,7.684628486633301,0.30357277393341064,11,2,2,1,2,1,0,0.0,0.18081408739089966,2,stale,0.0,6,158,79,CORRECT,0,0,0,0,0,0,0.0,0.0
margin,live-delta,6,0.0,0.307452,0.576036,0.170683,0.746094,0.319023,0.469023,0.02462470531463623,0.63222336769104,0.6075986623764038,2.0689449310302734,7.916466236114502,0.29706498980522156,20,2,2,1,2,1,0,0.0,0.429174542427063,2,stale,0.0,6,159,90,CORRECT,0,0,0,0,0,0,0.0,0.0
margin,live-delta,6,0.0,0.307452,0.576036,0.170683,0.746094,0.319023,0.469023,0.042462825775146484,0.5661683678627014,0.5237055420875549,1.7622156143188477,5.825329780578613,0.4287070631980896,14,2,2,1,2,1,0,0.0,0.3182640075683594,2,stale,0.0,6,160,87,CORRECT,0,0,0,0,0,0,0.0,0.0
margin,live-delta,6,0.0,0.307452,0.576036,0.170683,0.746094,0.319023,0.469023,0.03060382604598999,0.5303032398223877,0.4996994137763977,2.310600757598877,10.08047866821289,0.25235021114349365,16,2,2,1,2,1,0,0.0,0.2477591633796692,2,stale,0.0,6,161,74,CORRECT,0,0,0,0,0,0,0.0,0.0
margin,live-delta,6,0.0,0.307452,0.576036,0.170683,0.746094,0.319023,0.469023,0.020775914192199707,0.6862285137176514,0.6654525995254517,1.6884857416152954,5.411280632019043,0.3926495909690857,17,2,2,1,2,1,0,0.0,0.5588211417198181,2,stale,0.0,6,162,90,CORRECT,0,0,0,0,0,0,0.0,0.0
margin,live-delta,6,0.0,0.307452,0.576036,0.170683,0.746094,0.319023,0.469023,0.01699221134185791,0.3676166534423828,0.3506244421005249,1.3418328762054443,3.8260498046875,0.36792218685150146,4,2,2,1,2,1,0,0.0,0.15878048539161682,2,stale,0.0,6,163,70,CORRECT,0,0,0,0,0,0,0.0,0.0
margin,live-delta,6,0.0,0.307452,0.576036,0.170683,0.746094,0.319023,0.469023,0.03744542598724365,0.5544109344482422,0.5169655084609985,1.9496723413467407,7.0263848304748535,0.41085582971572876,14,2,2,1,2,1,0,0.0,0.396892249584198,2,stale,0.0,6,164,89,CORRECT,0,0,0,0,0,0,0.0,0.0
margin,live-delta,6,0.0,0.307452,0.576036,0.170683,0.746094,0.319023,0.469023,0.04330688714981079,0.7212452292442322,0.6779383420944214,1.7272982597351074,5.625434875488281,0.4276404082775116,18,2,2,1,2,1,0,0.0,0.5843628644943237,2,stale,0.0,6,165,90,CORRECT,0,0,0,0,0,0,0.0,0.0
margin,live-delta,6,0.0,0.307452,0.576036,0.170683,0.746094,0.319023,0.469023,0.003607511520385742,0.7778502702713013,0.7742427587509155,1.9944956302642822,7.3484954833984375,0.27842503786087036,19,2,2,1,2,1,0,0.0,0.5958204865455627,2,stale,0.0,6,166,84,CORRECT,0,0,0,0,0,0,0.0,0.0
margin,live-delta,6,0.0,0.307452,0.576036,0.170683,0.746094,0.319023,0.469023,0.007624030113220215,0.5461317300796509,0.5385076999664307,1.67781662940979,5.353853702545166,0.3137633800506592,14,2,2,1,2,1,0,0.0,0.2284112572669983,2,stale,0.0,6,167,87,CORRECT,0,0,0,0,0,0,0.0,0.0
margin,live-delta,6,0.0,0.307452,0.576036,0.170683,0.746094,0.319023,0.469023,0.11162027716636658,0.4376020133495331,0.3259817361831665,0.318168580532074,1.3746079206466675,0.9031220078468323,2,2,2,1,2,1,0,0.0,0.21021851897239685,2,stale,0.0,6,168,71,CORRECT,0,0,0,0,0,0,0.0,0.0
margin,live-delta,6,0.0,0.307452,0.576036,0.170683,0.746094,0.319023,0.469023,0.02289295196533203,0.5277668237686157,0.5048738718032837,2.2221405506134033,9.227060317993164,0.24671722948551178,16,2,2,1,2,1,0,0.0,0.34557726979255676,2,stale,0.0,6,169,64,CORRECT,0,0,0,0,0,0,0.0,0.0
margin,live-delta,6,0.0,0.307452,0.576036,0.170683,0.746094,0.319023,0.469023,0.025896310806274414,0.6113731861114502,0.5854768753051758,2.464552640914917,11.758220672607422,0.21843385696411133,20,2,2,1,2,1,0,0.0,0.3930767774581909,2,stale,0.0,6,170,89,CORRECT,0,0,0,0,0,0,0.0,0.0
margin,live-delta,6,0.0,0.307452,0.576036,0.170683,0.746094,0.319023,0.469023,0.1614026129245758,0.5188366174697876,0.3574340045452118,0.31093913316726685,1.3647061586380005,0.9273049235343933,3,2,2,1,2,1,0,0.0,0.3164824843406677,2,stale,0.0,6,171,71,CORRECT,0,0,0,0,0,0,0.0,0.0
margin,live-delta,6,0.0,0.307452,0.576036,0.170683,0.746094,0.319023,0.469023,0.08951789140701294,0.41775548458099365,0.3282375931739807,0.4104239344596863,1.507456660270691,0.8569710850715637,2,2,2,1,2,1,0,0.0,0.21190357208251953,2,stale,0.0,6,172,71,CORRECT,0,0,0,0,0,0,0.0,0.0
margin,live-delta,6,0.0,0.307452,0.576036,0.170683,0.746094,0.319023,0.469023,0.019540131092071533,0.7261701822280884,0.7066300511360168,1.7025277614593506,5.487801551818848,0.3384018540382385,19,2,2,1,2,1,0,0.0,0.5258231163024902,2,stale,0.0,6,174,84,CORRECT,0,0,0,0,0,0,0.0,0.0
margin,live-delta,6,0.0,0.307452,0.576036,0.170683,0.746094,0.319023,0.469023,0.001257866621017456,0.4005606472492218,0.39930278062820435,1.824389100074768,6.199007034301758,0.22572122514247894,7,2,2,1,2,1,0,0.0,0.20247027277946472,2,stale,0.0,6,175,85,CORRECT,0,0,0,0,0,0,0.0,0.0
margin,live-delta,6,0.0,0.307452,0.576036,0.170683,0.746094,0.319023,0.469023,0.008577108383178711,0.709463357925415,0.7008862495422363,1.9076852798461914,6.737475395202637,0.3312693238258362,17,2,2,1,2,1,0,0.0,0.5632714629173279,2,stale,0.0,6,176,65,CORRECT,0,0,0,0,0,0,0.0,0.0
margin,live-delta,6,0.0,0.307452,0.576036,0.170683,0.746094,0.319023,0.469023,0.008091270923614502,0.5726185441017151,0.5645272731781006,2.1784133911132812,8.832282066345215,0.234345942735672,19,2,2,1,2,1,0,0.0,0.35414767265319824,2,stale,0.0,6,177,74,CORRECT,0,0,0,0,0,0,0.0,0.0
margin,live-delta,6,0.0,0.307452,0.576036,0.170683,0.746094,0.319023,0.469023,0.07999742031097412,0.7938531041145325,0.7138556838035583,1.244541049003601,3.471341371536255,0.6329076290130615,16,2,2,1,2,1,0,0.0,0.6809784173965454,2,stale,0.0,6,178,90,CORRECT,0,0,0,0,0,0,0.0,0.0
margin,live-delta,6,0.0,0.307452,0.576036,0.170683,0.746094,0.319023,0.469023,0.01630270481109619,0.7674540281295776,0.7511513233184814,1.4857743978500366,4.4183855056762695,0.43703535199165344,20,2,2,1,2,1,0,0.0,0.6261707544326782,2,stale,0.0,6,179,64,CORRECT,0,0,0,0,0,0,0.0,0.0
margin,live-delta,6,0.0,0.307452,0.576036,0.170683,0.746094,0.319023,0.469023,0.03030848503112793,0.8509020209312439,0.820593535900116,1.5760717391967773,4.835921764373779,0.43658846616744995,18,2,2,1,2,1,0,0.0,0.720429003238678,2,stale,0.0,6,180,90,CORRECT,0,0,0,0,0,0,0.0,0.0
margin,live-delta,6,0.0,0.307452,0.576036,0.170683,0.746094,0.319023,0.469023,0.007976055145263672,0.8307018280029297,0.822725772857666,1.6631430387496948,5.275866985321045,0.3594586253166199,16,2,2,1,2,1,0,0.0,0.5800230503082275,2,stale,0.0,6,181,74,CORRECT,0,0,0,0,0,0,0.0,0.0
margin,live-delta,6,0.0,0.307452,0.576036,0.170683,0.746094,0.319023,0.469023,0.06229439377784729,0.3948099911212921,0.3325155973434448,0.5311936140060425,1.7009613513946533,0.776587188243866,2,2,2,1,2,1,0,0.0,0.20360982418060303,2,stale,0.0,6,182,91,CORRECT,0,0,0,0,0,0,0.0,0.0
margin,live-delta,6,0.0,0.307452,0.576036,0.170683,0.746094,0.319023,0.469023,0.027524173259735107,0.5402094721794128,0.5126852989196777,2.0217952728271484,7.551870346069336,0.3601636290550232,16,2,2,1,2,1,0,0.0,0.4117984473705292,2,stale,0.0,6,183,82,CORRECT,0,0,0,0,0,0,0.0,0.0
margin,live-delta,6,0.0,0.307452,0.576036,0.170683,0.746094,0.319023,0.469023,0.06895595788955688,0.7991049289703369,0.73014897108078,1.4198620319366455,4.136549472808838,0.5433827638626099,18,2,2,1,2,1,0,0.0,0.6681656241416931,2,stale,0.0,6,184,90,CORRECT,0,0,0,0,0,0,0.0,0.0
margin,live-delta,6,0.0,0.307452,0.576036,0.170683,0.746094,0.319023,0.469023,0.03261613845825195,0.4169046878814697,0.3842885494232178,1.3965799808502197,4.041354656219482,0.45080217719078064,5,2,2,1,2,1,0,0.0,0.16200831532478333,2,stale,0.0,6,185,87,CORRECT,0,0,0,0,0,0,0.0,0.0
margin,live-delta,6,0.0,0.307452,0.576036,0.170683,0.746094,0.319023,0.469023,0.10802942514419556,0.49873656034469604,0.3907071352005005,1.730025291442871,5.640796661376953,0.5619090795516968,13,2,2,1,2,1,0,0.05009704828262329,0.12086889147758484,2,stale,0.0,6,186,72,CORRECT,0,0,0,0,0,0,0.0,0.0
margin,live-delta,6,0.0,0.307452,0.576036,0.170683,0.746094,0.319023,0.469023,0.001587986946105957,0.5414755344390869,0.539887547492981,2.131625175476074,8.428553581237793,0.2527570426464081,16,2,2,1,2,1,0,0.0,0.32606571912765503,2,stale,0.0,6,187,89,CORRECT,0,0,0,0,0,0,0.0,0.0
margin,live-delta,6,0.0,0.307452,0.576036,0.170683,0.746094,0.319023,0.469023,0.009970366954803467,0.721244215965271,0.7112738490104675,1.593491792678833,4.920901775360107,0.3632270097732544,18,2,2,1,2,1,0,0.0,0.5688634514808655,2,stale,0.0,6,188,90,CORRECT,0,0,0,0,0,0,0.0,0.0
margin,live-delta,6,0.0,0.307452,0.576036,0.170683,0.746094,0.319023,0.469023,0.027580201625823975,0.8041415214538574,0.7765613198280334,1.7622681856155396,5.82563591003418,0.33697500824928284,19,2,2,1,2,1,0,0.0,0.6601616740226746,2,stale,0.0,6,189,90,CORRECT,0,0,0,0,0,0,0.0,0.0
margin,live-delta,6,0.0,0.307452,0.576036,0.170683,0.746094,0.319023,0.469023,0.014406383037567139,0.39838850498199463,0.3839821219444275,1.6626744270324707,5.273395538330078,0.3187454044818878,6,2,2,1,2,1,1,0.19428366422653198,0.047782719135284424,1,stale,0.0,6,190,88,CORRECT,0,0,0,0,0,0,0.0,0.0
margin,live-delta,6,0.0,0.307452,0.576036,0.170683,0.746094,0.319023,0.469023,0.013999998569488525,0.32778435945510864,0.3137843608856201,-0.0,1.0,1.0,1,2,2,1,2,1,0,0.0,0.1285451352596283,2,stale,0.0,6,191,87,CORRECT,0,0,0,0,0,0,0.0,0.0
margin,live-delta,6,0.0,0.307452,0.576036,0.170683,0.746094,0.319023,0.469023,0.17678111791610718,0.6894976496696472,0.51271653175354,0.6661783456802368,1.946783185005188,0.8801348805427551,20,3,3,1,3,1,0,0.0015006690518930554,0.3187081813812256,2,stale,0.0,6,192,103,CORRECT,0,0,0,0,0,0,0.0,0.0
margin,live-delta,6,0.0,0.307452,0.576036,0.170683,0.746094,0.319023,0.469023,0.2501198649406433,0.8384618759155273,0.588342010974884,0.15056200325489044,1.1624873876571655,0.9777723550796509,18,3,3,1,3,1,0,0.0,0.5976263284683228,2,stale,0.0,6,193,110,CORRECT,0,0,0,0,0,0,0.0,0.0
margin,live-delta,6,0.0,0.307452,0.576036,0.170683,0.746094,0.319023,0.469023,0.12315046787261963,0.7314360737800598,0.6082856059074402,0.9822870492935181,2.6705570220947266,0.7913287878036499,20,3,3,1,3,1,0,0.0,0.4771263003349304,2,stale,0.0,6,194,116,CORRECT,0,0,0,0,0,0,0.0,0.0
margin,live-delta,6,0.0,0.307452,0.576036,0.170683,0.746094,0.319023,0.469023,0.05098092555999756,0.6020346879959106,0.5510537624359131,1.8126444816589355,6.1266279220581055,0.4704047739505768,20,3,3,1,3,1,0,0.0,0.35551363229751587,2,stale,0.0,6,195,96,CORRECT,0,0,0,0,0,0,0.0,0.0
margin,live-delta,6,0.0,0.307452,0.576036,0.170683,0.746094,0.319023,0.469023,0.09636414051055908,0.6056495904922485,0.5092854499816895,1.9922740459442139,7.332188606262207,0.5024775266647339,20,3,3,1,3,1,0,0.0,0.3226177990436554,2,stale,0.0,6,196,118,CORRECT,0,0,0,0,0,0,0.0,0.0
margin,live-delta,6,0.0,0.307452,0.576036,0.170683,0.746094,0.319023,0.469023,0.017229735851287842,0.4229623079299927,0.40573257207870483,2.403005838394165,11.056360244750977,0.19827647507190704,13,3,3,1,3,1,0,0.0,0.13656413555145264,2,stale,0.0,6,197,120,CORRECT,0,0,0,0,0,0,0.0,0.0
margin,live-delta,6,0.0,0.307452,0.576036,0.170683,0.746094,0.319023,0.469023,0.0004450678825378418,0.663228452205658,0.6627833843231201,1.1281198263168335,3.089841604232788,0.44084692001342773,9,3,3,1,3,1,0,0.0,0.43403884768486023,2,stale,0.0,6,198,115,CORRECT,0,0,0,0,0,0,0.0,0.0
margin,live-delta,6,0.0,0.307452,0.576036,0.170683,0.746094,0.319023,0.469023,0.04778146743774414,0.5894176363945007,0.5416361689567566,2.1574342250823975,8.648918151855469,0.41060587763786316,20,3,3,1,3,1,0,0.0,0.35544294118881226,2,stale,0.0,6,199,103,CORRECT,0,0,0,0,0,0,0.0,0.0
margin,live-delta,6,0.0,0.307452,0.576036,0.170683,0.746094,0.319023,0.469023,0.016924381256103516,0.5788602828979492,0.5619359016418457,2.10457444190979,8.203611373901367,0.28718093037605286,20,3,3,1,3,1,0,0.0,0.25708454847335815,2,stale,0.0,6,200,120,CORRECT,0,0,0,0,0,0,0.0,0.0
margin,live-delta,6,0.0,0.307452,0.576036,0.170683,0.746094,0.319023,0.469023,0.08788466453552246,0.7313388586044312,0.6434541940689087,1.1194512844085693,3.0631728172302246,0.7111095190048218,20,3,3,1,3,1,0,0.0,0.5794543027877808,2,stale,0.0,6,201,102,CORRECT,0,0,0,0,0,0,0.0,0.0
margin,live-delta,6,0.0,0.307452,0.576036,0.170683,0.746094,0.319023,0.469023,0.08769881725311279,0.692467451095581,0.6047686338424683,0.8465144038200378,2.3315060138702393,0.7853072285652161,20,3,3,1,3,1,0,0.0,0.48868000507354736,2,stale,0.0,6,202,114,CORRECT,0,0,0,0,0,0,0.0,0.0
margin,live-delta,6,0.0,0.307452,0.576036,0.170683,0.746094,0.319023,0.469023,0.03672116994857788,0.7536641359329224,0.7169429659843445,1.852864384651184,6.378062725067139,0.37012144923210144,20,3,3,1,3,1,0,0.0,0.58802330493927,2,stale,0.0,6,203,102,CORRECT,0,0,0,0,0,0,0.0,0.0
margin,live-delta,6,0.0,0.307452,0.576036,0.170683,0.746094,0.319023,0.469023,0.01258617639541626,0.6234400272369385,0.6108538508415222,1.8416856527328491,6.3071608543396,0.2947951555252075,18,3,3,1,3,1,0,0.0030808926094323397,0.22805306315422058,2,stale,0.0,6,204,120,CORRECT,0,0,0,0,0,0,0.0,0.0
margin,live-delta,6,0.0,0.307452,0.576036,0.170683,0.746094,0.319023,0.469023,0.12952852249145508,0.8142807483673096,0.6847522258758545,0.7591400742530823,2.1364383697509766,0.832633376121521,20,3,3,1,3,1,0,0.0,0.6377133131027222,2,stale,0.0,6,206,102,CORRECT,0,0,0,0,0,0,0.0,0.0
margin,live-delta,6,0.0,0.307452,0.576036,0.170683,0.746094,0.319023,0.469023,0.010855257511138916,0.7418167591094971,0.7309615015983582,1.8727407455444336,6.506103515625,0.3286619186401367,20,3,3,1,3,1,0,0.0,0.564441978931427,2,stale,0.0,6,207,126,CORRECT,0,0,0,0,0,0,0.0,0.0
margin,live-delta,6,0.0,0.307452,0.576036,0.170683,0.746094,0.319023,0.469023,0.31014442443847656,0.938294529914856,0.6281501054763794,0.023927897214889526,1.0242164134979248,0.9969357252120972,11,3,3,1,3,1,0,0.0,0.6507328748703003,2,stale,0.0,6,208,122,CORRECT,0,0,0,0,0,0,0.0,0.0
margin,live-delta,6,0.0,0.307452,0.576036,0.170683,0.746094,0.319023,0.469023,0.20055639743804932,0.6931475400924683,0.49259114265441895,0.46155619621276855,1.5865410566329956,0.9218500852584839,20,3,3,1,3,1,0,0.0,0.4239552617073059,2,stale,0.0,6,209,114,CORRECT,0,0,0,0,0,0,0.0,0.0
margin,live-delta,6,0.0,0.307452,0.576036,0.170683,0.746094,0.319023,0.469023,0.1260668933391571,0.4007601737976074,0.2746932804584503,-0.0,1.0,1.0,1,3,3,1,3,1,0,0.0,0.1310916543006897,2,stale,0.0,6,210,122,CORRECT,0,0,0,0,0,0,0.0,0.0
margin,live-delta,6,0.0,0.307452,0.576036,0.170683,0.746094,0.319023,0.469023,0.10023805499076843,0.42242056131362915,0.3221825063228607,0.3643348217010498,1.4395561218261719,0.8812959790229797,2,3,3,1,3,1,0,0.0,0.19192704558372498,2,stale,0.0,6,211,100,CORRECT,0,0,0,0,0,0,0.0,0.0
margin,live-delta,6,0.0,0.307452,0.576036,0.170683,0.746094,0.319023,0.469023,0.029310405254364014,0.429783433675766,0.400473028421402,2.0382373332977295,7.677064895629883,0.28561681509017944,9,3,2,0,3,1,1,0.28561681509017944,-0.029310405254364014,0,stale,0.0,6,212,72,CORRECT,0,0,0,0,0,0,0.0,0.0
margin,live-delta,6,0.0,0.307452,0.576036,0.170683,0.746094,0.319023,0.469023,0.03714936971664429,0.8875680565834045,0.8504186868667603,1.6866893768310547,5.401568412780762,0.43470388650894165,20,3,3,1,3,1,0,0.0,0.7825043797492981,2,stale,0.0,6,213,106,CORRECT,0,0,0,0,0,0,0.0,0.0
margin,live-delta,6,0.0,0.307452,0.576036,0.170683,0.746094,0.319023,0.469023,0.04747101664543152,0.44041067361831665,0.39293965697288513,1.4195277690887451,4.135167121887207,0.5099478363990784,6,3,3,1,3,1,0,0.0,0.1263270378112793,2,stale,0.0,6,214,99,CORRECT,0,0,0,0,0,0,0.0,0.0
margin,live-delta,6,0.0,0.307452,0.576036,0.170683,0.746094,0.319023,0.469023,0.004091382026672363,0.8561554551124573,0.8520640730857849,1.9033674001693726,6.708446502685547,0.2543230950832367,20,3,3,1,3,1,0,0.0,0.6750622987747192,2,stale,0.0,6,215,111,CORRECT,0,0,0,0,0,0,0.0,0.0
margin,live-delta,6,0.0,0.307452,0.576036,0.170683,0.746094,0.319023,0.469023,0.02332526445388794,0.8350045084953308,0.8116792440414429,1.7444543838500977,5.7227783203125,0.3435414731502533,20,3,3,1,3,1,0,0.0,0.7101004123687744,2,stale,0.0,6,216,127,CORRECT,0,0,0,0,0,0,0.0,0.0
margin,live-delta,6,0.0,0.307452,0.576036,0.170683,0.746094,0.319023,0.469023,0.025778532028198242,0.78267902135849,0.7569004893302917,2.0339953899383545,7.64456844329834,0.31839659810066223,20,3,3,1,3,1,0,0.0,0.6660486459732056,2,stale,0.0,6,217,127,CORRECT,0,0,0,0,0,0,0.0,0.0
margin,live-delta,6,0.0,0.307452,0.576036,0.170683,0.746094,0.319023,0.469023,0.010915875434875488,0.8731348514556885,0.862218976020813,1.7354894876480103,5.671703338623047,0.3073282539844513,20,3,3,1,3,1,0,0.0,0.7605646848678589,2,stale,0.0,6,218,125,CORRECT,0,0,0,0,0,0,0.0,0.0
margin,live-delta,6,0.0,0.307452,0.576036,0.170683,0.746094,0.319023,0.469023,0.07246661186218262,0.8534470200538635,0.7809804081916809,1.5856167078018188,4.882301330566406,0.5344051718711853,20,3,3,1,3,1,0,0.0,0.5936151146888733,2,stale,0.0,6,219,105,CORRECT,0,0,0,0,0,0,0.0,0.0
margin,live-delta,6,0.0,0.307452,0.576036,0.170683,0.746094,0.319023,0.469023,0.07581859827041626,0.6874869465827942,0.6116683483123779,0.9430850744247437,2.5678913593292236,0.721484899520874,15,3,3,1,3,1,0,0.005987560376524925,0.29558390378952026,2,stale,0.0,6,220,122,CORRECT,0,0,0,0,0,0,0.0,0.0
margin,live-delta,6,0.0,0.307452,0.576036,0.170683,0.746094,0.319023,0.469023,0.001756131649017334,0.8375440835952759,0.8357879519462585,2.000593423843384,7.393442153930664,0.18294775485992432,20,3,3,1,3,1,0,0.0,0.7359657883644104,2,stale,0.0,6,221,106,CORRECT,0,0,0,0,0,0,0.0,0.0
margin,live-delta,6,0.0,0.307452,0.576036,0.170683,0.746094,0.319023,0.469023,0.012435197830200195,0.5919559001922607,0.5795207023620605,1.4798606634140015,4.392333507537842,0.3343736231327057,12,3,3,1,3,1,0,0.0,0.3724329471588135,2,stale,0.0,6,222,122,CORRECT,0,0,0,0,0,0,0.0,0.0
margin,live-delta,6,0.0,0.307452,0.576036,0.170683,0.746094,0.319023,0.469023,0.1421467661857605,0.74917072057724,0.6070239543914795,0.6820639967918396,1.9779560565948486,0.8544352650642395,20,3,3,1,3,1,0,0.0,0.6529428362846375,2,stale,0.0,6,223,98,CORRECT,0,0,0,0,0,0,0.0,0.0
margin,live-delta,6,0.0,0.307452,0.576036,0.170683,0.746094,0.319023,0.469023,0.21937918663024902,0.8214820027351379,0.6021028161048889,0.17166277766227722,1.1872774362564087,0.973246693611145,19,3,3,1,3,1,0,0.0,0.6802964210510254,2,stale,0.0,6,224,110,CORRECT,0,0,0,0,0,0,0.0,0.0
margin,live-delta,6,0.0,0.307452,0.576036,0.170683,0.746094,0.319023,0.469023,0.017391085624694824,0.8623713254928589,0.8449802398681641,1.735216498374939,5.670155048370361,0.3217872381210327,20,3,3,1,3,1,0,0.0,0.7513468265533447,2,stale,0.0,6,225,105,CORRECT,0,0,0,0,0,0,0.0,0.0
margin,live-delta,6,0.0,0.307452,0.576036,0.170683,0.746094,0.319023,0.469023,0.14155244827270508,0.7440454959869385,0.6024930477142334,0.5486926436424255,1.7309885025024414,0.8748032450675964,10,3,3,1,3,1,0,0.0,0.6083049774169922,2,stale,0.0,6,226,96,CORRECT,0,0,0,0,0,0,0.0,0.0
margin,live-delta,6,0.0,0.307452,0.576036,0.170683,0.746094,0.319023,0.469023,0.009824693202972412,0.8616310954093933,0.8518064022064209,1.378121018409729,3.967439889907837,0.4070499837398529,20,3,3,1,3,1,0,0.0,0.7183105945587158,2,stale,0.0,6,227,97,CORRECT,0,0,0,0,0,0,0.0,0.0
margin,live-delta,6,0.0,0.307452,0.576036,0.170683,0.746094,0.319023,0.469023,0.1868841052055359,0.7295669317245483,0.5426828265190125,0.20821966230869293,1.2314836978912354,0.9637648463249207,12,3,3,1,3,1,0,0.0,0.6021155714988708,2,stale,0.0,6,228,110,CORRECT,0,0,0,0,0,0,0.0,0.0
margin,live-delta,6,0.0,0.307452,0.576036,0.170683,0.746094,0.319023,0.469023,0.020042985677719116,0.5192570686340332,0.4992140829563141,2.5358052253723145,12.626593589782715,0.17952296137809753,20,3,3,1,3,1,0,0.0,0.1971248984336853,2,stale,0.0,6,229,119,CORRECT,0,0,0,0,0,0,0.0,0.0
margin,live-delta,6,0.0,0.307452,0.576036,0.170683,0.746094,0.319023,0.469023,0.0030614137649536133,0.7558149099349976,0.752753496170044,2.0031323432922363,7.412237167358398,0.24354742467403412,20,3,3,1,3,1,0,0.0,0.5923832058906555,2,stale,0.0,6,230,102,CORRECT,0,0,0,0,0,0,0.0,0.0
margin,live-delta,6,0.0,0.307452,0.576036,0.170683,0.746094,0.319023,0.469023,0.02777397632598877,0.8631192445755005,0.8353452682495117,1.8201956748962402,6.173066139221191,0.34694555401802063,20,3,3,1,3,1,0,0.0,0.69650799036026,2,stale,0.0,6,231,125,CORRECT,0,0,0,0,0,0,0.0,0.0
margin,live-delta,6,0.0,0.307452,0.576036,0.170683,0.746094,0.319023,0.469023,0.0031142234802246094,0.6046508550643921,0.6015366315841675,1.994081735610962,7.345454692840576,0.23943795263767242,20,3,3,1,3,1,0,0.0,0.3869871497154236,2,stale,0.0,6,232,115,CORRECT,0,0,0,0,0,0,0.0,0.0
margin,live-delta,6,0.0,0.307452,0.576036,0.170683,0.746094,0.319023,0.469023,0.01851475238800049,0.7026830911636353,0.6841683387756348,2.3669567108154297,10.664886474609375,0.20359563827514648,20,3,3,1,3,1,0,0.0,0.5461775064468384,2,stale,0.0,6,233,127,CORRECT,0,0,0,0,0,0,0.0,0.0
margin,live-delta,6,0.0,0.307452,0.576036,0.170683,0.746094,0.319023,0.469023,0.01128321886062622,0.4718627333641052,0.460579514503479,1.780622959136963,5.933551788330078,0.29269838333129883,9,3,3,1,3,1,0,0.03979834169149399,0.09976586699485779,2,stale,0.0,6,234,99,CORRECT,0,0,0,0,0,0,0.0,0.0
margin,live-delta,6,0.0,0.307452,0.576036,0.170683,0.746094,0.319023,0.469023,0.027986109256744385,0.8835732936859131,0.8555871844291687,1.5740151405334473,4.825986385345459,0.425830215215683,20,3,3,1,3,1,0,0.0,0.7006120085716248,2,stale,0.0,6,235,125,CORRECT,0,0,0,0,0,0,0.0,0.0
margin,live-delta,6,0.0,0.307452,0.576036,0.170683,0.746094,0.319023,0.469023,0.015972495079040527,0.809628963470459,0.7936564683914185,1.605930209159851,4.982492446899414,0.3595678210258484,20,3,3,1,3,1,0,0.0,0.6345729827880859,2,stale,0.0,6,236,112,CORRECT,0,0,0,0,0,0,0.0,0.0
margin,live-delta,6,0.0,0.307452,0.576036,0.170683,0.746094,0.319023,0.469023,0.18761926889419556,0.7911852598190308,0.6035659909248352,0.3539438247680664,1.4246751070022583,0.9400763511657715,20,3,3,1,3,1,0,0.0,0.5610560178756714,2,stale,0.0,6,237,110,CORRECT,0,0,0,0,0,0,0.0,0.0
margin,live-delta,6,0.0,0.307452,0.576036,0.170683,0.746094,0.319023,0.469023,0.0336647629737854,0.8508002758026123,0.8171355128288269,1.76056706905365,5.815734386444092,0.3842830955982208,20,3,3,1,3,1,0,0.0,0.6989814043045044,2,stale,0.0,6,238,105,CORRECT,0,0,0,0,0,0,0.0,0.0
margin,live-delta,6,0.0,0.307452,0.576036,0.170683,0.746094,0.319023,0.469023,0.1614556908607483,0.7561558485031128,0.5947001576423645,0.346627801656723,1.414290189743042,0.9347375631332397,17,3,3,1,3,1,0,0.0,0.6322998404502869,2,stale,0.0,6,239,110,CORRECT,0,0,0,0,0,0,0.0,0.0
margin,live-delta,6,0.0,0.307452,0.576036,0.170683,0.746094,0.319023,0.469023,0.006048679351806641,0.6312018632888794,0.6251531839370728,2.0294220447540283,7.609686851501465,0.3157705068588257,20,3,3,1,3,1,0,0.0,0.45505237579345703,2,stale,0.0,6,240,113,CORRECT,0,0,0,0,0,0,0.0,0.0
margin,live-delta,6,0.0,0.307452,0.576036,0.170683,0.746094,0.319023,0.469023,0.004112362861633301,0.7422609329223633,0.73814857006073,2.0436136722564697,7.718451023101807,0.2253294438123703,20,3,3,1,3,1,0,0.0,0.597240686416626,2,stale,0.0,6,241,101,CORRECT,0,0,0,0,0,0,0.0,0.0
margin,live-delta,6,0.0,0.307452,0.576036,0.170683,0.746094,0.319023,0.469023,0.004317045211791992,0.8364173769950867,0.8321003317832947,2.039419651031494,7.686147212982178,0.22145666182041168,20,3,3,1,3,1,0,0.0,0.7108869552612305,2,stale,0.0,6,242,125,CORRECT,0,0,0,0,0,0,0.0,0.0
margin,live-delta,6,0.0,0.307452,0.576036,0.170683,0.746094,0.319023,0.469023,0.04702085256576538,0.45911580324172974,0.41209495067596436,2.333545207977295,10.314443588256836,0.3107520043849945,15,3,3,1,3,1,0,0.0,0.22644346952438354,2,stale,0.0,6,243,118,CORRECT,0,0,0,0,0,0,0.0,0.0
margin,live-delta,6,0.0,0.307452,0.576036,0.170683,0.746094,0.319023,0.469023,0.10091966390609741,0.7671535611152649,0.6662338972091675,1.1288321018218994,3.092043161392212,0.6994472146034241,20,3,3,1,3,1,0,0.0,0.48336267471313477,2,stale,0.0,6,244,120,CORRECT,0,0,0,0,0,0,0.0,0.0
margin,live-delta,6,0.0,0.307452,0.576036,0.170683,0.746094,0.319023,0.469023,0.03122866153717041,0.8901559114456177,0.8589272499084473,1.192240595817566,3.294454574584961,0.5376148819923401,20,3,3,1,3,1,0,0.0,0.7685378789901733,2,stale,0.0,6,245,97,CORRECT,0,0,0,0,0,0,0.0,0.0
margin,live-delta,6,0.0,0.307452,0.576036,0.170683,0.746094,0.319023,0.469023,0.48767468333244324,0.8059310913085938,0.3182564079761505,-0.0,1.0,1.0,1,3,3,1,3,1,0,0.0,0.6626580953598022,2,stale,0.0,6,246,100,CORRECT,0,0,0,0,0,0,0.0,0.0
margin,live-delta,6,0.0,0.307452,0.576036,0.170683,0.746094,0.319023,0.469023,0.002940237522125244,0.5670374035835266,0.5640971660614014,2.2715771198272705,9.69467830657959,0.23685093224048615,20,3,3,1,3,1,0,0.0,0.4298700988292694,2,stale,0.0,6,248,101,CORRECT,0,0,0,0,0,0,0.0,0.0
margin,live-delta,6,0.0,0.307452,0.576036,0.170683,0.746094,0.319023,0.469023,0.01873636245727539,0.6796143651008606,0.6608780026435852,1.9736518859863281,7.196910858154297,0.29880520701408386,18,3,3,1,3,1,0,0.0,0.5658657550811768,2,stale,0.0,6,249,105,CORRECT,0,0,0,0,0,0,0.0,0.0
margin,live-delta,6,0.0,0.307452,0.576036,0.170683,0.746094,0.319023,0.469023,0.05136531591415405,0.7388730645179749,0.6875077486038208,1.4365373849868774,4.206106662750244,0.5618289709091187,20,3,3,1,3,1,0,0.0,0.5477907657623291,2,stale,0.0,6,250,114,CORRECT,0,0,0,0,0,0,0.0,0.0
margin,live-delta,6,0.0,0.307452,0.576036,0.170683,0.746094,0.319023,0.469023,0.13544273376464844,0.6935679912567139,0.5581252574920654,0.7351569533348083,2.0858092308044434,0.8522759675979614,20,3,3,1,3,1,0,0.0,0.42063069343566895,2,stale,0.0,6,251,120,CORRECT,0,0,0,0,0,0,0.0,0.0
margin,live-delta,6,0.0,0.307452,0.576036,0.170683,0.746094,0.319023,0.469023,0.04568326473236084,0.8082558512687683,0.7625725865364075,1.9747440814971924,7.204775810241699,0.4014061391353607,20,3,3,1,3,1,0,0.0,0.6864441633224487,2,stale,0.0,6,252,127,CORRECT,0,0,0,0,0,0,0.0,0.0
margin,live-delta,6,0.0,0.307452,0.576036,0.170683,0.746094,0.319023,0.469023,0.06185990571975708,0.7299630641937256,0.6681031584739685,1.8280168771743774,6.221536159515381,0.48660099506378174,20,3,3,1,3,1,0,0.0,0.5752080678939819,2,stale,0.0,6,253,114,CORRECT,0,0,0,0,0,0,0.0,0.0
margin,live-delta,6,0.0,0.307452,0.576036,0.170683,0.746094,0.319023,0.469023,0.05214470624923706,0.5976381301879883,0.5454934239387512,1.870353102684021,6.4905877113342285,0.48225247859954834,20,3,3,1,3,1,0,0.0,0.4311729371547699,2,stale,0.0,6,254,102,CORRECT,0,0,0,0,0,0,0.0,0.0
margin,live-delta,6,0.0,0.307452,0.576036,0.170683,0.746094,0.319023,0.469023,0.009095430374145508,0.6186673641204834,0.6095719337463379,2.38944149017334,10.907400131225586,0.20700059831142426,20,3,3,1,3,1,0,0.0,0.25513458251953125,2,stale,0.0,6,255,117,CORRECT,0,0,0,0,0,0,0.0,0.0
margin,live-delta,7,0.0,0.307452,0.576036,0.133572,0.933594,0.328724,0.478724,0.0,0.5616472959518433,0.5616472959518433,2.2441933155059814,9.4328031539917,0.22381088137626648,20,3,3,1,3,1,1,0.3308906555175781,0.0,0,stale,0.0,6,0,135,CORRECT,0,0,0,0,0,6,0.0,0.330891
margin,live-delta,7,0.0,0.307452,0.576036,0.133572,0.933594,0.328724,0.478724,0.0,0.4198814332485199,0.4198814332485199,1.7419390678405762,5.708401679992676,0.2476085126399994,7,3,3,1,3,1,1,0.3706555962562561,0.0,0,stale,0.0,6,1,128,CORRECT,0,0,0,0,0,2,0.0,0.314672
margin,live-delta,7,0.0,0.307452,0.576036,0.133572,0.933594,0.328724,0.478724,0.0,0.490217924118042,0.490217924118042,1.1564228534698486,3.1785428524017334,0.3287164568901062,4,3,3,1,3,1,1,0.3425670862197876,0.0,0,stale,0.0,6,2,177,CORRECT,0,0,0,0,0,1,0.0,0.328716
margin,live-delta,7,0.0,0.307452,0.576036,0.133572,0.933594,0.328724,0.478724,0.0,0.4598029851913452,0.4598029851913452,2.9214015007019043,18.567291259765625,0.08070215582847595,20,3,3,1,3,1,1,0.3415304720401764,0.0,0,stale,0.0,6,3,167,CORRECT,0,0,0,0,0,7,0.0,0.34153
margin,live-delta,7,0.0,0.307452,0.576036,0.133572,0.933594,0.328724,0.478724,0.0393713116645813,0.49600115418434143,0.45662984251976013,2.7518625259399414,15.671793937683105,0.19166043400764465,20,3,1,0,1,0,1,0.6305353045463562,-0.0393713116645813,0,stale,0.0,6,4,43,STALE_LENIENT,0,0,0,1,0,4,0.0,0.184732
margin,live-delta,7,0.0,0.307452,0.576036,0.133572,0.933594,0.328724,0.478724,0.0,0.42364418506622314,0.42364418506622314,2.6644716262817383,14.360360145568848,0.130979984998703,19,3,0,0,3,1,1,0.34731894731521606,0.0,0,stale,0.0,6,5,17,CORRECT,0,0,0,0,0,6,0.0,0.326341
margin,live-delta,7,0.0,0.307452,0.576036,0.133572,0.933594,0.328724,0.478724,0.0,0.5367840528488159,0.5367840528488159,2.656510829925537,14.24649429321289,0.15273213386535645,20,3,0,0,3,1,1,0.43810856342315674,0.0,0,stale,0.0,6,6,24,CORRECT,0,0,0,0,0,5,0.0,0.266739
margin,live-delta,7,0.0,0.307452,0.576036,0.133572,0.933594,0.328724,0.478724,0.01738610863685608,0.3785971701145172,0.36121106147766113,1.3737086057662964,3.94997239112854,0.320627361536026,4,3,1,0,3,1,1,0.5470849275588989,-0.01738610863685608,0,stale,0.0,6,7,61,CORRECT,0,0,0,0,0,1,0.0,0.226458
margin,live-delta,7,0.0,0.307452,0.576036,0.133572,0.933594,0.328724,0.478724,0.0845651924610138,0.45839157700538635,0.37382638454437256,1.7400848865509033,5.697826862335205,0.4930868148803711,9,3,1,0,1,0,1,0.7665759325027466,-0.10400882363319397,0,stale,0.0,6,8,52,STALE_LENIENT,0,0,0,1,0,2,0.0,0.116712
margin,live-delta,7,0.0,0.307452,0.576036,0.133572,0.933594,0.328724,0.478724,0.0,0.4691773056983948,0.4691773056983948,2.5652289390563965,13.00363540649414,0.12893635034561157,20,3,0,0,3,1,1,0.35743579268455505,0.0,0,stale,0.0,6,9,29,CORRECT,0,0,0,0,0,7,0.0,0.333616
margin,live-delta,7,0.0,0.307452,0.576036,0.133572,0.933594,0.328724,0.478724,0.0,0.6366702318191528,0.6366702318191528,1.350846290588379,3.8606913089752197,0.3164311647415161,17,3,3,1,3,1,1,0.34867504239082336,0.0,0,stale,0.0,6,10,184,CORRECT,0,0,0,0,0,5,0.0,0.325662
margin,live-delta,7,0.0,0.307452,0.576036,0.133572,0.933594,0.328724,0.478724,0.0,0.3495281934738159,0.3495281934738159,1.7778451442718506,5.917092323303223,0.19440549612045288,6,3,0,0,3,1,1,0.3333333730697632,0.0,0,stale,0.0,6,12,13,CORRECT,0,0,0,0,0,2,0.0,0.333333
margin,live-delta,7,0.0,0.307452,0.576036,0.133572,0.933594,0.328724,0.478724,0.09863480925559998,0.5681047439575195,0.46946993470191956,0.8929274082183838,2.4422686100006104,0.7813941240310669,10,3,1,0,1,0,1,0.9817429780960083,-0.22248363494873047,0,stale,0.0,6,14,35,STALE_LENIENT,0,0,0,1,0,1,0.0,0.009129
margin,live-delta,7,0.0,0.307452,0.576036,0.133572,0.933594,0.328724,0.478724,0.0,0.4009496569633484,0.4009496569633484,1.0986123085021973,3.0,0.3333333432674408,3,3,3,1,3,1,1,0.3333333432674408,0.0,0,stale,0.0,6,15,179,CORRECT,0,0,0,0,0,1,0.0,0.333333
margin,live-delta,7,0.0,0.307452,0.576036,0.133572,0.933594,0.328724,0.478724,0.0,0.5011003613471985,0.5011003613471985,2.5805282592773438,13.204111099243164,0.15216882526874542,20,3,3,1,3,1,1,0.5788179039955139,0.0,0,stale,0.0,6,16,184,CORRECT,0,0,0,0,0,5,0.0,0.221915
margin,live-delta,7,0.0,0.307452,0.576036,0.133572,0.933594,0.328724,0.478724,0.0,0.38686102628707886,0.38686102628707886,1.0986123085021973,3.0,0.3333333432674408,3,3,3,1,3,1,1,0.3333333432674408,0.0,0,stale,0.0,6,17,175,CORRECT,0,0,0,0,0,1,0.0,0.333333
margin,live-delta,7,0.0,0.307452,0.576036,0.133572,0.933594,0.328724,0.478724,0.0,0.3627921938896179,0.3627921938896179,1.0986123085021973,3.0,0.3333333432674408,3,3,3,1,3,1,1,0.3333333432674408,0.0,0,stale,0.0,6,18,135,CORRECT,0,0,0,0,0,1,0.0,0.333333
margin,live-delta,7,0.0,0.307452,0.576036,0.133572,0.933594,0.328724,0.478724,0.0,0.697227954864502,0.697227954864502,1.2398539781570435,3.455108880996704,0.3259058892726898,20,3,3,1,3,1,1,0.3351818919181824,0.0,0,stale,0.0,6,20,177,CORRECT,0,0,0,0,0,6,0.0,0.332409
margin,live-delta,7,0.0,0.307452,0.576036,0.133572,0.933594,0.328724,0.478724,0.0,0.34342271089553833,0.34342271089553833,1.0986123085021973,3.0,0.3333333432674408,3,3,3,1,3,1,1,0.3333333432674408,0.0,0,stale,0.0,6,21,147,CORRECT,0,0,0,0,0,1,0.0,0.333333
margin,live-delta,7,0.0,0.307452,0.576036,0.133572,0.933594,0.328724,0.478724,0.0,0.5750564336776733,0.5750564336776733,1.954708456993103,7.061860084533691,0.25064173340797424,20,3,3,1,3,1,1,0.34836113452911377,0.0,0,stale,0.0,6,24,177,CORRECT,0,0,0,0,0,6,0.0,0.325819
margin,live-delta,7,0.0,0.307452,0.576036,0.133572,0.933594,0.328724,0.478724,0.0,0.37726834416389465,0.37726834416389465,1.6900445222854614,5.419722080230713,0.24053455889225006,6,3,0,0,3,1,1,0.3333333432674408,0.0,0,stale,0.0,6,25,26,CORRECT,0,0,0,0,0,2,0.0,0.333333
margin,live-delta,7,0.0,0.307452,0.576036,0.133572,0.933594,0.328724,0.478724,0.05207479000091553,0.40230363607406616,0.35022884607315063,2.1755592823028564,8.807108879089355,0.2729671895503998,10,3,1,0,3,1,1,0.5153114199638367,-0.05207479000091553,0,stale,0.0,6,26,52,CORRECT,0,0,0,0,0,3,0.0,0.242344
margin,live-delta,7,0.0,0.307452,0.576036,0.133572,0.933594,0.328724,0.478724,0.0,0.44835323095321655,0.44835323095321655,2.8885488510131836,17.96721839904785,0.07850179821252823,20,3,0,0,3,1,1,0.31840944290161133,0.0,0,stale,0.0,6,27,17,CORRECT,0,0,0,0,0,6,0.0,0.318409
margin,live-delta,7,0.0,0.307452,0.576036,0.133572,0.933594,0.328724,0.478724,0.03304928541183472,0.33918243646621704,0.3061331510543823,-0.0,1.0,1.0,1,3,1,0,1,0,1,1.0,-0.03304928541183472,0,stale,0.0,6,29,50,BLENDED,0,0,0,0,0,0,0.0,0.0
margin,live-delta,7,0.0,0.307452,0.576036,0.133572,0.933594,0.328724,0.478724,0.0,0.5200752019882202,0.5200752019882202,1.2187540531158447,3.382970094680786,0.32470420002937317,6,3,3,1,3,1,1,0.3333333432674408,0.0,0,stale,0.0,6,30,145,CORRECT,0,0,0,0,0,2,0.0,0.333333
margin,live-delta,7,0.0,0.307452,0.576036,0.133572,0.933594,0.328724,0.478724,0.0,0.4632206857204437,0.4632206857204437,2.237459897994995,9.369501113891602,0.17647628486156464,13,3,3,1,3,1,1,0.4321858882904053,0.0,0,stale,0.0,6,31,152,CORRECT,0,0,0,0,0,3,0.0,0.283907
margin,live-delta,7,0.0,0.307452,0.576036,0.133572,0.933594,0.328724,0.478724,0.0,0.7049044370651245,0.7049044370651245,1.1688051223754883,3.2181451320648193,0.3299642503261566,16,3,0,0,3,1,1,0.3335171043872833,0.0,0,stale,0.0,6,32,2,CORRECT,0,0,0,0,0,5,0.0,0.333241
margin,live-delta,7,0.0,0.307452,0.576036,0.133572,0.933594,0.328724,0.478724,0.0,0.3594024181365967,0.3594024181365967,1.0986123085021973,3.0,0.3333333432674408,3,3,3,1,3,1,1,0.3333333432674408,0.0,0,stale,0.0,6,33,168,CORRECT,0,0,0,0,0,1,0.0,0.333333
margin,live-delta,7,0.0,0.307452,0.576036,0.133572,0.933594,0.328724,0.478724,0.0,0.5084764957427979,0.5084764957427979,2.6009232997894287,13.476175308227539,0.17170897126197815,20,3,0,0,3,1,1,0.33858683705329895,0.0,0,stale,0.0,6,35,2,CORRECT,0,0,0,0,0,7,0.0,0.338587
margin,live-delta,7,0.0,0.307452,0.576036,0.133572,0.933594,0.328724,0.478724,0.051814109086990356,0.33738306164741516,0.2855689525604248,-0.0,1.0,1.0,1,3,1,0,1,0,1,1.0,-0.051814109086990356,0,stale,0.0,6,36,44,BLENDED,0,0,0,0,0,0,0.0,0.0
margin,live-delta,7,0.0,0.307452,0.576036,0.133572,0.933594,0.328724,0.478724,0.07707512378692627,0.5940665006637573,0.516991376876831,1.6102361679077148,5.003993034362793,0.5366067290306091,17,3,1,0,1,0,1,0.7190146446228027,-0.07707512378692627,0,stale,0.0,6,37,54,STALE_LENIENT,0,0,0,1,0,4,0.0,0.140493
margin,live-delta,7,0.0,0.307452,0.576036,0.133572,0.933594,0.328724,0.478724,0.014270961284637451,0.5052318572998047,0.49096089601516724,2.7335047721862793,15.386719703674316,0.12791728973388672,20,3,1,0,3,1,1,0.45937350392341614,-0.014270961284637451,0,stale,0.0,6,38,38,CORRECT,0,0,0,0,0,5,0.0,0.270313
margin,live-delta,7,0.0,0.307452,0.576036,0.133572,0.933594,0.328724,0.478724,0.0,0.36777836084365845,0.36777836084365845,1.7814114093780518,5.938231945037842,0.19060204923152924,6,3,0,0,3,1,1,0.3333333134651184,0.0,0,stale,0.0,6,39,3,CORRECT,0,0,0,0,0,2,0.0,0.333333
margin,live-delta,7,0.0,0.307452,0.576036,0.133572,0.933594,0.328724,0.478724,0.0,0.47338902950286865,0.47338902950286865,2.511439323425293,12.322653770446777,0.17815455794334412,19,3,0,0,3,1,1,0.4141477644443512,0.0,0,stale,0.0,6,40,2,CORRECT,0,0,0,0,0,5,0.0,0.292926
margin,live-delta,7,0.0,0.307452,0.576036,0.133572,0.933594,0.328724,0.478724,0.039655596017837524,0.4543263018131256,0.4146707057952881,2.4080491065979004,11.112260818481445,0.27855002880096436,15,3,1,0,1,0,1,0.8493886590003967,-0.08841025829315186,0,stale,0.0,6,41,44,STALE_LENIENT,0,0,0,1,0,2,0.0,0.075306
margin,live-delta,7,0.0,0.307452,0.576036,0.133572,0.933594,0.328724,0.478724,0.0,0.4363560676574707,0.4363560676574707,1.894821286201477,6.651359558105469,0.23790188133716583,9,3,3,1,3,1,1,0.3333333134651184,0.0,0,stale,0.0,6,44,148,CORRECT,0,0,0,0,0,3,0.0,0.333333
margin,live-delta,7,0.0,0.307452,0.576036,0.133572,0.933594,0.328724,0.478724,0.15382620692253113,0.6251209378242493,0.47129473090171814,1.0657130479812622,2.9029080867767334,0.7814341187477112,20,3,1,0,1,0,1,0.8944202065467834,-0.15382620692253113,0,stale,0.0,6,46,61,STALE_LENIENT,0,0,0,1,0,5,0.0,0.054148
margin,live-delta,7,0.0,0.307452,0.576036,0.133572,0.933594,0.328724,0.478724,0.0,0.5020971894264221,0.5020971894264221,2.273948907852173,9.71769905090332,0.17164906859397888,20,3,3,1,3,1,1,0.3357183337211609,0.0,0,stale,0.0,6,47,181,CORRECT,0,0,0,0,0,7,0.0,0.335718
margin,live-delta,7,0.0,0.307452,0.576036,0.133572,0.933594,0.328724,0.478724,0.0,0.46319884061813354,0.46319884061813354,2.45234751701355,11.615582466125488,0.16473916172981262,18,3,3,1,3,1,1,0.3333333432674408,0.0,0,stale,0.0,6,48,149,CORRECT,0,0,0,0,0,6,0.0,0.333333
margin,live-delta,7,0.0,0.307452,0.576036,0.133572,0.933594,0.328724,0.478724,0.11248421669006348,0.5731854438781738,0.46070122718811035,1.0849627256393433,2.959329605102539,0.7108237147331238,8,3,1,0,1,0,1,0.8107955455780029,-0.11248421669006348,0,stale,0.0,6,49,52,STALE_LENIENT,0,0,0,1,0,2,0.0,0.094602
margin,live-delta,7,0.0,0.307452,0.576036,0.133572,0.933594,0.328724,0.478724,0.0,0.3467070162296295,0.3467070162296295,1.0986123085021973,3.0,0.3333333432674408,3,3,3,1,3,1,1,0.3333333432674408,0.0,0,stale,0.0,6,51,131,CORRECT,0,0,0,0,0,1,0.0,0.333333
margin,live-delta,7,0.0,0.307452,0.576036,0.133572,0.933594,0.328724,0.478724,0.0,0.4511723518371582,0.4511723518371582,2.8589730262756348,17.443603515625,0.09101460874080658,20,3,3,1,3,1,1,0.3385564684867859,0.0,0,stale,0.0,6,52,162,CORRECT,0,0,0,0,0,7,0.0,0.338556
margin,live-delta,7,0.0,0.307452,0.576036,0.133572,0.933594,0.328724,0.478724,0.0,0.6028329133987427,0.6028329133987427,1.55422043800354,4.731396675109863,0.3017604649066925,20,3,0,0,3,1,1,0.35151389241218567,0.0,0,stale,0.0,6,54,2,CORRECT,0,0,0,0,0,6,0.0,0.325553
margin,live-delta,7,0.0,0.307452,0.576036,0.133572,0.933594,0.328724,0.478724,0.0,0.37228965759277344,0.37228965759277344,1.0986123085021973,3.0,0.3333333432674408,3,3,3,1,3,1,1,0.3333333432674408,0.0,0,stale,0.0,6,55,143,CORRECT,0,0,0,0,0,1,0.0,0.333333
margin,live-delta,7,0.0,0.307452,0.576036,0.133572,0.933594,0.328724,0.478724,0.0,0.5061884522438049,0.5061884522438049,2.533090114593506,12.592357635498047,0.17656953632831573,20,3,3,1,3,1,1,0.3253912329673767,0.0,0,stale,0.0,6,56,177,CORRECT,0,0,0,0,0,6,0.0,0.325391
margin,live-delta,7,0.0,0.307452,0.576036,0.133572,0.933594,0.328724,0.478724,0.04630228877067566,0.5316430330276489,0.48534074425697327,1.2093946933746338,3.3514554500579834,0.5869253873825073,7,3,1,0,1,0,1,0.9999999403953552,-0.20962217450141907,0,stale,0.0,6,57,36,BLENDED,0,0,0,0,0,0,0.0,0.0
margin,live-delta,7,0.0,0.307452,0.576036,0.133572,0.933594,0.328724,0.478724,0.0,0.5414921045303345,0.5414921045303345,2.4043211936950684,11.07091236114502,0.16427254676818848,20,3,3,1,3,1,1,0.3739006221294403,0.0,0,stale,0.0,6,58,152,CORRECT,0,0,0,0,0,6,0.0,0.316747
margin,live-delta,7,0.0,0.307452,0.576036,0.133572,0.933594,0.328724,0.478724,0.0,0.4432842433452606,0.4432842433452606,2.283148765563965,9.807513236999512,0.15839068591594696,12,3,3,1,3,1,1,0.3333333134651184,0.0,0,stale,0.0,6,59,158,CORRECT,0,0,0,0,0,4,0.0,0.333333
margin,live-delta,7,0.0,0.307452,0.576036,0.133572,0.933594,0.328724,0.478724,0.0,0.34254103899002075,0.34254103899002075,1.0986123085021973,3.0,0.3333333432674408,3,3,3,1,3,1,1,0.3333333432674408,0.0,0,stale,0.0,6,60,186,CORRECT,0,0,0,0,0,1,0.0,0.333333
margin,live-delta,7,0.0,0.307452,0.576036,0.133572,0.933594,0.328724,0.478724,0.0,0.3937024772167206,0.3937024772167206,2.9454450607299805,19.01912498474121,0.0867747887969017,20,3,3,1,3,1,1,0.3507572412490845,0.0,0,stale,0.0,6,61,177,CORRECT,0,0,0,0,0,6,0.0,0.308986
margin,live-delta,7,0.0,0.307452,0.576036,0.133572,0.933594,0.328724,0.478724,0.0,0.5292019248008728,0.5292019248008728,2.342193126678467,10.40402889251709,0.1831061989068985,20,3,0,0,3,1,1,0.4188935458660126,0.0,0,stale,0.0,6,62,17,CORRECT,0,0,0,0,0,5,0.0,0.288175
margin,live-delta,7,0.0,0.307452,0.576036,0.133572,0.933594,0.328724,0.478724,0.0,0.5652796030044556,0.5652796030044556,1.7181580066680908,5.574251174926758,0.28787222504615784,20,3,3,1,3,1,1,0.33643588423728943,0.0,0,stale,0.0,6,63,177,CORRECT,0,0,0,0,0,6,0.0,0.330267
margin,live-delta,7,0.0,0.307452,0.576036,0.133572,0.933594,0.328724,0.478724,0.04837492108345032,0.5429256558418274,0.4945507347583771,2.143569231033325,8.529828071594238,0.3330681622028351,15,1,1,1,1,1,0,0.0,0.22257667779922485,2,stale,0.0,6,64,49,CORRECT,0,0,0,0,0,0,0.0,0.0
margin,live-delta,7,0.0,0.307452,0.576036,0.133572,0.933594,0.328724,0.478724,0.0578310489654541,0.6803346872329712,0.6225036382675171,1.824843168258667,6.201822280883789,0.4875365197658539,20,1,1,1,1,1,0,0.035078343003988266,0.2098725438117981,2,stale,0.0,6,65,49,CORRECT,0,0,0,0,0,2,0.0,0.011693
margin,live-delta,7,0.0,0.307452,0.576036,0.133572,0.933594,0.328724,0.478724,0.0,0.44970446825027466,0.44970446825027466,1.3940503597259521,4.031144618988037,0.2973552346229553,5,1,3,0,3,0,1,0.892065703868866,-0.07482990622520447,0,stale,0.0,6,66,168,STALE_LENIENT,0,0,0,1,0,1,0.0,0.297355
margin,live-delta,7,0.0,0.307452,0.576036,0.133572,0.933594,0.328724,0.478724,0.05244162678718567,0.4750416576862335,0.42260003089904785,1.336293339729309,3.8049137592315674,0.560295581817627,7,1,1,1,1,1,0,0.09584388881921768,0.14321783185005188,2,stale,0.0,6,67,37,CORRECT,0,0,0,0,0,1,0.0,0.031948
margin,live-delta,7,0.0,0.307452,0.576036,0.133572,0.933594,0.328724,0.478724,0.012731552124023438,0.6514356136322021,0.6387040615081787,1.5776891708374023,4.84375,0.34658828377723694,19,1,1,1,1,1,0,0.0,0.33663100004196167,2,stale,0.0,6,68,55,CORRECT,0,0,0,0,0,0,0.0,0.0
margin,live-delta,7,0.0,0.307452,0.576036,0.133572,0.933594,0.328724,0.478724,0.09354734420776367,0.6738750338554382,0.5803276896476746,1.0925381183624268,2.98183274269104,0.7382664084434509,18,1,1,1,1,1,0,0.04191674664616585,0.22821015119552612,2,stale,0.0,6,69,41,CORRECT,0,0,0,0,0,2,0.0,0.013972
margin,live-delta,7,0.0,0.307452,0.576036,0.133572,0.933594,0.328724,0.478724,0.01679334044456482,0.36933305859565735,0.35253971815109253,1.077964186668396,2.9386909008026123,0.42777901887893677,3,1,1,1,1,1,0,0.0,0.1130172610282898,2,stale,0.0,6,70,37,CORRECT,0,0,0,0,0,0,0.0,0.0
margin,live-delta,7,0.0,0.307452,0.576036,0.133572,0.933594,0.328724,0.478724,0.0,0.6308947801589966,0.6308947801589966,1.9424245357513428,6.975643157958984,0.21154290437698364,20,1,0,0,3,0,1,0.6921539306640625,-0.014739274978637695,0,stale,0.0,6,71,24,STALE_LENIENT,0,0,0,1,0,3,0.0,0.230718
margin,live-delta,7,0.0,0.307452,0.576036,0.133572,0.933594,0.328724,0.478724,0.024614989757537842,0.7187014818191528,0.694086492061615,1.3084532022476196,3.7004454135894775,0.5334516763687134,20,1,1,1,1,1,0,0.09928131103515625,0.15931344032287598,2,stale,0.0,6,72,51,CORRECT,0,0,0,0,0,2,0.0,0.033094
margin,live-delta,7,0.0,0.307452,0.576036,0.133572,0.933594,0.328724,0.478724,0.05615776777267456,0.6409323215484619,0.5847745537757874,2.0175976753234863,7.520236968994141,0.3974417448043823,20,1,1,1,1,1,0,0.06300336122512817,0.18032974004745483,2,stale,0.0,6,73,41,CORRECT,0,0,0,0,0,2,0.0,0.021001
margin,live-delta,7,0.0,0.307452,0.576036,0.133572,0.933594,0.328724,0.478724,0.1365673840045929,0.5914551615715027,0.4548877775669098,1.2642582654953003,3.5404655933380127,0.715668261051178,13,1,1,1,1,1,1,0.22647857666015625,0.15459886193275452,2,stale,0.0,6,74,34,CORRECT,0,0,0,0,0,3,0.0,0.075493
margin,live-delta,7,0.0,0.307452,0.576036,0.133572,0.933594,0.328724,0.478724,0.09804320335388184,0.6537769436836243,0.5557337403297424,1.7868460416793823,5.9705915451049805,0.5602214336395264,20,1,1,1,1,1,0,0.0014743935316801071,0.2970042824745178,2,stale,0.0,6,75,49,CORRECT,0,0,0,0,0,0,0.0,0.0
margin,live-delta,7,0.0,0.307452,0.576036,0.133572,0.933594,0.328724,0.478724,0.07732564210891724,0.6243658065795898,0.5470401644706726,1.5194963216781616,4.569922924041748,0.5952920913696289,18,1,1,1,1,1,0,0.037182945758104324,0.2234358787536621,2,stale,0.0,6,76,58,CORRECT,0,0,0,0,0,2,0.0,0.012394
margin,live-delta,7,0.0,0.307452,0.576036,0.133572,0.933594,0.328724,0.478724,0.004162132740020752,0.4389645755290985,0.43480244278907776,1.7508375644683838,5.759424686431885,0.24100397527217865,6,1,1,1,1,1,1,0.4327614903450012,0.025661975145339966,1,stale,0.0,6,77,38,CORRECT,0,0,0,0,0,1,0.0,0.144254
margin,live-delta,7,0.0,0.307452,0.576036,0.133572,0.933594,0.328724,0.478724,0.21782022714614868,0.5824568271636963,0.3646366000175476,0.3114304542541504,1.3653768301010132,0.9446752071380615,7,1,1,1,1,1,0,0.021354615688323975,0.24440926313400269,2,stale,0.0,6,78,37,CORRECT,0,0,0,0,0,1,0.0,0.007118
margin,live-delta,7,0.0,0.307452,0.576036,0.133572,0.933594,0.328724,0.478724,0.00254899263381958,0.5849636793136597,0.5824146866798401,2.1435840129852295,8.52995491027832,0.21384087204933167,20,1,1,1,1,1,0,0.035631440579891205,0.15678945183753967,2,stale,0.0,6,79,48,CORRECT,0,0,0,0,0,2,0.0,0.011877
margin,live-delta,7,0.0,0.307452,0.576036,0.133572,0.933594,0.328724,0.478724,0.002153635025024414,0.5883429050445557,0.5861892700195312,2.3426175117492676,10.408445358276367,0.21275249123573303,20,1,1,1,1,1,0,0.00862130057066679,0.21522527933120728,2,stale,0.0,6,80,48,CORRECT,0,0,0,0,0,1,0.0,0.002874
margin,live-delta,7,0.0,0.307452,0.576036,0.133572,0.933594,0.328724,0.478724,0.1268346905708313,0.623031497001648,0.49619680643081665,1.0921568870544434,2.980696201324463,0.7591527700424194,14,1,1,1,1,1,0,0.054853908717632294,0.1863071322441101,2,stale,0.0,6,81,49,CORRECT,0,0,0,0,0,1,0.0,0.018285
margin,live-delta,7,0.0,0.307452,0.576036,0.133572,0.933594,0.328724,0.478724,0.009584307670593262,0.46435844898223877,0.4547741413116455,2.4788546562194824,11.927595138549805,0.1991991251707077,16,1,1,1,1,1,1,0.2965765595436096,0.07170343399047852,2,stale,0.0,6,82,53,CORRECT,0,0,0,0,0,3,0.0,0.098859
margin,live-delta,7,0.0,0.307452,0.576036,0.133572,0.933594,0.328724,0.478724,0.13681191205978394,0.6299456357955933,0.4931337237358093,1.5994755029678345,4.950435161590576,0.6485314965248108,20,1,1,1,1,1,1,0.2514350414276123,0.13681191205978394,2,stale,0.0,6,83,38,CORRECT,0,0,0,0,0,5,0.0,0.083812
margin,live-delta,7,0.0,0.307452,0.576036,0.133572,0.933594,0.328724,0.478724,0.032746851444244385,0.5804134607315063,0.547666609287262,2.046370029449463,7.739755153656006,0.36469393968582153,17,1,1,1,1,1,0,0.0,0.35087868571281433,2,stale,0.0,6,84,44,CORRECT,0,0,0,0,0,0,0.0,0.0
margin,live-delta,7,0.0,0.307452,0.576036,0.133572,0.933594,0.328724,0.478724,0.024288594722747803,0.7276468276977539,0.7033582329750061,1.8550394773483276,6.391950607299805,0.3497331440448761,20,1,1,1,1,1,0,0.0,0.3990701138973236,2,stale,0.0,6,85,48,CORRECT,0,0,0,0,0,0,0.0,0.0
margin,live-delta,7,0.0,0.307452,0.576036,0.133572,0.933594,0.328724,0.478724,0.027054309844970703,0.5935630798339844,0.5665087699890137,2.2897214889526367,9.872187614440918,0.2789870798587799,19,1,1,1,1,1,0,0.0,0.2693227529525757,2,stale,0.0,6,86,43,CORRECT,0,0,0,0,0,0,0.0,0.0
margin,live-delta,7,0.0,0.307452,0.576036,0.133572,0.933594,0.328724,0.478724,0.0,0.381297767162323,0.381297767162323,1.3857333660125732,3.9977567195892334,0.254803329706192,4,1,0,0,3,0,1,0.7644100189208984,-0.00391995906829834,0,stale,0.0,6,87,20,STALE_LENIENT,0,0,0,1,0,1,0.0,0.254803
margin,live-delta,7,0.0,0.307452,0.576036,0.133572,0.933594,0.328724,0.478724,0.08866894245147705,0.6758197546005249,0.5871508121490479,0.7761010527610779,2.172983407974243,0.7761840224266052,9,1,1,1,1,1,0,0.0,0.3579227328300476,2,stale,0.0,6,88,45,CORRECT,0,0,0,0,0,0,0.0,0.0
margin,live-delta,7,0.0,0.307452,0.576036,0.133572,0.933594,0.328724,0.478724,0.0,0.7672025561332703,0.7672025561332703,1.91946542263031,6.817313194274902,0.19843943417072296,16,1,3,0,3,0,1,0.9427512884140015,-0.07573270797729492,0,stale,0.0,6,89,191,STALE_LENIENT,0,0,0,1,0,2,0.0,0.31425
margin,live-delta,7,0.0,0.307452,0.576036,0.133572,0.933594,0.328724,0.478724,0.34611284732818604,0.9362046718597412,0.5900918245315552,0.01610037125647068,1.0162307024002075,0.9982064962387085,19,1,1,1,1,1,0,0.00024974666303023696,0.5132040977478027,2,stale,0.0,6,90,38,CORRECT,0,0,0,0,0,4,0.0,8.3e-05
margin,live-delta,7,0.0,0.307452,0.576036,0.133572,0.933594,0.328724,0.478724,0.07226181030273438,0.5792669057846069,0.5070050954818726,1.9798614978790283,7.241739749908447,0.4754515290260315,20,1,1,1,1,1,0,0.03587666153907776,0.20020031929016113,2,stale,0.0,6,91,54,CORRECT,0,0,0,0,0,2,0.0,0.011959
margin,live-delta,7,0.0,0.307452,0.576036,0.133572,0.933594,0.328724,0.478724,0.031079202890396118,0.410786896944046,0.3797076940536499,0.6470876932144165,1.9099702835083008,0.6505786180496216,2,1,1,1,1,1,0,0.0,0.08853429555892944,2,stale,0.0,6,92,60,CORRECT,0,0,0,0,0,0,0.0,0.0
margin,live-delta,7,0.0,0.307452,0.576036,0.133572,0.933594,0.328724,0.478724,0.10733836889266968,0.764479398727417,0.6571410298347473,0.887919008731842,2.430067539215088,0.7708999514579773,14,1,1,1,1,1,0,0.0,0.5251755714416504,2,stale,0.0,6,93,35,CORRECT,0,0,0,0,0,0,0.0,0.0
margin,live-delta,7,0.0,0.307452,0.576036,0.133572,0.933594,0.328724,0.478724,0.01648041605949402,0.5139942765235901,0.49751386046409607,2.7067770957946777,14.980915069580078,0.197292298078537,20,1,1,1,1,1,0,0.09445031732320786,0.10119685530662537,2,stale,0.0,6,94,51,CORRECT,0,0,0,0,0,1,0.0,0.026069
margin,live-delta,7,0.0,0.307452,0.576036,0.133572,0.933594,0.328724,0.478724,0.01819002628326416,0.6271648406982422,0.608974814414978,1.905710220336914,6.724181652069092,0.3190498650074005,20,1,1,1,1,1,0,0.059972893446683884,0.16906660795211792,2,stale,0.0,6,95,58,CORRECT,0,0,0,0,0,2,0.0,0.019991
margin,live-delta,7,0.0,0.307452,0.576036,0.133572,0.933594,0.328724,0.478724,0.11423242092132568,0.8080053329467773,0.6937729120254517,0.810276985168457,2.248530626296997,0.8141262531280518,17,1,1,1,1,1,0,0.0,0.5019088387489319,2,stale,0.0,6,96,35,CORRECT,0,0,0,0,0,0,0.0,0.0
margin,live-delta,7,0.0,0.307452,0.576036,0.133572,0.933594,0.328724,0.478724,0.05946579575538635,0.3648052513599396,0.3053394556045532,-0.0,1.0,1.0,1,1,1,1,1,1,0,0.0,0.05946579575538635,2,stale,0.0,6,97,60,CORRECT,0,0,0,0,0,0,0.0,0.0
margin,live-delta,7,0.0,0.307452,0.576036,0.133572,0.933594,0.328724,0.478724,0.010035574436187744,0.6971126794815063,0.6870771050453186,1.7782118320465088,5.919262409210205,0.2927899658679962,18,1,1,1,1,1,0,0.0,0.3806838095188141,2,stale,0.0,6,98,44,CORRECT,0,0,0,0,0,0,0.0,0.0
margin,live-delta,7,0.0,0.307452,0.576036,0.133572,0.933594,0.328724,0.478724,0.018743813037872314,0.5285130739212036,0.5097692608833313,1.2209948301315308,3.390559196472168,0.47932958602905273,6,1,1,1,1,1,0,0.0,0.2197067141532898,2,stale,0.0,6,99,36,CORRECT,0,0,0,0,0,0,0.0,0.0
margin,live-delta,7,0.0,0.307452,0.576036,0.133572,0.933594,0.328724,0.478724,0.07248342037200928,0.5363495945930481,0.4638661742210388,1.499617576599121,4.479975700378418,0.5803101062774658,11,1,1,1,1,1,0,0.0,0.22104230523109436,2,stale,0.0,6,100,48,CORRECT,0,0,0,0,0,0,0.0,0.0
margin,live-delta,7,0.0,0.307452,0.576036,0.133572,0.933594,0.328724,0.478724,0.007860779762268066,0.6223558783531189,0.6144950985908508,2.2071380615234375,9.089665412902832,0.21404260396957397,20,1,1,1,1,1,0,0.026231158524751663,0.18231669068336487,2,stale,0.0,6,101,58,CORRECT,0,0,0,0,0,2,0.0,0.008744
margin,live-delta,7,0.0,0.307452,0.576036,0.133572,0.933594,0.328724,0.478724,0.11691057682037354,0.8418571949005127,0.7249466180801392,0.6194811463356018,1.8579638004302979,0.8579918146133423,20,1,1,1,1,1,0,0.0,0.5691530704498291,2,stale,0.0,6,102,35,CORRECT,0,0,0,0,0,0,0.0,0.0
margin,live-delta,7,0.0,0.307452,0.576036,0.133572,0.933594,0.328724,0.478724,0.05623912811279297,0.7818701267242432,0.7256309986114502,1.1339675188064575,3.1079628467559814,0.6565910577774048,16,1,1,1,1,1,0,0.0,0.4816293716430664,2,stale,0.0,6,103,35,CORRECT,0,0,0,0,0,0,0.0,0.0
margin,live-delta,7,0.0,0.307452,0.576036,0.133572,0.933594,0.328724,0.478724,0.09437793493270874,0.7348703742027283,0.6404924392700195,1.0254435539245605,2.788331985473633,0.7306318879127502,15,1,1,1,1,1,0,0.0,0.5042364597320557,2,stale,0.0,6,104,62,CORRECT,0,0,0,0,0,0,0.0,0.0
margin,live-delta,7,0.0,0.307452,0.576036,0.133572,0.933594,0.328724,0.478724,0.05636519193649292,0.693533182144165,0.6371679902076721,1.541571855545044,4.6719279289245605,0.5125689506530762,18,1,1,1,1,1,0,0.0,0.3818409740924835,2,stale,0.0,6,105,35,CORRECT,0,0,0,0,0,0,0.0,0.0
margin,live-delta,7,0.0,0.307452,0.576036,0.133572,0.933594,0.328724,0.478724,0.12120801210403442,0.7400966286659241,0.6188886165618896,0.6892560124397278,1.9922327995300293,0.8500022888183594,16,1,1,1,1,1,0,0.0,0.4675822854042053,2,stale,0.0,6,106,35,CORRECT,0,0,0,0,0,0,0.0,0.0
margin,live-delta,7,0.0,0.307452,0.576036,0.133572,0.933594,0.328724,0.478724,0.016118645668029785,0.5859114527702332,0.5697928071022034,2.126347064971924,8.384183883666992,0.31519022583961487,20,1,1,1,1,1,0,0.0024993866682052612,0.24185654520988464,2,stale,0.0,6,107,45,CORRECT,0,0,0,0,0,0,0.0,0.0
margin,live-delta,7,0.0,0.307452,0.576036,0.133572,0.933594,0.328724,0.478724,0.017119288444519043,0.453770250082016,0.43665096163749695,1.150478720664978,3.15970516204834,0.5007892847061157,5,1,1,1,1,1,1,0.1436133086681366,0.11738365888595581,2,stale,0.0,6,108,39,CORRECT,0,0,0,0,0,1,0.0,0.047871
margin,live-delta,7,0.0,0.307452,0.576036,0.133572,0.933594,0.328724,0.478724,0.02263900637626648,0.4125114977359772,0.3898724913597107,1.4765172004699707,4.3776726722717285,0.38793104887008667,5,1,1,1,1,1,0,0.0,0.1386684775352478,2,stale,0.0,6,109,51,CORRECT,0,0,0,0,0,0,0.0,0.0
margin,live-delta,7,0.0,0.307452,0.576036,0.133572,0.933594,0.328724,0.478724,0.03018951416015625,0.5871216654777527,0.5569321513175964,2.467787027359009,11.796313285827637,0.23407062888145447,20,1,1,1,1,1,0,0.02694053389132023,0.17510515451431274,2,stale,0.0,6,110,34,CORRECT,0,0,0,0,0,1,0.0,0.007053
margin,live-delta,7,0.0,0.307452,0.576036,0.133572,0.933594,0.328724,0.478724,0.008567750453948975,0.7654634714126587,0.7568957209587097,1.3093993663787842,3.7039482593536377,0.4627717435359955,20,1,1,1,1,1,0,0.06793875992298126,0.1714400053024292,2,stale,0.0,6,111,58,CORRECT,0,0,0,0,0,2,0.0,0.022646
margin,live-delta,7,0.0,0.307452,0.576036,0.133572,0.933594,0.328724,0.478724,0.06020635366439819,0.751206636428833,0.6910002827644348,1.250778079032898,3.4930598735809326,0.6423617005348206,20,1,1,1,1,1,0,0.017652271315455437,0.24918121099472046,2,stale,0.0,6,112,51,CORRECT,0,0,0,0,0,2,0.0,0.005884
margin,live-delta,7,0.0,0.307452,0.576036,0.133572,0.933594,0.328724,0.478724,0.07162246108055115,0.36166900396347046,0.2900465428829193,-0.0,1.0,1.0,1,1,1,1,1,1,0,0.0,0.07162246108055115,2,stale,0.0,6,113,38,CORRECT,0,0,0,0,0,0,0.0,0.0
margin,live-delta,7,0.0,0.307452,0.576036,0.133572,0.933594,0.328724,0.478724,0.005623340606689453,0.584922194480896,0.5792988538742065,2.0654523372650146,7.8888654708862305,0.2514986991882324,17,1,1,1,1,1,0,0.0,0.3896149694919586,2,stale,0.0,6,114,44,CORRECT,0,0,0,0,0,0,0.0,0.0
margin,live-delta,7,0.0,0.307452,0.576036,0.133572,0.933594,0.328724,0.478724,0.038063883781433105,0.7111191153526306,0.6730552315711975,1.6347330808639526,5.12808895111084,0.44144928455352783,20,1,1,1,1,1,0,0.0021589957177639008,0.32796376943588257,2,stale,0.0,6,115,35,CORRECT,0,0,0,0,0,1,0.0,0.000625
margin,live-delta,7,0.0,0.307452,0.576036,0.133572,0.933594,0.328724,0.478724,0.0,0.40673741698265076,0.40673741698265076,2.598050594329834,13.437517166137695,0.09915138781070709,15,1,3,0,3,0,1,0.8266354203224182,-0.006686747074127197,0,stale,0.0,6,116,132,STALE_LENIENT,0,0,0,1,0,4,0.0,0.275545
margin,live-delta,7,0.0,0.307452,0.576036,0.133572,0.933594,0.328724,0.478724,0.030077993869781494,0.3963008224964142,0.3662228286266327,0.6498799324035645,1.9153108596801758,0.6460130214691162,2,1,1,1,1,1,0,0.0,0.12943905591964722,2,stale,0.0,6,117,50,CORRECT,0,0,0,0,0,0,0.0,0.0
margin,live-delta,7,0.0,0.307452,0.576036,0.133572,0.933594,0.328724,0.478724,0.04059028625488281,0.6312181949615479,0.590627908706665,1.9177495241165161,6.8056254386901855,0.4639803171157837,20,1,1,1,1,1,0,0.09905630350112915,0.16091442108154297,2,stale,0.0,6,118,51,CORRECT,0,0,0,0,0,2,0.0,0.033019
margin,live-delta,7,0.0,0.307452,0.576036,0.133572,0.933594,0.328724,0.478724,0.21062016487121582,0.8552870750427246,0.6446669101715088,0.1414279341697693,1.1519174575805664,0.9767478108406067,16,1,1,1,1,1,0,0.0,0.59217768907547,2,stale,0.0,6,119,35,CORRECT,0,0,0,0,0,0,0.0,0.0
margin,live-delta,7,0.0,0.307452,0.576036,0.133572,0.933594,0.328724,0.478724,0.012780368328094482,0.6218248605728149,0.6090444922447205,1.7377376556396484,5.684468746185303,0.28939175605773926,10,1,1,1,1,1,0,0.0,0.38568252325057983,2,stale,0.0,6,120,40,CORRECT,0,0,0,0,0,0,0.0,0.0
margin,live-delta,7,0.0,0.307452,0.576036,0.133572,0.933594,0.328724,0.478724,0.06796568632125854,0.6766427159309387,0.6086770296096802,1.0990313291549683,3.0012574195861816,0.6895655393600464,20,1,1,1,1,1,0,0.011042308062314987,0.28373271226882935,2,stale,0.0,6,121,58,CORRECT,0,0,0,0,0,2,0.0,0.003681
margin,live-delta,7,0.0,0.307452,0.576036,0.133572,0.933594,0.328724,0.478724,0.0037984251976013184,0.7003782391548157,0.6965798139572144,1.8794752359390259,6.550066947937012,0.25693273544311523,15,1,1,1,1,1,0,0.0,0.3948938548564911,2,stale,0.0,6,122,44,CORRECT,0,0,0,0,0,0,0.0,0.0
margin,live-delta,7,0.0,0.307452,0.576036,0.133572,0.933594,0.328724,0.478724,0.010840415954589844,0.5973057746887207,0.5864653587341309,1.4217278957366943,4.144275188446045,0.3782307803630829,14,1,1,1,1,1,0,0.020599735900759697,0.2247844636440277,2,stale,0.0,6,123,37,CORRECT,0,0,0,0,0,2,0.0,0.006867
margin,live-delta,7,0.0,0.307452,0.576036,0.133572,0.933594,0.328724,0.478724,0.008288145065307617,0.6649891138076782,0.6567009687423706,1.8874399662017822,6.602444648742676,0.33128395676612854,20,1,1,1,1,1,0,0.0,0.3462510406970978,2,stale,0.0,6,124,44,CORRECT,0,0,0,0,0,0,0.0,0.0
margin,live-delta,7,0.0,0.307452,0.576036,0.133572,0.933594,0.328724,0.478724,0.0778813362121582,0.6159960031509399,0.5381146669387817,1.833007574081421,6.252663612365723,0.5251290798187256,20,1,1,1,1,1,0,0.04649331048130989,0.2055698037147522,2,stale,0.0,6,125,46,CORRECT,0,0,0,0,0,2,0.0,0.015498
margin,live-delta,7,0.0,0.307452,0.576036,0.133572,0.933594,0.328724,0.478724,0.025856196880340576,0.5987674593925476,0.572911262512207,1.3273576498031616,3.7710657119750977,0.49482324719429016,9,1,1,1,1,1,0,0.0,0.28255516290664673,2,stale,0.0,6,126,36,CORRECT,0,0,0,0,0,0,0.0,0.0
margin,live-delta,7,0.0,0.307452,0.576036,0.133572,0.933594,0.328724,0.478724,0.058422237634658813,0.5013746023178101,0.44295236468315125,1.8412508964538574,6.30441951751709,0.4205978810787201,12,1,1,1,1,1,1,0.4913151264190674,0.058422237634658813,2,stale,0.0,6,127,49,CORRECT,0,0,0,0,0,3,0.0,0.163772
margin,live-delta,7,0.0,0.307452,0.576036,0.133572,0.933594,0.328724,0.478724,0.051199525594711304,0.4693129062652588,0.4181133806705475,2.001544952392578,7.4004807472229,0.35685205459594727,10,2,2,1,2,1,0,0.0,0.3255454897880554,2,stale,0.0,6,128,90,CORRECT,0,0,0,0,0,0,0.0,0.0
margin,live-delta,7,0.0,0.307452,0.576036,0.133572,0.933594,0.328724,0.478724,0.07013922929763794,0.7858513593673706,0.7157121300697327,1.449264407157898,4.259979724884033,0.5627027153968811,17,2,2,1,2,1,0,0.0,0.5621412992477417,2,stale,0.0,6,129,66,CORRECT,0,0,0,0,0,0,0.0,0.0
margin,live-delta,7,0.0,0.307452,0.576036,0.133572,0.933594,0.328724,0.478724,0.011220335960388184,0.5333151817321777,0.5220948457717896,2.527959108352661,12.527912139892578,0.2001449167728424,20,2,2,1,2,1,0,0.0,0.2767532765865326,2,stale,0.0,6,130,89,CORRECT,0,0,0,0,0,0,0.0,0.0
margin,live-delta,7,0.0,0.307452,0.576036,0.133572,0.933594,0.328724,0.478724,0.012637853622436523,0.6034895181655884,0.5908516645431519,2.4144740104675293,11.183886528015137,0.16215607523918152,18,2,2,1,2,1,0,0.0,0.3956734538078308,2,stale,0.0,6,131,89,CORRECT,0,0,0,0,0,0,0.0,0.0
margin,live-delta,7,0.0,0.307452,0.576036,0.133572,0.933594,0.328724,0.478724,0.007689833641052246,0.47320014238357544,0.4655103087425232,2.3423402309417725,10.405559539794922,0.17582717537879944,14,2,2,1,2,1,0,0.0,0.19685113430023193,2,stale,0.0,6,132,66,CORRECT,0,0,0,0,0,0,0.0,0.0
margin,live-delta,7,0.0,0.307452,0.576036,0.133572,0.933594,0.328724,0.478724,0.1113135814666748,0.7755483388900757,0.6642347574234009,0.9191867709159851,2.5072505474090576,0.7782247066497803,19,2,2,1,2,1,0,0.0,0.5068159103393555,2,stale,0.0,6,133,66,CORRECT,0,0,0,0,0,0,0.0,0.0
margin,live-delta,7,0.0,0.307452,0.576036,0.133572,0.933594,0.328724,0.478724,0.052082359790802,0.806567370891571,0.754485011100769,1.6764622926712036,5.346607685089111,0.43562448024749756,17,2,2,1,2,1,0,0.0,0.6338892579078674,2,stale,0.0,6,134,90,CORRECT,0,0,0,0,0,0,0.0,0.0
margin,live-delta,7,0.0,0.307452,0.576036,0.133572,0.933594,0.328724,0.478724,0.09420961141586304,0.6574013233184814,0.5631917119026184,1.5033737421035767,4.496834754943848,0.609143853187561,16,2,2,1,2,1,0,0.0,0.5291342735290527,2,stale,0.0,6,135,82,CORRECT,0,0,0,0,0,0,0.0,0.0
margin,live-delta,7,0.0,0.307452,0.576036,0.133572,0.933594,0.328724,0.478724,0.0249253511428833,0.7994858026504517,0.7745604515075684,1.761308193206787,5.8200459480285645,0.329146146774292,19,2,2,1,2,1,0,0.0,0.6274286508560181,2,stale,0.0,6,136,90,CORRECT,0,0,0,0,0,0,0.0,0.0
margin,live-delta,7,0.0,0.307452,0.576036,0.133572,0.933594,0.328724,0.478724,0.006651937961578369,0.33849817514419556,0.3318462371826172,0.6909396648406982,1.9955898523330688,0.5332106947898865,2,2,2,1,2,1,0,0.0,0.13798873126506805,2,stale,0.0,6,137,71,CORRECT,0,0,0,0,0,0,0.0,0.0
margin,live-delta,7,0.0,0.307452,0.576036,0.133572,0.933594,0.328724,0.478724,0.09123635292053223,0.6872193813323975,0.5959830284118652,1.571664810180664,4.814657211303711,0.6145312786102295,17,2,2,1,2,1,0,0.0,0.485442578792572,2,stale,0.0,6,139,89,CORRECT,0,0,0,0,0,0,0.0,0.0
margin,live-delta,7,0.0,0.307452,0.576036,0.133572,0.933594,0.328724,0.478724,0.05589607357978821,0.3627500832080841,0.3068540096282959,-0.0,1.0,1.0,1,2,2,1,2,1,0,0.0,0.10454699397087097,2,stale,0.0,6,140,69,CORRECT,0,0,0,0,0,0,0.0,0.0
margin,live-delta,7,0.0,0.307452,0.576036,0.133572,0.933594,0.328724,0.478724,0.010812044143676758,0.44517678022384644,0.4343647360801697,1.119913935661316,3.0645904541015625,0.46703583002090454,4,2,2,1,2,1,0,0.0,0.14185696840286255,2,stale,0.0,6,141,69,CORRECT,0,0,0,0,0,0,0.0,0.0
margin,live-delta,7,0.0,0.307452,0.576036,0.133572,0.933594,0.328724,0.478724,0.05206608772277832,0.8530226349830627,0.8009565472602844,1.6419907808303833,5.16544246673584,0.42676347494125366,18,2,2,1,2,1,0,0.0,0.7123686075210571,2,stale,0.0,6,142,90,CORRECT,0,0,0,0,0,0,0.0,0.0
margin,live-delta,7,0.0,0.307452,0.576036,0.133572,0.933594,0.328724,0.478724,0.10031759738922119,0.6833676099777222,0.583050012588501,1.4333103895187378,4.1925554275512695,0.6265632510185242,15,2,2,1,2,1,0,0.0,0.5272771120071411,2,stale,0.0,6,143,82,CORRECT,0,0,0,0,0,0,0.0,0.0
margin,live-delta,7,0.0,0.307452,0.576036,0.133572,0.933594,0.328724,0.478724,0.04880225658416748,0.8525674939155579,0.8037652373313904,1.608251690864563,4.994072437286377,0.48214712738990784,16,2,2,1,2,1,0,0.0,0.6044963598251343,2,stale,0.0,6,144,89,CORRECT,0,0,0,0,0,0,0.0,0.0
margin,live-delta,7,0.0,0.307452,0.576036,0.133572,0.933594,0.328724,0.478724,0.03140294551849365,0.7826350927352905,0.7512321472167969,1.5421220064163208,4.674499034881592,0.46693235635757446,20,2,2,1,2,1,0,0.0,0.6522859334945679,2,stale,0.0,6,145,84,CORRECT,0,0,0,0,0,0,0.0,0.0
margin,live-delta,7,0.0,0.307452,0.576036,0.133572,0.933594,0.328724,0.478724,0.004274606704711914,0.41310304403305054,0.4088284373283386,2.1998074054718018,9.023275375366211,0.18376198410987854,10,2,2,1,2,1,0,0.0,0.1873474270105362,2,stale,0.0,6,146,74,CORRECT,0,0,0,0,0,0,0.0,0.0
margin,live-delta,7,0.0,0.307452,0.576036,0.133572,0.933594,0.328724,0.478724,0.021624654531478882,0.3686990737915039,0.347074419260025,1.3522083759307861,3.8659536838531494,0.3628208339214325,4,2,2,1,2,1,1,0.18680931627750397,0.033191025257110596,1,stale,0.0,6,147,69,CORRECT,0,0,0,0,0,0,0.0,0.0
margin,live-delta,7,0.0,0.307452,0.576036,0.133572,0.933594,0.328724,0.478724,0.013248085975646973,0.7050842046737671,0.6918361186981201,2.080617666244507,8.009414672851562,0.284298837184906,16,2,2,1,2,1,0,0.0,0.4755760133266449,2,stale,0.0,6,148,89,CORRECT,0,0,0,0,0,0,0.0,0.0
margin,live-delta,7,0.0,0.307452,0.576036,0.133572,0.933594,0.328724,0.478724,0.0018193721771240234,0.8310966491699219,0.8292772769927979,1.5969408750534058,4.93790340423584,0.31570714712142944,17,2,2,1,2,1,0,0.0,0.7122912406921387,2,stale,0.0,6,149,90,CORRECT,0,0,0,0,0,0,0.0,0.0
margin,live-delta,7,0.0,0.307452,0.576036,0.133572,0.933594,0.328724,0.478724,0.0414484441280365,0.4598776698112488,0.4184292256832123,1.8830147981643677,6.573292255401611,0.3387661278247833,8,2,2,1,2,1,0,0.0,0.35048341751098633,2,stale,0.0,6,150,82,CORRECT,0,0,0,0,0,0,0.0,0.0
margin,live-delta,7,0.0,0.307452,0.576036,0.133572,0.933594,0.328724,0.478724,0.027109801769256592,0.47001543641090393,0.44290563464164734,2.2149505615234375,9.160956382751465,0.26319608092308044,13,2,2,1,2,1,0,0.0,0.18030139803886414,2,stale,0.0,6,151,79,CORRECT,0,0,0,0,0,0,0.0,0.0
margin,live-delta,7,0.0,0.307452,0.576036,0.133572,0.933594,0.328724,0.478724,0.005340278148651123,0.8188492059707642,0.813508927822113,2.0147547721862793,7.49888801574707,0.27624621987342834,20,2,2,1,2,1,0,0.0,0.6028050780296326,2,stale,0.0,6,152,84,CORRECT,0,0,0,0,0,0,0.0,0.0
margin,live-delta,7,0.0,0.307452,0.576036,0.133572,0.933594,0.328724,0.478724,0.020387768745422363,0.727567195892334,0.7071794271469116,1.5078414678573608,4.516970157623291,0.42687615752220154,17,2,2,1,2,1,0,0.0,0.5479637384414673,2,stale,0.0,6,153,90,CORRECT,0,0,0,0,0,0,0.0,0.0
margin,live-delta,7,0.0,0.307452,0.576036,0.133572,0.933594,0.328724,0.478724,0.01642930507659912,0.6028136014938354,0.5863842964172363,2.305279493331909,10.02698040008545,0.25609248876571655,18,2,2,1,2,1,0,0.0,0.4060813784599304,2,stale,0.0,6,155,90,CORRECT,0,0,0,0,0,0,0.0,0.0
margin,live-delta,7,0.0,0.307452,0.576036,0.133572,0.933594,0.328724,0.478724,0.021501898765563965,0.5590934753417969,0.5375915765762329,2.240121364593506,9.394471168518066,0.25516465306282043,15,2,2,1,2,1,0,0.0,0.3610961139202118,2,stale,0.0,6,157,74,CORRECT,0,0,0,0,0,0,0.0,0.0
margin,live-delta,7,0.0,0.307452,0.576036,0.133572,0.933594,0.328724,0.478724,0.01916298270225525,0.45646974444389343,0.4373067617416382,2.039222002029419,7.684628486633301,0.30357277393341064,11,2,2,1,2,1,0,0.0,0.18081408739089966,2,stale,0.0,6,158,79,CORRECT,0,0,0,0,0,0,0.0,0.0
margin,live-delta,7,0.0,0.307452,0.576036,0.133572,0.933594,0.328724,0.478724,0.02462470531463623,0.63222336769104,0.6075986623764038,2.0689449310302734,7.916466236114502,0.29706498980522156,20,2,2,1,2,1,0,0.0,0.429174542427063,2,stale,0.0,6,159,90,CORRECT,0,0,0,0,0,0,0.0,0.0
margin,live-delta,7,0.0,0.307452,0.576036,0.133572,0.933594,0.328724,0.478724,0.042462825775146484,0.5661683678627014,0.5237055420875549,1.7622156143188477,5.825329780578613,0.4287070631980896,14,2,2,1,2,1,0,0.0,0.3182640075683594,2,stale,0.0,6,160,87,CORRECT,0,0,0,0,0,0,0.0,0.0
margin,live-delta,7,0.0,0.307452,0.576036,0.133572,0.933594,0.328724,0.478724,0.03060382604598999,0.5303032398223877,0.4996994137763977,2.310600757598877,10.08047866821289,0.25235021114349365,16,2,2,1,2,1,0,0.0,0.2477591633796692,2,stale,0.0,6,161,74,CORRECT,0,0,0,0,0,0,0.0,0.0
margin,live-delta,7,0.0,0.307452,0.576036,0.133572,0.933594,0.328724,0.478724,0.020775914192199707,0.6862285137176514,0.6654525995254517,1.6884857416152954,5.411280632019043,0.3926495909690857,17,2,2,1,2,1,0,0.0,0.5588211417198181,2,stale,0.0,6,162,90,CORRECT,0,0,0,0,0,0,0.0,0.0
margin,live-delta,7,0.0,0.307452,0.576036,0.133572,0.933594,0.328724,0.478724,0.01699221134185791,0.3676166534423828,0.3506244421005249,1.3418328762054443,3.8260498046875,0.36792218685150146,4,2,2,1,2,1,0,0.0,0.15878048539161682,2,stale,0.0,6,163,70,CORRECT,0,0,0,0,0,0,0.0,0.0
margin,live-delta,7,0.0,0.307452,0.576036,0.133572,0.933594,0.328724,0.478724,0.03744542598724365,0.5544109344482422,0.5169655084609985,1.9496723413467407,7.0263848304748535,0.41085582971572876,14,2,2,1,2,1,0,0.0,0.396892249584198,2,stale,0.0,6,164,89,CORRECT,0,0,0,0,0,0,0.0,0.0
margin,live-delta,7,0.0,0.307452,0.576036,0.133572,0.933594,0.328724,0.478724,0.04330688714981079,0.7212452292442322,0.6779383420944214,1.7272982597351074,5.625434875488281,0.4276404082775116,18,2,2,1,2,1,0,0.0,0.5843628644943237,2,stale,0.0,6,165,90,CORRECT,0,0,0,0,0,0,0.0,0.0
margin,live-delta,7,0.0,0.307452,0.576036,0.133572,0.933594,0.328724,0.478724,0.003607511520385742,0.7778502702713013,0.7742427587509155,1.9944956302642822,7.3484954833984375,0.27842503786087036,19,2,2,1,2,1,0,0.0,0.5958204865455627,2,stale,0.0,6,166,84,CORRECT,0,0,0,0,0,0,0.0,0.0
margin,live-delta,7,0.0,0.307452,0.576036,0.133572,0.933594,0.328724,0.478724,0.007624030113220215,0.5461317300796509,0.5385076999664307,1.6595864295959473,5.257136344909668,0.3149253726005554,13,2,2,1,2,1,0,0.0,0.2284112572669983,2,stale,0.0,6,167,87,CORRECT,0,0,0,0,0,0,0.0,0.0
margin,live-delta,7,0.0,0.307452,0.576036,0.133572,0.933594,0.328724,0.478724,0.11162027716636658,0.4376020133495331,0.3259817361831665,-0.0,1.0,1.0,1,2,2,1,2,1,0,0.0,0.21021851897239685,2,stale,0.0,6,168,71,CORRECT,0,0,0,0,0,0,0.0,0.0
margin,live-delta,7,0.0,0.307452,0.576036,0.133572,0.933594,0.328724,0.478724,0.02289295196533203,0.5277668237686157,0.5048738718032837,2.203617572784424,9.057721138000488,0.24780398607254028,15,2,2,1,2,1,0,0.0,0.34557726979255676,2,stale,0.0,6,169,64,CORRECT,0,0,0,0,0,0,0.0,0.0
margin,live-delta,7,0.0,0.307452,0.576036,0.133572,0.933594,0.328724,0.478724,0.025896310806274414,0.6113731861114502,0.5854768753051758,2.4603986740112305,11.709479331970215,0.21859104931354523,19,2,2,1,2,1,0,0.0,0.3930767774581909,2,stale,0.0,6,170,89,CORRECT,0,0,0,0,0,0,0.0,0.0
margin,live-delta,7,0.0,0.307452,0.576036,0.133572,0.933594,0.328724,0.478724,0.1614026129245758,0.5188366174697876,0.3574340045452118,0.31093913316726685,1.3647061586380005,0.9273049235343933,3,2,2,1,2,1,0,0.0,0.3164824843406677,2,stale,0.0,6,171,71,CORRECT,0,0,0,0,0,0,0.0,0.0
margin,live-delta,7,0.0,0.307452,0.576036,0.133572,0.933594,0.328724,0.478724,0.08951789140701294,0.41775548458099365,0.3282375931739807,-0.0,1.0,1.0,1,2,2,1,2,1,0,0.0,0.21190357208251953,2,stale,0.0,6,172,71,CORRECT,0,0,0,0,0,0,0.0,0.0
margin,live-delta,7,0.0,0.307452,0.576036,0.133572,0.933594,0.328724,0.478724,0.019540131092071533,0.7261701822280884,0.7066300511360168,1.7016613483428955,5.483048915863037,0.33843639492988586,18,2,2,1,2,1,0,0.0,0.5258231163024902,2,stale,0.0,6,174,84,CORRECT,0,0,0,0,0,0,0.0,0.0
margin,live-delta,7,0.0,0.307452,0.576036,0.133572,0.933594,0.328724,0.478724,0.001257866621017456,0.4005606472492218,0.39930278062820435,1.7157409191131592,5.560793876647949,0.23679636418819427,6,2,2,1,2,1,0,0.0,0.20247027277946472,2,stale,0.0,6,175,85,CORRECT,0,0,0,0,0,0,0.0,0.0
margin,live-delta,7,0.0,0.307452,0.576036,0.133572,0.933594,0.328724,0.478724,0.008577108383178711,0.709463357925415,0.7008862495422363,1.9064513444900513,6.7291669845581055,0.3313214182853699,16,2,2,1,2,1,0,0.0,0.5632714629173279,2,stale,0.0,6,176,65,CORRECT,0,0,0,0,0,0,0.0,0.0
margin,live-delta,7,0.0,0.307452,0.576036,0.133572,0.933594,0.328724,0.478724,0.008091270923614502,0.5726185441017151,0.5645272731781006,2.170276403427124,8.76070499420166,0.2347056269645691,18,2,2,1,2,1,0,0.0,0.35414767265319824,2,stale,0.0,6,177,74,CORRECT,0,0,0,0,0,0,0.0,0.0
margin,live-delta,7,0.0,0.307452,0.576036,0.133572,0.933594,0.328724,0.478724,0.07999742031097412,0.7938531041145325,0.7138556838035583,1.244541049003601,3.471341371536255,0.6329076290130615,16,2,2,1,2,1,0,0.0,0.6809784173965454,2,stale,0.0,6,178,90,CORRECT,0,0,0,0,0,0,0.0,0.0
margin,live-delta,7,0.0,0.307452,0.576036,0.133572,0.933594,0.328724,0.478724,0.01630270481109619,0.7674540281295776,0.7511513233184814,1.4857743978500366,4.4183855056762695,0.43703535199165344,20,2,2,1,2,1,0,0.0,0.6261707544326782,2,stale,0.0,6,179,64,CORRECT,0,0,0,0,0,0,0.0,0.0
margin,live-delta,7,0.0,0.307452,0.576036,0.133572,0.933594,0.328724,0.478724,0.03030848503112793,0.8509020209312439,0.820593535900116,1.5760717391967773,4.835921764373779,0.43658846616744995,18,2,2,1,2,1,0,0.0,0.720429003238678,2,stale,0.0,6,180,90,CORRECT,0,0,0,0,0,0,0.0,0.0
margin,live-delta,7,0.0,0.307452,0.576036,0.133572,0.933594,0.328724,0.478724,0.007976055145263672,0.8307018280029297,0.822725772857666,1.6631430387496948,5.275866985321045,0.3594586253166199,16,2,2,1,2,1,0,0.0,0.5800230503082275,2,stale,0.0,6,181,74,CORRECT,0,0,0,0,0,0,0.0,0.0
margin,live-delta,7,0.0,0.307452,0.576036,0.133572,0.933594,0.328724,0.478724,0.06229439377784729,0.3948099911212921,0.3325155973434448,0.5311936140060425,1.7009613513946533,0.776587188243866,2,2,2,1,2,1,0,0.0,0.20360982418060303,2,stale,0.0,6,182,91,CORRECT,0,0,0,0,0,0,0.0,0.0
margin,live-delta,7,0.0,0.307452,0.576036,0.133572,0.933594,0.328724,0.478724,0.027524173259735107,0.5402094721794128,0.5126852989196777,2.0217952728271484,7.551870346069336,0.3601636290550232,16,2,2,1,2,1,0,0.0,0.4117984473705292,2,stale,0.0,6,183,82,CORRECT,0,0,0,0,0,0,0.0,0.0
margin,live-delta,7,0.0,0.307452,0.576036,0.133572,0.933594,0.328724,0.478724,0.06895595788955688,0.7991049289703369,0.73014897108078,1.4198620319366455,4.136549472808838,0.5433827638626099,18,2,2,1,2,1,0,0.0,0.6681656241416931,2,stale,0.0,6,184,90,CORRECT,0,0,0,0,0,0,0.0,0.0
margin,live-delta,7,0.0,0.307452,0.576036,0.133572,0.933594,0.328724,0.478724,0.03261613845825195,0.4169046878814697,0.3842885494232178,1.2226476669311523,3.396167755126953,0.4870470464229584,4,2,2,1,2,1,0,0.0,0.16200831532478333,2,stale,0.0,6,185,87,CORRECT,0,0,0,0,0,0,0.0,0.0
margin,live-delta,7,0.0,0.307452,0.576036,0.133572,0.933594,0.328724,0.478724,0.10802942514419556,0.49873656034469604,0.3907071352005005,1.4904072284698486,4.438902854919434,0.6024894118309021,9,2,2,1,2,1,0,0.05371499061584473,0.12086889147758484,2,stale,0.0,6,186,72,CORRECT,0,0,0,0,0,0,0.0,0.0
margin,live-delta,7,0.0,0.307452,0.576036,0.133572,0.933594,0.328724,0.478724,0.001587986946105957,0.5414755344390869,0.539887547492981,2.117433547973633,8.309783935546875,0.25352591276168823,15,2,2,1,2,1,0,0.0,0.32606571912765503,2,stale,0.0,6,187,89,CORRECT,0,0,0,0,0,0,0.0,0.0
margin,live-delta,7,0.0,0.307452,0.576036,0.133572,0.933594,0.328724,0.478724,0.009970366954803467,0.721244215965271,0.7112738490104675,1.593491792678833,4.920901775360107,0.3632270097732544,18,2,2,1,2,1,0,0.0,0.5688634514808655,2,stale,0.0,6,188,90,CORRECT,0,0,0,0,0,0,0.0,0.0
margin,live-delta,7,0.0,0.307452,0.576036,0.133572,0.933594,0.328724,0.478724,0.027580201625823975,0.8041415214538574,0.7765613198280334,1.7622681856155396,5.82563591003418,0.33697500824928284,19,2,2,1,2,1,0,0.0,0.6601616740226746,2,stale,0.0,6,189,90,CORRECT,0,0,0,0,0,0,0.0,0.0
margin,live-delta,7,0.0,0.307452,0.576036,0.133572,0.933594,0.328724,0.478724,0.014406383037567139,0.39838850498199463,0.3839821219444275,1.5131454467773438,4.54099178314209,0.34336718916893005,5,2,2,1,2,1,1,0.13204538822174072,0.047782719135284424,1,stale,0.0,6,190,88,CORRECT,0,0,0,0,0,0,0.0,0.0
margin,live-delta,7,0.0,0.307452,0.576036,0.133572,0.933594,0.328724,0.478724,0.17678111791610718,0.6894976496696472,0.51271653175354,0.6661783456802368,1.946783185005188,0.8801348805427551,20,3,3,1,3,1,0,0.0015006690518930554,0.3187081813812256,2,stale,0.0,6,192,103,CORRECT,0,0,0,0,0,0,0.0,0.0
margin,live-delta,7,0.0,0.307452,0.576036,0.133572,0.933594,0.328724,0.478724,0.2501198649406433,0.8384618759155273,0.588342010974884,0.15019983053207397,1.1620664596557617,0.9778040051460266,17,3,3,1,3,1,0,0.0,0.5976263284683228,2,stale,0.0,6,193,110,CORRECT,0,0,0,0,0,0,0.0,0.0
margin,live-delta,7,0.0,0.307452,0.576036,0.133572,0.933594,0.328724,0.478724,0.12315046787261963,0.7314360737800598,0.6082856059074402,0.9822870492935181,2.6705570220947266,0.7913287878036499,20,3,3,1,3,1,0,0.0,0.4771263003349304,2,stale,0.0,6,194,116,CORRECT,0,0,0,0,0,0,0.0,0.0
margin,live-delta,7,0.0,0.307452,0.576036,0.133572,0.933594,0.328724,0.478724,0.05098092555999756,0.6020346879959106,0.5510537624359131,1.8126444816589355,6.1266279220581055,0.4704047739505768,20,3,3,1,3,1,0,0.0,0.35551363229751587,2,stale,0.0,6,195,96,CORRECT,0,0,0,0,0,0,0.0,0.0
margin,live-delta,7,0.0,0.307452,0.576036,0.133572,0.933594,0.328724,0.478724,0.09636414051055908,0.6056495904922485,0.5092854499816895,1.9922740459442139,7.332188606262207,0.5024775266647339,20,3,3,1,3,1,0,0.0,0.3226177990436554,2,stale,0.0,6,196,118,CORRECT,0,0,0,0,0,0,0.0,0.0
margin,live-delta,7,0.0,0.307452,0.576036,0.133572,0.933594,0.328724,0.478724,0.017229735851287842,0.4229623079299927,0.40573257207870483,2.3434903621673584,10.417533874511719,0.20355224609375,12,3,3,1,3,1,0,0.0,0.13656413555145264,2,stale,0.0,6,197,120,CORRECT,0,0,0,0,0,0,0.0,0.0
margin,live-delta,7,0.0,0.307452,0.576036,0.133572,0.933594,0.328724,0.478724,0.0004450678825378418,0.663228452205658,0.6627833843231201,1.1281198263168335,3.089841604232788,0.44084692001342773,9,3,3,1,3,1,0,0.0,0.43403884768486023,2,stale,0.0,6,198,115,CORRECT,0,0,0,0,0,0,0.0,0.0
margin,live-delta,7,0.0,0.307452,0.576036,0.133572,0.933594,0.328724,0.478724,0.04778146743774414,0.5894176363945007,0.5416361689567566,2.1574342250823975,8.648918151855469,0.41060587763786316,20,3,3,1,3,1,0,0.0,0.35544294118881226,2,stale,0.0,6,199,103,CORRECT,0,0,0,0,0,0,0.0,0.0
margin,live-delta,7,0.0,0.307452,0.576036,0.133572,0.933594,0.328724,0.478724,0.016924381256103516,0.5788602828979492,0.5619359016418457,2.10457444190979,8.203611373901367,0.28718093037605286,20,3,3,1,3,1,0,0.0,0.25708454847335815,2,stale,0.0,6,200,120,CORRECT,0,0,0,0,0,0,0.0,0.0
margin,live-delta,7,0.0,0.307452,0.576036,0.133572,0.933594,0.328724,0.478724,0.08788466453552246,0.7313388586044312,0.6434541940689087,1.1194512844085693,3.0631728172302246,0.7111095190048218,20,3,3,1,3,1,0,0.0,0.5794543027877808,2,stale,0.0,6,201,102,CORRECT,0,0,0,0,0,0,0.0,0.0
margin,live-delta,7,0.0,0.307452,0.576036,0.133572,0.933594,0.328724,0.478724,0.08769881725311279,0.692467451095581,0.6047686338424683,0.8386279940605164,2.3131911754608154,0.786108136177063,18,3,3,1,3,1,0,0.0,0.48868000507354736,2,stale,0.0,6,202,114,CORRECT,0,0,0,0,0,0,0.0,0.0
margin,live-delta,7,0.0,0.307452,0.576036,0.133572,0.933594,0.328724,0.478724,0.03672116994857788,0.7536641359329224,0.7169429659843445,1.852864384651184,6.378062725067139,0.37012144923210144,20,3,3,1,3,1,0,0.0,0.58802330493927,2,stale,0.0,6,203,102,CORRECT,0,0,0,0,0,0,0.0,0.0
margin,live-delta,7,0.0,0.307452,0.576036,0.133572,0.933594,0.328724,0.478724,0.01258617639541626,0.6234400272369385,0.6108538508415222,1.8318312168121338,6.245312690734863,0.295255184173584,16,3,3,1,3,1,0,0.0030857003293931484,0.22805306315422058,2,stale,0.0,6,204,120,CORRECT,0,0,0,0,0,0,0.0,0.0
margin,live-delta,7,0.0,0.307452,0.576036,0.133572,0.933594,0.328724,0.478724,0.12952852249145508,0.8142807483673096,0.6847522258758545,0.7591400742530823,2.1364383697509766,0.832633376121521,20,3,3,1,3,1,0,0.0,0.6377133131027222,2,stale,0.0,6,206,102,CORRECT,0,0,0,0,0,0,0.0,0.0
margin,live-delta,7,0.0,0.307452,0.576036,0.133572,0.933594,0.328724,0.478724,0.010855257511138916,0.7418167591094971,0.7309615015983582,1.8727407455444336,6.506103515625,0.3286619186401367,20,3,3,1,3,1,0,0.0,0.564441978931427,2,stale,0.0,6,207,126,CORRECT,0,0,0,0,0,0,0.0,0.0
margin,live-delta,7,0.0,0.307452,0.576036,0.133572,0.933594,0.328724,0.478724,0.31014442443847656,0.938294529914856,0.6281501054763794,0.023927897214889526,1.0242164134979248,0.9969357252120972,11,3,3,1,3,1,0,0.0,0.6507328748703003,2,stale,0.0,6,208,122,CORRECT,0,0,0,0,0,0,0.0,0.0
margin,live-delta,7,0.0,0.307452,0.576036,0.133572,0.933594,0.328724,0.478724,0.20055639743804932,0.6931475400924683,0.49259114265441895,0.4569653868675232,1.5792741775512695,0.9223788976669312,19,3,3,1,3,1,0,0.0,0.4239552617073059,2,stale,0.0,6,209,114,CORRECT,0,0,0,0,0,0,0.0,0.0
margin,live-delta,7,0.0,0.307452,0.576036,0.133572,0.933594,0.328724,0.478724,0.1260668933391571,0.4007601737976074,0.2746932804584503,-0.0,1.0,1.0,1,3,3,1,3,1,0,0.0,0.1310916543006897,2,stale,0.0,6,210,122,CORRECT,0,0,0,0,0,0,0.0,0.0
margin,live-delta,7,0.0,0.307452,0.576036,0.133572,0.933594,0.328724,0.478724,0.10023805499076843,0.42242056131362915,0.3221825063228607,-0.0,1.0,1.0,1,3,3,1,3,1,0,0.0,0.19192704558372498,2,stale,0.0,6,211,100,CORRECT,0,0,0,0,0,0,0.0,0.0
margin,live-delta,7,0.0,0.307452,0.576036,0.133572,0.933594,0.328724,0.478724,0.029310405254364014,0.429783433675766,0.400473028421402,2.0382373332977295,7.677064895629883,0.28561681509017944,9,3,2,0,3,1,1,0.28561681509017944,-0.029310405254364014,0,stale,0.0,6,212,72,CORRECT,0,0,0,0,0,0,0.0,0.0
margin,live-delta,7,0.0,0.307452,0.576036,0.133572,0.933594,0.328724,0.478724,0.03714936971664429,0.8875680565834045,0.8504186868667603,1.6866893768310547,5.401568412780762,0.43470388650894165,20,3,3,1,3,1,0,0.0,0.7825043797492981,2,stale,0.0,6,213,106,CORRECT,0,0,0,0,0,0,0.0,0.0
margin,live-delta,7,0.0,0.307452,0.576036,0.133572,0.933594,0.328724,0.478724,0.04747101664543152,0.44041067361831665,0.39293965697288513,1.4195277690887451,4.135167121887207,0.5099478363990784,6,3,3,1,3,1,0,0.0,0.1263270378112793,2,stale,0.0,6,214,99,CORRECT,0,0,0,0,0,0,0.0,0.0
margin,live-delta,7,0.0,0.307452,0.576036,0.133572,0.933594,0.328724,0.478724,0.004091382026672363,0.8561554551124573,0.8520640730857849,1.9033674001693726,6.708446502685547,0.2543230950832367,20,3,3,1,3,1,0,0.0,0.6750622987747192,2,stale,0.0,6,215,111,CORRECT,0,0,0,0,0,0,0.0,0.0
margin,live-delta,7,0.0,0.307452,0.576036,0.133572,0.933594,0.328724,0.478724,0.02332526445388794,0.8350045084953308,0.8116792440414429,1.7444543838500977,5.7227783203125,0.3435414731502533,20,3,3,1,3,1,0,0.0,0.7101004123687744,2,stale,0.0,6,216,127,CORRECT,0,0,0,0,0,0,0.0,0.0
margin,live-delta,7,0.0,0.307452,0.576036,0.133572,0.933594,0.328724,0.478724,0.025778532028198242,0.78267902135849,0.7569004893302917,2.0339953899383545,7.64456844329834,0.31839659810066223,20,3,3,1,3,1,0,0.0,0.6660486459732056,2,stale,0.0,6,217,127,CORRECT,0,0,0,0,0,0,0.0,0.0
margin,live-delta,7,0.0,0.307452,0.576036,0.133572,0.933594,0.328724,0.478724,0.010915875434875488,0.8731348514556885,0.862218976020813,1.7354894876480103,5.671703338623047,0.3073282539844513,20,3,3,1,3,1,0,0.0,0.7605646848678589,2,stale,0.0,6,218,125,CORRECT,0,0,0,0,0,0,0.0,0.0
margin,live-delta,7,0.0,0.307452,0.576036,0.133572,0.933594,0.328724,0.478724,0.07246661186218262,0.8534470200538635,0.7809804081916809,1.5856167078018188,4.882301330566406,0.5344051718711853,20,3,3,1,3,1,0,0.0,0.5936151146888733,2,stale,0.0,6,219,105,CORRECT,0,0,0,0,0,0,0.0,0.0
margin,live-delta,7,0.0,0.307452,0.576036,0.133572,0.933594,0.328724,0.478724,0.07581859827041626,0.6874869465827942,0.6116683483123779,0.9393578767776489,2.558338165283203,0.721834659576416,14,3,3,1,3,1,0,0.005990462843328714,0.29558390378952026,2,stale,0.0,6,220,122,CORRECT,0,0,0,0,0,0,0.0,0.0
margin,live-delta,7,0.0,0.307452,0.576036,0.133572,0.933594,0.328724,0.478724,0.001756131649017334,0.8375440835952759,0.8357879519462585,2.000593423843384,7.393442153930664,0.18294775485992432,20,3,3,1,3,1,0,0.0,0.7359657883644104,2,stale,0.0,6,221,106,CORRECT,0,0,0,0,0,0,0.0,0.0
margin,live-delta,7,0.0,0.307452,0.576036,0.133572,0.933594,0.328724,0.478724,0.012435197830200195,0.5919559001922607,0.5795207023620605,1.4607667922973633,4.309262752532959,0.33544525504112244,10,3,3,1,3,1,0,0.0,0.3724329471588135,2,stale,0.0,6,222,122,CORRECT,0,0,0,0,0,0,0.0,0.0
margin,live-delta,7,0.0,0.307452,0.576036,0.133572,0.933594,0.328724,0.478724,0.1421467661857605,0.74917072057724,0.6070239543914795,0.6805630922317505,1.9749895334243774,0.8545774221420288,19,3,3,1,3,1,0,0.0,0.6529428362846375,2,stale,0.0,6,223,98,CORRECT,0,0,0,0,0,0,0.0,0.0
margin,live-delta,7,0.0,0.307452,0.576036,0.133572,0.933594,0.328724,0.478724,0.21937918663024902,0.8214820027351379,0.6021028161048889,0.17061550915241241,1.1860346794128418,0.9733414649963379,17,3,3,1,3,1,0,0.0,0.6802964210510254,2,stale,0.0,6,224,110,CORRECT,0,0,0,0,0,0,0.0,0.0
margin,live-delta,7,0.0,0.307452,0.576036,0.133572,0.933594,0.328724,0.478724,0.017391085624694824,0.8623713254928589,0.8449802398681641,1.735216498374939,5.670155048370361,0.3217872381210327,20,3,3,1,3,1,0,0.0,0.7513468265533447,2,stale,0.0,6,225,105,CORRECT,0,0,0,0,0,0,0.0,0.0
margin,live-delta,7,0.0,0.307452,0.576036,0.133572,0.933594,0.328724,0.478724,0.14155244827270508,0.7440454959869385,0.6024930477142334,0.5469385981559753,1.7279549837112427,0.8749738335609436,9,3,3,1,3,1,0,0.0,0.6083049774169922,2,stale,0.0,6,226,96,CORRECT,0,0,0,0,0,0,0.0,0.0
margin,live-delta,7,0.0,0.307452,0.576036,0.133572,0.933594,0.328724,0.478724,0.009824693202972412,0.8616310954093933,0.8518064022064209,1.378121018409729,3.967439889907837,0.4070499837398529,20,3,3,1,3,1,0,0.0,0.7183105945587158,2,stale,0.0,6,227,97,CORRECT,0,0,0,0,0,0,0.0,0.0
margin,live-delta,7,0.0,0.307452,0.576036,0.133572,0.933594,0.328724,0.478724,0.1868841052055359,0.7295669317245483,0.5426828265190125,0.20578671991825104,1.228491187095642,0.96402508020401,11,3,3,1,3,1,0,0.0,0.6021155714988708,2,stale,0.0,6,228,110,CORRECT,0,0,0,0,0,0,0.0,0.0
margin,live-delta,7,0.0,0.307452,0.576036,0.133572,0.933594,0.328724,0.478724,0.020042985677719116,0.5192570686340332,0.4992140829563141,2.5213727951049805,12.445670127868652,0.1801518052816391,19,3,3,1,3,1,0,0.0,0.1971248984336853,2,stale,0.0,6,229,119,CORRECT,0,0,0,0,0,0,0.0,0.0
margin,live-delta,7,0.0,0.307452,0.576036,0.133572,0.933594,0.328724,0.478724,0.0030614137649536133,0.7558149099349976,0.752753496170044,2.0031323432922363,7.412237167358398,0.24354742467403412,20,3,3,1,3,1,0,0.0,0.5923832058906555,2,stale,0.0,6,230,102,CORRECT,0,0,0,0,0,0,0.0,0.0
margin,live-delta,7,0.0,0.307452,0.576036,0.133572,0.933594,0.328724,0.478724,0.02777397632598877,0.8631192445755005,0.8353452682495117,1.8201956748962402,6.173066139221191,0.34694555401802063,20,3,3,1,3,1,0,0.0,0.69650799036026,2,stale,0.0,6,231,125,CORRECT,0,0,0,0,0,0,0.0,0.0
margin,live-delta,7,0.0,0.307452,0.576036,0.133572,0.933594,0.328724,0.478724,0.0031142234802246094,0.6046508550643921,0.6015366315841675,1.994081735610962,7.345454692840576,0.23943795263767242,20,3,3,1,3,1,0,0.0,0.3869871497154236,2,stale,0.0,6,232,115,CORRECT,0,0,0,0,0,0,0.0,0.0
margin,live-delta,7,0.0,0.307452,0.576036,0.133572,0.933594,0.328724,0.478724,0.01851475238800049,0.7026830911636353,0.6841683387756348,2.3669567108154297,10.664886474609375,0.20359563827514648,20,3,3,1,3,1,0,0.0,0.5461775064468384,2,stale,0.0,6,233,127,CORRECT,0,0,0,0,0,0,0.0,0.0
margin,live-delta,7,0.0,0.307452,0.576036,0.133572,0.933594,0.328724,0.478724,0.01128321886062622,0.4718627333641052,0.460579514503479,1.7254068851470947,5.614805221557617,0.2975577712059021,8,3,3,1,3,1,0,0.04045907407999039,0.09976586699485779,2,stale,0.0,6,234,99,CORRECT,0,0,0,0,0,0,0.0,0.0
margin,live-delta,7,0.0,0.307452,0.576036,0.133572,0.933594,0.328724,0.478724,0.027986109256744385,0.8835732936859131,0.8555871844291687,1.5740151405334473,4.825986385345459,0.425830215215683,20,3,3,1,3,1,0,0.0,0.7006120085716248,2,stale,0.0,6,235,125,CORRECT,0,0,0,0,0,0,0.0,0.0
margin,live-delta,7,0.0,0.307452,0.576036,0.133572,0.933594,0.328724,0.478724,0.015972495079040527,0.809628963470459,0.7936564683914185,1.605930209159851,4.982492446899414,0.3595678210258484,20,3,3,1,3,1,0,0.0,0.6345729827880859,2,stale,0.0,6,236,112,CORRECT,0,0,0,0,0,0,0.0,0.0
margin,live-delta,7,0.0,0.307452,0.576036,0.133572,0.933594,0.328724,0.478724,0.18761926889419556,0.7911852598190308,0.6035659909248352,0.3539438247680664,1.4246751070022583,0.9400763511657715,20,3,3,1,3,1,0,0.0,0.5610560178756714,2,stale,0.0,6,237,110,CORRECT,0,0,0,0,0,0,0.0,0.0
margin,live-delta,7,0.0,0.307452,0.576036,0.133572,0.933594,0.328724,0.478724,0.0336647629737854,0.8508002758026123,0.8171355128288269,1.76056706905365,5.815734386444092,0.3842830955982208,20,3,3,1,3,1,0,0.0,0.6989814043045044,2,stale,0.0,6,238,105,CORRECT,0,0,0,0,0,0,0.0,0.0
margin,live-delta,7,0.0,0.307452,0.576036,0.133572,0.933594,0.328724,0.478724,0.1614556908607483,0.7561558485031128,0.5947001576423645,0.34519293904304504,1.4122623205184937,0.9348795413970947,16,3,3,1,3,1,0,0.0,0.6322998404502869,2,stale,0.0,6,239,110,CORRECT,0,0,0,0,0,0,0.0,0.0
margin,live-delta,7,0.0,0.307452,0.576036,0.133572,0.933594,0.328724,0.478724,0.006048679351806641,0.6312018632888794,0.6251531839370728,2.0294220447540283,7.609686851501465,0.3157705068588257,20,3,3,1,3,1,0,0.0,0.45505237579345703,2,stale,0.0,6,240,113,CORRECT,0,0,0,0,0,0,0.0,0.0
margin,live-delta,7,0.0,0.307452,0.576036,0.133572,0.933594,0.328724,0.478724,0.004112362861633301,0.7422609329223633,0.73814857006073,2.0436136722564697,7.718451023101807,0.2253294438123703,20,3,3,1,3,1,0,0.0,0.597240686416626,2,stale,0.0,6,241,101,CORRECT,0,0,0,0,0,0,0.0,0.0
margin,live-delta,7,0.0,0.307452,0.576036,0.133572,0.933594,0.328724,0.478724,0.004317045211791992,0.8364173769950867,0.8321003317832947,2.039419651031494,7.686147212982178,0.22145666182041168,20,3,3,1,3,1,0,0.0,0.7108869552612305,2,stale,0.0,6,242,125,CORRECT,0,0,0,0,0,0,0.0,0.0
margin,live-delta,7,0.0,0.307452,0.576036,0.133572,0.933594,0.328724,0.478724,0.04702085256576538,0.45911580324172974,0.41209495067596436,2.170642137527466,8.763910293579102,0.3306533396244049,12,3,3,1,3,1,0,0.0,0.22644346952438354,2,stale,0.0,6,243,118,CORRECT,0,0,0,0,0,0,0.0,0.0
margin,live-delta,7,0.0,0.307452,0.576036,0.133572,0.933594,0.328724,0.478724,0.10091966390609741,0.7671535611152649,0.6662338972091675,1.1288321018218994,3.092043161392212,0.6994472146034241,20,3,3,1,3,1,0,0.0,0.48336267471313477,2,stale,0.0,6,244,120,CORRECT,0,0,0,0,0,0,0.0,0.0
margin,live-delta,7,0.0,0.307452,0.576036,0.133572,0.933594,0.328724,0.478724,0.03122866153717041,0.8901559114456177,0.8589272499084473,1.192240595817566,3.294454574584961,0.5376148819923401,20,3,3,1,3,1,0,0.0,0.7685378789901733,2,stale,0.0,6,245,97,CORRECT,0,0,0,0,0,0,0.0,0.0
margin,live-delta,7,0.0,0.307452,0.576036,0.133572,0.933594,0.328724,0.478724,0.48767468333244324,0.8059310913085938,0.3182564079761505,-0.0,1.0,1.0,1,3,3,1,3,1,0,0.0,0.6626580953598022,2,stale,0.0,6,246,100,CORRECT,0,0,0,0,0,0,0.0,0.0
margin,live-delta,7,0.0,0.307452,0.576036,0.133572,0.933594,0.328724,0.478724,0.002940237522125244,0.5670374035835266,0.5640971660614014,2.2715771198272705,9.69467830657959,0.23685093224048615,20,3,3,1,3,1,0,0.0,0.4298700988292694,2,stale,0.0,6,248,101,CORRECT,0,0,0,0,0,0,0.0,0.0
margin,live-delta,7,0.0,0.307452,0.576036,0.133572,0.933594,0.328724,0.478724,0.01873636245727539,0.6796143651008606,0.6608780026435852,1.9736518859863281,7.196910858154297,0.29880520701408386,18,3,3,1,3,1,0,0.0,0.5658657550811768,2,stale,0.0,6,249,105,CORRECT,0,0,0,0,0,0,0.0,0.0
margin,live-delta,7,0.0,0.307452,0.576036,0.133572,0.933594,0.328724,0.478724,0.05136531591415405,0.7388730645179749,0.6875077486038208,1.4365373849868774,4.206106662750244,0.5618289709091187,20,3,3,1,3,1,0,0.0,0.5477907657623291,2,stale,0.0,6,250,114,CORRECT,0,0,0,0,0,0,0.0,0.0
margin,live-delta,7,0.0,0.307452,0.576036,0.133572,0.933594,0.328724,0.478724,0.13544273376464844,0.6935679912567139,0.5581252574920654,0.7351569533348083,2.0858092308044434,0.8522759675979614,20,3,3,1,3,1,0,0.0,0.42063069343566895,2,stale,0.0,6,251,120,CORRECT,0,0,0,0,0,0,0.0,0.0
margin,live-delta,7,0.0,0.307452,0.576036,0.133572,0.933594,0.328724,0.478724,0.04568326473236084,0.8082558512687683,0.7625725865364075,1.9747440814971924,7.204775810241699,0.4014061391353607,20,3,3,1,3,1,0,0.0,0.6864441633224487,2,stale,0.0,6,252,127,CORRECT,0,0,0,0,0,0,0.0,0.0
margin,live-delta,7,0.0,0.307452,0.576036,0.133572,0.933594,0.328724,0.478724,0.06185990571975708,0.7299630641937256,0.6681031584739685,1.8280168771743774,6.221536159515381,0.48660099506378174,20,3,3,1,3,1,0,0.0,0.5752080678939819,2,stale,0.0,6,253,114,CORRECT,0,0,0,0,0,0,0.0,0.0
margin,live-delta,7,0.0,0.307452,0.576036,0.133572,0.933594,0.328724,0.478724,0.05214470624923706,0.5976381301879883,0.5454934239387512,1.870353102684021,6.4905877113342285,0.48225247859954834,20,3,3,1,3,1,0,0.0,0.4311729371547699,2,stale,0.0,6,254,102,CORRECT,0,0,0,0,0,0,0.0,0.0
margin,live-delta,7,0.0,0.307452,0.576036,0.133572,0.933594,0.328724,0.478724,0.009095430374145508,0.6186673641204834,0.6095719337463379,2.38944149017334,10.907400131225586,0.20700059831142426,20,3,3,1,3,1,0,0.0,0.25513458251953125,2,stale,0.0,6,255,117,CORRECT,0,0,0,0,0,0,0.0,0.0
margin,live-delta,8,0.0,0.307452,0.576036,0.107066,0.917969,0.387797,0.537797,0.0,0.5616472959518433,0.5616472959518433,2.411181926727295,11.147128105163574,0.17324697971343994,20,3,3,1,3,1,1,0.2499999850988388,0.0,0,stale,0.0,6,0,167,CORRECT,0,0,0,0,0,5,0.0,0.25
margin,live-delta,8,0.0,0.307452,0.576036,0.107066,0.917969,0.387797,0.537797,0.0,0.4198814332485199,0.4198814332485199,1.3862943649291992,4.0,0.25,4,3,0,0,3,1,1,0.25,0.0,0,stale,0.0,6,1,0,CORRECT,0,0,0,0,0,1,0.0,0.25
margin,live-delta,8,0.0,0.307452,0.576036,0.107066,0.917969,0.387797,0.537797,0.0,0.490217924118042,0.490217924118042,1.3862943649291992,4.0,0.25,4,3,3,1,3,1,1,0.25,0.0,0,stale,0.0,6,2,209,CORRECT,0,0,0,0,0,1,0.0,0.25
margin,live-delta,8,0.0,0.307452,0.576036,0.107066,0.917969,0.387797,0.537797,0.0,0.4598029851913452,0.4598029851913452,2.9517102241516113,19.138656616210938,0.07047124952077866,20,3,3,1,3,1,1,0.25,0.0,0,stale,0.0,6,3,199,CORRECT,0,0,0,0,0,5,0.0,0.25
margin,live-delta,8,0.0,0.307452,0.576036,0.107066,0.917969,0.387797,0.537797,0.0393713116645813,0.49600115418434143,0.45662984251976013,2.8041672706604004,16.51331901550293,0.17324206233024597,20,3,1,0,3,1,1,0.5214343667030334,-0.0393713116645813,0,stale,0.0,6,4,43,CORRECT,0,0,0,0,0,4,0.0,0.16698
margin,live-delta,8,0.0,0.307452,0.576036,0.107066,0.917969,0.387797,0.537797,0.0,0.42364418506622314,0.42364418506622314,2.0656094551086426,7.890105247497559,0.14574269950389862,8,3,3,1,3,1,1,0.2499999850988388,0.0,0,stale,0.0,6,5,209,CORRECT,0,0,0,0,0,2,0.0,0.25
margin,live-delta,8,0.0,0.307452,0.576036,0.107066,0.917969,0.387797,0.537797,0.0,0.5367840528488159,0.5367840528488159,2.705111026763916,14.955976486206055,0.12879100441932678,20,3,3,1,3,1,1,0.36943402886390686,0.0,0,stale,0.0,6,6,184,CORRECT,0,0,0,0,0,5,0.0,0.224927
margin,live-delta,8,0.0,0.307452,0.576036,0.107066,0.917969,0.387797,0.537797,0.0845651924610138,0.45839157700538635,0.37382638454437256,-0.0,1.0,1.0,1,3,1,0,1,0,1,1.0,-0.10400882363319397,0,stale,0.0,6,8,52,BLENDED,0,0,0,0,0,0,0.0,0.0
margin,live-delta,8,0.0,0.307452,0.576036,0.107066,0.917969,0.387797,0.537797,0.0,0.4691773056983948,0.4691773056983948,2.342621088027954,10.408482551574707,0.11650743335485458,12,3,0,0,3,1,1,0.25,0.0,0,stale,0.0,6,9,29,CORRECT,0,0,0,0,0,3,0.0,0.25
margin,live-delta,8,0.0,0.307452,0.576036,0.107066,0.917969,0.387797,0.537797,0.0,0.6366702318191528,0.6366702318191528,1.552376627922058,4.722681045532227,0.24100998044013977,10,3,0,0,3,1,1,0.26314565539360046,0.0,0,stale,0.0,6,10,24,CORRECT,0,0,0,0,0,2,0.0,0.245618
margin,live-delta,8,0.0,0.307452,0.576036,0.107066,0.917969,0.387797,0.537797,0.09863480925559998,0.5681047439575195,0.46946993470191956,0.5035899877548218,1.6546508073806763,0.8490091562271118,3,3,1,0,1,0,1,1.0,-0.22248363494873047,0,stale,0.0,6,14,35,BLENDED,0,0,0,0,0,0,0.0,0.0
margin,live-delta,8,0.0,0.307452,0.576036,0.107066,0.917969,0.387797,0.537797,0.0,0.4009496569633484,0.4009496569633484,1.3862943649291992,4.0,0.25,4,3,3,1,3,1,1,0.25,0.0,0,stale,0.0,6,15,147,CORRECT,0,0,0,0,0,1,0.0,0.25
margin,live-delta,8,0.0,0.307452,0.576036,0.107066,0.917969,0.387797,0.537797,0.0,0.5011003613471985,0.5011003613471985,2.5635836124420166,12.982257843017578,0.13391365110874176,18,3,3,1,3,1,1,0.4775729179382324,0.0,0,stale,0.0,6,16,152,CORRECT,0,0,0,0,0,3,0.0,0.174142
margin,live-delta,8,0.0,0.307452,0.576036,0.107066,0.917969,0.387797,0.537797,0.0,0.697227954864502,0.697227954864502,1.5071728229522705,4.513950824737549,0.24513085186481476,20,3,3,1,3,1,1,0.251821368932724,0.0,0,stale,0.0,6,20,209,CORRECT,0,0,0,0,0,5,0.0,0.249736
margin,live-delta,8,0.0,0.307452,0.576036,0.107066,0.917969,0.387797,0.537797,0.0,0.5750564336776733,0.5750564336776733,2.1406431198120117,8.504905700683594,0.1924968808889389,20,3,3,1,3,1,1,0.261025607585907,0.0,0,stale,0.0,6,24,209,CORRECT,0,0,0,0,0,5,0.0,0.247948
margin,live-delta,8,0.0,0.307452,0.576036,0.107066,0.917969,0.387797,0.537797,0.05207479000091553,0.40230363607406616,0.35022884607315063,-0.0,1.0,1.0,1,3,1,0,1,0,1,1.0,-0.05207479000091553,0,stale,0.0,6,26,52,BLENDED,0,0,0,0,0,0,0.0,0.0
margin,live-delta,8,0.0,0.307452,0.576036,0.107066,0.917969,0.387797,0.537797,0.0,0.44835323095321655,0.44835323095321655,2.939169406890869,18.9001407623291,0.06653320789337158,20,3,3,1,3,1,1,0.2499999850988388,0.0,0,stale,0.0,6,27,209,CORRECT,0,0,0,0,0,5,0.0,0.25
margin,live-delta,8,0.0,0.307452,0.576036,0.107066,0.917969,0.387797,0.537797,0.0,0.5200752019882202,0.5200752019882202,1.3862943649291992,4.0,0.25,4,3,3,1,3,1,1,0.25,0.0,0,stale,0.0,6,30,209,CORRECT,0,0,0,0,0,1,0.0,0.25
margin,live-delta,8,0.0,0.307452,0.576036,0.107066,0.917969,0.387797,0.537797,0.0,0.4632206857204437,0.4632206857204437,2.133018732070923,8.4403076171875,0.15518194437026978,9,3,0,0,3,1,1,0.3176220655441284,0.0,0,stale,0.0,6,31,24,CORRECT,0,0,0,0,0,2,0.0,0.227459
margin,live-delta,8,0.0,0.307452,0.576036,0.107066,0.917969,0.387797,0.537797,0.0,0.7049044370651245,0.7049044370651245,1.4472050666809082,4.251215934753418,0.24776127934455872,16,3,0,0,3,1,1,0.2500000298023224,0.0,0,stale,0.0,6,32,2,CORRECT,0,0,0,0,0,4,0.0,0.25
margin,live-delta,8,0.0,0.307452,0.576036,0.107066,0.917969,0.387797,0.537797,0.0,0.5084764957427979,0.5084764957427979,2.6561529636383057,14.2413969039917,0.14138206839561462,20,3,3,1,3,1,1,0.25,0.0,0,stale,0.0,6,35,194,CORRECT,0,0,0,0,0,5,0.0,0.25
margin,live-delta,8,0.0,0.307452,0.576036,0.107066,0.917969,0.387797,0.537797,0.07707512378692627,0.5940665006637573,0.516991376876831,1.6789436340332031,5.359890937805176,0.48896801471710205,11,3,1,0,1,0,1,0.637397050857544,-0.07707512378692627,0,stale,0.0,6,37,54,STALE_LENIENT,0,0,0,1,0,2,0.0,0.120868
margin,live-delta,8,0.0,0.307452,0.576036,0.107066,0.917969,0.387797,0.537797,0.014270961284637451,0.5052318572998047,0.49096089601516724,2.842907667160034,17.165605545043945,0.10566438734531403,20,3,1,0,3,1,1,0.35225483775138855,-0.014270961284637451,0,stale,0.0,6,38,38,CORRECT,0,0,0,0,0,4,0.0,0.212228
margin,live-delta,8,0.0,0.307452,0.576036,0.107066,0.917969,0.387797,0.537797,0.0,0.47338902950286865,0.47338902950286865,2.1083812713623047,8.23490047454834,0.17643912136554718,10,3,3,1,3,1,1,0.31764131784439087,0.0,0,stale,0.0,6,40,130,CORRECT,0,0,0,0,0,2,0.0,0.227453
margin,live-delta,8,0.0,0.307452,0.576036,0.107066,0.917969,0.387797,0.537797,0.039655596017837524,0.4543263018131256,0.4146707057952881,1.0022783279418945,2.7244820594787598,0.545570433139801,3,3,1,0,1,0,1,1.0,-0.08841025829315186,0,stale,0.0,6,41,44,BLENDED,0,0,0,0,0,0,0.0,0.0
margin,live-delta,8,0.0,0.307452,0.576036,0.107066,0.917969,0.387797,0.537797,0.0,0.4363560676574707,0.4363560676574707,1.3862943649291992,4.0,0.25,4,3,0,0,3,1,1,0.25,0.0,0,stale,0.0,6,44,20,CORRECT,0,0,0,0,0,1,0.0,0.25
margin,live-delta,8,0.0,0.307452,0.576036,0.107066,0.917969,0.387797,0.537797,0.15382620692253113,0.6251209378242493,0.47129473090171814,0.975294828414917,2.651948928833008,0.7826923727989197,11,3,1,0,1,0,1,0.8688181638717651,-0.15382620692253113,0,stale,0.0,6,46,61,STALE_LENIENT,0,0,0,1,0,2,0.0,0.043727
margin,live-delta,8,0.0,0.307452,0.576036,0.107066,0.917969,0.387797,0.537797,0.0,0.5020971894264221,0.5020971894264221,2.0621554851531982,7.8628997802734375,0.14817458391189575,8,3,3,1,3,1,1,0.2499999850988388,0.0,0,stale,0.0,6,47,213,CORRECT,0,0,0,0,0,2,0.0,0.25
margin,live-delta,8,0.0,0.307452,0.576036,0.107066,0.917969,0.387797,0.537797,0.0,0.46319884061813354,0.46319884061813354,2.3451151847839355,10.43447494506836,0.14132511615753174,12,3,3,1,3,1,1,0.25,0.0,0,stale,0.0,6,48,181,CORRECT,0,0,0,0,0,3,0.0,0.25
margin,live-delta,8,0.0,0.307452,0.576036,0.107066,0.917969,0.387797,0.537797,0.11248421669006348,0.5731854438781738,0.46070122718811035,1.3049731254577637,3.6875898838043213,0.6525914072990417,9,3,1,0,1,0,1,0.7394435405731201,-0.11248421669006348,0,stale,0.0,6,49,52,STALE_LENIENT,0,0,0,1,0,2,0.0,0.086852
margin,live-delta,8,0.0,0.307452,0.576036,0.107066,0.917969,0.387797,0.537797,0.0,0.4511723518371582,0.4511723518371582,2.9440057277679443,18.991769790649414,0.07466603070497513,20,3,0,0,3,1,1,0.2499999701976776,0.0,0,stale,0.0,6,52,2,CORRECT,0,0,0,0,0,5,0.0,0.25
margin,live-delta,8,0.0,0.307452,0.576036,0.107066,0.917969,0.387797,0.537797,0.0,0.6028329133987427,0.6028329133987427,1.6154561042785645,5.030181884765625,0.2365712970495224,10,3,3,1,3,1,1,0.2630220651626587,0.0,0,stale,0.0,6,54,130,CORRECT,0,0,0,0,0,2,0.0,0.245659
margin,live-delta,8,0.0,0.307452,0.576036,0.107066,0.917969,0.387797,0.537797,0.0,0.5061884522438049,0.5061884522438049,2.5133843421936035,12.346644401550293,0.14690396189689636,16,3,0,0,3,1,1,0.25,0.0,0,stale,0.0,6,56,17,CORRECT,0,0,0,0,0,4,0.0,0.25
margin,live-delta,8,0.0,0.307452,0.576036,0.107066,0.917969,0.387797,0.537797,0.04630228877067566,0.5316430330276489,0.48534074425697327,0.9898113012313843,2.6907267570495605,0.6220110058784485,4,3,1,0,1,0,1,1.0,-0.20962217450141907,0,stale,0.0,6,57,36,BLENDED,0,0,0,0,0,0,0.0,0.0
margin,live-delta,8,0.0,0.307452,0.576036,0.107066,0.917969,0.387797,0.537797,0.0,0.5414921045303345,0.5414921045303345,2.524580478668213,12.485655784606934,0.12991118431091309,20,3,0,0,3,1,1,0.28191763162612915,0.0,0,stale,0.0,6,58,24,CORRECT,0,0,0,0,0,4,0.0,0.236719
margin,live-delta,8,0.0,0.307452,0.576036,0.107066,0.917969,0.387797,0.537797,0.0,0.4432842433452606,0.4432842433452606,2.425649404525757,11.309571266174316,0.12495138496160507,12,3,3,1,3,1,1,0.2500000298023224,0.0,0,stale,0.0,6,59,222,CORRECT,0,0,0,0,0,3,0.0,0.25
margin,live-delta,8,0.0,0.307452,0.576036,0.107066,0.917969,0.387797,0.537797,0.0,0.3937024772167206,0.3937024772167206,1.3862943649291992,4.0,0.25,4,3,0,0,3,1,1,0.25,0.0,0,stale,0.0,6,61,17,CORRECT,0,0,0,0,0,1,0.0,0.25
margin,live-delta,8,0.0,0.307452,0.576036,0.107066,0.917969,0.387797,0.537797,0.0,0.5292019248008728,0.5292019248008728,2.3608944416046143,10.600428581237793,0.15048032999038696,14,3,0,0,3,1,1,0.3226611614227295,0.0,0,stale,0.0,6,62,17,CORRECT,0,0,0,0,0,3,0.0,0.22578
margin,live-delta,8,0.0,0.307452,0.576036,0.107066,0.917969,0.387797,0.537797,0.0,0.5652796030044556,0.5652796030044556,1.718809962272644,5.577886581420898,0.23005391657352448,12,3,0,0,3,1,1,0.2499999850988388,0.0,0,stale,0.0,6,63,17,CORRECT,0,0,0,0,0,3,0.0,0.25
margin,live-delta,8,0.0,0.307452,0.576036,0.107066,0.917969,0.387797,0.537797,0.04837492108345032,0.5429256558418274,0.4945507347583771,1.9577428102493286,7.083320617675781,0.3515516221523285,10,1,1,1,1,1,0,0.0,0.22257667779922485,2,stale,0.0,6,64,49,CORRECT,0,0,0,0,0,0,0.0,0.0
margin,live-delta,8,0.0,0.307452,0.576036,0.107066,0.917969,0.387797,0.537797,0.0578310489654541,0.6803346872329712,0.6225036382675171,1.8582127094268799,6.412265777587891,0.4832780063152313,20,1,1,1,1,1,0,0.046362582594156265,0.2098725438117981,2,stale,0.0,6,65,49,CORRECT,0,0,0,0,0,2,0.0,0.011591
margin,live-delta,8,0.0,0.307452,0.576036,0.107066,0.917969,0.387797,0.537797,0.0,0.44970446825027466,0.44970446825027466,1.3862943649291992,4.0,0.25,4,1,3,0,3,0,1,1.0,-0.07482990622520447,0,stale,0.0,6,66,136,STALE_LENIENT,0,0,0,1,0,1,0.0,0.25
margin,live-delta,8,0.0,0.307452,0.576036,0.107066,0.917969,0.387797,0.537797,0.05244162678718567,0.4750416576862335,0.42260003089904785,0.885055422782898,2.4231185913085938,0.6439379453659058,3,1,1,1,1,1,0,0.0,0.14321783185005188,2,stale,0.0,6,67,37,CORRECT,0,0,0,0,0,0,0.0,0.0
margin,live-delta,8,0.0,0.307452,0.576036,0.107066,0.917969,0.387797,0.537797,0.012731552124023438,0.6514356136322021,0.6387040615081787,1.5618798732757568,4.767775535583496,0.3474345803260803,16,1,1,1,1,1,0,0.0,0.33663100004196167,2,stale,0.0,6,68,55,CORRECT,0,0,0,0,0,0,0.0,0.0
margin,live-delta,8,0.0,0.307452,0.576036,0.107066,0.917969,0.387797,0.537797,0.09354734420776367,0.6738750338554382,0.5803276896476746,1.1150976419448853,3.049865961074829,0.733211874961853,15,1,1,1,1,1,0,0.055506348609924316,0.22821015119552612,2,stale,0.0,6,69,41,CORRECT,0,0,0,0,0,2,0.0,0.013877
margin,live-delta,8,0.0,0.307452,0.576036,0.107066,0.917969,0.387797,0.537797,0.0,0.6308947801589966,0.6308947801589966,2.076826333999634,7.979105472564697,0.17306888103485107,15,1,0,0,3,0,1,0.7518872022628784,-0.014739274978637695,0,stale,0.0,6,71,24,STALE_LENIENT,0,0,0,1,0,2,0.0,0.187972
margin,live-delta,8,0.0,0.307452,0.576036,0.107066,0.917969,0.387797,0.537797,0.024614989757537842,0.7187014818191528,0.694086492061615,1.4137368202209473,4.111289978027344,0.5174466371536255,18,1,1,1,1,1,1,0.1284034550189972,0.15931344032287598,2,stale,0.0,6,72,51,CORRECT,0,0,0,0,0,2,0.0,0.032101
margin,live-delta,8,0.0,0.307452,0.576036,0.107066,0.917969,0.387797,0.537797,0.05615776777267456,0.6409323215484619,0.5847745537757874,2.077569007873535,7.9850335121154785,0.3901635408401489,20,1,1,1,1,1,0,0.08246614038944244,0.18032974004745483,2,stale,0.0,6,73,41,CORRECT,0,0,0,0,0,2,0.0,0.020617
margin,live-delta,8,0.0,0.307452,0.576036,0.107066,0.917969,0.387797,0.537797,0.1365673840045929,0.5914551615715027,0.4548877775669098,1.453479528427124,4.2779741287231445,0.672461211681366,14,1,1,1,1,1,1,0.28374049067497253,0.15459886193275452,2,stale,0.0,6,74,34,CORRECT,0,0,0,0,0,3,0.0,0.070935
margin,live-delta,8,0.0,0.307452,0.576036,0.107066,0.917969,0.387797,0.537797,0.09804320335388184,0.6537769436836243,0.5557337403297424,1.7608482837677002,5.8173699378967285,0.5627744793891907,17,1,1,1,1,1,0,0.0,0.2970042824745178,2,stale,0.0,6,75,49,CORRECT,0,0,0,0,0,0,0.0,0.0
margin,live-delta,8,0.0,0.307452,0.576036,0.107066,0.917969,0.387797,0.537797,0.07732564210891724,0.6243658065795898,0.5470401644706726,1.5594327449798584,4.756122589111328,0.5898026823997498,19,1,1,1,1,1,0,0.049120087176561356,0.2234358787536621,2,stale,0.0,6,76,58,CORRECT,0,0,0,0,0,2,0.0,0.01228
margin,live-delta,8,0.0,0.307452,0.576036,0.107066,0.917969,0.387797,0.537797,0.004162132740020752,0.4389645755290985,0.43480244278907776,1.9089562892913818,6.746044158935547,0.21062107384204865,7,1,1,1,1,1,1,0.5042721629142761,0.025661975145339966,1,stale,0.0,6,77,38,CORRECT,0,0,0,0,0,1,0.0,0.126068
margin,live-delta,8,0.0,0.307452,0.576036,0.107066,0.917969,0.387797,0.537797,0.21782022714614868,0.5824568271636963,0.3646366000175476,-0.0,1.0,1.0,1,1,1,1,1,1,0,0.0,0.24440926313400269,2,stale,0.0,6,78,37,CORRECT,0,0,0,0,0,0,0.0,0.0
margin,live-delta,8,0.0,0.307452,0.576036,0.107066,0.917969,0.387797,0.537797,0.00254899263381958,0.5849636793136597,0.5824146866798401,2.1110305786132812,8.256746292114258,0.21479609608650208,16,1,1,1,1,1,0,0.037344835698604584,0.15678945183753967,2,stale,0.0,6,79,48,CORRECT,0,0,0,0,0,1,0.0,0.009336
margin,live-delta,8,0.0,0.307452,0.576036,0.107066,0.917969,0.387797,0.537797,0.002153635025024414,0.5883429050445557,0.5861892700195312,2.264805793762207,9.629254341125488,0.21642787754535675,14,1,1,1,1,1,0,0.0,0.21522527933120728,2,stale,0.0,6,80,48,CORRECT,0,0,0,0,0,0,0.0,0.0
margin,live-delta,8,0.0,0.307452,0.576036,0.107066,0.917969,0.387797,0.537797,0.1268346905708313,0.623031497001648,0.49619680643081665,1.0390567779541016,2.826549768447876,0.7633216381072998,10,1,1,1,1,1,0,0.07354018092155457,0.1863071322441101,2,stale,0.0,6,81,49,CORRECT,0,0,0,0,0,1,0.0,0.018385
margin,live-delta,8,0.0,0.307452,0.576036,0.107066,0.917969,0.387797,0.537797,0.009584307670593262,0.46435844898223877,0.4547741413116455,2.1121840476989746,8.266275405883789,0.23190364241600037,10,1,1,1,1,1,1,0.22108519077301025,0.07170343399047852,2,stale,0.0,6,82,53,CORRECT,0,0,0,0,0,1,0.0,0.055271
margin,live-delta,8,0.0,0.307452,0.576036,0.107066,0.917969,0.387797,0.537797,0.13681191205978394,0.6299456357955933,0.4931337237358093,1.7393277883529663,5.693514823913574,0.6137016415596008,20,1,1,1,1,1,1,0.2989773750305176,0.13681191205978394,2,stale,0.0,6,83,38,CORRECT,0,0,0,0,0,4,0.0,0.074744
margin,live-delta,8,0.0,0.307452,0.576036,0.107066,0.917969,0.387797,0.537797,0.032746851444244385,0.5804134607315063,0.547666609287262,1.8813815116882324,6.562564849853516,0.37943726778030396,10,1,1,1,1,1,0,0.0,0.35087868571281433,2,stale,0.0,6,84,44,CORRECT,0,0,0,0,0,0,0.0,0.0
margin,live-delta,8,0.0,0.307452,0.576036,0.107066,0.917969,0.387797,0.537797,0.024288594722747803,0.7276468276977539,0.7033582329750061,1.8498907089233398,6.359124660491943,0.3499731719493866,17,1,1,1,1,1,0,0.0,0.3990701138973236,2,stale,0.0,6,85,48,CORRECT,0,0,0,0,0,0,0.0,0.0
margin,live-delta,8,0.0,0.307452,0.576036,0.107066,0.917969,0.387797,0.537797,0.027054309844970703,0.5935630798339844,0.5665087699890137,2.2510104179382324,9.497326850891113,0.28136730194091797,16,1,1,1,1,1,0,0.0,0.2693227529525757,2,stale,0.0,6,86,43,CORRECT,0,0,0,0,0,0,0.0,0.0
margin,live-delta,8,0.0,0.307452,0.576036,0.107066,0.917969,0.387797,0.537797,0.08866894245147705,0.6758197546005249,0.5871508121490479,0.7401270866394043,2.0962018966674805,0.7805081605911255,6,1,1,1,1,1,0,0.0,0.3579227328300476,2,stale,0.0,6,88,45,CORRECT,0,0,0,0,0,0,0.0,0.0
margin,live-delta,8,0.0,0.307452,0.576036,0.107066,0.917969,0.387797,0.537797,0.0,0.7672025561332703,0.7672025561332703,2.166677713394165,8.72923469543457,0.1510113775730133,14,1,3,0,3,0,1,0.9565716981887817,-0.07573270797729492,0,stale,0.0,6,89,223,STALE_LENIENT,0,0,0,1,0,2,0.0,0.239143
margin,live-delta,8,0.0,0.307452,0.576036,0.107066,0.917969,0.387797,0.537797,0.34611284732818604,0.9362046718597412,0.5900918245315552,0.015924833714962006,1.0160523653030396,0.9982150793075562,14,1,1,1,1,1,0,0.00025009014643728733,0.5132040977478027,2,stale,0.0,6,90,38,CORRECT,0,0,0,0,0,2,0.0,6.3e-05
margin,live-delta,8,0.0,0.307452,0.576036,0.107066,0.917969,0.387797,0.537797,0.07226181030273438,0.5792669057846069,0.5070050954818726,1.759576678276062,5.8099775314331055,0.5013468265533447,11,1,1,1,1,1,0,0.0,0.20020031929016113,2,stale,0.0,6,91,54,CORRECT,0,0,0,0,0,0,0.0,0.0
margin,live-delta,8,0.0,0.307452,0.576036,0.107066,0.917969,0.387797,0.537797,0.031079202890396118,0.410786896944046,0.3797076940536499,-0.0,1.0,1.0,1,1,1,1,1,1,0,0.0,0.08853429555892944,2,stale,0.0,6,92,60,CORRECT,0,0,0,0,0,0,0.0,0.0
margin,live-delta,8,0.0,0.307452,0.576036,0.107066,0.917969,0.387797,0.537797,0.10733836889266968,0.764479398727417,0.6571410298347473,0.8786385655403137,2.4076197147369385,0.7717662453651428,10,1,1,1,1,1,0,0.0,0.5251755714416504,2,stale,0.0,6,93,35,CORRECT,0,0,0,0,0,0,0.0,0.0
margin,live-delta,8,0.0,0.307452,0.576036,0.107066,0.917969,0.387797,0.537797,0.01648041605949402,0.5139942765235901,0.49751386046409607,2.7180938720703125,15.151413917541504,0.1953725814819336,20,1,1,1,1,1,1,0.10326159745454788,0.10119685530662537,2,stale,0.0,6,94,51,CORRECT,0,0,0,0,0,1,0.0,0.025815
margin,live-delta,8,0.0,0.307452,0.576036,0.107066,0.917969,0.387797,0.537797,0.01819002628326416,0.6271648406982422,0.608974814414978,1.9535712003707886,7.053833484649658,0.3143424987792969,20,1,1,1,1,1,0,0.0787840411067009,0.16906660795211792,2,stale,0.0,6,95,58,CORRECT,0,0,0,0,0,2,0.0,0.019696
margin,live-delta,8,0.0,0.307452,0.576036,0.107066,0.917969,0.387797,0.537797,0.11423242092132568,0.8080053329467773,0.6937729120254517,0.8086057901382446,2.2447760105133057,0.8142690658569336,15,1,1,1,1,1,0,0.0,0.5019088387489319,2,stale,0.0,6,96,35,CORRECT,0,0,0,0,0,0,0.0,0.0
margin,live-delta,8,0.0,0.307452,0.576036,0.107066,0.917969,0.387797,0.537797,0.010035574436187744,0.6971126794815063,0.6870771050453186,1.7758841514587402,5.905500411987305,0.2928837537765503,17,1,1,1,1,1,0,0.0,0.3806838095188141,2,stale,0.0,6,98,44,CORRECT,0,0,0,0,0,0,0.0,0.0
margin,live-delta,8,0.0,0.307452,0.576036,0.107066,0.917969,0.387797,0.537797,0.018743813037872314,0.5285130739212036,0.5097692608833313,1.113887071609497,3.0461761951446533,0.49173542857170105,4,1,1,1,1,1,0,0.0,0.2197067141532898,2,stale,0.0,6,99,36,CORRECT,0,0,0,0,0,0,0.0,0.0
margin,live-delta,8,0.0,0.307452,0.576036,0.107066,0.917969,0.387797,0.537797,0.07248342037200928,0.5363495945930481,0.4638661742210388,1.2119741439819336,3.3601114749908447,0.6257834434509277,6,1,1,1,1,1,0,0.0,0.22104230523109436,2,stale,0.0,6,100,48,CORRECT,0,0,0,0,0,0,0.0,0.0
margin,live-delta,8,0.0,0.307452,0.576036,0.107066,0.917969,0.387797,0.537797,0.007860779762268066,0.6223558783531189,0.6144950985908508,2.2149710655212402,9.161144256591797,0.21352513134479523,20,1,1,1,1,1,0,0.028585435822606087,0.18231669068336487,2,stale,0.0,6,101,58,CORRECT,0,0,0,0,0,1,0.0,0.00557
margin,live-delta,8,0.0,0.307452,0.576036,0.107066,0.917969,0.387797,0.537797,0.11691057682037354,0.8418571949005127,0.7249466180801392,0.6176217198371887,1.8545122146606445,0.8581457138061523,16,1,1,1,1,1,0,0.0,0.5691530704498291,2,stale,0.0,6,102,35,CORRECT,0,0,0,0,0,0,0.0,0.0
margin,live-delta,8,0.0,0.307452,0.576036,0.107066,0.917969,0.387797,0.537797,0.05623912811279297,0.7818701267242432,0.7256309986114502,1.133168339729309,3.105480194091797,0.6566479802131653,15,1,1,1,1,1,0,0.0,0.4816293716430664,2,stale,0.0,6,103,35,CORRECT,0,0,0,0,0,0,0.0,0.0
margin,live-delta,8,0.0,0.307452,0.576036,0.107066,0.917969,0.387797,0.537797,0.09437793493270874,0.7348703742027283,0.6404924392700195,1.0160740613937378,2.762328624725342,0.7315168976783752,12,1,1,1,1,1,0,0.0,0.5042364597320557,2,stale,0.0,6,104,62,CORRECT,0,0,0,0,0,0,0.0,0.0
margin,live-delta,8,0.0,0.307452,0.576036,0.107066,0.917969,0.387797,0.537797,0.05636519193649292,0.693533182144165,0.6371679902076721,1.5207995176315308,4.575882434844971,0.5141298174858093,13,1,1,1,1,1,0,0.0,0.3818409740924835,2,stale,0.0,6,105,35,CORRECT,0,0,0,0,0,0,0.0,0.0
margin,live-delta,8,0.0,0.307452,0.576036,0.107066,0.917969,0.387797,0.537797,0.12120801210403442,0.7400966286659241,0.6188886165618896,0.6774553656578064,1.9688613414764404,0.8512774705886841,13,1,1,1,1,1,0,0.0,0.4675822854042053,2,stale,0.0,6,106,35,CORRECT,0,0,0,0,0,0,0.0,0.0
margin,live-delta,8,0.0,0.307452,0.576036,0.107066,0.917969,0.387797,0.537797,0.016118645668029785,0.5859114527702332,0.5697928071022034,2.0412518978118896,7.70024299621582,0.32129403948783875,15,1,1,1,1,1,0,0.0,0.24185654520988464,2,stale,0.0,6,107,45,CORRECT,0,0,0,0,0,0,0.0,0.0
margin,live-delta,8,0.0,0.307452,0.576036,0.107066,0.917969,0.387797,0.537797,0.017119288444519043,0.453770250082016,0.43665096163749695,0.6787055730819702,1.9713243246078491,0.5847700238227844,2,1,1,1,1,1,0,0.0,0.11738365888595581,2,stale,0.0,6,108,39,CORRECT,0,0,0,0,0,0,0.0,0.0
margin,live-delta,8,0.0,0.307452,0.576036,0.107066,0.917969,0.387797,0.537797,0.02263900637626648,0.4125114977359772,0.3898724913597107,0.668163001537323,1.950650691986084,0.6113000512123108,2,1,1,1,1,1,0,0.0,0.1386684775352478,2,stale,0.0,6,109,51,CORRECT,0,0,0,0,0,0,0.0,0.0
margin,live-delta,8,0.0,0.307452,0.576036,0.107066,0.917969,0.387797,0.537797,0.03018951416015625,0.5871216654777527,0.5569321513175964,2.4710724353790283,11.835132598876953,0.23377296328544617,20,1,1,1,1,1,0,0.028177984058856964,0.17510515451431274,2,stale,0.0,6,110,34,CORRECT,0,0,0,0,0,1,0.0,0.007044
margin,live-delta,8,0.0,0.307452,0.576036,0.107066,0.917969,0.387797,0.537797,0.008567750453948975,0.7654634714126587,0.7568957209587097,1.3941720724105835,4.031635284423828,0.45288780331611633,17,1,1,1,1,1,0,0.08865027874708176,0.1714400053024292,2,stale,0.0,6,111,58,CORRECT,0,0,0,0,0,2,0.0,0.022163
margin,live-delta,8,0.0,0.307452,0.576036,0.107066,0.917969,0.387797,0.537797,0.06020635366439819,0.751206636428833,0.6910002827644348,1.2642179727554321,3.54032301902771,0.6404945254325867,20,1,1,1,1,1,0,0.02050771377980709,0.24918121099472046,2,stale,0.0,6,112,51,CORRECT,0,0,0,0,0,1,0.0,0.004387
margin,live-delta,8,0.0,0.307452,0.576036,0.107066,0.917969,0.387797,0.537797,0.005623340606689453,0.584922194480896,0.5792988538742065,1.965695858001709,7.13987922668457,0.25678977370262146,10,1,1,1,1,1,0,0.0,0.3896149694919586,2,stale,0.0,6,114,44,CORRECT,0,0,0,0,0,0,0.0,0.0
margin,live-delta,8,0.0,0.307452,0.576036,0.107066,0.917969,0.387797,0.537797,0.038063883781433105,0.7111191153526306,0.6730552315711975,1.61659836769104,5.035930633544922,0.4426133930683136,15,1,1,1,1,1,0,0.0,0.32796376943588257,2,stale,0.0,6,115,35,CORRECT,0,0,0,0,0,0,0.0,0.0
margin,live-delta,8,0.0,0.307452,0.576036,0.107066,0.917969,0.387797,0.537797,0.0,0.40673741698265076,0.40673741698265076,2.5556628704071045,12.879834175109863,0.08981733024120331,13,1,0,0,3,0,1,0.9214258193969727,-0.006686747074127197,0,stale,0.0,6,116,4,STALE_LENIENT,0,0,0,1,0,3,0.0,0.230356
margin,live-delta,8,0.0,0.307452,0.576036,0.107066,0.917969,0.387797,0.537797,0.030077993869781494,0.3963008224964142,0.3662228286266327,-0.0,1.0,1.0,1,1,1,1,1,1,0,0.0,0.12943905591964722,2,stale,0.0,6,117,50,CORRECT,0,0,0,0,0,0,0.0,0.0
margin,live-delta,8,0.0,0.307452,0.576036,0.107066,0.917969,0.387797,0.537797,0.04059028625488281,0.6312181949615479,0.590627908706665,1.9800164699554443,7.242862224578857,0.4532676041126251,20,1,1,1,1,1,1,0.1290256232023239,0.16091442108154297,2,stale,0.0,6,118,51,CORRECT,0,0,0,0,0,2,0.0,0.032256
margin,live-delta,8,0.0,0.307452,0.576036,0.107066,0.917969,0.387797,0.537797,0.21062016487121582,0.8552870750427246,0.6446669101715088,0.13982917368412018,1.1500773429870605,0.9768934845924377,13,1,1,1,1,1,0,0.0,0.59217768907547,2,stale,0.0,6,119,35,CORRECT,0,0,0,0,0,0,0.0,0.0
margin,live-delta,8,0.0,0.307452,0.576036,0.107066,0.917969,0.387797,0.537797,0.012780368328094482,0.6218248605728149,0.6090444922447205,1.7192862033843994,5.580543518066406,0.29025664925575256,7,1,1,1,1,1,0,0.0,0.38568252325057983,2,stale,0.0,6,120,40,CORRECT,0,0,0,0,0,0,0.0,0.0
margin,live-delta,8,0.0,0.307452,0.576036,0.107066,0.917969,0.387797,0.537797,0.06796568632125854,0.6766427159309387,0.6086770296096802,1.0803186893463135,2.945618152618408,0.69136643409729,17,1,1,1,1,1,0,0.009490680880844593,0.28373271226882935,2,stale,0.0,6,121,58,CORRECT,0,0,0,0,0,1,0.0,0.002373
margin,live-delta,8,0.0,0.307452,0.576036,0.107066,0.917969,0.387797,0.537797,0.0037984251976013184,0.7003782391548157,0.6965798139572144,1.877308964729309,6.535892963409424,0.2570096552371979,14,1,1,1,1,1,0,0.0,0.3948938548564911,2,stale,0.0,6,122,44,CORRECT,0,0,0,0,0,0,0.0,0.0
margin,live-delta,8,0.0,0.307452,0.576036,0.107066,0.917969,0.387797,0.537797,0.010840415954589844,0.5973057746887207,0.5864653587341309,1.2907980680465698,3.6356868743896484,0.387766033411026,7,1,1,1,1,1,0,0.0,0.2247844636440277,2,stale,0.0,6,123,37,CORRECT,0,0,0,0,0,0,0.0,0.0
margin,live-delta,8,0.0,0.307452,0.576036,0.107066,0.917969,0.387797,0.537797,0.008288145065307617,0.6649891138076782,0.6567009687423706,1.8798216581344604,6.5523362159729,0.33166930079460144,18,1,1,1,1,1,0,0.0,0.3462510406970978,2,stale,0.0,6,124,44,CORRECT,0,0,0,0,0,0,0.0,0.0
margin,live-delta,8,0.0,0.307452,0.576036,0.107066,0.917969,0.387797,0.537797,0.0778813362121582,0.6159960031509399,0.5381146669387817,1.8476603031158447,6.344956874847412,0.5227073431015015,20,1,1,1,1,1,0,0.061705201864242554,0.2055698037147522,2,stale,0.0,6,125,46,CORRECT,0,0,0,0,0,2,0.0,0.015426
margin,live-delta,8,0.0,0.307452,0.576036,0.107066,0.917969,0.387797,0.537797,0.025856196880340576,0.5987674593925476,0.572911262512207,1.2822519540786743,3.604748249053955,0.49881234765052795,6,1,1,1,1,1,0,0.0,0.28255516290664673,2,stale,0.0,6,126,36,CORRECT,0,0,0,0,0,0,0.0,0.0
margin,live-delta,8,0.0,0.307452,0.576036,0.107066,0.917969,0.387797,0.537797,0.058422237634658813,0.5013746023178101,0.44295236468315125,1.5870068073272705,4.889092922210693,0.4217194616794586,6,1,1,1,1,1,1,0.5243660807609558,0.058422237634658813,2,stale,0.0,6,127,49,CORRECT,0,0,0,0,0,1,0.0,0.131092
margin,live-delta,8,0.0,0.307452,0.576036,0.107066,0.917969,0.387797,0.537797,0.051199525594711304,0.4693129062652588,0.4181133806705475,1.5971417427062988,4.9388957023620605,0.425786554813385,6,2,2,1,2,1,0,0.0,0.3255454897880554,2,stale,0.0,6,128,90,CORRECT,0,0,0,0,0,0,0.0,0.0
margin,live-delta,8,0.0,0.307452,0.576036,0.107066,0.917969,0.387797,0.537797,0.07013922929763794,0.7858513593673706,0.7157121300697327,1.4485455751419067,4.256918907165527,0.5627477765083313,16,2,2,1,2,1,0,0.0,0.5621412992477417,2,stale,0.0,6,129,66,CORRECT,0,0,0,0,0,0,0.0,0.0
margin,live-delta,8,0.0,0.307452,0.576036,0.107066,0.917969,0.387797,0.537797,0.011220335960388184,0.5333151817321777,0.5220948457717896,2.4436442852020264,11.514927864074707,0.20482240617275238,16,2,2,1,2,1,0,0.0,0.2767532765865326,2,stale,0.0,6,130,89,CORRECT,0,0,0,0,0,0,0.0,0.0
margin,live-delta,8,0.0,0.307452,0.576036,0.107066,0.917969,0.387797,0.537797,0.012637853622436523,0.6034895181655884,0.5908516645431519,2.4037225246429443,11.064287185668945,0.16247528791427612,16,2,2,1,2,1,0,0.0,0.3956734538078308,2,stale,0.0,6,131,89,CORRECT,0,0,0,0,0,0,0.0,0.0
margin,live-delta,8,0.0,0.307452,0.576036,0.107066,0.917969,0.387797,0.537797,0.007689833641052246,0.47320014238357544,0.4655103087425232,2.0411369800567627,7.699357986450195,0.19845812022686005,9,2,2,1,2,1,0,0.0,0.19685113430023193,2,stale,0.0,6,132,66,CORRECT,0,0,0,0,0,0,0.0,0.0
margin,live-delta,8,0.0,0.307452,0.576036,0.107066,0.917969,0.387797,0.537797,0.1113135814666748,0.7755483388900757,0.6642347574234009,0.9167856574058533,2.501237630844116,0.7784329056739807,17,2,2,1,2,1,0,0.0,0.5068159103393555,2,stale,0.0,6,133,66,CORRECT,0,0,0,0,0,0,0.0,0.0
margin,live-delta,8,0.0,0.307452,0.576036,0.107066,0.917969,0.387797,0.537797,0.052082359790802,0.806567370891571,0.754485011100769,1.6756477355957031,5.342254161834717,0.4356658458709717,16,2,2,1,2,1,0,0.0,0.6338892579078674,2,stale,0.0,6,134,90,CORRECT,0,0,0,0,0,0,0.0,0.0
margin,live-delta,8,0.0,0.307452,0.576036,0.107066,0.917969,0.387797,0.537797,0.09420961141586304,0.6574013233184814,0.5631917119026184,1.4780328273773193,4.384312629699707,0.6116930842399597,13,2,2,1,2,1,0,0.0,0.5291342735290527,2,stale,0.0,6,135,82,CORRECT,0,0,0,0,0,0,0.0,0.0
margin,live-delta,8,0.0,0.307452,0.576036,0.107066,0.917969,0.387797,0.537797,0.0249253511428833,0.7994858026504517,0.7745604515075684,1.7604961395263672,5.815321922302246,0.3291751742362976,17,2,2,1,2,1,0,0.0,0.6274286508560181,2,stale,0.0,6,136,90,CORRECT,0,0,0,0,0,0,0.0,0.0
margin,live-delta,8,0.0,0.307452,0.576036,0.107066,0.917969,0.387797,0.537797,0.09123635292053223,0.6872193813323975,0.5959830284118652,1.566921353340149,4.791872978210449,0.6149677634239197,16,2,2,1,2,1,0,0.0,0.485442578792572,2,stale,0.0,6,139,89,CORRECT,0,0,0,0,0,0,0.0,0.0
margin,live-delta,8,0.0,0.307452,0.576036,0.107066,0.917969,0.387797,0.537797,0.010812044143676758,0.44517678022384644,0.4343647360801697,0.6873361468315125,1.9884116649627686,0.553850531578064,2,2,2,1,2,1,0,0.0,0.14185696840286255,2,stale,0.0,6,141,69,CORRECT,0,0,0,0,0,0,0.0,0.0
margin,live-delta,8,0.0,0.307452,0.576036,0.107066,0.917969,0.387797,0.537797,0.05206608772277832,0.8530226349830627,0.8009565472602844,1.6414536237716675,5.162668704986572,0.4267868399620056,16,2,2,1,2,1,0,0.0,0.7123686075210571,2,stale,0.0,6,142,90,CORRECT,0,0,0,0,0,0,0.0,0.0
margin,live-delta,8,0.0,0.307452,0.576036,0.107066,0.917969,0.387797,0.537797,0.10031759738922119,0.6833676099777222,0.583050012588501,1.4213478565216064,4.142700672149658,0.6277056336402893,13,2,2,1,2,1,0,0.0,0.5272771120071411,2,stale,0.0,6,143,82,CORRECT,0,0,0,0,0,0,0.0,0.0
margin,live-delta,8,0.0,0.307452,0.576036,0.107066,0.917969,0.387797,0.537797,0.04880225658416748,0.8525674939155579,0.8037652373313904,1.6079007387161255,4.9923200607299805,0.4821647107601166,15,2,2,1,2,1,0,0.0,0.6044963598251343,2,stale,0.0,6,144,89,CORRECT,0,0,0,0,0,0,0.0,0.0
margin,live-delta,8,0.0,0.307452,0.576036,0.107066,0.917969,0.387797,0.537797,0.03140294551849365,0.7826350927352905,0.7512321472167969,1.5373263359069824,4.652135372161865,0.4671970009803772,15,2,2,1,2,1,0,0.0,0.6522859334945679,2,stale,0.0,6,145,84,CORRECT,0,0,0,0,0,0,0.0,0.0
margin,live-delta,8,0.0,0.307452,0.576036,0.107066,0.917969,0.387797,0.537797,0.004274606704711914,0.41310304403305054,0.4088284373283386,1.0940265655517578,2.986274242401123,0.3691447973251343,3,2,2,1,2,1,0,0.0,0.1873474270105362,2,stale,0.0,6,146,74,CORRECT,0,0,0,0,0,0,0.0,0.0
margin,live-delta,8,0.0,0.307452,0.576036,0.107066,0.917969,0.387797,0.537797,0.013248085975646973,0.7050842046737671,0.6918361186981201,2.078911066055298,7.995757102966309,0.2843655049800873,15,2,2,1,2,1,0,0.0,0.4755760133266449,2,stale,0.0,6,148,89,CORRECT,0,0,0,0,0,0,0.0,0.0
margin,live-delta,8,0.0,0.307452,0.576036,0.107066,0.917969,0.387797,0.537797,0.0018193721771240234,0.8310966491699219,0.8292772769927979,1.5969408750534058,4.93790340423584,0.31570714712142944,17,2,2,1,2,1,0,0.0,0.7122912406921387,2,stale,0.0,6,149,90,CORRECT,0,0,0,0,0,0,0.0,0.0
margin,live-delta,8,0.0,0.307452,0.576036,0.107066,0.917969,0.387797,0.537797,0.0414484441280365,0.4598776698112488,0.4184292256832123,1.4730701446533203,4.362608432769775,0.416453093290329,5,2,2,1,2,1,0,0.0,0.35048341751098633,2,stale,0.0,6,150,82,CORRECT,0,0,0,0,0,0,0.0,0.0
margin,live-delta,8,0.0,0.307452,0.576036,0.107066,0.917969,0.387797,0.537797,0.027109801769256592,0.47001543641090393,0.44290563464164734,1.8220908641815186,6.184776306152344,0.3049168586730957,7,2,2,1,2,1,0,0.0,0.18030139803886414,2,stale,0.0,6,151,79,CORRECT,0,0,0,0,0,0,0.0,0.0
margin,live-delta,8,0.0,0.307452,0.576036,0.107066,0.917969,0.387797,0.537797,0.005340278148651123,0.8188492059707642,0.813508927822113,2.013786792755127,7.49163293838501,0.2762753367424011,17,2,2,1,2,1,0,0.0,0.6028050780296326,2,stale,0.0,6,152,84,CORRECT,0,0,0,0,0,0,0.0,0.0
margin,live-delta,8,0.0,0.307452,0.576036,0.107066,0.917969,0.387797,0.537797,0.020387768745422363,0.727567195892334,0.7071794271469116,1.4986236095428467,4.47552490234375,0.4273976981639862,13,2,2,1,2,1,0,0.0,0.5479637384414673,2,stale,0.0,6,153,90,CORRECT,0,0,0,0,0,0,0.0,0.0
margin,live-delta,8,0.0,0.307452,0.576036,0.107066,0.917969,0.387797,0.537797,0.01642930507659912,0.6028136014938354,0.5863842964172363,2.2685415744781494,9.665294647216797,0.25816190242767334,15,2,2,1,2,1,0,0.0,0.4060813784599304,2,stale,0.0,6,155,90,CORRECT,0,0,0,0,0,0,0.0,0.0
margin,live-delta,8,0.0,0.307452,0.576036,0.107066,0.917969,0.387797,0.537797,0.021501898765563965,0.5590934753417969,0.5375915765762329,2.1925792694091797,8.95828914642334,0.25837182998657227,13,2,2,1,2,1,0,0.0,0.3610961139202118,2,stale,0.0,6,157,74,CORRECT,0,0,0,0,0,0,0.0,0.0
margin,live-delta,8,0.0,0.307452,0.576036,0.107066,0.917969,0.387797,0.537797,0.01916298270225525,0.45646974444389343,0.4373067617416382,1.6378861665725708,5.144283771514893,0.35339638590812683,6,2,2,1,2,1,0,0.0,0.18081408739089966,2,stale,0.0,6,158,79,CORRECT,0,0,0,0,0,0,0.0,0.0
margin,live-delta,8,0.0,0.307452,0.576036,0.107066,0.917969,0.387797,0.537797,0.02462470531463623,0.63222336769104,0.6075986623764038,2.027857542037964,7.597790718078613,0.29924947023391724,14,2,2,1,2,1,0,0.0,0.429174542427063,2,stale,0.0,6,159,90,CORRECT,0,0,0,0,0,0,0.0,0.0
margin,live-delta,8,0.0,0.307452,0.576036,0.107066,0.917969,0.387797,0.537797,0.042462825775146484,0.5661683678627014,0.5237055420875549,1.5066875219345093,4.511760711669922,0.45675501227378845,7,2,2,1,2,1,0,0.0,0.3182640075683594,2,stale,0.0,6,160,87,CORRECT,0,0,0,0,0,0,0.0,0.0
margin,live-delta,8,0.0,0.307452,0.576036,0.107066,0.917969,0.387797,0.537797,0.03060382604598999,0.5303032398223877,0.4996994137763977,2.075263261795044,7.966643333435059,0.27167409658432007,10,2,2,1,2,1,0,0.0,0.2477591633796692,2,stale,0.0,6,161,74,CORRECT,0,0,0,0,0,0,0.0,0.0
margin,live-delta,8,0.0,0.307452,0.576036,0.107066,0.917969,0.387797,0.537797,0.020775914192199707,0.6862285137176514,0.6654525995254517,1.6836235523223877,5.38503360748291,0.39294275641441345,16,2,2,1,2,1,0,0.0,0.5588211417198181,2,stale,0.0,6,162,90,CORRECT,0,0,0,0,0,0,0.0,0.0
margin,live-delta,8,0.0,0.307452,0.576036,0.107066,0.917969,0.387797,0.537797,0.03744542598724365,0.5544109344482422,0.5169655084609985,1.8138482570648193,6.134007453918457,0.42592141032218933,10,2,2,1,2,1,0,0.0,0.396892249584198,2,stale,0.0,6,164,89,CORRECT,0,0,0,0,0,0,0.0,0.0
margin,live-delta,8,0.0,0.307452,0.576036,0.107066,0.917969,0.387797,0.537797,0.04330688714981079,0.7212452292442322,0.6779383420944214,1.7253581285476685,5.614531517028809,0.42775049805641174,17,2,2,1,2,1,0,0.0,0.5843628644943237,2,stale,0.0,6,165,90,CORRECT,0,0,0,0,0,0,0.0,0.0
margin,live-delta,8,0.0,0.307452,0.576036,0.107066,0.917969,0.387797,0.537797,0.003607511520385742,0.7778502702713013,0.7742427587509155,1.9932438135147095,7.3393025398254395,0.2784639596939087,16,2,2,1,2,1,0,0.0,0.5958204865455627,2,stale,0.0,6,166,84,CORRECT,0,0,0,0,0,0,0.0,0.0
margin,live-delta,8,0.0,0.307452,0.576036,0.107066,0.917969,0.387797,0.537797,0.007624030113220215,0.5461317300796509,0.5385076999664307,1.5444321632385254,4.685310363769531,0.3227206766605377,8,2,2,1,2,1,0,0.0,0.2284112572669983,2,stale,0.0,6,167,87,CORRECT,0,0,0,0,0,0,0.0,0.0
margin,live-delta,8,0.0,0.307452,0.576036,0.107066,0.917969,0.387797,0.537797,0.11162027716636658,0.4376020133495331,0.3259817361831665,-0.0,1.0,1.0,1,2,2,1,2,1,0,0.0,0.21021851897239685,2,stale,0.0,6,168,71,CORRECT,0,0,0,0,0,0,0.0,0.0
margin,live-delta,8,0.0,0.307452,0.576036,0.107066,0.917969,0.387797,0.537797,0.02289295196533203,0.5277668237686157,0.5048738718032837,1.9935503005981445,7.341552257537842,0.26330047845840454,9,2,2,1,2,1,0,0.0,0.34557726979255676,2,stale,0.0,6,169,64,CORRECT,0,0,0,0,0,0,0.0,0.0
margin,live-delta,8,0.0,0.307452,0.576036,0.107066,0.917969,0.387797,0.537797,0.025896310806274414,0.6113731861114502,0.5854768753051758,2.4325668811798096,11.388076782226562,0.21987920999526978,16,2,2,1,2,1,0,0.0,0.3930767774581909,2,stale,0.0,6,170,89,CORRECT,0,0,0,0,0,0,0.0,0.0
margin,live-delta,8,0.0,0.307452,0.576036,0.107066,0.917969,0.387797,0.537797,0.1614026129245758,0.5188366174697876,0.3574340045452118,-0.0,1.0,1.0,1,2,2,1,2,1,0,0.0,0.3164824843406677,2,stale,0.0,6,171,71,CORRECT,0,0,0,0,0,0,0.0,0.0
margin,live-delta,8,0.0,0.307452,0.576036,0.107066,0.917969,0.387797,0.537797,0.08951789140701294,0.41775548458099365,0.3282375931739807,-0.0,1.0,1.0,1,2,2,1,2,1,0,0.0,0.21190357208251953,2,stale,0.0,6,172,71,CORRECT,0,0,0,0,0,0,0.0,0.0
margin,live-delta,8,0.0,0.307452,0.576036,0.107066,0.917969,0.387797,0.537797,0.019540131092071533,0.7261701822280884,0.7066300511360168,1.6979329586029053,5.462644100189209,0.3385927975177765,15,2,2,1,2,1,0,0.0,0.5258231163024902,2,stale,0.0,6,174,84,CORRECT,0,0,0,0,0,0,0.0,0.0
margin,live-delta,8,0.0,0.307452,0.576036,0.107066,0.917969,0.387797,0.537797,0.001257866621017456,0.4005606472492218,0.39930278062820435,1.0933479070663452,2.984248399734497,0.3615673780441284,3,2,2,1,2,1,0,0.0,0.20247027277946472,2,stale,0.0,6,175,85,CORRECT,0,0,0,0,0,0,0.0,0.0
margin,live-delta,8,0.0,0.307452,0.576036,0.107066,0.917969,0.387797,0.537797,0.008577108383178711,0.709463357925415,0.7008862495422363,1.9064513444900513,6.7291669845581055,0.3313214182853699,16,2,2,1,2,1,0,0.0,0.5632714629173279,2,stale,0.0,6,176,65,CORRECT,0,0,0,0,0,0,0.0,0.0
margin,live-delta,8,0.0,0.307452,0.576036,0.107066,0.917969,0.387797,0.537797,0.008091270923614502,0.5726185441017151,0.5645272731781006,2.1184136867523193,8.31793212890625,0.2372894138097763,14,2,2,1,2,1,0,0.0,0.35414767265319824,2,stale,0.0,6,177,74,CORRECT,0,0,0,0,0,0,0.0,0.0
margin,live-delta,8,0.0,0.307452,0.576036,0.107066,0.917969,0.387797,0.537797,0.07999742031097412,0.7938531041145325,0.7138556838035583,1.244541049003601,3.471341371536255,0.6329076290130615,16,2,2,1,2,1,0,0.0,0.6809784173965454,2,stale,0.0,6,178,90,CORRECT,0,0,0,0,0,0,0.0,0.0
margin,live-delta,8,0.0,0.307452,0.576036,0.107066,0.917969,0.387797,0.537797,0.01630270481109619,0.7674540281295776,0.7511513233184814,1.4819574356079102,4.401553153991699,0.43723687529563904,17,2,2,1,2,1,0,0.0,0.6261707544326782,2,stale,0.0,6,179,64,CORRECT,0,0,0,0,0,0,0.0,0.0
margin,live-delta,8,0.0,0.307452,0.576036,0.107066,0.917969,0.387797,0.537797,0.03030848503112793,0.8509020209312439,0.820593535900116,1.575932264328003,4.835247039794922,0.4365941882133484,17,2,2,1,2,1,0,0.0,0.720429003238678,2,stale,0.0,6,180,90,CORRECT,0,0,0,0,0,0,0.0,0.0
margin,live-delta,8,0.0,0.307452,0.576036,0.107066,0.917969,0.387797,0.537797,0.007976055145263672,0.8307018280029297,0.822725772857666,1.6628973484039307,5.274570941925049,0.359467476606369,15,2,2,1,2,1,0,0.0,0.5800230503082275,2,stale,0.0,6,181,74,CORRECT,0,0,0,0,0,0,0.0,0.0
margin,live-delta,8,0.0,0.307452,0.576036,0.107066,0.917969,0.387797,0.537797,0.06229439377784729,0.3948099911212921,0.3325155973434448,-0.0,1.0,1.0,1,2,2,1,2,1,0,0.0,0.20360982418060303,2,stale,0.0,6,182,91,CORRECT,0,0,0,0,0,0,0.0,0.0
margin,live-delta,8,0.0,0.307452,0.576036,0.107066,0.917969,0.387797,0.537797,0.027524173259735107,0.5402094721794128,0.5126852989196777,1.8492488861083984,6.355044364929199,0.3761807680130005,10,2,2,1,2,1,0,0.0,0.4117984473705292,2,stale,0.0,6,183,82,CORRECT,0,0,0,0,0,0,0.0,0.0
margin,live-delta,8,0.0,0.307452,0.576036,0.107066,0.917969,0.387797,0.537797,0.06895595788955688,0.7991049289703369,0.73014897108078,1.4186655282974243,4.131603240966797,0.5434532761573792,16,2,2,1,2,1,0,0.0,0.6681656241416931,2,stale,0.0,6,184,90,CORRECT,0,0,0,0,0,0,0.0,0.0
margin,live-delta,8,0.0,0.307452,0.576036,0.107066,0.917969,0.387797,0.537797,0.03261613845825195,0.4169046878814697,0.3842885494232178,-0.0,1.0,1.0,1,2,2,1,2,1,0,0.0,0.16200831532478333,2,stale,0.0,6,185,87,CORRECT,0,0,0,0,0,0,0.0,0.0
margin,live-delta,8,0.0,0.307452,0.576036,0.107066,0.917969,0.387797,0.537797,0.10802942514419556,0.49873656034469604,0.3907071352005005,0.3323730230331421,1.394272804260254,0.8966541290283203,2,2,2,1,2,1,0,0.0,0.12086889147758484,2,stale,0.0,6,186,72,CORRECT,0,0,0,0,0,0,0.0,0.0
margin,live-delta,8,0.0,0.307452,0.576036,0.107066,0.917969,0.387797,0.537797,0.001587986946105957,0.5414755344390869,0.539887547492981,2.0203912258148193,7.541274547576904,0.25976917147636414,11,2,2,1,2,1,0,0.0,0.32606571912765503,2,stale,0.0,6,187,89,CORRECT,0,0,0,0,0,0,0.0,0.0
margin,live-delta,8,0.0,0.307452,0.576036,0.107066,0.917969,0.387797,0.537797,0.009970366954803467,0.721244215965271,0.7112738490104675,1.5878874063491821,4.893400192260742,0.36349329352378845,15,2,2,1,2,1,0,0.0,0.5688634514808655,2,stale,0.0,6,188,90,CORRECT,0,0,0,0,0,0,0.0,0.0
margin,live-delta,8,0.0,0.307452,0.576036,0.107066,0.917969,0.387797,0.537797,0.027580201625823975,0.8041415214538574,0.7765613198280334,1.762007713317871,5.824118614196777,0.3369840085506439,18,2,2,1,2,1,0,0.0,0.6601616740226746,2,stale,0.0,6,189,90,CORRECT,0,0,0,0,0,0,0.0,0.0
margin,live-delta,8,0.0,0.307452,0.576036,0.107066,0.917969,0.387797,0.537797,0.014406383037567139,0.39838850498199463,0.3839821219444275,-0.0,1.0,1.0,1,2,2,1,2,1,0,0.0,0.047782719135284424,1,stale,0.0,6,190,88,CORRECT,0,0,0,0,0,0,0.0,0.0
margin,live-delta,8,0.0,0.307452,0.576036,0.107066,0.917969,0.387797,0.537797,0.17678111791610718,0.6894976496696472,0.51271653175354,0.6114625930786133,1.8431251049041748,0.8870795965194702,14,3,3,1,3,1,0,0.0,0.3187081813812256,2,stale,0.0,6,192,103,CORRECT,0,0,0,0,0,0,0.0,0.0
margin,live-delta,8,0.0,0.307452,0.576036,0.107066,0.917969,0.387797,0.537797,0.2501198649406433,0.8384618759155273,0.588342010974884,0.14816603064537048,1.159705400466919,0.9779937267303467,14,3,3,1,3,1,0,0.0,0.5976263284683228,2,stale,0.0,6,193,110,CORRECT,0,0,0,0,0,0,0.0,0.0
margin,live-delta,8,0.0,0.307452,0.576036,0.107066,0.917969,0.387797,0.537797,0.12315046787261963,0.7314360737800598,0.6082856059074402,0.9822870492935181,2.6705570220947266,0.7913287878036499,20,3,3,1,3,1,0,0.0,0.4771263003349304,2,stale,0.0,6,194,116,CORRECT,0,0,0,0,0,0,0.0,0.0
margin,live-delta,8,0.0,0.307452,0.576036,0.107066,0.917969,0.387797,0.537797,0.05098092555999756,0.6020346879959106,0.5510537624359131,1.6295979022979736,5.101822853088379,0.4892081022262573,11,3,3,1,3,1,0,0.0,0.35551363229751587,2,stale,0.0,6,195,96,CORRECT,0,0,0,0,0,0,0.0,0.0
margin,live-delta,8,0.0,0.307452,0.576036,0.107066,0.917969,0.387797,0.537797,0.09636414051055908,0.6056495904922485,0.5092854499816895,1.9094001054763794,6.7490386962890625,0.5115487575531006,15,3,3,1,3,1,0,0.0,0.3226177990436554,2,stale,0.0,6,196,118,CORRECT,0,0,0,0,0,0,0.0,0.0
margin,live-delta,8,0.0,0.307452,0.576036,0.107066,0.917969,0.387797,0.537797,0.017229735851287842,0.4229623079299927,0.40573257207870483,1.0594215393066406,2.884701728820801,0.4531874358654022,3,3,3,1,3,1,0,0.0,0.13656413555145264,2,stale,0.0,6,197,120,CORRECT,0,0,0,0,0,0,0.0,0.0
margin,live-delta,8,0.0,0.307452,0.576036,0.107066,0.917969,0.387797,0.537797,0.0004450678825378418,0.663228452205658,0.6627833843231201,1.1167151927947998,3.0548033714294434,0.4415672719478607,7,3,3,1,3,1,0,0.0,0.43403884768486023,2,stale,0.0,6,198,115,CORRECT,0,0,0,0,0,0,0.0,0.0
margin,live-delta,8,0.0,0.307452,0.576036,0.107066,0.917969,0.387797,0.537797,0.04778146743774414,0.5894176363945007,0.5416361689567566,2.092277765274048,8.103351593017578,0.4171791672706604,17,3,3,1,3,1,0,0.0,0.35544294118881226,2,stale,0.0,6,199,103,CORRECT,0,0,0,0,0,0,0.0,0.0
margin,live-delta,8,0.0,0.307452,0.576036,0.107066,0.917969,0.387797,0.537797,0.016924381256103516,0.5788602828979492,0.5619359016418457,1.9974573850631714,7.370292663574219,0.2941898703575134,14,3,3,1,3,1,0,0.0,0.25708454847335815,2,stale,0.0,6,200,120,CORRECT,0,0,0,0,0,0,0.0,0.0
margin,live-delta,8,0.0,0.307452,0.576036,0.107066,0.917969,0.387797,0.537797,0.08788466453552246,0.7313388586044312,0.6434541940689087,1.094510793685913,2.9877207279205322,0.7134326100349426,12,3,3,1,3,1,0,0.0,0.5794543027877808,2,stale,0.0,6,201,102,CORRECT,0,0,0,0,0,0,0.0,0.0
margin,live-delta,8,0.0,0.307452,0.576036,0.107066,0.917969,0.387797,0.537797,0.08769881725311279,0.692467451095581,0.6047686338424683,0.7962758541107178,2.2172679901123047,0.7909818291664124,13,3,3,1,3,1,0,0.0,0.48868000507354736,2,stale,0.0,6,202,114,CORRECT,0,0,0,0,0,0,0.0,0.0
margin,live-delta,8,0.0,0.307452,0.576036,0.107066,0.917969,0.387797,0.537797,0.03672116994857788,0.7536641359329224,0.7169429659843445,1.852864384651184,6.378062725067139,0.37012144923210144,20,3,3,1,3,1,0,0.0,0.58802330493927,2,stale,0.0,6,203,102,CORRECT,0,0,0,0,0,0,0.0,0.0
margin,live-delta,8,0.0,0.307452,0.576036,0.107066,0.917969,0.387797,0.537797,0.01258617639541626,0.6234400272369385,0.6108538508415222,1.7955642938613892,6.022872447967529,0.2971779406070709,12,3,3,1,3,1,0,0.0031057950109243393,0.22805306315422058,2,stale,0.0,6,204,120,CORRECT,0,0,0,0,0,0,0.0,0.0
margin,live-delta,8,0.0,0.307452,0.576036,0.107066,0.917969,0.387797,0.537797,0.12952852249145508,0.8142807483673096,0.6847522258758545,0.7591400742530823,2.1364383697509766,0.832633376121521,20,3,3,1,3,1,0,0.0,0.6377133131027222,2,stale,0.0,6,206,102,CORRECT,0,0,0,0,0,0,0.0,0.0
margin,live-delta,8,0.0,0.307452,0.576036,0.107066,0.917969,0.387797,0.537797,0.010855257511138916,0.7418167591094971,0.7309615015983582,1.8727407455444336,6.506103515625,0.3286619186401367,20,3,3,1,3,1,0,0.0,0.564441978931427,2,stale,0.0,6,207,126,CORRECT,0,0,0,0,0,0,0.0,0.0
margin,live-delta,8,0.0,0.307452,0.576036,0.107066,0.917969,0.387797,0.537797,0.31014442443847656,0.938294529914856,0.6281501054763794,0.02327778935432434,1.0235508680343628,0.9969879984855652,6,3,3,1,3,1,0,0.0,0.6507328748703003,2,stale,0.0,6,208,122,CORRECT,0,0,0,0,0,0,0.0,0.0
margin,live-delta,8,0.0,0.307452,0.576036,0.107066,0.917969,0.387797,0.537797,0.20055639743804932,0.6931475400924683,0.49259114265441895,0.36192774772644043,1.436095118522644,0.9345036149024963,8,3,3,1,3,1,0,0.0,0.4239552617073059,2,stale,0.0,6,209,114,CORRECT,0,0,0,0,0,0,0.0,0.0
margin,live-delta,8,0.0,0.307452,0.576036,0.107066,0.917969,0.387797,0.537797,0.1260668933391571,0.4007601737976074,0.2746932804584503,-0.0,1.0,1.0,1,3,3,1,3,1,0,0.0,0.1310916543006897,2,stale,0.0,6,210,122,CORRECT,0,0,0,0,0,0,0.0,0.0
margin,live-delta,8,0.0,0.307452,0.576036,0.107066,0.917969,0.387797,0.537797,0.10023805499076843,0.42242056131362915,0.3221825063228607,-0.0,1.0,1.0,1,3,3,1,3,1,0,0.0,0.19192704558372498,2,stale,0.0,6,211,100,CORRECT,0,0,0,0,0,0,0.0,0.0
margin,live-delta,8,0.0,0.307452,0.576036,0.107066,0.917969,0.387797,0.537797,0.029310405254364014,0.429783433675766,0.400473028421402,0.651969313621521,1.9193168878555298,0.6424946784973145,2,3,2,0,2,0,1,0.6424946784973145,-0.029310405254364014,0,stale,0.0,6,212,72,BLENDED,0,0,0,0,0,0,0.0,0.0
margin,live-delta,8,0.0,0.307452,0.576036,0.107066,0.917969,0.387797,0.537797,0.03714936971664429,0.8875680565834045,0.8504186868667603,1.6862623691558838,5.399262428283691,0.43472155928611755,17,3,3,1,3,1,0,0.0,0.7825043797492981,2,stale,0.0,6,213,106,CORRECT,0,0,0,0,0,0,0.0,0.0
margin,live-delta,8,0.0,0.307452,0.576036,0.107066,0.917969,0.387797,0.537797,0.04747101664543152,0.44041067361831665,0.39293965697288513,0.5920077562332153,1.8076140880584717,0.7209985256195068,2,3,3,1,3,1,0,0.0,0.1263270378112793,2,stale,0.0,6,214,99,CORRECT,0,0,0,0,0,0,0.0,0.0
margin,live-delta,8,0.0,0.307452,0.576036,0.107066,0.917969,0.387797,0.537797,0.004091382026672363,0.8561554551124573,0.8520640730857849,1.9033674001693726,6.708446502685547,0.2543230950832367,20,3,3,1,3,1,0,0.0,0.6750622987747192,2,stale,0.0,6,215,111,CORRECT,0,0,0,0,0,0,0.0,0.0
margin,live-delta,8,0.0,0.307452,0.576036,0.107066,0.917969,0.387797,0.537797,0.02332526445388794,0.8350045084953308,0.8116792440414429,1.7444543838500977,5.7227783203125,0.3435414731502533,20,3,3,1,3,1,0,0.0,0.7101004123687744,2,stale,0.0,6,216,127,CORRECT,0,0,0,0,0,0,0.0,0.0
margin,live-delta,8,0.0,0.307452,0.576036,0.107066,0.917969,0.387797,0.537797,0.025778532028198242,0.78267902135849,0.7569004893302917,2.0339953899383545,7.64456844329834,0.31839659810066223,20,3,3,1,3,1,0,0.0,0.6660486459732056,2,stale,0.0,6,217,127,CORRECT,0,0,0,0,0,0,0.0,0.0
margin,live-delta,8,0.0,0.307452,0.576036,0.107066,0.917969,0.387797,0.537797,0.010915875434875488,0.8731348514556885,0.862218976020813,1.7352030277252197,5.670078754425049,0.3073366582393646,18,3,3,1,3,1,0,0.0,0.7605646848678589,2,stale,0.0,6,218,125,CORRECT,0,0,0,0,0,0,0.0,0.0
margin,live-delta,8,0.0,0.307452,0.576036,0.107066,0.917969,0.387797,0.537797,0.07246661186218262,0.8534470200538635,0.7809804081916809,1.5856167078018188,4.882301330566406,0.5344051718711853,20,3,3,1,3,1,0,0.0,0.5936151146888733,2,stale,0.0,6,219,105,CORRECT,0,0,0,0,0,0,0.0,0.0
margin,live-delta,8,0.0,0.307452,0.576036,0.107066,0.917969,0.387797,0.537797,0.07581859827041626,0.6874869465827942,0.6116683483123779,0.896816611289978,2.4517858028411865,0.7262884378433228,8,3,3,1,3,1,0,0.0019665276631712914,0.29558390378952026,2,stale,0.0,6,220,122,CORRECT,0,0,0,0,0,0,0.0,0.0
margin,live-delta,8,0.0,0.307452,0.576036,0.107066,0.917969,0.387797,0.537797,0.001756131649017334,0.8375440835952759,0.8357879519462585,2.0003738403320312,7.391819000244141,0.1829518973827362,19,3,3,1,3,1,0,0.0,0.7359657883644104,2,stale,0.0,6,221,106,CORRECT,0,0,0,0,0,0,0.0,0.0
margin,live-delta,8,0.0,0.307452,0.576036,0.107066,0.917969,0.387797,0.537797,0.012435197830200195,0.5919559001922607,0.5795207023620605,1.3577362298965454,3.887383222579956,0.34205836057662964,4,3,3,1,3,1,0,0.0,0.3724329471588135,2,stale,0.0,6,222,122,CORRECT,0,0,0,0,0,0,0.0,0.0
margin,live-delta,8,0.0,0.307452,0.576036,0.107066,0.917969,0.387797,0.537797,0.1421467661857605,0.74917072057724,0.6070239543914795,0.6728047728538513,1.9597262144088745,0.8553378582000732,15,3,3,1,3,1,0,0.0,0.6529428362846375,2,stale,0.0,6,223,98,CORRECT,0,0,0,0,0,0,0.0,0.0
margin,live-delta,8,0.0,0.307452,0.576036,0.107066,0.917969,0.387797,0.537797,0.21937918663024902,0.8214820027351379,0.6021028161048889,0.1657801866531372,1.1803135871887207,0.9737919569015503,10,3,3,1,3,1,0,0.0,0.6802964210510254,2,stale,0.0,6,224,110,CORRECT,0,0,0,0,0,0,0.0,0.0
margin,live-delta,8,0.0,0.307452,0.576036,0.107066,0.917969,0.387797,0.537797,0.017391085624694824,0.8623713254928589,0.8449802398681641,1.7345287799835205,5.666256904602051,0.3218088448047638,16,3,3,1,3,1,0,0.0,0.7513468265533447,2,stale,0.0,6,225,105,CORRECT,0,0,0,0,0,0,0.0,0.0
margin,live-delta,8,0.0,0.307452,0.576036,0.107066,0.917969,0.387797,0.537797,0.14155244827270508,0.7440454959869385,0.6024930477142334,0.5376218557357788,1.711930751800537,0.8759621977806091,6,3,3,1,3,1,0,0.0,0.6083049774169922,2,stale,0.0,6,226,96,CORRECT,0,0,0,0,0,0,0.0,0.0
margin,live-delta,8,0.0,0.307452,0.576036,0.107066,0.917969,0.387797,0.537797,0.009824693202972412,0.8616310954093933,0.8518064022064209,1.378121018409729,3.967439889907837,0.4070499837398529,20,3,3,1,3,1,0,0.0,0.7183105945587158,2,stale,0.0,6,227,97,CORRECT,0,0,0,0,0,0,0.0,0.0
margin,live-delta,8,0.0,0.307452,0.576036,0.107066,0.917969,0.387797,0.537797,0.1868841052055359,0.7295669317245483,0.5426828265190125,0.18766792118549347,1.206432819366455,0.9662155508995056,8,3,3,1,3,1,0,0.0,0.6021155714988708,2,stale,0.0,6,228,110,CORRECT,0,0,0,0,0,0,0.0,0.0
margin,live-delta,8,0.0,0.307452,0.576036,0.107066,0.917969,0.387797,0.537797,0.020042985677719116,0.5192570686340332,0.4992140829563141,2.3791260719299316,10.795464515686035,0.18821179866790771,14,3,3,1,3,1,0,0.0,0.1971248984336853,2,stale,0.0,6,229,119,CORRECT,0,0,0,0,0,0,0.0,0.0
margin,live-delta,8,0.0,0.307452,0.576036,0.107066,0.917969,0.387797,0.537797,0.0030614137649536133,0.7558149099349976,0.752753496170044,2.0031323432922363,7.412237167358398,0.24354742467403412,20,3,3,1,3,1,0,0.0,0.5923832058906555,2,stale,0.0,6,230,102,CORRECT,0,0,0,0,0,0,0.0,0.0
margin,live-delta,8,0.0,0.307452,0.576036,0.107066,0.917969,0.387797,0.537797,0.02777397632598877,0.8631192445755005,0.8353452682495117,1.8201956748962402,6.173066139221191,0.34694555401802063,20,3,3,1,3,1,0,0.0,0.69650799036026,2,stale,0.0,6,231,125,CORRECT,0,0,0,0,0,0,0.0,0.0
margin,live-delta,8,0.0,0.307452,0.576036,0.107066,0.917969,0.387797,0.537797,0.0031142234802246094,0.6046508550643921,0.6015366315841675,1.9229209423065186,6.840911388397217,0.24272312223911285,13,3,3,1,3,1,0,0.0,0.3869871497154236,2,stale,0.0,6,232,115,CORRECT,0,0,0,0,0,0,0.0,0.0
margin,live-delta,8,0.0,0.307452,0.576036,0.107066,0.917969,0.387797,0.537797,0.01851475238800049,0.7026830911636353,0.6841683387756348,2.3669567108154297,10.664886474609375,0.20359563827514648,20,3,3,1,3,1,0,0.0,0.5461775064468384,2,stale,0.0,6,233,127,CORRECT,0,0,0,0,0,0,0.0,0.0
margin,live-delta,8,0.0,0.307452,0.576036,0.107066,0.917969,0.387797,0.537797,0.01128321886062622,0.4718627333641052,0.460579514503479,1.3527677059173584,3.868116617202759,0.3396387994289398,4,3,3,1,3,1,0,0.0,0.09976586699485779,2,stale,0.0,6,234,99,CORRECT,0,0,0,0,0,0,0.0,0.0
margin,live-delta,8,0.0,0.307452,0.576036,0.107066,0.917969,0.387797,0.537797,0.027986109256744385,0.8835732936859131,0.8555871844291687,1.5740151405334473,4.825986385345459,0.425830215215683,20,3,3,1,3,1,0,0.0,0.7006120085716248,2,stale,0.0,6,235,125,CORRECT,0,0,0,0,0,0,0.0,0.0
margin,live-delta,8,0.0,0.307452,0.576036,0.107066,0.917969,0.387797,0.537797,0.015972495079040527,0.809628963470459,0.7936564683914185,1.605930209159851,4.982492446899414,0.3595678210258484,20,3,3,1,3,1,0,0.0,0.6345729827880859,2,stale,0.0,6,236,112,CORRECT,0,0,0,0,0,0,0.0,0.0
margin,live-delta,8,0.0,0.307452,0.576036,0.107066,0.917969,0.387797,0.537797,0.18761926889419556,0.7911852598190308,0.6035659909248352,0.3475443720817566,1.415587067604065,0.9407464861869812,17,3,3,1,3,1,0,0.0,0.5610560178756714,2,stale,0.0,6,237,110,CORRECT,0,0,0,0,0,0,0.0,0.0
margin,live-delta,8,0.0,0.307452,0.576036,0.107066,0.917969,0.387797,0.537797,0.0336647629737854,0.8508002758026123,0.8171355128288269,1.76056706905365,5.815734386444092,0.3842830955982208,20,3,3,1,3,1,0,0.0,0.6989814043045044,2,stale,0.0,6,238,105,CORRECT,0,0,0,0,0,0,0.0,0.0
margin,live-delta,8,0.0,0.307452,0.576036,0.107066,0.917969,0.387797,0.537797,0.1614556908607483,0.7561558485031128,0.5947001576423645,0.33212196826934814,1.3939228057861328,0.9362800717353821,11,3,3,1,3,1,0,0.0,0.6322998404502869,2,stale,0.0,6,239,110,CORRECT,0,0,0,0,0,0,0.0,0.0
margin,live-delta,8,0.0,0.307452,0.576036,0.107066,0.917969,0.387797,0.537797,0.006048679351806641,0.6312018632888794,0.6251531839370728,2.01777982711792,7.521606922149658,0.3164995610713959,19,3,3,1,3,1,0,0.0,0.45505237579345703,2,stale,0.0,6,240,113,CORRECT,0,0,0,0,0,0,0.0,0.0
margin,live-delta,8,0.0,0.307452,0.576036,0.107066,0.917969,0.387797,0.537797,0.004112362861633301,0.7422609329223633,0.73814857006073,2.0436136722564697,7.718451023101807,0.2253294438123703,20,3,3,1,3,1,0,0.0,0.597240686416626,2,stale,0.0,6,241,101,CORRECT,0,0,0,0,0,0,0.0,0.0
margin,live-delta,8,0.0,0.307452,0.576036,0.107066,0.917969,0.387797,0.537797,0.004317045211791992,0.8364173769950867,0.8321003317832947,2.039419651031494,7.686147212982178,0.22145666182041168,20,3,3,1,3,1,0,0.0,0.7108869552612305,2,stale,0.0,6,242,125,CORRECT,0,0,0,0,0,0,0.0,0.0
margin,live-delta,8,0.0,0.307452,0.576036,0.107066,0.917969,0.387797,0.537797,0.04702085256576538,0.45911580324172974,0.41209495067596436,0.9585369825363159,2.6078782081604004,0.5895036458969116,3,3,3,1,3,1,0,0.0,0.22644346952438354,2,stale,0.0,6,243,118,CORRECT,0,0,0,0,0,0,0.0,0.0
margin,live-delta,8,0.0,0.307452,0.576036,0.107066,0.917969,0.387797,0.537797,0.10091966390609741,0.7671535611152649,0.6662338972091675,1.1237622499465942,3.076406717300415,0.6998950242996216,18,3,3,1,3,1,0,0.0,0.48336267471313477,2,stale,0.0,6,244,120,CORRECT,0,0,0,0,0,0,0.0,0.0
margin,live-delta,8,0.0,0.307452,0.576036,0.107066,0.917969,0.387797,0.537797,0.03122866153717041,0.8901559114456177,0.8589272499084473,1.1918600797653198,3.293201208114624,0.5376339554786682,18,3,3,1,3,1,0,0.0,0.7685378789901733,2,stale,0.0,6,245,97,CORRECT,0,0,0,0,0,0,0.0,0.0
margin,live-delta,8,0.0,0.307452,0.576036,0.107066,0.917969,0.387797,0.537797,0.48767468333244324,0.8059310913085938,0.3182564079761505,-0.0,1.0,1.0,1,3,3,1,3,1,0,0.0,0.6626580953598022,2,stale,0.0,6,246,100,CORRECT,0,0,0,0,0,0,0.0,0.0
margin,live-delta,8,0.0,0.307452,0.576036,0.107066,0.917969,0.387797,0.537797,0.002940237522125244,0.5670374035835266,0.5640971660614014,2.2053122520446777,9.073083877563477,0.24086162447929382,17,3,3,1,3,1,0,0.0,0.4298700988292694,2,stale,0.0,6,248,101,CORRECT,0,0,0,0,0,0,0.0,0.0
margin,live-delta,8,0.0,0.307452,0.576036,0.107066,0.917969,0.387797,0.537797,0.01873636245727539,0.6796143651008606,0.6608780026435852,1.958752155303955,7.090473651885986,0.2994976341724396,14,3,3,1,3,1,0,0.0,0.5658657550811768,2,stale,0.0,6,249,105,CORRECT,0,0,0,0,0,0,0.0,0.0
margin,live-delta,8,0.0,0.307452,0.576036,0.107066,0.917969,0.387797,0.537797,0.05136531591415405,0.7388730645179749,0.6875077486038208,1.4365373849868774,4.206106662750244,0.5618289709091187,20,3,3,1,3,1,0,0.0,0.5477907657623291,2,stale,0.0,6,250,114,CORRECT,0,0,0,0,0,0,0.0,0.0
margin,live-delta,8,0.0,0.307452,0.576036,0.107066,0.917969,0.387797,0.537797,0.13544273376464844,0.6935679912567139,0.5581252574920654,0.6772786974906921,1.9685134887695312,0.8591982126235962,12,3,3,1,3,1,0,0.0,0.42063069343566895,2,stale,0.0,6,251,120,CORRECT,0,0,0,0,0,0,0.0,0.0
margin,live-delta,8,0.0,0.307452,0.576036,0.107066,0.917969,0.387797,0.537797,0.04568326473236084,0.8082558512687683,0.7625725865364075,1.9747440814971924,7.204775810241699,0.4014061391353607,20,3,3,1,3,1,0,0.0,0.6864441633224487,2,stale,0.0,6,252,127,CORRECT,0,0,0,0,0,0,0.0,0.0
margin,live-delta,8,0.0,0.307452,0.576036,0.107066,0.917969,0.387797,0.537797,0.06185990571975708,0.7299630641937256,0.6681031584739685,1.8280168771743774,6.221536159515381,0.48660099506378174,20,3,3,1,3,1,0,0.0,0.5752080678939819,2,stale,0.0,6,253,114,CORRECT,0,0,0,0,0,0,0.0,0.0
margin,live-delta,8,0.0,0.307452,0.576036,0.107066,0.917969,0.387797,0.537797,0.05214470624923706,0.5976381301879883,0.5454934239387512,1.781869649887085,5.940953731536865,0.49128931760787964,15,3,3,1,3,1,0,0.0,0.4311729371547699,2,stale,0.0,6,254,102,CORRECT,0,0,0,0,0,0,0.0,0.0
margin,live-delta,8,0.0,0.307452,0.576036,0.107066,0.917969,0.387797,0.537797,0.009095430374145508,0.6186673641204834,0.6095719337463379,2.38944149017334,10.907400131225586,0.20700059831142426,20,3,3,1,3,1,0,0.0,0.25513458251953125,2,stale,0.0,6,255,117,CORRECT,0,0,0,0,0,0,0.0,0.0
margin,live-delta,9,0.0,0.307452,0.576036,0.087057,0.90625,0.435646,0.585646,0.0,0.5616472959518433,0.5616472959518433,2.4781851768493652,11.919612884521484,0.14597102999687195,20,3,3,1,3,1,1,0.19999998807907104,0.0,0,stale,0.0,6,0,199,CORRECT,0,0,0,0,0,4,0.0,0.2
margin,live-delta,9,0.0,0.307452,0.576036,0.087057,0.90625,0.435646,0.585646,0.0,0.490217924118042,0.490217924118042,1.6094379425048828,5.0,0.20000000298023224,5,3,3,1,3,1,1,0.20000000298023224,0.0,0,stale,0.0,6,2,209,CORRECT,0,0,0,0,0,1,0.0,0.2
margin,live-delta,9,0.0,0.307452,0.576036,0.087057,0.90625,0.435646,0.585646,0.0,0.4598029851913452,0.4598029851913452,2.697166919708252,14.83763599395752,0.0775657445192337,15,3,3,1,3,1,1,0.20000001788139343,0.0,0,stale,0.0,6,3,231,CORRECT,0,0,0,0,0,3,0.0,0.2
margin,live-delta,9,0.0,0.307452,0.576036,0.087057,0.90625,0.435646,0.585646,0.0393713116645813,0.49600115418434143,0.45662984251976013,1.8905107975006104,6.622750759124756,0.270550012588501,7,3,1,0,3,1,1,0.5075833201408386,-0.0393713116645813,0,stale,0.0,6,4,43,CORRECT,0,0,0,0,0,1,0.0,0.123104
margin,live-delta,9,0.0,0.307452,0.576036,0.087057,0.90625,0.435646,0.585646,0.0,0.5367840528488159,0.5367840528488159,2.6820743083953857,14.615378379821777,0.11506234109401703,18,3,3,1,3,1,1,0.3032826781272888,0.0,0,stale,0.0,6,6,184,CORRECT,0,0,0,0,0,3,0.0,0.174179
margin,live-delta,9,0.0,0.307452,0.576036,0.087057,0.90625,0.435646,0.585646,0.0845651924610138,0.45839157700538635,0.37382638454437256,-0.0,1.0,1.0,1,3,1,0,1,0,1,1.0,-0.10400882363319397,0,stale,0.0,6,8,52,BLENDED,0,0,0,0,0,0,0.0,0.0
margin,live-delta,9,0.0,0.307452,0.576036,0.087057,0.90625,0.435646,0.585646,0.0,0.4691773056983948,0.4691773056983948,2.3016998767852783,9.991151809692383,0.10420665144920349,10,3,0,0,3,1,1,0.19999998807907104,0.0,0,stale,0.0,6,9,29,CORRECT,0,0,0,0,0,2,0.0,0.2
margin,live-delta,9,0.0,0.307452,0.576036,0.087057,0.90625,0.435646,0.585646,0.0,0.6366702318191528,0.6366702318191528,1.7611197233200073,5.818949222564697,0.19348624348640442,12,3,3,1,3,1,1,0.21125708520412445,0.0,0,stale,0.0,6,10,152,CORRECT,0,0,0,0,0,2,0.0,0.197186
margin,live-delta,9,0.0,0.307452,0.576036,0.087057,0.90625,0.435646,0.585646,0.09863480925559998,0.5681047439575195,0.46946993470191956,0.3710874617099762,1.4493098258972168,0.8779004216194153,2,3,1,0,1,0,1,1.0,-0.22248363494873047,0,stale,0.0,6,14,35,BLENDED,0,0,0,0,0,0,0.0,0.0
margin,live-delta,9,0.0,0.307452,0.576036,0.087057,0.90625,0.435646,0.585646,0.0,0.5011003613471985,0.5011003613471985,2.122872829437256,8.355106353759766,0.14418071508407593,9,3,0,0,3,1,1,0.4232771694660187,0.0,0,stale,0.0,6,16,24,CORRECT,0,0,0,0,0,1,0.0,0.144181
margin,live-delta,9,0.0,0.307452,0.576036,0.087057,0.90625,0.435646,0.585646,0.0,0.697227954864502,0.697227954864502,1.6977580785751343,5.461688995361328,0.197045236825943,16,3,3,1,3,1,1,0.20088937878608704,0.0,0,stale,0.0,6,20,241,CORRECT,0,0,0,0,0,3,0.0,0.199778
margin,live-delta,9,0.0,0.307452,0.576036,0.087057,0.90625,0.435646,0.585646,0.0,0.5750564336776733,0.5750564336776733,2.106268882751465,8.217523574829102,0.16379757225513458,11,3,3,1,3,1,1,0.20890256762504578,0.0,0,stale,0.0,6,24,241,CORRECT,0,0,0,0,0,2,0.0,0.197774
margin,live-delta,9,0.0,0.307452,0.576036,0.087057,0.90625,0.435646,0.585646,0.0,0.44835323095321655,0.44835323095321655,2.707078695297241,14.985434532165527,0.07041613012552261,15,3,3,1,3,1,1,0.20000000298023224,0.0,0,stale,0.0,6,27,209,CORRECT,0,0,0,0,0,3,0.0,0.2
margin,live-delta,9,0.0,0.307452,0.576036,0.087057,0.90625,0.435646,0.585646,0.0,0.5200752019882202,0.5200752019882202,1.6094379425048828,5.0,0.20000000298023224,5,3,3,1,3,1,1,0.20000000298023224,0.0,0,stale,0.0,6,30,209,CORRECT,0,0,0,0,0,1,0.0,0.2
margin,live-delta,9,0.0,0.307452,0.576036,0.087057,0.90625,0.435646,0.585646,0.0,0.4632206857204437,0.4632206857204437,1.7758976221084595,5.905579566955566,0.17917895317077637,6,3,3,1,3,1,1,0.2832842469215393,0.0,0,stale,0.0,6,31,152,CORRECT,0,0,0,0,0,1,0.0,0.179179
margin,live-delta,9,0.0,0.307452,0.576036,0.087057,0.90625,0.435646,0.585646,0.0,0.7049044370651245,0.7049044370651245,1.6094379425048828,5.0,0.20000000298023224,5,3,0,0,3,1,1,0.20000000298023224,0.0,0,stale,0.0,6,32,2,CORRECT,0,0,0,0,0,1,0.0,0.2
margin,live-delta,9,0.0,0.307452,0.576036,0.087057,0.90625,0.435646,0.585646,0.0,0.5084764957427979,0.5084764957427979,2.127115488052368,8.390628814697266,0.15743474662303925,10,3,0,0,3,1,1,0.19999998807907104,0.0,0,stale,0.0,6,35,2,CORRECT,0,0,0,0,0,2,0.0,0.2
margin,live-delta,9,0.0,0.307452,0.576036,0.087057,0.90625,0.435646,0.585646,0.07707512378692627,0.5940665006637573,0.516991376876831,1.524613618850708,4.5933685302734375,0.483022540807724,6,3,1,0,1,0,1,0.5864180326461792,-0.07707512378692627,0,stale,0.0,6,37,54,STALE_LENIENT,0,0,0,1,0,1,0.0,0.103395
margin,live-delta,9,0.0,0.307452,0.576036,0.087057,0.90625,0.435646,0.585646,0.014270961284637451,0.5052318572998047,0.49096089601516724,2.9028143882751465,18.225366592407227,0.09293480962514877,20,3,1,0,3,1,1,0.2795955240726471,-0.014270961284637451,0,stale,0.0,6,38,38,CORRECT,0,0,0,0,0,4,0.0,0.186661
margin,live-delta,9,0.0,0.307452,0.576036,0.087057,0.90625,0.435646,0.585646,0.0,0.47338902950286865,0.47338902950286865,1.6094379425048828,5.0,0.20000000298023224,5,3,3,1,3,1,1,0.20000000298023224,0.0,0,stale,0.0,6,40,130,CORRECT,0,0,0,0,0,1,0.0,0.2
margin,live-delta,9,0.0,0.307452,0.576036,0.087057,0.90625,0.435646,0.585646,0.039655596017837524,0.4543263018131256,0.4146707057952881,-0.0,1.0,1.0,1,3,1,0,1,0,1,1.0,-0.08841025829315186,0,stale,0.0,6,41,44,BLENDED,0,0,0,0,0,0,0.0,0.0
margin,live-delta,9,0.0,0.307452,0.576036,0.087057,0.90625,0.435646,0.585646,0.0,0.4363560676574707,0.4363560676574707,1.6094379425048828,5.0,0.20000000298023224,5,3,3,1,3,1,1,0.20000000298023224,0.0,0,stale,0.0,6,44,212,CORRECT,0,0,0,0,0,1,0.0,0.2
margin,live-delta,9,0.0,0.307452,0.576036,0.087057,0.90625,0.435646,0.585646,0.15382620692253113,0.6251209378242493,0.47129473090171814,0.9059450626373291,2.474269151687622,0.7849147915840149,7,3,1,0,1,0,1,0.8552011847496033,-0.15382620692253113,0,stale,0.0,6,46,61,STALE_LENIENT,0,0,0,1,0,1,0.0,0.0362
margin,live-delta,9,0.0,0.307452,0.576036,0.087057,0.90625,0.435646,0.585646,0.0,0.5020971894264221,0.5020971894264221,2.285299062728882,9.828624725341797,0.11853966116905212,10,3,3,1,3,1,1,0.19999997317790985,0.0,0,stale,0.0,6,47,245,CORRECT,0,0,0,0,0,2,0.0,0.2
margin,live-delta,9,0.0,0.307452,0.576036,0.087057,0.90625,0.435646,0.585646,0.0,0.46319884061813354,0.46319884061813354,1.6094379425048828,5.0,0.20000000298023224,5,3,3,1,3,1,1,0.20000000298023224,0.0,0,stale,0.0,6,48,181,CORRECT,0,0,0,0,0,1,0.0,0.2
margin,live-delta,9,0.0,0.307452,0.576036,0.087057,0.90625,0.435646,0.585646,0.11248421669006348,0.5731854438781738,0.46070122718811035,1.199981927871704,3.320056915283203,0.6548091173171997,6,3,1,0,1,0,1,0.7238472700119019,-0.11248421669006348,0,stale,0.0,6,49,52,STALE_LENIENT,0,0,0,1,0,1,0.0,0.069038
margin,live-delta,9,0.0,0.307452,0.576036,0.087057,0.90625,0.435646,0.585646,0.0,0.4511723518371582,0.4511723518371582,2.2959952354431152,9.934318542480469,0.11146733164787292,10,3,3,1,3,1,1,0.19999998807907104,0.0,0,stale,0.0,6,52,162,CORRECT,0,0,0,0,0,2,0.0,0.2
margin,live-delta,9,0.0,0.307452,0.576036,0.087057,0.90625,0.435646,0.585646,0.0,0.6028329133987427,0.6028329133987427,1.8066534996032715,6.090033054351807,0.19063271582126617,11,3,3,1,3,1,1,0.20817618072032928,0.0,0,stale,0.0,6,54,130,CORRECT,0,0,0,0,0,2,0.0,0.197956
margin,live-delta,9,0.0,0.307452,0.576036,0.087057,0.90625,0.435646,0.585646,0.0,0.5061884522438049,0.5061884522438049,2.483811855316162,11.986869812011719,0.1323421150445938,15,3,3,1,3,1,1,0.20000000298023224,0.0,0,stale,0.0,6,56,209,CORRECT,0,0,0,0,0,3,0.0,0.2
margin,live-delta,9,0.0,0.307452,0.576036,0.087057,0.90625,0.435646,0.585646,0.04630228877067566,0.5316430330276489,0.48534074425697327,0.5964396595954895,1.8156429529190063,0.7162722945213318,2,3,1,0,1,0,1,1.0,-0.20962217450141907,0,stale,0.0,6,57,36,BLENDED,0,0,0,0,0,0,0.0,0.0
margin,live-delta,9,0.0,0.307452,0.576036,0.087057,0.90625,0.435646,0.585646,0.0,0.5414921045303345,0.5414921045303345,2.3283944129943848,10.261452674865723,0.11917588114738464,11,3,3,1,3,1,1,0.21422609686851501,0.0,0,stale,0.0,6,58,184,CORRECT,0,0,0,0,0,2,0.0,0.196443
margin,live-delta,9,0.0,0.307452,0.576036,0.087057,0.90625,0.435646,0.585646,0.0,0.4432842433452606,0.4432842433452606,1.6094379425048828,5.0,0.20000000298023224,5,3,3,1,3,1,1,0.20000000298023224,0.0,0,stale,0.0,6,59,158,CORRECT,0,0,0,0,0,1,0.0,0.2
margin,live-delta,9,0.0,0.307452,0.576036,0.087057,0.90625,0.435646,0.585646,0.0,0.5292019248008728,0.5292019248008728,2.293063163757324,9.905232429504395,0.13545237481594086,11,3,3,1,3,1,1,0.2591180205345154,0.0,0,stale,0.0,6,62,177,CORRECT,0,0,0,0,0,2,0.0,0.18522
margin,live-delta,9,0.0,0.307452,0.576036,0.087057,0.90625,0.435646,0.585646,0.0,0.5652796030044556,0.5652796030044556,1.6094379425048828,5.0,0.20000000298023224,5,3,3,1,3,1,1,0.20000000298023224,0.0,0,stale,0.0,6,63,177,CORRECT,0,0,0,0,0,1,0.0,0.2
margin,live-delta,9,0.0,0.307452,0.576036,0.087057,0.90625,0.435646,0.585646,0.04837492108345032,0.5429256558418274,0.4945507347583771,1.6016161441802979,4.961043834686279,0.4045047461986542,6,1,1,1,1,1,0,0.0,0.22257667779922485,2,stale,0.0,6,64,49,CORRECT,0,0,0,0,0,0,0.0,0.0
margin,live-delta,9,0.0,0.307452,0.576036,0.087057,0.90625,0.435646,0.585646,0.0578310489654541,0.6803346872329712,0.6225036382675171,1.8783453702926636,6.542670249938965,0.4805961549282074,20,1,1,1,1,1,0,0.053330518305301666,0.2098725438117981,2,stale,0.0,6,65,49,CORRECT,0,0,0,0,0,2,0.0,0.011526
margin,live-delta,9,0.0,0.307452,0.576036,0.087057,0.90625,0.435646,0.585646,0.0,0.44970446825027466,0.44970446825027466,1.6094379425048828,5.0,0.20000000298023224,5,1,3,0,3,0,1,1.0,-0.07482990622520447,0,stale,0.0,6,66,200,STALE_LENIENT,0,0,0,1,0,1,0.0,0.2
margin,live-delta,9,0.0,0.307452,0.576036,0.087057,0.90625,0.435646,0.585646,0.05244162678718567,0.4750416576862335,0.42260003089904785,-0.0,1.0,1.0,1,1,1,1,1,1,0,0.0,0.14321783185005188,2,stale,0.0,6,67,37,CORRECT,0,0,0,0,0,0,0.0,0.0
margin,live-delta,9,0.0,0.307452,0.576036,0.087057,0.90625,0.435646,0.585646,0.012731552124023438,0.6514356136322021,0.6387040615081787,1.4334207773208618,4.193017959594727,0.3560040593147278,8,1,1,1,1,1,0,0.0,0.33663100004196167,2,stale,0.0,6,68,55,CORRECT,0,0,0,0,0,0,0.0,0.0
margin,live-delta,9,0.0,0.307452,0.576036,0.087057,0.90625,0.435646,0.585646,0.09354734420776367,0.6738750338554382,0.5803276896476746,1.0015984773635864,2.722630500793457,0.7495637536048889,11,1,1,1,1,1,0,0.039045438170433044,0.22821015119552612,2,stale,0.0,6,69,41,CORRECT,0,0,0,0,0,1,0.0,0.007809
margin,live-delta,9,0.0,0.307452,0.576036,0.087057,0.90625,0.435646,0.585646,0.0,0.6308947801589966,0.6308947801589966,2.1932666301727295,8.964448928833008,0.14669866859912872,13,1,3,0,3,0,1,0.7966542840003967,-0.014739274978637695,0,stale,0.0,6,71,184,STALE_LENIENT,0,0,0,1,0,2,0.0,0.159331
margin,live-delta,9,0.0,0.307452,0.576036,0.087057,0.90625,0.435646,0.585646,0.024614989757537842,0.7187014818191528,0.694086492061615,1.5077404975891113,4.516514301300049,0.5029986500740051,17,1,1,1,1,1,1,0.15602275729179382,0.15931344032287598,2,stale,0.0,6,72,51,CORRECT,0,0,0,0,0,2,0.0,0.031205
margin,live-delta,9,0.0,0.307452,0.576036,0.087057,0.90625,0.435646,0.585646,0.05615776777267456,0.6409323215484619,0.5847745537757874,2.0780386924743652,7.988785266876221,0.3884560763835907,18,1,1,1,1,1,1,0.10263156145811081,0.18032974004745483,2,stale,0.0,6,73,41,CORRECT,0,0,0,0,0,2,0.0,0.020526
margin,live-delta,9,0.0,0.307452,0.576036,0.087057,0.90625,0.435646,0.585646,0.1365673840045929,0.5914551615715027,0.4548877775669098,0.9373236894607544,2.5531392097473145,0.7738789319992065,7,1,1,1,1,1,1,0.17571710050106049,0.15459886193275452,2,stale,0.0,6,74,34,CORRECT,0,0,0,0,0,1,0.0,0.035143
margin,live-delta,9,0.0,0.307452,0.576036,0.087057,0.90625,0.435646,0.585646,0.09804320335388184,0.6537769436836243,0.5557337403297424,1.6991041898727417,5.469046115875244,0.5702473521232605,14,1,1,1,1,1,0,0.0,0.2970042824745178,2,stale,0.0,6,75,49,CORRECT,0,0,0,0,0,0,0.0,0.0
margin,live-delta,9,0.0,0.307452,0.576036,0.087057,0.90625,0.435646,0.585646,0.07732564210891724,0.6243658065795898,0.5470401644706726,1.119097113609314,3.0620882511138916,0.65024733543396,6,1,1,1,1,1,0,0.0,0.2234358787536621,2,stale,0.0,6,76,58,CORRECT,0,0,0,0,0,0,0.0,0.0
margin,live-delta,9,0.0,0.307452,0.576036,0.087057,0.90625,0.435646,0.585646,0.004162132740020752,0.4389645755290985,0.43480244278907776,-0.0,1.0,1.0,1,1,1,1,1,1,0,0.0,0.025661975145339966,1,stale,0.0,6,77,38,CORRECT,0,0,0,0,0,0,0.0,0.0
margin,live-delta,9,0.0,0.307452,0.576036,0.087057,0.90625,0.435646,0.585646,0.21782022714614868,0.5824568271636963,0.3646366000175476,-0.0,1.0,1.0,1,1,1,1,1,1,0,0.0,0.24440926313400269,2,stale,0.0,6,78,37,CORRECT,0,0,0,0,0,0,0.0,0.0
margin,live-delta,9,0.0,0.307452,0.576036,0.087057,0.90625,0.435646,0.585646,0.00254899263381958,0.5849636793136597,0.5824146866798401,1.8450902700424194,6.328670978546143,0.2307349145412445,8,1,1,1,1,1,0,0.0,0.15678945183753967,2,stale,0.0,6,79,48,CORRECT,0,0,0,0,0,0,0.0,0.0
margin,live-delta,9,0.0,0.307452,0.576036,0.087057,0.90625,0.435646,0.585646,0.002153635025024414,0.5883429050445557,0.5861892700195312,2.2336843013763428,9.334193229675293,0.2183818817138672,13,1,1,1,1,1,0,0.0,0.21522527933120728,2,stale,0.0,6,80,48,CORRECT,0,0,0,0,0,0,0.0,0.0
margin,live-delta,9,0.0,0.307452,0.576036,0.087057,0.90625,0.435646,0.585646,0.1268346905708313,0.623031497001648,0.49619680643081665,1.0562679767608643,2.8756191730499268,0.7591219544410706,10,1,1,1,1,1,0,0.09141947329044342,0.1863071322441101,2,stale,0.0,6,81,49,CORRECT,0,0,0,0,0,1,0.0,0.018284
margin,live-delta,9,0.0,0.307452,0.576036,0.087057,0.90625,0.435646,0.585646,0.009584307670593262,0.46435844898223877,0.4547741413116455,1.0896987915039062,2.9733784198760986,0.3922366201877594,3,1,1,1,1,1,0,0.0,0.07170343399047852,2,stale,0.0,6,82,53,CORRECT,0,0,0,0,0,0,0.0,0.0
margin,live-delta,9,0.0,0.307452,0.576036,0.087057,0.90625,0.435646,0.585646,0.13681191205978394,0.6299456357955933,0.4931337237358093,1.5690079927444458,4.801882266998291,0.6313616633415222,14,1,1,1,1,1,1,0.278804749250412,0.13681191205978394,2,stale,0.0,6,83,38,CORRECT,0,0,0,0,0,2,0.0,0.055761
margin,live-delta,9,0.0,0.307452,0.576036,0.087057,0.90625,0.435646,0.585646,0.032746851444244385,0.5804134607315063,0.547666609287262,1.820252776145935,6.1734185218811035,0.3870849013328552,9,1,1,1,1,1,0,0.0,0.35087868571281433,2,stale,0.0,6,84,44,CORRECT,0,0,0,0,0,0,0.0,0.0
margin,live-delta,9,0.0,0.307452,0.576036,0.087057,0.90625,0.435646,0.585646,0.024288594722747803,0.7276468276977539,0.7033582329750061,1.8361607789993286,6.272410869598389,0.3507305085659027,14,1,1,1,1,1,0,0.0,0.3990701138973236,2,stale,0.0,6,85,48,CORRECT,0,0,0,0,0,0,0.0,0.0
margin,live-delta,9,0.0,0.307452,0.576036,0.087057,0.90625,0.435646,0.585646,0.027054309844970703,0.5935630798339844,0.5665087699890137,2.128612756729126,8.40320110321045,0.29127150774002075,12,1,1,1,1,1,0,0.0,0.2693227529525757,2,stale,0.0,6,86,43,CORRECT,0,0,0,0,0,0,0.0,0.0
margin,live-delta,9,0.0,0.307452,0.576036,0.087057,0.90625,0.435646,0.585646,0.08866894245147705,0.6758197546005249,0.5871508121490479,0.6896010041236877,1.992920160293579,0.7875672578811646,4,1,1,1,1,1,0,0.0,0.3579227328300476,2,stale,0.0,6,88,45,CORRECT,0,0,0,0,0,0,0.0,0.0
margin,live-delta,9,0.0,0.307452,0.576036,0.087057,0.90625,0.435646,0.585646,0.0,0.7672025561332703,0.7672025561332703,2.365476131439209,10.649107933044434,0.12187664955854416,15,1,3,0,3,0,1,0.9650245308876038,-0.07573270797729492,0,stale,0.0,6,89,255,STALE_LENIENT,0,0,0,1,0,2,0.0,0.193005
margin,live-delta,9,0.0,0.307452,0.576036,0.087057,0.90625,0.435646,0.585646,0.34611284732818604,0.9362046718597412,0.5900918245315552,0.012766072526574135,1.012847900390625,0.9984923601150513,5,1,1,1,1,1,0,0.0,0.5132040977478027,2,stale,0.0,6,90,38,CORRECT,0,0,0,0,0,0,0.0,0.0
margin,live-delta,9,0.0,0.307452,0.576036,0.087057,0.90625,0.435646,0.585646,0.07226181030273438,0.5792669057846069,0.5070050954818726,1.5631896257400513,4.774024486541748,0.5329046249389648,8,1,1,1,1,1,0,0.0,0.20020031929016113,2,stale,0.0,6,91,54,CORRECT,0,0,0,0,0,0,0.0,0.0
margin,live-delta,9,0.0,0.307452,0.576036,0.087057,0.90625,0.435646,0.585646,0.10733836889266968,0.764479398727417,0.6571410298347473,0.8705149292945862,2.3881402015686035,0.7725843191146851,8,1,1,1,1,1,0,0.0,0.5251755714416504,2,stale,0.0,6,93,35,CORRECT,0,0,0,0,0,0,0.0,0.0
margin,live-delta,9,0.0,0.307452,0.576036,0.087057,0.90625,0.435646,0.585646,0.01648041605949402,0.5139942765235901,0.49751386046409607,1.9255269765853882,6.858762264251709,0.2851884663105011,8,1,1,1,1,1,0,0.0,0.10119685530662537,2,stale,0.0,6,94,51,CORRECT,0,0,0,0,0,0,0.0,0.0
margin,live-delta,9,0.0,0.307452,0.576036,0.087057,0.90625,0.435646,0.585646,0.01819002628326416,0.6271648406982422,0.608974814414978,1.9271135330200195,6.86965274810791,0.3150957226753235,17,1,1,1,1,1,0,0.09871602803468704,0.16906660795211792,2,stale,0.0,6,95,58,CORRECT,0,0,0,0,0,2,0.0,0.019743
margin,live-delta,9,0.0,0.307452,0.576036,0.087057,0.90625,0.435646,0.585646,0.11423242092132568,0.8080053329467773,0.6937729120254517,0.801936149597168,2.229854106903076,0.8149505853652954,13,1,1,1,1,1,0,0.0,0.5019088387489319,2,stale,0.0,6,96,35,CORRECT,0,0,0,0,0,0,0.0,0.0
margin,live-delta,9,0.0,0.307452,0.576036,0.087057,0.90625,0.435646,0.585646,0.010035574436187744,0.6971126794815063,0.6870771050453186,1.7758841514587402,5.905500411987305,0.2928837537765503,17,1,1,1,1,1,0,0.0,0.3806838095188141,2,stale,0.0,6,98,44,CORRECT,0,0,0,0,0,0,0.0,0.0
margin,live-delta,9,0.0,0.307452,0.576036,0.087057,0.90625,0.435646,0.585646,0.018743813037872314,0.5285130739212036,0.5097692608833313,0.9774426221847534,2.657650947570801,0.5141116976737976,3,1,1,1,1,1,0,0.0,0.2197067141532898,2,stale,0.0,6,99,36,CORRECT,0,0,0,0,0,0,0.0,0.0
margin,live-delta,9,0.0,0.307452,0.576036,0.087057,0.90625,0.435646,0.585646,0.07248342037200928,0.5363495945930481,0.4638661742210388,0.7752933502197266,2.1712288856506348,0.7228705883026123,3,1,1,1,1,1,0,0.0,0.22104230523109436,2,stale,0.0,6,100,48,CORRECT,0,0,0,0,0,0,0.0,0.0
margin,live-delta,9,0.0,0.307452,0.576036,0.087057,0.90625,0.435646,0.585646,0.007860779762268066,0.6223558783531189,0.6144950985908508,2.1904144287109375,8.93891716003418,0.21458767354488373,18,1,1,1,1,1,0,0.027989281341433525,0.18231669068336487,2,stale,0.0,6,101,58,CORRECT,0,0,0,0,0,1,0.0,0.005598
margin,live-delta,9,0.0,0.307452,0.576036,0.087057,0.90625,0.435646,0.585646,0.11691057682037354,0.8418571949005127,0.7249466180801392,0.6131910085678101,1.8463135957717896,0.8585653305053711,13,1,1,1,1,1,0,0.0,0.5691530704498291,2,stale,0.0,6,102,35,CORRECT,0,0,0,0,0,0,0.0,0.0
margin,live-delta,9,0.0,0.307452,0.576036,0.087057,0.90625,0.435646,0.585646,0.05623912811279297,0.7818701267242432,0.7256309986114502,1.1266733407974243,3.0853753089904785,0.6572082042694092,13,1,1,1,1,1,0,0.0,0.4816293716430664,2,stale,0.0,6,103,35,CORRECT,0,0,0,0,0,0,0.0,0.0
margin,live-delta,9,0.0,0.307452,0.576036,0.087057,0.90625,0.435646,0.585646,0.09437793493270874,0.7348703742027283,0.6404924392700195,1.0011520385742188,2.7214152812957764,0.7331405878067017,10,1,1,1,1,1,0,0.0,0.5042364597320557,2,stale,0.0,6,104,62,CORRECT,0,0,0,0,0,0,0.0,0.0
margin,live-delta,9,0.0,0.307452,0.576036,0.087057,0.90625,0.435646,0.585646,0.05636519193649292,0.693533182144165,0.6371679902076721,1.4898576736450195,4.436463832855225,0.516868531703949,10,1,1,1,1,1,0,0.0,0.3818409740924835,2,stale,0.0,6,105,35,CORRECT,0,0,0,0,0,0,0.0,0.0
margin,live-delta,9,0.0,0.307452,0.576036,0.087057,0.90625,0.435646,0.585646,0.12120801210403442,0.7400966286659241,0.6188886165618896,0.645395815372467,1.9067416191101074,0.8553046584129333,10,1,1,1,1,1,0,0.0,0.4675822854042053,2,stale,0.0,6,106,35,CORRECT,0,0,0,0,0,0,0.0,0.0
margin,live-delta,9,0.0,0.307452,0.576036,0.087057,0.90625,0.435646,0.585646,0.016118645668029785,0.5859114527702332,0.5697928071022034,1.866073727607727,6.462871551513672,0.3370665907859802,10,1,1,1,1,1,0,0.0,0.24185654520988464,2,stale,0.0,6,107,45,CORRECT,0,0,0,0,0,0,0.0,0.0
margin,live-delta,9,0.0,0.307452,0.576036,0.087057,0.90625,0.435646,0.585646,0.017119288444519043,0.453770250082016,0.43665096163749695,0.6787055730819702,1.9713243246078491,0.5847700238227844,2,1,1,1,1,1,0,0.0,0.11738365888595581,2,stale,0.0,6,108,39,CORRECT,0,0,0,0,0,0,0.0,0.0
margin,live-delta,9,0.0,0.307452,0.576036,0.087057,0.90625,0.435646,0.585646,0.03018951416015625,0.5871216654777527,0.5569321513175964,2.2869086265563965,9.844457626342773,0.24638190865516663,13,1,1,1,1,1,0,0.0,0.17510515451431274,2,stale,0.0,6,110,34,CORRECT,0,0,0,0,0,0,0.0,0.0
margin,live-delta,9,0.0,0.307452,0.576036,0.087057,0.90625,0.435646,0.585646,0.008567750453948975,0.7654634714126587,0.7568957209587097,1.4767258167266846,4.3785858154296875,0.4434032738208771,17,1,1,1,1,1,1,0.1084921658039093,0.1714400053024292,2,stale,0.0,6,111,58,CORRECT,0,0,0,0,0,2,0.0,0.021698
margin,live-delta,9,0.0,0.307452,0.576036,0.087057,0.90625,0.435646,0.585646,0.06020635366439819,0.751206636428833,0.6910002827644348,1.2775883674621582,3.5879764556884766,0.6386381983757019,20,1,1,1,1,1,0,0.023346606642007828,0.24918121099472046,2,stale,0.0,6,112,51,CORRECT,0,0,0,0,0,1,0.0,0.004374
margin,live-delta,9,0.0,0.307452,0.576036,0.087057,0.90625,0.435646,0.585646,0.005623340606689453,0.584922194480896,0.5792988538742065,1.9251655340194702,6.856283664703369,0.2597651779651642,9,1,1,1,1,1,0,0.0,0.3896149694919586,2,stale,0.0,6,114,44,CORRECT,0,0,0,0,0,0,0.0,0.0
margin,live-delta,9,0.0,0.307452,0.576036,0.087057,0.90625,0.435646,0.585646,0.038063883781433105,0.7111191153526306,0.6730552315711975,1.5982896089553833,4.944568157196045,0.443901926279068,12,1,1,1,1,1,0,0.0,0.32796376943588257,2,stale,0.0,6,115,35,CORRECT,0,0,0,0,0,0,0.0,0.0
margin,live-delta,9,0.0,0.307452,0.576036,0.087057,0.90625,0.435646,0.585646,0.04059028625488281,0.6312181949615479,0.590627908706665,1.9990500211715698,7.382040023803711,0.4480094611644745,19,1,1,1,1,1,1,0.15941107273101807,0.16091442108154297,2,stale,0.0,6,118,51,CORRECT,0,0,0,0,0,2,0.0,0.031882
margin,live-delta,9,0.0,0.307452,0.576036,0.087057,0.90625,0.435646,0.585646,0.21062016487121582,0.8552870750427246,0.6446669101715088,0.13457587361335754,1.144051432609558,0.9774194955825806,9,1,1,1,1,1,0,0.0,0.59217768907547,2,stale,0.0,6,119,35,CORRECT,0,0,0,0,0,0,0.0,0.0
margin,live-delta,9,0.0,0.307452,0.576036,0.087057,0.90625,0.435646,0.585646,0.012780368328094482,0.6218248605728149,0.6090444922447205,1.7192862033843994,5.580543518066406,0.29025664925575256,7,1,1,1,1,1,0,0.0,0.38568252325057983,2,stale,0.0,6,120,40,CORRECT,0,0,0,0,0,0,0.0,0.0
margin,live-delta,9,0.0,0.307452,0.576036,0.087057,0.90625,0.435646,0.585646,0.06796568632125854,0.6766427159309387,0.6086770296096802,0.8570894002914429,2.356292486190796,0.7187730669975281,5,1,1,1,1,1,0,0.0,0.28373271226882935,2,stale,0.0,6,121,58,CORRECT,0,0,0,0,0,0,0.0,0.0
margin,live-delta,9,0.0,0.307452,0.576036,0.087057,0.90625,0.435646,0.585646,0.0037984251976013184,0.7003782391548157,0.6965798139572144,1.8633618354797363,6.445368766784668,0.25757887959480286,11,1,1,1,1,1,0,0.0,0.3948938548564911,2,stale,0.0,6,122,44,CORRECT,0,0,0,0,0,0,0.0,0.0
margin,live-delta,9,0.0,0.307452,0.576036,0.087057,0.90625,0.435646,0.585646,0.010840415954589844,0.5973057746887207,0.5864653587341309,1.1587082147598267,3.1858150959014893,0.39968881011009216,4,1,1,1,1,1,0,0.0,0.2247844636440277,2,stale,0.0,6,123,37,CORRECT,0,0,0,0,0,0,0.0,0.0
margin,live-delta,9,0.0,0.307452,0.576036,0.087057,0.90625,0.435646,0.585646,0.008288145065307617,0.6649891138076782,0.6567009687423706,1.8342957496643066,6.26072359085083,0.33456382155418396,14,1,1,1,1,1,0,0.0,0.3462510406970978,2,stale,0.0,6,124,44,CORRECT,0,0,0,0,0,0,0.0,0.0
margin,live-delta,9,0.0,0.307452,0.576036,0.087057,0.90625,0.435646,0.585646,0.0778813362121582,0.6159960031509399,0.5381146669387817,1.4838751554489136,4.4100022315979,0.5705192685127258,9,1,1,1,1,1,0,0.0,0.2055698037147522,2,stale,0.0,6,125,46,CORRECT,0,0,0,0,0,0,0.0,0.0
margin,live-delta,9,0.0,0.307452,0.576036,0.087057,0.90625,0.435646,0.585646,0.025856196880340576,0.5987674593925476,0.572911262512207,1.2822519540786743,3.604748249053955,0.49881234765052795,6,1,1,1,1,1,0,0.0,0.28255516290664673,2,stale,0.0,6,126,36,CORRECT,0,0,0,0,0,0,0.0,0.0
margin,live-delta,9,0.0,0.307452,0.576036,0.087057,0.90625,0.435646,0.585646,0.058422237634658813,0.5013746023178101,0.44295236468315125,1.6487520933151245,5.200486183166504,0.39150431752204895,6,1,1,1,3,0,1,0.6084957122802734,0.058422237634658813,2,stale,0.0,6,127,49,STALE_LENIENT,0,0,0,1,0,1,0.0,0.121699
margin,live-delta,9,0.0,0.307452,0.576036,0.087057,0.90625,0.435646,0.585646,0.051199525594711304,0.4693129062652588,0.4181133806705475,-0.0,1.0,1.0,1,2,2,1,2,1,0,0.0,0.3255454897880554,2,stale,0.0,6,128,90,CORRECT,0,0,0,0,0,0,0.0,0.0
margin,live-delta,9,0.0,0.307452,0.576036,0.087057,0.90625,0.435646,0.585646,0.07013922929763794,0.7858513593673706,0.7157121300697327,1.4485455751419067,4.256918907165527,0.5627477765083313,16,2,2,1,2,1,0,0.0,0.5621412992477417,2,stale,0.0,6,129,66,CORRECT,0,0,0,0,0,0,0.0,0.0
margin,live-delta,9,0.0,0.307452,0.576036,0.087057,0.90625,0.435646,0.585646,0.011220335960388184,0.5333151817321777,0.5220948457717896,2.203763008117676,9.059039115905762,0.22434447705745697,11,2,2,1,2,1,0,0.0,0.2767532765865326,2,stale,0.0,6,130,89,CORRECT,0,0,0,0,0,0,0.0,0.0
margin,live-delta,9,0.0,0.307452,0.576036,0.087057,0.90625,0.435646,0.585646,0.012637853622436523,0.6034895181655884,0.5908516645431519,2.375058889389038,10.751646041870117,0.16356347501277924,14,2,2,1,2,1,0,0.0,0.3956734538078308,2,stale,0.0,6,131,89,CORRECT,0,0,0,0,0,0,0.0,0.0
margin,live-delta,9,0.0,0.307452,0.576036,0.087057,0.90625,0.435646,0.585646,0.007689833641052246,0.47320014238357544,0.4655103087425232,1.5885205268859863,4.896499156951904,0.24821463227272034,5,2,2,1,2,1,0,0.0,0.19685113430023193,2,stale,0.0,6,132,66,CORRECT,0,0,0,0,0,0,0.0,0.0
margin,live-delta,9,0.0,0.307452,0.576036,0.087057,0.90625,0.435646,0.585646,0.1113135814666748,0.7755483388900757,0.6642347574234009,0.9020531177520752,2.464658260345459,0.7799183130264282,13,2,2,1,2,1,0,0.0,0.5068159103393555,2,stale,0.0,6,133,66,CORRECT,0,0,0,0,0,0,0.0,0.0
margin,live-delta,9,0.0,0.307452,0.576036,0.087057,0.90625,0.435646,0.585646,0.052082359790802,0.806567370891571,0.754485011100769,1.674196720123291,5.334508419036865,0.435745507478714,15,2,2,1,2,1,0,0.0,0.6338892579078674,2,stale,0.0,6,134,90,CORRECT,0,0,0,0,0,0,0.0,0.0
margin,live-delta,9,0.0,0.307452,0.576036,0.087057,0.90625,0.435646,0.585646,0.09420961141586304,0.6574013233184814,0.5631917119026184,1.3687554597854614,3.9304559230804443,0.6260756254196167,9,2,2,1,2,1,0,0.0,0.5291342735290527,2,stale,0.0,6,135,82,CORRECT,0,0,0,0,0,0,0.0,0.0
margin,live-delta,9,0.0,0.307452,0.576036,0.087057,0.90625,0.435646,0.585646,0.0249253511428833,0.7994858026504517,0.7745604515075684,1.7580914497375488,5.801354885101318,0.329273521900177,15,2,2,1,2,1,0,0.0,0.6274286508560181,2,stale,0.0,6,136,90,CORRECT,0,0,0,0,0,0,0.0,0.0
margin,live-delta,9,0.0,0.307452,0.576036,0.087057,0.90625,0.435646,0.585646,0.09123635292053223,0.6872193813323975,0.5959830284118652,1.5532782077789307,4.726940631866455,0.61651611328125,15,2,2,1,2,1,0,0.0,0.485442578792572,2,stale,0.0,6,139,89,CORRECT,0,0,0,0,0,0,0.0,0.0
margin,live-delta,9,0.0,0.307452,0.576036,0.087057,0.90625,0.435646,0.585646,0.010812044143676758,0.44517678022384644,0.4343647360801697,-0.0,1.0,1.0,1,2,2,1,2,1,0,0.0,0.14185696840286255,2,stale,0.0,6,141,69,CORRECT,0,0,0,0,0,0,0.0,0.0
margin,live-delta,9,0.0,0.307452,0.576036,0.087057,0.90625,0.435646,0.585646,0.05206608772277832,0.8530226349830627,0.8009565472602844,1.6408177614212036,5.159387111663818,0.4268173277378082,15,2,2,1,2,1,0,0.0,0.7123686075210571,2,stale,0.0,6,142,90,CORRECT,0,0,0,0,0,0,0.0,0.0
margin,live-delta,9,0.0,0.307452,0.576036,0.087057,0.90625,0.435646,0.585646,0.10031759738922119,0.6833676099777222,0.583050012588501,1.3894720077514648,4.012730598449707,0.6314232349395752,11,2,2,1,2,1,0,0.0,0.5272771120071411,2,stale,0.0,6,143,82,CORRECT,0,0,0,0,0,0,0.0,0.0
margin,live-delta,9,0.0,0.307452,0.576036,0.087057,0.90625,0.435646,0.585646,0.04880225658416748,0.8525674939155579,0.8037652373313904,1.6079007387161255,4.9923200607299805,0.4821647107601166,15,2,2,1,2,1,0,0.0,0.6044963598251343,2,stale,0.0,6,144,89,CORRECT,0,0,0,0,0,0,0.0,0.0
margin,live-delta,9,0.0,0.307452,0.576036,0.087057,0.90625,0.435646,0.585646,0.03140294551849365,0.7826350927352905,0.7512321472167969,1.5341969728469849,4.637599945068359,0.467399924993515,14,2,2,1,2,1,0,0.0,0.6522859334945679,2,stale,0.0,6,145,84,CORRECT,0,0,0,0,0,0,0.0,0.0
margin,live-delta,9,0.0,0.307452,0.576036,0.087057,0.90625,0.435646,0.585646,0.013248085975646973,0.7050842046737671,0.6918361186981201,2.078911066055298,7.995757102966309,0.2843655049800873,15,2,2,1,2,1,0,0.0,0.4755760133266449,2,stale,0.0,6,148,89,CORRECT,0,0,0,0,0,0,0.0,0.0
margin,live-delta,9,0.0,0.307452,0.576036,0.087057,0.90625,0.435646,0.585646,0.0018193721771240234,0.8310966491699219,0.8292772769927979,1.5947320461273193,4.927008628845215,0.3157869279384613,14,2,2,1,2,1,0,0.0,0.7122912406921387,2,stale,0.0,6,149,90,CORRECT,0,0,0,0,0,0,0.0,0.0
margin,live-delta,9,0.0,0.307452,0.576036,0.087057,0.90625,0.435646,0.585646,0.0414484441280365,0.4598776698112488,0.4184292256832123,-0.0,1.0,1.0,1,2,2,1,2,1,0,0.0,0.35048341751098633,2,stale,0.0,6,150,82,CORRECT,0,0,0,0,0,0,0.0,0.0
margin,live-delta,9,0.0,0.307452,0.576036,0.087057,0.90625,0.435646,0.585646,0.027109801769256592,0.47001543641090393,0.44290563464164734,0.657707691192627,1.9303622245788574,0.6323232054710388,2,2,2,1,2,1,0,0.0,0.18030139803886414,2,stale,0.0,6,151,79,CORRECT,0,0,0,0,0,0,0.0,0.0
margin,live-delta,9,0.0,0.307452,0.576036,0.087057,0.90625,0.435646,0.585646,0.005340278148651123,0.8188492059707642,0.813508927822113,2.013786792755127,7.49163293838501,0.2762753367424011,17,2,2,1,2,1,0,0.0,0.6028050780296326,2,stale,0.0,6,152,84,CORRECT,0,0,0,0,0,0,0.0,0.0
margin,live-delta,9,0.0,0.307452,0.576036,0.087057,0.90625,0.435646,0.585646,0.020387768745422363,0.727567195892334,0.7071794271469116,1.4942197799682617,4.4558587074279785,0.427672415971756,12,2,2,1,2,1,0,0.0,0.5479637384414673,2,stale,0.0,6,153,90,CORRECT,0,0,0,0,0,0,0.0,0.0
margin,live-delta,9,0.0,0.307452,0.576036,0.087057,0.90625,0.435646,0.585646,0.01642930507659912,0.6028136014938354,0.5863842964172363,2.2299764156341553,9.299646377563477,0.2606179118156433,13,2,2,1,2,1,0,0.0,0.4060813784599304,2,stale,0.0,6,155,90,CORRECT,0,0,0,0,0,0,0.0,0.0
margin,live-delta,9,0.0,0.307452,0.576036,0.087057,0.90625,0.435646,0.585646,0.021501898765563965,0.5590934753417969,0.5375915765762329,2.0801327228546143,8.005531311035156,0.2672250270843506,10,2,2,1,2,1,0,0.0,0.3610961139202118,2,stale,0.0,6,157,74,CORRECT,0,0,0,0,0,0,0.0,0.0
margin,live-delta,9,0.0,0.307452,0.576036,0.087057,0.90625,0.435646,0.585646,0.01916298270225525,0.45646974444389343,0.4373067617416382,0.6751178503036499,1.9642643928527832,0.5946590900421143,2,2,2,1,2,1,0,0.0,0.18081408739089966,2,stale,0.0,6,158,79,CORRECT,0,0,0,0,0,0,0.0,0.0
margin,live-delta,9,0.0,0.307452,0.576036,0.087057,0.90625,0.435646,0.585646,0.02462470531463623,0.63222336769104,0.6075986623764038,2.006817102432251,7.439599990844727,0.30071619153022766,13,2,2,1,2,1,0,0.0,0.429174542427063,2,stale,0.0,6,159,90,CORRECT,0,0,0,0,0,0,0.0,0.0
margin,live-delta,9,0.0,0.307452,0.576036,0.087057,0.90625,0.435646,0.585646,0.042462825775146484,0.5661683678627014,0.5237055420875549,1.3652609586715698,3.9167449474334717,0.4759787619113922,5,2,2,1,2,1,0,0.0,0.3182640075683594,2,stale,0.0,6,160,87,CORRECT,0,0,0,0,0,0,0.0,0.0
margin,live-delta,9,0.0,0.307452,0.576036,0.087057,0.90625,0.435646,0.585646,0.03060382604598999,0.5303032398223877,0.4996994137763977,1.9487907886505127,7.020193576812744,0.2845892012119293,8,2,2,1,2,1,0,0.0,0.2477591633796692,2,stale,0.0,6,161,74,CORRECT,0,0,0,0,0,0,0.0,0.0
margin,live-delta,9,0.0,0.307452,0.576036,0.087057,0.90625,0.435646,0.585646,0.020775914192199707,0.6862285137176514,0.6654525995254517,1.6650243997573853,5.285802364349365,0.394233375787735,14,2,2,1,2,1,0,0.0,0.5588211417198181,2,stale,0.0,6,162,90,CORRECT,0,0,0,0,0,0,0.0,0.0
margin,live-delta,9,0.0,0.307452,0.576036,0.087057,0.90625,0.435646,0.585646,0.03744542598724365,0.5544109344482422,0.5169655084609985,1.6518287658691406,5.216510772705078,0.45145362615585327,8,2,2,1,2,1,0,0.0,0.396892249584198,2,stale,0.0,6,164,89,CORRECT,0,0,0,0,0,0,0.0,0.0
margin,live-delta,9,0.0,0.307452,0.576036,0.087057,0.90625,0.435646,0.585646,0.04330688714981079,0.7212452292442322,0.6779383420944214,1.7037978172302246,5.494775772094727,0.4292072355747223,13,2,2,1,2,1,0,0.0,0.5843628644943237,2,stale,0.0,6,165,90,CORRECT,0,0,0,0,0,0,0.0,0.0
margin,live-delta,9,0.0,0.307452,0.576036,0.087057,0.90625,0.435646,0.585646,0.003607511520385742,0.7778502702713013,0.7742427587509155,1.9916812181472778,7.327843189239502,0.2785221040248871,15,2,2,1,2,1,0,0.0,0.5958204865455627,2,stale,0.0,6,166,84,CORRECT,0,0,0,0,0,0,0.0,0.0
margin,live-delta,9,0.0,0.307452,0.576036,0.087057,0.90625,0.435646,0.585646,0.007624030113220215,0.5461317300796509,0.5385076999664307,1.2231825590133667,3.397984743118286,0.35608530044555664,4,2,2,1,2,1,0,0.0,0.2284112572669983,2,stale,0.0,6,167,87,CORRECT,0,0,0,0,0,0,0.0,0.0
margin,live-delta,9,0.0,0.307452,0.576036,0.087057,0.90625,0.435646,0.585646,0.11162027716636658,0.4376020133495331,0.3259817361831665,-0.0,1.0,1.0,1,2,2,1,2,1,0,0.0,0.21021851897239685,2,stale,0.0,6,168,71,CORRECT,0,0,0,0,0,0,0.0,0.0
margin,live-delta,9,0.0,0.307452,0.576036,0.087057,0.90625,0.435646,0.585646,0.02289295196533203,0.5277668237686157,0.5048738718032837,1.8192812204360962,6.167423725128174,0.2831593155860901,7,2,2,1,2,1,0,0.0,0.34557726979255676,2,stale,0.0,6,169,64,CORRECT,0,0,0,0,0,0,0.0,0.0
margin,live-delta,9,0.0,0.307452,0.576036,0.087057,0.90625,0.435646,0.585646,0.025896310806274414,0.6113731861114502,0.5854768753051758,2.4094645977020264,11.12800121307373,0.2212797850370407,15,2,2,1,2,1,0,0.0,0.3930767774581909,2,stale,0.0,6,170,89,CORRECT,0,0,0,0,0,0,0.0,0.0
margin,live-delta,9,0.0,0.307452,0.576036,0.087057,0.90625,0.435646,0.585646,0.1614026129245758,0.5188366174697876,0.3574340045452118,-0.0,1.0,1.0,1,2,2,1,2,1,0,0.0,0.3164824843406677,2,stale,0.0,6,171,71,CORRECT,0,0,0,0,0,0,0.0,0.0
margin,live-delta,9,0.0,0.307452,0.576036,0.087057,0.90625,0.435646,0.585646,0.019540131092071533,0.7261701822280884,0.7066300511360168,1.6797144412994385,5.3640241622924805,0.33954140543937683,11,2,2,1,2,1,0,0.0,0.5258231163024902,2,stale,0.0,6,174,84,CORRECT,0,0,0,0,0,0,0.0,0.0
margin,live-delta,9,0.0,0.307452,0.576036,0.087057,0.90625,0.435646,0.585646,0.008577108383178711,0.709463357925415,0.7008862495422363,1.9064513444900513,6.7291669845581055,0.3313214182853699,16,2,2,1,2,1,0,0.0,0.5632714629173279,2,stale,0.0,6,176,65,CORRECT,0,0,0,0,0,0,0.0,0.0
margin,live-delta,9,0.0,0.307452,0.576036,0.087057,0.90625,0.435646,0.585646,0.008091270923614502,0.5726185441017151,0.5645272731781006,1.9771630764007568,7.222225189208984,0.24702955782413483,10,2,2,1,2,1,0,0.0,0.35414767265319824,2,stale,0.0,6,177,74,CORRECT,0,0,0,0,0,0,0.0,0.0
margin,live-delta,9,0.0,0.307452,0.576036,0.087057,0.90625,0.435646,0.585646,0.07999742031097412,0.7938531041145325,0.7138556838035583,1.2379064559936523,3.4483866691589355,0.6334406733512878,13,2,2,1,2,1,0,0.0,0.6809784173965454,2,stale,0.0,6,178,90,CORRECT,0,0,0,0,0,0,0.0,0.0
margin,live-delta,9,0.0,0.307452,0.576036,0.087057,0.90625,0.435646,0.585646,0.01630270481109619,0.7674540281295776,0.7511513233184814,1.4755793809890747,4.373569011688232,0.43759945034980774,14,2,2,1,2,1,0,0.0,0.6261707544326782,2,stale,0.0,6,179,64,CORRECT,0,0,0,0,0,0,0.0,0.0
margin,live-delta,9,0.0,0.307452,0.576036,0.087057,0.90625,0.435646,0.585646,0.03030848503112793,0.8509020209312439,0.820593535900116,1.5743459463119507,4.827583312988281,0.4366735816001892,15,2,2,1,2,1,0,0.0,0.720429003238678,2,stale,0.0,6,180,90,CORRECT,0,0,0,0,0,0,0.0,0.0
margin,live-delta,9,0.0,0.307452,0.576036,0.087057,0.90625,0.435646,0.585646,0.007976055145263672,0.8307018280029297,0.822725772857666,1.6628973484039307,5.274570941925049,0.359467476606369,15,2,2,1,2,1,0,0.0,0.5800230503082275,2,stale,0.0,6,181,74,CORRECT,0,0,0,0,0,0,0.0,0.0
margin,live-delta,9,0.0,0.307452,0.576036,0.087057,0.90625,0.435646,0.585646,0.027524173259735107,0.5402094721794128,0.5126852989196777,1.5372391939163208,4.651730060577393,0.4188845455646515,6,2,2,1,2,1,0,0.0,0.4117984473705292,2,stale,0.0,6,183,82,CORRECT,0,0,0,0,0,0,0.0,0.0
margin,live-delta,9,0.0,0.307452,0.576036,0.087057,0.90625,0.435646,0.585646,0.06895595788955688,0.7991049289703369,0.73014897108078,1.415226936340332,4.117420673370361,0.5436865091323853,14,2,2,1,2,1,0,0.0,0.6681656241416931,2,stale,0.0,6,184,90,CORRECT,0,0,0,0,0,0,0.0,0.0
margin,live-delta,9,0.0,0.307452,0.576036,0.087057,0.90625,0.435646,0.585646,0.10802942514419556,0.49873656034469604,0.3907071352005005,-0.0,1.0,1.0,1,2,2,1,2,1,0,0.0,0.12086889147758484,2,stale,0.0,6,186,72,CORRECT,0,0,0,0,0,0,0.0,0.0
margin,live-delta,9,0.0,0.307452,0.576036,0.087057,0.90625,0.435646,0.585646,0.001587986946105957,0.5414755344390869,0.539887547492981,1.8765352964401245,6.5308380126953125,0.2714364528656006,8,2,2,1,2,1,0,0.0,0.32606571912765503,2,stale,0.0,6,187,89,CORRECT,0,0,0,0,0,0,0.0,0.0
margin,live-delta,9,0.0,0.307452,0.576036,0.087057,0.90625,0.435646,0.585646,0.009970366954803467,0.721244215965271,0.7112738490104675,1.576655626296997,4.838746070861816,0.36413174867630005,13,2,2,1,2,1,0,0.0,0.5688634514808655,2,stale,0.0,6,188,90,CORRECT,0,0,0,0,0,0,0.0,0.0
margin,live-delta,9,0.0,0.307452,0.576036,0.087057,0.90625,0.435646,0.585646,0.027580201625823975,0.8041415214538574,0.7765613198280334,1.76042902469635,5.814931392669678,0.33704644441604614,16,2,2,1,2,1,0,0.0,0.6601616740226746,2,stale,0.0,6,189,90,CORRECT,0,0,0,0,0,0,0.0,0.0
margin,live-delta,9,0.0,0.307452,0.576036,0.087057,0.90625,0.435646,0.585646,0.17678111791610718,0.6894976496696472,0.51271653175354,0.47343912720680237,1.605506181716919,0.9077004194259644,8,3,3,1,3,1,0,0.0,0.3187081813812256,2,stale,0.0,6,192,103,CORRECT,0,0,0,0,0,0,0.0,0.0
margin,live-delta,9,0.0,0.307452,0.576036,0.087057,0.90625,0.435646,0.585646,0.2501198649406433,0.8384618759155273,0.588342010974884,0.1394386738538742,1.1496282815933228,0.9789238572120667,10,3,3,1,3,1,0,0.0,0.5976263284683228,2,stale,0.0,6,193,110,CORRECT,0,0,0,0,0,0,0.0,0.0
margin,live-delta,9,0.0,0.307452,0.576036,0.087057,0.90625,0.435646,0.585646,0.12315046787261963,0.7314360737800598,0.6082856059074402,0.9182989597320557,2.505025625228882,0.7992357611656189,14,3,3,1,3,1,0,0.0,0.4771263003349304,2,stale,0.0,6,194,116,CORRECT,0,0,0,0,0,0,0.0,0.0
margin,live-delta,9,0.0,0.307452,0.576036,0.087057,0.90625,0.435646,0.585646,0.05098092555999756,0.6020346879959106,0.5510537624359131,1.50358247756958,4.497773170471191,0.5050755739212036,8,3,3,1,3,1,0,0.0,0.35551363229751587,2,stale,0.0,6,195,96,CORRECT,0,0,0,0,0,0,0.0,0.0
margin,live-delta,9,0.0,0.307452,0.576036,0.087057,0.90625,0.435646,0.585646,0.09636414051055908,0.6056495904922485,0.5092854499816895,1.8348982334136963,6.264496326446533,0.5220987200737,13,3,3,1,3,1,0,0.0,0.3226177990436554,2,stale,0.0,6,196,118,CORRECT,0,0,0,0,0,0,0.0,0.0
margin,live-delta,9,0.0,0.307452,0.576036,0.087057,0.90625,0.435646,0.585646,0.0004450678825378418,0.663228452205658,0.6627833843231201,1.07645583152771,2.9342615604400635,0.44480642676353455,5,3,3,1,3,1,0,0.0,0.43403884768486023,2,stale,0.0,6,198,115,CORRECT,0,0,0,0,0,0,0.0,0.0
margin,live-delta,9,0.0,0.307452,0.576036,0.087057,0.90625,0.435646,0.585646,0.04778146743774414,0.5894176363945007,0.5416361689567566,1.8433761596679688,6.3178324699401855,0.44889843463897705,11,3,3,1,3,1,0,0.0,0.35544294118881226,2,stale,0.0,6,199,103,CORRECT,0,0,0,0,0,0,0.0,0.0
margin,live-delta,9,0.0,0.307452,0.576036,0.087057,0.90625,0.435646,0.585646,0.016924381256103516,0.5788602828979492,0.5619359016418457,1.7651007175445557,5.842160701751709,0.31368282437324524,8,3,3,1,3,1,0,0.0,0.25708454847335815,2,stale,0.0,6,200,120,CORRECT,0,0,0,0,0,0,0.0,0.0
margin,live-delta,9,0.0,0.307452,0.576036,0.087057,0.90625,0.435646,0.585646,0.08788466453552246,0.7313388586044312,0.6434541940689087,1.0789686441421509,2.9416441917419434,0.715112566947937,10,3,3,1,3,1,0,0.0,0.5794543027877808,2,stale,0.0,6,201,102,CORRECT,0,0,0,0,0,0,0.0,0.0
margin,live-delta,9,0.0,0.307452,0.576036,0.087057,0.90625,0.435646,0.585646,0.08769881725311279,0.692467451095581,0.6047686338424683,0.7080432772636414,2.030015230178833,0.8021364808082581,7,3,3,1,3,1,0,0.0,0.48868000507354736,2,stale,0.0,6,202,114,CORRECT,0,0,0,0,0,0,0.0,0.0
margin,live-delta,9,0.0,0.307452,0.576036,0.087057,0.90625,0.435646,0.585646,0.03672116994857788,0.7536641359329224,0.7169429659843445,1.8459383249282837,6.33404016494751,0.3705034554004669,18,3,3,1,3,1,0,0.0,0.58802330493927,2,stale,0.0,6,203,102,CORRECT,0,0,0,0,0,0,0.0,0.0
margin,live-delta,9,0.0,0.307452,0.576036,0.087057,0.90625,0.435646,0.585646,0.01258617639541626,0.6234400272369385,0.6108538508415222,1.7369773387908936,5.680148124694824,0.30095231533050537,9,3,3,1,3,1,0,0.0,0.22805306315422058,2,stale,0.0,6,204,120,CORRECT,0,0,0,0,0,0,0.0,0.0
margin,live-delta,9,0.0,0.307452,0.576036,0.087057,0.90625,0.435646,0.585646,0.12952852249145508,0.8142807483673096,0.6847522258758545,0.7425389289855957,2.1012637615203857,0.834313154220581,14,3,3,1,3,1,0,0.0,0.6377133131027222,2,stale,0.0,6,206,102,CORRECT,0,0,0,0,0,0,0.0,0.0
margin,live-delta,9,0.0,0.307452,0.576036,0.087057,0.90625,0.435646,0.585646,0.010855257511138916,0.7418167591094971,0.7309615015983582,1.8666415214538574,6.4665422439575195,0.32895490527153015,18,3,3,1,3,1,0,0.0,0.564441978931427,2,stale,0.0,6,207,126,CORRECT,0,0,0,0,0,0,0.0,0.0
margin,live-delta,9,0.0,0.307452,0.576036,0.087057,0.90625,0.435646,0.585646,0.31014442443847656,0.938294529914856,0.6281501054763794,0.02285245805978775,1.023115634918213,0.9970260262489319,5,3,3,1,3,1,0,0.0,0.6507328748703003,2,stale,0.0,6,208,122,CORRECT,0,0,0,0,0,0,0.0,0.0
margin,live-delta,9,0.0,0.307452,0.576036,0.087057,0.90625,0.435646,0.585646,0.20055639743804932,0.6931475400924683,0.49259114265441895,0.30666035413742065,1.3588793277740479,0.9430729150772095,6,3,3,1,3,1,0,0.0,0.4239552617073059,2,stale,0.0,6,209,114,CORRECT,0,0,0,0,0,0,0.0,0.0
margin,live-delta,9,0.0,0.307452,0.576036,0.087057,0.90625,0.435646,0.585646,0.03714936971664429,0.8875680565834045,0.8504186868667603,1.68520987033844,5.393582820892334,0.43476977944374084,14,3,3,1,3,1,0,0.0,0.7825043797492981,2,stale,0.0,6,213,106,CORRECT,0,0,0,0,0,0,0.0,0.0
margin,live-delta,9,0.0,0.307452,0.576036,0.087057,0.90625,0.435646,0.585646,0.04747101664543152,0.44041067361831665,0.39293965697288513,-0.0,1.0,1.0,1,3,3,1,3,1,0,0.0,0.1263270378112793,2,stale,0.0,6,214,99,CORRECT,0,0,0,0,0,0,0.0,0.0
margin,live-delta,9,0.0,0.307452,0.576036,0.087057,0.90625,0.435646,0.585646,0.004091382026672363,0.8561554551124573,0.8520640730857849,1.9028913974761963,6.705254077911377,0.2543366253376007,19,3,3,1,3,1,0,0.0,0.6750622987747192,2,stale,0.0,6,215,111,CORRECT,0,0,0,0,0,0,0.0,0.0
margin,live-delta,9,0.0,0.307452,0.576036,0.087057,0.90625,0.435646,0.585646,0.02332526445388794,0.8350045084953308,0.8116792440414429,1.7439404726028442,5.7198381423950195,0.3435610234737396,19,3,3,1,3,1,0,0.0,0.7101004123687744,2,stale,0.0,6,216,127,CORRECT,0,0,0,0,0,0,0.0,0.0
margin,live-delta,9,0.0,0.307452,0.576036,0.087057,0.90625,0.435646,0.585646,0.025778532028198242,0.78267902135849,0.7569004893302917,2.0279715061187744,7.59865665435791,0.31865406036376953,16,3,3,1,3,1,0,0.0,0.6660486459732056,2,stale,0.0,6,217,127,CORRECT,0,0,0,0,0,0,0.0,0.0
margin,live-delta,9,0.0,0.307452,0.576036,0.087057,0.90625,0.435646,0.585646,0.010915875434875488,0.8731348514556885,0.862218976020813,1.7339363098144531,5.662900924682617,0.30737748742103577,14,3,3,1,3,1,0,0.0,0.7605646848678589,2,stale,0.0,6,218,125,CORRECT,0,0,0,0,0,0,0.0,0.0
margin,live-delta,9,0.0,0.307452,0.576036,0.087057,0.90625,0.435646,0.585646,0.07246661186218262,0.8534470200538635,0.7809804081916809,1.5839303731918335,4.874074935913086,0.5345094799995422,18,3,3,1,3,1,0,0.0,0.5936151146888733,2,stale,0.0,6,219,105,CORRECT,0,0,0,0,0,0,0.0,0.0
margin,live-delta,9,0.0,0.307452,0.576036,0.087057,0.90625,0.435646,0.585646,0.07581859827041626,0.6874869465827942,0.6116683483123779,0.8400726318359375,2.316535234451294,0.733408510684967,5,3,3,1,3,1,0,0.0,0.29558390378952026,2,stale,0.0,6,220,122,CORRECT,0,0,0,0,0,0,0.0,0.0
margin,live-delta,9,0.0,0.307452,0.576036,0.087057,0.90625,0.435646,0.585646,0.001756131649017334,0.8375440835952759,0.8357879519462585,1.9987648725509644,7.379935264587402,0.18298465013504028,15,3,3,1,3,1,0,0.0,0.7359657883644104,2,stale,0.0,6,221,106,CORRECT,0,0,0,0,0,0,0.0,0.0
margin,live-delta,9,0.0,0.307452,0.576036,0.087057,0.90625,0.435646,0.585646,0.012435197830200195,0.5919559001922607,0.5795207023620605,1.3577362298965454,3.887383222579956,0.34205836057662964,4,3,3,1,3,1,0,0.0,0.3724329471588135,2,stale,0.0,6,222,122,CORRECT,0,0,0,0,0,0,0.0,0.0
margin,live-delta,9,0.0,0.307452,0.576036,0.087057,0.90625,0.435646,0.585646,0.1421467661857605,0.74917072057724,0.6070239543914795,0.6260339021682739,1.870178461074829,0.8609501123428345,9,3,3,1,3,1,0,0.0,0.6529428362846375,2,stale,0.0,6,223,98,CORRECT,0,0,0,0,0,0,0.0,0.0
margin,live-delta,9,0.0,0.307452,0.576036,0.087057,0.90625,0.435646,0.585646,0.21937918663024902,0.8214820027351379,0.6021028161048889,0.1657801866531372,1.1803135871887207,0.9737919569015503,10,3,3,1,3,1,0,0.0,0.6802964210510254,2,stale,0.0,6,224,110,CORRECT,0,0,0,0,0,0,0.0,0.0
margin,live-delta,9,0.0,0.307452,0.576036,0.087057,0.90625,0.435646,0.585646,0.017391085624694824,0.8623713254928589,0.8449802398681641,1.733701229095459,5.661570072174072,0.32183754444122314,14,3,3,1,3,1,0,0.0,0.7513468265533447,2,stale,0.0,6,225,105,CORRECT,0,0,0,0,0,0,0.0,0.0
margin,live-delta,9,0.0,0.307452,0.576036,0.087057,0.90625,0.435646,0.585646,0.14155244827270508,0.7440454959869385,0.6024930477142334,0.5376218557357788,1.711930751800537,0.8759621977806091,6,3,3,1,3,1,0,0.0,0.6083049774169922,2,stale,0.0,6,226,96,CORRECT,0,0,0,0,0,0,0.0,0.0
margin,live-delta,9,0.0,0.307452,0.576036,0.087057,0.90625,0.435646,0.585646,0.009824693202972412,0.8616310954093933,0.8518064022064209,1.375694751739502,3.9578254222869873,0.40715694427490234,16,3,3,1,3,1,0,0.0,0.7183105945587158,2,stale,0.0,6,227,97,CORRECT,0,0,0,0,0,0,0.0,0.0
margin,live-delta,9,0.0,0.307452,0.576036,0.087057,0.90625,0.435646,0.585646,0.1868841052055359,0.7295669317245483,0.5426828265190125,0.11045202612876892,1.116782784461975,0.9767444729804993,2,3,3,1,3,1,0,0.0,0.6021155714988708,2,stale,0.0,6,228,110,CORRECT,0,0,0,0,0,0,0.0,0.0
margin,live-delta,9,0.0,0.307452,0.576036,0.087057,0.90625,0.435646,0.585646,0.020042985677719116,0.5192570686340332,0.4992140829563141,2.1905879974365234,8.940468788146973,0.20158813893795013,10,3,3,1,3,1,0,0.0,0.1971248984336853,2,stale,0.0,6,229,119,CORRECT,0,0,0,0,0,0,0.0,0.0
margin,live-delta,9,0.0,0.307452,0.576036,0.087057,0.90625,0.435646,0.585646,0.0030614137649536133,0.7558149099349976,0.752753496170044,2.0031323432922363,7.412237167358398,0.24354742467403412,20,3,3,1,3,1,0,0.0,0.5923832058906555,2,stale,0.0,6,230,102,CORRECT,0,0,0,0,0,0,0.0,0.0
margin,live-delta,9,0.0,0.307452,0.576036,0.087057,0.90625,0.435646,0.585646,0.02777397632598877,0.8631192445755005,0.8353452682495117,1.8201956748962402,6.173066139221191,0.34694555401802063,20,3,3,1,3,1,0,0.0,0.69650799036026,2,stale,0.0,6,231,125,CORRECT,0,0,0,0,0,0,0.0,0.0
margin,live-delta,9,0.0,0.307452,0.576036,0.087057,0.90625,0.435646,0.585646,0.0031142234802246094,0.6046508550643921,0.6015366315841675,1.7892647981643677,5.985050678253174,0.25024914741516113,7,3,3,1,3,1,0,0.0,0.3869871497154236,2,stale,0.0,6,232,115,CORRECT,0,0,0,0,0,0,0.0,0.0
margin,live-delta,9,0.0,0.307452,0.576036,0.087057,0.90625,0.435646,0.585646,0.01851475238800049,0.7026830911636353,0.6841683387756348,2.361668825149536,10.608640670776367,0.2037879079580307,19,3,3,1,3,1,0,0.0,0.5461775064468384,2,stale,0.0,6,233,127,CORRECT,0,0,0,0,0,0,0.0,0.0
margin,live-delta,9,0.0,0.307452,0.576036,0.087057,0.90625,0.435646,0.585646,0.01128321886062622,0.4718627333641052,0.460579514503479,1.084593415260315,2.9582369327545166,0.40609198808670044,3,3,3,1,3,1,0,0.0,0.09976586699485779,2,stale,0.0,6,234,99,CORRECT,0,0,0,0,0,0,0.0,0.0
margin,live-delta,9,0.0,0.307452,0.576036,0.087057,0.90625,0.435646,0.585646,0.027986109256744385,0.8835732936859131,0.8555871844291687,1.5740151405334473,4.825986385345459,0.425830215215683,20,3,3,1,3,1,0,0.0,0.7006120085716248,2,stale,0.0,6,235,125,CORRECT,0,0,0,0,0,0,0.0,0.0
margin,live-delta,9,0.0,0.307452,0.576036,0.087057,0.90625,0.435646,0.585646,0.015972495079040527,0.809628963470459,0.7936564683914185,1.6003843545913696,4.954936504364014,0.3598078489303589,15,3,3,1,3,1,0,0.0,0.6345729827880859,2,stale,0.0,6,236,112,CORRECT,0,0,0,0,0,0,0.0,0.0
margin,live-delta,9,0.0,0.307452,0.576036,0.087057,0.90625,0.435646,0.585646,0.18761926889419556,0.7911852598190308,0.6035659909248352,0.3235512375831604,1.3820269107818604,0.9434810280799866,11,3,3,1,3,1,0,0.0,0.5610560178756714,2,stale,0.0,6,237,110,CORRECT,0,0,0,0,0,0,0.0,0.0
margin,live-delta,9,0.0,0.307452,0.576036,0.087057,0.90625,0.435646,0.585646,0.0336647629737854,0.8508002758026123,0.8171355128288269,1.757811427116394,5.79973030090332,0.38440510630607605,16,3,3,1,3,1,0,0.0,0.6989814043045044,2,stale,0.0,6,238,105,CORRECT,0,0,0,0,0,0,0.0,0.0
margin,live-delta,9,0.0,0.307452,0.576036,0.087057,0.90625,0.435646,0.585646,0.1614556908607483,0.7561558485031128,0.5947001576423645,0.2879655063152313,1.3337112665176392,0.9418786764144897,6,3,3,1,3,1,0,0.0,0.6322998404502869,2,stale,0.0,6,239,110,CORRECT,0,0,0,0,0,0,0.0,0.0
margin,live-delta,9,0.0,0.307452,0.576036,0.087057,0.90625,0.435646,0.585646,0.006048679351806641,0.6312018632888794,0.6251531839370728,1.8927648067474365,6.6376953125,0.3252505362033844,12,3,3,1,3,1,0,0.0,0.45505237579345703,2,stale,0.0,6,240,113,CORRECT,0,0,0,0,0,0,0.0,0.0
margin,live-delta,9,0.0,0.307452,0.576036,0.087057,0.90625,0.435646,0.585646,0.004112362861633301,0.7422609329223633,0.73814857006073,2.0287718772888184,7.604741096496582,0.22581516206264496,14,3,3,1,3,1,0,0.0,0.597240686416626,2,stale,0.0,6,241,101,CORRECT,0,0,0,0,0,0,0.0,0.0
margin,live-delta,9,0.0,0.307452,0.576036,0.087057,0.90625,0.435646,0.585646,0.004317045211791992,0.8364173769950867,0.8321003317832947,2.0376803874969482,7.67279052734375,0.2215002477169037,16,3,3,1,3,1,0,0.0,0.7108869552612305,2,stale,0.0,6,242,125,CORRECT,0,0,0,0,0,0,0.0,0.0
margin,live-delta,9,0.0,0.307452,0.576036,0.087057,0.90625,0.435646,0.585646,0.04702085256576538,0.45911580324172974,0.41209495067596436,-0.0,1.0,1.0,1,3,3,1,3,1,0,0.0,0.22644346952438354,2,stale,0.0,6,243,118,CORRECT,0,0,0,0,0,0,0.0,0.0
margin,live-delta,9,0.0,0.307452,0.576036,0.087057,0.90625,0.435646,0.585646,0.10091966390609741,0.7671535611152649,0.6662338972091675,1.0941299200057983,2.9865829944610596,0.7027468085289001,11,3,3,1,3,1,0,0.0,0.48336267471313477,2,stale,0.0,6,244,120,CORRECT,0,0,0,0,0,0,0.0,0.0
margin,live-delta,9,0.0,0.307452,0.576036,0.087057,0.90625,0.435646,0.585646,0.03122866153717041,0.8901559114456177,0.8589272499084473,1.1894530057907104,3.2852835655212402,0.5377647280693054,12,3,3,1,3,1,0,0.0,0.7685378789901733,2,stale,0.0,6,245,97,CORRECT,0,0,0,0,0,0,0.0,0.0
margin,live-delta,9,0.0,0.307452,0.576036,0.087057,0.90625,0.435646,0.585646,0.48767468333244324,0.8059310913085938,0.3182564079761505,-0.0,1.0,1.0,1,3,3,1,3,1,0,0.0,0.6626580953598022,2,stale,0.0,6,246,100,CORRECT,0,0,0,0,0,0,0.0,0.0
margin,live-delta,9,0.0,0.307452,0.576036,0.087057,0.90625,0.435646,0.585646,0.002940237522125244,0.5670374035835266,0.5640971660614014,2.0104658603668213,7.466794967651367,0.254397988319397,11,3,3,1,3,1,0,0.0,0.4298700988292694,2,stale,0.0,6,248,101,CORRECT,0,0,0,0,0,0,0.0,0.0
margin,live-delta,9,0.0,0.307452,0.576036,0.087057,0.90625,0.435646,0.585646,0.01873636245727539,0.6796143651008606,0.6608780026435852,1.9384647607803345,6.948075771331787,0.3005490303039551,11,3,3,1,3,1,0,0.0,0.5658657550811768,2,stale,0.0,6,249,105,CORRECT,0,0,0,0,0,0,0.0,0.0
margin,live-delta,9,0.0,0.307452,0.576036,0.087057,0.90625,0.435646,0.585646,0.05136531591415405,0.7388730645179749,0.6875077486038208,1.425929069519043,4.161722660064697,0.5627182126045227,18,3,3,1,3,1,0,0.0,0.5477907657623291,2,stale,0.0,6,250,114,CORRECT,0,0,0,0,0,0,0.0,0.0
margin,live-delta,9,0.0,0.307452,0.576036,0.087057,0.90625,0.435646,0.585646,0.13544273376464844,0.6935679912567139,0.5581252574920654,0.6279581189155579,1.873780608177185,0.8659800291061401,9,3,3,1,3,1,0,0.0,0.42063069343566895,2,stale,0.0,6,251,120,CORRECT,0,0,0,0,0,0,0.0,0.0
margin,live-delta,9,0.0,0.307452,0.576036,0.087057,0.90625,0.435646,0.585646,0.04568326473236084,0.8082558512687683,0.7625725865364075,1.9747440814971924,7.204775810241699,0.4014061391353607,20,3,3,1,3,1,0,0.0,0.6864441633224487,2,stale,0.0,6,252,127,CORRECT,0,0,0,0,0,0,0.0,0.0
margin,live-delta,9,0.0,0.307452,0.576036,0.087057,0.90625,0.435646,0.585646,0.06185990571975708,0.7299630641937256,0.6681031584739685,1.820629358291626,6.17574405670166,0.4872158169746399,19,3,3,1,3,1,0,0.0,0.5752080678939819,2,stale,0.0,6,253,114,CORRECT,0,0,0,0,0,0,0.0,0.0
margin,live-delta,9,0.0,0.307452,0.576036,0.087057,0.90625,0.435646,0.585646,0.05214470624923706,0.5976381301879883,0.5454934239387512,1.4761476516723633,4.3760552406311035,0.5325257778167725,8,3,3,1,3,1,0,0.0,0.4311729371547699,2,stale,0.0,6,254,102,CORRECT,0,0,0,0,0,0,0.0,0.0
margin,live-delta,9,0.0,0.307452,0.576036,0.087057,0.90625,0.435646,0.585646,0.009095430374145508,0.6186673641204834,0.6095719337463379,2.359302282333374,10.583564758300781,0.20847776532173157,18,3,3,1,3,1,0,0.0,0.25513458251953125,2,stale,0.0,6,255,117,CORRECT,0,0,0,0,0,0,0.0,0.0
margin,live-delta,10,0.0,0.307452,0.576036,0.06451,0.902344,0.474404,0.624404,0.0,0.5616472959518433,0.5616472959518433,1.791759729385376,6.000001430511475,0.1666666716337204,6,3,3,1,3,1,1,0.1666666716337204,0.0,0,stale,0.0,6,0,231,CORRECT,0,0,0,0,0,1,0.0,0.166667
margin,live-delta,10,0.0,0.307452,0.576036,0.06451,0.902344,0.474404,0.624404,0.0,0.490217924118042,0.490217924118042,1.791759729385376,6.000001430511475,0.1666666716337204,6,3,3,1,3,1,1,0.1666666716337204,0.0,0,stale,0.0,6,2,209,CORRECT,0,0,0,0,0,1,0.0,0.166667
margin,live-delta,10,0.0,0.307452,0.576036,0.06451,0.902344,0.474404,0.624404,0.0393713116645813,0.49600115418434143,0.45662984251976013,-0.0,1.0,1.0,1,3,1,0,1,0,1,1.0,-0.0393713116645813,0,stale,0.0,6,4,43,BLENDED,0,0,0,0,0,0,0.0,0.0
margin,live-delta,10,0.0,0.307452,0.576036,0.06451,0.902344,0.474404,0.624404,0.0,0.5367840528488159,0.5367840528488159,2.5615620613098145,12.956039428710938,0.1110076904296875,15,3,0,0,3,1,1,0.2704615890979767,0.0,0,stale,0.0,6,6,24,CORRECT,0,0,0,0,0,2,0.0,0.145908
margin,live-delta,10,0.0,0.307452,0.576036,0.06451,0.902344,0.474404,0.624404,0.0,0.6366702318191528,0.6366702318191528,1.8255541324615479,6.206233024597168,0.16524802148342133,7,3,0,0,3,1,1,0.17375996708869934,0.0,0,stale,0.0,6,10,24,CORRECT,0,0,0,0,0,1,0.0,0.165248
margin,live-delta,10,0.0,0.307452,0.576036,0.06451,0.902344,0.474404,0.624404,0.09863480925559998,0.5681047439575195,0.46946993470191956,-0.0,1.0,1.0,1,3,1,0,1,0,1,1.0,-0.22248363494873047,0,stale,0.0,6,14,35,BLENDED,0,0,0,0,0,0,0.0,0.0
margin,live-delta,10,0.0,0.307452,0.576036,0.06451,0.902344,0.474404,0.624404,0.0,0.5011003613471985,0.5011003613471985,1.9399304389953613,6.958266735076904,0.14898645877838135,7,3,3,1,3,1,1,0.25506770610809326,0.0,0,stale,0.0,6,16,152,CORRECT,0,0,0,0,0,1,0.0,0.148986
margin,live-delta,10,0.0,0.307452,0.576036,0.06451,0.902344,0.474404,0.624404,0.0,0.697227954864502,0.697227954864502,1.791759729385376,6.000001430511475,0.1666666716337204,6,3,3,1,3,1,1,0.1666666716337204,0.0,0,stale,0.0,6,20,209,CORRECT,0,0,0,0,0,1,0.0,0.166667
margin,live-delta,10,0.0,0.307452,0.576036,0.06451,0.902344,0.474404,0.624404,0.0,0.5750564336776733,0.5750564336776733,2.250481605529785,9.49230670928955,0.13803404569625854,12,3,0,0,3,1,1,0.1666666567325592,0.0,0,stale,0.0,6,24,17,CORRECT,0,0,0,0,0,2,0.0,0.166667
margin,live-delta,10,0.0,0.307452,0.576036,0.06451,0.902344,0.474404,0.624404,0.0,0.5200752019882202,0.5200752019882202,1.791759729385376,6.000001430511475,0.1666666716337204,6,3,3,1,3,1,1,0.1666666716337204,0.0,0,stale,0.0,6,30,241,CORRECT,0,0,0,0,0,1,0.0,0.166667
margin,live-delta,10,0.0,0.307452,0.576036,0.06451,0.902344,0.474404,0.624404,0.0,0.7049044370651245,0.7049044370651245,1.791759729385376,6.000001430511475,0.1666666716337204,6,3,3,1,3,1,1,0.1666666716337204,0.0,0,stale,0.0,6,32,258,CORRECT,0,0,0,0,0,1,0.0,0.166667
margin,live-delta,10,0.0,0.307452,0.576036,0.06451,0.902344,0.474404,0.624404,0.0,0.5084764957427979,0.5084764957427979,1.791759729385376,6.000001430511475,0.1666666716337204,6,3,3,1,3,1,1,0.1666666716337204,0.0,0,stale,0.0,6,35,226,CORRECT,0,0,0,0,0,1,0.0,0.166667
margin,live-delta,10,0.0,0.307452,0.576036,0.06451,0.902344,0.474404,0.624404,0.07707512378692627,0.5940665006637573,0.516991376876831,1.6927778720855713,5.434556007385254,0.4377601146697998,7,3,1,0,3,1,1,0.5314667820930481,-0.07707512378692627,0,stale,0.0,6,37,54,CORRECT,0,0,0,0,0,1,0.0,0.093707
margin,live-delta,10,0.0,0.307452,0.576036,0.06451,0.902344,0.474404,0.624404,0.014270961284637451,0.5052318572998047,0.49096089601516724,2.5581934452056885,12.912468910217285,0.10522329062223434,13,3,1,0,3,1,1,0.25435274839401245,-0.014270961284637451,0,stale,0.0,6,38,38,CORRECT,0,0,0,0,0,2,0.0,0.149129
margin,live-delta,10,0.0,0.307452,0.576036,0.06451,0.902344,0.474404,0.624404,0.15382620692253113,0.6251209378242493,0.47129473090171814,-0.0,1.0,1.0,1,3,1,0,1,0,1,1.0,-0.15382620692253113,0,stale,0.0,6,46,61,BLENDED,0,0,0,0,0,0,0.0,0.0
margin,live-delta,10,0.0,0.307452,0.576036,0.06451,0.902344,0.474404,0.624404,0.0,0.5020971894264221,0.5020971894264221,2.467620849609375,11.794352531433105,0.09878305345773697,12,3,3,1,3,1,1,0.1666666567325592,0.0,0,stale,0.0,6,47,277,CORRECT,0,0,0,0,0,2,0.0,0.166667
margin,live-delta,10,0.0,0.307452,0.576036,0.06451,0.902344,0.474404,0.624404,0.11248421669006348,0.5731854438781738,0.46070122718811035,-0.0,1.0,1.0,1,3,1,0,1,0,1,1.0,-0.11248421669006348,0,stale,0.0,6,49,52,BLENDED,0,0,0,0,0,0,0.0,0.0
margin,live-delta,10,0.0,0.307452,0.576036,0.06451,0.902344,0.474404,0.624404,0.0,0.6028329133987427,0.6028329133987427,1.791759729385376,6.000001430511475,0.1666666716337204,6,3,3,1,3,1,1,0.1666666716337204,0.0,0,stale,0.0,6,54,130,CORRECT,0,0,0,0,0,1,0.0,0.166667
margin,live-delta,10,0.0,0.307452,0.576036,0.06451,0.902344,0.474404,0.624404,0.0,0.5061884522438049,0.5061884522438049,1.791759729385376,6.000001430511475,0.1666666716337204,6,3,3,1,3,1,1,0.1666666716337204,0.0,0,stale,0.0,6,56,209,CORRECT,0,0,0,0,0,1,0.0,0.166667
margin,live-delta,10,0.0,0.307452,0.576036,0.06451,0.902344,0.474404,0.624404,0.04630228877067566,0.5316430330276489,0.48534074425697327,0.5964396595954895,1.8156429529190063,0.7162722945213318,2,3,1,0,1,0,1,1.0,-0.20962217450141907,0,stale,0.0,6,57,36,BLENDED,0,0,0,0,0,0,0.0,0.0
margin,live-delta,10,0.0,0.307452,0.576036,0.06451,0.902344,0.474404,0.624404,0.0,0.5414921045303345,0.5414921045303345,2.46197509765625,11.72795295715332,0.10111125558614731,12,3,3,1,3,1,1,0.1666666567325592,0.0,0,stale,0.0,6,58,184,CORRECT,0,0,0,0,0,2,0.0,0.166667
margin,live-delta,10,0.0,0.307452,0.576036,0.06451,0.902344,0.474404,0.624404,0.0,0.5292019248008728,0.5292019248008728,2.4591012001037598,11.694295883178711,0.11428454518318176,13,3,3,1,3,1,1,0.2186243236064911,0.0,0,stale,0.0,6,62,145,CORRECT,0,0,0,0,0,2,0.0,0.156275
margin,live-delta,10,0.0,0.307452,0.576036,0.06451,0.902344,0.474404,0.624404,0.0,0.5652796030044556,0.5652796030044556,1.791759729385376,6.000001430511475,0.1666666716337204,6,3,3,1,3,1,1,0.1666666716337204,0.0,0,stale,0.0,6,63,145,CORRECT,0,0,0,0,0,1,0.0,0.166667
margin,live-delta,10,0.0,0.307452,0.576036,0.06451,0.902344,0.474404,0.624404,0.04837492108345032,0.5429256558418274,0.4945507347583771,1.469759464263916,4.348189353942871,0.42795228958129883,5,1,1,1,1,1,0,0.0,0.22257667779922485,2,stale,0.0,6,64,49,CORRECT,0,0,0,0,0,0,0.0,0.0
margin,live-delta,10,0.0,0.307452,0.576036,0.06451,0.902344,0.474404,0.624404,0.0578310489654541,0.6803346872329712,0.6225036382675171,1.6173114776611328,5.039523124694824,0.5104309916496277,10,1,1,1,1,1,0,0.0,0.2098725438117981,2,stale,0.0,6,65,49,CORRECT,0,0,0,0,0,0,0.0,0.0
margin,live-delta,10,0.0,0.307452,0.576036,0.06451,0.902344,0.474404,0.624404,0.05244162678718567,0.4750416576862335,0.42260003089904785,-0.0,1.0,1.0,1,1,1,1,1,1,0,0.0,0.14321783185005188,2,stale,0.0,6,67,37,CORRECT,0,0,0,0,0,0,0.0,0.0
margin,live-delta,10,0.0,0.307452,0.576036,0.06451,0.902344,0.474404,0.624404,0.012731552124023438,0.6514356136322021,0.6387040615081787,1.4065643548965454,4.081907272338867,0.35801973938941956,7,1,1,1,1,1,0,0.0,0.33663100004196167,2,stale,0.0,6,68,55,CORRECT,0,0,0,0,0,0,0.0,0.0
margin,live-delta,10,0.0,0.307452,0.576036,0.06451,0.902344,0.474404,0.624404,0.09354734420776367,0.6738750338554382,0.5803276896476746,0.6822100281715393,1.9782449007034302,0.8013547658920288,4,1,1,1,1,1,0,0.0,0.22821015119552612,2,stale,0.0,6,69,41,CORRECT,0,0,0,0,0,0,0.0,0.0
margin,live-delta,10,0.0,0.307452,0.576036,0.06451,0.902344,0.474404,0.624404,0.0,0.6308947801589966,0.6308947801589966,2.330186367034912,10.279857635498047,0.12653735280036926,15,1,3,0,3,0,1,0.8246007561683655,-0.014739274978637695,0,stale,0.0,6,71,184,STALE_LENIENT,0,0,0,1,0,2,0.0,0.137433
margin,live-delta,10,0.0,0.307452,0.576036,0.06451,0.902344,0.474404,0.624404,0.024614989757537842,0.7187014818191528,0.694086492061615,1.5728622674942017,4.820425987243652,0.4919094145298004,16,1,1,1,1,1,1,0.1830996572971344,0.15931344032287598,2,stale,0.0,6,72,51,CORRECT,0,0,0,0,0,2,0.0,0.030517
margin,live-delta,10,0.0,0.307452,0.576036,0.06451,0.902344,0.474404,0.624404,0.05615776777267456,0.6409323215484619,0.5847745537757874,1.6506474018096924,5.210351943969727,0.4363330602645874,7,1,1,1,1,1,0,0.0,0.18032974004745483,2,stale,0.0,6,73,41,CORRECT,0,0,0,0,0,0,0.0,0.0
margin,live-delta,10,0.0,0.307452,0.576036,0.06451,0.902344,0.474404,0.624404,0.1365673840045929,0.5914551615715027,0.4548877775669098,-0.0,1.0,1.0,1,1,1,1,1,1,0,0.0,0.15459886193275452,2,stale,0.0,6,74,34,CORRECT,0,0,0,0,0,0,0.0,0.0
margin,live-delta,10,0.0,0.307452,0.576036,0.06451,0.902344,0.474404,0.624404,0.09804320335388184,0.6537769436836243,0.5557337403297424,1.53248929977417,4.629687309265137,0.5951505303382874,10,1,1,1,1,1,0,0.0,0.2970042824745178,2,stale,0.0,6,75,49,CORRECT,0,0,0,0,0,0,0.0,0.0
margin,live-delta,10,0.0,0.307452,0.576036,0.06451,0.902344,0.474404,0.624404,0.07732564210891724,0.6243658065795898,0.5470401644706726,0.9453771114349365,2.5737838745117188,0.6812949776649475,4,1,1,1,1,1,0,0.0,0.2234358787536621,2,stale,0.0,6,76,58,CORRECT,0,0,0,0,0,0,0.0,0.0
margin,live-delta,10,0.0,0.307452,0.576036,0.06451,0.902344,0.474404,0.624404,0.21782022714614868,0.5824568271636963,0.3646366000175476,-0.0,1.0,1.0,1,1,1,1,1,1,0,0.0,0.24440926313400269,2,stale,0.0,6,78,37,CORRECT,0,0,0,0,0,0,0.0,0.0
margin,live-delta,10,0.0,0.307452,0.576036,0.06451,0.902344,0.474404,0.624404,0.00254899263381958,0.5849636793136597,0.5824146866798401,1.7962636947631836,6.02708625793457,0.23404118418693542,7,1,1,1,1,1,0,0.0,0.15678945183753967,2,stale,0.0,6,79,48,CORRECT,0,0,0,0,0,0,0.0,0.0
margin,live-delta,10,0.0,0.307452,0.576036,0.06451,0.902344,0.474404,0.624404,0.002153635025024414,0.5883429050445557,0.5861892700195312,2.1483139991760254,8.570396423339844,0.22449921071529388,11,1,1,1,1,1,0,0.0,0.21522527933120728,2,stale,0.0,6,80,48,CORRECT,0,0,0,0,0,0,0.0,0.0
margin,live-delta,10,0.0,0.307452,0.576036,0.06451,0.902344,0.474404,0.624404,0.1268346905708313,0.623031497001648,0.49619680643081665,0.26215726137161255,1.299730896949768,0.9266745448112488,2,1,1,1,1,1,0,0.0,0.1863071322441101,2,stale,0.0,6,81,49,CORRECT,0,0,0,0,0,0,0.0,0.0
margin,live-delta,10,0.0,0.307452,0.576036,0.06451,0.902344,0.474404,0.624404,0.13681191205978394,0.6299456357955933,0.4931337237358093,1.3257043361663818,3.764836072921753,0.6675212383270264,9,1,1,1,1,1,1,0.2595873177051544,0.13681191205978394,2,stale,0.0,6,83,38,CORRECT,0,0,0,0,0,1,0.0,0.043265
margin,live-delta,10,0.0,0.307452,0.576036,0.06451,0.902344,0.474404,0.624404,0.032746851444244385,0.5804134607315063,0.547666609287262,1.5098754167556763,4.526166915893555,0.43827205896377563,6,1,1,1,1,1,0,0.0,0.35087868571281433,2,stale,0.0,6,84,44,CORRECT,0,0,0,0,0,0,0.0,0.0
margin,live-delta,10,0.0,0.307452,0.576036,0.06451,0.902344,0.474404,0.624404,0.024288594722747803,0.7276468276977539,0.7033582329750061,1.8191789388656616,6.166792869567871,0.3517821729183197,12,1,1,1,1,1,0,0.0,0.3990701138973236,2,stale,0.0,6,85,48,CORRECT,0,0,0,0,0,0,0.0,0.0
margin,live-delta,10,0.0,0.307452,0.576036,0.06451,0.902344,0.474404,0.624404,0.027054309844970703,0.5935630798339844,0.5665087699890137,1.962965965270996,7.120414733886719,0.3084195852279663,9,1,1,1,1,1,0,0.0,0.2693227529525757,2,stale,0.0,6,86,43,CORRECT,0,0,0,0,0,0,0.0,0.0
margin,live-delta,10,0.0,0.307452,0.576036,0.06451,0.902344,0.474404,0.624404,0.08866894245147705,0.6758197546005249,0.5871508121490479,0.6348845958709717,1.8868043422698975,0.7965679168701172,3,1,1,1,1,1,0,0.0,0.3579227328300476,2,stale,0.0,6,88,45,CORRECT,0,0,0,0,0,0,0.0,0.0
margin,live-delta,10,0.0,0.307452,0.576036,0.06451,0.902344,0.474404,0.624404,0.0,0.7672025561332703,0.7672025561332703,2.5306241512298584,12.561344146728516,0.10217739641666412,16,1,3,0,3,0,1,0.9708539247512817,-0.07573270797729492,0,stale,0.0,6,89,287,STALE_LENIENT,0,0,0,1,0,2,0.0,0.161809
margin,live-delta,10,0.0,0.307452,0.576036,0.06451,0.902344,0.474404,0.624404,0.34611284732818604,0.9362046718597412,0.5900918245315552,0.011973169632256031,1.01204514503479,0.9985679388046265,4,1,1,1,1,1,0,0.0,0.5132040977478027,2,stale,0.0,6,90,38,CORRECT,0,0,0,0,0,0,0.0,0.0
margin,live-delta,10,0.0,0.307452,0.576036,0.06451,0.902344,0.474404,0.624404,0.07226181030273438,0.5792669057846069,0.5070050954818726,1.0115262269973755,2.7497947216033936,0.6557454466819763,4,1,1,1,1,1,0,0.0,0.20020031929016113,2,stale,0.0,6,91,54,CORRECT,0,0,0,0,0,0,0.0,0.0
margin,live-delta,10,0.0,0.307452,0.576036,0.06451,0.902344,0.474404,0.624404,0.10733836889266968,0.764479398727417,0.6571410298347473,0.8705149292945862,2.3881402015686035,0.7725843191146851,8,1,1,1,1,1,0,0.0,0.5251755714416504,2,stale,0.0,6,93,35,CORRECT,0,0,0,0,0,0,0.0,0.0
margin,live-delta,10,0.0,0.307452,0.576036,0.06451,0.902344,0.474404,0.624404,0.01648041605949402,0.5139942765235901,0.49751386046409607,0.6797492504119873,1.973382830619812,0.581663966178894,2,1,1,1,1,1,0,0.0,0.10119685530662537,2,stale,0.0,6,94,51,CORRECT,0,0,0,0,0,0,0.0,0.0
margin,live-delta,10,0.0,0.307452,0.576036,0.06451,0.902344,0.474404,0.624404,0.01819002628326416,0.6271648406982422,0.608974814414978,1.4493168592453003,4.2602033615112305,0.3563571870326996,5,1,1,1,1,1,0,0.0,0.16906660795211792,2,stale,0.0,6,95,58,CORRECT,0,0,0,0,0,0,0.0,0.0
margin,live-delta,10,0.0,0.307452,0.576036,0.06451,0.902344,0.474404,0.624404,0.11423242092132568,0.8080053329467773,0.6937729120254517,0.7968526482582092,2.2185473442077637,0.8155032992362976,12,1,1,1,1,1,0,0.0,0.5019088387489319,2,stale,0.0,6,96,35,CORRECT,0,0,0,0,0,0,0.0,0.0
margin,live-delta,10,0.0,0.307452,0.576036,0.06451,0.902344,0.474404,0.624404,0.010035574436187744,0.6971126794815063,0.6870771050453186,1.7189857959747314,5.578867435455322,0.29614266753196716,13,1,1,1,1,1,0,0.0,0.3806838095188141,2,stale,0.0,6,98,44,CORRECT,0,0,0,0,0,0,0.0,0.0
margin,live-delta,10,0.0,0.307452,0.576036,0.06451,0.902344,0.474404,0.624404,0.018743813037872314,0.5285130739212036,0.5097692608833313,0.675884485244751,1.965770959854126,0.5926367044448853,2,1,1,1,1,1,0,0.0,0.2197067141532898,2,stale,0.0,6,99,36,CORRECT,0,0,0,0,0,0,0.0,0.0
margin,live-delta,10,0.0,0.307452,0.576036,0.06451,0.902344,0.474404,0.624404,0.07248342037200928,0.5363495945930481,0.4638661742210388,-0.0,1.0,1.0,1,1,1,1,1,1,0,0.0,0.22104230523109436,2,stale,0.0,6,100,48,CORRECT,0,0,0,0,0,0,0.0,0.0
margin,live-delta,10,0.0,0.307452,0.576036,0.06451,0.902344,0.474404,0.624404,0.007860779762268066,0.6223558783531189,0.6144950985908508,1.9641658067703247,7.128962993621826,0.22719499468803406,9,1,1,1,1,1,0,0.0,0.18231669068336487,2,stale,0.0,6,101,58,CORRECT,0,0,0,0,0,0,0.0,0.0
margin,live-delta,10,0.0,0.307452,0.576036,0.06451,0.902344,0.474404,0.624404,0.11691057682037354,0.8418571949005127,0.7249466180801392,0.6131910085678101,1.8463135957717896,0.8585653305053711,13,1,1,1,1,1,0,0.0,0.5691530704498291,2,stale,0.0,6,102,35,CORRECT,0,0,0,0,0,0,0.0,0.0
margin,live-delta,10,0.0,0.307452,0.576036,0.06451,0.902344,0.474404,0.624404,0.05623912811279297,0.7818701267242432,0.7256309986114502,1.1149144172668457,3.049307107925415,0.6583216786384583,11,1,1,1,1,1,0,0.0,0.4816293716430664,2,stale,0.0,6,103,35,CORRECT,0,0,0,0,0,0,0.0,0.0
margin,live-delta,10,0.0,0.307452,0.576036,0.06451,0.902344,0.474404,0.624404,0.09437793493270874,0.7348703742027283,0.6404924392700195,0.9714340567588806,2.6417300701141357,0.7367804050445557,8,1,1,1,1,1,0,0.0,0.5042364597320557,2,stale,0.0,6,104,62,CORRECT,0,0,0,0,0,0,0.0,0.0
margin,live-delta,10,0.0,0.307452,0.576036,0.06451,0.902344,0.474404,0.624404,0.05636519193649292,0.693533182144165,0.6371679902076721,1.464430809020996,4.325080871582031,0.5196406245231628,9,1,1,1,1,1,0,0.0,0.3818409740924835,2,stale,0.0,6,105,35,CORRECT,0,0,0,0,0,0,0.0,0.0
margin,live-delta,10,0.0,0.307452,0.576036,0.06451,0.902344,0.474404,0.624404,0.12120801210403442,0.7400966286659241,0.6188886165618896,0.6106170415878296,1.8415673971176147,0.860072672367096,8,1,1,1,1,1,0,0.0,0.4675822854042053,2,stale,0.0,6,106,35,CORRECT,0,0,0,0,0,0,0.0,0.0
margin,live-delta,10,0.0,0.307452,0.576036,0.06451,0.902344,0.474404,0.624404,0.016118645668029785,0.5859114527702332,0.5697928071022034,1.5308972597122192,4.6223225593566895,0.3799130916595459,6,1,1,1,1,1,0,0.0,0.24185654520988464,2,stale,0.0,6,107,45,CORRECT,0,0,0,0,0,0,0.0,0.0
margin,live-delta,10,0.0,0.307452,0.576036,0.06451,0.902344,0.474404,0.624404,0.03018951416015625,0.5871216654777527,0.5569321513175964,2.1952171325683594,8.981950759887695,0.2543260157108307,11,1,1,1,1,1,0,0.0,0.17510515451431274,2,stale,0.0,6,110,34,CORRECT,0,0,0,0,0,0,0.0,0.0
margin,live-delta,10,0.0,0.307452,0.576036,0.06451,0.902344,0.474404,0.624404,0.008567750453948975,0.7654634714126587,0.7568957209587097,1.5524277687072754,4.722922325134277,0.434590220451355,17,1,1,1,1,1,1,0.1276029497385025,0.1714400053024292,2,stale,0.0,6,111,58,CORRECT,0,0,0,0,0,2,0.0,0.021267
margin,live-delta,10,0.0,0.307452,0.576036,0.06451,0.902344,0.474404,0.624404,0.06020635366439819,0.751206636428833,0.6910002827644348,1.2580106258392334,3.5184152126312256,0.6402719020843506,17,1,1,1,1,1,0,0.026312071830034256,0.24918121099472046,2,stale,0.0,6,112,51,CORRECT,0,0,0,0,0,1,0.0,0.004385
margin,live-delta,10,0.0,0.307452,0.576036,0.06451,0.902344,0.474404,0.624404,0.005623340606689453,0.584922194480896,0.5792988538742065,1.7963671684265137,6.0277099609375,0.27149587869644165,7,1,1,1,1,1,0,0.0,0.3896149694919586,2,stale,0.0,6,114,44,CORRECT,0,0,0,0,0,0,0.0,0.0
margin,live-delta,10,0.0,0.307452,0.576036,0.06451,0.902344,0.474404,0.624404,0.038063883781433105,0.7111191153526306,0.6730552315711975,1.5832873582839966,4.870942115783691,0.4451671540737152,11,1,1,1,1,1,0,0.0,0.32796376943588257,2,stale,0.0,6,115,35,CORRECT,0,0,0,0,0,0,0.0,0.0
margin,live-delta,10,0.0,0.307452,0.576036,0.06451,0.902344,0.474404,0.624404,0.04059028625488281,0.6312181949615479,0.590627908706665,1.2378859519958496,3.4483158588409424,0.5595452189445496,6,1,1,1,1,1,0,0.0,0.16091442108154297,2,stale,0.0,6,118,51,CORRECT,0,0,0,0,0,0,0.0,0.0
margin,live-delta,10,0.0,0.307452,0.576036,0.06451,0.902344,0.474404,0.624404,0.21062016487121582,0.8552870750427246,0.6446669101715088,0.12120815366506577,1.1288598775863647,0.97891765832901,5,1,1,1,1,1,0,0.0,0.59217768907547,2,stale,0.0,6,119,35,CORRECT,0,0,0,0,0,0,0.0,0.0
margin,live-delta,10,0.0,0.307452,0.576036,0.06451,0.902344,0.474404,0.624404,0.012780368328094482,0.6218248605728149,0.6090444922447205,1.7192862033843994,5.580543518066406,0.29025664925575256,7,1,1,1,1,1,0,0.0,0.38568252325057983,2,stale,0.0,6,120,40,CORRECT,0,0,0,0,0,0,0.0,0.0
margin,live-delta,10,0.0,0.307452,0.576036,0.06451,0.902344,0.474404,0.624404,0.06796568632125854,0.6766427159309387,0.6086770296096802,0.8063892722129822,2.2398059368133545,0.7265737652778625,4,1,1,1,1,1,0,0.0,0.28373271226882935,2,stale,0.0,6,121,58,CORRECT,0,0,0,0,0,0,0.0,0.0
margin,live-delta,10,0.0,0.307452,0.576036,0.06451,0.902344,0.474404,0.624404,0.0037984251976013184,0.7003782391548157,0.6965798139572144,1.8633618354797363,6.445368766784668,0.25757887959480286,11,1,1,1,1,1,0,0.0,0.3948938548564911,2,stale,0.0,6,122,44,CORRECT,0,0,0,0,0,0,0.0,0.0
margin,live-delta,10,0.0,0.307452,0.576036,0.06451,0.902344,0.474404,0.624404,0.010840415954589844,0.5973057746887207,0.5864653587341309,1.0830556154251099,2.953691244125366,0.40773850679397583,3,1,1,1,1,1,0,0.0,0.2247844636440277,2,stale,0.0,6,123,37,CORRECT,0,0,0,0,0,0,0.0,0.0
margin,live-delta,10,0.0,0.307452,0.576036,0.06451,0.902344,0.474404,0.624404,0.008288145065307617,0.6649891138076782,0.6567009687423706,1.7386101484298706,5.689430236816406,0.34193354845046997,10,1,1,1,1,1,0,0.0,0.3462510406970978,2,stale,0.0,6,124,44,CORRECT,0,0,0,0,0,0,0.0,0.0
margin,live-delta,10,0.0,0.307452,0.576036,0.06451,0.902344,0.474404,0.624404,0.0778813362121582,0.6159960031509399,0.5381146669387817,1.2663359642028809,3.5478293895721436,0.6073105335235596,6,1,1,1,1,1,0,0.0,0.2055698037147522,2,stale,0.0,6,125,46,CORRECT,0,0,0,0,0,0,0.0,0.0
margin,live-delta,10,0.0,0.307452,0.576036,0.06451,0.902344,0.474404,0.624404,0.025856196880340576,0.5987674593925476,0.572911262512207,1.1135650873184204,3.0451953411102295,0.5232750773429871,4,1,1,1,1,1,0,0.0,0.28255516290664673,2,stale,0.0,6,126,36,CORRECT,0,0,0,0,0,0,0.0,0.0
margin,live-delta,10,0.0,0.307452,0.576036,0.06451,0.902344,0.474404,0.624404,0.058422237634658813,0.5013746023178101,0.44295236468315125,-0.0,1.0,1.0,1,1,1,1,1,1,0,0.0,0.058422237634658813,2,stale,0.0,6,127,49,CORRECT,0,0,0,0,0,0,0.0,0.0
margin,live-delta,10,0.0,0.307452,0.576036,0.06451,0.902344,0.474404,0.624404,0.07013922929763794,0.7858513593673706,0.7157121300697327,1.4314086437225342,4.184589862823486,0.5642134547233582,13,2,2,1,2,1,0,0.0,0.5621412992477417,2,stale,0.0,6,129,66,CORRECT,0,0,0,0,0,0,0.0,0.0
margin,live-delta,10,0.0,0.307452,0.576036,0.06451,0.902344,0.474404,0.624404,0.011220335960388184,0.5333151817321777,0.5220948457717896,1.5520925521850586,4.721339702606201,0.3116263449192047,5,2,2,1,2,1,0,0.0,0.2767532765865326,2,stale,0.0,6,130,89,CORRECT,0,0,0,0,0,0,0.0,0.0
margin,live-delta,10,0.0,0.307452,0.576036,0.06451,0.902344,0.474404,0.624404,0.012637853622436523,0.6034895181655884,0.5908516645431519,2.346898078918457,10.453094482421875,0.1649055778980255,13,2,2,1,2,1,0,0.0,0.3956734538078308,2,stale,0.0,6,131,89,CORRECT,0,0,0,0,0,0,0.0,0.0
margin,live-delta,10,0.0,0.307452,0.576036,0.06451,0.902344,0.474404,0.624404,0.1113135814666748,0.7755483388900757,0.6642347574234009,0.873632550239563,2.395597219467163,0.7832635045051575,10,2,2,1,2,1,0,0.0,0.5068159103393555,2,stale,0.0,6,133,66,CORRECT,0,0,0,0,0,0,0.0,0.0
margin,live-delta,10,0.0,0.307452,0.576036,0.06451,0.902344,0.474404,0.624404,0.052082359790802,0.806567370891571,0.754485011100769,1.674196720123291,5.334508419036865,0.435745507478714,15,2,2,1,2,1,0,0.0,0.6338892579078674,2,stale,0.0,6,134,90,CORRECT,0,0,0,0,0,0,0.0,0.0
margin,live-delta,10,0.0,0.307452,0.576036,0.06451,0.902344,0.474404,0.624404,0.09420961141586304,0.6574013233184814,0.5631917119026184,1.3111011981964111,3.710257053375244,0.6354839205741882,8,2,2,1,2,1,0,0.0,0.5291342735290527,2,stale,0.0,6,135,82,CORRECT,0,0,0,0,0,0,0.0,0.0
margin,live-delta,10,0.0,0.307452,0.576036,0.06451,0.902344,0.474404,0.624404,0.0249253511428833,0.7994858026504517,0.7745604515075684,1.7580914497375488,5.801354885101318,0.329273521900177,15,2,2,1,2,1,0,0.0,0.6274286508560181,2,stale,0.0,6,136,90,CORRECT,0,0,0,0,0,0,0.0,0.0
margin,live-delta,10,0.0,0.307452,0.576036,0.06451,0.902344,0.474404,0.624404,0.09123635292053223,0.6872193813323975,0.5959830284118652,1.494850516319275,4.458670139312744,0.6245632171630859,13,2,2,1,2,1,0,0.0,0.485442578792572,2,stale,0.0,6,139,89,CORRECT,0,0,0,0,0,0,0.0,0.0
margin,live-delta,10,0.0,0.307452,0.576036,0.06451,0.902344,0.474404,0.624404,0.05206608772277832,0.8530226349830627,0.8009565472602844,1.6408177614212036,5.159387111663818,0.4268173277378082,15,2,2,1,2,1,0,0.0,0.7123686075210571,2,stale,0.0,6,142,90,CORRECT,0,0,0,0,0,0,0.0,0.0
margin,live-delta,10,0.0,0.307452,0.576036,0.06451,0.902344,0.474404,0.624404,0.10031759738922119,0.6833676099777222,0.583050012588501,1.3002126216888428,3.670076847076416,0.6434987187385559,8,2,2,1,2,1,0,0.0,0.5272771120071411,2,stale,0.0,6,143,82,CORRECT,0,0,0,0,0,0,0.0,0.0
margin,live-delta,10,0.0,0.307452,0.576036,0.06451,0.902344,0.474404,0.624404,0.04880225658416748,0.8525674939155579,0.8037652373313904,1.6079007387161255,4.9923200607299805,0.4821647107601166,15,2,2,1,2,1,0,0.0,0.6044963598251343,2,stale,0.0,6,144,89,CORRECT,0,0,0,0,0,0,0.0,0.0
margin,live-delta,10,0.0,0.307452,0.576036,0.06451,0.902344,0.474404,0.624404,0.03140294551849365,0.7826350927352905,0.7512321472167969,1.5341969728469849,4.637599945068359,0.467399924993515,14,2,2,1,2,1,0,0.0,0.6522859334945679,2,stale,0.0,6,145,84,CORRECT,0,0,0,0,0,0,0.0,0.0
margin,live-delta,10,0.0,0.307452,0.576036,0.06451,0.902344,0.474404,0.624404,0.013248085975646973,0.7050842046737671,0.6918361186981201,2.078911066055298,7.995757102966309,0.2843655049800873,15,2,2,1,2,1,0,0.0,0.4755760133266449,2,stale,0.0,6,148,89,CORRECT,0,0,0,0,0,0,0.0,0.0
margin,live-delta,10,0.0,0.307452,0.576036,0.06451,0.902344,0.474404,0.624404,0.0018193721771240234,0.8310966491699219,0.8292772769927979,1.5912578105926514,4.909920692443848,0.3159274160861969,12,2,2,1,2,1,0,0.0,0.7122912406921387,2,stale,0.0,6,149,90,CORRECT,0,0,0,0,0,0,0.0,0.0
margin,live-delta,10,0.0,0.307452,0.576036,0.06451,0.902344,0.474404,0.624404,0.005340278148651123,0.8188492059707642,0.813508927822113,2.0114808082580566,7.474377155303955,0.276356965303421,15,2,2,1,2,1,0,0.0,0.6028050780296326,2,stale,0.0,6,152,84,CORRECT,0,0,0,0,0,0,0.0,0.0
margin,live-delta,10,0.0,0.307452,0.576036,0.06451,0.902344,0.474404,0.624404,0.020387768745422363,0.727567195892334,0.7071794271469116,1.4523274898529053,4.273048400878906,0.43075379729270935,8,2,2,1,2,1,0,0.0,0.5479637384414673,2,stale,0.0,6,153,90,CORRECT,0,0,0,0,0,0,0.0,0.0
margin,live-delta,10,0.0,0.307452,0.576036,0.06451,0.902344,0.474404,0.624404,0.01642930507659912,0.6028136014938354,0.5863842964172363,2.2299764156341553,9.299646377563477,0.2606179118156433,13,2,2,1,2,1,0,0.0,0.4060813784599304,2,stale,0.0,6,155,90,CORRECT,0,0,0,0,0,0,0.0,0.0
margin,live-delta,10,0.0,0.307452,0.576036,0.06451,0.902344,0.474404,0.624404,0.021501898765563965,0.5590934753417969,0.5375915765762329,1.8100554943084717,6.110786437988281,0.3008285462856293,7,2,2,1,2,1,0,0.0,0.3610961139202118,2,stale,0.0,6,157,74,CORRECT,0,0,0,0,0,0,0.0,0.0
margin,live-delta,10,0.0,0.307452,0.576036,0.06451,0.902344,0.474404,0.624404,0.02462470531463623,0.63222336769104,0.6075986623764038,1.8605202436447144,6.427079677581787,0.3120143413543701,8,2,2,1,2,1,0,0.0,0.429174542427063,2,stale,0.0,6,159,90,CORRECT,0,0,0,0,0,0,0.0,0.0
margin,live-delta,10,0.0,0.307452,0.576036,0.06451,0.902344,0.474404,0.624404,0.042462825775146484,0.5661683678627014,0.5237055420875549,1.2275254726409912,3.412774085998535,0.5012139081954956,4,2,2,1,2,1,0,0.0,0.3182640075683594,2,stale,0.0,6,160,87,CORRECT,0,0,0,0,0,0,0.0,0.0
margin,live-delta,10,0.0,0.307452,0.576036,0.06451,0.902344,0.474404,0.624404,0.03060382604598999,0.5303032398223877,0.4996994137763977,1.531038522720337,4.6229753494262695,0.35855162143707275,5,2,2,1,2,1,0,0.0,0.2477591633796692,2,stale,0.0,6,161,74,CORRECT,0,0,0,0,0,0,0.0,0.0
margin,live-delta,10,0.0,0.307452,0.576036,0.06451,0.902344,0.474404,0.624404,0.020775914192199707,0.6862285137176514,0.6654525995254517,1.561779260635376,4.767295837402344,0.4027920663356781,9,2,2,1,2,1,0,0.0,0.5588211417198181,2,stale,0.0,6,162,90,CORRECT,0,0,0,0,0,0,0.0,0.0
margin,live-delta,10,0.0,0.307452,0.576036,0.06451,0.902344,0.474404,0.624404,0.03744542598724365,0.5544109344482422,0.5169655084609985,0.6276651620864868,1.8732317686080933,0.6789409518241882,2,2,2,1,2,1,0,0.0,0.396892249584198,2,stale,0.0,6,164,89,CORRECT,0,0,0,0,0,0,0.0,0.0
margin,live-delta,10,0.0,0.307452,0.576036,0.06451,0.902344,0.474404,0.624404,0.04330688714981079,0.7212452292442322,0.6779383420944214,1.689513921737671,5.416847229003906,0.4303876757621765,12,2,2,1,2,1,0,0.0,0.5843628644943237,2,stale,0.0,6,165,90,CORRECT,0,0,0,0,0,0,0.0,0.0
margin,live-delta,10,0.0,0.307452,0.576036,0.06451,0.902344,0.474404,0.624404,0.003607511520385742,0.7778502702713013,0.7742427587509155,1.9883811473846436,7.3037004470825195,0.27866116166114807,14,2,2,1,2,1,0,0.0,0.5958204865455627,2,stale,0.0,6,166,84,CORRECT,0,0,0,0,0,0,0.0,0.0
margin,live-delta,10,0.0,0.307452,0.576036,0.06451,0.902344,0.474404,0.624404,0.007624030113220215,0.5461317300796509,0.5385076999664307,1.095294713973999,2.9900639057159424,0.37162816524505615,3,2,2,1,2,1,0,0.0,0.2284112572669983,2,stale,0.0,6,167,87,CORRECT,0,0,0,0,0,0,0.0,0.0
margin,live-delta,10,0.0,0.307452,0.576036,0.06451,0.902344,0.474404,0.624404,0.02289295196533203,0.5277668237686157,0.5048738718032837,1.5568010807037354,4.743622303009033,0.32242709398269653,5,2,2,1,2,1,0,0.0,0.34557726979255676,2,stale,0.0,6,169,64,CORRECT,0,0,0,0,0,0,0.0,0.0
margin,live-delta,10,0.0,0.307452,0.576036,0.06451,0.902344,0.474404,0.624404,0.025896310806274414,0.6113731861114502,0.5854768753051758,2.4094645977020264,11.12800121307373,0.2212797850370407,15,2,2,1,2,1,0,0.0,0.3930767774581909,2,stale,0.0,6,170,89,CORRECT,0,0,0,0,0,0,0.0,0.0
margin,live-delta,10,0.0,0.307452,0.576036,0.06451,0.902344,0.474404,0.624404,0.1614026129245758,0.5188366174697876,0.3574340045452118,-0.0,1.0,1.0,1,2,2,1,2,1,0,0.0,0.3164824843406677,2,stale,0.0,6,171,71,CORRECT,0,0,0,0,0,0,0.0,0.0
margin,live-delta,10,0.0,0.307452,0.576036,0.06451,0.902344,0.474404,0.624404,0.019540131092071533,0.7261701822280884,0.7066300511360168,1.6797144412994385,5.3640241622924805,0.33954140543937683,11,2,2,1,2,1,0,0.0,0.5258231163024902,2,stale,0.0,6,174,84,CORRECT,0,0,0,0,0,0,0.0,0.0
margin,live-delta,10,0.0,0.307452,0.576036,0.06451,0.902344,0.474404,0.624404,0.008577108383178711,0.709463357925415,0.7008862495422363,1.8808523416519165,6.559092998504639,0.3329966962337494,14,2,2,1,2,1,0,0.0,0.5632714629173279,2,stale,0.0,6,176,65,CORRECT,0,0,0,0,0,0,0.0,0.0
margin,live-delta,10,0.0,0.307452,0.576036,0.06451,0.902344,0.474404,0.624404,0.008091270923614502,0.5726185441017151,0.5645272731781006,1.695981502532959,5.4519944190979,0.27287644147872925,6,2,2,1,2,1,0,0.0,0.35414767265319824,2,stale,0.0,6,177,74,CORRECT,0,0,0,0,0,0,0.0,0.0
margin,live-delta,10,0.0,0.307452,0.576036,0.06451,0.902344,0.474404,0.624404,0.07999742031097412,0.7938531041145325,0.7138556838035583,1.2183891534805298,3.3817358016967773,0.6352044939994812,9,2,2,1,2,1,0,0.0,0.6809784173965454,2,stale,0.0,6,178,90,CORRECT,0,0,0,0,0,0,0.0,0.0
margin,live-delta,10,0.0,0.307452,0.576036,0.06451,0.902344,0.474404,0.624404,0.01630270481109619,0.7674540281295776,0.7511513233184814,1.4601036310195923,4.306406021118164,0.438611775636673,11,2,2,1,2,1,0,0.0,0.6261707544326782,2,stale,0.0,6,179,64,CORRECT,0,0,0,0,0,0,0.0,0.0
margin,live-delta,10,0.0,0.307452,0.576036,0.06451,0.902344,0.474404,0.624404,0.03030848503112793,0.8509020209312439,0.820593535900116,1.5743459463119507,4.827583312988281,0.4366735816001892,15,2,2,1,2,1,0,0.0,0.720429003238678,2,stale,0.0,6,180,90,CORRECT,0,0,0,0,0,0,0.0,0.0
margin,live-delta,10,0.0,0.307452,0.576036,0.06451,0.902344,0.474404,0.624404,0.007976055145263672,0.8307018280029297,0.822725772857666,1.6628973484039307,5.274570941925049,0.359467476606369,15,2,2,1,2,1,0,0.0,0.5800230503082275,2,stale,0.0,6,181,74,CORRECT,0,0,0,0,0,0,0.0,0.0
margin,live-delta,10,0.0,0.307452,0.576036,0.06451,0.902344,0.474404,0.624404,0.027524173259735107,0.5402094721794128,0.5126852989196777,0.6566561460494995,1.9283335208892822,0.6342477798461914,2,2,2,1,2,1,0,0.0,0.4117984473705292,2,stale,0.0,6,183,82,CORRECT,0,0,0,0,0,0,0.0,0.0
margin,live-delta,10,0.0,0.307452,0.576036,0.06451,0.902344,0.474404,0.624404,0.06895595788955688,0.7991049289703369,0.73014897108078,1.4040640592575073,4.071713924407959,0.5445413589477539,11,2,2,1,2,1,0,0.0,0.6681656241416931,2,stale,0.0,6,184,90,CORRECT,0,0,0,0,0,0,0.0,0.0
margin,live-delta,10,0.0,0.307452,0.576036,0.06451,0.902344,0.474404,0.624404,0.10802942514419556,0.49873656034469604,0.3907071352005005,-0.0,1.0,1.0,1,2,2,1,2,1,0,0.0,0.12086889147758484,2,stale,0.0,6,186,72,CORRECT,0,0,0,0,0,0,0.0,0.0
margin,live-delta,10,0.0,0.307452,0.576036,0.06451,0.902344,0.474404,0.624404,0.001587986946105957,0.5414755344390869,0.539887547492981,1.4796608686447144,4.391456127166748,0.3300035297870636,5,2,2,1,2,1,0,0.0,0.32606571912765503,2,stale,0.0,6,187,89,CORRECT,0,0,0,0,0,0,0.0,0.0
margin,live-delta,10,0.0,0.307452,0.576036,0.06451,0.902344,0.474404,0.624404,0.009970366954803467,0.721244215965271,0.7112738490104675,1.5583570003509521,4.751008987426758,0.3652658462524414,11,2,2,1,2,1,0,0.0,0.5688634514808655,2,stale,0.0,6,188,90,CORRECT,0,0,0,0,0,0,0.0,0.0
margin,live-delta,10,0.0,0.307452,0.576036,0.06451,0.902344,0.474404,0.624404,0.027580201625823975,0.8041415214538574,0.7765613198280334,1.7552348375320435,5.784806251525879,0.33729133009910583,14,2,2,1,2,1,0,0.0,0.6601616740226746,2,stale,0.0,6,189,90,CORRECT,0,0,0,0,0,0,0.0,0.0
margin,live-delta,10,0.0,0.307452,0.576036,0.06451,0.902344,0.474404,0.624404,0.17678111791610718,0.6894976496696472,0.51271653175354,0.2388794720172882,1.2698254585266113,0.9483879208564758,3,3,3,1,3,1,0,0.0,0.3187081813812256,2,stale,0.0,6,192,103,CORRECT,0,0,0,0,0,0,0.0,0.0
margin,live-delta,10,0.0,0.307452,0.576036,0.06451,0.902344,0.474404,0.624404,0.2501198649406433,0.8384618759155273,0.588342010974884,0.12775884568691254,1.1362789869308472,0.9802652597427368,7,3,3,1,3,1,0,0.0,0.5976263284683228,2,stale,0.0,6,193,110,CORRECT,0,0,0,0,0,0,0.0,0.0
margin,live-delta,10,0.0,0.307452,0.576036,0.06451,0.902344,0.474404,0.624404,0.12315046787261963,0.7314360737800598,0.6082856059074402,0.8280401229858398,2.2888286113739014,0.811580240726471,9,3,3,1,3,1,0,0.0,0.4771263003349304,2,stale,0.0,6,194,116,CORRECT,0,0,0,0,0,0,0.0,0.0
margin,live-delta,10,0.0,0.307452,0.576036,0.06451,0.902344,0.474404,0.624404,0.05098092555999756,0.6020346879959106,0.5510537624359131,1.267187237739563,3.5508508682250977,0.5418269634246826,5,3,3,1,3,1,0,0.0,0.35551363229751587,2,stale,0.0,6,195,96,CORRECT,0,0,0,0,0,0,0.0,0.0
margin,live-delta,10,0.0,0.307452,0.576036,0.06451,0.902344,0.474404,0.624404,0.09636414051055908,0.6056495904922485,0.5092854499816895,1.057749629020691,2.8798828125,0.6814901232719421,5,3,3,1,3,1,0,0.0,0.3226177990436554,2,stale,0.0,6,196,118,CORRECT,0,0,0,0,0,0,0.0,0.0
margin,live-delta,10,0.0,0.307452,0.576036,0.06451,0.902344,0.474404,0.624404,0.0004450678825378418,0.663228452205658,0.6627833843231201,1.07645583152771,2.9342615604400635,0.44480642676353455,5,3,3,1,3,1,0,0.0,0.43403884768486023,2,stale,0.0,6,198,115,CORRECT,0,0,0,0,0,0,0.0,0.0
margin,live-delta,10,0.0,0.307452,0.576036,0.06451,0.902344,0.474404,0.624404,0.04778146743774414,0.5894176363945007,0.5416361689567566,1.3788424730300903,3.9703032970428467,0.5309385657310486,6,3,3,1,3,1,0,0.0,0.35544294118881226,2,stale,0.0,6,199,103,CORRECT,0,0,0,0,0,0,0.0,0.0
margin,live-delta,10,0.0,0.307452,0.576036,0.06451,0.902344,0.474404,0.624404,0.016924381256103516,0.5788602828979492,0.5619359016418457,1.6359565258026123,5.134366989135742,0.3266009986400604,6,3,3,1,3,1,0,0.0,0.25708454847335815,2,stale,0.0,6,200,120,CORRECT,0,0,0,0,0,0,0.0,0.0
margin,live-delta,10,0.0,0.307452,0.576036,0.06451,0.902344,0.474404,0.624404,0.08788466453552246,0.7313388586044312,0.6434541940689087,1.0789686441421509,2.9416441917419434,0.715112566947937,10,3,3,1,3,1,0,0.0,0.5794543027877808,2,stale,0.0,6,201,102,CORRECT,0,0,0,0,0,0,0.0,0.0
margin,live-delta,10,0.0,0.307452,0.576036,0.06451,0.902344,0.474404,0.624404,0.08769881725311279,0.692467451095581,0.6047686338424683,0.6333447694778442,1.8839012384414673,0.8136290907859802,5,3,3,1,3,1,0,0.0,0.48868000507354736,2,stale,0.0,6,202,114,CORRECT,0,0,0,0,0,0,0.0,0.0
margin,live-delta,10,0.0,0.307452,0.576036,0.06451,0.902344,0.474404,0.624404,0.03672116994857788,0.7536641359329224,0.7169429659843445,1.8225723505020142,6.187755107879639,0.37192609906196594,14,3,3,1,3,1,0,0.0,0.58802330493927,2,stale,0.0,6,203,102,CORRECT,0,0,0,0,0,0,0.0,0.0
margin,live-delta,10,0.0,0.307452,0.576036,0.06451,0.902344,0.474404,0.624404,0.01258617639541626,0.6234400272369385,0.6108538508415222,1.6658610105514526,5.290226459503174,0.3063194751739502,7,3,3,1,3,1,0,0.0,0.22805306315422058,2,stale,0.0,6,204,120,CORRECT,0,0,0,0,0,0,0.0,0.0
margin,live-delta,10,0.0,0.307452,0.576036,0.06451,0.902344,0.474404,0.624404,0.12952852249145508,0.8142807483673096,0.6847522258758545,0.733009934425354,2.0813357830047607,0.8353614807128906,12,3,3,1,3,1,0,0.0,0.6377133131027222,2,stale,0.0,6,206,102,CORRECT,0,0,0,0,0,0,0.0,0.0
margin,live-delta,10,0.0,0.307452,0.576036,0.06451,0.902344,0.474404,0.624404,0.010855257511138916,0.7418167591094971,0.7309615015983582,1.8389017581939697,6.2896270751953125,0.3305138051509857,14,3,3,1,3,1,0,0.0,0.564441978931427,2,stale,0.0,6,207,126,CORRECT,0,0,0,0,0,0,0.0,0.0
margin,live-delta,10,0.0,0.307452,0.576036,0.06451,0.902344,0.474404,0.624404,0.31014442443847656,0.938294529914856,0.6281501054763794,0.022345079109072685,1.0225965976715088,0.9970722198486328,4,3,3,1,3,1,0,0.0,0.6507328748703003,2,stale,0.0,6,208,122,CORRECT,0,0,0,0,0,0,0.0,0.0
margin,live-delta,10,0.0,0.307452,0.576036,0.06451,0.902344,0.474404,0.624404,0.20055639743804932,0.6931475400924683,0.49259114265441895,0.16155315935611725,1.1753349304199219,0.968498706817627,3,3,3,1,3,1,0,0.0,0.4239552617073059,2,stale,0.0,6,209,114,CORRECT,0,0,0,0,0,0,0.0,0.0
margin,live-delta,10,0.0,0.307452,0.576036,0.06451,0.902344,0.474404,0.624404,0.03714936971664429,0.8875680565834045,0.8504186868667603,1.68520987033844,5.393582820892334,0.43476977944374084,14,3,3,1,3,1,0,0.0,0.7825043797492981,2,stale,0.0,6,213,106,CORRECT,0,0,0,0,0,0,0.0,0.0
margin,live-delta,10,0.0,0.307452,0.576036,0.06451,0.902344,0.474404,0.624404,0.004091382026672363,0.8561554551124573,0.8520640730857849,1.9005540609359741,6.689599990844727,0.2544049322605133,15,3,3,1,3,1,0,0.0,0.6750622987747192,2,stale,0.0,6,215,111,CORRECT,0,0,0,0,0,0,0.0,0.0
margin,live-delta,10,0.0,0.307452,0.576036,0.06451,0.902344,0.474404,0.624404,0.02332526445388794,0.8350045084953308,0.8116792440414429,1.7398056983947754,5.696236610412598,0.3437406122684479,16,3,3,1,3,1,0,0.0,0.7101004123687744,2,stale,0.0,6,216,127,CORRECT,0,0,0,0,0,0,0.0,0.0
margin,live-delta,10,0.0,0.307452,0.576036,0.06451,0.902344,0.474404,0.624404,0.025778532028198242,0.78267902135849,0.7569004893302917,2.02174711227417,7.551506519317627,0.31895461678504944,14,3,3,1,3,1,0,0.0,0.6660486459732056,2,stale,0.0,6,217,127,CORRECT,0,0,0,0,0,0,0.0,0.0
margin,live-delta,10,0.0,0.307452,0.576036,0.06451,0.902344,0.474404,0.624404,0.010915875434875488,0.8731348514556885,0.862218976020813,1.7339363098144531,5.662900924682617,0.30737748742103577,14,3,3,1,3,1,0,0.0,0.7605646848678589,2,stale,0.0,6,218,125,CORRECT,0,0,0,0,0,0,0.0,0.0
margin,live-delta,10,0.0,0.307452,0.576036,0.06451,0.902344,0.474404,0.624404,0.07246661186218262,0.8534470200538635,0.7809804081916809,1.5825103521347046,4.867158889770508,0.5346035957336426,17,3,3,1,3,1,0,0.0,0.5936151146888733,2,stale,0.0,6,219,105,CORRECT,0,0,0,0,0,0,0.0,0.0
margin,live-delta,10,0.0,0.307452,0.576036,0.06451,0.902344,0.474404,0.624404,0.07581859827041626,0.6874869465827942,0.6116683483123779,0.8400726318359375,2.316535234451294,0.733408510684967,5,3,3,1,3,1,0,0.0,0.29558390378952026,2,stale,0.0,6,220,122,CORRECT,0,0,0,0,0,0,0.0,0.0
margin,live-delta,10,0.0,0.307452,0.576036,0.06451,0.902344,0.474404,0.624404,0.001756131649017334,0.8375440835952759,0.8357879519462585,1.9982315301895142,7.37600040435791,0.18299587070941925,14,3,3,1,3,1,0,0.0,0.7359657883644104,2,stale,0.0,6,221,106,CORRECT,0,0,0,0,0,0,0.0,0.0
margin,live-delta,10,0.0,0.307452,0.576036,0.06451,0.902344,0.474404,0.624404,0.012435197830200195,0.5919559001922607,0.5795207023620605,1.3577362298965454,3.887383222579956,0.34205836057662964,4,3,3,1,3,1,0,0.0,0.3724329471588135,2,stale,0.0,6,222,122,CORRECT,0,0,0,0,0,0,0.0,0.0
margin,live-delta,10,0.0,0.307452,0.576036,0.06451,0.902344,0.474404,0.624404,0.1421467661857605,0.74917072057724,0.6070239543914795,0.6031342148780823,1.827838659286499,0.8638684153556824,7,3,3,1,3,1,0,0.0,0.6529428362846375,2,stale,0.0,6,223,98,CORRECT,0,0,0,0,0,0,0.0,0.0
margin,live-delta,10,0.0,0.307452,0.576036,0.06451,0.902344,0.474404,0.624404,0.21937918663024902,0.8214820027351379,0.6021028161048889,0.15121516585350037,1.1632468700408936,0.9755075573921204,7,3,3,1,3,1,0,0.0,0.6802964210510254,2,stale,0.0,6,224,110,CORRECT,0,0,0,0,0,0,0.0,0.0
margin,live-delta,10,0.0,0.307452,0.576036,0.06451,0.902344,0.474404,0.624404,0.017391085624694824,0.8623713254928589,0.8449802398681641,1.7311208248138428,5.646979808807373,0.3219362199306488,11,3,3,1,3,1,0,0.0,0.7513468265533447,2,stale,0.0,6,225,105,CORRECT,0,0,0,0,0,0,0.0,0.0
margin,live-delta,10,0.0,0.307452,0.576036,0.06451,0.902344,0.474404,0.624404,0.14155244827270508,0.7440454959869385,0.6024930477142334,0.5376218557357788,1.711930751800537,0.8759621977806091,6,3,3,1,3,1,0,0.0,0.6083049774169922,2,stale,0.0,6,226,96,CORRECT,0,0,0,0,0,0,0.0,0.0
margin,live-delta,10,0.0,0.307452,0.576036,0.06451,0.902344,0.474404,0.624404,0.009824693202972412,0.8616310954093933,0.8518064022064209,1.3720496892929077,3.943425178527832,0.4073256850242615,12,3,3,1,3,1,0,0.0,0.7183105945587158,2,stale,0.0,6,227,97,CORRECT,0,0,0,0,0,0,0.0,0.0
margin,live-delta,10,0.0,0.307452,0.576036,0.06451,0.902344,0.474404,0.624404,0.1868841052055359,0.7295669317245483,0.5426828265190125,0.11045202612876892,1.116782784461975,0.9767444729804993,2,3,3,1,3,1,0,0.0,0.6021155714988708,2,stale,0.0,6,228,110,CORRECT,0,0,0,0,0,0,0.0,0.0
margin,live-delta,10,0.0,0.307452,0.576036,0.06451,0.902344,0.474404,0.624404,0.020042985677719116,0.5192570686340332,0.4992140829563141,1.7635093927383423,5.832871437072754,0.25421372056007385,6,3,3,1,3,1,0,0.0,0.1971248984336853,2,stale,0.0,6,229,119,CORRECT,0,0,0,0,0,0,0.0,0.0
margin,live-delta,10,0.0,0.307452,0.576036,0.06451,0.902344,0.474404,0.624404,0.0030614137649536133,0.7558149099349976,0.752753496170044,1.9992064237594604,7.383194446563721,0.24369698762893677,19,3,3,1,3,1,0,0.0,0.5923832058906555,2,stale,0.0,6,230,102,CORRECT,0,0,0,0,0,0,0.0,0.0
margin,live-delta,10,0.0,0.307452,0.576036,0.06451,0.902344,0.474404,0.624404,0.02777397632598877,0.8631192445755005,0.8353452682495117,1.8168362379074097,6.152362823486328,0.34708458185195923,16,3,3,1,3,1,0,0.0,0.69650799036026,2,stale,0.0,6,231,125,CORRECT,0,0,0,0,0,0,0.0,0.0
margin,live-delta,10,0.0,0.307452,0.576036,0.06451,0.902344,0.474404,0.624404,0.0031142234802246094,0.6046508550643921,0.6015366315841675,1.7892647981643677,5.985050678253174,0.25024914741516113,7,3,3,1,3,1,0,0.0,0.3869871497154236,2,stale,0.0,6,232,115,CORRECT,0,0,0,0,0,0,0.0,0.0
margin,live-delta,10,0.0,0.307452,0.576036,0.06451,0.902344,0.474404,0.624404,0.01851475238800049,0.7026830911636353,0.6841683387756348,2.3380446434020996,10.360957145690918,0.20473578572273254,16,3,3,1,3,1,0,0.0,0.5461775064468384,2,stale,0.0,6,233,127,CORRECT,0,0,0,0,0,0,0.0,0.0
margin,live-delta,10,0.0,0.307452,0.576036,0.06451,0.902344,0.474404,0.624404,0.027986109256744385,0.8835732936859131,0.8555871844291687,1.5702886581420898,4.808035850524902,0.42601117491722107,15,3,3,1,3,1,0,0.0,0.7006120085716248,2,stale,0.0,6,235,125,CORRECT,0,0,0,0,0,0,0.0,0.0
margin,live-delta,10,0.0,0.307452,0.576036,0.06451,0.902344,0.474404,0.624404,0.015972495079040527,0.809628963470459,0.7936564683914185,1.5950727462768555,4.928687572479248,0.36005330085754395,12,3,3,1,3,1,0,0.0,0.6345729827880859,2,stale,0.0,6,236,112,CORRECT,0,0,0,0,0,0,0.0,0.0
margin,live-delta,10,0.0,0.307452,0.576036,0.06451,0.902344,0.474404,0.624404,0.18761926889419556,0.7911852598190308,0.6035659909248352,0.3071672022342682,1.3595682382583618,0.9455441832542419,9,3,3,1,3,1,0,0.0,0.5610560178756714,2,stale,0.0,6,237,110,CORRECT,0,0,0,0,0,0,0.0,0.0
margin,live-delta,10,0.0,0.307452,0.576036,0.06451,0.902344,0.474404,0.624404,0.0336647629737854,0.8508002758026123,0.8171355128288269,1.757811427116394,5.79973030090332,0.38440510630607605,16,3,3,1,3,1,0,0.0,0.6989814043045044,2,stale,0.0,6,238,105,CORRECT,0,0,0,0,0,0,0.0,0.0
margin,live-delta,10,0.0,0.307452,0.576036,0.06451,0.902344,0.474404,0.624404,0.1614556908607483,0.7561558485031128,0.5947001576423645,0.2672610878944397,1.3063814640045166,0.9448992609977722,5,3,3,1,3,1,0,0.0,0.6322998404502869,2,stale,0.0,6,239,110,CORRECT,0,0,0,0,0,0,0.0,0.0
margin,live-delta,10,0.0,0.307452,0.576036,0.06451,0.902344,0.474404,0.624404,0.006048679351806641,0.6312018632888794,0.6251531839370728,1.820069432258606,6.1722869873046875,0.33165955543518066,10,3,3,1,3,1,0,0.0,0.45505237579345703,2,stale,0.0,6,240,113,CORRECT,0,0,0,0,0,0,0.0,0.0
margin,live-delta,10,0.0,0.307452,0.576036,0.06451,0.902344,0.474404,0.624404,0.004112362861633301,0.7422609329223633,0.73814857006073,2.0287718772888184,7.604741096496582,0.22581516206264496,14,3,3,1,3,1,0,0.0,0.597240686416626,2,stale,0.0,6,241,101,CORRECT,0,0,0,0,0,0,0.0,0.0
margin,live-delta,10,0.0,0.307452,0.576036,0.06451,0.902344,0.474404,0.624404,0.004317045211791992,0.8364173769950867,0.8321003317832947,2.0363223552703857,7.662377834320068,0.22153614461421967,14,3,3,1,3,1,0,0.0,0.7108869552612305,2,stale,0.0,6,242,125,CORRECT,0,0,0,0,0,0,0.0,0.0
margin,live-delta,10,0.0,0.307452,0.576036,0.06451,0.902344,0.474404,0.624404,0.10091966390609741,0.7671535611152649,0.6662338972091675,1.0659304857254028,2.9035394191741943,0.7058354020118713,8,3,3,1,3,1,0,0.0,0.48336267471313477,2,stale,0.0,6,244,120,CORRECT,0,0,0,0,0,0,0.0,0.0
margin,live-delta,10,0.0,0.307452,0.576036,0.06451,0.902344,0.474404,0.624404,0.03122866153717041,0.8901559114456177,0.8589272499084473,1.1894530057907104,3.2852835655212402,0.5377647280693054,12,3,3,1,3,1,0,0.0,0.7685378789901733,2,stale,0.0,6,245,97,CORRECT,0,0,0,0,0,0,0.0,0.0
margin,live-delta,10,0.0,0.307452,0.576036,0.06451,0.902344,0.474404,0.624404,0.48767468333244324,0.8059310913085938,0.3182564079761505,-0.0,1.0,1.0,1,3,3,1,3,1,0,0.0,0.6626580953598022,2,stale,0.0,6,246,100,CORRECT,0,0,0,0,0,0,0.0,0.0
margin,live-delta,10,0.0,0.307452,0.576036,0.06451,0.902344,0.474404,0.624404,0.002940237522125244,0.5670374035835266,0.5640971660614014,1.4989409446716309,4.476945400238037,0.30858221650123596,5,3,3,1,3,1,0,0.0,0.4298700988292694,2,stale,0.0,6,248,101,CORRECT,0,0,0,0,0,0,0.0,0.0
margin,live-delta,10,0.0,0.307452,0.576036,0.06451,0.902344,0.474404,0.624404,0.01873636245727539,0.6796143651008606,0.6608780026435852,1.9215657711029053,6.831646919250488,0.3016321659088135,10,3,3,1,3,1,0,0.0,0.5658657550811768,2,stale,0.0,6,249,105,CORRECT,0,0,0,0,0,0,0.0,0.0
margin,live-delta,10,0.0,0.307452,0.576036,0.06451,0.902344,0.474404,0.624404,0.05136531591415405,0.7388730645179749,0.6875077486038208,1.3902617692947388,4.0159010887146,0.5662356615066528,15,3,3,1,3,1,0,0.0,0.5477907657623291,2,stale,0.0,6,250,114,CORRECT,0,0,0,0,0,0,0.0,0.0
margin,live-delta,10,0.0,0.307452,0.576036,0.06451,0.902344,0.474404,0.624404,0.13544273376464844,0.6935679912567139,0.5581252574920654,0.47097542881965637,1.601555585861206,0.891715943813324,5,3,3,1,3,1,0,0.0,0.42063069343566895,2,stale,0.0,6,251,120,CORRECT,0,0,0,0,0,0,0.0,0.0
margin,live-delta,10,0.0,0.307452,0.576036,0.06451,0.902344,0.474404,0.624404,0.04568326473236084,0.8082558512687683,0.7625725865364075,1.96601140499115,7.142132759094238,0.4018998444080353,16,3,3,1,3,1,0,0.0,0.6864441633224487,2,stale,0.0,6,252,127,CORRECT,0,0,0,0,0,0,0.0,0.0
margin,live-delta,10,0.0,0.307452,0.576036,0.06451,0.902344,0.474404,0.624404,0.06185990571975708,0.7299630641937256,0.6681031584739685,1.774872064590454,5.899526119232178,0.49142229557037354,15,3,3,1,3,1,0,0.0,0.5752080678939819,2,stale,0.0,6,253,114,CORRECT,0,0,0,0,0,0,0.0,0.0
margin,live-delta,10,0.0,0.307452,0.576036,0.06451,0.902344,0.474404,0.624404,0.05214470624923706,0.5976381301879883,0.5454934239387512,1.2046211957931519,3.3354952335357666,0.5796177983283997,5,3,3,1,3,1,0,0.0,0.4311729371547699,2,stale,0.0,6,254,102,CORRECT,0,0,0,0,0,0,0.0,0.0
margin,live-delta,10,0.0,0.307452,0.576036,0.06451,0.902344,0.474404,0.624404,0.009095430374145508,0.6186673641204834,0.6095719337463379,2.181199550628662,8.856924057006836,0.2195131480693817,12,3,3,1,3,1,0,0.0,0.25513458251953125,2,stale,0.0,6,255,117,CORRECT,0,0,0,0,0,0,0.0,0.0
margin,live-delta,11,0.0,0.307452,0.576036,0.051934,0.898438,0.505797,0.655797,0.0,0.5616472959518433,0.5616472959518433,1.9459104537963867,7.000001907348633,0.1428571492433548,7,3,3,1,3,1,1,0.1428571492433548,0.0,0,stale,0.0,6,0,135,CORRECT,0,0,0,0,0,1,0.0,0.142857
margin,live-delta,11,0.0,0.307452,0.576036,0.051934,0.898438,0.505797,0.655797,0.0,0.5367840528488159,0.5367840528488159,1.9459104537963867,7.000001907348633,0.1428571492433548,7,3,0,0,3,1,1,0.1428571492433548,0.0,0,stale,0.0,6,6,24,CORRECT,0,0,0,0,0,1,0.0,0.142857
margin,live-delta,11,0.0,0.307452,0.576036,0.051934,0.898438,0.505797,0.655797,0.0,0.6366702318191528,0.6366702318191528,1.9459104537963867,7.000001907348633,0.1428571492433548,7,3,3,1,3,1,1,0.1428571492433548,0.0,0,stale,0.0,6,10,184,CORRECT,0,0,0,0,0,1,0.0,0.142857
margin,live-delta,11,0.0,0.307452,0.576036,0.051934,0.898438,0.505797,0.655797,0.09863480925559998,0.5681047439575195,0.46946993470191956,-0.0,1.0,1.0,1,3,1,0,1,0,1,1.0,-0.22248363494873047,0,stale,0.0,6,14,35,BLENDED,0,0,0,0,0,0,0.0,0.0
margin,live-delta,11,0.0,0.307452,0.576036,0.051934,0.898438,0.505797,0.655797,0.0,0.697227954864502,0.697227954864502,1.9459104537963867,7.000001907348633,0.1428571492433548,7,3,3,1,3,1,1,0.1428571492433548,0.0,0,stale,0.0,6,20,209,CORRECT,0,0,0,0,0,1,0.0,0.142857
margin,live-delta,11,0.0,0.307452,0.576036,0.051934,0.898438,0.505797,0.655797,0.0,0.5750564336776733,0.5750564336776733,1.9459104537963867,7.000001907348633,0.1428571492433548,7,3,3,1,3,1,1,0.1428571492433548,0.0,0,stale,0.0,6,24,305,CORRECT,0,0,0,0,0,1,0.0,0.142857
margin,live-delta,11,0.0,0.307452,0.576036,0.051934,0.898438,0.505797,0.655797,0.0,0.5200752019882202,0.5200752019882202,1.9459104537963867,7.000001907348633,0.1428571492433548,7,3,3,1,3,1,1,0.1428571492433548,0.0,0,stale,0.0,6,30,145,CORRECT,0,0,0,0,0,1,0.0,0.142857
margin,live-delta,11,0.0,0.307452,0.576036,0.051934,0.898438,0.505797,0.655797,0.0,0.7049044370651245,0.7049044370651245,1.9459104537963867,7.000001907348633,0.1428571492433548,7,3,0,0,3,1,1,0.1428571492433548,0.0,0,stale,0.0,6,32,2,CORRECT,0,0,0,0,0,1,0.0,0.142857
margin,live-delta,11,0.0,0.307452,0.576036,0.051934,0.898438,0.505797,0.655797,0.0,0.5084764957427979,0.5084764957427979,1.9459104537963867,7.000001907348633,0.1428571492433548,7,3,3,1,3,1,1,0.1428571492433548,0.0,0,stale,0.0,6,35,258,CORRECT,0,0,0,0,0,1,0.0,0.142857
margin,live-delta,11,0.0,0.307452,0.576036,0.051934,0.898438,0.505797,0.655797,0.07707512378692627,0.5940665006637573,0.516991376876831,1.8401669263839722,6.297589302062988,0.40025368332862854,8,3,1,0,3,1,1,0.48593172430992126,-0.07707512378692627,0,stale,0.0,6,37,54,CORRECT,0,0,0,0,0,1,0.0,0.085678
margin,live-delta,11,0.0,0.307452,0.576036,0.051934,0.898438,0.505797,0.655797,0.15382620692253113,0.6251209378242493,0.47129473090171814,-0.0,1.0,1.0,1,3,1,0,1,0,1,1.0,-0.15382620692253113,0,stale,0.0,6,46,61,BLENDED,0,0,0,0,0,0,0.0,0.0
margin,live-delta,11,0.0,0.307452,0.576036,0.051934,0.898438,0.505797,0.655797,0.11248421669006348,0.5731854438781738,0.46070122718811035,-0.0,1.0,1.0,1,3,1,0,1,0,1,1.0,-0.11248421669006348,0,stale,0.0,6,49,52,BLENDED,0,0,0,0,0,0,0.0,0.0
margin,live-delta,11,0.0,0.307452,0.576036,0.051934,0.898438,0.505797,0.655797,0.0,0.6028329133987427,0.6028329133987427,1.9459104537963867,7.000001907348633,0.1428571492433548,7,3,3,1,3,1,1,0.1428571492433548,0.0,0,stale,0.0,6,54,194,CORRECT,0,0,0,0,0,1,0.0,0.142857
margin,live-delta,11,0.0,0.307452,0.576036,0.051934,0.898438,0.505797,0.655797,0.0,0.5061884522438049,0.5061884522438049,1.9459104537963867,7.000001907348633,0.1428571492433548,7,3,3,1,3,1,1,0.1428571492433548,0.0,0,stale,0.0,6,56,145,CORRECT,0,0,0,0,0,1,0.0,0.142857
margin,live-delta,11,0.0,0.307452,0.576036,0.051934,0.898438,0.505797,0.655797,0.04630228877067566,0.5316430330276489,0.48534074425697327,-0.0,1.0,1.0,1,3,1,0,1,0,1,1.0,-0.20962217450141907,0,stale,0.0,6,57,36,BLENDED,0,0,0,0,0,0,0.0,0.0
margin,live-delta,11,0.0,0.307452,0.576036,0.051934,0.898438,0.505797,0.655797,0.0,0.5414921045303345,0.5414921045303345,2.6161253452301025,13.682605743408203,0.08666679263114929,14,3,3,1,3,1,1,0.1428571492433548,0.0,0,stale,0.0,6,58,248,CORRECT,0,0,0,0,0,2,0.0,0.142857
margin,live-delta,11,0.0,0.307452,0.576036,0.051934,0.898438,0.505797,0.655797,0.0,0.5292019248008728,0.5292019248008728,1.9459104537963867,7.000001907348633,0.1428571492433548,7,3,3,1,3,1,1,0.1428571492433548,0.0,0,stale,0.0,6,62,305,CORRECT,0,0,0,0,0,1,0.0,0.142857
margin,live-delta,11,0.0,0.307452,0.576036,0.051934,0.898438,0.505797,0.655797,0.0,0.5652796030044556,0.5652796030044556,1.9459104537963867,7.000001907348633,0.1428571492433548,7,3,0,0,3,1,1,0.1428571492433548,0.0,0,stale,0.0,6,63,17,CORRECT,0,0,0,0,0,1,0.0,0.142857
margin,live-delta,11,0.0,0.307452,0.576036,0.051934,0.898438,0.505797,0.655797,0.04837492108345032,0.5429256558418274,0.4945507347583771,-0.0,1.0,1.0,1,1,1,1,1,1,0,0.0,0.22257667779922485,2,stale,0.0,6,64,49,CORRECT,0,0,0,0,0,0,0.0,0.0
margin,live-delta,11,0.0,0.307452,0.576036,0.051934,0.898438,0.505797,0.655797,0.0578310489654541,0.6803346872329712,0.6225036382675171,1.528458595275879,4.6110639572143555,0.5221925973892212,8,1,1,1,1,1,0,0.0,0.2098725438117981,2,stale,0.0,6,65,49,CORRECT,0,0,0,0,0,0,0.0,0.0
margin,live-delta,11,0.0,0.307452,0.576036,0.051934,0.898438,0.505797,0.655797,0.012731552124023438,0.6514356136322021,0.6387040615081787,1.2596927881240845,3.524338722229004,0.37112557888031006,4,1,1,1,1,1,0,0.0,0.33663100004196167,2,stale,0.0,6,68,55,CORRECT,0,0,0,0,0,0,0.0,0.0
margin,live-delta,11,0.0,0.307452,0.576036,0.051934,0.898438,0.505797,0.655797,0.09354734420776367,0.6738750338554382,0.5803276896476746,0.6822100281715393,1.9782449007034302,0.8013547658920288,4,1,1,1,1,1,0,0.0,0.22821015119552612,2,stale,0.0,6,69,41,CORRECT,0,0,0,0,0,0,0.0,0.0
margin,live-delta,11,0.0,0.307452,0.576036,0.051934,0.898438,0.505797,0.655797,0.0,0.6308947801589966,0.6308947801589966,2.450676918029785,11.596193313598633,0.11124813556671143,17,1,3,0,3,0,1,0.8457937836647034,-0.014739274978637695,0,stale,0.0,6,71,280,STALE_LENIENT,0,0,0,1,0,2,0.0,0.120828
margin,live-delta,11,0.0,0.307452,0.576036,0.051934,0.898438,0.505797,0.655797,0.024614989757537842,0.7187014818191528,0.694086492061615,1.6785391569137573,5.357723236083984,0.47734248638153076,18,1,1,1,1,1,1,0.20729047060012817,0.15931344032287598,2,stale,0.0,6,72,51,CORRECT,0,0,0,0,0,2,0.0,0.029613
margin,live-delta,11,0.0,0.307452,0.576036,0.051934,0.898438,0.505797,0.655797,0.05615776777267456,0.6409323215484619,0.5847745537757874,1.6506474018096924,5.210351943969727,0.4363330602645874,7,1,1,1,1,1,0,0.0,0.18032974004745483,2,stale,0.0,6,73,41,CORRECT,0,0,0,0,0,0,0.0,0.0
margin,live-delta,11,0.0,0.307452,0.576036,0.051934,0.898438,0.505797,0.655797,0.1365673840045929,0.5914551615715027,0.4548877775669098,-0.0,1.0,1.0,1,1,1,1,1,1,0,0.0,0.15459886193275452,2,stale,0.0,6,74,34,CORRECT,0,0,0,0,0,0,0.0,0.0
margin,live-delta,11,0.0,0.307452,0.576036,0.051934,0.898438,0.505797,0.655797,0.09804320335388184,0.6537769436836243,0.5557337403297424,1.3771811723709106,3.9637129306793213,0.6240054368972778,8,1,1,1,1,1,0,0.0,0.2970042824745178,2,stale,0.0,6,75,49,CORRECT,0,0,0,0,0,0,0.0,0.0
margin,live-delta,11,0.0,0.307452,0.576036,0.051934,0.898438,0.505797,0.655797,0.07732564210891724,0.6243658065795898,0.5470401644706726,0.7965923547744751,2.2179698944091797,0.7137662172317505,3,1,1,1,1,1,0,0.0,0.2234358787536621,2,stale,0.0,6,76,58,CORRECT,0,0,0,0,0,0,0.0,0.0
margin,live-delta,11,0.0,0.307452,0.576036,0.051934,0.898438,0.505797,0.655797,0.21782022714614868,0.5824568271636963,0.3646366000175476,-0.0,1.0,1.0,1,1,1,1,1,1,0,0.0,0.24440926313400269,2,stale,0.0,6,78,37,CORRECT,0,0,0,0,0,0,0.0,0.0
margin,live-delta,11,0.0,0.307452,0.576036,0.051934,0.898438,0.505797,0.655797,0.00254899263381958,0.5849636793136597,0.5824146866798401,1.6880364418029785,5.408849716186523,0.24519522488117218,6,1,1,1,1,1,0,0.0,0.15678945183753967,2,stale,0.0,6,79,48,CORRECT,0,0,0,0,0,0,0.0,0.0
margin,live-delta,11,0.0,0.307452,0.576036,0.051934,0.898438,0.505797,0.655797,0.002153635025024414,0.5883429050445557,0.5861892700195312,2.011063814163208,7.471261024475098,0.23708949983119965,9,1,1,1,1,1,0,0.0,0.21522527933120728,2,stale,0.0,6,80,48,CORRECT,0,0,0,0,0,0,0.0,0.0
margin,live-delta,11,0.0,0.307452,0.576036,0.051934,0.898438,0.505797,0.655797,0.1268346905708313,0.623031497001648,0.49619680643081665,-0.0,1.0,1.0,1,1,1,1,1,1,0,0.0,0.1863071322441101,2,stale,0.0,6,81,49,CORRECT,0,0,0,0,0,0,0.0,0.0
margin,live-delta,11,0.0,0.307452,0.576036,0.051934,0.898438,0.505797,0.655797,0.13681191205978394,0.6299456357955933,0.4931337237358093,-0.0,1.0,1.0,1,1,1,1,1,1,0,0.0,0.13681191205978394,2,stale,0.0,6,83,38,CORRECT,0,0,0,0,0,0,0.0,0.0
margin,live-delta,11,0.0,0.307452,0.576036,0.051934,0.898438,0.505797,0.655797,0.032746851444244385,0.5804134607315063,0.547666609287262,0.9825180172920227,2.6711738109588623,0.5506333112716675,3,1,1,1,1,1,0,0.0,0.35087868571281433,2,stale,0.0,6,84,44,CORRECT,0,0,0,0,0,0,0.0,0.0
margin,live-delta,11,0.0,0.307452,0.576036,0.051934,0.898438,0.505797,0.655797,0.024288594722747803,0.7276468276977539,0.7033582329750061,1.7782353162765503,5.919401168823242,0.3546058237552643,9,1,1,1,1,1,0,0.0,0.3990701138973236,2,stale,0.0,6,85,48,CORRECT,0,0,0,0,0,0,0.0,0.0
margin,live-delta,11,0.0,0.307452,0.576036,0.051934,0.898438,0.505797,0.655797,0.027054309844970703,0.5935630798339844,0.5665087699890137,1.7788066864013672,5.922784328460693,0.3334585130214691,7,1,1,1,1,1,0,0.0,0.2693227529525757,2,stale,0.0,6,86,43,CORRECT,0,0,0,0,0,0,0.0,0.0
margin,live-delta,11,0.0,0.307452,0.576036,0.051934,0.898438,0.505797,0.655797,0.08866894245147705,0.6758197546005249,0.5871508121490479,0.6348845958709717,1.8868043422698975,0.7965679168701172,3,1,1,1,1,1,0,0.0,0.3579227328300476,2,stale,0.0,6,88,45,CORRECT,0,0,0,0,0,0,0.0,0.0
margin,live-delta,11,0.0,0.307452,0.576036,0.051934,0.898438,0.505797,0.655797,0.0,0.7672025561332703,0.7672025561332703,2.6714673042297363,14.461173057556152,0.08797457069158554,17,1,3,0,3,0,1,0.9752209782600403,-0.07573270797729492,0,stale,0.0,6,89,319,STALE_LENIENT,0,0,0,1,0,2,0.0,0.139317
margin,live-delta,11,0.0,0.307452,0.576036,0.051934,0.898438,0.505797,0.655797,0.34611284732818604,0.9362046718597412,0.5900918245315552,0.010625334456562996,1.0106819868087769,0.9987040758132935,3,1,1,1,1,1,0,0.0,0.5132040977478027,2,stale,0.0,6,90,38,CORRECT,0,0,0,0,0,0,0.0,0.0
margin,live-delta,11,0.0,0.307452,0.576036,0.051934,0.898438,0.505797,0.655797,0.07226181030273438,0.5792669057846069,0.5070050954818726,0.48728811740875244,1.6278955936431885,0.8092642426490784,2,1,1,1,1,1,0,0.0,0.20020031929016113,2,stale,0.0,6,91,54,CORRECT,0,0,0,0,0,0,0.0,0.0
margin,live-delta,11,0.0,0.307452,0.576036,0.051934,0.898438,0.505797,0.655797,0.10733836889266968,0.764479398727417,0.6571410298347473,0.8413068652153015,2.3193960189819336,0.7762359976768494,6,1,1,1,1,1,0,0.0,0.5251755714416504,2,stale,0.0,6,93,35,CORRECT,0,0,0,0,0,0,0.0,0.0
margin,live-delta,11,0.0,0.307452,0.576036,0.051934,0.898438,0.505797,0.655797,0.01648041605949402,0.5139942765235901,0.49751386046409607,-0.0,1.0,1.0,1,1,1,1,1,1,0,0.0,0.10119685530662537,2,stale,0.0,6,94,51,CORRECT,0,0,0,0,0,0,0.0,0.0
margin,live-delta,11,0.0,0.307452,0.576036,0.051934,0.898438,0.505797,0.655797,0.01819002628326416,0.6271648406982422,0.608974814414978,1.4493168592453003,4.2602033615112305,0.3563571870326996,5,1,1,1,1,1,0,0.0,0.16906660795211792,2,stale,0.0,6,95,58,CORRECT,0,0,0,0,0,0,0.0,0.0
margin,live-delta,11,0.0,0.307452,0.576036,0.051934,0.898438,0.505797,0.655797,0.11423242092132568,0.8080053329467773,0.6937729120254517,0.7734507322311401,2.167231798171997,0.8184264898300171,10,1,1,1,1,1,0,0.0,0.5019088387489319,2,stale,0.0,6,96,35,CORRECT,0,0,0,0,0,0,0.0,0.0
margin,live-delta,11,0.0,0.307452,0.576036,0.051934,0.898438,0.505797,0.655797,0.010035574436187744,0.6971126794815063,0.6870771050453186,1.6607353687286377,5.263179779052734,0.2997457981109619,10,1,1,1,1,1,0,0.0,0.3806838095188141,2,stale,0.0,6,98,44,CORRECT,0,0,0,0,0,0,0.0,0.0
margin,live-delta,11,0.0,0.307452,0.576036,0.051934,0.898438,0.505797,0.655797,0.018743813037872314,0.5285130739212036,0.5097692608833313,0.675884485244751,1.965770959854126,0.5926367044448853,2,1,1,1,1,1,0,0.0,0.2197067141532898,2,stale,0.0,6,99,36,CORRECT,0,0,0,0,0,0,0.0,0.0
margin,live-delta,11,0.0,0.307452,0.576036,0.051934,0.898438,0.505797,0.655797,0.07248342037200928,0.5363495945930481,0.4638661742210388,-0.0,1.0,1.0,1,1,1,1,1,1,0,0.0,0.22104230523109436,2,stale,0.0,6,100,48,CORRECT,0,0,0,0,0,0,0.0,0.0
margin,live-delta,11,0.0,0.307452,0.576036,0.051934,0.898438,0.505797,0.655797,0.007860779762268066,0.6223558783531189,0.6144950985908508,1.901926875114441,6.698789596557617,0.2321019470691681,8,1,1,1,1,1,0,0.0,0.18231669068336487,2,stale,0.0,6,101,58,CORRECT,0,0,0,0,0,0,0.0,0.0
margin,live-delta,11,0.0,0.307452,0.576036,0.051934,0.898438,0.505797,0.655797,0.11691057682037354,0.8418571949005127,0.7249466180801392,0.6029183268547058,1.827444076538086,0.8597120046615601,11,1,1,1,1,1,0,0.0,0.5691530704498291,2,stale,0.0,6,102,35,CORRECT,0,0,0,0,0,0,0.0,0.0
margin,live-delta,11,0.0,0.307452,0.576036,0.051934,0.898438,0.505797,0.655797,0.05623912811279297,0.7818701267242432,0.7256309986114502,1.1053434610366821,3.020261526107788,0.6593078374862671,10,1,1,1,1,1,0,0.0,0.4816293716430664,2,stale,0.0,6,103,35,CORRECT,0,0,0,0,0,0,0.0,0.0
margin,live-delta,11,0.0,0.307452,0.576036,0.051934,0.898438,0.505797,0.655797,0.09437793493270874,0.7348703742027283,0.6404924392700195,0.946378231048584,2.576361656188965,0.7401959896087646,7,1,1,1,1,1,0,0.0,0.5042364597320557,2,stale,0.0,6,104,62,CORRECT,0,0,0,0,0,0,0.0,0.0
margin,live-delta,11,0.0,0.307452,0.576036,0.051934,0.898438,0.505797,0.655797,0.05636519193649292,0.693533182144165,0.6371679902076721,1.4007441997528076,4.058218955993652,0.5270083546638489,7,1,1,1,1,1,0,0.0,0.3818409740924835,2,stale,0.0,6,105,35,CORRECT,0,0,0,0,0,0,0.0,0.0
margin,live-delta,11,0.0,0.307452,0.576036,0.051934,0.898438,0.505797,0.655797,0.12120801210403442,0.7400966286659241,0.6188886165618896,0.5432547926902771,1.7216012477874756,0.8707008361816406,6,1,1,1,1,1,0,0.0,0.4675822854042053,2,stale,0.0,6,106,35,CORRECT,0,0,0,0,0,0,0.0,0.0
margin,live-delta,11,0.0,0.307452,0.576036,0.051934,0.898438,0.505797,0.655797,0.016118645668029785,0.5859114527702332,0.5697928071022034,1.2719857692718506,3.5679306983947754,0.4198130965232849,4,1,1,1,1,1,0,0.0,0.24185654520988464,2,stale,0.0,6,107,45,CORRECT,0,0,0,0,0,0,0.0,0.0
margin,live-delta,11,0.0,0.307452,0.576036,0.051934,0.898438,0.505797,0.655797,0.03018951416015625,0.5871216654777527,0.5569321513175964,1.8407942056655884,6.301540851593018,0.2996862530708313,7,1,1,1,1,1,0,0.0,0.17510515451431274,2,stale,0.0,6,110,34,CORRECT,0,0,0,0,0,0,0.0,0.0
margin,live-delta,11,0.0,0.307452,0.576036,0.051934,0.898438,0.505797,0.655797,0.008567750453948975,0.7654634714126587,0.7568957209587097,1.6346423625946045,5.127624034881592,0.42554014921188354,19,1,1,1,1,1,1,0.14576998353004456,0.1714400053024292,2,stale,0.0,6,111,58,CORRECT,0,0,0,0,0,2,0.0,0.020824
margin,live-delta,11,0.0,0.307452,0.576036,0.051934,0.898438,0.505797,0.655797,0.06020635366439819,0.751206636428833,0.6910002827644348,1.0641742944717407,2.898444652557373,0.663945734500885,8,1,1,1,1,1,0,0.0,0.24918121099472046,2,stale,0.0,6,112,51,CORRECT,0,0,0,0,0,0,0.0,0.0
margin,live-delta,11,0.0,0.307452,0.576036,0.051934,0.898438,0.505797,0.655797,0.005623340606689453,0.584922194480896,0.5792988538742065,1.6963698863983154,5.454112529754639,0.2827899158000946,6,1,1,1,1,1,0,0.0,0.3896149694919586,2,stale,0.0,6,114,44,CORRECT,0,0,0,0,0,0,0.0,0.0
margin,live-delta,11,0.0,0.307452,0.576036,0.051934,0.898438,0.505797,0.655797,0.038063883781433105,0.7111191153526306,0.6730552315711975,1.50851571559906,4.520016670227051,0.45237159729003906,8,1,1,1,1,1,0,0.0,0.32796376943588257,2,stale,0.0,6,115,35,CORRECT,0,0,0,0,0,0,0.0,0.0
margin,live-delta,11,0.0,0.307452,0.576036,0.051934,0.898438,0.505797,0.655797,0.04059028625488281,0.6312181949615479,0.590627908706665,1.0277010202407837,2.794633626937866,0.5962584614753723,4,1,1,1,1,1,0,0.0,0.16091442108154297,2,stale,0.0,6,118,51,CORRECT,0,0,0,0,0,0,0.0,0.0
margin,live-delta,11,0.0,0.307452,0.576036,0.051934,0.898438,0.505797,0.655797,0.21062016487121582,0.8552870750427246,0.6446669101715088,0.1165195107460022,1.1235793828964233,0.9794663190841675,4,1,1,1,1,1,0,0.0,0.59217768907547,2,stale,0.0,6,119,35,CORRECT,0,0,0,0,0,0,0.0,0.0
margin,live-delta,11,0.0,0.307452,0.576036,0.051934,0.898438,0.505797,0.655797,0.012780368328094482,0.6218248605728149,0.6090444922447205,1.7192862033843994,5.580543518066406,0.29025664925575256,7,1,1,1,1,1,0,0.0,0.38568252325057983,2,stale,0.0,6,120,40,CORRECT,0,0,0,0,0,0,0.0,0.0
margin,live-delta,11,0.0,0.307452,0.576036,0.051934,0.898438,0.505797,0.655797,0.06796568632125854,0.6766427159309387,0.6086770296096802,0.7172233462333679,2.048736572265625,0.7427260279655457,3,1,1,1,1,1,0,0.0,0.28373271226882935,2,stale,0.0,6,121,58,CORRECT,0,0,0,0,0,0,0.0,0.0
margin,live-delta,11,0.0,0.307452,0.576036,0.051934,0.898438,0.505797,0.655797,0.0037984251976013184,0.7003782391548157,0.6965798139572144,1.8309706449508667,6.239940643310547,0.2593037784099579,9,1,1,1,1,1,0,0.0,0.3948938548564911,2,stale,0.0,6,122,44,CORRECT,0,0,0,0,0,0,0.0,0.0
margin,live-delta,11,0.0,0.307452,0.576036,0.051934,0.898438,0.505797,0.655797,0.010840415954589844,0.5973057746887207,0.5864653587341309,1.0830556154251099,2.953691244125366,0.40773850679397583,3,1,1,1,1,1,0,0.0,0.2247844636440277,2,stale,0.0,6,123,37,CORRECT,0,0,0,0,0,0,0.0,0.0
margin,live-delta,11,0.0,0.307452,0.576036,0.051934,0.898438,0.505797,0.655797,0.008288145065307617,0.6649891138076782,0.6567009687423706,1.5970556735992432,4.938470363616943,0.35534071922302246,7,1,1,1,1,1,0,0.0,0.3462510406970978,2,stale,0.0,6,124,44,CORRECT,0,0,0,0,0,0,0.0,0.0
margin,live-delta,11,0.0,0.307452,0.576036,0.051934,0.898438,0.505797,0.655797,0.0778813362121582,0.6159960031509399,0.5381146669387817,0.7883284687995911,2.199716329574585,0.7187061905860901,3,1,1,1,1,1,0,0.0,0.2055698037147522,2,stale,0.0,6,125,46,CORRECT,0,0,0,0,0,0,0.0,0.0
margin,live-delta,11,0.0,0.307452,0.576036,0.051934,0.898438,0.505797,0.655797,0.025856196880340576,0.5987674593925476,0.572911262512207,1.1135650873184204,3.0451953411102295,0.5232750773429871,4,1,1,1,1,1,0,0.0,0.28255516290664673,2,stale,0.0,6,126,36,CORRECT,0,0,0,0,0,0,0.0,0.0
margin,live-delta,11,0.0,0.307452,0.576036,0.051934,0.898438,0.505797,0.655797,0.07013922929763794,0.7858513593673706,0.7157121300697327,1.4034996032714844,4.069416522979736,0.5668260455131531,10,2,2,1,2,1,0,0.0,0.5621412992477417,2,stale,0.0,6,129,66,CORRECT,0,0,0,0,0,0,0.0,0.0
margin,live-delta,11,0.0,0.307452,0.576036,0.051934,0.898438,0.505797,0.655797,0.011220335960388184,0.5333151817321777,0.5220948457717896,0.6868917942047119,1.9875283241271973,0.5558675527572632,2,2,2,1,2,1,0,0.0,0.2767532765865326,2,stale,0.0,6,130,89,CORRECT,0,0,0,0,0,0,0.0,0.0
margin,live-delta,11,0.0,0.307452,0.576036,0.051934,0.898438,0.505797,0.655797,0.012637853622436523,0.6034895181655884,0.5908516645431519,2.21642804145813,9.174501419067383,0.17245568335056305,10,2,2,1,2,1,0,0.0,0.3956734538078308,2,stale,0.0,6,131,89,CORRECT,0,0,0,0,0,0,0.0,0.0
margin,live-delta,11,0.0,0.307452,0.576036,0.051934,0.898438,0.505797,0.655797,0.1113135814666748,0.7755483388900757,0.6642347574234009,0.8398807644844055,2.3160908222198486,0.7876889109611511,8,2,2,1,2,1,0,0.0,0.5068159103393555,2,stale,0.0,6,133,66,CORRECT,0,0,0,0,0,0,0.0,0.0
margin,live-delta,11,0.0,0.307452,0.576036,0.051934,0.898438,0.505797,0.655797,0.052082359790802,0.806567370891571,0.754485011100769,1.6643322706222534,5.282145023345947,0.43640652298927307,13,2,2,1,2,1,0,0.0,0.6338892579078674,2,stale,0.0,6,134,90,CORRECT,0,0,0,0,0,0,0.0,0.0
margin,live-delta,11,0.0,0.307452,0.576036,0.051934,0.898438,0.505797,0.655797,0.09420961141586304,0.6574013233184814,0.5631917119026184,1.2448761463165283,3.4725046157836914,0.6467716097831726,7,2,2,1,2,1,0,0.0,0.5291342735290527,2,stale,0.0,6,135,82,CORRECT,0,0,0,0,0,0,0.0,0.0
margin,live-delta,11,0.0,0.307452,0.576036,0.051934,0.898438,0.505797,0.655797,0.0249253511428833,0.7994858026504517,0.7745604515075684,1.7485802173614502,5.746438026428223,0.32976028323173523,13,2,2,1,2,1,0,0.0,0.6274286508560181,2,stale,0.0,6,136,90,CORRECT,0,0,0,0,0,0,0.0,0.0
margin,live-delta,11,0.0,0.307452,0.576036,0.051934,0.898438,0.505797,0.655797,0.09123635292053223,0.6872193813323975,0.5959830284118652,1.2989329099655151,3.6653833389282227,0.6561384201049805,9,2,2,1,2,1,0,0.0,0.485442578792572,2,stale,0.0,6,139,89,CORRECT,0,0,0,0,0,0,0.0,0.0
margin,live-delta,11,0.0,0.307452,0.576036,0.051934,0.898438,0.505797,0.655797,0.05206608772277832,0.8530226349830627,0.8009565472602844,1.6383392810821533,5.146615505218506,0.42696115374565125,14,2,2,1,2,1,0,0.0,0.7123686075210571,2,stale,0.0,6,142,90,CORRECT,0,0,0,0,0,0,0.0,0.0
margin,live-delta,11,0.0,0.307452,0.576036,0.051934,0.898438,0.505797,0.655797,0.10031759738922119,0.6833676099777222,0.583050012588501,1.3002126216888428,3.670076847076416,0.6434987187385559,8,2,2,1,2,1,0,0.0,0.5272771120071411,2,stale,0.0,6,143,82,CORRECT,0,0,0,0,0,0,0.0,0.0
margin,live-delta,11,0.0,0.307452,0.576036,0.051934,0.898438,0.505797,0.655797,0.04880225658416748,0.8525674939155579,0.8037652373313904,1.6079007387161255,4.9923200607299805,0.4821647107601166,15,2,2,1,2,1,0,0.0,0.6044963598251343,2,stale,0.0,6,144,89,CORRECT,0,0,0,0,0,0,0.0,0.0
margin,live-delta,11,0.0,0.307452,0.576036,0.051934,0.898438,0.505797,0.655797,0.03140294551849365,0.7826350927352905,0.7512321472167969,1.5010912418365479,4.486582279205322,0.4699555039405823,10,2,2,1,2,1,0,0.0,0.6522859334945679,2,stale,0.0,6,145,84,CORRECT,0,0,0,0,0,0,0.0,0.0
margin,live-delta,11,0.0,0.307452,0.576036,0.051934,0.898438,0.505797,0.655797,0.013248085975646973,0.7050842046737671,0.6918361186981201,2.024244785308838,7.570391654968262,0.2878987491130829,12,2,2,1,2,1,0,0.0,0.4755760133266449,2,stale,0.0,6,148,89,CORRECT,0,0,0,0,0,0,0.0,0.0
margin,live-delta,11,0.0,0.307452,0.576036,0.051934,0.898438,0.505797,0.655797,0.0018193721771240234,0.8310966491699219,0.8292772769927979,1.5912578105926514,4.909920692443848,0.3159274160861969,12,2,2,1,2,1,0,0.0,0.7122912406921387,2,stale,0.0,6,149,90,CORRECT,0,0,0,0,0,0,0.0,0.0
margin,live-delta,11,0.0,0.307452,0.576036,0.051934,0.898438,0.505797,0.655797,0.005340278148651123,0.8188492059707642,0.813508927822113,2.0114808082580566,7.474377155303955,0.276356965303421,15,2,2,1,2,1,0,0.0,0.6028050780296326,2,stale,0.0,6,152,84,CORRECT,0,0,0,0,0,0,0.0,0.0
margin,live-delta,11,0.0,0.307452,0.576036,0.051934,0.898438,0.505797,0.655797,0.020387768745422363,0.727567195892334,0.7071794271469116,1.4131163358688354,4.108739852905273,0.4340558350086212,6,2,2,1,2,1,0,0.0,0.5479637384414673,2,stale,0.0,6,153,90,CORRECT,0,0,0,0,0,0,0.0,0.0
margin,live-delta,11,0.0,0.307452,0.576036,0.051934,0.898438,0.505797,0.655797,0.01642930507659912,0.6028136014938354,0.5863842964172363,1.7686195373535156,5.8627543449401855,0.31485506892204285,7,2,2,1,2,1,0,0.0,0.4060813784599304,2,stale,0.0,6,155,90,CORRECT,0,0,0,0,0,0,0.0,0.0
margin,live-delta,11,0.0,0.307452,0.576036,0.051934,0.898438,0.505797,0.655797,0.021501898765563965,0.5590934753417969,0.5375915765762329,1.538632869720459,4.658217430114746,0.3442719876766205,5,2,2,1,2,1,0,0.0,0.3610961139202118,2,stale,0.0,6,157,74,CORRECT,0,0,0,0,0,0,0.0,0.0
margin,live-delta,11,0.0,0.307452,0.576036,0.051934,0.898438,0.505797,0.655797,0.02462470531463623,0.63222336769104,0.6075986623764038,1.7959339618682861,6.025099277496338,0.318770170211792,7,2,2,1,2,1,0,0.0,0.429174542427063,2,stale,0.0,6,159,90,CORRECT,0,0,0,0,0,0,0.0,0.0
margin,live-delta,11,0.0,0.307452,0.576036,0.051934,0.898438,0.505797,0.655797,0.042462825775146484,0.5661683678627014,0.5237055420875549,0.9782172441482544,2.65971040725708,0.5694142580032349,3,2,2,1,2,1,0,0.0,0.3182640075683594,2,stale,0.0,6,160,87,CORRECT,0,0,0,0,0,0,0.0,0.0
margin,live-delta,11,0.0,0.307452,0.576036,0.051934,0.898438,0.505797,0.655797,0.03060382604598999,0.5303032398223877,0.4996994137763977,-0.0,1.0,1.0,1,2,2,1,2,1,0,0.0,0.2477591633796692,2,stale,0.0,6,161,74,CORRECT,0,0,0,0,0,0,0.0,0.0
margin,live-delta,11,0.0,0.307452,0.576036,0.051934,0.898438,0.505797,0.655797,0.020775914192199707,0.6862285137176514,0.6654525995254517,1.5282396078109741,4.610054016113281,0.4059378504753113,8,2,2,1,2,1,0,0.0,0.5588211417198181,2,stale,0.0,6,162,90,CORRECT,0,0,0,0,0,0,0.0,0.0
margin,live-delta,11,0.0,0.307452,0.576036,0.051934,0.898438,0.505797,0.655797,0.03744542598724365,0.5544109344482422,0.5169655084609985,0.6276651620864868,1.8732317686080933,0.6789409518241882,2,2,2,1,2,1,0,0.0,0.396892249584198,2,stale,0.0,6,164,89,CORRECT,0,0,0,0,0,0,0.0,0.0
margin,live-delta,11,0.0,0.307452,0.576036,0.051934,0.898438,0.505797,0.655797,0.04330688714981079,0.7212452292442322,0.6779383420944214,1.6249302625656128,5.078064918518066,0.4363017976284027,9,2,2,1,2,1,0,0.0,0.5843628644943237,2,stale,0.0,6,165,90,CORRECT,0,0,0,0,0,0,0.0,0.0
margin,live-delta,11,0.0,0.307452,0.576036,0.051934,0.898438,0.505797,0.655797,0.003607511520385742,0.7778502702713013,0.7742427587509155,1.9822272062301636,7.258892059326172,0.2789531350135803,13,2,2,1,2,1,0,0.0,0.5958204865455627,2,stale,0.0,6,166,84,CORRECT,0,0,0,0,0,0,0.0,0.0
margin,live-delta,11,0.0,0.307452,0.576036,0.051934,0.898438,0.505797,0.655797,0.007624030113220215,0.5461317300796509,0.5385076999664307,1.095294713973999,2.9900639057159424,0.37162816524505615,3,2,2,1,2,1,0,0.0,0.2284112572669983,2,stale,0.0,6,167,87,CORRECT,0,0,0,0,0,0,0.0,0.0
margin,live-delta,11,0.0,0.307452,0.576036,0.051934,0.898438,0.505797,0.655797,0.02289295196533203,0.5277668237686157,0.5048738718032837,-0.0,1.0,1.0,1,2,2,1,2,1,0,0.0,0.34557726979255676,2,stale,0.0,6,169,64,CORRECT,0,0,0,0,0,0,0.0,0.0
margin,live-delta,11,0.0,0.307452,0.576036,0.051934,0.898438,0.505797,0.655797,0.025896310806274414,0.6113731861114502,0.5854768753051758,2.1250619888305664,8.373416900634766,0.24786698818206787,10,2,2,1,2,1,0,0.0,0.3930767774581909,2,stale,0.0,6,170,89,CORRECT,0,0,0,0,0,0,0.0,0.0
margin,live-delta,11,0.0,0.307452,0.576036,0.051934,0.898438,0.505797,0.655797,0.1614026129245758,0.5188366174697876,0.3574340045452118,-0.0,1.0,1.0,1,2,2,1,2,1,0,0.0,0.3164824843406677,2,stale,0.0,6,171,71,CORRECT,0,0,0,0,0,0,0.0,0.0
margin,live-delta,11,0.0,0.307452,0.576036,0.051934,0.898438,0.505797,0.655797,0.019540131092071533,0.7261701822280884,0.7066300511360168,1.6662155389785767,5.292101860046387,0.34040728211402893,10,2,2,1,2,1,0,0.0,0.5258231163024902,2,stale,0.0,6,174,84,CORRECT,0,0,0,0,0,0,0.0,0.0
margin,live-delta,11,0.0,0.307452,0.576036,0.051934,0.898438,0.505797,0.655797,0.008577108383178711,0.709463357925415,0.7008862495422363,1.85888671875,6.416589260101318,0.33464863896369934,13,2,2,1,2,1,0,0.0,0.5632714629173279,2,stale,0.0,6,176,65,CORRECT,0,0,0,0,0,0,0.0,0.0
margin,live-delta,11,0.0,0.307452,0.576036,0.051934,0.898438,0.505797,0.655797,0.008091270923614502,0.5726185441017151,0.5645272731781006,1.55692458152771,4.744208335876465,0.2917756736278534,5,2,2,1,2,1,0,0.0,0.35414767265319824,2,stale,0.0,6,177,74,CORRECT,0,0,0,0,0,0,0.0,0.0
margin,live-delta,11,0.0,0.307452,0.576036,0.051934,0.898438,0.505797,0.655797,0.07999742031097412,0.7938531041145325,0.7138556838035583,1.1996726989746094,3.319030523300171,0.6371034979820251,7,2,2,1,2,1,0,0.0,0.6809784173965454,2,stale,0.0,6,178,90,CORRECT,0,0,0,0,0,0,0.0,0.0
margin,live-delta,11,0.0,0.307452,0.576036,0.051934,0.898438,0.505797,0.655797,0.01630270481109619,0.7674540281295776,0.7511513233184814,1.4601036310195923,4.306406021118164,0.438611775636673,11,2,2,1,2,1,0,0.0,0.6261707544326782,2,stale,0.0,6,179,64,CORRECT,0,0,0,0,0,0,0.0,0.0
margin,live-delta,11,0.0,0.307452,0.576036,0.051934,0.898438,0.505797,0.655797,0.03030848503112793,0.8509020209312439,0.820593535900116,1.5743459463119507,4.827583312988281,0.4366735816001892,15,2,2,1,2,1,0,0.0,0.720429003238678,2,stale,0.0,6,180,90,CORRECT,0,0,0,0,0,0,0.0,0.0
margin,live-delta,11,0.0,0.307452,0.576036,0.051934,0.898438,0.505797,0.655797,0.007976055145263672,0.8307018280029297,0.822725772857666,1.6607012748718262,5.26300048828125,0.3595731258392334,14,2,2,1,2,1,0,0.0,0.5800230503082275,2,stale,0.0,6,181,74,CORRECT,0,0,0,0,0,0,0.0,0.0
margin,live-delta,11,0.0,0.307452,0.576036,0.051934,0.898438,0.505797,0.655797,0.027524173259735107,0.5402094721794128,0.5126852989196777,0.6566561460494995,1.9283335208892822,0.6342477798461914,2,2,2,1,2,1,0,0.0,0.4117984473705292,2,stale,0.0,6,183,82,CORRECT,0,0,0,0,0,0,0.0,0.0
margin,live-delta,11,0.0,0.307452,0.576036,0.051934,0.898438,0.505797,0.655797,0.06895595788955688,0.7991049289703369,0.73014897108078,1.3821954727172852,3.983638048171997,0.5464133024215698,8,2,2,1,2,1,0,0.0,0.6681656241416931,2,stale,0.0,6,184,90,CORRECT,0,0,0,0,0,0,0.0,0.0
margin,live-delta,11,0.0,0.307452,0.576036,0.051934,0.898438,0.505797,0.655797,0.001587986946105957,0.5414755344390869,0.539887547492981,0.6930211186408997,1.9997478723526,0.5079393982887268,2,2,2,1,2,1,0,0.0,0.32606571912765503,2,stale,0.0,6,187,89,CORRECT,0,0,0,0,0,0,0.0,0.0
margin,live-delta,11,0.0,0.307452,0.576036,0.051934,0.898438,0.505797,0.655797,0.009970366954803467,0.721244215965271,0.7112738490104675,1.4813824892044067,4.399023056030273,0.37090349197387695,7,2,2,1,2,1,0,0.0,0.5688634514808655,2,stale,0.0,6,188,90,CORRECT,0,0,0,0,0,0,0.0,0.0
margin,live-delta,11,0.0,0.307452,0.576036,0.051934,0.898438,0.505797,0.655797,0.027580201625823975,0.8041415214538574,0.7765613198280334,1.7552348375320435,5.784806251525879,0.33729133009910583,14,2,2,1,2,1,0,0.0,0.6601616740226746,2,stale,0.0,6,189,90,CORRECT,0,0,0,0,0,0,0.0,0.0
margin,live-delta,11,0.0,0.307452,0.576036,0.051934,0.898438,0.505797,0.655797,0.17678111791610718,0.6894976496696472,0.51271653175354,0.12883694469928741,1.1375045776367188,0.9716845154762268,2,3,3,1,3,1,0,0.0,0.3187081813812256,2,stale,0.0,6,192,103,CORRECT,0,0,0,0,0,0,0.0,0.0
margin,live-delta,11,0.0,0.307452,0.576036,0.051934,0.898438,0.505797,0.655797,0.2501198649406433,0.8384618759155273,0.588342010974884,0.12021923810243607,1.1277440786361694,0.9812107086181641,6,3,3,1,3,1,0,0.0,0.5976263284683228,2,stale,0.0,6,193,110,CORRECT,0,0,0,0,0,0,0.0,0.0
margin,live-delta,11,0.0,0.307452,0.576036,0.051934,0.898438,0.505797,0.655797,0.12315046787261963,0.7314360737800598,0.6082856059074402,0.7956591844558716,2.2159011363983154,0.8165701627731323,8,3,3,1,3,1,0,0.0,0.4771263003349304,2,stale,0.0,6,194,116,CORRECT,0,0,0,0,0,0,0.0,0.0
margin,live-delta,11,0.0,0.307452,0.576036,0.051934,0.898438,0.505797,0.655797,0.05098092555999756,0.6020346879959106,0.5510537624359131,0.9231325387954712,2.5171632766723633,0.6188891530036926,3,3,3,1,3,1,0,0.0,0.35551363229751587,2,stale,0.0,6,195,96,CORRECT,0,0,0,0,0,0,0.0,0.0
margin,live-delta,11,0.0,0.307452,0.576036,0.051934,0.898438,0.505797,0.655797,0.09636414051055908,0.6056495904922485,0.5092854499816895,0.3807434141635895,1.4633721113204956,0.8729482889175415,2,3,3,1,3,1,0,0.0,0.3226177990436554,2,stale,0.0,6,196,118,CORRECT,0,0,0,0,0,0,0.0,0.0
margin,live-delta,11,0.0,0.307452,0.576036,0.051934,0.898438,0.505797,0.655797,0.0004450678825378418,0.663228452205658,0.6627833843231201,1.0194652080535889,2.771712064743042,0.4507857859134674,4,3,3,1,3,1,0,0.0,0.43403884768486023,2,stale,0.0,6,198,115,CORRECT,0,0,0,0,0,0,0.0,0.0
margin,live-delta,11,0.0,0.307452,0.576036,0.051934,0.898438,0.505797,0.655797,0.04778146743774414,0.5894176363945007,0.5416361689567566,0.5908196568489075,1.8054677248001099,0.7222458720207214,2,3,3,1,3,1,0,0.0,0.35544294118881226,2,stale,0.0,6,199,103,CORRECT,0,0,0,0,0,0,0.0,0.0
margin,live-delta,11,0.0,0.307452,0.576036,0.051934,0.898438,0.505797,0.655797,0.016924381256103516,0.5788602828979492,0.5619359016418457,1.3183130025863647,3.7371115684509277,0.3798491060733795,4,3,3,1,3,1,0,0.0,0.25708454847335815,2,stale,0.0,6,200,120,CORRECT,0,0,0,0,0,0,0.0,0.0
margin,live-delta,11,0.0,0.307452,0.576036,0.051934,0.898438,0.505797,0.655797,0.08788466453552246,0.7313388586044312,0.6434541940689087,1.032016634941101,2.80672025680542,0.7213822603225708,8,3,3,1,3,1,0,0.0,0.5794543027877808,2,stale,0.0,6,201,102,CORRECT,0,0,0,0,0,0,0.0,0.0
margin,live-delta,11,0.0,0.307452,0.576036,0.051934,0.898438,0.505797,0.655797,0.08769881725311279,0.692467451095581,0.6047686338424683,0.5087853074073792,1.6632696390151978,0.835236132144928,3,3,3,1,3,1,0,0.0,0.48868000507354736,2,stale,0.0,6,202,114,CORRECT,0,0,0,0,0,0,0.0,0.0
margin,live-delta,11,0.0,0.307452,0.576036,0.051934,0.898438,0.505797,0.655797,0.03672116994857788,0.7536641359329224,0.7169429659843445,1.7812998294830322,5.9375691413879395,0.3747570514678955,10,3,3,1,3,1,0,0.0,0.58802330493927,2,stale,0.0,6,203,102,CORRECT,0,0,0,0,0,0,0.0,0.0
margin,live-delta,11,0.0,0.307452,0.576036,0.051934,0.898438,0.505797,0.655797,0.01258617639541626,0.6234400272369385,0.6108538508415222,1.6658610105514526,5.290226459503174,0.3063194751739502,7,3,3,1,3,1,0,0.0,0.22805306315422058,2,stale,0.0,6,204,120,CORRECT,0,0,0,0,0,0,0.0,0.0
margin,live-delta,11,0.0,0.307452,0.576036,0.051934,0.898438,0.505797,0.655797,0.12952852249145508,0.8142807483673096,0.6847522258758545,0.7137169241905212,2.041565418243408,0.8377211093902588,10,3,3,1,3,1,0,0.0,0.6377133131027222,2,stale,0.0,6,206,102,CORRECT,0,0,0,0,0,0,0.0,0.0
margin,live-delta,11,0.0,0.307452,0.576036,0.051934,0.898438,0.505797,0.655797,0.010855257511138916,0.7418167591094971,0.7309615015983582,1.8389017581939697,6.2896270751953125,0.3305138051509857,14,3,3,1,3,1,0,0.0,0.564441978931427,2,stale,0.0,6,207,126,CORRECT,0,0,0,0,0,0,0.0,0.0
margin,live-delta,11,0.0,0.307452,0.576036,0.051934,0.898438,0.505797,0.655797,0.31014442443847656,0.938294529914856,0.6281501054763794,0.022345079109072685,1.0225965976715088,0.9970722198486328,4,3,3,1,3,1,0,0.0,0.6507328748703003,2,stale,0.0,6,208,122,CORRECT,0,0,0,0,0,0,0.0,0.0
margin,live-delta,11,0.0,0.307452,0.576036,0.051934,0.898438,0.505797,0.655797,0.20055639743804932,0.6931475400924683,0.49259114265441895,-0.0,1.0,1.0,1,3,3,1,3,1,0,0.0,0.4239552617073059,2,stale,0.0,6,209,114,CORRECT,0,0,0,0,0,0,0.0,0.0
margin,live-delta,11,0.0,0.307452,0.576036,0.051934,0.898438,0.505797,0.655797,0.03714936971664429,0.8875680565834045,0.8504186868667603,1.68520987033844,5.393582820892334,0.43476977944374084,14,3,3,1,3,1,0,0.0,0.7825043797492981,2,stale,0.0,6,213,106,CORRECT,0,0,0,0,0,0,0.0,0.0
margin,live-delta,11,0.0,0.307452,0.576036,0.051934,0.898438,0.505797,0.655797,0.004091382026672363,0.8561554551124573,0.8520640730857849,1.9005540609359741,6.689599990844727,0.2544049322605133,15,3,3,1,3,1,0,0.0,0.6750622987747192,2,stale,0.0,6,215,111,CORRECT,0,0,0,0,0,0,0.0,0.0
margin,live-delta,11,0.0,0.307452,0.576036,0.051934,0.898438,0.505797,0.655797,0.02332526445388794,0.8350045084953308,0.8116792440414429,1.7314645051956177,5.64892053604126,0.3441447913646698,13,3,3,1,3,1,0,0.0,0.7101004123687744,2,stale,0.0,6,216,127,CORRECT,0,0,0,0,0,0,0.0,0.0
margin,live-delta,11,0.0,0.307452,0.576036,0.051934,0.898438,0.505797,0.655797,0.025778532028198242,0.78267902135849,0.7569004893302917,2.016295909881592,7.510453701019287,0.31924542784690857,13,3,3,1,3,1,0,0.0,0.6660486459732056,2,stale,0.0,6,217,127,CORRECT,0,0,0,0,0,0,0.0,0.0
margin,live-delta,11,0.0,0.307452,0.576036,0.051934,0.898438,0.505797,0.655797,0.010915875434875488,0.8731348514556885,0.862218976020813,1.7308435440063477,5.645413875579834,0.30749261379241943,11,3,3,1,3,1,0,0.0,0.7605646848678589,2,stale,0.0,6,218,125,CORRECT,0,0,0,0,0,0,0.0,0.0
margin,live-delta,11,0.0,0.307452,0.576036,0.051934,0.898438,0.505797,0.655797,0.07246661186218262,0.8534470200538635,0.7809804081916809,1.5687958002090454,4.800863742828369,0.5356088876724243,12,3,3,1,3,1,0,0.0,0.5936151146888733,2,stale,0.0,6,219,105,CORRECT,0,0,0,0,0,0,0.0,0.0
margin,live-delta,11,0.0,0.307452,0.576036,0.051934,0.898438,0.505797,0.655797,0.07581859827041626,0.6874869465827942,0.6116683483123779,0.7107192873954773,2.035454750061035,0.7551196813583374,3,3,3,1,3,1,0,0.0,0.29558390378952026,2,stale,0.0,6,220,122,CORRECT,0,0,0,0,0,0,0.0,0.0
margin,live-delta,11,0.0,0.307452,0.576036,0.051934,0.898438,0.505797,0.655797,0.001756131649017334,0.8375440835952759,0.8357879519462585,1.9982315301895142,7.37600040435791,0.18299587070941925,14,3,3,1,3,1,0,0.0,0.7359657883644104,2,stale,0.0,6,221,106,CORRECT,0,0,0,0,0,0,0.0,0.0
margin,live-delta,11,0.0,0.307452,0.576036,0.051934,0.898438,0.505797,0.655797,0.012435197830200195,0.5919559001922607,0.5795207023620605,1.3577362298965454,3.887383222579956,0.34205836057662964,4,3,3,1,3,1,0,0.0,0.3724329471588135,2,stale,0.0,6,222,122,CORRECT,0,0,0,0,0,0,0.0,0.0
margin,live-delta,11,0.0,0.307452,0.576036,0.051934,0.898438,0.505797,0.655797,0.1421467661857605,0.74917072057724,0.6070239543914795,0.579261839389801,1.784720540046692,0.8673574924468994,6,3,3,1,3,1,0,0.0,0.6529428362846375,2,stale,0.0,6,223,98,CORRECT,0,0,0,0,0,0,0.0,0.0
margin,live-delta,11,0.0,0.307452,0.576036,0.051934,0.898438,0.505797,0.655797,0.21937918663024902,0.8214820027351379,0.6021028161048889,0.12913697957992554,1.1378459930419922,0.9784379005432129,5,3,3,1,3,1,0,0.0,0.6802964210510254,2,stale,0.0,6,224,110,CORRECT,0,0,0,0,0,0,0.0,0.0
margin,live-delta,11,0.0,0.307452,0.576036,0.051934,0.898438,0.505797,0.655797,0.017391085624694824,0.8623713254928589,0.8449802398681641,1.7294914722442627,5.637786388397217,0.3220040202140808,10,3,3,1,3,1,0,0.0,0.7513468265533447,2,stale,0.0,6,225,105,CORRECT,0,0,0,0,0,0,0.0,0.0
margin,live-delta,11,0.0,0.307452,0.576036,0.051934,0.898438,0.505797,0.655797,0.14155244827270508,0.7440454959869385,0.6024930477142334,0.4686087667942047,1.5977697372436523,0.8868640661239624,4,3,3,1,3,1,0,0.0,0.6083049774169922,2,stale,0.0,6,226,96,CORRECT,0,0,0,0,0,0,0.0,0.0
margin,live-delta,11,0.0,0.307452,0.576036,0.051934,0.898438,0.505797,0.655797,0.009824693202972412,0.8616310954093933,0.8518064022064209,1.3696613311767578,3.934018135070801,0.40745192766189575,11,3,3,1,3,1,0,0.0,0.7183105945587158,2,stale,0.0,6,227,97,CORRECT,0,0,0,0,0,0,0.0,0.0
margin,live-delta,11,0.0,0.307452,0.576036,0.051934,0.898438,0.505797,0.655797,0.1868841052055359,0.7295669317245483,0.5426828265190125,0.11045202612876892,1.116782784461975,0.9767444729804993,2,3,3,1,3,1,0,0.0,0.6021155714988708,2,stale,0.0,6,228,110,CORRECT,0,0,0,0,0,0,0.0,0.0
margin,live-delta,11,0.0,0.307452,0.576036,0.051934,0.898438,0.505797,0.655797,0.020042985677719116,0.5192570686340332,0.4992140829563141,-0.0,1.0,1.0,1,3,3,1,3,1,0,0.0,0.1971248984336853,2,stale,0.0,6,229,119,CORRECT,0,0,0,0,0,0,0.0,0.0
margin,live-delta,11,0.0,0.307452,0.576036,0.051934,0.898438,0.505797,0.655797,0.0030614137649536133,0.7558149099349976,0.752753496170044,1.9802350997924805,7.24444580078125,0.2444910705089569,16,3,3,1,3,1,0,0.0,0.5923832058906555,2,stale,0.0,6,230,102,CORRECT,0,0,0,0,0,0,0.0,0.0
margin,live-delta,11,0.0,0.307452,0.576036,0.051934,0.898438,0.505797,0.655797,0.02777397632598877,0.8631192445755005,0.8353452682495117,1.8168362379074097,6.152362823486328,0.34708458185195923,16,3,3,1,3,1,0,0.0,0.69650799036026,2,stale,0.0,6,231,125,CORRECT,0,0,0,0,0,0,0.0,0.0
margin,live-delta,11,0.0,0.307452,0.576036,0.051934,0.898438,0.505797,0.655797,0.0031142234802246094,0.6046508550643921,0.6015366315841675,1.6977214813232422,5.461489200592041,0.25920143723487854,6,3,3,1,3,1,0,0.0,0.3869871497154236,2,stale,0.0,6,232,115,CORRECT,0,0,0,0,0,0,0.0,0.0
margin,live-delta,11,0.0,0.307452,0.576036,0.051934,0.898438,0.505797,0.655797,0.01851475238800049,0.7026830911636353,0.6841683387756348,2.3096578121185303,10.070978164672852,0.2060661017894745,14,3,3,1,3,1,0,0.0,0.5461775064468384,2,stale,0.0,6,233,127,CORRECT,0,0,0,0,0,0,0.0,0.0
margin,live-delta,11,0.0,0.307452,0.576036,0.051934,0.898438,0.505797,0.655797,0.027986109256744385,0.8835732936859131,0.8555871844291687,1.5692329406738281,4.802962779998779,0.4260646402835846,14,3,3,1,3,1,0,0.0,0.7006120085716248,2,stale,0.0,6,235,125,CORRECT,0,0,0,0,0,0,0.0,0.0
margin,live-delta,11,0.0,0.307452,0.576036,0.051934,0.898438,0.505797,0.655797,0.015972495079040527,0.809628963470459,0.7936564683914185,1.5808398723602295,4.859035015106201,0.3608261048793793,9,3,3,1,3,1,0,0.0,0.6345729827880859,2,stale,0.0,6,236,112,CORRECT,0,0,0,0,0,0,0.0,0.0
margin,live-delta,11,0.0,0.307452,0.576036,0.051934,0.898438,0.505797,0.655797,0.18761926889419556,0.7911852598190308,0.6035659909248352,0.2564864456653595,1.2923812866210938,0.9527614116668701,6,3,3,1,3,1,0,0.0,0.5610560178756714,2,stale,0.0,6,237,110,CORRECT,0,0,0,0,0,0,0.0,0.0
margin,live-delta,11,0.0,0.307452,0.576036,0.051934,0.898438,0.505797,0.655797,0.0336647629737854,0.8508002758026123,0.8171355128288269,1.7512774467468262,5.761958599090576,0.3847469687461853,13,3,3,1,3,1,0,0.0,0.6989814043045044,2,stale,0.0,6,238,105,CORRECT,0,0,0,0,0,0,0.0,0.0
margin,live-delta,11,0.0,0.307452,0.576036,0.051934,0.898438,0.505797,0.655797,0.1614556908607483,0.7561558485031128,0.5947001576423645,0.16180875897407532,1.1756353378295898,0.9619152545928955,2,3,3,1,3,1,0,0.0,0.6322998404502869,2,stale,0.0,6,239,110,CORRECT,0,0,0,0,0,0,0.0,0.0
margin,live-delta,11,0.0,0.307452,0.576036,0.051934,0.898438,0.505797,0.655797,0.006048679351806641,0.6312018632888794,0.6251531839370728,1.688537359237671,5.411559581756592,0.3460525572299957,8,3,3,1,3,1,0,0.0,0.45505237579345703,2,stale,0.0,6,240,113,CORRECT,0,0,0,0,0,0,0.0,0.0
margin,live-delta,11,0.0,0.307452,0.576036,0.051934,0.898438,0.505797,0.655797,0.004112362861633301,0.7422609329223633,0.73814857006073,2.0191597938537598,7.531993865966797,0.22622618079185486,13,3,3,1,3,1,0,0.0,0.597240686416626,2,stale,0.0,6,241,101,CORRECT,0,0,0,0,0,0,0.0,0.0
margin,live-delta,11,0.0,0.307452,0.576036,0.051934,0.898438,0.505797,0.655797,0.004317045211791992,0.8364173769950867,0.8321003317832947,2.0363223552703857,7.662377834320068,0.22153614461421967,14,3,3,1,3,1,0,0.0,0.7108869552612305,2,stale,0.0,6,242,125,CORRECT,0,0,0,0,0,0,0.0,0.0
margin,live-delta,11,0.0,0.307452,0.576036,0.051934,0.898438,0.505797,0.655797,0.10091966390609741,0.7671535611152649,0.6662338972091675,1.0520037412643433,2.8633828163146973,0.7074735164642334,7,3,3,1,3,1,0,0.0,0.48336267471313477,2,stale,0.0,6,244,120,CORRECT,0,0,0,0,0,0,0.0,0.0
margin,live-delta,11,0.0,0.307452,0.576036,0.051934,0.898438,0.505797,0.655797,0.03122866153717041,0.8901559114456177,0.8589272499084473,1.1894530057907104,3.2852835655212402,0.5377647280693054,12,3,3,1,3,1,0,0.0,0.7685378789901733,2,stale,0.0,6,245,97,CORRECT,0,0,0,0,0,0,0.0,0.0
margin,live-delta,11,0.0,0.307452,0.576036,0.051934,0.898438,0.505797,0.655797,0.48767468333244324,0.8059310913085938,0.3182564079761505,-0.0,1.0,1.0,1,3,3,1,3,1,0,0.0,0.6626580953598022,2,stale,0.0,6,246,100,CORRECT,0,0,0,0,0,0,0.0,0.0
margin,live-delta,11,0.0,0.307452,0.576036,0.051934,0.898438,0.505797,0.655797,0.002940237522125244,0.5670374035835266,0.5640971660614014,1.3401479721069336,3.819608688354492,0.3315141499042511,4,3,3,1,3,1,0,0.0,0.4298700988292694,2,stale,0.0,6,248,101,CORRECT,0,0,0,0,0,0,0.0,0.0
margin,live-delta,11,0.0,0.307452,0.576036,0.051934,0.898438,0.505797,0.655797,0.01873636245727539,0.6796143651008606,0.6608780026435852,1.8901371955871582,6.620276927947998,0.3040600121021271,9,3,3,1,3,1,0,0.0,0.5658657550811768,2,stale,0.0,6,249,105,CORRECT,0,0,0,0,0,0,0.0,0.0
margin,live-delta,11,0.0,0.307452,0.576036,0.051934,0.898438,0.505797,0.655797,0.05136531591415405,0.7388730645179749,0.6875077486038208,1.2683812379837036,3.5550930500030518,0.57966148853302,9,3,3,1,3,1,0,0.0,0.5477907657623291,2,stale,0.0,6,250,114,CORRECT,0,0,0,0,0,0,0.0,0.0
margin,live-delta,11,0.0,0.307452,0.576036,0.051934,0.898438,0.505797,0.655797,0.13544273376464844,0.6935679912567139,0.5581252574920654,0.23366405069828033,1.2632200717926025,0.9375470876693726,2,3,3,1,3,1,0,0.0,0.42063069343566895,2,stale,0.0,6,251,120,CORRECT,0,0,0,0,0,0,0.0,0.0
margin,live-delta,11,0.0,0.307452,0.576036,0.051934,0.898438,0.505797,0.655797,0.04568326473236084,0.8082558512687683,0.7625725865364075,1.95170259475708,7.0406646728515625,0.4028291404247284,13,3,3,1,3,1,0,0.0,0.6864441633224487,2,stale,0.0,6,252,127,CORRECT,0,0,0,0,0,0,0.0,0.0
margin,live-delta,11,0.0,0.307452,0.576036,0.051934,0.898438,0.505797,0.655797,0.06185990571975708,0.7299630641937256,0.6681031584739685,1.7436161041259766,5.717982769012451,0.4944978356361389,13,3,3,1,3,1,0,0.0,0.5752080678939819,2,stale,0.0,6,253,114,CORRECT,0,0,0,0,0,0,0.0,0.0
margin,live-delta,11,0.0,0.307452,0.576036,0.051934,0.898438,0.505797,0.655797,0.05214470624923706,0.5976381301879883,0.5454934239387512,0.5736751556396484,1.7747776508331299,0.7394080758094788,2,3,3,1,3,1,0,0.0,0.4311729371547699,2,stale,0.0,6,254,102,CORRECT,0,0,0,0,0,0,0.0,0.0
margin,live-delta,11,0.0,0.307452,0.576036,0.051934,0.898438,0.505797,0.655797,0.009095430374145508,0.6186673641204834,0.6095719337463379,2.0734944343566895,7.952564239501953,0.22801867127418518,10,3,3,1,3,1,0,0.0,0.25513458251953125,2,stale,0.0,6,255,117,CORRECT,0,0,0,0,0,0,0.0,0.0
