vigilance_policy,retrieval_floor_policy,epoch,contraction,rho_probe,within_probe,offclass_weight_mean,acc_epoch,sim_floor_active,floor_delta_ema,top1_top2_margin,top1_sim,top2_sim,vote_entropy,effective_support,max_vote_weight,n_surviving_votes,true_label,top1_label,top1_correct,vote_pred_label,vote_correct,is_blended,offclass_weight,true_margin,margin_bucket,arm,injection_rate,supersede_epoch,probe_index,top1_slot,failure_mode,contradictory_strict,contradictory_lenient,stale_strict,stale_lenient,n_contra_topk,n_stale_topk,contra_vote_weight,stale_vote_weight,served_outcome,abstain_reason
margin,live-delta,0,0.0,0.244356,0.607198,5.7e-05,0.980469,0.466277,0.616277,0.008692145347595215,0.6145343780517578,0.6058422327041626,2.4878780841827393,12.035710334777832,0.1735929250717163,16,0,0,1,0,1,0,0.0,0.48662111163139343,2,clean,0.0,-1,0,29,CORRECT,0,0,0,0,0,0,0.0,0.0,answer,
margin,live-delta,0,0.0,0.244356,0.607198,5.7e-05,0.980469,0.466277,0.616277,0.002864539623260498,0.7485058903694153,0.7456413507461548,2.406562566757202,11.095754623413086,0.19970422983169556,20,0,0,1,0,1,0,0.0,0.5389264225959778,2,clean,0.0,-1,1,29,CORRECT,0,0,0,0,0,0,0.0,0.0,answer,
margin,live-delta,0,0.0,0.244356,0.607198,5.7e-05,0.980469,0.466277,0.616277,0.03562748432159424,0.8512296676635742,0.81560218334198,1.8628650903701782,6.44216775894165,0.437677800655365,20,0,0,1,0,1,0,0.0,0.613601803779602,2,clean,0.0,-1,2,0,CORRECT,0,0,0,0,0,0,0.0,0.0,answer,
margin,live-delta,0,0.0,0.244356,0.607198,5.7e-05,0.980469,0.466277,0.616277,0.06120377779006958,0.8351686596870422,0.7739648818969727,2.109811305999756,8.246685028076172,0.39704185724258423,20,0,0,1,0,1,0,0.0,0.6275011301040649,2,clean,0.0,-1,3,27,CORRECT,0,0,0,0,0,0,0.0,0.0,answer,
margin,live-delta,0,0.0,0.244356,0.607198,5.7e-05,0.980469,0.466277,0.616277,0.06320923566818237,0.6585389971733093,0.595329761505127,1.3653671741485596,3.917160987854004,0.5692832469940186,7,0,0,1,0,1,0,0.0,0.5165534019470215,2,clean,0.0,-1,4,12,CORRECT,0,0,0,0,0,0,0.0,0.0,answer,
margin,live-delta,0,0.0,0.244356,0.607198,5.7e-05,0.980469,0.466277,0.616277,0.01838463544845581,0.8731691241264343,0.8547844886779785,2.0343306064605713,7.647131443023682,0.3304731547832489,20,0,0,1,0,1,0,0.0,0.6164111495018005,2,clean,0.0,-1,5,27,CORRECT,0,0,0,0,0,0,0.0,0.0,answer,
margin,live-delta,0,0.0,0.244356,0.607198,5.7e-05,0.980469,0.466277,0.616277,0.024461090564727783,0.8591064214706421,0.8346453309059143,2.0839645862579346,8.036266326904297,0.31034284830093384,20,0,0,1,0,1,0,0.0,0.5630691647529602,2,clean,0.0,-1,6,0,CORRECT,0,0,0,0,0,0,0.0,0.0,answer,
margin,live-delta,0,0.0,0.244356,0.607198,5.7e-05,0.980469,0.466277,0.616277,0.01217198371887207,0.7492260336875916,0.7370540499687195,1.5021567344665527,4.491365432739258,0.3474813997745514,7,0,0,1,0,1,0,0.0,0.639962911605835,2,clean,0.0,-1,7,12,CORRECT,0,0,0,0,0,0,0.0,0.0,answer,
margin,live-delta,0,0.0,0.244356,0.607198,5.7e-05,0.980469,0.466277,0.616277,0.0574725866317749,0.8665192127227783,0.8090466260910034,1.768878698348999,5.864274024963379,0.46956494450569153,20,0,0,1,0,1,0,0.0,0.5741294622421265,2,clean,0.0,-1,8,19,CORRECT,0,0,0,0,0,0,0.0,0.0,answer,
margin,live-delta,0,0.0,0.244356,0.607198,5.7e-05,0.980469,0.466277,0.616277,0.02331995964050293,0.6571364402770996,0.6338164806365967,1.8307143449783325,6.238341331481934,0.389030396938324,13,0,0,1,0,1,0,0.0,0.32575005292892456,2,clean,0.0,-1,9,2,CORRECT,0,0,0,0,0,0,0.0,0.0,answer,
margin,live-delta,0,0.0,0.244356,0.607198,5.7e-05,0.980469,0.466277,0.616277,0.010274708271026611,0.8123652935028076,0.802090585231781,2.2328696250915527,9.326591491699219,0.24554862082004547,20,0,0,1,0,1,0,0.0,0.6101858019828796,2,clean,0.0,-1,10,27,CORRECT,0,0,0,0,0,0,0.0,0.0,answer,
margin,live-delta,0,0.0,0.244356,0.607198,5.7e-05,0.980469,0.466277,0.616277,0.0263330340385437,0.7415318489074707,0.715198814868927,2.523719310760498,12.474908828735352,0.197550967335701,20,0,0,1,0,1,0,0.0,0.41163015365600586,2,clean,0.0,-1,11,19,CORRECT,0,0,0,0,0,0,0.0,0.0,answer,
margin,live-delta,0,0.0,0.244356,0.607198,5.7e-05,0.980469,0.466277,0.616277,0.053028225898742676,0.6884907484054565,0.6354625225067139,1.888684630393982,6.610667705535889,0.44716835021972656,15,0,0,1,0,1,0,0.0,0.27818992733955383,2,clean,0.0,-1,12,28,CORRECT,0,0,0,0,0,0,0.0,0.0,answer,
margin,live-delta,0,0.0,0.244356,0.607198,5.7e-05,0.980469,0.466277,0.616277,0.03296172618865967,0.8734875321388245,0.8405258059501648,1.9558680057525635,7.0700531005859375,0.34270551800727844,20,0,0,1,0,1,0,0.0,0.5720294713973999,2,clean,0.0,-1,13,19,CORRECT,0,0,0,0,0,0,0.0,0.0,answer,
margin,live-delta,0,0.0,0.244356,0.607198,5.7e-05,0.980469,0.466277,0.616277,0.04973268508911133,0.6596090793609619,0.6098763942718506,2.256545066833496,9.550037384033203,0.349910169839859,18,0,0,1,0,1,0,0.0,0.376028835773468,2,clean,0.0,-1,14,14,CORRECT,0,0,0,0,0,0,0.0,0.0,answer,
margin,live-delta,0,0.0,0.244356,0.607198,5.7e-05,0.980469,0.466277,0.616277,0.059464991092681885,0.8609749674797058,0.8015099763870239,2.2850558757781982,9.826234817504883,0.3320564925670624,20,0,0,1,0,1,0,0.0,0.6294852495193481,2,clean,0.0,-1,15,0,CORRECT,0,0,0,0,0,0,0.0,0.0,answer,
margin,live-delta,0,0.0,0.244356,0.607198,5.7e-05,0.980469,0.466277,0.616277,0.03566533327102661,0.8514373302459717,0.8157719969749451,1.8758732080459595,6.526515483856201,0.3923010230064392,20,0,0,1,0,1,0,0.0,0.6156409978866577,2,clean,0.0,-1,16,0,CORRECT,0,0,0,0,0,0,0.0,0.0,answer,
margin,live-delta,0,0.0,0.244356,0.607198,5.7e-05,0.980469,0.466277,0.616277,0.0259246826171875,0.817624568939209,0.7916998863220215,2.0725443363189697,7.945012092590332,0.3371545076370239,20,0,0,1,0,1,0,0.0,0.615166425704956,2,clean,0.0,-1,17,0,CORRECT,0,0,0,0,0,0,0.0,0.0,answer,
margin,live-delta,0,0.0,0.244356,0.607198,5.7e-05,0.980469,0.466277,0.616277,0.01809978485107422,0.7281592488288879,0.7100594639778137,2.3283562660217285,10.261061668395996,0.26296719908714294,19,0,0,1,0,1,0,0.0,0.5232799649238586,2,clean,0.0,-1,18,11,CORRECT,0,0,0,0,0,0,0.0,0.0,answer,
margin,live-delta,0,0.0,0.244356,0.607198,5.7e-05,0.980469,0.466277,0.616277,0.056340694427490234,0.8419591784477234,0.7856184840202332,1.8564157485961914,6.400753498077393,0.4715288579463959,20,0,0,1,0,1,0,0.0,0.6057676076889038,2,clean,0.0,-1,19,0,CORRECT,0,0,0,0,0,0,0.0,0.0,answer,
margin,live-delta,0,0.0,0.244356,0.607198,5.7e-05,0.980469,0.466277,0.616277,0.10735994577407837,0.8890054225921631,0.7816454768180847,1.654344081878662,5.229648590087891,0.6039719581604004,20,0,0,1,0,1,0,0.0,0.7198744416236877,2,clean,0.0,-1,20,0,CORRECT,0,0,0,0,0,0,0.0,0.0,answer,
margin,live-delta,0,0.0,0.244356,0.607198,5.7e-05,0.980469,0.466277,0.616277,0.07574641704559326,0.8565751314163208,0.7808287143707275,1.6038110256195068,4.971944808959961,0.5907458066940308,20,0,0,1,0,1,0,0.0,0.6307447552680969,2,clean,0.0,-1,21,0,CORRECT,0,0,0,0,0,0,0.0,0.0,answer,
margin,live-delta,0,0.0,0.244356,0.607198,5.7e-05,0.980469,0.466277,0.616277,0.010011017322540283,0.609879732131958,0.5998687148094177,2.661395788192749,14.31625747680664,0.1477361023426056,19,0,0,1,0,1,0,0.0,0.39039385318756104,2,clean,0.0,-1,22,7,CORRECT,0,0,0,0,0,0,0.0,0.0,answer,
margin,live-delta,0,0.0,0.244356,0.607198,5.7e-05,0.980469,0.466277,0.616277,0.004011273384094238,0.6520997285842896,0.6480884552001953,2.446258783340454,11.545073509216309,0.1887655258178711,19,0,0,1,0,1,0,0.0,0.523506760597229,2,clean,0.0,-1,23,11,CORRECT,0,0,0,0,0,0,0.0,0.0,answer,
margin,live-delta,0,0.0,0.244356,0.607198,5.7e-05,0.980469,0.466277,0.616277,0.0026372671127319336,0.7925955057144165,0.7899582386016846,2.366831064224243,10.663546562194824,0.22386150062084198,20,0,0,1,0,1,0,0.0,0.5823259949684143,2,clean,0.0,-1,24,22,CORRECT,0,0,0,0,0,0,0.0,0.0,answer,
margin,live-delta,0,0.0,0.244356,0.607198,5.7e-05,0.980469,0.466277,0.616277,0.3059971034526825,0.6070910692214966,0.3010939657688141,-0.0,1.0,1.0,1,0,0,1,0,1,0,0.0,0.35750406980514526,2,clean,0.0,-1,25,30,CORRECT,0,0,0,0,0,0,0.0,0.0,answer,
margin,live-delta,0,0.0,0.244356,0.607198,5.7e-05,0.980469,0.466277,0.616277,0.021011531352996826,0.6684602499008179,0.647448718547821,2.0992791652679443,8.160285949707031,0.3467082679271698,15,0,0,1,0,1,0,0.0,0.47889745235443115,2,clean,0.0,-1,26,20,CORRECT,0,0,0,0,0,0,0.0,0.0,answer,
margin,live-delta,0,0.0,0.244356,0.607198,5.7e-05,0.980469,0.466277,0.616277,0.009212374687194824,0.7741955518722534,0.7649831771850586,2.2408275604248047,9.401107788085938,0.24142929911613464,20,0,0,1,0,1,0,0.0,0.5331166982650757,2,clean,0.0,-1,27,27,CORRECT,0,0,0,0,0,0,0.0,0.0,answer,
margin,live-delta,0,0.0,0.244356,0.607198,5.7e-05,0.980469,0.466277,0.616277,0.027210235595703125,0.8135794401168823,0.7863692045211792,1.9127768278121948,6.771866798400879,0.37401944398880005,20,0,0,1,0,1,0,0.0,0.6232535243034363,2,clean,0.0,-1,28,19,CORRECT,0,0,0,0,0,0,0.0,0.0,answer,
margin,live-delta,0,0.0,0.244356,0.607198,5.7e-05,0.980469,0.466277,0.616277,0.009036123752593994,0.7184197306632996,0.7093836069107056,2.036456346511841,7.66340446472168,0.33035457134246826,18,0,0,1,0,1,0,0.0,0.5991634130477905,2,clean,0.0,-1,29,7,CORRECT,0,0,0,0,0,0,0.0,0.0,answer,
margin,live-delta,0,0.0,0.244356,0.607198,5.7e-05,0.980469,0.466277,0.616277,0.01577126979827881,0.8026509284973145,0.7868796586990356,2.3519437313079834,10.50597095489502,0.24932830035686493,20,0,0,1,0,1,0,0.0,0.6467174291610718,2,clean,0.0,-1,30,22,CORRECT,0,0,0,0,0,0,0.0,0.0,answer,
margin,live-delta,0,0.0,0.244356,0.607198,5.7e-05,0.980469,0.466277,0.616277,0.11953634023666382,0.8753258585929871,0.7557895183563232,1.3980088233947754,4.047133445739746,0.6851340532302856,20,0,0,1,0,1,0,0.0,0.6159409284591675,2,clean,0.0,-1,31,0,CORRECT,0,0,0,0,0,0,0.0,0.0,answer,
margin,live-delta,0,0.0,0.244356,0.607198,5.7e-05,0.980469,0.466277,0.616277,0.2579633593559265,0.6663253307342529,0.4083619713783264,-0.0,1.0,1.0,1,0,0,1,0,1,0,0.0,0.4054147005081177,2,clean,0.0,-1,32,30,CORRECT,0,0,0,0,0,0,0.0,0.0,answer,
margin,live-delta,0,0.0,0.244356,0.607198,5.7e-05,0.980469,0.466277,0.616277,0.00027108192443847656,0.8409632444381714,0.8406921625137329,2.2232730388641357,9.237516403198242,0.23702208697795868,20,0,0,1,0,1,0,0.0,0.6162108182907104,2,clean,0.0,-1,33,27,CORRECT,0,0,0,0,0,0,0.0,0.0,answer,
margin,live-delta,0,0.0,0.244356,0.607198,5.7e-05,0.980469,0.466277,0.616277,0.07880854606628418,0.8197683095932007,0.7409597635269165,1.3303163051605225,3.7822394371032715,0.5591570138931274,6,0,0,1,0,1,0,0.0,0.7087355256080627,2,clean,0.0,-1,34,26,CORRECT,0,0,0,0,0,0,0.0,0.0,answer,
margin,live-delta,0,0.0,0.244356,0.607198,5.7e-05,0.980469,0.466277,0.616277,0.06488156318664551,0.8260010480880737,0.7611194849014282,1.1787643432617188,3.2503554821014404,0.5940961241722107,6,0,0,1,0,1,0,0.0,0.7347782254219055,2,clean,0.0,-1,35,26,CORRECT,0,0,0,0,0,0,0.0,0.0,answer,
margin,live-delta,0,0.0,0.244356,0.607198,5.7e-05,0.980469,0.466277,0.616277,0.01791250705718994,0.6625928282737732,0.6446803212165833,2.5377726554870605,12.651460647583008,0.1929238885641098,19,0,0,1,0,1,0,0.0,0.523886501789093,2,clean,0.0,-1,36,31,CORRECT,0,0,0,0,0,0,0.0,0.0,answer,
margin,live-delta,0,0.0,0.244356,0.607198,5.7e-05,0.980469,0.466277,0.616277,0.00014674663543701172,0.7378839254379272,0.7377371788024902,2.4393093585968018,11.465119361877441,0.20830827951431274,20,0,0,1,0,1,0,0.0,0.453913152217865,2,clean,0.0,-1,37,3,CORRECT,0,0,0,0,0,0,0.0,0.0,answer,
margin,live-delta,0,0.0,0.244356,0.607198,5.7e-05,0.980469,0.466277,0.616277,0.06540250778198242,0.8352208137512207,0.7698183059692383,1.9166908264160156,6.798424243927002,0.45502015948295593,18,0,0,1,0,1,0,0.0,0.525200366973877,2,clean,0.0,-1,39,19,CORRECT,0,0,0,0,0,0,0.0,0.0,answer,
margin,live-delta,0,0.0,0.244356,0.607198,5.7e-05,0.980469,0.466277,0.616277,8.213520050048828e-05,0.6722115278244019,0.6721293926239014,2.5988857746124268,13.448744773864746,0.13513359427452087,19,0,0,1,0,1,0,0.0,0.5113608837127686,2,clean,0.0,-1,40,1,CORRECT,0,0,0,0,0,0,0.0,0.0,answer,
margin,live-delta,0,0.0,0.244356,0.607198,5.7e-05,0.980469,0.466277,0.616277,0.021424174308776855,0.8092004060745239,0.7877762317657471,1.8422305583953857,6.310598850250244,0.3710879683494568,19,0,0,1,0,1,0,0.0,0.6027906537055969,2,clean,0.0,-1,41,2,CORRECT,0,0,0,0,0,0,0.0,0.0,answer,
margin,live-delta,0,0.0,0.244356,0.607198,5.7e-05,0.980469,0.466277,0.616277,0.014770090579986572,0.6550374627113342,0.6402673721313477,2.3951516151428223,10.969861030578613,0.2125970423221588,17,0,0,1,0,1,0,0.0,0.5561074614524841,2,clean,0.0,-1,42,18,CORRECT,0,0,0,0,0,0,0.0,0.0,answer,
margin,live-delta,0,0.0,0.244356,0.607198,5.7e-05,0.980469,0.466277,0.616277,0.0036307573318481445,0.8091407418251038,0.8055099844932556,2.218207359313965,9.190839767456055,0.24903666973114014,20,0,0,1,0,1,0,0.0,0.5742166042327881,2,clean,0.0,-1,43,22,CORRECT,0,0,0,0,0,0,0.0,0.0,answer,
margin,live-delta,0,0.0,0.244356,0.607198,5.7e-05,0.980469,0.466277,0.616277,0.007630765438079834,0.6590110659599304,0.6513803005218506,2.559352159500122,12.92743968963623,0.15378409624099731,18,0,0,1,0,1,0,0.0,0.4933120012283325,2,clean,0.0,-1,44,29,CORRECT,0,0,0,0,0,0,0.0,0.0,answer,
margin,live-delta,0,0.0,0.244356,0.607198,5.7e-05,0.980469,0.466277,0.616277,0.018065690994262695,0.7802423238754272,0.7621766328811646,2.3016512393951416,9.990665435791016,0.24524210393428802,20,0,0,1,0,1,0,0.0,0.5786288976669312,2,clean,0.0,-1,45,0,CORRECT,0,0,0,0,0,0,0.0,0.0,answer,
margin,live-delta,0,0.0,0.244356,0.607198,5.7e-05,0.980469,0.466277,0.616277,0.13380369544029236,0.615119457244873,0.4813157618045807,0.23890648782253265,1.269859790802002,0.9355999827384949,2,0,0,1,0,1,0,0.0,0.2942866384983063,2,clean,0.0,-1,46,6,CORRECT,0,0,0,0,0,0,0.0,0.0,answer,
margin,live-delta,0,0.0,0.244356,0.607198,5.7e-05,0.980469,0.466277,0.616277,0.014446496963500977,0.7987375259399414,0.7842910289764404,1.7550482749938965,5.783727169036865,0.37430909276008606,20,0,0,1,0,1,0,0.0,0.5803588032722473,2,clean,0.0,-1,47,9,CORRECT,0,0,0,0,0,0,0.0,0.0,answer,
margin,live-delta,0,0.0,0.244356,0.607198,5.7e-05,0.980469,0.466277,0.616277,0.04508107900619507,0.542166531085968,0.49708545207977295,1.221544623374939,3.392423629760742,0.5084954500198364,4,0,0,1,0,1,0,0.0,0.3024407625198364,2,clean,0.0,-1,48,10,CORRECT,0,0,0,0,0,0,0.0,0.0,answer,
margin,live-delta,0,0.0,0.244356,0.607198,5.7e-05,0.980469,0.466277,0.616277,0.015541672706604004,0.6601847410202026,0.6446430683135986,1.785942554473877,5.965199947357178,0.31330162286758423,8,0,0,1,0,1,0,0.0,0.5240664482116699,2,clean,0.0,-1,50,12,CORRECT,0,0,0,0,0,0,0.0,0.0,answer,
margin,live-delta,0,0.0,0.244356,0.607198,5.7e-05,0.980469,0.466277,0.616277,0.09869396686553955,0.8877891302108765,0.7890951633453369,1.5895107984542847,4.901350498199463,0.6128032207489014,20,0,0,1,0,1,0,0.0,0.6858367323875427,2,clean,0.0,-1,51,0,CORRECT,0,0,0,0,0,0,0.0,0.0,answer,
margin,live-delta,0,0.0,0.244356,0.607198,5.7e-05,0.980469,0.466277,0.616277,0.07959491014480591,0.835240364074707,0.7556454539299011,2.0745296478271484,7.960801124572754,0.4464603066444397,20,0,0,1,0,1,0,0.0,0.6948240995407104,2,clean,0.0,-1,52,22,CORRECT,0,0,0,0,0,0,0.0,0.0,answer,
margin,live-delta,0,0.0,0.244356,0.607198,5.7e-05,0.980469,0.466277,0.616277,0.04038846492767334,0.7718725204467773,0.731484055519104,1.4142096042633057,4.113234043121338,0.46398523449897766,7,0,0,1,0,1,0,0.0,0.6465674638748169,2,clean,0.0,-1,53,26,CORRECT,0,0,0,0,0,0,0.0,0.0,answer,
margin,live-delta,0,0.0,0.244356,0.607198,5.7e-05,0.980469,0.466277,0.616277,0.021745800971984863,0.7166833877563477,0.6949375867843628,1.9931995868682861,7.338977813720703,0.38795801997184753,20,0,0,1,0,1,0,0.0,0.5401468873023987,2,clean,0.0,-1,56,11,CORRECT,0,0,0,0,0,0,0.0,0.0,answer,
margin,live-delta,0,0.0,0.244356,0.607198,5.7e-05,0.980469,0.466277,0.616277,0.030704915523529053,0.7882815599441528,0.7575766444206238,1.7928885221481323,6.006778240203857,0.4267408549785614,19,0,0,1,0,1,0,0.0,0.4446962773799896,2,clean,0.0,-1,57,21,CORRECT,0,0,0,0,0,0,0.0,0.0,answer,
margin,live-delta,0,0.0,0.244356,0.607198,5.7e-05,0.980469,0.466277,0.616277,0.02657550573348999,0.8341991901397705,0.8076236844062805,2.004579782485962,7.422974109649658,0.35644713044166565,20,0,0,1,0,1,0,0.0,0.6128807067871094,2,clean,0.0,-1,58,0,CORRECT,0,0,0,0,0,0,0.0,0.0,answer,
margin,live-delta,0,0.0,0.244356,0.607198,5.7e-05,0.980469,0.466277,0.616277,0.003304004669189453,0.677891731262207,0.6745877265930176,2.606302499771118,13.548861503601074,0.1863083690404892,20,0,0,1,0,1,0,0.0,0.48026907444000244,2,clean,0.0,-1,59,14,CORRECT,0,0,0,0,0,0,0.0,0.0,answer,
margin,live-delta,0,0.0,0.244356,0.607198,5.7e-05,0.980469,0.466277,0.616277,0.06265604496002197,0.8349859714508057,0.7723299264907837,1.7187001705169678,5.577274322509766,0.5307914614677429,20,0,0,1,0,1,0,0.0,0.6107056736946106,2,clean,0.0,-1,60,2,CORRECT,0,0,0,0,0,0,0.0,0.0,answer,
margin,live-delta,0,0.0,0.244356,0.607198,5.7e-05,0.980469,0.466277,0.616277,0.002447187900543213,0.8728757500648499,0.8704285621643066,1.7311381101608276,5.6470770835876465,0.3716391623020172,20,0,0,1,0,1,0,0.0,0.6611804962158203,2,clean,0.0,-1,61,0,CORRECT,0,0,0,0,0,0,0.0,0.0,answer,
margin,live-delta,0,0.0,0.244356,0.607198,5.7e-05,0.980469,0.466277,0.616277,0.0034145712852478027,0.5589209198951721,0.5555063486099243,2.3829386234283447,10.836701393127441,0.17335356771945953,13,0,0,1,0,1,0,0.0,0.3900502622127533,2,clean,0.0,-1,62,0,CORRECT,0,0,0,0,0,0,0.0,0.0,answer,
margin,live-delta,0,0.0,0.244356,0.607198,5.7e-05,0.980469,0.466277,0.616277,0.024738192558288574,0.6136946678161621,0.5889564752578735,2.2272839546203613,9.274641036987305,0.24552853405475616,13,0,0,1,0,1,0,0.0,0.309717059135437,2,clean,0.0,-1,63,3,CORRECT,0,0,0,0,0,0,0.0,0.0,answer,
margin,live-delta,0,0.0,0.244356,0.607198,5.7e-05,0.980469,0.466277,0.616277,0.09998571872711182,0.618600070476532,0.5186143517494202,1.090551733970642,2.9759154319763184,0.6926170587539673,6,1,1,1,1,1,0,0.0,0.40959230065345764,2,clean,0.0,-1,64,50,CORRECT,0,0,0,0,0,0,0.0,0.0,answer,
margin,live-delta,0,0.0,0.244356,0.607198,5.7e-05,0.980469,0.466277,0.616277,0.05121266841888428,0.7665919661521912,0.7153792977333069,1.7484828233718872,5.74587869644165,0.47212183475494385,15,1,1,1,1,1,0,0.0,0.40311747789382935,2,clean,0.0,-1,65,37,CORRECT,0,0,0,0,0,0,0.0,0.0,answer,
margin,live-delta,0,0.0,0.244356,0.607198,5.7e-05,0.980469,0.466277,0.616277,0.03203341364860535,0.5036468505859375,0.47161343693733215,0.644357442855835,1.9047627449035645,0.6549046635627747,2,1,1,1,1,1,0,0.0,0.337674081325531,2,clean,0.0,-1,66,35,CORRECT,0,0,0,0,0,0,0.0,0.0,answer,
margin,live-delta,0,0.0,0.244356,0.607198,5.7e-05,0.980469,0.466277,0.616277,0.10132157802581787,0.6654294729232788,0.5641078948974609,1.589150071144104,4.899582862854004,0.600055456161499,12,1,1,1,1,1,0,0.0,0.41640186309814453,2,clean,0.0,-1,67,47,CORRECT,0,0,0,0,0,0,0.0,0.0,answer,
margin,live-delta,0,0.0,0.244356,0.607198,5.7e-05,0.980469,0.466277,0.616277,0.05116629600524902,0.6455747485160828,0.5944084525108337,1.2960596084594727,3.6548666954040527,0.5464943051338196,7,1,1,1,1,1,0,0.0,0.4683803915977478,2,clean,0.0,-1,68,57,CORRECT,0,0,0,0,0,0,0.0,0.0,answer,
margin,live-delta,0,0.0,0.244356,0.607198,5.7e-05,0.980469,0.466277,0.616277,0.11027538776397705,0.6950936317443848,0.5848182439804077,0.7107840776443481,2.0355865955352783,0.8172983527183533,6,1,1,1,1,1,0,0.0,0.4552825391292572,2,clean,0.0,-1,69,36,CORRECT,0,0,0,0,0,0,0.0,0.0,answer,
margin,live-delta,0,0.0,0.244356,0.607198,5.7e-05,0.980469,0.466277,0.616277,0.07145816087722778,0.8408964276313782,0.7694382667541504,1.6646839380264282,5.284002780914307,0.505393385887146,16,1,1,1,1,1,0,0.0,0.40438294410705566,2,clean,0.0,-1,70,40,CORRECT,0,0,0,0,0,0,0.0,0.0,answer,
margin,live-delta,0,0.0,0.244356,0.607198,5.7e-05,0.980469,0.466277,0.616277,0.006285190582275391,0.5209206342697144,0.514635443687439,1.8887509107589722,6.611105442047119,0.21866096556186676,7,1,1,1,1,1,0,0.0,0.3271400034427643,2,clean,0.0,-1,71,47,CORRECT,0,0,0,0,0,0,0.0,0.0,answer,
margin,live-delta,0,0.0,0.244356,0.607198,5.7e-05,0.980469,0.466277,0.616277,0.1541154384613037,0.7070056200027466,0.5528901815414429,0.25915229320526123,1.2958310842514038,0.9408519864082336,3,1,1,1,1,1,0,0.0,0.5489740371704102,2,clean,0.0,-1,72,36,CORRECT,0,0,0,0,0,0,0.0,0.0,answer,
margin,live-delta,0,0.0,0.244356,0.607198,5.7e-05,0.980469,0.466277,0.616277,0.03657364845275879,0.7942038774490356,0.7576302289962769,1.9058846235275269,6.725354194641113,0.3367863893508911,15,1,1,1,1,1,0,0.0,0.42950505018234253,2,clean,0.0,-1,74,45,CORRECT,0,0,0,0,0,0,0.0,0.0,answer,
margin,live-delta,0,0.0,0.244356,0.607198,5.7e-05,0.980469,0.466277,0.616277,0.12161687016487122,0.4690021574497223,0.3473852872848511,-0.0,1.0,1.0,1,1,1,1,1,1,0,0.0,0.29065269231796265,2,clean,0.0,-1,75,44,CORRECT,0,0,0,0,0,0,0.0,0.0,answer,
margin,live-delta,0,0.0,0.244356,0.607198,5.7e-05,0.980469,0.466277,0.616277,0.03811115026473999,0.7916508913040161,0.7535397410392761,1.5426193475723267,4.676824569702148,0.4435966908931732,12,1,1,1,1,1,0,0.0,0.4099929630756378,2,clean,0.0,-1,77,60,CORRECT,0,0,0,0,0,0,0.0,0.0,answer,
margin,live-delta,0,0.0,0.244356,0.607198,5.7e-05,0.980469,0.466277,0.616277,0.027743279933929443,0.6010585427284241,0.5733152627944946,1.4160377979278564,4.120760917663574,0.46678048372268677,6,1,1,1,1,1,0,0.0,0.415357768535614,2,clean,0.0,-1,78,35,CORRECT,0,0,0,0,0,0,0.0,0.0,answer,
margin,live-delta,0,0.0,0.244356,0.607198,5.7e-05,0.980469,0.466277,0.616277,0.037351906299591064,0.5969131588935852,0.5595612525939941,1.4065840244293213,4.081987380981445,0.4622056484222412,6,1,1,1,1,1,0,0.0,0.421724796295166,2,clean,0.0,-1,79,47,CORRECT,0,0,0,0,0,0,0.0,0.0,answer,
margin,live-delta,0,0.0,0.244356,0.607198,5.7e-05,0.980469,0.466277,0.616277,0.2626209259033203,0.7004657983779907,0.4378448724746704,-0.0,1.0,1.0,1,1,1,1,1,1,0,0.0,0.508686363697052,2,clean,0.0,-1,81,44,CORRECT,0,0,0,0,0,0,0.0,0.0,answer,
margin,live-delta,0,0.0,0.244356,0.607198,5.7e-05,0.980469,0.466277,0.616277,0.002087831497192383,0.5332192182540894,0.531131386756897,1.879578948020935,6.550745964050293,0.2097821682691574,7,1,1,1,1,1,0,0.0,0.35299718379974365,2,clean,0.0,-1,82,52,CORRECT,0,0,0,0,0,0,0.0,0.0,answer,
margin,live-delta,0,0.0,0.244356,0.607198,5.7e-05,0.980469,0.466277,0.616277,0.02273687720298767,0.5098756551742554,0.4871387779712677,1.0672328472137451,2.9073233604431152,0.4528815448284149,3,1,1,1,1,1,0,0.0,0.33688005805015564,2,clean,0.0,-1,83,35,CORRECT,0,0,0,0,0,0,0.0,0.0,answer,
margin,live-delta,0,0.0,0.244356,0.607198,5.7e-05,0.980469,0.466277,0.616277,0.0005498528480529785,0.6723116040229797,0.6717617511749268,2.3331432342529297,10.310297966003418,0.1623452752828598,15,1,1,1,1,1,0,0.0,0.3700893819332123,2,clean,0.0,-1,84,40,CORRECT,0,0,0,0,0,0,0.0,0.0,answer,
margin,live-delta,0,0.0,0.244356,0.607198,5.7e-05,0.980469,0.466277,0.616277,0.02664715051651001,0.487519770860672,0.460872620344162,-0.0,1.0,1.0,1,1,1,1,1,1,0,0.0,0.24179601669311523,2,clean,0.0,-1,85,63,CORRECT,0,0,0,0,0,0,0.0,0.0,answer,
margin,live-delta,0,0.0,0.244356,0.607198,5.7e-05,0.980469,0.466277,0.616277,0.06783407926559448,0.6784102916717529,0.6105762124061584,1.8441320657730103,6.322609901428223,0.45953890681266785,13,1,1,1,1,1,0,0.0,0.36041104793548584,2,clean,0.0,-1,86,61,CORRECT,0,0,0,0,0,0,0.0,0.0,answer,
margin,live-delta,0,0.0,0.244356,0.607198,5.7e-05,0.980469,0.466277,0.616277,0.1254260540008545,0.5565441846847534,0.4311181306838989,-0.0,1.0,1.0,1,1,1,1,1,1,0,0.0,0.35206863284111023,2,clean,0.0,-1,87,63,CORRECT,0,0,0,0,0,0,0.0,0.0,answer,
margin,live-delta,0,0.0,0.244356,0.607198,5.7e-05,0.980469,0.466277,0.616277,0.0759202241897583,0.4897550344467163,0.413834810256958,-0.0,1.0,1.0,1,1,1,1,1,1,0,0.0,0.197681725025177,2,clean,0.0,-1,88,44,CORRECT,0,0,0,0,0,0,0.0,0.0,answer,
margin,live-delta,0,0.0,0.244356,0.607198,5.7e-05,0.980469,0.466277,0.616277,0.009209275245666504,0.5815664529800415,0.572357177734375,2.1523971557617188,8.605462074279785,0.23630297183990479,11,1,1,1,1,1,0,0.0,0.2658657729625702,2,clean,0.0,-1,89,50,CORRECT,0,0,0,0,0,0,0.0,0.0,answer,
margin,live-delta,0,0.0,0.244356,0.607198,5.7e-05,0.980469,0.466277,0.616277,0.026315629482269287,0.5693287253379822,0.5430130958557129,1.5898866653442383,4.90319299697876,0.3744606673717499,6,1,1,1,1,1,0,0.0,0.44232887029647827,2,clean,0.0,-1,90,59,CORRECT,0,0,0,0,0,0,0.0,0.0,answer,
margin,live-delta,0,0.0,0.244356,0.607198,5.7e-05,0.980469,0.466277,0.616277,0.08912777900695801,0.756209135055542,0.667081356048584,1.6893302202224731,5.415852069854736,0.5579541325569153,15,1,1,1,1,1,0,0.0,0.35234421491622925,2,clean,0.0,-1,91,40,CORRECT,0,0,0,0,0,0,0.0,0.0,answer,
margin,live-delta,0,0.0,0.244356,0.607198,5.7e-05,0.980469,0.466277,0.616277,0.008020877838134766,0.5828986763954163,0.5748777985572815,2.2008423805236816,9.03261947631836,0.23457404971122742,11,1,1,1,1,1,0,0.0,0.37079745531082153,2,clean,0.0,-1,93,38,CORRECT,0,0,0,0,0,0,0.0,0.0,answer,
margin,live-delta,0,0.0,0.244356,0.607198,5.7e-05,0.980469,0.466277,0.616277,0.03238600492477417,0.6400529742240906,0.6076669692993164,2.0842947959899902,8.038920402526855,0.3071781098842621,12,1,1,1,1,1,0,0.0,0.2573622465133667,2,clean,0.0,-1,94,60,CORRECT,0,0,0,0,0,0,0.0,0.0,answer,
margin,live-delta,0,0.0,0.244356,0.607198,5.7e-05,0.980469,0.466277,0.616277,0.06375056505203247,0.5301032066345215,0.466352641582489,0.5248762369155884,1.6902496814727783,0.7815993428230286,2,1,1,1,1,1,0,0.0,0.346439003944397,2,clean,0.0,-1,95,52,CORRECT,0,0,0,0,0,0,0.0,0.0,answer,
margin,live-delta,0,0.0,0.244356,0.607198,5.7e-05,0.980469,0.466277,0.616277,0.01938331127166748,0.5583243370056152,0.5389410257339478,1.2063450813293457,3.341250419616699,0.4621243476867676,4,1,1,1,1,1,0,0.0,0.3553626537322998,2,clean,0.0,-1,96,42,CORRECT,0,0,0,0,0,0,0.0,0.0,answer,
margin,live-delta,0,0.0,0.244356,0.607198,5.7e-05,0.980469,0.466277,0.616277,0.03714674711227417,0.624442458152771,0.5872957110404968,2.082209348678589,8.022172927856445,0.3359236717224121,12,1,1,1,1,1,0,0.0,0.39441344141960144,2,clean,0.0,-1,97,52,CORRECT,0,0,0,0,0,0,0.0,0.0,answer,
margin,live-delta,0,0.0,0.244356,0.607198,5.7e-05,0.980469,0.466277,0.616277,0.008182287216186523,0.710715115070343,0.7025328278541565,1.9646108150482178,7.132136344909668,0.24671868979930878,15,1,1,1,1,1,0,0.0,0.4413045346736908,2,clean,0.0,-1,98,32,CORRECT,0,0,0,0,0,0,0.0,0.0,answer,
margin,live-delta,0,0.0,0.244356,0.607198,5.7e-05,0.980469,0.466277,0.616277,0.07950395345687866,0.8086062073707581,0.7291022539138794,1.727082371711731,5.624220371246338,0.5324875712394714,17,1,1,1,1,1,0,0.0,0.39816349744796753,2,clean,0.0,-1,99,40,CORRECT,0,0,0,0,0,0,0.0,0.0,answer,
margin,live-delta,0,0.0,0.244356,0.607198,5.7e-05,0.980469,0.466277,0.616277,0.05860075354576111,0.5353360772132874,0.47673532366752625,0.5470012426376343,1.7280632257461548,0.7635090947151184,2,1,1,1,1,1,0,0.0,0.3425619602203369,2,clean,0.0,-1,100,57,CORRECT,0,0,0,0,0,0,0.0,0.0,answer,
margin,live-delta,0,0.0,0.244356,0.607198,5.7e-05,0.980469,0.466277,0.616277,0.021641671657562256,0.6355977058410645,0.6139560341835022,2.4214563369750977,11.262248992919922,0.23112753033638,16,1,1,1,1,1,0,0.0,0.4764178395271301,2,clean,0.0,-1,101,59,CORRECT,0,0,0,0,0,0,0.0,0.0,answer,
margin,live-delta,0,0.0,0.244356,0.607198,5.7e-05,0.980469,0.466277,0.616277,0.054714083671569824,0.5064904689788818,0.451776385307312,-0.0,1.0,1.0,1,1,1,1,1,1,0,0.0,0.2953105568885803,2,clean,0.0,-1,102,63,CORRECT,0,0,0,0,0,0,0.0,0.0,answer,
margin,live-delta,0,0.0,0.244356,0.607198,5.7e-05,0.980469,0.466277,0.616277,0.007851600646972656,0.5549097061157227,0.54705810546875,0.9500627517700195,2.585871934890747,0.48384636640548706,3,1,1,1,1,1,0,0.0,0.348261296749115,2,clean,0.0,-1,103,39,CORRECT,0,0,0,0,0,0,0.0,0.0,answer,
margin,live-delta,0,0.0,0.244356,0.607198,5.7e-05,0.980469,0.466277,0.616277,0.0412028431892395,0.5383107662200928,0.49710792303085327,1.2734624147415161,3.5732030868530273,0.46618518233299255,4,1,1,1,1,1,0,0.0,0.16544708609580994,2,clean,0.0,-1,105,41,CORRECT,0,0,0,0,0,0,0.0,0.0,answer,
margin,live-delta,0,0.0,0.244356,0.607198,5.7e-05,0.980469,0.466277,0.616277,0.06919336318969727,0.8411480188369751,0.7719546556472778,1.6193878650665283,5.0499982833862305,0.5550135374069214,18,1,1,1,1,1,0,0.0,0.46236059069633484,2,clean,0.0,-1,106,40,CORRECT,0,0,0,0,0,0,0.0,0.0,answer,
margin,live-delta,0,0.0,0.244356,0.607198,5.7e-05,0.980469,0.466277,0.616277,0.0112648606300354,0.5574491620063782,0.5461843013763428,2.1453616619110107,8.54513168334961,0.22670850157737732,10,1,1,1,1,1,0,0.0,0.3906744420528412,2,clean,0.0,-1,107,51,CORRECT,0,0,0,0,0,0,0.0,0.0,answer,
margin,live-delta,0,0.0,0.244356,0.607198,5.7e-05,0.980469,0.466277,0.616277,0.03881198167800903,0.5745145082473755,0.5357025265693665,1.5413742065429688,4.671004772186279,0.4340221881866455,6,1,1,1,1,1,0,0.0,0.42668288946151733,2,clean,0.0,-1,109,38,CORRECT,0,0,0,0,0,0,0.0,0.0,answer,
margin,live-delta,0,0.0,0.244356,0.607198,5.7e-05,0.980469,0.466277,0.616277,0.013598799705505371,0.6043965816497803,0.5907977819442749,2.234657049179077,9.343276977539062,0.19502900540828705,13,1,1,1,1,1,0,0.0,0.2900141477584839,2,clean,0.0,-1,110,51,CORRECT,0,0,0,0,0,0,0.0,0.0,answer,
margin,live-delta,0,0.0,0.244356,0.607198,5.7e-05,0.980469,0.466277,0.616277,0.05629462003707886,0.47336429357528687,0.417069673538208,-0.0,1.0,1.0,1,1,1,1,1,1,0,0.0,0.16464796662330627,2,clean,0.0,-1,111,59,CORRECT,0,0,0,0,0,0,0.0,0.0,answer,
margin,live-delta,0,0.0,0.244356,0.607198,5.7e-05,0.980469,0.466277,0.616277,0.005659312009811401,0.4965621531009674,0.490902841091156,1.3755953311920166,3.9574320316314697,0.29926928877830505,4,1,1,1,1,1,0,0.0,0.1582716405391693,2,clean,0.0,-1,112,63,CORRECT,0,0,0,0,0,0,0.0,0.0,answer,
margin,live-delta,0,0.0,0.244356,0.607198,5.7e-05,0.980469,0.466277,0.616277,0.03795003890991211,0.5386905670166016,0.5007405281066895,0.6260095834732056,1.8701330423355103,0.6811367869377136,2,1,1,1,1,1,0,0.0,0.34128454327583313,2,clean,0.0,-1,113,36,CORRECT,0,0,0,0,0,0,0.0,0.0,answer,
margin,live-delta,0,0.0,0.244356,0.607198,5.7e-05,0.980469,0.466277,0.616277,0.0009084939956665039,0.5301651954650879,0.5292567014694214,1.3083757162094116,3.7001585960388184,0.31801289319992065,4,1,1,1,1,1,0,0.0,0.2635127902030945,2,clean,0.0,-1,115,62,CORRECT,0,0,0,0,0,0,0.0,0.0,answer,
margin,live-delta,0,0.0,0.244356,0.607198,5.7e-05,0.980469,0.466277,0.616277,0.005991756916046143,0.6308895349502563,0.6248977780342102,2.041196823120117,7.699819087982178,0.2383880913257599,14,1,1,1,1,1,0,0.0,0.4562114477157593,2,clean,0.0,-1,116,38,CORRECT,0,0,0,0,0,0,0.0,0.0,answer,
margin,live-delta,0,0.0,0.244356,0.607198,5.7e-05,0.980469,0.466277,0.616277,0.08642899990081787,0.6468977928161621,0.5604687929153442,1.4230724573135376,4.149851322174072,0.5965681672096252,8,1,1,1,1,1,0,0.0,0.3993479609489441,2,clean,0.0,-1,117,42,CORRECT,0,0,0,0,0,0,0.0,0.0,answer,
margin,live-delta,0,0.0,0.244356,0.607198,5.7e-05,0.980469,0.466277,0.616277,0.06817120313644409,0.7197924852371216,0.6516212821006775,1.7145893573760986,5.554394245147705,0.5323235988616943,15,1,1,1,1,1,0,0.0,0.3329954743385315,2,clean,0.0,-1,118,40,CORRECT,0,0,0,0,0,0,0.0,0.0,answer,
margin,live-delta,0,0.0,0.244356,0.607198,5.7e-05,0.980469,0.466277,0.616277,0.05210930109024048,0.5614919066429138,0.5093826055526733,0.859039306640625,2.360891580581665,0.65705806016922,3,1,1,1,1,1,0,0.0,0.39505207538604736,2,clean,0.0,-1,119,51,CORRECT,0,0,0,0,0,0,0.0,0.0,answer,
margin,live-delta,0,0.0,0.244356,0.607198,5.7e-05,0.980469,0.466277,0.616277,0.022288918495178223,0.5903431177139282,0.56805419921875,1.8569599390029907,6.404237747192383,0.3308742940425873,9,1,1,1,1,1,0,0.0,0.38903000950813293,2,clean,0.0,-1,121,57,CORRECT,0,0,0,0,0,0,0.0,0.0,answer,
margin,live-delta,0,0.0,0.244356,0.607198,5.7e-05,0.980469,0.466277,0.616277,0.09091466665267944,0.6686475872993469,0.5777329206466675,1.4103723764419556,4.097480773925781,0.6350938081741333,11,1,1,1,1,1,0,0.0,0.4798545837402344,2,clean,0.0,-1,122,50,CORRECT,0,0,0,0,0,0,0.0,0.0,answer,
margin,live-delta,0,0.0,0.244356,0.607198,5.7e-05,0.980469,0.466277,0.616277,0.013231277465820312,0.5954697132110596,0.5822384357452393,1.8852791786193848,6.588193416595459,0.31591758131980896,9,1,1,1,1,1,0,0.0,0.3156626522541046,2,clean,0.0,-1,123,52,CORRECT,0,0,0,0,0,0,0.0,0.0,answer,
margin,live-delta,0,0.0,0.244356,0.607198,5.7e-05,0.980469,0.466277,0.616277,0.004436910152435303,0.8431375026702881,0.8387005925178528,1.4869407415390015,4.423542022705078,0.4011160135269165,13,1,1,1,1,1,0,0.0,0.4534303545951843,2,clean,0.0,-1,125,41,CORRECT,0,0,0,0,0,0,0.0,0.0,answer,
margin,live-delta,0,0.0,0.244356,0.607198,5.7e-05,0.980469,0.466277,0.616277,0.08864820003509521,0.4892336130142212,0.400585412979126,-0.0,1.0,1.0,1,1,1,1,1,1,0,0.0,0.2482023388147354,2,clean,0.0,-1,126,38,CORRECT,0,0,0,0,0,0,0.0,0.0,answer,
margin,live-delta,0,0.0,0.244356,0.607198,5.7e-05,0.980469,0.466277,0.616277,0.07421362400054932,0.5997445583343506,0.5255309343338013,1.4360886812210083,4.204219818115234,0.5549681782722473,7,1,1,1,1,1,0,0.0,0.2862173318862915,2,clean,0.0,-1,127,47,CORRECT,0,0,0,0,0,0,0.0,0.0,answer,
margin,live-delta,0,0.0,0.244356,0.607198,5.7e-05,0.980469,0.466277,0.616277,0.016283154487609863,0.5630731582641602,0.5467900037765503,2.561187744140625,12.951190948486328,0.15698552131652832,15,2,2,1,2,1,0,0.0,0.36430293321609497,2,clean,0.0,-1,129,89,CORRECT,0,0,0,0,0,0,0.0,0.0,answer,
margin,live-delta,0,0.0,0.244356,0.607198,5.7e-05,0.980469,0.466277,0.616277,0.060343146324157715,0.7414408922195435,0.6810977458953857,1.7353003025054932,5.67063045501709,0.4609133005142212,15,2,2,1,2,1,0,0.0,0.5133565664291382,2,clean,0.0,-1,130,80,CORRECT,0,0,0,0,0,0,0.0,0.0,answer,
margin,live-delta,0,0.0,0.244356,0.607198,5.7e-05,0.980469,0.466277,0.616277,0.04067337512969971,0.6881340146064758,0.6474606394767761,1.7969489097595215,6.031217575073242,0.4137338697910309,14,2,2,1,2,1,0,0.0,0.5713598728179932,2,clean,0.0,-1,131,84,CORRECT,0,0,0,0,0,0,0.0,0.0,answer,
margin,live-delta,0,0.0,0.244356,0.607198,5.7e-05,0.980469,0.466277,0.616277,0.14067071676254272,0.7042433023452759,0.5635725855827332,0.9601891040802002,2.6121904850006104,0.7839149236679077,10,2,2,1,2,1,0,0.0,0.5656924247741699,2,clean,0.0,-1,132,82,CORRECT,0,0,0,0,0,0,0.0,0.0,answer,
margin,live-delta,0,0.0,0.244356,0.607198,5.7e-05,0.980469,0.466277,0.616277,0.036290526390075684,0.671927809715271,0.6356372833251953,1.6878896951675415,5.408055782318115,0.427912175655365,13,2,2,1,2,1,0,0.0,0.5307698249816895,2,clean,0.0,-1,133,84,CORRECT,0,0,0,0,0,0,0.0,0.0,answer,
margin,live-delta,0,0.0,0.244356,0.607198,5.7e-05,0.980469,0.466277,0.616277,0.0068738460540771484,0.5189614295959473,0.5120875835418701,1.7381528615951538,5.686829566955566,0.26037150621414185,6,2,2,1,2,1,0,0.0,0.2802686393260956,2,clean,0.0,-1,134,89,CORRECT,0,0,0,0,0,0,0.0,0.0,answer,
margin,live-delta,0,0.0,0.244356,0.607198,5.7e-05,0.980469,0.466277,0.616277,0.0005246996879577637,0.7538886666297913,0.7533639669418335,1.7762717008590698,5.90778923034668,0.3020019829273224,13,2,2,1,2,1,0,0.0,0.547387957572937,2,clean,0.0,-1,136,80,CORRECT,0,0,0,0,0,0,0.0,0.0,answer,
margin,live-delta,0,0.0,0.244356,0.607198,5.7e-05,0.980469,0.466277,0.616277,0.003684520721435547,0.6487258076667786,0.645041286945343,1.9841867685317993,7.273130416870117,0.2580257058143616,13,2,2,1,2,1,0,0.0,0.535396158695221,2,clean,0.0,-1,137,91,CORRECT,0,0,0,0,0,0,0.0,0.0,answer,
margin,live-delta,0,0.0,0.244356,0.607198,5.7e-05,0.980469,0.466277,0.616277,0.05013328790664673,0.7074763178825378,0.6573430299758911,2.0383803844451904,7.678163528442383,0.4086896777153015,19,2,2,1,2,1,0,0.0,0.5535368919372559,2,clean,0.0,-1,138,79,CORRECT,0,0,0,0,0,0,0.0,0.0,answer,
margin,live-delta,0,0.0,0.244356,0.607198,5.7e-05,0.980469,0.466277,0.616277,0.015082180500030518,0.565150797367096,0.5500686168670654,1.5573731660842896,4.746336936950684,0.3736588954925537,6,2,2,1,2,1,0,0.0,0.17426016926765442,2,clean,0.0,-1,139,67,CORRECT,0,0,0,0,0,0,0.0,0.0,answer,
margin,live-delta,0,0.0,0.244356,0.607198,5.7e-05,0.980469,0.466277,0.616277,0.10315626859664917,0.7914308905601501,0.688274621963501,0.5238189697265625,1.688463568687439,0.8545571565628052,5,2,2,1,2,1,0,0.0,0.6833494901657104,2,clean,0.0,-1,140,68,CORRECT,0,0,0,0,0,0,0.0,0.0,answer,
margin,live-delta,0,0.0,0.244356,0.607198,5.7e-05,0.980469,0.466277,0.616277,0.027010083198547363,0.5625884532928467,0.5355783700942993,2.3756349086761475,10.757841110229492,0.20922696590423584,12,2,2,1,2,1,0,0.0,0.3420320749282837,2,clean,0.0,-1,141,80,CORRECT,0,0,0,0,0,0,0.0,0.0,answer,
margin,live-delta,0,0.0,0.244356,0.607198,5.7e-05,0.980469,0.466277,0.616277,0.13027608394622803,0.7915511131286621,0.6612750291824341,1.1040230989456177,3.0162763595581055,0.7611311674118042,18,2,2,1,2,1,0,0.0,0.6682131290435791,2,clean,0.0,-1,142,95,CORRECT,0,0,0,0,0,0,0.0,0.0,answer,
margin,live-delta,0,0.0,0.244356,0.607198,5.7e-05,0.980469,0.466277,0.616277,0.13579082489013672,0.6931444406509399,0.5573536157608032,0.29598867893218994,1.3444548845291138,0.9264243841171265,3,2,2,1,2,1,0,0.0,0.47784537076950073,2,clean,0.0,-1,143,76,CORRECT,0,0,0,0,0,0,0.0,0.0,answer,
margin,live-delta,0,0.0,0.244356,0.607198,5.7e-05,0.980469,0.466277,0.616277,0.00894784927368164,0.5137728452682495,0.5048249959945679,2.05660343170166,7.819365501403809,0.17077074944972992,8,2,2,1,2,1,0,0.0,0.330750972032547,2,clean,0.0,-1,144,84,CORRECT,0,0,0,0,0,0,0.0,0.0,answer,
margin,live-delta,0,0.0,0.244356,0.607198,5.7e-05,0.980469,0.466277,0.616277,0.030334651470184326,0.6259560585021973,0.5956214070320129,2.16801118850708,8.740882873535156,0.32913848757743835,14,2,2,1,2,1,0,0.0,0.35051417350769043,2,clean,0.0,-1,145,90,CORRECT,0,0,0,0,0,0,0.0,0.0,answer,
margin,live-delta,0,0.0,0.244356,0.607198,5.7e-05,0.980469,0.466277,0.616277,0.015457987785339355,0.5768289566040039,0.5613709688186646,1.3100781440734863,3.70646333694458,0.39021971821784973,4,2,2,1,2,1,0,0.0,0.3091595768928528,2,clean,0.0,-1,146,85,CORRECT,0,0,0,0,0,0,0.0,0.0,answer,
margin,live-delta,0,0.0,0.244356,0.607198,5.7e-05,0.980469,0.466277,0.616277,0.009372591972351074,0.7042195796966553,0.6948469877243042,2.2201528549194336,9.208738327026367,0.22787244617938995,20,2,2,1,2,1,0,0.0,0.4942100942134857,2,clean,0.0,-1,147,80,CORRECT,0,0,0,0,0,0,0.0,0.0,answer,
margin,live-delta,0,0.0,0.244356,0.607198,5.7e-05,0.980469,0.466277,0.616277,0.029896914958953857,0.6239545941352844,0.5940576791763306,2.3112339973449707,10.086864471435547,0.31198281049728394,16,2,2,1,2,1,0,0.0,0.3297209143638611,2,clean,0.0,-1,148,95,CORRECT,0,0,0,0,0,0,0.0,0.0,answer,
margin,live-delta,0,0.0,0.244356,0.607198,5.7e-05,0.980469,0.466277,0.616277,0.004040539264678955,0.5432393550872803,0.5391988158226013,1.5254955291748047,4.597421169281006,0.2913380265235901,5,2,2,1,2,1,0,0.0,0.3532825708389282,2,clean,0.0,-1,149,94,CORRECT,0,0,0,0,0,0,0.0,0.0,answer,
margin,live-delta,0,0.0,0.244356,0.607198,5.7e-05,0.980469,0.466277,0.616277,0.005341708660125732,0.5863345265388489,0.5809928178787231,1.7241647243499756,5.607834815979004,0.28412020206451416,7,2,2,1,2,1,0,0.0,0.4689067006111145,2,clean,0.0,-1,151,95,CORRECT,0,0,0,0,0,0,0.0,0.0,answer,
margin,live-delta,0,0.0,0.244356,0.607198,5.7e-05,0.980469,0.466277,0.616277,0.013454973697662354,0.5799499750137329,0.5664950013160706,1.8747450113296509,6.519156455993652,0.3245985805988312,9,2,2,1,2,1,0,0.0,0.45656436681747437,2,clean,0.0,-1,152,71,CORRECT,0,0,0,0,0,0,0.0,0.0,answer,
margin,live-delta,0,0.0,0.244356,0.607198,5.7e-05,0.980469,0.466277,0.616277,0.055962324142456055,0.7152880430221558,0.6593257188796997,2.0730578899383545,7.949093341827393,0.41245174407958984,17,2,2,1,2,1,0,0.0,0.5391017198562622,2,clean,0.0,-1,153,80,CORRECT,0,0,0,0,0,0,0.0,0.0,answer,
margin,live-delta,0,0.0,0.244356,0.607198,5.7e-05,0.980469,0.466277,0.616277,0.02488243579864502,0.6584439277648926,0.6335614919662476,2.0872437953948975,8.062662124633789,0.347737580537796,16,2,2,1,2,1,0,0.0,0.4151434600353241,2,clean,0.0,-1,154,74,CORRECT,0,0,0,0,0,0,0.0,0.0,answer,
margin,live-delta,0,0.0,0.244356,0.607198,5.7e-05,0.980469,0.466277,0.616277,0.04854661226272583,0.5953265428543091,0.5467799305915833,1.16036856174469,3.1911091804504395,0.586326539516449,5,2,2,1,2,1,0,0.0,0.43014076352119446,2,clean,0.0,-1,156,68,CORRECT,0,0,0,0,0,0,0.0,0.0,answer,
margin,live-delta,0,0.0,0.244356,0.607198,5.7e-05,0.980469,0.466277,0.616277,0.0775800347328186,0.7291195392608643,0.6515395045280457,1.356828212738037,3.883854866027832,0.6280791759490967,12,2,2,1,2,1,0,0.0,0.5488950610160828,2,clean,0.0,-1,157,94,CORRECT,0,0,0,0,0,0,0.0,0.0,answer,
margin,live-delta,0,0.0,0.244356,0.607198,5.7e-05,0.980469,0.466277,0.616277,0.02474379539489746,0.69541335105896,0.6706695556640625,2.2874703407287598,9.84998893737793,0.32333171367645264,20,2,2,1,2,1,0,0.0,0.46810394525527954,2,clean,0.0,-1,158,92,CORRECT,0,0,0,0,0,0,0.0,0.0,answer,
margin,live-delta,0,0.0,0.244356,0.607198,5.7e-05,0.980469,0.466277,0.616277,0.11211967468261719,0.7105110883712769,0.5983914136886597,0.9322810173034668,2.540297031402588,0.7841705679893494,11,2,2,1,2,1,0,0.0,0.5441452860832214,2,clean,0.0,-1,159,68,CORRECT,0,0,0,0,0,0,0.0,0.0,answer,
margin,live-delta,0,0.0,0.244356,0.607198,5.7e-05,0.980469,0.466277,0.616277,0.012909889221191406,0.6248509883880615,0.6119410991668701,1.034548282623291,2.8138349056243896,0.49615219235420227,4,2,2,1,2,1,0,0.0,0.5396009087562561,2,clean,0.0,-1,160,85,CORRECT,0,0,0,0,0,0,0.0,0.0,answer,
margin,live-delta,0,0.0,0.244356,0.607198,5.7e-05,0.980469,0.466277,0.616277,0.005746603012084961,0.5610314607620239,0.555284857749939,1.8373068571090698,6.279603481292725,0.2964525520801544,8,2,2,1,2,1,0,0.0,0.35305845737457275,2,clean,0.0,-1,162,95,CORRECT,0,0,0,0,0,0,0.0,0.0,answer,
margin,live-delta,0,0.0,0.244356,0.607198,5.7e-05,0.980469,0.466277,0.616277,0.15240740776062012,0.8081988096237183,0.6557914018630981,0.4359906315803528,1.5464942455291748,0.9095169901847839,9,2,2,1,2,1,0,0.0,0.6263875365257263,2,clean,0.0,-1,163,82,CORRECT,0,0,0,0,0,0,0.0,0.0,answer,
margin,live-delta,0,0.0,0.244356,0.607198,5.7e-05,0.980469,0.466277,0.616277,0.06616216897964478,0.7789145708084106,0.7127524018287659,1.4441739320755005,4.238349437713623,0.5569444894790649,12,2,2,1,2,1,0,0.0,0.601078987121582,2,clean,0.0,-1,164,80,CORRECT,0,0,0,0,0,0,0.0,0.0,answer,
margin,live-delta,0,0.0,0.244356,0.607198,5.7e-05,0.980469,0.466277,0.616277,0.02064359188079834,0.5866369605064392,0.5659933686256409,2.4229724407196045,11.279336929321289,0.2292332649230957,14,2,2,1,2,1,0,0.0,0.44338637590408325,2,clean,0.0,-1,166,88,CORRECT,0,0,0,0,0,0,0.0,0.0,answer,
margin,live-delta,0,0.0,0.244356,0.607198,5.7e-05,0.980469,0.466277,0.616277,0.024736642837524414,0.606033205986023,0.5812965631484985,1.4480202198028564,4.254683017730713,0.43405407667160034,6,2,2,1,2,1,0,0.0,0.4318395256996155,2,clean,0.0,-1,167,88,CORRECT,0,0,0,0,0,0,0.0,0.0,answer,
margin,live-delta,0,0.0,0.244356,0.607198,5.7e-05,0.980469,0.466277,0.616277,0.008060634136199951,0.6232964992523193,0.6152358651161194,1.5166947841644287,4.557137966156006,0.3093995153903961,5,2,2,1,2,1,0,0.0,0.28481394052505493,2,clean,0.0,-1,168,67,CORRECT,0,0,0,0,0,0,0.0,0.0,answer,
margin,live-delta,0,0.0,0.244356,0.607198,5.7e-05,0.980469,0.466277,0.616277,0.08725428581237793,0.693211555480957,0.6059572696685791,1.5870367288589478,4.889239311218262,0.6153662204742432,16,2,2,1,2,1,0,0.0,0.3863239288330078,2,clean,0.0,-1,169,94,CORRECT,0,0,0,0,0,0,0.0,0.0,answer,
margin,live-delta,0,0.0,0.244356,0.607198,5.7e-05,0.980469,0.466277,0.616277,0.0413893461227417,0.7523607015609741,0.7109713554382324,1.3815333843231201,3.981001377105713,0.5346791744232178,10,2,2,1,2,1,0,0.0,0.5928447842597961,2,clean,0.0,-1,171,82,CORRECT,0,0,0,0,0,0,0.0,0.0,answer,
margin,live-delta,0,0.0,0.244356,0.607198,5.7e-05,0.980469,0.466277,0.616277,0.06721699237823486,0.6195198893547058,0.552302896976471,0.5096821784973145,1.664762020111084,0.7932027578353882,2,2,2,1,2,1,0,0.0,0.5161680579185486,2,clean,0.0,-1,172,85,CORRECT,0,0,0,0,0,0,0.0,0.0,answer,
margin,live-delta,0,0.0,0.244356,0.607198,5.7e-05,0.980469,0.466277,0.616277,0.07371622323989868,0.6819985508918762,0.6082823276519775,1.2305958271026611,3.4232685565948486,0.607131838798523,6,2,2,1,2,1,0,0.0,0.47153395414352417,2,clean,0.0,-1,173,68,CORRECT,0,0,0,0,0,0,0.0,0.0,answer,
margin,live-delta,0,0.0,0.244356,0.607198,5.7e-05,0.980469,0.466277,0.616277,0.030966460704803467,0.6728857159614563,0.6419192552566528,1.7405102252960205,5.70025110244751,0.40254369378089905,12,2,2,1,2,1,0,0.0,0.34602662920951843,2,clean,0.0,-1,174,67,CORRECT,0,0,0,0,0,0,0.0,0.0,answer,
margin,live-delta,0,0.0,0.244356,0.607198,5.7e-05,0.980469,0.466277,0.616277,0.02083343267440796,0.6345972418785095,0.6137638092041016,2.396552085876465,10.985235214233398,0.22136878967285156,17,2,2,1,2,1,0,0.0,0.4687931537628174,2,clean,0.0,-1,175,74,CORRECT,0,0,0,0,0,0,0.0,0.0,answer,
margin,live-delta,0,0.0,0.244356,0.607198,5.7e-05,0.980469,0.466277,0.616277,0.1282334327697754,0.7788606882095337,0.6506272554397583,0.5262368321418762,1.6925508975982666,0.8699262738227844,5,2,2,1,2,1,0,0.0,0.6797915101051331,2,clean,0.0,-1,176,68,CORRECT,0,0,0,0,0,0,0.0,0.0,answer,
margin,live-delta,0,0.0,0.244356,0.607198,5.7e-05,0.980469,0.466277,0.616277,0.037269771099090576,0.6675590872764587,0.6302893161773682,1.8351078033447266,6.265809535980225,0.41850006580352783,12,2,2,1,2,1,0,0.0,0.5264285802841187,2,clean,0.0,-1,177,80,CORRECT,0,0,0,0,0,0,0.0,0.0,answer,
margin,live-delta,0,0.0,0.244356,0.607198,5.7e-05,0.980469,0.466277,0.616277,0.11271160840988159,0.7303362488746643,0.6176246404647827,1.0682060718536377,2.910154104232788,0.7476840019226074,14,2,2,1,2,1,0,0.0,0.566432535648346,2,clean,0.0,-1,178,92,CORRECT,0,0,0,0,0,0,0.0,0.0,answer,
margin,live-delta,0,0.0,0.244356,0.607198,5.7e-05,0.980469,0.466277,0.616277,0.039039790630340576,0.6944647431373596,0.655424952507019,1.7918906211853027,6.000786781311035,0.4299042522907257,13,2,2,1,2,1,0,0.0,0.5696750283241272,2,clean,0.0,-1,179,91,CORRECT,0,0,0,0,0,0,0.0,0.0,answer,
margin,live-delta,0,0.0,0.244356,0.607198,5.7e-05,0.980469,0.466277,0.616277,0.020443439483642578,0.6780236959457397,0.6575802564620972,2.4922432899475098,12.088363647460938,0.24060675501823425,19,2,2,1,2,1,0,0.0,0.5304607152938843,2,clean,0.0,-1,180,91,CORRECT,0,0,0,0,0,0,0.0,0.0,answer,
margin,live-delta,0,0.0,0.244356,0.607198,5.7e-05,0.980469,0.466277,0.616277,0.024712681770324707,0.6381895542144775,0.6134768724441528,1.4255295991897583,4.160060405731201,0.46456971764564514,8,2,2,1,2,1,0,0.0,0.26151567697525024,2,clean,0.0,-1,181,67,CORRECT,0,0,0,0,0,0,0.0,0.0,answer,
margin,live-delta,0,0.0,0.244356,0.607198,5.7e-05,0.980469,0.466277,0.616277,0.010335981845855713,0.5961796045303345,0.5858436226844788,2.3410282135009766,10.391916275024414,0.20926615595817566,14,2,2,1,2,1,0,0.0,0.4780789017677307,2,clean,0.0,-1,182,93,CORRECT,0,0,0,0,0,0,0.0,0.0,answer,
margin,live-delta,0,0.0,0.244356,0.607198,5.7e-05,0.980469,0.466277,0.616277,0.037868618965148926,0.6397140026092529,0.601845383644104,2.124819755554199,8.37138843536377,0.3193504214286804,13,2,2,1,2,1,0,0.0,0.4415649175643921,2,clean,0.0,-1,183,80,CORRECT,0,0,0,0,0,0,0.0,0.0,answer,
margin,live-delta,0,0.0,0.244356,0.607198,5.7e-05,0.980469,0.466277,0.616277,0.02257359027862549,0.6969536542892456,0.6743800640106201,2.3240654468536377,10.217126846313477,0.2829517126083374,20,2,2,1,2,1,0,0.0,0.5205903053283691,2,clean,0.0,-1,184,91,CORRECT,0,0,0,0,0,0,0.0,0.0,answer,
margin,live-delta,0,0.0,0.244356,0.607198,5.7e-05,0.980469,0.466277,0.616277,0.08996117115020752,0.6739968061447144,0.5840356349945068,1.3994174003601074,4.052838325500488,0.610733151435852,9,2,2,1,2,1,0,0.0,0.3213646113872528,2,clean,0.0,-1,185,67,CORRECT,0,0,0,0,0,0,0.0,0.0,answer,
margin,live-delta,0,0.0,0.244356,0.607198,5.7e-05,0.980469,0.466277,0.616277,0.010523676872253418,0.6649458408355713,0.6544221639633179,2.5547595024108887,12.868204116821289,0.16769342124462128,20,2,2,1,2,1,0,0.0,0.45762038230895996,2,clean,0.0,-1,186,89,CORRECT,0,0,0,0,0,0,0.0,0.0,answer,
margin,live-delta,0,0.0,0.244356,0.607198,5.7e-05,0.980469,0.466277,0.616277,0.0033548474311828613,0.6261475682258606,0.6227927207946777,1.8005625009536743,6.053051471710205,0.3042020797729492,9,2,2,1,2,1,0,0.0,0.5129871964454651,2,clean,0.0,-1,187,88,CORRECT,0,0,0,0,0,0,0.0,0.0,answer,
margin,live-delta,0,0.0,0.244356,0.607198,5.7e-05,0.980469,0.466277,0.616277,0.05916464328765869,0.5708418488502502,0.5116772055625916,0.8113946318626404,2.2510452270507812,0.6907492876052856,3,2,2,1,2,1,0,0.0,0.4427361488342285,2,clean,0.0,-1,188,78,CORRECT,0,0,0,0,0,0,0.0,0.0,answer,
margin,live-delta,0,0.0,0.244356,0.607198,5.7e-05,0.980469,0.466277,0.616277,0.006326436996459961,0.6582905054092407,0.6519640684127808,2.502655506134033,12.214887619018555,0.1542011797428131,20,2,2,1,2,1,0,0.0,0.5008820295333862,2,clean,0.0,-1,189,74,CORRECT,0,0,0,0,0,0,0.0,0.0,answer,
margin,live-delta,0,0.0,0.244356,0.607198,5.7e-05,0.980469,0.466277,0.616277,0.06224316358566284,0.7220123410224915,0.6597691774368286,1.9369443655014038,6.9375200271606445,0.4199064373970032,16,2,2,1,2,1,0,0.0,0.5344237685203552,2,clean,0.0,-1,190,91,CORRECT,0,0,0,0,0,0,0.0,0.0,answer,
margin,live-delta,0,0.0,0.244356,0.607198,5.7e-05,0.980469,0.466277,0.616277,0.010715484619140625,0.5521745681762695,0.5414590835571289,1.9276747703552246,6.873509407043457,0.2654131054878235,8,2,2,1,2,1,0,0.0,0.399591863155365,2,clean,0.0,-1,191,94,CORRECT,0,0,0,0,0,0,0.0,0.0,answer,
margin,live-delta,0,0.0,0.244356,0.607198,5.7e-05,0.980469,0.466277,0.616277,0.1926092505455017,0.573388934135437,0.3807796835899353,-0.0,1.0,1.0,1,3,3,1,3,1,0,0.0,0.29521629214286804,2,clean,0.0,-1,192,126,CORRECT,0,0,0,0,0,0,0.0,0.0,answer,
margin,live-delta,0,0.0,0.244356,0.607198,5.7e-05,0.980469,0.466277,0.616277,0.002837657928466797,0.4762086868286133,0.4733710289001465,0.6927447319030762,1.9991952180862427,0.5141844749450684,2,3,3,1,3,1,0,0.0,0.13931193947792053,2,clean,0.0,-1,193,108,CORRECT,0,0,0,0,0,0,0.0,0.0,answer,
margin,live-delta,0,0.0,0.244356,0.607198,5.7e-05,0.980469,0.466277,0.616277,0.10279828310012817,0.5986695885658264,0.49587130546569824,0.3536701798439026,1.4242852926254272,0.8865489959716797,2,3,3,1,3,1,0,0.0,0.20850712060928345,2,clean,0.0,-1,194,110,CORRECT,0,0,0,0,0,0,0.0,0.0,answer,
margin,live-delta,0,0.0,0.244356,0.607198,5.7e-05,0.980469,0.466277,0.616277,0.03087615966796875,0.4933467507362366,0.4624705910682678,-0.0,1.0,1.0,1,3,3,1,3,1,0,0.0,0.09028860926628113,2,clean,0.0,-1,200,108,CORRECT,0,0,0,0,0,0,0.0,0.0,answer,
margin,live-delta,0,0.0,0.244356,0.607198,5.7e-05,0.980469,0.466277,0.616277,0.09149575233459473,0.5550409555435181,0.46354520320892334,-0.0,1.0,1.0,1,3,3,1,3,1,0,0.0,0.24887317419052124,2,clean,0.0,-1,201,120,CORRECT,0,0,0,0,0,0,0.0,0.0,answer,
margin,live-delta,0,0.0,0.244356,0.607198,5.7e-05,0.980469,0.466277,0.616277,0.02482759952545166,0.6939318180084229,0.6691042184829712,0.8073439598083496,2.241945266723633,0.6013247966766357,4,3,3,1,3,1,0,0.0,0.24247205257415771,2,clean,0.0,-1,202,107,CORRECT,0,0,0,0,0,0,0.0,0.0,answer,
margin,live-delta,0,0.0,0.244356,0.607198,5.7e-05,0.980469,0.466277,0.616277,0.029502391815185547,0.5513004660606384,0.5217980742454529,1.253708004951477,3.5033092498779297,0.4627518951892853,4,3,3,1,3,1,0,0.0,0.23448604345321655,2,clean,0.0,-1,205,120,CORRECT,0,0,0,0,0,0,0.0,0.0,answer,
margin,live-delta,0,0.0,0.244356,0.607198,5.7e-05,0.980469,0.466277,0.616277,0.02621561288833618,0.5272265672683716,0.5010109543800354,2.0063228607177734,7.435924053192139,0.23957088589668274,8,3,3,1,3,1,0,0.0,0.1180831789970398,2,clean,0.0,-1,207,104,CORRECT,0,0,0,0,0,0,0.0,0.0,answer,
margin,live-delta,0,0.0,0.244356,0.607198,5.7e-05,0.980469,0.466277,0.616277,0.11798250675201416,0.6017956733703613,0.48381316661834717,0.7409191727638245,2.097862958908081,0.7911416888237,4,3,3,1,3,1,0,0.0,0.2477075755596161,2,clean,0.0,-1,208,115,CORRECT,0,0,0,0,0,0,0.0,0.0,answer,
margin,live-delta,0,0.0,0.244356,0.607198,5.7e-05,0.980469,0.466277,0.616277,0.08217626810073853,0.6692698001861572,0.5870935320854187,0.6440044641494751,1.9040905237197876,0.7986990213394165,4,3,3,1,3,1,0,0.0,0.2568804919719696,2,clean,0.0,-1,209,120,CORRECT,0,0,0,0,0,0,0.0,0.0,answer,
margin,live-delta,0,0.0,0.244356,0.607198,5.7e-05,0.980469,0.466277,0.616277,0.15729665756225586,0.6105475425720215,0.4532508850097656,-0.0,1.0,1.0,1,3,3,1,3,1,0,0.0,0.15729665756225586,2,clean,0.0,-1,210,104,CORRECT,0,0,0,0,0,0,0.0,0.0,answer,
margin,live-delta,0,0.0,0.244356,0.607198,5.7e-05,0.980469,0.466277,0.616277,0.02014237642288208,0.6971720457077026,0.6770296692848206,1.990173578262329,7.316803932189941,0.30935487151145935,13,3,3,1,3,1,0,0.0,0.2428939938545227,2,clean,0.0,-1,211,120,CORRECT,0,0,0,0,0,0,0.0,0.0,answer,
margin,live-delta,0,0.0,0.244356,0.607198,5.7e-05,0.980469,0.466277,0.616277,0.06616729497909546,0.6066004633903503,0.5404331684112549,1.324224829673767,3.759270191192627,0.5778385996818542,6,3,3,1,3,1,0,0.0,0.28090739250183105,2,clean,0.0,-1,212,116,CORRECT,0,0,0,0,0,0,0.0,0.0,answer,
margin,live-delta,0,0.0,0.244356,0.607198,5.7e-05,0.980469,0.466277,0.616277,0.00887608528137207,0.5642865896224976,0.5554105043411255,1.838852882385254,6.2893195152282715,0.28707244992256165,8,3,3,1,3,1,0,0.0,0.19849196076393127,2,clean,0.0,-1,213,107,CORRECT,0,0,0,0,0,0,0.0,0.0,answer,
margin,live-delta,0,0.0,0.244356,0.607198,5.7e-05,0.980469,0.466277,0.616277,0.05752432346343994,0.5843203663825989,0.5267960429191589,0.8016424775123596,2.2291994094848633,0.692435085773468,3,3,3,1,3,1,0,0.0,0.25374045968055725,2,clean,0.0,-1,214,105,CORRECT,0,0,0,0,0,0,0.0,0.0,answer,
margin,live-delta,0,0.0,0.244356,0.607198,5.7e-05,0.980469,0.466277,0.616277,0.01133456826210022,0.5045703649520874,0.4932357966899872,1.064758062362671,2.900137186050415,0.4318862557411194,3,3,3,1,3,1,0,0.0,0.2836514711380005,2,clean,0.0,-1,216,108,CORRECT,0,0,0,0,0,0,0.0,0.0,answer,
margin,live-delta,0,0.0,0.244356,0.607198,5.7e-05,0.980469,0.466277,0.616277,0.003426849842071533,0.5011805295944214,0.49775367975234985,1.3551664352416992,3.877406120300293,0.31608033180236816,4,3,3,1,3,1,0,0.0,0.19427341222763062,2,clean,0.0,-1,218,98,CORRECT,0,0,0,0,0,0,0.0,0.0,answer,
margin,live-delta,0,0.0,0.244356,0.607198,5.7e-05,0.980469,0.466277,0.616277,0.12949895858764648,0.6797758340835571,0.5502768754959106,0.48130854964256287,1.6181905269622803,0.8866637945175171,5,3,3,1,3,1,0,0.0,0.3595513105392456,2,clean,0.0,-1,219,100,CORRECT,0,0,0,0,0,0,0.0,0.0,answer,
margin,live-delta,0,0.0,0.244356,0.607198,5.7e-05,0.980469,0.466277,0.616277,0.06679219007492065,0.5910822153091431,0.5242900252342224,1.659691333770752,5.257687568664551,0.4827601909637451,8,3,3,1,3,1,0,0.0,0.2517186403274536,2,clean,0.0,-1,220,96,CORRECT,0,0,0,0,0,0,0.0,0.0,answer,
margin,live-delta,0,0.0,0.244356,0.607198,5.7e-05,0.980469,0.466277,0.616277,0.01146090030670166,0.6261302828788757,0.6146693825721741,1.7643245458602905,5.83762788772583,0.30648717284202576,9,3,3,1,3,1,0,0.0,0.21545302867889404,2,clean,0.0,-1,224,112,CORRECT,0,0,0,0,0,0,0.0,0.0,answer,
margin,live-delta,0,0.0,0.244356,0.607198,5.7e-05,0.980469,0.466277,0.616277,0.004072070121765137,0.5881993770599365,0.5841273069381714,2.1805710792541504,8.851359367370605,0.19593437016010284,11,3,3,1,3,1,0,0.0,0.18485039472579956,2,clean,0.0,-1,225,110,CORRECT,0,0,0,0,0,0,0.0,0.0,answer,
margin,live-delta,0,0.0,0.244356,0.607198,5.7e-05,0.980469,0.466277,0.616277,0.03309154510498047,0.5609841346740723,0.5278925895690918,0.6412531137466431,1.898858904838562,0.6596715450286865,2,3,3,1,3,1,0,0.0,0.20335319638252258,2,clean,0.0,-1,226,108,CORRECT,0,0,0,0,0,0,0.0,0.0,answer,
margin,live-delta,0,0.0,0.244356,0.607198,5.7e-05,0.980469,0.466277,0.616277,0.037726402282714844,0.5063289403915405,0.4686025381088257,0.6267454028129578,1.8715096712112427,0.6801645159721375,2,3,3,1,3,1,0,0.0,0.15563541650772095,2,clean,0.0,-1,227,126,CORRECT,0,0,0,0,0,0,0.0,0.0,answer,
margin,live-delta,0,0.0,0.244356,0.607198,5.7e-05,0.980469,0.466277,0.616277,0.012221962213516235,0.47681495547294617,0.46459299325942993,-0.0,1.0,1.0,1,3,3,1,3,1,0,0.0,0.13924476504325867,2,clean,0.0,-1,231,104,CORRECT,0,0,0,0,0,0,0.0,0.0,answer,
margin,live-delta,0,0.0,0.244356,0.607198,5.7e-05,0.980469,0.466277,0.616277,0.029977619647979736,0.47079384326934814,0.4408162236213684,-0.0,1.0,1.0,1,3,3,1,3,1,0,0.0,0.23236018419265747,2,clean,0.0,-1,232,98,CORRECT,0,0,0,0,0,0,0.0,0.0,answer,
margin,live-delta,0,0.0,0.244356,0.607198,5.7e-05,0.980469,0.466277,0.616277,0.004300862550735474,0.4803829491138458,0.47608208656311035,0.6922231912612915,1.9981528520584106,0.5214909315109253,2,3,3,1,3,1,0,0.0,0.1727493703365326,2,clean,0.0,-1,233,98,CORRECT,0,0,0,0,0,0,0.0,0.0,answer,
margin,live-delta,0,0.0,0.244356,0.607198,5.7e-05,0.980469,0.466277,0.616277,0.03754919767379761,0.5242900252342224,0.4867408275604248,0.6273261308670044,1.8725967407226562,0.6793931126594543,2,3,3,1,3,1,0,0.0,0.24334800243377686,2,clean,0.0,-1,235,110,CORRECT,0,0,0,0,0,0,0.0,0.0,answer,
margin,live-delta,0,0.0,0.244356,0.607198,5.7e-05,0.980469,0.466277,0.616277,0.017941057682037354,0.4855964779853821,0.4676554203033447,0.6773084998130798,1.9685721397399902,0.5887549519538879,2,3,3,1,3,1,0,0.0,0.17962372303009033,2,clean,0.0,-1,236,108,CORRECT,0,0,0,0,0,0,0.0,0.0,answer,
margin,live-delta,0,0.0,0.244356,0.607198,5.7e-05,0.980469,0.466277,0.616277,0.004896998405456543,0.509640097618103,0.5047430992126465,0.6919496059417725,1.9976062774658203,0.5244653224945068,2,3,3,1,3,1,0,0.0,0.17720720171928406,2,clean,0.0,-1,238,115,CORRECT,0,0,0,0,0,0,0.0,0.0,answer,
margin,live-delta,0,0.0,0.244356,0.607198,5.7e-05,0.980469,0.466277,0.616277,0.04566854238510132,0.5717487931251526,0.5260802507400513,1.2074474096298218,3.344935417175293,0.5206905603408813,4,3,3,1,3,1,0,0.0,0.27459055185317993,2,clean,0.0,-1,239,110,CORRECT,0,0,0,0,0,0,0.0,0.0,answer,
margin,live-delta,0,0.0,0.244356,0.607198,5.7e-05,0.980469,0.466277,0.616277,0.0239027738571167,0.4795359671115875,0.4556331932544708,-0.0,1.0,1.0,1,3,3,1,3,1,0,0.0,0.08667504787445068,2,clean,0.0,-1,242,114,CORRECT,0,0,0,0,0,0,0.0,0.0,answer,
margin,live-delta,0,0.0,0.244356,0.607198,5.7e-05,0.980469,0.466277,0.616277,0.016660213470458984,0.6470491886138916,0.6303889751434326,2.0216286182403564,7.550611972808838,0.29967594146728516,11,3,3,1,3,1,0,0.011956256814301014,0.16107234358787537,2,clean,0.0,-1,243,96,CORRECT,0,0,0,0,0,0,0.0,0.0,answer,
margin,live-delta,0,0.0,0.244356,0.607198,5.7e-05,0.980469,0.466277,0.616277,0.05257701873779297,0.6573766469955444,0.6047996282577515,1.6723682880401611,5.324763298034668,0.49929380416870117,11,3,3,1,3,1,0,0.0,0.2856913208961487,2,clean,0.0,-1,244,100,CORRECT,0,0,0,0,0,0,0.0,0.0,answer,
margin,live-delta,0,0.0,0.244356,0.607198,5.7e-05,0.980469,0.466277,0.616277,0.05133938789367676,0.4852619171142578,0.43392252922058105,-0.0,1.0,1.0,1,3,3,1,3,1,0,0.0,0.11322644352912903,2,clean,0.0,-1,246,98,CORRECT,0,0,0,0,0,0,0.0,0.0,answer,
margin,live-delta,0,0.0,0.244356,0.607198,5.7e-05,0.980469,0.466277,0.616277,0.07415032386779785,0.7413268089294434,0.6671764850616455,1.0889414548873901,2.9711272716522217,0.6762465834617615,9,3,3,1,3,1,0,0.0,0.3865586519241333,2,clean,0.0,-1,248,110,CORRECT,0,0,0,0,0,0,0.0,0.0,answer,
margin,live-delta,0,0.0,0.244356,0.607198,5.7e-05,0.980469,0.466277,0.616277,0.1013302206993103,0.4877285957336426,0.3863983750343323,-0.0,1.0,1.0,1,3,3,1,3,1,0,0.0,0.16303473711013794,2,clean,0.0,-1,250,114,CORRECT,0,0,0,0,0,0,0.0,0.0,answer,
margin,live-delta,0,0.0,0.244356,0.607198,5.7e-05,0.980469,0.466277,0.616277,0.021122872829437256,0.5811411738395691,0.5600183010101318,2.09708833694458,8.142427444458008,0.23062185943126678,10,3,3,1,3,1,0,0.0,0.13164237141609192,2,clean,0.0,-1,253,110,CORRECT,0,0,0,0,0,0,0.0,0.0,answer,
margin,live-delta,0,0.0,0.244356,0.607198,5.7e-05,0.980469,0.466277,0.616277,0.10018813610076904,0.6796610355377197,0.5794728994369507,1.2663002014160156,3.5477025508880615,0.6495617032051086,8,3,3,1,3,1,0,0.0,0.26146480441093445,2,clean,0.0,-1,254,115,CORRECT,0,0,0,0,0,0,0.0,0.0,answer,
margin,live-delta,0,0.0,0.244356,0.607198,5.7e-05,0.980469,0.466277,0.616277,0.08388504385948181,0.5746854543685913,0.4908004105091095,0.4353334903717041,1.545478343963623,0.8425998091697693,2,3,3,1,3,1,0,0.0,0.26444941759109497,2,clean,0.0,-1,255,104,CORRECT,0,0,0,0,0,0,0.0,0.0,answer,
margin,live-delta,1,0.0,0.244356,0.607198,5.7e-05,0.980469,0.466277,0.616277,0.008692145347595215,0.6145343780517578,0.6058422327041626,2.4878780841827393,12.035710334777832,0.1735929250717163,16,0,0,1,0,1,0,0.0,0.48662111163139343,2,clean,0.0,-1,0,29,CORRECT,0,0,0,0,0,0,0.0,0.0,answer,
margin,live-delta,1,0.0,0.244356,0.607198,5.7e-05,0.980469,0.466277,0.616277,0.002864539623260498,0.7485058903694153,0.7456413507461548,2.406562566757202,11.095754623413086,0.19970422983169556,20,0,0,1,0,1,0,0.0,0.5389264225959778,2,clean,0.0,-1,1,29,CORRECT,0,0,0,0,0,0,0.0,0.0,answer,
margin,live-delta,1,0.0,0.244356,0.607198,5.7e-05,0.980469,0.466277,0.616277,0.03562748432159424,0.8512296676635742,0.81560218334198,1.8628650903701782,6.44216775894165,0.437677800655365,20,0,0,1,0,1,0,0.0,0.613601803779602,2,clean,0.0,-1,2,0,CORRECT,0,0,0,0,0,0,0.0,0.0,answer,
margin,live-delta,1,0.0,0.244356,0.607198,5.7e-05,0.980469,0.466277,0.616277,0.06120377779006958,0.8351686596870422,0.7739648818969727,2.109811305999756,8.246685028076172,0.39704185724258423,20,0,0,1,0,1,0,0.0,0.6275011301040649,2,clean,0.0,-1,3,27,CORRECT,0,0,0,0,0,0,0.0,0.0,answer,
margin,live-delta,1,0.0,0.244356,0.607198,5.7e-05,0.980469,0.466277,0.616277,0.06320923566818237,0.6585389971733093,0.595329761505127,1.3653671741485596,3.917160987854004,0.5692832469940186,7,0,0,1,0,1,0,0.0,0.5165534019470215,2,clean,0.0,-1,4,12,CORRECT,0,0,0,0,0,0,0.0,0.0,answer,
margin,live-delta,1,0.0,0.244356,0.607198,5.7e-05,0.980469,0.466277,0.616277,0.01838463544845581,0.8731691241264343,0.8547844886779785,2.0343306064605713,7.647131443023682,0.3304731547832489,20,0,0,1,0,1,0,0.0,0.6164111495018005,2,clean,0.0,-1,5,27,CORRECT,0,0,0,0,0,0,0.0,0.0,answer,
margin,live-delta,1,0.0,0.244356,0.607198,5.7e-05,0.980469,0.466277,0.616277,0.024461090564727783,0.8591064214706421,0.8346453309059143,2.0839645862579346,8.036266326904297,0.31034284830093384,20,0,0,1,0,1,0,0.0,0.5630691647529602,2,clean,0.0,-1,6,0,CORRECT,0,0,0,0,0,0,0.0,0.0,answer,
margin,live-delta,1,0.0,0.244356,0.607198,5.7e-05,0.980469,0.466277,0.616277,0.01217198371887207,0.7492260336875916,0.7370540499687195,1.5021567344665527,4.491365432739258,0.3474813997745514,7,0,0,1,0,1,0,0.0,0.639962911605835,2,clean,0.0,-1,7,12,CORRECT,0,0,0,0,0,0,0.0,0.0,answer,
margin,live-delta,1,0.0,0.244356,0.607198,5.7e-05,0.980469,0.466277,0.616277,0.0574725866317749,0.8665192127227783,0.8090466260910034,1.768878698348999,5.864274024963379,0.46956494450569153,20,0,0,1,0,1,0,0.0,0.5741294622421265,2,clean,0.0,-1,8,19,CORRECT,0,0,0,0,0,0,0.0,0.0,answer,
margin,live-delta,1,0.0,0.244356,0.607198,5.7e-05,0.980469,0.466277,0.616277,0.02331995964050293,0.6571364402770996,0.6338164806365967,1.8307143449783325,6.238341331481934,0.389030396938324,13,0,0,1,0,1,0,0.0,0.32575005292892456,2,clean,0.0,-1,9,2,CORRECT,0,0,0,0,0,0,0.0,0.0,answer,
margin,live-delta,1,0.0,0.244356,0.607198,5.7e-05,0.980469,0.466277,0.616277,0.010274708271026611,0.8123652935028076,0.802090585231781,2.2328696250915527,9.326591491699219,0.24554862082004547,20,0,0,1,0,1,0,0.0,0.6101858019828796,2,clean,0.0,-1,10,27,CORRECT,0,0,0,0,0,0,0.0,0.0,answer,
margin,live-delta,1,0.0,0.244356,0.607198,5.7e-05,0.980469,0.466277,0.616277,0.0263330340385437,0.7415318489074707,0.715198814868927,2.523719310760498,12.474908828735352,0.197550967335701,20,0,0,1,0,1,0,0.0,0.41163015365600586,2,clean,0.0,-1,11,19,CORRECT,0,0,0,0,0,0,0.0,0.0,answer,
margin,live-delta,1,0.0,0.244356,0.607198,5.7e-05,0.980469,0.466277,0.616277,0.053028225898742676,0.6884907484054565,0.6354625225067139,1.888684630393982,6.610667705535889,0.44716835021972656,15,0,0,1,0,1,0,0.0,0.27818992733955383,2,clean,0.0,-1,12,28,CORRECT,0,0,0,0,0,0,0.0,0.0,answer,
margin,live-delta,1,0.0,0.244356,0.607198,5.7e-05,0.980469,0.466277,0.616277,0.03296172618865967,0.8734875321388245,0.8405258059501648,1.9558680057525635,7.0700531005859375,0.34270551800727844,20,0,0,1,0,1,0,0.0,0.5720294713973999,2,clean,0.0,-1,13,19,CORRECT,0,0,0,0,0,0,0.0,0.0,answer,
margin,live-delta,1,0.0,0.244356,0.607198,5.7e-05,0.980469,0.466277,0.616277,0.04973268508911133,0.6596090793609619,0.6098763942718506,2.256545066833496,9.550037384033203,0.349910169839859,18,0,0,1,0,1,0,0.0,0.376028835773468,2,clean,0.0,-1,14,14,CORRECT,0,0,0,0,0,0,0.0,0.0,answer,
margin,live-delta,1,0.0,0.244356,0.607198,5.7e-05,0.980469,0.466277,0.616277,0.059464991092681885,0.8609749674797058,0.8015099763870239,2.2850558757781982,9.826234817504883,0.3320564925670624,20,0,0,1,0,1,0,0.0,0.6294852495193481,2,clean,0.0,-1,15,0,CORRECT,0,0,0,0,0,0,0.0,0.0,answer,
margin,live-delta,1,0.0,0.244356,0.607198,5.7e-05,0.980469,0.466277,0.616277,0.03566533327102661,0.8514373302459717,0.8157719969749451,1.8758732080459595,6.526515483856201,0.3923010230064392,20,0,0,1,0,1,0,0.0,0.6156409978866577,2,clean,0.0,-1,16,0,CORRECT,0,0,0,0,0,0,0.0,0.0,answer,
margin,live-delta,1,0.0,0.244356,0.607198,5.7e-05,0.980469,0.466277,0.616277,0.0259246826171875,0.817624568939209,0.7916998863220215,2.0725443363189697,7.945012092590332,0.3371545076370239,20,0,0,1,0,1,0,0.0,0.615166425704956,2,clean,0.0,-1,17,0,CORRECT,0,0,0,0,0,0,0.0,0.0,answer,
margin,live-delta,1,0.0,0.244356,0.607198,5.7e-05,0.980469,0.466277,0.616277,0.01809978485107422,0.7281592488288879,0.7100594639778137,2.3283562660217285,10.261061668395996,0.26296719908714294,19,0,0,1,0,1,0,0.0,0.5232799649238586,2,clean,0.0,-1,18,11,CORRECT,0,0,0,0,0,0,0.0,0.0,answer,
margin,live-delta,1,0.0,0.244356,0.607198,5.7e-05,0.980469,0.466277,0.616277,0.056340694427490234,0.8419591784477234,0.7856184840202332,1.8564157485961914,6.400753498077393,0.4715288579463959,20,0,0,1,0,1,0,0.0,0.6057676076889038,2,clean,0.0,-1,19,0,CORRECT,0,0,0,0,0,0,0.0,0.0,answer,
margin,live-delta,1,0.0,0.244356,0.607198,5.7e-05,0.980469,0.466277,0.616277,0.10735994577407837,0.8890054225921631,0.7816454768180847,1.654344081878662,5.229648590087891,0.6039719581604004,20,0,0,1,0,1,0,0.0,0.7198744416236877,2,clean,0.0,-1,20,0,CORRECT,0,0,0,0,0,0,0.0,0.0,answer,
margin,live-delta,1,0.0,0.244356,0.607198,5.7e-05,0.980469,0.466277,0.616277,0.07574641704559326,0.8565751314163208,0.7808287143707275,1.6038110256195068,4.971944808959961,0.5907458066940308,20,0,0,1,0,1,0,0.0,0.6307447552680969,2,clean,0.0,-1,21,0,CORRECT,0,0,0,0,0,0,0.0,0.0,answer,
margin,live-delta,1,0.0,0.244356,0.607198,5.7e-05,0.980469,0.466277,0.616277,0.010011017322540283,0.609879732131958,0.5998687148094177,2.661395788192749,14.31625747680664,0.1477361023426056,19,0,0,1,0,1,0,0.0,0.39039385318756104,2,clean,0.0,-1,22,7,CORRECT,0,0,0,0,0,0,0.0,0.0,answer,
margin,live-delta,1,0.0,0.244356,0.607198,5.7e-05,0.980469,0.466277,0.616277,0.004011273384094238,0.6520997285842896,0.6480884552001953,2.446258783340454,11.545073509216309,0.1887655258178711,19,0,0,1,0,1,0,0.0,0.523506760597229,2,clean,0.0,-1,23,11,CORRECT,0,0,0,0,0,0,0.0,0.0,answer,
margin,live-delta,1,0.0,0.244356,0.607198,5.7e-05,0.980469,0.466277,0.616277,0.0026372671127319336,0.7925955057144165,0.7899582386016846,2.366831064224243,10.663546562194824,0.22386150062084198,20,0,0,1,0,1,0,0.0,0.5823259949684143,2,clean,0.0,-1,24,22,CORRECT,0,0,0,0,0,0,0.0,0.0,answer,
margin,live-delta,1,0.0,0.244356,0.607198,5.7e-05,0.980469,0.466277,0.616277,0.3059971034526825,0.6070910692214966,0.3010939657688141,-0.0,1.0,1.0,1,0,0,1,0,1,0,0.0,0.35750406980514526,2,clean,0.0,-1,25,30,CORRECT,0,0,0,0,0,0,0.0,0.0,answer,
margin,live-delta,1,0.0,0.244356,0.607198,5.7e-05,0.980469,0.466277,0.616277,0.021011531352996826,0.6684602499008179,0.647448718547821,2.0992791652679443,8.160285949707031,0.3467082679271698,15,0,0,1,0,1,0,0.0,0.47889745235443115,2,clean,0.0,-1,26,20,CORRECT,0,0,0,0,0,0,0.0,0.0,answer,
margin,live-delta,1,0.0,0.244356,0.607198,5.7e-05,0.980469,0.466277,0.616277,0.009212374687194824,0.7741955518722534,0.7649831771850586,2.2408275604248047,9.401107788085938,0.24142929911613464,20,0,0,1,0,1,0,0.0,0.5331166982650757,2,clean,0.0,-1,27,27,CORRECT,0,0,0,0,0,0,0.0,0.0,answer,
margin,live-delta,1,0.0,0.244356,0.607198,5.7e-05,0.980469,0.466277,0.616277,0.027210235595703125,0.8135794401168823,0.7863692045211792,1.9127768278121948,6.771866798400879,0.37401944398880005,20,0,0,1,0,1,0,0.0,0.6232535243034363,2,clean,0.0,-1,28,19,CORRECT,0,0,0,0,0,0,0.0,0.0,answer,
margin,live-delta,1,0.0,0.244356,0.607198,5.7e-05,0.980469,0.466277,0.616277,0.009036123752593994,0.7184197306632996,0.7093836069107056,2.036456346511841,7.66340446472168,0.33035457134246826,18,0,0,1,0,1,0,0.0,0.5991634130477905,2,clean,0.0,-1,29,7,CORRECT,0,0,0,0,0,0,0.0,0.0,answer,
margin,live-delta,1,0.0,0.244356,0.607198,5.7e-05,0.980469,0.466277,0.616277,0.01577126979827881,0.8026509284973145,0.7868796586990356,2.3519437313079834,10.50597095489502,0.24932830035686493,20,0,0,1,0,1,0,0.0,0.6467174291610718,2,clean,0.0,-1,30,22,CORRECT,0,0,0,0,0,0,0.0,0.0,answer,
margin,live-delta,1,0.0,0.244356,0.607198,5.7e-05,0.980469,0.466277,0.616277,0.11953634023666382,0.8753258585929871,0.7557895183563232,1.3980088233947754,4.047133445739746,0.6851340532302856,20,0,0,1,0,1,0,0.0,0.6159409284591675,2,clean,0.0,-1,31,0,CORRECT,0,0,0,0,0,0,0.0,0.0,answer,
margin,live-delta,1,0.0,0.244356,0.607198,5.7e-05,0.980469,0.466277,0.616277,0.2579633593559265,0.6663253307342529,0.4083619713783264,-0.0,1.0,1.0,1,0,0,1,0,1,0,0.0,0.4054147005081177,2,clean,0.0,-1,32,30,CORRECT,0,0,0,0,0,0,0.0,0.0,answer,
margin,live-delta,1,0.0,0.244356,0.607198,5.7e-05,0.980469,0.466277,0.616277,0.00027108192443847656,0.8409632444381714,0.8406921625137329,2.2232730388641357,9.237516403198242,0.23702208697795868,20,0,0,1,0,1,0,0.0,0.6162108182907104,2,clean,0.0,-1,33,27,CORRECT,0,0,0,0,0,0,0.0,0.0,answer,
margin,live-delta,1,0.0,0.244356,0.607198,5.7e-05,0.980469,0.466277,0.616277,0.07880854606628418,0.8197683095932007,0.7409597635269165,1.3303163051605225,3.7822394371032715,0.5591570138931274,6,0,0,1,0,1,0,0.0,0.7087355256080627,2,clean,0.0,-1,34,26,CORRECT,0,0,0,0,0,0,0.0,0.0,answer,
margin,live-delta,1,0.0,0.244356,0.607198,5.7e-05,0.980469,0.466277,0.616277,0.06488156318664551,0.8260010480880737,0.7611194849014282,1.1787643432617188,3.2503554821014404,0.5940961241722107,6,0,0,1,0,1,0,0.0,0.7347782254219055,2,clean,0.0,-1,35,26,CORRECT,0,0,0,0,0,0,0.0,0.0,answer,
margin,live-delta,1,0.0,0.244356,0.607198,5.7e-05,0.980469,0.466277,0.616277,0.01791250705718994,0.6625928282737732,0.6446803212165833,2.5377726554870605,12.651460647583008,0.1929238885641098,19,0,0,1,0,1,0,0.0,0.523886501789093,2,clean,0.0,-1,36,31,CORRECT,0,0,0,0,0,0,0.0,0.0,answer,
margin,live-delta,1,0.0,0.244356,0.607198,5.7e-05,0.980469,0.466277,0.616277,0.00014674663543701172,0.7378839254379272,0.7377371788024902,2.4393093585968018,11.465119361877441,0.20830827951431274,20,0,0,1,0,1,0,0.0,0.453913152217865,2,clean,0.0,-1,37,3,CORRECT,0,0,0,0,0,0,0.0,0.0,answer,
margin,live-delta,1,0.0,0.244356,0.607198,5.7e-05,0.980469,0.466277,0.616277,0.06540250778198242,0.8352208137512207,0.7698183059692383,1.9166908264160156,6.798424243927002,0.45502015948295593,18,0,0,1,0,1,0,0.0,0.525200366973877,2,clean,0.0,-1,39,19,CORRECT,0,0,0,0,0,0,0.0,0.0,answer,
margin,live-delta,1,0.0,0.244356,0.607198,5.7e-05,0.980469,0.466277,0.616277,8.213520050048828e-05,0.6722115278244019,0.6721293926239014,2.5988857746124268,13.448744773864746,0.13513359427452087,19,0,0,1,0,1,0,0.0,0.5113608837127686,2,clean,0.0,-1,40,1,CORRECT,0,0,0,0,0,0,0.0,0.0,answer,
margin,live-delta,1,0.0,0.244356,0.607198,5.7e-05,0.980469,0.466277,0.616277,0.021424174308776855,0.8092004060745239,0.7877762317657471,1.8422305583953857,6.310598850250244,0.3710879683494568,19,0,0,1,0,1,0,0.0,0.6027906537055969,2,clean,0.0,-1,41,2,CORRECT,0,0,0,0,0,0,0.0,0.0,answer,
margin,live-delta,1,0.0,0.244356,0.607198,5.7e-05,0.980469,0.466277,0.616277,0.014770090579986572,0.6550374627113342,0.6402673721313477,2.3951516151428223,10.969861030578613,0.2125970423221588,17,0,0,1,0,1,0,0.0,0.5561074614524841,2,clean,0.0,-1,42,18,CORRECT,0,0,0,0,0,0,0.0,0.0,answer,
margin,live-delta,1,0.0,0.244356,0.607198,5.7e-05,0.980469,0.466277,0.616277,0.0036307573318481445,0.8091407418251038,0.8055099844932556,2.218207359313965,9.190839767456055,0.24903666973114014,20,0,0,1,0,1,0,0.0,0.5742166042327881,2,clean,0.0,-1,43,22,CORRECT,0,0,0,0,0,0,0.0,0.0,answer,
margin,live-delta,1,0.0,0.244356,0.607198,5.7e-05,0.980469,0.466277,0.616277,0.007630765438079834,0.6590110659599304,0.6513803005218506,2.559352159500122,12.92743968963623,0.15378409624099731,18,0,0,1,0,1,0,0.0,0.4933120012283325,2,clean,0.0,-1,44,29,CORRECT,0,0,0,0,0,0,0.0,0.0,answer,
margin,live-delta,1,0.0,0.244356,0.607198,5.7e-05,0.980469,0.466277,0.616277,0.018065690994262695,0.7802423238754272,0.7621766328811646,2.3016512393951416,9.990665435791016,0.24524210393428802,20,0,0,1,0,1,0,0.0,0.5786288976669312,2,clean,0.0,-1,45,0,CORRECT,0,0,0,0,0,0,0.0,0.0,answer,
margin,live-delta,1,0.0,0.244356,0.607198,5.7e-05,0.980469,0.466277,0.616277,0.13380369544029236,0.615119457244873,0.4813157618045807,0.23890648782253265,1.269859790802002,0.9355999827384949,2,0,0,1,0,1,0,0.0,0.2942866384983063,2,clean,0.0,-1,46,6,CORRECT,0,0,0,0,0,0,0.0,0.0,answer,
margin,live-delta,1,0.0,0.244356,0.607198,5.7e-05,0.980469,0.466277,0.616277,0.014446496963500977,0.7987375259399414,0.7842910289764404,1.7550482749938965,5.783727169036865,0.37430909276008606,20,0,0,1,0,1,0,0.0,0.5803588032722473,2,clean,0.0,-1,47,9,CORRECT,0,0,0,0,0,0,0.0,0.0,answer,
margin,live-delta,1,0.0,0.244356,0.607198,5.7e-05,0.980469,0.466277,0.616277,0.04508107900619507,0.542166531085968,0.49708545207977295,1.221544623374939,3.392423629760742,0.5084954500198364,4,0,0,1,0,1,0,0.0,0.3024407625198364,2,clean,0.0,-1,48,10,CORRECT,0,0,0,0,0,0,0.0,0.0,answer,
margin,live-delta,1,0.0,0.244356,0.607198,5.7e-05,0.980469,0.466277,0.616277,0.015541672706604004,0.6601847410202026,0.6446430683135986,1.785942554473877,5.965199947357178,0.31330162286758423,8,0,0,1,0,1,0,0.0,0.5240664482116699,2,clean,0.0,-1,50,12,CORRECT,0,0,0,0,0,0,0.0,0.0,answer,
margin,live-delta,1,0.0,0.244356,0.607198,5.7e-05,0.980469,0.466277,0.616277,0.09869396686553955,0.8877891302108765,0.7890951633453369,1.5895107984542847,4.901350498199463,0.6128032207489014,20,0,0,1,0,1,0,0.0,0.6858367323875427,2,clean,0.0,-1,51,0,CORRECT,0,0,0,0,0,0,0.0,0.0,answer,
margin,live-delta,1,0.0,0.244356,0.607198,5.7e-05,0.980469,0.466277,0.616277,0.07959491014480591,0.835240364074707,0.7556454539299011,2.0745296478271484,7.960801124572754,0.4464603066444397,20,0,0,1,0,1,0,0.0,0.6948240995407104,2,clean,0.0,-1,52,22,CORRECT,0,0,0,0,0,0,0.0,0.0,answer,
margin,live-delta,1,0.0,0.244356,0.607198,5.7e-05,0.980469,0.466277,0.616277,0.04038846492767334,0.7718725204467773,0.731484055519104,1.4142096042633057,4.113234043121338,0.46398523449897766,7,0,0,1,0,1,0,0.0,0.6465674638748169,2,clean,0.0,-1,53,26,CORRECT,0,0,0,0,0,0,0.0,0.0,answer,
margin,live-delta,1,0.0,0.244356,0.607198,5.7e-05,0.980469,0.466277,0.616277,0.021745800971984863,0.7166833877563477,0.6949375867843628,1.9931995868682861,7.338977813720703,0.38795801997184753,20,0,0,1,0,1,0,0.0,0.5401468873023987,2,clean,0.0,-1,56,11,CORRECT,0,0,0,0,0,0,0.0,0.0,answer,
margin,live-delta,1,0.0,0.244356,0.607198,5.7e-05,0.980469,0.466277,0.616277,0.030704915523529053,0.7882815599441528,0.7575766444206238,1.7928885221481323,6.006778240203857,0.4267408549785614,19,0,0,1,0,1,0,0.0,0.4446962773799896,2,clean,0.0,-1,57,21,CORRECT,0,0,0,0,0,0,0.0,0.0,answer,
margin,live-delta,1,0.0,0.244356,0.607198,5.7e-05,0.980469,0.466277,0.616277,0.02657550573348999,0.8341991901397705,0.8076236844062805,2.004579782485962,7.422974109649658,0.35644713044166565,20,0,0,1,0,1,0,0.0,0.6128807067871094,2,clean,0.0,-1,58,0,CORRECT,0,0,0,0,0,0,0.0,0.0,answer,
margin,live-delta,1,0.0,0.244356,0.607198,5.7e-05,0.980469,0.466277,0.616277,0.003304004669189453,0.677891731262207,0.6745877265930176,2.606302499771118,13.548861503601074,0.1863083690404892,20,0,0,1,0,1,0,0.0,0.48026907444000244,2,clean,0.0,-1,59,14,CORRECT,0,0,0,0,0,0,0.0,0.0,answer,
margin,live-delta,1,0.0,0.244356,0.607198,5.7e-05,0.980469,0.466277,0.616277,0.06265604496002197,0.8349859714508057,0.7723299264907837,1.7187001705169678,5.577274322509766,0.5307914614677429,20,0,0,1,0,1,0,0.0,0.6107056736946106,2,clean,0.0,-1,60,2,CORRECT,0,0,0,0,0,0,0.0,0.0,answer,
margin,live-delta,1,0.0,0.244356,0.607198,5.7e-05,0.980469,0.466277,0.616277,0.002447187900543213,0.8728757500648499,0.8704285621643066,1.7311381101608276,5.6470770835876465,0.3716391623020172,20,0,0,1,0,1,0,0.0,0.6611804962158203,2,clean,0.0,-1,61,0,CORRECT,0,0,0,0,0,0,0.0,0.0,answer,
margin,live-delta,1,0.0,0.244356,0.607198,5.7e-05,0.980469,0.466277,0.616277,0.0034145712852478027,0.5589209198951721,0.5555063486099243,2.3829386234283447,10.836701393127441,0.17335356771945953,13,0,0,1,0,1,0,0.0,0.3900502622127533,2,clean,0.0,-1,62,0,CORRECT,0,0,0,0,0,0,0.0,0.0,answer,
margin,live-delta,1,0.0,0.244356,0.607198,5.7e-05,0.980469,0.466277,0.616277,0.024738192558288574,0.6136946678161621,0.5889564752578735,2.2272839546203613,9.274641036987305,0.24552853405475616,13,0,0,1,0,1,0,0.0,0.309717059135437,2,clean,0.0,-1,63,3,CORRECT,0,0,0,0,0,0,0.0,0.0,answer,
margin,live-delta,1,0.0,0.244356,0.607198,5.7e-05,0.980469,0.466277,0.616277,0.09998571872711182,0.618600070476532,0.5186143517494202,1.090551733970642,2.9759154319763184,0.6926170587539673,6,1,1,1,1,1,0,0.0,0.40959230065345764,2,clean,0.0,-1,64,50,CORRECT,0,0,0,0,0,0,0.0,0.0,answer,
margin,live-delta,1,0.0,0.244356,0.607198,5.7e-05,0.980469,0.466277,0.616277,0.05121266841888428,0.7665919661521912,0.7153792977333069,1.7484828233718872,5.74587869644165,0.47212183475494385,15,1,1,1,1,1,0,0.0,0.40311747789382935,2,clean,0.0,-1,65,37,CORRECT,0,0,0,0,0,0,0.0,0.0,answer,
margin,live-delta,1,0.0,0.244356,0.607198,5.7e-05,0.980469,0.466277,0.616277,0.03203341364860535,0.5036468505859375,0.47161343693733215,0.644357442855835,1.9047627449035645,0.6549046635627747,2,1,1,1,1,1,0,0.0,0.337674081325531,2,clean,0.0,-1,66,35,CORRECT,0,0,0,0,0,0,0.0,0.0,answer,
margin,live-delta,1,0.0,0.244356,0.607198,5.7e-05,0.980469,0.466277,0.616277,0.10132157802581787,0.6654294729232788,0.5641078948974609,1.589150071144104,4.899582862854004,0.600055456161499,12,1,1,1,1,1,0,0.0,0.41640186309814453,2,clean,0.0,-1,67,47,CORRECT,0,0,0,0,0,0,0.0,0.0,answer,
margin,live-delta,1,0.0,0.244356,0.607198,5.7e-05,0.980469,0.466277,0.616277,0.05116629600524902,0.6455747485160828,0.5944084525108337,1.2960596084594727,3.6548666954040527,0.5464943051338196,7,1,1,1,1,1,0,0.0,0.4683803915977478,2,clean,0.0,-1,68,57,CORRECT,0,0,0,0,0,0,0.0,0.0,answer,
margin,live-delta,1,0.0,0.244356,0.607198,5.7e-05,0.980469,0.466277,0.616277,0.11027538776397705,0.6950936317443848,0.5848182439804077,0.7107840776443481,2.0355865955352783,0.8172983527183533,6,1,1,1,1,1,0,0.0,0.4552825391292572,2,clean,0.0,-1,69,36,CORRECT,0,0,0,0,0,0,0.0,0.0,answer,
margin,live-delta,1,0.0,0.244356,0.607198,5.7e-05,0.980469,0.466277,0.616277,0.07145816087722778,0.8408964276313782,0.7694382667541504,1.6646839380264282,5.284002780914307,0.505393385887146,16,1,1,1,1,1,0,0.0,0.40438294410705566,2,clean,0.0,-1,70,40,CORRECT,0,0,0,0,0,0,0.0,0.0,answer,
margin,live-delta,1,0.0,0.244356,0.607198,5.7e-05,0.980469,0.466277,0.616277,0.006285190582275391,0.5209206342697144,0.514635443687439,1.8887509107589722,6.611105442047119,0.21866096556186676,7,1,1,1,1,1,0,0.0,0.3271400034427643,2,clean,0.0,-1,71,47,CORRECT,0,0,0,0,0,0,0.0,0.0,answer,
margin,live-delta,1,0.0,0.244356,0.607198,5.7e-05,0.980469,0.466277,0.616277,0.1541154384613037,0.7070056200027466,0.5528901815414429,0.25915229320526123,1.2958310842514038,0.9408519864082336,3,1,1,1,1,1,0,0.0,0.5489740371704102,2,clean,0.0,-1,72,36,CORRECT,0,0,0,0,0,0,0.0,0.0,answer,
margin,live-delta,1,0.0,0.244356,0.607198,5.7e-05,0.980469,0.466277,0.616277,0.03657364845275879,0.7942038774490356,0.7576302289962769,1.9058846235275269,6.725354194641113,0.3367863893508911,15,1,1,1,1,1,0,0.0,0.42950505018234253,2,clean,0.0,-1,74,45,CORRECT,0,0,0,0,0,0,0.0,0.0,answer,
margin,live-delta,1,0.0,0.244356,0.607198,5.7e-05,0.980469,0.466277,0.616277,0.12161687016487122,0.4690021574497223,0.3473852872848511,-0.0,1.0,1.0,1,1,1,1,1,1,0,0.0,0.29065269231796265,2,clean,0.0,-1,75,44,CORRECT,0,0,0,0,0,0,0.0,0.0,answer,
margin,live-delta,1,0.0,0.244356,0.607198,5.7e-05,0.980469,0.466277,0.616277,0.03811115026473999,0.7916508913040161,0.7535397410392761,1.5426193475723267,4.676824569702148,0.4435966908931732,12,1,1,1,1,1,0,0.0,0.4099929630756378,2,clean,0.0,-1,77,60,CORRECT,0,0,0,0,0,0,0.0,0.0,answer,
margin,live-delta,1,0.0,0.244356,0.607198,5.7e-05,0.980469,0.466277,0.616277,0.027743279933929443,0.6010585427284241,0.5733152627944946,1.4160377979278564,4.120760917663574,0.46678048372268677,6,1,1,1,1,1,0,0.0,0.415357768535614,2,clean,0.0,-1,78,35,CORRECT,0,0,0,0,0,0,0.0,0.0,answer,
margin,live-delta,1,0.0,0.244356,0.607198,5.7e-05,0.980469,0.466277,0.616277,0.037351906299591064,0.5969131588935852,0.5595612525939941,1.4065840244293213,4.081987380981445,0.4622056484222412,6,1,1,1,1,1,0,0.0,0.421724796295166,2,clean,0.0,-1,79,47,CORRECT,0,0,0,0,0,0,0.0,0.0,answer,
margin,live-delta,1,0.0,0.244356,0.607198,5.7e-05,0.980469,0.466277,0.616277,0.2626209259033203,0.7004657983779907,0.4378448724746704,-0.0,1.0,1.0,1,1,1,1,1,1,0,0.0,0.508686363697052,2,clean,0.0,-1,81,44,CORRECT,0,0,0,0,0,0,0.0,0.0,answer,
margin,live-delta,1,0.0,0.244356,0.607198,5.7e-05,0.980469,0.466277,0.616277,0.002087831497192383,0.5332192182540894,0.531131386756897,1.879578948020935,6.550745964050293,0.2097821682691574,7,1,1,1,1,1,0,0.0,0.35299718379974365,2,clean,0.0,-1,82,52,CORRECT,0,0,0,0,0,0,0.0,0.0,answer,
margin,live-delta,1,0.0,0.244356,0.607198,5.7e-05,0.980469,0.466277,0.616277,0.02273687720298767,0.5098756551742554,0.4871387779712677,1.0672328472137451,2.9073233604431152,0.4528815448284149,3,1,1,1,1,1,0,0.0,0.33688005805015564,2,clean,0.0,-1,83,35,CORRECT,0,0,0,0,0,0,0.0,0.0,answer,
margin,live-delta,1,0.0,0.244356,0.607198,5.7e-05,0.980469,0.466277,0.616277,0.0005498528480529785,0.6723116040229797,0.6717617511749268,2.3331432342529297,10.310297966003418,0.1623452752828598,15,1,1,1,1,1,0,0.0,0.3700893819332123,2,clean,0.0,-1,84,40,CORRECT,0,0,0,0,0,0,0.0,0.0,answer,
margin,live-delta,1,0.0,0.244356,0.607198,5.7e-05,0.980469,0.466277,0.616277,0.02664715051651001,0.487519770860672,0.460872620344162,-0.0,1.0,1.0,1,1,1,1,1,1,0,0.0,0.24179601669311523,2,clean,0.0,-1,85,63,CORRECT,0,0,0,0,0,0,0.0,0.0,answer,
margin,live-delta,1,0.0,0.244356,0.607198,5.7e-05,0.980469,0.466277,0.616277,0.06783407926559448,0.6784102916717529,0.6105762124061584,1.8441320657730103,6.322609901428223,0.45953890681266785,13,1,1,1,1,1,0,0.0,0.36041104793548584,2,clean,0.0,-1,86,61,CORRECT,0,0,0,0,0,0,0.0,0.0,answer,
margin,live-delta,1,0.0,0.244356,0.607198,5.7e-05,0.980469,0.466277,0.616277,0.1254260540008545,0.5565441846847534,0.4311181306838989,-0.0,1.0,1.0,1,1,1,1,1,1,0,0.0,0.35206863284111023,2,clean,0.0,-1,87,63,CORRECT,0,0,0,0,0,0,0.0,0.0,answer,
margin,live-delta,1,0.0,0.244356,0.607198,5.7e-05,0.980469,0.466277,0.616277,0.0759202241897583,0.4897550344467163,0.413834810256958,-0.0,1.0,1.0,1,1,1,1,1,1,0,0.0,0.197681725025177,2,clean,0.0,-1,88,44,CORRECT,0,0,0,0,0,0,0.0,0.0,answer,
margin,live-delta,1,0.0,0.244356,0.607198,5.7e-05,0.980469,0.466277,0.616277,0.009209275245666504,0.5815664529800415,0.572357177734375,2.1523971557617188,8.605462074279785,0.23630297183990479,11,1,1,1,1,1,0,0.0,0.2658657729625702,2,clean,0.0,-1,89,50,CORRECT,0,0,0,0,0,0,0.0,0.0,answer,
margin,live-delta,1,0.0,0.244356,0.607198,5.7e-05,0.980469,0.466277,0.616277,0.026315629482269287,0.5693287253379822,0.5430130958557129,1.5898866653442383,4.90319299697876,0.3744606673717499,6,1,1,1,1,1,0,0.0,0.44232887029647827,2,clean,0.0,-1,90,59,CORRECT,0,0,0,0,0,0,0.0,0.0,answer,
margin,live-delta,1,0.0,0.244356,0.607198,5.7e-05,0.980469,0.466277,0.616277,0.08912777900695801,0.756209135055542,0.667081356048584,1.6893302202224731,5.415852069854736,0.5579541325569153,15,1,1,1,1,1,0,0.0,0.35234421491622925,2,clean,0.0,-1,91,40,CORRECT,0,0,0,0,0,0,0.0,0.0,answer,
margin,live-delta,1,0.0,0.244356,0.607198,5.7e-05,0.980469,0.466277,0.616277,0.008020877838134766,0.5828986763954163,0.5748777985572815,2.2008423805236816,9.03261947631836,0.23457404971122742,11,1,1,1,1,1,0,0.0,0.37079745531082153,2,clean,0.0,-1,93,38,CORRECT,0,0,0,0,0,0,0.0,0.0,answer,
margin,live-delta,1,0.0,0.244356,0.607198,5.7e-05,0.980469,0.466277,0.616277,0.03238600492477417,0.6400529742240906,0.6076669692993164,2.0842947959899902,8.038920402526855,0.3071781098842621,12,1,1,1,1,1,0,0.0,0.2573622465133667,2,clean,0.0,-1,94,60,CORRECT,0,0,0,0,0,0,0.0,0.0,answer,
margin,live-delta,1,0.0,0.244356,0.607198,5.7e-05,0.980469,0.466277,0.616277,0.06375056505203247,0.5301032066345215,0.466352641582489,0.5248762369155884,1.6902496814727783,0.7815993428230286,2,1,1,1,1,1,0,0.0,0.346439003944397,2,clean,0.0,-1,95,52,CORRECT,0,0,0,0,0,0,0.0,0.0,answer,
margin,live-delta,1,0.0,0.244356,0.607198,5.7e-05,0.980469,0.466277,0.616277,0.01938331127166748,0.5583243370056152,0.5389410257339478,1.2063450813293457,3.341250419616699,0.4621243476867676,4,1,1,1,1,1,0,0.0,0.3553626537322998,2,clean,0.0,-1,96,42,CORRECT,0,0,0,0,0,0,0.0,0.0,answer,
margin,live-delta,1,0.0,0.244356,0.607198,5.7e-05,0.980469,0.466277,0.616277,0.03714674711227417,0.624442458152771,0.5872957110404968,2.082209348678589,8.022172927856445,0.3359236717224121,12,1,1,1,1,1,0,0.0,0.39441344141960144,2,clean,0.0,-1,97,52,CORRECT,0,0,0,0,0,0,0.0,0.0,answer,
margin,live-delta,1,0.0,0.244356,0.607198,5.7e-05,0.980469,0.466277,0.616277,0.008182287216186523,0.710715115070343,0.7025328278541565,1.9646108150482178,7.132136344909668,0.24671868979930878,15,1,1,1,1,1,0,0.0,0.4413045346736908,2,clean,0.0,-1,98,32,CORRECT,0,0,0,0,0,0,0.0,0.0,answer,
margin,live-delta,1,0.0,0.244356,0.607198,5.7e-05,0.980469,0.466277,0.616277,0.07950395345687866,0.8086062073707581,0.7291022539138794,1.727082371711731,5.624220371246338,0.5324875712394714,17,1,1,1,1,1,0,0.0,0.39816349744796753,2,clean,0.0,-1,99,40,CORRECT,0,0,0,0,0,0,0.0,0.0,answer,
margin,live-delta,1,0.0,0.244356,0.607198,5.7e-05,0.980469,0.466277,0.616277,0.05860075354576111,0.5353360772132874,0.47673532366752625,0.5470012426376343,1.7280632257461548,0.7635090947151184,2,1,1,1,1,1,0,0.0,0.3425619602203369,2,clean,0.0,-1,100,57,CORRECT,0,0,0,0,0,0,0.0,0.0,answer,
margin,live-delta,1,0.0,0.244356,0.607198,5.7e-05,0.980469,0.466277,0.616277,0.021641671657562256,0.6355977058410645,0.6139560341835022,2.4214563369750977,11.262248992919922,0.23112753033638,16,1,1,1,1,1,0,0.0,0.4764178395271301,2,clean,0.0,-1,101,59,CORRECT,0,0,0,0,0,0,0.0,0.0,answer,
margin,live-delta,1,0.0,0.244356,0.607198,5.7e-05,0.980469,0.466277,0.616277,0.054714083671569824,0.5064904689788818,0.451776385307312,-0.0,1.0,1.0,1,1,1,1,1,1,0,0.0,0.2953105568885803,2,clean,0.0,-1,102,63,CORRECT,0,0,0,0,0,0,0.0,0.0,answer,
margin,live-delta,1,0.0,0.244356,0.607198,5.7e-05,0.980469,0.466277,0.616277,0.007851600646972656,0.5549097061157227,0.54705810546875,0.9500627517700195,2.585871934890747,0.48384636640548706,3,1,1,1,1,1,0,0.0,0.348261296749115,2,clean,0.0,-1,103,39,CORRECT,0,0,0,0,0,0,0.0,0.0,answer,
margin,live-delta,1,0.0,0.244356,0.607198,5.7e-05,0.980469,0.466277,0.616277,0.0412028431892395,0.5383107662200928,0.49710792303085327,1.2734624147415161,3.5732030868530273,0.46618518233299255,4,1,1,1,1,1,0,0.0,0.16544708609580994,2,clean,0.0,-1,105,41,CORRECT,0,0,0,0,0,0,0.0,0.0,answer,
margin,live-delta,1,0.0,0.244356,0.607198,5.7e-05,0.980469,0.466277,0.616277,0.06919336318969727,0.8411480188369751,0.7719546556472778,1.6193878650665283,5.0499982833862305,0.5550135374069214,18,1,1,1,1,1,0,0.0,0.46236059069633484,2,clean,0.0,-1,106,40,CORRECT,0,0,0,0,0,0,0.0,0.0,answer,
margin,live-delta,1,0.0,0.244356,0.607198,5.7e-05,0.980469,0.466277,0.616277,0.0112648606300354,0.5574491620063782,0.5461843013763428,2.1453616619110107,8.54513168334961,0.22670850157737732,10,1,1,1,1,1,0,0.0,0.3906744420528412,2,clean,0.0,-1,107,51,CORRECT,0,0,0,0,0,0,0.0,0.0,answer,
margin,live-delta,1,0.0,0.244356,0.607198,5.7e-05,0.980469,0.466277,0.616277,0.03881198167800903,0.5745145082473755,0.5357025265693665,1.5413742065429688,4.671004772186279,0.4340221881866455,6,1,1,1,1,1,0,0.0,0.42668288946151733,2,clean,0.0,-1,109,38,CORRECT,0,0,0,0,0,0,0.0,0.0,answer,
margin,live-delta,1,0.0,0.244356,0.607198,5.7e-05,0.980469,0.466277,0.616277,0.013598799705505371,0.6043965816497803,0.5907977819442749,2.234657049179077,9.343276977539062,0.19502900540828705,13,1,1,1,1,1,0,0.0,0.2900141477584839,2,clean,0.0,-1,110,51,CORRECT,0,0,0,0,0,0,0.0,0.0,answer,
margin,live-delta,1,0.0,0.244356,0.607198,5.7e-05,0.980469,0.466277,0.616277,0.05629462003707886,0.47336429357528687,0.417069673538208,-0.0,1.0,1.0,1,1,1,1,1,1,0,0.0,0.16464796662330627,2,clean,0.0,-1,111,59,CORRECT,0,0,0,0,0,0,0.0,0.0,answer,
margin,live-delta,1,0.0,0.244356,0.607198,5.7e-05,0.980469,0.466277,0.616277,0.005659312009811401,0.4965621531009674,0.490902841091156,1.3755953311920166,3.9574320316314697,0.29926928877830505,4,1,1,1,1,1,0,0.0,0.1582716405391693,2,clean,0.0,-1,112,63,CORRECT,0,0,0,0,0,0,0.0,0.0,answer,
margin,live-delta,1,0.0,0.244356,0.607198,5.7e-05,0.980469,0.466277,0.616277,0.03795003890991211,0.5386905670166016,0.5007405281066895,0.6260095834732056,1.8701330423355103,0.6811367869377136,2,1,1,1,1,1,0,0.0,0.34128454327583313,2,clean,0.0,-1,113,36,CORRECT,0,0,0,0,0,0,0.0,0.0,answer,
margin,live-delta,1,0.0,0.244356,0.607198,5.7e-05,0.980469,0.466277,0.616277,0.0009084939956665039,0.5301651954650879,0.5292567014694214,1.3083757162094116,3.7001585960388184,0.31801289319992065,4,1,1,1,1,1,0,0.0,0.2635127902030945,2,clean,0.0,-1,115,62,CORRECT,0,0,0,0,0,0,0.0,0.0,answer,
margin,live-delta,1,0.0,0.244356,0.607198,5.7e-05,0.980469,0.466277,0.616277,0.005991756916046143,0.6308895349502563,0.6248977780342102,2.041196823120117,7.699819087982178,0.2383880913257599,14,1,1,1,1,1,0,0.0,0.4562114477157593,2,clean,0.0,-1,116,38,CORRECT,0,0,0,0,0,0,0.0,0.0,answer,
margin,live-delta,1,0.0,0.244356,0.607198,5.7e-05,0.980469,0.466277,0.616277,0.08642899990081787,0.6468977928161621,0.5604687929153442,1.4230724573135376,4.149851322174072,0.5965681672096252,8,1,1,1,1,1,0,0.0,0.3993479609489441,2,clean,0.0,-1,117,42,CORRECT,0,0,0,0,0,0,0.0,0.0,answer,
margin,live-delta,1,0.0,0.244356,0.607198,5.7e-05,0.980469,0.466277,0.616277,0.06817120313644409,0.7197924852371216,0.6516212821006775,1.7145893573760986,5.554394245147705,0.5323235988616943,15,1,1,1,1,1,0,0.0,0.3329954743385315,2,clean,0.0,-1,118,40,CORRECT,0,0,0,0,0,0,0.0,0.0,answer,
margin,live-delta,1,0.0,0.244356,0.607198,5.7e-05,0.980469,0.466277,0.616277,0.05210930109024048,0.5614919066429138,0.5093826055526733,0.859039306640625,2.360891580581665,0.65705806016922,3,1,1,1,1,1,0,0.0,0.39505207538604736,2,clean,0.0,-1,119,51,CORRECT,0,0,0,0,0,0,0.0,0.0,answer,
margin,live-delta,1,0.0,0.244356,0.607198,5.7e-05,0.980469,0.466277,0.616277,0.022288918495178223,0.5903431177139282,0.56805419921875,1.8569599390029907,6.404237747192383,0.3308742940425873,9,1,1,1,1,1,0,0.0,0.38903000950813293,2,clean,0.0,-1,121,57,CORRECT,0,0,0,0,0,0,0.0,0.0,answer,
margin,live-delta,1,0.0,0.244356,0.607198,5.7e-05,0.980469,0.466277,0.616277,0.09091466665267944,0.6686475872993469,0.5777329206466675,1.4103723764419556,4.097480773925781,0.6350938081741333,11,1,1,1,1,1,0,0.0,0.4798545837402344,2,clean,0.0,-1,122,50,CORRECT,0,0,0,0,0,0,0.0,0.0,answer,
margin,live-delta,1,0.0,0.244356,0.607198,5.7e-05,0.980469,0.466277,0.616277,0.013231277465820312,0.5954697132110596,0.5822384357452393,1.8852791786193848,6.588193416595459,0.31591758131980896,9,1,1,1,1,1,0,0.0,0.3156626522541046,2,clean,0.0,-1,123,52,CORRECT,0,0,0,0,0,0,0.0,0.0,answer,
margin,live-delta,1,0.0,0.244356,0.607198,5.7e-05,0.980469,0.466277,0.616277,0.004436910152435303,0.8431375026702881,0.8387005925178528,1.4869407415390015,4.423542022705078,0.4011160135269165,13,1,1,1,1,1,0,0.0,0.4534303545951843,2,clean,0.0,-1,125,41,CORRECT,0,0,0,0,0,0,0.0,0.0,answer,
margin,live-delta,1,0.0,0.244356,0.607198,5.7e-05,0.980469,0.466277,0.616277,0.08864820003509521,0.4892336130142212,0.400585412979126,-0.0,1.0,1.0,1,1,1,1,1,1,0,0.0,0.2482023388147354,2,clean,0.0,-1,126,38,CORRECT,0,0,0,0,0,0,0.0,0.0,answer,
margin,live-delta,1,0.0,0.244356,0.607198,5.7e-05,0.980469,0.466277,0.616277,0.07421362400054932,0.5997445583343506,0.5255309343338013,1.4360886812210083,4.204219818115234,0.5549681782722473,7,1,1,1,1,1,0,0.0,0.2862173318862915,2,clean,0.0,-1,127,47,CORRECT,0,0,0,0,0,0,0.0,0.0,answer,
margin,live-delta,1,0.0,0.244356,0.607198,5.7e-05,0.980469,0.466277,0.616277,0.016283154487609863,0.5630731582641602,0.5467900037765503,2.561187744140625,12.951190948486328,0.15698552131652832,15,2,2,1,2,1,0,0.0,0.36430293321609497,2,clean,0.0,-1,129,89,CORRECT,0,0,0,0,0,0,0.0,0.0,answer,
margin,live-delta,1,0.0,0.244356,0.607198,5.7e-05,0.980469,0.466277,0.616277,0.060343146324157715,0.7414408922195435,0.6810977458953857,1.7353003025054932,5.67063045501709,0.4609133005142212,15,2,2,1,2,1,0,0.0,0.5133565664291382,2,clean,0.0,-1,130,80,CORRECT,0,0,0,0,0,0,0.0,0.0,answer,
margin,live-delta,1,0.0,0.244356,0.607198,5.7e-05,0.980469,0.466277,0.616277,0.04067337512969971,0.6881340146064758,0.6474606394767761,1.7969489097595215,6.031217575073242,0.4137338697910309,14,2,2,1,2,1,0,0.0,0.5713598728179932,2,clean,0.0,-1,131,84,CORRECT,0,0,0,0,0,0,0.0,0.0,answer,
margin,live-delta,1,0.0,0.244356,0.607198,5.7e-05,0.980469,0.466277,0.616277,0.14067071676254272,0.7042433023452759,0.5635725855827332,0.9601891040802002,2.6121904850006104,0.7839149236679077,10,2,2,1,2,1,0,0.0,0.5656924247741699,2,clean,0.0,-1,132,82,CORRECT,0,0,0,0,0,0,0.0,0.0,answer,
margin,live-delta,1,0.0,0.244356,0.607198,5.7e-05,0.980469,0.466277,0.616277,0.036290526390075684,0.671927809715271,0.6356372833251953,1.6878896951675415,5.408055782318115,0.427912175655365,13,2,2,1,2,1,0,0.0,0.5307698249816895,2,clean,0.0,-1,133,84,CORRECT,0,0,0,0,0,0,0.0,0.0,answer,
margin,live-delta,1,0.0,0.244356,0.607198,5.7e-05,0.980469,0.466277,0.616277,0.0068738460540771484,0.5189614295959473,0.5120875835418701,1.7381528615951538,5.686829566955566,0.26037150621414185,6,2,2,1,2,1,0,0.0,0.2802686393260956,2,clean,0.0,-1,134,89,CORRECT,0,0,0,0,0,0,0.0,0.0,answer,
margin,live-delta,1,0.0,0.244356,0.607198,5.7e-05,0.980469,0.466277,0.616277,0.0005246996879577637,0.7538886666297913,0.7533639669418335,1.7762717008590698,5.90778923034668,0.3020019829273224,13,2,2,1,2,1,0,0.0,0.547387957572937,2,clean,0.0,-1,136,80,CORRECT,0,0,0,0,0,0,0.0,0.0,answer,
margin,live-delta,1,0.0,0.244356,0.607198,5.7e-05,0.980469,0.466277,0.616277,0.003684520721435547,0.6487258076667786,0.645041286945343,1.9841867685317993,7.273130416870117,0.2580257058143616,13,2,2,1,2,1,0,0.0,0.535396158695221,2,clean,0.0,-1,137,91,CORRECT,0,0,0,0,0,0,0.0,0.0,answer,
margin,live-delta,1,0.0,0.244356,0.607198,5.7e-05,0.980469,0.466277,0.616277,0.05013328790664673,0.7074763178825378,0.6573430299758911,2.0383803844451904,7.678163528442383,0.4086896777153015,19,2,2,1,2,1,0,0.0,0.5535368919372559,2,clean,0.0,-1,138,79,CORRECT,0,0,0,0,0,0,0.0,0.0,answer,
margin,live-delta,1,0.0,0.244356,0.607198,5.7e-05,0.980469,0.466277,0.616277,0.015082180500030518,0.565150797367096,0.5500686168670654,1.5573731660842896,4.746336936950684,0.3736588954925537,6,2,2,1,2,1,0,0.0,0.17426016926765442,2,clean,0.0,-1,139,67,CORRECT,0,0,0,0,0,0,0.0,0.0,answer,
margin,live-delta,1,0.0,0.244356,0.607198,5.7e-05,0.980469,0.466277,0.616277,0.10315626859664917,0.7914308905601501,0.688274621963501,0.5238189697265625,1.688463568687439,0.8545571565628052,5,2,2,1,2,1,0,0.0,0.6833494901657104,2,clean,0.0,-1,140,68,CORRECT,0,0,0,0,0,0,0.0,0.0,answer,
margin,live-delta,1,0.0,0.244356,0.607198,5.7e-05,0.980469,0.466277,0.616277,0.027010083198547363,0.5625884532928467,0.5355783700942993,2.3756349086761475,10.757841110229492,0.20922696590423584,12,2,2,1,2,1,0,0.0,0.3420320749282837,2,clean,0.0,-1,141,80,CORRECT,0,0,0,0,0,0,0.0,0.0,answer,
margin,live-delta,1,0.0,0.244356,0.607198,5.7e-05,0.980469,0.466277,0.616277,0.13027608394622803,0.7915511131286621,0.6612750291824341,1.1040230989456177,3.0162763595581055,0.7611311674118042,18,2,2,1,2,1,0,0.0,0.6682131290435791,2,clean,0.0,-1,142,95,CORRECT,0,0,0,0,0,0,0.0,0.0,answer,
margin,live-delta,1,0.0,0.244356,0.607198,5.7e-05,0.980469,0.466277,0.616277,0.13579082489013672,0.6931444406509399,0.5573536157608032,0.29598867893218994,1.3444548845291138,0.9264243841171265,3,2,2,1,2,1,0,0.0,0.47784537076950073,2,clean,0.0,-1,143,76,CORRECT,0,0,0,0,0,0,0.0,0.0,answer,
margin,live-delta,1,0.0,0.244356,0.607198,5.7e-05,0.980469,0.466277,0.616277,0.00894784927368164,0.5137728452682495,0.5048249959945679,2.05660343170166,7.819365501403809,0.17077074944972992,8,2,2,1,2,1,0,0.0,0.330750972032547,2,clean,0.0,-1,144,84,CORRECT,0,0,0,0,0,0,0.0,0.0,answer,
margin,live-delta,1,0.0,0.244356,0.607198,5.7e-05,0.980469,0.466277,0.616277,0.030334651470184326,0.6259560585021973,0.5956214070320129,2.16801118850708,8.740882873535156,0.32913848757743835,14,2,2,1,2,1,0,0.0,0.35051417350769043,2,clean,0.0,-1,145,90,CORRECT,0,0,0,0,0,0,0.0,0.0,answer,
margin,live-delta,1,0.0,0.244356,0.607198,5.7e-05,0.980469,0.466277,0.616277,0.015457987785339355,0.5768289566040039,0.5613709688186646,1.3100781440734863,3.70646333694458,0.39021971821784973,4,2,2,1,2,1,0,0.0,0.3091595768928528,2,clean,0.0,-1,146,85,CORRECT,0,0,0,0,0,0,0.0,0.0,answer,
margin,live-delta,1,0.0,0.244356,0.607198,5.7e-05,0.980469,0.466277,0.616277,0.009372591972351074,0.7042195796966553,0.6948469877243042,2.2201528549194336,9.208738327026367,0.22787244617938995,20,2,2,1,2,1,0,0.0,0.4942100942134857,2,clean,0.0,-1,147,80,CORRECT,0,0,0,0,0,0,0.0,0.0,answer,
margin,live-delta,1,0.0,0.244356,0.607198,5.7e-05,0.980469,0.466277,0.616277,0.029896914958953857,0.6239545941352844,0.5940576791763306,2.3112339973449707,10.086864471435547,0.31198281049728394,16,2,2,1,2,1,0,0.0,0.3297209143638611,2,clean,0.0,-1,148,95,CORRECT,0,0,0,0,0,0,0.0,0.0,answer,
margin,live-delta,1,0.0,0.244356,0.607198,5.7e-05,0.980469,0.466277,0.616277,0.004040539264678955,0.5432393550872803,0.5391988158226013,1.5254955291748047,4.597421169281006,0.2913380265235901,5,2,2,1,2,1,0,0.0,0.3532825708389282,2,clean,0.0,-1,149,94,CORRECT,0,0,0,0,0,0,0.0,0.0,answer,
margin,live-delta,1,0.0,0.244356,0.607198,5.7e-05,0.980469,0.466277,0.616277,0.005341708660125732,0.5863345265388489,0.5809928178787231,1.7241647243499756,5.607834815979004,0.28412020206451416,7,2,2,1,2,1,0,0.0,0.4689067006111145,2,clean,0.0,-1,151,95,CORRECT,0,0,0,0,0,0,0.0,0.0,answer,
margin,live-delta,1,0.0,0.244356,0.607198,5.7e-05,0.980469,0.466277,0.616277,0.013454973697662354,0.5799499750137329,0.5664950013160706,1.8747450113296509,6.519156455993652,0.3245985805988312,9,2,2,1,2,1,0,0.0,0.45656436681747437,2,clean,0.0,-1,152,71,CORRECT,0,0,0,0,0,0,0.0,0.0,answer,
margin,live-delta,1,0.0,0.244356,0.607198,5.7e-05,0.980469,0.466277,0.616277,0.055962324142456055,0.7152880430221558,0.6593257188796997,2.0730578899383545,7.949093341827393,0.41245174407958984,17,2,2,1,2,1,0,0.0,0.5391017198562622,2,clean,0.0,-1,153,80,CORRECT,0,0,0,0,0,0,0.0,0.0,answer,
margin,live-delta,1,0.0,0.244356,0.607198,5.7e-05,0.980469,0.466277,0.616277,0.02488243579864502,0.6584439277648926,0.6335614919662476,2.0872437953948975,8.062662124633789,0.347737580537796,16,2,2,1,2,1,0,0.0,0.4151434600353241,2,clean,0.0,-1,154,74,CORRECT,0,0,0,0,0,0,0.0,0.0,answer,
margin,live-delta,1,0.0,0.244356,0.607198,5.7e-05,0.980469,0.466277,0.616277,0.04854661226272583,0.5953265428543091,0.5467799305915833,1.16036856174469,3.1911091804504395,0.586326539516449,5,2,2,1,2,1,0,0.0,0.43014076352119446,2,clean,0.0,-1,156,68,CORRECT,0,0,0,0,0,0,0.0,0.0,answer,
margin,live-delta,1,0.0,0.244356,0.607198,5.7e-05,0.980469,0.466277,0.616277,0.0775800347328186,0.7291195392608643,0.6515395045280457,1.356828212738037,3.883854866027832,0.6280791759490967,12,2,2,1,2,1,0,0.0,0.5488950610160828,2,clean,0.0,-1,157,94,CORRECT,0,0,0,0,0,0,0.0,0.0,answer,
margin,live-delta,1,0.0,0.244356,0.607198,5.7e-05,0.980469,0.466277,0.616277,0.02474379539489746,0.69541335105896,0.6706695556640625,2.2874703407287598,9.84998893737793,0.32333171367645264,20,2,2,1,2,1,0,0.0,0.46810394525527954,2,clean,0.0,-1,158,92,CORRECT,0,0,0,0,0,0,0.0,0.0,answer,
margin,live-delta,1,0.0,0.244356,0.607198,5.7e-05,0.980469,0.466277,0.616277,0.11211967468261719,0.7105110883712769,0.5983914136886597,0.9322810173034668,2.540297031402588,0.7841705679893494,11,2,2,1,2,1,0,0.0,0.5441452860832214,2,clean,0.0,-1,159,68,CORRECT,0,0,0,0,0,0,0.0,0.0,answer,
margin,live-delta,1,0.0,0.244356,0.607198,5.7e-05,0.980469,0.466277,0.616277,0.012909889221191406,0.6248509883880615,0.6119410991668701,1.034548282623291,2.8138349056243896,0.49615219235420227,4,2,2,1,2,1,0,0.0,0.5396009087562561,2,clean,0.0,-1,160,85,CORRECT,0,0,0,0,0,0,0.0,0.0,answer,
margin,live-delta,1,0.0,0.244356,0.607198,5.7e-05,0.980469,0.466277,0.616277,0.005746603012084961,0.5610314607620239,0.555284857749939,1.8373068571090698,6.279603481292725,0.2964525520801544,8,2,2,1,2,1,0,0.0,0.35305845737457275,2,clean,0.0,-1,162,95,CORRECT,0,0,0,0,0,0,0.0,0.0,answer,
margin,live-delta,1,0.0,0.244356,0.607198,5.7e-05,0.980469,0.466277,0.616277,0.15240740776062012,0.8081988096237183,0.6557914018630981,0.4359906315803528,1.5464942455291748,0.9095169901847839,9,2,2,1,2,1,0,0.0,0.6263875365257263,2,clean,0.0,-1,163,82,CORRECT,0,0,0,0,0,0,0.0,0.0,answer,
margin,live-delta,1,0.0,0.244356,0.607198,5.7e-05,0.980469,0.466277,0.616277,0.06616216897964478,0.7789145708084106,0.7127524018287659,1.4441739320755005,4.238349437713623,0.5569444894790649,12,2,2,1,2,1,0,0.0,0.601078987121582,2,clean,0.0,-1,164,80,CORRECT,0,0,0,0,0,0,0.0,0.0,answer,
margin,live-delta,1,0.0,0.244356,0.607198,5.7e-05,0.980469,0.466277,0.616277,0.02064359188079834,0.5866369605064392,0.5659933686256409,2.4229724407196045,11.279336929321289,0.2292332649230957,14,2,2,1,2,1,0,0.0,0.44338637590408325,2,clean,0.0,-1,166,88,CORRECT,0,0,0,0,0,0,0.0,0.0,answer,
margin,live-delta,1,0.0,0.244356,0.607198,5.7e-05,0.980469,0.466277,0.616277,0.024736642837524414,0.606033205986023,0.5812965631484985,1.4480202198028564,4.254683017730713,0.43405407667160034,6,2,2,1,2,1,0,0.0,0.4318395256996155,2,clean,0.0,-1,167,88,CORRECT,0,0,0,0,0,0,0.0,0.0,answer,
margin,live-delta,1,0.0,0.244356,0.607198,5.7e-05,0.980469,0.466277,0.616277,0.008060634136199951,0.6232964992523193,0.6152358651161194,1.5166947841644287,4.557137966156006,0.3093995153903961,5,2,2,1,2,1,0,0.0,0.28481394052505493,2,clean,0.0,-1,168,67,CORRECT,0,0,0,0,0,0,0.0,0.0,answer,
margin,live-delta,1,0.0,0.244356,0.607198,5.7e-05,0.980469,0.466277,0.616277,0.08725428581237793,0.693211555480957,0.6059572696685791,1.5870367288589478,4.889239311218262,0.6153662204742432,16,2,2,1,2,1,0,0.0,0.3863239288330078,2,clean,0.0,-1,169,94,CORRECT,0,0,0,0,0,0,0.0,0.0,answer,
margin,live-delta,1,0.0,0.244356,0.607198,5.7e-05,0.980469,0.466277,0.616277,0.0413893461227417,0.7523607015609741,0.7109713554382324,1.3815333843231201,3.981001377105713,0.5346791744232178,10,2,2,1,2,1,0,0.0,0.5928447842597961,2,clean,0.0,-1,171,82,CORRECT,0,0,0,0,0,0,0.0,0.0,answer,
margin,live-delta,1,0.0,0.244356,0.607198,5.7e-05,0.980469,0.466277,0.616277,0.06721699237823486,0.6195198893547058,0.552302896976471,0.5096821784973145,1.664762020111084,0.7932027578353882,2,2,2,1,2,1,0,0.0,0.5161680579185486,2,clean,0.0,-1,172,85,CORRECT,0,0,0,0,0,0,0.0,0.0,answer,
margin,live-delta,1,0.0,0.244356,0.607198,5.7e-05,0.980469,0.466277,0.616277,0.07371622323989868,0.6819985508918762,0.6082823276519775,1.2305958271026611,3.4232685565948486,0.607131838798523,6,2,2,1,2,1,0,0.0,0.47153395414352417,2,clean,0.0,-1,173,68,CORRECT,0,0,0,0,0,0,0.0,0.0,answer,
margin,live-delta,1,0.0,0.244356,0.607198,5.7e-05,0.980469,0.466277,0.616277,0.030966460704803467,0.6728857159614563,0.6419192552566528,1.7405102252960205,5.70025110244751,0.40254369378089905,12,2,2,1,2,1,0,0.0,0.34602662920951843,2,clean,0.0,-1,174,67,CORRECT,0,0,0,0,0,0,0.0,0.0,answer,
margin,live-delta,1,0.0,0.244356,0.607198,5.7e-05,0.980469,0.466277,0.616277,0.02083343267440796,0.6345972418785095,0.6137638092041016,2.396552085876465,10.985235214233398,0.22136878967285156,17,2,2,1,2,1,0,0.0,0.4687931537628174,2,clean,0.0,-1,175,74,CORRECT,0,0,0,0,0,0,0.0,0.0,answer,
margin,live-delta,1,0.0,0.244356,0.607198,5.7e-05,0.980469,0.466277,0.616277,0.1282334327697754,0.7788606882095337,0.6506272554397583,0.5262368321418762,1.6925508975982666,0.8699262738227844,5,2,2,1,2,1,0,0.0,0.6797915101051331,2,clean,0.0,-1,176,68,CORRECT,0,0,0,0,0,0,0.0,0.0,answer,
margin,live-delta,1,0.0,0.244356,0.607198,5.7e-05,0.980469,0.466277,0.616277,0.037269771099090576,0.6675590872764587,0.6302893161773682,1.8351078033447266,6.265809535980225,0.41850006580352783,12,2,2,1,2,1,0,0.0,0.5264285802841187,2,clean,0.0,-1,177,80,CORRECT,0,0,0,0,0,0,0.0,0.0,answer,
margin,live-delta,1,0.0,0.244356,0.607198,5.7e-05,0.980469,0.466277,0.616277,0.11271160840988159,0.7303362488746643,0.6176246404647827,1.0682060718536377,2.910154104232788,0.7476840019226074,14,2,2,1,2,1,0,0.0,0.566432535648346,2,clean,0.0,-1,178,92,CORRECT,0,0,0,0,0,0,0.0,0.0,answer,
margin,live-delta,1,0.0,0.244356,0.607198,5.7e-05,0.980469,0.466277,0.616277,0.039039790630340576,0.6944647431373596,0.655424952507019,1.7918906211853027,6.000786781311035,0.4299042522907257,13,2,2,1,2,1,0,0.0,0.5696750283241272,2,clean,0.0,-1,179,91,CORRECT,0,0,0,0,0,0,0.0,0.0,answer,
margin,live-delta,1,0.0,0.244356,0.607198,5.7e-05,0.980469,0.466277,0.616277,0.020443439483642578,0.6780236959457397,0.6575802564620972,2.4922432899475098,12.088363647460938,0.24060675501823425,19,2,2,1,2,1,0,0.0,0.5304607152938843,2,clean,0.0,-1,180,91,CORRECT,0,0,0,0,0,0,0.0,0.0,answer,
margin,live-delta,1,0.0,0.244356,0.607198,5.7e-05,0.980469,0.466277,0.616277,0.024712681770324707,0.6381895542144775,0.6134768724441528,1.4255295991897583,4.160060405731201,0.46456971764564514,8,2,2,1,2,1,0,0.0,0.26151567697525024,2,clean,0.0,-1,181,67,CORRECT,0,0,0,0,0,0,0.0,0.0,answer,
margin,live-delta,1,0.0,0.244356,0.607198,5.7e-05,0.980469,0.466277,0.616277,0.010335981845855713,0.5961796045303345,0.5858436226844788,2.3410282135009766,10.391916275024414,0.20926615595817566,14,2,2,1,2,1,0,0.0,0.4780789017677307,2,clean,0.0,-1,182,93,CORRECT,0,0,0,0,0,0,0.0,0.0,answer,
margin,live-delta,1,0.0,0.244356,0.607198,5.7e-05,0.980469,0.466277,0.616277,0.037868618965148926,0.6397140026092529,0.601845383644104,2.124819755554199,8.37138843536377,0.3193504214286804,13,2,2,1,2,1,0,0.0,0.4415649175643921,2,clean,0.0,-1,183,80,CORRECT,0,0,0,0,0,0,0.0,0.0,answer,
margin,live-delta,1,0.0,0.244356,0.607198,5.7e-05,0.980469,0.466277,0.616277,0.02257359027862549,0.6969536542892456,0.6743800640106201,2.3240654468536377,10.217126846313477,0.2829517126083374,20,2,2,1,2,1,0,0.0,0.5205903053283691,2,clean,0.0,-1,184,91,CORRECT,0,0,0,0,0,0,0.0,0.0,answer,
margin,live-delta,1,0.0,0.244356,0.607198,5.7e-05,0.980469,0.466277,0.616277,0.08996117115020752,0.6739968061447144,0.5840356349945068,1.3994174003601074,4.052838325500488,0.610733151435852,9,2,2,1,2,1,0,0.0,0.3213646113872528,2,clean,0.0,-1,185,67,CORRECT,0,0,0,0,0,0,0.0,0.0,answer,
margin,live-delta,1,0.0,0.244356,0.607198,5.7e-05,0.980469,0.466277,0.616277,0.010523676872253418,0.6649458408355713,0.6544221639633179,2.5547595024108887,12.868204116821289,0.16769342124462128,20,2,2,1,2,1,0,0.0,0.45762038230895996,2,clean,0.0,-1,186,89,CORRECT,0,0,0,0,0,0,0.0,0.0,answer,
margin,live-delta,1,0.0,0.244356,0.607198,5.7e-05,0.980469,0.466277,0.616277,0.0033548474311828613,0.6261475682258606,0.6227927207946777,1.8005625009536743,6.053051471710205,0.3042020797729492,9,2,2,1,2,1,0,0.0,0.5129871964454651,2,clean,0.0,-1,187,88,CORRECT,0,0,0,0,0,0,0.0,0.0,answer,
margin,live-delta,1,0.0,0.244356,0.607198,5.7e-05,0.980469,0.466277,0.616277,0.05916464328765869,0.5708418488502502,0.5116772055625916,0.8113946318626404,2.2510452270507812,0.6907492876052856,3,2,2,1,2,1,0,0.0,0.4427361488342285,2,clean,0.0,-1,188,78,CORRECT,0,0,0,0,0,0,0.0,0.0,answer,
margin,live-delta,1,0.0,0.244356,0.607198,5.7e-05,0.980469,0.466277,0.616277,0.006326436996459961,0.6582905054092407,0.6519640684127808,2.502655506134033,12.214887619018555,0.1542011797428131,20,2,2,1,2,1,0,0.0,0.5008820295333862,2,clean,0.0,-1,189,74,CORRECT,0,0,0,0,0,0,0.0,0.0,answer,
margin,live-delta,1,0.0,0.244356,0.607198,5.7e-05,0.980469,0.466277,0.616277,0.06224316358566284,0.7220123410224915,0.6597691774368286,1.9369443655014038,6.9375200271606445,0.4199064373970032,16,2,2,1,2,1,0,0.0,0.5344237685203552,2,clean,0.0,-1,190,91,CORRECT,0,0,0,0,0,0,0.0,0.0,answer,
margin,live-delta,1,0.0,0.244356,0.607198,5.7e-05,0.980469,0.466277,0.616277,0.010715484619140625,0.5521745681762695,0.5414590835571289,1.9276747703552246,6.873509407043457,0.2654131054878235,8,2,2,1,2,1,0,0.0,0.399591863155365,2,clean,0.0,-1,191,94,CORRECT,0,0,0,0,0,0,0.0,0.0,answer,
margin,live-delta,1,0.0,0.244356,0.607198,5.7e-05,0.980469,0.466277,0.616277,0.1926092505455017,0.573388934135437,0.3807796835899353,-0.0,1.0,1.0,1,3,3,1,3,1,0,0.0,0.29521629214286804,2,clean,0.0,-1,192,126,CORRECT,0,0,0,0,0,0,0.0,0.0,answer,
margin,live-delta,1,0.0,0.244356,0.607198,5.7e-05,0.980469,0.466277,0.616277,0.002837657928466797,0.4762086868286133,0.4733710289001465,0.6927447319030762,1.9991952180862427,0.5141844749450684,2,3,3,1,3,1,0,0.0,0.13931193947792053,2,clean,0.0,-1,193,108,CORRECT,0,0,0,0,0,0,0.0,0.0,answer,
margin,live-delta,1,0.0,0.244356,0.607198,5.7e-05,0.980469,0.466277,0.616277,0.10279828310012817,0.5986695885658264,0.49587130546569824,0.3536701798439026,1.4242852926254272,0.8865489959716797,2,3,3,1,3,1,0,0.0,0.20850712060928345,2,clean,0.0,-1,194,110,CORRECT,0,0,0,0,0,0,0.0,0.0,answer,
margin,live-delta,1,0.0,0.244356,0.607198,5.7e-05,0.980469,0.466277,0.616277,0.03087615966796875,0.4933467507362366,0.4624705910682678,-0.0,1.0,1.0,1,3,3,1,3,1,0,0.0,0.09028860926628113,2,clean,0.0,-1,200,108,CORRECT,0,0,0,0,0,0,0.0,0.0,answer,
margin,live-delta,1,0.0,0.244356,0.607198,5.7e-05,0.980469,0.466277,0.616277,0.09149575233459473,0.5550409555435181,0.46354520320892334,-0.0,1.0,1.0,1,3,3,1,3,1,0,0.0,0.24887317419052124,2,clean,0.0,-1,201,120,CORRECT,0,0,0,0,0,0,0.0,0.0,answer,
margin,live-delta,1,0.0,0.244356,0.607198,5.7e-05,0.980469,0.466277,0.616277,0.02482759952545166,0.6939318180084229,0.6691042184829712,0.8073439598083496,2.241945266723633,0.6013247966766357,4,3,3,1,3,1,0,0.0,0.24247205257415771,2,clean,0.0,-1,202,107,CORRECT,0,0,0,0,0,0,0.0,0.0,answer,
margin,live-delta,1,0.0,0.244356,0.607198,5.7e-05,0.980469,0.466277,0.616277,0.029502391815185547,0.5513004660606384,0.5217980742454529,1.253708004951477,3.5033092498779297,0.4627518951892853,4,3,3,1,3,1,0,0.0,0.23448604345321655,2,clean,0.0,-1,205,120,CORRECT,0,0,0,0,0,0,0.0,0.0,answer,
margin,live-delta,1,0.0,0.244356,0.607198,5.7e-05,0.980469,0.466277,0.616277,0.02621561288833618,0.5272265672683716,0.5010109543800354,2.0063228607177734,7.435924053192139,0.23957088589668274,8,3,3,1,3,1,0,0.0,0.1180831789970398,2,clean,0.0,-1,207,104,CORRECT,0,0,0,0,0,0,0.0,0.0,answer,
margin,live-delta,1,0.0,0.244356,0.607198,5.7e-05,0.980469,0.466277,0.616277,0.11798250675201416,0.6017956733703613,0.48381316661834717,0.7409191727638245,2.097862958908081,0.7911416888237,4,3,3,1,3,1,0,0.0,0.2477075755596161,2,clean,0.0,-1,208,115,CORRECT,0,0,0,0,0,0,0.0,0.0,answer,
margin,live-delta,1,0.0,0.244356,0.607198,5.7e-05,0.980469,0.466277,0.616277,0.08217626810073853,0.6692698001861572,0.5870935320854187,0.6440044641494751,1.9040905237197876,0.7986990213394165,4,3,3,1,3,1,0,0.0,0.2568804919719696,2,clean,0.0,-1,209,120,CORRECT,0,0,0,0,0,0,0.0,0.0,answer,
margin,live-delta,1,0.0,0.244356,0.607198,5.7e-05,0.980469,0.466277,0.616277,0.15729665756225586,0.6105475425720215,0.4532508850097656,-0.0,1.0,1.0,1,3,3,1,3,1,0,0.0,0.15729665756225586,2,clean,0.0,-1,210,104,CORRECT,0,0,0,0,0,0,0.0,0.0,answer,
margin,live-delta,1,0.0,0.244356,0.607198,5.7e-05,0.980469,0.466277,0.616277,0.02014237642288208,0.6971720457077026,0.6770296692848206,1.990173578262329,7.316803932189941,0.30935487151145935,13,3,3,1,3,1,0,0.0,0.2428939938545227,2,clean,0.0,-1,211,120,CORRECT,0,0,0,0,0,0,0.0,0.0,answer,
margin,live-delta,1,0.0,0.244356,0.607198,5.7e-05,0.980469,0.466277,0.616277,0.06616729497909546,0.6066004633903503,0.5404331684112549,1.324224829673767,3.759270191192627,0.5778385996818542,6,3,3,1,3,1,0,0.0,0.28090739250183105,2,clean,0.0,-1,212,116,CORRECT,0,0,0,0,0,0,0.0,0.0,answer,
margin,live-delta,1,0.0,0.244356,0.607198,5.7e-05,0.980469,0.466277,0.616277,0.00887608528137207,0.5642865896224976,0.5554105043411255,1.838852882385254,6.2893195152282715,0.28707244992256165,8,3,3,1,3,1,0,0.0,0.19849196076393127,2,clean,0.0,-1,213,107,CORRECT,0,0,0,0,0,0,0.0,0.0,answer,
margin,live-delta,1,0.0,0.244356,0.607198,5.7e-05,0.980469,0.466277,0.616277,0.05752432346343994,0.5843203663825989,0.5267960429191589,0.8016424775123596,2.2291994094848633,0.692435085773468,3,3,3,1,3,1,0,0.0,0.25374045968055725,2,clean,0.0,-1,214,105,CORRECT,0,0,0,0,0,0,0.0,0.0,answer,
margin,live-delta,1,0.0,0.244356,0.607198,5.7e-05,0.980469,0.466277,0.616277,0.01133456826210022,0.5045703649520874,0.4932357966899872,1.064758062362671,2.900137186050415,0.4318862557411194,3,3,3,1,3,1,0,0.0,0.2836514711380005,2,clean,0.0,-1,216,108,CORRECT,0,0,0,0,0,0,0.0,0.0,answer,
margin,live-delta,1,0.0,0.244356,0.607198,5.7e-05,0.980469,0.466277,0.616277,0.003426849842071533,0.5011805295944214,0.49775367975234985,1.3551664352416992,3.877406120300293,0.31608033180236816,4,3,3,1,3,1,0,0.0,0.19427341222763062,2,clean,0.0,-1,218,98,CORRECT,0,0,0,0,0,0,0.0,0.0,answer,
margin,live-delta,1,0.0,0.244356,0.607198,5.7e-05,0.980469,0.466277,0.616277,0.12949895858764648,0.6797758340835571,0.5502768754959106,0.48130854964256287,1.6181905269622803,0.8866637945175171,5,3,3,1,3,1,0,0.0,0.3595513105392456,2,clean,0.0,-1,219,100,CORRECT,0,0,0,0,0,0,0.0,0.0,answer,
margin,live-delta,1,0.0,0.244356,0.607198,5.7e-05,0.980469,0.466277,0.616277,0.06679219007492065,0.5910822153091431,0.5242900252342224,1.659691333770752,5.257687568664551,0.4827601909637451,8,3,3,1,3,1,0,0.0,0.2517186403274536,2,clean,0.0,-1,220,96,CORRECT,0,0,0,0,0,0,0.0,0.0,answer,
margin,live-delta,1,0.0,0.244356,0.607198,5.7e-05,0.980469,0.466277,0.616277,0.01146090030670166,0.6261302828788757,0.6146693825721741,1.7643245458602905,5.83762788772583,0.30648717284202576,9,3,3,1,3,1,0,0.0,0.21545302867889404,2,clean,0.0,-1,224,112,CORRECT,0,0,0,0,0,0,0.0,0.0,answer,
margin,live-delta,1,0.0,0.244356,0.607198,5.7e-05,0.980469,0.466277,0.616277,0.004072070121765137,0.5881993770599365,0.5841273069381714,2.1805710792541504,8.851359367370605,0.19593437016010284,11,3,3,1,3,1,0,0.0,0.18485039472579956,2,clean,0.0,-1,225,110,CORRECT,0,0,0,0,0,0,0.0,0.0,answer,
margin,live-delta,1,0.0,0.244356,0.607198,5.7e-05,0.980469,0.466277,0.616277,0.03309154510498047,0.5609841346740723,0.5278925895690918,0.6412531137466431,1.898858904838562,0.6596715450286865,2,3,3,1,3,1,0,0.0,0.20335319638252258,2,clean,0.0,-1,226,108,CORRECT,0,0,0,0,0,0,0.0,0.0,answer,
margin,live-delta,1,0.0,0.244356,0.607198,5.7e-05,0.980469,0.466277,0.616277,0.037726402282714844,0.5063289403915405,0.4686025381088257,0.6267454028129578,1.8715096712112427,0.6801645159721375,2,3,3,1,3,1,0,0.0,0.15563541650772095,2,clean,0.0,-1,227,126,CORRECT,0,0,0,0,0,0,0.0,0.0,answer,
margin,live-delta,1,0.0,0.244356,0.607198,5.7e-05,0.980469,0.466277,0.616277,0.012221962213516235,0.47681495547294617,0.46459299325942993,-0.0,1.0,1.0,1,3,3,1,3,1,0,0.0,0.13924476504325867,2,clean,0.0,-1,231,104,CORRECT,0,0,0,0,0,0,0.0,0.0,answer,
margin,live-delta,1,0.0,0.244356,0.607198,5.7e-05,0.980469,0.466277,0.616277,0.029977619647979736,0.47079384326934814,0.4408162236213684,-0.0,1.0,1.0,1,3,3,1,3,1,0,0.0,0.23236018419265747,2,clean,0.0,-1,232,98,CORRECT,0,0,0,0,0,0,0.0,0.0,answer,
margin,live-delta,1,0.0,0.244356,0.607198,5.7e-05,0.980469,0.466277,0.616277,0.004300862550735474,0.4803829491138458,0.47608208656311035,0.6922231912612915,1.9981528520584106,0.5214909315109253,2,3,3,1,3,1,0,0.0,0.1727493703365326,2,clean,0.0,-1,233,98,CORRECT,0,0,0,0,0,0,0.0,0.0,answer,
margin,live-delta,1,0.0,0.244356,0.607198,5.7e-05,0.980469,0.466277,0.616277,0.03754919767379761,0.5242900252342224,0.4867408275604248,0.6273261308670044,1.8725967407226562,0.6793931126594543,2,3,3,1,3,1,0,0.0,0.24334800243377686,2,clean,0.0,-1,235,110,CORRECT,0,0,0,0,0,0,0.0,0.0,answer,
margin,live-delta,1,0.0,0.244356,0.607198,5.7e-05,0.980469,0.466277,0.616277,0.017941057682037354,0.4855964779853821,0.4676554203033447,0.6773084998130798,1.9685721397399902,0.5887549519538879,2,3,3,1,3,1,0,0.0,0.17962372303009033,2,clean,0.0,-1,236,108,CORRECT,0,0,0,0,0,0,0.0,0.0,answer,
margin,live-delta,1,0.0,0.244356,0.607198,5.7e-05,0.980469,0.466277,0.616277,0.004896998405456543,0.509640097618103,0.5047430992126465,0.6919496059417725,1.9976062774658203,0.5244653224945068,2,3,3,1,3,1,0,0.0,0.17720720171928406,2,clean,0.0,-1,238,115,CORRECT,0,0,0,0,0,0,0.0,0.0,answer,
margin,live-delta,1,0.0,0.244356,0.607198,5.7e-05,0.980469,0.466277,0.616277,0.04566854238510132,0.5717487931251526,0.5260802507400513,1.2074474096298218,3.344935417175293,0.5206905603408813,4,3,3,1,3,1,0,0.0,0.27459055185317993,2,clean,0.0,-1,239,110,CORRECT,0,0,0,0,0,0,0.0,0.0,answer,
margin,live-delta,1,0.0,0.244356,0.607198,5.7e-05,0.980469,0.466277,0.616277,0.0239027738571167,0.4795359671115875,0.4556331932544708,-0.0,1.0,1.0,1,3,3,1,3,1,0,0.0,0.08667504787445068,2,clean,0.0,-1,242,114,CORRECT,0,0,0,0,0,0,0.0,0.0,answer,
margin,live-delta,1,0.0,0.244356,0.607198,5.7e-05,0.980469,0.466277,0.616277,0.016660213470458984,0.6470491886138916,0.6303889751434326,2.0216286182403564,7.550611972808838,0.29967594146728516,11,3,3,1,3,1,0,0.011956256814301014,0.16107234358787537,2,clean,0.0,-1,243,96,CORRECT,0,0,0,0,0,0,0.0,0.0,answer,
margin,live-delta,1,0.0,0.244356,0.607198,5.7e-05,0.980469,0.466277,0.616277,0.05257701873779297,0.6573766469955444,0.6047996282577515,1.6723682880401611,5.324763298034668,0.49929380416870117,11,3,3,1,3,1,0,0.0,0.2856913208961487,2,clean,0.0,-1,244,100,CORRECT,0,0,0,0,0,0,0.0,0.0,answer,
margin,live-delta,1,0.0,0.244356,0.607198,5.7e-05,0.980469,0.466277,0.616277,0.05133938789367676,0.4852619171142578,0.43392252922058105,-0.0,1.0,1.0,1,3,3,1,3,1,0,0.0,0.11322644352912903,2,clean,0.0,-1,246,98,CORRECT,0,0,0,0,0,0,0.0,0.0,answer,
margin,live-delta,1,0.0,0.244356,0.607198,5.7e-05,0.980469,0.466277,0.616277,0.07415032386779785,0.7413268089294434,0.6671764850616455,1.0889414548873901,2.9711272716522217,0.6762465834617615,9,3,3,1,3,1,0,0.0,0.3865586519241333,2,clean,0.0,-1,248,110,CORRECT,0,0,0,0,0,0,0.0,0.0,answer,
margin,live-delta,1,0.0,0.244356,0.607198,5.7e-05,0.980469,0.466277,0.616277,0.1013302206993103,0.4877285957336426,0.3863983750343323,-0.0,1.0,1.0,1,3,3,1,3,1,0,0.0,0.16303473711013794,2,clean,0.0,-1,250,114,CORRECT,0,0,0,0,0,0,0.0,0.0,answer,
margin,live-delta,1,0.0,0.244356,0.607198,5.7e-05,0.980469,0.466277,0.616277,0.021122872829437256,0.5811411738395691,0.5600183010101318,2.09708833694458,8.142427444458008,0.23062185943126678,10,3,3,1,3,1,0,0.0,0.13164237141609192,2,clean,0.0,-1,253,110,CORRECT,0,0,0,0,0,0,0.0,0.0,answer,
margin,live-delta,1,0.0,0.244356,0.607198,5.7e-05,0.980469,0.466277,0.616277,0.10018813610076904,0.6796610355377197,0.5794728994369507,1.2663002014160156,3.5477025508880615,0.6495617032051086,8,3,3,1,3,1,0,0.0,0.26146480441093445,2,clean,0.0,-1,254,115,CORRECT,0,0,0,0,0,0,0.0,0.0,answer,
margin,live-delta,1,0.0,0.244356,0.607198,5.7e-05,0.980469,0.466277,0.616277,0.08388504385948181,0.5746854543685913,0.4908004105091095,0.4353334903717041,1.545478343963623,0.8425998091697693,2,3,3,1,3,1,0,0.0,0.26444941759109497,2,clean,0.0,-1,255,104,CORRECT,0,0,0,0,0,0,0.0,0.0,answer,
margin,live-delta,2,0.0,0.244356,0.607198,5.7e-05,0.980469,0.466277,0.616277,0.008692145347595215,0.6145343780517578,0.6058422327041626,2.4878780841827393,12.035710334777832,0.1735929250717163,16,0,0,1,0,1,0,0.0,0.48662111163139343,2,clean,0.0,-1,0,29,CORRECT,0,0,0,0,0,0,0.0,0.0,answer,
margin,live-delta,2,0.0,0.244356,0.607198,5.7e-05,0.980469,0.466277,0.616277,0.002864539623260498,0.7485058903694153,0.7456413507461548,2.406562566757202,11.095754623413086,0.19970422983169556,20,0,0,1,0,1,0,0.0,0.5389264225959778,2,clean,0.0,-1,1,29,CORRECT,0,0,0,0,0,0,0.0,0.0,answer,
margin,live-delta,2,0.0,0.244356,0.607198,5.7e-05,0.980469,0.466277,0.616277,0.03562748432159424,0.8512296676635742,0.81560218334198,1.8628650903701782,6.44216775894165,0.437677800655365,20,0,0,1,0,1,0,0.0,0.613601803779602,2,clean,0.0,-1,2,0,CORRECT,0,0,0,0,0,0,0.0,0.0,answer,
margin,live-delta,2,0.0,0.244356,0.607198,5.7e-05,0.980469,0.466277,0.616277,0.06120377779006958,0.8351686596870422,0.7739648818969727,2.109811305999756,8.246685028076172,0.39704185724258423,20,0,0,1,0,1,0,0.0,0.6275011301040649,2,clean,0.0,-1,3,27,CORRECT,0,0,0,0,0,0,0.0,0.0,answer,
margin,live-delta,2,0.0,0.244356,0.607198,5.7e-05,0.980469,0.466277,0.616277,0.06320923566818237,0.6585389971733093,0.595329761505127,1.3653671741485596,3.917160987854004,0.5692832469940186,7,0,0,1,0,1,0,0.0,0.5165534019470215,2,clean,0.0,-1,4,12,CORRECT,0,0,0,0,0,0,0.0,0.0,answer,
margin,live-delta,2,0.0,0.244356,0.607198,5.7e-05,0.980469,0.466277,0.616277,0.01838463544845581,0.8731691241264343,0.8547844886779785,2.0343306064605713,7.647131443023682,0.3304731547832489,20,0,0,1,0,1,0,0.0,0.6164111495018005,2,clean,0.0,-1,5,27,CORRECT,0,0,0,0,0,0,0.0,0.0,answer,
margin,live-delta,2,0.0,0.244356,0.607198,5.7e-05,0.980469,0.466277,0.616277,0.024461090564727783,0.8591064214706421,0.8346453309059143,2.0839645862579346,8.036266326904297,0.31034284830093384,20,0,0,1,0,1,0,0.0,0.5630691647529602,2,clean,0.0,-1,6,0,CORRECT,0,0,0,0,0,0,0.0,0.0,answer,
margin,live-delta,2,0.0,0.244356,0.607198,5.7e-05,0.980469,0.466277,0.616277,0.01217198371887207,0.7492260336875916,0.7370540499687195,1.5021567344665527,4.491365432739258,0.3474813997745514,7,0,0,1,0,1,0,0.0,0.639962911605835,2,clean,0.0,-1,7,12,CORRECT,0,0,0,0,0,0,0.0,0.0,answer,
margin,live-delta,2,0.0,0.244356,0.607198,5.7e-05,0.980469,0.466277,0.616277,0.0574725866317749,0.8665192127227783,0.8090466260910034,1.768878698348999,5.864274024963379,0.46956494450569153,20,0,0,1,0,1,0,0.0,0.5741294622421265,2,clean,0.0,-1,8,19,CORRECT,0,0,0,0,0,0,0.0,0.0,answer,
margin,live-delta,2,0.0,0.244356,0.607198,5.7e-05,0.980469,0.466277,0.616277,0.02331995964050293,0.6571364402770996,0.6338164806365967,1.8307143449783325,6.238341331481934,0.389030396938324,13,0,0,1,0,1,0,0.0,0.32575005292892456,2,clean,0.0,-1,9,2,CORRECT,0,0,0,0,0,0,0.0,0.0,answer,
margin,live-delta,2,0.0,0.244356,0.607198,5.7e-05,0.980469,0.466277,0.616277,0.010274708271026611,0.8123652935028076,0.802090585231781,2.2328696250915527,9.326591491699219,0.24554862082004547,20,0,0,1,0,1,0,0.0,0.6101858019828796,2,clean,0.0,-1,10,27,CORRECT,0,0,0,0,0,0,0.0,0.0,answer,
margin,live-delta,2,0.0,0.244356,0.607198,5.7e-05,0.980469,0.466277,0.616277,0.0263330340385437,0.7415318489074707,0.715198814868927,2.523719310760498,12.474908828735352,0.197550967335701,20,0,0,1,0,1,0,0.0,0.41163015365600586,2,clean,0.0,-1,11,19,CORRECT,0,0,0,0,0,0,0.0,0.0,answer,
margin,live-delta,2,0.0,0.244356,0.607198,5.7e-05,0.980469,0.466277,0.616277,0.053028225898742676,0.6884907484054565,0.6354625225067139,1.888684630393982,6.610667705535889,0.44716835021972656,15,0,0,1,0,1,0,0.0,0.27818992733955383,2,clean,0.0,-1,12,28,CORRECT,0,0,0,0,0,0,0.0,0.0,answer,
margin,live-delta,2,0.0,0.244356,0.607198,5.7e-05,0.980469,0.466277,0.616277,0.03296172618865967,0.8734875321388245,0.8405258059501648,1.9558680057525635,7.0700531005859375,0.34270551800727844,20,0,0,1,0,1,0,0.0,0.5720294713973999,2,clean,0.0,-1,13,19,CORRECT,0,0,0,0,0,0,0.0,0.0,answer,
margin,live-delta,2,0.0,0.244356,0.607198,5.7e-05,0.980469,0.466277,0.616277,0.04973268508911133,0.6596090793609619,0.6098763942718506,2.256545066833496,9.550037384033203,0.349910169839859,18,0,0,1,0,1,0,0.0,0.376028835773468,2,clean,0.0,-1,14,14,CORRECT,0,0,0,0,0,0,0.0,0.0,answer,
margin,live-delta,2,0.0,0.244356,0.607198,5.7e-05,0.980469,0.466277,0.616277,0.059464991092681885,0.8609749674797058,0.8015099763870239,2.2850558757781982,9.826234817504883,0.3320564925670624,20,0,0,1,0,1,0,0.0,0.6294852495193481,2,clean,0.0,-1,15,0,CORRECT,0,0,0,0,0,0,0.0,0.0,answer,
margin,live-delta,2,0.0,0.244356,0.607198,5.7e-05,0.980469,0.466277,0.616277,0.03566533327102661,0.8514373302459717,0.8157719969749451,1.8758732080459595,6.526515483856201,0.3923010230064392,20,0,0,1,0,1,0,0.0,0.6156409978866577,2,clean,0.0,-1,16,0,CORRECT,0,0,0,0,0,0,0.0,0.0,answer,
margin,live-delta,2,0.0,0.244356,0.607198,5.7e-05,0.980469,0.466277,0.616277,0.0259246826171875,0.817624568939209,0.7916998863220215,2.0725443363189697,7.945012092590332,0.3371545076370239,20,0,0,1,0,1,0,0.0,0.615166425704956,2,clean,0.0,-1,17,0,CORRECT,0,0,0,0,0,0,0.0,0.0,answer,
margin,live-delta,2,0.0,0.244356,0.607198,5.7e-05,0.980469,0.466277,0.616277,0.01809978485107422,0.7281592488288879,0.7100594639778137,2.3283562660217285,10.261061668395996,0.26296719908714294,19,0,0,1,0,1,0,0.0,0.5232799649238586,2,clean,0.0,-1,18,11,CORRECT,0,0,0,0,0,0,0.0,0.0,answer,
margin,live-delta,2,0.0,0.244356,0.607198,5.7e-05,0.980469,0.466277,0.616277,0.056340694427490234,0.8419591784477234,0.7856184840202332,1.8564157485961914,6.400753498077393,0.4715288579463959,20,0,0,1,0,1,0,0.0,0.6057676076889038,2,clean,0.0,-1,19,0,CORRECT,0,0,0,0,0,0,0.0,0.0,answer,
margin,live-delta,2,0.0,0.244356,0.607198,5.7e-05,0.980469,0.466277,0.616277,0.10735994577407837,0.8890054225921631,0.7816454768180847,1.654344081878662,5.229648590087891,0.6039719581604004,20,0,0,1,0,1,0,0.0,0.7198744416236877,2,clean,0.0,-1,20,0,CORRECT,0,0,0,0,0,0,0.0,0.0,answer,
margin,live-delta,2,0.0,0.244356,0.607198,5.7e-05,0.980469,0.466277,0.616277,0.07574641704559326,0.8565751314163208,0.7808287143707275,1.6038110256195068,4.971944808959961,0.5907458066940308,20,0,0,1,0,1,0,0.0,0.6307447552680969,2,clean,0.0,-1,21,0,CORRECT,0,0,0,0,0,0,0.0,0.0,answer,
margin,live-delta,2,0.0,0.244356,0.607198,5.7e-05,0.980469,0.466277,0.616277,0.010011017322540283,0.609879732131958,0.5998687148094177,2.661395788192749,14.31625747680664,0.1477361023426056,19,0,0,1,0,1,0,0.0,0.39039385318756104,2,clean,0.0,-1,22,7,CORRECT,0,0,0,0,0,0,0.0,0.0,answer,
margin,live-delta,2,0.0,0.244356,0.607198,5.7e-05,0.980469,0.466277,0.616277,0.004011273384094238,0.6520997285842896,0.6480884552001953,2.446258783340454,11.545073509216309,0.1887655258178711,19,0,0,1,0,1,0,0.0,0.523506760597229,2,clean,0.0,-1,23,11,CORRECT,0,0,0,0,0,0,0.0,0.0,answer,
margin,live-delta,2,0.0,0.244356,0.607198,5.7e-05,0.980469,0.466277,0.616277,0.0026372671127319336,0.7925955057144165,0.7899582386016846,2.366831064224243,10.663546562194824,0.22386150062084198,20,0,0,1,0,1,0,0.0,0.5823259949684143,2,clean,0.0,-1,24,22,CORRECT,0,0,0,0,0,0,0.0,0.0,answer,
margin,live-delta,2,0.0,0.244356,0.607198,5.7e-05,0.980469,0.466277,0.616277,0.3059971034526825,0.6070910692214966,0.3010939657688141,-0.0,1.0,1.0,1,0,0,1,0,1,0,0.0,0.35750406980514526,2,clean,0.0,-1,25,30,CORRECT,0,0,0,0,0,0,0.0,0.0,answer,
margin,live-delta,2,0.0,0.244356,0.607198,5.7e-05,0.980469,0.466277,0.616277,0.021011531352996826,0.6684602499008179,0.647448718547821,2.0992791652679443,8.160285949707031,0.3467082679271698,15,0,0,1,0,1,0,0.0,0.47889745235443115,2,clean,0.0,-1,26,20,CORRECT,0,0,0,0,0,0,0.0,0.0,answer,
margin,live-delta,2,0.0,0.244356,0.607198,5.7e-05,0.980469,0.466277,0.616277,0.009212374687194824,0.7741955518722534,0.7649831771850586,2.2408275604248047,9.401107788085938,0.24142929911613464,20,0,0,1,0,1,0,0.0,0.5331166982650757,2,clean,0.0,-1,27,27,CORRECT,0,0,0,0,0,0,0.0,0.0,answer,
margin,live-delta,2,0.0,0.244356,0.607198,5.7e-05,0.980469,0.466277,0.616277,0.027210235595703125,0.8135794401168823,0.7863692045211792,1.9127768278121948,6.771866798400879,0.37401944398880005,20,0,0,1,0,1,0,0.0,0.6232535243034363,2,clean,0.0,-1,28,19,CORRECT,0,0,0,0,0,0,0.0,0.0,answer,
margin,live-delta,2,0.0,0.244356,0.607198,5.7e-05,0.980469,0.466277,0.616277,0.009036123752593994,0.7184197306632996,0.7093836069107056,2.036456346511841,7.66340446472168,0.33035457134246826,18,0,0,1,0,1,0,0.0,0.5991634130477905,2,clean,0.0,-1,29,7,CORRECT,0,0,0,0,0,0,0.0,0.0,answer,
margin,live-delta,2,0.0,0.244356,0.607198,5.7e-05,0.980469,0.466277,0.616277,0.01577126979827881,0.8026509284973145,0.7868796586990356,2.3519437313079834,10.50597095489502,0.24932830035686493,20,0,0,1,0,1,0,0.0,0.6467174291610718,2,clean,0.0,-1,30,22,CORRECT,0,0,0,0,0,0,0.0,0.0,answer,
margin,live-delta,2,0.0,0.244356,0.607198,5.7e-05,0.980469,0.466277,0.616277,0.11953634023666382,0.8753258585929871,0.7557895183563232,1.3980088233947754,4.047133445739746,0.6851340532302856,20,0,0,1,0,1,0,0.0,0.6159409284591675,2,clean,0.0,-1,31,0,CORRECT,0,0,0,0,0,0,0.0,0.0,answer,
margin,live-delta,2,0.0,0.244356,0.607198,5.7e-05,0.980469,0.466277,0.616277,0.2579633593559265,0.6663253307342529,0.4083619713783264,-0.0,1.0,1.0,1,0,0,1,0,1,0,0.0,0.4054147005081177,2,clean,0.0,-1,32,30,CORRECT,0,0,0,0,0,0,0.0,0.0,answer,
margin,live-delta,2,0.0,0.244356,0.607198,5.7e-05,0.980469,0.466277,0.616277,0.00027108192443847656,0.8409632444381714,0.8406921625137329,2.2232730388641357,9.237516403198242,0.23702208697795868,20,0,0,1,0,1,0,0.0,0.6162108182907104,2,clean,0.0,-1,33,27,CORRECT,0,0,0,0,0,0,0.0,0.0,answer,
margin,live-delta,2,0.0,0.244356,0.607198,5.7e-05,0.980469,0.466277,0.616277,0.07880854606628418,0.8197683095932007,0.7409597635269165,1.3303163051605225,3.7822394371032715,0.5591570138931274,6,0,0,1,0,1,0,0.0,0.7087355256080627,2,clean,0.0,-1,34,26,CORRECT,0,0,0,0,0,0,0.0,0.0,answer,
margin,live-delta,2,0.0,0.244356,0.607198,5.7e-05,0.980469,0.466277,0.616277,0.06488156318664551,0.8260010480880737,0.7611194849014282,1.1787643432617188,3.2503554821014404,0.5940961241722107,6,0,0,1,0,1,0,0.0,0.7347782254219055,2,clean,0.0,-1,35,26,CORRECT,0,0,0,0,0,0,0.0,0.0,answer,
margin,live-delta,2,0.0,0.244356,0.607198,5.7e-05,0.980469,0.466277,0.616277,0.01791250705718994,0.6625928282737732,0.6446803212165833,2.5377726554870605,12.651460647583008,0.1929238885641098,19,0,0,1,0,1,0,0.0,0.523886501789093,2,clean,0.0,-1,36,31,CORRECT,0,0,0,0,0,0,0.0,0.0,answer,
margin,live-delta,2,0.0,0.244356,0.607198,5.7e-05,0.980469,0.466277,0.616277,0.00014674663543701172,0.7378839254379272,0.7377371788024902,2.4393093585968018,11.465119361877441,0.20830827951431274,20,0,0,1,0,1,0,0.0,0.453913152217865,2,clean,0.0,-1,37,3,CORRECT,0,0,0,0,0,0,0.0,0.0,answer,
margin,live-delta,2,0.0,0.244356,0.607198,5.7e-05,0.980469,0.466277,0.616277,0.06540250778198242,0.8352208137512207,0.7698183059692383,1.9166908264160156,6.798424243927002,0.45502015948295593,18,0,0,1,0,1,0,0.0,0.525200366973877,2,clean,0.0,-1,39,19,CORRECT,0,0,0,0,0,0,0.0,0.0,answer,
margin,live-delta,2,0.0,0.244356,0.607198,5.7e-05,0.980469,0.466277,0.616277,8.213520050048828e-05,0.6722115278244019,0.6721293926239014,2.5988857746124268,13.448744773864746,0.13513359427452087,19,0,0,1,0,1,0,0.0,0.5113608837127686,2,clean,0.0,-1,40,1,CORRECT,0,0,0,0,0,0,0.0,0.0,answer,
margin,live-delta,2,0.0,0.244356,0.607198,5.7e-05,0.980469,0.466277,0.616277,0.021424174308776855,0.8092004060745239,0.7877762317657471,1.8422305583953857,6.310598850250244,0.3710879683494568,19,0,0,1,0,1,0,0.0,0.6027906537055969,2,clean,0.0,-1,41,2,CORRECT,0,0,0,0,0,0,0.0,0.0,answer,
margin,live-delta,2,0.0,0.244356,0.607198,5.7e-05,0.980469,0.466277,0.616277,0.014770090579986572,0.6550374627113342,0.6402673721313477,2.3951516151428223,10.969861030578613,0.2125970423221588,17,0,0,1,0,1,0,0.0,0.5561074614524841,2,clean,0.0,-1,42,18,CORRECT,0,0,0,0,0,0,0.0,0.0,answer,
margin,live-delta,2,0.0,0.244356,0.607198,5.7e-05,0.980469,0.466277,0.616277,0.0036307573318481445,0.8091407418251038,0.8055099844932556,2.218207359313965,9.190839767456055,0.24903666973114014,20,0,0,1,0,1,0,0.0,0.5742166042327881,2,clean,0.0,-1,43,22,CORRECT,0,0,0,0,0,0,0.0,0.0,answer,
margin,live-delta,2,0.0,0.244356,0.607198,5.7e-05,0.980469,0.466277,0.616277,0.007630765438079834,0.6590110659599304,0.6513803005218506,2.559352159500122,12.92743968963623,0.15378409624099731,18,0,0,1,0,1,0,0.0,0.4933120012283325,2,clean,0.0,-1,44,29,CORRECT,0,0,0,0,0,0,0.0,0.0,answer,
margin,live-delta,2,0.0,0.244356,0.607198,5.7e-05,0.980469,0.466277,0.616277,0.018065690994262695,0.7802423238754272,0.7621766328811646,2.3016512393951416,9.990665435791016,0.24524210393428802,20,0,0,1,0,1,0,0.0,0.5786288976669312,2,clean,0.0,-1,45,0,CORRECT,0,0,0,0,0,0,0.0,0.0,answer,
margin,live-delta,2,0.0,0.244356,0.607198,5.7e-05,0.980469,0.466277,0.616277,0.13380369544029236,0.615119457244873,0.4813157618045807,0.23890648782253265,1.269859790802002,0.9355999827384949,2,0,0,1,0,1,0,0.0,0.2942866384983063,2,clean,0.0,-1,46,6,CORRECT,0,0,0,0,0,0,0.0,0.0,answer,
margin,live-delta,2,0.0,0.244356,0.607198,5.7e-05,0.980469,0.466277,0.616277,0.014446496963500977,0.7987375259399414,0.7842910289764404,1.7550482749938965,5.783727169036865,0.37430909276008606,20,0,0,1,0,1,0,0.0,0.5803588032722473,2,clean,0.0,-1,47,9,CORRECT,0,0,0,0,0,0,0.0,0.0,answer,
margin,live-delta,2,0.0,0.244356,0.607198,5.7e-05,0.980469,0.466277,0.616277,0.04508107900619507,0.542166531085968,0.49708545207977295,1.221544623374939,3.392423629760742,0.5084954500198364,4,0,0,1,0,1,0,0.0,0.3024407625198364,2,clean,0.0,-1,48,10,CORRECT,0,0,0,0,0,0,0.0,0.0,answer,
margin,live-delta,2,0.0,0.244356,0.607198,5.7e-05,0.980469,0.466277,0.616277,0.015541672706604004,0.6601847410202026,0.6446430683135986,1.785942554473877,5.965199947357178,0.31330162286758423,8,0,0,1,0,1,0,0.0,0.5240664482116699,2,clean,0.0,-1,50,12,CORRECT,0,0,0,0,0,0,0.0,0.0,answer,
margin,live-delta,2,0.0,0.244356,0.607198,5.7e-05,0.980469,0.466277,0.616277,0.09869396686553955,0.8877891302108765,0.7890951633453369,1.5895107984542847,4.901350498199463,0.6128032207489014,20,0,0,1,0,1,0,0.0,0.6858367323875427,2,clean,0.0,-1,51,0,CORRECT,0,0,0,0,0,0,0.0,0.0,answer,
margin,live-delta,2,0.0,0.244356,0.607198,5.7e-05,0.980469,0.466277,0.616277,0.07959491014480591,0.835240364074707,0.7556454539299011,2.0745296478271484,7.960801124572754,0.4464603066444397,20,0,0,1,0,1,0,0.0,0.6948240995407104,2,clean,0.0,-1,52,22,CORRECT,0,0,0,0,0,0,0.0,0.0,answer,
margin,live-delta,2,0.0,0.244356,0.607198,5.7e-05,0.980469,0.466277,0.616277,0.04038846492767334,0.7718725204467773,0.731484055519104,1.4142096042633057,4.113234043121338,0.46398523449897766,7,0,0,1,0,1,0,0.0,0.6465674638748169,2,clean,0.0,-1,53,26,CORRECT,0,0,0,0,0,0,0.0,0.0,answer,
margin,live-delta,2,0.0,0.244356,0.607198,5.7e-05,0.980469,0.466277,0.616277,0.021745800971984863,0.7166833877563477,0.6949375867843628,1.9931995868682861,7.338977813720703,0.38795801997184753,20,0,0,1,0,1,0,0.0,0.5401468873023987,2,clean,0.0,-1,56,11,CORRECT,0,0,0,0,0,0,0.0,0.0,answer,
margin,live-delta,2,0.0,0.244356,0.607198,5.7e-05,0.980469,0.466277,0.616277,0.030704915523529053,0.7882815599441528,0.7575766444206238,1.7928885221481323,6.006778240203857,0.4267408549785614,19,0,0,1,0,1,0,0.0,0.4446962773799896,2,clean,0.0,-1,57,21,CORRECT,0,0,0,0,0,0,0.0,0.0,answer,
margin,live-delta,2,0.0,0.244356,0.607198,5.7e-05,0.980469,0.466277,0.616277,0.02657550573348999,0.8341991901397705,0.8076236844062805,2.004579782485962,7.422974109649658,0.35644713044166565,20,0,0,1,0,1,0,0.0,0.6128807067871094,2,clean,0.0,-1,58,0,CORRECT,0,0,0,0,0,0,0.0,0.0,answer,
margin,live-delta,2,0.0,0.244356,0.607198,5.7e-05,0.980469,0.466277,0.616277,0.003304004669189453,0.677891731262207,0.6745877265930176,2.606302499771118,13.548861503601074,0.1863083690404892,20,0,0,1,0,1,0,0.0,0.48026907444000244,2,clean,0.0,-1,59,14,CORRECT,0,0,0,0,0,0,0.0,0.0,answer,
margin,live-delta,2,0.0,0.244356,0.607198,5.7e-05,0.980469,0.466277,0.616277,0.06265604496002197,0.8349859714508057,0.7723299264907837,1.7187001705169678,5.577274322509766,0.5307914614677429,20,0,0,1,0,1,0,0.0,0.6107056736946106,2,clean,0.0,-1,60,2,CORRECT,0,0,0,0,0,0,0.0,0.0,answer,
margin,live-delta,2,0.0,0.244356,0.607198,5.7e-05,0.980469,0.466277,0.616277,0.002447187900543213,0.8728757500648499,0.8704285621643066,1.7311381101608276,5.6470770835876465,0.3716391623020172,20,0,0,1,0,1,0,0.0,0.6611804962158203,2,clean,0.0,-1,61,0,CORRECT,0,0,0,0,0,0,0.0,0.0,answer,
margin,live-delta,2,0.0,0.244356,0.607198,5.7e-05,0.980469,0.466277,0.616277,0.0034145712852478027,0.5589209198951721,0.5555063486099243,2.3829386234283447,10.836701393127441,0.17335356771945953,13,0,0,1,0,1,0,0.0,0.3900502622127533,2,clean,0.0,-1,62,0,CORRECT,0,0,0,0,0,0,0.0,0.0,answer,
margin,live-delta,2,0.0,0.244356,0.607198,5.7e-05,0.980469,0.466277,0.616277,0.024738192558288574,0.6136946678161621,0.5889564752578735,2.2272839546203613,9.274641036987305,0.24552853405475616,13,0,0,1,0,1,0,0.0,0.309717059135437,2,clean,0.0,-1,63,3,CORRECT,0,0,0,0,0,0,0.0,0.0,answer,
margin,live-delta,2,0.0,0.244356,0.607198,5.7e-05,0.980469,0.466277,0.616277,0.09998571872711182,0.618600070476532,0.5186143517494202,1.090551733970642,2.9759154319763184,0.6926170587539673,6,1,1,1,1,1,0,0.0,0.40959230065345764,2,clean,0.0,-1,64,50,CORRECT,0,0,0,0,0,0,0.0,0.0,answer,
margin,live-delta,2,0.0,0.244356,0.607198,5.7e-05,0.980469,0.466277,0.616277,0.05121266841888428,0.7665919661521912,0.7153792977333069,1.7484828233718872,5.74587869644165,0.47212183475494385,15,1,1,1,1,1,0,0.0,0.40311747789382935,2,clean,0.0,-1,65,37,CORRECT,0,0,0,0,0,0,0.0,0.0,answer,
margin,live-delta,2,0.0,0.244356,0.607198,5.7e-05,0.980469,0.466277,0.616277,0.03203341364860535,0.5036468505859375,0.47161343693733215,0.644357442855835,1.9047627449035645,0.6549046635627747,2,1,1,1,1,1,0,0.0,0.337674081325531,2,clean,0.0,-1,66,35,CORRECT,0,0,0,0,0,0,0.0,0.0,answer,
margin,live-delta,2,0.0,0.244356,0.607198,5.7e-05,0.980469,0.466277,0.616277,0.10132157802581787,0.6654294729232788,0.5641078948974609,1.589150071144104,4.899582862854004,0.600055456161499,12,1,1,1,1,1,0,0.0,0.41640186309814453,2,clean,0.0,-1,67,47,CORRECT,0,0,0,0,0,0,0.0,0.0,answer,
margin,live-delta,2,0.0,0.244356,0.607198,5.7e-05,0.980469,0.466277,0.616277,0.05116629600524902,0.6455747485160828,0.5944084525108337,1.2960596084594727,3.6548666954040527,0.5464943051338196,7,1,1,1,1,1,0,0.0,0.4683803915977478,2,clean,0.0,-1,68,57,CORRECT,0,0,0,0,0,0,0.0,0.0,answer,
margin,live-delta,2,0.0,0.244356,0.607198,5.7e-05,0.980469,0.466277,0.616277,0.11027538776397705,0.6950936317443848,0.5848182439804077,0.7107840776443481,2.0355865955352783,0.8172983527183533,6,1,1,1,1,1,0,0.0,0.4552825391292572,2,clean,0.0,-1,69,36,CORRECT,0,0,0,0,0,0,0.0,0.0,answer,
margin,live-delta,2,0.0,0.244356,0.607198,5.7e-05,0.980469,0.466277,0.616277,0.07145816087722778,0.8408964276313782,0.7694382667541504,1.6646839380264282,5.284002780914307,0.505393385887146,16,1,1,1,1,1,0,0.0,0.40438294410705566,2,clean,0.0,-1,70,40,CORRECT,0,0,0,0,0,0,0.0,0.0,answer,
margin,live-delta,2,0.0,0.244356,0.607198,5.7e-05,0.980469,0.466277,0.616277,0.006285190582275391,0.5209206342697144,0.514635443687439,1.8887509107589722,6.611105442047119,0.21866096556186676,7,1,1,1,1,1,0,0.0,0.3271400034427643,2,clean,0.0,-1,71,47,CORRECT,0,0,0,0,0,0,0.0,0.0,answer,
margin,live-delta,2,0.0,0.244356,0.607198,5.7e-05,0.980469,0.466277,0.616277,0.1541154384613037,0.7070056200027466,0.5528901815414429,0.25915229320526123,1.2958310842514038,0.9408519864082336,3,1,1,1,1,1,0,0.0,0.5489740371704102,2,clean,0.0,-1,72,36,CORRECT,0,0,0,0,0,0,0.0,0.0,answer,
margin,live-delta,2,0.0,0.244356,0.607198,5.7e-05,0.980469,0.466277,0.616277,0.03657364845275879,0.7942038774490356,0.7576302289962769,1.9058846235275269,6.725354194641113,0.3367863893508911,15,1,1,1,1,1,0,0.0,0.42950505018234253,2,clean,0.0,-1,74,45,CORRECT,0,0,0,0,0,0,0.0,0.0,answer,
margin,live-delta,2,0.0,0.244356,0.607198,5.7e-05,0.980469,0.466277,0.616277,0.12161687016487122,0.4690021574497223,0.3473852872848511,-0.0,1.0,1.0,1,1,1,1,1,1,0,0.0,0.29065269231796265,2,clean,0.0,-1,75,44,CORRECT,0,0,0,0,0,0,0.0,0.0,answer,
margin,live-delta,2,0.0,0.244356,0.607198,5.7e-05,0.980469,0.466277,0.616277,0.03811115026473999,0.7916508913040161,0.7535397410392761,1.5426193475723267,4.676824569702148,0.4435966908931732,12,1,1,1,1,1,0,0.0,0.4099929630756378,2,clean,0.0,-1,77,60,CORRECT,0,0,0,0,0,0,0.0,0.0,answer,
margin,live-delta,2,0.0,0.244356,0.607198,5.7e-05,0.980469,0.466277,0.616277,0.027743279933929443,0.6010585427284241,0.5733152627944946,1.4160377979278564,4.120760917663574,0.46678048372268677,6,1,1,1,1,1,0,0.0,0.415357768535614,2,clean,0.0,-1,78,35,CORRECT,0,0,0,0,0,0,0.0,0.0,answer,
margin,live-delta,2,0.0,0.244356,0.607198,5.7e-05,0.980469,0.466277,0.616277,0.037351906299591064,0.5969131588935852,0.5595612525939941,1.4065840244293213,4.081987380981445,0.4622056484222412,6,1,1,1,1,1,0,0.0,0.421724796295166,2,clean,0.0,-1,79,47,CORRECT,0,0,0,0,0,0,0.0,0.0,answer,
margin,live-delta,2,0.0,0.244356,0.607198,5.7e-05,0.980469,0.466277,0.616277,0.2626209259033203,0.7004657983779907,0.4378448724746704,-0.0,1.0,1.0,1,1,1,1,1,1,0,0.0,0.508686363697052,2,clean,0.0,-1,81,44,CORRECT,0,0,0,0,0,0,0.0,0.0,answer,
margin,live-delta,2,0.0,0.244356,0.607198,5.7e-05,0.980469,0.466277,0.616277,0.002087831497192383,0.5332192182540894,0.531131386756897,1.879578948020935,6.550745964050293,0.2097821682691574,7,1,1,1,1,1,0,0.0,0.35299718379974365,2,clean,0.0,-1,82,52,CORRECT,0,0,0,0,0,0,0.0,0.0,answer,
margin,live-delta,2,0.0,0.244356,0.607198,5.7e-05,0.980469,0.466277,0.616277,0.02273687720298767,0.5098756551742554,0.4871387779712677,1.0672328472137451,2.9073233604431152,0.4528815448284149,3,1,1,1,1,1,0,0.0,0.33688005805015564,2,clean,0.0,-1,83,35,CORRECT,0,0,0,0,0,0,0.0,0.0,answer,
margin,live-delta,2,0.0,0.244356,0.607198,5.7e-05,0.980469,0.466277,0.616277,0.0005498528480529785,0.6723116040229797,0.6717617511749268,2.3331432342529297,10.310297966003418,0.1623452752828598,15,1,1,1,1,1,0,0.0,0.3700893819332123,2,clean,0.0,-1,84,40,CORRECT,0,0,0,0,0,0,0.0,0.0,answer,
margin,live-delta,2,0.0,0.244356,0.607198,5.7e-05,0.980469,0.466277,0.616277,0.02664715051651001,0.487519770860672,0.460872620344162,-0.0,1.0,1.0,1,1,1,1,1,1,0,0.0,0.24179601669311523,2,clean,0.0,-1,85,63,CORRECT,0,0,0,0,0,0,0.0,0.0,answer,
margin,live-delta,2,0.0,0.244356,0.607198,5.7e-05,0.980469,0.466277,0.616277,0.06783407926559448,0.6784102916717529,0.6105762124061584,1.8441320657730103,6.322609901428223,0.45953890681266785,13,1,1,1,1,1,0,0.0,0.36041104793548584,2,clean,0.0,-1,86,61,CORRECT,0,0,0,0,0,0,0.0,0.0,answer,
margin,live-delta,2,0.0,0.244356,0.607198,5.7e-05,0.980469,0.466277,0.616277,0.1254260540008545,0.5565441846847534,0.4311181306838989,-0.0,1.0,1.0,1,1,1,1,1,1,0,0.0,0.35206863284111023,2,clean,0.0,-1,87,63,CORRECT,0,0,0,0,0,0,0.0,0.0,answer,
margin,live-delta,2,0.0,0.244356,0.607198,5.7e-05,0.980469,0.466277,0.616277,0.0759202241897583,0.4897550344467163,0.413834810256958,-0.0,1.0,1.0,1,1,1,1,1,1,0,0.0,0.197681725025177,2,clean,0.0,-1,88,44,CORRECT,0,0,0,0,0,0,0.0,0.0,answer,
margin,live-delta,2,0.0,0.244356,0.607198,5.7e-05,0.980469,0.466277,0.616277,0.009209275245666504,0.5815664529800415,0.572357177734375,2.1523971557617188,8.605462074279785,0.23630297183990479,11,1,1,1,1,1,0,0.0,0.2658657729625702,2,clean,0.0,-1,89,50,CORRECT,0,0,0,0,0,0,0.0,0.0,answer,
margin,live-delta,2,0.0,0.244356,0.607198,5.7e-05,0.980469,0.466277,0.616277,0.026315629482269287,0.5693287253379822,0.5430130958557129,1.5898866653442383,4.90319299697876,0.3744606673717499,6,1,1,1,1,1,0,0.0,0.44232887029647827,2,clean,0.0,-1,90,59,CORRECT,0,0,0,0,0,0,0.0,0.0,answer,
margin,live-delta,2,0.0,0.244356,0.607198,5.7e-05,0.980469,0.466277,0.616277,0.08912777900695801,0.756209135055542,0.667081356048584,1.6893302202224731,5.415852069854736,0.5579541325569153,15,1,1,1,1,1,0,0.0,0.35234421491622925,2,clean,0.0,-1,91,40,CORRECT,0,0,0,0,0,0,0.0,0.0,answer,
margin,live-delta,2,0.0,0.244356,0.607198,5.7e-05,0.980469,0.466277,0.616277,0.008020877838134766,0.5828986763954163,0.5748777985572815,2.2008423805236816,9.03261947631836,0.23457404971122742,11,1,1,1,1,1,0,0.0,0.37079745531082153,2,clean,0.0,-1,93,38,CORRECT,0,0,0,0,0,0,0.0,0.0,answer,
margin,live-delta,2,0.0,0.244356,0.607198,5.7e-05,0.980469,0.466277,0.616277,0.03238600492477417,0.6400529742240906,0.6076669692993164,2.0842947959899902,8.038920402526855,0.3071781098842621,12,1,1,1,1,1,0,0.0,0.2573622465133667,2,clean,0.0,-1,94,60,CORRECT,0,0,0,0,0,0,0.0,0.0,answer,
margin,live-delta,2,0.0,0.244356,0.607198,5.7e-05,0.980469,0.466277,0.616277,0.06375056505203247,0.5301032066345215,0.466352641582489,0.5248762369155884,1.6902496814727783,0.7815993428230286,2,1,1,1,1,1,0,0.0,0.346439003944397,2,clean,0.0,-1,95,52,CORRECT,0,0,0,0,0,0,0.0,0.0,answer,
margin,live-delta,2,0.0,0.244356,0.607198,5.7e-05,0.980469,0.466277,0.616277,0.01938331127166748,0.5583243370056152,0.5389410257339478,1.2063450813293457,3.341250419616699,0.4621243476867676,4,1,1,1,1,1,0,0.0,0.3553626537322998,2,clean,0.0,-1,96,42,CORRECT,0,0,0,0,0,0,0.0,0.0,answer,
margin,live-delta,2,0.0,0.244356,0.607198,5.7e-05,0.980469,0.466277,0.616277,0.03714674711227417,0.624442458152771,0.5872957110404968,2.082209348678589,8.022172927856445,0.3359236717224121,12,1,1,1,1,1,0,0.0,0.39441344141960144,2,clean,0.0,-1,97,52,CORRECT,0,0,0,0,0,0,0.0,0.0,answer,
margin,live-delta,2,0.0,0.244356,0.607198,5.7e-05,0.980469,0.466277,0.616277,0.008182287216186523,0.710715115070343,0.7025328278541565,1.9646108150482178,7.132136344909668,0.24671868979930878,15,1,1,1,1,1,0,0.0,0.4413045346736908,2,clean,0.0,-1,98,32,CORRECT,0,0,0,0,0,0,0.0,0.0,answer,
margin,live-delta,2,0.0,0.244356,0.607198,5.7e-05,0.980469,0.466277,0.616277,0.07950395345687866,0.8086062073707581,0.7291022539138794,1.727082371711731,5.624220371246338,0.5324875712394714,17,1,1,1,1,1,0,0.0,0.39816349744796753,2,clean,0.0,-1,99,40,CORRECT,0,0,0,0,0,0,0.0,0.0,answer,
margin,live-delta,2,0.0,0.244356,0.607198,5.7e-05,0.980469,0.466277,0.616277,0.05860075354576111,0.5353360772132874,0.47673532366752625,0.5470012426376343,1.7280632257461548,0.7635090947151184,2,1,1,1,1,1,0,0.0,0.3425619602203369,2,clean,0.0,-1,100,57,CORRECT,0,0,0,0,0,0,0.0,0.0,answer,
margin,live-delta,2,0.0,0.244356,0.607198,5.7e-05,0.980469,0.466277,0.616277,0.021641671657562256,0.6355977058410645,0.6139560341835022,2.4214563369750977,11.262248992919922,0.23112753033638,16,1,1,1,1,1,0,0.0,0.4764178395271301,2,clean,0.0,-1,101,59,CORRECT,0,0,0,0,0,0,0.0,0.0,answer,
margin,live-delta,2,0.0,0.244356,0.607198,5.7e-05,0.980469,0.466277,0.616277,0.054714083671569824,0.5064904689788818,0.451776385307312,-0.0,1.0,1.0,1,1,1,1,1,1,0,0.0,0.2953105568885803,2,clean,0.0,-1,102,63,CORRECT,0,0,0,0,0,0,0.0,0.0,answer,
margin,live-delta,2,0.0,0.244356,0.607198,5.7e-05,0.980469,0.466277,0.616277,0.007851600646972656,0.5549097061157227,0.54705810546875,0.9500627517700195,2.585871934890747,0.48384636640548706,3,1,1,1,1,1,0,0.0,0.348261296749115,2,clean,0.0,-1,103,39,CORRECT,0,0,0,0,0,0,0.0,0.0,answer,
margin,live-delta,2,0.0,0.244356,0.607198,5.7e-05,0.980469,0.466277,0.616277,0.0412028431892395,0.5383107662200928,0.49710792303085327,1.2734624147415161,3.5732030868530273,0.46618518233299255,4,1,1,1,1,1,0,0.0,0.16544708609580994,2,clean,0.0,-1,105,41,CORRECT,0,0,0,0,0,0,0.0,0.0,answer,
margin,live-delta,2,0.0,0.244356,0.607198,5.7e-05,0.980469,0.466277,0.616277,0.06919336318969727,0.8411480188369751,0.7719546556472778,1.6193878650665283,5.0499982833862305,0.5550135374069214,18,1,1,1,1,1,0,0.0,0.46236059069633484,2,clean,0.0,-1,106,40,CORRECT,0,0,0,0,0,0,0.0,0.0,answer,
margin,live-delta,2,0.0,0.244356,0.607198,5.7e-05,0.980469,0.466277,0.616277,0.0112648606300354,0.5574491620063782,0.5461843013763428,2.1453616619110107,8.54513168334961,0.22670850157737732,10,1,1,1,1,1,0,0.0,0.3906744420528412,2,clean,0.0,-1,107,51,CORRECT,0,0,0,0,0,0,0.0,0.0,answer,
margin,live-delta,2,0.0,0.244356,0.607198,5.7e-05,0.980469,0.466277,0.616277,0.03881198167800903,0.5745145082473755,0.5357025265693665,1.5413742065429688,4.671004772186279,0.4340221881866455,6,1,1,1,1,1,0,0.0,0.42668288946151733,2,clean,0.0,-1,109,38,CORRECT,0,0,0,0,0,0,0.0,0.0,answer,
margin,live-delta,2,0.0,0.244356,0.607198,5.7e-05,0.980469,0.466277,0.616277,0.013598799705505371,0.6043965816497803,0.5907977819442749,2.234657049179077,9.343276977539062,0.19502900540828705,13,1,1,1,1,1,0,0.0,0.2900141477584839,2,clean,0.0,-1,110,51,CORRECT,0,0,0,0,0,0,0.0,0.0,answer,
margin,live-delta,2,0.0,0.244356,0.607198,5.7e-05,0.980469,0.466277,0.616277,0.05629462003707886,0.47336429357528687,0.417069673538208,-0.0,1.0,1.0,1,1,1,1,1,1,0,0.0,0.16464796662330627,2,clean,0.0,-1,111,59,CORRECT,0,0,0,0,0,0,0.0,0.0,answer,
margin,live-delta,2,0.0,0.244356,0.607198,5.7e-05,0.980469,0.466277,0.616277,0.005659312009811401,0.4965621531009674,0.490902841091156,1.3755953311920166,3.9574320316314697,0.29926928877830505,4,1,1,1,1,1,0,0.0,0.1582716405391693,2,clean,0.0,-1,112,63,CORRECT,0,0,0,0,0,0,0.0,0.0,answer,
margin,live-delta,2,0.0,0.244356,0.607198,5.7e-05,0.980469,0.466277,0.616277,0.03795003890991211,0.5386905670166016,0.5007405281066895,0.6260095834732056,1.8701330423355103,0.6811367869377136,2,1,1,1,1,1,0,0.0,0.34128454327583313,2,clean,0.0,-1,113,36,CORRECT,0,0,0,0,0,0,0.0,0.0,answer,
margin,live-delta,2,0.0,0.244356,0.607198,5.7e-05,0.980469,0.466277,0.616277,0.0009084939956665039,0.5301651954650879,0.5292567014694214,1.3083757162094116,3.7001585960388184,0.31801289319992065,4,1,1,1,1,1,0,0.0,0.2635127902030945,2,clean,0.0,-1,115,62,CORRECT,0,0,0,0,0,0,0.0,0.0,answer,
margin,live-delta,2,0.0,0.244356,0.607198,5.7e-05,0.980469,0.466277,0.616277,0.005991756916046143,0.6308895349502563,0.6248977780342102,2.041196823120117,7.699819087982178,0.2383880913257599,14,1,1,1,1,1,0,0.0,0.4562114477157593,2,clean,0.0,-1,116,38,CORRECT,0,0,0,0,0,0,0.0,0.0,answer,
margin,live-delta,2,0.0,0.244356,0.607198,5.7e-05,0.980469,0.466277,0.616277,0.08642899990081787,0.6468977928161621,0.5604687929153442,1.4230724573135376,4.149851322174072,0.5965681672096252,8,1,1,1,1,1,0,0.0,0.3993479609489441,2,clean,0.0,-1,117,42,CORRECT,0,0,0,0,0,0,0.0,0.0,answer,
margin,live-delta,2,0.0,0.244356,0.607198,5.7e-05,0.980469,0.466277,0.616277,0.06817120313644409,0.7197924852371216,0.6516212821006775,1.7145893573760986,5.554394245147705,0.5323235988616943,15,1,1,1,1,1,0,0.0,0.3329954743385315,2,clean,0.0,-1,118,40,CORRECT,0,0,0,0,0,0,0.0,0.0,answer,
margin,live-delta,2,0.0,0.244356,0.607198,5.7e-05,0.980469,0.466277,0.616277,0.05210930109024048,0.5614919066429138,0.5093826055526733,0.859039306640625,2.360891580581665,0.65705806016922,3,1,1,1,1,1,0,0.0,0.39505207538604736,2,clean,0.0,-1,119,51,CORRECT,0,0,0,0,0,0,0.0,0.0,answer,
margin,live-delta,2,0.0,0.244356,0.607198,5.7e-05,0.980469,0.466277,0.616277,0.022288918495178223,0.5903431177139282,0.56805419921875,1.8569599390029907,6.404237747192383,0.3308742940425873,9,1,1,1,1,1,0,0.0,0.38903000950813293,2,clean,0.0,-1,121,57,CORRECT,0,0,0,0,0,0,0.0,0.0,answer,
margin,live-delta,2,0.0,0.244356,0.607198,5.7e-05,0.980469,0.466277,0.616277,0.09091466665267944,0.6686475872993469,0.5777329206466675,1.4103723764419556,4.097480773925781,0.6350938081741333,11,1,1,1,1,1,0,0.0,0.4798545837402344,2,clean,0.0,-1,122,50,CORRECT,0,0,0,0,0,0,0.0,0.0,answer,
margin,live-delta,2,0.0,0.244356,0.607198,5.7e-05,0.980469,0.466277,0.616277,0.013231277465820312,0.5954697132110596,0.5822384357452393,1.8852791786193848,6.588193416595459,0.31591758131980896,9,1,1,1,1,1,0,0.0,0.3156626522541046,2,clean,0.0,-1,123,52,CORRECT,0,0,0,0,0,0,0.0,0.0,answer,
margin,live-delta,2,0.0,0.244356,0.607198,5.7e-05,0.980469,0.466277,0.616277,0.004436910152435303,0.8431375026702881,0.8387005925178528,1.4869407415390015,4.423542022705078,0.4011160135269165,13,1,1,1,1,1,0,0.0,0.4534303545951843,2,clean,0.0,-1,125,41,CORRECT,0,0,0,0,0,0,0.0,0.0,answer,
margin,live-delta,2,0.0,0.244356,0.607198,5.7e-05,0.980469,0.466277,0.616277,0.08864820003509521,0.4892336130142212,0.400585412979126,-0.0,1.0,1.0,1,1,1,1,1,1,0,0.0,0.2482023388147354,2,clean,0.0,-1,126,38,CORRECT,0,0,0,0,0,0,0.0,0.0,answer,
margin,live-delta,2,0.0,0.244356,0.607198,5.7e-05,0.980469,0.466277,0.616277,0.07421362400054932,0.5997445583343506,0.5255309343338013,1.4360886812210083,4.204219818115234,0.5549681782722473,7,1,1,1,1,1,0,0.0,0.2862173318862915,2,clean,0.0,-1,127,47,CORRECT,0,0,0,0,0,0,0.0,0.0,answer,
margin,live-delta,2,0.0,0.244356,0.607198,5.7e-05,0.980469,0.466277,0.616277,0.016283154487609863,0.5630731582641602,0.5467900037765503,2.561187744140625,12.951190948486328,0.15698552131652832,15,2,2,1,2,1,0,0.0,0.36430293321609497,2,clean,0.0,-1,129,89,CORRECT,0,0,0,0,0,0,0.0,0.0,answer,
margin,live-delta,2,0.0,0.244356,0.607198,5.7e-05,0.980469,0.466277,0.616277,0.060343146324157715,0.7414408922195435,0.6810977458953857,1.7353003025054932,5.67063045501709,0.4609133005142212,15,2,2,1,2,1,0,0.0,0.5133565664291382,2,clean,0.0,-1,130,80,CORRECT,0,0,0,0,0,0,0.0,0.0,answer,
margin,live-delta,2,0.0,0.244356,0.607198,5.7e-05,0.980469,0.466277,0.616277,0.04067337512969971,0.6881340146064758,0.6474606394767761,1.7969489097595215,6.031217575073242,0.4137338697910309,14,2,2,1,2,1,0,0.0,0.5713598728179932,2,clean,0.0,-1,131,84,CORRECT,0,0,0,0,0,0,0.0,0.0,answer,
margin,live-delta,2,0.0,0.244356,0.607198,5.7e-05,0.980469,0.466277,0.616277,0.14067071676254272,0.7042433023452759,0.5635725855827332,0.9601891040802002,2.6121904850006104,0.7839149236679077,10,2,2,1,2,1,0,0.0,0.5656924247741699,2,clean,0.0,-1,132,82,CORRECT,0,0,0,0,0,0,0.0,0.0,answer,
margin,live-delta,2,0.0,0.244356,0.607198,5.7e-05,0.980469,0.466277,0.616277,0.036290526390075684,0.671927809715271,0.6356372833251953,1.6878896951675415,5.408055782318115,0.427912175655365,13,2,2,1,2,1,0,0.0,0.5307698249816895,2,clean,0.0,-1,133,84,CORRECT,0,0,0,0,0,0,0.0,0.0,answer,
margin,live-delta,2,0.0,0.244356,0.607198,5.7e-05,0.980469,0.466277,0.616277,0.0068738460540771484,0.5189614295959473,0.5120875835418701,1.7381528615951538,5.686829566955566,0.26037150621414185,6,2,2,1,2,1,0,0.0,0.2802686393260956,2,clean,0.0,-1,134,89,CORRECT,0,0,0,0,0,0,0.0,0.0,answer,
margin,live-delta,2,0.0,0.244356,0.607198,5.7e-05,0.980469,0.466277,0.616277,0.0005246996879577637,0.7538886666297913,0.7533639669418335,1.7762717008590698,5.90778923034668,0.3020019829273224,13,2,2,1,2,1,0,0.0,0.547387957572937,2,clean,0.0,-1,136,80,CORRECT,0,0,0,0,0,0,0.0,0.0,answer,
margin,live-delta,2,0.0,0.244356,0.607198,5.7e-05,0.980469,0.466277,0.616277,0.003684520721435547,0.6487258076667786,0.645041286945343,1.9841867685317993,7.273130416870117,0.2580257058143616,13,2,2,1,2,1,0,0.0,0.535396158695221,2,clean,0.0,-1,137,91,CORRECT,0,0,0,0,0,0,0.0,0.0,answer,
margin,live-delta,2,0.0,0.244356,0.607198,5.7e-05,0.980469,0.466277,0.616277,0.05013328790664673,0.7074763178825378,0.6573430299758911,2.0383803844451904,7.678163528442383,0.4086896777153015,19,2,2,1,2,1,0,0.0,0.5535368919372559,2,clean,0.0,-1,138,79,CORRECT,0,0,0,0,0,0,0.0,0.0,answer,
margin,live-delta,2,0.0,0.244356,0.607198,5.7e-05,0.980469,0.466277,0.616277,0.015082180500030518,0.565150797367096,0.5500686168670654,1.5573731660842896,4.746336936950684,0.3736588954925537,6,2,2,1,2,1,0,0.0,0.17426016926765442,2,clean,0.0,-1,139,67,CORRECT,0,0,0,0,0,0,0.0,0.0,answer,
margin,live-delta,2,0.0,0.244356,0.607198,5.7e-05,0.980469,0.466277,0.616277,0.10315626859664917,0.7914308905601501,0.688274621963501,0.5238189697265625,1.688463568687439,0.8545571565628052,5,2,2,1,2,1,0,0.0,0.6833494901657104,2,clean,0.0,-1,140,68,CORRECT,0,0,0,0,0,0,0.0,0.0,answer,
margin,live-delta,2,0.0,0.244356,0.607198,5.7e-05,0.980469,0.466277,0.616277,0.027010083198547363,0.5625884532928467,0.5355783700942993,2.3756349086761475,10.757841110229492,0.20922696590423584,12,2,2,1,2,1,0,0.0,0.3420320749282837,2,clean,0.0,-1,141,80,CORRECT,0,0,0,0,0,0,0.0,0.0,answer,
margin,live-delta,2,0.0,0.244356,0.607198,5.7e-05,0.980469,0.466277,0.616277,0.13027608394622803,0.7915511131286621,0.6612750291824341,1.1040230989456177,3.0162763595581055,0.7611311674118042,18,2,2,1,2,1,0,0.0,0.6682131290435791,2,clean,0.0,-1,142,95,CORRECT,0,0,0,0,0,0,0.0,0.0,answer,
margin,live-delta,2,0.0,0.244356,0.607198,5.7e-05,0.980469,0.466277,0.616277,0.13579082489013672,0.6931444406509399,0.5573536157608032,0.29598867893218994,1.3444548845291138,0.9264243841171265,3,2,2,1,2,1,0,0.0,0.47784537076950073,2,clean,0.0,-1,143,76,CORRECT,0,0,0,0,0,0,0.0,0.0,answer,
margin,live-delta,2,0.0,0.244356,0.607198,5.7e-05,0.980469,0.466277,0.616277,0.00894784927368164,0.5137728452682495,0.5048249959945679,2.05660343170166,7.819365501403809,0.17077074944972992,8,2,2,1,2,1,0,0.0,0.330750972032547,2,clean,0.0,-1,144,84,CORRECT,0,0,0,0,0,0,0.0,0.0,answer,
margin,live-delta,2,0.0,0.244356,0.607198,5.7e-05,0.980469,0.466277,0.616277,0.030334651470184326,0.6259560585021973,0.5956214070320129,2.16801118850708,8.740882873535156,0.32913848757743835,14,2,2,1,2,1,0,0.0,0.35051417350769043,2,clean,0.0,-1,145,90,CORRECT,0,0,0,0,0,0,0.0,0.0,answer,
margin,live-delta,2,0.0,0.244356,0.607198,5.7e-05,0.980469,0.466277,0.616277,0.015457987785339355,0.5768289566040039,0.5613709688186646,1.3100781440734863,3.70646333694458,0.39021971821784973,4,2,2,1,2,1,0,0.0,0.3091595768928528,2,clean,0.0,-1,146,85,CORRECT,0,0,0,0,0,0,0.0,0.0,answer,
margin,live-delta,2,0.0,0.244356,0.607198,5.7e-05,0.980469,0.466277,0.616277,0.009372591972351074,0.7042195796966553,0.6948469877243042,2.2201528549194336,9.208738327026367,0.22787244617938995,20,2,2,1,2,1,0,0.0,0.4942100942134857,2,clean,0.0,-1,147,80,CORRECT,0,0,0,0,0,0,0.0,0.0,answer,
margin,live-delta,2,0.0,0.244356,0.607198,5.7e-05,0.980469,0.466277,0.616277,0.029896914958953857,0.6239545941352844,0.5940576791763306,2.3112339973449707,10.086864471435547,0.31198281049728394,16,2,2,1,2,1,0,0.0,0.3297209143638611,2,clean,0.0,-1,148,95,CORRECT,0,0,0,0,0,0,0.0,0.0,answer,
margin,live-delta,2,0.0,0.244356,0.607198,5.7e-05,0.980469,0.466277,0.616277,0.004040539264678955,0.5432393550872803,0.5391988158226013,1.5254955291748047,4.597421169281006,0.2913380265235901,5,2,2,1,2,1,0,0.0,0.3532825708389282,2,clean,0.0,-1,149,94,CORRECT,0,0,0,0,0,0,0.0,0.0,answer,
margin,live-delta,2,0.0,0.244356,0.607198,5.7e-05,0.980469,0.466277,0.616277,0.005341708660125732,0.5863345265388489,0.5809928178787231,1.7241647243499756,5.607834815979004,0.28412020206451416,7,2,2,1,2,1,0,0.0,0.4689067006111145,2,clean,0.0,-1,151,95,CORRECT,0,0,0,0,0,0,0.0,0.0,answer,
margin,live-delta,2,0.0,0.244356,0.607198,5.7e-05,0.980469,0.466277,0.616277,0.013454973697662354,0.5799499750137329,0.5664950013160706,1.8747450113296509,6.519156455993652,0.3245985805988312,9,2,2,1,2,1,0,0.0,0.45656436681747437,2,clean,0.0,-1,152,71,CORRECT,0,0,0,0,0,0,0.0,0.0,answer,
margin,live-delta,2,0.0,0.244356,0.607198,5.7e-05,0.980469,0.466277,0.616277,0.055962324142456055,0.7152880430221558,0.6593257188796997,2.0730578899383545,7.949093341827393,0.41245174407958984,17,2,2,1,2,1,0,0.0,0.5391017198562622,2,clean,0.0,-1,153,80,CORRECT,0,0,0,0,0,0,0.0,0.0,answer,
margin,live-delta,2,0.0,0.244356,0.607198,5.7e-05,0.980469,0.466277,0.616277,0.02488243579864502,0.6584439277648926,0.6335614919662476,2.0872437953948975,8.062662124633789,0.347737580537796,16,2,2,1,2,1,0,0.0,0.4151434600353241,2,clean,0.0,-1,154,74,CORRECT,0,0,0,0,0,0,0.0,0.0,answer,
margin,live-delta,2,0.0,0.244356,0.607198,5.7e-05,0.980469,0.466277,0.616277,0.04854661226272583,0.5953265428543091,0.5467799305915833,1.16036856174469,3.1911091804504395,0.586326539516449,5,2,2,1,2,1,0,0.0,0.43014076352119446,2,clean,0.0,-1,156,68,CORRECT,0,0,0,0,0,0,0.0,0.0,answer,
margin,live-delta,2,0.0,0.244356,0.607198,5.7e-05,0.980469,0.466277,0.616277,0.0775800347328186,0.7291195392608643,0.6515395045280457,1.356828212738037,3.883854866027832,0.6280791759490967,12,2,2,1,2,1,0,0.0,0.5488950610160828,2,clean,0.0,-1,157,94,CORRECT,0,0,0,0,0,0,0.0,0.0,answer,
margin,live-delta,2,0.0,0.244356,0.607198,5.7e-05,0.980469,0.466277,0.616277,0.02474379539489746,0.69541335105896,0.6706695556640625,2.2874703407287598,9.84998893737793,0.32333171367645264,20,2,2,1,2,1,0,0.0,0.46810394525527954,2,clean,0.0,-1,158,92,CORRECT,0,0,0,0,0,0,0.0,0.0,answer,
margin,live-delta,2,0.0,0.244356,0.607198,5.7e-05,0.980469,0.466277,0.616277,0.11211967468261719,0.7105110883712769,0.5983914136886597,0.9322810173034668,2.540297031402588,0.7841705679893494,11,2,2,1,2,1,0,0.0,0.5441452860832214,2,clean,0.0,-1,159,68,CORRECT,0,0,0,0,0,0,0.0,0.0,answer,
margin,live-delta,2,0.0,0.244356,0.607198,5.7e-05,0.980469,0.466277,0.616277,0.012909889221191406,0.6248509883880615,0.6119410991668701,1.034548282623291,2.8138349056243896,0.49615219235420227,4,2,2,1,2,1,0,0.0,0.5396009087562561,2,clean,0.0,-1,160,85,CORRECT,0,0,0,0,0,0,0.0,0.0,answer,
margin,live-delta,2,0.0,0.244356,0.607198,5.7e-05,0.980469,0.466277,0.616277,0.005746603012084961,0.5610314607620239,0.555284857749939,1.8373068571090698,6.279603481292725,0.2964525520801544,8,2,2,1,2,1,0,0.0,0.35305845737457275,2,clean,0.0,-1,162,95,CORRECT,0,0,0,0,0,0,0.0,0.0,answer,
margin,live-delta,2,0.0,0.244356,0.607198,5.7e-05,0.980469,0.466277,0.616277,0.15240740776062012,0.8081988096237183,0.6557914018630981,0.4359906315803528,1.5464942455291748,0.9095169901847839,9,2,2,1,2,1,0,0.0,0.6263875365257263,2,clean,0.0,-1,163,82,CORRECT,0,0,0,0,0,0,0.0,0.0,answer,
margin,live-delta,2,0.0,0.244356,0.607198,5.7e-05,0.980469,0.466277,0.616277,0.06616216897964478,0.7789145708084106,0.7127524018287659,1.4441739320755005,4.238349437713623,0.5569444894790649,12,2,2,1,2,1,0,0.0,0.601078987121582,2,clean,0.0,-1,164,80,CORRECT,0,0,0,0,0,0,0.0,0.0,answer,
margin,live-delta,2,0.0,0.244356,0.607198,5.7e-05,0.980469,0.466277,0.616277,0.02064359188079834,0.5866369605064392,0.5659933686256409,2.4229724407196045,11.279336929321289,0.2292332649230957,14,2,2,1,2,1,0,0.0,0.44338637590408325,2,clean,0.0,-1,166,88,CORRECT,0,0,0,0,0,0,0.0,0.0,answer,
margin,live-delta,2,0.0,0.244356,0.607198,5.7e-05,0.980469,0.466277,0.616277,0.024736642837524414,0.606033205986023,0.5812965631484985,1.4480202198028564,4.254683017730713,0.43405407667160034,6,2,2,1,2,1,0,0.0,0.4318395256996155,2,clean,0.0,-1,167,88,CORRECT,0,0,0,0,0,0,0.0,0.0,answer,
margin,live-delta,2,0.0,0.244356,0.607198,5.7e-05,0.980469,0.466277,0.616277,0.008060634136199951,0.6232964992523193,0.6152358651161194,1.5166947841644287,4.557137966156006,0.3093995153903961,5,2,2,1,2,1,0,0.0,0.28481394052505493,2,clean,0.0,-1,168,67,CORRECT,0,0,0,0,0,0,0.0,0.0,answer,
margin,live-delta,2,0.0,0.244356,0.607198,5.7e-05,0.980469,0.466277,0.616277,0.08725428581237793,0.693211555480957,0.6059572696685791,1.5870367288589478,4.889239311218262,0.6153662204742432,16,2,2,1,2,1,0,0.0,0.3863239288330078,2,clean,0.0,-1,169,94,CORRECT,0,0,0,0,0,0,0.0,0.0,answer,
margin,live-delta,2,0.0,0.244356,0.607198,5.7e-05,0.980469,0.466277,0.616277,0.0413893461227417,0.7523607015609741,0.7109713554382324,1.3815333843231201,3.981001377105713,0.5346791744232178,10,2,2,1,2,1,0,0.0,0.5928447842597961,2,clean,0.0,-1,171,82,CORRECT,0,0,0,0,0,0,0.0,0.0,answer,
margin,live-delta,2,0.0,0.244356,0.607198,5.7e-05,0.980469,0.466277,0.616277,0.06721699237823486,0.6195198893547058,0.552302896976471,0.5096821784973145,1.664762020111084,0.7932027578353882,2,2,2,1,2,1,0,0.0,0.5161680579185486,2,clean,0.0,-1,172,85,CORRECT,0,0,0,0,0,0,0.0,0.0,answer,
margin,live-delta,2,0.0,0.244356,0.607198,5.7e-05,0.980469,0.466277,0.616277,0.07371622323989868,0.6819985508918762,0.6082823276519775,1.2305958271026611,3.4232685565948486,0.607131838798523,6,2,2,1,2,1,0,0.0,0.47153395414352417,2,clean,0.0,-1,173,68,CORRECT,0,0,0,0,0,0,0.0,0.0,answer,
margin,live-delta,2,0.0,0.244356,0.607198,5.7e-05,0.980469,0.466277,0.616277,0.030966460704803467,0.6728857159614563,0.6419192552566528,1.7405102252960205,5.70025110244751,0.40254369378089905,12,2,2,1,2,1,0,0.0,0.34602662920951843,2,clean,0.0,-1,174,67,CORRECT,0,0,0,0,0,0,0.0,0.0,answer,
margin,live-delta,2,0.0,0.244356,0.607198,5.7e-05,0.980469,0.466277,0.616277,0.02083343267440796,0.6345972418785095,0.6137638092041016,2.396552085876465,10.985235214233398,0.22136878967285156,17,2,2,1,2,1,0,0.0,0.4687931537628174,2,clean,0.0,-1,175,74,CORRECT,0,0,0,0,0,0,0.0,0.0,answer,
margin,live-delta,2,0.0,0.244356,0.607198,5.7e-05,0.980469,0.466277,0.616277,0.1282334327697754,0.7788606882095337,0.6506272554397583,0.5262368321418762,1.6925508975982666,0.8699262738227844,5,2,2,1,2,1,0,0.0,0.6797915101051331,2,clean,0.0,-1,176,68,CORRECT,0,0,0,0,0,0,0.0,0.0,answer,
margin,live-delta,2,0.0,0.244356,0.607198,5.7e-05,0.980469,0.466277,0.616277,0.037269771099090576,0.6675590872764587,0.6302893161773682,1.8351078033447266,6.265809535980225,0.41850006580352783,12,2,2,1,2,1,0,0.0,0.5264285802841187,2,clean,0.0,-1,177,80,CORRECT,0,0,0,0,0,0,0.0,0.0,answer,
margin,live-delta,2,0.0,0.244356,0.607198,5.7e-05,0.980469,0.466277,0.616277,0.11271160840988159,0.7303362488746643,0.6176246404647827,1.0682060718536377,2.910154104232788,0.7476840019226074,14,2,2,1,2,1,0,0.0,0.566432535648346,2,clean,0.0,-1,178,92,CORRECT,0,0,0,0,0,0,0.0,0.0,answer,
margin,live-delta,2,0.0,0.244356,0.607198,5.7e-05,0.980469,0.466277,0.616277,0.039039790630340576,0.6944647431373596,0.655424952507019,1.7918906211853027,6.000786781311035,0.4299042522907257,13,2,2,1,2,1,0,0.0,0.5696750283241272,2,clean,0.0,-1,179,91,CORRECT,0,0,0,0,0,0,0.0,0.0,answer,
margin,live-delta,2,0.0,0.244356,0.607198,5.7e-05,0.980469,0.466277,0.616277,0.020443439483642578,0.6780236959457397,0.6575802564620972,2.4922432899475098,12.088363647460938,0.24060675501823425,19,2,2,1,2,1,0,0.0,0.5304607152938843,2,clean,0.0,-1,180,91,CORRECT,0,0,0,0,0,0,0.0,0.0,answer,
margin,live-delta,2,0.0,0.244356,0.607198,5.7e-05,0.980469,0.466277,0.616277,0.024712681770324707,0.6381895542144775,0.6134768724441528,1.4255295991897583,4.160060405731201,0.46456971764564514,8,2,2,1,2,1,0,0.0,0.26151567697525024,2,clean,0.0,-1,181,67,CORRECT,0,0,0,0,0,0,0.0,0.0,answer,
margin,live-delta,2,0.0,0.244356,0.607198,5.7e-05,0.980469,0.466277,0.616277,0.010335981845855713,0.5961796045303345,0.5858436226844788,2.3410282135009766,10.391916275024414,0.20926615595817566,14,2,2,1,2,1,0,0.0,0.4780789017677307,2,clean,0.0,-1,182,93,CORRECT,0,0,0,0,0,0,0.0,0.0,answer,
margin,live-delta,2,0.0,0.244356,0.607198,5.7e-05,0.980469,0.466277,0.616277,0.037868618965148926,0.6397140026092529,0.601845383644104,2.124819755554199,8.37138843536377,0.3193504214286804,13,2,2,1,2,1,0,0.0,0.4415649175643921,2,clean,0.0,-1,183,80,CORRECT,0,0,0,0,0,0,0.0,0.0,answer,
margin,live-delta,2,0.0,0.244356,0.607198,5.7e-05,0.980469,0.466277,0.616277,0.02257359027862549,0.6969536542892456,0.6743800640106201,2.3240654468536377,10.217126846313477,0.2829517126083374,20,2,2,1,2,1,0,0.0,0.5205903053283691,2,clean,0.0,-1,184,91,CORRECT,0,0,0,0,0,0,0.0,0.0,answer,
margin,live-delta,2,0.0,0.244356,0.607198,5.7e-05,0.980469,0.466277,0.616277,0.08996117115020752,0.6739968061447144,0.5840356349945068,1.3994174003601074,4.052838325500488,0.610733151435852,9,2,2,1,2,1,0,0.0,0.3213646113872528,2,clean,0.0,-1,185,67,CORRECT,0,0,0,0,0,0,0.0,0.0,answer,
margin,live-delta,2,0.0,0.244356,0.607198,5.7e-05,0.980469,0.466277,0.616277,0.010523676872253418,0.6649458408355713,0.6544221639633179,2.5547595024108887,12.868204116821289,0.16769342124462128,20,2,2,1,2,1,0,0.0,0.45762038230895996,2,clean,0.0,-1,186,89,CORRECT,0,0,0,0,0,0,0.0,0.0,answer,
margin,live-delta,2,0.0,0.244356,0.607198,5.7e-05,0.980469,0.466277,0.616277,0.0033548474311828613,0.6261475682258606,0.6227927207946777,1.8005625009536743,6.053051471710205,0.3042020797729492,9,2,2,1,2,1,0,0.0,0.5129871964454651,2,clean,0.0,-1,187,88,CORRECT,0,0,0,0,0,0,0.0,0.0,answer,
margin,live-delta,2,0.0,0.244356,0.607198,5.7e-05,0.980469,0.466277,0.616277,0.05916464328765869,0.5708418488502502,0.5116772055625916,0.8113946318626404,2.2510452270507812,0.6907492876052856,3,2,2,1,2,1,0,0.0,0.4427361488342285,2,clean,0.0,-1,188,78,CORRECT,0,0,0,0,0,0,0.0,0.0,answer,
margin,live-delta,2,0.0,0.244356,0.607198,5.7e-05,0.980469,0.466277,0.616277,0.006326436996459961,0.6582905054092407,0.6519640684127808,2.502655506134033,12.214887619018555,0.1542011797428131,20,2,2,1,2,1,0,0.0,0.5008820295333862,2,clean,0.0,-1,189,74,CORRECT,0,0,0,0,0,0,0.0,0.0,answer,
margin,live-delta,2,0.0,0.244356,0.607198,5.7e-05,0.980469,0.466277,0.616277,0.06224316358566284,0.7220123410224915,0.6597691774368286,1.9369443655014038,6.9375200271606445,0.4199064373970032,16,2,2,1,2,1,0,0.0,0.5344237685203552,2,clean,0.0,-1,190,91,CORRECT,0,0,0,0,0,0,0.0,0.0,answer,
margin,live-delta,2,0.0,0.244356,0.607198,5.7e-05,0.980469,0.466277,0.616277,0.010715484619140625,0.5521745681762695,0.5414590835571289,1.9276747703552246,6.873509407043457,0.2654131054878235,8,2,2,1,2,1,0,0.0,0.399591863155365,2,clean,0.0,-1,191,94,CORRECT,0,0,0,0,0,0,0.0,0.0,answer,
margin,live-delta,2,0.0,0.244356,0.607198,5.7e-05,0.980469,0.466277,0.616277,0.1926092505455017,0.573388934135437,0.3807796835899353,-0.0,1.0,1.0,1,3,3,1,3,1,0,0.0,0.29521629214286804,2,clean,0.0,-1,192,126,CORRECT,0,0,0,0,0,0,0.0,0.0,answer,
margin,live-delta,2,0.0,0.244356,0.607198,5.7e-05,0.980469,0.466277,0.616277,0.002837657928466797,0.4762086868286133,0.4733710289001465,0.6927447319030762,1.9991952180862427,0.5141844749450684,2,3,3,1,3,1,0,0.0,0.13931193947792053,2,clean,0.0,-1,193,108,CORRECT,0,0,0,0,0,0,0.0,0.0,answer,
margin,live-delta,2,0.0,0.244356,0.607198,5.7e-05,0.980469,0.466277,0.616277,0.10279828310012817,0.5986695885658264,0.49587130546569824,0.3536701798439026,1.4242852926254272,0.8865489959716797,2,3,3,1,3,1,0,0.0,0.20850712060928345,2,clean,0.0,-1,194,110,CORRECT,0,0,0,0,0,0,0.0,0.0,answer,
margin,live-delta,2,0.0,0.244356,0.607198,5.7e-05,0.980469,0.466277,0.616277,0.03087615966796875,0.4933467507362366,0.4624705910682678,-0.0,1.0,1.0,1,3,3,1,3,1,0,0.0,0.09028860926628113,2,clean,0.0,-1,200,108,CORRECT,0,0,0,0,0,0,0.0,0.0,answer,
margin,live-delta,2,0.0,0.244356,0.607198,5.7e-05,0.980469,0.466277,0.616277,0.09149575233459473,0.5550409555435181,0.46354520320892334,-0.0,1.0,1.0,1,3,3,1,3,1,0,0.0,0.24887317419052124,2,clean,0.0,-1,201,120,CORRECT,0,0,0,0,0,0,0.0,0.0,answer,
margin,live-delta,2,0.0,0.244356,0.607198,5.7e-05,0.980469,0.466277,0.616277,0.02482759952545166,0.6939318180084229,0.6691042184829712,0.8073439598083496,2.241945266723633,0.6013247966766357,4,3,3,1,3,1,0,0.0,0.24247205257415771,2,clean,0.0,-1,202,107,CORRECT,0,0,0,0,0,0,0.0,0.0,answer,
margin,live-delta,2,0.0,0.244356,0.607198,5.7e-05,0.980469,0.466277,0.616277,0.029502391815185547,0.5513004660606384,0.5217980742454529,1.253708004951477,3.5033092498779297,0.4627518951892853,4,3,3,1,3,1,0,0.0,0.23448604345321655,2,clean,0.0,-1,205,120,CORRECT,0,0,0,0,0,0,0.0,0.0,answer,
margin,live-delta,2,0.0,0.244356,0.607198,5.7e-05,0.980469,0.466277,0.616277,0.02621561288833618,0.5272265672683716,0.5010109543800354,2.0063228607177734,7.435924053192139,0.23957088589668274,8,3,3,1,3,1,0,0.0,0.1180831789970398,2,clean,0.0,-1,207,104,CORRECT,0,0,0,0,0,0,0.0,0.0,answer,
margin,live-delta,2,0.0,0.244356,0.607198,5.7e-05,0.980469,0.466277,0.616277,0.11798250675201416,0.6017956733703613,0.48381316661834717,0.7409191727638245,2.097862958908081,0.7911416888237,4,3,3,1,3,1,0,0.0,0.2477075755596161,2,clean,0.0,-1,208,115,CORRECT,0,0,0,0,0,0,0.0,0.0,answer,
margin,live-delta,2,0.0,0.244356,0.607198,5.7e-05,0.980469,0.466277,0.616277,0.08217626810073853,0.6692698001861572,0.5870935320854187,0.6440044641494751,1.9040905237197876,0.7986990213394165,4,3,3,1,3,1,0,0.0,0.2568804919719696,2,clean,0.0,-1,209,120,CORRECT,0,0,0,0,0,0,0.0,0.0,answer,
margin,live-delta,2,0.0,0.244356,0.607198,5.7e-05,0.980469,0.466277,0.616277,0.15729665756225586,0.6105475425720215,0.4532508850097656,-0.0,1.0,1.0,1,3,3,1,3,1,0,0.0,0.15729665756225586,2,clean,0.0,-1,210,104,CORRECT,0,0,0,0,0,0,0.0,0.0,answer,
margin,live-delta,2,0.0,0.244356,0.607198,5.7e-05,0.980469,0.466277,0.616277,0.02014237642288208,0.6971720457077026,0.6770296692848206,1.990173578262329,7.316803932189941,0.30935487151145935,13,3,3,1,3,1,0,0.0,0.2428939938545227,2,clean,0.0,-1,211,120,CORRECT,0,0,0,0,0,0,0.0,0.0,answer,
margin,live-delta,2,0.0,0.244356,0.607198,5.7e-05,0.980469,0.466277,0.616277,0.06616729497909546,0.6066004633903503,0.5404331684112549,1.324224829673767,3.759270191192627,0.5778385996818542,6,3,3,1,3,1,0,0.0,0.28090739250183105,2,clean,0.0,-1,212,116,CORRECT,0,0,0,0,0,0,0.0,0.0,answer,
margin,live-delta,2,0.0,0.244356,0.607198,5.7e-05,0.980469,0.466277,0.616277,0.00887608528137207,0.5642865896224976,0.5554105043411255,1.838852882385254,6.2893195152282715,0.28707244992256165,8,3,3,1,3,1,0,0.0,0.19849196076393127,2,clean,0.0,-1,213,107,CORRECT,0,0,0,0,0,0,0.0,0.0,answer,
margin,live-delta,2,0.0,0.244356,0.607198,5.7e-05,0.980469,0.466277,0.616277,0.05752432346343994,0.5843203663825989,0.5267960429191589,0.8016424775123596,2.2291994094848633,0.692435085773468,3,3,3,1,3,1,0,0.0,0.25374045968055725,2,clean,0.0,-1,214,105,CORRECT,0,0,0,0,0,0,0.0,0.0,answer,
margin,live-delta,2,0.0,0.244356,0.607198,5.7e-05,0.980469,0.466277,0.616277,0.01133456826210022,0.5045703649520874,0.4932357966899872,1.064758062362671,2.900137186050415,0.4318862557411194,3,3,3,1,3,1,0,0.0,0.2836514711380005,2,clean,0.0,-1,216,108,CORRECT,0,0,0,0,0,0,0.0,0.0,answer,
margin,live-delta,2,0.0,0.244356,0.607198,5.7e-05,0.980469,0.466277,0.616277,0.003426849842071533,0.5011805295944214,0.49775367975234985,1.3551664352416992,3.877406120300293,0.31608033180236816,4,3,3,1,3,1,0,0.0,0.19427341222763062,2,clean,0.0,-1,218,98,CORRECT,0,0,0,0,0,0,0.0,0.0,answer,
margin,live-delta,2,0.0,0.244356,0.607198,5.7e-05,0.980469,0.466277,0.616277,0.12949895858764648,0.6797758340835571,0.5502768754959106,0.48130854964256287,1.6181905269622803,0.8866637945175171,5,3,3,1,3,1,0,0.0,0.3595513105392456,2,clean,0.0,-1,219,100,CORRECT,0,0,0,0,0,0,0.0,0.0,answer,
margin,live-delta,2,0.0,0.244356,0.607198,5.7e-05,0.980469,0.466277,0.616277,0.06679219007492065,0.5910822153091431,0.5242900252342224,1.659691333770752,5.257687568664551,0.4827601909637451,8,3,3,1,3,1,0,0.0,0.2517186403274536,2,clean,0.0,-1,220,96,CORRECT,0,0,0,0,0,0,0.0,0.0,answer,
margin,live-delta,2,0.0,0.244356,0.607198,5.7e-05,0.980469,0.466277,0.616277,0.01146090030670166,0.6261302828788757,0.6146693825721741,1.7643245458602905,5.83762788772583,0.30648717284202576,9,3,3,1,3,1,0,0.0,0.21545302867889404,2,clean,0.0,-1,224,112,CORRECT,0,0,0,0,0,0,0.0,0.0,answer,
margin,live-delta,2,0.0,0.244356,0.607198,5.7e-05,0.980469,0.466277,0.616277,0.004072070121765137,0.5881993770599365,0.5841273069381714,2.1805710792541504,8.851359367370605,0.19593437016010284,11,3,3,1,3,1,0,0.0,0.18485039472579956,2,clean,0.0,-1,225,110,CORRECT,0,0,0,0,0,0,0.0,0.0,answer,
margin,live-delta,2,0.0,0.244356,0.607198,5.7e-05,0.980469,0.466277,0.616277,0.03309154510498047,0.5609841346740723,0.5278925895690918,0.6412531137466431,1.898858904838562,0.6596715450286865,2,3,3,1,3,1,0,0.0,0.20335319638252258,2,clean,0.0,-1,226,108,CORRECT,0,0,0,0,0,0,0.0,0.0,answer,
margin,live-delta,2,0.0,0.244356,0.607198,5.7e-05,0.980469,0.466277,0.616277,0.037726402282714844,0.5063289403915405,0.4686025381088257,0.6267454028129578,1.8715096712112427,0.6801645159721375,2,3,3,1,3,1,0,0.0,0.15563541650772095,2,clean,0.0,-1,227,126,CORRECT,0,0,0,0,0,0,0.0,0.0,answer,
margin,live-delta,2,0.0,0.244356,0.607198,5.7e-05,0.980469,0.466277,0.616277,0.012221962213516235,0.47681495547294617,0.46459299325942993,-0.0,1.0,1.0,1,3,3,1,3,1,0,0.0,0.13924476504325867,2,clean,0.0,-1,231,104,CORRECT,0,0,0,0,0,0,0.0,0.0,answer,
margin,live-delta,2,0.0,0.244356,0.607198,5.7e-05,0.980469,0.466277,0.616277,0.029977619647979736,0.47079384326934814,0.4408162236213684,-0.0,1.0,1.0,1,3,3,1,3,1,0,0.0,0.23236018419265747,2,clean,0.0,-1,232,98,CORRECT,0,0,0,0,0,0,0.0,0.0,answer,
margin,live-delta,2,0.0,0.244356,0.607198,5.7e-05,0.980469,0.466277,0.616277,0.004300862550735474,0.4803829491138458,0.47608208656311035,0.6922231912612915,1.9981528520584106,0.5214909315109253,2,3,3,1,3,1,0,0.0,0.1727493703365326,2,clean,0.0,-1,233,98,CORRECT,0,0,0,0,0,0,0.0,0.0,answer,
margin,live-delta,2,0.0,0.244356,0.607198,5.7e-05,0.980469,0.466277,0.616277,0.03754919767379761,0.5242900252342224,0.4867408275604248,0.6273261308670044,1.8725967407226562,0.6793931126594543,2,3,3,1,3,1,0,0.0,0.24334800243377686,2,clean,0.0,-1,235,110,CORRECT,0,0,0,0,0,0,0.0,0.0,answer,
margin,live-delta,2,0.0,0.244356,0.607198,5.7e-05,0.980469,0.466277,0.616277,0.017941057682037354,0.4855964779853821,0.4676554203033447,0.6773084998130798,1.9685721397399902,0.5887549519538879,2,3,3,1,3,1,0,0.0,0.17962372303009033,2,clean,0.0,-1,236,108,CORRECT,0,0,0,0,0,0,0.0,0.0,answer,
margin,live-delta,2,0.0,0.244356,0.607198,5.7e-05,0.980469,0.466277,0.616277,0.004896998405456543,0.509640097618103,0.5047430992126465,0.6919496059417725,1.9976062774658203,0.5244653224945068,2,3,3,1,3,1,0,0.0,0.17720720171928406,2,clean,0.0,-1,238,115,CORRECT,0,0,0,0,0,0,0.0,0.0,answer,
margin,live-delta,2,0.0,0.244356,0.607198,5.7e-05,0.980469,0.466277,0.616277,0.04566854238510132,0.5717487931251526,0.5260802507400513,1.2074474096298218,3.344935417175293,0.5206905603408813,4,3,3,1,3,1,0,0.0,0.27459055185317993,2,clean,0.0,-1,239,110,CORRECT,0,0,0,0,0,0,0.0,0.0,answer,
margin,live-delta,2,0.0,0.244356,0.607198,5.7e-05,0.980469,0.466277,0.616277,0.0239027738571167,0.4795359671115875,0.4556331932544708,-0.0,1.0,1.0,1,3,3,1,3,1,0,0.0,0.08667504787445068,2,clean,0.0,-1,242,114,CORRECT,0,0,0,0,0,0,0.0,0.0,answer,
margin,live-delta,2,0.0,0.244356,0.607198,5.7e-05,0.980469,0.466277,0.616277,0.016660213470458984,0.6470491886138916,0.6303889751434326,2.0216286182403564,7.550611972808838,0.29967594146728516,11,3,3,1,3,1,0,0.011956256814301014,0.16107234358787537,2,clean,0.0,-1,243,96,CORRECT,0,0,0,0,0,0,0.0,0.0,answer,
margin,live-delta,2,0.0,0.244356,0.607198,5.7e-05,0.980469,0.466277,0.616277,0.05257701873779297,0.6573766469955444,0.6047996282577515,1.6723682880401611,5.324763298034668,0.49929380416870117,11,3,3,1,3,1,0,0.0,0.2856913208961487,2,clean,0.0,-1,244,100,CORRECT,0,0,0,0,0,0,0.0,0.0,answer,
margin,live-delta,2,0.0,0.244356,0.607198,5.7e-05,0.980469,0.466277,0.616277,0.05133938789367676,0.4852619171142578,0.43392252922058105,-0.0,1.0,1.0,1,3,3,1,3,1,0,0.0,0.11322644352912903,2,clean,0.0,-1,246,98,CORRECT,0,0,0,0,0,0,0.0,0.0,answer,
margin,live-delta,2,0.0,0.244356,0.607198,5.7e-05,0.980469,0.466277,0.616277,0.07415032386779785,0.7413268089294434,0.6671764850616455,1.0889414548873901,2.9711272716522217,0.6762465834617615,9,3,3,1,3,1,0,0.0,0.3865586519241333,2,clean,0.0,-1,248,110,CORRECT,0,0,0,0,0,0,0.0,0.0,answer,
margin,live-delta,2,0.0,0.244356,0.607198,5.7e-05,0.980469,0.466277,0.616277,0.1013302206993103,0.4877285957336426,0.3863983750343323,-0.0,1.0,1.0,1,3,3,1,3,1,0,0.0,0.16303473711013794,2,clean,0.0,-1,250,114,CORRECT,0,0,0,0,0,0,0.0,0.0,answer,
margin,live-delta,2,0.0,0.244356,0.607198,5.7e-05,0.980469,0.466277,0.616277,0.021122872829437256,0.5811411738395691,0.5600183010101318,2.09708833694458,8.142427444458008,0.23062185943126678,10,3,3,1,3,1,0,0.0,0.13164237141609192,2,clean,0.0,-1,253,110,CORRECT,0,0,0,0,0,0,0.0,0.0,answer,
margin,live-delta,2,0.0,0.244356,0.607198,5.7e-05,0.980469,0.466277,0.616277,0.10018813610076904,0.6796610355377197,0.5794728994369507,1.2663002014160156,3.5477025508880615,0.6495617032051086,8,3,3,1,3,1,0,0.0,0.26146480441093445,2,clean,0.0,-1,254,115,CORRECT,0,0,0,0,0,0,0.0,0.0,answer,
margin,live-delta,2,0.0,0.244356,0.607198,5.7e-05,0.980469,0.466277,0.616277,0.08388504385948181,0.5746854543685913,0.4908004105091095,0.4353334903717041,1.545478343963623,0.8425998091697693,2,3,3,1,3,1,0,0.0,0.26444941759109497,2,clean,0.0,-1,255,104,CORRECT,0,0,0,0,0,0,0.0,0.0,answer,
margin,live-delta,3,0.0,0.244356,0.607198,5.7e-05,0.980469,0.466277,0.616277,0.008692145347595215,0.6145343780517578,0.6058422327041626,2.4878780841827393,12.035710334777832,0.1735929250717163,16,0,0,1,0,1,0,0.0,0.48662111163139343,2,clean,0.0,-1,0,29,CORRECT,0,0,0,0,0,0,0.0,0.0,answer,
margin,live-delta,3,0.0,0.244356,0.607198,5.7e-05,0.980469,0.466277,0.616277,0.002864539623260498,0.7485058903694153,0.7456413507461548,2.406562566757202,11.095754623413086,0.19970422983169556,20,0,0,1,0,1,0,0.0,0.5389264225959778,2,clean,0.0,-1,1,29,CORRECT,0,0,0,0,0,0,0.0,0.0,answer,
margin,live-delta,3,0.0,0.244356,0.607198,5.7e-05,0.980469,0.466277,0.616277,0.03562748432159424,0.8512296676635742,0.81560218334198,1.8628650903701782,6.44216775894165,0.437677800655365,20,0,0,1,0,1,0,0.0,0.613601803779602,2,clean,0.0,-1,2,0,CORRECT,0,0,0,0,0,0,0.0,0.0,answer,
margin,live-delta,3,0.0,0.244356,0.607198,5.7e-05,0.980469,0.466277,0.616277,0.06120377779006958,0.8351686596870422,0.7739648818969727,2.109811305999756,8.246685028076172,0.39704185724258423,20,0,0,1,0,1,0,0.0,0.6275011301040649,2,clean,0.0,-1,3,27,CORRECT,0,0,0,0,0,0,0.0,0.0,answer,
margin,live-delta,3,0.0,0.244356,0.607198,5.7e-05,0.980469,0.466277,0.616277,0.06320923566818237,0.6585389971733093,0.595329761505127,1.3653671741485596,3.917160987854004,0.5692832469940186,7,0,0,1,0,1,0,0.0,0.5165534019470215,2,clean,0.0,-1,4,12,CORRECT,0,0,0,0,0,0,0.0,0.0,answer,
margin,live-delta,3,0.0,0.244356,0.607198,5.7e-05,0.980469,0.466277,0.616277,0.01838463544845581,0.8731691241264343,0.8547844886779785,2.0343306064605713,7.647131443023682,0.3304731547832489,20,0,0,1,0,1,0,0.0,0.6164111495018005,2,clean,0.0,-1,5,27,CORRECT,0,0,0,0,0,0,0.0,0.0,answer,
margin,live-delta,3,0.0,0.244356,0.607198,5.7e-05,0.980469,0.466277,0.616277,0.024461090564727783,0.8591064214706421,0.8346453309059143,2.0839645862579346,8.036266326904297,0.31034284830093384,20,0,0,1,0,1,0,0.0,0.5630691647529602,2,clean,0.0,-1,6,0,CORRECT,0,0,0,0,0,0,0.0,0.0,answer,
margin,live-delta,3,0.0,0.244356,0.607198,5.7e-05,0.980469,0.466277,0.616277,0.01217198371887207,0.7492260336875916,0.7370540499687195,1.5021567344665527,4.491365432739258,0.3474813997745514,7,0,0,1,0,1,0,0.0,0.639962911605835,2,clean,0.0,-1,7,12,CORRECT,0,0,0,0,0,0,0.0,0.0,answer,
margin,live-delta,3,0.0,0.244356,0.607198,5.7e-05,0.980469,0.466277,0.616277,0.0574725866317749,0.8665192127227783,0.8090466260910034,1.768878698348999,5.864274024963379,0.46956494450569153,20,0,0,1,0,1,0,0.0,0.5741294622421265,2,clean,0.0,-1,8,19,CORRECT,0,0,0,0,0,0,0.0,0.0,answer,
margin,live-delta,3,0.0,0.244356,0.607198,5.7e-05,0.980469,0.466277,0.616277,0.02331995964050293,0.6571364402770996,0.6338164806365967,1.8307143449783325,6.238341331481934,0.389030396938324,13,0,0,1,0,1,0,0.0,0.32575005292892456,2,clean,0.0,-1,9,2,CORRECT,0,0,0,0,0,0,0.0,0.0,answer,
margin,live-delta,3,0.0,0.244356,0.607198,5.7e-05,0.980469,0.466277,0.616277,0.010274708271026611,0.8123652935028076,0.802090585231781,2.2328696250915527,9.326591491699219,0.24554862082004547,20,0,0,1,0,1,0,0.0,0.6101858019828796,2,clean,0.0,-1,10,27,CORRECT,0,0,0,0,0,0,0.0,0.0,answer,
margin,live-delta,3,0.0,0.244356,0.607198,5.7e-05,0.980469,0.466277,0.616277,0.0263330340385437,0.7415318489074707,0.715198814868927,2.523719310760498,12.474908828735352,0.197550967335701,20,0,0,1,0,1,0,0.0,0.41163015365600586,2,clean,0.0,-1,11,19,CORRECT,0,0,0,0,0,0,0.0,0.0,answer,
margin,live-delta,3,0.0,0.244356,0.607198,5.7e-05,0.980469,0.466277,0.616277,0.053028225898742676,0.6884907484054565,0.6354625225067139,1.888684630393982,6.610667705535889,0.44716835021972656,15,0,0,1,0,1,0,0.0,0.27818992733955383,2,clean,0.0,-1,12,28,CORRECT,0,0,0,0,0,0,0.0,0.0,answer,
margin,live-delta,3,0.0,0.244356,0.607198,5.7e-05,0.980469,0.466277,0.616277,0.03296172618865967,0.8734875321388245,0.8405258059501648,1.9558680057525635,7.0700531005859375,0.34270551800727844,20,0,0,1,0,1,0,0.0,0.5720294713973999,2,clean,0.0,-1,13,19,CORRECT,0,0,0,0,0,0,0.0,0.0,answer,
margin,live-delta,3,0.0,0.244356,0.607198,5.7e-05,0.980469,0.466277,0.616277,0.04973268508911133,0.6596090793609619,0.6098763942718506,2.256545066833496,9.550037384033203,0.349910169839859,18,0,0,1,0,1,0,0.0,0.376028835773468,2,clean,0.0,-1,14,14,CORRECT,0,0,0,0,0,0,0.0,0.0,answer,
margin,live-delta,3,0.0,0.244356,0.607198,5.7e-05,0.980469,0.466277,0.616277,0.059464991092681885,0.8609749674797058,0.8015099763870239,2.2850558757781982,9.826234817504883,0.3320564925670624,20,0,0,1,0,1,0,0.0,0.6294852495193481,2,clean,0.0,-1,15,0,CORRECT,0,0,0,0,0,0,0.0,0.0,answer,
margin,live-delta,3,0.0,0.244356,0.607198,5.7e-05,0.980469,0.466277,0.616277,0.03566533327102661,0.8514373302459717,0.8157719969749451,1.8758732080459595,6.526515483856201,0.3923010230064392,20,0,0,1,0,1,0,0.0,0.6156409978866577,2,clean,0.0,-1,16,0,CORRECT,0,0,0,0,0,0,0.0,0.0,answer,
margin,live-delta,3,0.0,0.244356,0.607198,5.7e-05,0.980469,0.466277,0.616277,0.0259246826171875,0.817624568939209,0.7916998863220215,2.0725443363189697,7.945012092590332,0.3371545076370239,20,0,0,1,0,1,0,0.0,0.615166425704956,2,clean,0.0,-1,17,0,CORRECT,0,0,0,0,0,0,0.0,0.0,answer,
margin,live-delta,3,0.0,0.244356,0.607198,5.7e-05,0.980469,0.466277,0.616277,0.01809978485107422,0.7281592488288879,0.7100594639778137,2.3283562660217285,10.261061668395996,0.26296719908714294,19,0,0,1,0,1,0,0.0,0.5232799649238586,2,clean,0.0,-1,18,11,CORRECT,0,0,0,0,0,0,0.0,0.0,answer,
margin,live-delta,3,0.0,0.244356,0.607198,5.7e-05,0.980469,0.466277,0.616277,0.056340694427490234,0.8419591784477234,0.7856184840202332,1.8564157485961914,6.400753498077393,0.4715288579463959,20,0,0,1,0,1,0,0.0,0.6057676076889038,2,clean,0.0,-1,19,0,CORRECT,0,0,0,0,0,0,0.0,0.0,answer,
margin,live-delta,3,0.0,0.244356,0.607198,5.7e-05,0.980469,0.466277,0.616277,0.10735994577407837,0.8890054225921631,0.7816454768180847,1.654344081878662,5.229648590087891,0.6039719581604004,20,0,0,1,0,1,0,0.0,0.7198744416236877,2,clean,0.0,-1,20,0,CORRECT,0,0,0,0,0,0,0.0,0.0,answer,
margin,live-delta,3,0.0,0.244356,0.607198,5.7e-05,0.980469,0.466277,0.616277,0.07574641704559326,0.8565751314163208,0.7808287143707275,1.6038110256195068,4.971944808959961,0.5907458066940308,20,0,0,1,0,1,0,0.0,0.6307447552680969,2,clean,0.0,-1,21,0,CORRECT,0,0,0,0,0,0,0.0,0.0,answer,
margin,live-delta,3,0.0,0.244356,0.607198,5.7e-05,0.980469,0.466277,0.616277,0.010011017322540283,0.609879732131958,0.5998687148094177,2.661395788192749,14.31625747680664,0.1477361023426056,19,0,0,1,0,1,0,0.0,0.39039385318756104,2,clean,0.0,-1,22,7,CORRECT,0,0,0,0,0,0,0.0,0.0,answer,
margin,live-delta,3,0.0,0.244356,0.607198,5.7e-05,0.980469,0.466277,0.616277,0.004011273384094238,0.6520997285842896,0.6480884552001953,2.446258783340454,11.545073509216309,0.1887655258178711,19,0,0,1,0,1,0,0.0,0.523506760597229,2,clean,0.0,-1,23,11,CORRECT,0,0,0,0,0,0,0.0,0.0,answer,
margin,live-delta,3,0.0,0.244356,0.607198,5.7e-05,0.980469,0.466277,0.616277,0.0026372671127319336,0.7925955057144165,0.7899582386016846,2.366831064224243,10.663546562194824,0.22386150062084198,20,0,0,1,0,1,0,0.0,0.5823259949684143,2,clean,0.0,-1,24,22,CORRECT,0,0,0,0,0,0,0.0,0.0,answer,
margin,live-delta,3,0.0,0.244356,0.607198,5.7e-05,0.980469,0.466277,0.616277,0.3059971034526825,0.6070910692214966,0.3010939657688141,-0.0,1.0,1.0,1,0,0,1,0,1,0,0.0,0.35750406980514526,2,clean,0.0,-1,25,30,CORRECT,0,0,0,0,0,0,0.0,0.0,answer,
margin,live-delta,3,0.0,0.244356,0.607198,5.7e-05,0.980469,0.466277,0.616277,0.021011531352996826,0.6684602499008179,0.647448718547821,2.0992791652679443,8.160285949707031,0.3467082679271698,15,0,0,1,0,1,0,0.0,0.47889745235443115,2,clean,0.0,-1,26,20,CORRECT,0,0,0,0,0,0,0.0,0.0,answer,
margin,live-delta,3,0.0,0.244356,0.607198,5.7e-05,0.980469,0.466277,0.616277,0.009212374687194824,0.7741955518722534,0.7649831771850586,2.2408275604248047,9.401107788085938,0.24142929911613464,20,0,0,1,0,1,0,0.0,0.5331166982650757,2,clean,0.0,-1,27,27,CORRECT,0,0,0,0,0,0,0.0,0.0,answer,
margin,live-delta,3,0.0,0.244356,0.607198,5.7e-05,0.980469,0.466277,0.616277,0.027210235595703125,0.8135794401168823,0.7863692045211792,1.9127768278121948,6.771866798400879,0.37401944398880005,20,0,0,1,0,1,0,0.0,0.6232535243034363,2,clean,0.0,-1,28,19,CORRECT,0,0,0,0,0,0,0.0,0.0,answer,
margin,live-delta,3,0.0,0.244356,0.607198,5.7e-05,0.980469,0.466277,0.616277,0.009036123752593994,0.7184197306632996,0.7093836069107056,2.036456346511841,7.66340446472168,0.33035457134246826,18,0,0,1,0,1,0,0.0,0.5991634130477905,2,clean,0.0,-1,29,7,CORRECT,0,0,0,0,0,0,0.0,0.0,answer,
margin,live-delta,3,0.0,0.244356,0.607198,5.7e-05,0.980469,0.466277,0.616277,0.01577126979827881,0.8026509284973145,0.7868796586990356,2.3519437313079834,10.50597095489502,0.24932830035686493,20,0,0,1,0,1,0,0.0,0.6467174291610718,2,clean,0.0,-1,30,22,CORRECT,0,0,0,0,0,0,0.0,0.0,answer,
margin,live-delta,3,0.0,0.244356,0.607198,5.7e-05,0.980469,0.466277,0.616277,0.11953634023666382,0.8753258585929871,0.7557895183563232,1.3980088233947754,4.047133445739746,0.6851340532302856,20,0,0,1,0,1,0,0.0,0.6159409284591675,2,clean,0.0,-1,31,0,CORRECT,0,0,0,0,0,0,0.0,0.0,answer,
margin,live-delta,3,0.0,0.244356,0.607198,5.7e-05,0.980469,0.466277,0.616277,0.2579633593559265,0.6663253307342529,0.4083619713783264,-0.0,1.0,1.0,1,0,0,1,0,1,0,0.0,0.4054147005081177,2,clean,0.0,-1,32,30,CORRECT,0,0,0,0,0,0,0.0,0.0,answer,
margin,live-delta,3,0.0,0.244356,0.607198,5.7e-05,0.980469,0.466277,0.616277,0.00027108192443847656,0.8409632444381714,0.8406921625137329,2.2232730388641357,9.237516403198242,0.23702208697795868,20,0,0,1,0,1,0,0.0,0.6162108182907104,2,clean,0.0,-1,33,27,CORRECT,0,0,0,0,0,0,0.0,0.0,answer,
margin,live-delta,3,0.0,0.244356,0.607198,5.7e-05,0.980469,0.466277,0.616277,0.07880854606628418,0.8197683095932007,0.7409597635269165,1.3303163051605225,3.7822394371032715,0.5591570138931274,6,0,0,1,0,1,0,0.0,0.7087355256080627,2,clean,0.0,-1,34,26,CORRECT,0,0,0,0,0,0,0.0,0.0,answer,
margin,live-delta,3,0.0,0.244356,0.607198,5.7e-05,0.980469,0.466277,0.616277,0.06488156318664551,0.8260010480880737,0.7611194849014282,1.1787643432617188,3.2503554821014404,0.5940961241722107,6,0,0,1,0,1,0,0.0,0.7347782254219055,2,clean,0.0,-1,35,26,CORRECT,0,0,0,0,0,0,0.0,0.0,answer,
margin,live-delta,3,0.0,0.244356,0.607198,5.7e-05,0.980469,0.466277,0.616277,0.01791250705718994,0.6625928282737732,0.6446803212165833,2.5377726554870605,12.651460647583008,0.1929238885641098,19,0,0,1,0,1,0,0.0,0.523886501789093,2,clean,0.0,-1,36,31,CORRECT,0,0,0,0,0,0,0.0,0.0,answer,
margin,live-delta,3,0.0,0.244356,0.607198,5.7e-05,0.980469,0.466277,0.616277,0.00014674663543701172,0.7378839254379272,0.7377371788024902,2.4393093585968018,11.465119361877441,0.20830827951431274,20,0,0,1,0,1,0,0.0,0.453913152217865,2,clean,0.0,-1,37,3,CORRECT,0,0,0,0,0,0,0.0,0.0,answer,
margin,live-delta,3,0.0,0.244356,0.607198,5.7e-05,0.980469,0.466277,0.616277,0.06540250778198242,0.8352208137512207,0.7698183059692383,1.9166908264160156,6.798424243927002,0.45502015948295593,18,0,0,1,0,1,0,0.0,0.525200366973877,2,clean,0.0,-1,39,19,CORRECT,0,0,0,0,0,0,0.0,0.0,answer,
margin,live-delta,3,0.0,0.244356,0.607198,5.7e-05,0.980469,0.466277,0.616277,8.213520050048828e-05,0.6722115278244019,0.6721293926239014,2.5988857746124268,13.448744773864746,0.13513359427452087,19,0,0,1,0,1,0,0.0,0.5113608837127686,2,clean,0.0,-1,40,1,CORRECT,0,0,0,0,0,0,0.0,0.0,answer,
margin,live-delta,3,0.0,0.244356,0.607198,5.7e-05,0.980469,0.466277,0.616277,0.021424174308776855,0.8092004060745239,0.7877762317657471,1.8422305583953857,6.310598850250244,0.3710879683494568,19,0,0,1,0,1,0,0.0,0.6027906537055969,2,clean,0.0,-1,41,2,CORRECT,0,0,0,0,0,0,0.0,0.0,answer,
margin,live-delta,3,0.0,0.244356,0.607198,5.7e-05,0.980469,0.466277,0.616277,0.014770090579986572,0.6550374627113342,0.6402673721313477,2.3951516151428223,10.969861030578613,0.2125970423221588,17,0,0,1,0,1,0,0.0,0.5561074614524841,2,clean,0.0,-1,42,18,CORRECT,0,0,0,0,0,0,0.0,0.0,answer,
margin,live-delta,3,0.0,0.244356,0.607198,5.7e-05,0.980469,0.466277,0.616277,0.0036307573318481445,0.8091407418251038,0.8055099844932556,2.218207359313965,9.190839767456055,0.24903666973114014,20,0,0,1,0,1,0,0.0,0.5742166042327881,2,clean,0.0,-1,43,22,CORRECT,0,0,0,0,0,0,0.0,0.0,answer,
margin,live-delta,3,0.0,0.244356,0.607198,5.7e-05,0.980469,0.466277,0.616277,0.007630765438079834,0.6590110659599304,0.6513803005218506,2.559352159500122,12.92743968963623,0.15378409624099731,18,0,0,1,0,1,0,0.0,0.4933120012283325,2,clean,0.0,-1,44,29,CORRECT,0,0,0,0,0,0,0.0,0.0,answer,
margin,live-delta,3,0.0,0.244356,0.607198,5.7e-05,0.980469,0.466277,0.616277,0.018065690994262695,0.7802423238754272,0.7621766328811646,2.3016512393951416,9.990665435791016,0.24524210393428802,20,0,0,1,0,1,0,0.0,0.5786288976669312,2,clean,0.0,-1,45,0,CORRECT,0,0,0,0,0,0,0.0,0.0,answer,
margin,live-delta,3,0.0,0.244356,0.607198,5.7e-05,0.980469,0.466277,0.616277,0.13380369544029236,0.615119457244873,0.4813157618045807,0.23890648782253265,1.269859790802002,0.9355999827384949,2,0,0,1,0,1,0,0.0,0.2942866384983063,2,clean,0.0,-1,46,6,CORRECT,0,0,0,0,0,0,0.0,0.0,answer,
margin,live-delta,3,0.0,0.244356,0.607198,5.7e-05,0.980469,0.466277,0.616277,0.014446496963500977,0.7987375259399414,0.7842910289764404,1.7550482749938965,5.783727169036865,0.37430909276008606,20,0,0,1,0,1,0,0.0,0.5803588032722473,2,clean,0.0,-1,47,9,CORRECT,0,0,0,0,0,0,0.0,0.0,answer,
margin,live-delta,3,0.0,0.244356,0.607198,5.7e-05,0.980469,0.466277,0.616277,0.04508107900619507,0.542166531085968,0.49708545207977295,1.221544623374939,3.392423629760742,0.5084954500198364,4,0,0,1,0,1,0,0.0,0.3024407625198364,2,clean,0.0,-1,48,10,CORRECT,0,0,0,0,0,0,0.0,0.0,answer,
margin,live-delta,3,0.0,0.244356,0.607198,5.7e-05,0.980469,0.466277,0.616277,0.015541672706604004,0.6601847410202026,0.6446430683135986,1.785942554473877,5.965199947357178,0.31330162286758423,8,0,0,1,0,1,0,0.0,0.5240664482116699,2,clean,0.0,-1,50,12,CORRECT,0,0,0,0,0,0,0.0,0.0,answer,
margin,live-delta,3,0.0,0.244356,0.607198,5.7e-05,0.980469,0.466277,0.616277,0.09869396686553955,0.8877891302108765,0.7890951633453369,1.5895107984542847,4.901350498199463,0.6128032207489014,20,0,0,1,0,1,0,0.0,0.6858367323875427,2,clean,0.0,-1,51,0,CORRECT,0,0,0,0,0,0,0.0,0.0,answer,
margin,live-delta,3,0.0,0.244356,0.607198,5.7e-05,0.980469,0.466277,0.616277,0.07959491014480591,0.835240364074707,0.7556454539299011,2.0745296478271484,7.960801124572754,0.4464603066444397,20,0,0,1,0,1,0,0.0,0.6948240995407104,2,clean,0.0,-1,52,22,CORRECT,0,0,0,0,0,0,0.0,0.0,answer,
margin,live-delta,3,0.0,0.244356,0.607198,5.7e-05,0.980469,0.466277,0.616277,0.04038846492767334,0.7718725204467773,0.731484055519104,1.4142096042633057,4.113234043121338,0.46398523449897766,7,0,0,1,0,1,0,0.0,0.6465674638748169,2,clean,0.0,-1,53,26,CORRECT,0,0,0,0,0,0,0.0,0.0,answer,
margin,live-delta,3,0.0,0.244356,0.607198,5.7e-05,0.980469,0.466277,0.616277,0.021745800971984863,0.7166833877563477,0.6949375867843628,1.9931995868682861,7.338977813720703,0.38795801997184753,20,0,0,1,0,1,0,0.0,0.5401468873023987,2,clean,0.0,-1,56,11,CORRECT,0,0,0,0,0,0,0.0,0.0,answer,
margin,live-delta,3,0.0,0.244356,0.607198,5.7e-05,0.980469,0.466277,0.616277,0.030704915523529053,0.7882815599441528,0.7575766444206238,1.7928885221481323,6.006778240203857,0.4267408549785614,19,0,0,1,0,1,0,0.0,0.4446962773799896,2,clean,0.0,-1,57,21,CORRECT,0,0,0,0,0,0,0.0,0.0,answer,
margin,live-delta,3,0.0,0.244356,0.607198,5.7e-05,0.980469,0.466277,0.616277,0.02657550573348999,0.8341991901397705,0.8076236844062805,2.004579782485962,7.422974109649658,0.35644713044166565,20,0,0,1,0,1,0,0.0,0.6128807067871094,2,clean,0.0,-1,58,0,CORRECT,0,0,0,0,0,0,0.0,0.0,answer,
margin,live-delta,3,0.0,0.244356,0.607198,5.7e-05,0.980469,0.466277,0.616277,0.003304004669189453,0.677891731262207,0.6745877265930176,2.606302499771118,13.548861503601074,0.1863083690404892,20,0,0,1,0,1,0,0.0,0.48026907444000244,2,clean,0.0,-1,59,14,CORRECT,0,0,0,0,0,0,0.0,0.0,answer,
margin,live-delta,3,0.0,0.244356,0.607198,5.7e-05,0.980469,0.466277,0.616277,0.06265604496002197,0.8349859714508057,0.7723299264907837,1.7187001705169678,5.577274322509766,0.5307914614677429,20,0,0,1,0,1,0,0.0,0.6107056736946106,2,clean,0.0,-1,60,2,CORRECT,0,0,0,0,0,0,0.0,0.0,answer,
margin,live-delta,3,0.0,0.244356,0.607198,5.7e-05,0.980469,0.466277,0.616277,0.002447187900543213,0.8728757500648499,0.8704285621643066,1.7311381101608276,5.6470770835876465,0.3716391623020172,20,0,0,1,0,1,0,0.0,0.6611804962158203,2,clean,0.0,-1,61,0,CORRECT,0,0,0,0,0,0,0.0,0.0,answer,
margin,live-delta,3,0.0,0.244356,0.607198,5.7e-05,0.980469,0.466277,0.616277,0.0034145712852478027,0.5589209198951721,0.5555063486099243,2.3829386234283447,10.836701393127441,0.17335356771945953,13,0,0,1,0,1,0,0.0,0.3900502622127533,2,clean,0.0,-1,62,0,CORRECT,0,0,0,0,0,0,0.0,0.0,answer,
margin,live-delta,3,0.0,0.244356,0.607198,5.7e-05,0.980469,0.466277,0.616277,0.024738192558288574,0.6136946678161621,0.5889564752578735,2.2272839546203613,9.274641036987305,0.24552853405475616,13,0,0,1,0,1,0,0.0,0.309717059135437,2,clean,0.0,-1,63,3,CORRECT,0,0,0,0,0,0,0.0,0.0,answer,
margin,live-delta,3,0.0,0.244356,0.607198,5.7e-05,0.980469,0.466277,0.616277,0.09998571872711182,0.618600070476532,0.5186143517494202,1.090551733970642,2.9759154319763184,0.6926170587539673,6,1,1,1,1,1,0,0.0,0.40959230065345764,2,clean,0.0,-1,64,50,CORRECT,0,0,0,0,0,0,0.0,0.0,answer,
margin,live-delta,3,0.0,0.244356,0.607198,5.7e-05,0.980469,0.466277,0.616277,0.05121266841888428,0.7665919661521912,0.7153792977333069,1.7484828233718872,5.74587869644165,0.47212183475494385,15,1,1,1,1,1,0,0.0,0.40311747789382935,2,clean,0.0,-1,65,37,CORRECT,0,0,0,0,0,0,0.0,0.0,answer,
margin,live-delta,3,0.0,0.244356,0.607198,5.7e-05,0.980469,0.466277,0.616277,0.03203341364860535,0.5036468505859375,0.47161343693733215,0.644357442855835,1.9047627449035645,0.6549046635627747,2,1,1,1,1,1,0,0.0,0.337674081325531,2,clean,0.0,-1,66,35,CORRECT,0,0,0,0,0,0,0.0,0.0,answer,
margin,live-delta,3,0.0,0.244356,0.607198,5.7e-05,0.980469,0.466277,0.616277,0.10132157802581787,0.6654294729232788,0.5641078948974609,1.589150071144104,4.899582862854004,0.600055456161499,12,1,1,1,1,1,0,0.0,0.41640186309814453,2,clean,0.0,-1,67,47,CORRECT,0,0,0,0,0,0,0.0,0.0,answer,
margin,live-delta,3,0.0,0.244356,0.607198,5.7e-05,0.980469,0.466277,0.616277,0.05116629600524902,0.6455747485160828,0.5944084525108337,1.2960596084594727,3.6548666954040527,0.5464943051338196,7,1,1,1,1,1,0,0.0,0.4683803915977478,2,clean,0.0,-1,68,57,CORRECT,0,0,0,0,0,0,0.0,0.0,answer,
margin,live-delta,3,0.0,0.244356,0.607198,5.7e-05,0.980469,0.466277,0.616277,0.11027538776397705,0.6950936317443848,0.5848182439804077,0.7107840776443481,2.0355865955352783,0.8172983527183533,6,1,1,1,1,1,0,0.0,0.4552825391292572,2,clean,0.0,-1,69,36,CORRECT,0,0,0,0,0,0,0.0,0.0,answer,
margin,live-delta,3,0.0,0.244356,0.607198,5.7e-05,0.980469,0.466277,0.616277,0.07145816087722778,0.8408964276313782,0.7694382667541504,1.6646839380264282,5.284002780914307,0.505393385887146,16,1,1,1,1,1,0,0.0,0.40438294410705566,2,clean,0.0,-1,70,40,CORRECT,0,0,0,0,0,0,0.0,0.0,answer,
margin,live-delta,3,0.0,0.244356,0.607198,5.7e-05,0.980469,0.466277,0.616277,0.006285190582275391,0.5209206342697144,0.514635443687439,1.8887509107589722,6.611105442047119,0.21866096556186676,7,1,1,1,1,1,0,0.0,0.3271400034427643,2,clean,0.0,-1,71,47,CORRECT,0,0,0,0,0,0,0.0,0.0,answer,
margin,live-delta,3,0.0,0.244356,0.607198,5.7e-05,0.980469,0.466277,0.616277,0.1541154384613037,0.7070056200027466,0.5528901815414429,0.25915229320526123,1.2958310842514038,0.9408519864082336,3,1,1,1,1,1,0,0.0,0.5489740371704102,2,clean,0.0,-1,72,36,CORRECT,0,0,0,0,0,0,0.0,0.0,answer,
margin,live-delta,3,0.0,0.244356,0.607198,5.7e-05,0.980469,0.466277,0.616277,0.03657364845275879,0.7942038774490356,0.7576302289962769,1.9058846235275269,6.725354194641113,0.3367863893508911,15,1,1,1,1,1,0,0.0,0.42950505018234253,2,clean,0.0,-1,74,45,CORRECT,0,0,0,0,0,0,0.0,0.0,answer,
margin,live-delta,3,0.0,0.244356,0.607198,5.7e-05,0.980469,0.466277,0.616277,0.12161687016487122,0.4690021574497223,0.3473852872848511,-0.0,1.0,1.0,1,1,1,1,1,1,0,0.0,0.29065269231796265,2,clean,0.0,-1,75,44,CORRECT,0,0,0,0,0,0,0.0,0.0,answer,
margin,live-delta,3,0.0,0.244356,0.607198,5.7e-05,0.980469,0.466277,0.616277,0.03811115026473999,0.7916508913040161,0.7535397410392761,1.5426193475723267,4.676824569702148,0.4435966908931732,12,1,1,1,1,1,0,0.0,0.4099929630756378,2,clean,0.0,-1,77,60,CORRECT,0,0,0,0,0,0,0.0,0.0,answer,
margin,live-delta,3,0.0,0.244356,0.607198,5.7e-05,0.980469,0.466277,0.616277,0.027743279933929443,0.6010585427284241,0.5733152627944946,1.4160377979278564,4.120760917663574,0.46678048372268677,6,1,1,1,1,1,0,0.0,0.415357768535614,2,clean,0.0,-1,78,35,CORRECT,0,0,0,0,0,0,0.0,0.0,answer,
margin,live-delta,3,0.0,0.244356,0.607198,5.7e-05,0.980469,0.466277,0.616277,0.037351906299591064,0.5969131588935852,0.5595612525939941,1.4065840244293213,4.081987380981445,0.4622056484222412,6,1,1,1,1,1,0,0.0,0.421724796295166,2,clean,0.0,-1,79,47,CORRECT,0,0,0,0,0,0,0.0,0.0,answer,
margin,live-delta,3,0.0,0.244356,0.607198,5.7e-05,0.980469,0.466277,0.616277,0.2626209259033203,0.7004657983779907,0.4378448724746704,-0.0,1.0,1.0,1,1,1,1,1,1,0,0.0,0.508686363697052,2,clean,0.0,-1,81,44,CORRECT,0,0,0,0,0,0,0.0,0.0,answer,
margin,live-delta,3,0.0,0.244356,0.607198,5.7e-05,0.980469,0.466277,0.616277,0.002087831497192383,0.5332192182540894,0.531131386756897,1.879578948020935,6.550745964050293,0.2097821682691574,7,1,1,1,1,1,0,0.0,0.35299718379974365,2,clean,0.0,-1,82,52,CORRECT,0,0,0,0,0,0,0.0,0.0,answer,
margin,live-delta,3,0.0,0.244356,0.607198,5.7e-05,0.980469,0.466277,0.616277,0.02273687720298767,0.5098756551742554,0.4871387779712677,1.0672328472137451,2.9073233604431152,0.4528815448284149,3,1,1,1,1,1,0,0.0,0.33688005805015564,2,clean,0.0,-1,83,35,CORRECT,0,0,0,0,0,0,0.0,0.0,answer,
margin,live-delta,3,0.0,0.244356,0.607198,5.7e-05,0.980469,0.466277,0.616277,0.0005498528480529785,0.6723116040229797,0.6717617511749268,2.3331432342529297,10.310297966003418,0.1623452752828598,15,1,1,1,1,1,0,0.0,0.3700893819332123,2,clean,0.0,-1,84,40,CORRECT,0,0,0,0,0,0,0.0,0.0,answer,
margin,live-delta,3,0.0,0.244356,0.607198,5.7e-05,0.980469,0.466277,0.616277,0.02664715051651001,0.487519770860672,0.460872620344162,-0.0,1.0,1.0,1,1,1,1,1,1,0,0.0,0.24179601669311523,2,clean,0.0,-1,85,63,CORRECT,0,0,0,0,0,0,0.0,0.0,answer,
margin,live-delta,3,0.0,0.244356,0.607198,5.7e-05,0.980469,0.466277,0.616277,0.06783407926559448,0.6784102916717529,0.6105762124061584,1.8441320657730103,6.322609901428223,0.45953890681266785,13,1,1,1,1,1,0,0.0,0.36041104793548584,2,clean,0.0,-1,86,61,CORRECT,0,0,0,0,0,0,0.0,0.0,answer,
margin,live-delta,3,0.0,0.244356,0.607198,5.7e-05,0.980469,0.466277,0.616277,0.1254260540008545,0.5565441846847534,0.4311181306838989,-0.0,1.0,1.0,1,1,1,1,1,1,0,0.0,0.35206863284111023,2,clean,0.0,-1,87,63,CORRECT,0,0,0,0,0,0,0.0,0.0,answer,
margin,live-delta,3,0.0,0.244356,0.607198,5.7e-05,0.980469,0.466277,0.616277,0.0759202241897583,0.4897550344467163,0.413834810256958,-0.0,1.0,1.0,1,1,1,1,1,1,0,0.0,0.197681725025177,2,clean,0.0,-1,88,44,CORRECT,0,0,0,0,0,0,0.0,0.0,answer,
margin,live-delta,3,0.0,0.244356,0.607198,5.7e-05,0.980469,0.466277,0.616277,0.009209275245666504,0.5815664529800415,0.572357177734375,2.1523971557617188,8.605462074279785,0.23630297183990479,11,1,1,1,1,1,0,0.0,0.2658657729625702,2,clean,0.0,-1,89,50,CORRECT,0,0,0,0,0,0,0.0,0.0,answer,
margin,live-delta,3,0.0,0.244356,0.607198,5.7e-05,0.980469,0.466277,0.616277,0.026315629482269287,0.5693287253379822,0.5430130958557129,1.5898866653442383,4.90319299697876,0.3744606673717499,6,1,1,1,1,1,0,0.0,0.44232887029647827,2,clean,0.0,-1,90,59,CORRECT,0,0,0,0,0,0,0.0,0.0,answer,
margin,live-delta,3,0.0,0.244356,0.607198,5.7e-05,0.980469,0.466277,0.616277,0.08912777900695801,0.756209135055542,0.667081356048584,1.6893302202224731,5.415852069854736,0.5579541325569153,15,1,1,1,1,1,0,0.0,0.35234421491622925,2,clean,0.0,-1,91,40,CORRECT,0,0,0,0,0,0,0.0,0.0,answer,
margin,live-delta,3,0.0,0.244356,0.607198,5.7e-05,0.980469,0.466277,0.616277,0.008020877838134766,0.5828986763954163,0.5748777985572815,2.2008423805236816,9.03261947631836,0.23457404971122742,11,1,1,1,1,1,0,0.0,0.37079745531082153,2,clean,0.0,-1,93,38,CORRECT,0,0,0,0,0,0,0.0,0.0,answer,
margin,live-delta,3,0.0,0.244356,0.607198,5.7e-05,0.980469,0.466277,0.616277,0.03238600492477417,0.6400529742240906,0.6076669692993164,2.0842947959899902,8.038920402526855,0.3071781098842621,12,1,1,1,1,1,0,0.0,0.2573622465133667,2,clean,0.0,-1,94,60,CORRECT,0,0,0,0,0,0,0.0,0.0,answer,
margin,live-delta,3,0.0,0.244356,0.607198,5.7e-05,0.980469,0.466277,0.616277,0.06375056505203247,0.5301032066345215,0.466352641582489,0.5248762369155884,1.6902496814727783,0.7815993428230286,2,1,1,1,1,1,0,0.0,0.346439003944397,2,clean,0.0,-1,95,52,CORRECT,0,0,0,0,0,0,0.0,0.0,answer,
margin,live-delta,3,0.0,0.244356,0.607198,5.7e-05,0.980469,0.466277,0.616277,0.01938331127166748,0.5583243370056152,0.5389410257339478,1.2063450813293457,3.341250419616699,0.4621243476867676,4,1,1,1,1,1,0,0.0,0.3553626537322998,2,clean,0.0,-1,96,42,CORRECT,0,0,0,0,0,0,0.0,0.0,answer,
margin,live-delta,3,0.0,0.244356,0.607198,5.7e-05,0.980469,0.466277,0.616277,0.03714674711227417,0.624442458152771,0.5872957110404968,2.082209348678589,8.022172927856445,0.3359236717224121,12,1,1,1,1,1,0,0.0,0.39441344141960144,2,clean,0.0,-1,97,52,CORRECT,0,0,0,0,0,0,0.0,0.0,answer,
margin,live-delta,3,0.0,0.244356,0.607198,5.7e-05,0.980469,0.466277,0.616277,0.008182287216186523,0.710715115070343,0.7025328278541565,1.9646108150482178,7.132136344909668,0.24671868979930878,15,1,1,1,1,1,0,0.0,0.4413045346736908,2,clean,0.0,-1,98,32,CORRECT,0,0,0,0,0,0,0.0,0.0,answer,
margin,live-delta,3,0.0,0.244356,0.607198,5.7e-05,0.980469,0.466277,0.616277,0.07950395345687866,0.8086062073707581,0.7291022539138794,1.727082371711731,5.624220371246338,0.5324875712394714,17,1,1,1,1,1,0,0.0,0.39816349744796753,2,clean,0.0,-1,99,40,CORRECT,0,0,0,0,0,0,0.0,0.0,answer,
margin,live-delta,3,0.0,0.244356,0.607198,5.7e-05,0.980469,0.466277,0.616277,0.05860075354576111,0.5353360772132874,0.47673532366752625,0.5470012426376343,1.7280632257461548,0.7635090947151184,2,1,1,1,1,1,0,0.0,0.3425619602203369,2,clean,0.0,-1,100,57,CORRECT,0,0,0,0,0,0,0.0,0.0,answer,
margin,live-delta,3,0.0,0.244356,0.607198,5.7e-05,0.980469,0.466277,0.616277,0.021641671657562256,0.6355977058410645,0.6139560341835022,2.4214563369750977,11.262248992919922,0.23112753033638,16,1,1,1,1,1,0,0.0,0.4764178395271301,2,clean,0.0,-1,101,59,CORRECT,0,0,0,0,0,0,0.0,0.0,answer,
margin,live-delta,3,0.0,0.244356,0.607198,5.7e-05,0.980469,0.466277,0.616277,0.054714083671569824,0.5064904689788818,0.451776385307312,-0.0,1.0,1.0,1,1,1,1,1,1,0,0.0,0.2953105568885803,2,clean,0.0,-1,102,63,CORRECT,0,0,0,0,0,0,0.0,0.0,answer,
margin,live-delta,3,0.0,0.244356,0.607198,5.7e-05,0.980469,0.466277,0.616277,0.007851600646972656,0.5549097061157227,0.54705810546875,0.9500627517700195,2.585871934890747,0.48384636640548706,3,1,1,1,1,1,0,0.0,0.348261296749115,2,clean,0.0,-1,103,39,CORRECT,0,0,0,0,0,0,0.0,0.0,answer,
margin,live-delta,3,0.0,0.244356,0.607198,5.7e-05,0.980469,0.466277,0.616277,0.0412028431892395,0.5383107662200928,0.49710792303085327,1.2734624147415161,3.5732030868530273,0.46618518233299255,4,1,1,1,1,1,0,0.0,0.16544708609580994,2,clean,0.0,-1,105,41,CORRECT,0,0,0,0,0,0,0.0,0.0,answer,
margin,live-delta,3,0.0,0.244356,0.607198,5.7e-05,0.980469,0.466277,0.616277,0.06919336318969727,0.8411480188369751,0.7719546556472778,1.6193878650665283,5.0499982833862305,0.5550135374069214,18,1,1,1,1,1,0,0.0,0.46236059069633484,2,clean,0.0,-1,106,40,CORRECT,0,0,0,0,0,0,0.0,0.0,answer,
margin,live-delta,3,0.0,0.244356,0.607198,5.7e-05,0.980469,0.466277,0.616277,0.0112648606300354,0.5574491620063782,0.5461843013763428,2.1453616619110107,8.54513168334961,0.22670850157737732,10,1,1,1,1,1,0,0.0,0.3906744420528412,2,clean,0.0,-1,107,51,CORRECT,0,0,0,0,0,0,0.0,0.0,answer,
margin,live-delta,3,0.0,0.244356,0.607198,5.7e-05,0.980469,0.466277,0.616277,0.03881198167800903,0.5745145082473755,0.5357025265693665,1.5413742065429688,4.671004772186279,0.4340221881866455,6,1,1,1,1,1,0,0.0,0.42668288946151733,2,clean,0.0,-1,109,38,CORRECT,0,0,0,0,0,0,0.0,0.0,answer,
margin,live-delta,3,0.0,0.244356,0.607198,5.7e-05,0.980469,0.466277,0.616277,0.013598799705505371,0.6043965816497803,0.5907977819442749,2.234657049179077,9.343276977539062,0.19502900540828705,13,1,1,1,1,1,0,0.0,0.2900141477584839,2,clean,0.0,-1,110,51,CORRECT,0,0,0,0,0,0,0.0,0.0,answer,
margin,live-delta,3,0.0,0.244356,0.607198,5.7e-05,0.980469,0.466277,0.616277,0.05629462003707886,0.47336429357528687,0.417069673538208,-0.0,1.0,1.0,1,1,1,1,1,1,0,0.0,0.16464796662330627,2,clean,0.0,-1,111,59,CORRECT,0,0,0,0,0,0,0.0,0.0,answer,
margin,live-delta,3,0.0,0.244356,0.607198,5.7e-05,0.980469,0.466277,0.616277,0.005659312009811401,0.4965621531009674,0.490902841091156,1.3755953311920166,3.9574320316314697,0.29926928877830505,4,1,1,1,1,1,0,0.0,0.1582716405391693,2,clean,0.0,-1,112,63,CORRECT,0,0,0,0,0,0,0.0,0.0,answer,
margin,live-delta,3,0.0,0.244356,0.607198,5.7e-05,0.980469,0.466277,0.616277,0.03795003890991211,0.5386905670166016,0.5007405281066895,0.6260095834732056,1.8701330423355103,0.6811367869377136,2,1,1,1,1,1,0,0.0,0.34128454327583313,2,clean,0.0,-1,113,36,CORRECT,0,0,0,0,0,0,0.0,0.0,answer,
margin,live-delta,3,0.0,0.244356,0.607198,5.7e-05,0.980469,0.466277,0.616277,0.0009084939956665039,0.5301651954650879,0.5292567014694214,1.3083757162094116,3.7001585960388184,0.31801289319992065,4,1,1,1,1,1,0,0.0,0.2635127902030945,2,clean,0.0,-1,115,62,CORRECT,0,0,0,0,0,0,0.0,0.0,answer,
margin,live-delta,3,0.0,0.244356,0.607198,5.7e-05,0.980469,0.466277,0.616277,0.005991756916046143,0.6308895349502563,0.6248977780342102,2.041196823120117,7.699819087982178,0.2383880913257599,14,1,1,1,1,1,0,0.0,0.4562114477157593,2,clean,0.0,-1,116,38,CORRECT,0,0,0,0,0,0,0.0,0.0,answer,
margin,live-delta,3,0.0,0.244356,0.607198,5.7e-05,0.980469,0.466277,0.616277,0.08642899990081787,0.6468977928161621,0.5604687929153442,1.4230724573135376,4.149851322174072,0.5965681672096252,8,1,1,1,1,1,0,0.0,0.3993479609489441,2,clean,0.0,-1,117,42,CORRECT,0,0,0,0,0,0,0.0,0.0,answer,
margin,live-delta,3,0.0,0.244356,0.607198,5.7e-05,0.980469,0.466277,0.616277,0.06817120313644409,0.7197924852371216,0.6516212821006775,1.7145893573760986,5.554394245147705,0.5323235988616943,15,1,1,1,1,1,0,0.0,0.3329954743385315,2,clean,0.0,-1,118,40,CORRECT,0,0,0,0,0,0,0.0,0.0,answer,
margin,live-delta,3,0.0,0.244356,0.607198,5.7e-05,0.980469,0.466277,0.616277,0.05210930109024048,0.5614919066429138,0.5093826055526733,0.859039306640625,2.360891580581665,0.65705806016922,3,1,1,1,1,1,0,0.0,0.39505207538604736,2,clean,0.0,-1,119,51,CORRECT,0,0,0,0,0,0,0.0,0.0,answer,
margin,live-delta,3,0.0,0.244356,0.607198,5.7e-05,0.980469,0.466277,0.616277,0.022288918495178223,0.5903431177139282,0.56805419921875,1.8569599390029907,6.404237747192383,0.3308742940425873,9,1,1,1,1,1,0,0.0,0.38903000950813293,2,clean,0.0,-1,121,57,CORRECT,0,0,0,0,0,0,0.0,0.0,answer,
margin,live-delta,3,0.0,0.244356,0.607198,5.7e-05,0.980469,0.466277,0.616277,0.09091466665267944,0.6686475872993469,0.5777329206466675,1.4103723764419556,4.097480773925781,0.6350938081741333,11,1,1,1,1,1,0,0.0,0.4798545837402344,2,clean,0.0,-1,122,50,CORRECT,0,0,0,0,0,0,0.0,0.0,answer,
margin,live-delta,3,0.0,0.244356,0.607198,5.7e-05,0.980469,0.466277,0.616277,0.013231277465820312,0.5954697132110596,0.5822384357452393,1.8852791786193848,6.588193416595459,0.31591758131980896,9,1,1,1,1,1,0,0.0,0.3156626522541046,2,clean,0.0,-1,123,52,CORRECT,0,0,0,0,0,0,0.0,0.0,answer,
margin,live-delta,3,0.0,0.244356,0.607198,5.7e-05,0.980469,0.466277,0.616277,0.004436910152435303,0.8431375026702881,0.8387005925178528,1.4869407415390015,4.423542022705078,0.4011160135269165,13,1,1,1,1,1,0,0.0,0.4534303545951843,2,clean,0.0,-1,125,41,CORRECT,0,0,0,0,0,0,0.0,0.0,answer,
margin,live-delta,3,0.0,0.244356,0.607198,5.7e-05,0.980469,0.466277,0.616277,0.08864820003509521,0.4892336130142212,0.400585412979126,-0.0,1.0,1.0,1,1,1,1,1,1,0,0.0,0.2482023388147354,2,clean,0.0,-1,126,38,CORRECT,0,0,0,0,0,0,0.0,0.0,answer,
margin,live-delta,3,0.0,0.244356,0.607198,5.7e-05,0.980469,0.466277,0.616277,0.07421362400054932,0.5997445583343506,0.5255309343338013,1.4360886812210083,4.204219818115234,0.5549681782722473,7,1,1,1,1,1,0,0.0,0.2862173318862915,2,clean,0.0,-1,127,47,CORRECT,0,0,0,0,0,0,0.0,0.0,answer,
margin,live-delta,3,0.0,0.244356,0.607198,5.7e-05,0.980469,0.466277,0.616277,0.016283154487609863,0.5630731582641602,0.5467900037765503,2.561187744140625,12.951190948486328,0.15698552131652832,15,2,2,1,2,1,0,0.0,0.36430293321609497,2,clean,0.0,-1,129,89,CORRECT,0,0,0,0,0,0,0.0,0.0,answer,
margin,live-delta,3,0.0,0.244356,0.607198,5.7e-05,0.980469,0.466277,0.616277,0.060343146324157715,0.7414408922195435,0.6810977458953857,1.7353003025054932,5.67063045501709,0.4609133005142212,15,2,2,1,2,1,0,0.0,0.5133565664291382,2,clean,0.0,-1,130,80,CORRECT,0,0,0,0,0,0,0.0,0.0,answer,
margin,live-delta,3,0.0,0.244356,0.607198,5.7e-05,0.980469,0.466277,0.616277,0.04067337512969971,0.6881340146064758,0.6474606394767761,1.7969489097595215,6.031217575073242,0.4137338697910309,14,2,2,1,2,1,0,0.0,0.5713598728179932,2,clean,0.0,-1,131,84,CORRECT,0,0,0,0,0,0,0.0,0.0,answer,
margin,live-delta,3,0.0,0.244356,0.607198,5.7e-05,0.980469,0.466277,0.616277,0.14067071676254272,0.7042433023452759,0.5635725855827332,0.9601891040802002,2.6121904850006104,0.7839149236679077,10,2,2,1,2,1,0,0.0,0.5656924247741699,2,clean,0.0,-1,132,82,CORRECT,0,0,0,0,0,0,0.0,0.0,answer,
margin,live-delta,3,0.0,0.244356,0.607198,5.7e-05,0.980469,0.466277,0.616277,0.036290526390075684,0.671927809715271,0.6356372833251953,1.6878896951675415,5.408055782318115,0.427912175655365,13,2,2,1,2,1,0,0.0,0.5307698249816895,2,clean,0.0,-1,133,84,CORRECT,0,0,0,0,0,0,0.0,0.0,answer,
margin,live-delta,3,0.0,0.244356,0.607198,5.7e-05,0.980469,0.466277,0.616277,0.0068738460540771484,0.5189614295959473,0.5120875835418701,1.7381528615951538,5.686829566955566,0.26037150621414185,6,2,2,1,2,1,0,0.0,0.2802686393260956,2,clean,0.0,-1,134,89,CORRECT,0,0,0,0,0,0,0.0,0.0,answer,
margin,live-delta,3,0.0,0.244356,0.607198,5.7e-05,0.980469,0.466277,0.616277,0.0005246996879577637,0.7538886666297913,0.7533639669418335,1.7762717008590698,5.90778923034668,0.3020019829273224,13,2,2,1,2,1,0,0.0,0.547387957572937,2,clean,0.0,-1,136,80,CORRECT,0,0,0,0,0,0,0.0,0.0,answer,
margin,live-delta,3,0.0,0.244356,0.607198,5.7e-05,0.980469,0.466277,0.616277,0.003684520721435547,0.6487258076667786,0.645041286945343,1.9841867685317993,7.273130416870117,0.2580257058143616,13,2,2,1,2,1,0,0.0,0.535396158695221,2,clean,0.0,-1,137,91,CORRECT,0,0,0,0,0,0,0.0,0.0,answer,
margin,live-delta,3,0.0,0.244356,0.607198,5.7e-05,0.980469,0.466277,0.616277,0.05013328790664673,0.7074763178825378,0.6573430299758911,2.0383803844451904,7.678163528442383,0.4086896777153015,19,2,2,1,2,1,0,0.0,0.5535368919372559,2,clean,0.0,-1,138,79,CORRECT,0,0,0,0,0,0,0.0,0.0,answer,
margin,live-delta,3,0.0,0.244356,0.607198,5.7e-05,0.980469,0.466277,0.616277,0.015082180500030518,0.565150797367096,0.5500686168670654,1.5573731660842896,4.746336936950684,0.3736588954925537,6,2,2,1,2,1,0,0.0,0.17426016926765442,2,clean,0.0,-1,139,67,CORRECT,0,0,0,0,0,0,0.0,0.0,answer,
margin,live-delta,3,0.0,0.244356,0.607198,5.7e-05,0.980469,0.466277,0.616277,0.10315626859664917,0.7914308905601501,0.688274621963501,0.5238189697265625,1.688463568687439,0.8545571565628052,5,2,2,1,2,1,0,0.0,0.6833494901657104,2,clean,0.0,-1,140,68,CORRECT,0,0,0,0,0,0,0.0,0.0,answer,
margin,live-delta,3,0.0,0.244356,0.607198,5.7e-05,0.980469,0.466277,0.616277,0.027010083198547363,0.5625884532928467,0.5355783700942993,2.3756349086761475,10.757841110229492,0.20922696590423584,12,2,2,1,2,1,0,0.0,0.3420320749282837,2,clean,0.0,-1,141,80,CORRECT,0,0,0,0,0,0,0.0,0.0,answer,
margin,live-delta,3,0.0,0.244356,0.607198,5.7e-05,0.980469,0.466277,0.616277,0.13027608394622803,0.7915511131286621,0.6612750291824341,1.1040230989456177,3.0162763595581055,0.7611311674118042,18,2,2,1,2,1,0,0.0,0.6682131290435791,2,clean,0.0,-1,142,95,CORRECT,0,0,0,0,0,0,0.0,0.0,answer,
margin,live-delta,3,0.0,0.244356,0.607198,5.7e-05,0.980469,0.466277,0.616277,0.13579082489013672,0.6931444406509399,0.5573536157608032,0.29598867893218994,1.3444548845291138,0.9264243841171265,3,2,2,1,2,1,0,0.0,0.47784537076950073,2,clean,0.0,-1,143,76,CORRECT,0,0,0,0,0,0,0.0,0.0,answer,
margin,live-delta,3,0.0,0.244356,0.607198,5.7e-05,0.980469,0.466277,0.616277,0.00894784927368164,0.5137728452682495,0.5048249959945679,2.05660343170166,7.819365501403809,0.17077074944972992,8,2,2,1,2,1,0,0.0,0.330750972032547,2,clean,0.0,-1,144,84,CORRECT,0,0,0,0,0,0,0.0,0.0,answer,
margin,live-delta,3,0.0,0.244356,0.607198,5.7e-05,0.980469,0.466277,0.616277,0.030334651470184326,0.6259560585021973,0.5956214070320129,2.16801118850708,8.740882873535156,0.32913848757743835,14,2,2,1,2,1,0,0.0,0.35051417350769043,2,clean,0.0,-1,145,90,CORRECT,0,0,0,0,0,0,0.0,0.0,answer,
margin,live-delta,3,0.0,0.244356,0.607198,5.7e-05,0.980469,0.466277,0.616277,0.015457987785339355,0.5768289566040039,0.5613709688186646,1.3100781440734863,3.70646333694458,0.39021971821784973,4,2,2,1,2,1,0,0.0,0.3091595768928528,2,clean,0.0,-1,146,85,CORRECT,0,0,0,0,0,0,0.0,0.0,answer,
margin,live-delta,3,0.0,0.244356,0.607198,5.7e-05,0.980469,0.466277,0.616277,0.009372591972351074,0.7042195796966553,0.6948469877243042,2.2201528549194336,9.208738327026367,0.22787244617938995,20,2,2,1,2,1,0,0.0,0.4942100942134857,2,clean,0.0,-1,147,80,CORRECT,0,0,0,0,0,0,0.0,0.0,answer,
margin,live-delta,3,0.0,0.244356,0.607198,5.7e-05,0.980469,0.466277,0.616277,0.029896914958953857,0.6239545941352844,0.5940576791763306,2.3112339973449707,10.086864471435547,0.31198281049728394,16,2,2,1,2,1,0,0.0,0.3297209143638611,2,clean,0.0,-1,148,95,CORRECT,0,0,0,0,0,0,0.0,0.0,answer,
margin,live-delta,3,0.0,0.244356,0.607198,5.7e-05,0.980469,0.466277,0.616277,0.004040539264678955,0.5432393550872803,0.5391988158226013,1.5254955291748047,4.597421169281006,0.2913380265235901,5,2,2,1,2,1,0,0.0,0.3532825708389282,2,clean,0.0,-1,149,94,CORRECT,0,0,0,0,0,0,0.0,0.0,answer,
margin,live-delta,3,0.0,0.244356,0.607198,5.7e-05,0.980469,0.466277,0.616277,0.005341708660125732,0.5863345265388489,0.5809928178787231,1.7241647243499756,5.607834815979004,0.28412020206451416,7,2,2,1,2,1,0,0.0,0.4689067006111145,2,clean,0.0,-1,151,95,CORRECT,0,0,0,0,0,0,0.0,0.0,answer,
margin,live-delta,3,0.0,0.244356,0.607198,5.7e-05,0.980469,0.466277,0.616277,0.013454973697662354,0.5799499750137329,0.5664950013160706,1.8747450113296509,6.519156455993652,0.3245985805988312,9,2,2,1,2,1,0,0.0,0.45656436681747437,2,clean,0.0,-1,152,71,CORRECT,0,0,0,0,0,0,0.0,0.0,answer,
margin,live-delta,3,0.0,0.244356,0.607198,5.7e-05,0.980469,0.466277,0.616277,0.055962324142456055,0.7152880430221558,0.6593257188796997,2.0730578899383545,7.949093341827393,0.41245174407958984,17,2,2,1,2,1,0,0.0,0.5391017198562622,2,clean,0.0,-1,153,80,CORRECT,0,0,0,0,0,0,0.0,0.0,answer,
margin,live-delta,3,0.0,0.244356,0.607198,5.7e-05,0.980469,0.466277,0.616277,0.02488243579864502,0.6584439277648926,0.6335614919662476,2.0872437953948975,8.062662124633789,0.347737580537796,16,2,2,1,2,1,0,0.0,0.4151434600353241,2,clean,0.0,-1,154,74,CORRECT,0,0,0,0,0,0,0.0,0.0,answer,
margin,live-delta,3,0.0,0.244356,0.607198,5.7e-05,0.980469,0.466277,0.616277,0.04854661226272583,0.5953265428543091,0.5467799305915833,1.16036856174469,3.1911091804504395,0.586326539516449,5,2,2,1,2,1,0,0.0,0.43014076352119446,2,clean,0.0,-1,156,68,CORRECT,0,0,0,0,0,0,0.0,0.0,answer,
margin,live-delta,3,0.0,0.244356,0.607198,5.7e-05,0.980469,0.466277,0.616277,0.0775800347328186,0.7291195392608643,0.6515395045280457,1.356828212738037,3.883854866027832,0.6280791759490967,12,2,2,1,2,1,0,0.0,0.5488950610160828,2,clean,0.0,-1,157,94,CORRECT,0,0,0,0,0,0,0.0,0.0,answer,
margin,live-delta,3,0.0,0.244356,0.607198,5.7e-05,0.980469,0.466277,0.616277,0.02474379539489746,0.69541335105896,0.6706695556640625,2.2874703407287598,9.84998893737793,0.32333171367645264,20,2,2,1,2,1,0,0.0,0.46810394525527954,2,clean,0.0,-1,158,92,CORRECT,0,0,0,0,0,0,0.0,0.0,answer,
margin,live-delta,3,0.0,0.244356,0.607198,5.7e-05,0.980469,0.466277,0.616277,0.11211967468261719,0.7105110883712769,0.5983914136886597,0.9322810173034668,2.540297031402588,0.7841705679893494,11,2,2,1,2,1,0,0.0,0.5441452860832214,2,clean,0.0,-1,159,68,CORRECT,0,0,0,0,0,0,0.0,0.0,answer,
margin,live-delta,3,0.0,0.244356,0.607198,5.7e-05,0.980469,0.466277,0.616277,0.012909889221191406,0.6248509883880615,0.6119410991668701,1.034548282623291,2.8138349056243896,0.49615219235420227,4,2,2,1,2,1,0,0.0,0.5396009087562561,2,clean,0.0,-1,160,85,CORRECT,0,0,0,0,0,0,0.0,0.0,answer,
margin,live-delta,3,0.0,0.244356,0.607198,5.7e-05,0.980469,0.466277,0.616277,0.005746603012084961,0.5610314607620239,0.555284857749939,1.8373068571090698,6.279603481292725,0.2964525520801544,8,2,2,1,2,1,0,0.0,0.35305845737457275,2,clean,0.0,-1,162,95,CORRECT,0,0,0,0,0,0,0.0,0.0,answer,
margin,live-delta,3,0.0,0.244356,0.607198,5.7e-05,0.980469,0.466277,0.616277,0.15240740776062012,0.8081988096237183,0.6557914018630981,0.4359906315803528,1.5464942455291748,0.9095169901847839,9,2,2,1,2,1,0,0.0,0.6263875365257263,2,clean,0.0,-1,163,82,CORRECT,0,0,0,0,0,0,0.0,0.0,answer,
margin,live-delta,3,0.0,0.244356,0.607198,5.7e-05,0.980469,0.466277,0.616277,0.06616216897964478,0.7789145708084106,0.7127524018287659,1.4441739320755005,4.238349437713623,0.5569444894790649,12,2,2,1,2,1,0,0.0,0.601078987121582,2,clean,0.0,-1,164,80,CORRECT,0,0,0,0,0,0,0.0,0.0,answer,
margin,live-delta,3,0.0,0.244356,0.607198,5.7e-05,0.980469,0.466277,0.616277,0.02064359188079834,0.5866369605064392,0.5659933686256409,2.4229724407196045,11.279336929321289,0.2292332649230957,14,2,2,1,2,1,0,0.0,0.44338637590408325,2,clean,0.0,-1,166,88,CORRECT,0,0,0,0,0,0,0.0,0.0,answer,
margin,live-delta,3,0.0,0.244356,0.607198,5.7e-05,0.980469,0.466277,0.616277,0.024736642837524414,0.606033205986023,0.5812965631484985,1.4480202198028564,4.254683017730713,0.43405407667160034,6,2,2,1,2,1,0,0.0,0.4318395256996155,2,clean,0.0,-1,167,88,CORRECT,0,0,0,0,0,0,0.0,0.0,answer,
margin,live-delta,3,0.0,0.244356,0.607198,5.7e-05,0.980469,0.466277,0.616277,0.008060634136199951,0.6232964992523193,0.6152358651161194,1.5166947841644287,4.557137966156006,0.3093995153903961,5,2,2,1,2,1,0,0.0,0.28481394052505493,2,clean,0.0,-1,168,67,CORRECT,0,0,0,0,0,0,0.0,0.0,answer,
margin,live-delta,3,0.0,0.244356,0.607198,5.7e-05,0.980469,0.466277,0.616277,0.08725428581237793,0.693211555480957,0.6059572696685791,1.5870367288589478,4.889239311218262,0.6153662204742432,16,2,2,1,2,1,0,0.0,0.3863239288330078,2,clean,0.0,-1,169,94,CORRECT,0,0,0,0,0,0,0.0,0.0,answer,
margin,live-delta,3,0.0,0.244356,0.607198,5.7e-05,0.980469,0.466277,0.616277,0.0413893461227417,0.7523607015609741,0.7109713554382324,1.3815333843231201,3.981001377105713,0.5346791744232178,10,2,2,1,2,1,0,0.0,0.5928447842597961,2,clean,0.0,-1,171,82,CORRECT,0,0,0,0,0,0,0.0,0.0,answer,
margin,live-delta,3,0.0,0.244356,0.607198,5.7e-05,0.980469,0.466277,0.616277,0.06721699237823486,0.6195198893547058,0.552302896976471,0.5096821784973145,1.664762020111084,0.7932027578353882,2,2,2,1,2,1,0,0.0,0.5161680579185486,2,clean,0.0,-1,172,85,CORRECT,0,0,0,0,0,0,0.0,0.0,answer,
margin,live-delta,3,0.0,0.244356,0.607198,5.7e-05,0.980469,0.466277,0.616277,0.07371622323989868,0.6819985508918762,0.6082823276519775,1.2305958271026611,3.4232685565948486,0.607131838798523,6,2,2,1,2,1,0,0.0,0.47153395414352417,2,clean,0.0,-1,173,68,CORRECT,0,0,0,0,0,0,0.0,0.0,answer,
margin,live-delta,3,0.0,0.244356,0.607198,5.7e-05,0.980469,0.466277,0.616277,0.030966460704803467,0.6728857159614563,0.6419192552566528,1.7405102252960205,5.70025110244751,0.40254369378089905,12,2,2,1,2,1,0,0.0,0.34602662920951843,2,clean,0.0,-1,174,67,CORRECT,0,0,0,0,0,0,0.0,0.0,answer,
margin,live-delta,3,0.0,0.244356,0.607198,5.7e-05,0.980469,0.466277,0.616277,0.02083343267440796,0.6345972418785095,0.6137638092041016,2.396552085876465,10.985235214233398,0.22136878967285156,17,2,2,1,2,1,0,0.0,0.4687931537628174,2,clean,0.0,-1,175,74,CORRECT,0,0,0,0,0,0,0.0,0.0,answer,
margin,live-delta,3,0.0,0.244356,0.607198,5.7e-05,0.980469,0.466277,0.616277,0.1282334327697754,0.7788606882095337,0.6506272554397583,0.5262368321418762,1.6925508975982666,0.8699262738227844,5,2,2,1,2,1,0,0.0,0.6797915101051331,2,clean,0.0,-1,176,68,CORRECT,0,0,0,0,0,0,0.0,0.0,answer,
margin,live-delta,3,0.0,0.244356,0.607198,5.7e-05,0.980469,0.466277,0.616277,0.037269771099090576,0.6675590872764587,0.6302893161773682,1.8351078033447266,6.265809535980225,0.41850006580352783,12,2,2,1,2,1,0,0.0,0.5264285802841187,2,clean,0.0,-1,177,80,CORRECT,0,0,0,0,0,0,0.0,0.0,answer,
margin,live-delta,3,0.0,0.244356,0.607198,5.7e-05,0.980469,0.466277,0.616277,0.11271160840988159,0.7303362488746643,0.6176246404647827,1.0682060718536377,2.910154104232788,0.7476840019226074,14,2,2,1,2,1,0,0.0,0.566432535648346,2,clean,0.0,-1,178,92,CORRECT,0,0,0,0,0,0,0.0,0.0,answer,
margin,live-delta,3,0.0,0.244356,0.607198,5.7e-05,0.980469,0.466277,0.616277,0.039039790630340576,0.6944647431373596,0.655424952507019,1.7918906211853027,6.000786781311035,0.4299042522907257,13,2,2,1,2,1,0,0.0,0.5696750283241272,2,clean,0.0,-1,179,91,CORRECT,0,0,0,0,0,0,0.0,0.0,answer,
margin,live-delta,3,0.0,0.244356,0.607198,5.7e-05,0.980469,0.466277,0.616277,0.020443439483642578,0.6780236959457397,0.6575802564620972,2.4922432899475098,12.088363647460938,0.24060675501823425,19,2,2,1,2,1,0,0.0,0.5304607152938843,2,clean,0.0,-1,180,91,CORRECT,0,0,0,0,0,0,0.0,0.0,answer,
margin,live-delta,3,0.0,0.244356,0.607198,5.7e-05,0.980469,0.466277,0.616277,0.024712681770324707,0.6381895542144775,0.6134768724441528,1.4255295991897583,4.160060405731201,0.46456971764564514,8,2,2,1,2,1,0,0.0,0.26151567697525024,2,clean,0.0,-1,181,67,CORRECT,0,0,0,0,0,0,0.0,0.0,answer,
margin,live-delta,3,0.0,0.244356,0.607198,5.7e-05,0.980469,0.466277,0.616277,0.010335981845855713,0.5961796045303345,0.5858436226844788,2.3410282135009766,10.391916275024414,0.20926615595817566,14,2,2,1,2,1,0,0.0,0.4780789017677307,2,clean,0.0,-1,182,93,CORRECT,0,0,0,0,0,0,0.0,0.0,answer,
margin,live-delta,3,0.0,0.244356,0.607198,5.7e-05,0.980469,0.466277,0.616277,0.037868618965148926,0.6397140026092529,0.601845383644104,2.124819755554199,8.37138843536377,0.3193504214286804,13,2,2,1,2,1,0,0.0,0.4415649175643921,2,clean,0.0,-1,183,80,CORRECT,0,0,0,0,0,0,0.0,0.0,answer,
margin,live-delta,3,0.0,0.244356,0.607198,5.7e-05,0.980469,0.466277,0.616277,0.02257359027862549,0.6969536542892456,0.6743800640106201,2.3240654468536377,10.217126846313477,0.2829517126083374,20,2,2,1,2,1,0,0.0,0.5205903053283691,2,clean,0.0,-1,184,91,CORRECT,0,0,0,0,0,0,0.0,0.0,answer,
margin,live-delta,3,0.0,0.244356,0.607198,5.7e-05,0.980469,0.466277,0.616277,0.08996117115020752,0.6739968061447144,0.5840356349945068,1.3994174003601074,4.052838325500488,0.610733151435852,9,2,2,1,2,1,0,0.0,0.3213646113872528,2,clean,0.0,-1,185,67,CORRECT,0,0,0,0,0,0,0.0,0.0,answer,
margin,live-delta,3,0.0,0.244356,0.607198,5.7e-05,0.980469,0.466277,0.616277,0.010523676872253418,0.6649458408355713,0.6544221639633179,2.5547595024108887,12.868204116821289,0.16769342124462128,20,2,2,1,2,1,0,0.0,0.45762038230895996,2,clean,0.0,-1,186,89,CORRECT,0,0,0,0,0,0,0.0,0.0,answer,
margin,live-delta,3,0.0,0.244356,0.607198,5.7e-05,0.980469,0.466277,0.616277,0.0033548474311828613,0.6261475682258606,0.6227927207946777,1.8005625009536743,6.053051471710205,0.3042020797729492,9,2,2,1,2,1,0,0.0,0.5129871964454651,2,clean,0.0,-1,187,88,CORRECT,0,0,0,0,0,0,0.0,0.0,answer,
margin,live-delta,3,0.0,0.244356,0.607198,5.7e-05,0.980469,0.466277,0.616277,0.05916464328765869,0.5708418488502502,0.5116772055625916,0.8113946318626404,2.2510452270507812,0.6907492876052856,3,2,2,1,2,1,0,0.0,0.4427361488342285,2,clean,0.0,-1,188,78,CORRECT,0,0,0,0,0,0,0.0,0.0,answer,
margin,live-delta,3,0.0,0.244356,0.607198,5.7e-05,0.980469,0.466277,0.616277,0.006326436996459961,0.6582905054092407,0.6519640684127808,2.502655506134033,12.214887619018555,0.1542011797428131,20,2,2,1,2,1,0,0.0,0.5008820295333862,2,clean,0.0,-1,189,74,CORRECT,0,0,0,0,0,0,0.0,0.0,answer,
margin,live-delta,3,0.0,0.244356,0.607198,5.7e-05,0.980469,0.466277,0.616277,0.06224316358566284,0.7220123410224915,0.6597691774368286,1.9369443655014038,6.9375200271606445,0.4199064373970032,16,2,2,1,2,1,0,0.0,0.5344237685203552,2,clean,0.0,-1,190,91,CORRECT,0,0,0,0,0,0,0.0,0.0,answer,
margin,live-delta,3,0.0,0.244356,0.607198,5.7e-05,0.980469,0.466277,0.616277,0.010715484619140625,0.5521745681762695,0.5414590835571289,1.9276747703552246,6.873509407043457,0.2654131054878235,8,2,2,1,2,1,0,0.0,0.399591863155365,2,clean,0.0,-1,191,94,CORRECT,0,0,0,0,0,0,0.0,0.0,answer,
margin,live-delta,3,0.0,0.244356,0.607198,5.7e-05,0.980469,0.466277,0.616277,0.1926092505455017,0.573388934135437,0.3807796835899353,-0.0,1.0,1.0,1,3,3,1,3,1,0,0.0,0.29521629214286804,2,clean,0.0,-1,192,126,CORRECT,0,0,0,0,0,0,0.0,0.0,answer,
margin,live-delta,3,0.0,0.244356,0.607198,5.7e-05,0.980469,0.466277,0.616277,0.002837657928466797,0.4762086868286133,0.4733710289001465,0.6927447319030762,1.9991952180862427,0.5141844749450684,2,3,3,1,3,1,0,0.0,0.13931193947792053,2,clean,0.0,-1,193,108,CORRECT,0,0,0,0,0,0,0.0,0.0,answer,
margin,live-delta,3,0.0,0.244356,0.607198,5.7e-05,0.980469,0.466277,0.616277,0.10279828310012817,0.5986695885658264,0.49587130546569824,0.3536701798439026,1.4242852926254272,0.8865489959716797,2,3,3,1,3,1,0,0.0,0.20850712060928345,2,clean,0.0,-1,194,110,CORRECT,0,0,0,0,0,0,0.0,0.0,answer,
margin,live-delta,3,0.0,0.244356,0.607198,5.7e-05,0.980469,0.466277,0.616277,0.03087615966796875,0.4933467507362366,0.4624705910682678,-0.0,1.0,1.0,1,3,3,1,3,1,0,0.0,0.09028860926628113,2,clean,0.0,-1,200,108,CORRECT,0,0,0,0,0,0,0.0,0.0,answer,
margin,live-delta,3,0.0,0.244356,0.607198,5.7e-05,0.980469,0.466277,0.616277,0.09149575233459473,0.5550409555435181,0.46354520320892334,-0.0,1.0,1.0,1,3,3,1,3,1,0,0.0,0.24887317419052124,2,clean,0.0,-1,201,120,CORRECT,0,0,0,0,0,0,0.0,0.0,answer,
margin,live-delta,3,0.0,0.244356,0.607198,5.7e-05,0.980469,0.466277,0.616277,0.02482759952545166,0.6939318180084229,0.6691042184829712,0.8073439598083496,2.241945266723633,0.6013247966766357,4,3,3,1,3,1,0,0.0,0.24247205257415771,2,clean,0.0,-1,202,107,CORRECT,0,0,0,0,0,0,0.0,0.0,answer,
margin,live-delta,3,0.0,0.244356,0.607198,5.7e-05,0.980469,0.466277,0.616277,0.029502391815185547,0.5513004660606384,0.5217980742454529,1.253708004951477,3.5033092498779297,0.4627518951892853,4,3,3,1,3,1,0,0.0,0.23448604345321655,2,clean,0.0,-1,205,120,CORRECT,0,0,0,0,0,0,0.0,0.0,answer,
margin,live-delta,3,0.0,0.244356,0.607198,5.7e-05,0.980469,0.466277,0.616277,0.02621561288833618,0.5272265672683716,0.5010109543800354,2.0063228607177734,7.435924053192139,0.23957088589668274,8,3,3,1,3,1,0,0.0,0.1180831789970398,2,clean,0.0,-1,207,104,CORRECT,0,0,0,0,0,0,0.0,0.0,answer,
margin,live-delta,3,0.0,0.244356,0.607198,5.7e-05,0.980469,0.466277,0.616277,0.11798250675201416,0.6017956733703613,0.48381316661834717,0.7409191727638245,2.097862958908081,0.7911416888237,4,3,3,1,3,1,0,0.0,0.2477075755596161,2,clean,0.0,-1,208,115,CORRECT,0,0,0,0,0,0,0.0,0.0,answer,
margin,live-delta,3,0.0,0.244356,0.607198,5.7e-05,0.980469,0.466277,0.616277,0.08217626810073853,0.6692698001861572,0.5870935320854187,0.6440044641494751,1.9040905237197876,0.7986990213394165,4,3,3,1,3,1,0,0.0,0.2568804919719696,2,clean,0.0,-1,209,120,CORRECT,0,0,0,0,0,0,0.0,0.0,answer,
margin,live-delta,3,0.0,0.244356,0.607198,5.7e-05,0.980469,0.466277,0.616277,0.15729665756225586,0.6105475425720215,0.4532508850097656,-0.0,1.0,1.0,1,3,3,1,3,1,0,0.0,0.15729665756225586,2,clean,0.0,-1,210,104,CORRECT,0,0,0,0,0,0,0.0,0.0,answer,
margin,live-delta,3,0.0,0.244356,0.607198,5.7e-05,0.980469,0.466277,0.616277,0.02014237642288208,0.6971720457077026,0.6770296692848206,1.990173578262329,7.316803932189941,0.30935487151145935,13,3,3,1,3,1,0,0.0,0.2428939938545227,2,clean,0.0,-1,211,120,CORRECT,0,0,0,0,0,0,0.0,0.0,answer,
margin,live-delta,3,0.0,0.244356,0.607198,5.7e-05,0.980469,0.466277,0.616277,0.06616729497909546,0.6066004633903503,0.5404331684112549,1.324224829673767,3.759270191192627,0.5778385996818542,6,3,3,1,3,1,0,0.0,0.28090739250183105,2,clean,0.0,-1,212,116,CORRECT,0,0,0,0,0,0,0.0,0.0,answer,
margin,live-delta,3,0.0,0.244356,0.607198,5.7e-05,0.980469,0.466277,0.616277,0.00887608528137207,0.5642865896224976,0.5554105043411255,1.838852882385254,6.2893195152282715,0.28707244992256165,8,3,3,1,3,1,0,0.0,0.19849196076393127,2,clean,0.0,-1,213,107,CORRECT,0,0,0,0,0,0,0.0,0.0,answer,
margin,live-delta,3,0.0,0.244356,0.607198,5.7e-05,0.980469,0.466277,0.616277,0.05752432346343994,0.5843203663825989,0.5267960429191589,0.8016424775123596,2.2291994094848633,0.692435085773468,3,3,3,1,3,1,0,0.0,0.25374045968055725,2,clean,0.0,-1,214,105,CORRECT,0,0,0,0,0,0,0.0,0.0,answer,
margin,live-delta,3,0.0,0.244356,0.607198,5.7e-05,0.980469,0.466277,0.616277,0.01133456826210022,0.5045703649520874,0.4932357966899872,1.064758062362671,2.900137186050415,0.4318862557411194,3,3,3,1,3,1,0,0.0,0.2836514711380005,2,clean,0.0,-1,216,108,CORRECT,0,0,0,0,0,0,0.0,0.0,answer,
margin,live-delta,3,0.0,0.244356,0.607198,5.7e-05,0.980469,0.466277,0.616277,0.003426849842071533,0.5011805295944214,0.49775367975234985,1.3551664352416992,3.877406120300293,0.31608033180236816,4,3,3,1,3,1,0,0.0,0.19427341222763062,2,clean,0.0,-1,218,98,CORRECT,0,0,0,0,0,0,0.0,0.0,answer,
margin,live-delta,3,0.0,0.244356,0.607198,5.7e-05,0.980469,0.466277,0.616277,0.12949895858764648,0.6797758340835571,0.5502768754959106,0.48130854964256287,1.6181905269622803,0.8866637945175171,5,3,3,1,3,1,0,0.0,0.3595513105392456,2,clean,0.0,-1,219,100,CORRECT,0,0,0,0,0,0,0.0,0.0,answer,
margin,live-delta,3,0.0,0.244356,0.607198,5.7e-05,0.980469,0.466277,0.616277,0.06679219007492065,0.5910822153091431,0.5242900252342224,1.659691333770752,5.257687568664551,0.4827601909637451,8,3,3,1,3,1,0,0.0,0.2517186403274536,2,clean,0.0,-1,220,96,CORRECT,0,0,0,0,0,0,0.0,0.0,answer,
margin,live-delta,3,0.0,0.244356,0.607198,5.7e-05,0.980469,0.466277,0.616277,0.01146090030670166,0.6261302828788757,0.6146693825721741,1.7643245458602905,5.83762788772583,0.30648717284202576,9,3,3,1,3,1,0,0.0,0.21545302867889404,2,clean,0.0,-1,224,112,CORRECT,0,0,0,0,0,0,0.0,0.0,answer,
margin,live-delta,3,0.0,0.244356,0.607198,5.7e-05,0.980469,0.466277,0.616277,0.004072070121765137,0.5881993770599365,0.5841273069381714,2.1805710792541504,8.851359367370605,0.19593437016010284,11,3,3,1,3,1,0,0.0,0.18485039472579956,2,clean,0.0,-1,225,110,CORRECT,0,0,0,0,0,0,0.0,0.0,answer,
margin,live-delta,3,0.0,0.244356,0.607198,5.7e-05,0.980469,0.466277,0.616277,0.03309154510498047,0.5609841346740723,0.5278925895690918,0.6412531137466431,1.898858904838562,0.6596715450286865,2,3,3,1,3,1,0,0.0,0.20335319638252258,2,clean,0.0,-1,226,108,CORRECT,0,0,0,0,0,0,0.0,0.0,answer,
margin,live-delta,3,0.0,0.244356,0.607198,5.7e-05,0.980469,0.466277,0.616277,0.037726402282714844,0.5063289403915405,0.4686025381088257,0.6267454028129578,1.8715096712112427,0.6801645159721375,2,3,3,1,3,1,0,0.0,0.15563541650772095,2,clean,0.0,-1,227,126,CORRECT,0,0,0,0,0,0,0.0,0.0,answer,
margin,live-delta,3,0.0,0.244356,0.607198,5.7e-05,0.980469,0.466277,0.616277,0.012221962213516235,0.47681495547294617,0.46459299325942993,-0.0,1.0,1.0,1,3,3,1,3,1,0,0.0,0.13924476504325867,2,clean,0.0,-1,231,104,CORRECT,0,0,0,0,0,0,0.0,0.0,answer,
margin,live-delta,3,0.0,0.244356,0.607198,5.7e-05,0.980469,0.466277,0.616277,0.029977619647979736,0.47079384326934814,0.4408162236213684,-0.0,1.0,1.0,1,3,3,1,3,1,0,0.0,0.23236018419265747,2,clean,0.0,-1,232,98,CORRECT,0,0,0,0,0,0,0.0,0.0,answer,
margin,live-delta,3,0.0,0.244356,0.607198,5.7e-05,0.980469,0.466277,0.616277,0.004300862550735474,0.4803829491138458,0.47608208656311035,0.6922231912612915,1.9981528520584106,0.5214909315109253,2,3,3,1,3,1,0,0.0,0.1727493703365326,2,clean,0.0,-1,233,98,CORRECT,0,0,0,0,0,0,0.0,0.0,answer,
margin,live-delta,3,0.0,0.244356,0.607198,5.7e-05,0.980469,0.466277,0.616277,0.03754919767379761,0.5242900252342224,0.4867408275604248,0.6273261308670044,1.8725967407226562,0.6793931126594543,2,3,3,1,3,1,0,0.0,0.24334800243377686,2,clean,0.0,-1,235,110,CORRECT,0,0,0,0,0,0,0.0,0.0,answer,
margin,live-delta,3,0.0,0.244356,0.607198,5.7e-05,0.980469,0.466277,0.616277,0.017941057682037354,0.4855964779853821,0.4676554203033447,0.6773084998130798,1.9685721397399902,0.5887549519538879,2,3,3,1,3,1,0,0.0,0.17962372303009033,2,clean,0.0,-1,236,108,CORRECT,0,0,0,0,0,0,0.0,0.0,answer,
margin,live-delta,3,0.0,0.244356,0.607198,5.7e-05,0.980469,0.466277,0.616277,0.004896998405456543,0.509640097618103,0.5047430992126465,0.6919496059417725,1.9976062774658203,0.5244653224945068,2,3,3,1,3,1,0,0.0,0.17720720171928406,2,clean,0.0,-1,238,115,CORRECT,0,0,0,0,0,0,0.0,0.0,answer,
margin,live-delta,3,0.0,0.244356,0.607198,5.7e-05,0.980469,0.466277,0.616277,0.04566854238510132,0.5717487931251526,0.5260802507400513,1.2074474096298218,3.344935417175293,0.5206905603408813,4,3,3,1,3,1,0,0.0,0.27459055185317993,2,clean,0.0,-1,239,110,CORRECT,0,0,0,0,0,0,0.0,0.0,answer,
margin,live-delta,3,0.0,0.244356,0.607198,5.7e-05,0.980469,0.466277,0.616277,0.0239027738571167,0.4795359671115875,0.4556331932544708,-0.0,1.0,1.0,1,3,3,1,3,1,0,0.0,0.08667504787445068,2,clean,0.0,-1,242,114,CORRECT,0,0,0,0,0,0,0.0,0.0,answer,
margin,live-delta,3,0.0,0.244356,0.607198,5.7e-05,0.980469,0.466277,0.616277,0.016660213470458984,0.6470491886138916,0.6303889751434326,2.0216286182403564,7.550611972808838,0.29967594146728516,11,3,3,1,3,1,0,0.011956256814301014,0.16107234358787537,2,clean,0.0,-1,243,96,CORRECT,0,0,0,0,0,0,0.0,0.0,answer,
margin,live-delta,3,0.0,0.244356,0.607198,5.7e-05,0.980469,0.466277,0.616277,0.05257701873779297,0.6573766469955444,0.6047996282577515,1.6723682880401611,5.324763298034668,0.49929380416870117,11,3,3,1,3,1,0,0.0,0.2856913208961487,2,clean,0.0,-1,244,100,CORRECT,0,0,0,0,0,0,0.0,0.0,answer,
margin,live-delta,3,0.0,0.244356,0.607198,5.7e-05,0.980469,0.466277,0.616277,0.05133938789367676,0.4852619171142578,0.43392252922058105,-0.0,1.0,1.0,1,3,3,1,3,1,0,0.0,0.11322644352912903,2,clean,0.0,-1,246,98,CORRECT,0,0,0,0,0,0,0.0,0.0,answer,
margin,live-delta,3,0.0,0.244356,0.607198,5.7e-05,0.980469,0.466277,0.616277,0.07415032386779785,0.7413268089294434,0.6671764850616455,1.0889414548873901,2.9711272716522217,0.6762465834617615,9,3,3,1,3,1,0,0.0,0.3865586519241333,2,clean,0.0,-1,248,110,CORRECT,0,0,0,0,0,0,0.0,0.0,answer,
margin,live-delta,3,0.0,0.244356,0.607198,5.7e-05,0.980469,0.466277,0.616277,0.1013302206993103,0.4877285957336426,0.3863983750343323,-0.0,1.0,1.0,1,3,3,1,3,1,0,0.0,0.16303473711013794,2,clean,0.0,-1,250,114,CORRECT,0,0,0,0,0,0,0.0,0.0,answer,
margin,live-delta,3,0.0,0.244356,0.607198,5.7e-05,0.980469,0.466277,0.616277,0.021122872829437256,0.5811411738395691,0.5600183010101318,2.09708833694458,8.142427444458008,0.23062185943126678,10,3,3,1,3,1,0,0.0,0.13164237141609192,2,clean,0.0,-1,253,110,CORRECT,0,0,0,0,0,0,0.0,0.0,answer,
margin,live-delta,3,0.0,0.244356,0.607198,5.7e-05,0.980469,0.466277,0.616277,0.10018813610076904,0.6796610355377197,0.5794728994369507,1.2663002014160156,3.5477025508880615,0.6495617032051086,8,3,3,1,3,1,0,0.0,0.26146480441093445,2,clean,0.0,-1,254,115,CORRECT,0,0,0,0,0,0,0.0,0.0,answer,
margin,live-delta,3,0.0,0.244356,0.607198,5.7e-05,0.980469,0.466277,0.616277,0.08388504385948181,0.5746854543685913,0.4908004105091095,0.4353334903717041,1.545478343963623,0.8425998091697693,2,3,3,1,3,1,0,0.0,0.26444941759109497,2,clean,0.0,-1,255,104,CORRECT,0,0,0,0,0,0,0.0,0.0,answer,
margin,live-delta,4,0.0,0.244356,0.607198,5.7e-05,0.980469,0.466277,0.616277,0.008692145347595215,0.6145343780517578,0.6058422327041626,2.4878780841827393,12.035710334777832,0.1735929250717163,16,0,0,1,0,1,0,0.0,0.48662111163139343,2,clean,0.0,-1,0,29,CORRECT,0,0,0,0,0,0,0.0,0.0,answer,
margin,live-delta,4,0.0,0.244356,0.607198,5.7e-05,0.980469,0.466277,0.616277,0.002864539623260498,0.7485058903694153,0.7456413507461548,2.406562566757202,11.095754623413086,0.19970422983169556,20,0,0,1,0,1,0,0.0,0.5389264225959778,2,clean,0.0,-1,1,29,CORRECT,0,0,0,0,0,0,0.0,0.0,answer,
margin,live-delta,4,0.0,0.244356,0.607198,5.7e-05,0.980469,0.466277,0.616277,0.03562748432159424,0.8512296676635742,0.81560218334198,1.8628650903701782,6.44216775894165,0.437677800655365,20,0,0,1,0,1,0,0.0,0.613601803779602,2,clean,0.0,-1,2,0,CORRECT,0,0,0,0,0,0,0.0,0.0,answer,
margin,live-delta,4,0.0,0.244356,0.607198,5.7e-05,0.980469,0.466277,0.616277,0.06120377779006958,0.8351686596870422,0.7739648818969727,2.109811305999756,8.246685028076172,0.39704185724258423,20,0,0,1,0,1,0,0.0,0.6275011301040649,2,clean,0.0,-1,3,27,CORRECT,0,0,0,0,0,0,0.0,0.0,answer,
margin,live-delta,4,0.0,0.244356,0.607198,5.7e-05,0.980469,0.466277,0.616277,0.06320923566818237,0.6585389971733093,0.595329761505127,1.3653671741485596,3.917160987854004,0.5692832469940186,7,0,0,1,0,1,0,0.0,0.5165534019470215,2,clean,0.0,-1,4,12,CORRECT,0,0,0,0,0,0,0.0,0.0,answer,
margin,live-delta,4,0.0,0.244356,0.607198,5.7e-05,0.980469,0.466277,0.616277,0.01838463544845581,0.8731691241264343,0.8547844886779785,2.0343306064605713,7.647131443023682,0.3304731547832489,20,0,0,1,0,1,0,0.0,0.6164111495018005,2,clean,0.0,-1,5,27,CORRECT,0,0,0,0,0,0,0.0,0.0,answer,
margin,live-delta,4,0.0,0.244356,0.607198,5.7e-05,0.980469,0.466277,0.616277,0.024461090564727783,0.8591064214706421,0.8346453309059143,2.0839645862579346,8.036266326904297,0.31034284830093384,20,0,0,1,0,1,0,0.0,0.5630691647529602,2,clean,0.0,-1,6,0,CORRECT,0,0,0,0,0,0,0.0,0.0,answer,
margin,live-delta,4,0.0,0.244356,0.607198,5.7e-05,0.980469,0.466277,0.616277,0.01217198371887207,0.7492260336875916,0.7370540499687195,1.5021567344665527,4.491365432739258,0.3474813997745514,7,0,0,1,0,1,0,0.0,0.639962911605835,2,clean,0.0,-1,7,12,CORRECT,0,0,0,0,0,0,0.0,0.0,answer,
margin,live-delta,4,0.0,0.244356,0.607198,5.7e-05,0.980469,0.466277,0.616277,0.0574725866317749,0.8665192127227783,0.8090466260910034,1.768878698348999,5.864274024963379,0.46956494450569153,20,0,0,1,0,1,0,0.0,0.5741294622421265,2,clean,0.0,-1,8,19,CORRECT,0,0,0,0,0,0,0.0,0.0,answer,
margin,live-delta,4,0.0,0.244356,0.607198,5.7e-05,0.980469,0.466277,0.616277,0.02331995964050293,0.6571364402770996,0.6338164806365967,1.8307143449783325,6.238341331481934,0.389030396938324,13,0,0,1,0,1,0,0.0,0.32575005292892456,2,clean,0.0,-1,9,2,CORRECT,0,0,0,0,0,0,0.0,0.0,answer,
margin,live-delta,4,0.0,0.244356,0.607198,5.7e-05,0.980469,0.466277,0.616277,0.010274708271026611,0.8123652935028076,0.802090585231781,2.2328696250915527,9.326591491699219,0.24554862082004547,20,0,0,1,0,1,0,0.0,0.6101858019828796,2,clean,0.0,-1,10,27,CORRECT,0,0,0,0,0,0,0.0,0.0,answer,
margin,live-delta,4,0.0,0.244356,0.607198,5.7e-05,0.980469,0.466277,0.616277,0.0263330340385437,0.7415318489074707,0.715198814868927,2.523719310760498,12.474908828735352,0.197550967335701,20,0,0,1,0,1,0,0.0,0.41163015365600586,2,clean,0.0,-1,11,19,CORRECT,0,0,0,0,0,0,0.0,0.0,answer,
margin,live-delta,4,0.0,0.244356,0.607198,5.7e-05,0.980469,0.466277,0.616277,0.053028225898742676,0.6884907484054565,0.6354625225067139,1.888684630393982,6.610667705535889,0.44716835021972656,15,0,0,1,0,1,0,0.0,0.27818992733955383,2,clean,0.0,-1,12,28,CORRECT,0,0,0,0,0,0,0.0,0.0,answer,
margin,live-delta,4,0.0,0.244356,0.607198,5.7e-05,0.980469,0.466277,0.616277,0.03296172618865967,0.8734875321388245,0.8405258059501648,1.9558680057525635,7.0700531005859375,0.34270551800727844,20,0,0,1,0,1,0,0.0,0.5720294713973999,2,clean,0.0,-1,13,19,CORRECT,0,0,0,0,0,0,0.0,0.0,answer,
margin,live-delta,4,0.0,0.244356,0.607198,5.7e-05,0.980469,0.466277,0.616277,0.04973268508911133,0.6596090793609619,0.6098763942718506,2.256545066833496,9.550037384033203,0.349910169839859,18,0,0,1,0,1,0,0.0,0.376028835773468,2,clean,0.0,-1,14,14,CORRECT,0,0,0,0,0,0,0.0,0.0,answer,
margin,live-delta,4,0.0,0.244356,0.607198,5.7e-05,0.980469,0.466277,0.616277,0.059464991092681885,0.8609749674797058,0.8015099763870239,2.2850558757781982,9.826234817504883,0.3320564925670624,20,0,0,1,0,1,0,0.0,0.6294852495193481,2,clean,0.0,-1,15,0,CORRECT,0,0,0,0,0,0,0.0,0.0,answer,
margin,live-delta,4,0.0,0.244356,0.607198,5.7e-05,0.980469,0.466277,0.616277,0.03566533327102661,0.8514373302459717,0.8157719969749451,1.8758732080459595,6.526515483856201,0.3923010230064392,20,0,0,1,0,1,0,0.0,0.6156409978866577,2,clean,0.0,-1,16,0,CORRECT,0,0,0,0,0,0,0.0,0.0,answer,
margin,live-delta,4,0.0,0.244356,0.607198,5.7e-05,0.980469,0.466277,0.616277,0.0259246826171875,0.817624568939209,0.7916998863220215,2.0725443363189697,7.945012092590332,0.3371545076370239,20,0,0,1,0,1,0,0.0,0.615166425704956,2,clean,0.0,-1,17,0,CORRECT,0,0,0,0,0,0,0.0,0.0,answer,
margin,live-delta,4,0.0,0.244356,0.607198,5.7e-05,0.980469,0.466277,0.616277,0.01809978485107422,0.7281592488288879,0.7100594639778137,2.3283562660217285,10.261061668395996,0.26296719908714294,19,0,0,1,0,1,0,0.0,0.5232799649238586,2,clean,0.0,-1,18,11,CORRECT,0,0,0,0,0,0,0.0,0.0,answer,
margin,live-delta,4,0.0,0.244356,0.607198,5.7e-05,0.980469,0.466277,0.616277,0.056340694427490234,0.8419591784477234,0.7856184840202332,1.8564157485961914,6.400753498077393,0.4715288579463959,20,0,0,1,0,1,0,0.0,0.6057676076889038,2,clean,0.0,-1,19,0,CORRECT,0,0,0,0,0,0,0.0,0.0,answer,
margin,live-delta,4,0.0,0.244356,0.607198,5.7e-05,0.980469,0.466277,0.616277,0.10735994577407837,0.8890054225921631,0.7816454768180847,1.654344081878662,5.229648590087891,0.6039719581604004,20,0,0,1,0,1,0,0.0,0.7198744416236877,2,clean,0.0,-1,20,0,CORRECT,0,0,0,0,0,0,0.0,0.0,answer,
margin,live-delta,4,0.0,0.244356,0.607198,5.7e-05,0.980469,0.466277,0.616277,0.07574641704559326,0.8565751314163208,0.7808287143707275,1.6038110256195068,4.971944808959961,0.5907458066940308,20,0,0,1,0,1,0,0.0,0.6307447552680969,2,clean,0.0,-1,21,0,CORRECT,0,0,0,0,0,0,0.0,0.0,answer,
margin,live-delta,4,0.0,0.244356,0.607198,5.7e-05,0.980469,0.466277,0.616277,0.010011017322540283,0.609879732131958,0.5998687148094177,2.661395788192749,14.31625747680664,0.1477361023426056,19,0,0,1,0,1,0,0.0,0.39039385318756104,2,clean,0.0,-1,22,7,CORRECT,0,0,0,0,0,0,0.0,0.0,answer,
margin,live-delta,4,0.0,0.244356,0.607198,5.7e-05,0.980469,0.466277,0.616277,0.004011273384094238,0.6520997285842896,0.6480884552001953,2.446258783340454,11.545073509216309,0.1887655258178711,19,0,0,1,0,1,0,0.0,0.523506760597229,2,clean,0.0,-1,23,11,CORRECT,0,0,0,0,0,0,0.0,0.0,answer,
margin,live-delta,4,0.0,0.244356,0.607198,5.7e-05,0.980469,0.466277,0.616277,0.0026372671127319336,0.7925955057144165,0.7899582386016846,2.366831064224243,10.663546562194824,0.22386150062084198,20,0,0,1,0,1,0,0.0,0.5823259949684143,2,clean,0.0,-1,24,22,CORRECT,0,0,0,0,0,0,0.0,0.0,answer,
margin,live-delta,4,0.0,0.244356,0.607198,5.7e-05,0.980469,0.466277,0.616277,0.3059971034526825,0.6070910692214966,0.3010939657688141,-0.0,1.0,1.0,1,0,0,1,0,1,0,0.0,0.35750406980514526,2,clean,0.0,-1,25,30,CORRECT,0,0,0,0,0,0,0.0,0.0,answer,
margin,live-delta,4,0.0,0.244356,0.607198,5.7e-05,0.980469,0.466277,0.616277,0.021011531352996826,0.6684602499008179,0.647448718547821,2.0992791652679443,8.160285949707031,0.3467082679271698,15,0,0,1,0,1,0,0.0,0.47889745235443115,2,clean,0.0,-1,26,20,CORRECT,0,0,0,0,0,0,0.0,0.0,answer,
margin,live-delta,4,0.0,0.244356,0.607198,5.7e-05,0.980469,0.466277,0.616277,0.009212374687194824,0.7741955518722534,0.7649831771850586,2.2408275604248047,9.401107788085938,0.24142929911613464,20,0,0,1,0,1,0,0.0,0.5331166982650757,2,clean,0.0,-1,27,27,CORRECT,0,0,0,0,0,0,0.0,0.0,answer,
margin,live-delta,4,0.0,0.244356,0.607198,5.7e-05,0.980469,0.466277,0.616277,0.027210235595703125,0.8135794401168823,0.7863692045211792,1.9127768278121948,6.771866798400879,0.37401944398880005,20,0,0,1,0,1,0,0.0,0.6232535243034363,2,clean,0.0,-1,28,19,CORRECT,0,0,0,0,0,0,0.0,0.0,answer,
margin,live-delta,4,0.0,0.244356,0.607198,5.7e-05,0.980469,0.466277,0.616277,0.009036123752593994,0.7184197306632996,0.7093836069107056,2.036456346511841,7.66340446472168,0.33035457134246826,18,0,0,1,0,1,0,0.0,0.5991634130477905,2,clean,0.0,-1,29,7,CORRECT,0,0,0,0,0,0,0.0,0.0,answer,
margin,live-delta,4,0.0,0.244356,0.607198,5.7e-05,0.980469,0.466277,0.616277,0.01577126979827881,0.8026509284973145,0.7868796586990356,2.3519437313079834,10.50597095489502,0.24932830035686493,20,0,0,1,0,1,0,0.0,0.6467174291610718,2,clean,0.0,-1,30,22,CORRECT,0,0,0,0,0,0,0.0,0.0,answer,
margin,live-delta,4,0.0,0.244356,0.607198,5.7e-05,0.980469,0.466277,0.616277,0.11953634023666382,0.8753258585929871,0.7557895183563232,1.3980088233947754,4.047133445739746,0.6851340532302856,20,0,0,1,0,1,0,0.0,0.6159409284591675,2,clean,0.0,-1,31,0,CORRECT,0,0,0,0,0,0,0.0,0.0,answer,
margin,live-delta,4,0.0,0.244356,0.607198,5.7e-05,0.980469,0.466277,0.616277,0.2579633593559265,0.6663253307342529,0.4083619713783264,-0.0,1.0,1.0,1,0,0,1,0,1,0,0.0,0.4054147005081177,2,clean,0.0,-1,32,30,CORRECT,0,0,0,0,0,0,0.0,0.0,answer,
margin,live-delta,4,0.0,0.244356,0.607198,5.7e-05,0.980469,0.466277,0.616277,0.00027108192443847656,0.8409632444381714,0.8406921625137329,2.2232730388641357,9.237516403198242,0.23702208697795868,20,0,0,1,0,1,0,0.0,0.6162108182907104,2,clean,0.0,-1,33,27,CORRECT,0,0,0,0,0,0,0.0,0.0,answer,
margin,live-delta,4,0.0,0.244356,0.607198,5.7e-05,0.980469,0.466277,0.616277,0.07880854606628418,0.8197683095932007,0.7409597635269165,1.3303163051605225,3.7822394371032715,0.5591570138931274,6,0,0,1,0,1,0,0.0,0.7087355256080627,2,clean,0.0,-1,34,26,CORRECT,0,0,0,0,0,0,0.0,0.0,answer,
margin,live-delta,4,0.0,0.244356,0.607198,5.7e-05,0.980469,0.466277,0.616277,0.06488156318664551,0.8260010480880737,0.7611194849014282,1.1787643432617188,3.2503554821014404,0.5940961241722107,6,0,0,1,0,1,0,0.0,0.7347782254219055,2,clean,0.0,-1,35,26,CORRECT,0,0,0,0,0,0,0.0,0.0,answer,
margin,live-delta,4,0.0,0.244356,0.607198,5.7e-05,0.980469,0.466277,0.616277,0.01791250705718994,0.6625928282737732,0.6446803212165833,2.5377726554870605,12.651460647583008,0.1929238885641098,19,0,0,1,0,1,0,0.0,0.523886501789093,2,clean,0.0,-1,36,31,CORRECT,0,0,0,0,0,0,0.0,0.0,answer,
margin,live-delta,4,0.0,0.244356,0.607198,5.7e-05,0.980469,0.466277,0.616277,0.00014674663543701172,0.7378839254379272,0.7377371788024902,2.4393093585968018,11.465119361877441,0.20830827951431274,20,0,0,1,0,1,0,0.0,0.453913152217865,2,clean,0.0,-1,37,3,CORRECT,0,0,0,0,0,0,0.0,0.0,answer,
margin,live-delta,4,0.0,0.244356,0.607198,5.7e-05,0.980469,0.466277,0.616277,0.06540250778198242,0.8352208137512207,0.7698183059692383,1.9166908264160156,6.798424243927002,0.45502015948295593,18,0,0,1,0,1,0,0.0,0.525200366973877,2,clean,0.0,-1,39,19,CORRECT,0,0,0,0,0,0,0.0,0.0,answer,
margin,live-delta,4,0.0,0.244356,0.607198,5.7e-05,0.980469,0.466277,0.616277,8.213520050048828e-05,0.6722115278244019,0.6721293926239014,2.5988857746124268,13.448744773864746,0.13513359427452087,19,0,0,1,0,1,0,0.0,0.5113608837127686,2,clean,0.0,-1,40,1,CORRECT,0,0,0,0,0,0,0.0,0.0,answer,
margin,live-delta,4,0.0,0.244356,0.607198,5.7e-05,0.980469,0.466277,0.616277,0.021424174308776855,0.8092004060745239,0.7877762317657471,1.8422305583953857,6.310598850250244,0.3710879683494568,19,0,0,1,0,1,0,0.0,0.6027906537055969,2,clean,0.0,-1,41,2,CORRECT,0,0,0,0,0,0,0.0,0.0,answer,
margin,live-delta,4,0.0,0.244356,0.607198,5.7e-05,0.980469,0.466277,0.616277,0.014770090579986572,0.6550374627113342,0.6402673721313477,2.3951516151428223,10.969861030578613,0.2125970423221588,17,0,0,1,0,1,0,0.0,0.5561074614524841,2,clean,0.0,-1,42,18,CORRECT,0,0,0,0,0,0,0.0,0.0,answer,
margin,live-delta,4,0.0,0.244356,0.607198,5.7e-05,0.980469,0.466277,0.616277,0.0036307573318481445,0.8091407418251038,0.8055099844932556,2.218207359313965,9.190839767456055,0.24903666973114014,20,0,0,1,0,1,0,0.0,0.5742166042327881,2,clean,0.0,-1,43,22,CORRECT,0,0,0,0,0,0,0.0,0.0,answer,
margin,live-delta,4,0.0,0.244356,0.607198,5.7e-05,0.980469,0.466277,0.616277,0.007630765438079834,0.6590110659599304,0.6513803005218506,2.559352159500122,12.92743968963623,0.15378409624099731,18,0,0,1,0,1,0,0.0,0.4933120012283325,2,clean,0.0,-1,44,29,CORRECT,0,0,0,0,0,0,0.0,0.0,answer,
margin,live-delta,4,0.0,0.244356,0.607198,5.7e-05,0.980469,0.466277,0.616277,0.018065690994262695,0.7802423238754272,0.7621766328811646,2.3016512393951416,9.990665435791016,0.24524210393428802,20,0,0,1,0,1,0,0.0,0.5786288976669312,2,clean,0.0,-1,45,0,CORRECT,0,0,0,0,0,0,0.0,0.0,answer,
margin,live-delta,4,0.0,0.244356,0.607198,5.7e-05,0.980469,0.466277,0.616277,0.13380369544029236,0.615119457244873,0.4813157618045807,0.23890648782253265,1.269859790802002,0.9355999827384949,2,0,0,1,0,1,0,0.0,0.2942866384983063,2,clean,0.0,-1,46,6,CORRECT,0,0,0,0,0,0,0.0,0.0,answer,
margin,live-delta,4,0.0,0.244356,0.607198,5.7e-05,0.980469,0.466277,0.616277,0.014446496963500977,0.7987375259399414,0.7842910289764404,1.7550482749938965,5.783727169036865,0.37430909276008606,20,0,0,1,0,1,0,0.0,0.5803588032722473,2,clean,0.0,-1,47,9,CORRECT,0,0,0,0,0,0,0.0,0.0,answer,
margin,live-delta,4,0.0,0.244356,0.607198,5.7e-05,0.980469,0.466277,0.616277,0.04508107900619507,0.542166531085968,0.49708545207977295,1.221544623374939,3.392423629760742,0.5084954500198364,4,0,0,1,0,1,0,0.0,0.3024407625198364,2,clean,0.0,-1,48,10,CORRECT,0,0,0,0,0,0,0.0,0.0,answer,
margin,live-delta,4,0.0,0.244356,0.607198,5.7e-05,0.980469,0.466277,0.616277,0.015541672706604004,0.6601847410202026,0.6446430683135986,1.785942554473877,5.965199947357178,0.31330162286758423,8,0,0,1,0,1,0,0.0,0.5240664482116699,2,clean,0.0,-1,50,12,CORRECT,0,0,0,0,0,0,0.0,0.0,answer,
margin,live-delta,4,0.0,0.244356,0.607198,5.7e-05,0.980469,0.466277,0.616277,0.09869396686553955,0.8877891302108765,0.7890951633453369,1.5895107984542847,4.901350498199463,0.6128032207489014,20,0,0,1,0,1,0,0.0,0.6858367323875427,2,clean,0.0,-1,51,0,CORRECT,0,0,0,0,0,0,0.0,0.0,answer,
margin,live-delta,4,0.0,0.244356,0.607198,5.7e-05,0.980469,0.466277,0.616277,0.07959491014480591,0.835240364074707,0.7556454539299011,2.0745296478271484,7.960801124572754,0.4464603066444397,20,0,0,1,0,1,0,0.0,0.6948240995407104,2,clean,0.0,-1,52,22,CORRECT,0,0,0,0,0,0,0.0,0.0,answer,
margin,live-delta,4,0.0,0.244356,0.607198,5.7e-05,0.980469,0.466277,0.616277,0.04038846492767334,0.7718725204467773,0.731484055519104,1.4142096042633057,4.113234043121338,0.46398523449897766,7,0,0,1,0,1,0,0.0,0.6465674638748169,2,clean,0.0,-1,53,26,CORRECT,0,0,0,0,0,0,0.0,0.0,answer,
margin,live-delta,4,0.0,0.244356,0.607198,5.7e-05,0.980469,0.466277,0.616277,0.021745800971984863,0.7166833877563477,0.6949375867843628,1.9931995868682861,7.338977813720703,0.38795801997184753,20,0,0,1,0,1,0,0.0,0.5401468873023987,2,clean,0.0,-1,56,11,CORRECT,0,0,0,0,0,0,0.0,0.0,answer,
margin,live-delta,4,0.0,0.244356,0.607198,5.7e-05,0.980469,0.466277,0.616277,0.030704915523529053,0.7882815599441528,0.7575766444206238,1.7928885221481323,6.006778240203857,0.4267408549785614,19,0,0,1,0,1,0,0.0,0.4446962773799896,2,clean,0.0,-1,57,21,CORRECT,0,0,0,0,0,0,0.0,0.0,answer,
margin,live-delta,4,0.0,0.244356,0.607198,5.7e-05,0.980469,0.466277,0.616277,0.02657550573348999,0.8341991901397705,0.8076236844062805,2.004579782485962,7.422974109649658,0.35644713044166565,20,0,0,1,0,1,0,0.0,0.6128807067871094,2,clean,0.0,-1,58,0,CORRECT,0,0,0,0,0,0,0.0,0.0,answer,
margin,live-delta,4,0.0,0.244356,0.607198,5.7e-05,0.980469,0.466277,0.616277,0.003304004669189453,0.677891731262207,0.6745877265930176,2.606302499771118,13.548861503601074,0.1863083690404892,20,0,0,1,0,1,0,0.0,0.48026907444000244,2,clean,0.0,-1,59,14,CORRECT,0,0,0,0,0,0,0.0,0.0,answer,
margin,live-delta,4,0.0,0.244356,0.607198,5.7e-05,0.980469,0.466277,0.616277,0.06265604496002197,0.8349859714508057,0.7723299264907837,1.7187001705169678,5.577274322509766,0.5307914614677429,20,0,0,1,0,1,0,0.0,0.6107056736946106,2,clean,0.0,-1,60,2,CORRECT,0,0,0,0,0,0,0.0,0.0,answer,
margin,live-delta,4,0.0,0.244356,0.607198,5.7e-05,0.980469,0.466277,0.616277,0.002447187900543213,0.8728757500648499,0.8704285621643066,1.7311381101608276,5.6470770835876465,0.3716391623020172,20,0,0,1,0,1,0,0.0,0.6611804962158203,2,clean,0.0,-1,61,0,CORRECT,0,0,0,0,0,0,0.0,0.0,answer,
margin,live-delta,4,0.0,0.244356,0.607198,5.7e-05,0.980469,0.466277,0.616277,0.0034145712852478027,0.5589209198951721,0.5555063486099243,2.3829386234283447,10.836701393127441,0.17335356771945953,13,0,0,1,0,1,0,0.0,0.3900502622127533,2,clean,0.0,-1,62,0,CORRECT,0,0,0,0,0,0,0.0,0.0,answer,
margin,live-delta,4,0.0,0.244356,0.607198,5.7e-05,0.980469,0.466277,0.616277,0.024738192558288574,0.6136946678161621,0.5889564752578735,2.2272839546203613,9.274641036987305,0.24552853405475616,13,0,0,1,0,1,0,0.0,0.309717059135437,2,clean,0.0,-1,63,3,CORRECT,0,0,0,0,0,0,0.0,0.0,answer,
margin,live-delta,4,0.0,0.244356,0.607198,5.7e-05,0.980469,0.466277,0.616277,0.09998571872711182,0.618600070476532,0.5186143517494202,1.090551733970642,2.9759154319763184,0.6926170587539673,6,1,1,1,1,1,0,0.0,0.40959230065345764,2,clean,0.0,-1,64,50,CORRECT,0,0,0,0,0,0,0.0,0.0,answer,
margin,live-delta,4,0.0,0.244356,0.607198,5.7e-05,0.980469,0.466277,0.616277,0.05121266841888428,0.7665919661521912,0.7153792977333069,1.7484828233718872,5.74587869644165,0.47212183475494385,15,1,1,1,1,1,0,0.0,0.40311747789382935,2,clean,0.0,-1,65,37,CORRECT,0,0,0,0,0,0,0.0,0.0,answer,
margin,live-delta,4,0.0,0.244356,0.607198,5.7e-05,0.980469,0.466277,0.616277,0.03203341364860535,0.5036468505859375,0.47161343693733215,0.644357442855835,1.9047627449035645,0.6549046635627747,2,1,1,1,1,1,0,0.0,0.337674081325531,2,clean,0.0,-1,66,35,CORRECT,0,0,0,0,0,0,0.0,0.0,answer,
margin,live-delta,4,0.0,0.244356,0.607198,5.7e-05,0.980469,0.466277,0.616277,0.10132157802581787,0.6654294729232788,0.5641078948974609,1.589150071144104,4.899582862854004,0.600055456161499,12,1,1,1,1,1,0,0.0,0.41640186309814453,2,clean,0.0,-1,67,47,CORRECT,0,0,0,0,0,0,0.0,0.0,answer,
margin,live-delta,4,0.0,0.244356,0.607198,5.7e-05,0.980469,0.466277,0.616277,0.05116629600524902,0.6455747485160828,0.5944084525108337,1.2960596084594727,3.6548666954040527,0.5464943051338196,7,1,1,1,1,1,0,0.0,0.4683803915977478,2,clean,0.0,-1,68,57,CORRECT,0,0,0,0,0,0,0.0,0.0,answer,
margin,live-delta,4,0.0,0.244356,0.607198,5.7e-05,0.980469,0.466277,0.616277,0.11027538776397705,0.6950936317443848,0.5848182439804077,0.7107840776443481,2.0355865955352783,0.8172983527183533,6,1,1,1,1,1,0,0.0,0.4552825391292572,2,clean,0.0,-1,69,36,CORRECT,0,0,0,0,0,0,0.0,0.0,answer,
margin,live-delta,4,0.0,0.244356,0.607198,5.7e-05,0.980469,0.466277,0.616277,0.07145816087722778,0.8408964276313782,0.7694382667541504,1.6646839380264282,5.284002780914307,0.505393385887146,16,1,1,1,1,1,0,0.0,0.40438294410705566,2,clean,0.0,-1,70,40,CORRECT,0,0,0,0,0,0,0.0,0.0,answer,
margin,live-delta,4,0.0,0.244356,0.607198,5.7e-05,0.980469,0.466277,0.616277,0.006285190582275391,0.5209206342697144,0.514635443687439,1.8887509107589722,6.611105442047119,0.21866096556186676,7,1,1,1,1,1,0,0.0,0.3271400034427643,2,clean,0.0,-1,71,47,CORRECT,0,0,0,0,0,0,0.0,0.0,answer,
margin,live-delta,4,0.0,0.244356,0.607198,5.7e-05,0.980469,0.466277,0.616277,0.1541154384613037,0.7070056200027466,0.5528901815414429,0.25915229320526123,1.2958310842514038,0.9408519864082336,3,1,1,1,1,1,0,0.0,0.5489740371704102,2,clean,0.0,-1,72,36,CORRECT,0,0,0,0,0,0,0.0,0.0,answer,
margin,live-delta,4,0.0,0.244356,0.607198,5.7e-05,0.980469,0.466277,0.616277,0.03657364845275879,0.7942038774490356,0.7576302289962769,1.9058846235275269,6.725354194641113,0.3367863893508911,15,1,1,1,1,1,0,0.0,0.42950505018234253,2,clean,0.0,-1,74,45,CORRECT,0,0,0,0,0,0,0.0,0.0,answer,
margin,live-delta,4,0.0,0.244356,0.607198,5.7e-05,0.980469,0.466277,0.616277,0.12161687016487122,0.4690021574497223,0.3473852872848511,-0.0,1.0,1.0,1,1,1,1,1,1,0,0.0,0.29065269231796265,2,clean,0.0,-1,75,44,CORRECT,0,0,0,0,0,0,0.0,0.0,answer,
margin,live-delta,4,0.0,0.244356,0.607198,5.7e-05,0.980469,0.466277,0.616277,0.03811115026473999,0.7916508913040161,0.7535397410392761,1.5426193475723267,4.676824569702148,0.4435966908931732,12,1,1,1,1,1,0,0.0,0.4099929630756378,2,clean,0.0,-1,77,60,CORRECT,0,0,0,0,0,0,0.0,0.0,answer,
margin,live-delta,4,0.0,0.244356,0.607198,5.7e-05,0.980469,0.466277,0.616277,0.027743279933929443,0.6010585427284241,0.5733152627944946,1.4160377979278564,4.120760917663574,0.46678048372268677,6,1,1,1,1,1,0,0.0,0.415357768535614,2,clean,0.0,-1,78,35,CORRECT,0,0,0,0,0,0,0.0,0.0,answer,
margin,live-delta,4,0.0,0.244356,0.607198,5.7e-05,0.980469,0.466277,0.616277,0.037351906299591064,0.5969131588935852,0.5595612525939941,1.4065840244293213,4.081987380981445,0.4622056484222412,6,1,1,1,1,1,0,0.0,0.421724796295166,2,clean,0.0,-1,79,47,CORRECT,0,0,0,0,0,0,0.0,0.0,answer,
margin,live-delta,4,0.0,0.244356,0.607198,5.7e-05,0.980469,0.466277,0.616277,0.2626209259033203,0.7004657983779907,0.4378448724746704,-0.0,1.0,1.0,1,1,1,1,1,1,0,0.0,0.508686363697052,2,clean,0.0,-1,81,44,CORRECT,0,0,0,0,0,0,0.0,0.0,answer,
margin,live-delta,4,0.0,0.244356,0.607198,5.7e-05,0.980469,0.466277,0.616277,0.002087831497192383,0.5332192182540894,0.531131386756897,1.879578948020935,6.550745964050293,0.2097821682691574,7,1,1,1,1,1,0,0.0,0.35299718379974365,2,clean,0.0,-1,82,52,CORRECT,0,0,0,0,0,0,0.0,0.0,answer,
margin,live-delta,4,0.0,0.244356,0.607198,5.7e-05,0.980469,0.466277,0.616277,0.02273687720298767,0.5098756551742554,0.4871387779712677,1.0672328472137451,2.9073233604431152,0.4528815448284149,3,1,1,1,1,1,0,0.0,0.33688005805015564,2,clean,0.0,-1,83,35,CORRECT,0,0,0,0,0,0,0.0,0.0,answer,
margin,live-delta,4,0.0,0.244356,0.607198,5.7e-05,0.980469,0.466277,0.616277,0.0005498528480529785,0.6723116040229797,0.6717617511749268,2.3331432342529297,10.310297966003418,0.1623452752828598,15,1,1,1,1,1,0,0.0,0.3700893819332123,2,clean,0.0,-1,84,40,CORRECT,0,0,0,0,0,0,0.0,0.0,answer,
margin,live-delta,4,0.0,0.244356,0.607198,5.7e-05,0.980469,0.466277,0.616277,0.02664715051651001,0.487519770860672,0.460872620344162,-0.0,1.0,1.0,1,1,1,1,1,1,0,0.0,0.24179601669311523,2,clean,0.0,-1,85,63,CORRECT,0,0,0,0,0,0,0.0,0.0,answer,
margin,live-delta,4,0.0,0.244356,0.607198,5.7e-05,0.980469,0.466277,0.616277,0.06783407926559448,0.6784102916717529,0.6105762124061584,1.8441320657730103,6.322609901428223,0.45953890681266785,13,1,1,1,1,1,0,0.0,0.36041104793548584,2,clean,0.0,-1,86,61,CORRECT,0,0,0,0,0,0,0.0,0.0,answer,
margin,live-delta,4,0.0,0.244356,0.607198,5.7e-05,0.980469,0.466277,0.616277,0.1254260540008545,0.5565441846847534,0.4311181306838989,-0.0,1.0,1.0,1,1,1,1,1,1,0,0.0,0.35206863284111023,2,clean,0.0,-1,87,63,CORRECT,0,0,0,0,0,0,0.0,0.0,answer,
margin,live-delta,4,0.0,0.244356,0.607198,5.7e-05,0.980469,0.466277,0.616277,0.0759202241897583,0.4897550344467163,0.413834810256958,-0.0,1.0,1.0,1,1,1,1,1,1,0,0.0,0.197681725025177,2,clean,0.0,-1,88,44,CORRECT,0,0,0,0,0,0,0.0,0.0,answer,
margin,live-delta,4,0.0,0.244356,0.607198,5.7e-05,0.980469,0.466277,0.616277,0.009209275245666504,0.5815664529800415,0.572357177734375,2.1523971557617188,8.605462074279785,0.23630297183990479,11,1,1,1,1,1,0,0.0,0.2658657729625702,2,clean,0.0,-1,89,50,CORRECT,0,0,0,0,0,0,0.0,0.0,answer,
margin,live-delta,4,0.0,0.244356,0.607198,5.7e-05,0.980469,0.466277,0.616277,0.026315629482269287,0.5693287253379822,0.5430130958557129,1.5898866653442383,4.90319299697876,0.3744606673717499,6,1,1,1,1,1,0,0.0,0.44232887029647827,2,clean,0.0,-1,90,59,CORRECT,0,0,0,0,0,0,0.0,0.0,answer,
margin,live-delta,4,0.0,0.244356,0.607198,5.7e-05,0.980469,0.466277,0.616277,0.08912777900695801,0.756209135055542,0.667081356048584,1.6893302202224731,5.415852069854736,0.5579541325569153,15,1,1,1,1,1,0,0.0,0.35234421491622925,2,clean,0.0,-1,91,40,CORRECT,0,0,0,0,0,0,0.0,0.0,answer,
margin,live-delta,4,0.0,0.244356,0.607198,5.7e-05,0.980469,0.466277,0.616277,0.008020877838134766,0.5828986763954163,0.5748777985572815,2.2008423805236816,9.03261947631836,0.23457404971122742,11,1,1,1,1,1,0,0.0,0.37079745531082153,2,clean,0.0,-1,93,38,CORRECT,0,0,0,0,0,0,0.0,0.0,answer,
margin,live-delta,4,0.0,0.244356,0.607198,5.7e-05,0.980469,0.466277,0.616277,0.03238600492477417,0.6400529742240906,0.6076669692993164,2.0842947959899902,8.038920402526855,0.3071781098842621,12,1,1,1,1,1,0,0.0,0.2573622465133667,2,clean,0.0,-1,94,60,CORRECT,0,0,0,0,0,0,0.0,0.0,answer,
margin,live-delta,4,0.0,0.244356,0.607198,5.7e-05,0.980469,0.466277,0.616277,0.06375056505203247,0.5301032066345215,0.466352641582489,0.5248762369155884,1.6902496814727783,0.7815993428230286,2,1,1,1,1,1,0,0.0,0.346439003944397,2,clean,0.0,-1,95,52,CORRECT,0,0,0,0,0,0,0.0,0.0,answer,
margin,live-delta,4,0.0,0.244356,0.607198,5.7e-05,0.980469,0.466277,0.616277,0.01938331127166748,0.5583243370056152,0.5389410257339478,1.2063450813293457,3.341250419616699,0.4621243476867676,4,1,1,1,1,1,0,0.0,0.3553626537322998,2,clean,0.0,-1,96,42,CORRECT,0,0,0,0,0,0,0.0,0.0,answer,
margin,live-delta,4,0.0,0.244356,0.607198,5.7e-05,0.980469,0.466277,0.616277,0.03714674711227417,0.624442458152771,0.5872957110404968,2.082209348678589,8.022172927856445,0.3359236717224121,12,1,1,1,1,1,0,0.0,0.39441344141960144,2,clean,0.0,-1,97,52,CORRECT,0,0,0,0,0,0,0.0,0.0,answer,
margin,live-delta,4,0.0,0.244356,0.607198,5.7e-05,0.980469,0.466277,0.616277,0.008182287216186523,0.710715115070343,0.7025328278541565,1.9646108150482178,7.132136344909668,0.24671868979930878,15,1,1,1,1,1,0,0.0,0.4413045346736908,2,clean,0.0,-1,98,32,CORRECT,0,0,0,0,0,0,0.0,0.0,answer,
margin,live-delta,4,0.0,0.244356,0.607198,5.7e-05,0.980469,0.466277,0.616277,0.07950395345687866,0.8086062073707581,0.7291022539138794,1.727082371711731,5.624220371246338,0.5324875712394714,17,1,1,1,1,1,0,0.0,0.39816349744796753,2,clean,0.0,-1,99,40,CORRECT,0,0,0,0,0,0,0.0,0.0,answer,
margin,live-delta,4,0.0,0.244356,0.607198,5.7e-05,0.980469,0.466277,0.616277,0.05860075354576111,0.5353360772132874,0.47673532366752625,0.5470012426376343,1.7280632257461548,0.7635090947151184,2,1,1,1,1,1,0,0.0,0.3425619602203369,2,clean,0.0,-1,100,57,CORRECT,0,0,0,0,0,0,0.0,0.0,answer,
margin,live-delta,4,0.0,0.244356,0.607198,5.7e-05,0.980469,0.466277,0.616277,0.021641671657562256,0.6355977058410645,0.6139560341835022,2.4214563369750977,11.262248992919922,0.23112753033638,16,1,1,1,1,1,0,0.0,0.4764178395271301,2,clean,0.0,-1,101,59,CORRECT,0,0,0,0,0,0,0.0,0.0,answer,
margin,live-delta,4,0.0,0.244356,0.607198,5.7e-05,0.980469,0.466277,0.616277,0.054714083671569824,0.5064904689788818,0.451776385307312,-0.0,1.0,1.0,1,1,1,1,1,1,0,0.0,0.2953105568885803,2,clean,0.0,-1,102,63,CORRECT,0,0,0,0,0,0,0.0,0.0,answer,
margin,live-delta,4,0.0,0.244356,0.607198,5.7e-05,0.980469,0.466277,0.616277,0.007851600646972656,0.5549097061157227,0.54705810546875,0.9500627517700195,2.585871934890747,0.48384636640548706,3,1,1,1,1,1,0,0.0,0.348261296749115,2,clean,0.0,-1,103,39,CORRECT,0,0,0,0,0,0,0.0,0.0,answer,
margin,live-delta,4,0.0,0.244356,0.607198,5.7e-05,0.980469,0.466277,0.616277,0.0412028431892395,0.5383107662200928,0.49710792303085327,1.2734624147415161,3.5732030868530273,0.46618518233299255,4,1,1,1,1,1,0,0.0,0.16544708609580994,2,clean,0.0,-1,105,41,CORRECT,0,0,0,0,0,0,0.0,0.0,answer,
margin,live-delta,4,0.0,0.244356,0.607198,5.7e-05,0.980469,0.466277,0.616277,0.06919336318969727,0.8411480188369751,0.7719546556472778,1.6193878650665283,5.0499982833862305,0.5550135374069214,18,1,1,1,1,1,0,0.0,0.46236059069633484,2,clean,0.0,-1,106,40,CORRECT,0,0,0,0,0,0,0.0,0.0,answer,
margin,live-delta,4,0.0,0.244356,0.607198,5.7e-05,0.980469,0.466277,0.616277,0.0112648606300354,0.5574491620063782,0.5461843013763428,2.1453616619110107,8.54513168334961,0.22670850157737732,10,1,1,1,1,1,0,0.0,0.3906744420528412,2,clean,0.0,-1,107,51,CORRECT,0,0,0,0,0,0,0.0,0.0,answer,
margin,live-delta,4,0.0,0.244356,0.607198,5.7e-05,0.980469,0.466277,0.616277,0.03881198167800903,0.5745145082473755,0.5357025265693665,1.5413742065429688,4.671004772186279,0.4340221881866455,6,1,1,1,1,1,0,0.0,0.42668288946151733,2,clean,0.0,-1,109,38,CORRECT,0,0,0,0,0,0,0.0,0.0,answer,
margin,live-delta,4,0.0,0.244356,0.607198,5.7e-05,0.980469,0.466277,0.616277,0.013598799705505371,0.6043965816497803,0.5907977819442749,2.234657049179077,9.343276977539062,0.19502900540828705,13,1,1,1,1,1,0,0.0,0.2900141477584839,2,clean,0.0,-1,110,51,CORRECT,0,0,0,0,0,0,0.0,0.0,answer,
margin,live-delta,4,0.0,0.244356,0.607198,5.7e-05,0.980469,0.466277,0.616277,0.05629462003707886,0.47336429357528687,0.417069673538208,-0.0,1.0,1.0,1,1,1,1,1,1,0,0.0,0.16464796662330627,2,clean,0.0,-1,111,59,CORRECT,0,0,0,0,0,0,0.0,0.0,answer,
margin,live-delta,4,0.0,0.244356,0.607198,5.7e-05,0.980469,0.466277,0.616277,0.005659312009811401,0.4965621531009674,0.490902841091156,1.3755953311920166,3.9574320316314697,0.29926928877830505,4,1,1,1,1,1,0,0.0,0.1582716405391693,2,clean,0.0,-1,112,63,CORRECT,0,0,0,0,0,0,0.0,0.0,answer,
margin,live-delta,4,0.0,0.244356,0.607198,5.7e-05,0.980469,0.466277,0.616277,0.03795003890991211,0.5386905670166016,0.5007405281066895,0.6260095834732056,1.8701330423355103,0.6811367869377136,2,1,1,1,1,1,0,0.0,0.34128454327583313,2,clean,0.0,-1,113,36,CORRECT,0,0,0,0,0,0,0.0,0.0,answer,
margin,live-delta,4,0.0,0.244356,0.607198,5.7e-05,0.980469,0.466277,0.616277,0.0009084939956665039,0.5301651954650879,0.5292567014694214,1.3083757162094116,3.7001585960388184,0.31801289319992065,4,1,1,1,1,1,0,0.0,0.2635127902030945,2,clean,0.0,-1,115,62,CORRECT,0,0,0,0,0,0,0.0,0.0,answer,
margin,live-delta,4,0.0,0.244356,0.607198,5.7e-05,0.980469,0.466277,0.616277,0.005991756916046143,0.6308895349502563,0.6248977780342102,2.041196823120117,7.699819087982178,0.2383880913257599,14,1,1,1,1,1,0,0.0,0.4562114477157593,2,clean,0.0,-1,116,38,CORRECT,0,0,0,0,0,0,0.0,0.0,answer,
margin,live-delta,4,0.0,0.244356,0.607198,5.7e-05,0.980469,0.466277,0.616277,0.08642899990081787,0.6468977928161621,0.5604687929153442,1.4230724573135376,4.149851322174072,0.5965681672096252,8,1,1,1,1,1,0,0.0,0.3993479609489441,2,clean,0.0,-1,117,42,CORRECT,0,0,0,0,0,0,0.0,0.0,answer,
margin,live-delta,4,0.0,0.244356,0.607198,5.7e-05,0.980469,0.466277,0.616277,0.06817120313644409,0.7197924852371216,0.6516212821006775,1.7145893573760986,5.554394245147705,0.5323235988616943,15,1,1,1,1,1,0,0.0,0.3329954743385315,2,clean,0.0,-1,118,40,CORRECT,0,0,0,0,0,0,0.0,0.0,answer,
margin,live-delta,4,0.0,0.244356,0.607198,5.7e-05,0.980469,0.466277,0.616277,0.05210930109024048,0.5614919066429138,0.5093826055526733,0.859039306640625,2.360891580581665,0.65705806016922,3,1,1,1,1,1,0,0.0,0.39505207538604736,2,clean,0.0,-1,119,51,CORRECT,0,0,0,0,0,0,0.0,0.0,answer,
margin,live-delta,4,0.0,0.244356,0.607198,5.7e-05,0.980469,0.466277,0.616277,0.022288918495178223,0.5903431177139282,0.56805419921875,1.8569599390029907,6.404237747192383,0.3308742940425873,9,1,1,1,1,1,0,0.0,0.38903000950813293,2,clean,0.0,-1,121,57,CORRECT,0,0,0,0,0,0,0.0,0.0,answer,
margin,live-delta,4,0.0,0.244356,0.607198,5.7e-05,0.980469,0.466277,0.616277,0.09091466665267944,0.6686475872993469,0.5777329206466675,1.4103723764419556,4.097480773925781,0.6350938081741333,11,1,1,1,1,1,0,0.0,0.4798545837402344,2,clean,0.0,-1,122,50,CORRECT,0,0,0,0,0,0,0.0,0.0,answer,
margin,live-delta,4,0.0,0.244356,0.607198,5.7e-05,0.980469,0.466277,0.616277,0.013231277465820312,0.5954697132110596,0.5822384357452393,1.8852791786193848,6.588193416595459,0.31591758131980896,9,1,1,1,1,1,0,0.0,0.3156626522541046,2,clean,0.0,-1,123,52,CORRECT,0,0,0,0,0,0,0.0,0.0,answer,
margin,live-delta,4,0.0,0.244356,0.607198,5.7e-05,0.980469,0.466277,0.616277,0.004436910152435303,0.8431375026702881,0.8387005925178528,1.4869407415390015,4.423542022705078,0.4011160135269165,13,1,1,1,1,1,0,0.0,0.4534303545951843,2,clean,0.0,-1,125,41,CORRECT,0,0,0,0,0,0,0.0,0.0,answer,
margin,live-delta,4,0.0,0.244356,0.607198,5.7e-05,0.980469,0.466277,0.616277,0.08864820003509521,0.4892336130142212,0.400585412979126,-0.0,1.0,1.0,1,1,1,1,1,1,0,0.0,0.2482023388147354,2,clean,0.0,-1,126,38,CORRECT,0,0,0,0,0,0,0.0,0.0,answer,
margin,live-delta,4,0.0,0.244356,0.607198,5.7e-05,0.980469,0.466277,0.616277,0.07421362400054932,0.5997445583343506,0.5255309343338013,1.4360886812210083,4.204219818115234,0.5549681782722473,7,1,1,1,1,1,0,0.0,0.2862173318862915,2,clean,0.0,-1,127,47,CORRECT,0,0,0,0,0,0,0.0,0.0,answer,
margin,live-delta,4,0.0,0.244356,0.607198,5.7e-05,0.980469,0.466277,0.616277,0.016283154487609863,0.5630731582641602,0.5467900037765503,2.561187744140625,12.951190948486328,0.15698552131652832,15,2,2,1,2,1,0,0.0,0.36430293321609497,2,clean,0.0,-1,129,89,CORRECT,0,0,0,0,0,0,0.0,0.0,answer,
margin,live-delta,4,0.0,0.244356,0.607198,5.7e-05,0.980469,0.466277,0.616277,0.060343146324157715,0.7414408922195435,0.6810977458953857,1.7353003025054932,5.67063045501709,0.4609133005142212,15,2,2,1,2,1,0,0.0,0.5133565664291382,2,clean,0.0,-1,130,80,CORRECT,0,0,0,0,0,0,0.0,0.0,answer,
margin,live-delta,4,0.0,0.244356,0.607198,5.7e-05,0.980469,0.466277,0.616277,0.04067337512969971,0.6881340146064758,0.6474606394767761,1.7969489097595215,6.031217575073242,0.4137338697910309,14,2,2,1,2,1,0,0.0,0.5713598728179932,2,clean,0.0,-1,131,84,CORRECT,0,0,0,0,0,0,0.0,0.0,answer,
margin,live-delta,4,0.0,0.244356,0.607198,5.7e-05,0.980469,0.466277,0.616277,0.14067071676254272,0.7042433023452759,0.5635725855827332,0.9601891040802002,2.6121904850006104,0.7839149236679077,10,2,2,1,2,1,0,0.0,0.5656924247741699,2,clean,0.0,-1,132,82,CORRECT,0,0,0,0,0,0,0.0,0.0,answer,
margin,live-delta,4,0.0,0.244356,0.607198,5.7e-05,0.980469,0.466277,0.616277,0.036290526390075684,0.671927809715271,0.6356372833251953,1.6878896951675415,5.408055782318115,0.427912175655365,13,2,2,1,2,1,0,0.0,0.5307698249816895,2,clean,0.0,-1,133,84,CORRECT,0,0,0,0,0,0,0.0,0.0,answer,
margin,live-delta,4,0.0,0.244356,0.607198,5.7e-05,0.980469,0.466277,0.616277,0.0068738460540771484,0.5189614295959473,0.5120875835418701,1.7381528615951538,5.686829566955566,0.26037150621414185,6,2,2,1,2,1,0,0.0,0.2802686393260956,2,clean,0.0,-1,134,89,CORRECT,0,0,0,0,0,0,0.0,0.0,answer,
margin,live-delta,4,0.0,0.244356,0.607198,5.7e-05,0.980469,0.466277,0.616277,0.0005246996879577637,0.7538886666297913,0.7533639669418335,1.7762717008590698,5.90778923034668,0.3020019829273224,13,2,2,1,2,1,0,0.0,0.547387957572937,2,clean,0.0,-1,136,80,CORRECT,0,0,0,0,0,0,0.0,0.0,answer,
margin,live-delta,4,0.0,0.244356,0.607198,5.7e-05,0.980469,0.466277,0.616277,0.003684520721435547,0.6487258076667786,0.645041286945343,1.9841867685317993,7.273130416870117,0.2580257058143616,13,2,2,1,2,1,0,0.0,0.535396158695221,2,clean,0.0,-1,137,91,CORRECT,0,0,0,0,0,0,0.0,0.0,answer,
margin,live-delta,4,0.0,0.244356,0.607198,5.7e-05,0.980469,0.466277,0.616277,0.05013328790664673,0.7074763178825378,0.6573430299758911,2.0383803844451904,7.678163528442383,0.4086896777153015,19,2,2,1,2,1,0,0.0,0.5535368919372559,2,clean,0.0,-1,138,79,CORRECT,0,0,0,0,0,0,0.0,0.0,answer,
margin,live-delta,4,0.0,0.244356,0.607198,5.7e-05,0.980469,0.466277,0.616277,0.015082180500030518,0.565150797367096,0.5500686168670654,1.5573731660842896,4.746336936950684,0.3736588954925537,6,2,2,1,2,1,0,0.0,0.17426016926765442,2,clean,0.0,-1,139,67,CORRECT,0,0,0,0,0,0,0.0,0.0,answer,
margin,live-delta,4,0.0,0.244356,0.607198,5.7e-05,0.980469,0.466277,0.616277,0.10315626859664917,0.7914308905601501,0.688274621963501,0.5238189697265625,1.688463568687439,0.8545571565628052,5,2,2,1,2,1,0,0.0,0.6833494901657104,2,clean,0.0,-1,140,68,CORRECT,0,0,0,0,0,0,0.0,0.0,answer,
margin,live-delta,4,0.0,0.244356,0.607198,5.7e-05,0.980469,0.466277,0.616277,0.027010083198547363,0.5625884532928467,0.5355783700942993,2.3756349086761475,10.757841110229492,0.20922696590423584,12,2,2,1,2,1,0,0.0,0.3420320749282837,2,clean,0.0,-1,141,80,CORRECT,0,0,0,0,0,0,0.0,0.0,answer,
margin,live-delta,4,0.0,0.244356,0.607198,5.7e-05,0.980469,0.466277,0.616277,0.13027608394622803,0.7915511131286621,0.6612750291824341,1.1040230989456177,3.0162763595581055,0.7611311674118042,18,2,2,1,2,1,0,0.0,0.6682131290435791,2,clean,0.0,-1,142,95,CORRECT,0,0,0,0,0,0,0.0,0.0,answer,
margin,live-delta,4,0.0,0.244356,0.607198,5.7e-05,0.980469,0.466277,0.616277,0.13579082489013672,0.6931444406509399,0.5573536157608032,0.29598867893218994,1.3444548845291138,0.9264243841171265,3,2,2,1,2,1,0,0.0,0.47784537076950073,2,clean,0.0,-1,143,76,CORRECT,0,0,0,0,0,0,0.0,0.0,answer,
margin,live-delta,4,0.0,0.244356,0.607198,5.7e-05,0.980469,0.466277,0.616277,0.00894784927368164,0.5137728452682495,0.5048249959945679,2.05660343170166,7.819365501403809,0.17077074944972992,8,2,2,1,2,1,0,0.0,0.330750972032547,2,clean,0.0,-1,144,84,CORRECT,0,0,0,0,0,0,0.0,0.0,answer,
margin,live-delta,4,0.0,0.244356,0.607198,5.7e-05,0.980469,0.466277,0.616277,0.030334651470184326,0.6259560585021973,0.5956214070320129,2.16801118850708,8.740882873535156,0.32913848757743835,14,2,2,1,2,1,0,0.0,0.35051417350769043,2,clean,0.0,-1,145,90,CORRECT,0,0,0,0,0,0,0.0,0.0,answer,
margin,live-delta,4,0.0,0.244356,0.607198,5.7e-05,0.980469,0.466277,0.616277,0.015457987785339355,0.5768289566040039,0.5613709688186646,1.3100781440734863,3.70646333694458,0.39021971821784973,4,2,2,1,2,1,0,0.0,0.3091595768928528,2,clean,0.0,-1,146,85,CORRECT,0,0,0,0,0,0,0.0,0.0,answer,
margin,live-delta,4,0.0,0.244356,0.607198,5.7e-05,0.980469,0.466277,0.616277,0.009372591972351074,0.7042195796966553,0.6948469877243042,2.2201528549194336,9.208738327026367,0.22787244617938995,20,2,2,1,2,1,0,0.0,0.4942100942134857,2,clean,0.0,-1,147,80,CORRECT,0,0,0,0,0,0,0.0,0.0,answer,
margin,live-delta,4,0.0,0.244356,0.607198,5.7e-05,0.980469,0.466277,0.616277,0.029896914958953857,0.6239545941352844,0.5940576791763306,2.3112339973449707,10.086864471435547,0.31198281049728394,16,2,2,1,2,1,0,0.0,0.3297209143638611,2,clean,0.0,-1,148,95,CORRECT,0,0,0,0,0,0,0.0,0.0,answer,
margin,live-delta,4,0.0,0.244356,0.607198,5.7e-05,0.980469,0.466277,0.616277,0.004040539264678955,0.5432393550872803,0.5391988158226013,1.5254955291748047,4.597421169281006,0.2913380265235901,5,2,2,1,2,1,0,0.0,0.3532825708389282,2,clean,0.0,-1,149,94,CORRECT,0,0,0,0,0,0,0.0,0.0,answer,
margin,live-delta,4,0.0,0.244356,0.607198,5.7e-05,0.980469,0.466277,0.616277,0.005341708660125732,0.5863345265388489,0.5809928178787231,1.7241647243499756,5.607834815979004,0.28412020206451416,7,2,2,1,2,1,0,0.0,0.4689067006111145,2,clean,0.0,-1,151,95,CORRECT,0,0,0,0,0,0,0.0,0.0,answer,
margin,live-delta,4,0.0,0.244356,0.607198,5.7e-05,0.980469,0.466277,0.616277,0.013454973697662354,0.5799499750137329,0.5664950013160706,1.8747450113296509,6.519156455993652,0.3245985805988312,9,2,2,1,2,1,0,0.0,0.45656436681747437,2,clean,0.0,-1,152,71,CORRECT,0,0,0,0,0,0,0.0,0.0,answer,
margin,live-delta,4,0.0,0.244356,0.607198,5.7e-05,0.980469,0.466277,0.616277,0.055962324142456055,0.7152880430221558,0.6593257188796997,2.0730578899383545,7.949093341827393,0.41245174407958984,17,2,2,1,2,1,0,0.0,0.5391017198562622,2,clean,0.0,-1,153,80,CORRECT,0,0,0,0,0,0,0.0,0.0,answer,
margin,live-delta,4,0.0,0.244356,0.607198,5.7e-05,0.980469,0.466277,0.616277,0.02488243579864502,0.6584439277648926,0.6335614919662476,2.0872437953948975,8.062662124633789,0.347737580537796,16,2,2,1,2,1,0,0.0,0.4151434600353241,2,clean,0.0,-1,154,74,CORRECT,0,0,0,0,0,0,0.0,0.0,answer,
margin,live-delta,4,0.0,0.244356,0.607198,5.7e-05,0.980469,0.466277,0.616277,0.04854661226272583,0.5953265428543091,0.5467799305915833,1.16036856174469,3.1911091804504395,0.586326539516449,5,2,2,1,2,1,0,0.0,0.43014076352119446,2,clean,0.0,-1,156,68,CORRECT,0,0,0,0,0,0,0.0,0.0,answer,
margin,live-delta,4,0.0,0.244356,0.607198,5.7e-05,0.980469,0.466277,0.616277,0.0775800347328186,0.7291195392608643,0.6515395045280457,1.356828212738037,3.883854866027832,0.6280791759490967,12,2,2,1,2,1,0,0.0,0.5488950610160828,2,clean,0.0,-1,157,94,CORRECT,0,0,0,0,0,0,0.0,0.0,answer,
margin,live-delta,4,0.0,0.244356,0.607198,5.7e-05,0.980469,0.466277,0.616277,0.02474379539489746,0.69541335105896,0.6706695556640625,2.2874703407287598,9.84998893737793,0.32333171367645264,20,2,2,1,2,1,0,0.0,0.46810394525527954,2,clean,0.0,-1,158,92,CORRECT,0,0,0,0,0,0,0.0,0.0,answer,
margin,live-delta,4,0.0,0.244356,0.607198,5.7e-05,0.980469,0.466277,0.616277,0.11211967468261719,0.7105110883712769,0.5983914136886597,0.9322810173034668,2.540297031402588,0.7841705679893494,11,2,2,1,2,1,0,0.0,0.5441452860832214,2,clean,0.0,-1,159,68,CORRECT,0,0,0,0,0,0,0.0,0.0,answer,
margin,live-delta,4,0.0,0.244356,0.607198,5.7e-05,0.980469,0.466277,0.616277,0.012909889221191406,0.6248509883880615,0.6119410991668701,1.034548282623291,2.8138349056243896,0.49615219235420227,4,2,2,1,2,1,0,0.0,0.5396009087562561,2,clean,0.0,-1,160,85,CORRECT,0,0,0,0,0,0,0.0,0.0,answer,
margin,live-delta,4,0.0,0.244356,0.607198,5.7e-05,0.980469,0.466277,0.616277,0.005746603012084961,0.5610314607620239,0.555284857749939,1.8373068571090698,6.279603481292725,0.2964525520801544,8,2,2,1,2,1,0,0.0,0.35305845737457275,2,clean,0.0,-1,162,95,CORRECT,0,0,0,0,0,0,0.0,0.0,answer,
margin,live-delta,4,0.0,0.244356,0.607198,5.7e-05,0.980469,0.466277,0.616277,0.15240740776062012,0.8081988096237183,0.6557914018630981,0.4359906315803528,1.5464942455291748,0.9095169901847839,9,2,2,1,2,1,0,0.0,0.6263875365257263,2,clean,0.0,-1,163,82,CORRECT,0,0,0,0,0,0,0.0,0.0,answer,
margin,live-delta,4,0.0,0.244356,0.607198,5.7e-05,0.980469,0.466277,0.616277,0.06616216897964478,0.7789145708084106,0.7127524018287659,1.4441739320755005,4.238349437713623,0.5569444894790649,12,2,2,1,2,1,0,0.0,0.601078987121582,2,clean,0.0,-1,164,80,CORRECT,0,0,0,0,0,0,0.0,0.0,answer,
margin,live-delta,4,0.0,0.244356,0.607198,5.7e-05,0.980469,0.466277,0.616277,0.02064359188079834,0.5866369605064392,0.5659933686256409,2.4229724407196045,11.279336929321289,0.2292332649230957,14,2,2,1,2,1,0,0.0,0.44338637590408325,2,clean,0.0,-1,166,88,CORRECT,0,0,0,0,0,0,0.0,0.0,answer,
margin,live-delta,4,0.0,0.244356,0.607198,5.7e-05,0.980469,0.466277,0.616277,0.024736642837524414,0.606033205986023,0.5812965631484985,1.4480202198028564,4.254683017730713,0.43405407667160034,6,2,2,1,2,1,0,0.0,0.4318395256996155,2,clean,0.0,-1,167,88,CORRECT,0,0,0,0,0,0,0.0,0.0,answer,
margin,live-delta,4,0.0,0.244356,0.607198,5.7e-05,0.980469,0.466277,0.616277,0.008060634136199951,0.6232964992523193,0.6152358651161194,1.5166947841644287,4.557137966156006,0.3093995153903961,5,2,2,1,2,1,0,0.0,0.28481394052505493,2,clean,0.0,-1,168,67,CORRECT,0,0,0,0,0,0,0.0,0.0,answer,
margin,live-delta,4,0.0,0.244356,0.607198,5.7e-05,0.980469,0.466277,0.616277,0.08725428581237793,0.693211555480957,0.6059572696685791,1.5870367288589478,4.889239311218262,0.6153662204742432,16,2,2,1,2,1,0,0.0,0.3863239288330078,2,clean,0.0,-1,169,94,CORRECT,0,0,0,0,0,0,0.0,0.0,answer,
margin,live-delta,4,0.0,0.244356,0.607198,5.7e-05,0.980469,0.466277,0.616277,0.0413893461227417,0.7523607015609741,0.7109713554382324,1.3815333843231201,3.981001377105713,0.5346791744232178,10,2,2,1,2,1,0,0.0,0.5928447842597961,2,clean,0.0,-1,171,82,CORRECT,0,0,0,0,0,0,0.0,0.0,answer,
margin,live-delta,4,0.0,0.244356,0.607198,5.7e-05,0.980469,0.466277,0.616277,0.06721699237823486,0.6195198893547058,0.552302896976471,0.5096821784973145,1.664762020111084,0.7932027578353882,2,2,2,1,2,1,0,0.0,0.5161680579185486,2,clean,0.0,-1,172,85,CORRECT,0,0,0,0,0,0,0.0,0.0,answer,
margin,live-delta,4,0.0,0.244356,0.607198,5.7e-05,0.980469,0.466277,0.616277,0.07371622323989868,0.6819985508918762,0.6082823276519775,1.2305958271026611,3.4232685565948486,0.607131838798523,6,2,2,1,2,1,0,0.0,0.47153395414352417,2,clean,0.0,-1,173,68,CORRECT,0,0,0,0,0,0,0.0,0.0,answer,
margin,live-delta,4,0.0,0.244356,0.607198,5.7e-05,0.980469,0.466277,0.616277,0.030966460704803467,0.6728857159614563,0.6419192552566528,1.7405102252960205,5.70025110244751,0.40254369378089905,12,2,2,1,2,1,0,0.0,0.34602662920951843,2,clean,0.0,-1,174,67,CORRECT,0,0,0,0,0,0,0.0,0.0,answer,
margin,live-delta,4,0.0,0.244356,0.607198,5.7e-05,0.980469,0.466277,0.616277,0.02083343267440796,0.6345972418785095,0.6137638092041016,2.396552085876465,10.985235214233398,0.22136878967285156,17,2,2,1,2,1,0,0.0,0.4687931537628174,2,clean,0.0,-1,175,74,CORRECT,0,0,0,0,0,0,0.0,0.0,answer,
margin,live-delta,4,0.0,0.244356,0.607198,5.7e-05,0.980469,0.466277,0.616277,0.1282334327697754,0.7788606882095337,0.6506272554397583,0.5262368321418762,1.6925508975982666,0.8699262738227844,5,2,2,1,2,1,0,0.0,0.6797915101051331,2,clean,0.0,-1,176,68,CORRECT,0,0,0,0,0,0,0.0,0.0,answer,
margin,live-delta,4,0.0,0.244356,0.607198,5.7e-05,0.980469,0.466277,0.616277,0.037269771099090576,0.6675590872764587,0.6302893161773682,1.8351078033447266,6.265809535980225,0.41850006580352783,12,2,2,1,2,1,0,0.0,0.5264285802841187,2,clean,0.0,-1,177,80,CORRECT,0,0,0,0,0,0,0.0,0.0,answer,
margin,live-delta,4,0.0,0.244356,0.607198,5.7e-05,0.980469,0.466277,0.616277,0.11271160840988159,0.7303362488746643,0.6176246404647827,1.0682060718536377,2.910154104232788,0.7476840019226074,14,2,2,1,2,1,0,0.0,0.566432535648346,2,clean,0.0,-1,178,92,CORRECT,0,0,0,0,0,0,0.0,0.0,answer,
margin,live-delta,4,0.0,0.244356,0.607198,5.7e-05,0.980469,0.466277,0.616277,0.039039790630340576,0.6944647431373596,0.655424952507019,1.7918906211853027,6.000786781311035,0.4299042522907257,13,2,2,1,2,1,0,0.0,0.5696750283241272,2,clean,0.0,-1,179,91,CORRECT,0,0,0,0,0,0,0.0,0.0,answer,
margin,live-delta,4,0.0,0.244356,0.607198,5.7e-05,0.980469,0.466277,0.616277,0.020443439483642578,0.6780236959457397,0.6575802564620972,2.4922432899475098,12.088363647460938,0.24060675501823425,19,2,2,1,2,1,0,0.0,0.5304607152938843,2,clean,0.0,-1,180,91,CORRECT,0,0,0,0,0,0,0.0,0.0,answer,
margin,live-delta,4,0.0,0.244356,0.607198,5.7e-05,0.980469,0.466277,0.616277,0.024712681770324707,0.6381895542144775,0.6134768724441528,1.4255295991897583,4.160060405731201,0.46456971764564514,8,2,2,1,2,1,0,0.0,0.26151567697525024,2,clean,0.0,-1,181,67,CORRECT,0,0,0,0,0,0,0.0,0.0,answer,
margin,live-delta,4,0.0,0.244356,0.607198,5.7e-05,0.980469,0.466277,0.616277,0.010335981845855713,0.5961796045303345,0.5858436226844788,2.3410282135009766,10.391916275024414,0.20926615595817566,14,2,2,1,2,1,0,0.0,0.4780789017677307,2,clean,0.0,-1,182,93,CORRECT,0,0,0,0,0,0,0.0,0.0,answer,
margin,live-delta,4,0.0,0.244356,0.607198,5.7e-05,0.980469,0.466277,0.616277,0.037868618965148926,0.6397140026092529,0.601845383644104,2.124819755554199,8.37138843536377,0.3193504214286804,13,2,2,1,2,1,0,0.0,0.4415649175643921,2,clean,0.0,-1,183,80,CORRECT,0,0,0,0,0,0,0.0,0.0,answer,
margin,live-delta,4,0.0,0.244356,0.607198,5.7e-05,0.980469,0.466277,0.616277,0.02257359027862549,0.6969536542892456,0.6743800640106201,2.3240654468536377,10.217126846313477,0.2829517126083374,20,2,2,1,2,1,0,0.0,0.5205903053283691,2,clean,0.0,-1,184,91,CORRECT,0,0,0,0,0,0,0.0,0.0,answer,
margin,live-delta,4,0.0,0.244356,0.607198,5.7e-05,0.980469,0.466277,0.616277,0.08996117115020752,0.6739968061447144,0.5840356349945068,1.3994174003601074,4.052838325500488,0.610733151435852,9,2,2,1,2,1,0,0.0,0.3213646113872528,2,clean,0.0,-1,185,67,CORRECT,0,0,0,0,0,0,0.0,0.0,answer,
margin,live-delta,4,0.0,0.244356,0.607198,5.7e-05,0.980469,0.466277,0.616277,0.010523676872253418,0.6649458408355713,0.6544221639633179,2.5547595024108887,12.868204116821289,0.16769342124462128,20,2,2,1,2,1,0,0.0,0.45762038230895996,2,clean,0.0,-1,186,89,CORRECT,0,0,0,0,0,0,0.0,0.0,answer,
margin,live-delta,4,0.0,0.244356,0.607198,5.7e-05,0.980469,0.466277,0.616277,0.0033548474311828613,0.6261475682258606,0.6227927207946777,1.8005625009536743,6.053051471710205,0.3042020797729492,9,2,2,1,2,1,0,0.0,0.5129871964454651,2,clean,0.0,-1,187,88,CORRECT,0,0,0,0,0,0,0.0,0.0,answer,
margin,live-delta,4,0.0,0.244356,0.607198,5.7e-05,0.980469,0.466277,0.616277,0.05916464328765869,0.5708418488502502,0.5116772055625916,0.8113946318626404,2.2510452270507812,0.6907492876052856,3,2,2,1,2,1,0,0.0,0.4427361488342285,2,clean,0.0,-1,188,78,CORRECT,0,0,0,0,0,0,0.0,0.0,answer,
margin,live-delta,4,0.0,0.244356,0.607198,5.7e-05,0.980469,0.466277,0.616277,0.006326436996459961,0.6582905054092407,0.6519640684127808,2.502655506134033,12.214887619018555,0.1542011797428131,20,2,2,1,2,1,0,0.0,0.5008820295333862,2,clean,0.0,-1,189,74,CORRECT,0,0,0,0,0,0,0.0,0.0,answer,
margin,live-delta,4,0.0,0.244356,0.607198,5.7e-05,0.980469,0.466277,0.616277,0.06224316358566284,0.7220123410224915,0.6597691774368286,1.9369443655014038,6.9375200271606445,0.4199064373970032,16,2,2,1,2,1,0,0.0,0.5344237685203552,2,clean,0.0,-1,190,91,CORRECT,0,0,0,0,0,0,0.0,0.0,answer,
margin,live-delta,4,0.0,0.244356,0.607198,5.7e-05,0.980469,0.466277,0.616277,0.010715484619140625,0.5521745681762695,0.5414590835571289,1.9276747703552246,6.873509407043457,0.2654131054878235,8,2,2,1,2,1,0,0.0,0.399591863155365,2,clean,0.0,-1,191,94,CORRECT,0,0,0,0,0,0,0.0,0.0,answer,
margin,live-delta,4,0.0,0.244356,0.607198,5.7e-05,0.980469,0.466277,0.616277,0.1926092505455017,0.573388934135437,0.3807796835899353,-0.0,1.0,1.0,1,3,3,1,3,1,0,0.0,0.29521629214286804,2,clean,0.0,-1,192,126,CORRECT,0,0,0,0,0,0,0.0,0.0,answer,
margin,live-delta,4,0.0,0.244356,0.607198,5.7e-05,0.980469,0.466277,0.616277,0.002837657928466797,0.4762086868286133,0.4733710289001465,0.6927447319030762,1.9991952180862427,0.5141844749450684,2,3,3,1,3,1,0,0.0,0.13931193947792053,2,clean,0.0,-1,193,108,CORRECT,0,0,0,0,0,0,0.0,0.0,answer,
margin,live-delta,4,0.0,0.244356,0.607198,5.7e-05,0.980469,0.466277,0.616277,0.10279828310012817,0.5986695885658264,0.49587130546569824,0.3536701798439026,1.4242852926254272,0.8865489959716797,2,3,3,1,3,1,0,0.0,0.20850712060928345,2,clean,0.0,-1,194,110,CORRECT,0,0,0,0,0,0,0.0,0.0,answer,
margin,live-delta,4,0.0,0.244356,0.607198,5.7e-05,0.980469,0.466277,0.616277,0.03087615966796875,0.4933467507362366,0.4624705910682678,-0.0,1.0,1.0,1,3,3,1,3,1,0,0.0,0.09028860926628113,2,clean,0.0,-1,200,108,CORRECT,0,0,0,0,0,0,0.0,0.0,answer,
margin,live-delta,4,0.0,0.244356,0.607198,5.7e-05,0.980469,0.466277,0.616277,0.09149575233459473,0.5550409555435181,0.46354520320892334,-0.0,1.0,1.0,1,3,3,1,3,1,0,0.0,0.24887317419052124,2,clean,0.0,-1,201,120,CORRECT,0,0,0,0,0,0,0.0,0.0,answer,
margin,live-delta,4,0.0,0.244356,0.607198,5.7e-05,0.980469,0.466277,0.616277,0.02482759952545166,0.6939318180084229,0.6691042184829712,0.8073439598083496,2.241945266723633,0.6013247966766357,4,3,3,1,3,1,0,0.0,0.24247205257415771,2,clean,0.0,-1,202,107,CORRECT,0,0,0,0,0,0,0.0,0.0,answer,
margin,live-delta,4,0.0,0.244356,0.607198,5.7e-05,0.980469,0.466277,0.616277,0.029502391815185547,0.5513004660606384,0.5217980742454529,1.253708004951477,3.5033092498779297,0.4627518951892853,4,3,3,1,3,1,0,0.0,0.23448604345321655,2,clean,0.0,-1,205,120,CORRECT,0,0,0,0,0,0,0.0,0.0,answer,
margin,live-delta,4,0.0,0.244356,0.607198,5.7e-05,0.980469,0.466277,0.616277,0.02621561288833618,0.5272265672683716,0.5010109543800354,2.0063228607177734,7.435924053192139,0.23957088589668274,8,3,3,1,3,1,0,0.0,0.1180831789970398,2,clean,0.0,-1,207,104,CORRECT,0,0,0,0,0,0,0.0,0.0,answer,
margin,live-delta,4,0.0,0.244356,0.607198,5.7e-05,0.980469,0.466277,0.616277,0.11798250675201416,0.6017956733703613,0.48381316661834717,0.7409191727638245,2.097862958908081,0.7911416888237,4,3,3,1,3,1,0,0.0,0.2477075755596161,2,clean,0.0,-1,208,115,CORRECT,0,0,0,0,0,0,0.0,0.0,answer,
margin,live-delta,4,0.0,0.244356,0.607198,5.7e-05,0.980469,0.466277,0.616277,0.08217626810073853,0.6692698001861572,0.5870935320854187,0.6440044641494751,1.9040905237197876,0.7986990213394165,4,3,3,1,3,1,0,0.0,0.2568804919719696,2,clean,0.0,-1,209,120,CORRECT,0,0,0,0,0,0,0.0,0.0,answer,
margin,live-delta,4,0.0,0.244356,0.607198,5.7e-05,0.980469,0.466277,0.616277,0.15729665756225586,0.6105475425720215,0.4532508850097656,-0.0,1.0,1.0,1,3,3,1,3,1,0,0.0,0.15729665756225586,2,clean,0.0,-1,210,104,CORRECT,0,0,0,0,0,0,0.0,0.0,answer,
margin,live-delta,4,0.0,0.244356,0.607198,5.7e-05,0.980469,0.466277,0.616277,0.02014237642288208,0.6971720457077026,0.6770296692848206,1.990173578262329,7.316803932189941,0.30935487151145935,13,3,3,1,3,1,0,0.0,0.2428939938545227,2,clean,0.0,-1,211,120,CORRECT,0,0,0,0,0,0,0.0,0.0,answer,
margin,live-delta,4,0.0,0.244356,0.607198,5.7e-05,0.980469,0.466277,0.616277,0.06616729497909546,0.6066004633903503,0.5404331684112549,1.324224829673767,3.759270191192627,0.5778385996818542,6,3,3,1,3,1,0,0.0,0.28090739250183105,2,clean,0.0,-1,212,116,CORRECT,0,0,0,0,0,0,0.0,0.0,answer,
margin,live-delta,4,0.0,0.244356,0.607198,5.7e-05,0.980469,0.466277,0.616277,0.00887608528137207,0.5642865896224976,0.5554105043411255,1.838852882385254,6.2893195152282715,0.28707244992256165,8,3,3,1,3,1,0,0.0,0.19849196076393127,2,clean,0.0,-1,213,107,CORRECT,0,0,0,0,0,0,0.0,0.0,answer,
margin,live-delta,4,0.0,0.244356,0.607198,5.7e-05,0.980469,0.466277,0.616277,0.05752432346343994,0.5843203663825989,0.5267960429191589,0.8016424775123596,2.2291994094848633,0.692435085773468,3,3,3,1,3,1,0,0.0,0.25374045968055725,2,clean,0.0,-1,214,105,CORRECT,0,0,0,0,0,0,0.0,0.0,answer,
margin,live-delta,4,0.0,0.244356,0.607198,5.7e-05,0.980469,0.466277,0.616277,0.01133456826210022,0.5045703649520874,0.4932357966899872,1.064758062362671,2.900137186050415,0.4318862557411194,3,3,3,1,3,1,0,0.0,0.2836514711380005,2,clean,0.0,-1,216,108,CORRECT,0,0,0,0,0,0,0.0,0.0,answer,
margin,live-delta,4,0.0,0.244356,0.607198,5.7e-05,0.980469,0.466277,0.616277,0.003426849842071533,0.5011805295944214,0.49775367975234985,1.3551664352416992,3.877406120300293,0.31608033180236816,4,3,3,1,3,1,0,0.0,0.19427341222763062,2,clean,0.0,-1,218,98,CORRECT,0,0,0,0,0,0,0.0,0.0,answer,
margin,live-delta,4,0.0,0.244356,0.607198,5.7e-05,0.980469,0.466277,0.616277,0.12949895858764648,0.6797758340835571,0.5502768754959106,0.48130854964256287,1.6181905269622803,0.8866637945175171,5,3,3,1,3,1,0,0.0,0.3595513105392456,2,clean,0.0,-1,219,100,CORRECT,0,0,0,0,0,0,0.0,0.0,answer,
margin,live-delta,4,0.0,0.244356,0.607198,5.7e-05,0.980469,0.466277,0.616277,0.06679219007492065,0.5910822153091431,0.5242900252342224,1.659691333770752,5.257687568664551,0.4827601909637451,8,3,3,1,3,1,0,0.0,0.2517186403274536,2,clean,0.0,-1,220,96,CORRECT,0,0,0,0,0,0,0.0,0.0,answer,
margin,live-delta,4,0.0,0.244356,0.607198,5.7e-05,0.980469,0.466277,0.616277,0.01146090030670166,0.6261302828788757,0.6146693825721741,1.7643245458602905,5.83762788772583,0.30648717284202576,9,3,3,1,3,1,0,0.0,0.21545302867889404,2,clean,0.0,-1,224,112,CORRECT,0,0,0,0,0,0,0.0,0.0,answer,
margin,live-delta,4,0.0,0.244356,0.607198,5.7e-05,0.980469,0.466277,0.616277,0.004072070121765137,0.5881993770599365,0.5841273069381714,2.1805710792541504,8.851359367370605,0.19593437016010284,11,3,3,1,3,1,0,0.0,0.18485039472579956,2,clean,0.0,-1,225,110,CORRECT,0,0,0,0,0,0,0.0,0.0,answer,
margin,live-delta,4,0.0,0.244356,0.607198,5.7e-05,0.980469,0.466277,0.616277,0.03309154510498047,0.5609841346740723,0.5278925895690918,0.6412531137466431,1.898858904838562,0.6596715450286865,2,3,3,1,3,1,0,0.0,0.20335319638252258,2,clean,0.0,-1,226,108,CORRECT,0,0,0,0,0,0,0.0,0.0,answer,
margin,live-delta,4,0.0,0.244356,0.607198,5.7e-05,0.980469,0.466277,0.616277,0.037726402282714844,0.5063289403915405,0.4686025381088257,0.6267454028129578,1.8715096712112427,0.6801645159721375,2,3,3,1,3,1,0,0.0,0.15563541650772095,2,clean,0.0,-1,227,126,CORRECT,0,0,0,0,0,0,0.0,0.0,answer,
margin,live-delta,4,0.0,0.244356,0.607198,5.7e-05,0.980469,0.466277,0.616277,0.012221962213516235,0.47681495547294617,0.46459299325942993,-0.0,1.0,1.0,1,3,3,1,3,1,0,0.0,0.13924476504325867,2,clean,0.0,-1,231,104,CORRECT,0,0,0,0,0,0,0.0,0.0,answer,
margin,live-delta,4,0.0,0.244356,0.607198,5.7e-05,0.980469,0.466277,0.616277,0.029977619647979736,0.47079384326934814,0.4408162236213684,-0.0,1.0,1.0,1,3,3,1,3,1,0,0.0,0.23236018419265747,2,clean,0.0,-1,232,98,CORRECT,0,0,0,0,0,0,0.0,0.0,answer,
margin,live-delta,4,0.0,0.244356,0.607198,5.7e-05,0.980469,0.466277,0.616277,0.004300862550735474,0.4803829491138458,0.47608208656311035,0.6922231912612915,1.9981528520584106,0.5214909315109253,2,3,3,1,3,1,0,0.0,0.1727493703365326,2,clean,0.0,-1,233,98,CORRECT,0,0,0,0,0,0,0.0,0.0,answer,
margin,live-delta,4,0.0,0.244356,0.607198,5.7e-05,0.980469,0.466277,0.616277,0.03754919767379761,0.5242900252342224,0.4867408275604248,0.6273261308670044,1.8725967407226562,0.6793931126594543,2,3,3,1,3,1,0,0.0,0.24334800243377686,2,clean,0.0,-1,235,110,CORRECT,0,0,0,0,0,0,0.0,0.0,answer,
margin,live-delta,4,0.0,0.244356,0.607198,5.7e-05,0.980469,0.466277,0.616277,0.017941057682037354,0.4855964779853821,0.4676554203033447,0.6773084998130798,1.9685721397399902,0.5887549519538879,2,3,3,1,3,1,0,0.0,0.17962372303009033,2,clean,0.0,-1,236,108,CORRECT,0,0,0,0,0,0,0.0,0.0,answer,
margin,live-delta,4,0.0,0.244356,0.607198,5.7e-05,0.980469,0.466277,0.616277,0.004896998405456543,0.509640097618103,0.5047430992126465,0.6919496059417725,1.9976062774658203,0.5244653224945068,2,3,3,1,3,1,0,0.0,0.17720720171928406,2,clean,0.0,-1,238,115,CORRECT,0,0,0,0,0,0,0.0,0.0,answer,
margin,live-delta,4,0.0,0.244356,0.607198,5.7e-05,0.980469,0.466277,0.616277,0.04566854238510132,0.5717487931251526,0.5260802507400513,1.2074474096298218,3.344935417175293,0.5206905603408813,4,3,3,1,3,1,0,0.0,0.27459055185317993,2,clean,0.0,-1,239,110,CORRECT,0,0,0,0,0,0,0.0,0.0,answer,
margin,live-delta,4,0.0,0.244356,0.607198,5.7e-05,0.980469,0.466277,0.616277,0.0239027738571167,0.4795359671115875,0.4556331932544708,-0.0,1.0,1.0,1,3,3,1,3,1,0,0.0,0.08667504787445068,2,clean,0.0,-1,242,114,CORRECT,0,0,0,0,0,0,0.0,0.0,answer,
margin,live-delta,4,0.0,0.244356,0.607198,5.7e-05,0.980469,0.466277,0.616277,0.016660213470458984,0.6470491886138916,0.6303889751434326,2.0216286182403564,7.550611972808838,0.29967594146728516,11,3,3,1,3,1,0,0.011956256814301014,0.16107234358787537,2,clean,0.0,-1,243,96,CORRECT,0,0,0,0,0,0,0.0,0.0,answer,
margin,live-delta,4,0.0,0.244356,0.607198,5.7e-05,0.980469,0.466277,0.616277,0.05257701873779297,0.6573766469955444,0.6047996282577515,1.6723682880401611,5.324763298034668,0.49929380416870117,11,3,3,1,3,1,0,0.0,0.2856913208961487,2,clean,0.0,-1,244,100,CORRECT,0,0,0,0,0,0,0.0,0.0,answer,
margin,live-delta,4,0.0,0.244356,0.607198,5.7e-05,0.980469,0.466277,0.616277,0.05133938789367676,0.4852619171142578,0.43392252922058105,-0.0,1.0,1.0,1,3,3,1,3,1,0,0.0,0.11322644352912903,2,clean,0.0,-1,246,98,CORRECT,0,0,0,0,0,0,0.0,0.0,answer,
margin,live-delta,4,0.0,0.244356,0.607198,5.7e-05,0.980469,0.466277,0.616277,0.07415032386779785,0.7413268089294434,0.6671764850616455,1.0889414548873901,2.9711272716522217,0.6762465834617615,9,3,3,1,3,1,0,0.0,0.3865586519241333,2,clean,0.0,-1,248,110,CORRECT,0,0,0,0,0,0,0.0,0.0,answer,
margin,live-delta,4,0.0,0.244356,0.607198,5.7e-05,0.980469,0.466277,0.616277,0.1013302206993103,0.4877285957336426,0.3863983750343323,-0.0,1.0,1.0,1,3,3,1,3,1,0,0.0,0.16303473711013794,2,clean,0.0,-1,250,114,CORRECT,0,0,0,0,0,0,0.0,0.0,answer,
margin,live-delta,4,0.0,0.244356,0.607198,5.7e-05,0.980469,0.466277,0.616277,0.021122872829437256,0.5811411738395691,0.5600183010101318,2.09708833694458,8.142427444458008,0.23062185943126678,10,3,3,1,3,1,0,0.0,0.13164237141609192,2,clean,0.0,-1,253,110,CORRECT,0,0,0,0,0,0,0.0,0.0,answer,
margin,live-delta,4,0.0,0.244356,0.607198,5.7e-05,0.980469,0.466277,0.616277,0.10018813610076904,0.6796610355377197,0.5794728994369507,1.2663002014160156,3.5477025508880615,0.6495617032051086,8,3,3,1,3,1,0,0.0,0.26146480441093445,2,clean,0.0,-1,254,115,CORRECT,0,0,0,0,0,0,0.0,0.0,answer,
margin,live-delta,4,0.0,0.244356,0.607198,5.7e-05,0.980469,0.466277,0.616277,0.08388504385948181,0.5746854543685913,0.4908004105091095,0.4353334903717041,1.545478343963623,0.8425998091697693,2,3,3,1,3,1,0,0.0,0.26444941759109497,2,clean,0.0,-1,255,104,CORRECT,0,0,0,0,0,0,0.0,0.0,answer,
margin,live-delta,5,0.0,0.244356,0.607198,5.7e-05,0.980469,0.466277,0.616277,0.008692145347595215,0.6145343780517578,0.6058422327041626,2.4878780841827393,12.035710334777832,0.1735929250717163,16,0,0,1,0,1,0,0.0,0.48662111163139343,2,clean,0.0,-1,0,29,CORRECT,0,0,0,0,0,0,0.0,0.0,answer,
margin,live-delta,5,0.0,0.244356,0.607198,5.7e-05,0.980469,0.466277,0.616277,0.002864539623260498,0.7485058903694153,0.7456413507461548,2.406562566757202,11.095754623413086,0.19970422983169556,20,0,0,1,0,1,0,0.0,0.5389264225959778,2,clean,0.0,-1,1,29,CORRECT,0,0,0,0,0,0,0.0,0.0,answer,
margin,live-delta,5,0.0,0.244356,0.607198,5.7e-05,0.980469,0.466277,0.616277,0.03562748432159424,0.8512296676635742,0.81560218334198,1.8628650903701782,6.44216775894165,0.437677800655365,20,0,0,1,0,1,0,0.0,0.613601803779602,2,clean,0.0,-1,2,0,CORRECT,0,0,0,0,0,0,0.0,0.0,answer,
margin,live-delta,5,0.0,0.244356,0.607198,5.7e-05,0.980469,0.466277,0.616277,0.06120377779006958,0.8351686596870422,0.7739648818969727,2.109811305999756,8.246685028076172,0.39704185724258423,20,0,0,1,0,1,0,0.0,0.6275011301040649,2,clean,0.0,-1,3,27,CORRECT,0,0,0,0,0,0,0.0,0.0,answer,
margin,live-delta,5,0.0,0.244356,0.607198,5.7e-05,0.980469,0.466277,0.616277,0.06320923566818237,0.6585389971733093,0.595329761505127,1.3653671741485596,3.917160987854004,0.5692832469940186,7,0,0,1,0,1,0,0.0,0.5165534019470215,2,clean,0.0,-1,4,12,CORRECT,0,0,0,0,0,0,0.0,0.0,answer,
margin,live-delta,5,0.0,0.244356,0.607198,5.7e-05,0.980469,0.466277,0.616277,0.01838463544845581,0.8731691241264343,0.8547844886779785,2.0343306064605713,7.647131443023682,0.3304731547832489,20,0,0,1,0,1,0,0.0,0.6164111495018005,2,clean,0.0,-1,5,27,CORRECT,0,0,0,0,0,0,0.0,0.0,answer,
margin,live-delta,5,0.0,0.244356,0.607198,5.7e-05,0.980469,0.466277,0.616277,0.024461090564727783,0.8591064214706421,0.8346453309059143,2.0839645862579346,8.036266326904297,0.31034284830093384,20,0,0,1,0,1,0,0.0,0.5630691647529602,2,clean,0.0,-1,6,0,CORRECT,0,0,0,0,0,0,0.0,0.0,answer,
margin,live-delta,5,0.0,0.244356,0.607198,5.7e-05,0.980469,0.466277,0.616277,0.01217198371887207,0.7492260336875916,0.7370540499687195,1.5021567344665527,4.491365432739258,0.3474813997745514,7,0,0,1,0,1,0,0.0,0.639962911605835,2,clean,0.0,-1,7,12,CORRECT,0,0,0,0,0,0,0.0,0.0,answer,
margin,live-delta,5,0.0,0.244356,0.607198,5.7e-05,0.980469,0.466277,0.616277,0.0574725866317749,0.8665192127227783,0.8090466260910034,1.768878698348999,5.864274024963379,0.46956494450569153,20,0,0,1,0,1,0,0.0,0.5741294622421265,2,clean,0.0,-1,8,19,CORRECT,0,0,0,0,0,0,0.0,0.0,answer,
margin,live-delta,5,0.0,0.244356,0.607198,5.7e-05,0.980469,0.466277,0.616277,0.02331995964050293,0.6571364402770996,0.6338164806365967,1.8307143449783325,6.238341331481934,0.389030396938324,13,0,0,1,0,1,0,0.0,0.32575005292892456,2,clean,0.0,-1,9,2,CORRECT,0,0,0,0,0,0,0.0,0.0,answer,
margin,live-delta,5,0.0,0.244356,0.607198,5.7e-05,0.980469,0.466277,0.616277,0.010274708271026611,0.8123652935028076,0.802090585231781,2.2328696250915527,9.326591491699219,0.24554862082004547,20,0,0,1,0,1,0,0.0,0.6101858019828796,2,clean,0.0,-1,10,27,CORRECT,0,0,0,0,0,0,0.0,0.0,answer,
margin,live-delta,5,0.0,0.244356,0.607198,5.7e-05,0.980469,0.466277,0.616277,0.0263330340385437,0.7415318489074707,0.715198814868927,2.523719310760498,12.474908828735352,0.197550967335701,20,0,0,1,0,1,0,0.0,0.41163015365600586,2,clean,0.0,-1,11,19,CORRECT,0,0,0,0,0,0,0.0,0.0,answer,
margin,live-delta,5,0.0,0.244356,0.607198,5.7e-05,0.980469,0.466277,0.616277,0.053028225898742676,0.6884907484054565,0.6354625225067139,1.888684630393982,6.610667705535889,0.44716835021972656,15,0,0,1,0,1,0,0.0,0.27818992733955383,2,clean,0.0,-1,12,28,CORRECT,0,0,0,0,0,0,0.0,0.0,answer,
margin,live-delta,5,0.0,0.244356,0.607198,5.7e-05,0.980469,0.466277,0.616277,0.03296172618865967,0.8734875321388245,0.8405258059501648,1.9558680057525635,7.0700531005859375,0.34270551800727844,20,0,0,1,0,1,0,0.0,0.5720294713973999,2,clean,0.0,-1,13,19,CORRECT,0,0,0,0,0,0,0.0,0.0,answer,
margin,live-delta,5,0.0,0.244356,0.607198,5.7e-05,0.980469,0.466277,0.616277,0.04973268508911133,0.6596090793609619,0.6098763942718506,2.256545066833496,9.550037384033203,0.349910169839859,18,0,0,1,0,1,0,0.0,0.376028835773468,2,clean,0.0,-1,14,14,CORRECT,0,0,0,0,0,0,0.0,0.0,answer,
margin,live-delta,5,0.0,0.244356,0.607198,5.7e-05,0.980469,0.466277,0.616277,0.059464991092681885,0.8609749674797058,0.8015099763870239,2.2850558757781982,9.826234817504883,0.3320564925670624,20,0,0,1,0,1,0,0.0,0.6294852495193481,2,clean,0.0,-1,15,0,CORRECT,0,0,0,0,0,0,0.0,0.0,answer,
margin,live-delta,5,0.0,0.244356,0.607198,5.7e-05,0.980469,0.466277,0.616277,0.03566533327102661,0.8514373302459717,0.8157719969749451,1.8758732080459595,6.526515483856201,0.3923010230064392,20,0,0,1,0,1,0,0.0,0.6156409978866577,2,clean,0.0,-1,16,0,CORRECT,0,0,0,0,0,0,0.0,0.0,answer,
margin,live-delta,5,0.0,0.244356,0.607198,5.7e-05,0.980469,0.466277,0.616277,0.0259246826171875,0.817624568939209,0.7916998863220215,2.0725443363189697,7.945012092590332,0.3371545076370239,20,0,0,1,0,1,0,0.0,0.615166425704956,2,clean,0.0,-1,17,0,CORRECT,0,0,0,0,0,0,0.0,0.0,answer,
margin,live-delta,5,0.0,0.244356,0.607198,5.7e-05,0.980469,0.466277,0.616277,0.01809978485107422,0.7281592488288879,0.7100594639778137,2.3283562660217285,10.261061668395996,0.26296719908714294,19,0,0,1,0,1,0,0.0,0.5232799649238586,2,clean,0.0,-1,18,11,CORRECT,0,0,0,0,0,0,0.0,0.0,answer,
margin,live-delta,5,0.0,0.244356,0.607198,5.7e-05,0.980469,0.466277,0.616277,0.056340694427490234,0.8419591784477234,0.7856184840202332,1.8564157485961914,6.400753498077393,0.4715288579463959,20,0,0,1,0,1,0,0.0,0.6057676076889038,2,clean,0.0,-1,19,0,CORRECT,0,0,0,0,0,0,0.0,0.0,answer,
margin,live-delta,5,0.0,0.244356,0.607198,5.7e-05,0.980469,0.466277,0.616277,0.10735994577407837,0.8890054225921631,0.7816454768180847,1.654344081878662,5.229648590087891,0.6039719581604004,20,0,0,1,0,1,0,0.0,0.7198744416236877,2,clean,0.0,-1,20,0,CORRECT,0,0,0,0,0,0,0.0,0.0,answer,
margin,live-delta,5,0.0,0.244356,0.607198,5.7e-05,0.980469,0.466277,0.616277,0.07574641704559326,0.8565751314163208,0.7808287143707275,1.6038110256195068,4.971944808959961,0.5907458066940308,20,0,0,1,0,1,0,0.0,0.6307447552680969,2,clean,0.0,-1,21,0,CORRECT,0,0,0,0,0,0,0.0,0.0,answer,
margin,live-delta,5,0.0,0.244356,0.607198,5.7e-05,0.980469,0.466277,0.616277,0.010011017322540283,0.609879732131958,0.5998687148094177,2.661395788192749,14.31625747680664,0.1477361023426056,19,0,0,1,0,1,0,0.0,0.39039385318756104,2,clean,0.0,-1,22,7,CORRECT,0,0,0,0,0,0,0.0,0.0,answer,
margin,live-delta,5,0.0,0.244356,0.607198,5.7e-05,0.980469,0.466277,0.616277,0.004011273384094238,0.6520997285842896,0.6480884552001953,2.446258783340454,11.545073509216309,0.1887655258178711,19,0,0,1,0,1,0,0.0,0.523506760597229,2,clean,0.0,-1,23,11,CORRECT,0,0,0,0,0,0,0.0,0.0,answer,
margin,live-delta,5,0.0,0.244356,0.607198,5.7e-05,0.980469,0.466277,0.616277,0.0026372671127319336,0.7925955057144165,0.7899582386016846,2.366831064224243,10.663546562194824,0.22386150062084198,20,0,0,1,0,1,0,0.0,0.5823259949684143,2,clean,0.0,-1,24,22,CORRECT,0,0,0,0,0,0,0.0,0.0,answer,
margin,live-delta,5,0.0,0.244356,0.607198,5.7e-05,0.980469,0.466277,0.616277,0.3059971034526825,0.6070910692214966,0.3010939657688141,-0.0,1.0,1.0,1,0,0,1,0,1,0,0.0,0.35750406980514526,2,clean,0.0,-1,25,30,CORRECT,0,0,0,0,0,0,0.0,0.0,answer,
margin,live-delta,5,0.0,0.244356,0.607198,5.7e-05,0.980469,0.466277,0.616277,0.021011531352996826,0.6684602499008179,0.647448718547821,2.0992791652679443,8.160285949707031,0.3467082679271698,15,0,0,1,0,1,0,0.0,0.47889745235443115,2,clean,0.0,-1,26,20,CORRECT,0,0,0,0,0,0,0.0,0.0,answer,
margin,live-delta,5,0.0,0.244356,0.607198,5.7e-05,0.980469,0.466277,0.616277,0.009212374687194824,0.7741955518722534,0.7649831771850586,2.2408275604248047,9.401107788085938,0.24142929911613464,20,0,0,1,0,1,0,0.0,0.5331166982650757,2,clean,0.0,-1,27,27,CORRECT,0,0,0,0,0,0,0.0,0.0,answer,
margin,live-delta,5,0.0,0.244356,0.607198,5.7e-05,0.980469,0.466277,0.616277,0.027210235595703125,0.8135794401168823,0.7863692045211792,1.9127768278121948,6.771866798400879,0.37401944398880005,20,0,0,1,0,1,0,0.0,0.6232535243034363,2,clean,0.0,-1,28,19,CORRECT,0,0,0,0,0,0,0.0,0.0,answer,
margin,live-delta,5,0.0,0.244356,0.607198,5.7e-05,0.980469,0.466277,0.616277,0.009036123752593994,0.7184197306632996,0.7093836069107056,2.036456346511841,7.66340446472168,0.33035457134246826,18,0,0,1,0,1,0,0.0,0.5991634130477905,2,clean,0.0,-1,29,7,CORRECT,0,0,0,0,0,0,0.0,0.0,answer,
margin,live-delta,5,0.0,0.244356,0.607198,5.7e-05,0.980469,0.466277,0.616277,0.01577126979827881,0.8026509284973145,0.7868796586990356,2.3519437313079834,10.50597095489502,0.24932830035686493,20,0,0,1,0,1,0,0.0,0.6467174291610718,2,clean,0.0,-1,30,22,CORRECT,0,0,0,0,0,0,0.0,0.0,answer,
margin,live-delta,5,0.0,0.244356,0.607198,5.7e-05,0.980469,0.466277,0.616277,0.11953634023666382,0.8753258585929871,0.7557895183563232,1.3980088233947754,4.047133445739746,0.6851340532302856,20,0,0,1,0,1,0,0.0,0.6159409284591675,2,clean,0.0,-1,31,0,CORRECT,0,0,0,0,0,0,0.0,0.0,answer,
margin,live-delta,5,0.0,0.244356,0.607198,5.7e-05,0.980469,0.466277,0.616277,0.2579633593559265,0.6663253307342529,0.4083619713783264,-0.0,1.0,1.0,1,0,0,1,0,1,0,0.0,0.4054147005081177,2,clean,0.0,-1,32,30,CORRECT,0,0,0,0,0,0,0.0,0.0,answer,
margin,live-delta,5,0.0,0.244356,0.607198,5.7e-05,0.980469,0.466277,0.616277,0.00027108192443847656,0.8409632444381714,0.8406921625137329,2.2232730388641357,9.237516403198242,0.23702208697795868,20,0,0,1,0,1,0,0.0,0.6162108182907104,2,clean,0.0,-1,33,27,CORRECT,0,0,0,0,0,0,0.0,0.0,answer,
margin,live-delta,5,0.0,0.244356,0.607198,5.7e-05,0.980469,0.466277,0.616277,0.07880854606628418,0.8197683095932007,0.7409597635269165,1.3303163051605225,3.7822394371032715,0.5591570138931274,6,0,0,1,0,1,0,0.0,0.7087355256080627,2,clean,0.0,-1,34,26,CORRECT,0,0,0,0,0,0,0.0,0.0,answer,
margin,live-delta,5,0.0,0.244356,0.607198,5.7e-05,0.980469,0.466277,0.616277,0.06488156318664551,0.8260010480880737,0.7611194849014282,1.1787643432617188,3.2503554821014404,0.5940961241722107,6,0,0,1,0,1,0,0.0,0.7347782254219055,2,clean,0.0,-1,35,26,CORRECT,0,0,0,0,0,0,0.0,0.0,answer,
margin,live-delta,5,0.0,0.244356,0.607198,5.7e-05,0.980469,0.466277,0.616277,0.01791250705718994,0.6625928282737732,0.6446803212165833,2.5377726554870605,12.651460647583008,0.1929238885641098,19,0,0,1,0,1,0,0.0,0.523886501789093,2,clean,0.0,-1,36,31,CORRECT,0,0,0,0,0,0,0.0,0.0,answer,
margin,live-delta,5,0.0,0.244356,0.607198,5.7e-05,0.980469,0.466277,0.616277,0.00014674663543701172,0.7378839254379272,0.7377371788024902,2.4393093585968018,11.465119361877441,0.20830827951431274,20,0,0,1,0,1,0,0.0,0.453913152217865,2,clean,0.0,-1,37,3,CORRECT,0,0,0,0,0,0,0.0,0.0,answer,
margin,live-delta,5,0.0,0.244356,0.607198,5.7e-05,0.980469,0.466277,0.616277,0.06540250778198242,0.8352208137512207,0.7698183059692383,1.9166908264160156,6.798424243927002,0.45502015948295593,18,0,0,1,0,1,0,0.0,0.525200366973877,2,clean,0.0,-1,39,19,CORRECT,0,0,0,0,0,0,0.0,0.0,answer,
margin,live-delta,5,0.0,0.244356,0.607198,5.7e-05,0.980469,0.466277,0.616277,8.213520050048828e-05,0.6722115278244019,0.6721293926239014,2.5988857746124268,13.448744773864746,0.13513359427452087,19,0,0,1,0,1,0,0.0,0.5113608837127686,2,clean,0.0,-1,40,1,CORRECT,0,0,0,0,0,0,0.0,0.0,answer,
margin,live-delta,5,0.0,0.244356,0.607198,5.7e-05,0.980469,0.466277,0.616277,0.021424174308776855,0.8092004060745239,0.7877762317657471,1.8422305583953857,6.310598850250244,0.3710879683494568,19,0,0,1,0,1,0,0.0,0.6027906537055969,2,clean,0.0,-1,41,2,CORRECT,0,0,0,0,0,0,0.0,0.0,answer,
margin,live-delta,5,0.0,0.244356,0.607198,5.7e-05,0.980469,0.466277,0.616277,0.014770090579986572,0.6550374627113342,0.6402673721313477,2.3951516151428223,10.969861030578613,0.2125970423221588,17,0,0,1,0,1,0,0.0,0.5561074614524841,2,clean,0.0,-1,42,18,CORRECT,0,0,0,0,0,0,0.0,0.0,answer,
margin,live-delta,5,0.0,0.244356,0.607198,5.7e-05,0.980469,0.466277,0.616277,0.0036307573318481445,0.8091407418251038,0.8055099844932556,2.218207359313965,9.190839767456055,0.24903666973114014,20,0,0,1,0,1,0,0.0,0.5742166042327881,2,clean,0.0,-1,43,22,CORRECT,0,0,0,0,0,0,0.0,0.0,answer,
margin,live-delta,5,0.0,0.244356,0.607198,5.7e-05,0.980469,0.466277,0.616277,0.007630765438079834,0.6590110659599304,0.6513803005218506,2.559352159500122,12.92743968963623,0.15378409624099731,18,0,0,1,0,1,0,0.0,0.4933120012283325,2,clean,0.0,-1,44,29,CORRECT,0,0,0,0,0,0,0.0,0.0,answer,
margin,live-delta,5,0.0,0.244356,0.607198,5.7e-05,0.980469,0.466277,0.616277,0.018065690994262695,0.7802423238754272,0.7621766328811646,2.3016512393951416,9.990665435791016,0.24524210393428802,20,0,0,1,0,1,0,0.0,0.5786288976669312,2,clean,0.0,-1,45,0,CORRECT,0,0,0,0,0,0,0.0,0.0,answer,
margin,live-delta,5,0.0,0.244356,0.607198,5.7e-05,0.980469,0.466277,0.616277,0.13380369544029236,0.615119457244873,0.4813157618045807,0.23890648782253265,1.269859790802002,0.9355999827384949,2,0,0,1,0,1,0,0.0,0.2942866384983063,2,clean,0.0,-1,46,6,CORRECT,0,0,0,0,0,0,0.0,0.0,answer,
margin,live-delta,5,0.0,0.244356,0.607198,5.7e-05,0.980469,0.466277,0.616277,0.014446496963500977,0.7987375259399414,0.7842910289764404,1.7550482749938965,5.783727169036865,0.37430909276008606,20,0,0,1,0,1,0,0.0,0.5803588032722473,2,clean,0.0,-1,47,9,CORRECT,0,0,0,0,0,0,0.0,0.0,answer,
margin,live-delta,5,0.0,0.244356,0.607198,5.7e-05,0.980469,0.466277,0.616277,0.04508107900619507,0.542166531085968,0.49708545207977295,1.221544623374939,3.392423629760742,0.5084954500198364,4,0,0,1,0,1,0,0.0,0.3024407625198364,2,clean,0.0,-1,48,10,CORRECT,0,0,0,0,0,0,0.0,0.0,answer,
margin,live-delta,5,0.0,0.244356,0.607198,5.7e-05,0.980469,0.466277,0.616277,0.015541672706604004,0.6601847410202026,0.6446430683135986,1.785942554473877,5.965199947357178,0.31330162286758423,8,0,0,1,0,1,0,0.0,0.5240664482116699,2,clean,0.0,-1,50,12,CORRECT,0,0,0,0,0,0,0.0,0.0,answer,
margin,live-delta,5,0.0,0.244356,0.607198,5.7e-05,0.980469,0.466277,0.616277,0.09869396686553955,0.8877891302108765,0.7890951633453369,1.5895107984542847,4.901350498199463,0.6128032207489014,20,0,0,1,0,1,0,0.0,0.6858367323875427,2,clean,0.0,-1,51,0,CORRECT,0,0,0,0,0,0,0.0,0.0,answer,
margin,live-delta,5,0.0,0.244356,0.607198,5.7e-05,0.980469,0.466277,0.616277,0.07959491014480591,0.835240364074707,0.7556454539299011,2.0745296478271484,7.960801124572754,0.4464603066444397,20,0,0,1,0,1,0,0.0,0.6948240995407104,2,clean,0.0,-1,52,22,CORRECT,0,0,0,0,0,0,0.0,0.0,answer,
margin,live-delta,5,0.0,0.244356,0.607198,5.7e-05,0.980469,0.466277,0.616277,0.04038846492767334,0.7718725204467773,0.731484055519104,1.4142096042633057,4.113234043121338,0.46398523449897766,7,0,0,1,0,1,0,0.0,0.6465674638748169,2,clean,0.0,-1,53,26,CORRECT,0,0,0,0,0,0,0.0,0.0,answer,
margin,live-delta,5,0.0,0.244356,0.607198,5.7e-05,0.980469,0.466277,0.616277,0.021745800971984863,0.7166833877563477,0.6949375867843628,1.9931995868682861,7.338977813720703,0.38795801997184753,20,0,0,1,0,1,0,0.0,0.5401468873023987,2,clean,0.0,-1,56,11,CORRECT,0,0,0,0,0,0,0.0,0.0,answer,
margin,live-delta,5,0.0,0.244356,0.607198,5.7e-05,0.980469,0.466277,0.616277,0.030704915523529053,0.7882815599441528,0.7575766444206238,1.7928885221481323,6.006778240203857,0.4267408549785614,19,0,0,1,0,1,0,0.0,0.4446962773799896,2,clean,0.0,-1,57,21,CORRECT,0,0,0,0,0,0,0.0,0.0,answer,
margin,live-delta,5,0.0,0.244356,0.607198,5.7e-05,0.980469,0.466277,0.616277,0.02657550573348999,0.8341991901397705,0.8076236844062805,2.004579782485962,7.422974109649658,0.35644713044166565,20,0,0,1,0,1,0,0.0,0.6128807067871094,2,clean,0.0,-1,58,0,CORRECT,0,0,0,0,0,0,0.0,0.0,answer,
margin,live-delta,5,0.0,0.244356,0.607198,5.7e-05,0.980469,0.466277,0.616277,0.003304004669189453,0.677891731262207,0.6745877265930176,2.606302499771118,13.548861503601074,0.1863083690404892,20,0,0,1,0,1,0,0.0,0.48026907444000244,2,clean,0.0,-1,59,14,CORRECT,0,0,0,0,0,0,0.0,0.0,answer,
margin,live-delta,5,0.0,0.244356,0.607198,5.7e-05,0.980469,0.466277,0.616277,0.06265604496002197,0.8349859714508057,0.7723299264907837,1.7187001705169678,5.577274322509766,0.5307914614677429,20,0,0,1,0,1,0,0.0,0.6107056736946106,2,clean,0.0,-1,60,2,CORRECT,0,0,0,0,0,0,0.0,0.0,answer,
margin,live-delta,5,0.0,0.244356,0.607198,5.7e-05,0.980469,0.466277,0.616277,0.002447187900543213,0.8728757500648499,0.8704285621643066,1.7311381101608276,5.6470770835876465,0.3716391623020172,20,0,0,1,0,1,0,0.0,0.6611804962158203,2,clean,0.0,-1,61,0,CORRECT,0,0,0,0,0,0,0.0,0.0,answer,
margin,live-delta,5,0.0,0.244356,0.607198,5.7e-05,0.980469,0.466277,0.616277,0.0034145712852478027,0.5589209198951721,0.5555063486099243,2.3829386234283447,10.836701393127441,0.17335356771945953,13,0,0,1,0,1,0,0.0,0.3900502622127533,2,clean,0.0,-1,62,0,CORRECT,0,0,0,0,0,0,0.0,0.0,answer,
margin,live-delta,5,0.0,0.244356,0.607198,5.7e-05,0.980469,0.466277,0.616277,0.024738192558288574,0.6136946678161621,0.5889564752578735,2.2272839546203613,9.274641036987305,0.24552853405475616,13,0,0,1,0,1,0,0.0,0.309717059135437,2,clean,0.0,-1,63,3,CORRECT,0,0,0,0,0,0,0.0,0.0,answer,
margin,live-delta,5,0.0,0.244356,0.607198,5.7e-05,0.980469,0.466277,0.616277,0.09998571872711182,0.618600070476532,0.5186143517494202,1.090551733970642,2.9759154319763184,0.6926170587539673,6,1,1,1,1,1,0,0.0,0.40959230065345764,2,clean,0.0,-1,64,50,CORRECT,0,0,0,0,0,0,0.0,0.0,answer,
margin,live-delta,5,0.0,0.244356,0.607198,5.7e-05,0.980469,0.466277,0.616277,0.05121266841888428,0.7665919661521912,0.7153792977333069,1.7484828233718872,5.74587869644165,0.47212183475494385,15,1,1,1,1,1,0,0.0,0.40311747789382935,2,clean,0.0,-1,65,37,CORRECT,0,0,0,0,0,0,0.0,0.0,answer,
margin,live-delta,5,0.0,0.244356,0.607198,5.7e-05,0.980469,0.466277,0.616277,0.03203341364860535,0.5036468505859375,0.47161343693733215,0.644357442855835,1.9047627449035645,0.6549046635627747,2,1,1,1,1,1,0,0.0,0.337674081325531,2,clean,0.0,-1,66,35,CORRECT,0,0,0,0,0,0,0.0,0.0,answer,
margin,live-delta,5,0.0,0.244356,0.607198,5.7e-05,0.980469,0.466277,0.616277,0.10132157802581787,0.6654294729232788,0.5641078948974609,1.589150071144104,4.899582862854004,0.600055456161499,12,1,1,1,1,1,0,0.0,0.41640186309814453,2,clean,0.0,-1,67,47,CORRECT,0,0,0,0,0,0,0.0,0.0,answer,
margin,live-delta,5,0.0,0.244356,0.607198,5.7e-05,0.980469,0.466277,0.616277,0.05116629600524902,0.6455747485160828,0.5944084525108337,1.2960596084594727,3.6548666954040527,0.5464943051338196,7,1,1,1,1,1,0,0.0,0.4683803915977478,2,clean,0.0,-1,68,57,CORRECT,0,0,0,0,0,0,0.0,0.0,answer,
margin,live-delta,5,0.0,0.244356,0.607198,5.7e-05,0.980469,0.466277,0.616277,0.11027538776397705,0.6950936317443848,0.5848182439804077,0.7107840776443481,2.0355865955352783,0.8172983527183533,6,1,1,1,1,1,0,0.0,0.4552825391292572,2,clean,0.0,-1,69,36,CORRECT,0,0,0,0,0,0,0.0,0.0,answer,
margin,live-delta,5,0.0,0.244356,0.607198,5.7e-05,0.980469,0.466277,0.616277,0.07145816087722778,0.8408964276313782,0.7694382667541504,1.6646839380264282,5.284002780914307,0.505393385887146,16,1,1,1,1,1,0,0.0,0.40438294410705566,2,clean,0.0,-1,70,40,CORRECT,0,0,0,0,0,0,0.0,0.0,answer,
margin,live-delta,5,0.0,0.244356,0.607198,5.7e-05,0.980469,0.466277,0.616277,0.006285190582275391,0.5209206342697144,0.514635443687439,1.8887509107589722,6.611105442047119,0.21866096556186676,7,1,1,1,1,1,0,0.0,0.3271400034427643,2,clean,0.0,-1,71,47,CORRECT,0,0,0,0,0,0,0.0,0.0,answer,
margin,live-delta,5,0.0,0.244356,0.607198,5.7e-05,0.980469,0.466277,0.616277,0.1541154384613037,0.7070056200027466,0.5528901815414429,0.25915229320526123,1.2958310842514038,0.9408519864082336,3,1,1,1,1,1,0,0.0,0.5489740371704102,2,clean,0.0,-1,72,36,CORRECT,0,0,0,0,0,0,0.0,0.0,answer,
margin,live-delta,5,0.0,0.244356,0.607198,5.7e-05,0.980469,0.466277,0.616277,0.03657364845275879,0.7942038774490356,0.7576302289962769,1.9058846235275269,6.725354194641113,0.3367863893508911,15,1,1,1,1,1,0,0.0,0.42950505018234253,2,clean,0.0,-1,74,45,CORRECT,0,0,0,0,0,0,0.0,0.0,answer,
margin,live-delta,5,0.0,0.244356,0.607198,5.7e-05,0.980469,0.466277,0.616277,0.12161687016487122,0.4690021574497223,0.3473852872848511,-0.0,1.0,1.0,1,1,1,1,1,1,0,0.0,0.29065269231796265,2,clean,0.0,-1,75,44,CORRECT,0,0,0,0,0,0,0.0,0.0,answer,
margin,live-delta,5,0.0,0.244356,0.607198,5.7e-05,0.980469,0.466277,0.616277,0.03811115026473999,0.7916508913040161,0.7535397410392761,1.5426193475723267,4.676824569702148,0.4435966908931732,12,1,1,1,1,1,0,0.0,0.4099929630756378,2,clean,0.0,-1,77,60,CORRECT,0,0,0,0,0,0,0.0,0.0,answer,
margin,live-delta,5,0.0,0.244356,0.607198,5.7e-05,0.980469,0.466277,0.616277,0.027743279933929443,0.6010585427284241,0.5733152627944946,1.4160377979278564,4.120760917663574,0.46678048372268677,6,1,1,1,1,1,0,0.0,0.415357768535614,2,clean,0.0,-1,78,35,CORRECT,0,0,0,0,0,0,0.0,0.0,answer,
margin,live-delta,5,0.0,0.244356,0.607198,5.7e-05,0.980469,0.466277,0.616277,0.037351906299591064,0.5969131588935852,0.5595612525939941,1.4065840244293213,4.081987380981445,0.4622056484222412,6,1,1,1,1,1,0,0.0,0.421724796295166,2,clean,0.0,-1,79,47,CORRECT,0,0,0,0,0,0,0.0,0.0,answer,
margin,live-delta,5,0.0,0.244356,0.607198,5.7e-05,0.980469,0.466277,0.616277,0.2626209259033203,0.7004657983779907,0.4378448724746704,-0.0,1.0,1.0,1,1,1,1,1,1,0,0.0,0.508686363697052,2,clean,0.0,-1,81,44,CORRECT,0,0,0,0,0,0,0.0,0.0,answer,
margin,live-delta,5,0.0,0.244356,0.607198,5.7e-05,0.980469,0.466277,0.616277,0.002087831497192383,0.5332192182540894,0.531131386756897,1.879578948020935,6.550745964050293,0.2097821682691574,7,1,1,1,1,1,0,0.0,0.35299718379974365,2,clean,0.0,-1,82,52,CORRECT,0,0,0,0,0,0,0.0,0.0,answer,
margin,live-delta,5,0.0,0.244356,0.607198,5.7e-05,0.980469,0.466277,0.616277,0.02273687720298767,0.5098756551742554,0.4871387779712677,1.0672328472137451,2.9073233604431152,0.4528815448284149,3,1,1,1,1,1,0,0.0,0.33688005805015564,2,clean,0.0,-1,83,35,CORRECT,0,0,0,0,0,0,0.0,0.0,answer,
margin,live-delta,5,0.0,0.244356,0.607198,5.7e-05,0.980469,0.466277,0.616277,0.0005498528480529785,0.6723116040229797,0.6717617511749268,2.3331432342529297,10.310297966003418,0.1623452752828598,15,1,1,1,1,1,0,0.0,0.3700893819332123,2,clean,0.0,-1,84,40,CORRECT,0,0,0,0,0,0,0.0,0.0,answer,
margin,live-delta,5,0.0,0.244356,0.607198,5.7e-05,0.980469,0.466277,0.616277,0.02664715051651001,0.487519770860672,0.460872620344162,-0.0,1.0,1.0,1,1,1,1,1,1,0,0.0,0.24179601669311523,2,clean,0.0,-1,85,63,CORRECT,0,0,0,0,0,0,0.0,0.0,answer,
margin,live-delta,5,0.0,0.244356,0.607198,5.7e-05,0.980469,0.466277,0.616277,0.06783407926559448,0.6784102916717529,0.6105762124061584,1.8441320657730103,6.322609901428223,0.45953890681266785,13,1,1,1,1,1,0,0.0,0.36041104793548584,2,clean,0.0,-1,86,61,CORRECT,0,0,0,0,0,0,0.0,0.0,answer,
margin,live-delta,5,0.0,0.244356,0.607198,5.7e-05,0.980469,0.466277,0.616277,0.1254260540008545,0.5565441846847534,0.4311181306838989,-0.0,1.0,1.0,1,1,1,1,1,1,0,0.0,0.35206863284111023,2,clean,0.0,-1,87,63,CORRECT,0,0,0,0,0,0,0.0,0.0,answer,
margin,live-delta,5,0.0,0.244356,0.607198,5.7e-05,0.980469,0.466277,0.616277,0.0759202241897583,0.4897550344467163,0.413834810256958,-0.0,1.0,1.0,1,1,1,1,1,1,0,0.0,0.197681725025177,2,clean,0.0,-1,88,44,CORRECT,0,0,0,0,0,0,0.0,0.0,answer,
margin,live-delta,5,0.0,0.244356,0.607198,5.7e-05,0.980469,0.466277,0.616277,0.009209275245666504,0.5815664529800415,0.572357177734375,2.1523971557617188,8.605462074279785,0.23630297183990479,11,1,1,1,1,1,0,0.0,0.2658657729625702,2,clean,0.0,-1,89,50,CORRECT,0,0,0,0,0,0,0.0,0.0,answer,
margin,live-delta,5,0.0,0.244356,0.607198,5.7e-05,0.980469,0.466277,0.616277,0.026315629482269287,0.5693287253379822,0.5430130958557129,1.5898866653442383,4.90319299697876,0.3744606673717499,6,1,1,1,1,1,0,0.0,0.44232887029647827,2,clean,0.0,-1,90,59,CORRECT,0,0,0,0,0,0,0.0,0.0,answer,
margin,live-delta,5,0.0,0.244356,0.607198,5.7e-05,0.980469,0.466277,0.616277,0.08912777900695801,0.756209135055542,0.667081356048584,1.6893302202224731,5.415852069854736,0.5579541325569153,15,1,1,1,1,1,0,0.0,0.35234421491622925,2,clean,0.0,-1,91,40,CORRECT,0,0,0,0,0,0,0.0,0.0,answer,
margin,live-delta,5,0.0,0.244356,0.607198,5.7e-05,0.980469,0.466277,0.616277,0.008020877838134766,0.5828986763954163,0.5748777985572815,2.2008423805236816,9.03261947631836,0.23457404971122742,11,1,1,1,1,1,0,0.0,0.37079745531082153,2,clean,0.0,-1,93,38,CORRECT,0,0,0,0,0,0,0.0,0.0,answer,
margin,live-delta,5,0.0,0.244356,0.607198,5.7e-05,0.980469,0.466277,0.616277,0.03238600492477417,0.6400529742240906,0.6076669692993164,2.0842947959899902,8.038920402526855,0.3071781098842621,12,1,1,1,1,1,0,0.0,0.2573622465133667,2,clean,0.0,-1,94,60,CORRECT,0,0,0,0,0,0,0.0,0.0,answer,
margin,live-delta,5,0.0,0.244356,0.607198,5.7e-05,0.980469,0.466277,0.616277,0.06375056505203247,0.5301032066345215,0.466352641582489,0.5248762369155884,1.6902496814727783,0.7815993428230286,2,1,1,1,1,1,0,0.0,0.346439003944397,2,clean,0.0,-1,95,52,CORRECT,0,0,0,0,0,0,0.0,0.0,answer,
margin,live-delta,5,0.0,0.244356,0.607198,5.7e-05,0.980469,0.466277,0.616277,0.01938331127166748,0.5583243370056152,0.5389410257339478,1.2063450813293457,3.341250419616699,0.4621243476867676,4,1,1,1,1,1,0,0.0,0.3553626537322998,2,clean,0.0,-1,96,42,CORRECT,0,0,0,0,0,0,0.0,0.0,answer,
margin,live-delta,5,0.0,0.244356,0.607198,5.7e-05,0.980469,0.466277,0.616277,0.03714674711227417,0.624442458152771,0.5872957110404968,2.082209348678589,8.022172927856445,0.3359236717224121,12,1,1,1,1,1,0,0.0,0.39441344141960144,2,clean,0.0,-1,97,52,CORRECT,0,0,0,0,0,0,0.0,0.0,answer,
margin,live-delta,5,0.0,0.244356,0.607198,5.7e-05,0.980469,0.466277,0.616277,0.008182287216186523,0.710715115070343,0.7025328278541565,1.9646108150482178,7.132136344909668,0.24671868979930878,15,1,1,1,1,1,0,0.0,0.4413045346736908,2,clean,0.0,-1,98,32,CORRECT,0,0,0,0,0,0,0.0,0.0,answer,
margin,live-delta,5,0.0,0.244356,0.607198,5.7e-05,0.980469,0.466277,0.616277,0.07950395345687866,0.8086062073707581,0.7291022539138794,1.727082371711731,5.624220371246338,0.5324875712394714,17,1,1,1,1,1,0,0.0,0.39816349744796753,2,clean,0.0,-1,99,40,CORRECT,0,0,0,0,0,0,0.0,0.0,answer,
margin,live-delta,5,0.0,0.244356,0.607198,5.7e-05,0.980469,0.466277,0.616277,0.05860075354576111,0.5353360772132874,0.47673532366752625,0.5470012426376343,1.7280632257461548,0.7635090947151184,2,1,1,1,1,1,0,0.0,0.3425619602203369,2,clean,0.0,-1,100,57,CORRECT,0,0,0,0,0,0,0.0,0.0,answer,
margin,live-delta,5,0.0,0.244356,0.607198,5.7e-05,0.980469,0.466277,0.616277,0.021641671657562256,0.6355977058410645,0.6139560341835022,2.4214563369750977,11.262248992919922,0.23112753033638,16,1,1,1,1,1,0,0.0,0.4764178395271301,2,clean,0.0,-1,101,59,CORRECT,0,0,0,0,0,0,0.0,0.0,answer,
margin,live-delta,5,0.0,0.244356,0.607198,5.7e-05,0.980469,0.466277,0.616277,0.054714083671569824,0.5064904689788818,0.451776385307312,-0.0,1.0,1.0,1,1,1,1,1,1,0,0.0,0.2953105568885803,2,clean,0.0,-1,102,63,CORRECT,0,0,0,0,0,0,0.0,0.0,answer,
margin,live-delta,5,0.0,0.244356,0.607198,5.7e-05,0.980469,0.466277,0.616277,0.007851600646972656,0.5549097061157227,0.54705810546875,0.9500627517700195,2.585871934890747,0.48384636640548706,3,1,1,1,1,1,0,0.0,0.348261296749115,2,clean,0.0,-1,103,39,CORRECT,0,0,0,0,0,0,0.0,0.0,answer,
margin,live-delta,5,0.0,0.244356,0.607198,5.7e-05,0.980469,0.466277,0.616277,0.0412028431892395,0.5383107662200928,0.49710792303085327,1.2734624147415161,3.5732030868530273,0.46618518233299255,4,1,1,1,1,1,0,0.0,0.16544708609580994,2,clean,0.0,-1,105,41,CORRECT,0,0,0,0,0,0,0.0,0.0,answer,
margin,live-delta,5,0.0,0.244356,0.607198,5.7e-05,0.980469,0.466277,0.616277,0.06919336318969727,0.8411480188369751,0.7719546556472778,1.6193878650665283,5.0499982833862305,0.5550135374069214,18,1,1,1,1,1,0,0.0,0.46236059069633484,2,clean,0.0,-1,106,40,CORRECT,0,0,0,0,0,0,0.0,0.0,answer,
margin,live-delta,5,0.0,0.244356,0.607198,5.7e-05,0.980469,0.466277,0.616277,0.0112648606300354,0.5574491620063782,0.5461843013763428,2.1453616619110107,8.54513168334961,0.22670850157737732,10,1,1,1,1,1,0,0.0,0.3906744420528412,2,clean,0.0,-1,107,51,CORRECT,0,0,0,0,0,0,0.0,0.0,answer,
margin,live-delta,5,0.0,0.244356,0.607198,5.7e-05,0.980469,0.466277,0.616277,0.03881198167800903,0.5745145082473755,0.5357025265693665,1.5413742065429688,4.671004772186279,0.4340221881866455,6,1,1,1,1,1,0,0.0,0.42668288946151733,2,clean,0.0,-1,109,38,CORRECT,0,0,0,0,0,0,0.0,0.0,answer,
margin,live-delta,5,0.0,0.244356,0.607198,5.7e-05,0.980469,0.466277,0.616277,0.013598799705505371,0.6043965816497803,0.5907977819442749,2.234657049179077,9.343276977539062,0.19502900540828705,13,1,1,1,1,1,0,0.0,0.2900141477584839,2,clean,0.0,-1,110,51,CORRECT,0,0,0,0,0,0,0.0,0.0,answer,
margin,live-delta,5,0.0,0.244356,0.607198,5.7e-05,0.980469,0.466277,0.616277,0.05629462003707886,0.47336429357528687,0.417069673538208,-0.0,1.0,1.0,1,1,1,1,1,1,0,0.0,0.16464796662330627,2,clean,0.0,-1,111,59,CORRECT,0,0,0,0,0,0,0.0,0.0,answer,
margin,live-delta,5,0.0,0.244356,0.607198,5.7e-05,0.980469,0.466277,0.616277,0.005659312009811401,0.4965621531009674,0.490902841091156,1.3755953311920166,3.9574320316314697,0.29926928877830505,4,1,1,1,1,1,0,0.0,0.1582716405391693,2,clean,0.0,-1,112,63,CORRECT,0,0,0,0,0,0,0.0,0.0,answer,
margin,live-delta,5,0.0,0.244356,0.607198,5.7e-05,0.980469,0.466277,0.616277,0.03795003890991211,0.5386905670166016,0.5007405281066895,0.6260095834732056,1.8701330423355103,0.6811367869377136,2,1,1,1,1,1,0,0.0,0.34128454327583313,2,clean,0.0,-1,113,36,CORRECT,0,0,0,0,0,0,0.0,0.0,answer,
margin,live-delta,5,0.0,0.244356,0.607198,5.7e-05,0.980469,0.466277,0.616277,0.0009084939956665039,0.5301651954650879,0.5292567014694214,1.3083757162094116,3.7001585960388184,0.31801289319992065,4,1,1,1,1,1,0,0.0,0.2635127902030945,2,clean,0.0,-1,115,62,CORRECT,0,0,0,0,0,0,0.0,0.0,answer,
margin,live-delta,5,0.0,0.244356,0.607198,5.7e-05,0.980469,0.466277,0.616277,0.005991756916046143,0.6308895349502563,0.6248977780342102,2.041196823120117,7.699819087982178,0.2383880913257599,14,1,1,1,1,1,0,0.0,0.4562114477157593,2,clean,0.0,-1,116,38,CORRECT,0,0,0,0,0,0,0.0,0.0,answer,
margin,live-delta,5,0.0,0.244356,0.607198,5.7e-05,0.980469,0.466277,0.616277,0.08642899990081787,0.6468977928161621,0.5604687929153442,1.4230724573135376,4.149851322174072,0.5965681672096252,8,1,1,1,1,1,0,0.0,0.3993479609489441,2,clean,0.0,-1,117,42,CORRECT,0,0,0,0,0,0,0.0,0.0,answer,
margin,live-delta,5,0.0,0.244356,0.607198,5.7e-05,0.980469,0.466277,0.616277,0.06817120313644409,0.7197924852371216,0.6516212821006775,1.7145893573760986,5.554394245147705,0.5323235988616943,15,1,1,1,1,1,0,0.0,0.3329954743385315,2,clean,0.0,-1,118,40,CORRECT,0,0,0,0,0,0,0.0,0.0,answer,
margin,live-delta,5,0.0,0.244356,0.607198,5.7e-05,0.980469,0.466277,0.616277,0.05210930109024048,0.5614919066429138,0.5093826055526733,0.859039306640625,2.360891580581665,0.65705806016922,3,1,1,1,1,1,0,0.0,0.39505207538604736,2,clean,0.0,-1,119,51,CORRECT,0,0,0,0,0,0,0.0,0.0,answer,
margin,live-delta,5,0.0,0.244356,0.607198,5.7e-05,0.980469,0.466277,0.616277,0.022288918495178223,0.5903431177139282,0.56805419921875,1.8569599390029907,6.404237747192383,0.3308742940425873,9,1,1,1,1,1,0,0.0,0.38903000950813293,2,clean,0.0,-1,121,57,CORRECT,0,0,0,0,0,0,0.0,0.0,answer,
margin,live-delta,5,0.0,0.244356,0.607198,5.7e-05,0.980469,0.466277,0.616277,0.09091466665267944,0.6686475872993469,0.5777329206466675,1.4103723764419556,4.097480773925781,0.6350938081741333,11,1,1,1,1,1,0,0.0,0.4798545837402344,2,clean,0.0,-1,122,50,CORRECT,0,0,0,0,0,0,0.0,0.0,answer,
margin,live-delta,5,0.0,0.244356,0.607198,5.7e-05,0.980469,0.466277,0.616277,0.013231277465820312,0.5954697132110596,0.5822384357452393,1.8852791786193848,6.588193416595459,0.31591758131980896,9,1,1,1,1,1,0,0.0,0.3156626522541046,2,clean,0.0,-1,123,52,CORRECT,0,0,0,0,0,0,0.0,0.0,answer,
margin,live-delta,5,0.0,0.244356,0.607198,5.7e-05,0.980469,0.466277,0.616277,0.004436910152435303,0.8431375026702881,0.8387005925178528,1.4869407415390015,4.423542022705078,0.4011160135269165,13,1,1,1,1,1,0,0.0,0.4534303545951843,2,clean,0.0,-1,125,41,CORRECT,0,0,0,0,0,0,0.0,0.0,answer,
margin,live-delta,5,0.0,0.244356,0.607198,5.7e-05,0.980469,0.466277,0.616277,0.08864820003509521,0.4892336130142212,0.400585412979126,-0.0,1.0,1.0,1,1,1,1,1,1,0,0.0,0.2482023388147354,2,clean,0.0,-1,126,38,CORRECT,0,0,0,0,0,0,0.0,0.0,answer,
margin,live-delta,5,0.0,0.244356,0.607198,5.7e-05,0.980469,0.466277,0.616277,0.07421362400054932,0.5997445583343506,0.5255309343338013,1.4360886812210083,4.204219818115234,0.5549681782722473,7,1,1,1,1,1,0,0.0,0.2862173318862915,2,clean,0.0,-1,127,47,CORRECT,0,0,0,0,0,0,0.0,0.0,answer,
margin,live-delta,5,0.0,0.244356,0.607198,5.7e-05,0.980469,0.466277,0.616277,0.016283154487609863,0.5630731582641602,0.5467900037765503,2.561187744140625,12.951190948486328,0.15698552131652832,15,2,2,1,2,1,0,0.0,0.36430293321609497,2,clean,0.0,-1,129,89,CORRECT,0,0,0,0,0,0,0.0,0.0,answer,
margin,live-delta,5,0.0,0.244356,0.607198,5.7e-05,0.980469,0.466277,0.616277,0.060343146324157715,0.7414408922195435,0.6810977458953857,1.7353003025054932,5.67063045501709,0.4609133005142212,15,2,2,1,2,1,0,0.0,0.5133565664291382,2,clean,0.0,-1,130,80,CORRECT,0,0,0,0,0,0,0.0,0.0,answer,
margin,live-delta,5,0.0,0.244356,0.607198,5.7e-05,0.980469,0.466277,0.616277,0.04067337512969971,0.6881340146064758,0.6474606394767761,1.7969489097595215,6.031217575073242,0.4137338697910309,14,2,2,1,2,1,0,0.0,0.5713598728179932,2,clean,0.0,-1,131,84,CORRECT,0,0,0,0,0,0,0.0,0.0,answer,
margin,live-delta,5,0.0,0.244356,0.607198,5.7e-05,0.980469,0.466277,0.616277,0.14067071676254272,0.7042433023452759,0.5635725855827332,0.9601891040802002,2.6121904850006104,0.7839149236679077,10,2,2,1,2,1,0,0.0,0.5656924247741699,2,clean,0.0,-1,132,82,CORRECT,0,0,0,0,0,0,0.0,0.0,answer,
margin,live-delta,5,0.0,0.244356,0.607198,5.7e-05,0.980469,0.466277,0.616277,0.036290526390075684,0.671927809715271,0.6356372833251953,1.6878896951675415,5.408055782318115,0.427912175655365,13,2,2,1,2,1,0,0.0,0.5307698249816895,2,clean,0.0,-1,133,84,CORRECT,0,0,0,0,0,0,0.0,0.0,answer,
margin,live-delta,5,0.0,0.244356,0.607198,5.7e-05,0.980469,0.466277,0.616277,0.0068738460540771484,0.5189614295959473,0.5120875835418701,1.7381528615951538,5.686829566955566,0.26037150621414185,6,2,2,1,2,1,0,0.0,0.2802686393260956,2,clean,0.0,-1,134,89,CORRECT,0,0,0,0,0,0,0.0,0.0,answer,
margin,live-delta,5,0.0,0.244356,0.607198,5.7e-05,0.980469,0.466277,0.616277,0.0005246996879577637,0.7538886666297913,0.7533639669418335,1.7762717008590698,5.90778923034668,0.3020019829273224,13,2,2,1,2,1,0,0.0,0.547387957572937,2,clean,0.0,-1,136,80,CORRECT,0,0,0,0,0,0,0.0,0.0,answer,
margin,live-delta,5,0.0,0.244356,0.607198,5.7e-05,0.980469,0.466277,0.616277,0.003684520721435547,0.6487258076667786,0.645041286945343,1.9841867685317993,7.273130416870117,0.2580257058143616,13,2,2,1,2,1,0,0.0,0.535396158695221,2,clean,0.0,-1,137,91,CORRECT,0,0,0,0,0,0,0.0,0.0,answer,
margin,live-delta,5,0.0,0.244356,0.607198,5.7e-05,0.980469,0.466277,0.616277,0.05013328790664673,0.7074763178825378,0.6573430299758911,2.0383803844451904,7.678163528442383,0.4086896777153015,19,2,2,1,2,1,0,0.0,0.5535368919372559,2,clean,0.0,-1,138,79,CORRECT,0,0,0,0,0,0,0.0,0.0,answer,
margin,live-delta,5,0.0,0.244356,0.607198,5.7e-05,0.980469,0.466277,0.616277,0.015082180500030518,0.565150797367096,0.5500686168670654,1.5573731660842896,4.746336936950684,0.3736588954925537,6,2,2,1,2,1,0,0.0,0.17426016926765442,2,clean,0.0,-1,139,67,CORRECT,0,0,0,0,0,0,0.0,0.0,answer,
margin,live-delta,5,0.0,0.244356,0.607198,5.7e-05,0.980469,0.466277,0.616277,0.10315626859664917,0.7914308905601501,0.688274621963501,0.5238189697265625,1.688463568687439,0.8545571565628052,5,2,2,1,2,1,0,0.0,0.6833494901657104,2,clean,0.0,-1,140,68,CORRECT,0,0,0,0,0,0,0.0,0.0,answer,
margin,live-delta,5,0.0,0.244356,0.607198,5.7e-05,0.980469,0.466277,0.616277,0.027010083198547363,0.5625884532928467,0.5355783700942993,2.3756349086761475,10.757841110229492,0.20922696590423584,12,2,2,1,2,1,0,0.0,0.3420320749282837,2,clean,0.0,-1,141,80,CORRECT,0,0,0,0,0,0,0.0,0.0,answer,
margin,live-delta,5,0.0,0.244356,0.607198,5.7e-05,0.980469,0.466277,0.616277,0.13027608394622803,0.7915511131286621,0.6612750291824341,1.1040230989456177,3.0162763595581055,0.7611311674118042,18,2,2,1,2,1,0,0.0,0.6682131290435791,2,clean,0.0,-1,142,95,CORRECT,0,0,0,0,0,0,0.0,0.0,answer,
margin,live-delta,5,0.0,0.244356,0.607198,5.7e-05,0.980469,0.466277,0.616277,0.13579082489013672,0.6931444406509399,0.5573536157608032,0.29598867893218994,1.3444548845291138,0.9264243841171265,3,2,2,1,2,1,0,0.0,0.47784537076950073,2,clean,0.0,-1,143,76,CORRECT,0,0,0,0,0,0,0.0,0.0,answer,
margin,live-delta,5,0.0,0.244356,0.607198,5.7e-05,0.980469,0.466277,0.616277,0.00894784927368164,0.5137728452682495,0.5048249959945679,2.05660343170166,7.819365501403809,0.17077074944972992,8,2,2,1,2,1,0,0.0,0.330750972032547,2,clean,0.0,-1,144,84,CORRECT,0,0,0,0,0,0,0.0,0.0,answer,
margin,live-delta,5,0.0,0.244356,0.607198,5.7e-05,0.980469,0.466277,0.616277,0.030334651470184326,0.6259560585021973,0.5956214070320129,2.16801118850708,8.740882873535156,0.32913848757743835,14,2,2,1,2,1,0,0.0,0.35051417350769043,2,clean,0.0,-1,145,90,CORRECT,0,0,0,0,0,0,0.0,0.0,answer,
margin,live-delta,5,0.0,0.244356,0.607198,5.7e-05,0.980469,0.466277,0.616277,0.015457987785339355,0.5768289566040039,0.5613709688186646,1.3100781440734863,3.70646333694458,0.39021971821784973,4,2,2,1,2,1,0,0.0,0.3091595768928528,2,clean,0.0,-1,146,85,CORRECT,0,0,0,0,0,0,0.0,0.0,answer,
margin,live-delta,5,0.0,0.244356,0.607198,5.7e-05,0.980469,0.466277,0.616277,0.009372591972351074,0.7042195796966553,0.6948469877243042,2.2201528549194336,9.208738327026367,0.22787244617938995,20,2,2,1,2,1,0,0.0,0.4942100942134857,2,clean,0.0,-1,147,80,CORRECT,0,0,0,0,0,0,0.0,0.0,answer,
margin,live-delta,5,0.0,0.244356,0.607198,5.7e-05,0.980469,0.466277,0.616277,0.029896914958953857,0.6239545941352844,0.5940576791763306,2.3112339973449707,10.086864471435547,0.31198281049728394,16,2,2,1,2,1,0,0.0,0.3297209143638611,2,clean,0.0,-1,148,95,CORRECT,0,0,0,0,0,0,0.0,0.0,answer,
margin,live-delta,5,0.0,0.244356,0.607198,5.7e-05,0.980469,0.466277,0.616277,0.004040539264678955,0.5432393550872803,0.5391988158226013,1.5254955291748047,4.597421169281006,0.2913380265235901,5,2,2,1,2,1,0,0.0,0.3532825708389282,2,clean,0.0,-1,149,94,CORRECT,0,0,0,0,0,0,0.0,0.0,answer,
margin,live-delta,5,0.0,0.244356,0.607198,5.7e-05,0.980469,0.466277,0.616277,0.005341708660125732,0.5863345265388489,0.5809928178787231,1.7241647243499756,5.607834815979004,0.28412020206451416,7,2,2,1,2,1,0,0.0,0.4689067006111145,2,clean,0.0,-1,151,95,CORRECT,0,0,0,0,0,0,0.0,0.0,answer,
margin,live-delta,5,0.0,0.244356,0.607198,5.7e-05,0.980469,0.466277,0.616277,0.013454973697662354,0.5799499750137329,0.5664950013160706,1.8747450113296509,6.519156455993652,0.3245985805988312,9,2,2,1,2,1,0,0.0,0.45656436681747437,2,clean,0.0,-1,152,71,CORRECT,0,0,0,0,0,0,0.0,0.0,answer,
margin,live-delta,5,0.0,0.244356,0.607198,5.7e-05,0.980469,0.466277,0.616277,0.055962324142456055,0.7152880430221558,0.6593257188796997,2.0730578899383545,7.949093341827393,0.41245174407958984,17,2,2,1,2,1,0,0.0,0.5391017198562622,2,clean,0.0,-1,153,80,CORRECT,0,0,0,0,0,0,0.0,0.0,answer,
margin,live-delta,5,0.0,0.244356,0.607198,5.7e-05,0.980469,0.466277,0.616277,0.02488243579864502,0.6584439277648926,0.6335614919662476,2.0872437953948975,8.062662124633789,0.347737580537796,16,2,2,1,2,1,0,0.0,0.4151434600353241,2,clean,0.0,-1,154,74,CORRECT,0,0,0,0,0,0,0.0,0.0,answer,
margin,live-delta,5,0.0,0.244356,0.607198,5.7e-05,0.980469,0.466277,0.616277,0.04854661226272583,0.5953265428543091,0.5467799305915833,1.16036856174469,3.1911091804504395,0.586326539516449,5,2,2,1,2,1,0,0.0,0.43014076352119446,2,clean,0.0,-1,156,68,CORRECT,0,0,0,0,0,0,0.0,0.0,answer,
margin,live-delta,5,0.0,0.244356,0.607198,5.7e-05,0.980469,0.466277,0.616277,0.0775800347328186,0.7291195392608643,0.6515395045280457,1.356828212738037,3.883854866027832,0.6280791759490967,12,2,2,1,2,1,0,0.0,0.5488950610160828,2,clean,0.0,-1,157,94,CORRECT,0,0,0,0,0,0,0.0,0.0,answer,
margin,live-delta,5,0.0,0.244356,0.607198,5.7e-05,0.980469,0.466277,0.616277,0.02474379539489746,0.69541335105896,0.6706695556640625,2.2874703407287598,9.84998893737793,0.32333171367645264,20,2,2,1,2,1,0,0.0,0.46810394525527954,2,clean,0.0,-1,158,92,CORRECT,0,0,0,0,0,0,0.0,0.0,answer,
margin,live-delta,5,0.0,0.244356,0.607198,5.7e-05,0.980469,0.466277,0.616277,0.11211967468261719,0.7105110883712769,0.5983914136886597,0.9322810173034668,2.540297031402588,0.7841705679893494,11,2,2,1,2,1,0,0.0,0.5441452860832214,2,clean,0.0,-1,159,68,CORRECT,0,0,0,0,0,0,0.0,0.0,answer,
margin,live-delta,5,0.0,0.244356,0.607198,5.7e-05,0.980469,0.466277,0.616277,0.012909889221191406,0.6248509883880615,0.6119410991668701,1.034548282623291,2.8138349056243896,0.49615219235420227,4,2,2,1,2,1,0,0.0,0.5396009087562561,2,clean,0.0,-1,160,85,CORRECT,0,0,0,0,0,0,0.0,0.0,answer,
margin,live-delta,5,0.0,0.244356,0.607198,5.7e-05,0.980469,0.466277,0.616277,0.005746603012084961,0.5610314607620239,0.555284857749939,1.8373068571090698,6.279603481292725,0.2964525520801544,8,2,2,1,2,1,0,0.0,0.35305845737457275,2,clean,0.0,-1,162,95,CORRECT,0,0,0,0,0,0,0.0,0.0,answer,
margin,live-delta,5,0.0,0.244356,0.607198,5.7e-05,0.980469,0.466277,0.616277,0.15240740776062012,0.8081988096237183,0.6557914018630981,0.4359906315803528,1.5464942455291748,0.9095169901847839,9,2,2,1,2,1,0,0.0,0.6263875365257263,2,clean,0.0,-1,163,82,CORRECT,0,0,0,0,0,0,0.0,0.0,answer,
margin,live-delta,5,0.0,0.244356,0.607198,5.7e-05,0.980469,0.466277,0.616277,0.06616216897964478,0.7789145708084106,0.7127524018287659,1.4441739320755005,4.238349437713623,0.5569444894790649,12,2,2,1,2,1,0,0.0,0.601078987121582,2,clean,0.0,-1,164,80,CORRECT,0,0,0,0,0,0,0.0,0.0,answer,
margin,live-delta,5,0.0,0.244356,0.607198,5.7e-05,0.980469,0.466277,0.616277,0.02064359188079834,0.5866369605064392,0.5659933686256409,2.4229724407196045,11.279336929321289,0.2292332649230957,14,2,2,1,2,1,0,0.0,0.44338637590408325,2,clean,0.0,-1,166,88,CORRECT,0,0,0,0,0,0,0.0,0.0,answer,
margin,live-delta,5,0.0,0.244356,0.607198,5.7e-05,0.980469,0.466277,0.616277,0.024736642837524414,0.606033205986023,0.5812965631484985,1.4480202198028564,4.254683017730713,0.43405407667160034,6,2,2,1,2,1,0,0.0,0.4318395256996155,2,clean,0.0,-1,167,88,CORRECT,0,0,0,0,0,0,0.0,0.0,answer,
margin,live-delta,5,0.0,0.244356,0.607198,5.7e-05,0.980469,0.466277,0.616277,0.008060634136199951,0.6232964992523193,0.6152358651161194,1.5166947841644287,4.557137966156006,0.3093995153903961,5,2,2,1,2,1,0,0.0,0.28481394052505493,2,clean,0.0,-1,168,67,CORRECT,0,0,0,0,0,0,0.0,0.0,answer,
margin,live-delta,5,0.0,0.244356,0.607198,5.7e-05,0.980469,0.466277,0.616277,0.08725428581237793,0.693211555480957,0.6059572696685791,1.5870367288589478,4.889239311218262,0.6153662204742432,16,2,2,1,2,1,0,0.0,0.3863239288330078,2,clean,0.0,-1,169,94,CORRECT,0,0,0,0,0,0,0.0,0.0,answer,
margin,live-delta,5,0.0,0.244356,0.607198,5.7e-05,0.980469,0.466277,0.616277,0.0413893461227417,0.7523607015609741,0.7109713554382324,1.3815333843231201,3.981001377105713,0.5346791744232178,10,2,2,1,2,1,0,0.0,0.5928447842597961,2,clean,0.0,-1,171,82,CORRECT,0,0,0,0,0,0,0.0,0.0,answer,
margin,live-delta,5,0.0,0.244356,0.607198,5.7e-05,0.980469,0.466277,0.616277,0.06721699237823486,0.6195198893547058,0.552302896976471,0.5096821784973145,1.664762020111084,0.7932027578353882,2,2,2,1,2,1,0,0.0,0.5161680579185486,2,clean,0.0,-1,172,85,CORRECT,0,0,0,0,0,0,0.0,0.0,answer,
margin,live-delta,5,0.0,0.244356,0.607198,5.7e-05,0.980469,0.466277,0.616277,0.07371622323989868,0.6819985508918762,0.6082823276519775,1.2305958271026611,3.4232685565948486,0.607131838798523,6,2,2,1,2,1,0,0.0,0.47153395414352417,2,clean,0.0,-1,173,68,CORRECT,0,0,0,0,0,0,0.0,0.0,answer,
margin,live-delta,5,0.0,0.244356,0.607198,5.7e-05,0.980469,0.466277,0.616277,0.030966460704803467,0.6728857159614563,0.6419192552566528,1.7405102252960205,5.70025110244751,0.40254369378089905,12,2,2,1,2,1,0,0.0,0.34602662920951843,2,clean,0.0,-1,174,67,CORRECT,0,0,0,0,0,0,0.0,0.0,answer,
margin,live-delta,5,0.0,0.244356,0.607198,5.7e-05,0.980469,0.466277,0.616277,0.02083343267440796,0.6345972418785095,0.6137638092041016,2.396552085876465,10.985235214233398,0.22136878967285156,17,2,2,1,2,1,0,0.0,0.4687931537628174,2,clean,0.0,-1,175,74,CORRECT,0,0,0,0,0,0,0.0,0.0,answer,
margin,live-delta,5,0.0,0.244356,0.607198,5.7e-05,0.980469,0.466277,0.616277,0.1282334327697754,0.7788606882095337,0.6506272554397583,0.5262368321418762,1.6925508975982666,0.8699262738227844,5,2,2,1,2,1,0,0.0,0.6797915101051331,2,clean,0.0,-1,176,68,CORRECT,0,0,0,0,0,0,0.0,0.0,answer,
margin,live-delta,5,0.0,0.244356,0.607198,5.7e-05,0.980469,0.466277,0.616277,0.037269771099090576,0.6675590872764587,0.6302893161773682,1.8351078033447266,6.265809535980225,0.41850006580352783,12,2,2,1,2,1,0,0.0,0.5264285802841187,2,clean,0.0,-1,177,80,CORRECT,0,0,0,0,0,0,0.0,0.0,answer,
margin,live-delta,5,0.0,0.244356,0.607198,5.7e-05,0.980469,0.466277,0.616277,0.11271160840988159,0.7303362488746643,0.6176246404647827,1.0682060718536377,2.910154104232788,0.7476840019226074,14,2,2,1,2,1,0,0.0,0.566432535648346,2,clean,0.0,-1,178,92,CORRECT,0,0,0,0,0,0,0.0,0.0,answer,
margin,live-delta,5,0.0,0.244356,0.607198,5.7e-05,0.980469,0.466277,0.616277,0.039039790630340576,0.6944647431373596,0.655424952507019,1.7918906211853027,6.000786781311035,0.4299042522907257,13,2,2,1,2,1,0,0.0,0.5696750283241272,2,clean,0.0,-1,179,91,CORRECT,0,0,0,0,0,0,0.0,0.0,answer,
margin,live-delta,5,0.0,0.244356,0.607198,5.7e-05,0.980469,0.466277,0.616277,0.020443439483642578,0.6780236959457397,0.6575802564620972,2.4922432899475098,12.088363647460938,0.24060675501823425,19,2,2,1,2,1,0,0.0,0.5304607152938843,2,clean,0.0,-1,180,91,CORRECT,0,0,0,0,0,0,0.0,0.0,answer,
margin,live-delta,5,0.0,0.244356,0.607198,5.7e-05,0.980469,0.466277,0.616277,0.024712681770324707,0.6381895542144775,0.6134768724441528,1.4255295991897583,4.160060405731201,0.46456971764564514,8,2,2,1,2,1,0,0.0,0.26151567697525024,2,clean,0.0,-1,181,67,CORRECT,0,0,0,0,0,0,0.0,0.0,answer,
margin,live-delta,5,0.0,0.244356,0.607198,5.7e-05,0.980469,0.466277,0.616277,0.010335981845855713,0.5961796045303345,0.5858436226844788,2.3410282135009766,10.391916275024414,0.20926615595817566,14,2,2,1,2,1,0,0.0,0.4780789017677307,2,clean,0.0,-1,182,93,CORRECT,0,0,0,0,0,0,0.0,0.0,answer,
margin,live-delta,5,0.0,0.244356,0.607198,5.7e-05,0.980469,0.466277,0.616277,0.037868618965148926,0.6397140026092529,0.601845383644104,2.124819755554199,8.37138843536377,0.3193504214286804,13,2,2,1,2,1,0,0.0,0.4415649175643921,2,clean,0.0,-1,183,80,CORRECT,0,0,0,0,0,0,0.0,0.0,answer,
margin,live-delta,5,0.0,0.244356,0.607198,5.7e-05,0.980469,0.466277,0.616277,0.02257359027862549,0.6969536542892456,0.6743800640106201,2.3240654468536377,10.217126846313477,0.2829517126083374,20,2,2,1,2,1,0,0.0,0.5205903053283691,2,clean,0.0,-1,184,91,CORRECT,0,0,0,0,0,0,0.0,0.0,answer,
margin,live-delta,5,0.0,0.244356,0.607198,5.7e-05,0.980469,0.466277,0.616277,0.08996117115020752,0.6739968061447144,0.5840356349945068,1.3994174003601074,4.052838325500488,0.610733151435852,9,2,2,1,2,1,0,0.0,0.3213646113872528,2,clean,0.0,-1,185,67,CORRECT,0,0,0,0,0,0,0.0,0.0,answer,
margin,live-delta,5,0.0,0.244356,0.607198,5.7e-05,0.980469,0.466277,0.616277,0.010523676872253418,0.6649458408355713,0.6544221639633179,2.5547595024108887,12.868204116821289,0.16769342124462128,20,2,2,1,2,1,0,0.0,0.45762038230895996,2,clean,0.0,-1,186,89,CORRECT,0,0,0,0,0,0,0.0,0.0,answer,
margin,live-delta,5,0.0,0.244356,0.607198,5.7e-05,0.980469,0.466277,0.616277,0.0033548474311828613,0.6261475682258606,0.6227927207946777,1.8005625009536743,6.053051471710205,0.3042020797729492,9,2,2,1,2,1,0,0.0,0.5129871964454651,2,clean,0.0,-1,187,88,CORRECT,0,0,0,0,0,0,0.0,0.0,answer,
margin,live-delta,5,0.0,0.244356,0.607198,5.7e-05,0.980469,0.466277,0.616277,0.05916464328765869,0.5708418488502502,0.5116772055625916,0.8113946318626404,2.2510452270507812,0.6907492876052856,3,2,2,1,2,1,0,0.0,0.4427361488342285,2,clean,0.0,-1,188,78,CORRECT,0,0,0,0,0,0,0.0,0.0,answer,
margin,live-delta,5,0.0,0.244356,0.607198,5.7e-05,0.980469,0.466277,0.616277,0.006326436996459961,0.6582905054092407,0.6519640684127808,2.502655506134033,12.214887619018555,0.1542011797428131,20,2,2,1,2,1,0,0.0,0.5008820295333862,2,clean,0.0,-1,189,74,CORRECT,0,0,0,0,0,0,0.0,0.0,answer,
margin,live-delta,5,0.0,0.244356,0.607198,5.7e-05,0.980469,0.466277,0.616277,0.06224316358566284,0.7220123410224915,0.6597691774368286,1.9369443655014038,6.9375200271606445,0.4199064373970032,16,2,2,1,2,1,0,0.0,0.5344237685203552,2,clean,0.0,-1,190,91,CORRECT,0,0,0,0,0,0,0.0,0.0,answer,
margin,live-delta,5,0.0,0.244356,0.607198,5.7e-05,0.980469,0.466277,0.616277,0.010715484619140625,0.5521745681762695,0.5414590835571289,1.9276747703552246,6.873509407043457,0.2654131054878235,8,2,2,1,2,1,0,0.0,0.399591863155365,2,clean,0.0,-1,191,94,CORRECT,0,0,0,0,0,0,0.0,0.0,answer,
margin,live-delta,5,0.0,0.244356,0.607198,5.7e-05,0.980469,0.466277,0.616277,0.1926092505455017,0.573388934135437,0.3807796835899353,-0.0,1.0,1.0,1,3,3,1,3,1,0,0.0,0.29521629214286804,2,clean,0.0,-1,192,126,CORRECT,0,0,0,0,0,0,0.0,0.0,answer,
margin,live-delta,5,0.0,0.244356,0.607198,5.7e-05,0.980469,0.466277,0.616277,0.002837657928466797,0.4762086868286133,0.4733710289001465,0.6927447319030762,1.9991952180862427,0.5141844749450684,2,3,3,1,3,1,0,0.0,0.13931193947792053,2,clean,0.0,-1,193,108,CORRECT,0,0,0,0,0,0,0.0,0.0,answer,
margin,live-delta,5,0.0,0.244356,0.607198,5.7e-05,0.980469,0.466277,0.616277,0.10279828310012817,0.5986695885658264,0.49587130546569824,0.3536701798439026,1.4242852926254272,0.8865489959716797,2,3,3,1,3,1,0,0.0,0.20850712060928345,2,clean,0.0,-1,194,110,CORRECT,0,0,0,0,0,0,0.0,0.0,answer,
margin,live-delta,5,0.0,0.244356,0.607198,5.7e-05,0.980469,0.466277,0.616277,0.03087615966796875,0.4933467507362366,0.4624705910682678,-0.0,1.0,1.0,1,3,3,1,3,1,0,0.0,0.09028860926628113,2,clean,0.0,-1,200,108,CORRECT,0,0,0,0,0,0,0.0,0.0,answer,
margin,live-delta,5,0.0,0.244356,0.607198,5.7e-05,0.980469,0.466277,0.616277,0.09149575233459473,0.5550409555435181,0.46354520320892334,-0.0,1.0,1.0,1,3,3,1,3,1,0,0.0,0.24887317419052124,2,clean,0.0,-1,201,120,CORRECT,0,0,0,0,0,0,0.0,0.0,answer,
margin,live-delta,5,0.0,0.244356,0.607198,5.7e-05,0.980469,0.466277,0.616277,0.02482759952545166,0.6939318180084229,0.6691042184829712,0.8073439598083496,2.241945266723633,0.6013247966766357,4,3,3,1,3,1,0,0.0,0.24247205257415771,2,clean,0.0,-1,202,107,CORRECT,0,0,0,0,0,0,0.0,0.0,answer,
margin,live-delta,5,0.0,0.244356,0.607198,5.7e-05,0.980469,0.466277,0.616277,0.029502391815185547,0.5513004660606384,0.5217980742454529,1.253708004951477,3.5033092498779297,0.4627518951892853,4,3,3,1,3,1,0,0.0,0.23448604345321655,2,clean,0.0,-1,205,120,CORRECT,0,0,0,0,0,0,0.0,0.0,answer,
margin,live-delta,5,0.0,0.244356,0.607198,5.7e-05,0.980469,0.466277,0.616277,0.02621561288833618,0.5272265672683716,0.5010109543800354,2.0063228607177734,7.435924053192139,0.23957088589668274,8,3,3,1,3,1,0,0.0,0.1180831789970398,2,clean,0.0,-1,207,104,CORRECT,0,0,0,0,0,0,0.0,0.0,answer,
margin,live-delta,5,0.0,0.244356,0.607198,5.7e-05,0.980469,0.466277,0.616277,0.11798250675201416,0.6017956733703613,0.48381316661834717,0.7409191727638245,2.097862958908081,0.7911416888237,4,3,3,1,3,1,0,0.0,0.2477075755596161,2,clean,0.0,-1,208,115,CORRECT,0,0,0,0,0,0,0.0,0.0,answer,
margin,live-delta,5,0.0,0.244356,0.607198,5.7e-05,0.980469,0.466277,0.616277,0.08217626810073853,0.6692698001861572,0.5870935320854187,0.6440044641494751,1.9040905237197876,0.7986990213394165,4,3,3,1,3,1,0,0.0,0.2568804919719696,2,clean,0.0,-1,209,120,CORRECT,0,0,0,0,0,0,0.0,0.0,answer,
margin,live-delta,5,0.0,0.244356,0.607198,5.7e-05,0.980469,0.466277,0.616277,0.15729665756225586,0.6105475425720215,0.4532508850097656,-0.0,1.0,1.0,1,3,3,1,3,1,0,0.0,0.15729665756225586,2,clean,0.0,-1,210,104,CORRECT,0,0,0,0,0,0,0.0,0.0,answer,
margin,live-delta,5,0.0,0.244356,0.607198,5.7e-05,0.980469,0.466277,0.616277,0.02014237642288208,0.6971720457077026,0.6770296692848206,1.990173578262329,7.316803932189941,0.30935487151145935,13,3,3,1,3,1,0,0.0,0.2428939938545227,2,clean,0.0,-1,211,120,CORRECT,0,0,0,0,0,0,0.0,0.0,answer,
margin,live-delta,5,0.0,0.244356,0.607198,5.7e-05,0.980469,0.466277,0.616277,0.06616729497909546,0.6066004633903503,0.5404331684112549,1.324224829673767,3.759270191192627,0.5778385996818542,6,3,3,1,3,1,0,0.0,0.28090739250183105,2,clean,0.0,-1,212,116,CORRECT,0,0,0,0,0,0,0.0,0.0,answer,
margin,live-delta,5,0.0,0.244356,0.607198,5.7e-05,0.980469,0.466277,0.616277,0.00887608528137207,0.5642865896224976,0.5554105043411255,1.838852882385254,6.2893195152282715,0.28707244992256165,8,3,3,1,3,1,0,0.0,0.19849196076393127,2,clean,0.0,-1,213,107,CORRECT,0,0,0,0,0,0,0.0,0.0,answer,
margin,live-delta,5,0.0,0.244356,0.607198,5.7e-05,0.980469,0.466277,0.616277,0.05752432346343994,0.5843203663825989,0.5267960429191589,0.8016424775123596,2.2291994094848633,0.692435085773468,3,3,3,1,3,1,0,0.0,0.25374045968055725,2,clean,0.0,-1,214,105,CORRECT,0,0,0,0,0,0,0.0,0.0,answer,
margin,live-delta,5,0.0,0.244356,0.607198,5.7e-05,0.980469,0.466277,0.616277,0.01133456826210022,0.5045703649520874,0.4932357966899872,1.064758062362671,2.900137186050415,0.4318862557411194,3,3,3,1,3,1,0,0.0,0.2836514711380005,2,clean,0.0,-1,216,108,CORRECT,0,0,0,0,0,0,0.0,0.0,answer,
margin,live-delta,5,0.0,0.244356,0.607198,5.7e-05,0.980469,0.466277,0.616277,0.003426849842071533,0.5011805295944214,0.49775367975234985,1.3551664352416992,3.877406120300293,0.31608033180236816,4,3,3,1,3,1,0,0.0,0.19427341222763062,2,clean,0.0,-1,218,98,CORRECT,0,0,0,0,0,0,0.0,0.0,answer,
margin,live-delta,5,0.0,0.244356,0.607198,5.7e-05,0.980469,0.466277,0.616277,0.12949895858764648,0.6797758340835571,0.5502768754959106,0.48130854964256287,1.6181905269622803,0.8866637945175171,5,3,3,1,3,1,0,0.0,0.3595513105392456,2,clean,0.0,-1,219,100,CORRECT,0,0,0,0,0,0,0.0,0.0,answer,
margin,live-delta,5,0.0,0.244356,0.607198,5.7e-05,0.980469,0.466277,0.616277,0.06679219007492065,0.5910822153091431,0.5242900252342224,1.659691333770752,5.257687568664551,0.4827601909637451,8,3,3,1,3,1,0,0.0,0.2517186403274536,2,clean,0.0,-1,220,96,CORRECT,0,0,0,0,0,0,0.0,0.0,answer,
margin,live-delta,5,0.0,0.244356,0.607198,5.7e-05,0.980469,0.466277,0.616277,0.01146090030670166,0.6261302828788757,0.6146693825721741,1.7643245458602905,5.83762788772583,0.30648717284202576,9,3,3,1,3,1,0,0.0,0.21545302867889404,2,clean,0.0,-1,224,112,CORRECT,0,0,0,0,0,0,0.0,0.0,answer,
margin,live-delta,5,0.0,0.244356,0.607198,5.7e-05,0.980469,0.466277,0.616277,0.004072070121765137,0.5881993770599365,0.5841273069381714,2.1805710792541504,8.851359367370605,0.19593437016010284,11,3,3,1,3,1,0,0.0,0.18485039472579956,2,clean,0.0,-1,225,110,CORRECT,0,0,0,0,0,0,0.0,0.0,answer,
margin,live-delta,5,0.0,0.244356,0.607198,5.7e-05,0.980469,0.466277,0.616277,0.03309154510498047,0.5609841346740723,0.5278925895690918,0.6412531137466431,1.898858904838562,0.6596715450286865,2,3,3,1,3,1,0,0.0,0.20335319638252258,2,clean,0.0,-1,226,108,CORRECT,0,0,0,0,0,0,0.0,0.0,answer,
margin,live-delta,5,0.0,0.244356,0.607198,5.7e-05,0.980469,0.466277,0.616277,0.037726402282714844,0.5063289403915405,0.4686025381088257,0.6267454028129578,1.8715096712112427,0.6801645159721375,2,3,3,1,3,1,0,0.0,0.15563541650772095,2,clean,0.0,-1,227,126,CORRECT,0,0,0,0,0,0,0.0,0.0,answer,
margin,live-delta,5,0.0,0.244356,0.607198,5.7e-05,0.980469,0.466277,0.616277,0.012221962213516235,0.47681495547294617,0.46459299325942993,-0.0,1.0,1.0,1,3,3,1,3,1,0,0.0,0.13924476504325867,2,clean,0.0,-1,231,104,CORRECT,0,0,0,0,0,0,0.0,0.0,answer,
margin,live-delta,5,0.0,0.244356,0.607198,5.7e-05,0.980469,0.466277,0.616277,0.029977619647979736,0.47079384326934814,0.4408162236213684,-0.0,1.0,1.0,1,3,3,1,3,1,0,0.0,0.23236018419265747,2,clean,0.0,-1,232,98,CORRECT,0,0,0,0,0,0,0.0,0.0,answer,
margin,live-delta,5,0.0,0.244356,0.607198,5.7e-05,0.980469,0.466277,0.616277,0.004300862550735474,0.4803829491138458,0.47608208656311035,0.6922231912612915,1.9981528520584106,0.5214909315109253,2,3,3,1,3,1,0,0.0,0.1727493703365326,2,clean,0.0,-1,233,98,CORRECT,0,0,0,0,0,0,0.0,0.0,answer,
margin,live-delta,5,0.0,0.244356,0.607198,5.7e-05,0.980469,0.466277,0.616277,0.03754919767379761,0.5242900252342224,0.4867408275604248,0.6273261308670044,1.8725967407226562,0.6793931126594543,2,3,3,1,3,1,0,0.0,0.24334800243377686,2,clean,0.0,-1,235,110,CORRECT,0,0,0,0,0,0,0.0,0.0,answer,
margin,live-delta,5,0.0,0.244356,0.607198,5.7e-05,0.980469,0.466277,0.616277,0.017941057682037354,0.4855964779853821,0.4676554203033447,0.6773084998130798,1.9685721397399902,0.5887549519538879,2,3,3,1,3,1,0,0.0,0.17962372303009033,2,clean,0.0,-1,236,108,CORRECT,0,0,0,0,0,0,0.0,0.0,answer,
margin,live-delta,5,0.0,0.244356,0.607198,5.7e-05,0.980469,0.466277,0.616277,0.004896998405456543,0.509640097618103,0.5047430992126465,0.6919496059417725,1.9976062774658203,0.5244653224945068,2,3,3,1,3,1,0,0.0,0.17720720171928406,2,clean,0.0,-1,238,115,CORRECT,0,0,0,0,0,0,0.0,0.0,answer,
margin,live-delta,5,0.0,0.244356,0.607198,5.7e-05,0.980469,0.466277,0.616277,0.04566854238510132,0.5717487931251526,0.5260802507400513,1.2074474096298218,3.344935417175293,0.5206905603408813,4,3,3,1,3,1,0,0.0,0.27459055185317993,2,clean,0.0,-1,239,110,CORRECT,0,0,0,0,0,0,0.0,0.0,answer,
margin,live-delta,5,0.0,0.244356,0.607198,5.7e-05,0.980469,0.466277,0.616277,0.0239027738571167,0.4795359671115875,0.4556331932544708,-0.0,1.0,1.0,1,3,3,1,3,1,0,0.0,0.08667504787445068,2,clean,0.0,-1,242,114,CORRECT,0,0,0,0,0,0,0.0,0.0,answer,
margin,live-delta,5,0.0,0.244356,0.607198,5.7e-05,0.980469,0.466277,0.616277,0.016660213470458984,0.6470491886138916,0.6303889751434326,2.0216286182403564,7.550611972808838,0.29967594146728516,11,3,3,1,3,1,0,0.011956256814301014,0.16107234358787537,2,clean,0.0,-1,243,96,CORRECT,0,0,0,0,0,0,0.0,0.0,answer,
margin,live-delta,5,0.0,0.244356,0.607198,5.7e-05,0.980469,0.466277,0.616277,0.05257701873779297,0.6573766469955444,0.6047996282577515,1.6723682880401611,5.324763298034668,0.49929380416870117,11,3,3,1,3,1,0,0.0,0.2856913208961487,2,clean,0.0,-1,244,100,CORRECT,0,0,0,0,0,0,0.0,0.0,answer,
margin,live-delta,5,0.0,0.244356,0.607198,5.7e-05,0.980469,0.466277,0.616277,0.05133938789367676,0.4852619171142578,0.43392252922058105,-0.0,1.0,1.0,1,3,3,1,3,1,0,0.0,0.11322644352912903,2,clean,0.0,-1,246,98,CORRECT,0,0,0,0,0,0,0.0,0.0,answer,
margin,live-delta,5,0.0,0.244356,0.607198,5.7e-05,0.980469,0.466277,0.616277,0.07415032386779785,0.7413268089294434,0.6671764850616455,1.0889414548873901,2.9711272716522217,0.6762465834617615,9,3,3,1,3,1,0,0.0,0.3865586519241333,2,clean,0.0,-1,248,110,CORRECT,0,0,0,0,0,0,0.0,0.0,answer,
margin,live-delta,5,0.0,0.244356,0.607198,5.7e-05,0.980469,0.466277,0.616277,0.1013302206993103,0.4877285957336426,0.3863983750343323,-0.0,1.0,1.0,1,3,3,1,3,1,0,0.0,0.16303473711013794,2,clean,0.0,-1,250,114,CORRECT,0,0,0,0,0,0,0.0,0.0,answer,
margin,live-delta,5,0.0,0.244356,0.607198,5.7e-05,0.980469,0.466277,0.616277,0.021122872829437256,0.5811411738395691,0.5600183010101318,2.09708833694458,8.142427444458008,0.23062185943126678,10,3,3,1,3,1,0,0.0,0.13164237141609192,2,clean,0.0,-1,253,110,CORRECT,0,0,0,0,0,0,0.0,0.0,answer,
margin,live-delta,5,0.0,0.244356,0.607198,5.7e-05,0.980469,0.466277,0.616277,0.10018813610076904,0.6796610355377197,0.5794728994369507,1.2663002014160156,3.5477025508880615,0.6495617032051086,8,3,3,1,3,1,0,0.0,0.26146480441093445,2,clean,0.0,-1,254,115,CORRECT,0,0,0,0,0,0,0.0,0.0,answer,
margin,live-delta,5,0.0,0.244356,0.607198,5.7e-05,0.980469,0.466277,0.616277,0.08388504385948181,0.5746854543685913,0.4908004105091095,0.4353334903717041,1.545478343963623,0.8425998091697693,2,3,3,1,3,1,0,0.0,0.26444941759109497,2,clean,0.0,-1,255,104,CORRECT,0,0,0,0,0,0,0.0,0.0,answer,
margin,live-delta,6,0.0,0.244356,0.607198,5.7e-05,0.980469,0.466277,0.616277,0.008692145347595215,0.6145343780517578,0.6058422327041626,2.4878780841827393,12.035710334777832,0.1735929250717163,16,0,0,1,0,1,0,0.0,0.48662111163139343,2,clean,0.0,-1,0,29,CORRECT,0,0,0,0,0,0,0.0,0.0,answer,
margin,live-delta,6,0.0,0.244356,0.607198,5.7e-05,0.980469,0.466277,0.616277,0.002864539623260498,0.7485058903694153,0.7456413507461548,2.406562566757202,11.095754623413086,0.19970422983169556,20,0,0,1,0,1,0,0.0,0.5389264225959778,2,clean,0.0,-1,1,29,CORRECT,0,0,0,0,0,0,0.0,0.0,answer,
margin,live-delta,6,0.0,0.244356,0.607198,5.7e-05,0.980469,0.466277,0.616277,0.03562748432159424,0.8512296676635742,0.81560218334198,1.8628650903701782,6.44216775894165,0.437677800655365,20,0,0,1,0,1,0,0.0,0.613601803779602,2,clean,0.0,-1,2,0,CORRECT,0,0,0,0,0,0,0.0,0.0,answer,
margin,live-delta,6,0.0,0.244356,0.607198,5.7e-05,0.980469,0.466277,0.616277,0.06120377779006958,0.8351686596870422,0.7739648818969727,2.109811305999756,8.246685028076172,0.39704185724258423,20,0,0,1,0,1,0,0.0,0.6275011301040649,2,clean,0.0,-1,3,27,CORRECT,0,0,0,0,0,0,0.0,0.0,answer,
margin,live-delta,6,0.0,0.244356,0.607198,5.7e-05,0.980469,0.466277,0.616277,0.06320923566818237,0.6585389971733093,0.595329761505127,1.3653671741485596,3.917160987854004,0.5692832469940186,7,0,0,1,0,1,0,0.0,0.5165534019470215,2,clean,0.0,-1,4,12,CORRECT,0,0,0,0,0,0,0.0,0.0,answer,
margin,live-delta,6,0.0,0.244356,0.607198,5.7e-05,0.980469,0.466277,0.616277,0.01838463544845581,0.8731691241264343,0.8547844886779785,2.0343306064605713,7.647131443023682,0.3304731547832489,20,0,0,1,0,1,0,0.0,0.6164111495018005,2,clean,0.0,-1,5,27,CORRECT,0,0,0,0,0,0,0.0,0.0,answer,
margin,live-delta,6,0.0,0.244356,0.607198,5.7e-05,0.980469,0.466277,0.616277,0.024461090564727783,0.8591064214706421,0.8346453309059143,2.0839645862579346,8.036266326904297,0.31034284830093384,20,0,0,1,0,1,0,0.0,0.5630691647529602,2,clean,0.0,-1,6,0,CORRECT,0,0,0,0,0,0,0.0,0.0,answer,
margin,live-delta,6,0.0,0.244356,0.607198,5.7e-05,0.980469,0.466277,0.616277,0.01217198371887207,0.7492260336875916,0.7370540499687195,1.5021567344665527,4.491365432739258,0.3474813997745514,7,0,0,1,0,1,0,0.0,0.639962911605835,2,clean,0.0,-1,7,12,CORRECT,0,0,0,0,0,0,0.0,0.0,answer,
margin,live-delta,6,0.0,0.244356,0.607198,5.7e-05,0.980469,0.466277,0.616277,0.0574725866317749,0.8665192127227783,0.8090466260910034,1.768878698348999,5.864274024963379,0.46956494450569153,20,0,0,1,0,1,0,0.0,0.5741294622421265,2,clean,0.0,-1,8,19,CORRECT,0,0,0,0,0,0,0.0,0.0,answer,
margin,live-delta,6,0.0,0.244356,0.607198,5.7e-05,0.980469,0.466277,0.616277,0.02331995964050293,0.6571364402770996,0.6338164806365967,1.8307143449783325,6.238341331481934,0.389030396938324,13,0,0,1,0,1,0,0.0,0.32575005292892456,2,clean,0.0,-1,9,2,CORRECT,0,0,0,0,0,0,0.0,0.0,answer,
margin,live-delta,6,0.0,0.244356,0.607198,5.7e-05,0.980469,0.466277,0.616277,0.010274708271026611,0.8123652935028076,0.802090585231781,2.2328696250915527,9.326591491699219,0.24554862082004547,20,0,0,1,0,1,0,0.0,0.6101858019828796,2,clean,0.0,-1,10,27,CORRECT,0,0,0,0,0,0,0.0,0.0,answer,
margin,live-delta,6,0.0,0.244356,0.607198,5.7e-05,0.980469,0.466277,0.616277,0.0263330340385437,0.7415318489074707,0.715198814868927,2.523719310760498,12.474908828735352,0.197550967335701,20,0,0,1,0,1,0,0.0,0.41163015365600586,2,clean,0.0,-1,11,19,CORRECT,0,0,0,0,0,0,0.0,0.0,answer,
margin,live-delta,6,0.0,0.244356,0.607198,5.7e-05,0.980469,0.466277,0.616277,0.053028225898742676,0.6884907484054565,0.6354625225067139,1.888684630393982,6.610667705535889,0.44716835021972656,15,0,0,1,0,1,0,0.0,0.27818992733955383,2,clean,0.0,-1,12,28,CORRECT,0,0,0,0,0,0,0.0,0.0,answer,
margin,live-delta,6,0.0,0.244356,0.607198,5.7e-05,0.980469,0.466277,0.616277,0.03296172618865967,0.8734875321388245,0.8405258059501648,1.9558680057525635,7.0700531005859375,0.34270551800727844,20,0,0,1,0,1,0,0.0,0.5720294713973999,2,clean,0.0,-1,13,19,CORRECT,0,0,0,0,0,0,0.0,0.0,answer,
margin,live-delta,6,0.0,0.244356,0.607198,5.7e-05,0.980469,0.466277,0.616277,0.04973268508911133,0.6596090793609619,0.6098763942718506,2.256545066833496,9.550037384033203,0.349910169839859,18,0,0,1,0,1,0,0.0,0.376028835773468,2,clean,0.0,-1,14,14,CORRECT,0,0,0,0,0,0,0.0,0.0,answer,
margin,live-delta,6,0.0,0.244356,0.607198,5.7e-05,0.980469,0.466277,0.616277,0.059464991092681885,0.8609749674797058,0.8015099763870239,2.2850558757781982,9.826234817504883,0.3320564925670624,20,0,0,1,0,1,0,0.0,0.6294852495193481,2,clean,0.0,-1,15,0,CORRECT,0,0,0,0,0,0,0.0,0.0,answer,
margin,live-delta,6,0.0,0.244356,0.607198,5.7e-05,0.980469,0.466277,0.616277,0.03566533327102661,0.8514373302459717,0.8157719969749451,1.8758732080459595,6.526515483856201,0.3923010230064392,20,0,0,1,0,1,0,0.0,0.6156409978866577,2,clean,0.0,-1,16,0,CORRECT,0,0,0,0,0,0,0.0,0.0,answer,
margin,live-delta,6,0.0,0.244356,0.607198,5.7e-05,0.980469,0.466277,0.616277,0.0259246826171875,0.817624568939209,0.7916998863220215,2.0725443363189697,7.945012092590332,0.3371545076370239,20,0,0,1,0,1,0,0.0,0.615166425704956,2,clean,0.0,-1,17,0,CORRECT,0,0,0,0,0,0,0.0,0.0,answer,
margin,live-delta,6,0.0,0.244356,0.607198,5.7e-05,0.980469,0.466277,0.616277,0.01809978485107422,0.7281592488288879,0.7100594639778137,2.3283562660217285,10.261061668395996,0.26296719908714294,19,0,0,1,0,1,0,0.0,0.5232799649238586,2,clean,0.0,-1,18,11,CORRECT,0,0,0,0,0,0,0.0,0.0,answer,
margin,live-delta,6,0.0,0.244356,0.607198,5.7e-05,0.980469,0.466277,0.616277,0.056340694427490234,0.8419591784477234,0.7856184840202332,1.8564157485961914,6.400753498077393,0.4715288579463959,20,0,0,1,0,1,0,0.0,0.6057676076889038,2,clean,0.0,-1,19,0,CORRECT,0,0,0,0,0,0,0.0,0.0,answer,
margin,live-delta,6,0.0,0.244356,0.607198,5.7e-05,0.980469,0.466277,0.616277,0.10735994577407837,0.8890054225921631,0.7816454768180847,1.654344081878662,5.229648590087891,0.6039719581604004,20,0,0,1,0,1,0,0.0,0.7198744416236877,2,clean,0.0,-1,20,0,CORRECT,0,0,0,0,0,0,0.0,0.0,answer,
margin,live-delta,6,0.0,0.244356,0.607198,5.7e-05,0.980469,0.466277,0.616277,0.07574641704559326,0.8565751314163208,0.7808287143707275,1.6038110256195068,4.971944808959961,0.5907458066940308,20,0,0,1,0,1,0,0.0,0.6307447552680969,2,clean,0.0,-1,21,0,CORRECT,0,0,0,0,0,0,0.0,0.0,answer,
margin,live-delta,6,0.0,0.244356,0.607198,5.7e-05,0.980469,0.466277,0.616277,0.010011017322540283,0.609879732131958,0.5998687148094177,2.661395788192749,14.31625747680664,0.1477361023426056,19,0,0,1,0,1,0,0.0,0.39039385318756104,2,clean,0.0,-1,22,7,CORRECT,0,0,0,0,0,0,0.0,0.0,answer,
margin,live-delta,6,0.0,0.244356,0.607198,5.7e-05,0.980469,0.466277,0.616277,0.004011273384094238,0.6520997285842896,0.6480884552001953,2.446258783340454,11.545073509216309,0.1887655258178711,19,0,0,1,0,1,0,0.0,0.523506760597229,2,clean,0.0,-1,23,11,CORRECT,0,0,0,0,0,0,0.0,0.0,answer,
margin,live-delta,6,0.0,0.244356,0.607198,5.7e-05,0.980469,0.466277,0.616277,0.0026372671127319336,0.7925955057144165,0.7899582386016846,2.366831064224243,10.663546562194824,0.22386150062084198,20,0,0,1,0,1,0,0.0,0.5823259949684143,2,clean,0.0,-1,24,22,CORRECT,0,0,0,0,0,0,0.0,0.0,answer,
margin,live-delta,6,0.0,0.244356,0.607198,5.7e-05,0.980469,0.466277,0.616277,0.3059971034526825,0.6070910692214966,0.3010939657688141,-0.0,1.0,1.0,1,0,0,1,0,1,0,0.0,0.35750406980514526,2,clean,0.0,-1,25,30,CORRECT,0,0,0,0,0,0,0.0,0.0,answer,
margin,live-delta,6,0.0,0.244356,0.607198,5.7e-05,0.980469,0.466277,0.616277,0.021011531352996826,0.6684602499008179,0.647448718547821,2.0992791652679443,8.160285949707031,0.3467082679271698,15,0,0,1,0,1,0,0.0,0.47889745235443115,2,clean,0.0,-1,26,20,CORRECT,0,0,0,0,0,0,0.0,0.0,answer,
margin,live-delta,6,0.0,0.244356,0.607198,5.7e-05,0.980469,0.466277,0.616277,0.009212374687194824,0.7741955518722534,0.7649831771850586,2.2408275604248047,9.401107788085938,0.24142929911613464,20,0,0,1,0,1,0,0.0,0.5331166982650757,2,clean,0.0,-1,27,27,CORRECT,0,0,0,0,0,0,0.0,0.0,answer,
margin,live-delta,6,0.0,0.244356,0.607198,5.7e-05,0.980469,0.466277,0.616277,0.027210235595703125,0.8135794401168823,0.7863692045211792,1.9127768278121948,6.771866798400879,0.37401944398880005,20,0,0,1,0,1,0,0.0,0.6232535243034363,2,clean,0.0,-1,28,19,CORRECT,0,0,0,0,0,0,0.0,0.0,answer,
margin,live-delta,6,0.0,0.244356,0.607198,5.7e-05,0.980469,0.466277,0.616277,0.009036123752593994,0.7184197306632996,0.7093836069107056,2.036456346511841,7.66340446472168,0.33035457134246826,18,0,0,1,0,1,0,0.0,0.5991634130477905,2,clean,0.0,-1,29,7,CORRECT,0,0,0,0,0,0,0.0,0.0,answer,
margin,live-delta,6,0.0,0.244356,0.607198,5.7e-05,0.980469,0.466277,0.616277,0.01577126979827881,0.8026509284973145,0.7868796586990356,2.3519437313079834,10.50597095489502,0.24932830035686493,20,0,0,1,0,1,0,0.0,0.6467174291610718,2,clean,0.0,-1,30,22,CORRECT,0,0,0,0,0,0,0.0,0.0,answer,
margin,live-delta,6,0.0,0.244356,0.607198,5.7e-05,0.980469,0.466277,0.616277,0.11953634023666382,0.8753258585929871,0.7557895183563232,1.3980088233947754,4.047133445739746,0.6851340532302856,20,0,0,1,0,1,0,0.0,0.6159409284591675,2,clean,0.0,-1,31,0,CORRECT,0,0,0,0,0,0,0.0,0.0,answer,
margin,live-delta,6,0.0,0.244356,0.607198,5.7e-05,0.980469,0.466277,0.616277,0.2579633593559265,0.6663253307342529,0.4083619713783264,-0.0,1.0,1.0,1,0,0,1,0,1,0,0.0,0.4054147005081177,2,clean,0.0,-1,32,30,CORRECT,0,0,0,0,0,0,0.0,0.0,answer,
margin,live-delta,6,0.0,0.244356,0.607198,5.7e-05,0.980469,0.466277,0.616277,0.00027108192443847656,0.8409632444381714,0.8406921625137329,2.2232730388641357,9.237516403198242,0.23702208697795868,20,0,0,1,0,1,0,0.0,0.6162108182907104,2,clean,0.0,-1,33,27,CORRECT,0,0,0,0,0,0,0.0,0.0,answer,
margin,live-delta,6,0.0,0.244356,0.607198,5.7e-05,0.980469,0.466277,0.616277,0.07880854606628418,0.8197683095932007,0.7409597635269165,1.3303163051605225,3.7822394371032715,0.5591570138931274,6,0,0,1,0,1,0,0.0,0.7087355256080627,2,clean,0.0,-1,34,26,CORRECT,0,0,0,0,0,0,0.0,0.0,answer,
margin,live-delta,6,0.0,0.244356,0.607198,5.7e-05,0.980469,0.466277,0.616277,0.06488156318664551,0.8260010480880737,0.7611194849014282,1.1787643432617188,3.2503554821014404,0.5940961241722107,6,0,0,1,0,1,0,0.0,0.7347782254219055,2,clean,0.0,-1,35,26,CORRECT,0,0,0,0,0,0,0.0,0.0,answer,
margin,live-delta,6,0.0,0.244356,0.607198,5.7e-05,0.980469,0.466277,0.616277,0.01791250705718994,0.6625928282737732,0.6446803212165833,2.5377726554870605,12.651460647583008,0.1929238885641098,19,0,0,1,0,1,0,0.0,0.523886501789093,2,clean,0.0,-1,36,31,CORRECT,0,0,0,0,0,0,0.0,0.0,answer,
margin,live-delta,6,0.0,0.244356,0.607198,5.7e-05,0.980469,0.466277,0.616277,0.00014674663543701172,0.7378839254379272,0.7377371788024902,2.4393093585968018,11.465119361877441,0.20830827951431274,20,0,0,1,0,1,0,0.0,0.453913152217865,2,clean,0.0,-1,37,3,CORRECT,0,0,0,0,0,0,0.0,0.0,answer,
margin,live-delta,6,0.0,0.244356,0.607198,5.7e-05,0.980469,0.466277,0.616277,0.06540250778198242,0.8352208137512207,0.7698183059692383,1.9166908264160156,6.798424243927002,0.45502015948295593,18,0,0,1,0,1,0,0.0,0.525200366973877,2,clean,0.0,-1,39,19,CORRECT,0,0,0,0,0,0,0.0,0.0,answer,
margin,live-delta,6,0.0,0.244356,0.607198,5.7e-05,0.980469,0.466277,0.616277,8.213520050048828e-05,0.6722115278244019,0.6721293926239014,2.5988857746124268,13.448744773864746,0.13513359427452087,19,0,0,1,0,1,0,0.0,0.5113608837127686,2,clean,0.0,-1,40,1,CORRECT,0,0,0,0,0,0,0.0,0.0,answer,
margin,live-delta,6,0.0,0.244356,0.607198,5.7e-05,0.980469,0.466277,0.616277,0.021424174308776855,0.8092004060745239,0.7877762317657471,1.8422305583953857,6.310598850250244,0.3710879683494568,19,0,0,1,0,1,0,0.0,0.6027906537055969,2,clean,0.0,-1,41,2,CORRECT,0,0,0,0,0,0,0.0,0.0,answer,
margin,live-delta,6,0.0,0.244356,0.607198,5.7e-05,0.980469,0.466277,0.616277,0.014770090579986572,0.6550374627113342,0.6402673721313477,2.3951516151428223,10.969861030578613,0.2125970423221588,17,0,0,1,0,1,0,0.0,0.5561074614524841,2,clean,0.0,-1,42,18,CORRECT,0,0,0,0,0,0,0.0,0.0,answer,
margin,live-delta,6,0.0,0.244356,0.607198,5.7e-05,0.980469,0.466277,0.616277,0.0036307573318481445,0.8091407418251038,0.8055099844932556,2.218207359313965,9.190839767456055,0.24903666973114014,20,0,0,1,0,1,0,0.0,0.5742166042327881,2,clean,0.0,-1,43,22,CORRECT,0,0,0,0,0,0,0.0,0.0,answer,
margin,live-delta,6,0.0,0.244356,0.607198,5.7e-05,0.980469,0.466277,0.616277,0.007630765438079834,0.6590110659599304,0.6513803005218506,2.559352159500122,12.92743968963623,0.15378409624099731,18,0,0,1,0,1,0,0.0,0.4933120012283325,2,clean,0.0,-1,44,29,CORRECT,0,0,0,0,0,0,0.0,0.0,answer,
margin,live-delta,6,0.0,0.244356,0.607198,5.7e-05,0.980469,0.466277,0.616277,0.018065690994262695,0.7802423238754272,0.7621766328811646,2.3016512393951416,9.990665435791016,0.24524210393428802,20,0,0,1,0,1,0,0.0,0.5786288976669312,2,clean,0.0,-1,45,0,CORRECT,0,0,0,0,0,0,0.0,0.0,answer,
margin,live-delta,6,0.0,0.244356,0.607198,5.7e-05,0.980469,0.466277,0.616277,0.13380369544029236,0.615119457244873,0.4813157618045807,0.23890648782253265,1.269859790802002,0.9355999827384949,2,0,0,1,0,1,0,0.0,0.2942866384983063,2,clean,0.0,-1,46,6,CORRECT,0,0,0,0,0,0,0.0,0.0,answer,
margin,live-delta,6,0.0,0.244356,0.607198,5.7e-05,0.980469,0.466277,0.616277,0.014446496963500977,0.7987375259399414,0.7842910289764404,1.7550482749938965,5.783727169036865,0.37430909276008606,20,0,0,1,0,1,0,0.0,0.5803588032722473,2,clean,0.0,-1,47,9,CORRECT,0,0,0,0,0,0,0.0,0.0,answer,
margin,live-delta,6,0.0,0.244356,0.607198,5.7e-05,0.980469,0.466277,0.616277,0.04508107900619507,0.542166531085968,0.49708545207977295,1.221544623374939,3.392423629760742,0.5084954500198364,4,0,0,1,0,1,0,0.0,0.3024407625198364,2,clean,0.0,-1,48,10,CORRECT,0,0,0,0,0,0,0.0,0.0,answer,
margin,live-delta,6,0.0,0.244356,0.607198,5.7e-05,0.980469,0.466277,0.616277,0.015541672706604004,0.6601847410202026,0.6446430683135986,1.785942554473877,5.965199947357178,0.31330162286758423,8,0,0,1,0,1,0,0.0,0.5240664482116699,2,clean,0.0,-1,50,12,CORRECT,0,0,0,0,0,0,0.0,0.0,answer,
margin,live-delta,6,0.0,0.244356,0.607198,5.7e-05,0.980469,0.466277,0.616277,0.09869396686553955,0.8877891302108765,0.7890951633453369,1.5895107984542847,4.901350498199463,0.6128032207489014,20,0,0,1,0,1,0,0.0,0.6858367323875427,2,clean,0.0,-1,51,0,CORRECT,0,0,0,0,0,0,0.0,0.0,answer,
margin,live-delta,6,0.0,0.244356,0.607198,5.7e-05,0.980469,0.466277,0.616277,0.07959491014480591,0.835240364074707,0.7556454539299011,2.0745296478271484,7.960801124572754,0.4464603066444397,20,0,0,1,0,1,0,0.0,0.6948240995407104,2,clean,0.0,-1,52,22,CORRECT,0,0,0,0,0,0,0.0,0.0,answer,
margin,live-delta,6,0.0,0.244356,0.607198,5.7e-05,0.980469,0.466277,0.616277,0.04038846492767334,0.7718725204467773,0.731484055519104,1.4142096042633057,4.113234043121338,0.46398523449897766,7,0,0,1,0,1,0,0.0,0.6465674638748169,2,clean,0.0,-1,53,26,CORRECT,0,0,0,0,0,0,0.0,0.0,answer,
margin,live-delta,6,0.0,0.244356,0.607198,5.7e-05,0.980469,0.466277,0.616277,0.021745800971984863,0.7166833877563477,0.6949375867843628,1.9931995868682861,7.338977813720703,0.38795801997184753,20,0,0,1,0,1,0,0.0,0.5401468873023987,2,clean,0.0,-1,56,11,CORRECT,0,0,0,0,0,0,0.0,0.0,answer,
margin,live-delta,6,0.0,0.244356,0.607198,5.7e-05,0.980469,0.466277,0.616277,0.030704915523529053,0.7882815599441528,0.7575766444206238,1.7928885221481323,6.006778240203857,0.4267408549785614,19,0,0,1,0,1,0,0.0,0.4446962773799896,2,clean,0.0,-1,57,21,CORRECT,0,0,0,0,0,0,0.0,0.0,answer,
margin,live-delta,6,0.0,0.244356,0.607198,5.7e-05,0.980469,0.466277,0.616277,0.02657550573348999,0.8341991901397705,0.8076236844062805,2.004579782485962,7.422974109649658,0.35644713044166565,20,0,0,1,0,1,0,0.0,0.6128807067871094,2,clean,0.0,-1,58,0,CORRECT,0,0,0,0,0,0,0.0,0.0,answer,
margin,live-delta,6,0.0,0.244356,0.607198,5.7e-05,0.980469,0.466277,0.616277,0.003304004669189453,0.677891731262207,0.6745877265930176,2.606302499771118,13.548861503601074,0.1863083690404892,20,0,0,1,0,1,0,0.0,0.48026907444000244,2,clean,0.0,-1,59,14,CORRECT,0,0,0,0,0,0,0.0,0.0,answer,
margin,live-delta,6,0.0,0.244356,0.607198,5.7e-05,0.980469,0.466277,0.616277,0.06265604496002197,0.8349859714508057,0.7723299264907837,1.7187001705169678,5.577274322509766,0.5307914614677429,20,0,0,1,0,1,0,0.0,0.6107056736946106,2,clean,0.0,-1,60,2,CORRECT,0,0,0,0,0,0,0.0,0.0,answer,
margin,live-delta,6,0.0,0.244356,0.607198,5.7e-05,0.980469,0.466277,0.616277,0.002447187900543213,0.8728757500648499,0.8704285621643066,1.7311381101608276,5.6470770835876465,0.3716391623020172,20,0,0,1,0,1,0,0.0,0.6611804962158203,2,clean,0.0,-1,61,0,CORRECT,0,0,0,0,0,0,0.0,0.0,answer,
margin,live-delta,6,0.0,0.244356,0.607198,5.7e-05,0.980469,0.466277,0.616277,0.0034145712852478027,0.5589209198951721,0.5555063486099243,2.3829386234283447,10.836701393127441,0.17335356771945953,13,0,0,1,0,1,0,0.0,0.3900502622127533,2,clean,0.0,-1,62,0,CORRECT,0,0,0,0,0,0,0.0,0.0,answer,
margin,live-delta,6,0.0,0.244356,0.607198,5.7e-05,0.980469,0.466277,0.616277,0.024738192558288574,0.6136946678161621,0.5889564752578735,2.2272839546203613,9.274641036987305,0.24552853405475616,13,0,0,1,0,1,0,0.0,0.309717059135437,2,clean,0.0,-1,63,3,CORRECT,0,0,0,0,0,0,0.0,0.0,answer,
margin,live-delta,6,0.0,0.244356,0.607198,5.7e-05,0.980469,0.466277,0.616277,0.09998571872711182,0.618600070476532,0.5186143517494202,1.090551733970642,2.9759154319763184,0.6926170587539673,6,1,1,1,1,1,0,0.0,0.40959230065345764,2,clean,0.0,-1,64,50,CORRECT,0,0,0,0,0,0,0.0,0.0,answer,
margin,live-delta,6,0.0,0.244356,0.607198,5.7e-05,0.980469,0.466277,0.616277,0.05121266841888428,0.7665919661521912,0.7153792977333069,1.7484828233718872,5.74587869644165,0.47212183475494385,15,1,1,1,1,1,0,0.0,0.40311747789382935,2,clean,0.0,-1,65,37,CORRECT,0,0,0,0,0,0,0.0,0.0,answer,
margin,live-delta,6,0.0,0.244356,0.607198,5.7e-05,0.980469,0.466277,0.616277,0.03203341364860535,0.5036468505859375,0.47161343693733215,0.644357442855835,1.9047627449035645,0.6549046635627747,2,1,1,1,1,1,0,0.0,0.337674081325531,2,clean,0.0,-1,66,35,CORRECT,0,0,0,0,0,0,0.0,0.0,answer,
margin,live-delta,6,0.0,0.244356,0.607198,5.7e-05,0.980469,0.466277,0.616277,0.10132157802581787,0.6654294729232788,0.5641078948974609,1.589150071144104,4.899582862854004,0.600055456161499,12,1,1,1,1,1,0,0.0,0.41640186309814453,2,clean,0.0,-1,67,47,CORRECT,0,0,0,0,0,0,0.0,0.0,answer,
margin,live-delta,6,0.0,0.244356,0.607198,5.7e-05,0.980469,0.466277,0.616277,0.05116629600524902,0.6455747485160828,0.5944084525108337,1.2960596084594727,3.6548666954040527,0.5464943051338196,7,1,1,1,1,1,0,0.0,0.4683803915977478,2,clean,0.0,-1,68,57,CORRECT,0,0,0,0,0,0,0.0,0.0,answer,
margin,live-delta,6,0.0,0.244356,0.607198,5.7e-05,0.980469,0.466277,0.616277,0.11027538776397705,0.6950936317443848,0.5848182439804077,0.7107840776443481,2.0355865955352783,0.8172983527183533,6,1,1,1,1,1,0,0.0,0.4552825391292572,2,clean,0.0,-1,69,36,CORRECT,0,0,0,0,0,0,0.0,0.0,answer,
margin,live-delta,6,0.0,0.244356,0.607198,5.7e-05,0.980469,0.466277,0.616277,0.07145816087722778,0.8408964276313782,0.7694382667541504,1.6646839380264282,5.284002780914307,0.505393385887146,16,1,1,1,1,1,0,0.0,0.40438294410705566,2,clean,0.0,-1,70,40,CORRECT,0,0,0,0,0,0,0.0,0.0,answer,
margin,live-delta,6,0.0,0.244356,0.607198,5.7e-05,0.980469,0.466277,0.616277,0.006285190582275391,0.5209206342697144,0.514635443687439,1.8887509107589722,6.611105442047119,0.21866096556186676,7,1,1,1,1,1,0,0.0,0.3271400034427643,2,clean,0.0,-1,71,47,CORRECT,0,0,0,0,0,0,0.0,0.0,answer,
margin,live-delta,6,0.0,0.244356,0.607198,5.7e-05,0.980469,0.466277,0.616277,0.1541154384613037,0.7070056200027466,0.5528901815414429,0.25915229320526123,1.2958310842514038,0.9408519864082336,3,1,1,1,1,1,0,0.0,0.5489740371704102,2,clean,0.0,-1,72,36,CORRECT,0,0,0,0,0,0,0.0,0.0,answer,
margin,live-delta,6,0.0,0.244356,0.607198,5.7e-05,0.980469,0.466277,0.616277,0.03657364845275879,0.7942038774490356,0.7576302289962769,1.9058846235275269,6.725354194641113,0.3367863893508911,15,1,1,1,1,1,0,0.0,0.42950505018234253,2,clean,0.0,-1,74,45,CORRECT,0,0,0,0,0,0,0.0,0.0,answer,
margin,live-delta,6,0.0,0.244356,0.607198,5.7e-05,0.980469,0.466277,0.616277,0.12161687016487122,0.4690021574497223,0.3473852872848511,-0.0,1.0,1.0,1,1,1,1,1,1,0,0.0,0.29065269231796265,2,clean,0.0,-1,75,44,CORRECT,0,0,0,0,0,0,0.0,0.0,answer,
margin,live-delta,6,0.0,0.244356,0.607198,5.7e-05,0.980469,0.466277,0.616277,0.03811115026473999,0.7916508913040161,0.7535397410392761,1.5426193475723267,4.676824569702148,0.4435966908931732,12,1,1,1,1,1,0,0.0,0.4099929630756378,2,clean,0.0,-1,77,60,CORRECT,0,0,0,0,0,0,0.0,0.0,answer,
margin,live-delta,6,0.0,0.244356,0.607198,5.7e-05,0.980469,0.466277,0.616277,0.027743279933929443,0.6010585427284241,0.5733152627944946,1.4160377979278564,4.120760917663574,0.46678048372268677,6,1,1,1,1,1,0,0.0,0.415357768535614,2,clean,0.0,-1,78,35,CORRECT,0,0,0,0,0,0,0.0,0.0,answer,
margin,live-delta,6,0.0,0.244356,0.607198,5.7e-05,0.980469,0.466277,0.616277,0.037351906299591064,0.5969131588935852,0.5595612525939941,1.4065840244293213,4.081987380981445,0.4622056484222412,6,1,1,1,1,1,0,0.0,0.421724796295166,2,clean,0.0,-1,79,47,CORRECT,0,0,0,0,0,0,0.0,0.0,answer,
margin,live-delta,6,0.0,0.244356,0.607198,5.7e-05,0.980469,0.466277,0.616277,0.2626209259033203,0.7004657983779907,0.4378448724746704,-0.0,1.0,1.0,1,1,1,1,1,1,0,0.0,0.508686363697052,2,clean,0.0,-1,81,44,CORRECT,0,0,0,0,0,0,0.0,0.0,answer,
margin,live-delta,6,0.0,0.244356,0.607198,5.7e-05,0.980469,0.466277,0.616277,0.002087831497192383,0.5332192182540894,0.531131386756897,1.879578948020935,6.550745964050293,0.2097821682691574,7,1,1,1,1,1,0,0.0,0.35299718379974365,2,clean,0.0,-1,82,52,CORRECT,0,0,0,0,0,0,0.0,0.0,answer,
margin,live-delta,6,0.0,0.244356,0.607198,5.7e-05,0.980469,0.466277,0.616277,0.02273687720298767,0.5098756551742554,0.4871387779712677,1.0672328472137451,2.9073233604431152,0.4528815448284149,3,1,1,1,1,1,0,0.0,0.33688005805015564,2,clean,0.0,-1,83,35,CORRECT,0,0,0,0,0,0,0.0,0.0,answer,
margin,live-delta,6,0.0,0.244356,0.607198,5.7e-05,0.980469,0.466277,0.616277,0.0005498528480529785,0.6723116040229797,0.6717617511749268,2.3331432342529297,10.310297966003418,0.1623452752828598,15,1,1,1,1,1,0,0.0,0.3700893819332123,2,clean,0.0,-1,84,40,CORRECT,0,0,0,0,0,0,0.0,0.0,answer,
margin,live-delta,6,0.0,0.244356,0.607198,5.7e-05,0.980469,0.466277,0.616277,0.02664715051651001,0.487519770860672,0.460872620344162,-0.0,1.0,1.0,1,1,1,1,1,1,0,0.0,0.24179601669311523,2,clean,0.0,-1,85,63,CORRECT,0,0,0,0,0,0,0.0,0.0,answer,
margin,live-delta,6,0.0,0.244356,0.607198,5.7e-05,0.980469,0.466277,0.616277,0.06783407926559448,0.6784102916717529,0.6105762124061584,1.8441320657730103,6.322609901428223,0.45953890681266785,13,1,1,1,1,1,0,0.0,0.36041104793548584,2,clean,0.0,-1,86,61,CORRECT,0,0,0,0,0,0,0.0,0.0,answer,
margin,live-delta,6,0.0,0.244356,0.607198,5.7e-05,0.980469,0.466277,0.616277,0.1254260540008545,0.5565441846847534,0.4311181306838989,-0.0,1.0,1.0,1,1,1,1,1,1,0,0.0,0.35206863284111023,2,clean,0.0,-1,87,63,CORRECT,0,0,0,0,0,0,0.0,0.0,answer,
margin,live-delta,6,0.0,0.244356,0.607198,5.7e-05,0.980469,0.466277,0.616277,0.0759202241897583,0.4897550344467163,0.413834810256958,-0.0,1.0,1.0,1,1,1,1,1,1,0,0.0,0.197681725025177,2,clean,0.0,-1,88,44,CORRECT,0,0,0,0,0,0,0.0,0.0,answer,
margin,live-delta,6,0.0,0.244356,0.607198,5.7e-05,0.980469,0.466277,0.616277,0.009209275245666504,0.5815664529800415,0.572357177734375,2.1523971557617188,8.605462074279785,0.23630297183990479,11,1,1,1,1,1,0,0.0,0.2658657729625702,2,clean,0.0,-1,89,50,CORRECT,0,0,0,0,0,0,0.0,0.0,answer,
margin,live-delta,6,0.0,0.244356,0.607198,5.7e-05,0.980469,0.466277,0.616277,0.026315629482269287,0.5693287253379822,0.5430130958557129,1.5898866653442383,4.90319299697876,0.3744606673717499,6,1,1,1,1,1,0,0.0,0.44232887029647827,2,clean,0.0,-1,90,59,CORRECT,0,0,0,0,0,0,0.0,0.0,answer,
margin,live-delta,6,0.0,0.244356,0.607198,5.7e-05,0.980469,0.466277,0.616277,0.08912777900695801,0.756209135055542,0.667081356048584,1.6893302202224731,5.415852069854736,0.5579541325569153,15,1,1,1,1,1,0,0.0,0.35234421491622925,2,clean,0.0,-1,91,40,CORRECT,0,0,0,0,0,0,0.0,0.0,answer,
margin,live-delta,6,0.0,0.244356,0.607198,5.7e-05,0.980469,0.466277,0.616277,0.008020877838134766,0.5828986763954163,0.5748777985572815,2.2008423805236816,9.03261947631836,0.23457404971122742,11,1,1,1,1,1,0,0.0,0.37079745531082153,2,clean,0.0,-1,93,38,CORRECT,0,0,0,0,0,0,0.0,0.0,answer,
margin,live-delta,6,0.0,0.244356,0.607198,5.7e-05,0.980469,0.466277,0.616277,0.03238600492477417,0.6400529742240906,0.6076669692993164,2.0842947959899902,8.038920402526855,0.3071781098842621,12,1,1,1,1,1,0,0.0,0.2573622465133667,2,clean,0.0,-1,94,60,CORRECT,0,0,0,0,0,0,0.0,0.0,answer,
margin,live-delta,6,0.0,0.244356,0.607198,5.7e-05,0.980469,0.466277,0.616277,0.06375056505203247,0.5301032066345215,0.466352641582489,0.5248762369155884,1.6902496814727783,0.7815993428230286,2,1,1,1,1,1,0,0.0,0.346439003944397,2,clean,0.0,-1,95,52,CORRECT,0,0,0,0,0,0,0.0,0.0,answer,
margin,live-delta,6,0.0,0.244356,0.607198,5.7e-05,0.980469,0.466277,0.616277,0.01938331127166748,0.5583243370056152,0.5389410257339478,1.2063450813293457,3.341250419616699,0.4621243476867676,4,1,1,1,1,1,0,0.0,0.3553626537322998,2,clean,0.0,-1,96,42,CORRECT,0,0,0,0,0,0,0.0,0.0,answer,
margin,live-delta,6,0.0,0.244356,0.607198,5.7e-05,0.980469,0.466277,0.616277,0.03714674711227417,0.624442458152771,0.5872957110404968,2.082209348678589,8.022172927856445,0.3359236717224121,12,1,1,1,1,1,0,0.0,0.39441344141960144,2,clean,0.0,-1,97,52,CORRECT,0,0,0,0,0,0,0.0,0.0,answer,
margin,live-delta,6,0.0,0.244356,0.607198,5.7e-05,0.980469,0.466277,0.616277,0.008182287216186523,0.710715115070343,0.7025328278541565,1.9646108150482178,7.132136344909668,0.24671868979930878,15,1,1,1,1,1,0,0.0,0.4413045346736908,2,clean,0.0,-1,98,32,CORRECT,0,0,0,0,0,0,0.0,0.0,answer,
margin,live-delta,6,0.0,0.244356,0.607198,5.7e-05,0.980469,0.466277,0.616277,0.07950395345687866,0.8086062073707581,0.7291022539138794,1.727082371711731,5.624220371246338,0.5324875712394714,17,1,1,1,1,1,0,0.0,0.39816349744796753,2,clean,0.0,-1,99,40,CORRECT,0,0,0,0,0,0,0.0,0.0,answer,
margin,live-delta,6,0.0,0.244356,0.607198,5.7e-05,0.980469,0.466277,0.616277,0.05860075354576111,0.5353360772132874,0.47673532366752625,0.5470012426376343,1.7280632257461548,0.7635090947151184,2,1,1,1,1,1,0,0.0,0.3425619602203369,2,clean,0.0,-1,100,57,CORRECT,0,0,0,0,0,0,0.0,0.0,answer,
margin,live-delta,6,0.0,0.244356,0.607198,5.7e-05,0.980469,0.466277,0.616277,0.021641671657562256,0.6355977058410645,0.6139560341835022,2.4214563369750977,11.262248992919922,0.23112753033638,16,1,1,1,1,1,0,0.0,0.4764178395271301,2,clean,0.0,-1,101,59,CORRECT,0,0,0,0,0,0,0.0,0.0,answer,
margin,live-delta,6,0.0,0.244356,0.607198,5.7e-05,0.980469,0.466277,0.616277,0.054714083671569824,0.5064904689788818,0.451776385307312,-0.0,1.0,1.0,1,1,1,1,1,1,0,0.0,0.2953105568885803,2,clean,0.0,-1,102,63,CORRECT,0,0,0,0,0,0,0.0,0.0,answer,
margin,live-delta,6,0.0,0.244356,0.607198,5.7e-05,0.980469,0.466277,0.616277,0.007851600646972656,0.5549097061157227,0.54705810546875,0.9500627517700195,2.585871934890747,0.48384636640548706,3,1,1,1,1,1,0,0.0,0.348261296749115,2,clean,0.0,-1,103,39,CORRECT,0,0,0,0,0,0,0.0,0.0,answer,
margin,live-delta,6,0.0,0.244356,0.607198,5.7e-05,0.980469,0.466277,0.616277,0.0412028431892395,0.5383107662200928,0.49710792303085327,1.2734624147415161,3.5732030868530273,0.46618518233299255,4,1,1,1,1,1,0,0.0,0.16544708609580994,2,clean,0.0,-1,105,41,CORRECT,0,0,0,0,0,0,0.0,0.0,answer,
margin,live-delta,6,0.0,0.244356,0.607198,5.7e-05,0.980469,0.466277,0.616277,0.06919336318969727,0.8411480188369751,0.7719546556472778,1.6193878650665283,5.0499982833862305,0.5550135374069214,18,1,1,1,1,1,0,0.0,0.46236059069633484,2,clean,0.0,-1,106,40,CORRECT,0,0,0,0,0,0,0.0,0.0,answer,
margin,live-delta,6,0.0,0.244356,0.607198,5.7e-05,0.980469,0.466277,0.616277,0.0112648606300354,0.5574491620063782,0.5461843013763428,2.1453616619110107,8.54513168334961,0.22670850157737732,10,1,1,1,1,1,0,0.0,0.3906744420528412,2,clean,0.0,-1,107,51,CORRECT,0,0,0,0,0,0,0.0,0.0,answer,
margin,live-delta,6,0.0,0.244356,0.607198,5.7e-05,0.980469,0.466277,0.616277,0.03881198167800903,0.5745145082473755,0.5357025265693665,1.5413742065429688,4.671004772186279,0.4340221881866455,6,1,1,1,1,1,0,0.0,0.42668288946151733,2,clean,0.0,-1,109,38,CORRECT,0,0,0,0,0,0,0.0,0.0,answer,
margin,live-delta,6,0.0,0.244356,0.607198,5.7e-05,0.980469,0.466277,0.616277,0.013598799705505371,0.6043965816497803,0.5907977819442749,2.234657049179077,9.343276977539062,0.19502900540828705,13,1,1,1,1,1,0,0.0,0.2900141477584839,2,clean,0.0,-1,110,51,CORRECT,0,0,0,0,0,0,0.0,0.0,answer,
margin,live-delta,6,0.0,0.244356,0.607198,5.7e-05,0.980469,0.466277,0.616277,0.05629462003707886,0.47336429357528687,0.417069673538208,-0.0,1.0,1.0,1,1,1,1,1,1,0,0.0,0.16464796662330627,2,clean,0.0,-1,111,59,CORRECT,0,0,0,0,0,0,0.0,0.0,answer,
margin,live-delta,6,0.0,0.244356,0.607198,5.7e-05,0.980469,0.466277,0.616277,0.005659312009811401,0.4965621531009674,0.490902841091156,1.3755953311920166,3.9574320316314697,0.29926928877830505,4,1,1,1,1,1,0,0.0,0.1582716405391693,2,clean,0.0,-1,112,63,CORRECT,0,0,0,0,0,0,0.0,0.0,answer,
margin,live-delta,6,0.0,0.244356,0.607198,5.7e-05,0.980469,0.466277,0.616277,0.03795003890991211,0.5386905670166016,0.5007405281066895,0.6260095834732056,1.8701330423355103,0.6811367869377136,2,1,1,1,1,1,0,0.0,0.34128454327583313,2,clean,0.0,-1,113,36,CORRECT,0,0,0,0,0,0,0.0,0.0,answer,
margin,live-delta,6,0.0,0.244356,0.607198,5.7e-05,0.980469,0.466277,0.616277,0.0009084939956665039,0.5301651954650879,0.5292567014694214,1.3083757162094116,3.7001585960388184,0.31801289319992065,4,1,1,1,1,1,0,0.0,0.2635127902030945,2,clean,0.0,-1,115,62,CORRECT,0,0,0,0,0,0,0.0,0.0,answer,
margin,live-delta,6,0.0,0.244356,0.607198,5.7e-05,0.980469,0.466277,0.616277,0.005991756916046143,0.6308895349502563,0.6248977780342102,2.041196823120117,7.699819087982178,0.2383880913257599,14,1,1,1,1,1,0,0.0,0.4562114477157593,2,clean,0.0,-1,116,38,CORRECT,0,0,0,0,0,0,0.0,0.0,answer,
margin,live-delta,6,0.0,0.244356,0.607198,5.7e-05,0.980469,0.466277,0.616277,0.08642899990081787,0.6468977928161621,0.5604687929153442,1.4230724573135376,4.149851322174072,0.5965681672096252,8,1,1,1,1,1,0,0.0,0.3993479609489441,2,clean,0.0,-1,117,42,CORRECT,0,0,0,0,0,0,0.0,0.0,answer,
margin,live-delta,6,0.0,0.244356,0.607198,5.7e-05,0.980469,0.466277,0.616277,0.06817120313644409,0.7197924852371216,0.6516212821006775,1.7145893573760986,5.554394245147705,0.5323235988616943,15,1,1,1,1,1,0,0.0,0.3329954743385315,2,clean,0.0,-1,118,40,CORRECT,0,0,0,0,0,0,0.0,0.0,answer,
margin,live-delta,6,0.0,0.244356,0.607198,5.7e-05,0.980469,0.466277,0.616277,0.05210930109024048,0.5614919066429138,0.5093826055526733,0.859039306640625,2.360891580581665,0.65705806016922,3,1,1,1,1,1,0,0.0,0.39505207538604736,2,clean,0.0,-1,119,51,CORRECT,0,0,0,0,0,0,0.0,0.0,answer,
margin,live-delta,6,0.0,0.244356,0.607198,5.7e-05,0.980469,0.466277,0.616277,0.022288918495178223,0.5903431177139282,0.56805419921875,1.8569599390029907,6.404237747192383,0.3308742940425873,9,1,1,1,1,1,0,0.0,0.38903000950813293,2,clean,0.0,-1,121,57,CORRECT,0,0,0,0,0,0,0.0,0.0,answer,
margin,live-delta,6,0.0,0.244356,0.607198,5.7e-05,0.980469,0.466277,0.616277,0.09091466665267944,0.6686475872993469,0.5777329206466675,1.4103723764419556,4.097480773925781,0.6350938081741333,11,1,1,1,1,1,0,0.0,0.4798545837402344,2,clean,0.0,-1,122,50,CORRECT,0,0,0,0,0,0,0.0,0.0,answer,
margin,live-delta,6,0.0,0.244356,0.607198,5.7e-05,0.980469,0.466277,0.616277,0.013231277465820312,0.5954697132110596,0.5822384357452393,1.8852791786193848,6.588193416595459,0.31591758131980896,9,1,1,1,1,1,0,0.0,0.3156626522541046,2,clean,0.0,-1,123,52,CORRECT,0,0,0,0,0,0,0.0,0.0,answer,
margin,live-delta,6,0.0,0.244356,0.607198,5.7e-05,0.980469,0.466277,0.616277,0.004436910152435303,0.8431375026702881,0.8387005925178528,1.4869407415390015,4.423542022705078,0.4011160135269165,13,1,1,1,1,1,0,0.0,0.4534303545951843,2,clean,0.0,-1,125,41,CORRECT,0,0,0,0,0,0,0.0,0.0,answer,
margin,live-delta,6,0.0,0.244356,0.607198,5.7e-05,0.980469,0.466277,0.616277,0.08864820003509521,0.4892336130142212,0.400585412979126,-0.0,1.0,1.0,1,1,1,1,1,1,0,0.0,0.2482023388147354,2,clean,0.0,-1,126,38,CORRECT,0,0,0,0,0,0,0.0,0.0,answer,
margin,live-delta,6,0.0,0.244356,0.607198,5.7e-05,0.980469,0.466277,0.616277,0.07421362400054932,0.5997445583343506,0.5255309343338013,1.4360886812210083,4.204219818115234,0.5549681782722473,7,1,1,1,1,1,0,0.0,0.2862173318862915,2,clean,0.0,-1,127,47,CORRECT,0,0,0,0,0,0,0.0,0.0,answer,
margin,live-delta,6,0.0,0.244356,0.607198,5.7e-05,0.980469,0.466277,0.616277,0.016283154487609863,0.5630731582641602,0.5467900037765503,2.561187744140625,12.951190948486328,0.15698552131652832,15,2,2,1,2,1,0,0.0,0.36430293321609497,2,clean,0.0,-1,129,89,CORRECT,0,0,0,0,0,0,0.0,0.0,answer,
margin,live-delta,6,0.0,0.244356,0.607198,5.7e-05,0.980469,0.466277,0.616277,0.060343146324157715,0.7414408922195435,0.6810977458953857,1.7353003025054932,5.67063045501709,0.4609133005142212,15,2,2,1,2,1,0,0.0,0.5133565664291382,2,clean,0.0,-1,130,80,CORRECT,0,0,0,0,0,0,0.0,0.0,answer,
margin,live-delta,6,0.0,0.244356,0.607198,5.7e-05,0.980469,0.466277,0.616277,0.04067337512969971,0.6881340146064758,0.6474606394767761,1.7969489097595215,6.031217575073242,0.4137338697910309,14,2,2,1,2,1,0,0.0,0.5713598728179932,2,clean,0.0,-1,131,84,CORRECT,0,0,0,0,0,0,0.0,0.0,answer,
margin,live-delta,6,0.0,0.244356,0.607198,5.7e-05,0.980469,0.466277,0.616277,0.14067071676254272,0.7042433023452759,0.5635725855827332,0.9601891040802002,2.6121904850006104,0.7839149236679077,10,2,2,1,2,1,0,0.0,0.5656924247741699,2,clean,0.0,-1,132,82,CORRECT,0,0,0,0,0,0,0.0,0.0,answer,
margin,live-delta,6,0.0,0.244356,0.607198,5.7e-05,0.980469,0.466277,0.616277,0.036290526390075684,0.671927809715271,0.6356372833251953,1.6878896951675415,5.408055782318115,0.427912175655365,13,2,2,1,2,1,0,0.0,0.5307698249816895,2,clean,0.0,-1,133,84,CORRECT,0,0,0,0,0,0,0.0,0.0,answer,
margin,live-delta,6,0.0,0.244356,0.607198,5.7e-05,0.980469,0.466277,0.616277,0.0068738460540771484,0.5189614295959473,0.5120875835418701,1.7381528615951538,5.686829566955566,0.26037150621414185,6,2,2,1,2,1,0,0.0,0.2802686393260956,2,clean,0.0,-1,134,89,CORRECT,0,0,0,0,0,0,0.0,0.0,answer,
margin,live-delta,6,0.0,0.244356,0.607198,5.7e-05,0.980469,0.466277,0.616277,0.0005246996879577637,0.7538886666297913,0.7533639669418335,1.7762717008590698,5.90778923034668,0.3020019829273224,13,2,2,1,2,1,0,0.0,0.547387957572937,2,clean,0.0,-1,136,80,CORRECT,0,0,0,0,0,0,0.0,0.0,answer,
margin,live-delta,6,0.0,0.244356,0.607198,5.7e-05,0.980469,0.466277,0.616277,0.003684520721435547,0.6487258076667786,0.645041286945343,1.9841867685317993,7.273130416870117,0.2580257058143616,13,2,2,1,2,1,0,0.0,0.535396158695221,2,clean,0.0,-1,137,91,CORRECT,0,0,0,0,0,0,0.0,0.0,answer,
margin,live-delta,6,0.0,0.244356,0.607198,5.7e-05,0.980469,0.466277,0.616277,0.05013328790664673,0.7074763178825378,0.6573430299758911,2.0383803844451904,7.678163528442383,0.4086896777153015,19,2,2,1,2,1,0,0.0,0.5535368919372559,2,clean,0.0,-1,138,79,CORRECT,0,0,0,0,0,0,0.0,0.0,answer,
margin,live-delta,6,0.0,0.244356,0.607198,5.7e-05,0.980469,0.466277,0.616277,0.015082180500030518,0.565150797367096,0.5500686168670654,1.5573731660842896,4.746336936950684,0.3736588954925537,6,2,2,1,2,1,0,0.0,0.17426016926765442,2,clean,0.0,-1,139,67,CORRECT,0,0,0,0,0,0,0.0,0.0,answer,
margin,live-delta,6,0.0,0.244356,0.607198,5.7e-05,0.980469,0.466277,0.616277,0.10315626859664917,0.7914308905601501,0.688274621963501,0.5238189697265625,1.688463568687439,0.8545571565628052,5,2,2,1,2,1,0,0.0,0.6833494901657104,2,clean,0.0,-1,140,68,CORRECT,0,0,0,0,0,0,0.0,0.0,answer,
margin,live-delta,6,0.0,0.244356,0.607198,5.7e-05,0.980469,0.466277,0.616277,0.027010083198547363,0.5625884532928467,0.5355783700942993,2.3756349086761475,10.757841110229492,0.20922696590423584,12,2,2,1,2,1,0,0.0,0.3420320749282837,2,clean,0.0,-1,141,80,CORRECT,0,0,0,0,0,0,0.0,0.0,answer,
margin,live-delta,6,0.0,0.244356,0.607198,5.7e-05,0.980469,0.466277,0.616277,0.13027608394622803,0.7915511131286621,0.6612750291824341,1.1040230989456177,3.0162763595581055,0.7611311674118042,18,2,2,1,2,1,0,0.0,0.6682131290435791,2,clean,0.0,-1,142,95,CORRECT,0,0,0,0,0,0,0.0,0.0,answer,
margin,live-delta,6,0.0,0.244356,0.607198,5.7e-05,0.980469,0.466277,0.616277,0.13579082489013672,0.6931444406509399,0.5573536157608032,0.29598867893218994,1.3444548845291138,0.9264243841171265,3,2,2,1,2,1,0,0.0,0.47784537076950073,2,clean,0.0,-1,143,76,CORRECT,0,0,0,0,0,0,0.0,0.0,answer,
margin,live-delta,6,0.0,0.244356,0.607198,5.7e-05,0.980469,0.466277,0.616277,0.00894784927368164,0.5137728452682495,0.5048249959945679,2.05660343170166,7.819365501403809,0.17077074944972992,8,2,2,1,2,1,0,0.0,0.330750972032547,2,clean,0.0,-1,144,84,CORRECT,0,0,0,0,0,0,0.0,0.0,answer,
margin,live-delta,6,0.0,0.244356,0.607198,5.7e-05,0.980469,0.466277,0.616277,0.030334651470184326,0.6259560585021973,0.5956214070320129,2.16801118850708,8.740882873535156,0.32913848757743835,14,2,2,1,2,1,0,0.0,0.35051417350769043,2,clean,0.0,-1,145,90,CORRECT,0,0,0,0,0,0,0.0,0.0,answer,
margin,live-delta,6,0.0,0.244356,0.607198,5.7e-05,0.980469,0.466277,0.616277,0.015457987785339355,0.5768289566040039,0.5613709688186646,1.3100781440734863,3.70646333694458,0.39021971821784973,4,2,2,1,2,1,0,0.0,0.3091595768928528,2,clean,0.0,-1,146,85,CORRECT,0,0,0,0,0,0,0.0,0.0,answer,
margin,live-delta,6,0.0,0.244356,0.607198,5.7e-05,0.980469,0.466277,0.616277,0.009372591972351074,0.7042195796966553,0.6948469877243042,2.2201528549194336,9.208738327026367,0.22787244617938995,20,2,2,1,2,1,0,0.0,0.4942100942134857,2,clean,0.0,-1,147,80,CORRECT,0,0,0,0,0,0,0.0,0.0,answer,
margin,live-delta,6,0.0,0.244356,0.607198,5.7e-05,0.980469,0.466277,0.616277,0.029896914958953857,0.6239545941352844,0.5940576791763306,2.3112339973449707,10.086864471435547,0.31198281049728394,16,2,2,1,2,1,0,0.0,0.3297209143638611,2,clean,0.0,-1,148,95,CORRECT,0,0,0,0,0,0,0.0,0.0,answer,
margin,live-delta,6,0.0,0.244356,0.607198,5.7e-05,0.980469,0.466277,0.616277,0.004040539264678955,0.5432393550872803,0.5391988158226013,1.5254955291748047,4.597421169281006,0.2913380265235901,5,2,2,1,2,1,0,0.0,0.3532825708389282,2,clean,0.0,-1,149,94,CORRECT,0,0,0,0,0,0,0.0,0.0,answer,
margin,live-delta,6,0.0,0.244356,0.607198,5.7e-05,0.980469,0.466277,0.616277,0.005341708660125732,0.5863345265388489,0.5809928178787231,1.7241647243499756,5.607834815979004,0.28412020206451416,7,2,2,1,2,1,0,0.0,0.4689067006111145,2,clean,0.0,-1,151,95,CORRECT,0,0,0,0,0,0,0.0,0.0,answer,
margin,live-delta,6,0.0,0.244356,0.607198,5.7e-05,0.980469,0.466277,0.616277,0.013454973697662354,0.5799499750137329,0.5664950013160706,1.8747450113296509,6.519156455993652,0.3245985805988312,9,2,2,1,2,1,0,0.0,0.45656436681747437,2,clean,0.0,-1,152,71,CORRECT,0,0,0,0,0,0,0.0,0.0,answer,
margin,live-delta,6,0.0,0.244356,0.607198,5.7e-05,0.980469,0.466277,0.616277,0.055962324142456055,0.7152880430221558,0.6593257188796997,2.0730578899383545,7.949093341827393,0.41245174407958984,17,2,2,1,2,1,0,0.0,0.5391017198562622,2,clean,0.0,-1,153,80,CORRECT,0,0,0,0,0,0,0.0,0.0,answer,
margin,live-delta,6,0.0,0.244356,0.607198,5.7e-05,0.980469,0.466277,0.616277,0.02488243579864502,0.6584439277648926,0.6335614919662476,2.0872437953948975,8.062662124633789,0.347737580537796,16,2,2,1,2,1,0,0.0,0.4151434600353241,2,clean,0.0,-1,154,74,CORRECT,0,0,0,0,0,0,0.0,0.0,answer,
margin,live-delta,6,0.0,0.244356,0.607198,5.7e-05,0.980469,0.466277,0.616277,0.04854661226272583,0.5953265428543091,0.5467799305915833,1.16036856174469,3.1911091804504395,0.586326539516449,5,2,2,1,2,1,0,0.0,0.43014076352119446,2,clean,0.0,-1,156,68,CORRECT,0,0,0,0,0,0,0.0,0.0,answer,
margin,live-delta,6,0.0,0.244356,0.607198,5.7e-05,0.980469,0.466277,0.616277,0.0775800347328186,0.7291195392608643,0.6515395045280457,1.356828212738037,3.883854866027832,0.6280791759490967,12,2,2,1,2,1,0,0.0,0.5488950610160828,2,clean,0.0,-1,157,94,CORRECT,0,0,0,0,0,0,0.0,0.0,answer,
margin,live-delta,6,0.0,0.244356,0.607198,5.7e-05,0.980469,0.466277,0.616277,0.02474379539489746,0.69541335105896,0.6706695556640625,2.2874703407287598,9.84998893737793,0.32333171367645264,20,2,2,1,2,1,0,0.0,0.46810394525527954,2,clean,0.0,-1,158,92,CORRECT,0,0,0,0,0,0,0.0,0.0,answer,
margin,live-delta,6,0.0,0.244356,0.607198,5.7e-05,0.980469,0.466277,0.616277,0.11211967468261719,0.7105110883712769,0.5983914136886597,0.9322810173034668,2.540297031402588,0.7841705679893494,11,2,2,1,2,1,0,0.0,0.5441452860832214,2,clean,0.0,-1,159,68,CORRECT,0,0,0,0,0,0,0.0,0.0,answer,
margin,live-delta,6,0.0,0.244356,0.607198,5.7e-05,0.980469,0.466277,0.616277,0.012909889221191406,0.6248509883880615,0.6119410991668701,1.034548282623291,2.8138349056243896,0.49615219235420227,4,2,2,1,2,1,0,0.0,0.5396009087562561,2,clean,0.0,-1,160,85,CORRECT,0,0,0,0,0,0,0.0,0.0,answer,
margin,live-delta,6,0.0,0.244356,0.607198,5.7e-05,0.980469,0.466277,0.616277,0.005746603012084961,0.5610314607620239,0.555284857749939,1.8373068571090698,6.279603481292725,0.2964525520801544,8,2,2,1,2,1,0,0.0,0.35305845737457275,2,clean,0.0,-1,162,95,CORRECT,0,0,0,0,0,0,0.0,0.0,answer,
margin,live-delta,6,0.0,0.244356,0.607198,5.7e-05,0.980469,0.466277,0.616277,0.15240740776062012,0.8081988096237183,0.6557914018630981,0.4359906315803528,1.5464942455291748,0.9095169901847839,9,2,2,1,2,1,0,0.0,0.6263875365257263,2,clean,0.0,-1,163,82,CORRECT,0,0,0,0,0,0,0.0,0.0,answer,
margin,live-delta,6,0.0,0.244356,0.607198,5.7e-05,0.980469,0.466277,0.616277,0.06616216897964478,0.7789145708084106,0.7127524018287659,1.4441739320755005,4.238349437713623,0.5569444894790649,12,2,2,1,2,1,0,0.0,0.601078987121582,2,clean,0.0,-1,164,80,CORRECT,0,0,0,0,0,0,0.0,0.0,answer,
margin,live-delta,6,0.0,0.244356,0.607198,5.7e-05,0.980469,0.466277,0.616277,0.02064359188079834,0.5866369605064392,0.5659933686256409,2.4229724407196045,11.279336929321289,0.2292332649230957,14,2,2,1,2,1,0,0.0,0.44338637590408325,2,clean,0.0,-1,166,88,CORRECT,0,0,0,0,0,0,0.0,0.0,answer,
margin,live-delta,6,0.0,0.244356,0.607198,5.7e-05,0.980469,0.466277,0.616277,0.024736642837524414,0.606033205986023,0.5812965631484985,1.4480202198028564,4.254683017730713,0.43405407667160034,6,2,2,1,2,1,0,0.0,0.4318395256996155,2,clean,0.0,-1,167,88,CORRECT,0,0,0,0,0,0,0.0,0.0,answer,
margin,live-delta,6,0.0,0.244356,0.607198,5.7e-05,0.980469,0.466277,0.616277,0.008060634136199951,0.6232964992523193,0.6152358651161194,1.5166947841644287,4.557137966156006,0.3093995153903961,5,2,2,1,2,1,0,0.0,0.28481394052505493,2,clean,0.0,-1,168,67,CORRECT,0,0,0,0,0,0,0.0,0.0,answer,
margin,live-delta,6,0.0,0.244356,0.607198,5.7e-05,0.980469,0.466277,0.616277,0.08725428581237793,0.693211555480957,0.6059572696685791,1.5870367288589478,4.889239311218262,0.6153662204742432,16,2,2,1,2,1,0,0.0,0.3863239288330078,2,clean,0.0,-1,169,94,CORRECT,0,0,0,0,0,0,0.0,0.0,answer,
margin,live-delta,6,0.0,0.244356,0.607198,5.7e-05,0.980469,0.466277,0.616277,0.0413893461227417,0.7523607015609741,0.7109713554382324,1.3815333843231201,3.981001377105713,0.5346791744232178,10,2,2,1,2,1,0,0.0,0.5928447842597961,2,clean,0.0,-1,171,82,CORRECT,0,0,0,0,0,0,0.0,0.0,answer,
margin,live-delta,6,0.0,0.244356,0.607198,5.7e-05,0.980469,0.466277,0.616277,0.06721699237823486,0.6195198893547058,0.552302896976471,0.5096821784973145,1.664762020111084,0.7932027578353882,2,2,2,1,2,1,0,0.0,0.5161680579185486,2,clean,0.0,-1,172,85,CORRECT,0,0,0,0,0,0,0.0,0.0,answer,
margin,live-delta,6,0.0,0.244356,0.607198,5.7e-05,0.980469,0.466277,0.616277,0.07371622323989868,0.6819985508918762,0.6082823276519775,1.2305958271026611,3.4232685565948486,0.607131838798523,6,2,2,1,2,1,0,0.0,0.47153395414352417,2,clean,0.0,-1,173,68,CORRECT,0,0,0,0,0,0,0.0,0.0,answer,
margin,live-delta,6,0.0,0.244356,0.607198,5.7e-05,0.980469,0.466277,0.616277,0.030966460704803467,0.6728857159614563,0.6419192552566528,1.7405102252960205,5.70025110244751,0.40254369378089905,12,2,2,1,2,1,0,0.0,0.34602662920951843,2,clean,0.0,-1,174,67,CORRECT,0,0,0,0,0,0,0.0,0.0,answer,
margin,live-delta,6,0.0,0.244356,0.607198,5.7e-05,0.980469,0.466277,0.616277,0.02083343267440796,0.6345972418785095,0.6137638092041016,2.396552085876465,10.985235214233398,0.22136878967285156,17,2,2,1,2,1,0,0.0,0.4687931537628174,2,clean,0.0,-1,175,74,CORRECT,0,0,0,0,0,0,0.0,0.0,answer,
margin,live-delta,6,0.0,0.244356,0.607198,5.7e-05,0.980469,0.466277,0.616277,0.1282334327697754,0.7788606882095337,0.6506272554397583,0.5262368321418762,1.6925508975982666,0.8699262738227844,5,2,2,1,2,1,0,0.0,0.6797915101051331,2,clean,0.0,-1,176,68,CORRECT,0,0,0,0,0,0,0.0,0.0,answer,
margin,live-delta,6,0.0,0.244356,0.607198,5.7e-05,0.980469,0.466277,0.616277,0.037269771099090576,0.6675590872764587,0.6302893161773682,1.8351078033447266,6.265809535980225,0.41850006580352783,12,2,2,1,2,1,0,0.0,0.5264285802841187,2,clean,0.0,-1,177,80,CORRECT,0,0,0,0,0,0,0.0,0.0,answer,
margin,live-delta,6,0.0,0.244356,0.607198,5.7e-05,0.980469,0.466277,0.616277,0.11271160840988159,0.7303362488746643,0.6176246404647827,1.0682060718536377,2.910154104232788,0.7476840019226074,14,2,2,1,2,1,0,0.0,0.566432535648346,2,clean,0.0,-1,178,92,CORRECT,0,0,0,0,0,0,0.0,0.0,answer,
margin,live-delta,6,0.0,0.244356,0.607198,5.7e-05,0.980469,0.466277,0.616277,0.039039790630340576,0.6944647431373596,0.655424952507019,1.7918906211853027,6.000786781311035,0.4299042522907257,13,2,2,1,2,1,0,0.0,0.5696750283241272,2,clean,0.0,-1,179,91,CORRECT,0,0,0,0,0,0,0.0,0.0,answer,
margin,live-delta,6,0.0,0.244356,0.607198,5.7e-05,0.980469,0.466277,0.616277,0.020443439483642578,0.6780236959457397,0.6575802564620972,2.4922432899475098,12.088363647460938,0.24060675501823425,19,2,2,1,2,1,0,0.0,0.5304607152938843,2,clean,0.0,-1,180,91,CORRECT,0,0,0,0,0,0,0.0,0.0,answer,
margin,live-delta,6,0.0,0.244356,0.607198,5.7e-05,0.980469,0.466277,0.616277,0.024712681770324707,0.6381895542144775,0.6134768724441528,1.4255295991897583,4.160060405731201,0.46456971764564514,8,2,2,1,2,1,0,0.0,0.26151567697525024,2,clean,0.0,-1,181,67,CORRECT,0,0,0,0,0,0,0.0,0.0,answer,
margin,live-delta,6,0.0,0.244356,0.607198,5.7e-05,0.980469,0.466277,0.616277,0.010335981845855713,0.5961796045303345,0.5858436226844788,2.3410282135009766,10.391916275024414,0.20926615595817566,14,2,2,1,2,1,0,0.0,0.4780789017677307,2,clean,0.0,-1,182,93,CORRECT,0,0,0,0,0,0,0.0,0.0,answer,
margin,live-delta,6,0.0,0.244356,0.607198,5.7e-05,0.980469,0.466277,0.616277,0.037868618965148926,0.6397140026092529,0.601845383644104,2.124819755554199,8.37138843536377,0.3193504214286804,13,2,2,1,2,1,0,0.0,0.4415649175643921,2,clean,0.0,-1,183,80,CORRECT,0,0,0,0,0,0,0.0,0.0,answer,
margin,live-delta,6,0.0,0.244356,0.607198,5.7e-05,0.980469,0.466277,0.616277,0.02257359027862549,0.6969536542892456,0.6743800640106201,2.3240654468536377,10.217126846313477,0.2829517126083374,20,2,2,1,2,1,0,0.0,0.5205903053283691,2,clean,0.0,-1,184,91,CORRECT,0,0,0,0,0,0,0.0,0.0,answer,
margin,live-delta,6,0.0,0.244356,0.607198,5.7e-05,0.980469,0.466277,0.616277,0.08996117115020752,0.6739968061447144,0.5840356349945068,1.3994174003601074,4.052838325500488,0.610733151435852,9,2,2,1,2,1,0,0.0,0.3213646113872528,2,clean,0.0,-1,185,67,CORRECT,0,0,0,0,0,0,0.0,0.0,answer,
margin,live-delta,6,0.0,0.244356,0.607198,5.7e-05,0.980469,0.466277,0.616277,0.010523676872253418,0.6649458408355713,0.6544221639633179,2.5547595024108887,12.868204116821289,0.16769342124462128,20,2,2,1,2,1,0,0.0,0.45762038230895996,2,clean,0.0,-1,186,89,CORRECT,0,0,0,0,0,0,0.0,0.0,answer,
margin,live-delta,6,0.0,0.244356,0.607198,5.7e-05,0.980469,0.466277,0.616277,0.0033548474311828613,0.6261475682258606,0.6227927207946777,1.8005625009536743,6.053051471710205,0.3042020797729492,9,2,2,1,2,1,0,0.0,0.5129871964454651,2,clean,0.0,-1,187,88,CORRECT,0,0,0,0,0,0,0.0,0.0,answer,
margin,live-delta,6,0.0,0.244356,0.607198,5.7e-05,0.980469,0.466277,0.616277,0.05916464328765869,0.5708418488502502,0.5116772055625916,0.8113946318626404,2.2510452270507812,0.6907492876052856,3,2,2,1,2,1,0,0.0,0.4427361488342285,2,clean,0.0,-1,188,78,CORRECT,0,0,0,0,0,0,0.0,0.0,answer,
margin,live-delta,6,0.0,0.244356,0.607198,5.7e-05,0.980469,0.466277,0.616277,0.006326436996459961,0.6582905054092407,0.6519640684127808,2.502655506134033,12.214887619018555,0.1542011797428131,20,2,2,1,2,1,0,0.0,0.5008820295333862,2,clean,0.0,-1,189,74,CORRECT,0,0,0,0,0,0,0.0,0.0,answer,
margin,live-delta,6,0.0,0.244356,0.607198,5.7e-05,0.980469,0.466277,0.616277,0.06224316358566284,0.7220123410224915,0.6597691774368286,1.9369443655014038,6.9375200271606445,0.4199064373970032,16,2,2,1,2,1,0,0.0,0.5344237685203552,2,clean,0.0,-1,190,91,CORRECT,0,0,0,0,0,0,0.0,0.0,answer,
margin,live-delta,6,0.0,0.244356,0.607198,5.7e-05,0.980469,0.466277,0.616277,0.010715484619140625,0.5521745681762695,0.5414590835571289,1.9276747703552246,6.873509407043457,0.2654131054878235,8,2,2,1,2,1,0,0.0,0.399591863155365,2,clean,0.0,-1,191,94,CORRECT,0,0,0,0,0,0,0.0,0.0,answer,
margin,live-delta,6,0.0,0.244356,0.607198,5.7e-05,0.980469,0.466277,0.616277,0.1926092505455017,0.573388934135437,0.3807796835899353,-0.0,1.0,1.0,1,3,3,1,3,1,0,0.0,0.29521629214286804,2,clean,0.0,-1,192,126,CORRECT,0,0,0,0,0,0,0.0,0.0,answer,
margin,live-delta,6,0.0,0.244356,0.607198,5.7e-05,0.980469,0.466277,0.616277,0.002837657928466797,0.4762086868286133,0.4733710289001465,0.6927447319030762,1.9991952180862427,0.5141844749450684,2,3,3,1,3,1,0,0.0,0.13931193947792053,2,clean,0.0,-1,193,108,CORRECT,0,0,0,0,0,0,0.0,0.0,answer,
margin,live-delta,6,0.0,0.244356,0.607198,5.7e-05,0.980469,0.466277,0.616277,0.10279828310012817,0.5986695885658264,0.49587130546569824,0.3536701798439026,1.4242852926254272,0.8865489959716797,2,3,3,1,3,1,0,0.0,0.20850712060928345,2,clean,0.0,-1,194,110,CORRECT,0,0,0,0,0,0,0.0,0.0,answer,
margin,live-delta,6,0.0,0.244356,0.607198,5.7e-05,0.980469,0.466277,0.616277,0.03087615966796875,0.4933467507362366,0.4624705910682678,-0.0,1.0,1.0,1,3,3,1,3,1,0,0.0,0.09028860926628113,2,clean,0.0,-1,200,108,CORRECT,0,0,0,0,0,0,0.0,0.0,answer,
margin,live-delta,6,0.0,0.244356,0.607198,5.7e-05,0.980469,0.466277,0.616277,0.09149575233459473,0.5550409555435181,0.46354520320892334,-0.0,1.0,1.0,1,3,3,1,3,1,0,0.0,0.24887317419052124,2,clean,0.0,-1,201,120,CORRECT,0,0,0,0,0,0,0.0,0.0,answer,
margin,live-delta,6,0.0,0.244356,0.607198,5.7e-05,0.980469,0.466277,0.616277,0.02482759952545166,0.6939318180084229,0.6691042184829712,0.8073439598083496,2.241945266723633,0.6013247966766357,4,3,3,1,3,1,0,0.0,0.24247205257415771,2,clean,0.0,-1,202,107,CORRECT,0,0,0,0,0,0,0.0,0.0,answer,
margin,live-delta,6,0.0,0.244356,0.607198,5.7e-05,0.980469,0.466277,0.616277,0.029502391815185547,0.5513004660606384,0.5217980742454529,1.253708004951477,3.5033092498779297,0.4627518951892853,4,3,3,1,3,1,0,0.0,0.23448604345321655,2,clean,0.0,-1,205,120,CORRECT,0,0,0,0,0,0,0.0,0.0,answer,
margin,live-delta,6,0.0,0.244356,0.607198,5.7e-05,0.980469,0.466277,0.616277,0.02621561288833618,0.5272265672683716,0.5010109543800354,2.0063228607177734,7.435924053192139,0.23957088589668274,8,3,3,1,3,1,0,0.0,0.1180831789970398,2,clean,0.0,-1,207,104,CORRECT,0,0,0,0,0,0,0.0,0.0,answer,
margin,live-delta,6,0.0,0.244356,0.607198,5.7e-05,0.980469,0.466277,0.616277,0.11798250675201416,0.6017956733703613,0.48381316661834717,0.7409191727638245,2.097862958908081,0.7911416888237,4,3,3,1,3,1,0,0.0,0.2477075755596161,2,clean,0.0,-1,208,115,CORRECT,0,0,0,0,0,0,0.0,0.0,answer,
margin,live-delta,6,0.0,0.244356,0.607198,5.7e-05,0.980469,0.466277,0.616277,0.08217626810073853,0.6692698001861572,0.5870935320854187,0.6440044641494751,1.9040905237197876,0.7986990213394165,4,3,3,1,3,1,0,0.0,0.2568804919719696,2,clean,0.0,-1,209,120,CORRECT,0,0,0,0,0,0,0.0,0.0,answer,
margin,live-delta,6,0.0,0.244356,0.607198,5.7e-05,0.980469,0.466277,0.616277,0.15729665756225586,0.6105475425720215,0.4532508850097656,-0.0,1.0,1.0,1,3,3,1,3,1,0,0.0,0.15729665756225586,2,clean,0.0,-1,210,104,CORRECT,0,0,0,0,0,0,0.0,0.0,answer,
margin,live-delta,6,0.0,0.244356,0.607198,5.7e-05,0.980469,0.466277,0.616277,0.02014237642288208,0.6971720457077026,0.6770296692848206,1.990173578262329,7.316803932189941,0.30935487151145935,13,3,3,1,3,1,0,0.0,0.2428939938545227,2,clean,0.0,-1,211,120,CORRECT,0,0,0,0,0,0,0.0,0.0,answer,
margin,live-delta,6,0.0,0.244356,0.607198,5.7e-05,0.980469,0.466277,0.616277,0.06616729497909546,0.6066004633903503,0.5404331684112549,1.324224829673767,3.759270191192627,0.5778385996818542,6,3,3,1,3,1,0,0.0,0.28090739250183105,2,clean,0.0,-1,212,116,CORRECT,0,0,0,0,0,0,0.0,0.0,answer,
margin,live-delta,6,0.0,0.244356,0.607198,5.7e-05,0.980469,0.466277,0.616277,0.00887608528137207,0.5642865896224976,0.5554105043411255,1.838852882385254,6.2893195152282715,0.28707244992256165,8,3,3,1,3,1,0,0.0,0.19849196076393127,2,clean,0.0,-1,213,107,CORRECT,0,0,0,0,0,0,0.0,0.0,answer,
margin,live-delta,6,0.0,0.244356,0.607198,5.7e-05,0.980469,0.466277,0.616277,0.05752432346343994,0.5843203663825989,0.5267960429191589,0.8016424775123596,2.2291994094848633,0.692435085773468,3,3,3,1,3,1,0,0.0,0.25374045968055725,2,clean,0.0,-1,214,105,CORRECT,0,0,0,0,0,0,0.0,0.0,answer,
margin,live-delta,6,0.0,0.244356,0.607198,5.7e-05,0.980469,0.466277,0.616277,0.01133456826210022,0.5045703649520874,0.4932357966899872,1.064758062362671,2.900137186050415,0.4318862557411194,3,3,3,1,3,1,0,0.0,0.2836514711380005,2,clean,0.0,-1,216,108,CORRECT,0,0,0,0,0,0,0.0,0.0,answer,
margin,live-delta,6,0.0,0.244356,0.607198,5.7e-05,0.980469,0.466277,0.616277,0.003426849842071533,0.5011805295944214,0.49775367975234985,1.3551664352416992,3.877406120300293,0.31608033180236816,4,3,3,1,3,1,0,0.0,0.19427341222763062,2,clean,0.0,-1,218,98,CORRECT,0,0,0,0,0,0,0.0,0.0,answer,
margin,live-delta,6,0.0,0.244356,0.607198,5.7e-05,0.980469,0.466277,0.616277,0.12949895858764648,0.6797758340835571,0.5502768754959106,0.48130854964256287,1.6181905269622803,0.8866637945175171,5,3,3,1,3,1,0,0.0,0.3595513105392456,2,clean,0.0,-1,219,100,CORRECT,0,0,0,0,0,0,0.0,0.0,answer,
margin,live-delta,6,0.0,0.244356,0.607198,5.7e-05,0.980469,0.466277,0.616277,0.06679219007492065,0.5910822153091431,0.5242900252342224,1.659691333770752,5.257687568664551,0.4827601909637451,8,3,3,1,3,1,0,0.0,0.2517186403274536,2,clean,0.0,-1,220,96,CORRECT,0,0,0,0,0,0,0.0,0.0,answer,
margin,live-delta,6,0.0,0.244356,0.607198,5.7e-05,0.980469,0.466277,0.616277,0.01146090030670166,0.6261302828788757,0.6146693825721741,1.7643245458602905,5.83762788772583,0.30648717284202576,9,3,3,1,3,1,0,0.0,0.21545302867889404,2,clean,0.0,-1,224,112,CORRECT,0,0,0,0,0,0,0.0,0.0,answer,
margin,live-delta,6,0.0,0.244356,0.607198,5.7e-05,0.980469,0.466277,0.616277,0.004072070121765137,0.5881993770599365,0.5841273069381714,2.1805710792541504,8.851359367370605,0.19593437016010284,11,3,3,1,3,1,0,0.0,0.18485039472579956,2,clean,0.0,-1,225,110,CORRECT,0,0,0,0,0,0,0.0,0.0,answer,
margin,live-delta,6,0.0,0.244356,0.607198,5.7e-05,0.980469,0.466277,0.616277,0.03309154510498047,0.5609841346740723,0.5278925895690918,0.6412531137466431,1.898858904838562,0.6596715450286865,2,3,3,1,3,1,0,0.0,0.20335319638252258,2,clean,0.0,-1,226,108,CORRECT,0,0,0,0,0,0,0.0,0.0,answer,
margin,live-delta,6,0.0,0.244356,0.607198,5.7e-05,0.980469,0.466277,0.616277,0.037726402282714844,0.5063289403915405,0.4686025381088257,0.6267454028129578,1.8715096712112427,0.6801645159721375,2,3,3,1,3,1,0,0.0,0.15563541650772095,2,clean,0.0,-1,227,126,CORRECT,0,0,0,0,0,0,0.0,0.0,answer,
margin,live-delta,6,0.0,0.244356,0.607198,5.7e-05,0.980469,0.466277,0.616277,0.012221962213516235,0.47681495547294617,0.46459299325942993,-0.0,1.0,1.0,1,3,3,1,3,1,0,0.0,0.13924476504325867,2,clean,0.0,-1,231,104,CORRECT,0,0,0,0,0,0,0.0,0.0,answer,
margin,live-delta,6,0.0,0.244356,0.607198,5.7e-05,0.980469,0.466277,0.616277,0.029977619647979736,0.47079384326934814,0.4408162236213684,-0.0,1.0,1.0,1,3,3,1,3,1,0,0.0,0.23236018419265747,2,clean,0.0,-1,232,98,CORRECT,0,0,0,0,0,0,0.0,0.0,answer,
margin,live-delta,6,0.0,0.244356,0.607198,5.7e-05,0.980469,0.466277,0.616277,0.004300862550735474,0.4803829491138458,0.47608208656311035,0.6922231912612915,1.9981528520584106,0.5214909315109253,2,3,3,1,3,1,0,0.0,0.1727493703365326,2,clean,0.0,-1,233,98,CORRECT,0,0,0,0,0,0,0.0,0.0,answer,
margin,live-delta,6,0.0,0.244356,0.607198,5.7e-05,0.980469,0.466277,0.616277,0.03754919767379761,0.5242900252342224,0.4867408275604248,0.6273261308670044,1.8725967407226562,0.6793931126594543,2,3,3,1,3,1,0,0.0,0.24334800243377686,2,clean,0.0,-1,235,110,CORRECT,0,0,0,0,0,0,0.0,0.0,answer,
margin,live-delta,6,0.0,0.244356,0.607198,5.7e-05,0.980469,0.466277,0.616277,0.017941057682037354,0.4855964779853821,0.4676554203033447,0.6773084998130798,1.9685721397399902,0.5887549519538879,2,3,3,1,3,1,0,0.0,0.17962372303009033,2,clean,0.0,-1,236,108,CORRECT,0,0,0,0,0,0,0.0,0.0,answer,
margin,live-delta,6,0.0,0.244356,0.607198,5.7e-05,0.980469,0.466277,0.616277,0.004896998405456543,0.509640097618103,0.5047430992126465,0.6919496059417725,1.9976062774658203,0.5244653224945068,2,3,3,1,3,1,0,0.0,0.17720720171928406,2,clean,0.0,-1,238,115,CORRECT,0,0,0,0,0,0,0.0,0.0,answer,
margin,live-delta,6,0.0,0.244356,0.607198,5.7e-05,0.980469,0.466277,0.616277,0.04566854238510132,0.5717487931251526,0.5260802507400513,1.2074474096298218,3.344935417175293,0.5206905603408813,4,3,3,1,3,1,0,0.0,0.27459055185317993,2,clean,0.0,-1,239,110,CORRECT,0,0,0,0,0,0,0.0,0.0,answer,
margin,live-delta,6,0.0,0.244356,0.607198,5.7e-05,0.980469,0.466277,0.616277,0.0239027738571167,0.4795359671115875,0.4556331932544708,-0.0,1.0,1.0,1,3,3,1,3,1,0,0.0,0.08667504787445068,2,clean,0.0,-1,242,114,CORRECT,0,0,0,0,0,0,0.0,0.0,answer,
margin,live-delta,6,0.0,0.244356,0.607198,5.7e-05,0.980469,0.466277,0.616277,0.016660213470458984,0.6470491886138916,0.6303889751434326,2.0216286182403564,7.550611972808838,0.29967594146728516,11,3,3,1,3,1,0,0.011956256814301014,0.16107234358787537,2,clean,0.0,-1,243,96,CORRECT,0,0,0,0,0,0,0.0,0.0,answer,
margin,live-delta,6,0.0,0.244356,0.607198,5.7e-05,0.980469,0.466277,0.616277,0.05257701873779297,0.6573766469955444,0.6047996282577515,1.6723682880401611,5.324763298034668,0.49929380416870117,11,3,3,1,3,1,0,0.0,0.2856913208961487,2,clean,0.0,-1,244,100,CORRECT,0,0,0,0,0,0,0.0,0.0,answer,
margin,live-delta,6,0.0,0.244356,0.607198,5.7e-05,0.980469,0.466277,0.616277,0.05133938789367676,0.4852619171142578,0.43392252922058105,-0.0,1.0,1.0,1,3,3,1,3,1,0,0.0,0.11322644352912903,2,clean,0.0,-1,246,98,CORRECT,0,0,0,0,0,0,0.0,0.0,answer,
margin,live-delta,6,0.0,0.244356,0.607198,5.7e-05,0.980469,0.466277,0.616277,0.07415032386779785,0.7413268089294434,0.6671764850616455,1.0889414548873901,2.9711272716522217,0.6762465834617615,9,3,3,1,3,1,0,0.0,0.3865586519241333,2,clean,0.0,-1,248,110,CORRECT,0,0,0,0,0,0,0.0,0.0,answer,
margin,live-delta,6,0.0,0.244356,0.607198,5.7e-05,0.980469,0.466277,0.616277,0.1013302206993103,0.4877285957336426,0.3863983750343323,-0.0,1.0,1.0,1,3,3,1,3,1,0,0.0,0.16303473711013794,2,clean,0.0,-1,250,114,CORRECT,0,0,0,0,0,0,0.0,0.0,answer,
margin,live-delta,6,0.0,0.244356,0.607198,5.7e-05,0.980469,0.466277,0.616277,0.021122872829437256,0.5811411738395691,0.5600183010101318,2.09708833694458,8.142427444458008,0.23062185943126678,10,3,3,1,3,1,0,0.0,0.13164237141609192,2,clean,0.0,-1,253,110,CORRECT,0,0,0,0,0,0,0.0,0.0,answer,
margin,live-delta,6,0.0,0.244356,0.607198,5.7e-05,0.980469,0.466277,0.616277,0.10018813610076904,0.6796610355377197,0.5794728994369507,1.2663002014160156,3.5477025508880615,0.6495617032051086,8,3,3,1,3,1,0,0.0,0.26146480441093445,2,clean,0.0,-1,254,115,CORRECT,0,0,0,0,0,0,0.0,0.0,answer,
margin,live-delta,6,0.0,0.244356,0.607198,5.7e-05,0.980469,0.466277,0.616277,0.08388504385948181,0.5746854543685913,0.4908004105091095,0.4353334903717041,1.545478343963623,0.8425998091697693,2,3,3,1,3,1,0,0.0,0.26444941759109497,2,clean,0.0,-1,255,104,CORRECT,0,0,0,0,0,0,0.0,0.0,answer,
margin,live-delta,7,0.0,0.244356,0.607198,5.7e-05,0.980469,0.466277,0.616277,0.008692145347595215,0.6145343780517578,0.6058422327041626,2.4878780841827393,12.035710334777832,0.1735929250717163,16,0,0,1,0,1,0,0.0,0.48662111163139343,2,clean,0.0,-1,0,29,CORRECT,0,0,0,0,0,0,0.0,0.0,answer,
margin,live-delta,7,0.0,0.244356,0.607198,5.7e-05,0.980469,0.466277,0.616277,0.002864539623260498,0.7485058903694153,0.7456413507461548,2.406562566757202,11.095754623413086,0.19970422983169556,20,0,0,1,0,1,0,0.0,0.5389264225959778,2,clean,0.0,-1,1,29,CORRECT,0,0,0,0,0,0,0.0,0.0,answer,
margin,live-delta,7,0.0,0.244356,0.607198,5.7e-05,0.980469,0.466277,0.616277,0.03562748432159424,0.8512296676635742,0.81560218334198,1.8628650903701782,6.44216775894165,0.437677800655365,20,0,0,1,0,1,0,0.0,0.613601803779602,2,clean,0.0,-1,2,0,CORRECT,0,0,0,0,0,0,0.0,0.0,answer,
margin,live-delta,7,0.0,0.244356,0.607198,5.7e-05,0.980469,0.466277,0.616277,0.06120377779006958,0.8351686596870422,0.7739648818969727,2.109811305999756,8.246685028076172,0.39704185724258423,20,0,0,1,0,1,0,0.0,0.6275011301040649,2,clean,0.0,-1,3,27,CORRECT,0,0,0,0,0,0,0.0,0.0,answer,
margin,live-delta,7,0.0,0.244356,0.607198,5.7e-05,0.980469,0.466277,0.616277,0.06320923566818237,0.6585389971733093,0.595329761505127,1.3653671741485596,3.917160987854004,0.5692832469940186,7,0,0,1,0,1,0,0.0,0.5165534019470215,2,clean,0.0,-1,4,12,CORRECT,0,0,0,0,0,0,0.0,0.0,answer,
margin,live-delta,7,0.0,0.244356,0.607198,5.7e-05,0.980469,0.466277,0.616277,0.01838463544845581,0.8731691241264343,0.8547844886779785,2.0343306064605713,7.647131443023682,0.3304731547832489,20,0,0,1,0,1,0,0.0,0.6164111495018005,2,clean,0.0,-1,5,27,CORRECT,0,0,0,0,0,0,0.0,0.0,answer,
margin,live-delta,7,0.0,0.244356,0.607198,5.7e-05,0.980469,0.466277,0.616277,0.024461090564727783,0.8591064214706421,0.8346453309059143,2.0839645862579346,8.036266326904297,0.31034284830093384,20,0,0,1,0,1,0,0.0,0.5630691647529602,2,clean,0.0,-1,6,0,CORRECT,0,0,0,0,0,0,0.0,0.0,answer,
margin,live-delta,7,0.0,0.244356,0.607198,5.7e-05,0.980469,0.466277,0.616277,0.01217198371887207,0.7492260336875916,0.7370540499687195,1.5021567344665527,4.491365432739258,0.3474813997745514,7,0,0,1,0,1,0,0.0,0.639962911605835,2,clean,0.0,-1,7,12,CORRECT,0,0,0,0,0,0,0.0,0.0,answer,
margin,live-delta,7,0.0,0.244356,0.607198,5.7e-05,0.980469,0.466277,0.616277,0.0574725866317749,0.8665192127227783,0.8090466260910034,1.768878698348999,5.864274024963379,0.46956494450569153,20,0,0,1,0,1,0,0.0,0.5741294622421265,2,clean,0.0,-1,8,19,CORRECT,0,0,0,0,0,0,0.0,0.0,answer,
margin,live-delta,7,0.0,0.244356,0.607198,5.7e-05,0.980469,0.466277,0.616277,0.02331995964050293,0.6571364402770996,0.6338164806365967,1.8307143449783325,6.238341331481934,0.389030396938324,13,0,0,1,0,1,0,0.0,0.32575005292892456,2,clean,0.0,-1,9,2,CORRECT,0,0,0,0,0,0,0.0,0.0,answer,
margin,live-delta,7,0.0,0.244356,0.607198,5.7e-05,0.980469,0.466277,0.616277,0.010274708271026611,0.8123652935028076,0.802090585231781,2.2328696250915527,9.326591491699219,0.24554862082004547,20,0,0,1,0,1,0,0.0,0.6101858019828796,2,clean,0.0,-1,10,27,CORRECT,0,0,0,0,0,0,0.0,0.0,answer,
margin,live-delta,7,0.0,0.244356,0.607198,5.7e-05,0.980469,0.466277,0.616277,0.0263330340385437,0.7415318489074707,0.715198814868927,2.523719310760498,12.474908828735352,0.197550967335701,20,0,0,1,0,1,0,0.0,0.41163015365600586,2,clean,0.0,-1,11,19,CORRECT,0,0,0,0,0,0,0.0,0.0,answer,
margin,live-delta,7,0.0,0.244356,0.607198,5.7e-05,0.980469,0.466277,0.616277,0.053028225898742676,0.6884907484054565,0.6354625225067139,1.888684630393982,6.610667705535889,0.44716835021972656,15,0,0,1,0,1,0,0.0,0.27818992733955383,2,clean,0.0,-1,12,28,CORRECT,0,0,0,0,0,0,0.0,0.0,answer,
margin,live-delta,7,0.0,0.244356,0.607198,5.7e-05,0.980469,0.466277,0.616277,0.03296172618865967,0.8734875321388245,0.8405258059501648,1.9558680057525635,7.0700531005859375,0.34270551800727844,20,0,0,1,0,1,0,0.0,0.5720294713973999,2,clean,0.0,-1,13,19,CORRECT,0,0,0,0,0,0,0.0,0.0,answer,
margin,live-delta,7,0.0,0.244356,0.607198,5.7e-05,0.980469,0.466277,0.616277,0.04973268508911133,0.6596090793609619,0.6098763942718506,2.256545066833496,9.550037384033203,0.349910169839859,18,0,0,1,0,1,0,0.0,0.376028835773468,2,clean,0.0,-1,14,14,CORRECT,0,0,0,0,0,0,0.0,0.0,answer,
margin,live-delta,7,0.0,0.244356,0.607198,5.7e-05,0.980469,0.466277,0.616277,0.059464991092681885,0.8609749674797058,0.8015099763870239,2.2850558757781982,9.826234817504883,0.3320564925670624,20,0,0,1,0,1,0,0.0,0.6294852495193481,2,clean,0.0,-1,15,0,CORRECT,0,0,0,0,0,0,0.0,0.0,answer,
margin,live-delta,7,0.0,0.244356,0.607198,5.7e-05,0.980469,0.466277,0.616277,0.03566533327102661,0.8514373302459717,0.8157719969749451,1.8758732080459595,6.526515483856201,0.3923010230064392,20,0,0,1,0,1,0,0.0,0.6156409978866577,2,clean,0.0,-1,16,0,CORRECT,0,0,0,0,0,0,0.0,0.0,answer,
margin,live-delta,7,0.0,0.244356,0.607198,5.7e-05,0.980469,0.466277,0.616277,0.0259246826171875,0.817624568939209,0.7916998863220215,2.0725443363189697,7.945012092590332,0.3371545076370239,20,0,0,1,0,1,0,0.0,0.615166425704956,2,clean,0.0,-1,17,0,CORRECT,0,0,0,0,0,0,0.0,0.0,answer,
margin,live-delta,7,0.0,0.244356,0.607198,5.7e-05,0.980469,0.466277,0.616277,0.01809978485107422,0.7281592488288879,0.7100594639778137,2.3283562660217285,10.261061668395996,0.26296719908714294,19,0,0,1,0,1,0,0.0,0.5232799649238586,2,clean,0.0,-1,18,11,CORRECT,0,0,0,0,0,0,0.0,0.0,answer,
margin,live-delta,7,0.0,0.244356,0.607198,5.7e-05,0.980469,0.466277,0.616277,0.056340694427490234,0.8419591784477234,0.7856184840202332,1.8564157485961914,6.400753498077393,0.4715288579463959,20,0,0,1,0,1,0,0.0,0.6057676076889038,2,clean,0.0,-1,19,0,CORRECT,0,0,0,0,0,0,0.0,0.0,answer,
margin,live-delta,7,0.0,0.244356,0.607198,5.7e-05,0.980469,0.466277,0.616277,0.10735994577407837,0.8890054225921631,0.7816454768180847,1.654344081878662,5.229648590087891,0.6039719581604004,20,0,0,1,0,1,0,0.0,0.7198744416236877,2,clean,0.0,-1,20,0,CORRECT,0,0,0,0,0,0,0.0,0.0,answer,
margin,live-delta,7,0.0,0.244356,0.607198,5.7e-05,0.980469,0.466277,0.616277,0.07574641704559326,0.8565751314163208,0.7808287143707275,1.6038110256195068,4.971944808959961,0.5907458066940308,20,0,0,1,0,1,0,0.0,0.6307447552680969,2,clean,0.0,-1,21,0,CORRECT,0,0,0,0,0,0,0.0,0.0,answer,
margin,live-delta,7,0.0,0.244356,0.607198,5.7e-05,0.980469,0.466277,0.616277,0.010011017322540283,0.609879732131958,0.5998687148094177,2.661395788192749,14.31625747680664,0.1477361023426056,19,0,0,1,0,1,0,0.0,0.39039385318756104,2,clean,0.0,-1,22,7,CORRECT,0,0,0,0,0,0,0.0,0.0,answer,
margin,live-delta,7,0.0,0.244356,0.607198,5.7e-05,0.980469,0.466277,0.616277,0.004011273384094238,0.6520997285842896,0.6480884552001953,2.446258783340454,11.545073509216309,0.1887655258178711,19,0,0,1,0,1,0,0.0,0.523506760597229,2,clean,0.0,-1,23,11,CORRECT,0,0,0,0,0,0,0.0,0.0,answer,
margin,live-delta,7,0.0,0.244356,0.607198,5.7e-05,0.980469,0.466277,0.616277,0.0026372671127319336,0.7925955057144165,0.7899582386016846,2.366831064224243,10.663546562194824,0.22386150062084198,20,0,0,1,0,1,0,0.0,0.5823259949684143,2,clean,0.0,-1,24,22,CORRECT,0,0,0,0,0,0,0.0,0.0,answer,
margin,live-delta,7,0.0,0.244356,0.607198,5.7e-05,0.980469,0.466277,0.616277,0.3059971034526825,0.6070910692214966,0.3010939657688141,-0.0,1.0,1.0,1,0,0,1,0,1,0,0.0,0.35750406980514526,2,clean,0.0,-1,25,30,CORRECT,0,0,0,0,0,0,0.0,0.0,answer,
margin,live-delta,7,0.0,0.244356,0.607198,5.7e-05,0.980469,0.466277,0.616277,0.021011531352996826,0.6684602499008179,0.647448718547821,2.0992791652679443,8.160285949707031,0.3467082679271698,15,0,0,1,0,1,0,0.0,0.47889745235443115,2,clean,0.0,-1,26,20,CORRECT,0,0,0,0,0,0,0.0,0.0,answer,
margin,live-delta,7,0.0,0.244356,0.607198,5.7e-05,0.980469,0.466277,0.616277,0.009212374687194824,0.7741955518722534,0.7649831771850586,2.2408275604248047,9.401107788085938,0.24142929911613464,20,0,0,1,0,1,0,0.0,0.5331166982650757,2,clean,0.0,-1,27,27,CORRECT,0,0,0,0,0,0,0.0,0.0,answer,
margin,live-delta,7,0.0,0.244356,0.607198,5.7e-05,0.980469,0.466277,0.616277,0.027210235595703125,0.8135794401168823,0.7863692045211792,1.9127768278121948,6.771866798400879,0.37401944398880005,20,0,0,1,0,1,0,0.0,0.6232535243034363,2,clean,0.0,-1,28,19,CORRECT,0,0,0,0,0,0,0.0,0.0,answer,
margin,live-delta,7,0.0,0.244356,0.607198,5.7e-05,0.980469,0.466277,0.616277,0.009036123752593994,0.7184197306632996,0.7093836069107056,2.036456346511841,7.66340446472168,0.33035457134246826,18,0,0,1,0,1,0,0.0,0.5991634130477905,2,clean,0.0,-1,29,7,CORRECT,0,0,0,0,0,0,0.0,0.0,answer,
margin,live-delta,7,0.0,0.244356,0.607198,5.7e-05,0.980469,0.466277,0.616277,0.01577126979827881,0.8026509284973145,0.7868796586990356,2.3519437313079834,10.50597095489502,0.24932830035686493,20,0,0,1,0,1,0,0.0,0.6467174291610718,2,clean,0.0,-1,30,22,CORRECT,0,0,0,0,0,0,0.0,0.0,answer,
margin,live-delta,7,0.0,0.244356,0.607198,5.7e-05,0.980469,0.466277,0.616277,0.11953634023666382,0.8753258585929871,0.7557895183563232,1.3980088233947754,4.047133445739746,0.6851340532302856,20,0,0,1,0,1,0,0.0,0.6159409284591675,2,clean,0.0,-1,31,0,CORRECT,0,0,0,0,0,0,0.0,0.0,answer,
margin,live-delta,7,0.0,0.244356,0.607198,5.7e-05,0.980469,0.466277,0.616277,0.2579633593559265,0.6663253307342529,0.4083619713783264,-0.0,1.0,1.0,1,0,0,1,0,1,0,0.0,0.4054147005081177,2,clean,0.0,-1,32,30,CORRECT,0,0,0,0,0,0,0.0,0.0,answer,
margin,live-delta,7,0.0,0.244356,0.607198,5.7e-05,0.980469,0.466277,0.616277,0.00027108192443847656,0.8409632444381714,0.8406921625137329,2.2232730388641357,9.237516403198242,0.23702208697795868,20,0,0,1,0,1,0,0.0,0.6162108182907104,2,clean,0.0,-1,33,27,CORRECT,0,0,0,0,0,0,0.0,0.0,answer,
margin,live-delta,7,0.0,0.244356,0.607198,5.7e-05,0.980469,0.466277,0.616277,0.07880854606628418,0.8197683095932007,0.7409597635269165,1.3303163051605225,3.7822394371032715,0.5591570138931274,6,0,0,1,0,1,0,0.0,0.7087355256080627,2,clean,0.0,-1,34,26,CORRECT,0,0,0,0,0,0,0.0,0.0,answer,
margin,live-delta,7,0.0,0.244356,0.607198,5.7e-05,0.980469,0.466277,0.616277,0.06488156318664551,0.8260010480880737,0.7611194849014282,1.1787643432617188,3.2503554821014404,0.5940961241722107,6,0,0,1,0,1,0,0.0,0.7347782254219055,2,clean,0.0,-1,35,26,CORRECT,0,0,0,0,0,0,0.0,0.0,answer,
margin,live-delta,7,0.0,0.244356,0.607198,5.7e-05,0.980469,0.466277,0.616277,0.01791250705718994,0.6625928282737732,0.6446803212165833,2.5377726554870605,12.651460647583008,0.1929238885641098,19,0,0,1,0,1,0,0.0,0.523886501789093,2,clean,0.0,-1,36,31,CORRECT,0,0,0,0,0,0,0.0,0.0,answer,
margin,live-delta,7,0.0,0.244356,0.607198,5.7e-05,0.980469,0.466277,0.616277,0.00014674663543701172,0.7378839254379272,0.7377371788024902,2.4393093585968018,11.465119361877441,0.20830827951431274,20,0,0,1,0,1,0,0.0,0.453913152217865,2,clean,0.0,-1,37,3,CORRECT,0,0,0,0,0,0,0.0,0.0,answer,
margin,live-delta,7,0.0,0.244356,0.607198,5.7e-05,0.980469,0.466277,0.616277,0.06540250778198242,0.8352208137512207,0.7698183059692383,1.9166908264160156,6.798424243927002,0.45502015948295593,18,0,0,1,0,1,0,0.0,0.525200366973877,2,clean,0.0,-1,39,19,CORRECT,0,0,0,0,0,0,0.0,0.0,answer,
margin,live-delta,7,0.0,0.244356,0.607198,5.7e-05,0.980469,0.466277,0.616277,8.213520050048828e-05,0.6722115278244019,0.6721293926239014,2.5988857746124268,13.448744773864746,0.13513359427452087,19,0,0,1,0,1,0,0.0,0.5113608837127686,2,clean,0.0,-1,40,1,CORRECT,0,0,0,0,0,0,0.0,0.0,answer,
margin,live-delta,7,0.0,0.244356,0.607198,5.7e-05,0.980469,0.466277,0.616277,0.021424174308776855,0.8092004060745239,0.7877762317657471,1.8422305583953857,6.310598850250244,0.3710879683494568,19,0,0,1,0,1,0,0.0,0.6027906537055969,2,clean,0.0,-1,41,2,CORRECT,0,0,0,0,0,0,0.0,0.0,answer,
margin,live-delta,7,0.0,0.244356,0.607198,5.7e-05,0.980469,0.466277,0.616277,0.014770090579986572,0.6550374627113342,0.6402673721313477,2.3951516151428223,10.969861030578613,0.2125970423221588,17,0,0,1,0,1,0,0.0,0.5561074614524841,2,clean,0.0,-1,42,18,CORRECT,0,0,0,0,0,0,0.0,0.0,answer,
margin,live-delta,7,0.0,0.244356,0.607198,5.7e-05,0.980469,0.466277,0.616277,0.0036307573318481445,0.8091407418251038,0.8055099844932556,2.218207359313965,9.190839767456055,0.24903666973114014,20,0,0,1,0,1,0,0.0,0.5742166042327881,2,clean,0.0,-1,43,22,CORRECT,0,0,0,0,0,0,0.0,0.0,answer,
margin,live-delta,7,0.0,0.244356,0.607198,5.7e-05,0.980469,0.466277,0.616277,0.007630765438079834,0.6590110659599304,0.6513803005218506,2.559352159500122,12.92743968963623,0.15378409624099731,18,0,0,1,0,1,0,0.0,0.4933120012283325,2,clean,0.0,-1,44,29,CORRECT,0,0,0,0,0,0,0.0,0.0,answer,
margin,live-delta,7,0.0,0.244356,0.607198,5.7e-05,0.980469,0.466277,0.616277,0.018065690994262695,0.7802423238754272,0.7621766328811646,2.3016512393951416,9.990665435791016,0.24524210393428802,20,0,0,1,0,1,0,0.0,0.5786288976669312,2,clean,0.0,-1,45,0,CORRECT,0,0,0,0,0,0,0.0,0.0,answer,
margin,live-delta,7,0.0,0.244356,0.607198,5.7e-05,0.980469,0.466277,0.616277,0.13380369544029236,0.615119457244873,0.4813157618045807,0.23890648782253265,1.269859790802002,0.9355999827384949,2,0,0,1,0,1,0,0.0,0.2942866384983063,2,clean,0.0,-1,46,6,CORRECT,0,0,0,0,0,0,0.0,0.0,answer,
margin,live-delta,7,0.0,0.244356,0.607198,5.7e-05,0.980469,0.466277,0.616277,0.014446496963500977,0.7987375259399414,0.7842910289764404,1.7550482749938965,5.783727169036865,0.37430909276008606,20,0,0,1,0,1,0,0.0,0.5803588032722473,2,clean,0.0,-1,47,9,CORRECT,0,0,0,0,0,0,0.0,0.0,answer,
margin,live-delta,7,0.0,0.244356,0.607198,5.7e-05,0.980469,0.466277,0.616277,0.04508107900619507,0.542166531085968,0.49708545207977295,1.221544623374939,3.392423629760742,0.5084954500198364,4,0,0,1,0,1,0,0.0,0.3024407625198364,2,clean,0.0,-1,48,10,CORRECT,0,0,0,0,0,0,0.0,0.0,answer,
margin,live-delta,7,0.0,0.244356,0.607198,5.7e-05,0.980469,0.466277,0.616277,0.015541672706604004,0.6601847410202026,0.6446430683135986,1.785942554473877,5.965199947357178,0.31330162286758423,8,0,0,1,0,1,0,0.0,0.5240664482116699,2,clean,0.0,-1,50,12,CORRECT,0,0,0,0,0,0,0.0,0.0,answer,
margin,live-delta,7,0.0,0.244356,0.607198,5.7e-05,0.980469,0.466277,0.616277,0.09869396686553955,0.8877891302108765,0.7890951633453369,1.5895107984542847,4.901350498199463,0.6128032207489014,20,0,0,1,0,1,0,0.0,0.6858367323875427,2,clean,0.0,-1,51,0,CORRECT,0,0,0,0,0,0,0.0,0.0,answer,
margin,live-delta,7,0.0,0.244356,0.607198,5.7e-05,0.980469,0.466277,0.616277,0.07959491014480591,0.835240364074707,0.7556454539299011,2.0745296478271484,7.960801124572754,0.4464603066444397,20,0,0,1,0,1,0,0.0,0.6948240995407104,2,clean,0.0,-1,52,22,CORRECT,0,0,0,0,0,0,0.0,0.0,answer,
margin,live-delta,7,0.0,0.244356,0.607198,5.7e-05,0.980469,0.466277,0.616277,0.04038846492767334,0.7718725204467773,0.731484055519104,1.4142096042633057,4.113234043121338,0.46398523449897766,7,0,0,1,0,1,0,0.0,0.6465674638748169,2,clean,0.0,-1,53,26,CORRECT,0,0,0,0,0,0,0.0,0.0,answer,
margin,live-delta,7,0.0,0.244356,0.607198,5.7e-05,0.980469,0.466277,0.616277,0.021745800971984863,0.7166833877563477,0.6949375867843628,1.9931995868682861,7.338977813720703,0.38795801997184753,20,0,0,1,0,1,0,0.0,0.5401468873023987,2,clean,0.0,-1,56,11,CORRECT,0,0,0,0,0,0,0.0,0.0,answer,
margin,live-delta,7,0.0,0.244356,0.607198,5.7e-05,0.980469,0.466277,0.616277,0.030704915523529053,0.7882815599441528,0.7575766444206238,1.7928885221481323,6.006778240203857,0.4267408549785614,19,0,0,1,0,1,0,0.0,0.4446962773799896,2,clean,0.0,-1,57,21,CORRECT,0,0,0,0,0,0,0.0,0.0,answer,
margin,live-delta,7,0.0,0.244356,0.607198,5.7e-05,0.980469,0.466277,0.616277,0.02657550573348999,0.8341991901397705,0.8076236844062805,2.004579782485962,7.422974109649658,0.35644713044166565,20,0,0,1,0,1,0,0.0,0.6128807067871094,2,clean,0.0,-1,58,0,CORRECT,0,0,0,0,0,0,0.0,0.0,answer,
margin,live-delta,7,0.0,0.244356,0.607198,5.7e-05,0.980469,0.466277,0.616277,0.003304004669189453,0.677891731262207,0.6745877265930176,2.606302499771118,13.548861503601074,0.1863083690404892,20,0,0,1,0,1,0,0.0,0.48026907444000244,2,clean,0.0,-1,59,14,CORRECT,0,0,0,0,0,0,0.0,0.0,answer,
margin,live-delta,7,0.0,0.244356,0.607198,5.7e-05,0.980469,0.466277,0.616277,0.06265604496002197,0.8349859714508057,0.7723299264907837,1.7187001705169678,5.577274322509766,0.5307914614677429,20,0,0,1,0,1,0,0.0,0.6107056736946106,2,clean,0.0,-1,60,2,CORRECT,0,0,0,0,0,0,0.0,0.0,answer,
margin,live-delta,7,0.0,0.244356,0.607198,5.7e-05,0.980469,0.466277,0.616277,0.002447187900543213,0.8728757500648499,0.8704285621643066,1.7311381101608276,5.6470770835876465,0.3716391623020172,20,0,0,1,0,1,0,0.0,0.6611804962158203,2,clean,0.0,-1,61,0,CORRECT,0,0,0,0,0,0,0.0,0.0,answer,
margin,live-delta,7,0.0,0.244356,0.607198,5.7e-05,0.980469,0.466277,0.616277,0.0034145712852478027,0.5589209198951721,0.5555063486099243,2.3829386234283447,10.836701393127441,0.17335356771945953,13,0,0,1,0,1,0,0.0,0.3900502622127533,2,clean,0.0,-1,62,0,CORRECT,0,0,0,0,0,0,0.0,0.0,answer,
margin,live-delta,7,0.0,0.244356,0.607198,5.7e-05,0.980469,0.466277,0.616277,0.024738192558288574,0.6136946678161621,0.5889564752578735,2.2272839546203613,9.274641036987305,0.24552853405475616,13,0,0,1,0,1,0,0.0,0.309717059135437,2,clean,0.0,-1,63,3,CORRECT,0,0,0,0,0,0,0.0,0.0,answer,
margin,live-delta,7,0.0,0.244356,0.607198,5.7e-05,0.980469,0.466277,0.616277,0.09998571872711182,0.618600070476532,0.5186143517494202,1.090551733970642,2.9759154319763184,0.6926170587539673,6,1,1,1,1,1,0,0.0,0.40959230065345764,2,clean,0.0,-1,64,50,CORRECT,0,0,0,0,0,0,0.0,0.0,answer,
margin,live-delta,7,0.0,0.244356,0.607198,5.7e-05,0.980469,0.466277,0.616277,0.05121266841888428,0.7665919661521912,0.7153792977333069,1.7484828233718872,5.74587869644165,0.47212183475494385,15,1,1,1,1,1,0,0.0,0.40311747789382935,2,clean,0.0,-1,65,37,CORRECT,0,0,0,0,0,0,0.0,0.0,answer,
margin,live-delta,7,0.0,0.244356,0.607198,5.7e-05,0.980469,0.466277,0.616277,0.03203341364860535,0.5036468505859375,0.47161343693733215,0.644357442855835,1.9047627449035645,0.6549046635627747,2,1,1,1,1,1,0,0.0,0.337674081325531,2,clean,0.0,-1,66,35,CORRECT,0,0,0,0,0,0,0.0,0.0,answer,
margin,live-delta,7,0.0,0.244356,0.607198,5.7e-05,0.980469,0.466277,0.616277,0.10132157802581787,0.6654294729232788,0.5641078948974609,1.589150071144104,4.899582862854004,0.600055456161499,12,1,1,1,1,1,0,0.0,0.41640186309814453,2,clean,0.0,-1,67,47,CORRECT,0,0,0,0,0,0,0.0,0.0,answer,
margin,live-delta,7,0.0,0.244356,0.607198,5.7e-05,0.980469,0.466277,0.616277,0.05116629600524902,0.6455747485160828,0.5944084525108337,1.2960596084594727,3.6548666954040527,0.5464943051338196,7,1,1,1,1,1,0,0.0,0.4683803915977478,2,clean,0.0,-1,68,57,CORRECT,0,0,0,0,0,0,0.0,0.0,answer,
margin,live-delta,7,0.0,0.244356,0.607198,5.7e-05,0.980469,0.466277,0.616277,0.11027538776397705,0.6950936317443848,0.5848182439804077,0.7107840776443481,2.0355865955352783,0.8172983527183533,6,1,1,1,1,1,0,0.0,0.4552825391292572,2,clean,0.0,-1,69,36,CORRECT,0,0,0,0,0,0,0.0,0.0,answer,
margin,live-delta,7,0.0,0.244356,0.607198,5.7e-05,0.980469,0.466277,0.616277,0.07145816087722778,0.8408964276313782,0.7694382667541504,1.6646839380264282,5.284002780914307,0.505393385887146,16,1,1,1,1,1,0,0.0,0.40438294410705566,2,clean,0.0,-1,70,40,CORRECT,0,0,0,0,0,0,0.0,0.0,answer,
margin,live-delta,7,0.0,0.244356,0.607198,5.7e-05,0.980469,0.466277,0.616277,0.006285190582275391,0.5209206342697144,0.514635443687439,1.8887509107589722,6.611105442047119,0.21866096556186676,7,1,1,1,1,1,0,0.0,0.3271400034427643,2,clean,0.0,-1,71,47,CORRECT,0,0,0,0,0,0,0.0,0.0,answer,
margin,live-delta,7,0.0,0.244356,0.607198,5.7e-05,0.980469,0.466277,0.616277,0.1541154384613037,0.7070056200027466,0.5528901815414429,0.25915229320526123,1.2958310842514038,0.9408519864082336,3,1,1,1,1,1,0,0.0,0.5489740371704102,2,clean,0.0,-1,72,36,CORRECT,0,0,0,0,0,0,0.0,0.0,answer,
margin,live-delta,7,0.0,0.244356,0.607198,5.7e-05,0.980469,0.466277,0.616277,0.03657364845275879,0.7942038774490356,0.7576302289962769,1.9058846235275269,6.725354194641113,0.3367863893508911,15,1,1,1,1,1,0,0.0,0.42950505018234253,2,clean,0.0,-1,74,45,CORRECT,0,0,0,0,0,0,0.0,0.0,answer,
margin,live-delta,7,0.0,0.244356,0.607198,5.7e-05,0.980469,0.466277,0.616277,0.12161687016487122,0.4690021574497223,0.3473852872848511,-0.0,1.0,1.0,1,1,1,1,1,1,0,0.0,0.29065269231796265,2,clean,0.0,-1,75,44,CORRECT,0,0,0,0,0,0,0.0,0.0,answer,
margin,live-delta,7,0.0,0.244356,0.607198,5.7e-05,0.980469,0.466277,0.616277,0.03811115026473999,0.7916508913040161,0.7535397410392761,1.5426193475723267,4.676824569702148,0.4435966908931732,12,1,1,1,1,1,0,0.0,0.4099929630756378,2,clean,0.0,-1,77,60,CORRECT,0,0,0,0,0,0,0.0,0.0,answer,
margin,live-delta,7,0.0,0.244356,0.607198,5.7e-05,0.980469,0.466277,0.616277,0.027743279933929443,0.6010585427284241,0.5733152627944946,1.4160377979278564,4.120760917663574,0.46678048372268677,6,1,1,1,1,1,0,0.0,0.415357768535614,2,clean,0.0,-1,78,35,CORRECT,0,0,0,0,0,0,0.0,0.0,answer,
margin,live-delta,7,0.0,0.244356,0.607198,5.7e-05,0.980469,0.466277,0.616277,0.037351906299591064,0.5969131588935852,0.5595612525939941,1.4065840244293213,4.081987380981445,0.4622056484222412,6,1,1,1,1,1,0,0.0,0.421724796295166,2,clean,0.0,-1,79,47,CORRECT,0,0,0,0,0,0,0.0,0.0,answer,
margin,live-delta,7,0.0,0.244356,0.607198,5.7e-05,0.980469,0.466277,0.616277,0.2626209259033203,0.7004657983779907,0.4378448724746704,-0.0,1.0,1.0,1,1,1,1,1,1,0,0.0,0.508686363697052,2,clean,0.0,-1,81,44,CORRECT,0,0,0,0,0,0,0.0,0.0,answer,
margin,live-delta,7,0.0,0.244356,0.607198,5.7e-05,0.980469,0.466277,0.616277,0.002087831497192383,0.5332192182540894,0.531131386756897,1.879578948020935,6.550745964050293,0.2097821682691574,7,1,1,1,1,1,0,0.0,0.35299718379974365,2,clean,0.0,-1,82,52,CORRECT,0,0,0,0,0,0,0.0,0.0,answer,
margin,live-delta,7,0.0,0.244356,0.607198,5.7e-05,0.980469,0.466277,0.616277,0.02273687720298767,0.5098756551742554,0.4871387779712677,1.0672328472137451,2.9073233604431152,0.4528815448284149,3,1,1,1,1,1,0,0.0,0.33688005805015564,2,clean,0.0,-1,83,35,CORRECT,0,0,0,0,0,0,0.0,0.0,answer,
margin,live-delta,7,0.0,0.244356,0.607198,5.7e-05,0.980469,0.466277,0.616277,0.0005498528480529785,0.6723116040229797,0.6717617511749268,2.3331432342529297,10.310297966003418,0.1623452752828598,15,1,1,1,1,1,0,0.0,0.3700893819332123,2,clean,0.0,-1,84,40,CORRECT,0,0,0,0,0,0,0.0,0.0,answer,
margin,live-delta,7,0.0,0.244356,0.607198,5.7e-05,0.980469,0.466277,0.616277,0.02664715051651001,0.487519770860672,0.460872620344162,-0.0,1.0,1.0,1,1,1,1,1,1,0,0.0,0.24179601669311523,2,clean,0.0,-1,85,63,CORRECT,0,0,0,0,0,0,0.0,0.0,answer,
margin,live-delta,7,0.0,0.244356,0.607198,5.7e-05,0.980469,0.466277,0.616277,0.06783407926559448,0.6784102916717529,0.6105762124061584,1.8441320657730103,6.322609901428223,0.45953890681266785,13,1,1,1,1,1,0,0.0,0.36041104793548584,2,clean,0.0,-1,86,61,CORRECT,0,0,0,0,0,0,0.0,0.0,answer,
margin,live-delta,7,0.0,0.244356,0.607198,5.7e-05,0.980469,0.466277,0.616277,0.1254260540008545,0.5565441846847534,0.4311181306838989,-0.0,1.0,1.0,1,1,1,1,1,1,0,0.0,0.35206863284111023,2,clean,0.0,-1,87,63,CORRECT,0,0,0,0,0,0,0.0,0.0,answer,
margin,live-delta,7,0.0,0.244356,0.607198,5.7e-05,0.980469,0.466277,0.616277,0.0759202241897583,0.4897550344467163,0.413834810256958,-0.0,1.0,1.0,1,1,1,1,1,1,0,0.0,0.197681725025177,2,clean,0.0,-1,88,44,CORRECT,0,0,0,0,0,0,0.0,0.0,answer,
margin,live-delta,7,0.0,0.244356,0.607198,5.7e-05,0.980469,0.466277,0.616277,0.009209275245666504,0.5815664529800415,0.572357177734375,2.1523971557617188,8.605462074279785,0.23630297183990479,11,1,1,1,1,1,0,0.0,0.2658657729625702,2,clean,0.0,-1,89,50,CORRECT,0,0,0,0,0,0,0.0,0.0,answer,
margin,live-delta,7,0.0,0.244356,0.607198,5.7e-05,0.980469,0.466277,0.616277,0.026315629482269287,0.5693287253379822,0.5430130958557129,1.5898866653442383,4.90319299697876,0.3744606673717499,6,1,1,1,1,1,0,0.0,0.44232887029647827,2,clean,0.0,-1,90,59,CORRECT,0,0,0,0,0,0,0.0,0.0,answer,
margin,live-delta,7,0.0,0.244356,0.607198,5.7e-05,0.980469,0.466277,0.616277,0.08912777900695801,0.756209135055542,0.667081356048584,1.6893302202224731,5.415852069854736,0.5579541325569153,15,1,1,1,1,1,0,0.0,0.35234421491622925,2,clean,0.0,-1,91,40,CORRECT,0,0,0,0,0,0,0.0,0.0,answer,
margin,live-delta,7,0.0,0.244356,0.607198,5.7e-05,0.980469,0.466277,0.616277,0.008020877838134766,0.5828986763954163,0.5748777985572815,2.2008423805236816,9.03261947631836,0.23457404971122742,11,1,1,1,1,1,0,0.0,0.37079745531082153,2,clean,0.0,-1,93,38,CORRECT,0,0,0,0,0,0,0.0,0.0,answer,
margin,live-delta,7,0.0,0.244356,0.607198,5.7e-05,0.980469,0.466277,0.616277,0.03238600492477417,0.6400529742240906,0.6076669692993164,2.0842947959899902,8.038920402526855,0.3071781098842621,12,1,1,1,1,1,0,0.0,0.2573622465133667,2,clean,0.0,-1,94,60,CORRECT,0,0,0,0,0,0,0.0,0.0,answer,
margin,live-delta,7,0.0,0.244356,0.607198,5.7e-05,0.980469,0.466277,0.616277,0.06375056505203247,0.5301032066345215,0.466352641582489,0.5248762369155884,1.6902496814727783,0.7815993428230286,2,1,1,1,1,1,0,0.0,0.346439003944397,2,clean,0.0,-1,95,52,CORRECT,0,0,0,0,0,0,0.0,0.0,answer,
margin,live-delta,7,0.0,0.244356,0.607198,5.7e-05,0.980469,0.466277,0.616277,0.01938331127166748,0.5583243370056152,0.5389410257339478,1.2063450813293457,3.341250419616699,0.4621243476867676,4,1,1,1,1,1,0,0.0,0.3553626537322998,2,clean,0.0,-1,96,42,CORRECT,0,0,0,0,0,0,0.0,0.0,answer,
margin,live-delta,7,0.0,0.244356,0.607198,5.7e-05,0.980469,0.466277,0.616277,0.03714674711227417,0.624442458152771,0.5872957110404968,2.082209348678589,8.022172927856445,0.3359236717224121,12,1,1,1,1,1,0,0.0,0.39441344141960144,2,clean,0.0,-1,97,52,CORRECT,0,0,0,0,0,0,0.0,0.0,answer,
margin,live-delta,7,0.0,0.244356,0.607198,5.7e-05,0.980469,0.466277,0.616277,0.008182287216186523,0.710715115070343,0.7025328278541565,1.9646108150482178,7.132136344909668,0.24671868979930878,15,1,1,1,1,1,0,0.0,0.4413045346736908,2,clean,0.0,-1,98,32,CORRECT,0,0,0,0,0,0,0.0,0.0,answer,
margin,live-delta,7,0.0,0.244356,0.607198,5.7e-05,0.980469,0.466277,0.616277,0.07950395345687866,0.8086062073707581,0.7291022539138794,1.727082371711731,5.624220371246338,0.5324875712394714,17,1,1,1,1,1,0,0.0,0.39816349744796753,2,clean,0.0,-1,99,40,CORRECT,0,0,0,0,0,0,0.0,0.0,answer,
margin,live-delta,7,0.0,0.244356,0.607198,5.7e-05,0.980469,0.466277,0.616277,0.05860075354576111,0.5353360772132874,0.47673532366752625,0.5470012426376343,1.7280632257461548,0.7635090947151184,2,1,1,1,1,1,0,0.0,0.3425619602203369,2,clean,0.0,-1,100,57,CORRECT,0,0,0,0,0,0,0.0,0.0,answer,
margin,live-delta,7,0.0,0.244356,0.607198,5.7e-05,0.980469,0.466277,0.616277,0.021641671657562256,0.6355977058410645,0.6139560341835022,2.4214563369750977,11.262248992919922,0.23112753033638,16,1,1,1,1,1,0,0.0,0.4764178395271301,2,clean,0.0,-1,101,59,CORRECT,0,0,0,0,0,0,0.0,0.0,answer,
margin,live-delta,7,0.0,0.244356,0.607198,5.7e-05,0.980469,0.466277,0.616277,0.054714083671569824,0.5064904689788818,0.451776385307312,-0.0,1.0,1.0,1,1,1,1,1,1,0,0.0,0.2953105568885803,2,clean,0.0,-1,102,63,CORRECT,0,0,0,0,0,0,0.0,0.0,answer,
margin,live-delta,7,0.0,0.244356,0.607198,5.7e-05,0.980469,0.466277,0.616277,0.007851600646972656,0.5549097061157227,0.54705810546875,0.9500627517700195,2.585871934890747,0.48384636640548706,3,1,1,1,1,1,0,0.0,0.348261296749115,2,clean,0.0,-1,103,39,CORRECT,0,0,0,0,0,0,0.0,0.0,answer,
margin,live-delta,7,0.0,0.244356,0.607198,5.7e-05,0.980469,0.466277,0.616277,0.0412028431892395,0.5383107662200928,0.49710792303085327,1.2734624147415161,3.5732030868530273,0.46618518233299255,4,1,1,1,1,1,0,0.0,0.16544708609580994,2,clean,0.0,-1,105,41,CORRECT,0,0,0,0,0,0,0.0,0.0,answer,
margin,live-delta,7,0.0,0.244356,0.607198,5.7e-05,0.980469,0.466277,0.616277,0.06919336318969727,0.8411480188369751,0.7719546556472778,1.6193878650665283,5.0499982833862305,0.5550135374069214,18,1,1,1,1,1,0,0.0,0.46236059069633484,2,clean,0.0,-1,106,40,CORRECT,0,0,0,0,0,0,0.0,0.0,answer,
margin,live-delta,7,0.0,0.244356,0.607198,5.7e-05,0.980469,0.466277,0.616277,0.0112648606300354,0.5574491620063782,0.5461843013763428,2.1453616619110107,8.54513168334961,0.22670850157737732,10,1,1,1,1,1,0,0.0,0.3906744420528412,2,clean,0.0,-1,107,51,CORRECT,0,0,0,0,0,0,0.0,0.0,answer,
margin,live-delta,7,0.0,0.244356,0.607198,5.7e-05,0.980469,0.466277,0.616277,0.03881198167800903,0.5745145082473755,0.5357025265693665,1.5413742065429688,4.671004772186279,0.4340221881866455,6,1,1,1,1,1,0,0.0,0.42668288946151733,2,clean,0.0,-1,109,38,CORRECT,0,0,0,0,0,0,0.0,0.0,answer,
margin,live-delta,7,0.0,0.244356,0.607198,5.7e-05,0.980469,0.466277,0.616277,0.013598799705505371,0.6043965816497803,0.5907977819442749,2.234657049179077,9.343276977539062,0.19502900540828705,13,1,1,1,1,1,0,0.0,0.2900141477584839,2,clean,0.0,-1,110,51,CORRECT,0,0,0,0,0,0,0.0,0.0,answer,
margin,live-delta,7,0.0,0.244356,0.607198,5.7e-05,0.980469,0.466277,0.616277,0.05629462003707886,0.47336429357528687,0.417069673538208,-0.0,1.0,1.0,1,1,1,1,1,1,0,0.0,0.16464796662330627,2,clean,0.0,-1,111,59,CORRECT,0,0,0,0,0,0,0.0,0.0,answer,
margin,live-delta,7,0.0,0.244356,0.607198,5.7e-05,0.980469,0.466277,0.616277,0.005659312009811401,0.4965621531009674,0.490902841091156,1.3755953311920166,3.9574320316314697,0.29926928877830505,4,1,1,1,1,1,0,0.0,0.1582716405391693,2,clean,0.0,-1,112,63,CORRECT,0,0,0,0,0,0,0.0,0.0,answer,
margin,live-delta,7,0.0,0.244356,0.607198,5.7e-05,0.980469,0.466277,0.616277,0.03795003890991211,0.5386905670166016,0.5007405281066895,0.6260095834732056,1.8701330423355103,0.6811367869377136,2,1,1,1,1,1,0,0.0,0.34128454327583313,2,clean,0.0,-1,113,36,CORRECT,0,0,0,0,0,0,0.0,0.0,answer,
margin,live-delta,7,0.0,0.244356,0.607198,5.7e-05,0.980469,0.466277,0.616277,0.0009084939956665039,0.5301651954650879,0.5292567014694214,1.3083757162094116,3.7001585960388184,0.31801289319992065,4,1,1,1,1,1,0,0.0,0.2635127902030945,2,clean,0.0,-1,115,62,CORRECT,0,0,0,0,0,0,0.0,0.0,answer,
margin,live-delta,7,0.0,0.244356,0.607198,5.7e-05,0.980469,0.466277,0.616277,0.005991756916046143,0.6308895349502563,0.6248977780342102,2.041196823120117,7.699819087982178,0.2383880913257599,14,1,1,1,1,1,0,0.0,0.4562114477157593,2,clean,0.0,-1,116,38,CORRECT,0,0,0,0,0,0,0.0,0.0,answer,
margin,live-delta,7,0.0,0.244356,0.607198,5.7e-05,0.980469,0.466277,0.616277,0.08642899990081787,0.6468977928161621,0.5604687929153442,1.4230724573135376,4.149851322174072,0.5965681672096252,8,1,1,1,1,1,0,0.0,0.3993479609489441,2,clean,0.0,-1,117,42,CORRECT,0,0,0,0,0,0,0.0,0.0,answer,
margin,live-delta,7,0.0,0.244356,0.607198,5.7e-05,0.980469,0.466277,0.616277,0.06817120313644409,0.7197924852371216,0.6516212821006775,1.7145893573760986,5.554394245147705,0.5323235988616943,15,1,1,1,1,1,0,0.0,0.3329954743385315,2,clean,0.0,-1,118,40,CORRECT,0,0,0,0,0,0,0.0,0.0,answer,
margin,live-delta,7,0.0,0.244356,0.607198,5.7e-05,0.980469,0.466277,0.616277,0.05210930109024048,0.5614919066429138,0.5093826055526733,0.859039306640625,2.360891580581665,0.65705806016922,3,1,1,1,1,1,0,0.0,0.39505207538604736,2,clean,0.0,-1,119,51,CORRECT,0,0,0,0,0,0,0.0,0.0,answer,
margin,live-delta,7,0.0,0.244356,0.607198,5.7e-05,0.980469,0.466277,0.616277,0.022288918495178223,0.5903431177139282,0.56805419921875,1.8569599390029907,6.404237747192383,0.3308742940425873,9,1,1,1,1,1,0,0.0,0.38903000950813293,2,clean,0.0,-1,121,57,CORRECT,0,0,0,0,0,0,0.0,0.0,answer,
margin,live-delta,7,0.0,0.244356,0.607198,5.7e-05,0.980469,0.466277,0.616277,0.09091466665267944,0.6686475872993469,0.5777329206466675,1.4103723764419556,4.097480773925781,0.6350938081741333,11,1,1,1,1,1,0,0.0,0.4798545837402344,2,clean,0.0,-1,122,50,CORRECT,0,0,0,0,0,0,0.0,0.0,answer,
margin,live-delta,7,0.0,0.244356,0.607198,5.7e-05,0.980469,0.466277,0.616277,0.013231277465820312,0.5954697132110596,0.5822384357452393,1.8852791786193848,6.588193416595459,0.31591758131980896,9,1,1,1,1,1,0,0.0,0.3156626522541046,2,clean,0.0,-1,123,52,CORRECT,0,0,0,0,0,0,0.0,0.0,answer,
margin,live-delta,7,0.0,0.244356,0.607198,5.7e-05,0.980469,0.466277,0.616277,0.004436910152435303,0.8431375026702881,0.8387005925178528,1.4869407415390015,4.423542022705078,0.4011160135269165,13,1,1,1,1,1,0,0.0,0.4534303545951843,2,clean,0.0,-1,125,41,CORRECT,0,0,0,0,0,0,0.0,0.0,answer,
margin,live-delta,7,0.0,0.244356,0.607198,5.7e-05,0.980469,0.466277,0.616277,0.08864820003509521,0.4892336130142212,0.400585412979126,-0.0,1.0,1.0,1,1,1,1,1,1,0,0.0,0.2482023388147354,2,clean,0.0,-1,126,38,CORRECT,0,0,0,0,0,0,0.0,0.0,answer,
margin,live-delta,7,0.0,0.244356,0.607198,5.7e-05,0.980469,0.466277,0.616277,0.07421362400054932,0.5997445583343506,0.5255309343338013,1.4360886812210083,4.204219818115234,0.5549681782722473,7,1,1,1,1,1,0,0.0,0.2862173318862915,2,clean,0.0,-1,127,47,CORRECT,0,0,0,0,0,0,0.0,0.0,answer,
margin,live-delta,7,0.0,0.244356,0.607198,5.7e-05,0.980469,0.466277,0.616277,0.016283154487609863,0.5630731582641602,0.5467900037765503,2.561187744140625,12.951190948486328,0.15698552131652832,15,2,2,1,2,1,0,0.0,0.36430293321609497,2,clean,0.0,-1,129,89,CORRECT,0,0,0,0,0,0,0.0,0.0,answer,
margin,live-delta,7,0.0,0.244356,0.607198,5.7e-05,0.980469,0.466277,0.616277,0.060343146324157715,0.7414408922195435,0.6810977458953857,1.7353003025054932,5.67063045501709,0.4609133005142212,15,2,2,1,2,1,0,0.0,0.5133565664291382,2,clean,0.0,-1,130,80,CORRECT,0,0,0,0,0,0,0.0,0.0,answer,
margin,live-delta,7,0.0,0.244356,0.607198,5.7e-05,0.980469,0.466277,0.616277,0.04067337512969971,0.6881340146064758,0.6474606394767761,1.7969489097595215,6.031217575073242,0.4137338697910309,14,2,2,1,2,1,0,0.0,0.5713598728179932,2,clean,0.0,-1,131,84,CORRECT,0,0,0,0,0,0,0.0,0.0,answer,
margin,live-delta,7,0.0,0.244356,0.607198,5.7e-05,0.980469,0.466277,0.616277,0.14067071676254272,0.7042433023452759,0.5635725855827332,0.9601891040802002,2.6121904850006104,0.7839149236679077,10,2,2,1,2,1,0,0.0,0.5656924247741699,2,clean,0.0,-1,132,82,CORRECT,0,0,0,0,0,0,0.0,0.0,answer,
margin,live-delta,7,0.0,0.244356,0.607198,5.7e-05,0.980469,0.466277,0.616277,0.036290526390075684,0.671927809715271,0.6356372833251953,1.6878896951675415,5.408055782318115,0.427912175655365,13,2,2,1,2,1,0,0.0,0.5307698249816895,2,clean,0.0,-1,133,84,CORRECT,0,0,0,0,0,0,0.0,0.0,answer,
margin,live-delta,7,0.0,0.244356,0.607198,5.7e-05,0.980469,0.466277,0.616277,0.0068738460540771484,0.5189614295959473,0.5120875835418701,1.7381528615951538,5.686829566955566,0.26037150621414185,6,2,2,1,2,1,0,0.0,0.2802686393260956,2,clean,0.0,-1,134,89,CORRECT,0,0,0,0,0,0,0.0,0.0,answer,
margin,live-delta,7,0.0,0.244356,0.607198,5.7e-05,0.980469,0.466277,0.616277,0.0005246996879577637,0.7538886666297913,0.7533639669418335,1.7762717008590698,5.90778923034668,0.3020019829273224,13,2,2,1,2,1,0,0.0,0.547387957572937,2,clean,0.0,-1,136,80,CORRECT,0,0,0,0,0,0,0.0,0.0,answer,
margin,live-delta,7,0.0,0.244356,0.607198,5.7e-05,0.980469,0.466277,0.616277,0.003684520721435547,0.6487258076667786,0.645041286945343,1.9841867685317993,7.273130416870117,0.2580257058143616,13,2,2,1,2,1,0,0.0,0.535396158695221,2,clean,0.0,-1,137,91,CORRECT,0,0,0,0,0,0,0.0,0.0,answer,
margin,live-delta,7,0.0,0.244356,0.607198,5.7e-05,0.980469,0.466277,0.616277,0.05013328790664673,0.7074763178825378,0.6573430299758911,2.0383803844451904,7.678163528442383,0.4086896777153015,19,2,2,1,2,1,0,0.0,0.5535368919372559,2,clean,0.0,-1,138,79,CORRECT,0,0,0,0,0,0,0.0,0.0,answer,
margin,live-delta,7,0.0,0.244356,0.607198,5.7e-05,0.980469,0.466277,0.616277,0.015082180500030518,0.565150797367096,0.5500686168670654,1.5573731660842896,4.746336936950684,0.3736588954925537,6,2,2,1,2,1,0,0.0,0.17426016926765442,2,clean,0.0,-1,139,67,CORRECT,0,0,0,0,0,0,0.0,0.0,answer,
margin,live-delta,7,0.0,0.244356,0.607198,5.7e-05,0.980469,0.466277,0.616277,0.10315626859664917,0.7914308905601501,0.688274621963501,0.5238189697265625,1.688463568687439,0.8545571565628052,5,2,2,1,2,1,0,0.0,0.6833494901657104,2,clean,0.0,-1,140,68,CORRECT,0,0,0,0,0,0,0.0,0.0,answer,
margin,live-delta,7,0.0,0.244356,0.607198,5.7e-05,0.980469,0.466277,0.616277,0.027010083198547363,0.5625884532928467,0.5355783700942993,2.3756349086761475,10.757841110229492,0.20922696590423584,12,2,2,1,2,1,0,0.0,0.3420320749282837,2,clean,0.0,-1,141,80,CORRECT,0,0,0,0,0,0,0.0,0.0,answer,
margin,live-delta,7,0.0,0.244356,0.607198,5.7e-05,0.980469,0.466277,0.616277,0.13027608394622803,0.7915511131286621,0.6612750291824341,1.1040230989456177,3.0162763595581055,0.7611311674118042,18,2,2,1,2,1,0,0.0,0.6682131290435791,2,clean,0.0,-1,142,95,CORRECT,0,0,0,0,0,0,0.0,0.0,answer,
margin,live-delta,7,0.0,0.244356,0.607198,5.7e-05,0.980469,0.466277,0.616277,0.13579082489013672,0.6931444406509399,0.5573536157608032,0.29598867893218994,1.3444548845291138,0.9264243841171265,3,2,2,1,2,1,0,0.0,0.47784537076950073,2,clean,0.0,-1,143,76,CORRECT,0,0,0,0,0,0,0.0,0.0,answer,
margin,live-delta,7,0.0,0.244356,0.607198,5.7e-05,0.980469,0.466277,0.616277,0.00894784927368164,0.5137728452682495,0.5048249959945679,2.05660343170166,7.819365501403809,0.17077074944972992,8,2,2,1,2,1,0,0.0,0.330750972032547,2,clean,0.0,-1,144,84,CORRECT,0,0,0,0,0,0,0.0,0.0,answer,
margin,live-delta,7,0.0,0.244356,0.607198,5.7e-05,0.980469,0.466277,0.616277,0.030334651470184326,0.6259560585021973,0.5956214070320129,2.16801118850708,8.740882873535156,0.32913848757743835,14,2,2,1,2,1,0,0.0,0.35051417350769043,2,clean,0.0,-1,145,90,CORRECT,0,0,0,0,0,0,0.0,0.0,answer,
margin,live-delta,7,0.0,0.244356,0.607198,5.7e-05,0.980469,0.466277,0.616277,0.015457987785339355,0.5768289566040039,0.5613709688186646,1.3100781440734863,3.70646333694458,0.39021971821784973,4,2,2,1,2,1,0,0.0,0.3091595768928528,2,clean,0.0,-1,146,85,CORRECT,0,0,0,0,0,0,0.0,0.0,answer,
margin,live-delta,7,0.0,0.244356,0.607198,5.7e-05,0.980469,0.466277,0.616277,0.009372591972351074,0.7042195796966553,0.6948469877243042,2.2201528549194336,9.208738327026367,0.22787244617938995,20,2,2,1,2,1,0,0.0,0.4942100942134857,2,clean,0.0,-1,147,80,CORRECT,0,0,0,0,0,0,0.0,0.0,answer,
margin,live-delta,7,0.0,0.244356,0.607198,5.7e-05,0.980469,0.466277,0.616277,0.029896914958953857,0.6239545941352844,0.5940576791763306,2.3112339973449707,10.086864471435547,0.31198281049728394,16,2,2,1,2,1,0,0.0,0.3297209143638611,2,clean,0.0,-1,148,95,CORRECT,0,0,0,0,0,0,0.0,0.0,answer,
margin,live-delta,7,0.0,0.244356,0.607198,5.7e-05,0.980469,0.466277,0.616277,0.004040539264678955,0.5432393550872803,0.5391988158226013,1.5254955291748047,4.597421169281006,0.2913380265235901,5,2,2,1,2,1,0,0.0,0.3532825708389282,2,clean,0.0,-1,149,94,CORRECT,0,0,0,0,0,0,0.0,0.0,answer,
margin,live-delta,7,0.0,0.244356,0.607198,5.7e-05,0.980469,0.466277,0.616277,0.005341708660125732,0.5863345265388489,0.5809928178787231,1.7241647243499756,5.607834815979004,0.28412020206451416,7,2,2,1,2,1,0,0.0,0.4689067006111145,2,clean,0.0,-1,151,95,CORRECT,0,0,0,0,0,0,0.0,0.0,answer,
margin,live-delta,7,0.0,0.244356,0.607198,5.7e-05,0.980469,0.466277,0.616277,0.013454973697662354,0.5799499750137329,0.5664950013160706,1.8747450113296509,6.519156455993652,0.3245985805988312,9,2,2,1,2,1,0,0.0,0.45656436681747437,2,clean,0.0,-1,152,71,CORRECT,0,0,0,0,0,0,0.0,0.0,answer,
margin,live-delta,7,0.0,0.244356,0.607198,5.7e-05,0.980469,0.466277,0.616277,0.055962324142456055,0.7152880430221558,0.6593257188796997,2.0730578899383545,7.949093341827393,0.41245174407958984,17,2,2,1,2,1,0,0.0,0.5391017198562622,2,clean,0.0,-1,153,80,CORRECT,0,0,0,0,0,0,0.0,0.0,answer,
margin,live-delta,7,0.0,0.244356,0.607198,5.7e-05,0.980469,0.466277,0.616277,0.02488243579864502,0.6584439277648926,0.6335614919662476,2.0872437953948975,8.062662124633789,0.347737580537796,16,2,2,1,2,1,0,0.0,0.4151434600353241,2,clean,0.0,-1,154,74,CORRECT,0,0,0,0,0,0,0.0,0.0,answer,
margin,live-delta,7,0.0,0.244356,0.607198,5.7e-05,0.980469,0.466277,0.616277,0.04854661226272583,0.5953265428543091,0.5467799305915833,1.16036856174469,3.1911091804504395,0.586326539516449,5,2,2,1,2,1,0,0.0,0.43014076352119446,2,clean,0.0,-1,156,68,CORRECT,0,0,0,0,0,0,0.0,0.0,answer,
margin,live-delta,7,0.0,0.244356,0.607198,5.7e-05,0.980469,0.466277,0.616277,0.0775800347328186,0.7291195392608643,0.6515395045280457,1.356828212738037,3.883854866027832,0.6280791759490967,12,2,2,1,2,1,0,0.0,0.5488950610160828,2,clean,0.0,-1,157,94,CORRECT,0,0,0,0,0,0,0.0,0.0,answer,
margin,live-delta,7,0.0,0.244356,0.607198,5.7e-05,0.980469,0.466277,0.616277,0.02474379539489746,0.69541335105896,0.6706695556640625,2.2874703407287598,9.84998893737793,0.32333171367645264,20,2,2,1,2,1,0,0.0,0.46810394525527954,2,clean,0.0,-1,158,92,CORRECT,0,0,0,0,0,0,0.0,0.0,answer,
margin,live-delta,7,0.0,0.244356,0.607198,5.7e-05,0.980469,0.466277,0.616277,0.11211967468261719,0.7105110883712769,0.5983914136886597,0.9322810173034668,2.540297031402588,0.7841705679893494,11,2,2,1,2,1,0,0.0,0.5441452860832214,2,clean,0.0,-1,159,68,CORRECT,0,0,0,0,0,0,0.0,0.0,answer,
margin,live-delta,7,0.0,0.244356,0.607198,5.7e-05,0.980469,0.466277,0.616277,0.012909889221191406,0.6248509883880615,0.6119410991668701,1.034548282623291,2.8138349056243896,0.49615219235420227,4,2,2,1,2,1,0,0.0,0.5396009087562561,2,clean,0.0,-1,160,85,CORRECT,0,0,0,0,0,0,0.0,0.0,answer,
margin,live-delta,7,0.0,0.244356,0.607198,5.7e-05,0.980469,0.466277,0.616277,0.005746603012084961,0.5610314607620239,0.555284857749939,1.8373068571090698,6.279603481292725,0.2964525520801544,8,2,2,1,2,1,0,0.0,0.35305845737457275,2,clean,0.0,-1,162,95,CORRECT,0,0,0,0,0,0,0.0,0.0,answer,
margin,live-delta,7,0.0,0.244356,0.607198,5.7e-05,0.980469,0.466277,0.616277,0.15240740776062012,0.8081988096237183,0.6557914018630981,0.4359906315803528,1.5464942455291748,0.9095169901847839,9,2,2,1,2,1,0,0.0,0.6263875365257263,2,clean,0.0,-1,163,82,CORRECT,0,0,0,0,0,0,0.0,0.0,answer,
margin,live-delta,7,0.0,0.244356,0.607198,5.7e-05,0.980469,0.466277,0.616277,0.06616216897964478,0.7789145708084106,0.7127524018287659,1.4441739320755005,4.238349437713623,0.5569444894790649,12,2,2,1,2,1,0,0.0,0.601078987121582,2,clean,0.0,-1,164,80,CORRECT,0,0,0,0,0,0,0.0,0.0,answer,
margin,live-delta,7,0.0,0.244356,0.607198,5.7e-05,0.980469,0.466277,0.616277,0.02064359188079834,0.5866369605064392,0.5659933686256409,2.4229724407196045,11.279336929321289,0.2292332649230957,14,2,2,1,2,1,0,0.0,0.44338637590408325,2,clean,0.0,-1,166,88,CORRECT,0,0,0,0,0,0,0.0,0.0,answer,
margin,live-delta,7,0.0,0.244356,0.607198,5.7e-05,0.980469,0.466277,0.616277,0.024736642837524414,0.606033205986023,0.5812965631484985,1.4480202198028564,4.254683017730713,0.43405407667160034,6,2,2,1,2,1,0,0.0,0.4318395256996155,2,clean,0.0,-1,167,88,CORRECT,0,0,0,0,0,0,0.0,0.0,answer,
margin,live-delta,7,0.0,0.244356,0.607198,5.7e-05,0.980469,0.466277,0.616277,0.008060634136199951,0.6232964992523193,0.6152358651161194,1.5166947841644287,4.557137966156006,0.3093995153903961,5,2,2,1,2,1,0,0.0,0.28481394052505493,2,clean,0.0,-1,168,67,CORRECT,0,0,0,0,0,0,0.0,0.0,answer,
margin,live-delta,7,0.0,0.244356,0.607198,5.7e-05,0.980469,0.466277,0.616277,0.08725428581237793,0.693211555480957,0.6059572696685791,1.5870367288589478,4.889239311218262,0.6153662204742432,16,2,2,1,2,1,0,0.0,0.3863239288330078,2,clean,0.0,-1,169,94,CORRECT,0,0,0,0,0,0,0.0,0.0,answer,
margin,live-delta,7,0.0,0.244356,0.607198,5.7e-05,0.980469,0.466277,0.616277,0.0413893461227417,0.7523607015609741,0.7109713554382324,1.3815333843231201,3.981001377105713,0.5346791744232178,10,2,2,1,2,1,0,0.0,0.5928447842597961,2,clean,0.0,-1,171,82,CORRECT,0,0,0,0,0,0,0.0,0.0,answer,
margin,live-delta,7,0.0,0.244356,0.607198,5.7e-05,0.980469,0.466277,0.616277,0.06721699237823486,0.6195198893547058,0.552302896976471,0.5096821784973145,1.664762020111084,0.7932027578353882,2,2,2,1,2,1,0,0.0,0.5161680579185486,2,clean,0.0,-1,172,85,CORRECT,0,0,0,0,0,0,0.0,0.0,answer,
margin,live-delta,7,0.0,0.244356,0.607198,5.7e-05,0.980469,0.466277,0.616277,0.07371622323989868,0.6819985508918762,0.6082823276519775,1.2305958271026611,3.4232685565948486,0.607131838798523,6,2,2,1,2,1,0,0.0,0.47153395414352417,2,clean,0.0,-1,173,68,CORRECT,0,0,0,0,0,0,0.0,0.0,answer,
margin,live-delta,7,0.0,0.244356,0.607198,5.7e-05,0.980469,0.466277,0.616277,0.030966460704803467,0.6728857159614563,0.6419192552566528,1.7405102252960205,5.70025110244751,0.40254369378089905,12,2,2,1,2,1,0,0.0,0.34602662920951843,2,clean,0.0,-1,174,67,CORRECT,0,0,0,0,0,0,0.0,0.0,answer,
margin,live-delta,7,0.0,0.244356,0.607198,5.7e-05,0.980469,0.466277,0.616277,0.02083343267440796,0.6345972418785095,0.6137638092041016,2.396552085876465,10.985235214233398,0.22136878967285156,17,2,2,1,2,1,0,0.0,0.4687931537628174,2,clean,0.0,-1,175,74,CORRECT,0,0,0,0,0,0,0.0,0.0,answer,
margin,live-delta,7,0.0,0.244356,0.607198,5.7e-05,0.980469,0.466277,0.616277,0.1282334327697754,0.7788606882095337,0.6506272554397583,0.5262368321418762,1.6925508975982666,0.8699262738227844,5,2,2,1,2,1,0,0.0,0.6797915101051331,2,clean,0.0,-1,176,68,CORRECT,0,0,0,0,0,0,0.0,0.0,answer,
margin,live-delta,7,0.0,0.244356,0.607198,5.7e-05,0.980469,0.466277,0.616277,0.037269771099090576,0.6675590872764587,0.6302893161773682,1.8351078033447266,6.265809535980225,0.41850006580352783,12,2,2,1,2,1,0,0.0,0.5264285802841187,2,clean,0.0,-1,177,80,CORRECT,0,0,0,0,0,0,0.0,0.0,answer,
margin,live-delta,7,0.0,0.244356,0.607198,5.7e-05,0.980469,0.466277,0.616277,0.11271160840988159,0.7303362488746643,0.6176246404647827,1.0682060718536377,2.910154104232788,0.7476840019226074,14,2,2,1,2,1,0,0.0,0.566432535648346,2,clean,0.0,-1,178,92,CORRECT,0,0,0,0,0,0,0.0,0.0,answer,
margin,live-delta,7,0.0,0.244356,0.607198,5.7e-05,0.980469,0.466277,0.616277,0.039039790630340576,0.6944647431373596,0.655424952507019,1.7918906211853027,6.000786781311035,0.4299042522907257,13,2,2,1,2,1,0,0.0,0.5696750283241272,2,clean,0.0,-1,179,91,CORRECT,0,0,0,0,0,0,0.0,0.0,answer,
margin,live-delta,7,0.0,0.244356,0.607198,5.7e-05,0.980469,0.466277,0.616277,0.020443439483642578,0.6780236959457397,0.6575802564620972,2.4922432899475098,12.088363647460938,0.24060675501823425,19,2,2,1,2,1,0,0.0,0.5304607152938843,2,clean,0.0,-1,180,91,CORRECT,0,0,0,0,0,0,0.0,0.0,answer,
margin,live-delta,7,0.0,0.244356,0.607198,5.7e-05,0.980469,0.466277,0.616277,0.024712681770324707,0.6381895542144775,0.6134768724441528,1.4255295991897583,4.160060405731201,0.46456971764564514,8,2,2,1,2,1,0,0.0,0.26151567697525024,2,clean,0.0,-1,181,67,CORRECT,0,0,0,0,0,0,0.0,0.0,answer,
margin,live-delta,7,0.0,0.244356,0.607198,5.7e-05,0.980469,0.466277,0.616277,0.010335981845855713,0.5961796045303345,0.5858436226844788,2.3410282135009766,10.391916275024414,0.20926615595817566,14,2,2,1,2,1,0,0.0,0.4780789017677307,2,clean,0.0,-1,182,93,CORRECT,0,0,0,0,0,0,0.0,0.0,answer,
margin,live-delta,7,0.0,0.244356,0.607198,5.7e-05,0.980469,0.466277,0.616277,0.037868618965148926,0.6397140026092529,0.601845383644104,2.124819755554199,8.37138843536377,0.3193504214286804,13,2,2,1,2,1,0,0.0,0.4415649175643921,2,clean,0.0,-1,183,80,CORRECT,0,0,0,0,0,0,0.0,0.0,answer,
margin,live-delta,7,0.0,0.244356,0.607198,5.7e-05,0.980469,0.466277,0.616277,0.02257359027862549,0.6969536542892456,0.6743800640106201,2.3240654468536377,10.217126846313477,0.2829517126083374,20,2,2,1,2,1,0,0.0,0.5205903053283691,2,clean,0.0,-1,184,91,CORRECT,0,0,0,0,0,0,0.0,0.0,answer,
margin,live-delta,7,0.0,0.244356,0.607198,5.7e-05,0.980469,0.466277,0.616277,0.08996117115020752,0.6739968061447144,0.5840356349945068,1.3994174003601074,4.052838325500488,0.610733151435852,9,2,2,1,2,1,0,0.0,0.3213646113872528,2,clean,0.0,-1,185,67,CORRECT,0,0,0,0,0,0,0.0,0.0,answer,
margin,live-delta,7,0.0,0.244356,0.607198,5.7e-05,0.980469,0.466277,0.616277,0.010523676872253418,0.6649458408355713,0.6544221639633179,2.5547595024108887,12.868204116821289,0.16769342124462128,20,2,2,1,2,1,0,0.0,0.45762038230895996,2,clean,0.0,-1,186,89,CORRECT,0,0,0,0,0,0,0.0,0.0,answer,
margin,live-delta,7,0.0,0.244356,0.607198,5.7e-05,0.980469,0.466277,0.616277,0.0033548474311828613,0.6261475682258606,0.6227927207946777,1.8005625009536743,6.053051471710205,0.3042020797729492,9,2,2,1,2,1,0,0.0,0.5129871964454651,2,clean,0.0,-1,187,88,CORRECT,0,0,0,0,0,0,0.0,0.0,answer,
margin,live-delta,7,0.0,0.244356,0.607198,5.7e-05,0.980469,0.466277,0.616277,0.05916464328765869,0.5708418488502502,0.5116772055625916,0.8113946318626404,2.2510452270507812,0.6907492876052856,3,2,2,1,2,1,0,0.0,0.4427361488342285,2,clean,0.0,-1,188,78,CORRECT,0,0,0,0,0,0,0.0,0.0,answer,
margin,live-delta,7,0.0,0.244356,0.607198,5.7e-05,0.980469,0.466277,0.616277,0.006326436996459961,0.6582905054092407,0.6519640684127808,2.502655506134033,12.214887619018555,0.1542011797428131,20,2,2,1,2,1,0,0.0,0.5008820295333862,2,clean,0.0,-1,189,74,CORRECT,0,0,0,0,0,0,0.0,0.0,answer,
margin,live-delta,7,0.0,0.244356,0.607198,5.7e-05,0.980469,0.466277,0.616277,0.06224316358566284,0.7220123410224915,0.6597691774368286,1.9369443655014038,6.9375200271606445,0.4199064373970032,16,2,2,1,2,1,0,0.0,0.5344237685203552,2,clean,0.0,-1,190,91,CORRECT,0,0,0,0,0,0,0.0,0.0,answer,
margin,live-delta,7,0.0,0.244356,0.607198,5.7e-05,0.980469,0.466277,0.616277,0.010715484619140625,0.5521745681762695,0.5414590835571289,1.9276747703552246,6.873509407043457,0.2654131054878235,8,2,2,1,2,1,0,0.0,0.399591863155365,2,clean,0.0,-1,191,94,CORRECT,0,0,0,0,0,0,0.0,0.0,answer,
margin,live-delta,7,0.0,0.244356,0.607198,5.7e-05,0.980469,0.466277,0.616277,0.1926092505455017,0.573388934135437,0.3807796835899353,-0.0,1.0,1.0,1,3,3,1,3,1,0,0.0,0.29521629214286804,2,clean,0.0,-1,192,126,CORRECT,0,0,0,0,0,0,0.0,0.0,answer,
margin,live-delta,7,0.0,0.244356,0.607198,5.7e-05,0.980469,0.466277,0.616277,0.002837657928466797,0.4762086868286133,0.4733710289001465,0.6927447319030762,1.9991952180862427,0.5141844749450684,2,3,3,1,3,1,0,0.0,0.13931193947792053,2,clean,0.0,-1,193,108,CORRECT,0,0,0,0,0,0,0.0,0.0,answer,
margin,live-delta,7,0.0,0.244356,0.607198,5.7e-05,0.980469,0.466277,0.616277,0.10279828310012817,0.5986695885658264,0.49587130546569824,0.3536701798439026,1.4242852926254272,0.8865489959716797,2,3,3,1,3,1,0,0.0,0.20850712060928345,2,clean,0.0,-1,194,110,CORRECT,0,0,0,0,0,0,0.0,0.0,answer,
margin,live-delta,7,0.0,0.244356,0.607198,5.7e-05,0.980469,0.466277,0.616277,0.03087615966796875,0.4933467507362366,0.4624705910682678,-0.0,1.0,1.0,1,3,3,1,3,1,0,0.0,0.09028860926628113,2,clean,0.0,-1,200,108,CORRECT,0,0,0,0,0,0,0.0,0.0,answer,
margin,live-delta,7,0.0,0.244356,0.607198,5.7e-05,0.980469,0.466277,0.616277,0.09149575233459473,0.5550409555435181,0.46354520320892334,-0.0,1.0,1.0,1,3,3,1,3,1,0,0.0,0.24887317419052124,2,clean,0.0,-1,201,120,CORRECT,0,0,0,0,0,0,0.0,0.0,answer,
margin,live-delta,7,0.0,0.244356,0.607198,5.7e-05,0.980469,0.466277,0.616277,0.02482759952545166,0.6939318180084229,0.6691042184829712,0.8073439598083496,2.241945266723633,0.6013247966766357,4,3,3,1,3,1,0,0.0,0.24247205257415771,2,clean,0.0,-1,202,107,CORRECT,0,0,0,0,0,0,0.0,0.0,answer,
margin,live-delta,7,0.0,0.244356,0.607198,5.7e-05,0.980469,0.466277,0.616277,0.029502391815185547,0.5513004660606384,0.5217980742454529,1.253708004951477,3.5033092498779297,0.4627518951892853,4,3,3,1,3,1,0,0.0,0.23448604345321655,2,clean,0.0,-1,205,120,CORRECT,0,0,0,0,0,0,0.0,0.0,answer,
margin,live-delta,7,0.0,0.244356,0.607198,5.7e-05,0.980469,0.466277,0.616277,0.02621561288833618,0.5272265672683716,0.5010109543800354,2.0063228607177734,7.435924053192139,0.23957088589668274,8,3,3,1,3,1,0,0.0,0.1180831789970398,2,clean,0.0,-1,207,104,CORRECT,0,0,0,0,0,0,0.0,0.0,answer,
margin,live-delta,7,0.0,0.244356,0.607198,5.7e-05,0.980469,0.466277,0.616277,0.11798250675201416,0.6017956733703613,0.48381316661834717,0.7409191727638245,2.097862958908081,0.7911416888237,4,3,3,1,3,1,0,0.0,0.2477075755596161,2,clean,0.0,-1,208,115,CORRECT,0,0,0,0,0,0,0.0,0.0,answer,
margin,live-delta,7,0.0,0.244356,0.607198,5.7e-05,0.980469,0.466277,0.616277,0.08217626810073853,0.6692698001861572,0.5870935320854187,0.6440044641494751,1.9040905237197876,0.7986990213394165,4,3,3,1,3,1,0,0.0,0.2568804919719696,2,clean,0.0,-1,209,120,CORRECT,0,0,0,0,0,0,0.0,0.0,answer,
margin,live-delta,7,0.0,0.244356,0.607198,5.7e-05,0.980469,0.466277,0.616277,0.15729665756225586,0.6105475425720215,0.4532508850097656,-0.0,1.0,1.0,1,3,3,1,3,1,0,0.0,0.15729665756225586,2,clean,0.0,-1,210,104,CORRECT,0,0,0,0,0,0,0.0,0.0,answer,
margin,live-delta,7,0.0,0.244356,0.607198,5.7e-05,0.980469,0.466277,0.616277,0.02014237642288208,0.6971720457077026,0.6770296692848206,1.990173578262329,7.316803932189941,0.30935487151145935,13,3,3,1,3,1,0,0.0,0.2428939938545227,2,clean,0.0,-1,211,120,CORRECT,0,0,0,0,0,0,0.0,0.0,answer,
margin,live-delta,7,0.0,0.244356,0.607198,5.7e-05,0.980469,0.466277,0.616277,0.06616729497909546,0.6066004633903503,0.5404331684112549,1.324224829673767,3.759270191192627,0.5778385996818542,6,3,3,1,3,1,0,0.0,0.28090739250183105,2,clean,0.0,-1,212,116,CORRECT,0,0,0,0,0,0,0.0,0.0,answer,
margin,live-delta,7,0.0,0.244356,0.607198,5.7e-05,0.980469,0.466277,0.616277,0.00887608528137207,0.5642865896224976,0.5554105043411255,1.838852882385254,6.2893195152282715,0.28707244992256165,8,3,3,1,3,1,0,0.0,0.19849196076393127,2,clean,0.0,-1,213,107,CORRECT,0,0,0,0,0,0,0.0,0.0,answer,
margin,live-delta,7,0.0,0.244356,0.607198,5.7e-05,0.980469,0.466277,0.616277,0.05752432346343994,0.5843203663825989,0.5267960429191589,0.8016424775123596,2.2291994094848633,0.692435085773468,3,3,3,1,3,1,0,0.0,0.25374045968055725,2,clean,0.0,-1,214,105,CORRECT,0,0,0,0,0,0,0.0,0.0,answer,
margin,live-delta,7,0.0,0.244356,0.607198,5.7e-05,0.980469,0.466277,0.616277,0.01133456826210022,0.5045703649520874,0.4932357966899872,1.064758062362671,2.900137186050415,0.4318862557411194,3,3,3,1,3,1,0,0.0,0.2836514711380005,2,clean,0.0,-1,216,108,CORRECT,0,0,0,0,0,0,0.0,0.0,answer,
margin,live-delta,7,0.0,0.244356,0.607198,5.7e-05,0.980469,0.466277,0.616277,0.003426849842071533,0.5011805295944214,0.49775367975234985,1.3551664352416992,3.877406120300293,0.31608033180236816,4,3,3,1,3,1,0,0.0,0.19427341222763062,2,clean,0.0,-1,218,98,CORRECT,0,0,0,0,0,0,0.0,0.0,answer,
margin,live-delta,7,0.0,0.244356,0.607198,5.7e-05,0.980469,0.466277,0.616277,0.12949895858764648,0.6797758340835571,0.5502768754959106,0.48130854964256287,1.6181905269622803,0.8866637945175171,5,3,3,1,3,1,0,0.0,0.3595513105392456,2,clean,0.0,-1,219,100,CORRECT,0,0,0,0,0,0,0.0,0.0,answer,
margin,live-delta,7,0.0,0.244356,0.607198,5.7e-05,0.980469,0.466277,0.616277,0.06679219007492065,0.5910822153091431,0.5242900252342224,1.659691333770752,5.257687568664551,0.4827601909637451,8,3,3,1,3,1,0,0.0,0.2517186403274536,2,clean,0.0,-1,220,96,CORRECT,0,0,0,0,0,0,0.0,0.0,answer,
margin,live-delta,7,0.0,0.244356,0.607198,5.7e-05,0.980469,0.466277,0.616277,0.01146090030670166,0.6261302828788757,0.6146693825721741,1.7643245458602905,5.83762788772583,0.30648717284202576,9,3,3,1,3,1,0,0.0,0.21545302867889404,2,clean,0.0,-1,224,112,CORRECT,0,0,0,0,0,0,0.0,0.0,answer,
margin,live-delta,7,0.0,0.244356,0.607198,5.7e-05,0.980469,0.466277,0.616277,0.004072070121765137,0.5881993770599365,0.5841273069381714,2.1805710792541504,8.851359367370605,0.19593437016010284,11,3,3,1,3,1,0,0.0,0.18485039472579956,2,clean,0.0,-1,225,110,CORRECT,0,0,0,0,0,0,0.0,0.0,answer,
margin,live-delta,7,0.0,0.244356,0.607198,5.7e-05,0.980469,0.466277,0.616277,0.03309154510498047,0.5609841346740723,0.5278925895690918,0.6412531137466431,1.898858904838562,0.6596715450286865,2,3,3,1,3,1,0,0.0,0.20335319638252258,2,clean,0.0,-1,226,108,CORRECT,0,0,0,0,0,0,0.0,0.0,answer,
margin,live-delta,7,0.0,0.244356,0.607198,5.7e-05,0.980469,0.466277,0.616277,0.037726402282714844,0.5063289403915405,0.4686025381088257,0.6267454028129578,1.8715096712112427,0.6801645159721375,2,3,3,1,3,1,0,0.0,0.15563541650772095,2,clean,0.0,-1,227,126,CORRECT,0,0,0,0,0,0,0.0,0.0,answer,
margin,live-delta,7,0.0,0.244356,0.607198,5.7e-05,0.980469,0.466277,0.616277,0.012221962213516235,0.47681495547294617,0.46459299325942993,-0.0,1.0,1.0,1,3,3,1,3,1,0,0.0,0.13924476504325867,2,clean,0.0,-1,231,104,CORRECT,0,0,0,0,0,0,0.0,0.0,answer,
margin,live-delta,7,0.0,0.244356,0.607198,5.7e-05,0.980469,0.466277,0.616277,0.029977619647979736,0.47079384326934814,0.4408162236213684,-0.0,1.0,1.0,1,3,3,1,3,1,0,0.0,0.23236018419265747,2,clean,0.0,-1,232,98,CORRECT,0,0,0,0,0,0,0.0,0.0,answer,
margin,live-delta,7,0.0,0.244356,0.607198,5.7e-05,0.980469,0.466277,0.616277,0.004300862550735474,0.4803829491138458,0.47608208656311035,0.6922231912612915,1.9981528520584106,0.5214909315109253,2,3,3,1,3,1,0,0.0,0.1727493703365326,2,clean,0.0,-1,233,98,CORRECT,0,0,0,0,0,0,0.0,0.0,answer,
margin,live-delta,7,0.0,0.244356,0.607198,5.7e-05,0.980469,0.466277,0.616277,0.03754919767379761,0.5242900252342224,0.4867408275604248,0.6273261308670044,1.8725967407226562,0.6793931126594543,2,3,3,1,3,1,0,0.0,0.24334800243377686,2,clean,0.0,-1,235,110,CORRECT,0,0,0,0,0,0,0.0,0.0,answer,
margin,live-delta,7,0.0,0.244356,0.607198,5.7e-05,0.980469,0.466277,0.616277,0.017941057682037354,0.4855964779853821,0.4676554203033447,0.6773084998130798,1.9685721397399902,0.5887549519538879,2,3,3,1,3,1,0,0.0,0.17962372303009033,2,clean,0.0,-1,236,108,CORRECT,0,0,0,0,0,0,0.0,0.0,answer,
margin,live-delta,7,0.0,0.244356,0.607198,5.7e-05,0.980469,0.466277,0.616277,0.004896998405456543,0.509640097618103,0.5047430992126465,0.6919496059417725,1.9976062774658203,0.5244653224945068,2,3,3,1,3,1,0,0.0,0.17720720171928406,2,clean,0.0,-1,238,115,CORRECT,0,0,0,0,0,0,0.0,0.0,answer,
margin,live-delta,7,0.0,0.244356,0.607198,5.7e-05,0.980469,0.466277,0.616277,0.04566854238510132,0.5717487931251526,0.5260802507400513,1.2074474096298218,3.344935417175293,0.5206905603408813,4,3,3,1,3,1,0,0.0,0.27459055185317993,2,clean,0.0,-1,239,110,CORRECT,0,0,0,0,0,0,0.0,0.0,answer,
margin,live-delta,7,0.0,0.244356,0.607198,5.7e-05,0.980469,0.466277,0.616277,0.0239027738571167,0.4795359671115875,0.4556331932544708,-0.0,1.0,1.0,1,3,3,1,3,1,0,0.0,0.08667504787445068,2,clean,0.0,-1,242,114,CORRECT,0,0,0,0,0,0,0.0,0.0,answer,
margin,live-delta,7,0.0,0.244356,0.607198,5.7e-05,0.980469,0.466277,0.616277,0.016660213470458984,0.6470491886138916,0.6303889751434326,2.0216286182403564,7.550611972808838,0.29967594146728516,11,3,3,1,3,1,0,0.011956256814301014,0.16107234358787537,2,clean,0.0,-1,243,96,CORRECT,0,0,0,0,0,0,0.0,0.0,answer,
margin,live-delta,7,0.0,0.244356,0.607198,5.7e-05,0.980469,0.466277,0.616277,0.05257701873779297,0.6573766469955444,0.6047996282577515,1.6723682880401611,5.324763298034668,0.49929380416870117,11,3,3,1,3,1,0,0.0,0.2856913208961487,2,clean,0.0,-1,244,100,CORRECT,0,0,0,0,0,0,0.0,0.0,answer,
margin,live-delta,7,0.0,0.244356,0.607198,5.7e-05,0.980469,0.466277,0.616277,0.05133938789367676,0.4852619171142578,0.43392252922058105,-0.0,1.0,1.0,1,3,3,1,3,1,0,0.0,0.11322644352912903,2,clean,0.0,-1,246,98,CORRECT,0,0,0,0,0,0,0.0,0.0,answer,
margin,live-delta,7,0.0,0.244356,0.607198,5.7e-05,0.980469,0.466277,0.616277,0.07415032386779785,0.7413268089294434,0.6671764850616455,1.0889414548873901,2.9711272716522217,0.6762465834617615,9,3,3,1,3,1,0,0.0,0.3865586519241333,2,clean,0.0,-1,248,110,CORRECT,0,0,0,0,0,0,0.0,0.0,answer,
margin,live-delta,7,0.0,0.244356,0.607198,5.7e-05,0.980469,0.466277,0.616277,0.1013302206993103,0.4877285957336426,0.3863983750343323,-0.0,1.0,1.0,1,3,3,1,3,1,0,0.0,0.16303473711013794,2,clean,0.0,-1,250,114,CORRECT,0,0,0,0,0,0,0.0,0.0,answer,
margin,live-delta,7,0.0,0.244356,0.607198,5.7e-05,0.980469,0.466277,0.616277,0.021122872829437256,0.5811411738395691,0.5600183010101318,2.09708833694458,8.142427444458008,0.23062185943126678,10,3,3,1,3,1,0,0.0,0.13164237141609192,2,clean,0.0,-1,253,110,CORRECT,0,0,0,0,0,0,0.0,0.0,answer,
margin,live-delta,7,0.0,0.244356,0.607198,5.7e-05,0.980469,0.466277,0.616277,0.10018813610076904,0.6796610355377197,0.5794728994369507,1.2663002014160156,3.5477025508880615,0.6495617032051086,8,3,3,1,3,1,0,0.0,0.26146480441093445,2,clean,0.0,-1,254,115,CORRECT,0,0,0,0,0,0,0.0,0.0,answer,
margin,live-delta,7,0.0,0.244356,0.607198,5.7e-05,0.980469,0.466277,0.616277,0.08388504385948181,0.5746854543685913,0.4908004105091095,0.4353334903717041,1.545478343963623,0.8425998091697693,2,3,3,1,3,1,0,0.0,0.26444941759109497,2,clean,0.0,-1,255,104,CORRECT,0,0,0,0,0,0,0.0,0.0,answer,
margin,live-delta,8,0.0,0.244356,0.607198,5.7e-05,0.980469,0.466277,0.616277,0.008692145347595215,0.6145343780517578,0.6058422327041626,2.4878780841827393,12.035710334777832,0.1735929250717163,16,0,0,1,0,1,0,0.0,0.48662111163139343,2,clean,0.0,-1,0,29,CORRECT,0,0,0,0,0,0,0.0,0.0,answer,
margin,live-delta,8,0.0,0.244356,0.607198,5.7e-05,0.980469,0.466277,0.616277,0.002864539623260498,0.7485058903694153,0.7456413507461548,2.406562566757202,11.095754623413086,0.19970422983169556,20,0,0,1,0,1,0,0.0,0.5389264225959778,2,clean,0.0,-1,1,29,CORRECT,0,0,0,0,0,0,0.0,0.0,answer,
margin,live-delta,8,0.0,0.244356,0.607198,5.7e-05,0.980469,0.466277,0.616277,0.03562748432159424,0.8512296676635742,0.81560218334198,1.8628650903701782,6.44216775894165,0.437677800655365,20,0,0,1,0,1,0,0.0,0.613601803779602,2,clean,0.0,-1,2,0,CORRECT,0,0,0,0,0,0,0.0,0.0,answer,
margin,live-delta,8,0.0,0.244356,0.607198,5.7e-05,0.980469,0.466277,0.616277,0.06120377779006958,0.8351686596870422,0.7739648818969727,2.109811305999756,8.246685028076172,0.39704185724258423,20,0,0,1,0,1,0,0.0,0.6275011301040649,2,clean,0.0,-1,3,27,CORRECT,0,0,0,0,0,0,0.0,0.0,answer,
margin,live-delta,8,0.0,0.244356,0.607198,5.7e-05,0.980469,0.466277,0.616277,0.06320923566818237,0.6585389971733093,0.595329761505127,1.3653671741485596,3.917160987854004,0.5692832469940186,7,0,0,1,0,1,0,0.0,0.5165534019470215,2,clean,0.0,-1,4,12,CORRECT,0,0,0,0,0,0,0.0,0.0,answer,
margin,live-delta,8,0.0,0.244356,0.607198,5.7e-05,0.980469,0.466277,0.616277,0.01838463544845581,0.8731691241264343,0.8547844886779785,2.0343306064605713,7.647131443023682,0.3304731547832489,20,0,0,1,0,1,0,0.0,0.6164111495018005,2,clean,0.0,-1,5,27,CORRECT,0,0,0,0,0,0,0.0,0.0,answer,
margin,live-delta,8,0.0,0.244356,0.607198,5.7e-05,0.980469,0.466277,0.616277,0.024461090564727783,0.8591064214706421,0.8346453309059143,2.0839645862579346,8.036266326904297,0.31034284830093384,20,0,0,1,0,1,0,0.0,0.5630691647529602,2,clean,0.0,-1,6,0,CORRECT,0,0,0,0,0,0,0.0,0.0,answer,
margin,live-delta,8,0.0,0.244356,0.607198,5.7e-05,0.980469,0.466277,0.616277,0.01217198371887207,0.7492260336875916,0.7370540499687195,1.5021567344665527,4.491365432739258,0.3474813997745514,7,0,0,1,0,1,0,0.0,0.639962911605835,2,clean,0.0,-1,7,12,CORRECT,0,0,0,0,0,0,0.0,0.0,answer,
margin,live-delta,8,0.0,0.244356,0.607198,5.7e-05,0.980469,0.466277,0.616277,0.0574725866317749,0.8665192127227783,0.8090466260910034,1.768878698348999,5.864274024963379,0.46956494450569153,20,0,0,1,0,1,0,0.0,0.5741294622421265,2,clean,0.0,-1,8,19,CORRECT,0,0,0,0,0,0,0.0,0.0,answer,
margin,live-delta,8,0.0,0.244356,0.607198,5.7e-05,0.980469,0.466277,0.616277,0.02331995964050293,0.6571364402770996,0.6338164806365967,1.8307143449783325,6.238341331481934,0.389030396938324,13,0,0,1,0,1,0,0.0,0.32575005292892456,2,clean,0.0,-1,9,2,CORRECT,0,0,0,0,0,0,0.0,0.0,answer,
margin,live-delta,8,0.0,0.244356,0.607198,5.7e-05,0.980469,0.466277,0.616277,0.010274708271026611,0.8123652935028076,0.802090585231781,2.2328696250915527,9.326591491699219,0.24554862082004547,20,0,0,1,0,1,0,0.0,0.6101858019828796,2,clean,0.0,-1,10,27,CORRECT,0,0,0,0,0,0,0.0,0.0,answer,
margin,live-delta,8,0.0,0.244356,0.607198,5.7e-05,0.980469,0.466277,0.616277,0.0263330340385437,0.7415318489074707,0.715198814868927,2.523719310760498,12.474908828735352,0.197550967335701,20,0,0,1,0,1,0,0.0,0.41163015365600586,2,clean,0.0,-1,11,19,CORRECT,0,0,0,0,0,0,0.0,0.0,answer,
margin,live-delta,8,0.0,0.244356,0.607198,5.7e-05,0.980469,0.466277,0.616277,0.053028225898742676,0.6884907484054565,0.6354625225067139,1.888684630393982,6.610667705535889,0.44716835021972656,15,0,0,1,0,1,0,0.0,0.27818992733955383,2,clean,0.0,-1,12,28,CORRECT,0,0,0,0,0,0,0.0,0.0,answer,
margin,live-delta,8,0.0,0.244356,0.607198,5.7e-05,0.980469,0.466277,0.616277,0.03296172618865967,0.8734875321388245,0.8405258059501648,1.9558680057525635,7.0700531005859375,0.34270551800727844,20,0,0,1,0,1,0,0.0,0.5720294713973999,2,clean,0.0,-1,13,19,CORRECT,0,0,0,0,0,0,0.0,0.0,answer,
margin,live-delta,8,0.0,0.244356,0.607198,5.7e-05,0.980469,0.466277,0.616277,0.04973268508911133,0.6596090793609619,0.6098763942718506,2.256545066833496,9.550037384033203,0.349910169839859,18,0,0,1,0,1,0,0.0,0.376028835773468,2,clean,0.0,-1,14,14,CORRECT,0,0,0,0,0,0,0.0,0.0,answer,
margin,live-delta,8,0.0,0.244356,0.607198,5.7e-05,0.980469,0.466277,0.616277,0.059464991092681885,0.8609749674797058,0.8015099763870239,2.2850558757781982,9.826234817504883,0.3320564925670624,20,0,0,1,0,1,0,0.0,0.6294852495193481,2,clean,0.0,-1,15,0,CORRECT,0,0,0,0,0,0,0.0,0.0,answer,
margin,live-delta,8,0.0,0.244356,0.607198,5.7e-05,0.980469,0.466277,0.616277,0.03566533327102661,0.8514373302459717,0.8157719969749451,1.8758732080459595,6.526515483856201,0.3923010230064392,20,0,0,1,0,1,0,0.0,0.6156409978866577,2,clean,0.0,-1,16,0,CORRECT,0,0,0,0,0,0,0.0,0.0,answer,
margin,live-delta,8,0.0,0.244356,0.607198,5.7e-05,0.980469,0.466277,0.616277,0.0259246826171875,0.817624568939209,0.7916998863220215,2.0725443363189697,7.945012092590332,0.3371545076370239,20,0,0,1,0,1,0,0.0,0.615166425704956,2,clean,0.0,-1,17,0,CORRECT,0,0,0,0,0,0,0.0,0.0,answer,
margin,live-delta,8,0.0,0.244356,0.607198,5.7e-05,0.980469,0.466277,0.616277,0.01809978485107422,0.7281592488288879,0.7100594639778137,2.3283562660217285,10.261061668395996,0.26296719908714294,19,0,0,1,0,1,0,0.0,0.5232799649238586,2,clean,0.0,-1,18,11,CORRECT,0,0,0,0,0,0,0.0,0.0,answer,
margin,live-delta,8,0.0,0.244356,0.607198,5.7e-05,0.980469,0.466277,0.616277,0.056340694427490234,0.8419591784477234,0.7856184840202332,1.8564157485961914,6.400753498077393,0.4715288579463959,20,0,0,1,0,1,0,0.0,0.6057676076889038,2,clean,0.0,-1,19,0,CORRECT,0,0,0,0,0,0,0.0,0.0,answer,
margin,live-delta,8,0.0,0.244356,0.607198,5.7e-05,0.980469,0.466277,0.616277,0.10735994577407837,0.8890054225921631,0.7816454768180847,1.654344081878662,5.229648590087891,0.6039719581604004,20,0,0,1,0,1,0,0.0,0.7198744416236877,2,clean,0.0,-1,20,0,CORRECT,0,0,0,0,0,0,0.0,0.0,answer,
margin,live-delta,8,0.0,0.244356,0.607198,5.7e-05,0.980469,0.466277,0.616277,0.07574641704559326,0.8565751314163208,0.7808287143707275,1.6038110256195068,4.971944808959961,0.5907458066940308,20,0,0,1,0,1,0,0.0,0.6307447552680969,2,clean,0.0,-1,21,0,CORRECT,0,0,0,0,0,0,0.0,0.0,answer,
margin,live-delta,8,0.0,0.244356,0.607198,5.7e-05,0.980469,0.466277,0.616277,0.010011017322540283,0.609879732131958,0.5998687148094177,2.661395788192749,14.31625747680664,0.1477361023426056,19,0,0,1,0,1,0,0.0,0.39039385318756104,2,clean,0.0,-1,22,7,CORRECT,0,0,0,0,0,0,0.0,0.0,answer,
margin,live-delta,8,0.0,0.244356,0.607198,5.7e-05,0.980469,0.466277,0.616277,0.004011273384094238,0.6520997285842896,0.6480884552001953,2.446258783340454,11.545073509216309,0.1887655258178711,19,0,0,1,0,1,0,0.0,0.523506760597229,2,clean,0.0,-1,23,11,CORRECT,0,0,0,0,0,0,0.0,0.0,answer,
margin,live-delta,8,0.0,0.244356,0.607198,5.7e-05,0.980469,0.466277,0.616277,0.0026372671127319336,0.7925955057144165,0.7899582386016846,2.366831064224243,10.663546562194824,0.22386150062084198,20,0,0,1,0,1,0,0.0,0.5823259949684143,2,clean,0.0,-1,24,22,CORRECT,0,0,0,0,0,0,0.0,0.0,answer,
margin,live-delta,8,0.0,0.244356,0.607198,5.7e-05,0.980469,0.466277,0.616277,0.3059971034526825,0.6070910692214966,0.3010939657688141,-0.0,1.0,1.0,1,0,0,1,0,1,0,0.0,0.35750406980514526,2,clean,0.0,-1,25,30,CORRECT,0,0,0,0,0,0,0.0,0.0,answer,
margin,live-delta,8,0.0,0.244356,0.607198,5.7e-05,0.980469,0.466277,0.616277,0.021011531352996826,0.6684602499008179,0.647448718547821,2.0992791652679443,8.160285949707031,0.3467082679271698,15,0,0,1,0,1,0,0.0,0.47889745235443115,2,clean,0.0,-1,26,20,CORRECT,0,0,0,0,0,0,0.0,0.0,answer,
margin,live-delta,8,0.0,0.244356,0.607198,5.7e-05,0.980469,0.466277,0.616277,0.009212374687194824,0.7741955518722534,0.7649831771850586,2.2408275604248047,9.401107788085938,0.24142929911613464,20,0,0,1,0,1,0,0.0,0.5331166982650757,2,clean,0.0,-1,27,27,CORRECT,0,0,0,0,0,0,0.0,0.0,answer,
margin,live-delta,8,0.0,0.244356,0.607198,5.7e-05,0.980469,0.466277,0.616277,0.027210235595703125,0.8135794401168823,0.7863692045211792,1.9127768278121948,6.771866798400879,0.37401944398880005,20,0,0,1,0,1,0,0.0,0.6232535243034363,2,clean,0.0,-1,28,19,CORRECT,0,0,0,0,0,0,0.0,0.0,answer,
margin,live-delta,8,0.0,0.244356,0.607198,5.7e-05,0.980469,0.466277,0.616277,0.009036123752593994,0.7184197306632996,0.7093836069107056,2.036456346511841,7.66340446472168,0.33035457134246826,18,0,0,1,0,1,0,0.0,0.5991634130477905,2,clean,0.0,-1,29,7,CORRECT,0,0,0,0,0,0,0.0,0.0,answer,
margin,live-delta,8,0.0,0.244356,0.607198,5.7e-05,0.980469,0.466277,0.616277,0.01577126979827881,0.8026509284973145,0.7868796586990356,2.3519437313079834,10.50597095489502,0.24932830035686493,20,0,0,1,0,1,0,0.0,0.6467174291610718,2,clean,0.0,-1,30,22,CORRECT,0,0,0,0,0,0,0.0,0.0,answer,
margin,live-delta,8,0.0,0.244356,0.607198,5.7e-05,0.980469,0.466277,0.616277,0.11953634023666382,0.8753258585929871,0.7557895183563232,1.3980088233947754,4.047133445739746,0.6851340532302856,20,0,0,1,0,1,0,0.0,0.6159409284591675,2,clean,0.0,-1,31,0,CORRECT,0,0,0,0,0,0,0.0,0.0,answer,
margin,live-delta,8,0.0,0.244356,0.607198,5.7e-05,0.980469,0.466277,0.616277,0.2579633593559265,0.6663253307342529,0.4083619713783264,-0.0,1.0,1.0,1,0,0,1,0,1,0,0.0,0.4054147005081177,2,clean,0.0,-1,32,30,CORRECT,0,0,0,0,0,0,0.0,0.0,answer,
margin,live-delta,8,0.0,0.244356,0.607198,5.7e-05,0.980469,0.466277,0.616277,0.00027108192443847656,0.8409632444381714,0.8406921625137329,2.2232730388641357,9.237516403198242,0.23702208697795868,20,0,0,1,0,1,0,0.0,0.6162108182907104,2,clean,0.0,-1,33,27,CORRECT,0,0,0,0,0,0,0.0,0.0,answer,
margin,live-delta,8,0.0,0.244356,0.607198,5.7e-05,0.980469,0.466277,0.616277,0.07880854606628418,0.8197683095932007,0.7409597635269165,1.3303163051605225,3.7822394371032715,0.5591570138931274,6,0,0,1,0,1,0,0.0,0.7087355256080627,2,clean,0.0,-1,34,26,CORRECT,0,0,0,0,0,0,0.0,0.0,answer,
margin,live-delta,8,0.0,0.244356,0.607198,5.7e-05,0.980469,0.466277,0.616277,0.06488156318664551,0.8260010480880737,0.7611194849014282,1.1787643432617188,3.2503554821014404,0.5940961241722107,6,0,0,1,0,1,0,0.0,0.7347782254219055,2,clean,0.0,-1,35,26,CORRECT,0,0,0,0,0,0,0.0,0.0,answer,
margin,live-delta,8,0.0,0.244356,0.607198,5.7e-05,0.980469,0.466277,0.616277,0.01791250705718994,0.6625928282737732,0.6446803212165833,2.5377726554870605,12.651460647583008,0.1929238885641098,19,0,0,1,0,1,0,0.0,0.523886501789093,2,clean,0.0,-1,36,31,CORRECT,0,0,0,0,0,0,0.0,0.0,answer,
margin,live-delta,8,0.0,0.244356,0.607198,5.7e-05,0.980469,0.466277,0.616277,0.00014674663543701172,0.7378839254379272,0.7377371788024902,2.4393093585968018,11.465119361877441,0.20830827951431274,20,0,0,1,0,1,0,0.0,0.453913152217865,2,clean,0.0,-1,37,3,CORRECT,0,0,0,0,0,0,0.0,0.0,answer,
margin,live-delta,8,0.0,0.244356,0.607198,5.7e-05,0.980469,0.466277,0.616277,0.06540250778198242,0.8352208137512207,0.7698183059692383,1.9166908264160156,6.798424243927002,0.45502015948295593,18,0,0,1,0,1,0,0.0,0.525200366973877,2,clean,0.0,-1,39,19,CORRECT,0,0,0,0,0,0,0.0,0.0,answer,
margin,live-delta,8,0.0,0.244356,0.607198,5.7e-05,0.980469,0.466277,0.616277,8.213520050048828e-05,0.6722115278244019,0.6721293926239014,2.5988857746124268,13.448744773864746,0.13513359427452087,19,0,0,1,0,1,0,0.0,0.5113608837127686,2,clean,0.0,-1,40,1,CORRECT,0,0,0,0,0,0,0.0,0.0,answer,
margin,live-delta,8,0.0,0.244356,0.607198,5.7e-05,0.980469,0.466277,0.616277,0.021424174308776855,0.8092004060745239,0.7877762317657471,1.8422305583953857,6.310598850250244,0.3710879683494568,19,0,0,1,0,1,0,0.0,0.6027906537055969,2,clean,0.0,-1,41,2,CORRECT,0,0,0,0,0,0,0.0,0.0,answer,
margin,live-delta,8,0.0,0.244356,0.607198,5.7e-05,0.980469,0.466277,0.616277,0.014770090579986572,0.6550374627113342,0.6402673721313477,2.3951516151428223,10.969861030578613,0.2125970423221588,17,0,0,1,0,1,0,0.0,0.5561074614524841,2,clean,0.0,-1,42,18,CORRECT,0,0,0,0,0,0,0.0,0.0,answer,
margin,live-delta,8,0.0,0.244356,0.607198,5.7e-05,0.980469,0.466277,0.616277,0.0036307573318481445,0.8091407418251038,0.8055099844932556,2.218207359313965,9.190839767456055,0.24903666973114014,20,0,0,1,0,1,0,0.0,0.5742166042327881,2,clean,0.0,-1,43,22,CORRECT,0,0,0,0,0,0,0.0,0.0,answer,
margin,live-delta,8,0.0,0.244356,0.607198,5.7e-05,0.980469,0.466277,0.616277,0.007630765438079834,0.6590110659599304,0.6513803005218506,2.559352159500122,12.92743968963623,0.15378409624099731,18,0,0,1,0,1,0,0.0,0.4933120012283325,2,clean,0.0,-1,44,29,CORRECT,0,0,0,0,0,0,0.0,0.0,answer,
margin,live-delta,8,0.0,0.244356,0.607198,5.7e-05,0.980469,0.466277,0.616277,0.018065690994262695,0.7802423238754272,0.7621766328811646,2.3016512393951416,9.990665435791016,0.24524210393428802,20,0,0,1,0,1,0,0.0,0.5786288976669312,2,clean,0.0,-1,45,0,CORRECT,0,0,0,0,0,0,0.0,0.0,answer,
margin,live-delta,8,0.0,0.244356,0.607198,5.7e-05,0.980469,0.466277,0.616277,0.13380369544029236,0.615119457244873,0.4813157618045807,0.23890648782253265,1.269859790802002,0.9355999827384949,2,0,0,1,0,1,0,0.0,0.2942866384983063,2,clean,0.0,-1,46,6,CORRECT,0,0,0,0,0,0,0.0,0.0,answer,
margin,live-delta,8,0.0,0.244356,0.607198,5.7e-05,0.980469,0.466277,0.616277,0.014446496963500977,0.7987375259399414,0.7842910289764404,1.7550482749938965,5.783727169036865,0.37430909276008606,20,0,0,1,0,1,0,0.0,0.5803588032722473,2,clean,0.0,-1,47,9,CORRECT,0,0,0,0,0,0,0.0,0.0,answer,
margin,live-delta,8,0.0,0.244356,0.607198,5.7e-05,0.980469,0.466277,0.616277,0.04508107900619507,0.542166531085968,0.49708545207977295,1.221544623374939,3.392423629760742,0.5084954500198364,4,0,0,1,0,1,0,0.0,0.3024407625198364,2,clean,0.0,-1,48,10,CORRECT,0,0,0,0,0,0,0.0,0.0,answer,
margin,live-delta,8,0.0,0.244356,0.607198,5.7e-05,0.980469,0.466277,0.616277,0.015541672706604004,0.6601847410202026,0.6446430683135986,1.785942554473877,5.965199947357178,0.31330162286758423,8,0,0,1,0,1,0,0.0,0.5240664482116699,2,clean,0.0,-1,50,12,CORRECT,0,0,0,0,0,0,0.0,0.0,answer,
margin,live-delta,8,0.0,0.244356,0.607198,5.7e-05,0.980469,0.466277,0.616277,0.09869396686553955,0.8877891302108765,0.7890951633453369,1.5895107984542847,4.901350498199463,0.6128032207489014,20,0,0,1,0,1,0,0.0,0.6858367323875427,2,clean,0.0,-1,51,0,CORRECT,0,0,0,0,0,0,0.0,0.0,answer,
margin,live-delta,8,0.0,0.244356,0.607198,5.7e-05,0.980469,0.466277,0.616277,0.07959491014480591,0.835240364074707,0.7556454539299011,2.0745296478271484,7.960801124572754,0.4464603066444397,20,0,0,1,0,1,0,0.0,0.6948240995407104,2,clean,0.0,-1,52,22,CORRECT,0,0,0,0,0,0,0.0,0.0,answer,
margin,live-delta,8,0.0,0.244356,0.607198,5.7e-05,0.980469,0.466277,0.616277,0.04038846492767334,0.7718725204467773,0.731484055519104,1.4142096042633057,4.113234043121338,0.46398523449897766,7,0,0,1,0,1,0,0.0,0.6465674638748169,2,clean,0.0,-1,53,26,CORRECT,0,0,0,0,0,0,0.0,0.0,answer,
margin,live-delta,8,0.0,0.244356,0.607198,5.7e-05,0.980469,0.466277,0.616277,0.021745800971984863,0.7166833877563477,0.6949375867843628,1.9931995868682861,7.338977813720703,0.38795801997184753,20,0,0,1,0,1,0,0.0,0.5401468873023987,2,clean,0.0,-1,56,11,CORRECT,0,0,0,0,0,0,0.0,0.0,answer,
margin,live-delta,8,0.0,0.244356,0.607198,5.7e-05,0.980469,0.466277,0.616277,0.030704915523529053,0.7882815599441528,0.7575766444206238,1.7928885221481323,6.006778240203857,0.4267408549785614,19,0,0,1,0,1,0,0.0,0.4446962773799896,2,clean,0.0,-1,57,21,CORRECT,0,0,0,0,0,0,0.0,0.0,answer,
margin,live-delta,8,0.0,0.244356,0.607198,5.7e-05,0.980469,0.466277,0.616277,0.02657550573348999,0.8341991901397705,0.8076236844062805,2.004579782485962,7.422974109649658,0.35644713044166565,20,0,0,1,0,1,0,0.0,0.6128807067871094,2,clean,0.0,-1,58,0,CORRECT,0,0,0,0,0,0,0.0,0.0,answer,
margin,live-delta,8,0.0,0.244356,0.607198,5.7e-05,0.980469,0.466277,0.616277,0.003304004669189453,0.677891731262207,0.6745877265930176,2.606302499771118,13.548861503601074,0.1863083690404892,20,0,0,1,0,1,0,0.0,0.48026907444000244,2,clean,0.0,-1,59,14,CORRECT,0,0,0,0,0,0,0.0,0.0,answer,
margin,live-delta,8,0.0,0.244356,0.607198,5.7e-05,0.980469,0.466277,0.616277,0.06265604496002197,0.8349859714508057,0.7723299264907837,1.7187001705169678,5.577274322509766,0.5307914614677429,20,0,0,1,0,1,0,0.0,0.6107056736946106,2,clean,0.0,-1,60,2,CORRECT,0,0,0,0,0,0,0.0,0.0,answer,
margin,live-delta,8,0.0,0.244356,0.607198,5.7e-05,0.980469,0.466277,0.616277,0.002447187900543213,0.8728757500648499,0.8704285621643066,1.7311381101608276,5.6470770835876465,0.3716391623020172,20,0,0,1,0,1,0,0.0,0.6611804962158203,2,clean,0.0,-1,61,0,CORRECT,0,0,0,0,0,0,0.0,0.0,answer,
margin,live-delta,8,0.0,0.244356,0.607198,5.7e-05,0.980469,0.466277,0.616277,0.0034145712852478027,0.5589209198951721,0.5555063486099243,2.3829386234283447,10.836701393127441,0.17335356771945953,13,0,0,1,0,1,0,0.0,0.3900502622127533,2,clean,0.0,-1,62,0,CORRECT,0,0,0,0,0,0,0.0,0.0,answer,
margin,live-delta,8,0.0,0.244356,0.607198,5.7e-05,0.980469,0.466277,0.616277,0.024738192558288574,0.6136946678161621,0.5889564752578735,2.2272839546203613,9.274641036987305,0.24552853405475616,13,0,0,1,0,1,0,0.0,0.309717059135437,2,clean,0.0,-1,63,3,CORRECT,0,0,0,0,0,0,0.0,0.0,answer,
margin,live-delta,8,0.0,0.244356,0.607198,5.7e-05,0.980469,0.466277,0.616277,0.09998571872711182,0.618600070476532,0.5186143517494202,1.090551733970642,2.9759154319763184,0.6926170587539673,6,1,1,1,1,1,0,0.0,0.40959230065345764,2,clean,0.0,-1,64,50,CORRECT,0,0,0,0,0,0,0.0,0.0,answer,
margin,live-delta,8,0.0,0.244356,0.607198,5.7e-05,0.980469,0.466277,0.616277,0.05121266841888428,0.7665919661521912,0.7153792977333069,1.7484828233718872,5.74587869644165,0.47212183475494385,15,1,1,1,1,1,0,0.0,0.40311747789382935,2,clean,0.0,-1,65,37,CORRECT,0,0,0,0,0,0,0.0,0.0,answer,
margin,live-delta,8,0.0,0.244356,0.607198,5.7e-05,0.980469,0.466277,0.616277,0.03203341364860535,0.5036468505859375,0.47161343693733215,0.644357442855835,1.9047627449035645,0.6549046635627747,2,1,1,1,1,1,0,0.0,0.337674081325531,2,clean,0.0,-1,66,35,CORRECT,0,0,0,0,0,0,0.0,0.0,answer,
margin,live-delta,8,0.0,0.244356,0.607198,5.7e-05,0.980469,0.466277,0.616277,0.10132157802581787,0.6654294729232788,0.5641078948974609,1.589150071144104,4.899582862854004,0.600055456161499,12,1,1,1,1,1,0,0.0,0.41640186309814453,2,clean,0.0,-1,67,47,CORRECT,0,0,0,0,0,0,0.0,0.0,answer,
margin,live-delta,8,0.0,0.244356,0.607198,5.7e-05,0.980469,0.466277,0.616277,0.05116629600524902,0.6455747485160828,0.5944084525108337,1.2960596084594727,3.6548666954040527,0.5464943051338196,7,1,1,1,1,1,0,0.0,0.4683803915977478,2,clean,0.0,-1,68,57,CORRECT,0,0,0,0,0,0,0.0,0.0,answer,
margin,live-delta,8,0.0,0.244356,0.607198,5.7e-05,0.980469,0.466277,0.616277,0.11027538776397705,0.6950936317443848,0.5848182439804077,0.7107840776443481,2.0355865955352783,0.8172983527183533,6,1,1,1,1,1,0,0.0,0.4552825391292572,2,clean,0.0,-1,69,36,CORRECT,0,0,0,0,0,0,0.0,0.0,answer,
margin,live-delta,8,0.0,0.244356,0.607198,5.7e-05,0.980469,0.466277,0.616277,0.07145816087722778,0.8408964276313782,0.7694382667541504,1.6646839380264282,5.284002780914307,0.505393385887146,16,1,1,1,1,1,0,0.0,0.40438294410705566,2,clean,0.0,-1,70,40,CORRECT,0,0,0,0,0,0,0.0,0.0,answer,
margin,live-delta,8,0.0,0.244356,0.607198,5.7e-05,0.980469,0.466277,0.616277,0.006285190582275391,0.5209206342697144,0.514635443687439,1.8887509107589722,6.611105442047119,0.21866096556186676,7,1,1,1,1,1,0,0.0,0.3271400034427643,2,clean,0.0,-1,71,47,CORRECT,0,0,0,0,0,0,0.0,0.0,answer,
margin,live-delta,8,0.0,0.244356,0.607198,5.7e-05,0.980469,0.466277,0.616277,0.1541154384613037,0.7070056200027466,0.5528901815414429,0.25915229320526123,1.2958310842514038,0.9408519864082336,3,1,1,1,1,1,0,0.0,0.5489740371704102,2,clean,0.0,-1,72,36,CORRECT,0,0,0,0,0,0,0.0,0.0,answer,
margin,live-delta,8,0.0,0.244356,0.607198,5.7e-05,0.980469,0.466277,0.616277,0.03657364845275879,0.7942038774490356,0.7576302289962769,1.9058846235275269,6.725354194641113,0.3367863893508911,15,1,1,1,1,1,0,0.0,0.42950505018234253,2,clean,0.0,-1,74,45,CORRECT,0,0,0,0,0,0,0.0,0.0,answer,
margin,live-delta,8,0.0,0.244356,0.607198,5.7e-05,0.980469,0.466277,0.616277,0.12161687016487122,0.4690021574497223,0.3473852872848511,-0.0,1.0,1.0,1,1,1,1,1,1,0,0.0,0.29065269231796265,2,clean,0.0,-1,75,44,CORRECT,0,0,0,0,0,0,0.0,0.0,answer,
margin,live-delta,8,0.0,0.244356,0.607198,5.7e-05,0.980469,0.466277,0.616277,0.03811115026473999,0.7916508913040161,0.7535397410392761,1.5426193475723267,4.676824569702148,0.4435966908931732,12,1,1,1,1,1,0,0.0,0.4099929630756378,2,clean,0.0,-1,77,60,CORRECT,0,0,0,0,0,0,0.0,0.0,answer,
margin,live-delta,8,0.0,0.244356,0.607198,5.7e-05,0.980469,0.466277,0.616277,0.027743279933929443,0.6010585427284241,0.5733152627944946,1.4160377979278564,4.120760917663574,0.46678048372268677,6,1,1,1,1,1,0,0.0,0.415357768535614,2,clean,0.0,-1,78,35,CORRECT,0,0,0,0,0,0,0.0,0.0,answer,
margin,live-delta,8,0.0,0.244356,0.607198,5.7e-05,0.980469,0.466277,0.616277,0.037351906299591064,0.5969131588935852,0.5595612525939941,1.4065840244293213,4.081987380981445,0.4622056484222412,6,1,1,1,1,1,0,0.0,0.421724796295166,2,clean,0.0,-1,79,47,CORRECT,0,0,0,0,0,0,0.0,0.0,answer,
margin,live-delta,8,0.0,0.244356,0.607198,5.7e-05,0.980469,0.466277,0.616277,0.2626209259033203,0.7004657983779907,0.4378448724746704,-0.0,1.0,1.0,1,1,1,1,1,1,0,0.0,0.508686363697052,2,clean,0.0,-1,81,44,CORRECT,0,0,0,0,0,0,0.0,0.0,answer,
margin,live-delta,8,0.0,0.244356,0.607198,5.7e-05,0.980469,0.466277,0.616277,0.002087831497192383,0.5332192182540894,0.531131386756897,1.879578948020935,6.550745964050293,0.2097821682691574,7,1,1,1,1,1,0,0.0,0.35299718379974365,2,clean,0.0,-1,82,52,CORRECT,0,0,0,0,0,0,0.0,0.0,answer,
margin,live-delta,8,0.0,0.244356,0.607198,5.7e-05,0.980469,0.466277,0.616277,0.02273687720298767,0.5098756551742554,0.4871387779712677,1.0672328472137451,2.9073233604431152,0.4528815448284149,3,1,1,1,1,1,0,0.0,0.33688005805015564,2,clean,0.0,-1,83,35,CORRECT,0,0,0,0,0,0,0.0,0.0,answer,
margin,live-delta,8,0.0,0.244356,0.607198,5.7e-05,0.980469,0.466277,0.616277,0.0005498528480529785,0.6723116040229797,0.6717617511749268,2.3331432342529297,10.310297966003418,0.1623452752828598,15,1,1,1,1,1,0,0.0,0.3700893819332123,2,clean,0.0,-1,84,40,CORRECT,0,0,0,0,0,0,0.0,0.0,answer,
margin,live-delta,8,0.0,0.244356,0.607198,5.7e-05,0.980469,0.466277,0.616277,0.02664715051651001,0.487519770860672,0.460872620344162,-0.0,1.0,1.0,1,1,1,1,1,1,0,0.0,0.24179601669311523,2,clean,0.0,-1,85,63,CORRECT,0,0,0,0,0,0,0.0,0.0,answer,
margin,live-delta,8,0.0,0.244356,0.607198,5.7e-05,0.980469,0.466277,0.616277,0.06783407926559448,0.6784102916717529,0.6105762124061584,1.8441320657730103,6.322609901428223,0.45953890681266785,13,1,1,1,1,1,0,0.0,0.36041104793548584,2,clean,0.0,-1,86,61,CORRECT,0,0,0,0,0,0,0.0,0.0,answer,
margin,live-delta,8,0.0,0.244356,0.607198,5.7e-05,0.980469,0.466277,0.616277,0.1254260540008545,0.5565441846847534,0.4311181306838989,-0.0,1.0,1.0,1,1,1,1,1,1,0,0.0,0.35206863284111023,2,clean,0.0,-1,87,63,CORRECT,0,0,0,0,0,0,0.0,0.0,answer,
margin,live-delta,8,0.0,0.244356,0.607198,5.7e-05,0.980469,0.466277,0.616277,0.0759202241897583,0.4897550344467163,0.413834810256958,-0.0,1.0,1.0,1,1,1,1,1,1,0,0.0,0.197681725025177,2,clean,0.0,-1,88,44,CORRECT,0,0,0,0,0,0,0.0,0.0,answer,
margin,live-delta,8,0.0,0.244356,0.607198,5.7e-05,0.980469,0.466277,0.616277,0.009209275245666504,0.5815664529800415,0.572357177734375,2.1523971557617188,8.605462074279785,0.23630297183990479,11,1,1,1,1,1,0,0.0,0.2658657729625702,2,clean,0.0,-1,89,50,CORRECT,0,0,0,0,0,0,0.0,0.0,answer,
margin,live-delta,8,0.0,0.244356,0.607198,5.7e-05,0.980469,0.466277,0.616277,0.026315629482269287,0.5693287253379822,0.5430130958557129,1.5898866653442383,4.90319299697876,0.3744606673717499,6,1,1,1,1,1,0,0.0,0.44232887029647827,2,clean,0.0,-1,90,59,CORRECT,0,0,0,0,0,0,0.0,0.0,answer,
margin,live-delta,8,0.0,0.244356,0.607198,5.7e-05,0.980469,0.466277,0.616277,0.08912777900695801,0.756209135055542,0.667081356048584,1.6893302202224731,5.415852069854736,0.5579541325569153,15,1,1,1,1,1,0,0.0,0.35234421491622925,2,clean,0.0,-1,91,40,CORRECT,0,0,0,0,0,0,0.0,0.0,answer,
margin,live-delta,8,0.0,0.244356,0.607198,5.7e-05,0.980469,0.466277,0.616277,0.008020877838134766,0.5828986763954163,0.5748777985572815,2.2008423805236816,9.03261947631836,0.23457404971122742,11,1,1,1,1,1,0,0.0,0.37079745531082153,2,clean,0.0,-1,93,38,CORRECT,0,0,0,0,0,0,0.0,0.0,answer,
margin,live-delta,8,0.0,0.244356,0.607198,5.7e-05,0.980469,0.466277,0.616277,0.03238600492477417,0.6400529742240906,0.6076669692993164,2.0842947959899902,8.038920402526855,0.3071781098842621,12,1,1,1,1,1,0,0.0,0.2573622465133667,2,clean,0.0,-1,94,60,CORRECT,0,0,0,0,0,0,0.0,0.0,answer,
margin,live-delta,8,0.0,0.244356,0.607198,5.7e-05,0.980469,0.466277,0.616277,0.06375056505203247,0.5301032066345215,0.466352641582489,0.5248762369155884,1.6902496814727783,0.7815993428230286,2,1,1,1,1,1,0,0.0,0.346439003944397,2,clean,0.0,-1,95,52,CORRECT,0,0,0,0,0,0,0.0,0.0,answer,
margin,live-delta,8,0.0,0.244356,0.607198,5.7e-05,0.980469,0.466277,0.616277,0.01938331127166748,0.5583243370056152,0.5389410257339478,1.2063450813293457,3.341250419616699,0.4621243476867676,4,1,1,1,1,1,0,0.0,0.3553626537322998,2,clean,0.0,-1,96,42,CORRECT,0,0,0,0,0,0,0.0,0.0,answer,
margin,live-delta,8,0.0,0.244356,0.607198,5.7e-05,0.980469,0.466277,0.616277,0.03714674711227417,0.624442458152771,0.5872957110404968,2.082209348678589,8.022172927856445,0.3359236717224121,12,1,1,1,1,1,0,0.0,0.39441344141960144,2,clean,0.0,-1,97,52,CORRECT,0,0,0,0,0,0,0.0,0.0,answer,
margin,live-delta,8,0.0,0.244356,0.607198,5.7e-05,0.980469,0.466277,0.616277,0.008182287216186523,0.710715115070343,0.7025328278541565,1.9646108150482178,7.132136344909668,0.24671868979930878,15,1,1,1,1,1,0,0.0,0.4413045346736908,2,clean,0.0,-1,98,32,CORRECT,0,0,0,0,0,0,0.0,0.0,answer,
margin,live-delta,8,0.0,0.244356,0.607198,5.7e-05,0.980469,0.466277,0.616277,0.07950395345687866,0.8086062073707581,0.7291022539138794,1.727082371711731,5.624220371246338,0.5324875712394714,17,1,1,1,1,1,0,0.0,0.39816349744796753,2,clean,0.0,-1,99,40,CORRECT,0,0,0,0,0,0,0.0,0.0,answer,
margin,live-delta,8,0.0,0.244356,0.607198,5.7e-05,0.980469,0.466277,0.616277,0.05860075354576111,0.5353360772132874,0.47673532366752625,0.5470012426376343,1.7280632257461548,0.7635090947151184,2,1,1,1,1,1,0,0.0,0.3425619602203369,2,clean,0.0,-1,100,57,CORRECT,0,0,0,0,0,0,0.0,0.0,answer,
margin,live-delta,8,0.0,0.244356,0.607198,5.7e-05,0.980469,0.466277,0.616277,0.021641671657562256,0.6355977058410645,0.6139560341835022,2.4214563369750977,11.262248992919922,0.23112753033638,16,1,1,1,1,1,0,0.0,0.4764178395271301,2,clean,0.0,-1,101,59,CORRECT,0,0,0,0,0,0,0.0,0.0,answer,
margin,live-delta,8,0.0,0.244356,0.607198,5.7e-05,0.980469,0.466277,0.616277,0.054714083671569824,0.5064904689788818,0.451776385307312,-0.0,1.0,1.0,1,1,1,1,1,1,0,0.0,0.2953105568885803,2,clean,0.0,-1,102,63,CORRECT,0,0,0,0,0,0,0.0,0.0,answer,
margin,live-delta,8,0.0,0.244356,0.607198,5.7e-05,0.980469,0.466277,0.616277,0.007851600646972656,0.5549097061157227,0.54705810546875,0.9500627517700195,2.585871934890747,0.48384636640548706,3,1,1,1,1,1,0,0.0,0.348261296749115,2,clean,0.0,-1,103,39,CORRECT,0,0,0,0,0,0,0.0,0.0,answer,
margin,live-delta,8,0.0,0.244356,0.607198,5.7e-05,0.980469,0.466277,0.616277,0.0412028431892395,0.5383107662200928,0.49710792303085327,1.2734624147415161,3.5732030868530273,0.46618518233299255,4,1,1,1,1,1,0,0.0,0.16544708609580994,2,clean,0.0,-1,105,41,CORRECT,0,0,0,0,0,0,0.0,0.0,answer,
margin,live-delta,8,0.0,0.244356,0.607198,5.7e-05,0.980469,0.466277,0.616277,0.06919336318969727,0.8411480188369751,0.7719546556472778,1.6193878650665283,5.0499982833862305,0.5550135374069214,18,1,1,1,1,1,0,0.0,0.46236059069633484,2,clean,0.0,-1,106,40,CORRECT,0,0,0,0,0,0,0.0,0.0,answer,
margin,live-delta,8,0.0,0.244356,0.607198,5.7e-05,0.980469,0.466277,0.616277,0.0112648606300354,0.5574491620063782,0.5461843013763428,2.1453616619110107,8.54513168334961,0.22670850157737732,10,1,1,1,1,1,0,0.0,0.3906744420528412,2,clean,0.0,-1,107,51,CORRECT,0,0,0,0,0,0,0.0,0.0,answer,
margin,live-delta,8,0.0,0.244356,0.607198,5.7e-05,0.980469,0.466277,0.616277,0.03881198167800903,0.5745145082473755,0.5357025265693665,1.5413742065429688,4.671004772186279,0.4340221881866455,6,1,1,1,1,1,0,0.0,0.42668288946151733,2,clean,0.0,-1,109,38,CORRECT,0,0,0,0,0,0,0.0,0.0,answer,
margin,live-delta,8,0.0,0.244356,0.607198,5.7e-05,0.980469,0.466277,0.616277,0.013598799705505371,0.6043965816497803,0.5907977819442749,2.234657049179077,9.343276977539062,0.19502900540828705,13,1,1,1,1,1,0,0.0,0.2900141477584839,2,clean,0.0,-1,110,51,CORRECT,0,0,0,0,0,0,0.0,0.0,answer,
margin,live-delta,8,0.0,0.244356,0.607198,5.7e-05,0.980469,0.466277,0.616277,0.05629462003707886,0.47336429357528687,0.417069673538208,-0.0,1.0,1.0,1,1,1,1,1,1,0,0.0,0.16464796662330627,2,clean,0.0,-1,111,59,CORRECT,0,0,0,0,0,0,0.0,0.0,answer,
margin,live-delta,8,0.0,0.244356,0.607198,5.7e-05,0.980469,0.466277,0.616277,0.005659312009811401,0.4965621531009674,0.490902841091156,1.3755953311920166,3.9574320316314697,0.29926928877830505,4,1,1,1,1,1,0,0.0,0.1582716405391693,2,clean,0.0,-1,112,63,CORRECT,0,0,0,0,0,0,0.0,0.0,answer,
margin,live-delta,8,0.0,0.244356,0.607198,5.7e-05,0.980469,0.466277,0.616277,0.03795003890991211,0.5386905670166016,0.5007405281066895,0.6260095834732056,1.8701330423355103,0.6811367869377136,2,1,1,1,1,1,0,0.0,0.34128454327583313,2,clean,0.0,-1,113,36,CORRECT,0,0,0,0,0,0,0.0,0.0,answer,
margin,live-delta,8,0.0,0.244356,0.607198,5.7e-05,0.980469,0.466277,0.616277,0.0009084939956665039,0.5301651954650879,0.5292567014694214,1.3083757162094116,3.7001585960388184,0.31801289319992065,4,1,1,1,1,1,0,0.0,0.2635127902030945,2,clean,0.0,-1,115,62,CORRECT,0,0,0,0,0,0,0.0,0.0,answer,
margin,live-delta,8,0.0,0.244356,0.607198,5.7e-05,0.980469,0.466277,0.616277,0.005991756916046143,0.6308895349502563,0.6248977780342102,2.041196823120117,7.699819087982178,0.2383880913257599,14,1,1,1,1,1,0,0.0,0.4562114477157593,2,clean,0.0,-1,116,38,CORRECT,0,0,0,0,0,0,0.0,0.0,answer,
margin,live-delta,8,0.0,0.244356,0.607198,5.7e-05,0.980469,0.466277,0.616277,0.08642899990081787,0.6468977928161621,0.5604687929153442,1.4230724573135376,4.149851322174072,0.5965681672096252,8,1,1,1,1,1,0,0.0,0.3993479609489441,2,clean,0.0,-1,117,42,CORRECT,0,0,0,0,0,0,0.0,0.0,answer,
margin,live-delta,8,0.0,0.244356,0.607198,5.7e-05,0.980469,0.466277,0.616277,0.06817120313644409,0.7197924852371216,0.6516212821006775,1.7145893573760986,5.554394245147705,0.5323235988616943,15,1,1,1,1,1,0,0.0,0.3329954743385315,2,clean,0.0,-1,118,40,CORRECT,0,0,0,0,0,0,0.0,0.0,answer,
margin,live-delta,8,0.0,0.244356,0.607198,5.7e-05,0.980469,0.466277,0.616277,0.05210930109024048,0.5614919066429138,0.5093826055526733,0.859039306640625,2.360891580581665,0.65705806016922,3,1,1,1,1,1,0,0.0,0.39505207538604736,2,clean,0.0,-1,119,51,CORRECT,0,0,0,0,0,0,0.0,0.0,answer,
margin,live-delta,8,0.0,0.244356,0.607198,5.7e-05,0.980469,0.466277,0.616277,0.022288918495178223,0.5903431177139282,0.56805419921875,1.8569599390029907,6.404237747192383,0.3308742940425873,9,1,1,1,1,1,0,0.0,0.38903000950813293,2,clean,0.0,-1,121,57,CORRECT,0,0,0,0,0,0,0.0,0.0,answer,
margin,live-delta,8,0.0,0.244356,0.607198,5.7e-05,0.980469,0.466277,0.616277,0.09091466665267944,0.6686475872993469,0.5777329206466675,1.4103723764419556,4.097480773925781,0.6350938081741333,11,1,1,1,1,1,0,0.0,0.4798545837402344,2,clean,0.0,-1,122,50,CORRECT,0,0,0,0,0,0,0.0,0.0,answer,
margin,live-delta,8,0.0,0.244356,0.607198,5.7e-05,0.980469,0.466277,0.616277,0.013231277465820312,0.5954697132110596,0.5822384357452393,1.8852791786193848,6.588193416595459,0.31591758131980896,9,1,1,1,1,1,0,0.0,0.3156626522541046,2,clean,0.0,-1,123,52,CORRECT,0,0,0,0,0,0,0.0,0.0,answer,
margin,live-delta,8,0.0,0.244356,0.607198,5.7e-05,0.980469,0.466277,0.616277,0.004436910152435303,0.8431375026702881,0.8387005925178528,1.4869407415390015,4.423542022705078,0.4011160135269165,13,1,1,1,1,1,0,0.0,0.4534303545951843,2,clean,0.0,-1,125,41,CORRECT,0,0,0,0,0,0,0.0,0.0,answer,
margin,live-delta,8,0.0,0.244356,0.607198,5.7e-05,0.980469,0.466277,0.616277,0.08864820003509521,0.4892336130142212,0.400585412979126,-0.0,1.0,1.0,1,1,1,1,1,1,0,0.0,0.2482023388147354,2,clean,0.0,-1,126,38,CORRECT,0,0,0,0,0,0,0.0,0.0,answer,
margin,live-delta,8,0.0,0.244356,0.607198,5.7e-05,0.980469,0.466277,0.616277,0.07421362400054932,0.5997445583343506,0.5255309343338013,1.4360886812210083,4.204219818115234,0.5549681782722473,7,1,1,1,1,1,0,0.0,0.2862173318862915,2,clean,0.0,-1,127,47,CORRECT,0,0,0,0,0,0,0.0,0.0,answer,
margin,live-delta,8,0.0,0.244356,0.607198,5.7e-05,0.980469,0.466277,0.616277,0.016283154487609863,0.5630731582641602,0.5467900037765503,2.561187744140625,12.951190948486328,0.15698552131652832,15,2,2,1,2,1,0,0.0,0.36430293321609497,2,clean,0.0,-1,129,89,CORRECT,0,0,0,0,0,0,0.0,0.0,answer,
margin,live-delta,8,0.0,0.244356,0.607198,5.7e-05,0.980469,0.466277,0.616277,0.060343146324157715,0.7414408922195435,0.6810977458953857,1.7353003025054932,5.67063045501709,0.4609133005142212,15,2,2,1,2,1,0,0.0,0.5133565664291382,2,clean,0.0,-1,130,80,CORRECT,0,0,0,0,0,0,0.0,0.0,answer,
margin,live-delta,8,0.0,0.244356,0.607198,5.7e-05,0.980469,0.466277,0.616277,0.04067337512969971,0.6881340146064758,0.6474606394767761,1.7969489097595215,6.031217575073242,0.4137338697910309,14,2,2,1,2,1,0,0.0,0.5713598728179932,2,clean,0.0,-1,131,84,CORRECT,0,0,0,0,0,0,0.0,0.0,answer,
margin,live-delta,8,0.0,0.244356,0.607198,5.7e-05,0.980469,0.466277,0.616277,0.14067071676254272,0.7042433023452759,0.5635725855827332,0.9601891040802002,2.6121904850006104,0.7839149236679077,10,2,2,1,2,1,0,0.0,0.5656924247741699,2,clean,0.0,-1,132,82,CORRECT,0,0,0,0,0,0,0.0,0.0,answer,
margin,live-delta,8,0.0,0.244356,0.607198,5.7e-05,0.980469,0.466277,0.616277,0.036290526390075684,0.671927809715271,0.6356372833251953,1.6878896951675415,5.408055782318115,0.427912175655365,13,2,2,1,2,1,0,0.0,0.5307698249816895,2,clean,0.0,-1,133,84,CORRECT,0,0,0,0,0,0,0.0,0.0,answer,
margin,live-delta,8,0.0,0.244356,0.607198,5.7e-05,0.980469,0.466277,0.616277,0.0068738460540771484,0.5189614295959473,0.5120875835418701,1.7381528615951538,5.686829566955566,0.26037150621414185,6,2,2,1,2,1,0,0.0,0.2802686393260956,2,clean,0.0,-1,134,89,CORRECT,0,0,0,0,0,0,0.0,0.0,answer,
margin,live-delta,8,0.0,0.244356,0.607198,5.7e-05,0.980469,0.466277,0.616277,0.0005246996879577637,0.7538886666297913,0.7533639669418335,1.7762717008590698,5.90778923034668,0.3020019829273224,13,2,2,1,2,1,0,0.0,0.547387957572937,2,clean,0.0,-1,136,80,CORRECT,0,0,0,0,0,0,0.0,0.0,answer,
margin,live-delta,8,0.0,0.244356,0.607198,5.7e-05,0.980469,0.466277,0.616277,0.003684520721435547,0.6487258076667786,0.645041286945343,1.9841867685317993,7.273130416870117,0.2580257058143616,13,2,2,1,2,1,0,0.0,0.535396158695221,2,clean,0.0,-1,137,91,CORRECT,0,0,0,0,0,0,0.0,0.0,answer,
margin,live-delta,8,0.0,0.244356,0.607198,5.7e-05,0.980469,0.466277,0.616277,0.05013328790664673,0.7074763178825378,0.6573430299758911,2.0383803844451904,7.678163528442383,0.4086896777153015,19,2,2,1,2,1,0,0.0,0.5535368919372559,2,clean,0.0,-1,138,79,CORRECT,0,0,0,0,0,0,0.0,0.0,answer,
margin,live-delta,8,0.0,0.244356,0.607198,5.7e-05,0.980469,0.466277,0.616277,0.015082180500030518,0.565150797367096,0.5500686168670654,1.5573731660842896,4.746336936950684,0.3736588954925537,6,2,2,1,2,1,0,0.0,0.17426016926765442,2,clean,0.0,-1,139,67,CORRECT,0,0,0,0,0,0,0.0,0.0,answer,
margin,live-delta,8,0.0,0.244356,0.607198,5.7e-05,0.980469,0.466277,0.616277,0.10315626859664917,0.7914308905601501,0.688274621963501,0.5238189697265625,1.688463568687439,0.8545571565628052,5,2,2,1,2,1,0,0.0,0.6833494901657104,2,clean,0.0,-1,140,68,CORRECT,0,0,0,0,0,0,0.0,0.0,answer,
margin,live-delta,8,0.0,0.244356,0.607198,5.7e-05,0.980469,0.466277,0.616277,0.027010083198547363,0.5625884532928467,0.5355783700942993,2.3756349086761475,10.757841110229492,0.20922696590423584,12,2,2,1,2,1,0,0.0,0.3420320749282837,2,clean,0.0,-1,141,80,CORRECT,0,0,0,0,0,0,0.0,0.0,answer,
margin,live-delta,8,0.0,0.244356,0.607198,5.7e-05,0.980469,0.466277,0.616277,0.13027608394622803,0.7915511131286621,0.6612750291824341,1.1040230989456177,3.0162763595581055,0.7611311674118042,18,2,2,1,2,1,0,0.0,0.6682131290435791,2,clean,0.0,-1,142,95,CORRECT,0,0,0,0,0,0,0.0,0.0,answer,
margin,live-delta,8,0.0,0.244356,0.607198,5.7e-05,0.980469,0.466277,0.616277,0.13579082489013672,0.6931444406509399,0.5573536157608032,0.29598867893218994,1.3444548845291138,0.9264243841171265,3,2,2,1,2,1,0,0.0,0.47784537076950073,2,clean,0.0,-1,143,76,CORRECT,0,0,0,0,0,0,0.0,0.0,answer,
margin,live-delta,8,0.0,0.244356,0.607198,5.7e-05,0.980469,0.466277,0.616277,0.00894784927368164,0.5137728452682495,0.5048249959945679,2.05660343170166,7.819365501403809,0.17077074944972992,8,2,2,1,2,1,0,0.0,0.330750972032547,2,clean,0.0,-1,144,84,CORRECT,0,0,0,0,0,0,0.0,0.0,answer,
margin,live-delta,8,0.0,0.244356,0.607198,5.7e-05,0.980469,0.466277,0.616277,0.030334651470184326,0.6259560585021973,0.5956214070320129,2.16801118850708,8.740882873535156,0.32913848757743835,14,2,2,1,2,1,0,0.0,0.35051417350769043,2,clean,0.0,-1,145,90,CORRECT,0,0,0,0,0,0,0.0,0.0,answer,
margin,live-delta,8,0.0,0.244356,0.607198,5.7e-05,0.980469,0.466277,0.616277,0.015457987785339355,0.5768289566040039,0.5613709688186646,1.3100781440734863,3.70646333694458,0.39021971821784973,4,2,2,1,2,1,0,0.0,0.3091595768928528,2,clean,0.0,-1,146,85,CORRECT,0,0,0,0,0,0,0.0,0.0,answer,
margin,live-delta,8,0.0,0.244356,0.607198,5.7e-05,0.980469,0.466277,0.616277,0.009372591972351074,0.7042195796966553,0.6948469877243042,2.2201528549194336,9.208738327026367,0.22787244617938995,20,2,2,1,2,1,0,0.0,0.4942100942134857,2,clean,0.0,-1,147,80,CORRECT,0,0,0,0,0,0,0.0,0.0,answer,
margin,live-delta,8,0.0,0.244356,0.607198,5.7e-05,0.980469,0.466277,0.616277,0.029896914958953857,0.6239545941352844,0.5940576791763306,2.3112339973449707,10.086864471435547,0.31198281049728394,16,2,2,1,2,1,0,0.0,0.3297209143638611,2,clean,0.0,-1,148,95,CORRECT,0,0,0,0,0,0,0.0,0.0,answer,
margin,live-delta,8,0.0,0.244356,0.607198,5.7e-05,0.980469,0.466277,0.616277,0.004040539264678955,0.5432393550872803,0.5391988158226013,1.5254955291748047,4.597421169281006,0.2913380265235901,5,2,2,1,2,1,0,0.0,0.3532825708389282,2,clean,0.0,-1,149,94,CORRECT,0,0,0,0,0,0,0.0,0.0,answer,
margin,live-delta,8,0.0,0.244356,0.607198,5.7e-05,0.980469,0.466277,0.616277,0.005341708660125732,0.5863345265388489,0.5809928178787231,1.7241647243499756,5.607834815979004,0.28412020206451416,7,2,2,1,2,1,0,0.0,0.4689067006111145,2,clean,0.0,-1,151,95,CORRECT,0,0,0,0,0,0,0.0,0.0,answer,
margin,live-delta,8,0.0,0.244356,0.607198,5.7e-05,0.980469,0.466277,0.616277,0.013454973697662354,0.5799499750137329,0.5664950013160706,1.8747450113296509,6.519156455993652,0.3245985805988312,9,2,2,1,2,1,0,0.0,0.45656436681747437,2,clean,0.0,-1,152,71,CORRECT,0,0,0,0,0,0,0.0,0.0,answer,
margin,live-delta,8,0.0,0.244356,0.607198,5.7e-05,0.980469,0.466277,0.616277,0.055962324142456055,0.7152880430221558,0.6593257188796997,2.0730578899383545,7.949093341827393,0.41245174407958984,17,2,2,1,2,1,0,0.0,0.5391017198562622,2,clean,0.0,-1,153,80,CORRECT,0,0,0,0,0,0,0.0,0.0,answer,
margin,live-delta,8,0.0,0.244356,0.607198,5.7e-05,0.980469,0.466277,0.616277,0.02488243579864502,0.6584439277648926,0.6335614919662476,2.0872437953948975,8.062662124633789,0.347737580537796,16,2,2,1,2,1,0,0.0,0.4151434600353241,2,clean,0.0,-1,154,74,CORRECT,0,0,0,0,0,0,0.0,0.0,answer,
margin,live-delta,8,0.0,0.244356,0.607198,5.7e-05,0.980469,0.466277,0.616277,0.04854661226272583,0.5953265428543091,0.5467799305915833,1.16036856174469,3.1911091804504395,0.586326539516449,5,2,2,1,2,1,0,0.0,0.43014076352119446,2,clean,0.0,-1,156,68,CORRECT,0,0,0,0,0,0,0.0,0.0,answer,
margin,live-delta,8,0.0,0.244356,0.607198,5.7e-05,0.980469,0.466277,0.616277,0.0775800347328186,0.7291195392608643,0.6515395045280457,1.356828212738037,3.883854866027832,0.6280791759490967,12,2,2,1,2,1,0,0.0,0.5488950610160828,2,clean,0.0,-1,157,94,CORRECT,0,0,0,0,0,0,0.0,0.0,answer,
margin,live-delta,8,0.0,0.244356,0.607198,5.7e-05,0.980469,0.466277,0.616277,0.02474379539489746,0.69541335105896,0.6706695556640625,2.2874703407287598,9.84998893737793,0.32333171367645264,20,2,2,1,2,1,0,0.0,0.46810394525527954,2,clean,0.0,-1,158,92,CORRECT,0,0,0,0,0,0,0.0,0.0,answer,
margin,live-delta,8,0.0,0.244356,0.607198,5.7e-05,0.980469,0.466277,0.616277,0.11211967468261719,0.7105110883712769,0.5983914136886597,0.9322810173034668,2.540297031402588,0.7841705679893494,11,2,2,1,2,1,0,0.0,0.5441452860832214,2,clean,0.0,-1,159,68,CORRECT,0,0,0,0,0,0,0.0,0.0,answer,
margin,live-delta,8,0.0,0.244356,0.607198,5.7e-05,0.980469,0.466277,0.616277,0.012909889221191406,0.6248509883880615,0.6119410991668701,1.034548282623291,2.8138349056243896,0.49615219235420227,4,2,2,1,2,1,0,0.0,0.5396009087562561,2,clean,0.0,-1,160,85,CORRECT,0,0,0,0,0,0,0.0,0.0,answer,
margin,live-delta,8,0.0,0.244356,0.607198,5.7e-05,0.980469,0.466277,0.616277,0.005746603012084961,0.5610314607620239,0.555284857749939,1.8373068571090698,6.279603481292725,0.2964525520801544,8,2,2,1,2,1,0,0.0,0.35305845737457275,2,clean,0.0,-1,162,95,CORRECT,0,0,0,0,0,0,0.0,0.0,answer,
margin,live-delta,8,0.0,0.244356,0.607198,5.7e-05,0.980469,0.466277,0.616277,0.15240740776062012,0.8081988096237183,0.6557914018630981,0.4359906315803528,1.5464942455291748,0.9095169901847839,9,2,2,1,2,1,0,0.0,0.6263875365257263,2,clean,0.0,-1,163,82,CORRECT,0,0,0,0,0,0,0.0,0.0,answer,
margin,live-delta,8,0.0,0.244356,0.607198,5.7e-05,0.980469,0.466277,0.616277,0.06616216897964478,0.7789145708084106,0.7127524018287659,1.4441739320755005,4.238349437713623,0.5569444894790649,12,2,2,1,2,1,0,0.0,0.601078987121582,2,clean,0.0,-1,164,80,CORRECT,0,0,0,0,0,0,0.0,0.0,answer,
margin,live-delta,8,0.0,0.244356,0.607198,5.7e-05,0.980469,0.466277,0.616277,0.02064359188079834,0.5866369605064392,0.5659933686256409,2.4229724407196045,11.279336929321289,0.2292332649230957,14,2,2,1,2,1,0,0.0,0.44338637590408325,2,clean,0.0,-1,166,88,CORRECT,0,0,0,0,0,0,0.0,0.0,answer,
margin,live-delta,8,0.0,0.244356,0.607198,5.7e-05,0.980469,0.466277,0.616277,0.024736642837524414,0.606033205986023,0.5812965631484985,1.4480202198028564,4.254683017730713,0.43405407667160034,6,2,2,1,2,1,0,0.0,0.4318395256996155,2,clean,0.0,-1,167,88,CORRECT,0,0,0,0,0,0,0.0,0.0,answer,
margin,live-delta,8,0.0,0.244356,0.607198,5.7e-05,0.980469,0.466277,0.616277,0.008060634136199951,0.6232964992523193,0.6152358651161194,1.5166947841644287,4.557137966156006,0.3093995153903961,5,2,2,1,2,1,0,0.0,0.28481394052505493,2,clean,0.0,-1,168,67,CORRECT,0,0,0,0,0,0,0.0,0.0,answer,
margin,live-delta,8,0.0,0.244356,0.607198,5.7e-05,0.980469,0.466277,0.616277,0.08725428581237793,0.693211555480957,0.6059572696685791,1.5870367288589478,4.889239311218262,0.6153662204742432,16,2,2,1,2,1,0,0.0,0.3863239288330078,2,clean,0.0,-1,169,94,CORRECT,0,0,0,0,0,0,0.0,0.0,answer,
margin,live-delta,8,0.0,0.244356,0.607198,5.7e-05,0.980469,0.466277,0.616277,0.0413893461227417,0.7523607015609741,0.7109713554382324,1.3815333843231201,3.981001377105713,0.5346791744232178,10,2,2,1,2,1,0,0.0,0.5928447842597961,2,clean,0.0,-1,171,82,CORRECT,0,0,0,0,0,0,0.0,0.0,answer,
margin,live-delta,8,0.0,0.244356,0.607198,5.7e-05,0.980469,0.466277,0.616277,0.06721699237823486,0.6195198893547058,0.552302896976471,0.5096821784973145,1.664762020111084,0.7932027578353882,2,2,2,1,2,1,0,0.0,0.5161680579185486,2,clean,0.0,-1,172,85,CORRECT,0,0,0,0,0,0,0.0,0.0,answer,
margin,live-delta,8,0.0,0.244356,0.607198,5.7e-05,0.980469,0.466277,0.616277,0.07371622323989868,0.6819985508918762,0.6082823276519775,1.2305958271026611,3.4232685565948486,0.607131838798523,6,2,2,1,2,1,0,0.0,0.47153395414352417,2,clean,0.0,-1,173,68,CORRECT,0,0,0,0,0,0,0.0,0.0,answer,
margin,live-delta,8,0.0,0.244356,0.607198,5.7e-05,0.980469,0.466277,0.616277,0.030966460704803467,0.6728857159614563,0.6419192552566528,1.7405102252960205,5.70025110244751,0.40254369378089905,12,2,2,1,2,1,0,0.0,0.34602662920951843,2,clean,0.0,-1,174,67,CORRECT,0,0,0,0,0,0,0.0,0.0,answer,
margin,live-delta,8,0.0,0.244356,0.607198,5.7e-05,0.980469,0.466277,0.616277,0.02083343267440796,0.6345972418785095,0.6137638092041016,2.396552085876465,10.985235214233398,0.22136878967285156,17,2,2,1,2,1,0,0.0,0.4687931537628174,2,clean,0.0,-1,175,74,CORRECT,0,0,0,0,0,0,0.0,0.0,answer,
margin,live-delta,8,0.0,0.244356,0.607198,5.7e-05,0.980469,0.466277,0.616277,0.1282334327697754,0.7788606882095337,0.6506272554397583,0.5262368321418762,1.6925508975982666,0.8699262738227844,5,2,2,1,2,1,0,0.0,0.6797915101051331,2,clean,0.0,-1,176,68,CORRECT,0,0,0,0,0,0,0.0,0.0,answer,
margin,live-delta,8,0.0,0.244356,0.607198,5.7e-05,0.980469,0.466277,0.616277,0.037269771099090576,0.6675590872764587,0.6302893161773682,1.8351078033447266,6.265809535980225,0.41850006580352783,12,2,2,1,2,1,0,0.0,0.5264285802841187,2,clean,0.0,-1,177,80,CORRECT,0,0,0,0,0,0,0.0,0.0,answer,
margin,live-delta,8,0.0,0.244356,0.607198,5.7e-05,0.980469,0.466277,0.616277,0.11271160840988159,0.7303362488746643,0.6176246404647827,1.0682060718536377,2.910154104232788,0.7476840019226074,14,2,2,1,2,1,0,0.0,0.566432535648346,2,clean,0.0,-1,178,92,CORRECT,0,0,0,0,0,0,0.0,0.0,answer,
margin,live-delta,8,0.0,0.244356,0.607198,5.7e-05,0.980469,0.466277,0.616277,0.039039790630340576,0.6944647431373596,0.655424952507019,1.7918906211853027,6.000786781311035,0.4299042522907257,13,2,2,1,2,1,0,0.0,0.5696750283241272,2,clean,0.0,-1,179,91,CORRECT,0,0,0,0,0,0,0.0,0.0,answer,
margin,live-delta,8,0.0,0.244356,0.607198,5.7e-05,0.980469,0.466277,0.616277,0.020443439483642578,0.6780236959457397,0.6575802564620972,2.4922432899475098,12.088363647460938,0.24060675501823425,19,2,2,1,2,1,0,0.0,0.5304607152938843,2,clean,0.0,-1,180,91,CORRECT,0,0,0,0,0,0,0.0,0.0,answer,
margin,live-delta,8,0.0,0.244356,0.607198,5.7e-05,0.980469,0.466277,0.616277,0.024712681770324707,0.6381895542144775,0.6134768724441528,1.4255295991897583,4.160060405731201,0.46456971764564514,8,2,2,1,2,1,0,0.0,0.26151567697525024,2,clean,0.0,-1,181,67,CORRECT,0,0,0,0,0,0,0.0,0.0,answer,
margin,live-delta,8,0.0,0.244356,0.607198,5.7e-05,0.980469,0.466277,0.616277,0.010335981845855713,0.5961796045303345,0.5858436226844788,2.3410282135009766,10.391916275024414,0.20926615595817566,14,2,2,1,2,1,0,0.0,0.4780789017677307,2,clean,0.0,-1,182,93,CORRECT,0,0,0,0,0,0,0.0,0.0,answer,
margin,live-delta,8,0.0,0.244356,0.607198,5.7e-05,0.980469,0.466277,0.616277,0.037868618965148926,0.6397140026092529,0.601845383644104,2.124819755554199,8.37138843536377,0.3193504214286804,13,2,2,1,2,1,0,0.0,0.4415649175643921,2,clean,0.0,-1,183,80,CORRECT,0,0,0,0,0,0,0.0,0.0,answer,
margin,live-delta,8,0.0,0.244356,0.607198,5.7e-05,0.980469,0.466277,0.616277,0.02257359027862549,0.6969536542892456,0.6743800640106201,2.3240654468536377,10.217126846313477,0.2829517126083374,20,2,2,1,2,1,0,0.0,0.5205903053283691,2,clean,0.0,-1,184,91,CORRECT,0,0,0,0,0,0,0.0,0.0,answer,
margin,live-delta,8,0.0,0.244356,0.607198,5.7e-05,0.980469,0.466277,0.616277,0.08996117115020752,0.6739968061447144,0.5840356349945068,1.3994174003601074,4.052838325500488,0.610733151435852,9,2,2,1,2,1,0,0.0,0.3213646113872528,2,clean,0.0,-1,185,67,CORRECT,0,0,0,0,0,0,0.0,0.0,answer,
margin,live-delta,8,0.0,0.244356,0.607198,5.7e-05,0.980469,0.466277,0.616277,0.010523676872253418,0.6649458408355713,0.6544221639633179,2.5547595024108887,12.868204116821289,0.16769342124462128,20,2,2,1,2,1,0,0.0,0.45762038230895996,2,clean,0.0,-1,186,89,CORRECT,0,0,0,0,0,0,0.0,0.0,answer,
margin,live-delta,8,0.0,0.244356,0.607198,5.7e-05,0.980469,0.466277,0.616277,0.0033548474311828613,0.6261475682258606,0.6227927207946777,1.8005625009536743,6.053051471710205,0.3042020797729492,9,2,2,1,2,1,0,0.0,0.5129871964454651,2,clean,0.0,-1,187,88,CORRECT,0,0,0,0,0,0,0.0,0.0,answer,
margin,live-delta,8,0.0,0.244356,0.607198,5.7e-05,0.980469,0.466277,0.616277,0.05916464328765869,0.5708418488502502,0.5116772055625916,0.8113946318626404,2.2510452270507812,0.6907492876052856,3,2,2,1,2,1,0,0.0,0.4427361488342285,2,clean,0.0,-1,188,78,CORRECT,0,0,0,0,0,0,0.0,0.0,answer,
margin,live-delta,8,0.0,0.244356,0.607198,5.7e-05,0.980469,0.466277,0.616277,0.006326436996459961,0.6582905054092407,0.6519640684127808,2.502655506134033,12.214887619018555,0.1542011797428131,20,2,2,1,2,1,0,0.0,0.5008820295333862,2,clean,0.0,-1,189,74,CORRECT,0,0,0,0,0,0,0.0,0.0,answer,
margin,live-delta,8,0.0,0.244356,0.607198,5.7e-05,0.980469,0.466277,0.616277,0.06224316358566284,0.7220123410224915,0.6597691774368286,1.9369443655014038,6.9375200271606445,0.4199064373970032,16,2,2,1,2,1,0,0.0,0.5344237685203552,2,clean,0.0,-1,190,91,CORRECT,0,0,0,0,0,0,0.0,0.0,answer,
margin,live-delta,8,0.0,0.244356,0.607198,5.7e-05,0.980469,0.466277,0.616277,0.010715484619140625,0.5521745681762695,0.5414590835571289,1.9276747703552246,6.873509407043457,0.2654131054878235,8,2,2,1,2,1,0,0.0,0.399591863155365,2,clean,0.0,-1,191,94,CORRECT,0,0,0,0,0,0,0.0,0.0,answer,
margin,live-delta,8,0.0,0.244356,0.607198,5.7e-05,0.980469,0.466277,0.616277,0.1926092505455017,0.573388934135437,0.3807796835899353,-0.0,1.0,1.0,1,3,3,1,3,1,0,0.0,0.29521629214286804,2,clean,0.0,-1,192,126,CORRECT,0,0,0,0,0,0,0.0,0.0,answer,
margin,live-delta,8,0.0,0.244356,0.607198,5.7e-05,0.980469,0.466277,0.616277,0.002837657928466797,0.4762086868286133,0.4733710289001465,0.6927447319030762,1.9991952180862427,0.5141844749450684,2,3,3,1,3,1,0,0.0,0.13931193947792053,2,clean,0.0,-1,193,108,CORRECT,0,0,0,0,0,0,0.0,0.0,answer,
margin,live-delta,8,0.0,0.244356,0.607198,5.7e-05,0.980469,0.466277,0.616277,0.10279828310012817,0.5986695885658264,0.49587130546569824,0.3536701798439026,1.4242852926254272,0.8865489959716797,2,3,3,1,3,1,0,0.0,0.20850712060928345,2,clean,0.0,-1,194,110,CORRECT,0,0,0,0,0,0,0.0,0.0,answer,
margin,live-delta,8,0.0,0.244356,0.607198,5.7e-05,0.980469,0.466277,0.616277,0.03087615966796875,0.4933467507362366,0.4624705910682678,-0.0,1.0,1.0,1,3,3,1,3,1,0,0.0,0.09028860926628113,2,clean,0.0,-1,200,108,CORRECT,0,0,0,0,0,0,0.0,0.0,answer,
margin,live-delta,8,0.0,0.244356,0.607198,5.7e-05,0.980469,0.466277,0.616277,0.09149575233459473,0.5550409555435181,0.46354520320892334,-0.0,1.0,1.0,1,3,3,1,3,1,0,0.0,0.24887317419052124,2,clean,0.0,-1,201,120,CORRECT,0,0,0,0,0,0,0.0,0.0,answer,
margin,live-delta,8,0.0,0.244356,0.607198,5.7e-05,0.980469,0.466277,0.616277,0.02482759952545166,0.6939318180084229,0.6691042184829712,0.8073439598083496,2.241945266723633,0.6013247966766357,4,3,3,1,3,1,0,0.0,0.24247205257415771,2,clean,0.0,-1,202,107,CORRECT,0,0,0,0,0,0,0.0,0.0,answer,
margin,live-delta,8,0.0,0.244356,0.607198,5.7e-05,0.980469,0.466277,0.616277,0.029502391815185547,0.5513004660606384,0.5217980742454529,1.253708004951477,3.5033092498779297,0.4627518951892853,4,3,3,1,3,1,0,0.0,0.23448604345321655,2,clean,0.0,-1,205,120,CORRECT,0,0,0,0,0,0,0.0,0.0,answer,
margin,live-delta,8,0.0,0.244356,0.607198,5.7e-05,0.980469,0.466277,0.616277,0.02621561288833618,0.5272265672683716,0.5010109543800354,2.0063228607177734,7.435924053192139,0.23957088589668274,8,3,3,1,3,1,0,0.0,0.1180831789970398,2,clean,0.0,-1,207,104,CORRECT,0,0,0,0,0,0,0.0,0.0,answer,
margin,live-delta,8,0.0,0.244356,0.607198,5.7e-05,0.980469,0.466277,0.616277,0.11798250675201416,0.6017956733703613,0.48381316661834717,0.7409191727638245,2.097862958908081,0.7911416888237,4,3,3,1,3,1,0,0.0,0.2477075755596161,2,clean,0.0,-1,208,115,CORRECT,0,0,0,0,0,0,0.0,0.0,answer,
margin,live-delta,8,0.0,0.244356,0.607198,5.7e-05,0.980469,0.466277,0.616277,0.08217626810073853,0.6692698001861572,0.5870935320854187,0.6440044641494751,1.9040905237197876,0.7986990213394165,4,3,3,1,3,1,0,0.0,0.2568804919719696,2,clean,0.0,-1,209,120,CORRECT,0,0,0,0,0,0,0.0,0.0,answer,
margin,live-delta,8,0.0,0.244356,0.607198,5.7e-05,0.980469,0.466277,0.616277,0.15729665756225586,0.6105475425720215,0.4532508850097656,-0.0,1.0,1.0,1,3,3,1,3,1,0,0.0,0.15729665756225586,2,clean,0.0,-1,210,104,CORRECT,0,0,0,0,0,0,0.0,0.0,answer,
margin,live-delta,8,0.0,0.244356,0.607198,5.7e-05,0.980469,0.466277,0.616277,0.02014237642288208,0.6971720457077026,0.6770296692848206,1.990173578262329,7.316803932189941,0.30935487151145935,13,3,3,1,3,1,0,0.0,0.2428939938545227,2,clean,0.0,-1,211,120,CORRECT,0,0,0,0,0,0,0.0,0.0,answer,
margin,live-delta,8,0.0,0.244356,0.607198,5.7e-05,0.980469,0.466277,0.616277,0.06616729497909546,0.6066004633903503,0.5404331684112549,1.324224829673767,3.759270191192627,0.5778385996818542,6,3,3,1,3,1,0,0.0,0.28090739250183105,2,clean,0.0,-1,212,116,CORRECT,0,0,0,0,0,0,0.0,0.0,answer,
margin,live-delta,8,0.0,0.244356,0.607198,5.7e-05,0.980469,0.466277,0.616277,0.00887608528137207,0.5642865896224976,0.5554105043411255,1.838852882385254,6.2893195152282715,0.28707244992256165,8,3,3,1,3,1,0,0.0,0.19849196076393127,2,clean,0.0,-1,213,107,CORRECT,0,0,0,0,0,0,0.0,0.0,answer,
margin,live-delta,8,0.0,0.244356,0.607198,5.7e-05,0.980469,0.466277,0.616277,0.05752432346343994,0.5843203663825989,0.5267960429191589,0.8016424775123596,2.2291994094848633,0.692435085773468,3,3,3,1,3,1,0,0.0,0.25374045968055725,2,clean,0.0,-1,214,105,CORRECT,0,0,0,0,0,0,0.0,0.0,answer,
margin,live-delta,8,0.0,0.244356,0.607198,5.7e-05,0.980469,0.466277,0.616277,0.01133456826210022,0.5045703649520874,0.4932357966899872,1.064758062362671,2.900137186050415,0.4318862557411194,3,3,3,1,3,1,0,0.0,0.2836514711380005,2,clean,0.0,-1,216,108,CORRECT,0,0,0,0,0,0,0.0,0.0,answer,
margin,live-delta,8,0.0,0.244356,0.607198,5.7e-05,0.980469,0.466277,0.616277,0.003426849842071533,0.5011805295944214,0.49775367975234985,1.3551664352416992,3.877406120300293,0.31608033180236816,4,3,3,1,3,1,0,0.0,0.19427341222763062,2,clean,0.0,-1,218,98,CORRECT,0,0,0,0,0,0,0.0,0.0,answer,
margin,live-delta,8,0.0,0.244356,0.607198,5.7e-05,0.980469,0.466277,0.616277,0.12949895858764648,0.6797758340835571,0.5502768754959106,0.48130854964256287,1.6181905269622803,0.8866637945175171,5,3,3,1,3,1,0,0.0,0.3595513105392456,2,clean,0.0,-1,219,100,CORRECT,0,0,0,0,0,0,0.0,0.0,answer,
margin,live-delta,8,0.0,0.244356,0.607198,5.7e-05,0.980469,0.466277,0.616277,0.06679219007492065,0.5910822153091431,0.5242900252342224,1.659691333770752,5.257687568664551,0.4827601909637451,8,3,3,1,3,1,0,0.0,0.2517186403274536,2,clean,0.0,-1,220,96,CORRECT,0,0,0,0,0,0,0.0,0.0,answer,
margin,live-delta,8,0.0,0.244356,0.607198,5.7e-05,0.980469,0.466277,0.616277,0.01146090030670166,0.6261302828788757,0.6146693825721741,1.7643245458602905,5.83762788772583,0.30648717284202576,9,3,3,1,3,1,0,0.0,0.21545302867889404,2,clean,0.0,-1,224,112,CORRECT,0,0,0,0,0,0,0.0,0.0,answer,
margin,live-delta,8,0.0,0.244356,0.607198,5.7e-05,0.980469,0.466277,0.616277,0.004072070121765137,0.5881993770599365,0.5841273069381714,2.1805710792541504,8.851359367370605,0.19593437016010284,11,3,3,1,3,1,0,0.0,0.18485039472579956,2,clean,0.0,-1,225,110,CORRECT,0,0,0,0,0,0,0.0,0.0,answer,
margin,live-delta,8,0.0,0.244356,0.607198,5.7e-05,0.980469,0.466277,0.616277,0.03309154510498047,0.5609841346740723,0.5278925895690918,0.6412531137466431,1.898858904838562,0.6596715450286865,2,3,3,1,3,1,0,0.0,0.20335319638252258,2,clean,0.0,-1,226,108,CORRECT,0,0,0,0,0,0,0.0,0.0,answer,
margin,live-delta,8,0.0,0.244356,0.607198,5.7e-05,0.980469,0.466277,0.616277,0.037726402282714844,0.5063289403915405,0.4686025381088257,0.6267454028129578,1.8715096712112427,0.6801645159721375,2,3,3,1,3,1,0,0.0,0.15563541650772095,2,clean,0.0,-1,227,126,CORRECT,0,0,0,0,0,0,0.0,0.0,answer,
margin,live-delta,8,0.0,0.244356,0.607198,5.7e-05,0.980469,0.466277,0.616277,0.012221962213516235,0.47681495547294617,0.46459299325942993,-0.0,1.0,1.0,1,3,3,1,3,1,0,0.0,0.13924476504325867,2,clean,0.0,-1,231,104,CORRECT,0,0,0,0,0,0,0.0,0.0,answer,
margin,live-delta,8,0.0,0.244356,0.607198,5.7e-05,0.980469,0.466277,0.616277,0.029977619647979736,0.47079384326934814,0.4408162236213684,-0.0,1.0,1.0,1,3,3,1,3,1,0,0.0,0.23236018419265747,2,clean,0.0,-1,232,98,CORRECT,0,0,0,0,0,0,0.0,0.0,answer,
margin,live-delta,8,0.0,0.244356,0.607198,5.7e-05,0.980469,0.466277,0.616277,0.004300862550735474,0.4803829491138458,0.47608208656311035,0.6922231912612915,1.9981528520584106,0.5214909315109253,2,3,3,1,3,1,0,0.0,0.1727493703365326,2,clean,0.0,-1,233,98,CORRECT,0,0,0,0,0,0,0.0,0.0,answer,
margin,live-delta,8,0.0,0.244356,0.607198,5.7e-05,0.980469,0.466277,0.616277,0.03754919767379761,0.5242900252342224,0.4867408275604248,0.6273261308670044,1.8725967407226562,0.6793931126594543,2,3,3,1,3,1,0,0.0,0.24334800243377686,2,clean,0.0,-1,235,110,CORRECT,0,0,0,0,0,0,0.0,0.0,answer,
margin,live-delta,8,0.0,0.244356,0.607198,5.7e-05,0.980469,0.466277,0.616277,0.017941057682037354,0.4855964779853821,0.4676554203033447,0.6773084998130798,1.9685721397399902,0.5887549519538879,2,3,3,1,3,1,0,0.0,0.17962372303009033,2,clean,0.0,-1,236,108,CORRECT,0,0,0,0,0,0,0.0,0.0,answer,
margin,live-delta,8,0.0,0.244356,0.607198,5.7e-05,0.980469,0.466277,0.616277,0.004896998405456543,0.509640097618103,0.5047430992126465,0.6919496059417725,1.9976062774658203,0.5244653224945068,2,3,3,1,3,1,0,0.0,0.17720720171928406,2,clean,0.0,-1,238,115,CORRECT,0,0,0,0,0,0,0.0,0.0,answer,
margin,live-delta,8,0.0,0.244356,0.607198,5.7e-05,0.980469,0.466277,0.616277,0.04566854238510132,0.5717487931251526,0.5260802507400513,1.2074474096298218,3.344935417175293,0.5206905603408813,4,3,3,1,3,1,0,0.0,0.27459055185317993,2,clean,0.0,-1,239,110,CORRECT,0,0,0,0,0,0,0.0,0.0,answer,
margin,live-delta,8,0.0,0.244356,0.607198,5.7e-05,0.980469,0.466277,0.616277,0.0239027738571167,0.4795359671115875,0.4556331932544708,-0.0,1.0,1.0,1,3,3,1,3,1,0,0.0,0.08667504787445068,2,clean,0.0,-1,242,114,CORRECT,0,0,0,0,0,0,0.0,0.0,answer,
margin,live-delta,8,0.0,0.244356,0.607198,5.7e-05,0.980469,0.466277,0.616277,0.016660213470458984,0.6470491886138916,0.6303889751434326,2.0216286182403564,7.550611972808838,0.29967594146728516,11,3,3,1,3,1,0,0.011956256814301014,0.16107234358787537,2,clean,0.0,-1,243,96,CORRECT,0,0,0,0,0,0,0.0,0.0,answer,
margin,live-delta,8,0.0,0.244356,0.607198,5.7e-05,0.980469,0.466277,0.616277,0.05257701873779297,0.6573766469955444,0.6047996282577515,1.6723682880401611,5.324763298034668,0.49929380416870117,11,3,3,1,3,1,0,0.0,0.2856913208961487,2,clean,0.0,-1,244,100,CORRECT,0,0,0,0,0,0,0.0,0.0,answer,
margin,live-delta,8,0.0,0.244356,0.607198,5.7e-05,0.980469,0.466277,0.616277,0.05133938789367676,0.4852619171142578,0.43392252922058105,-0.0,1.0,1.0,1,3,3,1,3,1,0,0.0,0.11322644352912903,2,clean,0.0,-1,246,98,CORRECT,0,0,0,0,0,0,0.0,0.0,answer,
margin,live-delta,8,0.0,0.244356,0.607198,5.7e-05,0.980469,0.466277,0.616277,0.07415032386779785,0.7413268089294434,0.6671764850616455,1.0889414548873901,2.9711272716522217,0.6762465834617615,9,3,3,1,3,1,0,0.0,0.3865586519241333,2,clean,0.0,-1,248,110,CORRECT,0,0,0,0,0,0,0.0,0.0,answer,
margin,live-delta,8,0.0,0.244356,0.607198,5.7e-05,0.980469,0.466277,0.616277,0.1013302206993103,0.4877285957336426,0.3863983750343323,-0.0,1.0,1.0,1,3,3,1,3,1,0,0.0,0.16303473711013794,2,clean,0.0,-1,250,114,CORRECT,0,0,0,0,0,0,0.0,0.0,answer,
margin,live-delta,8,0.0,0.244356,0.607198,5.7e-05,0.980469,0.466277,0.616277,0.021122872829437256,0.5811411738395691,0.5600183010101318,2.09708833694458,8.142427444458008,0.23062185943126678,10,3,3,1,3,1,0,0.0,0.13164237141609192,2,clean,0.0,-1,253,110,CORRECT,0,0,0,0,0,0,0.0,0.0,answer,
margin,live-delta,8,0.0,0.244356,0.607198,5.7e-05,0.980469,0.466277,0.616277,0.10018813610076904,0.6796610355377197,0.5794728994369507,1.2663002014160156,3.5477025508880615,0.6495617032051086,8,3,3,1,3,1,0,0.0,0.26146480441093445,2,clean,0.0,-1,254,115,CORRECT,0,0,0,0,0,0,0.0,0.0,answer,
margin,live-delta,8,0.0,0.244356,0.607198,5.7e-05,0.980469,0.466277,0.616277,0.08388504385948181,0.5746854543685913,0.4908004105091095,0.4353334903717041,1.545478343963623,0.8425998091697693,2,3,3,1,3,1,0,0.0,0.26444941759109497,2,clean,0.0,-1,255,104,CORRECT,0,0,0,0,0,0,0.0,0.0,answer,
margin,live-delta,9,0.0,0.244356,0.607198,5.7e-05,0.980469,0.466277,0.616277,0.008692145347595215,0.6145343780517578,0.6058422327041626,2.4878780841827393,12.035710334777832,0.1735929250717163,16,0,0,1,0,1,0,0.0,0.48662111163139343,2,clean,0.0,-1,0,29,CORRECT,0,0,0,0,0,0,0.0,0.0,answer,
margin,live-delta,9,0.0,0.244356,0.607198,5.7e-05,0.980469,0.466277,0.616277,0.002864539623260498,0.7485058903694153,0.7456413507461548,2.406562566757202,11.095754623413086,0.19970422983169556,20,0,0,1,0,1,0,0.0,0.5389264225959778,2,clean,0.0,-1,1,29,CORRECT,0,0,0,0,0,0,0.0,0.0,answer,
margin,live-delta,9,0.0,0.244356,0.607198,5.7e-05,0.980469,0.466277,0.616277,0.03562748432159424,0.8512296676635742,0.81560218334198,1.8628650903701782,6.44216775894165,0.437677800655365,20,0,0,1,0,1,0,0.0,0.613601803779602,2,clean,0.0,-1,2,0,CORRECT,0,0,0,0,0,0,0.0,0.0,answer,
margin,live-delta,9,0.0,0.244356,0.607198,5.7e-05,0.980469,0.466277,0.616277,0.06120377779006958,0.8351686596870422,0.7739648818969727,2.109811305999756,8.246685028076172,0.39704185724258423,20,0,0,1,0,1,0,0.0,0.6275011301040649,2,clean,0.0,-1,3,27,CORRECT,0,0,0,0,0,0,0.0,0.0,answer,
margin,live-delta,9,0.0,0.244356,0.607198,5.7e-05,0.980469,0.466277,0.616277,0.06320923566818237,0.6585389971733093,0.595329761505127,1.3653671741485596,3.917160987854004,0.5692832469940186,7,0,0,1,0,1,0,0.0,0.5165534019470215,2,clean,0.0,-1,4,12,CORRECT,0,0,0,0,0,0,0.0,0.0,answer,
margin,live-delta,9,0.0,0.244356,0.607198,5.7e-05,0.980469,0.466277,0.616277,0.01838463544845581,0.8731691241264343,0.8547844886779785,2.0343306064605713,7.647131443023682,0.3304731547832489,20,0,0,1,0,1,0,0.0,0.6164111495018005,2,clean,0.0,-1,5,27,CORRECT,0,0,0,0,0,0,0.0,0.0,answer,
margin,live-delta,9,0.0,0.244356,0.607198,5.7e-05,0.980469,0.466277,0.616277,0.024461090564727783,0.8591064214706421,0.8346453309059143,2.0839645862579346,8.036266326904297,0.31034284830093384,20,0,0,1,0,1,0,0.0,0.5630691647529602,2,clean,0.0,-1,6,0,CORRECT,0,0,0,0,0,0,0.0,0.0,answer,
margin,live-delta,9,0.0,0.244356,0.607198,5.7e-05,0.980469,0.466277,0.616277,0.01217198371887207,0.7492260336875916,0.7370540499687195,1.5021567344665527,4.491365432739258,0.3474813997745514,7,0,0,1,0,1,0,0.0,0.639962911605835,2,clean,0.0,-1,7,12,CORRECT,0,0,0,0,0,0,0.0,0.0,answer,
margin,live-delta,9,0.0,0.244356,0.607198,5.7e-05,0.980469,0.466277,0.616277,0.0574725866317749,0.8665192127227783,0.8090466260910034,1.768878698348999,5.864274024963379,0.46956494450569153,20,0,0,1,0,1,0,0.0,0.5741294622421265,2,clean,0.0,-1,8,19,CORRECT,0,0,0,0,0,0,0.0,0.0,answer,
margin,live-delta,9,0.0,0.244356,0.607198,5.7e-05,0.980469,0.466277,0.616277,0.02331995964050293,0.6571364402770996,0.6338164806365967,1.8307143449783325,6.238341331481934,0.389030396938324,13,0,0,1,0,1,0,0.0,0.32575005292892456,2,clean,0.0,-1,9,2,CORRECT,0,0,0,0,0,0,0.0,0.0,answer,
margin,live-delta,9,0.0,0.244356,0.607198,5.7e-05,0.980469,0.466277,0.616277,0.010274708271026611,0.8123652935028076,0.802090585231781,2.2328696250915527,9.326591491699219,0.24554862082004547,20,0,0,1,0,1,0,0.0,0.6101858019828796,2,clean,0.0,-1,10,27,CORRECT,0,0,0,0,0,0,0.0,0.0,answer,
margin,live-delta,9,0.0,0.244356,0.607198,5.7e-05,0.980469,0.466277,0.616277,0.0263330340385437,0.7415318489074707,0.715198814868927,2.523719310760498,12.474908828735352,0.197550967335701,20,0,0,1,0,1,0,0.0,0.41163015365600586,2,clean,0.0,-1,11,19,CORRECT,0,0,0,0,0,0,0.0,0.0,answer,
margin,live-delta,9,0.0,0.244356,0.607198,5.7e-05,0.980469,0.466277,0.616277,0.053028225898742676,0.6884907484054565,0.6354625225067139,1.888684630393982,6.610667705535889,0.44716835021972656,15,0,0,1,0,1,0,0.0,0.27818992733955383,2,clean,0.0,-1,12,28,CORRECT,0,0,0,0,0,0,0.0,0.0,answer,
margin,live-delta,9,0.0,0.244356,0.607198,5.7e-05,0.980469,0.466277,0.616277,0.03296172618865967,0.8734875321388245,0.8405258059501648,1.9558680057525635,7.0700531005859375,0.34270551800727844,20,0,0,1,0,1,0,0.0,0.5720294713973999,2,clean,0.0,-1,13,19,CORRECT,0,0,0,0,0,0,0.0,0.0,answer,
margin,live-delta,9,0.0,0.244356,0.607198,5.7e-05,0.980469,0.466277,0.616277,0.04973268508911133,0.6596090793609619,0.6098763942718506,2.256545066833496,9.550037384033203,0.349910169839859,18,0,0,1,0,1,0,0.0,0.376028835773468,2,clean,0.0,-1,14,14,CORRECT,0,0,0,0,0,0,0.0,0.0,answer,
margin,live-delta,9,0.0,0.244356,0.607198,5.7e-05,0.980469,0.466277,0.616277,0.059464991092681885,0.8609749674797058,0.8015099763870239,2.2850558757781982,9.826234817504883,0.3320564925670624,20,0,0,1,0,1,0,0.0,0.6294852495193481,2,clean,0.0,-1,15,0,CORRECT,0,0,0,0,0,0,0.0,0.0,answer,
margin,live-delta,9,0.0,0.244356,0.607198,5.7e-05,0.980469,0.466277,0.616277,0.03566533327102661,0.8514373302459717,0.8157719969749451,1.8758732080459595,6.526515483856201,0.3923010230064392,20,0,0,1,0,1,0,0.0,0.6156409978866577,2,clean,0.0,-1,16,0,CORRECT,0,0,0,0,0,0,0.0,0.0,answer,
margin,live-delta,9,0.0,0.244356,0.607198,5.7e-05,0.980469,0.466277,0.616277,0.0259246826171875,0.817624568939209,0.7916998863220215,2.0725443363189697,7.945012092590332,0.3371545076370239,20,0,0,1,0,1,0,0.0,0.615166425704956,2,clean,0.0,-1,17,0,CORRECT,0,0,0,0,0,0,0.0,0.0,answer,
margin,live-delta,9,0.0,0.244356,0.607198,5.7e-05,0.980469,0.466277,0.616277,0.01809978485107422,0.7281592488288879,0.7100594639778137,2.3283562660217285,10.261061668395996,0.26296719908714294,19,0,0,1,0,1,0,0.0,0.5232799649238586,2,clean,0.0,-1,18,11,CORRECT,0,0,0,0,0,0,0.0,0.0,answer,
margin,live-delta,9,0.0,0.244356,0.607198,5.7e-05,0.980469,0.466277,0.616277,0.056340694427490234,0.8419591784477234,0.7856184840202332,1.8564157485961914,6.400753498077393,0.4715288579463959,20,0,0,1,0,1,0,0.0,0.6057676076889038,2,clean,0.0,-1,19,0,CORRECT,0,0,0,0,0,0,0.0,0.0,answer,
margin,live-delta,9,0.0,0.244356,0.607198,5.7e-05,0.980469,0.466277,0.616277,0.10735994577407837,0.8890054225921631,0.7816454768180847,1.654344081878662,5.229648590087891,0.6039719581604004,20,0,0,1,0,1,0,0.0,0.7198744416236877,2,clean,0.0,-1,20,0,CORRECT,0,0,0,0,0,0,0.0,0.0,answer,
margin,live-delta,9,0.0,0.244356,0.607198,5.7e-05,0.980469,0.466277,0.616277,0.07574641704559326,0.8565751314163208,0.7808287143707275,1.6038110256195068,4.971944808959961,0.5907458066940308,20,0,0,1,0,1,0,0.0,0.6307447552680969,2,clean,0.0,-1,21,0,CORRECT,0,0,0,0,0,0,0.0,0.0,answer,
margin,live-delta,9,0.0,0.244356,0.607198,5.7e-05,0.980469,0.466277,0.616277,0.010011017322540283,0.609879732131958,0.5998687148094177,2.661395788192749,14.31625747680664,0.1477361023426056,19,0,0,1,0,1,0,0.0,0.39039385318756104,2,clean,0.0,-1,22,7,CORRECT,0,0,0,0,0,0,0.0,0.0,answer,
margin,live-delta,9,0.0,0.244356,0.607198,5.7e-05,0.980469,0.466277,0.616277,0.004011273384094238,0.6520997285842896,0.6480884552001953,2.446258783340454,11.545073509216309,0.1887655258178711,19,0,0,1,0,1,0,0.0,0.523506760597229,2,clean,0.0,-1,23,11,CORRECT,0,0,0,0,0,0,0.0,0.0,answer,
margin,live-delta,9,0.0,0.244356,0.607198,5.7e-05,0.980469,0.466277,0.616277,0.0026372671127319336,0.7925955057144165,0.7899582386016846,2.366831064224243,10.663546562194824,0.22386150062084198,20,0,0,1,0,1,0,0.0,0.5823259949684143,2,clean,0.0,-1,24,22,CORRECT,0,0,0,0,0,0,0.0,0.0,answer,
margin,live-delta,9,0.0,0.244356,0.607198,5.7e-05,0.980469,0.466277,0.616277,0.3059971034526825,0.6070910692214966,0.3010939657688141,-0.0,1.0,1.0,1,0,0,1,0,1,0,0.0,0.35750406980514526,2,clean,0.0,-1,25,30,CORRECT,0,0,0,0,0,0,0.0,0.0,answer,
margin,live-delta,9,0.0,0.244356,0.607198,5.7e-05,0.980469,0.466277,0.616277,0.021011531352996826,0.6684602499008179,0.647448718547821,2.0992791652679443,8.160285949707031,0.3467082679271698,15,0,0,1,0,1,0,0.0,0.47889745235443115,2,clean,0.0,-1,26,20,CORRECT,0,0,0,0,0,0,0.0,0.0,answer,
margin,live-delta,9,0.0,0.244356,0.607198,5.7e-05,0.980469,0.466277,0.616277,0.009212374687194824,0.7741955518722534,0.7649831771850586,2.2408275604248047,9.401107788085938,0.24142929911613464,20,0,0,1,0,1,0,0.0,0.5331166982650757,2,clean,0.0,-1,27,27,CORRECT,0,0,0,0,0,0,0.0,0.0,answer,
margin,live-delta,9,0.0,0.244356,0.607198,5.7e-05,0.980469,0.466277,0.616277,0.027210235595703125,0.8135794401168823,0.7863692045211792,1.9127768278121948,6.771866798400879,0.37401944398880005,20,0,0,1,0,1,0,0.0,0.6232535243034363,2,clean,0.0,-1,28,19,CORRECT,0,0,0,0,0,0,0.0,0.0,answer,
margin,live-delta,9,0.0,0.244356,0.607198,5.7e-05,0.980469,0.466277,0.616277,0.009036123752593994,0.7184197306632996,0.7093836069107056,2.036456346511841,7.66340446472168,0.33035457134246826,18,0,0,1,0,1,0,0.0,0.5991634130477905,2,clean,0.0,-1,29,7,CORRECT,0,0,0,0,0,0,0.0,0.0,answer,
margin,live-delta,9,0.0,0.244356,0.607198,5.7e-05,0.980469,0.466277,0.616277,0.01577126979827881,0.8026509284973145,0.7868796586990356,2.3519437313079834,10.50597095489502,0.24932830035686493,20,0,0,1,0,1,0,0.0,0.6467174291610718,2,clean,0.0,-1,30,22,CORRECT,0,0,0,0,0,0,0.0,0.0,answer,
margin,live-delta,9,0.0,0.244356,0.607198,5.7e-05,0.980469,0.466277,0.616277,0.11953634023666382,0.8753258585929871,0.7557895183563232,1.3980088233947754,4.047133445739746,0.6851340532302856,20,0,0,1,0,1,0,0.0,0.6159409284591675,2,clean,0.0,-1,31,0,CORRECT,0,0,0,0,0,0,0.0,0.0,answer,
margin,live-delta,9,0.0,0.244356,0.607198,5.7e-05,0.980469,0.466277,0.616277,0.2579633593559265,0.6663253307342529,0.4083619713783264,-0.0,1.0,1.0,1,0,0,1,0,1,0,0.0,0.4054147005081177,2,clean,0.0,-1,32,30,CORRECT,0,0,0,0,0,0,0.0,0.0,answer,
margin,live-delta,9,0.0,0.244356,0.607198,5.7e-05,0.980469,0.466277,0.616277,0.00027108192443847656,0.8409632444381714,0.8406921625137329,2.2232730388641357,9.237516403198242,0.23702208697795868,20,0,0,1,0,1,0,0.0,0.6162108182907104,2,clean,0.0,-1,33,27,CORRECT,0,0,0,0,0,0,0.0,0.0,answer,
margin,live-delta,9,0.0,0.244356,0.607198,5.7e-05,0.980469,0.466277,0.616277,0.07880854606628418,0.8197683095932007,0.7409597635269165,1.3303163051605225,3.7822394371032715,0.5591570138931274,6,0,0,1,0,1,0,0.0,0.7087355256080627,2,clean,0.0,-1,34,26,CORRECT,0,0,0,0,0,0,0.0,0.0,answer,
margin,live-delta,9,0.0,0.244356,0.607198,5.7e-05,0.980469,0.466277,0.616277,0.06488156318664551,0.8260010480880737,0.7611194849014282,1.1787643432617188,3.2503554821014404,0.5940961241722107,6,0,0,1,0,1,0,0.0,0.7347782254219055,2,clean,0.0,-1,35,26,CORRECT,0,0,0,0,0,0,0.0,0.0,answer,
margin,live-delta,9,0.0,0.244356,0.607198,5.7e-05,0.980469,0.466277,0.616277,0.01791250705718994,0.6625928282737732,0.6446803212165833,2.5377726554870605,12.651460647583008,0.1929238885641098,19,0,0,1,0,1,0,0.0,0.523886501789093,2,clean,0.0,-1,36,31,CORRECT,0,0,0,0,0,0,0.0,0.0,answer,
margin,live-delta,9,0.0,0.244356,0.607198,5.7e-05,0.980469,0.466277,0.616277,0.00014674663543701172,0.7378839254379272,0.7377371788024902,2.4393093585968018,11.465119361877441,0.20830827951431274,20,0,0,1,0,1,0,0.0,0.453913152217865,2,clean,0.0,-1,37,3,CORRECT,0,0,0,0,0,0,0.0,0.0,answer,
margin,live-delta,9,0.0,0.244356,0.607198,5.7e-05,0.980469,0.466277,0.616277,0.06540250778198242,0.8352208137512207,0.7698183059692383,1.9166908264160156,6.798424243927002,0.45502015948295593,18,0,0,1,0,1,0,0.0,0.525200366973877,2,clean,0.0,-1,39,19,CORRECT,0,0,0,0,0,0,0.0,0.0,answer,
margin,live-delta,9,0.0,0.244356,0.607198,5.7e-05,0.980469,0.466277,0.616277,8.213520050048828e-05,0.6722115278244019,0.6721293926239014,2.5988857746124268,13.448744773864746,0.13513359427452087,19,0,0,1,0,1,0,0.0,0.5113608837127686,2,clean,0.0,-1,40,1,CORRECT,0,0,0,0,0,0,0.0,0.0,answer,
margin,live-delta,9,0.0,0.244356,0.607198,5.7e-05,0.980469,0.466277,0.616277,0.021424174308776855,0.8092004060745239,0.7877762317657471,1.8422305583953857,6.310598850250244,0.3710879683494568,19,0,0,1,0,1,0,0.0,0.6027906537055969,2,clean,0.0,-1,41,2,CORRECT,0,0,0,0,0,0,0.0,0.0,answer,
margin,live-delta,9,0.0,0.244356,0.607198,5.7e-05,0.980469,0.466277,0.616277,0.014770090579986572,0.6550374627113342,0.6402673721313477,2.3951516151428223,10.969861030578613,0.2125970423221588,17,0,0,1,0,1,0,0.0,0.5561074614524841,2,clean,0.0,-1,42,18,CORRECT,0,0,0,0,0,0,0.0,0.0,answer,
margin,live-delta,9,0.0,0.244356,0.607198,5.7e-05,0.980469,0.466277,0.616277,0.0036307573318481445,0.8091407418251038,0.8055099844932556,2.218207359313965,9.190839767456055,0.24903666973114014,20,0,0,1,0,1,0,0.0,0.5742166042327881,2,clean,0.0,-1,43,22,CORRECT,0,0,0,0,0,0,0.0,0.0,answer,
margin,live-delta,9,0.0,0.244356,0.607198,5.7e-05,0.980469,0.466277,0.616277,0.007630765438079834,0.6590110659599304,0.6513803005218506,2.559352159500122,12.92743968963623,0.15378409624099731,18,0,0,1,0,1,0,0.0,0.4933120012283325,2,clean,0.0,-1,44,29,CORRECT,0,0,0,0,0,0,0.0,0.0,answer,
margin,live-delta,9,0.0,0.244356,0.607198,5.7e-05,0.980469,0.466277,0.616277,0.018065690994262695,0.7802423238754272,0.7621766328811646,2.3016512393951416,9.990665435791016,0.24524210393428802,20,0,0,1,0,1,0,0.0,0.5786288976669312,2,clean,0.0,-1,45,0,CORRECT,0,0,0,0,0,0,0.0,0.0,answer,
margin,live-delta,9,0.0,0.244356,0.607198,5.7e-05,0.980469,0.466277,0.616277,0.13380369544029236,0.615119457244873,0.4813157618045807,0.23890648782253265,1.269859790802002,0.9355999827384949,2,0,0,1,0,1,0,0.0,0.2942866384983063,2,clean,0.0,-1,46,6,CORRECT,0,0,0,0,0,0,0.0,0.0,answer,
margin,live-delta,9,0.0,0.244356,0.607198,5.7e-05,0.980469,0.466277,0.616277,0.014446496963500977,0.7987375259399414,0.7842910289764404,1.7550482749938965,5.783727169036865,0.37430909276008606,20,0,0,1,0,1,0,0.0,0.5803588032722473,2,clean,0.0,-1,47,9,CORRECT,0,0,0,0,0,0,0.0,0.0,answer,
margin,live-delta,9,0.0,0.244356,0.607198,5.7e-05,0.980469,0.466277,0.616277,0.04508107900619507,0.542166531085968,0.49708545207977295,1.221544623374939,3.392423629760742,0.5084954500198364,4,0,0,1,0,1,0,0.0,0.3024407625198364,2,clean,0.0,-1,48,10,CORRECT,0,0,0,0,0,0,0.0,0.0,answer,
margin,live-delta,9,0.0,0.244356,0.607198,5.7e-05,0.980469,0.466277,0.616277,0.015541672706604004,0.6601847410202026,0.6446430683135986,1.785942554473877,5.965199947357178,0.31330162286758423,8,0,0,1,0,1,0,0.0,0.5240664482116699,2,clean,0.0,-1,50,12,CORRECT,0,0,0,0,0,0,0.0,0.0,answer,
margin,live-delta,9,0.0,0.244356,0.607198,5.7e-05,0.980469,0.466277,0.616277,0.09869396686553955,0.8877891302108765,0.7890951633453369,1.5895107984542847,4.901350498199463,0.6128032207489014,20,0,0,1,0,1,0,0.0,0.6858367323875427,2,clean,0.0,-1,51,0,CORRECT,0,0,0,0,0,0,0.0,0.0,answer,
margin,live-delta,9,0.0,0.244356,0.607198,5.7e-05,0.980469,0.466277,0.616277,0.07959491014480591,0.835240364074707,0.7556454539299011,2.0745296478271484,7.960801124572754,0.4464603066444397,20,0,0,1,0,1,0,0.0,0.6948240995407104,2,clean,0.0,-1,52,22,CORRECT,0,0,0,0,0,0,0.0,0.0,answer,
margin,live-delta,9,0.0,0.244356,0.607198,5.7e-05,0.980469,0.466277,0.616277,0.04038846492767334,0.7718725204467773,0.731484055519104,1.4142096042633057,4.113234043121338,0.46398523449897766,7,0,0,1,0,1,0,0.0,0.6465674638748169,2,clean,0.0,-1,53,26,CORRECT,0,0,0,0,0,0,0.0,0.0,answer,
margin,live-delta,9,0.0,0.244356,0.607198,5.7e-05,0.980469,0.466277,0.616277,0.021745800971984863,0.7166833877563477,0.6949375867843628,1.9931995868682861,7.338977813720703,0.38795801997184753,20,0,0,1,0,1,0,0.0,0.5401468873023987,2,clean,0.0,-1,56,11,CORRECT,0,0,0,0,0,0,0.0,0.0,answer,
margin,live-delta,9,0.0,0.244356,0.607198,5.7e-05,0.980469,0.466277,0.616277,0.030704915523529053,0.7882815599441528,0.7575766444206238,1.7928885221481323,6.006778240203857,0.4267408549785614,19,0,0,1,0,1,0,0.0,0.4446962773799896,2,clean,0.0,-1,57,21,CORRECT,0,0,0,0,0,0,0.0,0.0,answer,
margin,live-delta,9,0.0,0.244356,0.607198,5.7e-05,0.980469,0.466277,0.616277,0.02657550573348999,0.8341991901397705,0.8076236844062805,2.004579782485962,7.422974109649658,0.35644713044166565,20,0,0,1,0,1,0,0.0,0.6128807067871094,2,clean,0.0,-1,58,0,CORRECT,0,0,0,0,0,0,0.0,0.0,answer,
margin,live-delta,9,0.0,0.244356,0.607198,5.7e-05,0.980469,0.466277,0.616277,0.003304004669189453,0.677891731262207,0.6745877265930176,2.606302499771118,13.548861503601074,0.1863083690404892,20,0,0,1,0,1,0,0.0,0.48026907444000244,2,clean,0.0,-1,59,14,CORRECT,0,0,0,0,0,0,0.0,0.0,answer,
margin,live-delta,9,0.0,0.244356,0.607198,5.7e-05,0.980469,0.466277,0.616277,0.06265604496002197,0.8349859714508057,0.7723299264907837,1.7187001705169678,5.577274322509766,0.5307914614677429,20,0,0,1,0,1,0,0.0,0.6107056736946106,2,clean,0.0,-1,60,2,CORRECT,0,0,0,0,0,0,0.0,0.0,answer,
margin,live-delta,9,0.0,0.244356,0.607198,5.7e-05,0.980469,0.466277,0.616277,0.002447187900543213,0.8728757500648499,0.8704285621643066,1.7311381101608276,5.6470770835876465,0.3716391623020172,20,0,0,1,0,1,0,0.0,0.6611804962158203,2,clean,0.0,-1,61,0,CORRECT,0,0,0,0,0,0,0.0,0.0,answer,
margin,live-delta,9,0.0,0.244356,0.607198,5.7e-05,0.980469,0.466277,0.616277,0.0034145712852478027,0.5589209198951721,0.5555063486099243,2.3829386234283447,10.836701393127441,0.17335356771945953,13,0,0,1,0,1,0,0.0,0.3900502622127533,2,clean,0.0,-1,62,0,CORRECT,0,0,0,0,0,0,0.0,0.0,answer,
margin,live-delta,9,0.0,0.244356,0.607198,5.7e-05,0.980469,0.466277,0.616277,0.024738192558288574,0.6136946678161621,0.5889564752578735,2.2272839546203613,9.274641036987305,0.24552853405475616,13,0,0,1,0,1,0,0.0,0.309717059135437,2,clean,0.0,-1,63,3,CORRECT,0,0,0,0,0,0,0.0,0.0,answer,
margin,live-delta,9,0.0,0.244356,0.607198,5.7e-05,0.980469,0.466277,0.616277,0.09998571872711182,0.618600070476532,0.5186143517494202,1.090551733970642,2.9759154319763184,0.6926170587539673,6,1,1,1,1,1,0,0.0,0.40959230065345764,2,clean,0.0,-1,64,50,CORRECT,0,0,0,0,0,0,0.0,0.0,answer,
margin,live-delta,9,0.0,0.244356,0.607198,5.7e-05,0.980469,0.466277,0.616277,0.05121266841888428,0.7665919661521912,0.7153792977333069,1.7484828233718872,5.74587869644165,0.47212183475494385,15,1,1,1,1,1,0,0.0,0.40311747789382935,2,clean,0.0,-1,65,37,CORRECT,0,0,0,0,0,0,0.0,0.0,answer,
margin,live-delta,9,0.0,0.244356,0.607198,5.7e-05,0.980469,0.466277,0.616277,0.03203341364860535,0.5036468505859375,0.47161343693733215,0.644357442855835,1.9047627449035645,0.6549046635627747,2,1,1,1,1,1,0,0.0,0.337674081325531,2,clean,0.0,-1,66,35,CORRECT,0,0,0,0,0,0,0.0,0.0,answer,
margin,live-delta,9,0.0,0.244356,0.607198,5.7e-05,0.980469,0.466277,0.616277,0.10132157802581787,0.6654294729232788,0.5641078948974609,1.589150071144104,4.899582862854004,0.600055456161499,12,1,1,1,1,1,0,0.0,0.41640186309814453,2,clean,0.0,-1,67,47,CORRECT,0,0,0,0,0,0,0.0,0.0,answer,
margin,live-delta,9,0.0,0.244356,0.607198,5.7e-05,0.980469,0.466277,0.616277,0.05116629600524902,0.6455747485160828,0.5944084525108337,1.2960596084594727,3.6548666954040527,0.5464943051338196,7,1,1,1,1,1,0,0.0,0.4683803915977478,2,clean,0.0,-1,68,57,CORRECT,0,0,0,0,0,0,0.0,0.0,answer,
margin,live-delta,9,0.0,0.244356,0.607198,5.7e-05,0.980469,0.466277,0.616277,0.11027538776397705,0.6950936317443848,0.5848182439804077,0.7107840776443481,2.0355865955352783,0.8172983527183533,6,1,1,1,1,1,0,0.0,0.4552825391292572,2,clean,0.0,-1,69,36,CORRECT,0,0,0,0,0,0,0.0,0.0,answer,
margin,live-delta,9,0.0,0.244356,0.607198,5.7e-05,0.980469,0.466277,0.616277,0.07145816087722778,0.8408964276313782,0.7694382667541504,1.6646839380264282,5.284002780914307,0.505393385887146,16,1,1,1,1,1,0,0.0,0.40438294410705566,2,clean,0.0,-1,70,40,CORRECT,0,0,0,0,0,0,0.0,0.0,answer,
margin,live-delta,9,0.0,0.244356,0.607198,5.7e-05,0.980469,0.466277,0.616277,0.006285190582275391,0.5209206342697144,0.514635443687439,1.8887509107589722,6.611105442047119,0.21866096556186676,7,1,1,1,1,1,0,0.0,0.3271400034427643,2,clean,0.0,-1,71,47,CORRECT,0,0,0,0,0,0,0.0,0.0,answer,
margin,live-delta,9,0.0,0.244356,0.607198,5.7e-05,0.980469,0.466277,0.616277,0.1541154384613037,0.7070056200027466,0.5528901815414429,0.25915229320526123,1.2958310842514038,0.9408519864082336,3,1,1,1,1,1,0,0.0,0.5489740371704102,2,clean,0.0,-1,72,36,CORRECT,0,0,0,0,0,0,0.0,0.0,answer,
margin,live-delta,9,0.0,0.244356,0.607198,5.7e-05,0.980469,0.466277,0.616277,0.03657364845275879,0.7942038774490356,0.7576302289962769,1.9058846235275269,6.725354194641113,0.3367863893508911,15,1,1,1,1,1,0,0.0,0.42950505018234253,2,clean,0.0,-1,74,45,CORRECT,0,0,0,0,0,0,0.0,0.0,answer,
margin,live-delta,9,0.0,0.244356,0.607198,5.7e-05,0.980469,0.466277,0.616277,0.12161687016487122,0.4690021574497223,0.3473852872848511,-0.0,1.0,1.0,1,1,1,1,1,1,0,0.0,0.29065269231796265,2,clean,0.0,-1,75,44,CORRECT,0,0,0,0,0,0,0.0,0.0,answer,
margin,live-delta,9,0.0,0.244356,0.607198,5.7e-05,0.980469,0.466277,0.616277,0.03811115026473999,0.7916508913040161,0.7535397410392761,1.5426193475723267,4.676824569702148,0.4435966908931732,12,1,1,1,1,1,0,0.0,0.4099929630756378,2,clean,0.0,-1,77,60,CORRECT,0,0,0,0,0,0,0.0,0.0,answer,
margin,live-delta,9,0.0,0.244356,0.607198,5.7e-05,0.980469,0.466277,0.616277,0.027743279933929443,0.6010585427284241,0.5733152627944946,1.4160377979278564,4.120760917663574,0.46678048372268677,6,1,1,1,1,1,0,0.0,0.415357768535614,2,clean,0.0,-1,78,35,CORRECT,0,0,0,0,0,0,0.0,0.0,answer,
margin,live-delta,9,0.0,0.244356,0.607198,5.7e-05,0.980469,0.466277,0.616277,0.037351906299591064,0.5969131588935852,0.5595612525939941,1.4065840244293213,4.081987380981445,0.4622056484222412,6,1,1,1,1,1,0,0.0,0.421724796295166,2,clean,0.0,-1,79,47,CORRECT,0,0,0,0,0,0,0.0,0.0,answer,
margin,live-delta,9,0.0,0.244356,0.607198,5.7e-05,0.980469,0.466277,0.616277,0.2626209259033203,0.7004657983779907,0.4378448724746704,-0.0,1.0,1.0,1,1,1,1,1,1,0,0.0,0.508686363697052,2,clean,0.0,-1,81,44,CORRECT,0,0,0,0,0,0,0.0,0.0,answer,
margin,live-delta,9,0.0,0.244356,0.607198,5.7e-05,0.980469,0.466277,0.616277,0.002087831497192383,0.5332192182540894,0.531131386756897,1.879578948020935,6.550745964050293,0.2097821682691574,7,1,1,1,1,1,0,0.0,0.35299718379974365,2,clean,0.0,-1,82,52,CORRECT,0,0,0,0,0,0,0.0,0.0,answer,
margin,live-delta,9,0.0,0.244356,0.607198,5.7e-05,0.980469,0.466277,0.616277,0.02273687720298767,0.5098756551742554,0.4871387779712677,1.0672328472137451,2.9073233604431152,0.4528815448284149,3,1,1,1,1,1,0,0.0,0.33688005805015564,2,clean,0.0,-1,83,35,CORRECT,0,0,0,0,0,0,0.0,0.0,answer,
margin,live-delta,9,0.0,0.244356,0.607198,5.7e-05,0.980469,0.466277,0.616277,0.0005498528480529785,0.6723116040229797,0.6717617511749268,2.3331432342529297,10.310297966003418,0.1623452752828598,15,1,1,1,1,1,0,0.0,0.3700893819332123,2,clean,0.0,-1,84,40,CORRECT,0,0,0,0,0,0,0.0,0.0,answer,
margin,live-delta,9,0.0,0.244356,0.607198,5.7e-05,0.980469,0.466277,0.616277,0.02664715051651001,0.487519770860672,0.460872620344162,-0.0,1.0,1.0,1,1,1,1,1,1,0,0.0,0.24179601669311523,2,clean,0.0,-1,85,63,CORRECT,0,0,0,0,0,0,0.0,0.0,answer,
margin,live-delta,9,0.0,0.244356,0.607198,5.7e-05,0.980469,0.466277,0.616277,0.06783407926559448,0.6784102916717529,0.6105762124061584,1.8441320657730103,6.322609901428223,0.45953890681266785,13,1,1,1,1,1,0,0.0,0.36041104793548584,2,clean,0.0,-1,86,61,CORRECT,0,0,0,0,0,0,0.0,0.0,answer,
margin,live-delta,9,0.0,0.244356,0.607198,5.7e-05,0.980469,0.466277,0.616277,0.1254260540008545,0.5565441846847534,0.4311181306838989,-0.0,1.0,1.0,1,1,1,1,1,1,0,0.0,0.35206863284111023,2,clean,0.0,-1,87,63,CORRECT,0,0,0,0,0,0,0.0,0.0,answer,
margin,live-delta,9,0.0,0.244356,0.607198,5.7e-05,0.980469,0.466277,0.616277,0.0759202241897583,0.4897550344467163,0.413834810256958,-0.0,1.0,1.0,1,1,1,1,1,1,0,0.0,0.197681725025177,2,clean,0.0,-1,88,44,CORRECT,0,0,0,0,0,0,0.0,0.0,answer,
margin,live-delta,9,0.0,0.244356,0.607198,5.7e-05,0.980469,0.466277,0.616277,0.009209275245666504,0.5815664529800415,0.572357177734375,2.1523971557617188,8.605462074279785,0.23630297183990479,11,1,1,1,1,1,0,0.0,0.2658657729625702,2,clean,0.0,-1,89,50,CORRECT,0,0,0,0,0,0,0.0,0.0,answer,
margin,live-delta,9,0.0,0.244356,0.607198,5.7e-05,0.980469,0.466277,0.616277,0.026315629482269287,0.5693287253379822,0.5430130958557129,1.5898866653442383,4.90319299697876,0.3744606673717499,6,1,1,1,1,1,0,0.0,0.44232887029647827,2,clean,0.0,-1,90,59,CORRECT,0,0,0,0,0,0,0.0,0.0,answer,
margin,live-delta,9,0.0,0.244356,0.607198,5.7e-05,0.980469,0.466277,0.616277,0.08912777900695801,0.756209135055542,0.667081356048584,1.6893302202224731,5.415852069854736,0.5579541325569153,15,1,1,1,1,1,0,0.0,0.35234421491622925,2,clean,0.0,-1,91,40,CORRECT,0,0,0,0,0,0,0.0,0.0,answer,
margin,live-delta,9,0.0,0.244356,0.607198,5.7e-05,0.980469,0.466277,0.616277,0.008020877838134766,0.5828986763954163,0.5748777985572815,2.2008423805236816,9.03261947631836,0.23457404971122742,11,1,1,1,1,1,0,0.0,0.37079745531082153,2,clean,0.0,-1,93,38,CORRECT,0,0,0,0,0,0,0.0,0.0,answer,
margin,live-delta,9,0.0,0.244356,0.607198,5.7e-05,0.980469,0.466277,0.616277,0.03238600492477417,0.6400529742240906,0.6076669692993164,2.0842947959899902,8.038920402526855,0.3071781098842621,12,1,1,1,1,1,0,0.0,0.2573622465133667,2,clean,0.0,-1,94,60,CORRECT,0,0,0,0,0,0,0.0,0.0,answer,
margin,live-delta,9,0.0,0.244356,0.607198,5.7e-05,0.980469,0.466277,0.616277,0.06375056505203247,0.5301032066345215,0.466352641582489,0.5248762369155884,1.6902496814727783,0.7815993428230286,2,1,1,1,1,1,0,0.0,0.346439003944397,2,clean,0.0,-1,95,52,CORRECT,0,0,0,0,0,0,0.0,0.0,answer,
margin,live-delta,9,0.0,0.244356,0.607198,5.7e-05,0.980469,0.466277,0.616277,0.01938331127166748,0.5583243370056152,0.5389410257339478,1.2063450813293457,3.341250419616699,0.4621243476867676,4,1,1,1,1,1,0,0.0,0.3553626537322998,2,clean,0.0,-1,96,42,CORRECT,0,0,0,0,0,0,0.0,0.0,answer,
margin,live-delta,9,0.0,0.244356,0.607198,5.7e-05,0.980469,0.466277,0.616277,0.03714674711227417,0.624442458152771,0.5872957110404968,2.082209348678589,8.022172927856445,0.3359236717224121,12,1,1,1,1,1,0,0.0,0.39441344141960144,2,clean,0.0,-1,97,52,CORRECT,0,0,0,0,0,0,0.0,0.0,answer,
margin,live-delta,9,0.0,0.244356,0.607198,5.7e-05,0.980469,0.466277,0.616277,0.008182287216186523,0.710715115070343,0.7025328278541565,1.9646108150482178,7.132136344909668,0.24671868979930878,15,1,1,1,1,1,0,0.0,0.4413045346736908,2,clean,0.0,-1,98,32,CORRECT,0,0,0,0,0,0,0.0,0.0,answer,
margin,live-delta,9,0.0,0.244356,0.607198,5.7e-05,0.980469,0.466277,0.616277,0.07950395345687866,0.8086062073707581,0.7291022539138794,1.727082371711731,5.624220371246338,0.5324875712394714,17,1,1,1,1,1,0,0.0,0.39816349744796753,2,clean,0.0,-1,99,40,CORRECT,0,0,0,0,0,0,0.0,0.0,answer,
margin,live-delta,9,0.0,0.244356,0.607198,5.7e-05,0.980469,0.466277,0.616277,0.05860075354576111,0.5353360772132874,0.47673532366752625,0.5470012426376343,1.7280632257461548,0.7635090947151184,2,1,1,1,1,1,0,0.0,0.3425619602203369,2,clean,0.0,-1,100,57,CORRECT,0,0,0,0,0,0,0.0,0.0,answer,
margin,live-delta,9,0.0,0.244356,0.607198,5.7e-05,0.980469,0.466277,0.616277,0.021641671657562256,0.6355977058410645,0.6139560341835022,2.4214563369750977,11.262248992919922,0.23112753033638,16,1,1,1,1,1,0,0.0,0.4764178395271301,2,clean,0.0,-1,101,59,CORRECT,0,0,0,0,0,0,0.0,0.0,answer,
margin,live-delta,9,0.0,0.244356,0.607198,5.7e-05,0.980469,0.466277,0.616277,0.054714083671569824,0.5064904689788818,0.451776385307312,-0.0,1.0,1.0,1,1,1,1,1,1,0,0.0,0.2953105568885803,2,clean,0.0,-1,102,63,CORRECT,0,0,0,0,0,0,0.0,0.0,answer,
margin,live-delta,9,0.0,0.244356,0.607198,5.7e-05,0.980469,0.466277,0.616277,0.007851600646972656,0.5549097061157227,0.54705810546875,0.9500627517700195,2.585871934890747,0.48384636640548706,3,1,1,1,1,1,0,0.0,0.348261296749115,2,clean,0.0,-1,103,39,CORRECT,0,0,0,0,0,0,0.0,0.0,answer,
margin,live-delta,9,0.0,0.244356,0.607198,5.7e-05,0.980469,0.466277,0.616277,0.0412028431892395,0.5383107662200928,0.49710792303085327,1.2734624147415161,3.5732030868530273,0.46618518233299255,4,1,1,1,1,1,0,0.0,0.16544708609580994,2,clean,0.0,-1,105,41,CORRECT,0,0,0,0,0,0,0.0,0.0,answer,
margin,live-delta,9,0.0,0.244356,0.607198,5.7e-05,0.980469,0.466277,0.616277,0.06919336318969727,0.8411480188369751,0.7719546556472778,1.6193878650665283,5.0499982833862305,0.5550135374069214,18,1,1,1,1,1,0,0.0,0.46236059069633484,2,clean,0.0,-1,106,40,CORRECT,0,0,0,0,0,0,0.0,0.0,answer,
margin,live-delta,9,0.0,0.244356,0.607198,5.7e-05,0.980469,0.466277,0.616277,0.0112648606300354,0.5574491620063782,0.5461843013763428,2.1453616619110107,8.54513168334961,0.22670850157737732,10,1,1,1,1,1,0,0.0,0.3906744420528412,2,clean,0.0,-1,107,51,CORRECT,0,0,0,0,0,0,0.0,0.0,answer,
margin,live-delta,9,0.0,0.244356,0.607198,5.7e-05,0.980469,0.466277,0.616277,0.03881198167800903,0.5745145082473755,0.5357025265693665,1.5413742065429688,4.671004772186279,0.4340221881866455,6,1,1,1,1,1,0,0.0,0.42668288946151733,2,clean,0.0,-1,109,38,CORRECT,0,0,0,0,0,0,0.0,0.0,answer,
margin,live-delta,9,0.0,0.244356,0.607198,5.7e-05,0.980469,0.466277,0.616277,0.013598799705505371,0.6043965816497803,0.5907977819442749,2.234657049179077,9.343276977539062,0.19502900540828705,13,1,1,1,1,1,0,0.0,0.2900141477584839,2,clean,0.0,-1,110,51,CORRECT,0,0,0,0,0,0,0.0,0.0,answer,
margin,live-delta,9,0.0,0.244356,0.607198,5.7e-05,0.980469,0.466277,0.616277,0.05629462003707886,0.47336429357528687,0.417069673538208,-0.0,1.0,1.0,1,1,1,1,1,1,0,0.0,0.16464796662330627,2,clean,0.0,-1,111,59,CORRECT,0,0,0,0,0,0,0.0,0.0,answer,
margin,live-delta,9,0.0,0.244356,0.607198,5.7e-05,0.980469,0.466277,0.616277,0.005659312009811401,0.4965621531009674,0.490902841091156,1.3755953311920166,3.9574320316314697,0.29926928877830505,4,1,1,1,1,1,0,0.0,0.1582716405391693,2,clean,0.0,-1,112,63,CORRECT,0,0,0,0,0,0,0.0,0.0,answer,
margin,live-delta,9,0.0,0.244356,0.607198,5.7e-05,0.980469,0.466277,0.616277,0.03795003890991211,0.5386905670166016,0.5007405281066895,0.6260095834732056,1.8701330423355103,0.6811367869377136,2,1,1,1,1,1,0,0.0,0.34128454327583313,2,clean,0.0,-1,113,36,CORRECT,0,0,0,0,0,0,0.0,0.0,answer,
margin,live-delta,9,0.0,0.244356,0.607198,5.7e-05,0.980469,0.466277,0.616277,0.0009084939956665039,0.5301651954650879,0.5292567014694214,1.3083757162094116,3.7001585960388184,0.31801289319992065,4,1,1,1,1,1,0,0.0,0.2635127902030945,2,clean,0.0,-1,115,62,CORRECT,0,0,0,0,0,0,0.0,0.0,answer,
margin,live-delta,9,0.0,0.244356,0.607198,5.7e-05,0.980469,0.466277,0.616277,0.005991756916046143,0.6308895349502563,0.6248977780342102,2.041196823120117,7.699819087982178,0.2383880913257599,14,1,1,1,1,1,0,0.0,0.4562114477157593,2,clean,0.0,-1,116,38,CORRECT,0,0,0,0,0,0,0.0,0.0,answer,
margin,live-delta,9,0.0,0.244356,0.607198,5.7e-05,0.980469,0.466277,0.616277,0.08642899990081787,0.6468977928161621,0.5604687929153442,1.4230724573135376,4.149851322174072,0.5965681672096252,8,1,1,1,1,1,0,0.0,0.3993479609489441,2,clean,0.0,-1,117,42,CORRECT,0,0,0,0,0,0,0.0,0.0,answer,
margin,live-delta,9,0.0,0.244356,0.607198,5.7e-05,0.980469,0.466277,0.616277,0.06817120313644409,0.7197924852371216,0.6516212821006775,1.7145893573760986,5.554394245147705,0.5323235988616943,15,1,1,1,1,1,0,0.0,0.3329954743385315,2,clean,0.0,-1,118,40,CORRECT,0,0,0,0,0,0,0.0,0.0,answer,
margin,live-delta,9,0.0,0.244356,0.607198,5.7e-05,0.980469,0.466277,0.616277,0.05210930109024048,0.5614919066429138,0.5093826055526733,0.859039306640625,2.360891580581665,0.65705806016922,3,1,1,1,1,1,0,0.0,0.39505207538604736,2,clean,0.0,-1,119,51,CORRECT,0,0,0,0,0,0,0.0,0.0,answer,
margin,live-delta,9,0.0,0.244356,0.607198,5.7e-05,0.980469,0.466277,0.616277,0.022288918495178223,0.5903431177139282,0.56805419921875,1.8569599390029907,6.404237747192383,0.3308742940425873,9,1,1,1,1,1,0,0.0,0.38903000950813293,2,clean,0.0,-1,121,57,CORRECT,0,0,0,0,0,0,0.0,0.0,answer,
margin,live-delta,9,0.0,0.244356,0.607198,5.7e-05,0.980469,0.466277,0.616277,0.09091466665267944,0.6686475872993469,0.5777329206466675,1.4103723764419556,4.097480773925781,0.6350938081741333,11,1,1,1,1,1,0,0.0,0.4798545837402344,2,clean,0.0,-1,122,50,CORRECT,0,0,0,0,0,0,0.0,0.0,answer,
margin,live-delta,9,0.0,0.244356,0.607198,5.7e-05,0.980469,0.466277,0.616277,0.013231277465820312,0.5954697132110596,0.5822384357452393,1.8852791786193848,6.588193416595459,0.31591758131980896,9,1,1,1,1,1,0,0.0,0.3156626522541046,2,clean,0.0,-1,123,52,CORRECT,0,0,0,0,0,0,0.0,0.0,answer,
margin,live-delta,9,0.0,0.244356,0.607198,5.7e-05,0.980469,0.466277,0.616277,0.004436910152435303,0.8431375026702881,0.8387005925178528,1.4869407415390015,4.423542022705078,0.4011160135269165,13,1,1,1,1,1,0,0.0,0.4534303545951843,2,clean,0.0,-1,125,41,CORRECT,0,0,0,0,0,0,0.0,0.0,answer,
margin,live-delta,9,0.0,0.244356,0.607198,5.7e-05,0.980469,0.466277,0.616277,0.08864820003509521,0.4892336130142212,0.400585412979126,-0.0,1.0,1.0,1,1,1,1,1,1,0,0.0,0.2482023388147354,2,clean,0.0,-1,126,38,CORRECT,0,0,0,0,0,0,0.0,0.0,answer,
margin,live-delta,9,0.0,0.244356,0.607198,5.7e-05,0.980469,0.466277,0.616277,0.07421362400054932,0.5997445583343506,0.5255309343338013,1.4360886812210083,4.204219818115234,0.5549681782722473,7,1,1,1,1,1,0,0.0,0.2862173318862915,2,clean,0.0,-1,127,47,CORRECT,0,0,0,0,0,0,0.0,0.0,answer,
margin,live-delta,9,0.0,0.244356,0.607198,5.7e-05,0.980469,0.466277,0.616277,0.016283154487609863,0.5630731582641602,0.5467900037765503,2.561187744140625,12.951190948486328,0.15698552131652832,15,2,2,1,2,1,0,0.0,0.36430293321609497,2,clean,0.0,-1,129,89,CORRECT,0,0,0,0,0,0,0.0,0.0,answer,
margin,live-delta,9,0.0,0.244356,0.607198,5.7e-05,0.980469,0.466277,0.616277,0.060343146324157715,0.7414408922195435,0.6810977458953857,1.7353003025054932,5.67063045501709,0.4609133005142212,15,2,2,1,2,1,0,0.0,0.5133565664291382,2,clean,0.0,-1,130,80,CORRECT,0,0,0,0,0,0,0.0,0.0,answer,
margin,live-delta,9,0.0,0.244356,0.607198,5.7e-05,0.980469,0.466277,0.616277,0.04067337512969971,0.6881340146064758,0.6474606394767761,1.7969489097595215,6.031217575073242,0.4137338697910309,14,2,2,1,2,1,0,0.0,0.5713598728179932,2,clean,0.0,-1,131,84,CORRECT,0,0,0,0,0,0,0.0,0.0,answer,
margin,live-delta,9,0.0,0.244356,0.607198,5.7e-05,0.980469,0.466277,0.616277,0.14067071676254272,0.7042433023452759,0.5635725855827332,0.9601891040802002,2.6121904850006104,0.7839149236679077,10,2,2,1,2,1,0,0.0,0.5656924247741699,2,clean,0.0,-1,132,82,CORRECT,0,0,0,0,0,0,0.0,0.0,answer,
margin,live-delta,9,0.0,0.244356,0.607198,5.7e-05,0.980469,0.466277,0.616277,0.036290526390075684,0.671927809715271,0.6356372833251953,1.6878896951675415,5.408055782318115,0.427912175655365,13,2,2,1,2,1,0,0.0,0.5307698249816895,2,clean,0.0,-1,133,84,CORRECT,0,0,0,0,0,0,0.0,0.0,answer,
margin,live-delta,9,0.0,0.244356,0.607198,5.7e-05,0.980469,0.466277,0.616277,0.0068738460540771484,0.5189614295959473,0.5120875835418701,1.7381528615951538,5.686829566955566,0.26037150621414185,6,2,2,1,2,1,0,0.0,0.2802686393260956,2,clean,0.0,-1,134,89,CORRECT,0,0,0,0,0,0,0.0,0.0,answer,
margin,live-delta,9,0.0,0.244356,0.607198,5.7e-05,0.980469,0.466277,0.616277,0.0005246996879577637,0.7538886666297913,0.7533639669418335,1.7762717008590698,5.90778923034668,0.3020019829273224,13,2,2,1,2,1,0,0.0,0.547387957572937,2,clean,0.0,-1,136,80,CORRECT,0,0,0,0,0,0,0.0,0.0,answer,
margin,live-delta,9,0.0,0.244356,0.607198,5.7e-05,0.980469,0.466277,0.616277,0.003684520721435547,0.6487258076667786,0.645041286945343,1.9841867685317993,7.273130416870117,0.2580257058143616,13,2,2,1,2,1,0,0.0,0.535396158695221,2,clean,0.0,-1,137,91,CORRECT,0,0,0,0,0,0,0.0,0.0,answer,
margin,live-delta,9,0.0,0.244356,0.607198,5.7e-05,0.980469,0.466277,0.616277,0.05013328790664673,0.7074763178825378,0.6573430299758911,2.0383803844451904,7.678163528442383,0.4086896777153015,19,2,2,1,2,1,0,0.0,0.5535368919372559,2,clean,0.0,-1,138,79,CORRECT,0,0,0,0,0,0,0.0,0.0,answer,
margin,live-delta,9,0.0,0.244356,0.607198,5.7e-05,0.980469,0.466277,0.616277,0.015082180500030518,0.565150797367096,0.5500686168670654,1.5573731660842896,4.746336936950684,0.3736588954925537,6,2,2,1,2,1,0,0.0,0.17426016926765442,2,clean,0.0,-1,139,67,CORRECT,0,0,0,0,0,0,0.0,0.0,answer,
margin,live-delta,9,0.0,0.244356,0.607198,5.7e-05,0.980469,0.466277,0.616277,0.10315626859664917,0.7914308905601501,0.688274621963501,0.5238189697265625,1.688463568687439,0.8545571565628052,5,2,2,1,2,1,0,0.0,0.6833494901657104,2,clean,0.0,-1,140,68,CORRECT,0,0,0,0,0,0,0.0,0.0,answer,
margin,live-delta,9,0.0,0.244356,0.607198,5.7e-05,0.980469,0.466277,0.616277,0.027010083198547363,0.5625884532928467,0.5355783700942993,2.3756349086761475,10.757841110229492,0.20922696590423584,12,2,2,1,2,1,0,0.0,0.3420320749282837,2,clean,0.0,-1,141,80,CORRECT,0,0,0,0,0,0,0.0,0.0,answer,
margin,live-delta,9,0.0,0.244356,0.607198,5.7e-05,0.980469,0.466277,0.616277,0.13027608394622803,0.7915511131286621,0.6612750291824341,1.1040230989456177,3.0162763595581055,0.7611311674118042,18,2,2,1,2,1,0,0.0,0.6682131290435791,2,clean,0.0,-1,142,95,CORRECT,0,0,0,0,0,0,0.0,0.0,answer,
margin,live-delta,9,0.0,0.244356,0.607198,5.7e-05,0.980469,0.466277,0.616277,0.13579082489013672,0.6931444406509399,0.5573536157608032,0.29598867893218994,1.3444548845291138,0.9264243841171265,3,2,2,1,2,1,0,0.0,0.47784537076950073,2,clean,0.0,-1,143,76,CORRECT,0,0,0,0,0,0,0.0,0.0,answer,
margin,live-delta,9,0.0,0.244356,0.607198,5.7e-05,0.980469,0.466277,0.616277,0.00894784927368164,0.5137728452682495,0.5048249959945679,2.05660343170166,7.819365501403809,0.17077074944972992,8,2,2,1,2,1,0,0.0,0.330750972032547,2,clean,0.0,-1,144,84,CORRECT,0,0,0,0,0,0,0.0,0.0,answer,
margin,live-delta,9,0.0,0.244356,0.607198,5.7e-05,0.980469,0.466277,0.616277,0.030334651470184326,0.6259560585021973,0.5956214070320129,2.16801118850708,8.740882873535156,0.32913848757743835,14,2,2,1,2,1,0,0.0,0.35051417350769043,2,clean,0.0,-1,145,90,CORRECT,0,0,0,0,0,0,0.0,0.0,answer,
margin,live-delta,9,0.0,0.244356,0.607198,5.7e-05,0.980469,0.466277,0.616277,0.015457987785339355,0.5768289566040039,0.5613709688186646,1.3100781440734863,3.70646333694458,0.39021971821784973,4,2,2,1,2,1,0,0.0,0.3091595768928528,2,clean,0.0,-1,146,85,CORRECT,0,0,0,0,0,0,0.0,0.0,answer,
margin,live-delta,9,0.0,0.244356,0.607198,5.7e-05,0.980469,0.466277,0.616277,0.009372591972351074,0.7042195796966553,0.6948469877243042,2.2201528549194336,9.208738327026367,0.22787244617938995,20,2,2,1,2,1,0,0.0,0.4942100942134857,2,clean,0.0,-1,147,80,CORRECT,0,0,0,0,0,0,0.0,0.0,answer,
margin,live-delta,9,0.0,0.244356,0.607198,5.7e-05,0.980469,0.466277,0.616277,0.029896914958953857,0.6239545941352844,0.5940576791763306,2.3112339973449707,10.086864471435547,0.31198281049728394,16,2,2,1,2,1,0,0.0,0.3297209143638611,2,clean,0.0,-1,148,95,CORRECT,0,0,0,0,0,0,0.0,0.0,answer,
margin,live-delta,9,0.0,0.244356,0.607198,5.7e-05,0.980469,0.466277,0.616277,0.004040539264678955,0.5432393550872803,0.5391988158226013,1.5254955291748047,4.597421169281006,0.2913380265235901,5,2,2,1,2,1,0,0.0,0.3532825708389282,2,clean,0.0,-1,149,94,CORRECT,0,0,0,0,0,0,0.0,0.0,answer,
margin,live-delta,9,0.0,0.244356,0.607198,5.7e-05,0.980469,0.466277,0.616277,0.005341708660125732,0.5863345265388489,0.5809928178787231,1.7241647243499756,5.607834815979004,0.28412020206451416,7,2,2,1,2,1,0,0.0,0.4689067006111145,2,clean,0.0,-1,151,95,CORRECT,0,0,0,0,0,0,0.0,0.0,answer,
margin,live-delta,9,0.0,0.244356,0.607198,5.7e-05,0.980469,0.466277,0.616277,0.013454973697662354,0.5799499750137329,0.5664950013160706,1.8747450113296509,6.519156455993652,0.3245985805988312,9,2,2,1,2,1,0,0.0,0.45656436681747437,2,clean,0.0,-1,152,71,CORRECT,0,0,0,0,0,0,0.0,0.0,answer,
margin,live-delta,9,0.0,0.244356,0.607198,5.7e-05,0.980469,0.466277,0.616277,0.055962324142456055,0.7152880430221558,0.6593257188796997,2.0730578899383545,7.949093341827393,0.41245174407958984,17,2,2,1,2,1,0,0.0,0.5391017198562622,2,clean,0.0,-1,153,80,CORRECT,0,0,0,0,0,0,0.0,0.0,answer,
margin,live-delta,9,0.0,0.244356,0.607198,5.7e-05,0.980469,0.466277,0.616277,0.02488243579864502,0.6584439277648926,0.6335614919662476,2.0872437953948975,8.062662124633789,0.347737580537796,16,2,2,1,2,1,0,0.0,0.4151434600353241,2,clean,0.0,-1,154,74,CORRECT,0,0,0,0,0,0,0.0,0.0,answer,
margin,live-delta,9,0.0,0.244356,0.607198,5.7e-05,0.980469,0.466277,0.616277,0.04854661226272583,0.5953265428543091,0.5467799305915833,1.16036856174469,3.1911091804504395,0.586326539516449,5,2,2,1,2,1,0,0.0,0.43014076352119446,2,clean,0.0,-1,156,68,CORRECT,0,0,0,0,0,0,0.0,0.0,answer,
margin,live-delta,9,0.0,0.244356,0.607198,5.7e-05,0.980469,0.466277,0.616277,0.0775800347328186,0.7291195392608643,0.6515395045280457,1.356828212738037,3.883854866027832,0.6280791759490967,12,2,2,1,2,1,0,0.0,0.5488950610160828,2,clean,0.0,-1,157,94,CORRECT,0,0,0,0,0,0,0.0,0.0,answer,
margin,live-delta,9,0.0,0.244356,0.607198,5.7e-05,0.980469,0.466277,0.616277,0.02474379539489746,0.69541335105896,0.6706695556640625,2.2874703407287598,9.84998893737793,0.32333171367645264,20,2,2,1,2,1,0,0.0,0.46810394525527954,2,clean,0.0,-1,158,92,CORRECT,0,0,0,0,0,0,0.0,0.0,answer,
margin,live-delta,9,0.0,0.244356,0.607198,5.7e-05,0.980469,0.466277,0.616277,0.11211967468261719,0.7105110883712769,0.5983914136886597,0.9322810173034668,2.540297031402588,0.7841705679893494,11,2,2,1,2,1,0,0.0,0.5441452860832214,2,clean,0.0,-1,159,68,CORRECT,0,0,0,0,0,0,0.0,0.0,answer,
margin,live-delta,9,0.0,0.244356,0.607198,5.7e-05,0.980469,0.466277,0.616277,0.012909889221191406,0.6248509883880615,0.6119410991668701,1.034548282623291,2.8138349056243896,0.49615219235420227,4,2,2,1,2,1,0,0.0,0.5396009087562561,2,clean,0.0,-1,160,85,CORRECT,0,0,0,0,0,0,0.0,0.0,answer,
margin,live-delta,9,0.0,0.244356,0.607198,5.7e-05,0.980469,0.466277,0.616277,0.005746603012084961,0.5610314607620239,0.555284857749939,1.8373068571090698,6.279603481292725,0.2964525520801544,8,2,2,1,2,1,0,0.0,0.35305845737457275,2,clean,0.0,-1,162,95,CORRECT,0,0,0,0,0,0,0.0,0.0,answer,
margin,live-delta,9,0.0,0.244356,0.607198,5.7e-05,0.980469,0.466277,0.616277,0.15240740776062012,0.8081988096237183,0.6557914018630981,0.4359906315803528,1.5464942455291748,0.9095169901847839,9,2,2,1,2,1,0,0.0,0.6263875365257263,2,clean,0.0,-1,163,82,CORRECT,0,0,0,0,0,0,0.0,0.0,answer,
margin,live-delta,9,0.0,0.244356,0.607198,5.7e-05,0.980469,0.466277,0.616277,0.06616216897964478,0.7789145708084106,0.7127524018287659,1.4441739320755005,4.238349437713623,0.5569444894790649,12,2,2,1,2,1,0,0.0,0.601078987121582,2,clean,0.0,-1,164,80,CORRECT,0,0,0,0,0,0,0.0,0.0,answer,
margin,live-delta,9,0.0,0.244356,0.607198,5.7e-05,0.980469,0.466277,0.616277,0.02064359188079834,0.5866369605064392,0.5659933686256409,2.4229724407196045,11.279336929321289,0.2292332649230957,14,2,2,1,2,1,0,0.0,0.44338637590408325,2,clean,0.0,-1,166,88,CORRECT,0,0,0,0,0,0,0.0,0.0,answer,
margin,live-delta,9,0.0,0.244356,0.607198,5.7e-05,0.980469,0.466277,0.616277,0.024736642837524414,0.606033205986023,0.5812965631484985,1.4480202198028564,4.254683017730713,0.43405407667160034,6,2,2,1,2,1,0,0.0,0.4318395256996155,2,clean,0.0,-1,167,88,CORRECT,0,0,0,0,0,0,0.0,0.0,answer,
margin,live-delta,9,0.0,0.244356,0.607198,5.7e-05,0.980469,0.466277,0.616277,0.008060634136199951,0.6232964992523193,0.6152358651161194,1.5166947841644287,4.557137966156006,0.3093995153903961,5,2,2,1,2,1,0,0.0,0.28481394052505493,2,clean,0.0,-1,168,67,CORRECT,0,0,0,0,0,0,0.0,0.0,answer,
margin,live-delta,9,0.0,0.244356,0.607198,5.7e-05,0.980469,0.466277,0.616277,0.08725428581237793,0.693211555480957,0.6059572696685791,1.5870367288589478,4.889239311218262,0.6153662204742432,16,2,2,1,2,1,0,0.0,0.3863239288330078,2,clean,0.0,-1,169,94,CORRECT,0,0,0,0,0,0,0.0,0.0,answer,
margin,live-delta,9,0.0,0.244356,0.607198,5.7e-05,0.980469,0.466277,0.616277,0.0413893461227417,0.7523607015609741,0.7109713554382324,1.3815333843231201,3.981001377105713,0.5346791744232178,10,2,2,1,2,1,0,0.0,0.5928447842597961,2,clean,0.0,-1,171,82,CORRECT,0,0,0,0,0,0,0.0,0.0,answer,
margin,live-delta,9,0.0,0.244356,0.607198,5.7e-05,0.980469,0.466277,0.616277,0.06721699237823486,0.6195198893547058,0.552302896976471,0.5096821784973145,1.664762020111084,0.7932027578353882,2,2,2,1,2,1,0,0.0,0.5161680579185486,2,clean,0.0,-1,172,85,CORRECT,0,0,0,0,0,0,0.0,0.0,answer,
margin,live-delta,9,0.0,0.244356,0.607198,5.7e-05,0.980469,0.466277,0.616277,0.07371622323989868,0.6819985508918762,0.6082823276519775,1.2305958271026611,3.4232685565948486,0.607131838798523,6,2,2,1,2,1,0,0.0,0.47153395414352417,2,clean,0.0,-1,173,68,CORRECT,0,0,0,0,0,0,0.0,0.0,answer,
margin,live-delta,9,0.0,0.244356,0.607198,5.7e-05,0.980469,0.466277,0.616277,0.030966460704803467,0.6728857159614563,0.6419192552566528,1.7405102252960205,5.70025110244751,0.40254369378089905,12,2,2,1,2,1,0,0.0,0.34602662920951843,2,clean,0.0,-1,174,67,CORRECT,0,0,0,0,0,0,0.0,0.0,answer,
margin,live-delta,9,0.0,0.244356,0.607198,5.7e-05,0.980469,0.466277,0.616277,0.02083343267440796,0.6345972418785095,0.6137638092041016,2.396552085876465,10.985235214233398,0.22136878967285156,17,2,2,1,2,1,0,0.0,0.4687931537628174,2,clean,0.0,-1,175,74,CORRECT,0,0,0,0,0,0,0.0,0.0,answer,
margin,live-delta,9,0.0,0.244356,0.607198,5.7e-05,0.980469,0.466277,0.616277,0.1282334327697754,0.7788606882095337,0.6506272554397583,0.5262368321418762,1.6925508975982666,0.8699262738227844,5,2,2,1,2,1,0,0.0,0.6797915101051331,2,clean,0.0,-1,176,68,CORRECT,0,0,0,0,0,0,0.0,0.0,answer,
margin,live-delta,9,0.0,0.244356,0.607198,5.7e-05,0.980469,0.466277,0.616277,0.037269771099090576,0.6675590872764587,0.6302893161773682,1.8351078033447266,6.265809535980225,0.41850006580352783,12,2,2,1,2,1,0,0.0,0.5264285802841187,2,clean,0.0,-1,177,80,CORRECT,0,0,0,0,0,0,0.0,0.0,answer,
margin,live-delta,9,0.0,0.244356,0.607198,5.7e-05,0.980469,0.466277,0.616277,0.11271160840988159,0.7303362488746643,0.6176246404647827,1.0682060718536377,2.910154104232788,0.7476840019226074,14,2,2,1,2,1,0,0.0,0.566432535648346,2,clean,0.0,-1,178,92,CORRECT,0,0,0,0,0,0,0.0,0.0,answer,
margin,live-delta,9,0.0,0.244356,0.607198,5.7e-05,0.980469,0.466277,0.616277,0.039039790630340576,0.6944647431373596,0.655424952507019,1.7918906211853027,6.000786781311035,0.4299042522907257,13,2,2,1,2,1,0,0.0,0.5696750283241272,2,clean,0.0,-1,179,91,CORRECT,0,0,0,0,0,0,0.0,0.0,answer,
margin,live-delta,9,0.0,0.244356,0.607198,5.7e-05,0.980469,0.466277,0.616277,0.020443439483642578,0.6780236959457397,0.6575802564620972,2.4922432899475098,12.088363647460938,0.24060675501823425,19,2,2,1,2,1,0,0.0,0.5304607152938843,2,clean,0.0,-1,180,91,CORRECT,0,0,0,0,0,0,0.0,0.0,answer,
margin,live-delta,9,0.0,0.244356,0.607198,5.7e-05,0.980469,0.466277,0.616277,0.024712681770324707,0.6381895542144775,0.6134768724441528,1.4255295991897583,4.160060405731201,0.46456971764564514,8,2,2,1,2,1,0,0.0,0.26151567697525024,2,clean,0.0,-1,181,67,CORRECT,0,0,0,0,0,0,0.0,0.0,answer,
margin,live-delta,9,0.0,0.244356,0.607198,5.7e-05,0.980469,0.466277,0.616277,0.010335981845855713,0.5961796045303345,0.5858436226844788,2.3410282135009766,10.391916275024414,0.20926615595817566,14,2,2,1,2,1,0,0.0,0.4780789017677307,2,clean,0.0,-1,182,93,CORRECT,0,0,0,0,0,0,0.0,0.0,answer,
margin,live-delta,9,0.0,0.244356,0.607198,5.7e-05,0.980469,0.466277,0.616277,0.037868618965148926,0.6397140026092529,0.601845383644104,2.124819755554199,8.37138843536377,0.3193504214286804,13,2,2,1,2,1,0,0.0,0.4415649175643921,2,clean,0.0,-1,183,80,CORRECT,0,0,0,0,0,0,0.0,0.0,answer,
margin,live-delta,9,0.0,0.244356,0.607198,5.7e-05,0.980469,0.466277,0.616277,0.02257359027862549,0.6969536542892456,0.6743800640106201,2.3240654468536377,10.217126846313477,0.2829517126083374,20,2,2,1,2,1,0,0.0,0.5205903053283691,2,clean,0.0,-1,184,91,CORRECT,0,0,0,0,0,0,0.0,0.0,answer,
margin,live-delta,9,0.0,0.244356,0.607198,5.7e-05,0.980469,0.466277,0.616277,0.08996117115020752,0.6739968061447144,0.5840356349945068,1.3994174003601074,4.052838325500488,0.610733151435852,9,2,2,1,2,1,0,0.0,0.3213646113872528,2,clean,0.0,-1,185,67,CORRECT,0,0,0,0,0,0,0.0,0.0,answer,
margin,live-delta,9,0.0,0.244356,0.607198,5.7e-05,0.980469,0.466277,0.616277,0.010523676872253418,0.6649458408355713,0.6544221639633179,2.5547595024108887,12.868204116821289,0.16769342124462128,20,2,2,1,2,1,0,0.0,0.45762038230895996,2,clean,0.0,-1,186,89,CORRECT,0,0,0,0,0,0,0.0,0.0,answer,
margin,live-delta,9,0.0,0.244356,0.607198,5.7e-05,0.980469,0.466277,0.616277,0.0033548474311828613,0.6261475682258606,0.6227927207946777,1.8005625009536743,6.053051471710205,0.3042020797729492,9,2,2,1,2,1,0,0.0,0.5129871964454651,2,clean,0.0,-1,187,88,CORRECT,0,0,0,0,0,0,0.0,0.0,answer,
margin,live-delta,9,0.0,0.244356,0.607198,5.7e-05,0.980469,0.466277,0.616277,0.05916464328765869,0.5708418488502502,0.5116772055625916,0.8113946318626404,2.2510452270507812,0.6907492876052856,3,2,2,1,2,1,0,0.0,0.4427361488342285,2,clean,0.0,-1,188,78,CORRECT,0,0,0,0,0,0,0.0,0.0,answer,
margin,live-delta,9,0.0,0.244356,0.607198,5.7e-05,0.980469,0.466277,0.616277,0.006326436996459961,0.6582905054092407,0.6519640684127808,2.502655506134033,12.214887619018555,0.1542011797428131,20,2,2,1,2,1,0,0.0,0.5008820295333862,2,clean,0.0,-1,189,74,CORRECT,0,0,0,0,0,0,0.0,0.0,answer,
margin,live-delta,9,0.0,0.244356,0.607198,5.7e-05,0.980469,0.466277,0.616277,0.06224316358566284,0.7220123410224915,0.6597691774368286,1.9369443655014038,6.9375200271606445,0.4199064373970032,16,2,2,1,2,1,0,0.0,0.5344237685203552,2,clean,0.0,-1,190,91,CORRECT,0,0,0,0,0,0,0.0,0.0,answer,
margin,live-delta,9,0.0,0.244356,0.607198,5.7e-05,0.980469,0.466277,0.616277,0.010715484619140625,0.5521745681762695,0.5414590835571289,1.9276747703552246,6.873509407043457,0.2654131054878235,8,2,2,1,2,1,0,0.0,0.399591863155365,2,clean,0.0,-1,191,94,CORRECT,0,0,0,0,0,0,0.0,0.0,answer,
margin,live-delta,9,0.0,0.244356,0.607198,5.7e-05,0.980469,0.466277,0.616277,0.1926092505455017,0.573388934135437,0.3807796835899353,-0.0,1.0,1.0,1,3,3,1,3,1,0,0.0,0.29521629214286804,2,clean,0.0,-1,192,126,CORRECT,0,0,0,0,0,0,0.0,0.0,answer,
margin,live-delta,9,0.0,0.244356,0.607198,5.7e-05,0.980469,0.466277,0.616277,0.002837657928466797,0.4762086868286133,0.4733710289001465,0.6927447319030762,1.9991952180862427,0.5141844749450684,2,3,3,1,3,1,0,0.0,0.13931193947792053,2,clean,0.0,-1,193,108,CORRECT,0,0,0,0,0,0,0.0,0.0,answer,
margin,live-delta,9,0.0,0.244356,0.607198,5.7e-05,0.980469,0.466277,0.616277,0.10279828310012817,0.5986695885658264,0.49587130546569824,0.3536701798439026,1.4242852926254272,0.8865489959716797,2,3,3,1,3,1,0,0.0,0.20850712060928345,2,clean,0.0,-1,194,110,CORRECT,0,0,0,0,0,0,0.0,0.0,answer,
margin,live-delta,9,0.0,0.244356,0.607198,5.7e-05,0.980469,0.466277,0.616277,0.03087615966796875,0.4933467507362366,0.4624705910682678,-0.0,1.0,1.0,1,3,3,1,3,1,0,0.0,0.09028860926628113,2,clean,0.0,-1,200,108,CORRECT,0,0,0,0,0,0,0.0,0.0,answer,
margin,live-delta,9,0.0,0.244356,0.607198,5.7e-05,0.980469,0.466277,0.616277,0.09149575233459473,0.5550409555435181,0.46354520320892334,-0.0,1.0,1.0,1,3,3,1,3,1,0,0.0,0.24887317419052124,2,clean,0.0,-1,201,120,CORRECT,0,0,0,0,0,0,0.0,0.0,answer,
margin,live-delta,9,0.0,0.244356,0.607198,5.7e-05,0.980469,0.466277,0.616277,0.02482759952545166,0.6939318180084229,0.6691042184829712,0.8073439598083496,2.241945266723633,0.6013247966766357,4,3,3,1,3,1,0,0.0,0.24247205257415771,2,clean,0.0,-1,202,107,CORRECT,0,0,0,0,0,0,0.0,0.0,answer,
margin,live-delta,9,0.0,0.244356,0.607198,5.7e-05,0.980469,0.466277,0.616277,0.029502391815185547,0.5513004660606384,0.5217980742454529,1.253708004951477,3.5033092498779297,0.4627518951892853,4,3,3,1,3,1,0,0.0,0.23448604345321655,2,clean,0.0,-1,205,120,CORRECT,0,0,0,0,0,0,0.0,0.0,answer,
margin,live-delta,9,0.0,0.244356,0.607198,5.7e-05,0.980469,0.466277,0.616277,0.02621561288833618,0.5272265672683716,0.5010109543800354,2.0063228607177734,7.435924053192139,0.23957088589668274,8,3,3,1,3,1,0,0.0,0.1180831789970398,2,clean,0.0,-1,207,104,CORRECT,0,0,0,0,0,0,0.0,0.0,answer,
margin,live-delta,9,0.0,0.244356,0.607198,5.7e-05,0.980469,0.466277,0.616277,0.11798250675201416,0.6017956733703613,0.48381316661834717,0.7409191727638245,2.097862958908081,0.7911416888237,4,3,3,1,3,1,0,0.0,0.2477075755596161,2,clean,0.0,-1,208,115,CORRECT,0,0,0,0,0,0,0.0,0.0,answer,
margin,live-delta,9,0.0,0.244356,0.607198,5.7e-05,0.980469,0.466277,0.616277,0.08217626810073853,0.6692698001861572,0.5870935320854187,0.6440044641494751,1.9040905237197876,0.7986990213394165,4,3,3,1,3,1,0,0.0,0.2568804919719696,2,clean,0.0,-1,209,120,CORRECT,0,0,0,0,0,0,0.0,0.0,answer,
margin,live-delta,9,0.0,0.244356,0.607198,5.7e-05,0.980469,0.466277,0.616277,0.15729665756225586,0.6105475425720215,0.4532508850097656,-0.0,1.0,1.0,1,3,3,1,3,1,0,0.0,0.15729665756225586,2,clean,0.0,-1,210,104,CORRECT,0,0,0,0,0,0,0.0,0.0,answer,
margin,live-delta,9,0.0,0.244356,0.607198,5.7e-05,0.980469,0.466277,0.616277,0.02014237642288208,0.6971720457077026,0.6770296692848206,1.990173578262329,7.316803932189941,0.30935487151145935,13,3,3,1,3,1,0,0.0,0.2428939938545227,2,clean,0.0,-1,211,120,CORRECT,0,0,0,0,0,0,0.0,0.0,answer,
margin,live-delta,9,0.0,0.244356,0.607198,5.7e-05,0.980469,0.466277,0.616277,0.06616729497909546,0.6066004633903503,0.5404331684112549,1.324224829673767,3.759270191192627,0.5778385996818542,6,3,3,1,3,1,0,0.0,0.28090739250183105,2,clean,0.0,-1,212,116,CORRECT,0,0,0,0,0,0,0.0,0.0,answer,
margin,live-delta,9,0.0,0.244356,0.607198,5.7e-05,0.980469,0.466277,0.616277,0.00887608528137207,0.5642865896224976,0.5554105043411255,1.838852882385254,6.2893195152282715,0.28707244992256165,8,3,3,1,3,1,0,0.0,0.19849196076393127,2,clean,0.0,-1,213,107,CORRECT,0,0,0,0,0,0,0.0,0.0,answer,
margin,live-delta,9,0.0,0.244356,0.607198,5.7e-05,0.980469,0.466277,0.616277,0.05752432346343994,0.5843203663825989,0.5267960429191589,0.8016424775123596,2.2291994094848633,0.692435085773468,3,3,3,1,3,1,0,0.0,0.25374045968055725,2,clean,0.0,-1,214,105,CORRECT,0,0,0,0,0,0,0.0,0.0,answer,
margin,live-delta,9,0.0,0.244356,0.607198,5.7e-05,0.980469,0.466277,0.616277,0.01133456826210022,0.5045703649520874,0.4932357966899872,1.064758062362671,2.900137186050415,0.4318862557411194,3,3,3,1,3,1,0,0.0,0.2836514711380005,2,clean,0.0,-1,216,108,CORRECT,0,0,0,0,0,0,0.0,0.0,answer,
margin,live-delta,9,0.0,0.244356,0.607198,5.7e-05,0.980469,0.466277,0.616277,0.003426849842071533,0.5011805295944214,0.49775367975234985,1.3551664352416992,3.877406120300293,0.31608033180236816,4,3,3,1,3,1,0,0.0,0.19427341222763062,2,clean,0.0,-1,218,98,CORRECT,0,0,0,0,0,0,0.0,0.0,answer,
margin,live-delta,9,0.0,0.244356,0.607198,5.7e-05,0.980469,0.466277,0.616277,0.12949895858764648,0.6797758340835571,0.5502768754959106,0.48130854964256287,1.6181905269622803,0.8866637945175171,5,3,3,1,3,1,0,0.0,0.3595513105392456,2,clean,0.0,-1,219,100,CORRECT,0,0,0,0,0,0,0.0,0.0,answer,
margin,live-delta,9,0.0,0.244356,0.607198,5.7e-05,0.980469,0.466277,0.616277,0.06679219007492065,0.5910822153091431,0.5242900252342224,1.659691333770752,5.257687568664551,0.4827601909637451,8,3,3,1,3,1,0,0.0,0.2517186403274536,2,clean,0.0,-1,220,96,CORRECT,0,0,0,0,0,0,0.0,0.0,answer,
margin,live-delta,9,0.0,0.244356,0.607198,5.7e-05,0.980469,0.466277,0.616277,0.01146090030670166,0.6261302828788757,0.6146693825721741,1.7643245458602905,5.83762788772583,0.30648717284202576,9,3,3,1,3,1,0,0.0,0.21545302867889404,2,clean,0.0,-1,224,112,CORRECT,0,0,0,0,0,0,0.0,0.0,answer,
margin,live-delta,9,0.0,0.244356,0.607198,5.7e-05,0.980469,0.466277,0.616277,0.004072070121765137,0.5881993770599365,0.5841273069381714,2.1805710792541504,8.851359367370605,0.19593437016010284,11,3,3,1,3,1,0,0.0,0.18485039472579956,2,clean,0.0,-1,225,110,CORRECT,0,0,0,0,0,0,0.0,0.0,answer,
margin,live-delta,9,0.0,0.244356,0.607198,5.7e-05,0.980469,0.466277,0.616277,0.03309154510498047,0.5609841346740723,0.5278925895690918,0.6412531137466431,1.898858904838562,0.6596715450286865,2,3,3,1,3,1,0,0.0,0.20335319638252258,2,clean,0.0,-1,226,108,CORRECT,0,0,0,0,0,0,0.0,0.0,answer,
margin,live-delta,9,0.0,0.244356,0.607198,5.7e-05,0.980469,0.466277,0.616277,0.037726402282714844,0.5063289403915405,0.4686025381088257,0.6267454028129578,1.8715096712112427,0.6801645159721375,2,3,3,1,3,1,0,0.0,0.15563541650772095,2,clean,0.0,-1,227,126,CORRECT,0,0,0,0,0,0,0.0,0.0,answer,
margin,live-delta,9,0.0,0.244356,0.607198,5.7e-05,0.980469,0.466277,0.616277,0.012221962213516235,0.47681495547294617,0.46459299325942993,-0.0,1.0,1.0,1,3,3,1,3,1,0,0.0,0.13924476504325867,2,clean,0.0,-1,231,104,CORRECT,0,0,0,0,0,0,0.0,0.0,answer,
margin,live-delta,9,0.0,0.244356,0.607198,5.7e-05,0.980469,0.466277,0.616277,0.029977619647979736,0.47079384326934814,0.4408162236213684,-0.0,1.0,1.0,1,3,3,1,3,1,0,0.0,0.23236018419265747,2,clean,0.0,-1,232,98,CORRECT,0,0,0,0,0,0,0.0,0.0,answer,
margin,live-delta,9,0.0,0.244356,0.607198,5.7e-05,0.980469,0.466277,0.616277,0.004300862550735474,0.4803829491138458,0.47608208656311035,0.6922231912612915,1.9981528520584106,0.5214909315109253,2,3,3,1,3,1,0,0.0,0.1727493703365326,2,clean,0.0,-1,233,98,CORRECT,0,0,0,0,0,0,0.0,0.0,answer,
margin,live-delta,9,0.0,0.244356,0.607198,5.7e-05,0.980469,0.466277,0.616277,0.03754919767379761,0.5242900252342224,0.4867408275604248,0.6273261308670044,1.8725967407226562,0.6793931126594543,2,3,3,1,3,1,0,0.0,0.24334800243377686,2,clean,0.0,-1,235,110,CORRECT,0,0,0,0,0,0,0.0,0.0,answer,
margin,live-delta,9,0.0,0.244356,0.607198,5.7e-05,0.980469,0.466277,0.616277,0.017941057682037354,0.4855964779853821,0.4676554203033447,0.6773084998130798,1.9685721397399902,0.5887549519538879,2,3,3,1,3,1,0,0.0,0.17962372303009033,2,clean,0.0,-1,236,108,CORRECT,0,0,0,0,0,0,0.0,0.0,answer,
margin,live-delta,9,0.0,0.244356,0.607198,5.7e-05,0.980469,0.466277,0.616277,0.004896998405456543,0.509640097618103,0.5047430992126465,0.6919496059417725,1.9976062774658203,0.5244653224945068,2,3,3,1,3,1,0,0.0,0.17720720171928406,2,clean,0.0,-1,238,115,CORRECT,0,0,0,0,0,0,0.0,0.0,answer,
margin,live-delta,9,0.0,0.244356,0.607198,5.7e-05,0.980469,0.466277,0.616277,0.04566854238510132,0.5717487931251526,0.5260802507400513,1.2074474096298218,3.344935417175293,0.5206905603408813,4,3,3,1,3,1,0,0.0,0.27459055185317993,2,clean,0.0,-1,239,110,CORRECT,0,0,0,0,0,0,0.0,0.0,answer,
margin,live-delta,9,0.0,0.244356,0.607198,5.7e-05,0.980469,0.466277,0.616277,0.0239027738571167,0.4795359671115875,0.4556331932544708,-0.0,1.0,1.0,1,3,3,1,3,1,0,0.0,0.08667504787445068,2,clean,0.0,-1,242,114,CORRECT,0,0,0,0,0,0,0.0,0.0,answer,
margin,live-delta,9,0.0,0.244356,0.607198,5.7e-05,0.980469,0.466277,0.616277,0.016660213470458984,0.6470491886138916,0.6303889751434326,2.0216286182403564,7.550611972808838,0.29967594146728516,11,3,3,1,3,1,0,0.011956256814301014,0.16107234358787537,2,clean,0.0,-1,243,96,CORRECT,0,0,0,0,0,0,0.0,0.0,answer,
margin,live-delta,9,0.0,0.244356,0.607198,5.7e-05,0.980469,0.466277,0.616277,0.05257701873779297,0.6573766469955444,0.6047996282577515,1.6723682880401611,5.324763298034668,0.49929380416870117,11,3,3,1,3,1,0,0.0,0.2856913208961487,2,clean,0.0,-1,244,100,CORRECT,0,0,0,0,0,0,0.0,0.0,answer,
margin,live-delta,9,0.0,0.244356,0.607198,5.7e-05,0.980469,0.466277,0.616277,0.05133938789367676,0.4852619171142578,0.43392252922058105,-0.0,1.0,1.0,1,3,3,1,3,1,0,0.0,0.11322644352912903,2,clean,0.0,-1,246,98,CORRECT,0,0,0,0,0,0,0.0,0.0,answer,
margin,live-delta,9,0.0,0.244356,0.607198,5.7e-05,0.980469,0.466277,0.616277,0.07415032386779785,0.7413268089294434,0.6671764850616455,1.0889414548873901,2.9711272716522217,0.6762465834617615,9,3,3,1,3,1,0,0.0,0.3865586519241333,2,clean,0.0,-1,248,110,CORRECT,0,0,0,0,0,0,0.0,0.0,answer,
margin,live-delta,9,0.0,0.244356,0.607198,5.7e-05,0.980469,0.466277,0.616277,0.1013302206993103,0.4877285957336426,0.3863983750343323,-0.0,1.0,1.0,1,3,3,1,3,1,0,0.0,0.16303473711013794,2,clean,0.0,-1,250,114,CORRECT,0,0,0,0,0,0,0.0,0.0,answer,
margin,live-delta,9,0.0,0.244356,0.607198,5.7e-05,0.980469,0.466277,0.616277,0.021122872829437256,0.5811411738395691,0.5600183010101318,2.09708833694458,8.142427444458008,0.23062185943126678,10,3,3,1,3,1,0,0.0,0.13164237141609192,2,clean,0.0,-1,253,110,CORRECT,0,0,0,0,0,0,0.0,0.0,answer,
margin,live-delta,9,0.0,0.244356,0.607198,5.7e-05,0.980469,0.466277,0.616277,0.10018813610076904,0.6796610355377197,0.5794728994369507,1.2663002014160156,3.5477025508880615,0.6495617032051086,8,3,3,1,3,1,0,0.0,0.26146480441093445,2,clean,0.0,-1,254,115,CORRECT,0,0,0,0,0,0,0.0,0.0,answer,
margin,live-delta,9,0.0,0.244356,0.607198,5.7e-05,0.980469,0.466277,0.616277,0.08388504385948181,0.5746854543685913,0.4908004105091095,0.4353334903717041,1.545478343963623,0.8425998091697693,2,3,3,1,3,1,0,0.0,0.26444941759109497,2,clean,0.0,-1,255,104,CORRECT,0,0,0,0,0,0,0.0,0.0,answer,
margin,live-delta,10,0.0,0.244356,0.607198,5.7e-05,0.980469,0.466277,0.616277,0.008692145347595215,0.6145343780517578,0.6058422327041626,2.4878780841827393,12.035710334777832,0.1735929250717163,16,0,0,1,0,1,0,0.0,0.48662111163139343,2,clean,0.0,-1,0,29,CORRECT,0,0,0,0,0,0,0.0,0.0,answer,
margin,live-delta,10,0.0,0.244356,0.607198,5.7e-05,0.980469,0.466277,0.616277,0.002864539623260498,0.7485058903694153,0.7456413507461548,2.406562566757202,11.095754623413086,0.19970422983169556,20,0,0,1,0,1,0,0.0,0.5389264225959778,2,clean,0.0,-1,1,29,CORRECT,0,0,0,0,0,0,0.0,0.0,answer,
margin,live-delta,10,0.0,0.244356,0.607198,5.7e-05,0.980469,0.466277,0.616277,0.03562748432159424,0.8512296676635742,0.81560218334198,1.8628650903701782,6.44216775894165,0.437677800655365,20,0,0,1,0,1,0,0.0,0.613601803779602,2,clean,0.0,-1,2,0,CORRECT,0,0,0,0,0,0,0.0,0.0,answer,
margin,live-delta,10,0.0,0.244356,0.607198,5.7e-05,0.980469,0.466277,0.616277,0.06120377779006958,0.8351686596870422,0.7739648818969727,2.109811305999756,8.246685028076172,0.39704185724258423,20,0,0,1,0,1,0,0.0,0.6275011301040649,2,clean,0.0,-1,3,27,CORRECT,0,0,0,0,0,0,0.0,0.0,answer,
margin,live-delta,10,0.0,0.244356,0.607198,5.7e-05,0.980469,0.466277,0.616277,0.06320923566818237,0.6585389971733093,0.595329761505127,1.3653671741485596,3.917160987854004,0.5692832469940186,7,0,0,1,0,1,0,0.0,0.5165534019470215,2,clean,0.0,-1,4,12,CORRECT,0,0,0,0,0,0,0.0,0.0,answer,
margin,live-delta,10,0.0,0.244356,0.607198,5.7e-05,0.980469,0.466277,0.616277,0.01838463544845581,0.8731691241264343,0.8547844886779785,2.0343306064605713,7.647131443023682,0.3304731547832489,20,0,0,1,0,1,0,0.0,0.6164111495018005,2,clean,0.0,-1,5,27,CORRECT,0,0,0,0,0,0,0.0,0.0,answer,
margin,live-delta,10,0.0,0.244356,0.607198,5.7e-05,0.980469,0.466277,0.616277,0.024461090564727783,0.8591064214706421,0.8346453309059143,2.0839645862579346,8.036266326904297,0.31034284830093384,20,0,0,1,0,1,0,0.0,0.5630691647529602,2,clean,0.0,-1,6,0,CORRECT,0,0,0,0,0,0,0.0,0.0,answer,
margin,live-delta,10,0.0,0.244356,0.607198,5.7e-05,0.980469,0.466277,0.616277,0.01217198371887207,0.7492260336875916,0.7370540499687195,1.5021567344665527,4.491365432739258,0.3474813997745514,7,0,0,1,0,1,0,0.0,0.639962911605835,2,clean,0.0,-1,7,12,CORRECT,0,0,0,0,0,0,0.0,0.0,answer,
margin,live-delta,10,0.0,0.244356,0.607198,5.7e-05,0.980469,0.466277,0.616277,0.0574725866317749,0.8665192127227783,0.8090466260910034,1.768878698348999,5.864274024963379,0.46956494450569153,20,0,0,1,0,1,0,0.0,0.5741294622421265,2,clean,0.0,-1,8,19,CORRECT,0,0,0,0,0,0,0.0,0.0,answer,
margin,live-delta,10,0.0,0.244356,0.607198,5.7e-05,0.980469,0.466277,0.616277,0.02331995964050293,0.6571364402770996,0.6338164806365967,1.8307143449783325,6.238341331481934,0.389030396938324,13,0,0,1,0,1,0,0.0,0.32575005292892456,2,clean,0.0,-1,9,2,CORRECT,0,0,0,0,0,0,0.0,0.0,answer,
margin,live-delta,10,0.0,0.244356,0.607198,5.7e-05,0.980469,0.466277,0.616277,0.010274708271026611,0.8123652935028076,0.802090585231781,2.2328696250915527,9.326591491699219,0.24554862082004547,20,0,0,1,0,1,0,0.0,0.6101858019828796,2,clean,0.0,-1,10,27,CORRECT,0,0,0,0,0,0,0.0,0.0,answer,
margin,live-delta,10,0.0,0.244356,0.607198,5.7e-05,0.980469,0.466277,0.616277,0.0263330340385437,0.7415318489074707,0.715198814868927,2.523719310760498,12.474908828735352,0.197550967335701,20,0,0,1,0,1,0,0.0,0.41163015365600586,2,clean,0.0,-1,11,19,CORRECT,0,0,0,0,0,0,0.0,0.0,answer,
margin,live-delta,10,0.0,0.244356,0.607198,5.7e-05,0.980469,0.466277,0.616277,0.053028225898742676,0.6884907484054565,0.6354625225067139,1.888684630393982,6.610667705535889,0.44716835021972656,15,0,0,1,0,1,0,0.0,0.27818992733955383,2,clean,0.0,-1,12,28,CORRECT,0,0,0,0,0,0,0.0,0.0,answer,
margin,live-delta,10,0.0,0.244356,0.607198,5.7e-05,0.980469,0.466277,0.616277,0.03296172618865967,0.8734875321388245,0.8405258059501648,1.9558680057525635,7.0700531005859375,0.34270551800727844,20,0,0,1,0,1,0,0.0,0.5720294713973999,2,clean,0.0,-1,13,19,CORRECT,0,0,0,0,0,0,0.0,0.0,answer,
margin,live-delta,10,0.0,0.244356,0.607198,5.7e-05,0.980469,0.466277,0.616277,0.04973268508911133,0.6596090793609619,0.6098763942718506,2.256545066833496,9.550037384033203,0.349910169839859,18,0,0,1,0,1,0,0.0,0.376028835773468,2,clean,0.0,-1,14,14,CORRECT,0,0,0,0,0,0,0.0,0.0,answer,
margin,live-delta,10,0.0,0.244356,0.607198,5.7e-05,0.980469,0.466277,0.616277,0.059464991092681885,0.8609749674797058,0.8015099763870239,2.2850558757781982,9.826234817504883,0.3320564925670624,20,0,0,1,0,1,0,0.0,0.6294852495193481,2,clean,0.0,-1,15,0,CORRECT,0,0,0,0,0,0,0.0,0.0,answer,
margin,live-delta,10,0.0,0.244356,0.607198,5.7e-05,0.980469,0.466277,0.616277,0.03566533327102661,0.8514373302459717,0.8157719969749451,1.8758732080459595,6.526515483856201,0.3923010230064392,20,0,0,1,0,1,0,0.0,0.6156409978866577,2,clean,0.0,-1,16,0,CORRECT,0,0,0,0,0,0,0.0,0.0,answer,
margin,live-delta,10,0.0,0.244356,0.607198,5.7e-05,0.980469,0.466277,0.616277,0.0259246826171875,0.817624568939209,0.7916998863220215,2.0725443363189697,7.945012092590332,0.3371545076370239,20,0,0,1,0,1,0,0.0,0.615166425704956,2,clean,0.0,-1,17,0,CORRECT,0,0,0,0,0,0,0.0,0.0,answer,
margin,live-delta,10,0.0,0.244356,0.607198,5.7e-05,0.980469,0.466277,0.616277,0.01809978485107422,0.7281592488288879,0.7100594639778137,2.3283562660217285,10.261061668395996,0.26296719908714294,19,0,0,1,0,1,0,0.0,0.5232799649238586,2,clean,0.0,-1,18,11,CORRECT,0,0,0,0,0,0,0.0,0.0,answer,
margin,live-delta,10,0.0,0.244356,0.607198,5.7e-05,0.980469,0.466277,0.616277,0.056340694427490234,0.8419591784477234,0.7856184840202332,1.8564157485961914,6.400753498077393,0.4715288579463959,20,0,0,1,0,1,0,0.0,0.6057676076889038,2,clean,0.0,-1,19,0,CORRECT,0,0,0,0,0,0,0.0,0.0,answer,
margin,live-delta,10,0.0,0.244356,0.607198,5.7e-05,0.980469,0.466277,0.616277,0.10735994577407837,0.8890054225921631,0.7816454768180847,1.654344081878662,5.229648590087891,0.6039719581604004,20,0,0,1,0,1,0,0.0,0.7198744416236877,2,clean,0.0,-1,20,0,CORRECT,0,0,0,0,0,0,0.0,0.0,answer,
margin,live-delta,10,0.0,0.244356,0.607198,5.7e-05,0.980469,0.466277,0.616277,0.07574641704559326,0.8565751314163208,0.7808287143707275,1.6038110256195068,4.971944808959961,0.5907458066940308,20,0,0,1,0,1,0,0.0,0.6307447552680969,2,clean,0.0,-1,21,0,CORRECT,0,0,0,0,0,0,0.0,0.0,answer,
margin,live-delta,10,0.0,0.244356,0.607198,5.7e-05,0.980469,0.466277,0.616277,0.010011017322540283,0.609879732131958,0.5998687148094177,2.661395788192749,14.31625747680664,0.1477361023426056,19,0,0,1,0,1,0,0.0,0.39039385318756104,2,clean,0.0,-1,22,7,CORRECT,0,0,0,0,0,0,0.0,0.0,answer,
margin,live-delta,10,0.0,0.244356,0.607198,5.7e-05,0.980469,0.466277,0.616277,0.004011273384094238,0.6520997285842896,0.6480884552001953,2.446258783340454,11.545073509216309,0.1887655258178711,19,0,0,1,0,1,0,0.0,0.523506760597229,2,clean,0.0,-1,23,11,CORRECT,0,0,0,0,0,0,0.0,0.0,answer,
margin,live-delta,10,0.0,0.244356,0.607198,5.7e-05,0.980469,0.466277,0.616277,0.0026372671127319336,0.7925955057144165,0.7899582386016846,2.366831064224243,10.663546562194824,0.22386150062084198,20,0,0,1,0,1,0,0.0,0.5823259949684143,2,clean,0.0,-1,24,22,CORRECT,0,0,0,0,0,0,0.0,0.0,answer,
margin,live-delta,10,0.0,0.244356,0.607198,5.7e-05,0.980469,0.466277,0.616277,0.3059971034526825,0.6070910692214966,0.3010939657688141,-0.0,1.0,1.0,1,0,0,1,0,1,0,0.0,0.35750406980514526,2,clean,0.0,-1,25,30,CORRECT,0,0,0,0,0,0,0.0,0.0,answer,
margin,live-delta,10,0.0,0.244356,0.607198,5.7e-05,0.980469,0.466277,0.616277,0.021011531352996826,0.6684602499008179,0.647448718547821,2.0992791652679443,8.160285949707031,0.3467082679271698,15,0,0,1,0,1,0,0.0,0.47889745235443115,2,clean,0.0,-1,26,20,CORRECT,0,0,0,0,0,0,0.0,0.0,answer,
margin,live-delta,10,0.0,0.244356,0.607198,5.7e-05,0.980469,0.466277,0.616277,0.009212374687194824,0.7741955518722534,0.7649831771850586,2.2408275604248047,9.401107788085938,0.24142929911613464,20,0,0,1,0,1,0,0.0,0.5331166982650757,2,clean,0.0,-1,27,27,CORRECT,0,0,0,0,0,0,0.0,0.0,answer,
margin,live-delta,10,0.0,0.244356,0.607198,5.7e-05,0.980469,0.466277,0.616277,0.027210235595703125,0.8135794401168823,0.7863692045211792,1.9127768278121948,6.771866798400879,0.37401944398880005,20,0,0,1,0,1,0,0.0,0.6232535243034363,2,clean,0.0,-1,28,19,CORRECT,0,0,0,0,0,0,0.0,0.0,answer,
margin,live-delta,10,0.0,0.244356,0.607198,5.7e-05,0.980469,0.466277,0.616277,0.009036123752593994,0.7184197306632996,0.7093836069107056,2.036456346511841,7.66340446472168,0.33035457134246826,18,0,0,1,0,1,0,0.0,0.5991634130477905,2,clean,0.0,-1,29,7,CORRECT,0,0,0,0,0,0,0.0,0.0,answer,
margin,live-delta,10,0.0,0.244356,0.607198,5.7e-05,0.980469,0.466277,0.616277,0.01577126979827881,0.8026509284973145,0.7868796586990356,2.3519437313079834,10.50597095489502,0.24932830035686493,20,0,0,1,0,1,0,0.0,0.6467174291610718,2,clean,0.0,-1,30,22,CORRECT,0,0,0,0,0,0,0.0,0.0,answer,
margin,live-delta,10,0.0,0.244356,0.607198,5.7e-05,0.980469,0.466277,0.616277,0.11953634023666382,0.8753258585929871,0.7557895183563232,1.3980088233947754,4.047133445739746,0.6851340532302856,20,0,0,1,0,1,0,0.0,0.6159409284591675,2,clean,0.0,-1,31,0,CORRECT,0,0,0,0,0,0,0.0,0.0,answer,
margin,live-delta,10,0.0,0.244356,0.607198,5.7e-05,0.980469,0.466277,0.616277,0.2579633593559265,0.6663253307342529,0.4083619713783264,-0.0,1.0,1.0,1,0,0,1,0,1,0,0.0,0.4054147005081177,2,clean,0.0,-1,32,30,CORRECT,0,0,0,0,0,0,0.0,0.0,answer,
margin,live-delta,10,0.0,0.244356,0.607198,5.7e-05,0.980469,0.466277,0.616277,0.00027108192443847656,0.8409632444381714,0.8406921625137329,2.2232730388641357,9.237516403198242,0.23702208697795868,20,0,0,1,0,1,0,0.0,0.6162108182907104,2,clean,0.0,-1,33,27,CORRECT,0,0,0,0,0,0,0.0,0.0,answer,
margin,live-delta,10,0.0,0.244356,0.607198,5.7e-05,0.980469,0.466277,0.616277,0.07880854606628418,0.8197683095932007,0.7409597635269165,1.3303163051605225,3.7822394371032715,0.5591570138931274,6,0,0,1,0,1,0,0.0,0.7087355256080627,2,clean,0.0,-1,34,26,CORRECT,0,0,0,0,0,0,0.0,0.0,answer,
margin,live-delta,10,0.0,0.244356,0.607198,5.7e-05,0.980469,0.466277,0.616277,0.06488156318664551,0.8260010480880737,0.7611194849014282,1.1787643432617188,3.2503554821014404,0.5940961241722107,6,0,0,1,0,1,0,0.0,0.7347782254219055,2,clean,0.0,-1,35,26,CORRECT,0,0,0,0,0,0,0.0,0.0,answer,
margin,live-delta,10,0.0,0.244356,0.607198,5.7e-05,0.980469,0.466277,0.616277,0.01791250705718994,0.6625928282737732,0.6446803212165833,2.5377726554870605,12.651460647583008,0.1929238885641098,19,0,0,1,0,1,0,0.0,0.523886501789093,2,clean,0.0,-1,36,31,CORRECT,0,0,0,0,0,0,0.0,0.0,answer,
margin,live-delta,10,0.0,0.244356,0.607198,5.7e-05,0.980469,0.466277,0.616277,0.00014674663543701172,0.7378839254379272,0.7377371788024902,2.4393093585968018,11.465119361877441,0.20830827951431274,20,0,0,1,0,1,0,0.0,0.453913152217865,2,clean,0.0,-1,37,3,CORRECT,0,0,0,0,0,0,0.0,0.0,answer,
margin,live-delta,10,0.0,0.244356,0.607198,5.7e-05,0.980469,0.466277,0.616277,0.06540250778198242,0.8352208137512207,0.7698183059692383,1.9166908264160156,6.798424243927002,0.45502015948295593,18,0,0,1,0,1,0,0.0,0.525200366973877,2,clean,0.0,-1,39,19,CORRECT,0,0,0,0,0,0,0.0,0.0,answer,
margin,live-delta,10,0.0,0.244356,0.607198,5.7e-05,0.980469,0.466277,0.616277,8.213520050048828e-05,0.6722115278244019,0.6721293926239014,2.5988857746124268,13.448744773864746,0.13513359427452087,19,0,0,1,0,1,0,0.0,0.5113608837127686,2,clean,0.0,-1,40,1,CORRECT,0,0,0,0,0,0,0.0,0.0,answer,
margin,live-delta,10,0.0,0.244356,0.607198,5.7e-05,0.980469,0.466277,0.616277,0.021424174308776855,0.8092004060745239,0.7877762317657471,1.8422305583953857,6.310598850250244,0.3710879683494568,19,0,0,1,0,1,0,0.0,0.6027906537055969,2,clean,0.0,-1,41,2,CORRECT,0,0,0,0,0,0,0.0,0.0,answer,
margin,live-delta,10,0.0,0.244356,0.607198,5.7e-05,0.980469,0.466277,0.616277,0.014770090579986572,0.6550374627113342,0.6402673721313477,2.3951516151428223,10.969861030578613,0.2125970423221588,17,0,0,1,0,1,0,0.0,0.5561074614524841,2,clean,0.0,-1,42,18,CORRECT,0,0,0,0,0,0,0.0,0.0,answer,
margin,live-delta,10,0.0,0.244356,0.607198,5.7e-05,0.980469,0.466277,0.616277,0.0036307573318481445,0.8091407418251038,0.8055099844932556,2.218207359313965,9.190839767456055,0.24903666973114014,20,0,0,1,0,1,0,0.0,0.5742166042327881,2,clean,0.0,-1,43,22,CORRECT,0,0,0,0,0,0,0.0,0.0,answer,
margin,live-delta,10,0.0,0.244356,0.607198,5.7e-05,0.980469,0.466277,0.616277,0.007630765438079834,0.6590110659599304,0.6513803005218506,2.559352159500122,12.92743968963623,0.15378409624099731,18,0,0,1,0,1,0,0.0,0.4933120012283325,2,clean,0.0,-1,44,29,CORRECT,0,0,0,0,0,0,0.0,0.0,answer,
margin,live-delta,10,0.0,0.244356,0.607198,5.7e-05,0.980469,0.466277,0.616277,0.018065690994262695,0.7802423238754272,0.7621766328811646,2.3016512393951416,9.990665435791016,0.24524210393428802,20,0,0,1,0,1,0,0.0,0.5786288976669312,2,clean,0.0,-1,45,0,CORRECT,0,0,0,0,0,0,0.0,0.0,answer,
margin,live-delta,10,0.0,0.244356,0.607198,5.7e-05,0.980469,0.466277,0.616277,0.13380369544029236,0.615119457244873,0.4813157618045807,0.23890648782253265,1.269859790802002,0.9355999827384949,2,0,0,1,0,1,0,0.0,0.2942866384983063,2,clean,0.0,-1,46,6,CORRECT,0,0,0,0,0,0,0.0,0.0,answer,
margin,live-delta,10,0.0,0.244356,0.607198,5.7e-05,0.980469,0.466277,0.616277,0.014446496963500977,0.7987375259399414,0.7842910289764404,1.7550482749938965,5.783727169036865,0.37430909276008606,20,0,0,1,0,1,0,0.0,0.5803588032722473,2,clean,0.0,-1,47,9,CORRECT,0,0,0,0,0,0,0.0,0.0,answer,
margin,live-delta,10,0.0,0.244356,0.607198,5.7e-05,0.980469,0.466277,0.616277,0.04508107900619507,0.542166531085968,0.49708545207977295,1.221544623374939,3.392423629760742,0.5084954500198364,4,0,0,1,0,1,0,0.0,0.3024407625198364,2,clean,0.0,-1,48,10,CORRECT,0,0,0,0,0,0,0.0,0.0,answer,
margin,live-delta,10,0.0,0.244356,0.607198,5.7e-05,0.980469,0.466277,0.616277,0.015541672706604004,0.6601847410202026,0.6446430683135986,1.785942554473877,5.965199947357178,0.31330162286758423,8,0,0,1,0,1,0,0.0,0.5240664482116699,2,clean,0.0,-1,50,12,CORRECT,0,0,0,0,0,0,0.0,0.0,answer,
margin,live-delta,10,0.0,0.244356,0.607198,5.7e-05,0.980469,0.466277,0.616277,0.09869396686553955,0.8877891302108765,0.7890951633453369,1.5895107984542847,4.901350498199463,0.6128032207489014,20,0,0,1,0,1,0,0.0,0.6858367323875427,2,clean,0.0,-1,51,0,CORRECT,0,0,0,0,0,0,0.0,0.0,answer,
margin,live-delta,10,0.0,0.244356,0.607198,5.7e-05,0.980469,0.466277,0.616277,0.07959491014480591,0.835240364074707,0.7556454539299011,2.0745296478271484,7.960801124572754,0.4464603066444397,20,0,0,1,0,1,0,0.0,0.6948240995407104,2,clean,0.0,-1,52,22,CORRECT,0,0,0,0,0,0,0.0,0.0,answer,
margin,live-delta,10,0.0,0.244356,0.607198,5.7e-05,0.980469,0.466277,0.616277,0.04038846492767334,0.7718725204467773,0.731484055519104,1.4142096042633057,4.113234043121338,0.46398523449897766,7,0,0,1,0,1,0,0.0,0.6465674638748169,2,clean,0.0,-1,53,26,CORRECT,0,0,0,0,0,0,0.0,0.0,answer,
margin,live-delta,10,0.0,0.244356,0.607198,5.7e-05,0.980469,0.466277,0.616277,0.021745800971984863,0.7166833877563477,0.6949375867843628,1.9931995868682861,7.338977813720703,0.38795801997184753,20,0,0,1,0,1,0,0.0,0.5401468873023987,2,clean,0.0,-1,56,11,CORRECT,0,0,0,0,0,0,0.0,0.0,answer,
margin,live-delta,10,0.0,0.244356,0.607198,5.7e-05,0.980469,0.466277,0.616277,0.030704915523529053,0.7882815599441528,0.7575766444206238,1.7928885221481323,6.006778240203857,0.4267408549785614,19,0,0,1,0,1,0,0.0,0.4446962773799896,2,clean,0.0,-1,57,21,CORRECT,0,0,0,0,0,0,0.0,0.0,answer,
margin,live-delta,10,0.0,0.244356,0.607198,5.7e-05,0.980469,0.466277,0.616277,0.02657550573348999,0.8341991901397705,0.8076236844062805,2.004579782485962,7.422974109649658,0.35644713044166565,20,0,0,1,0,1,0,0.0,0.6128807067871094,2,clean,0.0,-1,58,0,CORRECT,0,0,0,0,0,0,0.0,0.0,answer,
margin,live-delta,10,0.0,0.244356,0.607198,5.7e-05,0.980469,0.466277,0.616277,0.003304004669189453,0.677891731262207,0.6745877265930176,2.606302499771118,13.548861503601074,0.1863083690404892,20,0,0,1,0,1,0,0.0,0.48026907444000244,2,clean,0.0,-1,59,14,CORRECT,0,0,0,0,0,0,0.0,0.0,answer,
margin,live-delta,10,0.0,0.244356,0.607198,5.7e-05,0.980469,0.466277,0.616277,0.06265604496002197,0.8349859714508057,0.7723299264907837,1.7187001705169678,5.577274322509766,0.5307914614677429,20,0,0,1,0,1,0,0.0,0.6107056736946106,2,clean,0.0,-1,60,2,CORRECT,0,0,0,0,0,0,0.0,0.0,answer,
margin,live-delta,10,0.0,0.244356,0.607198,5.7e-05,0.980469,0.466277,0.616277,0.002447187900543213,0.8728757500648499,0.8704285621643066,1.7311381101608276,5.6470770835876465,0.3716391623020172,20,0,0,1,0,1,0,0.0,0.6611804962158203,2,clean,0.0,-1,61,0,CORRECT,0,0,0,0,0,0,0.0,0.0,answer,
margin,live-delta,10,0.0,0.244356,0.607198,5.7e-05,0.980469,0.466277,0.616277,0.0034145712852478027,0.5589209198951721,0.5555063486099243,2.3829386234283447,10.836701393127441,0.17335356771945953,13,0,0,1,0,1,0,0.0,0.3900502622127533,2,clean,0.0,-1,62,0,CORRECT,0,0,0,0,0,0,0.0,0.0,answer,
margin,live-delta,10,0.0,0.244356,0.607198,5.7e-05,0.980469,0.466277,0.616277,0.024738192558288574,0.6136946678161621,0.5889564752578735,2.2272839546203613,9.274641036987305,0.24552853405475616,13,0,0,1,0,1,0,0.0,0.309717059135437,2,clean,0.0,-1,63,3,CORRECT,0,0,0,0,0,0,0.0,0.0,answer,
margin,live-delta,10,0.0,0.244356,0.607198,5.7e-05,0.980469,0.466277,0.616277,0.09998571872711182,0.618600070476532,0.5186143517494202,1.090551733970642,2.9759154319763184,0.6926170587539673,6,1,1,1,1,1,0,0.0,0.40959230065345764,2,clean,0.0,-1,64,50,CORRECT,0,0,0,0,0,0,0.0,0.0,answer,
margin,live-delta,10,0.0,0.244356,0.607198,5.7e-05,0.980469,0.466277,0.616277,0.05121266841888428,0.7665919661521912,0.7153792977333069,1.7484828233718872,5.74587869644165,0.47212183475494385,15,1,1,1,1,1,0,0.0,0.40311747789382935,2,clean,0.0,-1,65,37,CORRECT,0,0,0,0,0,0,0.0,0.0,answer,
margin,live-delta,10,0.0,0.244356,0.607198,5.7e-05,0.980469,0.466277,0.616277,0.03203341364860535,0.5036468505859375,0.47161343693733215,0.644357442855835,1.9047627449035645,0.6549046635627747,2,1,1,1,1,1,0,0.0,0.337674081325531,2,clean,0.0,-1,66,35,CORRECT,0,0,0,0,0,0,0.0,0.0,answer,
margin,live-delta,10,0.0,0.244356,0.607198,5.7e-05,0.980469,0.466277,0.616277,0.10132157802581787,0.6654294729232788,0.5641078948974609,1.589150071144104,4.899582862854004,0.600055456161499,12,1,1,1,1,1,0,0.0,0.41640186309814453,2,clean,0.0,-1,67,47,CORRECT,0,0,0,0,0,0,0.0,0.0,answer,
margin,live-delta,10,0.0,0.244356,0.607198,5.7e-05,0.980469,0.466277,0.616277,0.05116629600524902,0.6455747485160828,0.5944084525108337,1.2960596084594727,3.6548666954040527,0.5464943051338196,7,1,1,1,1,1,0,0.0,0.4683803915977478,2,clean,0.0,-1,68,57,CORRECT,0,0,0,0,0,0,0.0,0.0,answer,
margin,live-delta,10,0.0,0.244356,0.607198,5.7e-05,0.980469,0.466277,0.616277,0.11027538776397705,0.6950936317443848,0.5848182439804077,0.7107840776443481,2.0355865955352783,0.8172983527183533,6,1,1,1,1,1,0,0.0,0.4552825391292572,2,clean,0.0,-1,69,36,CORRECT,0,0,0,0,0,0,0.0,0.0,answer,
margin,live-delta,10,0.0,0.244356,0.607198,5.7e-05,0.980469,0.466277,0.616277,0.07145816087722778,0.8408964276313782,0.7694382667541504,1.6646839380264282,5.284002780914307,0.505393385887146,16,1,1,1,1,1,0,0.0,0.40438294410705566,2,clean,0.0,-1,70,40,CORRECT,0,0,0,0,0,0,0.0,0.0,answer,
margin,live-delta,10,0.0,0.244356,0.607198,5.7e-05,0.980469,0.466277,0.616277,0.006285190582275391,0.5209206342697144,0.514635443687439,1.8887509107589722,6.611105442047119,0.21866096556186676,7,1,1,1,1,1,0,0.0,0.3271400034427643,2,clean,0.0,-1,71,47,CORRECT,0,0,0,0,0,0,0.0,0.0,answer,
margin,live-delta,10,0.0,0.244356,0.607198,5.7e-05,0.980469,0.466277,0.616277,0.1541154384613037,0.7070056200027466,0.5528901815414429,0.25915229320526123,1.2958310842514038,0.9408519864082336,3,1,1,1,1,1,0,0.0,0.5489740371704102,2,clean,0.0,-1,72,36,CORRECT,0,0,0,0,0,0,0.0,0.0,answer,
margin,live-delta,10,0.0,0.244356,0.607198,5.7e-05,0.980469,0.466277,0.616277,0.03657364845275879,0.7942038774490356,0.7576302289962769,1.9058846235275269,6.725354194641113,0.3367863893508911,15,1,1,1,1,1,0,0.0,0.42950505018234253,2,clean,0.0,-1,74,45,CORRECT,0,0,0,0,0,0,0.0,0.0,answer,
margin,live-delta,10,0.0,0.244356,0.607198,5.7e-05,0.980469,0.466277,0.616277,0.12161687016487122,0.4690021574497223,0.3473852872848511,-0.0,1.0,1.0,1,1,1,1,1,1,0,0.0,0.29065269231796265,2,clean,0.0,-1,75,44,CORRECT,0,0,0,0,0,0,0.0,0.0,answer,
margin,live-delta,10,0.0,0.244356,0.607198,5.7e-05,0.980469,0.466277,0.616277,0.03811115026473999,0.7916508913040161,0.7535397410392761,1.5426193475723267,4.676824569702148,0.4435966908931732,12,1,1,1,1,1,0,0.0,0.4099929630756378,2,clean,0.0,-1,77,60,CORRECT,0,0,0,0,0,0,0.0,0.0,answer,
margin,live-delta,10,0.0,0.244356,0.607198,5.7e-05,0.980469,0.466277,0.616277,0.027743279933929443,0.6010585427284241,0.5733152627944946,1.4160377979278564,4.120760917663574,0.46678048372268677,6,1,1,1,1,1,0,0.0,0.415357768535614,2,clean,0.0,-1,78,35,CORRECT,0,0,0,0,0,0,0.0,0.0,answer,
margin,live-delta,10,0.0,0.244356,0.607198,5.7e-05,0.980469,0.466277,0.616277,0.037351906299591064,0.5969131588935852,0.5595612525939941,1.4065840244293213,4.081987380981445,0.4622056484222412,6,1,1,1,1,1,0,0.0,0.421724796295166,2,clean,0.0,-1,79,47,CORRECT,0,0,0,0,0,0,0.0,0.0,answer,
margin,live-delta,10,0.0,0.244356,0.607198,5.7e-05,0.980469,0.466277,0.616277,0.2626209259033203,0.7004657983779907,0.4378448724746704,-0.0,1.0,1.0,1,1,1,1,1,1,0,0.0,0.508686363697052,2,clean,0.0,-1,81,44,CORRECT,0,0,0,0,0,0,0.0,0.0,answer,
margin,live-delta,10,0.0,0.244356,0.607198,5.7e-05,0.980469,0.466277,0.616277,0.002087831497192383,0.5332192182540894,0.531131386756897,1.879578948020935,6.550745964050293,0.2097821682691574,7,1,1,1,1,1,0,0.0,0.35299718379974365,2,clean,0.0,-1,82,52,CORRECT,0,0,0,0,0,0,0.0,0.0,answer,
margin,live-delta,10,0.0,0.244356,0.607198,5.7e-05,0.980469,0.466277,0.616277,0.02273687720298767,0.5098756551742554,0.4871387779712677,1.0672328472137451,2.9073233604431152,0.4528815448284149,3,1,1,1,1,1,0,0.0,0.33688005805015564,2,clean,0.0,-1,83,35,CORRECT,0,0,0,0,0,0,0.0,0.0,answer,
margin,live-delta,10,0.0,0.244356,0.607198,5.7e-05,0.980469,0.466277,0.616277,0.0005498528480529785,0.6723116040229797,0.6717617511749268,2.3331432342529297,10.310297966003418,0.1623452752828598,15,1,1,1,1,1,0,0.0,0.3700893819332123,2,clean,0.0,-1,84,40,CORRECT,0,0,0,0,0,0,0.0,0.0,answer,
margin,live-delta,10,0.0,0.244356,0.607198,5.7e-05,0.980469,0.466277,0.616277,0.02664715051651001,0.487519770860672,0.460872620344162,-0.0,1.0,1.0,1,1,1,1,1,1,0,0.0,0.24179601669311523,2,clean,0.0,-1,85,63,CORRECT,0,0,0,0,0,0,0.0,0.0,answer,
margin,live-delta,10,0.0,0.244356,0.607198,5.7e-05,0.980469,0.466277,0.616277,0.06783407926559448,0.6784102916717529,0.6105762124061584,1.8441320657730103,6.322609901428223,0.45953890681266785,13,1,1,1,1,1,0,0.0,0.36041104793548584,2,clean,0.0,-1,86,61,CORRECT,0,0,0,0,0,0,0.0,0.0,answer,
margin,live-delta,10,0.0,0.244356,0.607198,5.7e-05,0.980469,0.466277,0.616277,0.1254260540008545,0.5565441846847534,0.4311181306838989,-0.0,1.0,1.0,1,1,1,1,1,1,0,0.0,0.35206863284111023,2,clean,0.0,-1,87,63,CORRECT,0,0,0,0,0,0,0.0,0.0,answer,
margin,live-delta,10,0.0,0.244356,0.607198,5.7e-05,0.980469,0.466277,0.616277,0.0759202241897583,0.4897550344467163,0.413834810256958,-0.0,1.0,1.0,1,1,1,1,1,1,0,0.0,0.197681725025177,2,clean,0.0,-1,88,44,CORRECT,0,0,0,0,0,0,0.0,0.0,answer,
margin,live-delta,10,0.0,0.244356,0.607198,5.7e-05,0.980469,0.466277,0.616277,0.009209275245666504,0.5815664529800415,0.572357177734375,2.1523971557617188,8.605462074279785,0.23630297183990479,11,1,1,1,1,1,0,0.0,0.2658657729625702,2,clean,0.0,-1,89,50,CORRECT,0,0,0,0,0,0,0.0,0.0,answer,
margin,live-delta,10,0.0,0.244356,0.607198,5.7e-05,0.980469,0.466277,0.616277,0.026315629482269287,0.5693287253379822,0.5430130958557129,1.5898866653442383,4.90319299697876,0.3744606673717499,6,1,1,1,1,1,0,0.0,0.44232887029647827,2,clean,0.0,-1,90,59,CORRECT,0,0,0,0,0,0,0.0,0.0,answer,
margin,live-delta,10,0.0,0.244356,0.607198,5.7e-05,0.980469,0.466277,0.616277,0.08912777900695801,0.756209135055542,0.667081356048584,1.6893302202224731,5.415852069854736,0.5579541325569153,15,1,1,1,1,1,0,0.0,0.35234421491622925,2,clean,0.0,-1,91,40,CORRECT,0,0,0,0,0,0,0.0,0.0,answer,
margin,live-delta,10,0.0,0.244356,0.607198,5.7e-05,0.980469,0.466277,0.616277,0.008020877838134766,0.5828986763954163,0.5748777985572815,2.2008423805236816,9.03261947631836,0.23457404971122742,11,1,1,1,1,1,0,0.0,0.37079745531082153,2,clean,0.0,-1,93,38,CORRECT,0,0,0,0,0,0,0.0,0.0,answer,
margin,live-delta,10,0.0,0.244356,0.607198,5.7e-05,0.980469,0.466277,0.616277,0.03238600492477417,0.6400529742240906,0.6076669692993164,2.0842947959899902,8.038920402526855,0.3071781098842621,12,1,1,1,1,1,0,0.0,0.2573622465133667,2,clean,0.0,-1,94,60,CORRECT,0,0,0,0,0,0,0.0,0.0,answer,
margin,live-delta,10,0.0,0.244356,0.607198,5.7e-05,0.980469,0.466277,0.616277,0.06375056505203247,0.5301032066345215,0.466352641582489,0.5248762369155884,1.6902496814727783,0.7815993428230286,2,1,1,1,1,1,0,0.0,0.346439003944397,2,clean,0.0,-1,95,52,CORRECT,0,0,0,0,0,0,0.0,0.0,answer,
margin,live-delta,10,0.0,0.244356,0.607198,5.7e-05,0.980469,0.466277,0.616277,0.01938331127166748,0.5583243370056152,0.5389410257339478,1.2063450813293457,3.341250419616699,0.4621243476867676,4,1,1,1,1,1,0,0.0,0.3553626537322998,2,clean,0.0,-1,96,42,CORRECT,0,0,0,0,0,0,0.0,0.0,answer,
margin,live-delta,10,0.0,0.244356,0.607198,5.7e-05,0.980469,0.466277,0.616277,0.03714674711227417,0.624442458152771,0.5872957110404968,2.082209348678589,8.022172927856445,0.3359236717224121,12,1,1,1,1,1,0,0.0,0.39441344141960144,2,clean,0.0,-1,97,52,CORRECT,0,0,0,0,0,0,0.0,0.0,answer,
margin,live-delta,10,0.0,0.244356,0.607198,5.7e-05,0.980469,0.466277,0.616277,0.008182287216186523,0.710715115070343,0.7025328278541565,1.9646108150482178,7.132136344909668,0.24671868979930878,15,1,1,1,1,1,0,0.0,0.4413045346736908,2,clean,0.0,-1,98,32,CORRECT,0,0,0,0,0,0,0.0,0.0,answer,
margin,live-delta,10,0.0,0.244356,0.607198,5.7e-05,0.980469,0.466277,0.616277,0.07950395345687866,0.8086062073707581,0.7291022539138794,1.727082371711731,5.624220371246338,0.5324875712394714,17,1,1,1,1,1,0,0.0,0.39816349744796753,2,clean,0.0,-1,99,40,CORRECT,0,0,0,0,0,0,0.0,0.0,answer,
margin,live-delta,10,0.0,0.244356,0.607198,5.7e-05,0.980469,0.466277,0.616277,0.05860075354576111,0.5353360772132874,0.47673532366752625,0.5470012426376343,1.7280632257461548,0.7635090947151184,2,1,1,1,1,1,0,0.0,0.3425619602203369,2,clean,0.0,-1,100,57,CORRECT,0,0,0,0,0,0,0.0,0.0,answer,
margin,live-delta,10,0.0,0.244356,0.607198,5.7e-05,0.980469,0.466277,0.616277,0.021641671657562256,0.6355977058410645,0.6139560341835022,2.4214563369750977,11.262248992919922,0.23112753033638,16,1,1,1,1,1,0,0.0,0.4764178395271301,2,clean,0.0,-1,101,59,CORRECT,0,0,0,0,0,0,0.0,0.0,answer,
margin,live-delta,10,0.0,0.244356,0.607198,5.7e-05,0.980469,0.466277,0.616277,0.054714083671569824,0.5064904689788818,0.451776385307312,-0.0,1.0,1.0,1,1,1,1,1,1,0,0.0,0.2953105568885803,2,clean,0.0,-1,102,63,CORRECT,0,0,0,0,0,0,0.0,0.0,answer,
margin,live-delta,10,0.0,0.244356,0.607198,5.7e-05,0.980469,0.466277,0.616277,0.007851600646972656,0.5549097061157227,0.54705810546875,0.9500627517700195,2.585871934890747,0.48384636640548706,3,1,1,1,1,1,0,0.0,0.348261296749115,2,clean,0.0,-1,103,39,CORRECT,0,0,0,0,0,0,0.0,0.0,answer,
margin,live-delta,10,0.0,0.244356,0.607198,5.7e-05,0.980469,0.466277,0.616277,0.0412028431892395,0.5383107662200928,0.49710792303085327,1.2734624147415161,3.5732030868530273,0.46618518233299255,4,1,1,1,1,1,0,0.0,0.16544708609580994,2,clean,0.0,-1,105,41,CORRECT,0,0,0,0,0,0,0.0,0.0,answer,
margin,live-delta,10,0.0,0.244356,0.607198,5.7e-05,0.980469,0.466277,0.616277,0.06919336318969727,0.8411480188369751,0.7719546556472778,1.6193878650665283,5.0499982833862305,0.5550135374069214,18,1,1,1,1,1,0,0.0,0.46236059069633484,2,clean,0.0,-1,106,40,CORRECT,0,0,0,0,0,0,0.0,0.0,answer,
margin,live-delta,10,0.0,0.244356,0.607198,5.7e-05,0.980469,0.466277,0.616277,0.0112648606300354,0.5574491620063782,0.5461843013763428,2.1453616619110107,8.54513168334961,0.22670850157737732,10,1,1,1,1,1,0,0.0,0.3906744420528412,2,clean,0.0,-1,107,51,CORRECT,0,0,0,0,0,0,0.0,0.0,answer,
margin,live-delta,10,0.0,0.244356,0.607198,5.7e-05,0.980469,0.466277,0.616277,0.03881198167800903,0.5745145082473755,0.5357025265693665,1.5413742065429688,4.671004772186279,0.4340221881866455,6,1,1,1,1,1,0,0.0,0.42668288946151733,2,clean,0.0,-1,109,38,CORRECT,0,0,0,0,0,0,0.0,0.0,answer,
margin,live-delta,10,0.0,0.244356,0.607198,5.7e-05,0.980469,0.466277,0.616277,0.013598799705505371,0.6043965816497803,0.5907977819442749,2.234657049179077,9.343276977539062,0.19502900540828705,13,1,1,1,1,1,0,0.0,0.2900141477584839,2,clean,0.0,-1,110,51,CORRECT,0,0,0,0,0,0,0.0,0.0,answer,
margin,live-delta,10,0.0,0.244356,0.607198,5.7e-05,0.980469,0.466277,0.616277,0.05629462003707886,0.47336429357528687,0.417069673538208,-0.0,1.0,1.0,1,1,1,1,1,1,0,0.0,0.16464796662330627,2,clean,0.0,-1,111,59,CORRECT,0,0,0,0,0,0,0.0,0.0,answer,
margin,live-delta,10,0.0,0.244356,0.607198,5.7e-05,0.980469,0.466277,0.616277,0.005659312009811401,0.4965621531009674,0.490902841091156,1.3755953311920166,3.9574320316314697,0.29926928877830505,4,1,1,1,1,1,0,0.0,0.1582716405391693,2,clean,0.0,-1,112,63,CORRECT,0,0,0,0,0,0,0.0,0.0,answer,
margin,live-delta,10,0.0,0.244356,0.607198,5.7e-05,0.980469,0.466277,0.616277,0.03795003890991211,0.5386905670166016,0.5007405281066895,0.6260095834732056,1.8701330423355103,0.6811367869377136,2,1,1,1,1,1,0,0.0,0.34128454327583313,2,clean,0.0,-1,113,36,CORRECT,0,0,0,0,0,0,0.0,0.0,answer,
margin,live-delta,10,0.0,0.244356,0.607198,5.7e-05,0.980469,0.466277,0.616277,0.0009084939956665039,0.5301651954650879,0.5292567014694214,1.3083757162094116,3.7001585960388184,0.31801289319992065,4,1,1,1,1,1,0,0.0,0.2635127902030945,2,clean,0.0,-1,115,62,CORRECT,0,0,0,0,0,0,0.0,0.0,answer,
margin,live-delta,10,0.0,0.244356,0.607198,5.7e-05,0.980469,0.466277,0.616277,0.005991756916046143,0.6308895349502563,0.6248977780342102,2.041196823120117,7.699819087982178,0.2383880913257599,14,1,1,1,1,1,0,0.0,0.4562114477157593,2,clean,0.0,-1,116,38,CORRECT,0,0,0,0,0,0,0.0,0.0,answer,
margin,live-delta,10,0.0,0.244356,0.607198,5.7e-05,0.980469,0.466277,0.616277,0.08642899990081787,0.6468977928161621,0.5604687929153442,1.4230724573135376,4.149851322174072,0.5965681672096252,8,1,1,1,1,1,0,0.0,0.3993479609489441,2,clean,0.0,-1,117,42,CORRECT,0,0,0,0,0,0,0.0,0.0,answer,
margin,live-delta,10,0.0,0.244356,0.607198,5.7e-05,0.980469,0.466277,0.616277,0.06817120313644409,0.7197924852371216,0.6516212821006775,1.7145893573760986,5.554394245147705,0.5323235988616943,15,1,1,1,1,1,0,0.0,0.3329954743385315,2,clean,0.0,-1,118,40,CORRECT,0,0,0,0,0,0,0.0,0.0,answer,
margin,live-delta,10,0.0,0.244356,0.607198,5.7e-05,0.980469,0.466277,0.616277,0.05210930109024048,0.5614919066429138,0.5093826055526733,0.859039306640625,2.360891580581665,0.65705806016922,3,1,1,1,1,1,0,0.0,0.39505207538604736,2,clean,0.0,-1,119,51,CORRECT,0,0,0,0,0,0,0.0,0.0,answer,
margin,live-delta,10,0.0,0.244356,0.607198,5.7e-05,0.980469,0.466277,0.616277,0.022288918495178223,0.5903431177139282,0.56805419921875,1.8569599390029907,6.404237747192383,0.3308742940425873,9,1,1,1,1,1,0,0.0,0.38903000950813293,2,clean,0.0,-1,121,57,CORRECT,0,0,0,0,0,0,0.0,0.0,answer,
margin,live-delta,10,0.0,0.244356,0.607198,5.7e-05,0.980469,0.466277,0.616277,0.09091466665267944,0.6686475872993469,0.5777329206466675,1.4103723764419556,4.097480773925781,0.6350938081741333,11,1,1,1,1,1,0,0.0,0.4798545837402344,2,clean,0.0,-1,122,50,CORRECT,0,0,0,0,0,0,0.0,0.0,answer,
margin,live-delta,10,0.0,0.244356,0.607198,5.7e-05,0.980469,0.466277,0.616277,0.013231277465820312,0.5954697132110596,0.5822384357452393,1.8852791786193848,6.588193416595459,0.31591758131980896,9,1,1,1,1,1,0,0.0,0.3156626522541046,2,clean,0.0,-1,123,52,CORRECT,0,0,0,0,0,0,0.0,0.0,answer,
margin,live-delta,10,0.0,0.244356,0.607198,5.7e-05,0.980469,0.466277,0.616277,0.004436910152435303,0.8431375026702881,0.8387005925178528,1.4869407415390015,4.423542022705078,0.4011160135269165,13,1,1,1,1,1,0,0.0,0.4534303545951843,2,clean,0.0,-1,125,41,CORRECT,0,0,0,0,0,0,0.0,0.0,answer,
margin,live-delta,10,0.0,0.244356,0.607198,5.7e-05,0.980469,0.466277,0.616277,0.08864820003509521,0.4892336130142212,0.400585412979126,-0.0,1.0,1.0,1,1,1,1,1,1,0,0.0,0.2482023388147354,2,clean,0.0,-1,126,38,CORRECT,0,0,0,0,0,0,0.0,0.0,answer,
margin,live-delta,10,0.0,0.244356,0.607198,5.7e-05,0.980469,0.466277,0.616277,0.07421362400054932,0.5997445583343506,0.5255309343338013,1.4360886812210083,4.204219818115234,0.5549681782722473,7,1,1,1,1,1,0,0.0,0.2862173318862915,2,clean,0.0,-1,127,47,CORRECT,0,0,0,0,0,0,0.0,0.0,answer,
margin,live-delta,10,0.0,0.244356,0.607198,5.7e-05,0.980469,0.466277,0.616277,0.016283154487609863,0.5630731582641602,0.5467900037765503,2.561187744140625,12.951190948486328,0.15698552131652832,15,2,2,1,2,1,0,0.0,0.36430293321609497,2,clean,0.0,-1,129,89,CORRECT,0,0,0,0,0,0,0.0,0.0,answer,
margin,live-delta,10,0.0,0.244356,0.607198,5.7e-05,0.980469,0.466277,0.616277,0.060343146324157715,0.7414408922195435,0.6810977458953857,1.7353003025054932,5.67063045501709,0.4609133005142212,15,2,2,1,2,1,0,0.0,0.5133565664291382,2,clean,0.0,-1,130,80,CORRECT,0,0,0,0,0,0,0.0,0.0,answer,
margin,live-delta,10,0.0,0.244356,0.607198,5.7e-05,0.980469,0.466277,0.616277,0.04067337512969971,0.6881340146064758,0.6474606394767761,1.7969489097595215,6.031217575073242,0.4137338697910309,14,2,2,1,2,1,0,0.0,0.5713598728179932,2,clean,0.0,-1,131,84,CORRECT,0,0,0,0,0,0,0.0,0.0,answer,
margin,live-delta,10,0.0,0.244356,0.607198,5.7e-05,0.980469,0.466277,0.616277,0.14067071676254272,0.7042433023452759,0.5635725855827332,0.9601891040802002,2.6121904850006104,0.7839149236679077,10,2,2,1,2,1,0,0.0,0.5656924247741699,2,clean,0.0,-1,132,82,CORRECT,0,0,0,0,0,0,0.0,0.0,answer,
margin,live-delta,10,0.0,0.244356,0.607198,5.7e-05,0.980469,0.466277,0.616277,0.036290526390075684,0.671927809715271,0.6356372833251953,1.6878896951675415,5.408055782318115,0.427912175655365,13,2,2,1,2,1,0,0.0,0.5307698249816895,2,clean,0.0,-1,133,84,CORRECT,0,0,0,0,0,0,0.0,0.0,answer,
margin,live-delta,10,0.0,0.244356,0.607198,5.7e-05,0.980469,0.466277,0.616277,0.0068738460540771484,0.5189614295959473,0.5120875835418701,1.7381528615951538,5.686829566955566,0.26037150621414185,6,2,2,1,2,1,0,0.0,0.2802686393260956,2,clean,0.0,-1,134,89,CORRECT,0,0,0,0,0,0,0.0,0.0,answer,
margin,live-delta,10,0.0,0.244356,0.607198,5.7e-05,0.980469,0.466277,0.616277,0.0005246996879577637,0.7538886666297913,0.7533639669418335,1.7762717008590698,5.90778923034668,0.3020019829273224,13,2,2,1,2,1,0,0.0,0.547387957572937,2,clean,0.0,-1,136,80,CORRECT,0,0,0,0,0,0,0.0,0.0,answer,
margin,live-delta,10,0.0,0.244356,0.607198,5.7e-05,0.980469,0.466277,0.616277,0.003684520721435547,0.6487258076667786,0.645041286945343,1.9841867685317993,7.273130416870117,0.2580257058143616,13,2,2,1,2,1,0,0.0,0.535396158695221,2,clean,0.0,-1,137,91,CORRECT,0,0,0,0,0,0,0.0,0.0,answer,
margin,live-delta,10,0.0,0.244356,0.607198,5.7e-05,0.980469,0.466277,0.616277,0.05013328790664673,0.7074763178825378,0.6573430299758911,2.0383803844451904,7.678163528442383,0.4086896777153015,19,2,2,1,2,1,0,0.0,0.5535368919372559,2,clean,0.0,-1,138,79,CORRECT,0,0,0,0,0,0,0.0,0.0,answer,
margin,live-delta,10,0.0,0.244356,0.607198,5.7e-05,0.980469,0.466277,0.616277,0.015082180500030518,0.565150797367096,0.5500686168670654,1.5573731660842896,4.746336936950684,0.3736588954925537,6,2,2,1,2,1,0,0.0,0.17426016926765442,2,clean,0.0,-1,139,67,CORRECT,0,0,0,0,0,0,0.0,0.0,answer,
margin,live-delta,10,0.0,0.244356,0.607198,5.7e-05,0.980469,0.466277,0.616277,0.10315626859664917,0.7914308905601501,0.688274621963501,0.5238189697265625,1.688463568687439,0.8545571565628052,5,2,2,1,2,1,0,0.0,0.6833494901657104,2,clean,0.0,-1,140,68,CORRECT,0,0,0,0,0,0,0.0,0.0,answer,
margin,live-delta,10,0.0,0.244356,0.607198,5.7e-05,0.980469,0.466277,0.616277,0.027010083198547363,0.5625884532928467,0.5355783700942993,2.3756349086761475,10.757841110229492,0.20922696590423584,12,2,2,1,2,1,0,0.0,0.3420320749282837,2,clean,0.0,-1,141,80,CORRECT,0,0,0,0,0,0,0.0,0.0,answer,
margin,live-delta,10,0.0,0.244356,0.607198,5.7e-05,0.980469,0.466277,0.616277,0.13027608394622803,0.7915511131286621,0.6612750291824341,1.1040230989456177,3.0162763595581055,0.7611311674118042,18,2,2,1,2,1,0,0.0,0.6682131290435791,2,clean,0.0,-1,142,95,CORRECT,0,0,0,0,0,0,0.0,0.0,answer,
margin,live-delta,10,0.0,0.244356,0.607198,5.7e-05,0.980469,0.466277,0.616277,0.13579082489013672,0.6931444406509399,0.5573536157608032,0.29598867893218994,1.3444548845291138,0.9264243841171265,3,2,2,1,2,1,0,0.0,0.47784537076950073,2,clean,0.0,-1,143,76,CORRECT,0,0,0,0,0,0,0.0,0.0,answer,
margin,live-delta,10,0.0,0.244356,0.607198,5.7e-05,0.980469,0.466277,0.616277,0.00894784927368164,0.5137728452682495,0.5048249959945679,2.05660343170166,7.819365501403809,0.17077074944972992,8,2,2,1,2,1,0,0.0,0.330750972032547,2,clean,0.0,-1,144,84,CORRECT,0,0,0,0,0,0,0.0,0.0,answer,
margin,live-delta,10,0.0,0.244356,0.607198,5.7e-05,0.980469,0.466277,0.616277,0.030334651470184326,0.6259560585021973,0.5956214070320129,2.16801118850708,8.740882873535156,0.32913848757743835,14,2,2,1,2,1,0,0.0,0.35051417350769043,2,clean,0.0,-1,145,90,CORRECT,0,0,0,0,0,0,0.0,0.0,answer,
margin,live-delta,10,0.0,0.244356,0.607198,5.7e-05,0.980469,0.466277,0.616277,0.015457987785339355,0.5768289566040039,0.5613709688186646,1.3100781440734863,3.70646333694458,0.39021971821784973,4,2,2,1,2,1,0,0.0,0.3091595768928528,2,clean,0.0,-1,146,85,CORRECT,0,0,0,0,0,0,0.0,0.0,answer,
margin,live-delta,10,0.0,0.244356,0.607198,5.7e-05,0.980469,0.466277,0.616277,0.009372591972351074,0.7042195796966553,0.6948469877243042,2.2201528549194336,9.208738327026367,0.22787244617938995,20,2,2,1,2,1,0,0.0,0.4942100942134857,2,clean,0.0,-1,147,80,CORRECT,0,0,0,0,0,0,0.0,0.0,answer,
margin,live-delta,10,0.0,0.244356,0.607198,5.7e-05,0.980469,0.466277,0.616277,0.029896914958953857,0.6239545941352844,0.5940576791763306,2.3112339973449707,10.086864471435547,0.31198281049728394,16,2,2,1,2,1,0,0.0,0.3297209143638611,2,clean,0.0,-1,148,95,CORRECT,0,0,0,0,0,0,0.0,0.0,answer,
margin,live-delta,10,0.0,0.244356,0.607198,5.7e-05,0.980469,0.466277,0.616277,0.004040539264678955,0.5432393550872803,0.5391988158226013,1.5254955291748047,4.597421169281006,0.2913380265235901,5,2,2,1,2,1,0,0.0,0.3532825708389282,2,clean,0.0,-1,149,94,CORRECT,0,0,0,0,0,0,0.0,0.0,answer,
margin,live-delta,10,0.0,0.244356,0.607198,5.7e-05,0.980469,0.466277,0.616277,0.005341708660125732,0.5863345265388489,0.5809928178787231,1.7241647243499756,5.607834815979004,0.28412020206451416,7,2,2,1,2,1,0,0.0,0.4689067006111145,2,clean,0.0,-1,151,95,CORRECT,0,0,0,0,0,0,0.0,0.0,answer,
margin,live-delta,10,0.0,0.244356,0.607198,5.7e-05,0.980469,0.466277,0.616277,0.013454973697662354,0.5799499750137329,0.5664950013160706,1.8747450113296509,6.519156455993652,0.3245985805988312,9,2,2,1,2,1,0,0.0,0.45656436681747437,2,clean,0.0,-1,152,71,CORRECT,0,0,0,0,0,0,0.0,0.0,answer,
margin,live-delta,10,0.0,0.244356,0.607198,5.7e-05,0.980469,0.466277,0.616277,0.055962324142456055,0.7152880430221558,0.6593257188796997,2.0730578899383545,7.949093341827393,0.41245174407958984,17,2,2,1,2,1,0,0.0,0.5391017198562622,2,clean,0.0,-1,153,80,CORRECT,0,0,0,0,0,0,0.0,0.0,answer,
margin,live-delta,10,0.0,0.244356,0.607198,5.7e-05,0.980469,0.466277,0.616277,0.02488243579864502,0.6584439277648926,0.6335614919662476,2.0872437953948975,8.062662124633789,0.347737580537796,16,2,2,1,2,1,0,0.0,0.4151434600353241,2,clean,0.0,-1,154,74,CORRECT,0,0,0,0,0,0,0.0,0.0,answer,
margin,live-delta,10,0.0,0.244356,0.607198,5.7e-05,0.980469,0.466277,0.616277,0.04854661226272583,0.5953265428543091,0.5467799305915833,1.16036856174469,3.1911091804504395,0.586326539516449,5,2,2,1,2,1,0,0.0,0.43014076352119446,2,clean,0.0,-1,156,68,CORRECT,0,0,0,0,0,0,0.0,0.0,answer,
margin,live-delta,10,0.0,0.244356,0.607198,5.7e-05,0.980469,0.466277,0.616277,0.0775800347328186,0.7291195392608643,0.6515395045280457,1.356828212738037,3.883854866027832,0.6280791759490967,12,2,2,1,2,1,0,0.0,0.5488950610160828,2,clean,0.0,-1,157,94,CORRECT,0,0,0,0,0,0,0.0,0.0,answer,
margin,live-delta,10,0.0,0.244356,0.607198,5.7e-05,0.980469,0.466277,0.616277,0.02474379539489746,0.69541335105896,0.6706695556640625,2.2874703407287598,9.84998893737793,0.32333171367645264,20,2,2,1,2,1,0,0.0,0.46810394525527954,2,clean,0.0,-1,158,92,CORRECT,0,0,0,0,0,0,0.0,0.0,answer,
margin,live-delta,10,0.0,0.244356,0.607198,5.7e-05,0.980469,0.466277,0.616277,0.11211967468261719,0.7105110883712769,0.5983914136886597,0.9322810173034668,2.540297031402588,0.7841705679893494,11,2,2,1,2,1,0,0.0,0.5441452860832214,2,clean,0.0,-1,159,68,CORRECT,0,0,0,0,0,0,0.0,0.0,answer,
margin,live-delta,10,0.0,0.244356,0.607198,5.7e-05,0.980469,0.466277,0.616277,0.012909889221191406,0.6248509883880615,0.6119410991668701,1.034548282623291,2.8138349056243896,0.49615219235420227,4,2,2,1,2,1,0,0.0,0.5396009087562561,2,clean,0.0,-1,160,85,CORRECT,0,0,0,0,0,0,0.0,0.0,answer,
margin,live-delta,10,0.0,0.244356,0.607198,5.7e-05,0.980469,0.466277,0.616277,0.005746603012084961,0.5610314607620239,0.555284857749939,1.8373068571090698,6.279603481292725,0.2964525520801544,8,2,2,1,2,1,0,0.0,0.35305845737457275,2,clean,0.0,-1,162,95,CORRECT,0,0,0,0,0,0,0.0,0.0,answer,
margin,live-delta,10,0.0,0.244356,0.607198,5.7e-05,0.980469,0.466277,0.616277,0.15240740776062012,0.8081988096237183,0.6557914018630981,0.4359906315803528,1.5464942455291748,0.9095169901847839,9,2,2,1,2,1,0,0.0,0.6263875365257263,2,clean,0.0,-1,163,82,CORRECT,0,0,0,0,0,0,0.0,0.0,answer,
margin,live-delta,10,0.0,0.244356,0.607198,5.7e-05,0.980469,0.466277,0.616277,0.06616216897964478,0.7789145708084106,0.7127524018287659,1.4441739320755005,4.238349437713623,0.5569444894790649,12,2,2,1,2,1,0,0.0,0.601078987121582,2,clean,0.0,-1,164,80,CORRECT,0,0,0,0,0,0,0.0,0.0,answer,
margin,live-delta,10,0.0,0.244356,0.607198,5.7e-05,0.980469,0.466277,0.616277,0.02064359188079834,0.5866369605064392,0.5659933686256409,2.4229724407196045,11.279336929321289,0.2292332649230957,14,2,2,1,2,1,0,0.0,0.44338637590408325,2,clean,0.0,-1,166,88,CORRECT,0,0,0,0,0,0,0.0,0.0,answer,
margin,live-delta,10,0.0,0.244356,0.607198,5.7e-05,0.980469,0.466277,0.616277,0.024736642837524414,0.606033205986023,0.5812965631484985,1.4480202198028564,4.254683017730713,0.43405407667160034,6,2,2,1,2,1,0,0.0,0.4318395256996155,2,clean,0.0,-1,167,88,CORRECT,0,0,0,0,0,0,0.0,0.0,answer,
margin,live-delta,10,0.0,0.244356,0.607198,5.7e-05,0.980469,0.466277,0.616277,0.008060634136199951,0.6232964992523193,0.6152358651161194,1.5166947841644287,4.557137966156006,0.3093995153903961,5,2,2,1,2,1,0,0.0,0.28481394052505493,2,clean,0.0,-1,168,67,CORRECT,0,0,0,0,0,0,0.0,0.0,answer,
margin,live-delta,10,0.0,0.244356,0.607198,5.7e-05,0.980469,0.466277,0.616277,0.08725428581237793,0.693211555480957,0.6059572696685791,1.5870367288589478,4.889239311218262,0.6153662204742432,16,2,2,1,2,1,0,0.0,0.3863239288330078,2,clean,0.0,-1,169,94,CORRECT,0,0,0,0,0,0,0.0,0.0,answer,
margin,live-delta,10,0.0,0.244356,0.607198,5.7e-05,0.980469,0.466277,0.616277,0.0413893461227417,0.7523607015609741,0.7109713554382324,1.3815333843231201,3.981001377105713,0.5346791744232178,10,2,2,1,2,1,0,0.0,0.5928447842597961,2,clean,0.0,-1,171,82,CORRECT,0,0,0,0,0,0,0.0,0.0,answer,
margin,live-delta,10,0.0,0.244356,0.607198,5.7e-05,0.980469,0.466277,0.616277,0.06721699237823486,0.6195198893547058,0.552302896976471,0.5096821784973145,1.664762020111084,0.7932027578353882,2,2,2,1,2,1,0,0.0,0.5161680579185486,2,clean,0.0,-1,172,85,CORRECT,0,0,0,0,0,0,0.0,0.0,answer,
margin,live-delta,10,0.0,0.244356,0.607198,5.7e-05,0.980469,0.466277,0.616277,0.07371622323989868,0.6819985508918762,0.6082823276519775,1.2305958271026611,3.4232685565948486,0.607131838798523,6,2,2,1,2,1,0,0.0,0.47153395414352417,2,clean,0.0,-1,173,68,CORRECT,0,0,0,0,0,0,0.0,0.0,answer,
margin,live-delta,10,0.0,0.244356,0.607198,5.7e-05,0.980469,0.466277,0.616277,0.030966460704803467,0.6728857159614563,0.6419192552566528,1.7405102252960205,5.70025110244751,0.40254369378089905,12,2,2,1,2,1,0,0.0,0.34602662920951843,2,clean,0.0,-1,174,67,CORRECT,0,0,0,0,0,0,0.0,0.0,answer,
margin,live-delta,10,0.0,0.244356,0.607198,5.7e-05,0.980469,0.466277,0.616277,0.02083343267440796,0.6345972418785095,0.6137638092041016,2.396552085876465,10.985235214233398,0.22136878967285156,17,2,2,1,2,1,0,0.0,0.4687931537628174,2,clean,0.0,-1,175,74,CORRECT,0,0,0,0,0,0,0.0,0.0,answer,
margin,live-delta,10,0.0,0.244356,0.607198,5.7e-05,0.980469,0.466277,0.616277,0.1282334327697754,0.7788606882095337,0.6506272554397583,0.5262368321418762,1.6925508975982666,0.8699262738227844,5,2,2,1,2,1,0,0.0,0.6797915101051331,2,clean,0.0,-1,176,68,CORRECT,0,0,0,0,0,0,0.0,0.0,answer,
margin,live-delta,10,0.0,0.244356,0.607198,5.7e-05,0.980469,0.466277,0.616277,0.037269771099090576,0.6675590872764587,0.6302893161773682,1.8351078033447266,6.265809535980225,0.41850006580352783,12,2,2,1,2,1,0,0.0,0.5264285802841187,2,clean,0.0,-1,177,80,CORRECT,0,0,0,0,0,0,0.0,0.0,answer,
margin,live-delta,10,0.0,0.244356,0.607198,5.7e-05,0.980469,0.466277,0.616277,0.11271160840988159,0.7303362488746643,0.6176246404647827,1.0682060718536377,2.910154104232788,0.7476840019226074,14,2,2,1,2,1,0,0.0,0.566432535648346,2,clean,0.0,-1,178,92,CORRECT,0,0,0,0,0,0,0.0,0.0,answer,
margin,live-delta,10,0.0,0.244356,0.607198,5.7e-05,0.980469,0.466277,0.616277,0.039039790630340576,0.6944647431373596,0.655424952507019,1.7918906211853027,6.000786781311035,0.4299042522907257,13,2,2,1,2,1,0,0.0,0.5696750283241272,2,clean,0.0,-1,179,91,CORRECT,0,0,0,0,0,0,0.0,0.0,answer,
margin,live-delta,10,0.0,0.244356,0.607198,5.7e-05,0.980469,0.466277,0.616277,0.020443439483642578,0.6780236959457397,0.6575802564620972,2.4922432899475098,12.088363647460938,0.24060675501823425,19,2,2,1,2,1,0,0.0,0.5304607152938843,2,clean,0.0,-1,180,91,CORRECT,0,0,0,0,0,0,0.0,0.0,answer,
margin,live-delta,10,0.0,0.244356,0.607198,5.7e-05,0.980469,0.466277,0.616277,0.024712681770324707,0.6381895542144775,0.6134768724441528,1.4255295991897583,4.160060405731201,0.46456971764564514,8,2,2,1,2,1,0,0.0,0.26151567697525024,2,clean,0.0,-1,181,67,CORRECT,0,0,0,0,0,0,0.0,0.0,answer,
margin,live-delta,10,0.0,0.244356,0.607198,5.7e-05,0.980469,0.466277,0.616277,0.010335981845855713,0.5961796045303345,0.5858436226844788,2.3410282135009766,10.391916275024414,0.20926615595817566,14,2,2,1,2,1,0,0.0,0.4780789017677307,2,clean,0.0,-1,182,93,CORRECT,0,0,0,0,0,0,0.0,0.0,answer,
margin,live-delta,10,0.0,0.244356,0.607198,5.7e-05,0.980469,0.466277,0.616277,0.037868618965148926,0.6397140026092529,0.601845383644104,2.124819755554199,8.37138843536377,0.3193504214286804,13,2,2,1,2,1,0,0.0,0.4415649175643921,2,clean,0.0,-1,183,80,CORRECT,0,0,0,0,0,0,0.0,0.0,answer,
margin,live-delta,10,0.0,0.244356,0.607198,5.7e-05,0.980469,0.466277,0.616277,0.02257359027862549,0.6969536542892456,0.6743800640106201,2.3240654468536377,10.217126846313477,0.2829517126083374,20,2,2,1,2,1,0,0.0,0.5205903053283691,2,clean,0.0,-1,184,91,CORRECT,0,0,0,0,0,0,0.0,0.0,answer,
margin,live-delta,10,0.0,0.244356,0.607198,5.7e-05,0.980469,0.466277,0.616277,0.08996117115020752,0.6739968061447144,0.5840356349945068,1.3994174003601074,4.052838325500488,0.610733151435852,9,2,2,1,2,1,0,0.0,0.3213646113872528,2,clean,0.0,-1,185,67,CORRECT,0,0,0,0,0,0,0.0,0.0,answer,
margin,live-delta,10,0.0,0.244356,0.607198,5.7e-05,0.980469,0.466277,0.616277,0.010523676872253418,0.6649458408355713,0.6544221639633179,2.5547595024108887,12.868204116821289,0.16769342124462128,20,2,2,1,2,1,0,0.0,0.45762038230895996,2,clean,0.0,-1,186,89,CORRECT,0,0,0,0,0,0,0.0,0.0,answer,
margin,live-delta,10,0.0,0.244356,0.607198,5.7e-05,0.980469,0.466277,0.616277,0.0033548474311828613,0.6261475682258606,0.6227927207946777,1.8005625009536743,6.053051471710205,0.3042020797729492,9,2,2,1,2,1,0,0.0,0.5129871964454651,2,clean,0.0,-1,187,88,CORRECT,0,0,0,0,0,0,0.0,0.0,answer,
margin,live-delta,10,0.0,0.244356,0.607198,5.7e-05,0.980469,0.466277,0.616277,0.05916464328765869,0.5708418488502502,0.5116772055625916,0.8113946318626404,2.2510452270507812,0.6907492876052856,3,2,2,1,2,1,0,0.0,0.4427361488342285,2,clean,0.0,-1,188,78,CORRECT,0,0,0,0,0,0,0.0,0.0,answer,
margin,live-delta,10,0.0,0.244356,0.607198,5.7e-05,0.980469,0.466277,0.616277,0.006326436996459961,0.6582905054092407,0.6519640684127808,2.502655506134033,12.214887619018555,0.1542011797428131,20,2,2,1,2,1,0,0.0,0.5008820295333862,2,clean,0.0,-1,189,74,CORRECT,0,0,0,0,0,0,0.0,0.0,answer,
margin,live-delta,10,0.0,0.244356,0.607198,5.7e-05,0.980469,0.466277,0.616277,0.06224316358566284,0.7220123410224915,0.6597691774368286,1.9369443655014038,6.9375200271606445,0.4199064373970032,16,2,2,1,2,1,0,0.0,0.5344237685203552,2,clean,0.0,-1,190,91,CORRECT,0,0,0,0,0,0,0.0,0.0,answer,
margin,live-delta,10,0.0,0.244356,0.607198,5.7e-05,0.980469,0.466277,0.616277,0.010715484619140625,0.5521745681762695,0.5414590835571289,1.9276747703552246,6.873509407043457,0.2654131054878235,8,2,2,1,2,1,0,0.0,0.399591863155365,2,clean,0.0,-1,191,94,CORRECT,0,0,0,0,0,0,0.0,0.0,answer,
margin,live-delta,10,0.0,0.244356,0.607198,5.7e-05,0.980469,0.466277,0.616277,0.1926092505455017,0.573388934135437,0.3807796835899353,-0.0,1.0,1.0,1,3,3,1,3,1,0,0.0,0.29521629214286804,2,clean,0.0,-1,192,126,CORRECT,0,0,0,0,0,0,0.0,0.0,answer,
margin,live-delta,10,0.0,0.244356,0.607198,5.7e-05,0.980469,0.466277,0.616277,0.002837657928466797,0.4762086868286133,0.4733710289001465,0.6927447319030762,1.9991952180862427,0.5141844749450684,2,3,3,1,3,1,0,0.0,0.13931193947792053,2,clean,0.0,-1,193,108,CORRECT,0,0,0,0,0,0,0.0,0.0,answer,
margin,live-delta,10,0.0,0.244356,0.607198,5.7e-05,0.980469,0.466277,0.616277,0.10279828310012817,0.5986695885658264,0.49587130546569824,0.3536701798439026,1.4242852926254272,0.8865489959716797,2,3,3,1,3,1,0,0.0,0.20850712060928345,2,clean,0.0,-1,194,110,CORRECT,0,0,0,0,0,0,0.0,0.0,answer,
margin,live-delta,10,0.0,0.244356,0.607198,5.7e-05,0.980469,0.466277,0.616277,0.03087615966796875,0.4933467507362366,0.4624705910682678,-0.0,1.0,1.0,1,3,3,1,3,1,0,0.0,0.09028860926628113,2,clean,0.0,-1,200,108,CORRECT,0,0,0,0,0,0,0.0,0.0,answer,
margin,live-delta,10,0.0,0.244356,0.607198,5.7e-05,0.980469,0.466277,0.616277,0.09149575233459473,0.5550409555435181,0.46354520320892334,-0.0,1.0,1.0,1,3,3,1,3,1,0,0.0,0.24887317419052124,2,clean,0.0,-1,201,120,CORRECT,0,0,0,0,0,0,0.0,0.0,answer,
margin,live-delta,10,0.0,0.244356,0.607198,5.7e-05,0.980469,0.466277,0.616277,0.02482759952545166,0.6939318180084229,0.6691042184829712,0.8073439598083496,2.241945266723633,0.6013247966766357,4,3,3,1,3,1,0,0.0,0.24247205257415771,2,clean,0.0,-1,202,107,CORRECT,0,0,0,0,0,0,0.0,0.0,answer,
margin,live-delta,10,0.0,0.244356,0.607198,5.7e-05,0.980469,0.466277,0.616277,0.029502391815185547,0.5513004660606384,0.5217980742454529,1.253708004951477,3.5033092498779297,0.4627518951892853,4,3,3,1,3,1,0,0.0,0.23448604345321655,2,clean,0.0,-1,205,120,CORRECT,0,0,0,0,0,0,0.0,0.0,answer,
margin,live-delta,10,0.0,0.244356,0.607198,5.7e-05,0.980469,0.466277,0.616277,0.02621561288833618,0.5272265672683716,0.5010109543800354,2.0063228607177734,7.435924053192139,0.23957088589668274,8,3,3,1,3,1,0,0.0,0.1180831789970398,2,clean,0.0,-1,207,104,CORRECT,0,0,0,0,0,0,0.0,0.0,answer,
margin,live-delta,10,0.0,0.244356,0.607198,5.7e-05,0.980469,0.466277,0.616277,0.11798250675201416,0.6017956733703613,0.48381316661834717,0.7409191727638245,2.097862958908081,0.7911416888237,4,3,3,1,3,1,0,0.0,0.2477075755596161,2,clean,0.0,-1,208,115,CORRECT,0,0,0,0,0,0,0.0,0.0,answer,
margin,live-delta,10,0.0,0.244356,0.607198,5.7e-05,0.980469,0.466277,0.616277,0.08217626810073853,0.6692698001861572,0.5870935320854187,0.6440044641494751,1.9040905237197876,0.7986990213394165,4,3,3,1,3,1,0,0.0,0.2568804919719696,2,clean,0.0,-1,209,120,CORRECT,0,0,0,0,0,0,0.0,0.0,answer,
margin,live-delta,10,0.0,0.244356,0.607198,5.7e-05,0.980469,0.466277,0.616277,0.15729665756225586,0.6105475425720215,0.4532508850097656,-0.0,1.0,1.0,1,3,3,1,3,1,0,0.0,0.15729665756225586,2,clean,0.0,-1,210,104,CORRECT,0,0,0,0,0,0,0.0,0.0,answer,
margin,live-delta,10,0.0,0.244356,0.607198,5.7e-05,0.980469,0.466277,0.616277,0.02014237642288208,0.6971720457077026,0.6770296692848206,1.990173578262329,7.316803932189941,0.30935487151145935,13,3,3,1,3,1,0,0.0,0.2428939938545227,2,clean,0.0,-1,211,120,CORRECT,0,0,0,0,0,0,0.0,0.0,answer,
margin,live-delta,10,0.0,0.244356,0.607198,5.7e-05,0.980469,0.466277,0.616277,0.06616729497909546,0.6066004633903503,0.5404331684112549,1.324224829673767,3.759270191192627,0.5778385996818542,6,3,3,1,3,1,0,0.0,0.28090739250183105,2,clean,0.0,-1,212,116,CORRECT,0,0,0,0,0,0,0.0,0.0,answer,
margin,live-delta,10,0.0,0.244356,0.607198,5.7e-05,0.980469,0.466277,0.616277,0.00887608528137207,0.5642865896224976,0.5554105043411255,1.838852882385254,6.2893195152282715,0.28707244992256165,8,3,3,1,3,1,0,0.0,0.19849196076393127,2,clean,0.0,-1,213,107,CORRECT,0,0,0,0,0,0,0.0,0.0,answer,
margin,live-delta,10,0.0,0.244356,0.607198,5.7e-05,0.980469,0.466277,0.616277,0.05752432346343994,0.5843203663825989,0.5267960429191589,0.8016424775123596,2.2291994094848633,0.692435085773468,3,3,3,1,3,1,0,0.0,0.25374045968055725,2,clean,0.0,-1,214,105,CORRECT,0,0,0,0,0,0,0.0,0.0,answer,
margin,live-delta,10,0.0,0.244356,0.607198,5.7e-05,0.980469,0.466277,0.616277,0.01133456826210022,0.5045703649520874,0.4932357966899872,1.064758062362671,2.900137186050415,0.4318862557411194,3,3,3,1,3,1,0,0.0,0.2836514711380005,2,clean,0.0,-1,216,108,CORRECT,0,0,0,0,0,0,0.0,0.0,answer,
margin,live-delta,10,0.0,0.244356,0.607198,5.7e-05,0.980469,0.466277,0.616277,0.003426849842071533,0.5011805295944214,0.49775367975234985,1.3551664352416992,3.877406120300293,0.31608033180236816,4,3,3,1,3,1,0,0.0,0.19427341222763062,2,clean,0.0,-1,218,98,CORRECT,0,0,0,0,0,0,0.0,0.0,answer,
margin,live-delta,10,0.0,0.244356,0.607198,5.7e-05,0.980469,0.466277,0.616277,0.12949895858764648,0.6797758340835571,0.5502768754959106,0.48130854964256287,1.6181905269622803,0.8866637945175171,5,3,3,1,3,1,0,0.0,0.3595513105392456,2,clean,0.0,-1,219,100,CORRECT,0,0,0,0,0,0,0.0,0.0,answer,
margin,live-delta,10,0.0,0.244356,0.607198,5.7e-05,0.980469,0.466277,0.616277,0.06679219007492065,0.5910822153091431,0.5242900252342224,1.659691333770752,5.257687568664551,0.4827601909637451,8,3,3,1,3,1,0,0.0,0.2517186403274536,2,clean,0.0,-1,220,96,CORRECT,0,0,0,0,0,0,0.0,0.0,answer,
margin,live-delta,10,0.0,0.244356,0.607198,5.7e-05,0.980469,0.466277,0.616277,0.01146090030670166,0.6261302828788757,0.6146693825721741,1.7643245458602905,5.83762788772583,0.30648717284202576,9,3,3,1,3,1,0,0.0,0.21545302867889404,2,clean,0.0,-1,224,112,CORRECT,0,0,0,0,0,0,0.0,0.0,answer,
margin,live-delta,10,0.0,0.244356,0.607198,5.7e-05,0.980469,0.466277,0.616277,0.004072070121765137,0.5881993770599365,0.5841273069381714,2.1805710792541504,8.851359367370605,0.19593437016010284,11,3,3,1,3,1,0,0.0,0.18485039472579956,2,clean,0.0,-1,225,110,CORRECT,0,0,0,0,0,0,0.0,0.0,answer,
margin,live-delta,10,0.0,0.244356,0.607198,5.7e-05,0.980469,0.466277,0.616277,0.03309154510498047,0.5609841346740723,0.5278925895690918,0.6412531137466431,1.898858904838562,0.6596715450286865,2,3,3,1,3,1,0,0.0,0.20335319638252258,2,clean,0.0,-1,226,108,CORRECT,0,0,0,0,0,0,0.0,0.0,answer,
margin,live-delta,10,0.0,0.244356,0.607198,5.7e-05,0.980469,0.466277,0.616277,0.037726402282714844,0.5063289403915405,0.4686025381088257,0.6267454028129578,1.8715096712112427,0.6801645159721375,2,3,3,1,3,1,0,0.0,0.15563541650772095,2,clean,0.0,-1,227,126,CORRECT,0,0,0,0,0,0,0.0,0.0,answer,
margin,live-delta,10,0.0,0.244356,0.607198,5.7e-05,0.980469,0.466277,0.616277,0.012221962213516235,0.47681495547294617,0.46459299325942993,-0.0,1.0,1.0,1,3,3,1,3,1,0,0.0,0.13924476504325867,2,clean,0.0,-1,231,104,CORRECT,0,0,0,0,0,0,0.0,0.0,answer,
margin,live-delta,10,0.0,0.244356,0.607198,5.7e-05,0.980469,0.466277,0.616277,0.029977619647979736,0.47079384326934814,0.4408162236213684,-0.0,1.0,1.0,1,3,3,1,3,1,0,0.0,0.23236018419265747,2,clean,0.0,-1,232,98,CORRECT,0,0,0,0,0,0,0.0,0.0,answer,
margin,live-delta,10,0.0,0.244356,0.607198,5.7e-05,0.980469,0.466277,0.616277,0.004300862550735474,0.4803829491138458,0.47608208656311035,0.6922231912612915,1.9981528520584106,0.5214909315109253,2,3,3,1,3,1,0,0.0,0.1727493703365326,2,clean,0.0,-1,233,98,CORRECT,0,0,0,0,0,0,0.0,0.0,answer,
margin,live-delta,10,0.0,0.244356,0.607198,5.7e-05,0.980469,0.466277,0.616277,0.03754919767379761,0.5242900252342224,0.4867408275604248,0.6273261308670044,1.8725967407226562,0.6793931126594543,2,3,3,1,3,1,0,0.0,0.24334800243377686,2,clean,0.0,-1,235,110,CORRECT,0,0,0,0,0,0,0.0,0.0,answer,
margin,live-delta,10,0.0,0.244356,0.607198,5.7e-05,0.980469,0.466277,0.616277,0.017941057682037354,0.4855964779853821,0.4676554203033447,0.6773084998130798,1.9685721397399902,0.5887549519538879,2,3,3,1,3,1,0,0.0,0.17962372303009033,2,clean,0.0,-1,236,108,CORRECT,0,0,0,0,0,0,0.0,0.0,answer,
margin,live-delta,10,0.0,0.244356,0.607198,5.7e-05,0.980469,0.466277,0.616277,0.004896998405456543,0.509640097618103,0.5047430992126465,0.6919496059417725,1.9976062774658203,0.5244653224945068,2,3,3,1,3,1,0,0.0,0.17720720171928406,2,clean,0.0,-1,238,115,CORRECT,0,0,0,0,0,0,0.0,0.0,answer,
margin,live-delta,10,0.0,0.244356,0.607198,5.7e-05,0.980469,0.466277,0.616277,0.04566854238510132,0.5717487931251526,0.5260802507400513,1.2074474096298218,3.344935417175293,0.5206905603408813,4,3,3,1,3,1,0,0.0,0.27459055185317993,2,clean,0.0,-1,239,110,CORRECT,0,0,0,0,0,0,0.0,0.0,answer,
margin,live-delta,10,0.0,0.244356,0.607198,5.7e-05,0.980469,0.466277,0.616277,0.0239027738571167,0.4795359671115875,0.4556331932544708,-0.0,1.0,1.0,1,3,3,1,3,1,0,0.0,0.08667504787445068,2,clean,0.0,-1,242,114,CORRECT,0,0,0,0,0,0,0.0,0.0,answer,
margin,live-delta,10,0.0,0.244356,0.607198,5.7e-05,0.980469,0.466277,0.616277,0.016660213470458984,0.6470491886138916,0.6303889751434326,2.0216286182403564,7.550611972808838,0.29967594146728516,11,3,3,1,3,1,0,0.011956256814301014,0.16107234358787537,2,clean,0.0,-1,243,96,CORRECT,0,0,0,0,0,0,0.0,0.0,answer,
margin,live-delta,10,0.0,0.244356,0.607198,5.7e-05,0.980469,0.466277,0.616277,0.05257701873779297,0.6573766469955444,0.6047996282577515,1.6723682880401611,5.324763298034668,0.49929380416870117,11,3,3,1,3,1,0,0.0,0.2856913208961487,2,clean,0.0,-1,244,100,CORRECT,0,0,0,0,0,0,0.0,0.0,answer,
margin,live-delta,10,0.0,0.244356,0.607198,5.7e-05,0.980469,0.466277,0.616277,0.05133938789367676,0.4852619171142578,0.43392252922058105,-0.0,1.0,1.0,1,3,3,1,3,1,0,0.0,0.11322644352912903,2,clean,0.0,-1,246,98,CORRECT,0,0,0,0,0,0,0.0,0.0,answer,
margin,live-delta,10,0.0,0.244356,0.607198,5.7e-05,0.980469,0.466277,0.616277,0.07415032386779785,0.7413268089294434,0.6671764850616455,1.0889414548873901,2.9711272716522217,0.6762465834617615,9,3,3,1,3,1,0,0.0,0.3865586519241333,2,clean,0.0,-1,248,110,CORRECT,0,0,0,0,0,0,0.0,0.0,answer,
margin,live-delta,10,0.0,0.244356,0.607198,5.7e-05,0.980469,0.466277,0.616277,0.1013302206993103,0.4877285957336426,0.3863983750343323,-0.0,1.0,1.0,1,3,3,1,3,1,0,0.0,0.16303473711013794,2,clean,0.0,-1,250,114,CORRECT,0,0,0,0,0,0,0.0,0.0,answer,
margin,live-delta,10,0.0,0.244356,0.607198,5.7e-05,0.980469,0.466277,0.616277,0.021122872829437256,0.5811411738395691,0.5600183010101318,2.09708833694458,8.142427444458008,0.23062185943126678,10,3,3,1,3,1,0,0.0,0.13164237141609192,2,clean,0.0,-1,253,110,CORRECT,0,0,0,0,0,0,0.0,0.0,answer,
margin,live-delta,10,0.0,0.244356,0.607198,5.7e-05,0.980469,0.466277,0.616277,0.10018813610076904,0.6796610355377197,0.5794728994369507,1.2663002014160156,3.5477025508880615,0.6495617032051086,8,3,3,1,3,1,0,0.0,0.26146480441093445,2,clean,0.0,-1,254,115,CORRECT,0,0,0,0,0,0,0.0,0.0,answer,
margin,live-delta,10,0.0,0.244356,0.607198,5.7e-05,0.980469,0.466277,0.616277,0.08388504385948181,0.5746854543685913,0.4908004105091095,0.4353334903717041,1.545478343963623,0.8425998091697693,2,3,3,1,3,1,0,0.0,0.26444941759109497,2,clean,0.0,-1,255,104,CORRECT,0,0,0,0,0,0,0.0,0.0,answer,
margin,live-delta,11,0.0,0.244356,0.607198,5.7e-05,0.980469,0.466277,0.616277,0.008692145347595215,0.6145343780517578,0.6058422327041626,2.4878780841827393,12.035710334777832,0.1735929250717163,16,0,0,1,0,1,0,0.0,0.48662111163139343,2,clean,0.0,-1,0,29,CORRECT,0,0,0,0,0,0,0.0,0.0,answer,
margin,live-delta,11,0.0,0.244356,0.607198,5.7e-05,0.980469,0.466277,0.616277,0.002864539623260498,0.7485058903694153,0.7456413507461548,2.406562566757202,11.095754623413086,0.19970422983169556,20,0,0,1,0,1,0,0.0,0.5389264225959778,2,clean,0.0,-1,1,29,CORRECT,0,0,0,0,0,0,0.0,0.0,answer,
margin,live-delta,11,0.0,0.244356,0.607198,5.7e-05,0.980469,0.466277,0.616277,0.03562748432159424,0.8512296676635742,0.81560218334198,1.8628650903701782,6.44216775894165,0.437677800655365,20,0,0,1,0,1,0,0.0,0.613601803779602,2,clean,0.0,-1,2,0,CORRECT,0,0,0,0,0,0,0.0,0.0,answer,
margin,live-delta,11,0.0,0.244356,0.607198,5.7e-05,0.980469,0.466277,0.616277,0.06120377779006958,0.8351686596870422,0.7739648818969727,2.109811305999756,8.246685028076172,0.39704185724258423,20,0,0,1,0,1,0,0.0,0.6275011301040649,2,clean,0.0,-1,3,27,CORRECT,0,0,0,0,0,0,0.0,0.0,answer,
margin,live-delta,11,0.0,0.244356,0.607198,5.7e-05,0.980469,0.466277,0.616277,0.06320923566818237,0.6585389971733093,0.595329761505127,1.3653671741485596,3.917160987854004,0.5692832469940186,7,0,0,1,0,1,0,0.0,0.5165534019470215,2,clean,0.0,-1,4,12,CORRECT,0,0,0,0,0,0,0.0,0.0,answer,
margin,live-delta,11,0.0,0.244356,0.607198,5.7e-05,0.980469,0.466277,0.616277,0.01838463544845581,0.8731691241264343,0.8547844886779785,2.0343306064605713,7.647131443023682,0.3304731547832489,20,0,0,1,0,1,0,0.0,0.6164111495018005,2,clean,0.0,-1,5,27,CORRECT,0,0,0,0,0,0,0.0,0.0,answer,
margin,live-delta,11,0.0,0.244356,0.607198,5.7e-05,0.980469,0.466277,0.616277,0.024461090564727783,0.8591064214706421,0.8346453309059143,2.0839645862579346,8.036266326904297,0.31034284830093384,20,0,0,1,0,1,0,0.0,0.5630691647529602,2,clean,0.0,-1,6,0,CORRECT,0,0,0,0,0,0,0.0,0.0,answer,
margin,live-delta,11,0.0,0.244356,0.607198,5.7e-05,0.980469,0.466277,0.616277,0.01217198371887207,0.7492260336875916,0.7370540499687195,1.5021567344665527,4.491365432739258,0.3474813997745514,7,0,0,1,0,1,0,0.0,0.639962911605835,2,clean,0.0,-1,7,12,CORRECT,0,0,0,0,0,0,0.0,0.0,answer,
margin,live-delta,11,0.0,0.244356,0.607198,5.7e-05,0.980469,0.466277,0.616277,0.0574725866317749,0.8665192127227783,0.8090466260910034,1.768878698348999,5.864274024963379,0.46956494450569153,20,0,0,1,0,1,0,0.0,0.5741294622421265,2,clean,0.0,-1,8,19,CORRECT,0,0,0,0,0,0,0.0,0.0,answer,
margin,live-delta,11,0.0,0.244356,0.607198,5.7e-05,0.980469,0.466277,0.616277,0.02331995964050293,0.6571364402770996,0.6338164806365967,1.8307143449783325,6.238341331481934,0.389030396938324,13,0,0,1,0,1,0,0.0,0.32575005292892456,2,clean,0.0,-1,9,2,CORRECT,0,0,0,0,0,0,0.0,0.0,answer,
margin,live-delta,11,0.0,0.244356,0.607198,5.7e-05,0.980469,0.466277,0.616277,0.010274708271026611,0.8123652935028076,0.802090585231781,2.2328696250915527,9.326591491699219,0.24554862082004547,20,0,0,1,0,1,0,0.0,0.6101858019828796,2,clean,0.0,-1,10,27,CORRECT,0,0,0,0,0,0,0.0,0.0,answer,
margin,live-delta,11,0.0,0.244356,0.607198,5.7e-05,0.980469,0.466277,0.616277,0.0263330340385437,0.7415318489074707,0.715198814868927,2.523719310760498,12.474908828735352,0.197550967335701,20,0,0,1,0,1,0,0.0,0.41163015365600586,2,clean,0.0,-1,11,19,CORRECT,0,0,0,0,0,0,0.0,0.0,answer,
margin,live-delta,11,0.0,0.244356,0.607198,5.7e-05,0.980469,0.466277,0.616277,0.053028225898742676,0.6884907484054565,0.6354625225067139,1.888684630393982,6.610667705535889,0.44716835021972656,15,0,0,1,0,1,0,0.0,0.27818992733955383,2,clean,0.0,-1,12,28,CORRECT,0,0,0,0,0,0,0.0,0.0,answer,
margin,live-delta,11,0.0,0.244356,0.607198,5.7e-05,0.980469,0.466277,0.616277,0.03296172618865967,0.8734875321388245,0.8405258059501648,1.9558680057525635,7.0700531005859375,0.34270551800727844,20,0,0,1,0,1,0,0.0,0.5720294713973999,2,clean,0.0,-1,13,19,CORRECT,0,0,0,0,0,0,0.0,0.0,answer,
margin,live-delta,11,0.0,0.244356,0.607198,5.7e-05,0.980469,0.466277,0.616277,0.04973268508911133,0.6596090793609619,0.6098763942718506,2.256545066833496,9.550037384033203,0.349910169839859,18,0,0,1,0,1,0,0.0,0.376028835773468,2,clean,0.0,-1,14,14,CORRECT,0,0,0,0,0,0,0.0,0.0,answer,
margin,live-delta,11,0.0,0.244356,0.607198,5.7e-05,0.980469,0.466277,0.616277,0.059464991092681885,0.8609749674797058,0.8015099763870239,2.2850558757781982,9.826234817504883,0.3320564925670624,20,0,0,1,0,1,0,0.0,0.6294852495193481,2,clean,0.0,-1,15,0,CORRECT,0,0,0,0,0,0,0.0,0.0,answer,
margin,live-delta,11,0.0,0.244356,0.607198,5.7e-05,0.980469,0.466277,0.616277,0.03566533327102661,0.8514373302459717,0.8157719969749451,1.8758732080459595,6.526515483856201,0.3923010230064392,20,0,0,1,0,1,0,0.0,0.6156409978866577,2,clean,0.0,-1,16,0,CORRECT,0,0,0,0,0,0,0.0,0.0,answer,
margin,live-delta,11,0.0,0.244356,0.607198,5.7e-05,0.980469,0.466277,0.616277,0.0259246826171875,0.817624568939209,0.7916998863220215,2.0725443363189697,7.945012092590332,0.3371545076370239,20,0,0,1,0,1,0,0.0,0.615166425704956,2,clean,0.0,-1,17,0,CORRECT,0,0,0,0,0,0,0.0,0.0,answer,
margin,live-delta,11,0.0,0.244356,0.607198,5.7e-05,0.980469,0.466277,0.616277,0.01809978485107422,0.7281592488288879,0.7100594639778137,2.3283562660217285,10.261061668395996,0.26296719908714294,19,0,0,1,0,1,0,0.0,0.5232799649238586,2,clean,0.0,-1,18,11,CORRECT,0,0,0,0,0,0,0.0,0.0,answer,
margin,live-delta,11,0.0,0.244356,0.607198,5.7e-05,0.980469,0.466277,0.616277,0.056340694427490234,0.8419591784477234,0.7856184840202332,1.8564157485961914,6.400753498077393,0.4715288579463959,20,0,0,1,0,1,0,0.0,0.6057676076889038,2,clean,0.0,-1,19,0,CORRECT,0,0,0,0,0,0,0.0,0.0,answer,
margin,live-delta,11,0.0,0.244356,0.607198,5.7e-05,0.980469,0.466277,0.616277,0.10735994577407837,0.8890054225921631,0.7816454768180847,1.654344081878662,5.229648590087891,0.6039719581604004,20,0,0,1,0,1,0,0.0,0.7198744416236877,2,clean,0.0,-1,20,0,CORRECT,0,0,0,0,0,0,0.0,0.0,answer,
margin,live-delta,11,0.0,0.244356,0.607198,5.7e-05,0.980469,0.466277,0.616277,0.07574641704559326,0.8565751314163208,0.7808287143707275,1.6038110256195068,4.971944808959961,0.5907458066940308,20,0,0,1,0,1,0,0.0,0.6307447552680969,2,clean,0.0,-1,21,0,CORRECT,0,0,0,0,0,0,0.0,0.0,answer,
margin,live-delta,11,0.0,0.244356,0.607198,5.7e-05,0.980469,0.466277,0.616277,0.010011017322540283,0.609879732131958,0.5998687148094177,2.661395788192749,14.31625747680664,0.1477361023426056,19,0,0,1,0,1,0,0.0,0.39039385318756104,2,clean,0.0,-1,22,7,CORRECT,0,0,0,0,0,0,0.0,0.0,answer,
margin,live-delta,11,0.0,0.244356,0.607198,5.7e-05,0.980469,0.466277,0.616277,0.004011273384094238,0.6520997285842896,0.6480884552001953,2.446258783340454,11.545073509216309,0.1887655258178711,19,0,0,1,0,1,0,0.0,0.523506760597229,2,clean,0.0,-1,23,11,CORRECT,0,0,0,0,0,0,0.0,0.0,answer,
margin,live-delta,11,0.0,0.244356,0.607198,5.7e-05,0.980469,0.466277,0.616277,0.0026372671127319336,0.7925955057144165,0.7899582386016846,2.366831064224243,10.663546562194824,0.22386150062084198,20,0,0,1,0,1,0,0.0,0.5823259949684143,2,clean,0.0,-1,24,22,CORRECT,0,0,0,0,0,0,0.0,0.0,answer,
margin,live-delta,11,0.0,0.244356,0.607198,5.7e-05,0.980469,0.466277,0.616277,0.3059971034526825,0.6070910692214966,0.3010939657688141,-0.0,1.0,1.0,1,0,0,1,0,1,0,0.0,0.35750406980514526,2,clean,0.0,-1,25,30,CORRECT,0,0,0,0,0,0,0.0,0.0,answer,
margin,live-delta,11,0.0,0.244356,0.607198,5.7e-05,0.980469,0.466277,0.616277,0.021011531352996826,0.6684602499008179,0.647448718547821,2.0992791652679443,8.160285949707031,0.3467082679271698,15,0,0,1,0,1,0,0.0,0.47889745235443115,2,clean,0.0,-1,26,20,CORRECT,0,0,0,0,0,0,0.0,0.0,answer,
margin,live-delta,11,0.0,0.244356,0.607198,5.7e-05,0.980469,0.466277,0.616277,0.009212374687194824,0.7741955518722534,0.7649831771850586,2.2408275604248047,9.401107788085938,0.24142929911613464,20,0,0,1,0,1,0,0.0,0.5331166982650757,2,clean,0.0,-1,27,27,CORRECT,0,0,0,0,0,0,0.0,0.0,answer,
margin,live-delta,11,0.0,0.244356,0.607198,5.7e-05,0.980469,0.466277,0.616277,0.027210235595703125,0.8135794401168823,0.7863692045211792,1.9127768278121948,6.771866798400879,0.37401944398880005,20,0,0,1,0,1,0,0.0,0.6232535243034363,2,clean,0.0,-1,28,19,CORRECT,0,0,0,0,0,0,0.0,0.0,answer,
margin,live-delta,11,0.0,0.244356,0.607198,5.7e-05,0.980469,0.466277,0.616277,0.009036123752593994,0.7184197306632996,0.7093836069107056,2.036456346511841,7.66340446472168,0.33035457134246826,18,0,0,1,0,1,0,0.0,0.5991634130477905,2,clean,0.0,-1,29,7,CORRECT,0,0,0,0,0,0,0.0,0.0,answer,
margin,live-delta,11,0.0,0.244356,0.607198,5.7e-05,0.980469,0.466277,0.616277,0.01577126979827881,0.8026509284973145,0.7868796586990356,2.3519437313079834,10.50597095489502,0.24932830035686493,20,0,0,1,0,1,0,0.0,0.6467174291610718,2,clean,0.0,-1,30,22,CORRECT,0,0,0,0,0,0,0.0,0.0,answer,
margin,live-delta,11,0.0,0.244356,0.607198,5.7e-05,0.980469,0.466277,0.616277,0.11953634023666382,0.8753258585929871,0.7557895183563232,1.3980088233947754,4.047133445739746,0.6851340532302856,20,0,0,1,0,1,0,0.0,0.6159409284591675,2,clean,0.0,-1,31,0,CORRECT,0,0,0,0,0,0,0.0,0.0,answer,
margin,live-delta,11,0.0,0.244356,0.607198,5.7e-05,0.980469,0.466277,0.616277,0.2579633593559265,0.6663253307342529,0.4083619713783264,-0.0,1.0,1.0,1,0,0,1,0,1,0,0.0,0.4054147005081177,2,clean,0.0,-1,32,30,CORRECT,0,0,0,0,0,0,0.0,0.0,answer,
margin,live-delta,11,0.0,0.244356,0.607198,5.7e-05,0.980469,0.466277,0.616277,0.00027108192443847656,0.8409632444381714,0.8406921625137329,2.2232730388641357,9.237516403198242,0.23702208697795868,20,0,0,1,0,1,0,0.0,0.6162108182907104,2,clean,0.0,-1,33,27,CORRECT,0,0,0,0,0,0,0.0,0.0,answer,
margin,live-delta,11,0.0,0.244356,0.607198,5.7e-05,0.980469,0.466277,0.616277,0.07880854606628418,0.8197683095932007,0.7409597635269165,1.3303163051605225,3.7822394371032715,0.5591570138931274,6,0,0,1,0,1,0,0.0,0.7087355256080627,2,clean,0.0,-1,34,26,CORRECT,0,0,0,0,0,0,0.0,0.0,answer,
margin,live-delta,11,0.0,0.244356,0.607198,5.7e-05,0.980469,0.466277,0.616277,0.06488156318664551,0.8260010480880737,0.7611194849014282,1.1787643432617188,3.2503554821014404,0.5940961241722107,6,0,0,1,0,1,0,0.0,0.7347782254219055,2,clean,0.0,-1,35,26,CORRECT,0,0,0,0,0,0,0.0,0.0,answer,
margin,live-delta,11,0.0,0.244356,0.607198,5.7e-05,0.980469,0.466277,0.616277,0.01791250705718994,0.6625928282737732,0.6446803212165833,2.5377726554870605,12.651460647583008,0.1929238885641098,19,0,0,1,0,1,0,0.0,0.523886501789093,2,clean,0.0,-1,36,31,CORRECT,0,0,0,0,0,0,0.0,0.0,answer,
margin,live-delta,11,0.0,0.244356,0.607198,5.7e-05,0.980469,0.466277,0.616277,0.00014674663543701172,0.7378839254379272,0.7377371788024902,2.4393093585968018,11.465119361877441,0.20830827951431274,20,0,0,1,0,1,0,0.0,0.453913152217865,2,clean,0.0,-1,37,3,CORRECT,0,0,0,0,0,0,0.0,0.0,answer,
margin,live-delta,11,0.0,0.244356,0.607198,5.7e-05,0.980469,0.466277,0.616277,0.06540250778198242,0.8352208137512207,0.7698183059692383,1.9166908264160156,6.798424243927002,0.45502015948295593,18,0,0,1,0,1,0,0.0,0.525200366973877,2,clean,0.0,-1,39,19,CORRECT,0,0,0,0,0,0,0.0,0.0,answer,
margin,live-delta,11,0.0,0.244356,0.607198,5.7e-05,0.980469,0.466277,0.616277,8.213520050048828e-05,0.6722115278244019,0.6721293926239014,2.5988857746124268,13.448744773864746,0.13513359427452087,19,0,0,1,0,1,0,0.0,0.5113608837127686,2,clean,0.0,-1,40,1,CORRECT,0,0,0,0,0,0,0.0,0.0,answer,
margin,live-delta,11,0.0,0.244356,0.607198,5.7e-05,0.980469,0.466277,0.616277,0.021424174308776855,0.8092004060745239,0.7877762317657471,1.8422305583953857,6.310598850250244,0.3710879683494568,19,0,0,1,0,1,0,0.0,0.6027906537055969,2,clean,0.0,-1,41,2,CORRECT,0,0,0,0,0,0,0.0,0.0,answer,
margin,live-delta,11,0.0,0.244356,0.607198,5.7e-05,0.980469,0.466277,0.616277,0.014770090579986572,0.6550374627113342,0.6402673721313477,2.3951516151428223,10.969861030578613,0.2125970423221588,17,0,0,1,0,1,0,0.0,0.5561074614524841,2,clean,0.0,-1,42,18,CORRECT,0,0,0,0,0,0,0.0,0.0,answer,
margin,live-delta,11,0.0,0.244356,0.607198,5.7e-05,0.980469,0.466277,0.616277,0.0036307573318481445,0.8091407418251038,0.8055099844932556,2.218207359313965,9.190839767456055,0.24903666973114014,20,0,0,1,0,1,0,0.0,0.5742166042327881,2,clean,0.0,-1,43,22,CORRECT,0,0,0,0,0,0,0.0,0.0,answer,
margin,live-delta,11,0.0,0.244356,0.607198,5.7e-05,0.980469,0.466277,0.616277,0.007630765438079834,0.6590110659599304,0.6513803005218506,2.559352159500122,12.92743968963623,0.15378409624099731,18,0,0,1,0,1,0,0.0,0.4933120012283325,2,clean,0.0,-1,44,29,CORRECT,0,0,0,0,0,0,0.0,0.0,answer,
margin,live-delta,11,0.0,0.244356,0.607198,5.7e-05,0.980469,0.466277,0.616277,0.018065690994262695,0.7802423238754272,0.7621766328811646,2.3016512393951416,9.990665435791016,0.24524210393428802,20,0,0,1,0,1,0,0.0,0.5786288976669312,2,clean,0.0,-1,45,0,CORRECT,0,0,0,0,0,0,0.0,0.0,answer,
margin,live-delta,11,0.0,0.244356,0.607198,5.7e-05,0.980469,0.466277,0.616277,0.13380369544029236,0.615119457244873,0.4813157618045807,0.23890648782253265,1.269859790802002,0.9355999827384949,2,0,0,1,0,1,0,0.0,0.2942866384983063,2,clean,0.0,-1,46,6,CORRECT,0,0,0,0,0,0,0.0,0.0,answer,
margin,live-delta,11,0.0,0.244356,0.607198,5.7e-05,0.980469,0.466277,0.616277,0.014446496963500977,0.7987375259399414,0.7842910289764404,1.7550482749938965,5.783727169036865,0.37430909276008606,20,0,0,1,0,1,0,0.0,0.5803588032722473,2,clean,0.0,-1,47,9,CORRECT,0,0,0,0,0,0,0.0,0.0,answer,
margin,live-delta,11,0.0,0.244356,0.607198,5.7e-05,0.980469,0.466277,0.616277,0.04508107900619507,0.542166531085968,0.49708545207977295,1.221544623374939,3.392423629760742,0.5084954500198364,4,0,0,1,0,1,0,0.0,0.3024407625198364,2,clean,0.0,-1,48,10,CORRECT,0,0,0,0,0,0,0.0,0.0,answer,
margin,live-delta,11,0.0,0.244356,0.607198,5.7e-05,0.980469,0.466277,0.616277,0.015541672706604004,0.6601847410202026,0.6446430683135986,1.785942554473877,5.965199947357178,0.31330162286758423,8,0,0,1,0,1,0,0.0,0.5240664482116699,2,clean,0.0,-1,50,12,CORRECT,0,0,0,0,0,0,0.0,0.0,answer,
margin,live-delta,11,0.0,0.244356,0.607198,5.7e-05,0.980469,0.466277,0.616277,0.09869396686553955,0.8877891302108765,0.7890951633453369,1.5895107984542847,4.901350498199463,0.6128032207489014,20,0,0,1,0,1,0,0.0,0.6858367323875427,2,clean,0.0,-1,51,0,CORRECT,0,0,0,0,0,0,0.0,0.0,answer,
margin,live-delta,11,0.0,0.244356,0.607198,5.7e-05,0.980469,0.466277,0.616277,0.07959491014480591,0.835240364074707,0.7556454539299011,2.0745296478271484,7.960801124572754,0.4464603066444397,20,0,0,1,0,1,0,0.0,0.6948240995407104,2,clean,0.0,-1,52,22,CORRECT,0,0,0,0,0,0,0.0,0.0,answer,
margin,live-delta,11,0.0,0.244356,0.607198,5.7e-05,0.980469,0.466277,0.616277,0.04038846492767334,0.7718725204467773,0.731484055519104,1.4142096042633057,4.113234043121338,0.46398523449897766,7,0,0,1,0,1,0,0.0,0.6465674638748169,2,clean,0.0,-1,53,26,CORRECT,0,0,0,0,0,0,0.0,0.0,answer,
margin,live-delta,11,0.0,0.244356,0.607198,5.7e-05,0.980469,0.466277,0.616277,0.021745800971984863,0.7166833877563477,0.6949375867843628,1.9931995868682861,7.338977813720703,0.38795801997184753,20,0,0,1,0,1,0,0.0,0.5401468873023987,2,clean,0.0,-1,56,11,CORRECT,0,0,0,0,0,0,0.0,0.0,answer,
margin,live-delta,11,0.0,0.244356,0.607198,5.7e-05,0.980469,0.466277,0.616277,0.030704915523529053,0.7882815599441528,0.7575766444206238,1.7928885221481323,6.006778240203857,0.4267408549785614,19,0,0,1,0,1,0,0.0,0.4446962773799896,2,clean,0.0,-1,57,21,CORRECT,0,0,0,0,0,0,0.0,0.0,answer,
margin,live-delta,11,0.0,0.244356,0.607198,5.7e-05,0.980469,0.466277,0.616277,0.02657550573348999,0.8341991901397705,0.8076236844062805,2.004579782485962,7.422974109649658,0.35644713044166565,20,0,0,1,0,1,0,0.0,0.6128807067871094,2,clean,0.0,-1,58,0,CORRECT,0,0,0,0,0,0,0.0,0.0,answer,
margin,live-delta,11,0.0,0.244356,0.607198,5.7e-05,0.980469,0.466277,0.616277,0.003304004669189453,0.677891731262207,0.6745877265930176,2.606302499771118,13.548861503601074,0.1863083690404892,20,0,0,1,0,1,0,0.0,0.48026907444000244,2,clean,0.0,-1,59,14,CORRECT,0,0,0,0,0,0,0.0,0.0,answer,
margin,live-delta,11,0.0,0.244356,0.607198,5.7e-05,0.980469,0.466277,0.616277,0.06265604496002197,0.8349859714508057,0.7723299264907837,1.7187001705169678,5.577274322509766,0.5307914614677429,20,0,0,1,0,1,0,0.0,0.6107056736946106,2,clean,0.0,-1,60,2,CORRECT,0,0,0,0,0,0,0.0,0.0,answer,
margin,live-delta,11,0.0,0.244356,0.607198,5.7e-05,0.980469,0.466277,0.616277,0.002447187900543213,0.8728757500648499,0.8704285621643066,1.7311381101608276,5.6470770835876465,0.3716391623020172,20,0,0,1,0,1,0,0.0,0.6611804962158203,2,clean,0.0,-1,61,0,CORRECT,0,0,0,0,0,0,0.0,0.0,answer,
margin,live-delta,11,0.0,0.244356,0.607198,5.7e-05,0.980469,0.466277,0.616277,0.0034145712852478027,0.5589209198951721,0.5555063486099243,2.3829386234283447,10.836701393127441,0.17335356771945953,13,0,0,1,0,1,0,0.0,0.3900502622127533,2,clean,0.0,-1,62,0,CORRECT,0,0,0,0,0,0,0.0,0.0,answer,
margin,live-delta,11,0.0,0.244356,0.607198,5.7e-05,0.980469,0.466277,0.616277,0.024738192558288574,0.6136946678161621,0.5889564752578735,2.2272839546203613,9.274641036987305,0.24552853405475616,13,0,0,1,0,1,0,0.0,0.309717059135437,2,clean,0.0,-1,63,3,CORRECT,0,0,0,0,0,0,0.0,0.0,answer,
margin,live-delta,11,0.0,0.244356,0.607198,5.7e-05,0.980469,0.466277,0.616277,0.09998571872711182,0.618600070476532,0.5186143517494202,1.090551733970642,2.9759154319763184,0.6926170587539673,6,1,1,1,1,1,0,0.0,0.40959230065345764,2,clean,0.0,-1,64,50,CORRECT,0,0,0,0,0,0,0.0,0.0,answer,
margin,live-delta,11,0.0,0.244356,0.607198,5.7e-05,0.980469,0.466277,0.616277,0.05121266841888428,0.7665919661521912,0.7153792977333069,1.7484828233718872,5.74587869644165,0.47212183475494385,15,1,1,1,1,1,0,0.0,0.40311747789382935,2,clean,0.0,-1,65,37,CORRECT,0,0,0,0,0,0,0.0,0.0,answer,
margin,live-delta,11,0.0,0.244356,0.607198,5.7e-05,0.980469,0.466277,0.616277,0.03203341364860535,0.5036468505859375,0.47161343693733215,0.644357442855835,1.9047627449035645,0.6549046635627747,2,1,1,1,1,1,0,0.0,0.337674081325531,2,clean,0.0,-1,66,35,CORRECT,0,0,0,0,0,0,0.0,0.0,answer,
margin,live-delta,11,0.0,0.244356,0.607198,5.7e-05,0.980469,0.466277,0.616277,0.10132157802581787,0.6654294729232788,0.5641078948974609,1.589150071144104,4.899582862854004,0.600055456161499,12,1,1,1,1,1,0,0.0,0.41640186309814453,2,clean,0.0,-1,67,47,CORRECT,0,0,0,0,0,0,0.0,0.0,answer,
margin,live-delta,11,0.0,0.244356,0.607198,5.7e-05,0.980469,0.466277,0.616277,0.05116629600524902,0.6455747485160828,0.5944084525108337,1.2960596084594727,3.6548666954040527,0.5464943051338196,7,1,1,1,1,1,0,0.0,0.4683803915977478,2,clean,0.0,-1,68,57,CORRECT,0,0,0,0,0,0,0.0,0.0,answer,
margin,live-delta,11,0.0,0.244356,0.607198,5.7e-05,0.980469,0.466277,0.616277,0.11027538776397705,0.6950936317443848,0.5848182439804077,0.7107840776443481,2.0355865955352783,0.8172983527183533,6,1,1,1,1,1,0,0.0,0.4552825391292572,2,clean,0.0,-1,69,36,CORRECT,0,0,0,0,0,0,0.0,0.0,answer,
margin,live-delta,11,0.0,0.244356,0.607198,5.7e-05,0.980469,0.466277,0.616277,0.07145816087722778,0.8408964276313782,0.7694382667541504,1.6646839380264282,5.284002780914307,0.505393385887146,16,1,1,1,1,1,0,0.0,0.40438294410705566,2,clean,0.0,-1,70,40,CORRECT,0,0,0,0,0,0,0.0,0.0,answer,
margin,live-delta,11,0.0,0.244356,0.607198,5.7e-05,0.980469,0.466277,0.616277,0.006285190582275391,0.5209206342697144,0.514635443687439,1.8887509107589722,6.611105442047119,0.21866096556186676,7,1,1,1,1,1,0,0.0,0.3271400034427643,2,clean,0.0,-1,71,47,CORRECT,0,0,0,0,0,0,0.0,0.0,answer,
margin,live-delta,11,0.0,0.244356,0.607198,5.7e-05,0.980469,0.466277,0.616277,0.1541154384613037,0.7070056200027466,0.5528901815414429,0.25915229320526123,1.2958310842514038,0.9408519864082336,3,1,1,1,1,1,0,0.0,0.5489740371704102,2,clean,0.0,-1,72,36,CORRECT,0,0,0,0,0,0,0.0,0.0,answer,
margin,live-delta,11,0.0,0.244356,0.607198,5.7e-05,0.980469,0.466277,0.616277,0.03657364845275879,0.7942038774490356,0.7576302289962769,1.9058846235275269,6.725354194641113,0.3367863893508911,15,1,1,1,1,1,0,0.0,0.42950505018234253,2,clean,0.0,-1,74,45,CORRECT,0,0,0,0,0,0,0.0,0.0,answer,
margin,live-delta,11,0.0,0.244356,0.607198,5.7e-05,0.980469,0.466277,0.616277,0.12161687016487122,0.4690021574497223,0.3473852872848511,-0.0,1.0,1.0,1,1,1,1,1,1,0,0.0,0.29065269231796265,2,clean,0.0,-1,75,44,CORRECT,0,0,0,0,0,0,0.0,0.0,answer,
margin,live-delta,11,0.0,0.244356,0.607198,5.7e-05,0.980469,0.466277,0.616277,0.03811115026473999,0.7916508913040161,0.7535397410392761,1.5426193475723267,4.676824569702148,0.4435966908931732,12,1,1,1,1,1,0,0.0,0.4099929630756378,2,clean,0.0,-1,77,60,CORRECT,0,0,0,0,0,0,0.0,0.0,answer,
margin,live-delta,11,0.0,0.244356,0.607198,5.7e-05,0.980469,0.466277,0.616277,0.027743279933929443,0.6010585427284241,0.5733152627944946,1.4160377979278564,4.120760917663574,0.46678048372268677,6,1,1,1,1,1,0,0.0,0.415357768535614,2,clean,0.0,-1,78,35,CORRECT,0,0,0,0,0,0,0.0,0.0,answer,
margin,live-delta,11,0.0,0.244356,0.607198,5.7e-05,0.980469,0.466277,0.616277,0.037351906299591064,0.5969131588935852,0.5595612525939941,1.4065840244293213,4.081987380981445,0.4622056484222412,6,1,1,1,1,1,0,0.0,0.421724796295166,2,clean,0.0,-1,79,47,CORRECT,0,0,0,0,0,0,0.0,0.0,answer,
margin,live-delta,11,0.0,0.244356,0.607198,5.7e-05,0.980469,0.466277,0.616277,0.2626209259033203,0.7004657983779907,0.4378448724746704,-0.0,1.0,1.0,1,1,1,1,1,1,0,0.0,0.508686363697052,2,clean,0.0,-1,81,44,CORRECT,0,0,0,0,0,0,0.0,0.0,answer,
margin,live-delta,11,0.0,0.244356,0.607198,5.7e-05,0.980469,0.466277,0.616277,0.002087831497192383,0.5332192182540894,0.531131386756897,1.879578948020935,6.550745964050293,0.2097821682691574,7,1,1,1,1,1,0,0.0,0.35299718379974365,2,clean,0.0,-1,82,52,CORRECT,0,0,0,0,0,0,0.0,0.0,answer,
margin,live-delta,11,0.0,0.244356,0.607198,5.7e-05,0.980469,0.466277,0.616277,0.02273687720298767,0.5098756551742554,0.4871387779712677,1.0672328472137451,2.9073233604431152,0.4528815448284149,3,1,1,1,1,1,0,0.0,0.33688005805015564,2,clean,0.0,-1,83,35,CORRECT,0,0,0,0,0,0,0.0,0.0,answer,
margin,live-delta,11,0.0,0.244356,0.607198,5.7e-05,0.980469,0.466277,0.616277,0.0005498528480529785,0.6723116040229797,0.6717617511749268,2.3331432342529297,10.310297966003418,0.1623452752828598,15,1,1,1,1,1,0,0.0,0.3700893819332123,2,clean,0.0,-1,84,40,CORRECT,0,0,0,0,0,0,0.0,0.0,answer,
margin,live-delta,11,0.0,0.244356,0.607198,5.7e-05,0.980469,0.466277,0.616277,0.02664715051651001,0.487519770860672,0.460872620344162,-0.0,1.0,1.0,1,1,1,1,1,1,0,0.0,0.24179601669311523,2,clean,0.0,-1,85,63,CORRECT,0,0,0,0,0,0,0.0,0.0,answer,
margin,live-delta,11,0.0,0.244356,0.607198,5.7e-05,0.980469,0.466277,0.616277,0.06783407926559448,0.6784102916717529,0.6105762124061584,1.8441320657730103,6.322609901428223,0.45953890681266785,13,1,1,1,1,1,0,0.0,0.36041104793548584,2,clean,0.0,-1,86,61,CORRECT,0,0,0,0,0,0,0.0,0.0,answer,
margin,live-delta,11,0.0,0.244356,0.607198,5.7e-05,0.980469,0.466277,0.616277,0.1254260540008545,0.5565441846847534,0.4311181306838989,-0.0,1.0,1.0,1,1,1,1,1,1,0,0.0,0.35206863284111023,2,clean,0.0,-1,87,63,CORRECT,0,0,0,0,0,0,0.0,0.0,answer,
margin,live-delta,11,0.0,0.244356,0.607198,5.7e-05,0.980469,0.466277,0.616277,0.0759202241897583,0.4897550344467163,0.413834810256958,-0.0,1.0,1.0,1,1,1,1,1,1,0,0.0,0.197681725025177,2,clean,0.0,-1,88,44,CORRECT,0,0,0,0,0,0,0.0,0.0,answer,
margin,live-delta,11,0.0,0.244356,0.607198,5.7e-05,0.980469,0.466277,0.616277,0.009209275245666504,0.5815664529800415,0.572357177734375,2.1523971557617188,8.605462074279785,0.23630297183990479,11,1,1,1,1,1,0,0.0,0.2658657729625702,2,clean,0.0,-1,89,50,CORRECT,0,0,0,0,0,0,0.0,0.0,answer,
margin,live-delta,11,0.0,0.244356,0.607198,5.7e-05,0.980469,0.466277,0.616277,0.026315629482269287,0.5693287253379822,0.5430130958557129,1.5898866653442383,4.90319299697876,0.3744606673717499,6,1,1,1,1,1,0,0.0,0.44232887029647827,2,clean,0.0,-1,90,59,CORRECT,0,0,0,0,0,0,0.0,0.0,answer,
margin,live-delta,11,0.0,0.244356,0.607198,5.7e-05,0.980469,0.466277,0.616277,0.08912777900695801,0.756209135055542,0.667081356048584,1.6893302202224731,5.415852069854736,0.5579541325569153,15,1,1,1,1,1,0,0.0,0.35234421491622925,2,clean,0.0,-1,91,40,CORRECT,0,0,0,0,0,0,0.0,0.0,answer,
margin,live-delta,11,0.0,0.244356,0.607198,5.7e-05,0.980469,0.466277,0.616277,0.008020877838134766,0.5828986763954163,0.5748777985572815,2.2008423805236816,9.03261947631836,0.23457404971122742,11,1,1,1,1,1,0,0.0,0.37079745531082153,2,clean,0.0,-1,93,38,CORRECT,0,0,0,0,0,0,0.0,0.0,answer,
margin,live-delta,11,0.0,0.244356,0.607198,5.7e-05,0.980469,0.466277,0.616277,0.03238600492477417,0.6400529742240906,0.6076669692993164,2.0842947959899902,8.038920402526855,0.3071781098842621,12,1,1,1,1,1,0,0.0,0.2573622465133667,2,clean,0.0,-1,94,60,CORRECT,0,0,0,0,0,0,0.0,0.0,answer,
margin,live-delta,11,0.0,0.244356,0.607198,5.7e-05,0.980469,0.466277,0.616277,0.06375056505203247,0.5301032066345215,0.466352641582489,0.5248762369155884,1.6902496814727783,0.7815993428230286,2,1,1,1,1,1,0,0.0,0.346439003944397,2,clean,0.0,-1,95,52,CORRECT,0,0,0,0,0,0,0.0,0.0,answer,
margin,live-delta,11,0.0,0.244356,0.607198,5.7e-05,0.980469,0.466277,0.616277,0.01938331127166748,0.5583243370056152,0.5389410257339478,1.2063450813293457,3.341250419616699,0.4621243476867676,4,1,1,1,1,1,0,0.0,0.3553626537322998,2,clean,0.0,-1,96,42,CORRECT,0,0,0,0,0,0,0.0,0.0,answer,
margin,live-delta,11,0.0,0.244356,0.607198,5.7e-05,0.980469,0.466277,0.616277,0.03714674711227417,0.624442458152771,0.5872957110404968,2.082209348678589,8.022172927856445,0.3359236717224121,12,1,1,1,1,1,0,0.0,0.39441344141960144,2,clean,0.0,-1,97,52,CORRECT,0,0,0,0,0,0,0.0,0.0,answer,
margin,live-delta,11,0.0,0.244356,0.607198,5.7e-05,0.980469,0.466277,0.616277,0.008182287216186523,0.710715115070343,0.7025328278541565,1.9646108150482178,7.132136344909668,0.24671868979930878,15,1,1,1,1,1,0,0.0,0.4413045346736908,2,clean,0.0,-1,98,32,CORRECT,0,0,0,0,0,0,0.0,0.0,answer,
margin,live-delta,11,0.0,0.244356,0.607198,5.7e-05,0.980469,0.466277,0.616277,0.07950395345687866,0.8086062073707581,0.7291022539138794,1.727082371711731,5.624220371246338,0.5324875712394714,17,1,1,1,1,1,0,0.0,0.39816349744796753,2,clean,0.0,-1,99,40,CORRECT,0,0,0,0,0,0,0.0,0.0,answer,
margin,live-delta,11,0.0,0.244356,0.607198,5.7e-05,0.980469,0.466277,0.616277,0.05860075354576111,0.5353360772132874,0.47673532366752625,0.5470012426376343,1.7280632257461548,0.7635090947151184,2,1,1,1,1,1,0,0.0,0.3425619602203369,2,clean,0.0,-1,100,57,CORRECT,0,0,0,0,0,0,0.0,0.0,answer,
margin,live-delta,11,0.0,0.244356,0.607198,5.7e-05,0.980469,0.466277,0.616277,0.021641671657562256,0.6355977058410645,0.6139560341835022,2.4214563369750977,11.262248992919922,0.23112753033638,16,1,1,1,1,1,0,0.0,0.4764178395271301,2,clean,0.0,-1,101,59,CORRECT,0,0,0,0,0,0,0.0,0.0,answer,
margin,live-delta,11,0.0,0.244356,0.607198,5.7e-05,0.980469,0.466277,0.616277,0.054714083671569824,0.5064904689788818,0.451776385307312,-0.0,1.0,1.0,1,1,1,1,1,1,0,0.0,0.2953105568885803,2,clean,0.0,-1,102,63,CORRECT,0,0,0,0,0,0,0.0,0.0,answer,
margin,live-delta,11,0.0,0.244356,0.607198,5.7e-05,0.980469,0.466277,0.616277,0.007851600646972656,0.5549097061157227,0.54705810546875,0.9500627517700195,2.585871934890747,0.48384636640548706,3,1,1,1,1,1,0,0.0,0.348261296749115,2,clean,0.0,-1,103,39,CORRECT,0,0,0,0,0,0,0.0,0.0,answer,
margin,live-delta,11,0.0,0.244356,0.607198,5.7e-05,0.980469,0.466277,0.616277,0.0412028431892395,0.5383107662200928,0.49710792303085327,1.2734624147415161,3.5732030868530273,0.46618518233299255,4,1,1,1,1,1,0,0.0,0.16544708609580994,2,clean,0.0,-1,105,41,CORRECT,0,0,0,0,0,0,0.0,0.0,answer,
margin,live-delta,11,0.0,0.244356,0.607198,5.7e-05,0.980469,0.466277,0.616277,0.06919336318969727,0.8411480188369751,0.7719546556472778,1.6193878650665283,5.0499982833862305,0.5550135374069214,18,1,1,1,1,1,0,0.0,0.46236059069633484,2,clean,0.0,-1,106,40,CORRECT,0,0,0,0,0,0,0.0,0.0,answer,
margin,live-delta,11,0.0,0.244356,0.607198,5.7e-05,0.980469,0.466277,0.616277,0.0112648606300354,0.5574491620063782,0.5461843013763428,2.1453616619110107,8.54513168334961,0.22670850157737732,10,1,1,1,1,1,0,0.0,0.3906744420528412,2,clean,0.0,-1,107,51,CORRECT,0,0,0,0,0,0,0.0,0.0,answer,
margin,live-delta,11,0.0,0.244356,0.607198,5.7e-05,0.980469,0.466277,0.616277,0.03881198167800903,0.5745145082473755,0.5357025265693665,1.5413742065429688,4.671004772186279,0.4340221881866455,6,1,1,1,1,1,0,0.0,0.42668288946151733,2,clean,0.0,-1,109,38,CORRECT,0,0,0,0,0,0,0.0,0.0,answer,
margin,live-delta,11,0.0,0.244356,0.607198,5.7e-05,0.980469,0.466277,0.616277,0.013598799705505371,0.6043965816497803,0.5907977819442749,2.234657049179077,9.343276977539062,0.19502900540828705,13,1,1,1,1,1,0,0.0,0.2900141477584839,2,clean,0.0,-1,110,51,CORRECT,0,0,0,0,0,0,0.0,0.0,answer,
margin,live-delta,11,0.0,0.244356,0.607198,5.7e-05,0.980469,0.466277,0.616277,0.05629462003707886,0.47336429357528687,0.417069673538208,-0.0,1.0,1.0,1,1,1,1,1,1,0,0.0,0.16464796662330627,2,clean,0.0,-1,111,59,CORRECT,0,0,0,0,0,0,0.0,0.0,answer,
margin,live-delta,11,0.0,0.244356,0.607198,5.7e-05,0.980469,0.466277,0.616277,0.005659312009811401,0.4965621531009674,0.490902841091156,1.3755953311920166,3.9574320316314697,0.29926928877830505,4,1,1,1,1,1,0,0.0,0.1582716405391693,2,clean,0.0,-1,112,63,CORRECT,0,0,0,0,0,0,0.0,0.0,answer,
margin,live-delta,11,0.0,0.244356,0.607198,5.7e-05,0.980469,0.466277,0.616277,0.03795003890991211,0.5386905670166016,0.5007405281066895,0.6260095834732056,1.8701330423355103,0.6811367869377136,2,1,1,1,1,1,0,0.0,0.34128454327583313,2,clean,0.0,-1,113,36,CORRECT,0,0,0,0,0,0,0.0,0.0,answer,
margin,live-delta,11,0.0,0.244356,0.607198,5.7e-05,0.980469,0.466277,0.616277,0.0009084939956665039,0.5301651954650879,0.5292567014694214,1.3083757162094116,3.7001585960388184,0.31801289319992065,4,1,1,1,1,1,0,0.0,0.2635127902030945,2,clean,0.0,-1,115,62,CORRECT,0,0,0,0,0,0,0.0,0.0,answer,
margin,live-delta,11,0.0,0.244356,0.607198,5.7e-05,0.980469,0.466277,0.616277,0.005991756916046143,0.6308895349502563,0.6248977780342102,2.041196823120117,7.699819087982178,0.2383880913257599,14,1,1,1,1,1,0,0.0,0.4562114477157593,2,clean,0.0,-1,116,38,CORRECT,0,0,0,0,0,0,0.0,0.0,answer,
margin,live-delta,11,0.0,0.244356,0.607198,5.7e-05,0.980469,0.466277,0.616277,0.08642899990081787,0.6468977928161621,0.5604687929153442,1.4230724573135376,4.149851322174072,0.5965681672096252,8,1,1,1,1,1,0,0.0,0.3993479609489441,2,clean,0.0,-1,117,42,CORRECT,0,0,0,0,0,0,0.0,0.0,answer,
margin,live-delta,11,0.0,0.244356,0.607198,5.7e-05,0.980469,0.466277,0.616277,0.06817120313644409,0.7197924852371216,0.6516212821006775,1.7145893573760986,5.554394245147705,0.5323235988616943,15,1,1,1,1,1,0,0.0,0.3329954743385315,2,clean,0.0,-1,118,40,CORRECT,0,0,0,0,0,0,0.0,0.0,answer,
margin,live-delta,11,0.0,0.244356,0.607198,5.7e-05,0.980469,0.466277,0.616277,0.05210930109024048,0.5614919066429138,0.5093826055526733,0.859039306640625,2.360891580581665,0.65705806016922,3,1,1,1,1,1,0,0.0,0.39505207538604736,2,clean,0.0,-1,119,51,CORRECT,0,0,0,0,0,0,0.0,0.0,answer,
margin,live-delta,11,0.0,0.244356,0.607198,5.7e-05,0.980469,0.466277,0.616277,0.022288918495178223,0.5903431177139282,0.56805419921875,1.8569599390029907,6.404237747192383,0.3308742940425873,9,1,1,1,1,1,0,0.0,0.38903000950813293,2,clean,0.0,-1,121,57,CORRECT,0,0,0,0,0,0,0.0,0.0,answer,
margin,live-delta,11,0.0,0.244356,0.607198,5.7e-05,0.980469,0.466277,0.616277,0.09091466665267944,0.6686475872993469,0.5777329206466675,1.4103723764419556,4.097480773925781,0.6350938081741333,11,1,1,1,1,1,0,0.0,0.4798545837402344,2,clean,0.0,-1,122,50,CORRECT,0,0,0,0,0,0,0.0,0.0,answer,
margin,live-delta,11,0.0,0.244356,0.607198,5.7e-05,0.980469,0.466277,0.616277,0.013231277465820312,0.5954697132110596,0.5822384357452393,1.8852791786193848,6.588193416595459,0.31591758131980896,9,1,1,1,1,1,0,0.0,0.3156626522541046,2,clean,0.0,-1,123,52,CORRECT,0,0,0,0,0,0,0.0,0.0,answer,
margin,live-delta,11,0.0,0.244356,0.607198,5.7e-05,0.980469,0.466277,0.616277,0.004436910152435303,0.8431375026702881,0.8387005925178528,1.4869407415390015,4.423542022705078,0.4011160135269165,13,1,1,1,1,1,0,0.0,0.4534303545951843,2,clean,0.0,-1,125,41,CORRECT,0,0,0,0,0,0,0.0,0.0,answer,
margin,live-delta,11,0.0,0.244356,0.607198,5.7e-05,0.980469,0.466277,0.616277,0.08864820003509521,0.4892336130142212,0.400585412979126,-0.0,1.0,1.0,1,1,1,1,1,1,0,0.0,0.2482023388147354,2,clean,0.0,-1,126,38,CORRECT,0,0,0,0,0,0,0.0,0.0,answer,
margin,live-delta,11,0.0,0.244356,0.607198,5.7e-05,0.980469,0.466277,0.616277,0.07421362400054932,0.5997445583343506,0.5255309343338013,1.4360886812210083,4.204219818115234,0.5549681782722473,7,1,1,1,1,1,0,0.0,0.2862173318862915,2,clean,0.0,-1,127,47,CORRECT,0,0,0,0,0,0,0.0,0.0,answer,
margin,live-delta,11,0.0,0.244356,0.607198,5.7e-05,0.980469,0.466277,0.616277,0.016283154487609863,0.5630731582641602,0.5467900037765503,2.561187744140625,12.951190948486328,0.15698552131652832,15,2,2,1,2,1,0,0.0,0.36430293321609497,2,clean,0.0,-1,129,89,CORRECT,0,0,0,0,0,0,0.0,0.0,answer,
margin,live-delta,11,0.0,0.244356,0.607198,5.7e-05,0.980469,0.466277,0.616277,0.060343146324157715,0.7414408922195435,0.6810977458953857,1.7353003025054932,5.67063045501709,0.4609133005142212,15,2,2,1,2,1,0,0.0,0.5133565664291382,2,clean,0.0,-1,130,80,CORRECT,0,0,0,0,0,0,0.0,0.0,answer,
margin,live-delta,11,0.0,0.244356,0.607198,5.7e-05,0.980469,0.466277,0.616277,0.04067337512969971,0.6881340146064758,0.6474606394767761,1.7969489097595215,6.031217575073242,0.4137338697910309,14,2,2,1,2,1,0,0.0,0.5713598728179932,2,clean,0.0,-1,131,84,CORRECT,0,0,0,0,0,0,0.0,0.0,answer,
margin,live-delta,11,0.0,0.244356,0.607198,5.7e-05,0.980469,0.466277,0.616277,0.14067071676254272,0.7042433023452759,0.5635725855827332,0.9601891040802002,2.6121904850006104,0.7839149236679077,10,2,2,1,2,1,0,0.0,0.5656924247741699,2,clean,0.0,-1,132,82,CORRECT,0,0,0,0,0,0,0.0,0.0,answer,
margin,live-delta,11,0.0,0.244356,0.607198,5.7e-05,0.980469,0.466277,0.616277,0.036290526390075684,0.671927809715271,0.6356372833251953,1.6878896951675415,5.408055782318115,0.427912175655365,13,2,2,1,2,1,0,0.0,0.5307698249816895,2,clean,0.0,-1,133,84,CORRECT,0,0,0,0,0,0,0.0,0.0,answer,
margin,live-delta,11,0.0,0.244356,0.607198,5.7e-05,0.980469,0.466277,0.616277,0.0068738460540771484,0.5189614295959473,0.5120875835418701,1.7381528615951538,5.686829566955566,0.26037150621414185,6,2,2,1,2,1,0,0.0,0.2802686393260956,2,clean,0.0,-1,134,89,CORRECT,0,0,0,0,0,0,0.0,0.0,answer,
margin,live-delta,11,0.0,0.244356,0.607198,5.7e-05,0.980469,0.466277,0.616277,0.0005246996879577637,0.7538886666297913,0.7533639669418335,1.7762717008590698,5.90778923034668,0.3020019829273224,13,2,2,1,2,1,0,0.0,0.547387957572937,2,clean,0.0,-1,136,80,CORRECT,0,0,0,0,0,0,0.0,0.0,answer,
margin,live-delta,11,0.0,0.244356,0.607198,5.7e-05,0.980469,0.466277,0.616277,0.003684520721435547,0.6487258076667786,0.645041286945343,1.9841867685317993,7.273130416870117,0.2580257058143616,13,2,2,1,2,1,0,0.0,0.535396158695221,2,clean,0.0,-1,137,91,CORRECT,0,0,0,0,0,0,0.0,0.0,answer,
margin,live-delta,11,0.0,0.244356,0.607198,5.7e-05,0.980469,0.466277,0.616277,0.05013328790664673,0.7074763178825378,0.6573430299758911,2.0383803844451904,7.678163528442383,0.4086896777153015,19,2,2,1,2,1,0,0.0,0.5535368919372559,2,clean,0.0,-1,138,79,CORRECT,0,0,0,0,0,0,0.0,0.0,answer,
margin,live-delta,11,0.0,0.244356,0.607198,5.7e-05,0.980469,0.466277,0.616277,0.015082180500030518,0.565150797367096,0.5500686168670654,1.5573731660842896,4.746336936950684,0.3736588954925537,6,2,2,1,2,1,0,0.0,0.17426016926765442,2,clean,0.0,-1,139,67,CORRECT,0,0,0,0,0,0,0.0,0.0,answer,
margin,live-delta,11,0.0,0.244356,0.607198,5.7e-05,0.980469,0.466277,0.616277,0.10315626859664917,0.7914308905601501,0.688274621963501,0.5238189697265625,1.688463568687439,0.8545571565628052,5,2,2,1,2,1,0,0.0,0.6833494901657104,2,clean,0.0,-1,140,68,CORRECT,0,0,0,0,0,0,0.0,0.0,answer,
margin,live-delta,11,0.0,0.244356,0.607198,5.7e-05,0.980469,0.466277,0.616277,0.027010083198547363,0.5625884532928467,0.5355783700942993,2.3756349086761475,10.757841110229492,0.20922696590423584,12,2,2,1,2,1,0,0.0,0.3420320749282837,2,clean,0.0,-1,141,80,CORRECT,0,0,0,0,0,0,0.0,0.0,answer,
margin,live-delta,11,0.0,0.244356,0.607198,5.7e-05,0.980469,0.466277,0.616277,0.13027608394622803,0.7915511131286621,0.6612750291824341,1.1040230989456177,3.0162763595581055,0.7611311674118042,18,2,2,1,2,1,0,0.0,0.6682131290435791,2,clean,0.0,-1,142,95,CORRECT,0,0,0,0,0,0,0.0,0.0,answer,
margin,live-delta,11,0.0,0.244356,0.607198,5.7e-05,0.980469,0.466277,0.616277,0.13579082489013672,0.6931444406509399,0.5573536157608032,0.29598867893218994,1.3444548845291138,0.9264243841171265,3,2,2,1,2,1,0,0.0,0.47784537076950073,2,clean,0.0,-1,143,76,CORRECT,0,0,0,0,0,0,0.0,0.0,answer,
margin,live-delta,11,0.0,0.244356,0.607198,5.7e-05,0.980469,0.466277,0.616277,0.00894784927368164,0.5137728452682495,0.5048249959945679,2.05660343170166,7.819365501403809,0.17077074944972992,8,2,2,1,2,1,0,0.0,0.330750972032547,2,clean,0.0,-1,144,84,CORRECT,0,0,0,0,0,0,0.0,0.0,answer,
margin,live-delta,11,0.0,0.244356,0.607198,5.7e-05,0.980469,0.466277,0.616277,0.030334651470184326,0.6259560585021973,0.5956214070320129,2.16801118850708,8.740882873535156,0.32913848757743835,14,2,2,1,2,1,0,0.0,0.35051417350769043,2,clean,0.0,-1,145,90,CORRECT,0,0,0,0,0,0,0.0,0.0,answer,
margin,live-delta,11,0.0,0.244356,0.607198,5.7e-05,0.980469,0.466277,0.616277,0.015457987785339355,0.5768289566040039,0.5613709688186646,1.3100781440734863,3.70646333694458,0.39021971821784973,4,2,2,1,2,1,0,0.0,0.3091595768928528,2,clean,0.0,-1,146,85,CORRECT,0,0,0,0,0,0,0.0,0.0,answer,
margin,live-delta,11,0.0,0.244356,0.607198,5.7e-05,0.980469,0.466277,0.616277,0.009372591972351074,0.7042195796966553,0.6948469877243042,2.2201528549194336,9.208738327026367,0.22787244617938995,20,2,2,1,2,1,0,0.0,0.4942100942134857,2,clean,0.0,-1,147,80,CORRECT,0,0,0,0,0,0,0.0,0.0,answer,
margin,live-delta,11,0.0,0.244356,0.607198,5.7e-05,0.980469,0.466277,0.616277,0.029896914958953857,0.6239545941352844,0.5940576791763306,2.3112339973449707,10.086864471435547,0.31198281049728394,16,2,2,1,2,1,0,0.0,0.3297209143638611,2,clean,0.0,-1,148,95,CORRECT,0,0,0,0,0,0,0.0,0.0,answer,
margin,live-delta,11,0.0,0.244356,0.607198,5.7e-05,0.980469,0.466277,0.616277,0.004040539264678955,0.5432393550872803,0.5391988158226013,1.5254955291748047,4.597421169281006,0.2913380265235901,5,2,2,1,2,1,0,0.0,0.3532825708389282,2,clean,0.0,-1,149,94,CORRECT,0,0,0,0,0,0,0.0,0.0,answer,
margin,live-delta,11,0.0,0.244356,0.607198,5.7e-05,0.980469,0.466277,0.616277,0.005341708660125732,0.5863345265388489,0.5809928178787231,1.7241647243499756,5.607834815979004,0.28412020206451416,7,2,2,1,2,1,0,0.0,0.4689067006111145,2,clean,0.0,-1,151,95,CORRECT,0,0,0,0,0,0,0.0,0.0,answer,
margin,live-delta,11,0.0,0.244356,0.607198,5.7e-05,0.980469,0.466277,0.616277,0.013454973697662354,0.5799499750137329,0.5664950013160706,1.8747450113296509,6.519156455993652,0.3245985805988312,9,2,2,1,2,1,0,0.0,0.45656436681747437,2,clean,0.0,-1,152,71,CORRECT,0,0,0,0,0,0,0.0,0.0,answer,
margin,live-delta,11,0.0,0.244356,0.607198,5.7e-05,0.980469,0.466277,0.616277,0.055962324142456055,0.7152880430221558,0.6593257188796997,2.0730578899383545,7.949093341827393,0.41245174407958984,17,2,2,1,2,1,0,0.0,0.5391017198562622,2,clean,0.0,-1,153,80,CORRECT,0,0,0,0,0,0,0.0,0.0,answer,
margin,live-delta,11,0.0,0.244356,0.607198,5.7e-05,0.980469,0.466277,0.616277,0.02488243579864502,0.6584439277648926,0.6335614919662476,2.0872437953948975,8.062662124633789,0.347737580537796,16,2,2,1,2,1,0,0.0,0.4151434600353241,2,clean,0.0,-1,154,74,CORRECT,0,0,0,0,0,0,0.0,0.0,answer,
margin,live-delta,11,0.0,0.244356,0.607198,5.7e-05,0.980469,0.466277,0.616277,0.04854661226272583,0.5953265428543091,0.5467799305915833,1.16036856174469,3.1911091804504395,0.586326539516449,5,2,2,1,2,1,0,0.0,0.43014076352119446,2,clean,0.0,-1,156,68,CORRECT,0,0,0,0,0,0,0.0,0.0,answer,
margin,live-delta,11,0.0,0.244356,0.607198,5.7e-05,0.980469,0.466277,0.616277,0.0775800347328186,0.7291195392608643,0.6515395045280457,1.356828212738037,3.883854866027832,0.6280791759490967,12,2,2,1,2,1,0,0.0,0.5488950610160828,2,clean,0.0,-1,157,94,CORRECT,0,0,0,0,0,0,0.0,0.0,answer,
margin,live-delta,11,0.0,0.244356,0.607198,5.7e-05,0.980469,0.466277,0.616277,0.02474379539489746,0.69541335105896,0.6706695556640625,2.2874703407287598,9.84998893737793,0.32333171367645264,20,2,2,1,2,1,0,0.0,0.46810394525527954,2,clean,0.0,-1,158,92,CORRECT,0,0,0,0,0,0,0.0,0.0,answer,
margin,live-delta,11,0.0,0.244356,0.607198,5.7e-05,0.980469,0.466277,0.616277,0.11211967468261719,0.7105110883712769,0.5983914136886597,0.9322810173034668,2.540297031402588,0.7841705679893494,11,2,2,1,2,1,0,0.0,0.5441452860832214,2,clean,0.0,-1,159,68,CORRECT,0,0,0,0,0,0,0.0,0.0,answer,
margin,live-delta,11,0.0,0.244356,0.607198,5.7e-05,0.980469,0.466277,0.616277,0.012909889221191406,0.6248509883880615,0.6119410991668701,1.034548282623291,2.8138349056243896,0.49615219235420227,4,2,2,1,2,1,0,0.0,0.5396009087562561,2,clean,0.0,-1,160,85,CORRECT,0,0,0,0,0,0,0.0,0.0,answer,
margin,live-delta,11,0.0,0.244356,0.607198,5.7e-05,0.980469,0.466277,0.616277,0.005746603012084961,0.5610314607620239,0.555284857749939,1.8373068571090698,6.279603481292725,0.2964525520801544,8,2,2,1,2,1,0,0.0,0.35305845737457275,2,clean,0.0,-1,162,95,CORRECT,0,0,0,0,0,0,0.0,0.0,answer,
margin,live-delta,11,0.0,0.244356,0.607198,5.7e-05,0.980469,0.466277,0.616277,0.15240740776062012,0.8081988096237183,0.6557914018630981,0.4359906315803528,1.5464942455291748,0.9095169901847839,9,2,2,1,2,1,0,0.0,0.6263875365257263,2,clean,0.0,-1,163,82,CORRECT,0,0,0,0,0,0,0.0,0.0,answer,
margin,live-delta,11,0.0,0.244356,0.607198,5.7e-05,0.980469,0.466277,0.616277,0.06616216897964478,0.7789145708084106,0.7127524018287659,1.4441739320755005,4.238349437713623,0.5569444894790649,12,2,2,1,2,1,0,0.0,0.601078987121582,2,clean,0.0,-1,164,80,CORRECT,0,0,0,0,0,0,0.0,0.0,answer,
margin,live-delta,11,0.0,0.244356,0.607198,5.7e-05,0.980469,0.466277,0.616277,0.02064359188079834,0.5866369605064392,0.5659933686256409,2.4229724407196045,11.279336929321289,0.2292332649230957,14,2,2,1,2,1,0,0.0,0.44338637590408325,2,clean,0.0,-1,166,88,CORRECT,0,0,0,0,0,0,0.0,0.0,answer,
margin,live-delta,11,0.0,0.244356,0.607198,5.7e-05,0.980469,0.466277,0.616277,0.024736642837524414,0.606033205986023,0.5812965631484985,1.4480202198028564,4.254683017730713,0.43405407667160034,6,2,2,1,2,1,0,0.0,0.4318395256996155,2,clean,0.0,-1,167,88,CORRECT,0,0,0,0,0,0,0.0,0.0,answer,
margin,live-delta,11,0.0,0.244356,0.607198,5.7e-05,0.980469,0.466277,0.616277,0.008060634136199951,0.6232964992523193,0.6152358651161194,1.5166947841644287,4.557137966156006,0.3093995153903961,5,2,2,1,2,1,0,0.0,0.28481394052505493,2,clean,0.0,-1,168,67,CORRECT,0,0,0,0,0,0,0.0,0.0,answer,
margin,live-delta,11,0.0,0.244356,0.607198,5.7e-05,0.980469,0.466277,0.616277,0.08725428581237793,0.693211555480957,0.6059572696685791,1.5870367288589478,4.889239311218262,0.6153662204742432,16,2,2,1,2,1,0,0.0,0.3863239288330078,2,clean,0.0,-1,169,94,CORRECT,0,0,0,0,0,0,0.0,0.0,answer,
margin,live-delta,11,0.0,0.244356,0.607198,5.7e-05,0.980469,0.466277,0.616277,0.0413893461227417,0.7523607015609741,0.7109713554382324,1.3815333843231201,3.981001377105713,0.5346791744232178,10,2,2,1,2,1,0,0.0,0.5928447842597961,2,clean,0.0,-1,171,82,CORRECT,0,0,0,0,0,0,0.0,0.0,answer,
margin,live-delta,11,0.0,0.244356,0.607198,5.7e-05,0.980469,0.466277,0.616277,0.06721699237823486,0.6195198893547058,0.552302896976471,0.5096821784973145,1.664762020111084,0.7932027578353882,2,2,2,1,2,1,0,0.0,0.5161680579185486,2,clean,0.0,-1,172,85,CORRECT,0,0,0,0,0,0,0.0,0.0,answer,
margin,live-delta,11,0.0,0.244356,0.607198,5.7e-05,0.980469,0.466277,0.616277,0.07371622323989868,0.6819985508918762,0.6082823276519775,1.2305958271026611,3.4232685565948486,0.607131838798523,6,2,2,1,2,1,0,0.0,0.47153395414352417,2,clean,0.0,-1,173,68,CORRECT,0,0,0,0,0,0,0.0,0.0,answer,
margin,live-delta,11,0.0,0.244356,0.607198,5.7e-05,0.980469,0.466277,0.616277,0.030966460704803467,0.6728857159614563,0.6419192552566528,1.7405102252960205,5.70025110244751,0.40254369378089905,12,2,2,1,2,1,0,0.0,0.34602662920951843,2,clean,0.0,-1,174,67,CORRECT,0,0,0,0,0,0,0.0,0.0,answer,
margin,live-delta,11,0.0,0.244356,0.607198,5.7e-05,0.980469,0.466277,0.616277,0.02083343267440796,0.6345972418785095,0.6137638092041016,2.396552085876465,10.985235214233398,0.22136878967285156,17,2,2,1,2,1,0,0.0,0.4687931537628174,2,clean,0.0,-1,175,74,CORRECT,0,0,0,0,0,0,0.0,0.0,answer,
margin,live-delta,11,0.0,0.244356,0.607198,5.7e-05,0.980469,0.466277,0.616277,0.1282334327697754,0.7788606882095337,0.6506272554397583,0.5262368321418762,1.6925508975982666,0.8699262738227844,5,2,2,1,2,1,0,0.0,0.6797915101051331,2,clean,0.0,-1,176,68,CORRECT,0,0,0,0,0,0,0.0,0.0,answer,
margin,live-delta,11,0.0,0.244356,0.607198,5.7e-05,0.980469,0.466277,0.616277,0.037269771099090576,0.6675590872764587,0.6302893161773682,1.8351078033447266,6.265809535980225,0.41850006580352783,12,2,2,1,2,1,0,0.0,0.5264285802841187,2,clean,0.0,-1,177,80,CORRECT,0,0,0,0,0,0,0.0,0.0,answer,
margin,live-delta,11,0.0,0.244356,0.607198,5.7e-05,0.980469,0.466277,0.616277,0.11271160840988159,0.7303362488746643,0.6176246404647827,1.0682060718536377,2.910154104232788,0.7476840019226074,14,2,2,1,2,1,0,0.0,0.566432535648346,2,clean,0.0,-1,178,92,CORRECT,0,0,0,0,0,0,0.0,0.0,answer,
margin,live-delta,11,0.0,0.244356,0.607198,5.7e-05,0.980469,0.466277,0.616277,0.039039790630340576,0.6944647431373596,0.655424952507019,1.7918906211853027,6.000786781311035,0.4299042522907257,13,2,2,1,2,1,0,0.0,0.5696750283241272,2,clean,0.0,-1,179,91,CORRECT,0,0,0,0,0,0,0.0,0.0,answer,
margin,live-delta,11,0.0,0.244356,0.607198,5.7e-05,0.980469,0.466277,0.616277,0.020443439483642578,0.6780236959457397,0.6575802564620972,2.4922432899475098,12.088363647460938,0.24060675501823425,19,2,2,1,2,1,0,0.0,0.5304607152938843,2,clean,0.0,-1,180,91,CORRECT,0,0,0,0,0,0,0.0,0.0,answer,
margin,live-delta,11,0.0,0.244356,0.607198,5.7e-05,0.980469,0.466277,0.616277,0.024712681770324707,0.6381895542144775,0.6134768724441528,1.4255295991897583,4.160060405731201,0.46456971764564514,8,2,2,1,2,1,0,0.0,0.26151567697525024,2,clean,0.0,-1,181,67,CORRECT,0,0,0,0,0,0,0.0,0.0,answer,
margin,live-delta,11,0.0,0.244356,0.607198,5.7e-05,0.980469,0.466277,0.616277,0.010335981845855713,0.5961796045303345,0.5858436226844788,2.3410282135009766,10.391916275024414,0.20926615595817566,14,2,2,1,2,1,0,0.0,0.4780789017677307,2,clean,0.0,-1,182,93,CORRECT,0,0,0,0,0,0,0.0,0.0,answer,
margin,live-delta,11,0.0,0.244356,0.607198,5.7e-05,0.980469,0.466277,0.616277,0.037868618965148926,0.6397140026092529,0.601845383644104,2.124819755554199,8.37138843536377,0.3193504214286804,13,2,2,1,2,1,0,0.0,0.4415649175643921,2,clean,0.0,-1,183,80,CORRECT,0,0,0,0,0,0,0.0,0.0,answer,
margin,live-delta,11,0.0,0.244356,0.607198,5.7e-05,0.980469,0.466277,0.616277,0.02257359027862549,0.6969536542892456,0.6743800640106201,2.3240654468536377,10.217126846313477,0.2829517126083374,20,2,2,1,2,1,0,0.0,0.5205903053283691,2,clean,0.0,-1,184,91,CORRECT,0,0,0,0,0,0,0.0,0.0,answer,
margin,live-delta,11,0.0,0.244356,0.607198,5.7e-05,0.980469,0.466277,0.616277,0.08996117115020752,0.6739968061447144,0.5840356349945068,1.3994174003601074,4.052838325500488,0.610733151435852,9,2,2,1,2,1,0,0.0,0.3213646113872528,2,clean,0.0,-1,185,67,CORRECT,0,0,0,0,0,0,0.0,0.0,answer,
margin,live-delta,11,0.0,0.244356,0.607198,5.7e-05,0.980469,0.466277,0.616277,0.010523676872253418,0.6649458408355713,0.6544221639633179,2.5547595024108887,12.868204116821289,0.16769342124462128,20,2,2,1,2,1,0,0.0,0.45762038230895996,2,clean,0.0,-1,186,89,CORRECT,0,0,0,0,0,0,0.0,0.0,answer,
margin,live-delta,11,0.0,0.244356,0.607198,5.7e-05,0.980469,0.466277,0.616277,0.0033548474311828613,0.6261475682258606,0.6227927207946777,1.8005625009536743,6.053051471710205,0.3042020797729492,9,2,2,1,2,1,0,0.0,0.5129871964454651,2,clean,0.0,-1,187,88,CORRECT,0,0,0,0,0,0,0.0,0.0,answer,
margin,live-delta,11,0.0,0.244356,0.607198,5.7e-05,0.980469,0.466277,0.616277,0.05916464328765869,0.5708418488502502,0.5116772055625916,0.8113946318626404,2.2510452270507812,0.6907492876052856,3,2,2,1,2,1,0,0.0,0.4427361488342285,2,clean,0.0,-1,188,78,CORRECT,0,0,0,0,0,0,0.0,0.0,answer,
margin,live-delta,11,0.0,0.244356,0.607198,5.7e-05,0.980469,0.466277,0.616277,0.006326436996459961,0.6582905054092407,0.6519640684127808,2.502655506134033,12.214887619018555,0.1542011797428131,20,2,2,1,2,1,0,0.0,0.5008820295333862,2,clean,0.0,-1,189,74,CORRECT,0,0,0,0,0,0,0.0,0.0,answer,
margin,live-delta,11,0.0,0.244356,0.607198,5.7e-05,0.980469,0.466277,0.616277,0.06224316358566284,0.7220123410224915,0.6597691774368286,1.9369443655014038,6.9375200271606445,0.4199064373970032,16,2,2,1,2,1,0,0.0,0.5344237685203552,2,clean,0.0,-1,190,91,CORRECT,0,0,0,0,0,0,0.0,0.0,answer,
margin,live-delta,11,0.0,0.244356,0.607198,5.7e-05,0.980469,0.466277,0.616277,0.010715484619140625,0.5521745681762695,0.5414590835571289,1.9276747703552246,6.873509407043457,0.2654131054878235,8,2,2,1,2,1,0,0.0,0.399591863155365,2,clean,0.0,-1,191,94,CORRECT,0,0,0,0,0,0,0.0,0.0,answer,
margin,live-delta,11,0.0,0.244356,0.607198,5.7e-05,0.980469,0.466277,0.616277,0.1926092505455017,0.573388934135437,0.3807796835899353,-0.0,1.0,1.0,1,3,3,1,3,1,0,0.0,0.29521629214286804,2,clean,0.0,-1,192,126,CORRECT,0,0,0,0,0,0,0.0,0.0,answer,
margin,live-delta,11,0.0,0.244356,0.607198,5.7e-05,0.980469,0.466277,0.616277,0.002837657928466797,0.4762086868286133,0.4733710289001465,0.6927447319030762,1.9991952180862427,0.5141844749450684,2,3,3,1,3,1,0,0.0,0.13931193947792053,2,clean,0.0,-1,193,108,CORRECT,0,0,0,0,0,0,0.0,0.0,answer,
margin,live-delta,11,0.0,0.244356,0.607198,5.7e-05,0.980469,0.466277,0.616277,0.10279828310012817,0.5986695885658264,0.49587130546569824,0.3536701798439026,1.4242852926254272,0.8865489959716797,2,3,3,1,3,1,0,0.0,0.20850712060928345,2,clean,0.0,-1,194,110,CORRECT,0,0,0,0,0,0,0.0,0.0,answer,
margin,live-delta,11,0.0,0.244356,0.607198,5.7e-05,0.980469,0.466277,0.616277,0.03087615966796875,0.4933467507362366,0.4624705910682678,-0.0,1.0,1.0,1,3,3,1,3,1,0,0.0,0.09028860926628113,2,clean,0.0,-1,200,108,CORRECT,0,0,0,0,0,0,0.0,0.0,answer,
margin,live-delta,11,0.0,0.244356,0.607198,5.7e-05,0.980469,0.466277,0.616277,0.09149575233459473,0.5550409555435181,0.46354520320892334,-0.0,1.0,1.0,1,3,3,1,3,1,0,0.0,0.24887317419052124,2,clean,0.0,-1,201,120,CORRECT,0,0,0,0,0,0,0.0,0.0,answer,
margin,live-delta,11,0.0,0.244356,0.607198,5.7e-05,0.980469,0.466277,0.616277,0.02482759952545166,0.6939318180084229,0.6691042184829712,0.8073439598083496,2.241945266723633,0.6013247966766357,4,3,3,1,3,1,0,0.0,0.24247205257415771,2,clean,0.0,-1,202,107,CORRECT,0,0,0,0,0,0,0.0,0.0,answer,
margin,live-delta,11,0.0,0.244356,0.607198,5.7e-05,0.980469,0.466277,0.616277,0.029502391815185547,0.5513004660606384,0.5217980742454529,1.253708004951477,3.5033092498779297,0.4627518951892853,4,3,3,1,3,1,0,0.0,0.23448604345321655,2,clean,0.0,-1,205,120,CORRECT,0,0,0,0,0,0,0.0,0.0,answer,
margin,live-delta,11,0.0,0.244356,0.607198,5.7e-05,0.980469,0.466277,0.616277,0.02621561288833618,0.5272265672683716,0.5010109543800354,2.0063228607177734,7.435924053192139,0.23957088589668274,8,3,3,1,3,1,0,0.0,0.1180831789970398,2,clean,0.0,-1,207,104,CORRECT,0,0,0,0,0,0,0.0,0.0,answer,
margin,live-delta,11,0.0,0.244356,0.607198,5.7e-05,0.980469,0.466277,0.616277,0.11798250675201416,0.6017956733703613,0.48381316661834717,0.7409191727638245,2.097862958908081,0.7911416888237,4,3,3,1,3,1,0,0.0,0.2477075755596161,2,clean,0.0,-1,208,115,CORRECT,0,0,0,0,0,0,0.0,0.0,answer,
margin,live-delta,11,0.0,0.244356,0.607198,5.7e-05,0.980469,0.466277,0.616277,0.08217626810073853,0.6692698001861572,0.5870935320854187,0.6440044641494751,1.9040905237197876,0.7986990213394165,4,3,3,1,3,1,0,0.0,0.2568804919719696,2,clean,0.0,-1,209,120,CORRECT,0,0,0,0,0,0,0.0,0.0,answer,
margin,live-delta,11,0.0,0.244356,0.607198,5.7e-05,0.980469,0.466277,0.616277,0.15729665756225586,0.6105475425720215,0.4532508850097656,-0.0,1.0,1.0,1,3,3,1,3,1,0,0.0,0.15729665756225586,2,clean,0.0,-1,210,104,CORRECT,0,0,0,0,0,0,0.0,0.0,answer,
margin,live-delta,11,0.0,0.244356,0.607198,5.7e-05,0.980469,0.466277,0.616277,0.02014237642288208,0.6971720457077026,0.6770296692848206,1.990173578262329,7.316803932189941,0.30935487151145935,13,3,3,1,3,1,0,0.0,0.2428939938545227,2,clean,0.0,-1,211,120,CORRECT,0,0,0,0,0,0,0.0,0.0,answer,
margin,live-delta,11,0.0,0.244356,0.607198,5.7e-05,0.980469,0.466277,0.616277,0.06616729497909546,0.6066004633903503,0.5404331684112549,1.324224829673767,3.759270191192627,0.5778385996818542,6,3,3,1,3,1,0,0.0,0.28090739250183105,2,clean,0.0,-1,212,116,CORRECT,0,0,0,0,0,0,0.0,0.0,answer,
margin,live-delta,11,0.0,0.244356,0.607198,5.7e-05,0.980469,0.466277,0.616277,0.00887608528137207,0.5642865896224976,0.5554105043411255,1.838852882385254,6.2893195152282715,0.28707244992256165,8,3,3,1,3,1,0,0.0,0.19849196076393127,2,clean,0.0,-1,213,107,CORRECT,0,0,0,0,0,0,0.0,0.0,answer,
margin,live-delta,11,0.0,0.244356,0.607198,5.7e-05,0.980469,0.466277,0.616277,0.05752432346343994,0.5843203663825989,0.5267960429191589,0.8016424775123596,2.2291994094848633,0.692435085773468,3,3,3,1,3,1,0,0.0,0.25374045968055725,2,clean,0.0,-1,214,105,CORRECT,0,0,0,0,0,0,0.0,0.0,answer,
margin,live-delta,11,0.0,0.244356,0.607198,5.7e-05,0.980469,0.466277,0.616277,0.01133456826210022,0.5045703649520874,0.4932357966899872,1.064758062362671,2.900137186050415,0.4318862557411194,3,3,3,1,3,1,0,0.0,0.2836514711380005,2,clean,0.0,-1,216,108,CORRECT,0,0,0,0,0,0,0.0,0.0,answer,
margin,live-delta,11,0.0,0.244356,0.607198,5.7e-05,0.980469,0.466277,0.616277,0.003426849842071533,0.5011805295944214,0.49775367975234985,1.3551664352416992,3.877406120300293,0.31608033180236816,4,3,3,1,3,1,0,0.0,0.19427341222763062,2,clean,0.0,-1,218,98,CORRECT,0,0,0,0,0,0,0.0,0.0,answer,
margin,live-delta,11,0.0,0.244356,0.607198,5.7e-05,0.980469,0.466277,0.616277,0.12949895858764648,0.6797758340835571,0.5502768754959106,0.48130854964256287,1.6181905269622803,0.8866637945175171,5,3,3,1,3,1,0,0.0,0.3595513105392456,2,clean,0.0,-1,219,100,CORRECT,0,0,0,0,0,0,0.0,0.0,answer,
margin,live-delta,11,0.0,0.244356,0.607198,5.7e-05,0.980469,0.466277,0.616277,0.06679219007492065,0.5910822153091431,0.5242900252342224,1.659691333770752,5.257687568664551,0.4827601909637451,8,3,3,1,3,1,0,0.0,0.2517186403274536,2,clean,0.0,-1,220,96,CORRECT,0,0,0,0,0,0,0.0,0.0,answer,
margin,live-delta,11,0.0,0.244356,0.607198,5.7e-05,0.980469,0.466277,0.616277,0.01146090030670166,0.6261302828788757,0.6146693825721741,1.7643245458602905,5.83762788772583,0.30648717284202576,9,3,3,1,3,1,0,0.0,0.21545302867889404,2,clean,0.0,-1,224,112,CORRECT,0,0,0,0,0,0,0.0,0.0,answer,
margin,live-delta,11,0.0,0.244356,0.607198,5.7e-05,0.980469,0.466277,0.616277,0.004072070121765137,0.5881993770599365,0.5841273069381714,2.1805710792541504,8.851359367370605,0.19593437016010284,11,3,3,1,3,1,0,0.0,0.18485039472579956,2,clean,0.0,-1,225,110,CORRECT,0,0,0,0,0,0,0.0,0.0,answer,
margin,live-delta,11,0.0,0.244356,0.607198,5.7e-05,0.980469,0.466277,0.616277,0.03309154510498047,0.5609841346740723,0.5278925895690918,0.6412531137466431,1.898858904838562,0.6596715450286865,2,3,3,1,3,1,0,0.0,0.20335319638252258,2,clean,0.0,-1,226,108,CORRECT,0,0,0,0,0,0,0.0,0.0,answer,
margin,live-delta,11,0.0,0.244356,0.607198,5.7e-05,0.980469,0.466277,0.616277,0.037726402282714844,0.5063289403915405,0.4686025381088257,0.6267454028129578,1.8715096712112427,0.6801645159721375,2,3,3,1,3,1,0,0.0,0.15563541650772095,2,clean,0.0,-1,227,126,CORRECT,0,0,0,0,0,0,0.0,0.0,answer,
margin,live-delta,11,0.0,0.244356,0.607198,5.7e-05,0.980469,0.466277,0.616277,0.012221962213516235,0.47681495547294617,0.46459299325942993,-0.0,1.0,1.0,1,3,3,1,3,1,0,0.0,0.13924476504325867,2,clean,0.0,-1,231,104,CORRECT,0,0,0,0,0,0,0.0,0.0,answer,
margin,live-delta,11,0.0,0.244356,0.607198,5.7e-05,0.980469,0.466277,0.616277,0.029977619647979736,0.47079384326934814,0.4408162236213684,-0.0,1.0,1.0,1,3,3,1,3,1,0,0.0,0.23236018419265747,2,clean,0.0,-1,232,98,CORRECT,0,0,0,0,0,0,0.0,0.0,answer,
margin,live-delta,11,0.0,0.244356,0.607198,5.7e-05,0.980469,0.466277,0.616277,0.004300862550735474,0.4803829491138458,0.47608208656311035,0.6922231912612915,1.9981528520584106,0.5214909315109253,2,3,3,1,3,1,0,0.0,0.1727493703365326,2,clean,0.0,-1,233,98,CORRECT,0,0,0,0,0,0,0.0,0.0,answer,
margin,live-delta,11,0.0,0.244356,0.607198,5.7e-05,0.980469,0.466277,0.616277,0.03754919767379761,0.5242900252342224,0.4867408275604248,0.6273261308670044,1.8725967407226562,0.6793931126594543,2,3,3,1,3,1,0,0.0,0.24334800243377686,2,clean,0.0,-1,235,110,CORRECT,0,0,0,0,0,0,0.0,0.0,answer,
margin,live-delta,11,0.0,0.244356,0.607198,5.7e-05,0.980469,0.466277,0.616277,0.017941057682037354,0.4855964779853821,0.4676554203033447,0.6773084998130798,1.9685721397399902,0.5887549519538879,2,3,3,1,3,1,0,0.0,0.17962372303009033,2,clean,0.0,-1,236,108,CORRECT,0,0,0,0,0,0,0.0,0.0,answer,
margin,live-delta,11,0.0,0.244356,0.607198,5.7e-05,0.980469,0.466277,0.616277,0.004896998405456543,0.509640097618103,0.5047430992126465,0.6919496059417725,1.9976062774658203,0.5244653224945068,2,3,3,1,3,1,0,0.0,0.17720720171928406,2,clean,0.0,-1,238,115,CORRECT,0,0,0,0,0,0,0.0,0.0,answer,
margin,live-delta,11,0.0,0.244356,0.607198,5.7e-05,0.980469,0.466277,0.616277,0.04566854238510132,0.5717487931251526,0.5260802507400513,1.2074474096298218,3.344935417175293,0.5206905603408813,4,3,3,1,3,1,0,0.0,0.27459055185317993,2,clean,0.0,-1,239,110,CORRECT,0,0,0,0,0,0,0.0,0.0,answer,
margin,live-delta,11,0.0,0.244356,0.607198,5.7e-05,0.980469,0.466277,0.616277,0.0239027738571167,0.4795359671115875,0.4556331932544708,-0.0,1.0,1.0,1,3,3,1,3,1,0,0.0,0.08667504787445068,2,clean,0.0,-1,242,114,CORRECT,0,0,0,0,0,0,0.0,0.0,answer,
margin,live-delta,11,0.0,0.244356,0.607198,5.7e-05,0.980469,0.466277,0.616277,0.016660213470458984,0.6470491886138916,0.6303889751434326,2.0216286182403564,7.550611972808838,0.29967594146728516,11,3,3,1,3,1,0,0.011956256814301014,0.16107234358787537,2,clean,0.0,-1,243,96,CORRECT,0,0,0,0,0,0,0.0,0.0,answer,
margin,live-delta,11,0.0,0.244356,0.607198,5.7e-05,0.980469,0.466277,0.616277,0.05257701873779297,0.6573766469955444,0.6047996282577515,1.6723682880401611,5.324763298034668,0.49929380416870117,11,3,3,1,3,1,0,0.0,0.2856913208961487,2,clean,0.0,-1,244,100,CORRECT,0,0,0,0,0,0,0.0,0.0,answer,
margin,live-delta,11,0.0,0.244356,0.607198,5.7e-05,0.980469,0.466277,0.616277,0.05133938789367676,0.4852619171142578,0.43392252922058105,-0.0,1.0,1.0,1,3,3,1,3,1,0,0.0,0.11322644352912903,2,clean,0.0,-1,246,98,CORRECT,0,0,0,0,0,0,0.0,0.0,answer,
margin,live-delta,11,0.0,0.244356,0.607198,5.7e-05,0.980469,0.466277,0.616277,0.07415032386779785,0.7413268089294434,0.6671764850616455,1.0889414548873901,2.9711272716522217,0.6762465834617615,9,3,3,1,3,1,0,0.0,0.3865586519241333,2,clean,0.0,-1,248,110,CORRECT,0,0,0,0,0,0,0.0,0.0,answer,
margin,live-delta,11,0.0,0.244356,0.607198,5.7e-05,0.980469,0.466277,0.616277,0.1013302206993103,0.4877285957336426,0.3863983750343323,-0.0,1.0,1.0,1,3,3,1,3,1,0,0.0,0.16303473711013794,2,clean,0.0,-1,250,114,CORRECT,0,0,0,0,0,0,0.0,0.0,answer,
margin,live-delta,11,0.0,0.244356,0.607198,5.7e-05,0.980469,0.466277,0.616277,0.021122872829437256,0.5811411738395691,0.5600183010101318,2.09708833694458,8.142427444458008,0.23062185943126678,10,3,3,1,3,1,0,0.0,0.13164237141609192,2,clean,0.0,-1,253,110,CORRECT,0,0,0,0,0,0,0.0,0.0,answer,
margin,live-delta,11,0.0,0.244356,0.607198,5.7e-05,0.980469,0.466277,0.616277,0.10018813610076904,0.6796610355377197,0.5794728994369507,1.2663002014160156,3.5477025508880615,0.6495617032051086,8,3,3,1,3,1,0,0.0,0.26146480441093445,2,clean,0.0,-1,254,115,CORRECT,0,0,0,0,0,0,0.0,0.0,answer,
margin,live-delta,11,0.0,0.244356,0.607198,5.7e-05,0.980469,0.466277,0.616277,0.08388504385948181,0.5746854543685913,0.4908004105091095,0.4353334903717041,1.545478343963623,0.8425998091697693,2,3,3,1,3,1,0,0.0,0.26444941759109497,2,clean,0.0,-1,255,104,CORRECT,0,0,0,0,0,0,0.0,0.0,answer,
