vigilance_policy,retrieval_floor_policy,epoch,contraction,rho_probe,within_probe,offclass_weight_mean,acc_epoch,sim_floor_active,floor_delta_ema,top1_top2_margin,top1_sim,top2_sim,vote_entropy,effective_support,max_vote_weight,n_surviving_votes,true_label,top1_label,top1_correct,vote_pred_label,vote_correct,is_blended,offclass_weight,true_margin,margin_bucket,arm,injection_rate,supersede_epoch,probe_index,top1_slot,failure_mode,contradictory_strict,contradictory_lenient,stale_strict,stale_lenient,n_contra_topk,n_stale_topk,contra_vote_weight,stale_vote_weight,served_outcome,abstain_reason
margin,live-delta,0,0.0,0.483385,0.581161,0.144822,0.976562,0.376198,0.526198,1.7881393432617188e-07,0.6283861398696899,0.6283859610557556,1.9428174495697021,6.978384494781494,0.27134376764297485,20,0,3,0,0,1,1,0.29294654726982117,-1.7881393432617188e-07,0,contra,0.15,-1,0,144,CORRECT,0,0,0,0,3,0,0.292947,0.0,answer,
margin,live-delta,0,0.0,0.483385,0.581161,0.144822,0.976562,0.376198,0.526198,0.0,0.538063645362854,0.538063645362854,2.149137020111084,8.57745361328125,0.24350963532924652,16,0,1,0,0,1,1,0.2905014455318451,0.0,0,contra,0.15,-1,1,130,CORRECT,0,0,0,0,3,0,0.280541,0.0,answer,
margin,live-delta,0,0.0,0.483385,0.581161,0.144822,0.976562,0.376198,0.526198,0.050639808177948,0.6435017585754395,0.5928619503974915,2.3744397163391113,10.744991302490234,0.3226741850376129,20,0,0,1,0,1,1,0.19009838998317719,0.06002700328826904,2,contra,0.15,-1,2,9,CORRECT,0,0,0,0,4,0,0.164907,0.0,answer,
margin,live-delta,0,0.0,0.483385,0.581161,0.144822,0.976562,0.376198,0.526198,0.06146061420440674,0.7017878293991089,0.6403272151947021,2.021505355834961,7.549681186676025,0.39674806594848633,20,0,0,1,0,1,1,0.23770496249198914,0.06146061420440674,2,contra,0.15,-1,3,11,CORRECT,0,0,0,0,3,0,0.237705,0.0,answer,
margin,live-delta,0,0.0,0.483385,0.581161,0.144822,0.976562,0.376198,0.526198,0.00846010446548462,0.6306256651878357,0.6221655607223511,2.2179172039031982,9.1881742477417,0.20073360204696655,20,0,0,1,0,1,1,0.2495393455028534,0.00846022367477417,0,contra,0.15,-1,4,7,CORRECT,0,0,0,0,3,0,0.249539,0.0,answer,
margin,live-delta,0,0.0,0.483385,0.581161,0.144822,0.976562,0.376198,0.526198,0.0811147689819336,0.6353706121444702,0.5542558431625366,1.8231208324432373,6.191149711608887,0.5399643182754517,20,0,0,1,0,1,0,0.09500600397586823,0.11406058073043823,2,contra,0.15,-1,5,13,CORRECT,0,0,0,0,4,0,0.095006,0.0,answer,
margin,live-delta,0,0.0,0.483385,0.581161,0.144822,0.976562,0.376198,0.526198,0.06274926662445068,0.6143373250961304,0.5515880584716797,2.4384236335754395,11.45496940612793,0.31065240502357483,20,0,0,1,0,1,1,0.1531175673007965,0.06274926662445068,2,contra,0.15,-1,6,27,CORRECT,0,0,0,0,3,0,0.153118,0.0,answer,
margin,live-delta,0,0.0,0.483385,0.581161,0.144822,0.976562,0.376198,0.526198,0.20145222544670105,0.49529901146888733,0.2938467860221863,-0.0,1.0,1.0,1,0,0,1,0,1,0,0.0,0.20145222544670105,2,contra,0.15,-1,7,7,CORRECT,0,0,0,0,0,0,0.0,0.0,answer,
margin,live-delta,0,0.0,0.483385,0.581161,0.144822,0.976562,0.376198,0.526198,0.019235551357269287,0.5491014122962952,0.5298658609390259,1.7805050611495972,5.932852268218994,0.4097013771533966,12,0,0,1,0,1,0,0.03867414966225624,0.11801287531852722,2,contra,0.15,-1,8,12,CORRECT,0,0,0,0,1,0,0.038674,0.0,answer,
margin,live-delta,0,0.0,0.483385,0.581161,0.144822,0.976562,0.376198,0.526198,0.08658438920974731,0.6821415424346924,0.5955571532249451,1.5123344659805298,4.537310600280762,0.6399193406105042,20,0,0,1,0,1,0,0.031719643622636795,0.16609269380569458,2,contra,0.15,-1,9,12,CORRECT,0,0,0,0,3,0,0.03172,0.0,answer,
margin,live-delta,0,0.0,0.483385,0.581161,0.144822,0.976562,0.376198,0.526198,0.0325850248336792,0.5376240611076355,0.5050390362739563,1.9940766096115112,7.345417022705078,0.32967472076416016,10,0,0,1,0,1,0,0.08203936368227005,0.06954532861709595,2,contra,0.15,-1,10,26,CORRECT,0,0,0,0,1,0,0.082039,0.0,answer,
margin,live-delta,0,0.0,0.483385,0.581161,0.144822,0.976562,0.376198,0.526198,0.03140735626220703,0.5394497513771057,0.5080423951148987,2.4180688858032227,11.224163055419922,0.26568761467933655,20,0,0,1,0,1,1,0.20462021231651306,0.05197146534919739,2,contra,0.15,-1,11,24,CORRECT,0,0,0,0,3,0,0.118831,0.0,answer,
margin,live-delta,0,0.0,0.483385,0.581161,0.144822,0.976562,0.376198,0.526198,0.0,0.6589005589485168,0.6589005589485168,2.1897385120391846,8.932876586914062,0.19821485877037048,20,0,0,1,0,1,1,0.22910714149475098,0.0,0,contra,0.15,-1,12,20,CORRECT,0,0,0,0,3,0,0.224926,0.0,answer,
margin,live-delta,0,0.0,0.483385,0.581161,0.144822,0.976562,0.376198,0.526198,0.004485130310058594,0.6025277972221375,0.5980426669120789,1.967337727546692,7.151611804962158,0.32108068466186523,20,0,0,1,0,1,0,0.02509652078151703,0.16824856400489807,2,contra,0.15,-1,13,28,CORRECT,0,0,0,0,3,0,0.025097,0.0,answer,
margin,live-delta,0,0.0,0.483385,0.581161,0.144822,0.976562,0.376198,0.526198,0.0068146586418151855,0.6395174860954285,0.6327028274536133,1.9167746305465698,6.7989935874938965,0.30528873205184937,20,0,0,1,0,1,0,0.02975262701511383,0.14208543300628662,2,contra,0.15,-1,14,26,CORRECT,0,0,0,0,3,0,0.029753,0.0,answer,
margin,live-delta,0,0.0,0.483385,0.581161,0.144822,0.976562,0.376198,0.526198,0.0438503623008728,0.664881706237793,0.6210313439369202,1.9766789674758911,7.218729496002197,0.41397470235824585,20,0,0,1,0,1,0,0.02131452038884163,0.179019957780838,2,contra,0.15,-1,15,13,CORRECT,0,0,0,0,3,0,0.018773,0.0,answer,
margin,live-delta,0,0.0,0.483385,0.581161,0.144822,0.976562,0.376198,0.526198,0.0043985843658447266,0.5671543478965759,0.5627557635307312,2.6501002311706543,14.155457496643066,0.13536085188388824,20,0,0,1,0,1,1,0.10104125738143921,0.03002375364303589,1,contra,0.15,-1,16,12,CORRECT,0,0,0,0,3,0,0.101041,0.0,answer,
margin,live-delta,0,0.0,0.483385,0.581161,0.144822,0.976562,0.376198,0.526198,0.020671069622039795,0.6850572228431702,0.6643861532211304,2.1732048988342285,8.786398887634277,0.28805026412010193,20,0,0,1,0,1,1,0.14168910682201385,0.04570877552032471,1,contra,0.15,-1,17,30,CORRECT,0,0,0,0,3,0,0.13876,0.0,answer,
margin,live-delta,0,0.0,0.483385,0.581161,0.144822,0.976562,0.376198,0.526198,0.13047552108764648,0.7553185224533081,0.6248430013656616,1.3353525400161743,3.8013358116149902,0.7137258648872375,20,0,0,1,0,1,0,0.06071639060974121,0.14898639917373657,2,contra,0.15,-1,18,30,CORRECT,0,0,0,0,3,0,0.060716,0.0,answer,
margin,live-delta,0,0.0,0.483385,0.581161,0.144822,0.976562,0.376198,0.526198,0.21431148052215576,0.7999752163887024,0.5856637358665466,0.6504347324371338,1.9163737297058105,0.8891999125480652,20,0,0,1,0,1,0,0.029238970950245857,0.2169327735900879,2,contra,0.15,-1,19,30,CORRECT,0,0,0,0,3,0,0.025252,0.0,answer,
margin,live-delta,0,0.0,0.483385,0.581161,0.144822,0.976562,0.376198,0.526198,0.005678772926330566,0.6305544376373291,0.6248756647109985,2.651111125946045,14.169774055480957,0.16110435128211975,20,0,0,1,0,1,0,0.0795481950044632,0.07862508296966553,2,contra,0.15,-1,20,0,CORRECT,0,0,0,0,3,0,0.071963,0.0,answer,
margin,live-delta,0,0.0,0.483385,0.581161,0.144822,0.976562,0.376198,0.526198,0.01732957363128662,0.7488837242126465,0.7315541505813599,1.1454049348831177,3.14371395111084,0.5203644037246704,20,0,0,1,0,1,0,0.0030901427380740643,0.3033927083015442,2,contra,0.15,-1,21,25,CORRECT,0,0,0,0,3,0,0.001885,0.0,answer,
margin,live-delta,0,0.0,0.483385,0.581161,0.144822,0.976562,0.376198,0.526198,1.1920928955078125e-07,0.6977768540382385,0.697776734828949,1.970368504524231,7.173319339752197,0.2824421525001526,20,0,3,0,0,1,1,0.33383962512016296,-1.1920928955078125e-07,0,contra,0.15,-1,22,144,CORRECT,0,0,0,0,4,0,0.33384,0.0,answer,
margin,live-delta,0,0.0,0.483385,0.581161,0.144822,0.976562,0.376198,0.526198,1.1920928955078125e-07,0.6982559561729431,0.6982558369636536,2.1117587089538574,8.262760162353516,0.2956221103668213,20,0,0,1,0,1,1,0.3610769510269165,1.1920928955078125e-07,0,contra,0.15,-1,23,1,CORRECT,0,0,0,0,3,0,0.361077,0.0,answer,
margin,live-delta,0,0.0,0.483385,0.581161,0.144822,0.976562,0.376198,0.526198,0.0,0.550545334815979,0.550545334815979,1.0763349533081055,2.9339070320129395,0.43359625339508057,4,0,2,0,2,0,1,0.9570984244346619,-0.11566036939620972,0,contra,0.15,-1,24,134,CONTRADICTORY_STRICT,1,1,0,0,1,0,0.433596,0.0,answer,
margin,live-delta,0,0.0,0.483385,0.581161,0.144822,0.976562,0.376198,0.526198,0.01704925298690796,0.6313489079475403,0.6142996549606323,2.626434564590454,13.824392318725586,0.2240840494632721,20,0,0,1,0,1,1,0.1277521252632141,0.07265657186508179,2,contra,0.15,-1,25,30,CORRECT,0,0,0,0,3,0,0.127752,0.0,answer,
margin,live-delta,0,0.0,0.483385,0.581161,0.144822,0.976562,0.376198,0.526198,0.02894890308380127,0.5523542165756226,0.5234053134918213,2.4174375534057617,11.217079162597656,0.2673061788082123,20,0,0,1,0,1,1,0.17474329471588135,0.02894890308380127,1,contra,0.15,-1,26,27,CORRECT,0,0,0,0,3,0,0.174743,0.0,answer,
margin,live-delta,0,0.0,0.483385,0.581161,0.144822,0.976562,0.376198,0.526198,0.04773306846618652,0.6731027364730835,0.625369668006897,1.9068866968154907,6.732097148895264,0.40985703468322754,20,0,0,1,0,1,1,0.18994377553462982,0.059629201889038086,2,contra,0.15,-1,27,16,CORRECT,0,0,0,0,2,0,0.16287,0.0,answer,
margin,live-delta,0,0.0,0.483385,0.581161,0.144822,0.976562,0.376198,0.526198,0.0,0.4923955500125885,0.4923955500125885,1.4238475561141968,4.153069019317627,0.32895636558532715,5,0,2,0,2,0,1,0.6935718059539795,-0.03371754288673401,0,contra,0.15,-1,28,134,CONTRADICTORY_STRICT,1,1,0,0,1,0,0.328956,0.0,answer,
margin,live-delta,0,0.0,0.483385,0.581161,0.144822,0.976562,0.376198,0.526198,0.0004004240036010742,0.529884934425354,0.5294845104217529,2.520902395248413,12.439817428588867,0.2068176418542862,20,0,0,1,0,1,0,0.09898015856742859,0.08668169379234314,2,contra,0.15,-1,29,13,CORRECT,0,0,0,0,2,0,0.048526,0.0,answer,
margin,live-delta,0,0.0,0.483385,0.581161,0.144822,0.976562,0.376198,0.526198,0.04991328716278076,0.6916114091873169,0.6416981220245361,2.2189741134643555,9.197890281677246,0.3427198827266693,20,0,0,1,0,1,1,0.2390519082546234,0.04991346597671509,1,contra,0.15,-1,30,11,CORRECT,0,0,0,0,3,0,0.239052,0.0,answer,
margin,live-delta,0,0.0,0.483385,0.581161,0.144822,0.976562,0.376198,0.526198,0.015379667282104492,0.5836500525474548,0.5682703852653503,2.6217777729034424,13.760164260864258,0.20367586612701416,20,0,0,1,0,1,0,0.0900360494852066,0.0772402286529541,2,contra,0.15,-1,31,11,CORRECT,0,0,0,0,3,0,0.090036,0.0,answer,
margin,live-delta,0,0.0,0.483385,0.581161,0.144822,0.976562,0.376198,0.526198,0.00023111701011657715,0.4375622570514679,0.4373311400413513,1.3393038511276245,3.8163857460021973,0.32678624987602234,4,0,0,1,0,1,1,0.3479343056678772,0.031522005796432495,1,contra,0.15,-1,32,7,CORRECT,0,0,0,0,1,0,0.173967,0.0,answer,
margin,live-delta,0,0.0,0.483385,0.581161,0.144822,0.976562,0.376198,0.526198,0.0,0.6656931638717651,0.6656931638717651,2.3111934661865234,10.086455345153809,0.22360748052597046,20,0,1,0,0,1,1,0.31824538111686707,0.0,0,contra,0.15,-1,33,130,CORRECT,0,0,0,0,4,0,0.318245,0.0,answer,
margin,live-delta,0,0.0,0.483385,0.581161,0.144822,0.976562,0.376198,0.526198,5.960464477539063e-08,0.6726762652397156,0.6726762056350708,1.9133442640304565,6.775710582733154,0.29985299706459045,20,0,3,0,0,1,1,0.32789117097854614,-5.960464477539063e-08,0,contra,0.15,-1,34,144,CORRECT,0,0,0,0,3,0,0.327891,0.0,answer,
margin,live-delta,0,0.0,0.483385,0.581161,0.144822,0.976562,0.376198,0.526198,0.06339681148529053,0.6739566326141357,0.6105598211288452,1.473433494567871,4.364193916320801,0.6025719046592712,20,0,0,1,0,1,0,0.0359511524438858,0.18079394102096558,2,contra,0.15,-1,35,28,CORRECT,0,0,0,0,3,0,0.023771,0.0,answer,
margin,live-delta,0,0.0,0.483385,0.581161,0.144822,0.976562,0.376198,0.526198,0.06188356876373291,0.6948245763778687,0.6329410076141357,1.9378868341445923,6.944061279296875,0.47462642192840576,20,0,0,1,0,1,0,0.07244773209095001,0.11883038282394409,2,contra,0.15,-1,36,12,CORRECT,0,0,0,0,4,0,0.072448,0.0,answer,
margin,live-delta,0,0.0,0.483385,0.581161,0.144822,0.976562,0.376198,0.526198,0.016531944274902344,0.5996270775794983,0.583095133304596,2.206475257873535,9.08364200592041,0.2475774735212326,18,0,0,1,0,1,1,0.23049110174179077,0.016531944274902344,0,contra,0.15,-1,37,26,CORRECT,0,0,0,0,3,0,0.230491,0.0,answer,
margin,live-delta,0,0.0,0.483385,0.581161,0.144822,0.976562,0.376198,0.526198,0.01701536774635315,0.5104827880859375,0.49346742033958435,2.8551199436187744,17.376522064208984,0.11701509356498718,20,0,0,1,0,1,1,0.12939170002937317,0.022472798824310303,0,contra,0.15,-1,38,28,CORRECT,0,0,0,0,2,0,0.129392,0.0,answer,
margin,live-delta,0,0.0,0.483385,0.581161,0.144822,0.976562,0.376198,0.526198,0.07330387830734253,0.7156831622123718,0.6423792839050293,2.1910524368286133,8.944622039794922,0.41444194316864014,20,0,0,1,0,1,1,0.18781252205371857,0.07330387830734253,2,contra,0.15,-1,39,11,CORRECT,0,0,0,0,3,0,0.187813,0.0,answer,
margin,live-delta,0,0.0,0.483385,0.581161,0.144822,0.976562,0.376198,0.526198,0.01202094554901123,0.5193359851837158,0.5073150396347046,2.151808977127075,8.60040283203125,0.2644074261188507,12,0,0,1,0,1,1,0.1695757508277893,0.0560949444770813,2,contra,0.15,-1,40,18,CORRECT,0,0,0,0,3,0,0.169576,0.0,answer,
margin,live-delta,0,0.0,0.483385,0.581161,0.144822,0.976562,0.376198,0.526198,0.004130423069000244,0.5956895351409912,0.591559112071991,2.4079792499542236,11.11148452758789,0.23331667482852936,20,0,0,1,0,1,1,0.12335672974586487,0.07166504859924316,2,contra,0.15,-1,41,9,CORRECT,0,0,0,0,3,0,0.116511,0.0,answer,
margin,live-delta,0,0.0,0.483385,0.581161,0.144822,0.976562,0.376198,0.526198,0.12807446718215942,0.5080372095108032,0.3799627423286438,0.2579077482223511,1.2942193746566772,0.9283416271209717,2,0,0,1,0,1,0,0.0,0.18090730905532837,2,contra,0.15,-1,42,15,CORRECT,0,0,0,0,0,0,0.0,0.0,answer,
margin,live-delta,0,0.0,0.483385,0.581161,0.144822,0.976562,0.376198,0.526198,0.029343366622924805,0.5180602669715881,0.48871690034866333,1.7152223587036133,5.557911396026611,0.43633997440338135,10,0,0,1,0,1,1,0.3408183753490448,0.029343366622924805,1,contra,0.15,-1,44,6,CORRECT,0,0,0,0,2,0,0.063946,0.0,answer,
margin,live-delta,0,0.0,0.483385,0.581161,0.144822,0.976562,0.376198,0.526198,0.14111894369125366,0.7220957279205322,0.5809767842292786,1.074388861656189,2.9282028675079346,0.7702793478965759,20,0,0,1,0,1,0,0.05864010751247406,0.14111900329589844,2,contra,0.15,-1,45,30,CORRECT,0,0,0,0,3,0,0.055545,0.0,answer,
margin,live-delta,0,0.0,0.483385,0.581161,0.144822,0.976562,0.376198,0.526198,0.009379982948303223,0.5576402544975281,0.5482602715492249,2.710157632827759,15.031644821166992,0.1256910264492035,20,0,0,1,0,1,1,0.16058239340782166,0.009379982948303223,0,contra,0.15,-1,46,0,CORRECT,0,0,0,0,4,0,0.147647,0.0,answer,
margin,live-delta,0,0.0,0.483385,0.581161,0.144822,0.976562,0.376198,0.526198,0.03974360227584839,0.706577718257904,0.6668341159820557,2.1417198181152344,8.514067649841309,0.33146029710769653,20,0,0,1,0,1,1,0.25664106011390686,0.03974360227584839,1,contra,0.15,-1,47,11,CORRECT,0,0,0,0,3,0,0.256641,0.0,answer,
margin,live-delta,0,0.0,0.483385,0.581161,0.144822,0.976562,0.376198,0.526198,0.005650311708450317,0.4656926989555359,0.46004238724708557,2.32834792137146,10.26097583770752,0.20214468240737915,12,0,0,1,0,1,1,0.1814211755990982,0.05088376998901367,2,contra,0.15,-1,48,16,CORRECT,0,0,0,0,3,0,0.181421,0.0,answer,
margin,live-delta,0,0.0,0.483385,0.581161,0.144822,0.976562,0.376198,0.526198,0.004724025726318359,0.6174630522727966,0.6127390265464783,2.7060351371765137,14.969804763793945,0.13930447399616241,20,0,0,1,0,1,1,0.143684983253479,0.034190595149993896,1,contra,0.15,-1,49,18,CORRECT,0,0,0,0,5,0,0.143685,0.0,answer,
margin,live-delta,0,0.0,0.483385,0.581161,0.144822,0.976562,0.376198,0.526198,0.021081984043121338,0.631973922252655,0.6108919382095337,2.5253753662109375,12.495584487915039,0.21122656762599945,20,0,0,1,0,1,1,0.13896459341049194,0.053131282329559326,2,contra,0.15,-1,50,11,CORRECT,0,0,0,0,3,0,0.138965,0.0,answer,
margin,live-delta,0,0.0,0.483385,0.581161,0.144822,0.976562,0.376198,0.526198,0.04159349203109741,0.6099201440811157,0.5683266520500183,2.3224499225616455,10.200634956359863,0.32312047481536865,20,0,0,1,0,1,1,0.13429886102676392,0.08740890026092529,2,contra,0.15,-1,51,30,CORRECT,0,0,0,0,3,0,0.082954,0.0,answer,
margin,live-delta,0,0.0,0.483385,0.581161,0.144822,0.976562,0.376198,0.526198,0.04602921009063721,0.6817590594291687,0.6357298493385315,2.145709276199341,8.548102378845215,0.4159640073776245,20,0,0,1,0,1,0,0.09674056619405746,0.11338454484939575,2,contra,0.15,-1,52,30,CORRECT,0,0,0,0,4,0,0.096741,0.0,answer,
margin,live-delta,0,0.0,0.483385,0.581161,0.144822,0.976562,0.376198,0.526198,0.029478371143341064,0.6125666499137878,0.5830882787704468,2.4211483001708984,11.258780479431152,0.23998871445655823,20,0,0,1,0,1,1,0.17678149044513702,0.029478371143341064,1,contra,0.15,-1,53,7,CORRECT,0,0,0,0,3,0,0.176781,0.0,answer,
margin,live-delta,0,0.0,0.483385,0.581161,0.144822,0.976562,0.376198,0.526198,0.039527952671051025,0.6817615628242493,0.6422336101531982,1.8056731224060059,6.0840654373168945,0.4435808062553406,20,0,0,1,0,1,1,0.14301754534244537,0.08379435539245605,2,contra,0.15,-1,54,16,CORRECT,0,0,0,0,3,0,0.137172,0.0,answer,
margin,live-delta,0,0.0,0.483385,0.581161,0.144822,0.976562,0.376198,0.526198,0.12598097324371338,0.7112128734588623,0.5852319002151489,1.552837610244751,4.724858283996582,0.6641356348991394,20,0,0,1,0,1,0,0.075106181204319,0.16270434856414795,2,contra,0.15,-1,55,30,CORRECT,0,0,0,0,4,0,0.069543,0.0,answer,
margin,live-delta,0,0.0,0.483385,0.581161,0.144822,0.976562,0.376198,0.526198,1.1920928955078125e-07,0.5435279607772827,0.5435278415679932,2.4035561084747314,11.062445640563965,0.22473500669002533,18,0,0,1,0,1,1,0.34180891513824463,1.1920928955078125e-07,0,contra,0.15,-1,56,1,CORRECT,0,0,0,0,3,0,0.341809,0.0,answer,
margin,live-delta,0,0.0,0.483385,0.581161,0.144822,0.976562,0.376198,0.526198,0.011501491069793701,0.5289517045021057,0.517450213432312,2.744436025619507,15.555838584899902,0.13499745726585388,20,0,0,1,0,1,1,0.12918497622013092,0.01985710859298706,0,contra,0.15,-1,57,28,CORRECT,0,0,0,0,3,0,0.129185,0.0,answer,
margin,live-delta,0,0.0,0.483385,0.581161,0.144822,0.976562,0.376198,0.526198,0.02749544382095337,0.5211616158485413,0.4936661720275879,2.2526872158050537,9.513265609741211,0.22019997239112854,13,0,0,1,0,1,1,0.18479445576667786,0.02749544382095337,1,contra,0.15,-1,58,28,CORRECT,0,0,0,0,2,0,0.142664,0.0,answer,
margin,live-delta,0,0.0,0.483385,0.581161,0.144822,0.976562,0.376198,0.526198,0.0455852746963501,0.7100707292556763,0.6644854545593262,1.906628966331482,6.730362415313721,0.40393373370170593,20,0,0,1,0,1,1,0.19097329676151276,0.0455852746963501,1,contra,0.15,-1,59,11,CORRECT,0,0,0,0,3,0,0.190973,0.0,answer,
margin,live-delta,0,0.0,0.483385,0.581161,0.144822,0.976562,0.376198,0.526198,0.0,0.4191456735134125,0.4191456735134125,2.0314669609069824,7.6252641677856445,0.1792810559272766,8,0,0,1,0,1,1,0.26774507761001587,0.0,0,contra,0.15,-1,60,22,CORRECT,0,0,0,0,2,0,0.267745,0.0,answer,
margin,live-delta,0,0.0,0.483385,0.581161,0.144822,0.976562,0.376198,0.526198,0.0009667277336120605,0.7287241816520691,0.727757453918457,1.4309555292129517,4.182693958282471,0.3526504933834076,20,0,0,1,0,1,0,0.006530065089464188,0.2213352918624878,2,contra,0.15,-1,61,25,CORRECT,0,0,0,0,4,0,0.00653,0.0,answer,
margin,live-delta,0,0.0,0.483385,0.581161,0.144822,0.976562,0.376198,0.526198,0.03774529695510864,0.5500202775001526,0.512274980545044,2.4015042781829834,11.03977108001709,0.3132525086402893,20,0,0,1,0,1,1,0.1405748724937439,0.06930935382843018,2,contra,0.15,-1,62,16,CORRECT,0,0,0,0,3,0,0.117809,0.0,answer,
margin,live-delta,0,0.0,0.483385,0.581161,0.144822,0.976562,0.376198,0.526198,0.0,0.7022755146026611,0.7022755146026611,1.7792776823043823,5.925574779510498,0.35907456278800964,20,0,0,1,0,1,1,0.41617125272750854,0.0,0,contra,0.15,-1,63,22,CORRECT,0,0,0,0,4,0,0.416171,0.0,answer,
margin,live-delta,0,0.0,0.483385,0.581161,0.144822,0.976562,0.376198,0.526198,0.0138663649559021,0.6372043490409851,0.623337984085083,2.232851505279541,9.326422691345215,0.23340436816215515,20,1,1,1,1,1,1,0.14660656452178955,0.026260793209075928,1,contra,0.15,-1,64,60,CORRECT,0,0,0,0,1,0,0.138042,0.0,answer,
margin,live-delta,0,0.0,0.483385,0.581161,0.144822,0.976562,0.376198,0.526198,0.07325202226638794,0.7194734811782837,0.6462214589118958,1.4350056648254395,4.199668884277344,0.5869019031524658,17,1,1,1,1,1,0,0.0065115587785840034,0.2250639796257019,2,contra,0.15,-1,65,49,CORRECT,0,0,0,0,1,0,0.006512,0.0,answer,
margin,live-delta,0,0.0,0.483385,0.581161,0.144822,0.976562,0.376198,0.526198,0.27114012837409973,0.7173919677734375,0.44625183939933777,0.09620838612318039,1.100988507270813,0.9861774444580078,7,1,1,1,1,1,0,0.0016986383125185966,0.3182004690170288,2,contra,0.15,-1,66,54,CORRECT,0,0,0,0,1,0,0.001699,0.0,answer,
margin,live-delta,0,0.0,0.483385,0.581161,0.144822,0.976562,0.376198,0.526198,0.0425182580947876,0.6012977957725525,0.5587795376777649,2.288844108581543,9.863530158996582,0.28257179260253906,19,1,1,1,1,1,0,0.004812289960682392,0.203637957572937,2,contra,0.15,-1,67,42,CORRECT,0,0,0,0,0,0,0.0,0.0,answer,
margin,live-delta,0,0.0,0.483385,0.581161,0.144822,0.976562,0.376198,0.526198,0.17981696128845215,0.6864583492279053,0.5066413879394531,0.5006245970726013,1.6497514247894287,0.9078906178474426,13,1,1,1,1,1,0,0.01709221489727497,0.19862502813339233,2,contra,0.15,-1,68,57,CORRECT,0,0,0,0,1,0,0.017092,0.0,answer,
margin,live-delta,0,0.0,0.483385,0.581161,0.144822,0.976562,0.376198,0.526198,0.026864051818847656,0.5847336053848267,0.557869553565979,2.29042911529541,9.879176139831543,0.32320576906204224,20,1,1,1,1,1,0,0.03962917625904083,0.1512666940689087,2,contra,0.15,-1,69,52,CORRECT,0,0,0,0,1,0,0.011876,0.0,answer,
margin,live-delta,0,0.0,0.483385,0.581161,0.144822,0.976562,0.376198,0.526198,0.08957564830780029,0.6409651637077332,0.5513895153999329,1.0413388013839722,2.833007335662842,0.7398495078086853,12,1,1,1,1,1,0,0.017481090500950813,0.18726634979248047,2,contra,0.15,-1,70,57,CORRECT,0,0,0,0,1,0,0.017481,0.0,answer,
margin,live-delta,0,0.0,0.483385,0.581161,0.144822,0.976562,0.376198,0.526198,0.04689741134643555,0.5237218141555786,0.47682440280914307,1.358123779296875,3.888890027999878,0.5000371336936951,5,1,1,1,1,1,0,0.09810715913772583,0.08143112063407898,2,contra,0.15,-1,71,49,CORRECT,0,0,0,0,0,0,0.0,0.0,answer,
margin,live-delta,0,0.0,0.483385,0.581161,0.144822,0.976562,0.376198,0.526198,0.028354346752166748,0.7925995588302612,0.7642452120780945,0.9717782735824585,2.642639636993408,0.5927549004554749,14,1,1,1,1,1,0,0.009727182798087597,0.21448761224746704,2,contra,0.15,-1,72,40,CORRECT,0,0,0,0,2,0,0.009727,0.0,answer,
margin,live-delta,0,0.0,0.483385,0.581161,0.144822,0.976562,0.376198,0.526198,0.03947728872299194,0.4474477767944336,0.40797048807144165,1.6943376064300537,5.443039417266846,0.339306503534317,6,1,1,1,1,1,1,0.3852539658546448,0.03947728872299194,1,contra,0.15,-1,73,35,CORRECT,0,0,0,0,1,0,0.154062,0.0,answer,
margin,live-delta,0,0.0,0.483385,0.581161,0.144822,0.976562,0.376198,0.526198,0.019095420837402344,0.6300061345100403,0.6109107136726379,1.3783376216888428,3.968299388885498,0.452129989862442,9,1,1,1,1,1,1,0.10595821589231491,0.0760849118232727,2,contra,0.15,-1,74,32,CORRECT,0,0,0,0,2,0,0.105958,0.0,answer,
margin,live-delta,0,0.0,0.483385,0.581161,0.144822,0.976562,0.376198,0.526198,0.02758312225341797,0.6517993807792664,0.6242162585258484,2.0149242877960205,7.50015926361084,0.35181230306625366,20,1,1,1,1,1,0,0.05150258541107178,0.12216627597808838,2,contra,0.15,-1,75,48,CORRECT,0,0,0,0,3,0,0.038429,0.0,answer,
margin,live-delta,0,0.0,0.483385,0.581161,0.144822,0.976562,0.376198,0.526198,0.006723284721374512,0.5870903134346008,0.5803670287132263,2.329803228378296,10.275918960571289,0.25256994366645813,20,1,1,1,1,1,1,0.12364313006401062,0.059445738792419434,2,contra,0.15,-1,76,35,CORRECT,0,0,0,0,2,0,0.084257,0.0,answer,
margin,live-delta,0,0.0,0.483385,0.581161,0.144822,0.976562,0.376198,0.526198,0.011500447988510132,0.4391583800315857,0.42765793204307556,1.3542746305465698,3.8739500045776367,0.3438468277454376,4,1,1,1,1,1,0,0.0,0.09561693668365479,2,contra,0.15,-1,77,58,CORRECT,0,0,0,0,0,0,0.0,0.0,answer,
margin,live-delta,0,0.0,0.483385,0.581161,0.144822,0.976562,0.376198,0.526198,0.0,0.4854973554611206,0.4854973554611206,2.0092613697052,7.457806587219238,0.26090574264526367,10,1,1,1,1,1,1,0.30731600522994995,0.0,0,contra,0.15,-1,78,37,CORRECT,0,0,0,0,2,0,0.307316,0.0,answer,
margin,live-delta,0,0.0,0.483385,0.581161,0.144822,0.976562,0.376198,0.526198,0.011427760124206543,0.43584972620010376,0.4244219660758972,1.5577900409698486,4.748316287994385,0.2998247742652893,5,1,1,1,1,1,0,0.0,0.09523272514343262,2,contra,0.15,-1,79,55,CORRECT,0,0,0,0,0,0,0.0,0.0,answer,
margin,live-delta,0,0.0,0.483385,0.581161,0.144822,0.976562,0.376198,0.526198,0.047071754932403564,0.580012857913971,0.5329411029815674,1.7554216384887695,5.785886764526367,0.49556148052215576,14,1,0,0,0,0,1,0.9033978581428528,-0.1121707558631897,0,contra,0.15,-1,80,24,BLENDED,0,0,0,0,0,0,0.0,0.0,answer,
margin,live-delta,0,0.0,0.483385,0.581161,0.144822,0.976562,0.376198,0.526198,0.0,0.6887730360031128,0.6887730360031128,1.5099031925201416,4.52629280090332,0.3555355668067932,10,1,1,1,1,1,1,0.36089786887168884,0.0,0,contra,0.15,-1,81,50,CORRECT,0,0,0,0,2,0,0.360898,0.0,answer,
margin,live-delta,0,0.0,0.483385,0.581161,0.144822,0.976562,0.376198,0.526198,0.06465297937393188,0.675824761390686,0.6111717820167542,1.8054468631744385,6.082688808441162,0.48681774735450745,18,1,1,1,1,1,1,0.1492028385400772,0.06465297937393188,2,contra,0.15,-1,82,61,CORRECT,0,0,0,0,2,0,0.149203,0.0,answer,
margin,live-delta,0,0.0,0.483385,0.581161,0.144822,0.976562,0.376198,0.526198,0.062261730432510376,0.522896409034729,0.46063467860221863,0.9284619092941284,2.530613899230957,0.6788008213043213,4,1,1,1,1,1,0,0.0,0.20996356010437012,2,contra,0.15,-1,83,42,CORRECT,0,0,0,0,0,0,0.0,0.0,answer,
margin,live-delta,0,0.0,0.483385,0.581161,0.144822,0.976562,0.376198,0.526198,0.007027864456176758,0.595234215259552,0.5882063508033752,1.7016559839248657,5.483019828796387,0.32488682866096497,13,1,1,1,1,1,0,0.008736079558730125,0.18080079555511475,2,contra,0.15,-1,84,52,CORRECT,0,0,0,0,1,0,0.008736,0.0,answer,
margin,live-delta,0,0.0,0.483385,0.581161,0.144822,0.976562,0.376198,0.526198,0.002056121826171875,0.5324323177337646,0.5303761959075928,2.488590955734253,12.044293403625488,0.20576119422912598,19,1,1,1,1,1,1,0.17534410953521729,0.06689471006393433,2,contra,0.15,-1,85,41,CORRECT,0,0,0,0,2,0,0.026587,0.0,answer,
margin,live-delta,0,0.0,0.483385,0.581161,0.144822,0.976562,0.376198,0.526198,0.014487206935882568,0.4904897212982178,0.4760025143623352,1.9618836641311646,7.112712383270264,0.2601289451122284,9,1,0,0,0,0,1,0.5340566635131836,-0.023021996021270752,0,contra,0.15,-1,86,25,BLENDED,0,0,0,0,0,0,0.0,0.0,answer,
margin,live-delta,0,0.0,0.483385,0.581161,0.144822,0.976562,0.376198,0.526198,0.30191630125045776,0.8589409589767456,0.5570246577262878,0.08006823062896729,1.083361029624939,0.9899634718894958,18,1,1,1,1,1,0,0.0029522485565394163,0.3281947374343872,2,contra,0.15,-1,87,43,CORRECT,0,0,0,0,2,0,0.001601,0.0,answer,
margin,live-delta,0,0.0,0.483385,0.581161,0.144822,0.976562,0.376198,0.526198,0.023692190647125244,0.6738309860229492,0.650138795375824,1.3100883960723877,3.7065012454986572,0.4863305687904358,13,1,1,1,1,1,0,0.01695692352950573,0.18954646587371826,2,contra,0.15,-1,88,61,CORRECT,0,0,0,0,2,0,0.016957,0.0,answer,
margin,live-delta,0,0.0,0.483385,0.581161,0.144822,0.976562,0.376198,0.526198,0.01702946424484253,0.6745926737785339,0.6575632095336914,1.931052565574646,6.89676570892334,0.31509101390838623,15,1,1,1,1,1,1,0.1261146068572998,0.06441539525985718,2,contra,0.15,-1,89,39,CORRECT,0,0,0,0,2,0,0.126115,0.0,answer,
margin,live-delta,0,0.0,0.483385,0.581161,0.144822,0.976562,0.376198,0.526198,0.005663156509399414,0.6045350432395935,0.5988718867301941,2.1263587474823,8.384282112121582,0.23375055193901062,17,1,1,1,1,1,0,0.09904590249061584,0.042933523654937744,1,contra,0.15,-1,90,39,CORRECT,0,0,0,0,1,0,0.099046,0.0,answer,
margin,live-delta,0,0.0,0.483385,0.581161,0.144822,0.976562,0.376198,0.526198,0.006245851516723633,0.5371400713920593,0.5308942198753357,2.497282028198242,12.14942741394043,0.16584458947181702,20,1,1,1,1,1,1,0.177265003323555,0.016357421875,0,contra,0.15,-1,91,45,CORRECT,0,0,0,0,2,0,0.031591,0.0,answer,
margin,live-delta,0,0.0,0.483385,0.581161,0.144822,0.976562,0.376198,0.526198,0.08484706282615662,0.46731051802635193,0.3824634552001953,1.0338612794876099,2.8119025230407715,0.6488410234451294,4,1,1,1,1,1,1,0.11889566481113434,0.08484706282615662,2,contra,0.15,-1,92,40,CORRECT,0,0,0,0,1,0,0.118896,0.0,answer,
margin,live-delta,0,0.0,0.483385,0.581161,0.144822,0.976562,0.376198,0.526198,0.03696244955062866,0.5619375705718994,0.5249751210212708,2.270083427429199,9.680208206176758,0.30649811029434204,17,1,1,1,1,1,1,0.15442287921905518,0.03696244955062866,1,contra,0.15,-1,93,57,CORRECT,0,0,0,0,2,0,0.154423,0.0,answer,
margin,live-delta,0,0.0,0.483385,0.581161,0.144822,0.976562,0.376198,0.526198,0.001346588134765625,0.6266343593597412,0.6252877712249756,2.1461479663848877,8.55185317993164,0.22822576761245728,19,1,1,1,1,1,1,0.15788225829601288,0.025648117065429688,1,contra,0.15,-1,94,61,CORRECT,0,0,0,0,3,0,0.157882,0.0,answer,
margin,live-delta,0,0.0,0.483385,0.581161,0.144822,0.976562,0.376198,0.526198,0.08536475896835327,0.604717493057251,0.5193527340888977,1.345962643623352,3.8418831825256348,0.6605029702186584,14,1,1,1,1,1,0,0.021541956812143326,0.20096948742866516,2,contra,0.15,-1,95,41,CORRECT,0,0,0,0,1,0,0.011865,0.0,answer,
margin,live-delta,0,0.0,0.483385,0.581161,0.144822,0.976562,0.376198,0.526198,0.005658745765686035,0.6051054000854492,0.5994466543197632,2.235703468322754,9.353058815002441,0.19852642714977264,16,1,1,1,1,1,1,0.19637249410152435,0.005658745765686035,0,contra,0.15,-1,96,54,CORRECT,0,0,0,0,2,0,0.196372,0.0,answer,
margin,live-delta,0,0.0,0.483385,0.581161,0.144822,0.976562,0.376198,0.526198,0.06105303764343262,0.7184756994247437,0.657422661781311,1.1730462312698364,3.2318224906921387,0.6521726846694946,11,1,1,1,1,1,0,0.040272898972034454,0.1536245346069336,2,contra,0.15,-1,97,40,CORRECT,0,0,0,0,2,0,0.040273,0.0,answer,
margin,live-delta,0,0.0,0.483385,0.581161,0.144822,0.976562,0.376198,0.526198,0.0,0.582595705986023,0.582595705986023,1.5017303228378296,4.489450454711914,0.3012068271636963,7,1,1,1,1,1,1,0.3012068271636963,0.0,0,contra,0.15,-1,98,56,CORRECT,0,0,0,0,1,0,0.301207,0.0,answer,
margin,live-delta,0,0.0,0.483385,0.581161,0.144822,0.976562,0.376198,0.526198,0.28284549713134766,0.7437992691993713,0.4609537720680237,0.056028686463832855,1.0576280355453491,0.9920127987861633,5,1,1,1,1,1,0,0.0007931891013868153,0.3565714955329895,2,contra,0.15,-1,99,41,CORRECT,0,0,0,0,1,0,0.000793,0.0,answer,
margin,live-delta,0,0.0,0.483385,0.581161,0.144822,0.976562,0.376198,0.526198,0.008107364177703857,0.5988268256187439,0.59071946144104,0.9378448128700256,2.5544700622558594,0.5102658867835999,6,1,1,1,1,1,0,0.0,0.22876986861228943,2,contra,0.15,-1,100,61,CORRECT,0,0,0,0,0,0,0.0,0.0,answer,
margin,live-delta,0,0.0,0.483385,0.581161,0.144822,0.976562,0.376198,0.526198,0.018241524696350098,0.48883119225502014,0.47058966755867004,1.5382894277572632,4.656618118286133,0.37287473678588867,6,1,3,0,3,0,1,0.8741976022720337,-0.08488726615905762,0,contra,0.15,-1,101,123,BLENDED,0,0,0,0,0,0,0.0,0.0,answer,
margin,live-delta,0,0.0,0.483385,0.581161,0.144822,0.976562,0.376198,0.526198,0.06546664237976074,0.6314265727996826,0.5659599304199219,1.8962255716323853,6.660706520080566,0.4366137385368347,15,1,1,1,1,1,0,0.08136557787656784,0.08400481939315796,2,contra,0.15,-1,102,62,CORRECT,0,0,0,0,1,0,0.081366,0.0,answer,
margin,live-delta,0,0.0,0.483385,0.581161,0.144822,0.976562,0.376198,0.526198,0.018510043621063232,0.6128389239311218,0.5943288803100586,1.4872515201568604,4.424917221069336,0.47589048743247986,14,1,1,1,1,1,0,0.018564676865935326,0.1621963381767273,2,contra,0.15,-1,103,54,CORRECT,0,0,0,0,1,0,0.018565,0.0,answer,
margin,live-delta,0,0.0,0.483385,0.581161,0.144822,0.976562,0.376198,0.526198,0.0038860440254211426,0.6102866530418396,0.6064006090164185,1.9558392763137817,7.069849967956543,0.315777987241745,16,1,1,1,1,1,0,0.0036254634615033865,0.22335284948349,2,contra,0.15,-1,104,49,CORRECT,0,0,0,0,1,0,0.003625,0.0,answer,
margin,live-delta,0,0.0,0.483385,0.581161,0.144822,0.976562,0.376198,0.526198,0.07134711742401123,0.705420970916748,0.6340738534927368,1.4450147151947021,4.241914749145508,0.576325535774231,11,1,1,1,1,1,0,0.05172497779130936,0.14682543277740479,2,contra,0.15,-1,105,40,CORRECT,0,0,0,0,2,0,0.051725,0.0,answer,
margin,live-delta,0,0.0,0.483385,0.581161,0.144822,0.976562,0.376198,0.526198,0.07959204912185669,0.7538836598396301,0.6742916107177734,1.11235773563385,3.0415210723876953,0.6981238722801208,15,1,1,1,1,1,0,0.03192322701215744,0.1683506965637207,2,contra,0.15,-1,106,39,CORRECT,0,0,0,0,2,0,0.031923,0.0,answer,
margin,live-delta,0,0.0,0.483385,0.581161,0.144822,0.976562,0.376198,0.526198,0.01196134090423584,0.6172198057174683,0.6052584648132324,1.9122002124786377,6.767963409423828,0.3707016408443451,20,1,1,1,1,1,1,0.20610570907592773,0.07979488372802734,2,contra,0.15,-1,107,60,CORRECT,0,0,0,0,2,0,0.056527,0.0,answer,
margin,live-delta,0,0.0,0.483385,0.581161,0.144822,0.976562,0.376198,0.526198,0.04879361391067505,0.6414546966552734,0.5926610827445984,1.8291391134262085,6.228522300720215,0.4671606719493866,15,1,1,1,1,1,0,0.0,0.31672489643096924,2,contra,0.15,-1,108,49,CORRECT,0,0,0,0,0,0,0.0,0.0,answer,
margin,live-delta,0,0.0,0.483385,0.581161,0.144822,0.976562,0.376198,0.526198,0.005373179912567139,0.6084858775138855,0.6031126976013184,1.513624906539917,4.5431694984436035,0.39323246479034424,11,1,1,1,1,1,0,0.0,0.2609454095363617,2,contra,0.15,-1,109,62,CORRECT,0,0,0,0,0,0,0.0,0.0,answer,
margin,live-delta,0,0.0,0.483385,0.581161,0.144822,0.976562,0.376198,0.526198,0.029764771461486816,0.6916086673736572,0.6618438959121704,1.6274759769439697,5.09100866317749,0.44922560453414917,10,1,1,1,1,1,0,0.08651528507471085,0.09624272584915161,2,contra,0.15,-1,111,32,CORRECT,0,0,0,0,2,0,0.086515,0.0,answer,
margin,live-delta,0,0.0,0.483385,0.581161,0.144822,0.976562,0.376198,0.526198,0.0655626654624939,0.6678102612495422,0.6022475957870483,1.4391833543777466,4.217250347137451,0.5507968664169312,10,1,1,1,1,1,0,0.01730831153690815,0.1730089783668518,2,contra,0.15,-1,112,46,CORRECT,0,0,0,0,1,0,0.017308,0.0,answer,
margin,live-delta,0,0.0,0.483385,0.581161,0.144822,0.976562,0.376198,0.526198,0.024531066417694092,0.5232676267623901,0.49873656034469604,0.958734929561615,2.6083946228027344,0.5670868158340454,4,1,1,1,1,1,0,0.0,0.2562590539455414,2,contra,0.15,-1,113,34,CORRECT,0,0,0,0,0,0,0.0,0.0,answer,
margin,live-delta,0,0.0,0.483385,0.581161,0.144822,0.976562,0.376198,0.526198,0.03674370050430298,0.6705558896064758,0.6338121891021729,1.5929471254348755,4.918222427368164,0.49231284856796265,15,1,1,1,1,1,0,0.059306126087903976,0.11231809854507446,2,contra,0.15,-1,114,57,CORRECT,0,0,0,0,2,0,0.059306,0.0,answer,
margin,live-delta,0,0.0,0.483385,0.581161,0.144822,0.976562,0.376198,0.526198,0.0519755482673645,0.5355624556541443,0.4835869073867798,2.432797908782959,11.390707969665527,0.30357787013053894,17,1,1,1,1,1,1,0.20182400941848755,0.09194368124008179,2,contra,0.15,-1,115,38,CORRECT,0,0,0,0,2,0,0.07021,0.0,answer,
margin,live-delta,0,0.0,0.483385,0.581161,0.144822,0.976562,0.376198,0.526198,0.07225799560546875,0.6103099584579468,0.538051962852478,1.2748754024505615,3.5782556533813477,0.640557050704956,10,1,1,1,1,1,0,0.0,0.3114231824874878,2,contra,0.15,-1,116,54,CORRECT,0,0,0,0,0,0,0.0,0.0,answer,
margin,live-delta,0,0.0,0.483385,0.581161,0.144822,0.976562,0.376198,0.526198,0.1013830304145813,0.670042097568512,0.5686590671539307,1.413145661354065,4.108860015869141,0.6499056816101074,18,1,1,1,1,1,0,0.013129881583154202,0.23437047004699707,2,contra,0.15,-1,117,49,CORRECT,0,0,0,0,1,0,0.002742,0.0,answer,
margin,live-delta,0,0.0,0.483385,0.581161,0.144822,0.976562,0.376198,0.526198,0.030777424573898315,0.44668951630592346,0.41591209173202515,1.0524086952209473,2.8645427227020264,0.4806099236011505,3,1,1,1,1,1,1,0.25969499349594116,0.030777424573898315,1,contra,0.15,-1,118,48,CORRECT,0,0,0,0,1,0,0.259695,0.0,answer,
margin,live-delta,0,0.0,0.483385,0.581161,0.144822,0.976562,0.376198,0.526198,0.04402768611907959,0.5582033395767212,0.5141756534576416,1.650272011756897,5.2083964347839355,0.4866675138473511,11,1,1,1,1,1,0,0.08485165238380432,0.15230268239974976,2,contra,0.15,-1,119,49,CORRECT,0,0,0,0,1,0,0.01613,0.0,answer,
margin,live-delta,0,0.0,0.483385,0.581161,0.144822,0.976562,0.376198,0.526198,0.001757204532623291,0.6123923659324646,0.6106351613998413,1.7395553588867188,5.69481086730957,0.2668581008911133,12,1,1,1,1,1,1,0.25764232873916626,0.001757204532623291,0,contra,0.15,-1,120,57,CORRECT,0,0,0,0,1,0,0.257642,0.0,answer,
margin,live-delta,0,0.0,0.483385,0.581161,0.144822,0.976562,0.376198,0.526198,0.028531432151794434,0.6142705678939819,0.5857391357421875,1.997188925743103,7.368314266204834,0.39905840158462524,20,1,1,1,1,1,0,0.07732906192541122,0.17189186811447144,2,contra,0.15,-1,121,52,CORRECT,0,0,0,0,3,0,0.0222,0.0,answer,
margin,live-delta,0,0.0,0.483385,0.581161,0.144822,0.976562,0.376198,0.526198,0.04132509231567383,0.6418052911758423,0.6004801988601685,1.7600818872451782,5.812913417816162,0.43289250135421753,13,1,1,1,1,1,0,0.0387350358068943,0.12068724632263184,2,contra,0.15,-1,122,52,CORRECT,0,0,0,0,1,0,0.038735,0.0,answer,
margin,live-delta,0,0.0,0.483385,0.581161,0.144822,0.976562,0.376198,0.526198,0.1144600510597229,0.5257062911987305,0.41124624013900757,0.6864768862724304,1.9867037534713745,0.8114625215530396,4,1,1,1,1,1,1,0.10629785805940628,0.13191860914230347,2,contra,0.15,-1,123,43,CORRECT,0,0,0,0,0,0,0.0,0.0,answer,
margin,live-delta,0,0.0,0.483385,0.581161,0.144822,0.976562,0.376198,0.526198,0.046421170234680176,0.7209793329238892,0.674558162689209,1.156345009803772,3.178295373916626,0.6196484565734863,17,1,1,1,1,1,0,0.0006438038544729352,0.34347569942474365,2,contra,0.15,-1,124,62,CORRECT,0,0,0,0,0,0,0.0,0.0,answer,
margin,live-delta,0,0.0,0.483385,0.581161,0.144822,0.976562,0.376198,0.526198,0.02554035186767578,0.5810360312461853,0.5554956793785095,2.171782970428467,8.773913383483887,0.34822309017181396,20,1,1,1,1,1,0,0.07264292985200882,0.13771352171897888,2,contra,0.15,-1,125,38,CORRECT,0,0,0,0,1,0,0.011936,0.0,answer,
margin,live-delta,0,0.0,0.483385,0.581161,0.144822,0.976562,0.376198,0.526198,0.051419079303741455,0.7271186113357544,0.6756995320320129,0.7709386944770813,2.161794662475586,0.7104682326316833,10,1,1,1,1,1,0,0.01042176503688097,0.21110141277313232,2,contra,0.15,-1,126,41,CORRECT,0,0,0,0,1,0,0.010422,0.0,answer,
margin,live-delta,0,0.0,0.483385,0.581161,0.144822,0.976562,0.376198,0.526198,0.1547597050666809,0.7880293130874634,0.6332696080207825,0.5071454048156738,1.6605442762374878,0.8961244821548462,12,1,1,1,1,1,0,0.009926632978022099,0.241455078125,2,contra,0.15,-1,127,40,CORRECT,0,0,0,0,2,0,0.009927,0.0,answer,
margin,live-delta,0,0.0,0.483385,0.581161,0.144822,0.976562,0.376198,0.526198,0.02814382314682007,0.5415035486221313,0.5133597254753113,2.700871706008911,14.892707824707031,0.21226239204406738,20,2,2,1,2,1,0,0.07111261785030365,0.08395743370056152,2,contra,0.15,-1,128,66,CORRECT,0,0,0,0,2,0,0.071113,0.0,answer,
margin,live-delta,0,0.0,0.483385,0.581161,0.144822,0.976562,0.376198,0.526198,0.02547597885131836,0.5951765775680542,0.5697005987167358,2.3177225589752197,10.152525901794434,0.29737910628318787,20,2,2,1,2,1,0,0.048809342086315155,0.1193922758102417,2,contra,0.15,-1,129,66,CORRECT,0,0,0,0,3,0,0.048809,0.0,answer,
margin,live-delta,0,0.0,0.483385,0.581161,0.144822,0.976562,0.376198,0.526198,0.041772425174713135,0.5690668821334839,0.5272944569587708,2.566087007522583,13.014798164367676,0.21074391901493073,20,2,2,1,2,1,1,0.168093740940094,0.041772425174713135,1,contra,0.15,-1,130,81,CORRECT,0,0,0,0,2,0,0.168094,0.0,answer,
margin,live-delta,0,0.0,0.483385,0.581161,0.144822,0.976562,0.376198,0.526198,0.014298349618911743,0.40967702865600586,0.3953786790370941,0.6830285787582397,1.9798648357391357,0.5710085034370422,2,2,2,1,2,1,0,0.0,0.135579913854599,2,contra,0.15,-1,132,71,CORRECT,0,0,0,0,0,0,0.0,0.0,answer,
margin,live-delta,0,0.0,0.483385,0.581161,0.144822,0.976562,0.376198,0.526198,0.07747495174407959,0.7438898086547852,0.6664148569107056,0.729378342628479,2.073791027069092,0.7798255681991577,12,2,2,1,2,1,0,0.0,0.4016808271408081,2,contra,0.15,-1,133,71,CORRECT,0,0,0,0,0,0,0.0,0.0,answer,
margin,live-delta,0,0.0,0.483385,0.581161,0.144822,0.976562,0.376198,0.526198,0.09667551517486572,0.7966055274009705,0.6999300122261047,1.2099034786224365,3.353161096572876,0.7008915543556213,20,2,2,1,2,1,0,0.015377126634120941,0.2018149495124817,2,contra,0.15,-1,134,86,CORRECT,0,0,0,0,2,0,0.015377,0.0,answer,
margin,live-delta,0,0.0,0.483385,0.581161,0.144822,0.976562,0.376198,0.526198,0.024165570735931396,0.5892134308815002,0.5650478601455688,1.6418377161026,5.164651870727539,0.3875911831855774,15,2,2,1,2,1,1,0.25225532054901123,0.024165570735931396,0,contra,0.15,-1,135,91,CORRECT,0,0,0,0,3,0,0.252255,0.0,answer,
margin,live-delta,0,0.0,0.483385,0.581161,0.144822,0.976562,0.376198,0.526198,0.049243152141571045,0.6251969933509827,0.5759538412094116,2.451411724090576,11.604718208312988,0.3064751625061035,20,2,2,1,2,1,0,0.09785038232803345,0.06792479753494263,2,contra,0.15,-1,136,84,CORRECT,0,0,0,0,3,0,0.09785,0.0,answer,
margin,live-delta,0,0.0,0.483385,0.581161,0.144822,0.976562,0.376198,0.526198,0.0,0.4245971441268921,0.4245971441268921,1.0428903102874756,2.8374061584472656,0.4080770015716553,3,2,1,0,2,1,1,0.4080770015716553,0.0,0,contra,0.15,-1,137,143,CORRECT,0,0,0,0,1,0,0.408077,0.0,answer,
margin,live-delta,0,0.0,0.483385,0.581161,0.144822,0.976562,0.376198,0.526198,0.012679576873779297,0.41997987031936646,0.40730029344558716,1.7680704593658447,5.859536170959473,0.24073103070259094,6,2,2,1,2,1,1,0.13908010721206665,0.027431517839431763,1,contra,0.15,-1,138,85,CORRECT,0,0,0,0,1,0,0.13908,0.0,answer,
margin,live-delta,0,0.0,0.483385,0.581161,0.144822,0.976562,0.376198,0.526198,0.028989017009735107,0.6016455292701721,0.572656512260437,2.096468687057495,8.137383460998535,0.3619568645954132,20,2,2,1,2,1,0,0.03661738336086273,0.16274487972259521,2,contra,0.15,-1,139,64,CORRECT,0,0,0,0,3,0,0.036617,0.0,answer,
margin,live-delta,0,0.0,0.483385,0.581161,0.144822,0.976562,0.376198,0.526198,0.0345538854598999,0.6501257419586182,0.6155718564987183,1.0780469179153442,2.938934087753296,0.5765670537948608,7,2,2,1,2,1,0,0.0,0.34767186641693115,2,contra,0.15,-1,140,80,CORRECT,0,0,0,0,0,0,0.0,0.0,answer,
margin,live-delta,0,0.0,0.483385,0.581161,0.144822,0.976562,0.376198,0.526198,0.047999441623687744,0.6712274551391602,0.6232280135154724,1.8057513236999512,6.084541320800781,0.5017076730728149,20,2,2,1,2,1,0,0.014138619415462017,0.18950003385543823,2,contra,0.15,-1,141,86,CORRECT,0,0,0,0,2,0,0.014139,0.0,answer,
margin,live-delta,0,0.0,0.483385,0.581161,0.144822,0.976562,0.376198,0.526198,0.0030187368392944336,0.5701974630355835,0.5671787261962891,2.6950995922088623,14.80699348449707,0.14426615834236145,20,2,2,1,2,1,1,0.10344114899635315,0.05434525012969971,2,contra,0.15,-1,142,65,CORRECT,0,0,0,0,3,0,0.103441,0.0,answer,
margin,live-delta,0,0.0,0.483385,0.581161,0.144822,0.976562,0.376198,0.526198,0.009077906608581543,0.4765753746032715,0.46749746799468994,2.6596827507019043,14.291754722595215,0.1538333296775818,17,2,2,1,2,1,1,0.13586418330669403,0.022504299879074097,0,contra,0.15,-1,143,91,CORRECT,0,0,0,0,2,0,0.135864,0.0,answer,
margin,live-delta,0,0.0,0.483385,0.581161,0.144822,0.976562,0.376198,0.526198,0.0962134599685669,0.5023441314697266,0.40613067150115967,0.3813875615596771,1.4643150568008423,0.8726138472557068,2,2,2,1,2,1,0,0.0,0.182390958070755,2,contra,0.15,-1,144,85,CORRECT,0,0,0,0,0,0,0.0,0.0,answer,
margin,live-delta,0,0.0,0.483385,0.581161,0.144822,0.976562,0.376198,0.526198,0.06751570105552673,0.5056645274162292,0.4381488263607025,1.2801861763000488,3.5973093509674072,0.564658522605896,5,2,2,1,2,1,0,0.09550447016954422,0.0888524055480957,2,contra,0.15,-1,145,88,CORRECT,0,0,0,0,1,0,0.095504,0.0,answer,
margin,live-delta,0,0.0,0.483385,0.581161,0.144822,0.976562,0.376198,0.526198,0.0006460845470428467,0.4003845751285553,0.39973849058151245,1.3792848587036133,3.972059965133667,0.2689599394798279,4,2,2,1,2,1,1,0.2655068635940552,0.0006460845470428467,0,contra,0.15,-1,146,88,CORRECT,0,0,0,0,1,0,0.265507,0.0,answer,
margin,live-delta,0,0.0,0.483385,0.581161,0.144822,0.976562,0.376198,0.526198,0.023302674293518066,0.5993673205375671,0.5760646462440491,2.010101795196533,7.464076995849609,0.3320853114128113,20,2,2,1,2,1,1,0.2154991328716278,0.023302674293518066,0,contra,0.15,-1,147,91,CORRECT,0,0,0,0,2,0,0.215499,0.0,answer,
margin,live-delta,0,0.0,0.483385,0.581161,0.144822,0.976562,0.376198,0.526198,0.003406345844268799,0.5392884612083435,0.5358821153640747,2.596794366836548,13.420647621154785,0.1914430856704712,19,2,2,1,2,1,1,0.14027683436870575,0.051134586334228516,2,contra,0.15,-1,148,78,CORRECT,0,0,0,0,3,0,0.140277,0.0,answer,
margin,live-delta,0,0.0,0.483385,0.581161,0.144822,0.976562,0.376198,0.526198,0.0855400562286377,0.6592262983322144,0.5736862421035767,1.5547690391540527,4.733993053436279,0.6005246043205261,20,2,2,1,2,1,1,0.1185360699892044,0.0855400562286377,2,contra,0.15,-1,149,91,CORRECT,0,0,0,0,2,0,0.118536,0.0,answer,
margin,live-delta,0,0.0,0.483385,0.581161,0.144822,0.976562,0.376198,0.526198,0.002938687801361084,0.6503852605819702,0.6474465727806091,2.4240918159484863,11.291969299316406,0.14343589544296265,20,2,2,1,2,1,1,0.14670951664447784,0.004634380340576172,0,contra,0.15,-1,150,66,CORRECT,0,0,0,0,2,0,0.14671,0.0,answer,
margin,live-delta,0,0.0,0.483385,0.581161,0.144822,0.976562,0.376198,0.526198,0.027769744396209717,0.5065252184867859,0.47875547409057617,2.0331923961639404,7.638432502746582,0.33784711360931396,11,2,2,1,2,1,0,0.05221559479832649,0.09336060285568237,2,contra,0.15,-1,151,85,CORRECT,0,0,0,0,1,0,0.052216,0.0,answer,
margin,live-delta,0,0.0,0.483385,0.581161,0.144822,0.976562,0.376198,0.526198,0.27028217911720276,0.6035950779914856,0.33331289887428284,-0.0,1.0,1.0,1,2,2,1,2,1,0,0.0,0.3492032587528229,2,contra,0.15,-1,152,74,CORRECT,0,0,0,0,0,0,0.0,0.0,answer,
margin,live-delta,0,0.0,0.483385,0.581161,0.144822,0.976562,0.376198,0.526198,0.026611626148223877,0.574760377407074,0.5481487512588501,2.5138025283813477,12.351808547973633,0.23839567601680756,20,2,2,1,2,1,0,0.0927218571305275,0.06093639135360718,2,contra,0.15,-1,153,94,CORRECT,0,0,0,0,2,0,0.092722,0.0,answer,
margin,live-delta,0,0.0,0.483385,0.581161,0.144822,0.976562,0.376198,0.526198,0.010171353816986084,0.39511168003082275,0.38494032621383667,1.6037318706512451,4.971550941467285,0.24042370915412903,5,2,2,1,2,1,1,0.19616881012916565,0.010171353816986084,0,contra,0.15,-1,155,64,CORRECT,0,0,0,0,1,0,0.196169,0.0,answer,
margin,live-delta,0,0.0,0.483385,0.581161,0.144822,0.976562,0.376198,0.526198,0.06495732069015503,0.4113556444644928,0.34639832377433777,-0.0,1.0,1.0,1,2,2,1,2,1,0,0.0,0.19294820725917816,2,contra,0.15,-1,156,93,CORRECT,0,0,0,0,0,0,0.0,0.0,answer,
margin,live-delta,0,0.0,0.483385,0.581161,0.144822,0.976562,0.376198,0.526198,0.02685457468032837,0.6391476988792419,0.6122931241989136,2.360811233520508,10.599546432495117,0.2916041910648346,20,2,2,1,2,1,0,0.07570034265518188,0.0758923888206482,2,contra,0.15,-1,157,94,CORRECT,0,0,0,0,2,0,0.0757,0.0,answer,
margin,live-delta,0,0.0,0.483385,0.581161,0.144822,0.976562,0.376198,0.526198,0.08749839663505554,0.5680897235870361,0.4805913269519806,2.2806472778320312,9.783010482788086,0.41379663348197937,20,2,2,1,2,1,0,0.07768391072750092,0.10140091180801392,2,contra,0.15,-1,158,85,CORRECT,0,0,0,0,3,0,0.077684,0.0,answer,
margin,live-delta,0,0.0,0.483385,0.581161,0.144822,0.976562,0.376198,0.526198,0.18490827083587646,0.7387069463729858,0.5537986755371094,0.4603559374809265,1.5846378803253174,0.9179986119270325,20,2,2,1,2,1,0,0.024259774014353752,0.18490827083587646,2,contra,0.15,-1,159,68,CORRECT,0,0,0,0,3,0,0.02426,0.0,answer,
margin,live-delta,0,0.0,0.483385,0.581161,0.144822,0.976562,0.376198,0.526198,0.0344085693359375,0.5577472448348999,0.5233386754989624,1.9486714601516724,7.019355773925781,0.37478819489479065,16,2,2,1,2,1,1,0.2016168236732483,0.0344085693359375,1,contra,0.15,-1,160,91,CORRECT,0,0,0,0,2,0,0.201617,0.0,answer,
margin,live-delta,0,0.0,0.483385,0.581161,0.144822,0.976562,0.376198,0.526198,0.010253429412841797,0.4709516167640686,0.4606981873512268,2.243588447570801,9.427099227905273,0.19815589487552643,11,2,2,1,2,1,1,0.15278615057468414,0.025200188159942627,1,contra,0.15,-1,161,94,CORRECT,0,0,0,0,2,0,0.152786,0.0,answer,
margin,live-delta,0,0.0,0.483385,0.581161,0.144822,0.976562,0.376198,0.526198,0.17954033613204956,0.6567572355270386,0.477216899394989,0.31257137656211853,1.3669354915618896,0.9373949766159058,5,2,2,1,2,1,0,0.0,0.34644439816474915,2,contra,0.15,-1,162,93,CORRECT,0,0,0,0,0,0,0.0,0.0,answer,
margin,live-delta,0,0.0,0.483385,0.581161,0.144822,0.976562,0.376198,0.526198,0.01217794418334961,0.574068546295166,0.5618906021118164,2.5763843059539795,13.149507522583008,0.2004799097776413,20,2,2,1,2,1,0,0.07857950031757355,0.086536705493927,2,contra,0.15,-1,163,66,CORRECT,0,0,0,0,3,0,0.07858,0.0,answer,
margin,live-delta,0,0.0,0.483385,0.581161,0.144822,0.976562,0.376198,0.526198,0.2803356647491455,0.6889474987983704,0.40861183404922485,0.04174443334341049,1.0426279306411743,0.9938254356384277,3,2,2,1,2,1,0,0.0,0.4161623418331146,2,contra,0.15,-1,164,93,CORRECT,0,0,0,0,0,0,0.0,0.0,answer,
margin,live-delta,0,0.0,0.483385,0.581161,0.144822,0.976562,0.376198,0.526198,0.08025693893432617,0.6881221532821655,0.6078652143478394,2.1854701042175293,8.894828796386719,0.4179053008556366,20,2,2,1,2,1,0,0.06735533475875854,0.09922999143600464,2,contra,0.15,-1,165,86,CORRECT,0,0,0,0,2,0,0.067355,0.0,answer,
margin,live-delta,0,0.0,0.483385,0.581161,0.144822,0.976562,0.376198,0.526198,0.07133865356445312,0.4756857752799988,0.40434712171554565,1.088119626045227,2.968686580657959,0.6128574013710022,4,2,2,1,2,1,0,0.0,0.23972457647323608,2,contra,0.15,-1,166,80,CORRECT,0,0,0,0,0,0,0.0,0.0,answer,
margin,live-delta,0,0.0,0.483385,0.581161,0.144822,0.976562,0.376198,0.526198,0.004124343395233154,0.3853720426559448,0.38124769926071167,0.6922973394393921,1.9983010292053223,0.5206100940704346,2,2,2,1,2,1,0,0.0,0.04166233539581299,1,contra,0.15,-1,167,93,CORRECT,0,0,0,0,0,0,0.0,0.0,answer,
margin,live-delta,0,0.0,0.483385,0.581161,0.144822,0.976562,0.376198,0.526198,0.0,0.6072017550468445,0.6072017550468445,2.3057963848114014,10.032164573669434,0.2058635801076889,20,2,3,0,2,1,1,0.2660462260246277,0.0,0,contra,0.15,-1,169,137,CORRECT,0,0,0,0,2,0,0.266046,0.0,answer,
margin,live-delta,0,0.0,0.483385,0.581161,0.144822,0.976562,0.376198,0.526198,0.018336057662963867,0.4837937653064728,0.4654577076435089,1.6641987562179565,5.281439781188965,0.3765660524368286,7,2,2,1,2,1,0,0.08174563199281693,0.07637408375740051,2,contra,0.15,-1,170,68,CORRECT,0,0,0,0,1,0,0.081746,0.0,answer,
margin,live-delta,0,0.0,0.483385,0.581161,0.144822,0.976562,0.376198,0.526198,0.03160598874092102,0.42073097825050354,0.3891249895095825,0.645588755607605,1.9071094989776611,0.6529698967933655,2,2,2,1,2,1,0,0.0,0.13741019368171692,2,contra,0.15,-1,172,88,CORRECT,0,0,0,0,0,0,0.0,0.0,answer,
margin,live-delta,0,0.0,0.483385,0.581161,0.144822,0.976562,0.376198,0.526198,0.02429831027984619,0.5705028176307678,0.5462045073509216,2.6721296310424805,14.47075366973877,0.17322300374507904,20,2,2,1,2,1,0,0.07154040038585663,0.05415374040603638,2,contra,0.15,-1,173,90,CORRECT,0,0,0,0,2,0,0.07154,0.0,answer,
margin,live-delta,0,0.0,0.483385,0.581161,0.144822,0.976562,0.376198,0.526198,0.05137529969215393,0.4979991614818573,0.44662386178970337,1.8105393648147583,6.113744258880615,0.3883674144744873,8,2,2,1,2,1,0,0.0,0.15876707434654236,2,contra,0.15,-1,174,65,CORRECT,0,0,0,0,0,0,0.0,0.0,answer,
margin,live-delta,0,0.0,0.483385,0.581161,0.144822,0.976562,0.376198,0.526198,0.0024803578853607178,0.4129861891269684,0.41050583124160767,1.5737888813018799,4.824894428253174,0.2669236660003662,5,2,2,1,2,1,0,0.0,0.06680619716644287,2,contra,0.15,-1,176,88,CORRECT,0,0,0,0,0,0,0.0,0.0,answer,
margin,live-delta,0,0.0,0.483385,0.581161,0.144822,0.976562,0.376198,0.526198,0.12175902724266052,0.6065850257873535,0.484825998544693,1.2786791324615479,3.5918922424316406,0.7034949660301208,13,2,2,1,2,1,0,0.0318242684006691,0.17600327730178833,2,contra,0.15,-1,177,78,CORRECT,0,0,0,0,2,0,0.031824,0.0,answer,
margin,live-delta,0,0.0,0.483385,0.581161,0.144822,0.976562,0.376198,0.526198,0.0012949109077453613,0.5802474617958069,0.5789525508880615,2.5004522800445557,12.188005447387695,0.20550976693630219,20,2,2,1,2,1,1,0.13164988160133362,0.03733593225479126,1,contra,0.15,-1,179,87,CORRECT,0,0,0,0,3,0,0.13165,0.0,answer,
margin,live-delta,0,0.0,0.483385,0.581161,0.144822,0.976562,0.376198,0.526198,0.0029421746730804443,0.4807736277580261,0.4778314530849457,2.4220986366271973,11.269485473632812,0.17862893640995026,15,2,2,1,2,1,1,0.2223411351442337,0.01795169711112976,0,contra,0.15,-1,180,64,CORRECT,0,0,0,0,3,0,0.222341,0.0,answer,
margin,live-delta,0,0.0,0.483385,0.581161,0.144822,0.976562,0.376198,0.526198,0.03837907314300537,0.6918320655822754,0.65345299243927,1.766836166381836,5.85230827331543,0.491514652967453,20,2,2,1,2,1,0,0.02047380432486534,0.18314874172210693,2,contra,0.15,-1,181,69,CORRECT,0,0,0,0,2,0,0.020474,0.0,answer,
margin,live-delta,0,0.0,0.483385,0.581161,0.144822,0.976562,0.376198,0.526198,0.012425124645233154,0.45632970333099365,0.4439045786857605,1.8161087036132812,6.147888660430908,0.29232701659202576,7,2,2,1,2,1,0,0.08442116528749466,0.06210276484489441,2,contra,0.15,-1,182,64,CORRECT,0,0,0,0,1,0,0.084421,0.0,answer,
margin,live-delta,0,0.0,0.483385,0.581161,0.144822,0.976562,0.376198,0.526198,0.0478360652923584,0.551082193851471,0.5032461285591125,2.445094347000122,11.531637191772461,0.2992335557937622,19,2,2,1,2,1,1,0.10270696878433228,0.0665251612663269,2,contra,0.15,-1,184,66,CORRECT,0,0,0,0,2,0,0.102707,0.0,answer,
margin,live-delta,0,0.0,0.483385,0.581161,0.144822,0.976562,0.376198,0.526198,0.12603896856307983,0.5307070016860962,0.40466803312301636,0.4955485463142395,1.6413984298706055,0.8625603318214417,3,2,2,1,2,1,0,0.0,0.22051429748535156,2,contra,0.15,-1,185,84,CORRECT,0,0,0,0,0,0,0.0,0.0,answer,
margin,live-delta,0,0.0,0.483385,0.581161,0.144822,0.976562,0.376198,0.526198,0.0038154125213623047,0.6895368099212646,0.6857213973999023,1.6690621376037598,5.307188034057617,0.3537243604660034,16,2,2,1,2,1,0,0.0035303644835948944,0.2522522807121277,2,contra,0.15,-1,186,80,CORRECT,0,0,0,0,2,0,0.00353,0.0,answer,
margin,live-delta,0,0.0,0.483385,0.581161,0.144822,0.976562,0.376198,0.526198,0.0,0.46566590666770935,0.46566590666770935,0.9231010675430298,2.5170838832855225,0.458074688911438,3,2,2,1,2,1,1,0.458074688911438,0.0,0,contra,0.15,-1,188,89,CORRECT,0,0,0,0,1,0,0.458075,0.0,answer,
margin,live-delta,0,0.0,0.483385,0.581161,0.144822,0.976562,0.376198,0.526198,0.04678565263748169,0.574927806854248,0.5281421542167664,1.459558367729187,4.30405855178833,0.5468994975090027,10,2,2,1,2,1,0,0.0,0.22100692987442017,2,contra,0.15,-1,189,65,CORRECT,0,0,0,0,0,0,0.0,0.0,answer,
margin,live-delta,0,0.0,0.483385,0.581161,0.144822,0.976562,0.376198,0.526198,0.0,0.5638655424118042,0.5638655424118042,2.382305383682251,10.829840660095215,0.2276141345500946,20,2,3,0,2,1,1,0.30860862135887146,0.0,0,contra,0.15,-1,190,141,CORRECT,0,0,0,0,2,0,0.308609,0.0,answer,
margin,live-delta,0,0.0,0.483385,0.581161,0.144822,0.976562,0.376198,0.526198,0.005952358245849609,0.555470883846283,0.5495185256004333,2.3076510429382324,10.050787925720215,0.2568853199481964,17,2,2,1,2,1,0,0.05316796898841858,0.09514981508255005,2,contra,0.15,-1,191,86,CORRECT,0,0,0,0,2,0,0.053168,0.0,answer,
margin,live-delta,0,0.0,0.483385,0.581161,0.144822,0.976562,0.376198,0.526198,0.033803701400756836,0.7158771753311157,0.6820734739303589,2.133838415145874,8.44722843170166,0.27428504824638367,20,3,3,1,3,1,1,0.19573955237865448,0.033803701400756836,1,contra,0.15,-1,192,98,CORRECT,0,0,0,0,3,0,0.19574,0.0,answer,
margin,live-delta,0,0.0,0.483385,0.581161,0.144822,0.976562,0.376198,0.526198,0.10260394215583801,0.5292460918426514,0.42664214968681335,0.9303137063980103,2.535304307937622,0.731865644454956,5,3,3,1,3,1,0,0.09402096271514893,0.10260394215583801,2,contra,0.15,-1,193,124,CORRECT,0,0,0,0,1,0,0.094021,0.0,answer,
margin,live-delta,0,0.0,0.483385,0.581161,0.144822,0.976562,0.376198,0.526198,0.004106700420379639,0.43997180461883545,0.4358651041984558,1.877279281616211,6.535698890686035,0.20833705365657806,7,3,3,1,3,1,1,0.25442832708358765,0.004106700420379639,0,contra,0.15,-1,194,124,CORRECT,0,0,0,0,1,0,0.191909,0.0,answer,
margin,live-delta,0,0.0,0.483385,0.581161,0.144822,0.976562,0.376198,0.526198,0.0,0.6738865971565247,0.6738865971565247,1.783301591873169,5.949466705322266,0.3555212616920471,20,3,2,0,3,1,1,0.37501800060272217,0.0,0,contra,0.15,-1,195,136,CORRECT,0,0,0,0,4,0,0.375018,0.0,answer,
margin,live-delta,0,0.0,0.483385,0.581161,0.144822,0.976562,0.376198,0.526198,0.003085196018218994,0.6066103577613831,0.6035251617431641,2.476954460144043,11.904952049255371,0.14255203306674957,20,3,3,1,3,1,1,0.2655262053012848,0.0074002742767333984,0,contra,0.15,-1,196,98,CORRECT,0,0,0,0,3,0,0.265526,0.0,answer,
margin,live-delta,0,0.0,0.483385,0.581161,0.144822,0.976562,0.376198,0.526198,0.0,0.6571125984191895,0.6571125984191895,2.3153228759765625,10.128192901611328,0.18840590119361877,20,3,3,1,3,1,1,0.21981920301914215,0.0,0,contra,0.15,-1,197,127,CORRECT,0,0,0,0,4,0,0.219819,0.0,answer,
margin,live-delta,0,0.0,0.483385,0.581161,0.144822,0.976562,0.376198,0.526198,0.0,0.6370205283164978,0.6370205283164978,1.3704173564910889,3.9369935989379883,0.4119219183921814,15,3,3,1,3,1,1,0.4144711494445801,0.0,0,contra,0.15,-1,199,127,CORRECT,0,0,0,0,2,0,0.414471,0.0,answer,
margin,live-delta,0,0.0,0.483385,0.581161,0.144822,0.976562,0.376198,0.526198,0.028112411499023438,0.7088281512260437,0.6807157397270203,2.4142556190490723,11.18144416809082,0.23693375289440155,20,3,3,1,3,1,1,0.13328084349632263,0.05525177717208862,2,contra,0.15,-1,200,115,CORRECT,0,0,0,0,4,0,0.133281,0.0,answer,
margin,live-delta,0,0.0,0.483385,0.581161,0.144822,0.976562,0.376198,0.526198,0.08230164647102356,0.48156577348709106,0.3992641270160675,0.7328347563743591,2.0809712409973145,0.7498506903648376,3,3,3,1,3,1,0,0.0,0.12096911668777466,2,contra,0.15,-1,201,107,CORRECT,0,0,0,0,0,0,0.0,0.0,answer,
margin,live-delta,0,0.0,0.483385,0.581161,0.144822,0.976562,0.376198,0.526198,0.02431178092956543,0.5317378044128418,0.5074260234832764,0.9845693111419678,2.676658868789673,0.528008222579956,3,3,3,1,3,1,0,0.0,0.18435001373291016,2,contra,0.15,-1,202,116,CORRECT,0,0,0,0,0,0,0.0,0.0,answer,
margin,live-delta,0,0.0,0.483385,0.581161,0.144822,0.976562,0.376198,0.526198,0.1064421534538269,0.6956464052200317,0.5892042517662048,1.5656774044036865,4.785915851593018,0.6352984309196472,16,3,3,1,3,1,0,0.07273073494434357,0.15980124473571777,2,contra,0.15,-1,203,123,CORRECT,0,0,0,0,3,0,0.072731,0.0,answer,
margin,live-delta,0,0.0,0.483385,0.581161,0.144822,0.976562,0.376198,0.526198,0.0,0.649493396282196,0.649493396282196,1.4780185222625732,4.384249687194824,0.32410362362861633,13,3,1,0,3,1,1,0.33237573504447937,0.0,0,contra,0.15,-1,204,142,CORRECT,0,0,0,0,3,0,0.332376,0.0,answer,
margin,live-delta,0,0.0,0.483385,0.581161,0.144822,0.976562,0.376198,0.526198,0.013731002807617188,0.4197525680065155,0.4060215651988983,1.084105134010315,2.9567925930023193,0.41161370277404785,3,3,3,1,3,1,0,0.0,0.08514410257339478,2,contra,0.15,-1,205,116,CORRECT,0,0,0,0,0,0,0.0,0.0,answer,
margin,live-delta,0,0.0,0.483385,0.581161,0.144822,0.976562,0.376198,0.526198,0.03863942623138428,0.5191511511802673,0.48051172494888306,0.9767181873321533,2.655726194381714,0.5655601620674133,3,3,3,1,3,1,0,0.0,0.2020900845527649,2,contra,0.15,-1,206,107,CORRECT,0,0,0,0,0,0,0.0,0.0,answer,
margin,live-delta,0,0.0,0.483385,0.581161,0.144822,0.976562,0.376198,0.526198,0.08332982659339905,0.5254757404327393,0.4421459138393402,0.7556213736534119,2.128933906555176,0.7679009437561035,4,3,3,1,3,1,0,0.0,0.2405472993850708,2,contra,0.15,-1,207,101,CORRECT,0,0,0,0,0,0,0.0,0.0,answer,
margin,live-delta,0,0.0,0.483385,0.581161,0.144822,0.976562,0.376198,0.526198,0.0,0.5600730180740356,0.5600730180740356,2.134490966796875,8.452742576599121,0.25808197259902954,14,3,3,1,3,1,1,0.35975462198257446,0.0,0,contra,0.15,-1,208,127,CORRECT,0,0,0,0,3,0,0.359755,0.0,answer,
margin,live-delta,0,0.0,0.483385,0.581161,0.144822,0.976562,0.376198,0.526198,0.0,0.6268348693847656,0.6268348693847656,2.2635159492492676,9.616842269897461,0.16370534896850586,16,3,2,0,3,1,1,0.25959545373916626,0.0,0,contra,0.15,-1,209,132,CORRECT,0,0,0,0,3,0,0.259595,0.0,answer,
margin,live-delta,0,0.0,0.483385,0.581161,0.144822,0.976562,0.376198,0.526198,0.01754710078239441,0.4622208774089813,0.4446737766265869,1.821109414100647,6.178709506988525,0.25301918387413025,7,3,3,1,3,1,1,0.21861127018928528,0.019447147846221924,0,contra,0.15,-1,210,100,CORRECT,0,0,0,0,1,0,0.17149,0.0,answer,
margin,live-delta,0,0.0,0.483385,0.581161,0.144822,0.976562,0.376198,0.526198,0.02866208553314209,0.7037274837493896,0.6750653982162476,2.166811466217041,8.730402946472168,0.30428963899612427,19,3,3,1,3,1,1,0.12801200151443481,0.06305378675460815,2,contra,0.15,-1,211,96,CORRECT,0,0,0,0,3,0,0.128012,0.0,answer,
margin,live-delta,0,0.0,0.483385,0.581161,0.144822,0.976562,0.376198,0.526198,0.03594094514846802,0.7040786147117615,0.6681376695632935,2.044680118560791,7.726686477661133,0.30048099160194397,17,3,3,1,3,1,1,0.24546894431114197,0.03594094514846802,1,contra,0.15,-1,212,98,CORRECT,0,0,0,0,3,0,0.245469,0.0,answer,
margin,live-delta,0,0.0,0.483385,0.581161,0.144822,0.976562,0.376198,0.526198,0.0,0.7602081298828125,0.7602081298828125,2.1789772510528564,8.837263107299805,0.2262435108423233,20,3,3,1,3,1,1,0.2720995843410492,0.0,0,contra,0.15,-1,213,127,CORRECT,0,0,0,0,3,0,0.2721,0.0,answer,
margin,live-delta,0,0.0,0.483385,0.581161,0.144822,0.976562,0.376198,0.526198,0.0420457124710083,0.4206753373146057,0.3786296248435974,0.6119973063468933,1.8441109657287598,0.698657751083374,2,3,3,1,3,1,0,0.0,0.05336272716522217,2,contra,0.15,-1,214,116,CORRECT,0,0,0,0,0,0,0.0,0.0,answer,
margin,live-delta,0,0.0,0.483385,0.581161,0.144822,0.976562,0.376198,0.526198,0.0,0.6014844179153442,0.6014844179153442,2.4026525020599365,11.052453994750977,0.2127828449010849,20,3,2,0,3,1,1,0.303668737411499,0.0,0,contra,0.15,-1,215,136,CORRECT,0,0,0,0,4,0,0.303669,0.0,answer,
margin,live-delta,0,0.0,0.483385,0.581161,0.144822,0.976562,0.376198,0.526198,0.010835528373718262,0.561787486076355,0.5509519577026367,2.2845852375030518,9.821611404418945,0.17965996265411377,12,3,3,1,3,1,1,0.18325522541999817,0.026132941246032715,1,contra,0.15,-1,216,106,CORRECT,0,0,0,0,2,0,0.183255,0.0,answer,
margin,live-delta,0,0.0,0.483385,0.581161,0.144822,0.976562,0.376198,0.526198,0.15650790929794312,0.581675112247467,0.4251672029495239,0.17387427389621735,1.1899060010910034,0.958119809627533,2,3,3,1,3,1,0,0.0,0.23149597644805908,2,contra,0.15,-1,217,105,CORRECT,0,0,0,0,0,0,0.0,0.0,answer,
margin,live-delta,0,0.0,0.483385,0.581161,0.144822,0.976562,0.376198,0.526198,0.01645064353942871,0.6338362693786621,0.6173856258392334,2.3502254486083984,10.487934112548828,0.19091899693012238,17,3,3,1,3,1,1,0.19058245420455933,0.01645064353942871,0,contra,0.15,-1,218,117,CORRECT,0,0,0,0,3,0,0.190582,0.0,answer,
margin,live-delta,0,0.0,0.483385,0.581161,0.144822,0.976562,0.376198,0.526198,0.046770721673965454,0.540321946144104,0.49355122447013855,2.4140238761901855,11.178853034973145,0.25703802704811096,14,3,3,1,3,1,1,0.18545378744602203,0.04950672388076782,1,contra,0.15,-1,219,108,CORRECT,0,0,0,0,3,0,0.185454,0.0,answer,
margin,live-delta,0,0.0,0.483385,0.581161,0.144822,0.976562,0.376198,0.526198,0.0,0.6931151151657104,0.6931151151657104,2.2453432083129883,9.443655967712402,0.19769985973834991,20,3,2,0,3,1,1,0.24035142362117767,0.0,0,contra,0.15,-1,220,136,CORRECT,0,0,0,0,3,0,0.240351,0.0,answer,
margin,live-delta,0,0.0,0.483385,0.581161,0.144822,0.976562,0.376198,0.526198,0.0,0.6067142486572266,0.6067142486572266,1.566007375717163,4.787495136260986,0.38288429379463196,13,3,0,0,3,1,1,0.4308246374130249,0.0,0,contra,0.15,-1,221,138,CORRECT,0,0,0,0,3,0,0.430825,0.0,answer,
margin,live-delta,0,0.0,0.483385,0.581161,0.144822,0.976562,0.376198,0.526198,0.025349020957946777,0.5600713491439819,0.5347223281860352,2.5807693004608154,13.207294464111328,0.1739901751279831,19,3,3,1,3,1,1,0.22816374897956848,0.025349020957946777,1,contra,0.15,-1,222,98,CORRECT,0,0,0,0,3,0,0.228164,0.0,answer,
margin,live-delta,0,0.0,0.483385,0.581161,0.144822,0.976562,0.376198,0.526198,0.0464787483215332,0.4414621889591217,0.3949834406375885,1.4865790605545044,4.421942234039307,0.4162670969963074,5,3,3,1,3,1,1,0.14286771416664124,0.05347040295600891,2,contra,0.15,-1,223,124,CORRECT,0,0,0,0,1,0,0.142868,0.0,answer,
margin,live-delta,0,0.0,0.483385,0.581161,0.144822,0.976562,0.376198,0.526198,0.05110669136047363,0.40286785364151,0.3517611622810364,-0.0,1.0,1.0,1,3,3,1,3,1,0,0.0,0.08139878511428833,2,contra,0.15,-1,224,112,CORRECT,0,0,0,0,0,0,0.0,0.0,answer,
margin,live-delta,0,0.0,0.483385,0.581161,0.144822,0.976562,0.376198,0.526198,0.04123330116271973,0.5563745498657227,0.5151412487030029,2.55975604057312,12.932662010192871,0.25121772289276123,20,3,0,0,3,1,1,0.5387382507324219,-0.04123330116271973,0,contra,0.15,-1,225,30,CORRECT,0,0,0,0,3,0,0.091438,0.0,answer,
margin,live-delta,0,0.0,0.483385,0.581161,0.144822,0.976562,0.376198,0.526198,0.03750276565551758,0.47772443294525146,0.4402216672897339,2.315948247909546,10.134528160095215,0.2363792061805725,12,3,3,1,3,1,1,0.1667443811893463,0.03750276565551758,1,contra,0.15,-1,226,123,CORRECT,0,0,0,0,2,0,0.166744,0.0,answer,
margin,live-delta,0,0.0,0.483385,0.581161,0.144822,0.976562,0.376198,0.526198,0.0,0.3879879117012024,0.3879879117012024,0.6931471824645996,2.0,0.5,2,3,3,1,2,0,1,0.5,0.0,0,contra,0.15,-1,227,103,CONTRADICTORY_LENIENT,0,1,0,0,1,0,0.5,0.0,answer,
margin,live-delta,0,0.0,0.483385,0.581161,0.144822,0.976562,0.376198,0.526198,0.0,0.7159953117370605,0.7159953117370605,0.7069587707519531,2.0278148651123047,0.4989297688007355,3,3,1,0,3,1,1,0.4989297688007355,0.0,0,contra,0.15,-1,228,142,CORRECT,0,0,0,0,1,0,0.49893,0.0,answer,
margin,live-delta,0,0.0,0.483385,0.581161,0.144822,0.976562,0.376198,0.526198,0.06361925601959229,0.6538165807723999,0.5901973247528076,1.942173719406128,6.973893642425537,0.4550189673900604,19,3,3,1,3,1,1,0.10165079683065414,0.08465635776519775,2,contra,0.15,-1,229,115,CORRECT,0,0,0,0,3,0,0.101651,0.0,answer,
margin,live-delta,0,0.0,0.483385,0.581161,0.144822,0.976562,0.376198,0.526198,0.0,0.6125504374504089,0.6125504374504089,2.2396130561828613,9.389697074890137,0.18636289238929749,18,3,3,1,3,1,1,0.3405466675758362,0.0,0,contra,0.15,-1,230,103,CORRECT,0,0,0,0,3,0,0.340547,0.0,answer,
margin,live-delta,0,0.0,0.483385,0.581161,0.144822,0.976562,0.376198,0.526198,0.027474582195281982,0.5701779127120972,0.5427033305168152,1.9872733354568481,7.295613765716553,0.38577502965927124,16,3,3,1,3,1,0,0.07828374952077866,0.10988235473632812,2,contra,0.15,-1,231,117,CORRECT,0,0,0,0,4,0,0.078284,0.0,answer,
margin,live-delta,0,0.0,0.483385,0.581161,0.144822,0.976562,0.376198,0.526198,0.013588517904281616,0.5009386539459229,0.48735013604164124,2.4185519218444824,11.229586601257324,0.21346180140972137,15,3,3,1,3,1,1,0.3603459596633911,0.043932437896728516,1,contra,0.15,-1,232,112,CORRECT,0,0,0,0,3,0,0.141268,0.0,answer,
margin,live-delta,0,0.0,0.483385,0.581161,0.144822,0.976562,0.376198,0.526198,0.0030035674571990967,0.496469646692276,0.4934660792350769,2.43295955657959,11.392549514770508,0.18818889558315277,14,3,3,1,3,1,1,0.1494603157043457,0.058463722467422485,2,contra,0.15,-1,233,115,CORRECT,0,0,0,0,3,0,0.14946,0.0,answer,
margin,live-delta,0,0.0,0.483385,0.581161,0.144822,0.976562,0.376198,0.526198,0.04291737079620361,0.501893937587738,0.4589765667915344,2.362875461578369,10.62144947052002,0.2371848076581955,13,3,3,1,3,1,1,0.18415239453315735,0.04291737079620361,1,contra,0.15,-1,234,108,CORRECT,0,0,0,0,3,0,0.184152,0.0,answer,
margin,live-delta,0,0.0,0.483385,0.581161,0.144822,0.976562,0.376198,0.526198,0.06836903095245361,0.6614959239959717,0.5931268930435181,1.7816412448883057,5.939596652984619,0.49439501762390137,17,3,3,1,3,1,1,0.11968913674354553,0.08094149827957153,2,contra,0.15,-1,235,115,CORRECT,0,0,0,0,3,0,0.119689,0.0,answer,
margin,live-delta,0,0.0,0.483385,0.581161,0.144822,0.976562,0.376198,0.526198,0.005754947662353516,0.46608585119247437,0.46033090353012085,2.325063467025757,10.22732925415039,0.20131102204322815,12,3,3,1,3,1,1,0.24513763189315796,0.030435651540756226,1,contra,0.15,-1,236,118,CORRECT,0,0,0,0,1,0,0.06802,0.0,answer,
margin,live-delta,0,0.0,0.483385,0.581161,0.144822,0.976562,0.376198,0.526198,0.015743613243103027,0.6798076629638672,0.6640640497207642,1.810642957687378,6.114377498626709,0.37700408697128296,20,3,3,1,3,1,1,0.12133648246526718,0.06494688987731934,2,contra,0.15,-1,237,115,CORRECT,0,0,0,0,3,0,0.120008,0.0,answer,
margin,live-delta,0,0.0,0.483385,0.581161,0.144822,0.976562,0.376198,0.526198,0.021391957998275757,0.48643261194229126,0.4650406539440155,2.555333375930786,12.875591278076172,0.20096421241760254,16,3,3,1,3,1,1,0.18104608356952667,0.04478147625923157,1,contra,0.15,-1,238,114,CORRECT,0,0,0,0,3,0,0.181046,0.0,answer,
margin,live-delta,0,0.0,0.483385,0.581161,0.144822,0.976562,0.376198,0.526198,0.04946953058242798,0.5871029496192932,0.5376334190368652,2.019420862197876,7.533960342407227,0.4330018162727356,17,3,3,1,3,1,0,0.07612413167953491,0.13891994953155518,2,contra,0.15,-1,239,123,CORRECT,0,0,0,0,3,0,0.063335,0.0,answer,
margin,live-delta,0,0.0,0.483385,0.581161,0.144822,0.976562,0.376198,0.526198,0.01888042688369751,0.6377276182174683,0.6188471913337708,1.796851634979248,6.030631065368652,0.3066876530647278,17,3,3,1,3,1,1,0.2278832197189331,0.01888042688369751,0,contra,0.15,-1,240,114,CORRECT,0,0,0,0,4,0,0.227883,0.0,answer,
margin,live-delta,0,0.0,0.483385,0.581161,0.144822,0.976562,0.376198,0.526198,0.0,0.49900099635124207,0.49900099635124207,1.9080263376235962,6.739773750305176,0.2945338785648346,10,3,1,0,3,1,1,0.42379066348075867,0.0,0,contra,0.15,-1,241,142,CORRECT,0,0,0,0,2,0,0.35636,0.0,answer,
margin,live-delta,0,0.0,0.483385,0.581161,0.144822,0.976562,0.376198,0.526198,0.02079826593399048,0.5582751631736755,0.5374768972396851,2.536548614501953,12.63598346710205,0.21810325980186462,19,3,3,1,3,1,1,0.2000565379858017,0.03927576541900635,1,contra,0.15,-1,242,96,CORRECT,0,0,0,0,3,0,0.190006,0.0,answer,
margin,live-delta,0,0.0,0.483385,0.581161,0.144822,0.976562,0.376198,0.526198,0.0026970505714416504,0.7332625985145569,0.7305655479431152,1.8437793254852295,6.320379734039307,0.3372683823108673,20,3,3,1,3,1,1,0.13090011477470398,0.08266079425811768,2,contra,0.15,-1,243,110,CORRECT,0,0,0,0,4,0,0.1309,0.0,answer,
margin,live-delta,0,0.0,0.483385,0.581161,0.144822,0.976562,0.376198,0.526198,0.1839277744293213,0.5966714024543762,0.41274362802505493,0.31026139855384827,1.3637815713882446,0.9352790117263794,4,3,3,1,3,1,0,0.023624619469046593,0.1839277744293213,2,contra,0.15,-1,244,105,CORRECT,0,0,0,0,1,0,0.023625,0.0,answer,
margin,live-delta,0,0.0,0.483385,0.581161,0.144822,0.976562,0.376198,0.526198,0.04181373119354248,0.6546295881271362,0.6128158569335938,2.270332098007202,9.682616233825684,0.3023751676082611,20,3,3,1,3,1,1,0.11626055836677551,0.06370902061462402,2,contra,0.15,-1,245,123,CORRECT,0,0,0,0,5,0,0.116261,0.0,answer,
margin,live-delta,0,0.0,0.483385,0.581161,0.144822,0.976562,0.376198,0.526198,0.36518198251724243,0.8150866627693176,0.4499046802520752,0.024113882333040237,1.0244070291519165,0.9972518086433411,8,3,3,1,3,1,0,0.00046170930727384984,0.38389116525650024,2,contra,0.15,-1,246,107,CORRECT,0,0,0,0,1,0,0.000462,0.0,answer,
margin,live-delta,0,0.0,0.483385,0.581161,0.144822,0.976562,0.376198,0.526198,0.052057862281799316,0.6668754816055298,0.6148176193237305,1.504441261291504,4.5016374588012695,0.5797158479690552,19,3,3,1,3,1,0,0.05057283490896225,0.1433337926864624,2,contra,0.15,-1,247,116,CORRECT,0,0,0,0,4,0,0.050573,0.0,answer,
margin,live-delta,0,0.0,0.483385,0.581161,0.144822,0.976562,0.376198,0.526198,0.31732434034347534,0.6920506358146667,0.3747262954711914,-0.0,1.0,1.0,1,3,3,1,3,1,0,0.0,0.31732434034347534,2,contra,0.15,-1,248,105,CORRECT,0,0,0,0,0,0,0.0,0.0,answer,
margin,live-delta,0,0.0,0.483385,0.581161,0.144822,0.976562,0.376198,0.526198,0.041210323572158813,0.4416484236717224,0.4004381000995636,0.6149353981018066,1.8495371341705322,0.6951286792755127,2,3,3,1,3,1,0,0.0,0.07289791107177734,2,contra,0.15,-1,249,115,CORRECT,0,0,0,0,0,0,0.0,0.0,answer,
margin,live-delta,0,0.0,0.483385,0.581161,0.144822,0.976562,0.376198,0.526198,0.08134958148002625,0.4839929938316345,0.4026434123516083,1.2228991985321045,3.397022008895874,0.601027250289917,5,3,3,1,3,1,0,0.09796516597270966,0.0907014012336731,2,contra,0.15,-1,250,107,CORRECT,0,0,0,0,1,0,0.097965,0.0,answer,
margin,live-delta,0,0.0,0.483385,0.581161,0.144822,0.976562,0.376198,0.526198,0.585699200630188,0.9193468689918518,0.3336476981639862,-0.0,1.0,1.0,1,3,3,1,3,1,0,0.0,0.585699200630188,2,contra,0.15,-1,251,105,CORRECT,0,0,0,0,0,0,0.0,0.0,answer,
margin,live-delta,0,0.0,0.483385,0.581161,0.144822,0.976562,0.376198,0.526198,0.0,0.4110674560070038,0.4110674560070038,1.7693241834640503,5.866887092590332,0.20939171314239502,6,3,3,1,3,1,1,0.20939171314239502,0.0,0,contra,0.15,-1,252,127,CORRECT,0,0,0,0,1,0,0.209392,0.0,answer,
margin,live-delta,0,0.0,0.483385,0.581161,0.144822,0.976562,0.376198,0.526198,0.04148721694946289,0.558095395565033,0.5166081786155701,2.2657697200775146,9.638540267944336,0.3516579568386078,18,3,3,1,3,1,0,0.08912515640258789,0.11065244674682617,2,contra,0.15,-1,253,123,CORRECT,0,0,0,0,3,0,0.073138,0.0,answer,
margin,live-delta,0,0.0,0.483385,0.581161,0.144822,0.976562,0.376198,0.526198,0.0,0.5217567086219788,0.5217567086219788,1.5095490217208862,4.524689674377441,0.37037742137908936,8,3,0,0,3,1,1,0.37037742137908936,0.0,0,contra,0.15,-1,254,138,CORRECT,0,0,0,0,1,0,0.370377,0.0,answer,
margin,live-delta,0,0.0,0.483385,0.581161,0.144822,0.976562,0.376198,0.526198,0.20871633291244507,0.6134811043739319,0.4047647714614868,0.07851950824260712,1.0816844701766968,0.9848476052284241,2,3,3,1,3,1,0,0.0,0.3151264190673828,2,contra,0.15,-1,255,122,CORRECT,0,0,0,0,0,0,0.0,0.0,answer,
margin,live-delta,1,0.0,0.508742,0.581161,0.224923,0.960938,0.354848,0.504848,1.7881393432617188e-07,0.6283861398696899,0.6283859610557556,2.0529751777648926,7.791046619415283,0.212863489985466,20,0,2,0,0,1,1,0.45237427949905396,-1.7881393432617188e-07,0,contra,0.15,-1,0,163,CORRECT,0,0,0,0,6,0,0.452374,0.0,answer,
margin,live-delta,1,0.0,0.508742,0.581161,0.224923,0.960938,0.354848,0.504848,0.0,0.538063645362854,0.538063645362854,2.289083957672119,9.865896224975586,0.19254298508167267,20,0,1,0,0,1,1,0.4222424030303955,0.0,0,contra,0.15,-1,1,130,CORRECT,0,0,0,0,4,0,0.414366,0.0,answer,
margin,live-delta,1,0.0,0.508742,0.581161,0.224923,0.960938,0.354848,0.504848,0.050639808177948,0.6435017585754395,0.5928619503974915,2.442143440246582,11.497658729553223,0.30863040685653687,20,0,0,1,0,1,1,0.2564603388309479,0.06002700328826904,2,contra,0.15,-1,2,9,CORRECT,0,0,0,0,7,0,0.232365,0.0,answer,
margin,live-delta,1,0.0,0.508742,0.581161,0.224923,0.960938,0.354848,0.504848,0.06146073341369629,0.7017878293991089,0.6403270959854126,2.1367857456207275,8.472162246704102,0.3569861352443695,20,0,0,1,0,1,1,0.3229425549507141,0.06146073341369629,2,contra,0.15,-1,3,11,CORRECT,0,0,0,0,5,0,0.322943,0.0,answer,
margin,live-delta,1,0.0,0.508742,0.581161,0.224923,0.960938,0.354848,0.504848,5.960464477539063e-08,0.6306256651878357,0.6306256055831909,2.377458095550537,10.777472496032715,0.15720918774604797,20,0,0,1,0,1,1,0.4161940813064575,5.960464477539063e-08,0,contra,0.15,-1,4,7,CORRECT,0,0,0,0,5,0,0.416194,0.0,answer,
margin,live-delta,1,0.0,0.508742,0.581161,0.224923,0.960938,0.354848,0.504848,0.0811147689819336,0.6353706121444702,0.5542558431625366,1.9137760400772095,6.778636932373047,0.5139035582542419,20,0,0,1,0,1,1,0.1429212987422943,0.11406052112579346,2,contra,0.15,-1,5,13,CORRECT,0,0,0,0,5,0,0.142921,0.0,answer,
margin,live-delta,1,0.0,0.508742,0.581161,0.224923,0.960938,0.354848,0.504848,0.06274926662445068,0.6143373250961304,0.5515880584716797,2.4992151260375977,12.17293643951416,0.29575490951538086,20,0,0,1,0,1,1,0.20774945616722107,0.06274926662445068,2,contra,0.15,-1,6,27,CORRECT,0,0,0,0,5,0,0.207749,0.0,answer,
margin,live-delta,1,0.0,0.508742,0.581161,0.224923,0.960938,0.354848,0.504848,2.9802322387695312e-08,0.49529901146888733,0.49529898166656494,0.6931471824645996,2.0,0.5000002384185791,2,0,0,1,0,1,1,0.4999997615814209,2.9802322387695312e-08,0,contra,0.15,-1,7,7,CORRECT,0,0,0,0,1,0,0.5,0.0,answer,
margin,live-delta,1,0.0,0.508742,0.581161,0.224923,0.960938,0.354848,0.504848,0.0,0.5491014122962952,0.5491014122962952,2.0652122497558594,7.886971950531006,0.27638569474220276,20,0,2,0,0,1,1,0.330951064825058,0.0,0,contra,0.15,-1,8,149,CORRECT,0,0,0,0,6,0,0.330951,0.0,answer,
margin,live-delta,1,0.0,0.508742,0.581161,0.224923,0.960938,0.354848,0.504848,0.0,0.6821415424346924,0.6821415424346924,1.6627336740493774,5.273707866668701,0.38168275356292725,20,0,2,0,0,1,1,0.425443559885025,0.0,0,contra,0.15,-1,9,149,CORRECT,0,0,0,0,5,0,0.425444,0.0,answer,
margin,live-delta,1,0.0,0.508742,0.581161,0.224923,0.960938,0.354848,0.504848,0.0325850248336792,0.5376240611076355,0.5050390362739563,2.340784788131714,10.389387130737305,0.261074423789978,14,0,0,1,0,1,1,0.26614290475845337,0.06134516000747681,2,contra,0.15,-1,10,26,CORRECT,0,0,0,0,4,0,0.266143,0.0,answer,
margin,live-delta,1,0.0,0.508742,0.581161,0.224923,0.960938,0.354848,0.504848,0.03140735626220703,0.5394497513771057,0.5080423951148987,2.421630382537842,11.264209747314453,0.26522770524024963,20,0,0,1,0,1,1,0.2165127545595169,0.051971375942230225,2,contra,0.15,-1,11,24,CORRECT,0,0,0,0,4,0,0.130872,0.0,answer,
margin,live-delta,1,0.0,0.508742,0.581161,0.224923,0.960938,0.354848,0.504848,0.0,0.6589005589485168,0.6589005589485168,2.2725648880004883,9.704258918762207,0.16547758877277374,20,0,1,0,0,1,1,0.3564281463623047,0.0,0,contra,0.15,-1,12,130,CORRECT,0,0,0,0,5,0,0.356428,0.0,answer,
margin,live-delta,1,0.0,0.508742,0.581161,0.224923,0.960938,0.354848,0.504848,0.004485130310058594,0.6025277972221375,0.5980426669120789,2.139164924621582,8.492342948913574,0.29252612590789795,20,0,0,1,0,1,1,0.12186035513877869,0.08127981424331665,2,contra,0.15,-1,13,28,CORRECT,0,0,0,0,6,0,0.12186,0.0,answer,
margin,live-delta,1,0.0,0.508742,0.581161,0.224923,0.960938,0.354848,0.504848,0.0068146586418151855,0.6395174860954285,0.6327028274536133,2.0255706310272217,7.580435276031494,0.2410425841808319,20,0,0,1,0,1,1,0.2409435659646988,0.0068146586418151855,0,contra,0.15,-1,14,26,CORRECT,0,0,0,0,6,0,0.240944,0.0,answer,
margin,live-delta,1,0.0,0.508742,0.581161,0.224923,0.960938,0.354848,0.504848,0.0438503623008728,0.664881706237793,0.6210313439369202,2.063246250152588,7.871480941772461,0.39631035923957825,20,0,0,1,0,1,0,0.06600287556648254,0.11050450801849365,2,contra,0.15,-1,15,13,CORRECT,0,0,0,0,5,0,0.066003,0.0,answer,
margin,live-delta,1,0.0,0.508742,0.581161,0.224923,0.960938,0.354848,0.504848,0.0,0.5671543478965759,0.5671543478965759,2.736604928970337,15.434494972229004,0.11000234633684158,20,0,2,0,0,1,1,0.28752806782722473,0.0,0,contra,0.15,-1,16,149,CORRECT,0,0,0,0,6,0,0.287528,0.0,answer,
margin,live-delta,1,0.0,0.508742,0.581161,0.224923,0.960938,0.354848,0.504848,0.020671069622039795,0.6850572228431702,0.6643861532211304,2.351149320602417,10.497628211975098,0.2423369586467743,20,0,0,1,0,1,1,0.28026819229125977,0.04570877552032471,1,contra,0.15,-1,17,30,CORRECT,0,0,0,0,5,0,0.280268,0.0,answer,
margin,live-delta,1,0.0,0.508742,0.581161,0.224923,0.960938,0.354848,0.504848,0.13047552108764648,0.7553185224533081,0.6248430013656616,1.4419300556182861,4.2288498878479,0.6875044107437134,20,0,0,1,0,1,1,0.10196244716644287,0.14898639917373657,2,contra,0.15,-1,18,30,CORRECT,0,0,0,0,5,0,0.101962,0.0,answer,
margin,live-delta,1,0.0,0.508742,0.581161,0.224923,0.960938,0.354848,0.504848,0.21431148052215576,0.7999752163887024,0.5856637358665466,0.6958497762680054,2.0054125785827637,0.8802545666694641,20,0,0,1,0,1,0,0.039004843682050705,0.2169327735900879,2,contra,0.15,-1,19,30,CORRECT,0,0,0,0,4,0,0.036489,0.0,answer,
margin,live-delta,1,0.0,0.508742,0.581161,0.224923,0.960938,0.354848,0.504848,0.005678772926330566,0.6305544376373291,0.6248756647109985,2.669323205947876,14.43019962310791,0.15941372513771057,20,0,0,1,0,1,0,0.08920742571353912,0.07862496376037598,2,contra,0.15,-1,20,0,CORRECT,0,0,0,0,4,0,0.089207,0.0,answer,
margin,live-delta,1,0.0,0.508742,0.581161,0.224923,0.960938,0.354848,0.504848,0.01732957363128662,0.7488837242126465,0.7315541505813599,1.4173513650894165,4.1261773109436035,0.38050609827041626,20,0,0,1,0,1,1,0.2716924548149109,0.01732957363128662,0,contra,0.15,-1,21,25,CORRECT,0,0,0,0,5,0,0.270811,0.0,answer,
margin,live-delta,1,0.0,0.508742,0.581161,0.224923,0.960938,0.354848,0.504848,1.1920928955078125e-07,0.6977768540382385,0.697776734828949,2.051198720932007,7.777218341827393,0.22079439461231232,20,0,2,0,0,1,1,0.481767475605011,-1.1920928955078125e-07,0,contra,0.15,-1,22,163,CORRECT,0,0,0,0,5,0,0.481767,0.0,answer,
margin,live-delta,1,0.0,0.508742,0.581161,0.224923,0.960938,0.354848,0.504848,0.0,0.6982559561729431,0.6982559561729431,2.1766819953918457,8.81700325012207,0.22680164873600006,20,0,0,1,0,1,1,0.5230042338371277,0.0,0,contra,0.15,-1,23,1,CORRECT,0,0,0,0,6,0,0.523004,0.0,answer,
margin,live-delta,1,0.0,0.508742,0.581161,0.224923,0.960938,0.354848,0.504848,0.0,0.550545334815979,0.550545334815979,1.2915706634521484,3.6384968757629395,0.4131418764591217,9,0,2,0,2,0,1,0.9493408799171448,-0.11566036939620972,0,contra,0.15,-1,24,134,CONTRADICTORY_STRICT,1,1,0,0,4,0,0.441331,0.0,answer,
margin,live-delta,1,0.0,0.508742,0.581161,0.224923,0.960938,0.354848,0.504848,0.01704925298690796,0.6313489079475403,0.6142996549606323,2.680164337158203,14.58749008178711,0.2138480693101883,20,0,0,1,0,1,1,0.186168372631073,0.07265657186508179,2,contra,0.15,-1,25,30,CORRECT,0,0,0,0,5,0,0.186168,0.0,answer,
margin,live-delta,1,0.0,0.508742,0.581161,0.224923,0.960938,0.354848,0.504848,0.02894890308380127,0.5523542165756226,0.5234053134918213,2.4617834091186523,11.725704193115234,0.25823262333869934,20,0,0,1,0,1,1,0.20275622606277466,0.02894890308380127,1,contra,0.15,-1,26,27,CORRECT,0,0,0,0,3,0,0.202756,0.0,answer,
margin,live-delta,1,0.0,0.508742,0.581161,0.224923,0.960938,0.354848,0.504848,0.04773306846618652,0.6731027364730835,0.625369668006897,2.063706159591675,7.8751020431518555,0.3621428608894348,20,0,0,1,0,1,1,0.2890499234199524,0.059629201889038086,2,contra,0.15,-1,27,16,CORRECT,0,0,0,0,5,0,0.265128,0.0,answer,
margin,live-delta,1,0.0,0.508742,0.581161,0.224923,0.960938,0.354848,0.504848,0.0,0.4923955500125885,0.4923955500125885,1.6308071613311768,5.107995986938477,0.28173738718032837,6,0,1,0,2,0,1,0.7375571131706238,-0.03371754288673401,0,contra,0.15,-1,28,33,CONTRADICTORY_LENIENT,0,1,0,0,2,0,0.425279,0.0,answer,
margin,live-delta,1,0.0,0.508742,0.581161,0.224923,0.960938,0.354848,0.504848,0.0004004240036010742,0.529884934425354,0.5294845104217529,2.525076389312744,12.491848945617676,0.2063428908586502,20,0,0,1,0,1,1,0.11294809728860855,0.08668172359466553,2,contra,0.15,-1,29,13,CORRECT,0,0,0,0,3,0,0.062609,0.0,answer,
margin,live-delta,1,0.0,0.508742,0.581161,0.224923,0.960938,0.354848,0.504848,0.04991328716278076,0.6916114091873169,0.6416981220245361,2.3002192974090576,9.976369857788086,0.30591198801994324,20,0,0,1,0,1,1,0.3261120319366455,0.04991328716278076,1,contra,0.15,-1,30,11,CORRECT,0,0,0,0,4,0,0.326112,0.0,answer,
margin,live-delta,1,0.0,0.508742,0.581161,0.224923,0.960938,0.354848,0.504848,0.015379667282104492,0.5836500525474548,0.5682703852653503,2.6701507568359375,14.442146301269531,0.19459180533885956,20,0,0,1,0,1,1,0.16155916452407837,0.0772402286529541,2,contra,0.15,-1,31,11,CORRECT,0,0,0,0,5,0,0.161559,0.0,answer,
margin,live-delta,1,0.0,0.508742,0.581161,0.224923,0.960938,0.354848,0.504848,2.9802322387695312e-08,0.4375622570514679,0.4375622272491455,1.6841059923171997,5.387632369995117,0.23463156819343567,6,0,0,1,0,1,1,0.5318187475204468,2.9802322387695312e-08,0,contra,0.15,-1,32,7,CORRECT,0,0,0,0,2,0,0.359539,0.0,answer,
margin,live-delta,1,0.0,0.508742,0.581161,0.224923,0.960938,0.354848,0.504848,0.0,0.6656931638717651,0.6656931638717651,2.360713243484497,10.59850788116455,0.1825217604637146,20,0,2,0,0,1,1,0.45277199149131775,0.0,0,contra,0.15,-1,33,148,CORRECT,0,0,0,0,6,0,0.452772,0.0,answer,
margin,live-delta,1,0.0,0.508742,0.581161,0.224923,0.960938,0.354848,0.504848,5.960464477539063e-08,0.6726762652397156,0.6726762056350708,2.051348924636841,7.77838659286499,0.22744257748126984,20,0,2,0,0,1,1,0.4963206350803375,-5.960464477539063e-08,0,contra,0.15,-1,34,163,CORRECT,0,0,0,0,6,0,0.496321,0.0,answer,
margin,live-delta,1,0.0,0.508742,0.581161,0.224923,0.960938,0.354848,0.504848,0.06339681148529053,0.6739566326141357,0.6105598211288452,1.6307653188705444,5.107782363891602,0.5593156218528748,20,0,0,1,0,1,1,0.10727611184120178,0.10474836826324463,2,contra,0.15,-1,35,28,CORRECT,0,0,0,0,5,0,0.098625,0.0,answer,
margin,live-delta,1,0.0,0.508742,0.581161,0.224923,0.960938,0.354848,0.504848,0.0,0.6948245763778687,0.6948245763778687,1.9968996047973633,7.366182327270508,0.31374722719192505,20,0,2,0,0,1,1,0.39077427983283997,0.0,0,contra,0.15,-1,36,149,CORRECT,0,0,0,0,6,0,0.390774,0.0,answer,
margin,live-delta,1,0.0,0.508742,0.581161,0.224923,0.960938,0.354848,0.504848,0.016531944274902344,0.5996270775794983,0.583095133304596,2.396624803543091,10.98603343963623,0.19587092101573944,20,0,0,1,0,1,1,0.3940264880657196,0.016531944274902344,0,contra,0.15,-1,37,26,CORRECT,0,0,0,0,6,0,0.394026,0.0,answer,
margin,live-delta,1,0.0,0.508742,0.581161,0.224923,0.960938,0.354848,0.504848,0.01701536774635315,0.5104827880859375,0.49346742033958435,2.9126949310302734,18.406335830688477,0.10033281147480011,20,0,0,1,0,1,1,0.29731085896492004,0.02106839418411255,0,contra,0.15,-1,38,28,CORRECT,0,0,0,0,5,0,0.297311,0.0,answer,
margin,live-delta,1,0.0,0.508742,0.581161,0.224923,0.960938,0.354848,0.504848,0.07330387830734253,0.7156831622123718,0.6423792839050293,2.3003809452056885,9.977982521057129,0.37653815746307373,20,0,0,1,0,1,1,0.27883201837539673,0.07330387830734253,2,contra,0.15,-1,39,11,CORRECT,0,0,0,0,6,0,0.278832,0.0,answer,
margin,live-delta,1,0.0,0.508742,0.581161,0.224923,0.960938,0.354848,0.504848,0.01202094554901123,0.5193359851837158,0.5073150396347046,2.506479263305664,12.261683464050293,0.22783426940441132,20,0,0,1,0,1,1,0.232537642121315,0.0560949444770813,2,contra,0.15,-1,40,18,CORRECT,0,0,0,0,6,0,0.232538,0.0,answer,
margin,live-delta,1,0.0,0.508742,0.581161,0.224923,0.960938,0.354848,0.504848,0.004130423069000244,0.5956895351409912,0.591559112071991,2.4786486625671387,11.925138473510742,0.22169797122478485,20,0,0,1,0,1,1,0.1731538474559784,0.07166504859924316,2,contra,0.15,-1,41,9,CORRECT,0,0,0,0,5,0,0.173154,0.0,answer,
margin,live-delta,1,0.0,0.508742,0.581161,0.224923,0.960938,0.354848,0.504848,0.0,0.5080372095108032,0.5080372095108032,0.8262025117874146,2.2846264839172363,0.4814196825027466,3,0,0,1,0,1,1,0.4814196825027466,0.0,0,contra,0.15,-1,42,15,CORRECT,0,0,0,0,1,0,0.48142,0.0,answer,
margin,live-delta,1,0.0,0.508742,0.581161,0.224923,0.960938,0.354848,0.504848,0.029343366622924805,0.5180602669715881,0.48871690034866333,1.7899084091186523,5.988903999328613,0.42528313398361206,11,0,0,1,0,1,1,0.35752198100090027,0.029343366622924805,1,contra,0.15,-1,44,6,CORRECT,0,0,0,0,3,0,0.087665,0.0,answer,
margin,live-delta,1,0.0,0.508742,0.581161,0.224923,0.960938,0.354848,0.504848,0.14111894369125366,0.7220957279205322,0.5809767842292786,1.0767155885696411,2.935023784637451,0.7699148058891296,20,0,0,1,0,1,0,0.06135394424200058,0.14111894369125366,2,contra,0.15,-1,45,30,CORRECT,0,0,0,0,4,0,0.058261,0.0,answer,
margin,live-delta,1,0.0,0.508742,0.581161,0.224923,0.960938,0.354848,0.504848,0.009379982948303223,0.5576402544975281,0.5482602715492249,2.7291982173919678,15.320598602294922,0.12366920709609985,20,0,0,1,0,1,1,0.17408499121665955,0.009379982948303223,0,contra,0.15,-1,46,0,CORRECT,0,0,0,0,4,0,0.161358,0.0,answer,
margin,live-delta,1,0.0,0.508742,0.581161,0.224923,0.960938,0.354848,0.504848,0.03974360227584839,0.706577718257904,0.6668341159820557,2.2332866191864014,9.33048152923584,0.2893892824649811,20,0,0,1,0,1,1,0.35476604104042053,0.03974360227584839,1,contra,0.15,-1,47,11,CORRECT,0,0,0,0,4,0,0.354766,0.0,answer,
margin,live-delta,1,0.0,0.508742,0.581161,0.224923,0.960938,0.354848,0.504848,0.005650311708450317,0.4656926989555359,0.46004238724708557,2.6436970233917236,14.065106391906738,0.16671353578567505,17,0,0,1,0,1,1,0.2815798819065094,0.05088376998901367,2,contra,0.15,-1,48,16,CORRECT,0,0,0,0,6,0,0.28158,0.0,answer,
margin,live-delta,1,0.0,0.508742,0.581161,0.224923,0.960938,0.354848,0.504848,0.004724025726318359,0.6174630522727966,0.6127390265464783,2.7391164302825928,15.473307609558105,0.13247708976268768,20,0,0,1,0,1,1,0.19847416877746582,0.034190595149993896,1,contra,0.15,-1,49,18,CORRECT,0,0,0,0,6,0,0.198474,0.0,answer,
margin,live-delta,1,0.0,0.508742,0.581161,0.224923,0.960938,0.354848,0.504848,0.021081984043121338,0.631973922252655,0.6108919382095337,2.6357462406158447,13.953721046447754,0.19100770354270935,20,0,0,1,0,1,1,0.24071228504180908,0.05313122272491455,2,contra,0.15,-1,50,11,CORRECT,0,0,0,0,6,0,0.240712,0.0,answer,
margin,live-delta,1,0.0,0.508742,0.581161,0.224923,0.960938,0.354848,0.504848,0.04159349203109741,0.6099201440811157,0.5683266520500183,2.3692259788513184,10.689115524291992,0.31569400429725647,20,0,0,1,0,1,1,0.16154983639717102,0.08740878105163574,2,contra,0.15,-1,51,30,CORRECT,0,0,0,0,4,0,0.111385,0.0,answer,
margin,live-delta,1,0.0,0.508742,0.581161,0.224923,0.960938,0.354848,0.504848,0.04602921009063721,0.6817590594291687,0.6357298493385315,2.203984498977661,9.06104564666748,0.4014344811439514,20,0,0,1,0,1,1,0.13493035733699799,0.11338454484939575,2,contra,0.15,-1,52,30,CORRECT,0,0,0,0,5,0,0.13493,0.0,answer,
margin,live-delta,1,0.0,0.508742,0.581161,0.224923,0.960938,0.354848,0.504848,5.960464477539063e-08,0.6125666499137878,0.6125665903091431,2.5526041984558105,12.840499877929688,0.16904351115226746,20,0,0,1,0,1,1,0.42656469345092773,5.960464477539063e-08,0,contra,0.15,-1,53,7,CORRECT,0,0,0,0,5,0,0.426565,0.0,answer,
margin,live-delta,1,0.0,0.508742,0.581161,0.224923,0.960938,0.354848,0.504848,0.039527952671051025,0.6817615628242493,0.6422336101531982,1.950250267982483,7.030447006225586,0.4159281551837921,20,0,0,1,0,1,1,0.19929414987564087,0.08379435539245605,2,contra,0.15,-1,54,16,CORRECT,0,0,0,0,5,0,0.193813,0.0,answer,
margin,live-delta,1,0.0,0.508742,0.581161,0.224923,0.960938,0.354848,0.504848,0.12598097324371338,0.7112128734588623,0.5852319002151489,1.5957176685333252,4.9318671226501465,0.6553874611854553,20,0,0,1,0,1,0,0.09186238795518875,0.16270434856414795,2,contra,0.15,-1,55,30,CORRECT,0,0,0,0,6,0,0.091862,0.0,answer,
margin,live-delta,1,0.0,0.508742,0.581161,0.224923,0.960938,0.354848,0.504848,0.0,0.5435279607772827,0.5435279607772827,2.5222151279449463,12.456157684326172,0.17611904442310333,20,0,0,1,0,1,1,0.4914711117744446,0.0,0,contra,0.15,-1,56,1,CORRECT,0,0,0,0,6,0,0.491471,0.0,answer,
margin,live-delta,1,0.0,0.508742,0.581161,0.224923,0.960938,0.354848,0.504848,0.011501491069793701,0.5289517045021057,0.517450213432312,2.8234596252441406,16.834993362426758,0.11120298504829407,20,0,0,1,0,1,1,0.3041844367980957,0.013031542301177979,0,contra,0.15,-1,57,28,CORRECT,0,0,0,0,5,0,0.304184,0.0,answer,
margin,live-delta,1,0.0,0.508742,0.581161,0.224923,0.960938,0.354848,0.504848,0.02749544382095337,0.5211616158485413,0.4936661720275879,2.5284464359283447,12.534018516540527,0.19697020947933197,20,0,0,1,0,1,1,0.23401302099227905,0.02749544382095337,1,contra,0.15,-1,58,28,CORRECT,0,0,0,0,5,0,0.196327,0.0,answer,
margin,live-delta,1,0.0,0.508742,0.581161,0.224923,0.960938,0.354848,0.504848,0.0455852746963501,0.7100707292556763,0.6644854545593262,2.135237216949463,8.459053039550781,0.32563596963882446,20,0,0,1,0,1,1,0.3550455868244171,0.0455852746963501,1,contra,0.15,-1,59,11,CORRECT,0,0,0,0,6,0,0.355046,0.0,answer,
margin,live-delta,1,0.0,0.508742,0.581161,0.224923,0.960938,0.354848,0.504848,0.0,0.4191456735134125,0.4191456735134125,2.4993691444396973,12.174811363220215,0.13087135553359985,13,0,2,0,0,1,1,0.36524224281311035,0.0,0,contra,0.15,-1,60,129,CORRECT,0,0,0,0,5,0,0.365242,0.0,answer,
margin,live-delta,1,0.0,0.508742,0.581161,0.224923,0.960938,0.354848,0.504848,0.0009667277336120605,0.7287241816520691,0.727757453918457,1.656136155128479,5.2390289306640625,0.2875809669494629,20,0,0,1,0,1,1,0.19022144377231598,0.0228918194770813,0,contra,0.15,-1,61,25,CORRECT,0,0,0,0,5,0,0.190221,0.0,answer,
margin,live-delta,1,0.0,0.508742,0.581161,0.224923,0.960938,0.354848,0.504848,0.03774529695510864,0.5500202775001526,0.512274980545044,2.48278546333313,11.974573135375977,0.2883228361606598,20,0,0,1,0,1,1,0.2291884571313858,0.06930935382843018,2,contra,0.15,-1,62,16,CORRECT,0,0,0,0,5,0,0.208234,0.0,answer,
margin,live-delta,1,0.0,0.508742,0.581161,0.224923,0.960938,0.354848,0.504848,0.0,0.7022755146026611,0.7022755146026611,1.8683347702026367,6.477500915527344,0.3442769944667816,20,0,0,1,0,1,1,0.4426646828651428,0.0,0,contra,0.15,-1,63,22,CORRECT,0,0,0,0,5,0,0.442665,0.0,answer,
margin,live-delta,1,0.0,0.508742,0.581161,0.224923,0.960938,0.354848,0.504848,0.0138663649559021,0.6372043490409851,0.623337984085083,2.307056427001953,10.04481315612793,0.22644497454166412,20,1,1,1,1,1,1,0.17788265645503998,0.026260793209075928,1,contra,0.15,-1,64,60,CORRECT,0,0,0,0,4,0,0.172557,0.0,answer,
margin,live-delta,1,0.0,0.508742,0.581161,0.224923,0.960938,0.354848,0.504848,5.960464477539063e-08,0.7194735407829285,0.7194734811782837,1.7187947034835815,5.577801704406738,0.35041093826293945,20,1,3,0,1,1,1,0.40683692693710327,-5.960464477539063e-08,0,contra,0.15,-1,65,164,CORRECT,0,0,0,0,4,0,0.406837,0.0,answer,
margin,live-delta,1,0.0,0.508742,0.581161,0.224923,0.960938,0.354848,0.504848,0.27114012837409973,0.7173919677734375,0.44625183939933777,0.10805824398994446,1.1141126155853271,0.9847394227981567,9,1,1,1,1,1,0,0.001696161343716085,0.3182004690170288,2,contra,0.15,-1,66,54,CORRECT,0,0,0,0,1,0,0.001696,0.0,answer,
margin,live-delta,1,0.0,0.508742,0.581161,0.224923,0.960938,0.354848,0.504848,0.0425182580947876,0.6012977957725525,0.5587795376777649,2.459829807281494,11.70281982421875,0.23552264273166656,20,1,1,1,1,1,1,0.1765831708908081,0.042754173278808594,1,contra,0.15,-1,67,42,CORRECT,0,0,0,0,3,0,0.172572,0.0,answer,
margin,live-delta,1,0.0,0.508742,0.581161,0.224923,0.960938,0.354848,0.504848,0.17981696128845215,0.6864583492279053,0.5066413879394531,0.577223002910614,1.78108549118042,0.8978723883628845,20,1,1,1,1,1,0,0.02021573856472969,0.19862502813339233,2,contra,0.15,-1,68,57,CORRECT,0,0,0,0,3,0,0.020216,0.0,answer,
margin,live-delta,1,0.0,0.508742,0.581161,0.224923,0.960938,0.354848,0.504848,0.026864051818847656,0.5847336053848267,0.557869553565979,2.445171594619751,11.532527923583984,0.28894543647766113,20,1,1,1,1,1,1,0.16210049390792847,0.08979308605194092,2,contra,0.15,-1,69,52,CORRECT,0,0,0,0,4,0,0.137289,0.0,answer,
margin,live-delta,1,0.0,0.508742,0.581161,0.224923,0.960938,0.354848,0.504848,0.08957564830780029,0.6409651637077332,0.5513895153999329,1.1222882270812988,3.0718753337860107,0.7289541363716125,16,1,1,1,1,1,0,0.023200787603855133,0.18726634979248047,2,contra,0.15,-1,70,57,CORRECT,0,0,0,0,2,0,0.023201,0.0,answer,
margin,live-delta,1,0.0,0.508742,0.581161,0.224923,0.960938,0.354848,0.504848,1.1920928955078125e-07,0.5237219333648682,0.5237218141555786,1.8985581398010254,6.6762614250183105,0.2958044409751892,12,1,3,0,1,1,1,0.4180375337600708,-1.1920928955078125e-07,0,contra,0.15,-1,71,164,CORRECT,0,0,0,0,2,0,0.345016,0.0,answer,
margin,live-delta,1,0.0,0.508742,0.581161,0.224923,0.960938,0.354848,0.504848,0.028354346752166748,0.7925995588302612,0.7642452120780945,0.9717782735824585,2.642639636993408,0.5927549004554749,14,1,1,1,1,1,0,0.009727182798087597,0.21448761224746704,2,contra,0.15,-1,72,40,CORRECT,0,0,0,0,2,0,0.009727,0.0,answer,
margin,live-delta,1,0.0,0.508742,0.581161,0.224923,0.960938,0.354848,0.504848,0.03947728872299194,0.4474477767944336,0.40797048807144165,2.3137142658233643,10.111913681030273,0.2442478984594345,12,1,1,1,1,1,1,0.45720475912094116,0.03947728872299194,1,contra,0.15,-1,73,35,CORRECT,0,0,0,0,3,0,0.200138,0.0,answer,
margin,live-delta,1,0.0,0.508742,0.581161,0.224923,0.960938,0.354848,0.504848,0.019095420837402344,0.6300061345100403,0.6109107136726379,1.3925303220748901,4.025021553039551,0.4509836435317993,10,1,1,1,1,1,1,0.10568957030773163,0.0760849118232727,2,contra,0.15,-1,74,32,CORRECT,0,0,0,0,2,0,0.10569,0.0,answer,
margin,live-delta,1,0.0,0.508742,0.581161,0.224923,0.960938,0.354848,0.504848,0.02758312225341797,0.6517993807792664,0.6242162585258484,2.1339850425720215,8.448467254638672,0.3269707262516022,20,1,1,1,1,1,1,0.1219068169593811,0.07945305109024048,2,contra,0.15,-1,75,48,CORRECT,0,0,0,0,5,0,0.112774,0.0,answer,
margin,live-delta,1,0.0,0.508742,0.581161,0.224923,0.960938,0.354848,0.504848,0.006723284721374512,0.5870903134346008,0.5803670287132263,2.432650327682495,11.389026641845703,0.2381308227777481,20,1,1,1,1,1,1,0.1873687207698822,0.059445738792419434,2,contra,0.15,-1,76,35,CORRECT,0,0,0,0,4,0,0.150234,0.0,answer,
margin,live-delta,1,0.0,0.508742,0.581161,0.224923,0.960938,0.354848,0.504848,0.011500447988510132,0.4391583800315857,0.42765793204307556,1.7829627990722656,5.947451591491699,0.2800590991973877,7,1,1,1,1,1,0,0.05313604325056076,0.08310723304748535,2,contra,0.15,-1,77,58,CORRECT,0,0,0,0,1,0,0.053136,0.0,answer,
margin,live-delta,1,0.0,0.508742,0.581161,0.224923,0.960938,0.354848,0.504848,0.0,0.4854973554611206,0.4854973554611206,2.1956865787506104,8.98616886138916,0.2431628257036209,13,1,0,0,1,1,1,0.31078097224235535,0.0,0,contra,0.15,-1,78,128,CORRECT,0,0,0,0,2,0,0.286417,0.0,answer,
margin,live-delta,1,0.0,0.508742,0.581161,0.224923,0.960938,0.354848,0.504848,0.011427760124206543,0.43584972620010376,0.4244219660758972,1.7087541818618774,5.522077560424805,0.27688878774642944,6,1,1,1,1,1,0,0.0,0.09004974365234375,2,contra,0.15,-1,79,55,CORRECT,0,0,0,0,0,0,0.0,0.0,answer,
margin,live-delta,1,0.0,0.508742,0.581161,0.224923,0.960938,0.354848,0.504848,0.047071754932403564,0.580012857913971,0.5329411029815674,1.9763509035110474,7.2163615226745605,0.4665200412273407,20,1,0,0,0,0,1,0.9020711183547974,-0.1121707558631897,0,contra,0.15,-1,80,24,CONTRADICTORY_LENIENT,0,1,0,0,4,0,0.044442,0.0,answer,
margin,live-delta,1,0.0,0.508742,0.581161,0.224923,0.960938,0.354848,0.504848,0.0,0.6887730360031128,0.6887730360031128,1.5171234607696533,4.559092044830322,0.355172336101532,12,1,1,1,1,1,1,0.3605291545391083,0.0,0,contra,0.15,-1,81,50,CORRECT,0,0,0,0,2,0,0.360529,0.0,answer,
margin,live-delta,1,0.0,0.508742,0.581161,0.224923,0.960938,0.354848,0.504848,0.06465297937393188,0.675824761390686,0.6111717820167542,1.8940964937210083,6.646540641784668,0.475419282913208,20,1,1,1,1,1,1,0.17034238576889038,0.06465297937393188,2,contra,0.15,-1,82,61,CORRECT,0,0,0,0,5,0,0.170342,0.0,answer,
margin,live-delta,1,0.0,0.508742,0.581161,0.224923,0.960938,0.354848,0.504848,0.062261730432510376,0.522896409034729,0.46063467860221863,1.2082496881484985,3.3476202487945557,0.6277082562446594,7,1,1,1,1,1,0,0.025896485894918442,0.15939843654632568,2,contra,0.15,-1,83,42,CORRECT,0,0,0,0,1,0,0.025896,0.0,answer,
margin,live-delta,1,0.0,0.508742,0.581161,0.224923,0.960938,0.354848,0.504848,0.007027864456176758,0.595234215259552,0.5882063508033752,2.0315754413604736,7.626091480255127,0.24851517379283905,17,1,1,1,1,1,1,0.23937088251113892,0.019131004810333252,0,contra,0.15,-1,84,52,CORRECT,0,0,0,0,4,0,0.239371,0.0,answer,
margin,live-delta,1,0.0,0.508742,0.581161,0.224923,0.960938,0.354848,0.504848,0.002056121826171875,0.5324323177337646,0.5303761959075928,2.5840775966644287,13.251060485839844,0.18630172312259674,20,1,1,1,1,1,1,0.2636599540710449,0.0394936203956604,1,contra,0.15,-1,85,41,CORRECT,0,0,0,0,4,0,0.128972,0.0,answer,
margin,live-delta,1,0.0,0.508742,0.581161,0.224923,0.960938,0.354848,0.504848,0.014487206935882568,0.4904897212982178,0.4760025143623352,2.111013889312744,8.256608009338379,0.2434915453195572,11,1,0,0,0,0,1,0.5638576149940491,-0.023021996021270752,0,contra,0.15,-1,86,25,CONTRADICTORY_LENIENT,0,1,0,0,1,0,0.047103,0.0,answer,
margin,live-delta,1,0.0,0.508742,0.581161,0.224923,0.960938,0.354848,0.504848,0.30191630125045776,0.8589409589767456,0.5570246577262878,0.08510108292102814,1.088827133178711,0.9894144535064697,20,1,1,1,1,1,0,0.0035051575396209955,0.3281947374343872,2,contra,0.15,-1,87,43,CORRECT,0,0,0,0,4,0,0.002155,0.0,answer,
margin,live-delta,1,0.0,0.508742,0.581161,0.224923,0.960938,0.354848,0.504848,0.023692190647125244,0.6738309860229492,0.650138795375824,1.340903401374817,3.822495222091675,0.4837455153465271,16,1,1,1,1,1,0,0.0203875545412302,0.18954646587371826,2,contra,0.15,-1,88,61,CORRECT,0,0,0,0,3,0,0.020388,0.0,answer,
margin,live-delta,1,0.0,0.508742,0.581161,0.224923,0.960938,0.354848,0.504848,0.01702946424484253,0.6745926737785339,0.6575632095336914,1.9408321380615234,6.96454381942749,0.31458961963653564,17,1,1,1,1,1,1,0.12697933614253998,0.06441539525985718,2,contra,0.15,-1,89,39,CORRECT,0,0,0,0,3,0,0.126979,0.0,answer,
margin,live-delta,1,0.0,0.508742,0.581161,0.224923,0.960938,0.354848,0.504848,0.005663156509399414,0.6045350432395935,0.5988718867301941,2.2511467933654785,9.49862289428711,0.22421982884407043,20,1,1,1,1,1,1,0.13578055799007416,0.042933523654937744,1,contra,0.15,-1,90,39,CORRECT,0,0,0,0,4,0,0.135781,0.0,answer,
margin,live-delta,1,0.0,0.508742,0.581161,0.224923,0.960938,0.354848,0.504848,0.0,0.5371400713920593,0.5371400713920593,2.570178985595703,13.06816291809082,0.13982875645160675,20,1,1,1,1,1,1,0.31431952118873596,0.0,0,contra,0.15,-1,91,45,CORRECT,0,0,0,0,6,0,0.213506,0.0,answer,
margin,live-delta,1,0.0,0.508742,0.581161,0.224923,0.960938,0.354848,0.504848,0.08484706282615662,0.46731051802635193,0.3824634552001953,1.4047884941101074,4.074665069580078,0.5517024993896484,6,1,1,1,1,1,1,0.10109569877386093,0.08484706282615662,2,contra,0.15,-1,92,40,CORRECT,0,0,0,0,1,0,0.101096,0.0,answer,
margin,live-delta,1,0.0,0.508742,0.581161,0.224923,0.960938,0.354848,0.504848,0.03696244955062866,0.5619375705718994,0.5249751210212708,2.374422550201416,10.744807243347168,0.2946423590183258,20,1,1,1,1,1,1,0.18230587244033813,0.03696244955062866,1,contra,0.15,-1,93,57,CORRECT,0,0,0,0,4,0,0.182306,0.0,answer,
margin,live-delta,1,0.0,0.508742,0.581161,0.224923,0.960938,0.354848,0.504848,0.001346588134765625,0.6266343593597412,0.6252877712249756,2.1827585697174072,8.870742797851562,0.22574719786643982,20,1,1,1,1,1,1,0.1670278012752533,0.025648117065429688,1,contra,0.15,-1,94,61,CORRECT,0,0,0,0,4,0,0.167028,0.0,answer,
margin,live-delta,1,0.0,0.508742,0.581161,0.224923,0.960938,0.354848,0.504848,0.08536475896835327,0.604717493057251,0.5193527340888977,1.5240511894226074,4.590785503387451,0.6354248523712158,20,1,1,1,1,1,0,0.04681333526968956,0.20096948742866516,2,contra,0.15,-1,95,41,CORRECT,0,0,0,0,4,0,0.031232,0.0,answer,
margin,live-delta,1,0.0,0.508742,0.581161,0.224923,0.960938,0.354848,0.504848,0.005658745765686035,0.6051054000854492,0.5994466543197632,2.3578367233276367,10.56806468963623,0.18232429027557373,20,1,1,1,1,1,1,0.2575671374797821,0.005658745765686035,0,contra,0.15,-1,96,54,CORRECT,0,0,0,0,3,0,0.257567,0.0,answer,
margin,live-delta,1,0.0,0.508742,0.581161,0.224923,0.960938,0.354848,0.504848,0.06105303764343262,0.7184756994247437,0.657422661781311,1.1808634996414185,3.257185459136963,0.6514800786972046,13,1,1,1,1,1,0,0.04023013263940811,0.1536245346069336,2,contra,0.15,-1,97,40,CORRECT,0,0,0,0,2,0,0.04023,0.0,answer,
margin,live-delta,1,0.0,0.508742,0.581161,0.224923,0.960938,0.354848,0.504848,0.0,0.582595705986023,0.582595705986023,1.5606682300567627,4.762002468109131,0.29768088459968567,10,1,2,0,1,1,1,0.30133792757987976,0.0,0,contra,0.15,-1,98,140,CORRECT,0,0,0,0,2,0,0.301338,0.0,answer,
margin,live-delta,1,0.0,0.508742,0.581161,0.224923,0.960938,0.354848,0.504848,0.28284549713134766,0.7437992691993713,0.4609537720680237,0.06835733354091644,1.0707478523254395,0.9905883073806763,8,1,1,1,1,1,0,0.0012489358196035028,0.3565714955329895,2,contra,0.15,-1,99,41,CORRECT,0,0,0,0,2,0,0.001249,0.0,answer,
margin,live-delta,1,0.0,0.508742,0.581161,0.224923,0.960938,0.354848,0.504848,0.008107244968414307,0.5988268256187439,0.5907195806503296,1.3506486415863037,3.8599283695220947,0.3501671254634857,11,1,1,1,1,1,1,0.30695104598999023,0.008107244968414307,0,contra,0.15,-1,100,61,CORRECT,0,0,0,0,3,0,0.306951,0.0,answer,
margin,live-delta,1,0.0,0.508742,0.581161,0.224923,0.960938,0.354848,0.504848,0.018241524696350098,0.48883119225502014,0.47058966755867004,2.074970006942749,7.96430778503418,0.2995431423187256,12,1,3,0,3,0,1,0.8989386558532715,-0.08488726615905762,0,contra,0.15,-1,101,123,CONTRADICTORY_LENIENT,0,1,0,0,3,0,0.115,0.0,answer,
margin,live-delta,1,0.0,0.508742,0.581161,0.224923,0.960938,0.354848,0.504848,0.06546664237976074,0.6314265727996826,0.5659599304199219,2.1450083255767822,8.542112350463867,0.379373699426651,20,1,1,1,1,1,1,0.19809654355049133,0.07039523124694824,2,contra,0.15,-1,102,62,CORRECT,0,0,0,0,4,0,0.198097,0.0,answer,
margin,live-delta,1,0.0,0.508742,0.581161,0.224923,0.960938,0.354848,0.504848,0.018510043621063232,0.6128389239311218,0.5943288803100586,1.6199405193328857,5.052789688110352,0.45893749594688416,18,1,1,1,1,1,0,0.05057841166853905,0.14415180683135986,2,contra,0.15,-1,103,54,CORRECT,0,0,0,0,4,0,0.050578,0.0,answer,
margin,live-delta,1,0.0,0.508742,0.581161,0.224923,0.960938,0.354848,0.504848,0.0,0.6102866530418396,0.6102866530418396,2.125011682510376,8.372995376586914,0.2341236174106598,20,1,1,1,1,1,1,0.2592708170413971,0.0,0,contra,0.15,-1,104,49,CORRECT,0,0,0,0,4,0,0.259271,0.0,answer,
margin,live-delta,1,0.0,0.508742,0.581161,0.224923,0.960938,0.354848,0.504848,0.07134711742401123,0.705420970916748,0.6340738534927368,1.45455801486969,4.282590389251709,0.5755182504653931,13,1,1,1,1,1,0,0.05165252834558487,0.14682543277740479,2,contra,0.15,-1,105,40,CORRECT,0,0,0,0,2,0,0.051653,0.0,answer,
margin,live-delta,1,0.0,0.508742,0.581161,0.224923,0.960938,0.354848,0.504848,0.07959204912185669,0.7538836598396301,0.6742916107177734,1.1237355470657349,3.076324462890625,0.6971380710601807,20,1,1,1,1,1,0,0.032449979335069656,0.1683506965637207,2,contra,0.15,-1,106,39,CORRECT,0,0,0,0,4,0,0.03245,0.0,answer,
margin,live-delta,1,0.0,0.508742,0.581161,0.224923,0.960938,0.354848,0.504848,0.01196134090423584,0.6172198057174683,0.6052584648132324,2.0369467735290527,7.667163848876953,0.3489155173301697,20,1,1,1,1,1,1,0.26003730297088623,0.07979488372802734,2,contra,0.15,-1,107,60,CORRECT,0,0,0,0,4,0,0.119249,0.0,answer,
margin,live-delta,1,0.0,0.508742,0.581161,0.224923,0.960938,0.354848,0.504848,5.960464477539063e-08,0.6414547562599182,0.6414546966552734,1.9980450868606567,7.374625205993652,0.3049386739730835,19,1,3,0,1,1,1,0.34605956077575684,-5.960464477539063e-08,0,contra,0.15,-1,108,164,CORRECT,0,0,0,0,3,0,0.34606,0.0,answer,
margin,live-delta,1,0.0,0.508742,0.581161,0.224923,0.960938,0.354848,0.504848,0.005373179912567139,0.6084858775138855,0.6031126976013184,1.8582607507705688,6.41257381439209,0.2728138864040375,15,1,1,1,1,1,1,0.30425208806991577,0.005373179912567139,0,contra,0.15,-1,109,62,CORRECT,0,0,0,0,3,0,0.304252,0.0,answer,
margin,live-delta,1,0.0,0.508742,0.581161,0.224923,0.960938,0.354848,0.504848,0.029764771461486816,0.6916086673736572,0.6618438959121704,1.6320239305496216,5.114214897155762,0.4489189386367798,11,1,1,1,1,1,0,0.08645621687173843,0.09624272584915161,2,contra,0.15,-1,111,32,CORRECT,0,0,0,0,2,0,0.086456,0.0,answer,
margin,live-delta,1,0.0,0.508742,0.581161,0.224923,0.960938,0.354848,0.504848,0.0655626654624939,0.6678102612495422,0.6022475957870483,1.7281252145767212,5.630088806152344,0.4687264561653137,15,1,1,1,1,1,1,0.16155199706554413,0.06556272506713867,2,contra,0.15,-1,112,46,CORRECT,0,0,0,0,4,0,0.161552,0.0,answer,
margin,live-delta,1,0.0,0.508742,0.581161,0.224923,0.960938,0.354848,0.504848,0.024531066417694092,0.5232676267623901,0.49873656034469604,1.0557531118392944,2.874138832092285,0.5520445108413696,5,1,1,1,1,1,0,0.0,0.2015482783317566,2,contra,0.15,-1,113,34,CORRECT,0,0,0,0,0,0,0.0,0.0,answer,
margin,live-delta,1,0.0,0.508742,0.581161,0.224923,0.960938,0.354848,0.504848,0.03674370050430298,0.6705558896064758,0.6338121891021729,1.6210618019104004,5.0584588050842285,0.4895876348018646,17,1,1,1,1,1,0,0.06349227577447891,0.11231809854507446,2,contra,0.15,-1,114,57,CORRECT,0,0,0,0,3,0,0.063492,0.0,answer,
margin,live-delta,1,0.0,0.508742,0.581161,0.224923,0.960938,0.354848,0.504848,0.0,0.5355624556541443,0.5355624556541443,2.4851272106170654,12.002647399902344,0.22636206448078156,20,1,3,0,1,1,1,0.3977065682411194,0.0,0,contra,0.15,-1,115,159,CORRECT,0,0,0,0,4,0,0.299569,0.0,answer,
margin,live-delta,1,0.0,0.508742,0.581161,0.224923,0.960938,0.354848,0.504848,0.07225799560546875,0.6103099584579468,0.538051962852478,1.4290331602096558,4.174661159515381,0.6149967908859253,14,1,1,1,1,1,0,0.03177526965737343,0.15449252724647522,2,contra,0.15,-1,116,54,CORRECT,0,0,0,0,2,0,0.031775,0.0,answer,
margin,live-delta,1,0.0,0.508742,0.581161,0.224923,0.960938,0.354848,0.504848,1.1920928955078125e-07,0.6700422167778015,0.670042097568512,1.6729406118392944,5.3278117179870605,0.3745616674423218,20,1,3,0,1,1,1,0.4323139488697052,-1.1920928955078125e-07,0,contra,0.15,-1,117,164,CORRECT,0,0,0,0,4,0,0.426327,0.0,answer,
margin,live-delta,1,0.0,0.508742,0.581161,0.224923,0.960938,0.354848,0.504848,0.030777424573898315,0.44668951630592346,0.41591209173202515,1.0524086952209473,2.8645427227020264,0.4806099236011505,3,1,1,1,1,1,1,0.25969499349594116,0.030777424573898315,1,contra,0.15,-1,118,48,CORRECT,0,0,0,0,1,0,0.259695,0.0,answer,
margin,live-delta,1,0.0,0.508742,0.581161,0.224923,0.960938,0.354848,0.504848,1.1920928955078125e-07,0.5582033395767212,0.5582032203674316,1.97265625,7.189748764038086,0.28332459926605225,16,1,1,1,1,1,1,0.45618385076522827,1.1920928955078125e-07,0,contra,0.15,-1,119,49,CORRECT,0,0,0,0,4,0,0.416176,0.0,answer,
margin,live-delta,1,0.0,0.508742,0.581161,0.224923,0.960938,0.354848,0.504848,0.001757204532623291,0.6123923659324646,0.6106351613998413,1.8812587261199951,6.561758995056152,0.24852964282035828,14,1,1,1,1,1,1,0.30862924456596375,0.001757204532623291,0,contra,0.15,-1,120,57,CORRECT,0,0,0,0,3,0,0.308629,0.0,answer,
margin,live-delta,1,0.0,0.508742,0.581161,0.224923,0.960938,0.354848,0.504848,0.028531432151794434,0.6142705678939819,0.5857391357421875,2.138866901397705,8.489812850952148,0.3639925718307495,20,1,1,1,1,1,1,0.16383828222751617,0.07921731472015381,2,contra,0.15,-1,121,52,CORRECT,0,0,0,0,5,0,0.11864,0.0,answer,
margin,live-delta,1,0.0,0.508742,0.581161,0.224923,0.960938,0.354848,0.504848,0.04132509231567383,0.6418052911758423,0.6004801988601685,2.078583002090454,7.993134498596191,0.36225154995918274,18,1,1,1,1,1,1,0.1923740655183792,0.06897765398025513,2,contra,0.15,-1,122,52,CORRECT,0,0,0,0,4,0,0.192374,0.0,answer,
margin,live-delta,1,0.0,0.508742,0.581161,0.224923,0.960938,0.354848,0.504848,0.1144600510597229,0.5257062911987305,0.41124624013900757,1.302911639213562,3.6799960136413574,0.6813217401504517,10,1,1,1,1,1,1,0.22167664766311646,0.13191860914230347,2,contra,0.15,-1,123,43,CORRECT,0,0,0,0,2,0,0.051604,0.0,answer,
margin,live-delta,1,0.0,0.508742,0.581161,0.224923,0.960938,0.354848,0.504848,0.046421170234680176,0.7209793329238892,0.674558162689209,1.501969575881958,4.490524768829346,0.48855799436569214,20,1,1,1,1,1,1,0.21206381916999817,0.046421170234680176,1,contra,0.15,-1,124,62,CORRECT,0,0,0,0,3,0,0.211556,0.0,answer,
margin,live-delta,1,0.0,0.508742,0.581161,0.224923,0.960938,0.354848,0.504848,0.0,0.5810360312461853,0.5810360312461853,2.2467880249023438,9.457310676574707,0.24174462258815765,20,1,3,0,1,1,1,0.3652096390724182,0.0,0,contra,0.15,-1,125,159,CORRECT,0,0,0,0,3,0,0.323066,0.0,answer,
margin,live-delta,1,0.0,0.508742,0.581161,0.224923,0.960938,0.354848,0.504848,0.051419079303741455,0.7271186113357544,0.6756995320320129,0.7820537090301514,2.1859569549560547,0.7094005942344666,12,1,1,1,1,1,0,0.011325650848448277,0.21110141277313232,2,contra,0.15,-1,126,41,CORRECT,0,0,0,0,2,0,0.011326,0.0,answer,
margin,live-delta,1,0.0,0.508742,0.581161,0.224923,0.960938,0.354848,0.504848,0.1547597050666809,0.7880293130874634,0.6332696080207825,0.5105869174003601,1.6662688255310059,0.8957836627960205,14,1,1,1,1,1,0,0.009922857396304607,0.241455078125,2,contra,0.15,-1,127,40,CORRECT,0,0,0,0,2,0,0.009923,0.0,answer,
margin,live-delta,1,0.0,0.508742,0.581161,0.224923,0.960938,0.354848,0.504848,0.02814382314682007,0.5415035486221313,0.5133597254753113,2.758152484893799,15.770679473876953,0.19521765410900116,20,2,2,1,2,1,1,0.15849384665489197,0.05568057298660278,2,contra,0.15,-1,128,66,CORRECT,0,0,0,0,4,0,0.158494,0.0,answer,
margin,live-delta,1,0.0,0.508742,0.581161,0.224923,0.960938,0.354848,0.504848,0.02547597885131836,0.5951765775680542,0.5697005987167358,2.3592119216918945,10.582608222961426,0.2907632887363434,20,2,2,1,2,1,0,0.07442352175712585,0.1193922758102417,2,contra,0.15,-1,129,66,CORRECT,0,0,0,0,4,0,0.074424,0.0,answer,
margin,live-delta,1,0.0,0.508742,0.581161,0.224923,0.960938,0.354848,0.504848,0.041772425174713135,0.5690668821334839,0.5272944569587708,2.668120861053467,14.412859916687012,0.18250147998332977,20,2,2,1,2,1,1,0.2119866907596588,0.041772425174713135,1,contra,0.15,-1,130,81,CORRECT,0,0,0,0,3,0,0.211987,0.0,answer,
margin,live-delta,1,0.0,0.508742,0.581161,0.224923,0.960938,0.354848,0.504848,0.014298349618911743,0.40967702865600586,0.3953786790370941,1.0159800052642822,2.7620689868927,0.4781292676925659,3,2,2,1,2,1,0,0.0,0.08304855227470398,2,contra,0.15,-1,132,71,CORRECT,0,0,0,0,0,0,0.0,0.0,answer,
margin,live-delta,1,0.0,0.508742,0.581161,0.224923,0.960938,0.354848,0.504848,0.07747495174407959,0.7438898086547852,0.6664148569107056,0.7366518974304199,2.0889298915863037,0.7791131734848022,14,2,2,1,2,1,0,0.00045679754111915827,0.3720835745334625,2,contra,0.15,-1,133,71,CORRECT,0,0,0,0,1,0,0.000457,0.0,answer,
margin,live-delta,1,0.0,0.508742,0.581161,0.224923,0.960938,0.354848,0.504848,0.09667551517486572,0.7966055274009705,0.6999300122261047,1.2573672533035278,3.5161521434783936,0.6926755309104919,20,2,2,1,2,1,0,0.027431398630142212,0.2018149495124817,2,contra,0.15,-1,134,86,CORRECT,0,0,0,0,3,0,0.027431,0.0,answer,
margin,live-delta,1,0.0,0.508742,0.581161,0.224923,0.960938,0.354848,0.504848,0.024165570735931396,0.5892134308815002,0.5650478601455688,1.8918132781982422,6.631382465362549,0.3077143430709839,20,2,2,1,2,1,1,0.3941699266433716,0.024165570735931396,0,contra,0.15,-1,135,91,CORRECT,0,0,0,0,5,0,0.39417,0.0,answer,
margin,live-delta,1,0.0,0.508742,0.581161,0.224923,0.960938,0.354848,0.504848,0.049243152141571045,0.6251969933509827,0.5759538412094116,2.5080411434173584,12.280850410461426,0.2862892150878906,20,2,2,1,2,1,1,0.15727028250694275,0.06792479753494263,2,contra,0.15,-1,136,84,CORRECT,0,0,0,0,3,0,0.15727,0.0,answer,
margin,live-delta,1,0.0,0.508742,0.581161,0.224923,0.960938,0.354848,0.504848,5.960464477539063e-08,0.42459720373153687,0.4245971441268921,1.506428837776184,4.510593891143799,0.268539696931839,5,2,1,0,1,0,1,0.537078857421875,-5.960464477539063e-08,0,contra,0.15,-1,137,160,CONTRADICTORY_STRICT,1,1,0,0,2,0,0.537079,0.0,answer,
margin,live-delta,1,0.0,0.508742,0.581161,0.224923,0.960938,0.354848,0.504848,0.012679576873779297,0.41997987031936646,0.40730029344558716,2.2432291507720947,9.423712730407715,0.1737726330757141,10,2,2,1,2,1,1,0.10039551556110382,0.027431517839431763,1,contra,0.15,-1,138,85,CORRECT,0,0,0,0,1,0,0.100396,0.0,answer,
margin,live-delta,1,0.0,0.508742,0.581161,0.224923,0.960938,0.354848,0.504848,0.028989017009735107,0.6016455292701721,0.572656512260437,2.1339235305786133,8.44794750213623,0.3567044138908386,20,2,2,1,2,1,0,0.04853718355298042,0.16274487972259521,2,contra,0.15,-1,139,64,CORRECT,0,0,0,0,4,0,0.048537,0.0,answer,
margin,live-delta,1,0.0,0.508742,0.581161,0.224923,0.960938,0.354848,0.504848,0.0345538854598999,0.6501257419586182,0.6155718564987183,1.0885881185531616,2.9700777530670166,0.5756049156188965,8,2,2,1,2,1,0,0.0,0.34767186641693115,2,contra,0.15,-1,140,80,CORRECT,0,0,0,0,0,0,0.0,0.0,answer,
margin,live-delta,1,0.0,0.508742,0.581161,0.224923,0.960938,0.354848,0.504848,0.047999441623687744,0.6712274551391602,0.6232280135154724,1.8330168724060059,6.252721786499023,0.4974593222141266,20,2,2,1,2,1,0,0.02525927871465683,0.18950003385543823,2,contra,0.15,-1,141,86,CORRECT,0,0,0,0,3,0,0.025259,0.0,answer,
margin,live-delta,1,0.0,0.508742,0.581161,0.224923,0.960938,0.354848,0.504848,0.0030187368392944336,0.5701974630355835,0.5671787261962891,2.7301251888275146,15.334806442260742,0.13923707604408264,20,2,2,1,2,1,1,0.13469500839710236,0.05434525012969971,2,contra,0.15,-1,142,65,CORRECT,0,0,0,0,3,0,0.134695,0.0,answer,
margin,live-delta,1,0.0,0.508742,0.581161,0.224923,0.960938,0.354848,0.504848,0.009077906608581543,0.4765753746032715,0.46749746799468994,2.8066277503967285,16.553998947143555,0.13479666411876678,20,2,2,1,2,1,1,0.2273063063621521,0.022504299879074097,0,contra,0.15,-1,143,91,CORRECT,0,0,0,0,4,0,0.227306,0.0,answer,
margin,live-delta,1,0.0,0.508742,0.581161,0.224923,0.960938,0.354848,0.504848,0.0962134599685669,0.5023441314697266,0.40613067150115967,0.571054995059967,1.7701336145401,0.8254456520080566,3,2,2,1,2,1,0,0.0,0.182390958070755,2,contra,0.15,-1,144,85,CORRECT,0,0,0,0,0,0,0.0,0.0,answer,
margin,live-delta,1,0.0,0.508742,0.581161,0.224923,0.960938,0.354848,0.504848,0.06751570105552673,0.5056645274162292,0.4381488263607025,1.394254207611084,4.031966209411621,0.5428586006164551,6,2,2,1,2,1,0,0.09181730449199677,0.0888524055480957,2,contra,0.15,-1,145,88,CORRECT,0,0,0,0,1,0,0.091817,0.0,answer,
margin,live-delta,1,0.0,0.508742,0.581161,0.224923,0.960938,0.354848,0.504848,0.0006460845470428467,0.4003845751285553,0.39973849058151245,2.3475403785705566,10.459811210632324,0.13762977719306946,11,2,2,1,2,1,1,0.4064416289329529,0.0006460845470428467,0,contra,0.15,-1,146,88,CORRECT,0,0,0,0,5,0,0.406442,0.0,answer,
margin,live-delta,1,0.0,0.508742,0.581161,0.224923,0.960938,0.354848,0.504848,0.023302674293518066,0.5993673205375671,0.5760646462440491,2.1061055660247803,8.216181755065918,0.275879442691803,20,2,2,1,2,1,1,0.3521326184272766,0.023302674293518066,0,contra,0.15,-1,147,91,CORRECT,0,0,0,0,3,0,0.352133,0.0,answer,
margin,live-delta,1,0.0,0.508742,0.581161,0.224923,0.960938,0.354848,0.504848,0.003406345844268799,0.5392884612083435,0.5358821153640747,2.7028934955596924,14.92284870147705,0.17430508136749268,20,2,2,1,2,1,1,0.1904037892818451,0.051134586334228516,2,contra,0.15,-1,148,78,CORRECT,0,0,0,0,4,0,0.190404,0.0,answer,
margin,live-delta,1,0.0,0.508742,0.581161,0.224923,0.960938,0.354848,0.504848,0.0855400562286377,0.6592262983322144,0.5736862421035767,1.7124954462051392,5.542776107788086,0.5427539944648743,20,2,2,1,2,1,1,0.20779332518577576,0.0855400562286377,2,contra,0.15,-1,149,91,CORRECT,0,0,0,0,4,0,0.207793,0.0,answer,
margin,live-delta,1,0.0,0.508742,0.581161,0.224923,0.960938,0.354848,0.504848,0.002938687801361084,0.6503852605819702,0.6474465727806091,2.4907689094543457,12.07055377960205,0.1271660029888153,20,2,2,1,2,1,1,0.24597734212875366,0.004634380340576172,0,contra,0.15,-1,150,66,CORRECT,0,0,0,0,3,0,0.245977,0.0,answer,
margin,live-delta,1,0.0,0.508742,0.581161,0.224923,0.960938,0.354848,0.504848,0.027769744396209717,0.5065252184867859,0.47875547409057617,2.4223151206970215,11.27192497253418,0.2886699438095093,18,2,2,1,2,1,1,0.10639346390962601,0.09336060285568237,2,contra,0.15,-1,151,85,CORRECT,0,0,0,0,3,0,0.106393,0.0,answer,
margin,live-delta,1,0.0,0.508742,0.581161,0.224923,0.960938,0.354848,0.504848,0.27028217911720276,0.6035950779914856,0.33331289887428284,-0.0,1.0,1.0,1,2,2,1,2,1,0,0.0,0.3492032587528229,2,contra,0.15,-1,152,74,CORRECT,0,0,0,0,0,0,0.0,0.0,answer,
margin,live-delta,1,0.0,0.508742,0.581161,0.224923,0.960938,0.354848,0.504848,0.026611626148223877,0.574760377407074,0.5481487512588501,2.5686633586883545,13.048371315002441,0.22414550185203552,20,2,2,1,2,1,1,0.15343812108039856,0.06093639135360718,2,contra,0.15,-1,153,94,CORRECT,0,0,0,0,3,0,0.153438,0.0,answer,
margin,live-delta,1,0.0,0.508742,0.581161,0.224923,0.960938,0.354848,0.504848,0.010171353816986084,0.39511168003082275,0.38494032621383667,1.7869634628295898,5.971292972564697,0.2009948045015335,6,2,2,1,2,1,1,0.3279951810836792,0.010171353816986084,0,contra,0.15,-1,155,64,CORRECT,0,0,0,0,2,0,0.327995,0.0,answer,
margin,live-delta,1,0.0,0.508742,0.581161,0.224923,0.960938,0.354848,0.504848,0.06495732069015503,0.4113556444644928,0.34639832377433777,-0.0,1.0,1.0,1,2,2,1,2,1,0,0.0,0.19294820725917816,2,contra,0.15,-1,156,93,CORRECT,0,0,0,0,0,0,0.0,0.0,answer,
margin,live-delta,1,0.0,0.508742,0.581161,0.224923,0.960938,0.354848,0.504848,0.02685457468032837,0.6391476988792419,0.6122931241989136,2.429738998413086,11.355917930603027,0.2751922905445099,20,2,2,1,2,1,1,0.13175730407238007,0.0758923888206482,2,contra,0.15,-1,157,94,CORRECT,0,0,0,0,3,0,0.131757,0.0,answer,
margin,live-delta,1,0.0,0.508742,0.581161,0.224923,0.960938,0.354848,0.504848,0.08749839663505554,0.5680897235870361,0.4805913269519806,2.3400955200195312,10.382227897644043,0.3951971232891083,20,2,2,1,2,1,1,0.11645065248012543,0.10140091180801392,2,contra,0.15,-1,158,85,CORRECT,0,0,0,0,3,0,0.116451,0.0,answer,
margin,live-delta,1,0.0,0.508742,0.581161,0.224923,0.960938,0.354848,0.504848,0.18490827083587646,0.7387069463729858,0.5537986755371094,0.5514594316482544,1.7357844114303589,0.898200511932373,20,2,2,1,2,1,0,0.045984044671058655,0.18490827083587646,2,contra,0.15,-1,159,68,CORRECT,0,0,0,0,4,0,0.045984,0.0,answer,
margin,live-delta,1,0.0,0.508742,0.581161,0.224923,0.960938,0.354848,0.504848,0.0344085693359375,0.5577472448348999,0.5233386754989624,2.12784743309021,8.396772384643555,0.3113381564617157,19,2,2,1,2,1,1,0.3239295482635498,0.0344085693359375,1,contra,0.15,-1,160,91,CORRECT,0,0,0,0,3,0,0.32393,0.0,answer,
margin,live-delta,1,0.0,0.508742,0.581161,0.224923,0.960938,0.354848,0.504848,0.010253429412841797,0.4709516167640686,0.4606981873512268,2.375866413116455,10.760332107543945,0.1865207850933075,13,2,2,1,2,1,1,0.1749514639377594,0.025200188159942627,1,contra,0.15,-1,161,94,CORRECT,0,0,0,0,3,0,0.174951,0.0,answer,
margin,live-delta,1,0.0,0.508742,0.581161,0.224923,0.960938,0.354848,0.504848,0.17954033613204956,0.6567572355270386,0.477216899394989,0.33173036575317383,1.3933770656585693,0.9346383213996887,6,2,2,1,2,1,0,0.0,0.34644439816474915,2,contra,0.15,-1,162,93,CORRECT,0,0,0,0,0,0,0.0,0.0,answer,
margin,live-delta,1,0.0,0.508742,0.581161,0.224923,0.960938,0.354848,0.504848,0.01217794418334961,0.574068546295166,0.5618906021118164,2.608198642730713,13.574576377868652,0.1954885572195053,20,2,2,1,2,1,1,0.10152013599872589,0.086536705493927,2,contra,0.15,-1,163,66,CORRECT,0,0,0,0,3,0,0.10152,0.0,answer,
margin,live-delta,1,0.0,0.508742,0.581161,0.224923,0.960938,0.354848,0.504848,0.2803356647491455,0.6889474987983704,0.40861183404922485,0.05498814210295677,1.056528091430664,0.9920136332511902,4,2,2,1,2,1,0,0.0,0.4161623418331146,2,contra,0.15,-1,164,93,CORRECT,0,0,0,0,0,0,0.0,0.0,answer,
margin,live-delta,1,0.0,0.508742,0.581161,0.224923,0.960938,0.354848,0.504848,0.08025693893432617,0.6881221532821655,0.6078652143478394,2.2658474445343018,9.639289855957031,0.39621174335479736,20,2,2,1,2,1,1,0.1183125451207161,0.09922999143600464,2,contra,0.15,-1,165,86,CORRECT,0,0,0,0,3,0,0.118313,0.0,answer,
margin,live-delta,1,0.0,0.508742,0.581161,0.224923,0.960938,0.354848,0.504848,0.07133865356445312,0.4756857752799988,0.40434712171554565,1.2416322231292725,3.4612584114074707,0.5790185332298279,5,2,2,1,2,1,0,0.0,0.21772003173828125,2,contra,0.15,-1,166,80,CORRECT,0,0,0,0,0,0,0.0,0.0,answer,
margin,live-delta,1,0.0,0.508742,0.581161,0.224923,0.960938,0.354848,0.504848,0.004124343395233154,0.3853720426559448,0.38124769926071167,1.0948807001113892,2.988826036453247,0.3663098216056824,3,2,2,1,2,1,0,0.0,0.04149109125137329,1,contra,0.15,-1,167,93,CORRECT,0,0,0,0,0,0,0.0,0.0,answer,
margin,live-delta,1,0.0,0.508742,0.581161,0.224923,0.960938,0.354848,0.504848,0.074472576379776,0.3759671151638031,0.3014945387840271,-0.0,1.0,1.0,1,2,2,1,2,1,0,0.0,0.1202494204044342,2,contra,0.15,-1,168,93,CORRECT,0,0,0,0,0,0,0.0,0.0,answer,
margin,live-delta,1,0.0,0.508742,0.581161,0.224923,0.960938,0.354848,0.504848,0.0,0.6072017550468445,0.6072017550468445,2.3590240478515625,10.580619812011719,0.1710808426141739,20,2,2,1,2,1,1,0.3921758532524109,0.0,0,contra,0.15,-1,169,82,CORRECT,0,0,0,0,3,0,0.392176,0.0,answer,
margin,live-delta,1,0.0,0.508742,0.581161,0.224923,0.960938,0.354848,0.504848,0.018336057662963867,0.4837937653064728,0.4654577076435089,2.038357734680176,7.677989482879639,0.3181079924106598,11,2,2,1,2,1,1,0.1381109058856964,0.07637408375740051,2,contra,0.15,-1,170,68,CORRECT,0,0,0,0,2,0,0.138111,0.0,answer,
margin,live-delta,1,0.0,0.508742,0.581161,0.224923,0.960938,0.354848,0.504848,0.03160598874092102,0.42073097825050354,0.3891249895095825,0.9859240055084229,2.6802873611450195,0.5459039807319641,3,2,2,1,2,1,0,0.0,0.13741019368171692,2,contra,0.15,-1,172,88,CORRECT,0,0,0,0,0,0,0.0,0.0,answer,
margin,live-delta,1,0.0,0.508742,0.581161,0.224923,0.960938,0.354848,0.504848,0.02429831027984619,0.5705028176307678,0.5462045073509216,2.715590238571167,15.11352825164795,0.16477476060390472,20,2,2,1,2,1,1,0.12383630871772766,0.05415374040603638,2,contra,0.15,-1,173,90,CORRECT,0,0,0,0,3,0,0.123836,0.0,answer,
margin,live-delta,1,0.0,0.508742,0.581161,0.224923,0.960938,0.354848,0.504848,0.05137529969215393,0.4979991614818573,0.44662386178970337,1.893320083618164,6.641382217407227,0.3761591613292694,9,2,2,1,2,1,0,0.0,0.15876707434654236,2,contra,0.15,-1,174,65,CORRECT,0,0,0,0,0,0,0.0,0.0,answer,
margin,live-delta,1,0.0,0.508742,0.581161,0.224923,0.960938,0.354848,0.504848,0.0024803578853607178,0.4129861891269684,0.41050583124160767,1.5737888813018799,4.824894428253174,0.2669236660003662,5,2,2,1,2,1,0,0.0,0.06680619716644287,2,contra,0.15,-1,176,88,CORRECT,0,0,0,0,0,0,0.0,0.0,answer,
margin,live-delta,1,0.0,0.508742,0.581161,0.224923,0.960938,0.354848,0.504848,0.12175902724266052,0.6065850257873535,0.484825998544693,1.4672185182571411,4.337154865264893,0.672084629535675,18,2,2,1,2,1,0,0.04545684531331062,0.17600327730178833,2,contra,0.15,-1,177,78,CORRECT,0,0,0,0,4,0,0.045457,0.0,answer,
margin,live-delta,1,0.0,0.508742,0.581161,0.224923,0.960938,0.354848,0.504848,0.0012949109077453613,0.5802474617958069,0.5789525508880615,2.573197603225708,13.107670783996582,0.1865835040807724,20,2,2,1,2,1,1,0.20795118808746338,0.03733593225479126,1,contra,0.15,-1,179,87,CORRECT,0,0,0,0,4,0,0.207951,0.0,answer,
margin,live-delta,1,0.0,0.508742,0.581161,0.224923,0.960938,0.354848,0.504848,0.0029421746730804443,0.4807736277580261,0.4778314530849457,2.596869707107544,13.421658515930176,0.1603008359670639,18,2,2,1,2,1,1,0.2647138833999634,0.01795169711112976,0,contra,0.15,-1,180,64,CORRECT,0,0,0,0,4,0,0.264714,0.0,answer,
margin,live-delta,1,0.0,0.508742,0.581161,0.224923,0.960938,0.354848,0.504848,0.03837907314300537,0.6918320655822754,0.65345299243927,1.779712200164795,5.928150177001953,0.48964065313339233,20,2,2,1,2,1,0,0.028229232877492905,0.18314874172210693,2,contra,0.15,-1,181,69,CORRECT,0,0,0,0,3,0,0.028229,0.0,answer,
margin,live-delta,1,0.0,0.508742,0.581161,0.224923,0.960938,0.354848,0.504848,0.012425124645233154,0.45632970333099365,0.4439045786857605,2.0423336029052734,7.7085771560668945,0.25785329937934875,9,2,2,1,2,1,0,0.07446543127298355,0.062102824449539185,2,contra,0.15,-1,182,64,CORRECT,0,0,0,0,1,0,0.074465,0.0,answer,
margin,live-delta,1,0.0,0.508742,0.581161,0.224923,0.960938,0.354848,0.504848,0.01754748821258545,0.36534959077835083,0.3478021025657654,-0.0,1.0,1.0,1,2,2,1,2,1,0,0.0,0.078084796667099,2,contra,0.15,-1,183,84,CORRECT,0,0,0,0,0,0,0.0,0.0,answer,
margin,live-delta,1,0.0,0.508742,0.581161,0.224923,0.960938,0.354848,0.504848,0.0478360652923584,0.551082193851471,0.5032461285591125,2.546797037124634,12.766148567199707,0.27410128712654114,20,2,2,1,2,1,1,0.11570427566766739,0.06652528047561646,2,contra,0.15,-1,184,66,CORRECT,0,0,0,0,3,0,0.115704,0.0,answer,
margin,live-delta,1,0.0,0.508742,0.581161,0.224923,0.960938,0.354848,0.504848,0.12603896856307983,0.5307070016860962,0.40466803312301636,0.4955485463142395,1.6413984298706055,0.8625603318214417,3,2,2,1,2,1,0,0.0,0.22051429748535156,2,contra,0.15,-1,185,84,CORRECT,0,0,0,0,0,0,0.0,0.0,answer,
margin,live-delta,1,0.0,0.508742,0.581161,0.224923,0.960938,0.354848,0.504848,0.0038154125213623047,0.6895368099212646,0.6857213973999023,1.6879960298538208,5.408630847930908,0.3525850176811218,19,2,2,1,2,1,0,0.0057900515384972095,0.2522522807121277,2,contra,0.15,-1,186,80,CORRECT,0,0,0,0,3,0,0.00579,0.0,answer,
margin,live-delta,1,0.0,0.508742,0.581161,0.224923,0.960938,0.354848,0.504848,0.038748323917388916,0.36235830187797546,0.32360997796058655,-0.0,1.0,1.0,1,2,2,1,2,1,0,0.0,0.06849697232246399,2,contra,0.15,-1,187,81,CORRECT,0,0,0,0,0,0,0.0,0.0,answer,
margin,live-delta,1,0.0,0.508742,0.581161,0.224923,0.960938,0.354848,0.504848,2.9802322387695312e-08,0.46566593647003174,0.46566590666770935,1.6887824535369873,5.412886142730713,0.268388569355011,8,2,1,0,1,0,1,0.576971173286438,-2.9802322387695312e-08,0,contra,0.15,-1,188,160,CONTRADICTORY_STRICT,1,1,0,0,3,0,0.576971,0.0,answer,
margin,live-delta,1,0.0,0.508742,0.581161,0.224923,0.960938,0.354848,0.504848,0.04678565263748169,0.574927806854248,0.5281421542167664,1.5322057008743286,4.6283745765686035,0.5376651287078857,12,2,2,1,2,1,0,0.0,0.22100692987442017,2,contra,0.15,-1,189,65,CORRECT,0,0,0,0,0,0,0.0,0.0,answer,
margin,live-delta,1,0.0,0.508742,0.581161,0.224923,0.960938,0.354848,0.504848,0.0,0.5638655424118042,0.5638655424118042,2.450319290161133,11.592047691345215,0.2116527110338211,20,2,2,1,2,1,1,0.3622822165489197,0.0,0,contra,0.15,-1,190,76,CORRECT,0,0,0,0,3,0,0.362282,0.0,answer,
margin,live-delta,1,0.0,0.508742,0.581161,0.224923,0.960938,0.354848,0.504848,0.005952358245849609,0.555470883846283,0.5495185256004333,2.3727810382843018,10.72718334197998,0.251608669757843,19,2,2,1,2,1,0,0.06663156300783157,0.09514981508255005,2,contra,0.15,-1,191,86,CORRECT,0,0,0,0,3,0,0.066632,0.0,answer,
margin,live-delta,1,0.0,0.508742,0.581161,0.224923,0.960938,0.354848,0.504848,0.033803701400756836,0.7158771753311157,0.6820734739303589,2.26340651512146,9.615789413452148,0.24306808412075043,20,3,3,1,3,1,1,0.28876766562461853,0.033803701400756836,1,contra,0.15,-1,192,98,CORRECT,0,0,0,0,6,0,0.288768,0.0,answer,
margin,live-delta,1,0.0,0.508742,0.581161,0.224923,0.960938,0.354848,0.504848,0.10260394215583801,0.5292460918426514,0.42664214968681335,1.43288254737854,4.190762042999268,0.6277173161506653,10,3,3,1,3,1,1,0.14794886112213135,0.10260394215583801,2,contra,0.15,-1,193,124,CORRECT,0,0,0,0,3,0,0.147949,0.0,answer,
margin,live-delta,1,0.0,0.508742,0.581161,0.224923,0.960938,0.354848,0.504848,0.004106700420379639,0.43997180461883545,0.4358651041984558,1.877279281616211,6.535698890686035,0.20833705365657806,7,3,3,1,3,1,1,0.25442832708358765,0.004106700420379639,0,contra,0.15,-1,194,124,CORRECT,0,0,0,0,1,0,0.191909,0.0,answer,
margin,live-delta,1,0.0,0.508742,0.581161,0.224923,0.960938,0.354848,0.504848,0.0,0.6738865971565247,0.6738865971565247,1.9013806581497192,6.695131778717041,0.33888447284698486,20,3,2,0,3,1,1,0.40808558464050293,0.0,0,contra,0.15,-1,195,136,CORRECT,0,0,0,0,6,0,0.408086,0.0,answer,
margin,live-delta,1,0.0,0.508742,0.581161,0.224923,0.960938,0.354848,0.504848,0.003085196018218994,0.6066103577613831,0.6035251617431641,2.56630277633667,13.017606735229492,0.13104891777038574,20,3,3,1,3,1,1,0.32946422696113586,0.0074002742767333984,0,contra,0.15,-1,196,98,CORRECT,0,0,0,0,5,0,0.329464,0.0,answer,
margin,live-delta,1,0.0,0.508742,0.581161,0.224923,0.960938,0.354848,0.504848,0.0,0.6571125984191895,0.6571125984191895,2.434044122695923,11.404911994934082,0.17629235982894897,20,3,3,1,3,1,1,0.27409395575523376,0.0,0,contra,0.15,-1,197,127,CORRECT,0,0,0,0,6,0,0.274094,0.0,answer,
margin,live-delta,1,0.0,0.508742,0.581161,0.224923,0.960938,0.354848,0.504848,0.0,0.6370205283164978,0.6370205283164978,1.4268865585327148,4.165709495544434,0.407723605632782,19,3,2,0,3,1,1,0.41664648056030273,0.0,0,contra,0.15,-1,199,136,CORRECT,0,0,0,0,4,0,0.416646,0.0,answer,
margin,live-delta,1,0.0,0.508742,0.581161,0.224923,0.960938,0.354848,0.504848,0.028112411499023438,0.7088281512260437,0.6807157397270203,2.5638837814331055,12.986154556274414,0.19652676582336426,20,3,3,1,3,1,1,0.28194788098335266,0.028112411499023438,1,contra,0.15,-1,200,115,CORRECT,0,0,0,0,6,0,0.281948,0.0,answer,
margin,live-delta,1,0.0,0.508742,0.581161,0.224923,0.960938,0.354848,0.504848,0.08230164647102356,0.48156577348709106,0.3992641270160675,1.8687963485717773,6.480491638183594,0.4793510437011719,11,3,3,1,3,1,1,0.12409541010856628,0.12096911668777466,2,contra,0.15,-1,201,107,CORRECT,0,0,0,0,3,0,0.124095,0.0,answer,
margin,live-delta,1,0.0,0.508742,0.581161,0.224923,0.960938,0.354848,0.504848,0.02431178092956543,0.5317378044128418,0.5074260234832764,1.0537190437316895,2.8682985305786133,0.5190723538398743,4,3,3,1,3,1,0,0.0,0.18435001373291016,2,contra,0.15,-1,202,116,CORRECT,0,0,0,0,0,0,0.0,0.0,answer,
margin,live-delta,1,0.0,0.508742,0.581161,0.224923,0.960938,0.354848,0.504848,0.1064421534538269,0.6956464052200317,0.5892042517662048,1.7066160440444946,5.510283470153809,0.6087104082107544,20,3,3,1,3,1,1,0.11080707609653473,0.15494287014007568,2,contra,0.15,-1,203,123,CORRECT,0,0,0,0,6,0,0.110807,0.0,answer,
margin,live-delta,1,0.0,0.508742,0.581161,0.224923,0.960938,0.354848,0.504848,0.0,0.649493396282196,0.649493396282196,1.4780185222625732,4.384249687194824,0.32410362362861633,13,3,3,1,3,1,1,0.33237573504447937,0.0,0,contra,0.15,-1,204,99,CORRECT,0,0,0,0,3,0,0.332376,0.0,answer,
margin,live-delta,1,0.0,0.508742,0.581161,0.224923,0.960938,0.354848,0.504848,0.013731002807617188,0.4197525680065155,0.4060215651988983,1.6941717863082886,5.442136764526367,0.29030752182006836,6,3,3,1,3,1,0,0.09407124668359756,0.056344419717788696,2,contra,0.15,-1,205,116,CORRECT,0,0,0,0,1,0,0.094071,0.0,answer,
margin,live-delta,1,0.0,0.508742,0.581161,0.224923,0.960938,0.354848,0.504848,0.03863942623138428,0.5191511511802673,0.48051172494888306,1.2511621713638306,3.494401693344116,0.48202213644981384,4,3,3,1,3,1,1,0.14770843088626862,0.05913746356964111,2,contra,0.15,-1,206,107,CORRECT,0,0,0,0,1,0,0.147708,0.0,answer,
margin,live-delta,1,0.0,0.508742,0.581161,0.224923,0.960938,0.354848,0.504848,0.08332982659339905,0.5254757404327393,0.4421459138393402,0.7556213736534119,2.128933906555176,0.7679009437561035,4,3,3,1,3,1,0,0.0,0.2405472993850708,2,contra,0.15,-1,207,101,CORRECT,0,0,0,0,0,0,0.0,0.0,answer,
margin,live-delta,1,0.0,0.508742,0.581161,0.224923,0.960938,0.354848,0.504848,0.0,0.5600730180740356,0.5600730180740356,2.2918295860290527,9.893021583557129,0.2383936196565628,17,3,3,1,3,1,1,0.40259432792663574,0.0,0,contra,0.15,-1,208,127,CORRECT,0,0,0,0,5,0,0.402594,0.0,answer,
margin,live-delta,1,0.0,0.508742,0.581161,0.224923,0.960938,0.354848,0.504848,0.0,0.6268348693847656,0.6268348693847656,2.374143123626709,10.741805076599121,0.15723422169685364,20,3,3,1,3,1,1,0.2871478199958801,0.0,0,contra,0.15,-1,209,103,CORRECT,0,0,0,0,5,0,0.287148,0.0,answer,
margin,live-delta,1,0.0,0.508742,0.581161,0.224923,0.960938,0.354848,0.504848,0.01754710078239441,0.4622208774089813,0.4446737766265869,1.9096020460128784,6.750401973724365,0.244075745344162,8,3,3,1,3,1,1,0.24623093008995056,0.019447147846221924,0,contra,0.15,-1,210,100,CORRECT,0,0,0,0,1,0,0.165428,0.0,answer,
margin,live-delta,1,0.0,0.508742,0.581161,0.224923,0.960938,0.354848,0.504848,0.02866208553314209,0.7037274837493896,0.6750653982162476,2.2439563274383545,9.430567741394043,0.29643434286117554,20,3,3,1,3,1,1,0.1510414183139801,0.06305378675460815,2,contra,0.15,-1,211,96,CORRECT,0,0,0,0,5,0,0.151041,0.0,answer,
margin,live-delta,1,0.0,0.508742,0.581161,0.224923,0.960938,0.354848,0.504848,0.03594094514846802,0.7040786147117615,0.6681376695632935,2.1390914916992188,8.491719245910645,0.2910684645175934,19,3,3,1,3,1,1,0.2691044807434082,0.03594094514846802,1,contra,0.15,-1,212,98,CORRECT,0,0,0,0,5,0,0.269104,0.0,answer,
margin,live-delta,1,0.0,0.508742,0.581161,0.224923,0.960938,0.354848,0.504848,0.0,0.7602081298828125,0.7602081298828125,2.3404879570007324,10.386302947998047,0.20475779473781586,20,3,3,1,3,1,1,0.34143397212028503,0.0,0,contra,0.15,-1,213,127,CORRECT,0,0,0,0,5,0,0.341434,0.0,answer,
margin,live-delta,1,0.0,0.508742,0.581161,0.224923,0.960938,0.354848,0.504848,0.0420457124710083,0.4206753373146057,0.3786296248435974,1.9742838144302368,7.201460361480713,0.292950838804245,8,3,3,1,3,1,1,0.18449118733406067,0.05336272716522217,2,contra,0.15,-1,214,116,CORRECT,0,0,0,0,2,0,0.184491,0.0,answer,
margin,live-delta,1,0.0,0.508742,0.581161,0.224923,0.960938,0.354848,0.504848,0.0,0.6014844179153442,0.6014844179153442,2.512225389480591,12.332344055175781,0.19170773029327393,20,3,3,1,3,1,1,0.388056218624115,0.0,0,contra,0.15,-1,215,127,CORRECT,0,0,0,0,7,0,0.388056,0.0,answer,
margin,live-delta,1,0.0,0.508742,0.581161,0.224923,0.960938,0.354848,0.504848,0.010835528373718262,0.561787486076355,0.5509519577026367,2.398838996887207,11.010385513305664,0.17156459391117096,16,3,3,1,3,1,1,0.21377508342266083,0.026132941246032715,1,contra,0.15,-1,216,106,CORRECT,0,0,0,0,4,0,0.213775,0.0,answer,
margin,live-delta,1,0.0,0.508742,0.581161,0.224923,0.960938,0.354848,0.504848,0.15650790929794312,0.581675112247467,0.4251672029495239,0.33545416593551636,1.3985754251480103,0.9196065068244934,3,3,3,1,3,1,0,0.04019680246710777,0.15650790929794312,2,contra,0.15,-1,217,105,CORRECT,0,0,0,0,1,0,0.040197,0.0,answer,
margin,live-delta,1,0.0,0.508742,0.581161,0.224923,0.960938,0.354848,0.504848,0.01645064353942871,0.6338362693786621,0.6173856258392334,2.5227131843566895,12.462363243103027,0.16504710912704468,20,3,3,1,3,1,1,0.3002684712409973,0.01645064353942871,0,contra,0.15,-1,218,117,CORRECT,0,0,0,0,6,0,0.300268,0.0,answer,
margin,live-delta,1,0.0,0.508742,0.581161,0.224923,0.960938,0.354848,0.504848,0.046770721673965454,0.540321946144104,0.49355122447013855,2.472085475921631,11.847127914428711,0.25029608607292175,15,3,3,1,3,1,1,0.20681878924369812,0.04950672388076782,1,contra,0.15,-1,219,108,CORRECT,0,0,0,0,4,0,0.206819,0.0,answer,
margin,live-delta,1,0.0,0.508742,0.581161,0.224923,0.960938,0.354848,0.504848,0.0,0.6931151151657104,0.6931151151657104,2.402893543243408,11.055118560791016,0.16608576476573944,20,3,3,1,3,1,1,0.3630741536617279,0.0,0,contra,0.15,-1,220,127,CORRECT,0,0,0,0,5,0,0.363074,0.0,answer,
margin,live-delta,1,0.0,0.508742,0.581161,0.224923,0.960938,0.354848,0.504848,0.0,0.6067142486572266,0.6067142486572266,1.6291815042495728,5.099699020385742,0.3777909576892853,16,3,0,0,3,1,1,0.43231791257858276,0.0,0,contra,0.15,-1,221,138,CORRECT,0,0,0,0,4,0,0.432318,0.0,answer,
margin,live-delta,1,0.0,0.508742,0.581161,0.224923,0.960938,0.354848,0.504848,0.025349020957946777,0.5600713491439819,0.5347223281860352,2.692735433578491,14.772028923034668,0.15446287393569946,20,3,3,1,3,1,1,0.32514581084251404,0.025349020957946777,1,contra,0.15,-1,222,98,CORRECT,0,0,0,0,6,0,0.325146,0.0,answer,
margin,live-delta,1,0.0,0.508742,0.581161,0.224923,0.960938,0.354848,0.504848,0.0464787483215332,0.4414621889591217,0.3949834406375885,2.333357334136963,10.312505722045898,0.24681496620178223,12,3,3,1,3,1,1,0.23023545742034912,0.0464787483215332,1,contra,0.15,-1,223,124,CORRECT,0,0,0,0,3,0,0.230235,0.0,answer,
margin,live-delta,1,0.0,0.508742,0.581161,0.224923,0.960938,0.354848,0.504848,0.0,0.40286785364151,0.40286785364151,0.6931471824645996,2.0,0.5,2,3,3,1,2,0,1,0.5,0.0,0,contra,0.15,-1,224,112,CONTRADICTORY_LENIENT,0,1,0,0,1,0,0.5,0.0,answer,
margin,live-delta,1,0.0,0.508742,0.581161,0.224923,0.960938,0.354848,0.504848,0.04123330116271973,0.5563745498657227,0.5151412487030029,2.6079587936401367,13.571320533752441,0.24039779603481293,20,3,0,0,3,1,1,0.5687646269798279,-0.04123330116271973,0,contra,0.15,-1,225,30,CORRECT,0,0,0,0,5,0,0.152574,0.0,answer,
margin,live-delta,1,0.0,0.508742,0.581161,0.224923,0.960938,0.354848,0.504848,0.03750276565551758,0.47772443294525146,0.4402216672897339,2.6556313037872314,14.233969688415527,0.19116155803203583,18,3,3,1,3,1,1,0.2887350916862488,0.03750276565551758,1,contra,0.15,-1,226,123,CORRECT,0,0,0,0,6,0,0.288735,0.0,answer,
margin,live-delta,1,0.0,0.508742,0.581161,0.224923,0.960938,0.354848,0.504848,0.0,0.3879879117012024,0.3879879117012024,0.6931471824645996,2.0,0.5,2,3,2,0,2,0,1,0.5,0.0,0,contra,0.15,-1,227,132,CONTRADICTORY_STRICT,1,1,0,0,1,0,0.5,0.0,answer,
margin,live-delta,1,0.0,0.508742,0.581161,0.224923,0.960938,0.354848,0.504848,0.0,0.7159953117370605,0.7159953117370605,0.7069587707519531,2.0278148651123047,0.4989297688007355,3,3,3,1,3,1,1,0.4989297688007355,0.0,0,contra,0.15,-1,228,99,CORRECT,0,0,0,0,1,0,0.49893,0.0,answer,
margin,live-delta,1,0.0,0.508742,0.581161,0.224923,0.960938,0.354848,0.504848,0.06361925601959229,0.6538165807723999,0.5901973247528076,1.9964849948883057,7.363129138946533,0.4480792284011841,20,3,3,1,3,1,1,0.117817722260952,0.08465635776519775,2,contra,0.15,-1,229,115,CORRECT,0,0,0,0,5,0,0.117818,0.0,answer,
margin,live-delta,1,0.0,0.508742,0.581161,0.224923,0.960938,0.354848,0.504848,0.0,0.6125504374504089,0.6125504374504089,2.407039165496826,11.101043701171875,0.15343448519706726,20,3,3,1,3,1,1,0.4584991931915283,0.0,0,contra,0.15,-1,230,103,CORRECT,0,0,0,0,6,0,0.458499,0.0,answer,
margin,live-delta,1,0.0,0.508742,0.581161,0.224923,0.960938,0.354848,0.504848,0.027474582195281982,0.5701779127120972,0.5427033305168152,2.184530735015869,8.88647747039795,0.343649685382843,19,3,3,1,3,1,1,0.17314593493938446,0.0692371129989624,2,contra,0.15,-1,231,117,CORRECT,0,0,0,0,6,0,0.173146,0.0,answer,
margin,live-delta,1,0.0,0.508742,0.581161,0.224923,0.960938,0.354848,0.504848,0.0,0.5009386539459229,0.5009386539459229,2.598010778427124,13.436982154846191,0.16086038947105408,19,3,2,0,3,1,1,0.5081117153167725,0.0,0,contra,0.15,-1,232,153,CORRECT,0,0,0,0,5,0,0.334129,0.0,answer,
margin,live-delta,1,0.0,0.508742,0.581161,0.224923,0.960938,0.354848,0.504848,0.0030035674571990967,0.496469646692276,0.4934660792350769,2.5349574089050293,12.615893363952637,0.15705661475658417,16,3,3,1,3,1,1,0.2901659905910492,0.0030035674571990967,0,contra,0.15,-1,233,115,CORRECT,0,0,0,0,5,0,0.290166,0.0,answer,
margin,live-delta,1,0.0,0.508742,0.581161,0.224923,0.960938,0.354848,0.504848,0.04291737079620361,0.501893937587738,0.4589765667915344,2.491234540939331,12.076175689697266,0.2126370519399643,15,3,3,1,3,1,1,0.25501886010169983,0.04291737079620361,1,contra,0.15,-1,234,108,CORRECT,0,0,0,0,4,0,0.255019,0.0,answer,
margin,live-delta,1,0.0,0.508742,0.581161,0.224923,0.960938,0.354848,0.504848,0.06836903095245361,0.6614959239959717,0.5931268930435181,1.9458588361740112,6.999640941619873,0.4615646004676819,20,3,3,1,3,1,1,0.17814627289772034,0.08094149827957153,2,contra,0.15,-1,235,115,CORRECT,0,0,0,0,6,0,0.178146,0.0,answer,
margin,live-delta,1,0.0,0.508742,0.581161,0.224923,0.960938,0.354848,0.504848,0.005754947662353516,0.46608585119247437,0.46033090353012085,2.770831346511841,15.971906661987305,0.16050368547439575,20,3,3,1,3,1,1,0.33243829011917114,0.030435651540756226,1,contra,0.15,-1,236,118,CORRECT,0,0,0,0,5,0,0.172109,0.0,answer,
margin,live-delta,1,0.0,0.508742,0.581161,0.224923,0.960938,0.354848,0.504848,0.015743613243103027,0.6798076629638672,0.6640640497207642,1.8775315284729004,6.537347793579102,0.3696307837963104,20,3,3,1,3,1,1,0.14084771275520325,0.06494688987731934,2,contra,0.15,-1,237,115,CORRECT,0,0,0,0,5,0,0.139546,0.0,answer,
margin,live-delta,1,0.0,0.508742,0.581161,0.224923,0.960938,0.354848,0.504848,0.0,0.48643261194229126,0.48643261194229126,2.7093732357025146,15.019858360290527,0.14759764075279236,20,3,2,0,3,1,1,0.387654572725296,0.0,0,contra,0.15,-1,238,158,CORRECT,0,0,0,0,6,0,0.387655,0.0,answer,
margin,live-delta,1,0.0,0.508742,0.581161,0.224923,0.960938,0.354848,0.504848,0.04946953058242798,0.5871029496192932,0.5376334190368652,2.1874372959136963,8.912343978881836,0.39131850004196167,20,3,3,1,3,1,1,0.1600325107574463,0.07708108425140381,2,contra,0.15,-1,239,123,CORRECT,0,0,0,0,5,0,0.148475,0.0,answer,
margin,live-delta,1,0.0,0.508742,0.581161,0.224923,0.960938,0.354848,0.504848,0.0,0.6377276182174683,0.6377276182174683,2.0618844032287598,7.860768795013428,0.20781950652599335,20,3,2,0,3,1,1,0.47576355934143066,0.0,0,contra,0.15,-1,240,158,CORRECT,0,0,0,0,6,0,0.475764,0.0,answer,
margin,live-delta,1,0.0,0.508742,0.581161,0.224923,0.960938,0.354848,0.504848,0.0,0.49900099635124207,0.49900099635124207,2.1396312713623047,8.496304512023926,0.2716946005821228,14,3,1,0,3,1,1,0.4510710835456848,0.0,0,contra,0.15,-1,241,142,CORRECT,0,0,0,0,4,0,0.369854,0.0,answer,
margin,live-delta,1,0.0,0.508742,0.581161,0.224923,0.960938,0.354848,0.504848,0.02079826593399048,0.5582751631736755,0.5374768972396851,2.5767550468444824,13.154383659362793,0.21495357155799866,20,3,3,1,3,1,1,0.21862535178661346,0.03927576541900635,1,contra,0.15,-1,242,96,CORRECT,0,0,0,0,5,0,0.20872,0.0,answer,
margin,live-delta,1,0.0,0.508742,0.581161,0.224923,0.960938,0.354848,0.504848,0.0,0.7332625985145569,0.7332625985145569,1.963791847229004,7.126297950744629,0.2508617639541626,20,3,3,1,3,1,1,0.35523635149002075,0.0,0,contra,0.15,-1,243,110,CORRECT,0,0,0,0,7,0,0.355236,0.0,answer,
margin,live-delta,1,0.0,0.508742,0.581161,0.224923,0.960938,0.354848,0.504848,0.1839277744293213,0.5966714024543762,0.41274362802505493,0.5357790589332581,1.708778977394104,0.896612823009491,9,3,3,1,3,1,0,0.030366191640496254,0.1839277744293213,2,contra,0.15,-1,244,105,CORRECT,0,0,0,0,2,0,0.030366,0.0,answer,
margin,live-delta,1,0.0,0.508742,0.581161,0.224923,0.960938,0.354848,0.504848,0.04181373119354248,0.6546295881271362,0.6128158569335938,2.3750953674316406,10.752038955688477,0.286429762840271,20,3,3,1,3,1,1,0.16536863148212433,0.06370902061462402,2,contra,0.15,-1,245,123,CORRECT,0,0,0,0,6,0,0.165369,0.0,answer,
margin,live-delta,1,0.0,0.508742,0.581161,0.224923,0.960938,0.354848,0.504848,0.36518198251724243,0.8150866627693176,0.4499046802520752,0.03404911234974861,1.0346354246139526,0.9961334466934204,12,3,3,1,3,1,0,0.0013586196582764387,0.36518198251724243,2,contra,0.15,-1,246,107,CORRECT,0,0,0,0,3,0,0.001359,0.0,answer,
margin,live-delta,1,0.0,0.508742,0.581161,0.224923,0.960938,0.354848,0.504848,0.052057862281799316,0.6668754816055298,0.6148176193237305,1.6343621015548706,5.126186847686768,0.5532539486885071,20,3,3,1,3,1,1,0.10008301585912704,0.13160079717636108,2,contra,0.15,-1,247,116,CORRECT,0,0,0,0,7,0,0.100083,0.0,answer,
margin,live-delta,1,0.0,0.508742,0.581161,0.224923,0.960938,0.354848,0.504848,0.31732434034347534,0.6920506358146667,0.3747262954711914,0.02567131631076336,1.0260037183761597,0.9965065121650696,3,3,3,1,3,1,0,0.0017467704601585865,0.31732434034347534,2,contra,0.15,-1,248,105,CORRECT,0,0,0,0,1,0,0.001747,0.0,answer,
margin,live-delta,1,0.0,0.508742,0.581161,0.224923,0.960938,0.354848,0.504848,0.041210323572158813,0.4416484236717224,0.4004381000995636,1.86484956741333,6.454964637756348,0.36366260051727295,8,3,3,1,3,1,1,0.15256237983703613,0.07289791107177734,2,contra,0.15,-1,249,115,CORRECT,0,0,0,0,2,0,0.152562,0.0,answer,
margin,live-delta,1,0.0,0.508742,0.581161,0.224923,0.960938,0.354848,0.504848,0.08134958148002625,0.4839929938316345,0.4026434123516083,1.7027941942214966,5.489264011383057,0.5001412034034729,9,3,3,1,3,1,1,0.24937713146209717,0.0907014012336731,2,contra,0.15,-1,250,107,CORRECT,0,0,0,0,3,0,0.1657,0.0,answer,
margin,live-delta,1,0.0,0.508742,0.581161,0.224923,0.960938,0.354848,0.504848,0.585699200630188,0.9193468689918518,0.3336476981639862,-0.0,1.0,1.0,1,3,3,1,3,1,0,0.0,0.585699200630188,2,contra,0.15,-1,251,105,CORRECT,0,0,0,0,0,0,0.0,0.0,answer,
margin,live-delta,1,0.0,0.508742,0.581161,0.224923,0.960938,0.354848,0.504848,0.0,0.4110674560070038,0.4110674560070038,2.0308938026428223,7.620894908905029,0.17748238146305084,8,3,3,1,3,1,1,0.17748238146305084,0.0,0,contra,0.15,-1,252,127,CORRECT,0,0,0,0,1,0,0.177482,0.0,answer,
margin,live-delta,1,0.0,0.508742,0.581161,0.224923,0.960938,0.354848,0.504848,0.04148721694946289,0.558095395565033,0.5166081786155701,2.333563804626465,10.314635276794434,0.3443993926048279,20,3,3,1,3,1,0,0.09926781058311462,0.11065244674682617,2,contra,0.15,-1,253,123,CORRECT,0,0,0,0,4,0,0.08361,0.0,answer,
margin,live-delta,1,0.0,0.508742,0.581161,0.224923,0.960938,0.354848,0.504848,0.0,0.5217567086219788,0.5217567086219788,1.6404223442077637,5.157347202301025,0.34975099563598633,9,3,0,0,3,1,1,0.4054412841796875,0.0,0,contra,0.15,-1,254,138,CORRECT,0,0,0,0,2,0,0.405441,0.0,answer,
margin,live-delta,1,0.0,0.508742,0.581161,0.224923,0.960938,0.354848,0.504848,0.0,0.6134811043739319,0.6134811043739319,0.7326775193214417,2.080644130706787,0.49618294835090637,3,3,3,1,3,1,1,0.49618294835090637,0.0,0,contra,0.15,-1,255,122,CORRECT,0,0,0,0,1,0,0.496183,0.0,answer,
margin,live-delta,2,0.0,0.52004,0.581322,0.278522,0.96875,0.340926,0.490926,0.0,0.6283859610557556,0.6283859610557556,2.163316488265991,8.699943542480469,0.20175080001354218,20,0,0,1,0,1,1,0.48734068870544434,0.0,0,contra,0.15,-1,0,1,CORRECT,0,0,0,0,8,0,0.487341,0.0,answer,
margin,live-delta,2,0.0,0.52004,0.581322,0.278522,0.96875,0.340926,0.490926,0.0,0.538063645362854,0.538063645362854,2.344731092453003,10.43046760559082,0.1860097497701645,20,0,2,0,0,1,1,0.44680169224739075,0.0,0,contra,0.15,-1,1,148,CORRECT,0,0,0,0,5,0,0.439193,0.0,answer,
margin,live-delta,2,0.0,0.52004,0.581322,0.278522,0.96875,0.340926,0.490926,0.050639808177948,0.6435017585754395,0.5928619503974915,2.51781964302063,12.401527404785156,0.2757840156555176,20,0,0,1,0,1,1,0.35767725110054016,0.050639808177948,2,contra,0.15,-1,2,9,CORRECT,0,0,0,0,9,0,0.336147,0.0,answer,
margin,live-delta,2,0.0,0.52004,0.581322,0.278522,0.96875,0.340926,0.490926,0.06146073341369629,0.7017878293991089,0.6403270959854126,2.168323278427124,8.743611335754395,0.3524071276187897,20,0,0,1,0,1,1,0.34273919463157654,0.06146073341369629,2,contra,0.15,-1,3,11,CORRECT,0,0,0,0,7,0,0.342739,0.0,answer,
margin,live-delta,2,0.0,0.52004,0.581322,0.278522,0.96875,0.340926,0.490926,0.0,0.6306256651878357,0.6306256651878357,2.4120631217956543,11.15695571899414,0.15495571494102478,20,0,2,0,0,1,1,0.42671942710876465,0.0,0,contra,0.15,-1,4,165,CORRECT,0,0,0,0,6,0,0.426719,0.0,answer,
margin,live-delta,2,0.0,0.52004,0.581322,0.278522,0.96875,0.340926,0.490926,0.0811147689819336,0.6353706121444702,0.5542558431625366,1.955971598625183,7.0707855224609375,0.5061230063438416,20,0,0,1,0,1,1,0.1611751914024353,0.11406052112579346,2,contra,0.15,-1,5,13,CORRECT,0,0,0,0,6,0,0.161175,0.0,answer,
margin,live-delta,2,0.0,0.52004,0.581322,0.278522,0.96875,0.340926,0.490926,0.0,0.6143373250961304,0.6143373250961304,2.495124101638794,12.123237609863281,0.22012007236480713,20,0,3,0,0,1,1,0.42311641573905945,0.0,0,contra,0.15,-1,6,173,CORRECT,0,0,0,0,7,0,0.423116,0.0,answer,
margin,live-delta,2,0.0,0.52004,0.581322,0.278522,0.96875,0.340926,0.490926,0.0,0.49529901146888733,0.49529901146888733,0.6931471824645996,2.0,0.5,2,0,2,0,0,1,1,0.5,0.0,0,contra,0.15,-1,7,165,CORRECT,0,0,0,0,1,0,0.5,0.0,answer,
margin,live-delta,2,0.0,0.52004,0.581322,0.278522,0.96875,0.340926,0.490926,0.0,0.5491014122962952,0.5491014122962952,2.0652122497558594,7.886971950531006,0.27638569474220276,20,0,0,1,0,1,1,0.330951064825058,0.0,0,contra,0.15,-1,8,12,CORRECT,0,0,0,0,6,0,0.330951,0.0,answer,
margin,live-delta,2,0.0,0.52004,0.581322,0.278522,0.96875,0.340926,0.490926,0.0,0.6821415424346924,0.6821415424346924,1.6627336740493774,5.273707866668701,0.38168275356292725,20,0,2,0,0,1,1,0.4254435896873474,0.0,0,contra,0.15,-1,9,149,CORRECT,0,0,0,0,5,0,0.425444,0.0,answer,
margin,live-delta,2,0.0,0.52004,0.581322,0.278522,0.96875,0.340926,0.490926,0.0325850248336792,0.5376240611076355,0.5050390362739563,2.401021718978882,11.034444808959961,0.25629815459251404,16,0,0,1,0,1,1,0.27333763241767883,0.06134516000747681,2,contra,0.15,-1,10,26,CORRECT,0,0,0,0,5,0,0.273338,0.0,answer,
margin,live-delta,2,0.0,0.52004,0.581322,0.278522,0.96875,0.340926,0.490926,0.03140735626220703,0.5394497513771057,0.5080423951148987,2.464545726776123,11.758139610290527,0.2347240149974823,20,0,0,1,0,1,1,0.31685569882392883,0.03140735626220703,1,contra,0.15,-1,11,24,CORRECT,0,0,0,0,5,0,0.241064,0.0,answer,
margin,live-delta,2,0.0,0.52004,0.581322,0.278522,0.96875,0.340926,0.490926,0.0,0.6589005589485168,0.6589005589485168,2.3581151962280273,10.571008682250977,0.14783386886119843,20,0,2,0,0,1,1,0.42744943499565125,0.0,0,contra,0.15,-1,12,148,CORRECT,0,0,0,0,6,0,0.427449,0.0,answer,
margin,live-delta,2,0.0,0.52004,0.581322,0.278522,0.96875,0.340926,0.490926,0.004485130310058594,0.6025277972221375,0.5980426669120789,2.139165163040161,8.492344856262207,0.29252612590789795,20,0,0,1,0,1,1,0.12186042964458466,0.08127981424331665,2,contra,0.15,-1,13,28,CORRECT,0,0,0,0,6,0,0.12186,0.0,answer,
margin,live-delta,2,0.0,0.52004,0.581322,0.278522,0.96875,0.340926,0.490926,0.0068146586418151855,0.6395174860954285,0.6327028274536133,2.095907688140869,8.132820129394531,0.2325473427772522,20,0,0,1,0,1,1,0.2708064913749695,0.0068146586418151855,0,contra,0.15,-1,14,26,CORRECT,0,0,0,0,7,0,0.270806,0.0,answer,
margin,live-delta,2,0.0,0.52004,0.581322,0.278522,0.96875,0.340926,0.490926,0.0438503623008728,0.664881706237793,0.6210313439369202,2.163519859313965,8.701712608337402,0.3690846562385559,20,0,0,1,0,1,1,0.13016656041145325,0.08295994997024536,2,contra,0.15,-1,15,13,CORRECT,0,0,0,0,5,0,0.130167,0.0,answer,
margin,live-delta,2,0.0,0.52004,0.581322,0.278522,0.96875,0.340926,0.490926,0.0,0.5671543478965759,0.5671543478965759,2.771070957183838,15.975733757019043,0.10647403448820114,20,0,2,0,0,1,1,0.3103805184364319,0.0,0,contra,0.15,-1,16,149,CORRECT,0,0,0,0,6,0,0.310381,0.0,answer,
margin,live-delta,2,0.0,0.52004,0.581322,0.278522,0.96875,0.340926,0.490926,0.0,0.6850572228431702,0.6850572228431702,2.3738760948181152,10.738936424255371,0.19558653235435486,20,0,0,1,0,1,1,0.4217868149280548,0.0,0,contra,0.15,-1,17,30,CORRECT,0,0,0,0,6,0,0.421787,0.0,answer,
margin,live-delta,2,0.0,0.52004,0.581322,0.278522,0.96875,0.340926,0.490926,0.0,0.7553185224533081,0.7553185224533081,1.5232397317886353,4.587061882019043,0.4078146517276764,20,0,0,1,0,1,1,0.46960514783859253,0.0,0,contra,0.15,-1,18,30,CORRECT,0,0,0,0,6,0,0.469605,0.0,answer,
margin,live-delta,2,0.0,0.52004,0.581322,0.278522,0.96875,0.340926,0.490926,0.0,0.7999752163887024,0.7999752163887024,1.0702506303787231,2.9161102771759033,0.46714600920677185,20,0,3,0,0,1,1,0.49189043045043945,0.0,0,contra,0.15,-1,19,186,CORRECT,0,0,0,0,6,0,0.490555,0.0,answer,
margin,live-delta,2,0.0,0.52004,0.581322,0.278522,0.96875,0.340926,0.490926,0.005678772926330566,0.6305544376373291,0.6248756647109985,2.716667652130127,15.129819869995117,0.15190008282661438,20,0,0,1,0,1,1,0.1442607343196869,0.06480264663696289,2,contra,0.15,-1,20,0,CORRECT,0,0,0,0,5,0,0.144261,0.0,answer,
margin,live-delta,2,0.0,0.52004,0.581322,0.278522,0.96875,0.340926,0.490926,0.01732957363128662,0.7488837242126465,0.7315541505813599,1.4173513650894165,4.1261773109436035,0.38050609827041626,20,0,0,1,0,1,1,0.2716924548149109,0.01732957363128662,0,contra,0.15,-1,21,25,CORRECT,0,0,0,0,5,0,0.270811,0.0,answer,
margin,live-delta,2,0.0,0.52004,0.581322,0.278522,0.96875,0.340926,0.490926,0.0,0.697776734828949,0.697776734828949,2.102113723754883,8.183448791503906,0.2169608175754547,20,0,0,1,0,1,1,0.49337291717529297,0.0,0,contra,0.15,-1,22,1,CORRECT,0,0,0,0,6,0,0.493373,0.0,answer,
margin,live-delta,2,0.0,0.52004,0.581322,0.278522,0.96875,0.340926,0.490926,0.0,0.6982559561729431,0.6982559561729431,2.1800594329833984,8.846832275390625,0.22653651237487793,20,0,0,1,0,1,1,0.5292791128158569,0.0,0,contra,0.15,-1,23,1,CORRECT,0,0,0,0,7,0,0.529279,0.0,answer,
margin,live-delta,2,0.0,0.52004,0.581322,0.278522,0.96875,0.340926,0.490926,0.0,0.550545334815979,0.550545334815979,1.2915706634521484,3.6384968757629395,0.4131418466567993,9,0,1,0,2,0,1,0.9493409395217896,-0.11566036939620972,0,contra,0.15,-1,24,33,CONTRADICTORY_LENIENT,0,1,0,0,4,0,0.441331,0.0,answer,
margin,live-delta,2,0.0,0.52004,0.581322,0.278522,0.96875,0.340926,0.490926,0.0,0.6313489079475403,0.6313489079475403,2.6621553897857666,14.327136039733887,0.1742648184299469,20,0,0,1,0,1,1,0.36466658115386963,0.0,0,contra,0.15,-1,25,30,CORRECT,0,0,0,0,7,0,0.364667,0.0,answer,
margin,live-delta,2,0.0,0.52004,0.581322,0.278522,0.96875,0.340926,0.490926,0.0,0.5523542165756226,0.5523542165756226,2.467681646347046,11.795069694519043,0.2031894475221634,20,0,0,1,0,1,1,0.3881317973136902,0.0,0,contra,0.15,-1,26,27,CORRECT,0,0,0,0,5,0,0.388132,0.0,answer,
margin,live-delta,2,0.0,0.52004,0.581322,0.278522,0.96875,0.340926,0.490926,0.04773306846618652,0.6731027364730835,0.625369668006897,2.1917102336883545,8.950507164001465,0.3166894316673279,20,0,0,1,0,1,1,0.3816029727458954,0.04773306846618652,1,contra,0.15,-1,27,16,CORRECT,0,0,0,0,7,0,0.360684,0.0,answer,
margin,live-delta,2,0.0,0.52004,0.581322,0.278522,0.96875,0.340926,0.490926,0.0,0.4923955500125885,0.4923955500125885,1.6895993947982788,5.4173102378845215,0.27690207958221436,7,0,1,0,2,0,1,0.7248985767364502,-0.03371754288673401,0,contra,0.15,-1,28,33,CONTRADICTORY_LENIENT,0,1,0,0,2,0,0.41798,0.0,answer,
margin,live-delta,2,0.0,0.52004,0.581322,0.278522,0.96875,0.340926,0.490926,0.0004004240036010742,0.529884934425354,0.5294845104217529,2.592316150665283,13.360681533813477,0.19121576845645905,20,0,0,1,0,1,1,0.18737946450710297,0.050780147314071655,2,contra,0.15,-1,29,13,CORRECT,0,0,0,0,4,0,0.140731,0.0,answer,
margin,live-delta,2,0.0,0.52004,0.581322,0.278522,0.96875,0.340926,0.490926,0.04991328716278076,0.6916114091873169,0.6416981220245361,2.323416233062744,10.210495948791504,0.30314475297927856,20,0,0,1,0,1,1,0.34314796328544617,0.04991328716278076,1,contra,0.15,-1,30,11,CORRECT,0,0,0,0,6,0,0.343148,0.0,answer,
margin,live-delta,2,0.0,0.52004,0.581322,0.278522,0.96875,0.340926,0.490926,0.015379667282104492,0.5836500525474548,0.5682703852653503,2.6976895332336426,14.845392227172852,0.184953510761261,20,0,0,1,0,1,1,0.21974307298660278,0.051381707191467285,2,contra,0.15,-1,31,11,CORRECT,0,0,0,0,6,0,0.219743,0.0,answer,
margin,live-delta,2,0.0,0.52004,0.581322,0.278522,0.96875,0.340926,0.490926,0.0,0.4375622570514679,0.4375622570514679,1.6841059923171997,5.387632369995117,0.23463156819343567,6,0,2,0,0,1,1,0.5318187475204468,0.0,0,contra,0.15,-1,32,165,CORRECT,0,0,0,0,2,0,0.359539,0.0,answer,
margin,live-delta,2,0.0,0.52004,0.581322,0.278522,0.96875,0.340926,0.490926,0.0,0.6656931638717651,0.6656931638717651,2.37416410446167,10.742030143737793,0.18144899606704712,20,0,0,1,0,1,1,0.4627424478530884,0.0,0,contra,0.15,-1,33,20,CORRECT,0,0,0,0,7,0,0.462742,0.0,answer,
margin,live-delta,2,0.0,0.52004,0.581322,0.278522,0.96875,0.340926,0.490926,0.0,0.6726762056350708,0.6726762056350708,2.1021640300750732,8.183860778808594,0.22335538268089294,20,0,2,0,0,1,1,0.5111914277076721,0.0,0,contra,0.15,-1,34,163,CORRECT,0,0,0,0,8,0,0.511191,0.0,answer,
margin,live-delta,2,0.0,0.52004,0.581322,0.278522,0.96875,0.340926,0.490926,0.06339681148529053,0.6739566326141357,0.6105598211288452,1.6473004817962646,5.1929426193237305,0.5568851828575134,20,0,0,1,0,1,1,0.10766296833753586,0.10474848747253418,2,contra,0.15,-1,35,28,CORRECT,0,0,0,0,6,0,0.102674,0.0,answer,
margin,live-delta,2,0.0,0.52004,0.581322,0.278522,0.96875,0.340926,0.490926,0.0,0.6948245763778687,0.6948245763778687,2.0194902420043945,7.534482955932617,0.31159213185310364,20,0,2,0,0,1,1,0.3949589729309082,0.0,0,contra,0.15,-1,36,149,CORRECT,0,0,0,0,6,0,0.394959,0.0,answer,
margin,live-delta,2,0.0,0.52004,0.581322,0.278522,0.96875,0.340926,0.490926,0.016531944274902344,0.5996270775794983,0.583095133304596,2.4261889457702637,11.315674781799316,0.19383768737316132,20,0,0,1,0,1,1,0.4031130075454712,0.016531944274902344,0,contra,0.15,-1,37,26,CORRECT,0,0,0,0,7,0,0.403113,0.0,answer,
margin,live-delta,2,0.0,0.52004,0.581322,0.278522,0.96875,0.340926,0.490926,0.01701536774635315,0.5104827880859375,0.49346742033958435,2.9267022609710693,18.665973663330078,0.09753669798374176,20,0,0,1,0,1,1,0.33637452125549316,0.021068453788757324,0,contra,0.15,-1,38,28,CORRECT,0,0,0,0,6,0,0.336375,0.0,answer,
margin,live-delta,2,0.0,0.52004,0.581322,0.278522,0.96875,0.340926,0.490926,0.0733039379119873,0.7156831622123718,0.6423792243003845,2.308926820755005,10.063618659973145,0.3751767873764038,20,0,0,1,0,1,1,0.29857194423675537,0.0733039379119873,2,contra,0.15,-1,39,11,CORRECT,0,0,0,0,8,0,0.298572,0.0,answer,
margin,live-delta,2,0.0,0.52004,0.581322,0.278522,0.96875,0.340926,0.490926,0.01202094554901123,0.5193359851837158,0.5073150396347046,2.5329558849334717,12.590667724609375,0.22402751445770264,20,0,0,1,0,1,1,0.25436779856681824,0.0560949444770813,2,contra,0.15,-1,40,18,CORRECT,0,0,0,0,7,0,0.254368,0.0,answer,
margin,live-delta,2,0.0,0.52004,0.581322,0.278522,0.96875,0.340926,0.490926,0.004130423069000244,0.5956895351409912,0.591559112071991,2.535590648651123,12.623885154724121,0.20156234502792358,20,0,0,1,0,1,1,0.2542087733745575,0.03668212890625,1,contra,0.15,-1,41,9,CORRECT,0,0,0,0,6,0,0.254209,0.0,answer,
margin,live-delta,2,0.0,0.52004,0.581322,0.278522,0.96875,0.340926,0.490926,0.0,0.5080372095108032,0.5080372095108032,1.1882704496383667,3.2814009189605713,0.32497185468673706,4,0,0,1,0,1,1,0.32497185468673706,0.0,0,contra,0.15,-1,42,167,CORRECT,0,0,0,0,1,0,0.324972,0.0,answer,
margin,live-delta,2,0.0,0.52004,0.581322,0.278522,0.96875,0.340926,0.490926,0.016822755336761475,0.3427862524986267,0.32596349716186523,-0.0,1.0,1.0,1,0,0,1,0,1,0,0.0,0.016822755336761475,0,contra,0.15,-1,43,6,CORRECT,0,0,0,0,0,0,0.0,0.0,answer,
margin,live-delta,2,0.0,0.52004,0.581322,0.278522,0.96875,0.340926,0.490926,0.029343366622924805,0.5180602669715881,0.48871690034866333,2.2060017585754395,9.079341888427734,0.36215680837631226,19,0,0,1,0,1,1,0.4050408601760864,0.029343366622924805,1,contra,0.15,-1,44,6,CORRECT,0,0,0,0,5,0,0.15341,0.0,answer,
margin,live-delta,2,0.0,0.52004,0.581322,0.278522,0.96875,0.340926,0.490926,0.0,0.7220957279205322,0.7220957279205322,1.3034377098083496,3.6819324493408203,0.43375006318092346,20,0,3,0,0,1,1,0.4724922180175781,0.0,0,contra,0.15,-1,45,186,CORRECT,0,0,0,0,5,0,0.47075,0.0,answer,
margin,live-delta,2,0.0,0.52004,0.581322,0.278522,0.96875,0.340926,0.490926,0.009379982948303223,0.5576402544975281,0.5482602715492249,2.7787137031555176,16.09830093383789,0.11689107865095139,20,0,0,1,0,1,1,0.21935220062732697,0.009379982948303223,0,contra,0.15,-1,46,0,CORRECT,0,0,0,0,5,0,0.219352,0.0,answer,
margin,live-delta,2,0.0,0.52004,0.581322,0.278522,0.96875,0.340926,0.490926,0.03974360227584839,0.706577718257904,0.6668341159820557,2.268157958984375,9.661587715148926,0.2854854166507721,20,0,0,1,0,1,1,0.37250232696533203,0.03974360227584839,1,contra,0.15,-1,47,11,CORRECT,0,0,0,0,6,0,0.372502,0.0,answer,
margin,live-delta,2,0.0,0.52004,0.581322,0.278522,0.96875,0.340926,0.490926,0.005650311708450317,0.4656926989555359,0.46004238724708557,2.6866979598999023,14.683111190795898,0.1451071798801422,18,0,0,1,0,1,1,0.37468838691711426,0.005650311708450317,0,contra,0.15,-1,48,16,CORRECT,0,0,0,0,7,0,0.374688,0.0,answer,
margin,live-delta,2,0.0,0.52004,0.581322,0.278522,0.96875,0.340926,0.490926,0.004724025726318359,0.6174630522727966,0.6127390265464783,2.785982847213745,16.215747833251953,0.1122860386967659,20,0,0,1,0,1,1,0.3206358850002289,0.004724025726318359,0,contra,0.15,-1,49,18,CORRECT,0,0,0,0,6,0,0.320636,0.0,answer,
margin,live-delta,2,0.0,0.52004,0.581322,0.278522,0.96875,0.340926,0.490926,0.021081984043121338,0.631973922252655,0.6108919382095337,2.6421875953674316,14.043892860412598,0.1904175579547882,20,0,0,1,0,1,1,0.2504526972770691,0.05313122272491455,2,contra,0.15,-1,50,11,CORRECT,0,0,0,0,7,0,0.250453,0.0,answer,
margin,live-delta,2,0.0,0.52004,0.581322,0.278522,0.96875,0.340926,0.490926,0.0,0.6099201440811157,0.6099201440811157,2.3302528858184814,10.28054141998291,0.24129046499729156,20,0,0,1,0,1,1,0.3648293614387512,0.0,0,contra,0.15,-1,51,30,CORRECT,0,0,0,0,6,0,0.332188,0.0,answer,
margin,live-delta,2,0.0,0.52004,0.581322,0.278522,0.96875,0.340926,0.490926,0.0,0.6817590594291687,0.6817590594291687,2.207197427749634,9.090204238891602,0.27902278304100037,20,0,0,1,0,1,1,0.40422430634498596,0.0,0,contra,0.15,-1,52,30,CORRECT,0,0,0,0,6,0,0.404224,0.0,answer,
margin,live-delta,2,0.0,0.52004,0.581322,0.278522,0.96875,0.340926,0.490926,0.0,0.6125666499137878,0.6125666499137878,2.581968069076538,13.223136901855469,0.16664987802505493,20,0,2,0,0,1,1,0.4382098317146301,0.0,0,contra,0.15,-1,53,165,CORRECT,0,0,0,0,6,0,0.43821,0.0,answer,
margin,live-delta,2,0.0,0.52004,0.581322,0.278522,0.96875,0.340926,0.490926,0.039527952671051025,0.6817615628242493,0.6422336101531982,1.9988292455673218,7.380410194396973,0.4085617661476135,20,0,0,1,0,1,1,0.21521997451782227,0.08379435539245605,2,contra,0.15,-1,54,16,CORRECT,0,0,0,0,6,0,0.209836,0.0,answer,
margin,live-delta,2,0.0,0.52004,0.581322,0.278522,0.96875,0.340926,0.490926,0.0,0.7112128734588623,0.7112128734588623,1.6872313022613525,5.404496669769287,0.38644763827323914,20,0,3,0,0,1,1,0.47171929478645325,0.0,0,contra,0.15,-1,55,186,CORRECT,0,0,0,0,8,0,0.471719,0.0,answer,
margin,live-delta,2,0.0,0.52004,0.581322,0.278522,0.96875,0.340926,0.490926,0.0,0.5435279607772827,0.5435279607772827,2.522214412689209,12.456149101257324,0.17611898481845856,20,0,0,1,0,1,1,0.502374529838562,0.0,0,contra,0.15,-1,56,1,CORRECT,0,0,0,0,7,0,0.502375,0.0,answer,
margin,live-delta,2,0.0,0.52004,0.581322,0.278522,0.96875,0.340926,0.490926,0.011501491069793701,0.5289517045021057,0.517450213432312,2.8453285694122314,17.207212448120117,0.10339710861444473,20,0,0,1,0,1,1,0.3649822473526001,0.011501491069793701,0,contra,0.15,-1,57,28,CORRECT,0,0,0,0,6,0,0.364982,0.0,answer,
margin,live-delta,2,0.0,0.52004,0.581322,0.278522,0.96875,0.340926,0.490926,0.02749544382095337,0.5211616158485413,0.4936661720275879,2.5782337188720703,13.173849105834961,0.18004244565963745,20,0,0,1,0,1,1,0.3072839081287384,0.02749544382095337,1,contra,0.15,-1,58,28,CORRECT,0,0,0,0,6,0,0.272837,0.0,answer,
margin,live-delta,2,0.0,0.52004,0.581322,0.278522,0.96875,0.340926,0.490926,0.0455852746963501,0.7100707292556763,0.6644854545593262,2.1708738803863525,8.76594066619873,0.32119306921958923,20,0,0,1,0,1,1,0.3638453483581543,0.0455852746963501,1,contra,0.15,-1,59,11,CORRECT,0,0,0,0,6,0,0.363845,0.0,answer,
margin,live-delta,2,0.0,0.52004,0.581322,0.278522,0.96875,0.340926,0.490926,0.0,0.4191456735134125,0.4191456735134125,2.7227983474731445,15.222861289978027,0.11653706431388855,17,0,0,1,0,1,1,0.3518024981021881,0.0,0,contra,0.15,-1,60,22,CORRECT,0,0,0,0,6,0,0.351802,0.0,answer,
margin,live-delta,2,0.0,0.52004,0.581322,0.278522,0.96875,0.340926,0.490926,0.0009667277336120605,0.7287241816520691,0.727757453918457,1.6596685647964478,5.257567882537842,0.2873963415622711,20,0,0,1,0,1,1,0.19122064113616943,0.0228918194770813,0,contra,0.15,-1,61,25,CORRECT,0,0,0,0,6,0,0.191221,0.0,answer,
margin,live-delta,2,0.0,0.52004,0.581322,0.278522,0.96875,0.340926,0.490926,0.03774529695510864,0.5500202775001526,0.512274980545044,2.542675733566284,12.713644027709961,0.27533891797065735,20,0,0,1,0,1,1,0.2743073105812073,0.06930935382843018,2,contra,0.15,-1,62,16,CORRECT,0,0,0,0,6,0,0.254297,0.0,answer,
margin,live-delta,2,0.0,0.52004,0.581322,0.278522,0.96875,0.340926,0.490926,0.0,0.7022755146026611,0.7022755146026611,1.943619966506958,6.983986854553223,0.33507198095321655,20,0,2,0,0,1,1,0.4599687457084656,0.0,0,contra,0.15,-1,63,129,CORRECT,0,0,0,0,6,0,0.459969,0.0,answer,
margin,live-delta,2,0.0,0.52004,0.581322,0.278522,0.96875,0.340926,0.490926,0.0138663649559021,0.6372043490409851,0.623337984085083,2.4119296073913574,11.155466079711914,0.21393871307373047,20,1,1,1,1,1,1,0.2178783267736435,0.026260793209075928,1,contra,0.15,-1,64,60,CORRECT,0,0,0,0,5,0,0.212847,0.0,answer,
margin,live-delta,2,0.0,0.52004,0.581322,0.278522,0.96875,0.340926,0.490926,0.0,0.7194734811782837,0.7194734811782837,2.0638411045074463,7.87616491317749,0.19678722321987152,20,1,1,1,1,1,1,0.47176435589790344,0.0,0,contra,0.15,-1,65,49,CORRECT,0,0,0,0,7,0,0.471764,0.0,answer,
margin,live-delta,2,0.0,0.52004,0.581322,0.278522,0.96875,0.340926,0.490926,0.27114012837409973,0.7173919677734375,0.44625183939933777,0.11740144342184067,1.1245707273483276,0.9836417436599731,11,1,1,1,1,1,0,0.0016942706424742937,0.3182004690170288,2,contra,0.15,-1,66,54,CORRECT,0,0,0,0,1,0,0.001694,0.0,answer,
margin,live-delta,2,0.0,0.52004,0.581322,0.278522,0.96875,0.340926,0.490926,0.0425182580947876,0.6012977957725525,0.5587795376777649,2.611189603805542,13.615238189697266,0.19560733437538147,20,1,1,1,1,1,1,0.23609675467014313,0.04275411367416382,1,contra,0.15,-1,67,42,CORRECT,0,0,0,0,4,0,0.236097,0.0,answer,
margin,live-delta,2,0.0,0.52004,0.581322,0.278522,0.96875,0.340926,0.490926,0.17981696128845215,0.6864583492279053,0.5066413879394531,0.5848828554153442,1.7947807312011719,0.8966902494430542,20,1,1,1,1,1,0,0.02254699356853962,0.19862502813339233,2,contra,0.15,-1,68,57,CORRECT,0,0,0,0,4,0,0.022547,0.0,answer,
margin,live-delta,2,0.0,0.52004,0.581322,0.278522,0.96875,0.340926,0.490926,0.026864051818847656,0.5847336053848267,0.557869553565979,2.580610990524292,13.205204010009766,0.2515335977077484,20,1,1,1,1,1,1,0.2593803405761719,0.05837792158126831,2,contra,0.15,-1,69,52,CORRECT,0,0,0,0,6,0,0.237782,0.0,answer,
margin,live-delta,2,0.0,0.52004,0.581322,0.278522,0.96875,0.340926,0.490926,0.08957564830780029,0.6409651637077332,0.5513895153999329,1.14897620677948,3.154961109161377,0.7251653075218201,17,1,1,1,1,1,0,0.028277810662984848,0.18726634979248047,2,contra,0.15,-1,70,57,CORRECT,0,0,0,0,3,0,0.028278,0.0,answer,
margin,live-delta,2,0.0,0.52004,0.581322,0.278522,0.96875,0.340926,0.490926,0.0,0.5237218141555786,0.5237218141555786,2.294478416442871,9.91926097869873,0.17461416125297546,20,1,3,0,1,1,1,0.4768168032169342,0.0,0,contra,0.15,-1,71,164,CORRECT,0,0,0,0,6,0,0.423594,0.0,answer,
margin,live-delta,2,0.0,0.52004,0.581322,0.278522,0.96875,0.340926,0.490926,0.028354346752166748,0.7925995588302612,0.7642452120780945,0.9717782735824585,2.642639636993408,0.5927549004554749,14,1,1,1,1,1,0,0.009727182798087597,0.21448761224746704,2,contra,0.15,-1,72,40,CORRECT,0,0,0,0,2,0,0.009727,0.0,answer,
margin,live-delta,2,0.0,0.52004,0.581322,0.278522,0.96875,0.340926,0.490926,0.03947728872299194,0.4474477767944336,0.40797048807144165,2.39141583442688,10.928956985473633,0.23379847407341003,13,1,1,1,1,1,1,0.4804266691207886,0.03947728872299194,1,contra,0.15,-1,73,35,CORRECT,0,0,0,0,3,0,0.191575,0.0,answer,
margin,live-delta,2,0.0,0.52004,0.581322,0.278522,0.96875,0.340926,0.490926,0.019095420837402344,0.6300061345100403,0.6109107136726379,1.411112904548645,4.100516319274902,0.44960761070251465,12,1,1,1,1,1,1,0.10536708682775497,0.0760849118232727,2,contra,0.15,-1,74,32,CORRECT,0,0,0,0,2,0,0.105367,0.0,answer,
margin,live-delta,2,0.0,0.52004,0.581322,0.278522,0.96875,0.340926,0.490926,0.02758312225341797,0.6517993807792664,0.6242162585258484,2.151177167892456,8.594970703125,0.325065940618515,20,1,1,1,1,1,1,0.12429027259349823,0.07945305109024048,2,contra,0.15,-1,75,48,CORRECT,0,0,0,0,5,0,0.115211,0.0,answer,
margin,live-delta,2,0.0,0.52004,0.581322,0.278522,0.96875,0.340926,0.490926,0.006723284721374512,0.5870903134346008,0.5803670287132263,2.4903669357299805,12.065702438354492,0.2301911860704422,20,1,1,1,1,1,1,0.19805757701396942,0.059445738792419434,2,contra,0.15,-1,76,35,CORRECT,0,0,0,0,6,0,0.17864,0.0,answer,
margin,live-delta,2,0.0,0.52004,0.581322,0.278522,0.96875,0.340926,0.490926,0.011500447988510132,0.4391583800315857,0.42765793204307556,2.256732225418091,9.551824569702148,0.21107226610183716,12,1,1,1,1,1,1,0.21960808336734772,0.03133252263069153,1,contra,0.15,-1,77,58,CORRECT,0,0,0,0,4,0,0.219608,0.0,answer,
margin,live-delta,2,0.0,0.52004,0.581322,0.278522,0.96875,0.340926,0.490926,0.0,0.4854973554611206,0.4854973554611206,2.1956865787506104,8.98616886138916,0.2431628257036209,13,1,0,0,1,1,1,0.31078097224235535,0.0,0,contra,0.15,-1,78,128,CORRECT,0,0,0,0,2,0,0.286417,0.0,answer,
margin,live-delta,2,0.0,0.52004,0.581322,0.278522,0.96875,0.340926,0.490926,0.011427760124206543,0.43584972620010376,0.4244219660758972,1.911579966545105,6.763766765594482,0.2536894679069519,8,1,1,1,1,1,0,0.041892826557159424,0.09004983305931091,2,contra,0.15,-1,79,55,CORRECT,0,0,0,0,1,0,0.041893,0.0,answer,
margin,live-delta,2,0.0,0.52004,0.581322,0.278522,0.96875,0.340926,0.490926,0.047071754932403564,0.580012857913971,0.5329411029815674,2.08805251121521,8.069185256958008,0.44301801919937134,20,1,0,0,0,0,1,0.897872269153595,-0.1121707558631897,0,contra,0.15,-1,80,24,CONTRADICTORY_LENIENT,0,1,0,0,5,0,0.09026,0.0,answer,
margin,live-delta,2,0.0,0.52004,0.581322,0.278522,0.96875,0.340926,0.490926,0.0,0.6887730360031128,0.6887730360031128,1.5171234607696533,4.559092044830322,0.355172336101532,12,1,1,1,1,1,1,0.3605291545391083,0.0,0,contra,0.15,-1,81,50,CORRECT,0,0,0,0,2,0,0.360529,0.0,answer,
margin,live-delta,2,0.0,0.52004,0.581322,0.278522,0.96875,0.340926,0.490926,0.06465297937393188,0.675824761390686,0.6111717820167542,1.89517080783844,6.653684616088867,0.475275456905365,20,1,1,1,1,1,1,0.1747649908065796,0.06465297937393188,2,contra,0.15,-1,82,61,CORRECT,0,0,0,0,6,0,0.174765,0.0,answer,
margin,live-delta,2,0.0,0.52004,0.581322,0.278522,0.96875,0.340926,0.490926,0.062261730432510376,0.522896409034729,0.46063467860221863,1.6220265626907349,5.06334114074707,0.5579116344451904,13,1,1,1,1,1,0,0.06112504005432129,0.15939843654632568,2,contra,0.15,-1,83,42,CORRECT,0,0,0,0,3,0,0.061125,0.0,answer,
margin,live-delta,2,0.0,0.52004,0.581322,0.278522,0.96875,0.340926,0.490926,0.007027864456176758,0.595234215259552,0.5882063508033752,2.3193864822387695,10.16943359375,0.18785598874092102,20,1,1,1,1,1,1,0.3907955288887024,0.007027864456176758,0,contra,0.15,-1,84,52,CORRECT,0,0,0,0,7,0,0.390796,0.0,answer,
margin,live-delta,2,0.0,0.52004,0.581322,0.278522,0.96875,0.340926,0.490926,0.002056121826171875,0.5324323177337646,0.5303761959075928,2.711909294128418,15.057997703552246,0.15563778579235077,20,1,1,1,1,1,1,0.3390450179576874,0.0394936203956604,1,contra,0.15,-1,85,41,CORRECT,0,0,0,0,5,0,0.226525,0.0,answer,
margin,live-delta,2,0.0,0.52004,0.581322,0.278522,0.96875,0.340926,0.490926,0.014487206935882568,0.4904897212982178,0.4760025143623352,2.111013889312744,8.256608009338379,0.2434915453195572,11,1,0,0,0,0,1,0.5638576149940491,-0.023021996021270752,0,contra,0.15,-1,86,25,CONTRADICTORY_LENIENT,0,1,0,0,1,0,0.047103,0.0,answer,
margin,live-delta,2,0.0,0.52004,0.581322,0.278522,0.96875,0.340926,0.490926,0.30191630125045776,0.8589409589767456,0.5570246577262878,0.0914575383067131,1.095770239830017,0.9886013865470886,20,1,1,1,1,1,0,0.004389347042888403,0.3281947374343872,2,contra,0.15,-1,87,43,CORRECT,0,0,0,0,5,0,0.00304,0.0,answer,
margin,live-delta,2,0.0,0.52004,0.581322,0.278522,0.96875,0.340926,0.490926,0.023692190647125244,0.6738309860229492,0.650138795375824,1.3827980756759644,3.986039161682129,0.48003214597702026,19,1,1,1,1,1,0,0.023724790662527084,0.18954646587371826,2,contra,0.15,-1,88,61,CORRECT,0,0,0,0,4,0,0.023725,0.0,answer,
margin,live-delta,2,0.0,0.52004,0.581322,0.278522,0.96875,0.340926,0.490926,0.01702946424484253,0.6745926737785339,0.6575632095336914,1.9408321380615234,6.96454381942749,0.31458961963653564,17,1,1,1,1,1,1,0.12697933614253998,0.06441539525985718,2,contra,0.15,-1,89,39,CORRECT,0,0,0,0,3,0,0.126979,0.0,answer,
margin,live-delta,2,0.0,0.52004,0.581322,0.278522,0.96875,0.340926,0.490926,0.005663156509399414,0.6045350432395935,0.5988718867301941,2.259793281555176,9.581108093261719,0.2235814332962036,20,1,1,1,1,1,1,0.13539400696754456,0.042933523654937744,1,contra,0.15,-1,90,39,CORRECT,0,0,0,0,4,0,0.135394,0.0,answer,
margin,live-delta,2,0.0,0.52004,0.581322,0.278522,0.96875,0.340926,0.490926,0.0,0.5371400713920593,0.5371400713920593,2.6806392669677734,14.594420433044434,0.11753741651773453,20,1,3,0,1,1,1,0.4257286489009857,0.0,0,contra,0.15,-1,91,161,CORRECT,0,0,0,0,7,0,0.340987,0.0,answer,
margin,live-delta,2,0.0,0.52004,0.581322,0.278522,0.96875,0.340926,0.490926,0.08484706282615662,0.46731051802635193,0.3824634552001953,1.4047884941101074,4.074665069580078,0.5517024993896484,6,1,1,1,1,1,1,0.10109569877386093,0.08484706282615662,2,contra,0.15,-1,92,40,CORRECT,0,0,0,0,1,0,0.101096,0.0,answer,
margin,live-delta,2,0.0,0.52004,0.581322,0.278522,0.96875,0.340926,0.490926,0.03696244955062866,0.5619375705718994,0.5249751210212708,2.374422550201416,10.744807243347168,0.29464229941368103,20,1,1,1,1,1,1,0.18230587244033813,0.03696244955062866,1,contra,0.15,-1,93,57,CORRECT,0,0,0,0,4,0,0.182306,0.0,answer,
margin,live-delta,2,0.0,0.52004,0.581322,0.278522,0.96875,0.340926,0.490926,0.001346588134765625,0.6266343593597412,0.6252877712249756,2.1827585697174072,8.870742797851562,0.2257472276687622,20,1,1,1,1,1,1,0.1670278012752533,0.025648117065429688,1,contra,0.15,-1,94,61,CORRECT,0,0,0,0,4,0,0.167028,0.0,answer,
margin,live-delta,2,0.0,0.52004,0.581322,0.278522,0.96875,0.340926,0.490926,0.08536475896835327,0.604717493057251,0.5193527340888977,1.528564453125,4.611551761627197,0.6346286535263062,20,1,1,1,1,1,0,0.053632669150829315,0.20096948742866516,2,contra,0.15,-1,95,41,CORRECT,0,0,0,0,5,0,0.038071,0.0,answer,
margin,live-delta,2,0.0,0.52004,0.581322,0.278522,0.96875,0.340926,0.490926,0.005658745765686035,0.6051054000854492,0.5994466543197632,2.3578367233276367,10.56806468963623,0.18232429027557373,20,1,1,1,1,1,1,0.2575671374797821,0.005658745765686035,0,contra,0.15,-1,96,54,CORRECT,0,0,0,0,3,0,0.257567,0.0,answer,
margin,live-delta,2,0.0,0.52004,0.581322,0.278522,0.96875,0.340926,0.490926,0.06105303764343262,0.7184756994247437,0.657422661781311,1.1901918649673462,3.2877118587493896,0.6506827473640442,16,1,1,1,1,1,0,0.04060298949480057,0.1536245346069336,2,contra,0.15,-1,97,40,CORRECT,0,0,0,0,3,0,0.040603,0.0,answer,
margin,live-delta,2,0.0,0.52004,0.581322,0.278522,0.96875,0.340926,0.490926,0.0,0.582595705986023,0.582595705986023,1.5861326456069946,4.884820938110352,0.29604798555374146,11,1,1,1,1,1,1,0.30517035722732544,0.0,0,contra,0.15,-1,98,56,CORRECT,0,0,0,0,3,0,0.30517,0.0,answer,
margin,live-delta,2,0.0,0.52004,0.581322,0.278522,0.96875,0.340926,0.490926,0.28284549713134766,0.7437992691993713,0.4609537720680237,0.07972995191812515,1.0829945802688599,0.9892879724502563,11,1,1,1,1,1,0,0.0017035817727446556,0.3565714955329895,2,contra,0.15,-1,99,41,CORRECT,0,0,0,0,3,0,0.001704,0.0,answer,
margin,live-delta,2,0.0,0.52004,0.581322,0.278522,0.96875,0.340926,0.490926,0.008107364177703857,0.5988268256187439,0.59071946144104,1.85023033618927,6.3612847328186035,0.2153998166322708,19,1,1,1,1,1,1,0.38448986411094666,0.008107364177703857,0,contra,0.15,-1,100,61,CORRECT,0,0,0,0,6,0,0.38449,0.0,answer,
margin,live-delta,2,0.0,0.52004,0.581322,0.278522,0.96875,0.340926,0.490926,0.018241524696350098,0.48883119225502014,0.47058966755867004,2.4428212642669678,11.505455017089844,0.2634851336479187,20,1,3,0,3,0,1,0.8823333382606506,-0.08488726615905762,0,contra,0.15,-1,101,123,CONTRADICTORY_LENIENT,0,1,0,0,7,0,0.161801,0.0,answer,
margin,live-delta,2,0.0,0.52004,0.581322,0.278522,0.96875,0.340926,0.490926,0.0,0.6314265727996826,0.6314265727996826,2.3140311241149902,10.115118026733398,0.24339710175991058,20,1,2,0,1,1,1,0.43003976345062256,0.0,0,contra,0.15,-1,102,172,CORRECT,0,0,0,0,6,0,0.43004,0.0,answer,
margin,live-delta,2,0.0,0.52004,0.581322,0.278522,0.96875,0.340926,0.490926,0.018510043621063232,0.6128389239311218,0.5943288803100586,1.6504817008972168,5.209488391876221,0.45624688267707825,20,1,1,1,1,1,0,0.05321324244141579,0.14415180683135986,2,contra,0.15,-1,103,54,CORRECT,0,0,0,0,5,0,0.053213,0.0,answer,
margin,live-delta,2,0.0,0.52004,0.581322,0.278522,0.96875,0.340926,0.490926,0.0,0.6102866530418396,0.6102866530418396,2.3280277252197266,10.2576904296875,0.15638521313667297,20,1,3,0,1,1,1,0.3536738157272339,0.0,0,contra,0.15,-1,104,164,CORRECT,0,0,0,0,6,0,0.353674,0.0,answer,
margin,live-delta,2,0.0,0.52004,0.581322,0.278522,0.96875,0.340926,0.490926,0.07134711742401123,0.705420970916748,0.6340738534927368,1.458077073097229,4.297687530517578,0.5752355456352234,14,1,1,1,1,1,0,0.05162715166807175,0.14682543277740479,2,contra,0.15,-1,105,40,CORRECT,0,0,0,0,2,0,0.051627,0.0,answer,
margin,live-delta,2,0.0,0.52004,0.581322,0.278522,0.96875,0.340926,0.490926,0.07959204912185669,0.7538836598396301,0.6742916107177734,1.124220609664917,3.077816963195801,0.6970899701118469,20,1,1,1,1,1,0,0.03248205780982971,0.1683506965637207,2,contra,0.15,-1,106,39,CORRECT,0,0,0,0,4,0,0.032482,0.0,answer,
margin,live-delta,2,0.0,0.52004,0.581322,0.278522,0.96875,0.340926,0.490926,0.01196134090423584,0.6172198057174683,0.6052584648132324,2.09567928314209,8.130962371826172,0.3408010005950928,20,1,1,1,1,1,1,0.27238965034484863,0.07979488372802734,2,contra,0.15,-1,107,60,CORRECT,0,0,0,0,6,0,0.147717,0.0,answer,
margin,live-delta,2,0.0,0.52004,0.581322,0.278522,0.96875,0.340926,0.490926,0.0,0.6414546966552734,0.6414546966552734,2.221515417098999,9.221294403076172,0.1847752332687378,20,1,0,0,1,1,1,0.42073917388916016,0.0,0,contra,0.15,-1,108,183,CORRECT,0,0,0,0,5,0,0.420739,0.0,answer,
margin,live-delta,2,0.0,0.52004,0.581322,0.278522,0.96875,0.340926,0.490926,0.0,0.6084858775138855,0.6084858775138855,2.224189043045044,9.245981216430664,0.15445509552955627,20,1,2,0,1,1,1,0.4665449261665344,0.0,0,contra,0.15,-1,109,172,CORRECT,0,0,0,0,6,0,0.466545,0.0,answer,
margin,live-delta,2,0.0,0.52004,0.581322,0.278522,0.96875,0.340926,0.490926,0.029764771461486816,0.6916086673736572,0.6618438959121704,1.6320239305496216,5.114214897155762,0.4489189386367798,11,1,1,1,1,1,0,0.08645621687173843,0.09624272584915161,2,contra,0.15,-1,111,32,CORRECT,0,0,0,0,2,0,0.086456,0.0,answer,
margin,live-delta,2,0.0,0.52004,0.581322,0.278522,0.96875,0.340926,0.490926,0.0655626654624939,0.6678102612495422,0.6022475957870483,2.1464285850524902,8.554252624511719,0.34389570355415344,20,1,1,1,1,1,1,0.29154813289642334,0.0655626654624939,2,contra,0.15,-1,112,46,CORRECT,0,0,0,0,7,0,0.291548,0.0,answer,
margin,live-delta,2,0.0,0.52004,0.581322,0.278522,0.96875,0.340926,0.490926,0.024531066417694092,0.5232676267623901,0.49873656034469604,1.174794316291809,3.2374770641326904,0.53633052110672,7,1,1,1,1,1,0,0.0,0.2015482783317566,2,contra,0.15,-1,113,34,CORRECT,0,0,0,0,0,0,0.0,0.0,answer,
margin,live-delta,2,0.0,0.52004,0.581322,0.278522,0.96875,0.340926,0.490926,0.03674370050430298,0.6705558896064758,0.6338121891021729,1.6210618019104004,5.0584588050842285,0.4895876348018646,17,1,1,1,1,1,0,0.06349227577447891,0.11231809854507446,2,contra,0.15,-1,114,57,CORRECT,0,0,0,0,3,0,0.063492,0.0,answer,
margin,live-delta,2,0.0,0.52004,0.581322,0.278522,0.96875,0.340926,0.490926,0.0,0.5355624556541443,0.5355624556541443,2.524639129638672,12.486388206481934,0.22129830718040466,20,1,3,0,1,1,1,0.3977675139904022,0.0,0,contra,0.15,-1,115,159,CORRECT,0,0,0,0,5,0,0.313256,0.0,answer,
margin,live-delta,2,0.0,0.52004,0.581322,0.278522,0.96875,0.340926,0.490926,0.07225799560546875,0.6103099584579468,0.538051962852478,1.465989589691162,4.3318281173706055,0.6106106638908386,16,1,1,1,1,1,0,0.035858020186424255,0.15449249744415283,2,contra,0.15,-1,116,54,CORRECT,0,0,0,0,3,0,0.035858,0.0,answer,
margin,live-delta,2,0.0,0.52004,0.581322,0.278522,0.96875,0.340926,0.490926,0.0,0.670042097568512,0.670042097568512,1.9602868556976318,7.101363658905029,0.21253278851509094,20,1,1,1,1,1,1,0.4669800400733948,0.0,0,contra,0.15,-1,117,168,CORRECT,0,0,0,0,7,0,0.465023,0.0,answer,
margin,live-delta,2,0.0,0.52004,0.581322,0.278522,0.96875,0.340926,0.490926,0.030777424573898315,0.44668951630592346,0.41591209173202515,1.3901935815811157,4.015627384185791,0.4187202453613281,5,1,1,1,1,1,1,0.29063987731933594,0.030777424573898315,1,contra,0.15,-1,118,48,CORRECT,0,0,0,0,2,0,0.29064,0.0,answer,
margin,live-delta,2,0.0,0.52004,0.581322,0.278522,0.96875,0.340926,0.490926,0.0,0.5582033395767212,0.5582033395767212,2.255826711654663,9.543179512023926,0.17428219318389893,20,1,0,0,1,1,1,0.4911988079547882,0.0,0,contra,0.15,-1,119,183,CORRECT,0,0,0,0,7,0,0.466589,0.0,answer,
margin,live-delta,2,0.0,0.52004,0.581322,0.278522,0.96875,0.340926,0.490926,0.001757204532623291,0.6123923659324646,0.6106351613998413,1.9853076934814453,7.281287670135498,0.24119964241981506,19,1,1,1,1,1,1,0.3240649104118347,0.001757204532623291,0,contra,0.15,-1,120,57,CORRECT,0,0,0,0,5,0,0.324065,0.0,answer,
margin,live-delta,2,0.0,0.52004,0.581322,0.278522,0.96875,0.340926,0.490926,0.028531432151794434,0.6142705678939819,0.5857391357421875,2.2459211349487305,9.449115753173828,0.34202107787132263,20,1,1,1,1,1,1,0.20529420673847198,0.07921731472015381,2,contra,0.15,-1,121,52,CORRECT,0,0,0,0,6,0,0.169806,0.0,answer,
margin,live-delta,2,0.0,0.52004,0.581322,0.278522,0.96875,0.340926,0.490926,0.04132509231567383,0.6418052911758423,0.6004801988601685,2.3553104400634766,10.541400909423828,0.2853940427303314,20,1,1,1,1,1,1,0.3223625719547272,0.04132509231567383,1,contra,0.15,-1,122,52,CORRECT,0,0,0,0,7,0,0.322363,0.0,answer,
margin,live-delta,2,0.0,0.52004,0.581322,0.278522,0.96875,0.340926,0.490926,0.1144600510597229,0.5257062911987305,0.41124624013900757,1.6837265491485596,5.3855881690979,0.603398859500885,15,1,1,1,1,1,1,0.31069380044937134,0.13191860914230347,2,contra,0.15,-1,123,43,CORRECT,0,0,0,0,3,0,0.088831,0.0,answer,
margin,live-delta,2,0.0,0.52004,0.581322,0.278522,0.96875,0.340926,0.490926,0.0,0.7209793329238892,0.7209793329238892,1.9476687908172607,7.012321472167969,0.26088330149650574,20,1,2,0,1,1,1,0.4769463539123535,0.0,0,contra,0.15,-1,124,172,CORRECT,0,0,0,0,5,0,0.476946,0.0,answer,
margin,live-delta,2,0.0,0.52004,0.581322,0.278522,0.96875,0.340926,0.490926,0.0,0.5810360312461853,0.5810360312461853,2.465209484100342,11.765946388244629,0.20494592189788818,20,1,1,1,1,1,1,0.40460947155952454,0.0,0,contra,0.15,-1,125,38,CORRECT,0,0,0,0,6,0,0.383081,0.0,answer,
margin,live-delta,2,0.0,0.52004,0.581322,0.278522,0.96875,0.340926,0.490926,0.051419079303741455,0.7271186113357544,0.6756995320320129,0.7952901721000671,2.215083599090576,0.708098292350769,14,1,1,1,1,1,0,0.012222717516124249,0.21110141277313232,2,contra,0.15,-1,126,41,CORRECT,0,0,0,0,3,0,0.012223,0.0,answer,
margin,live-delta,2,0.0,0.52004,0.581322,0.278522,0.96875,0.340926,0.490926,0.1547597050666809,0.7880293130874634,0.6332696080207825,0.5105869174003601,1.6662688255310059,0.8957836627960205,14,1,1,1,1,1,0,0.009922857396304607,0.241455078125,2,contra,0.15,-1,127,40,CORRECT,0,0,0,0,2,0,0.009923,0.0,answer,
margin,live-delta,2,0.0,0.52004,0.581322,0.278522,0.96875,0.340926,0.490926,0.02814382314682007,0.5415035486221313,0.5133597254753113,2.7738609313964844,16.020368576049805,0.19170521199703217,20,2,2,1,2,1,1,0.19140131771564484,0.055680662393569946,2,contra,0.15,-1,128,66,CORRECT,0,0,0,0,5,0,0.191401,0.0,answer,
margin,live-delta,2,0.0,0.52004,0.581322,0.278522,0.96875,0.340926,0.490926,0.02547597885131836,0.5951765775680542,0.5697005987167358,2.3631467819213867,10.6243314743042,0.2902427911758423,20,2,2,1,2,1,0,0.08567827939987183,0.1193922758102417,2,contra,0.15,-1,129,66,CORRECT,0,0,0,0,5,0,0.085678,0.0,answer,
margin,live-delta,2,0.0,0.52004,0.581322,0.278522,0.96875,0.340926,0.490926,0.041772425174713135,0.5690668821334839,0.5272944569587708,2.721682548522949,15.20588493347168,0.16944897174835205,20,2,2,1,2,1,1,0.28258833289146423,0.041772425174713135,1,contra,0.15,-1,130,81,CORRECT,0,0,0,0,5,0,0.282588,0.0,answer,
margin,live-delta,2,0.0,0.52004,0.581322,0.278522,0.96875,0.340926,0.490926,0.014298349618911743,0.40967702865600586,0.3953786790370941,1.2659485340118408,3.546455144882202,0.418262243270874,4,2,2,1,2,1,0,0.0,0.08304855227470398,2,contra,0.15,-1,132,71,CORRECT,0,0,0,0,0,0,0.0,0.0,answer,
margin,live-delta,2,0.0,0.52004,0.581322,0.278522,0.96875,0.340926,0.490926,0.07747495174407959,0.7438898086547852,0.6664148569107056,0.7454538941383362,2.1073977947235107,0.7782666087150574,17,2,2,1,2,1,0,0.0012904873583465815,0.35994023084640503,2,contra,0.15,-1,133,71,CORRECT,0,0,0,0,3,0,0.00129,0.0,answer,
margin,live-delta,2,0.0,0.52004,0.581322,0.278522,0.96875,0.340926,0.490926,0.09667551517486572,0.7966055274009705,0.6999300122261047,1.3711047172546387,3.9397006034851074,0.6704246997833252,20,2,2,1,2,1,0,0.060335543006658554,0.1652429699897766,2,contra,0.15,-1,134,86,CORRECT,0,0,0,0,5,0,0.060336,0.0,answer,
margin,live-delta,2,0.0,0.52004,0.581322,0.278522,0.96875,0.340926,0.490926,0.024165570735931396,0.5892134308815002,0.5650478601455688,1.9523142576217651,7.0449724197387695,0.3009738028049469,20,2,2,1,2,1,1,0.4112955629825592,0.024165570735931396,0,contra,0.15,-1,135,91,CORRECT,0,0,0,0,6,0,0.411296,0.0,answer,
margin,live-delta,2,0.0,0.52004,0.581322,0.278522,0.96875,0.340926,0.490926,0.0,0.6251969933509827,0.6251969933509827,2.473548650741577,11.86447525024414,0.22230669856071472,20,2,1,0,2,1,1,0.35805702209472656,0.0,0,contra,0.15,-1,136,170,CORRECT,0,0,0,0,5,0,0.358057,0.0,answer,
margin,live-delta,2,0.0,0.52004,0.581322,0.278522,0.96875,0.340926,0.490926,0.0,0.4245971441268921,0.4245971441268921,1.7037198543548584,5.49434757232666,0.21169176697731018,6,2,1,0,2,1,1,0.42338353395462036,0.0,0,contra,0.15,-1,137,160,CORRECT,0,0,0,0,2,0,0.423384,0.0,answer,
margin,live-delta,2,0.0,0.52004,0.581322,0.278522,0.96875,0.340926,0.490926,0.012679576873779297,0.41997987031936646,0.40730029344558716,2.477689266204834,11.913702964782715,0.14755256474018097,13,2,2,1,2,1,1,0.1704942286014557,0.027431517839431763,1,contra,0.15,-1,138,85,CORRECT,0,0,0,0,2,0,0.170494,0.0,answer,
margin,live-delta,2,0.0,0.52004,0.581322,0.278522,0.96875,0.340926,0.490926,0.028989017009735107,0.6016455292701721,0.572656512260437,2.1550493240356445,8.628315925598145,0.3536243438720703,20,2,2,1,2,1,0,0.07356707751750946,0.16274487972259521,2,contra,0.15,-1,139,64,CORRECT,0,0,0,0,6,0,0.073567,0.0,answer,
margin,live-delta,2,0.0,0.52004,0.581322,0.278522,0.96875,0.340926,0.490926,0.0345538854598999,0.6501257419586182,0.6155718564987183,1.1054555177688599,3.0206000804901123,0.5741262435913086,10,2,2,1,2,1,0,0.0,0.34767186641693115,2,contra,0.15,-1,140,80,CORRECT,0,0,0,0,0,0,0.0,0.0,answer,
margin,live-delta,2,0.0,0.52004,0.581322,0.278522,0.96875,0.340926,0.490926,0.047999441623687744,0.6712274551391602,0.6232280135154724,1.9019019603729248,6.698622703552246,0.48574528098106384,20,2,2,1,2,1,0,0.05415680259466171,0.16050976514816284,2,contra,0.15,-1,141,86,CORRECT,0,0,0,0,5,0,0.054157,0.0,answer,
margin,live-delta,2,0.0,0.52004,0.581322,0.278522,0.96875,0.340926,0.490926,0.0030187368392944336,0.5701974630355835,0.5671787261962891,2.7684030532836914,15.9331693649292,0.12190722674131393,20,2,2,1,2,1,1,0.2752710282802582,0.0030187368392944336,0,contra,0.15,-1,142,65,CORRECT,0,0,0,0,6,0,0.275271,0.0,answer,
margin,live-delta,2,0.0,0.52004,0.581322,0.278522,0.96875,0.340926,0.490926,0.009077906608581543,0.4765753746032715,0.46749746799468994,2.8251397609710693,16.86330223083496,0.1319275200366974,20,2,2,1,2,1,1,0.25891685485839844,0.022504299879074097,0,contra,0.15,-1,143,91,CORRECT,0,0,0,0,5,0,0.258917,0.0,answer,
margin,live-delta,2,0.0,0.52004,0.581322,0.278522,0.96875,0.340926,0.490926,0.0962134599685669,0.5023441314697266,0.40613067150115967,0.8391346335411072,2.3143632411956787,0.7658134698867798,5,2,2,1,2,1,0,0.0,0.182390958070755,2,contra,0.15,-1,144,85,CORRECT,0,0,0,0,0,0,0.0,0.0,answer,
margin,live-delta,2,0.0,0.52004,0.581322,0.278522,0.96875,0.340926,0.490926,0.06751570105552673,0.5056645274162292,0.4381488263607025,1.6292026042938232,5.099806785583496,0.5043668746948242,9,2,2,1,2,1,1,0.10964798927307129,0.0888524055480957,2,contra,0.15,-1,145,88,CORRECT,0,0,0,0,2,0,0.109648,0.0,answer,
margin,live-delta,2,0.0,0.52004,0.581322,0.278522,0.96875,0.340926,0.490926,0.0006460845470428467,0.4003845751285553,0.39973849058151245,2.435086965560913,11.4168119430542,0.12883996963500977,12,2,2,1,2,1,1,0.38048404455184937,0.0006460845470428467,0,contra,0.15,-1,146,88,CORRECT,0,0,0,0,5,0,0.380484,0.0,answer,
margin,live-delta,2,0.0,0.52004,0.581322,0.278522,0.96875,0.340926,0.490926,0.023302674293518066,0.5993673205375671,0.5760646462440491,2.1941356658935547,8.97224235534668,0.2621144652366638,20,2,2,1,2,1,1,0.3936646580696106,0.023302674293518066,0,contra,0.15,-1,147,91,CORRECT,0,0,0,0,5,0,0.393665,0.0,answer,
margin,live-delta,2,0.0,0.52004,0.581322,0.278522,0.96875,0.340926,0.490926,0.003406345844268799,0.5392884612083435,0.5358821153640747,2.750971794128418,15.657840728759766,0.16724345088005066,20,2,2,1,2,1,1,0.24624204635620117,0.051134586334228516,2,contra,0.15,-1,148,78,CORRECT,0,0,0,0,6,0,0.246242,0.0,answer,
margin,live-delta,2,0.0,0.52004,0.581322,0.278522,0.96875,0.340926,0.490926,0.0855400562286377,0.6592262983322144,0.5736862421035767,1.8370447158813477,6.277957439422607,0.51619553565979,20,2,2,1,2,1,1,0.24900582432746887,0.0855400562286377,2,contra,0.15,-1,149,91,CORRECT,0,0,0,0,5,0,0.249006,0.0,answer,
margin,live-delta,2,0.0,0.52004,0.581322,0.278522,0.96875,0.340926,0.490926,0.002938687801361084,0.6503852605819702,0.6474465727806091,2.5166873931884766,12.387494087219238,0.12593336403369904,20,2,2,1,2,1,1,0.2601591944694519,0.004634380340576172,0,contra,0.15,-1,150,66,CORRECT,0,0,0,0,5,0,0.260159,0.0,answer,
margin,live-delta,2,0.0,0.52004,0.581322,0.278522,0.96875,0.340926,0.490926,0.027769744396209717,0.5065252184867859,0.47875547409057617,2.519465446472168,12.421955108642578,0.27717095613479614,20,2,2,1,2,1,1,0.14198976755142212,0.09336060285568237,2,contra,0.15,-1,151,85,CORRECT,0,0,0,0,5,0,0.14199,0.0,answer,
margin,live-delta,2,0.0,0.52004,0.581322,0.278522,0.96875,0.340926,0.490926,0.27028217911720276,0.6035950779914856,0.33331289887428284,-0.0,1.0,1.0,1,2,2,1,2,1,0,0.0,0.3492032587528229,2,contra,0.15,-1,152,74,CORRECT,0,0,0,0,0,0,0.0,0.0,answer,
margin,live-delta,2,0.0,0.52004,0.581322,0.278522,0.96875,0.340926,0.490926,0.0,0.574760377407074,0.574760377407074,2.6044373512268066,13.523613929748535,0.16710790991783142,20,2,1,0,2,1,1,0.3796422481536865,0.0,0,contra,0.15,-1,153,184,CORRECT,0,0,0,0,5,0,0.379642,0.0,answer,
margin,live-delta,2,0.0,0.52004,0.581322,0.278522,0.96875,0.340926,0.490926,0.010171353816986084,0.39511168003082275,0.38494032621383667,2.038274049758911,7.677347183227539,0.1729174554347992,8,2,2,1,2,1,1,0.2821769118309021,0.010171353816986084,0,contra,0.15,-1,155,64,CORRECT,0,0,0,0,2,0,0.282177,0.0,answer,
margin,live-delta,2,0.0,0.52004,0.581322,0.278522,0.96875,0.340926,0.490926,0.06495732069015503,0.4113556444644928,0.34639832377433777,0.519609808921814,1.6813714504241943,0.7856912612915039,2,2,2,1,2,1,0,0.0,0.18665671348571777,2,contra,0.15,-1,156,93,CORRECT,0,0,0,0,0,0,0.0,0.0,answer,
margin,live-delta,2,0.0,0.52004,0.581322,0.278522,0.96875,0.340926,0.490926,0.0,0.6391476988792419,0.6391476988792419,2.476100206375122,11.894786834716797,0.20845645666122437,20,2,2,1,2,1,1,0.35264018177986145,0.0,0,contra,0.15,-1,157,94,CORRECT,0,0,0,0,6,0,0.35264,0.0,answer,
margin,live-delta,2,0.0,0.52004,0.581322,0.278522,0.96875,0.340926,0.490926,0.08749839663505554,0.5680897235870361,0.4805913269519806,2.3841190338134766,10.84950065612793,0.3821680247783661,20,2,2,1,2,1,1,0.1678571105003357,0.10140091180801392,2,contra,0.15,-1,158,85,CORRECT,0,0,0,0,5,0,0.167857,0.0,answer,
margin,live-delta,2,0.0,0.52004,0.581322,0.278522,0.96875,0.340926,0.490926,0.18490827083587646,0.7387069463729858,0.5537986755371094,0.5566359162330627,1.7447929382324219,0.8974761366844177,20,2,2,1,2,1,0,0.047481294721364975,0.18490827083587646,2,contra,0.15,-1,159,68,CORRECT,0,0,0,0,5,0,0.047481,0.0,answer,
margin,live-delta,2,0.0,0.52004,0.581322,0.278522,0.96875,0.340926,0.490926,0.0344085693359375,0.5577472448348999,0.5233386754989624,2.220876455307007,9.215404510498047,0.29861927032470703,20,2,2,1,2,1,1,0.35703328251838684,0.0344085693359375,1,contra,0.15,-1,160,91,CORRECT,0,0,0,0,5,0,0.357033,0.0,answer,
margin,live-delta,2,0.0,0.52004,0.581322,0.278522,0.96875,0.340926,0.490926,0.0,0.4709516167640686,0.4709516167640686,2.6209652423858643,13.748988151550293,0.13100336492061615,17,2,1,0,2,1,1,0.4082503318786621,0.0,0,contra,0.15,-1,161,184,CORRECT,0,0,0,0,6,0,0.40825,0.0,answer,
margin,live-delta,2,0.0,0.52004,0.581322,0.278522,0.96875,0.340926,0.490926,0.17954033613204956,0.6567572355270386,0.477216899394989,0.3813185691833496,1.4642139673233032,0.9280175566673279,10,2,2,1,2,1,0,0.0017075072973966599,0.31490081548690796,2,contra,0.15,-1,162,93,CORRECT,0,0,0,0,1,0,0.001708,0.0,answer,
margin,live-delta,2,0.0,0.52004,0.581322,0.278522,0.96875,0.340926,0.490926,0.01217794418334961,0.574068546295166,0.5618906021118164,2.617032051086426,13.695016860961914,0.19453367590904236,20,2,2,1,2,1,1,0.11559595912694931,0.086536705493927,2,contra,0.15,-1,163,66,CORRECT,0,0,0,0,4,0,0.115596,0.0,answer,
margin,live-delta,2,0.0,0.52004,0.581322,0.278522,0.96875,0.340926,0.490926,0.2803356647491455,0.6889474987983704,0.40861183404922485,0.06421457231044769,1.0663211345672607,0.9908198714256287,5,2,2,1,2,1,0,0.0,0.37744638323783875,2,contra,0.15,-1,164,93,CORRECT,0,0,0,0,0,0,0.0,0.0,answer,
margin,live-delta,2,0.0,0.52004,0.581322,0.278522,0.96875,0.340926,0.490926,0.08025693893432617,0.6881221532821655,0.6078652143478394,2.377901315689087,10.78225040435791,0.363295316696167,20,2,2,1,2,1,1,0.19875454902648926,0.08025693893432617,2,contra,0.15,-1,165,86,CORRECT,0,0,0,0,5,0,0.198755,0.0,answer,
margin,live-delta,2,0.0,0.52004,0.581322,0.278522,0.96875,0.340926,0.490926,0.07133865356445312,0.4756857752799988,0.40434712171554565,1.2416322231292725,3.4612584114074707,0.5790185332298279,5,2,2,1,2,1,0,0.0,0.21772003173828125,2,contra,0.15,-1,166,80,CORRECT,0,0,0,0,0,0,0.0,0.0,answer,
margin,live-delta,2,0.0,0.52004,0.581322,0.278522,0.96875,0.340926,0.490926,0.004124343395233154,0.3853720426559448,0.38124769926071167,2.238795042037964,9.382019996643066,0.17096461355686188,10,2,2,1,2,1,1,0.2231767475605011,0.04149109125137329,1,contra,0.15,-1,167,93,CORRECT,0,0,0,0,3,0,0.223177,0.0,answer,
margin,live-delta,2,0.0,0.52004,0.581322,0.278522,0.96875,0.340926,0.490926,0.074472576379776,0.3759671151638031,0.3014945387840271,-0.0,1.0,1.0,1,2,2,1,2,1,0,0.0,0.0819317102432251,2,contra,0.15,-1,168,93,CORRECT,0,0,0,0,0,0,0.0,0.0,answer,
margin,live-delta,2,0.0,0.52004,0.581322,0.278522,0.96875,0.340926,0.490926,0.0,0.6072017550468445,0.6072017550468445,2.473020076751709,11.858205795288086,0.15910498797893524,20,2,1,0,2,1,1,0.4415147006511688,0.0,0,contra,0.15,-1,169,157,CORRECT,0,0,0,0,5,0,0.441515,0.0,answer,
margin,live-delta,2,0.0,0.52004,0.581322,0.278522,0.96875,0.340926,0.490926,0.018336057662963867,0.4837937653064728,0.4654577076435089,2.2719268798828125,9.69806957244873,0.2912345230579376,15,2,2,1,2,1,1,0.15271833539009094,0.07637408375740051,2,contra,0.15,-1,170,68,CORRECT,0,0,0,0,3,0,0.152718,0.0,answer,
margin,live-delta,2,0.0,0.52004,0.581322,0.278522,0.96875,0.340926,0.490926,0.03160598874092102,0.42073097825050354,0.3891249895095825,1.2972257137298584,3.6591310501098633,0.4231392443180084,4,2,2,1,2,1,1,0.2248833179473877,0.03160598874092102,1,contra,0.15,-1,172,88,CORRECT,0,0,0,0,1,0,0.224883,0.0,answer,
margin,live-delta,2,0.0,0.52004,0.581322,0.278522,0.96875,0.340926,0.490926,0.02429831027984619,0.5705028176307678,0.5462045073509216,2.7549757957458496,15.720660209655762,0.16009707748889923,20,2,2,1,2,1,1,0.16540753841400146,0.05415374040603638,2,contra,0.15,-1,173,90,CORRECT,0,0,0,0,5,0,0.165408,0.0,answer,
margin,live-delta,2,0.0,0.52004,0.581322,0.278522,0.96875,0.340926,0.490926,0.05137529969215393,0.4979991614818573,0.44662386178970337,1.9455115795135498,6.997210502624512,0.37006425857543945,10,2,2,1,2,1,0,0.0,0.15876707434654236,2,contra,0.15,-1,174,65,CORRECT,0,0,0,0,0,0,0.0,0.0,answer,
margin,live-delta,2,0.0,0.52004,0.581322,0.278522,0.96875,0.340926,0.490926,0.0024803578853607178,0.4129861891269684,0.41050583124160767,1.8383946418762207,6.28643798828125,0.2340761125087738,7,2,2,1,2,1,0,0.06152984872460365,0.06680619716644287,2,contra,0.15,-1,176,88,CORRECT,0,0,0,0,1,0,0.06153,0.0,answer,
margin,live-delta,2,0.0,0.52004,0.581322,0.278522,0.96875,0.340926,0.490926,0.12175902724266052,0.6065850257873535,0.484825998544693,1.6956140995025635,5.449991703033447,0.6163216829299927,20,2,2,1,2,1,1,0.12465540319681168,0.12190032005310059,2,contra,0.15,-1,177,78,CORRECT,0,0,0,0,6,0,0.124655,0.0,answer,
margin,live-delta,2,0.0,0.52004,0.581322,0.278522,0.96875,0.340926,0.490926,0.0012949109077453613,0.5802474617958069,0.5789525508880615,2.5878024101257324,13.30051040649414,0.18496665358543396,20,2,2,1,2,1,1,0.22478583455085754,0.03733593225479126,1,contra,0.15,-1,179,87,CORRECT,0,0,0,0,5,0,0.224786,0.0,answer,
margin,live-delta,2,0.0,0.52004,0.581322,0.278522,0.96875,0.340926,0.490926,0.0029421746730804443,0.4807736277580261,0.4778314530849457,2.675463914871216,14.519083976745605,0.15517555177211761,20,2,2,1,2,1,1,0.2779301702976227,0.01795169711112976,0,contra,0.15,-1,180,64,CORRECT,0,0,0,0,5,0,0.27793,0.0,answer,
margin,live-delta,2,0.0,0.52004,0.581322,0.278522,0.96875,0.340926,0.490926,0.03837907314300537,0.6918320655822754,0.65345299243927,1.8435739278793335,6.319081783294678,0.47649356722831726,20,2,2,1,2,1,0,0.05835583806037903,0.13680988550186157,2,contra,0.15,-1,181,69,CORRECT,0,0,0,0,4,0,0.058356,0.0,answer,
margin,live-delta,2,0.0,0.52004,0.581322,0.278522,0.96875,0.340926,0.490926,0.012425124645233154,0.45632970333099365,0.4439045786857605,2.3380212783813477,10.36071491241455,0.22226198017597198,13,2,2,1,2,1,1,0.15156914293766022,0.062102824449539185,2,contra,0.15,-1,182,64,CORRECT,0,0,0,0,3,0,0.151569,0.0,answer,
margin,live-delta,2,0.0,0.52004,0.581322,0.278522,0.96875,0.340926,0.490926,0.0,0.36534959077835083,0.36534959077835083,1.3641643524169922,3.912452220916748,0.30131781101226807,4,2,2,1,2,1,1,0.30131781101226807,0.0,0,contra,0.15,-1,183,84,CORRECT,0,0,0,0,1,0,0.301318,0.0,answer,
margin,live-delta,2,0.0,0.52004,0.581322,0.278522,0.96875,0.340926,0.490926,0.0478360652923584,0.551082193851471,0.5032461285591125,2.5924272537231445,13.362165451049805,0.25810107588768005,20,2,2,1,2,1,1,0.17717760801315308,0.06652528047561646,2,contra,0.15,-1,184,66,CORRECT,0,0,0,0,4,0,0.177178,0.0,answer,
margin,live-delta,2,0.0,0.52004,0.581322,0.278522,0.96875,0.340926,0.490926,0.0,0.5307070016860962,0.5307070016860962,0.9564798474311829,2.6025190353393555,0.46310463547706604,4,2,1,0,2,1,1,0.46310463547706604,0.0,0,contra,0.15,-1,185,170,CORRECT,0,0,0,0,1,0,0.463105,0.0,answer,
margin,live-delta,2,0.0,0.52004,0.581322,0.278522,0.96875,0.340926,0.490926,0.0038154125213623047,0.6895368099212646,0.6857213973999023,1.6956912279129028,5.450412273406982,0.35213008522987366,20,2,2,1,2,1,0,0.007072821259498596,0.2522522807121277,2,contra,0.15,-1,186,80,CORRECT,0,0,0,0,4,0,0.007073,0.0,answer,
margin,live-delta,2,0.0,0.52004,0.581322,0.278522,0.96875,0.340926,0.490926,0.038748323917388916,0.36235830187797546,0.32360997796058655,-0.0,1.0,1.0,1,2,2,1,2,1,0,0.0,0.06849697232246399,2,contra,0.15,-1,187,81,CORRECT,0,0,0,0,0,0,0.0,0.0,answer,
margin,live-delta,2,0.0,0.52004,0.581322,0.278522,0.96875,0.340926,0.490926,0.0,0.46566590666770935,0.46566590666770935,2.156111240386963,8.637483596801758,0.1891045719385147,14,2,1,0,2,1,1,0.47841668128967285,0.0,0,contra,0.15,-1,188,143,CORRECT,0,0,0,0,6,0,0.478417,0.0,answer,
margin,live-delta,2,0.0,0.52004,0.581322,0.278522,0.96875,0.340926,0.490926,0.04678565263748169,0.574927806854248,0.5281421542167664,1.6182255744934082,5.044131755828857,0.5274285078048706,15,2,2,1,2,1,0,0.012692632153630257,0.22100692987442017,2,contra,0.15,-1,189,65,CORRECT,0,0,0,0,2,0,0.012693,0.0,answer,
margin,live-delta,2,0.0,0.52004,0.581322,0.278522,0.96875,0.340926,0.490926,0.0,0.5638655424118042,0.5638655424118042,2.499727964401245,12.179180145263672,0.20444589853286743,20,2,2,1,2,1,1,0.38937532901763916,0.0,0,contra,0.15,-1,190,76,CORRECT,0,0,0,0,4,0,0.389375,0.0,answer,
margin,live-delta,2,0.0,0.52004,0.581322,0.278522,0.96875,0.340926,0.490926,0.005952358245849609,0.555470883846283,0.5495185256004333,2.4339959621429443,11.404362678527832,0.2039802074432373,20,2,2,1,2,1,1,0.24816656112670898,0.005952358245849609,0,contra,0.15,-1,191,86,CORRECT,0,0,0,0,5,0,0.248167,0.0,answer,
margin,live-delta,2,0.0,0.52004,0.581322,0.278522,0.96875,0.340926,0.490926,0.033803701400756836,0.7158771753311157,0.6820734739303589,2.3451714515686035,10.43506145477295,0.23367272317409515,20,3,3,1,3,1,1,0.31767538189888,0.033803701400756836,1,contra,0.15,-1,192,98,CORRECT,0,0,0,0,8,0,0.317675,0.0,answer,
margin,live-delta,2,0.0,0.52004,0.581322,0.278522,0.96875,0.340926,0.490926,0.10260394215583801,0.5292460918426514,0.42664214968681335,1.6332006454467773,5.120236396789551,0.591081976890564,13,3,3,1,3,1,1,0.16698236763477325,0.10260394215583801,2,contra,0.15,-1,193,124,CORRECT,0,0,0,0,4,0,0.166982,0.0,answer,
margin,live-delta,2,0.0,0.52004,0.581322,0.278522,0.96875,0.340926,0.490926,0.004106700420379639,0.43997180461883545,0.4358651041984558,2.2969624996185303,9.943931579589844,0.154403954744339,12,3,3,1,3,1,1,0.3776663541793823,0.004106700420379639,0,contra,0.15,-1,194,124,CORRECT,0,0,0,0,5,0,0.377666,0.0,answer,
margin,live-delta,2,0.0,0.52004,0.581322,0.278522,0.96875,0.340926,0.490926,0.0,0.6738865971565247,0.6738865971565247,1.928969383239746,6.882413387298584,0.3358665406703949,20,3,2,0,3,1,1,0.4165280759334564,0.0,0,contra,0.15,-1,195,136,CORRECT,0,0,0,0,7,0,0.416528,0.0,answer,
margin,live-delta,2,0.0,0.52004,0.581322,0.278522,0.96875,0.340926,0.490926,0.003085196018218994,0.6066103577613831,0.6035251617431641,2.6713197231292725,14.459038734436035,0.1182413399219513,20,3,3,1,3,1,1,0.4009975790977478,0.0074002742767333984,0,contra,0.15,-1,196,98,CORRECT,0,0,0,0,7,0,0.400998,0.0,answer,
margin,live-delta,2,0.0,0.52004,0.581322,0.278522,0.96875,0.340926,0.490926,0.0,0.6571125984191895,0.6571125984191895,2.48586368560791,12.011489868164062,0.172015979886055,20,3,2,0,3,1,1,0.2938760817050934,0.0,0,contra,0.15,-1,197,136,CORRECT,0,0,0,0,7,0,0.293876,0.0,answer,
margin,live-delta,2,0.0,0.52004,0.581322,0.278522,0.96875,0.340926,0.490926,0.0,0.6370205283164978,0.6370205283164978,1.4701459407806396,4.349869728088379,0.4034484326839447,20,3,2,0,3,1,1,0.42276322841644287,0.0,0,contra,0.15,-1,199,136,CORRECT,0,0,0,0,5,0,0.422763,0.0,answer,
margin,live-delta,2,0.0,0.52004,0.581322,0.278522,0.96875,0.340926,0.490926,0.028112411499023438,0.7088281512260437,0.6807157397270203,2.63643217086792,13.963295936584473,0.1884807050228119,20,3,3,1,3,1,1,0.31179535388946533,0.028112411499023438,1,contra,0.15,-1,200,115,CORRECT,0,0,0,0,7,0,0.311795,0.0,answer,
margin,live-delta,2,0.0,0.52004,0.581322,0.278522,0.96875,0.340926,0.490926,0.08230164647102356,0.48156577348709106,0.3992641270160675,1.8687963485717773,6.480491638183594,0.4793510437011719,11,3,3,1,3,1,1,0.12409541010856628,0.12096911668777466,2,contra,0.15,-1,201,107,CORRECT,0,0,0,0,3,0,0.124095,0.0,answer,
margin,live-delta,2,0.0,0.52004,0.581322,0.278522,0.96875,0.340926,0.490926,0.02431178092956543,0.5317378044128418,0.5074260234832764,1.2623134851455688,3.5335869789123535,0.4941386878490448,8,3,3,1,3,1,0,0.024753406643867493,0.18435001373291016,2,contra,0.15,-1,202,116,CORRECT,0,0,0,0,2,0,0.024753,0.0,answer,
margin,live-delta,2,0.0,0.52004,0.581322,0.278522,0.96875,0.340926,0.490926,0.1064421534538269,0.6956464052200317,0.5892042517662048,1.8338987827301025,6.258238792419434,0.5825831294059753,20,3,3,1,3,1,1,0.1496729552745819,0.15494287014007568,2,contra,0.15,-1,203,123,CORRECT,0,0,0,0,7,0,0.149673,0.0,answer,
margin,live-delta,2,0.0,0.52004,0.581322,0.278522,0.96875,0.340926,0.490926,0.0,0.649493396282196,0.649493396282196,1.676634669303894,5.347529411315918,0.2446325272321701,15,3,1,0,3,1,1,0.4955087900161743,0.0,0,contra,0.15,-1,204,142,CORRECT,0,0,0,0,4,0,0.495509,0.0,answer,
margin,live-delta,2,0.0,0.52004,0.581322,0.278522,0.96875,0.340926,0.490926,0.013731002807617188,0.4197525680065155,0.4060215651988983,2.087878465652466,8.067780494689941,0.21386894583702087,9,3,3,1,3,1,1,0.2818112075328827,0.020053625106811523,0,contra,0.15,-1,205,116,CORRECT,0,0,0,0,3,0,0.281811,0.0,answer,
margin,live-delta,2,0.0,0.52004,0.581322,0.278522,0.96875,0.340926,0.490926,0.03863942623138428,0.5191511511802673,0.48051172494888306,1.5259416103363037,4.599472522735596,0.41427648067474365,6,3,3,1,3,1,1,0.25389760732650757,0.05913746356964111,2,contra,0.15,-1,206,107,CORRECT,0,0,0,0,2,0,0.253898,0.0,answer,
margin,live-delta,2,0.0,0.52004,0.581322,0.278522,0.96875,0.340926,0.490926,0.08332982659339905,0.5254757404327393,0.4421459138393402,0.9013120532035828,2.462832450866699,0.7346128821372986,5,3,3,1,3,1,0,0.04334941506385803,0.1415025293827057,2,contra,0.15,-1,207,101,CORRECT,0,0,0,0,1,0,0.043349,0.0,answer,
margin,live-delta,2,0.0,0.52004,0.581322,0.278522,0.96875,0.340926,0.490926,0.0,0.5600730180740356,0.5600730180740356,2.359980821609497,10.590747833251953,0.2337140291929245,20,3,3,1,3,1,1,0.40811195969581604,0.0,0,contra,0.15,-1,208,127,CORRECT,0,0,0,0,6,0,0.408112,0.0,answer,
margin,live-delta,2,0.0,0.52004,0.581322,0.278522,0.96875,0.340926,0.490926,0.0,0.6268348693847656,0.6268348693847656,2.4507532119750977,11.597078323364258,0.1357722282409668,20,3,2,0,3,1,1,0.3859310448169708,0.0,0,contra,0.15,-1,209,179,CORRECT,0,0,0,0,7,0,0.385931,0.0,answer,
margin,live-delta,2,0.0,0.52004,0.581322,0.278522,0.96875,0.340926,0.490926,0.01754710078239441,0.4622208774089813,0.4446737766265869,2.529025077819824,12.54127311706543,0.17320039868354797,18,3,3,1,3,1,1,0.34380775690078735,0.019447147846221924,0,contra,0.15,-1,210,100,CORRECT,0,0,0,0,6,0,0.318725,0.0,answer,
margin,live-delta,2,0.0,0.52004,0.581322,0.278522,0.96875,0.340926,0.490926,0.02866208553314209,0.7037274837493896,0.6750653982162476,2.361095428466797,10.602559089660645,0.2669162154197693,20,3,3,1,3,1,1,0.23694272339344025,0.052036285400390625,2,contra,0.15,-1,211,96,CORRECT,0,0,0,0,7,0,0.236943,0.0,answer,
margin,live-delta,2,0.0,0.52004,0.581322,0.278522,0.96875,0.340926,0.490926,0.03594094514846802,0.7040786147117615,0.6681376695632935,2.18808650970459,8.918131828308105,0.2871449589729309,20,3,3,1,3,1,1,0.2795419991016388,0.03594094514846802,1,contra,0.15,-1,212,98,CORRECT,0,0,0,0,7,0,0.279542,0.0,answer,
margin,live-delta,2,0.0,0.52004,0.581322,0.278522,0.96875,0.340926,0.490926,0.0,0.7602081298828125,0.7602081298828125,2.4023094177246094,11.048663139343262,0.2000632882118225,20,3,2,0,3,1,1,0.35697585344314575,0.0,0,contra,0.15,-1,213,136,CORRECT,0,0,0,0,7,0,0.356976,0.0,answer,
margin,live-delta,2,0.0,0.52004,0.581322,0.278522,0.96875,0.340926,0.490926,0.0420457124710083,0.4206753373146057,0.3786296248435974,2.542799472808838,12.715216636657715,0.19346660375595093,14,3,3,1,3,1,1,0.3227987587451935,0.0420457124710083,1,contra,0.15,-1,214,116,CORRECT,0,0,0,0,5,0,0.322799,0.0,answer,
margin,live-delta,2,0.0,0.52004,0.581322,0.278522,0.96875,0.340926,0.490926,0.0,0.6014844179153442,0.6014844179153442,2.554750919342041,12.868094444274902,0.18547949194908142,20,3,3,1,3,1,1,0.41534391045570374,0.0,0,contra,0.15,-1,215,127,CORRECT,0,0,0,0,8,0,0.415344,0.0,answer,
margin,live-delta,2,0.0,0.52004,0.581322,0.278522,0.96875,0.340926,0.490926,0.010835528373718262,0.561787486076355,0.5509519577026367,2.5108885765075684,12.315868377685547,0.15104004740715027,20,3,3,1,3,1,1,0.3058604300022125,0.014511168003082275,0,contra,0.15,-1,216,106,CORRECT,0,0,0,0,7,0,0.30586,0.0,answer,
margin,live-delta,2,0.0,0.52004,0.581322,0.278522,0.96875,0.340926,0.490926,0.15650790929794312,0.581675112247467,0.4251672029495239,0.5755566358566284,1.7781200408935547,0.8690788745880127,6,3,3,1,3,1,0,0.0844547301530838,0.15650790929794312,2,contra,0.15,-1,217,105,CORRECT,0,0,0,0,3,0,0.084455,0.0,answer,
margin,live-delta,2,0.0,0.52004,0.581322,0.278522,0.96875,0.340926,0.490926,0.01645064353942871,0.6338362693786621,0.6173856258392334,2.5861947536468506,13.279145240783691,0.1477370262145996,20,3,3,1,3,1,1,0.3750929832458496,0.01645064353942871,0,contra,0.15,-1,218,117,CORRECT,0,0,0,0,7,0,0.375093,0.0,answer,
margin,live-delta,2,0.0,0.52004,0.581322,0.278522,0.96875,0.340926,0.490926,0.046770721673965454,0.540321946144104,0.49355122447013855,2.6749508380889893,14.511636734008789,0.21576230227947235,20,3,3,1,3,1,1,0.311278760433197,0.04950672388076782,1,contra,0.15,-1,219,108,CORRECT,0,0,0,0,8,0,0.311279,0.0,answer,
margin,live-delta,2,0.0,0.52004,0.581322,0.278522,0.96875,0.340926,0.490926,0.0,0.6931151151657104,0.6931151151657104,2.4690845012664795,11.811628341674805,0.16091090440750122,20,3,3,1,3,1,1,0.38469070196151733,0.0,0,contra,0.15,-1,220,127,CORRECT,0,0,0,0,7,0,0.384691,0.0,answer,
margin,live-delta,2,0.0,0.52004,0.581322,0.278522,0.96875,0.340926,0.490926,0.0,0.6067142486572266,0.6067142486572266,1.734959602355957,5.668698787689209,0.36746007204055786,20,3,0,0,3,1,1,0.44598960876464844,0.0,0,contra,0.15,-1,221,138,CORRECT,0,0,0,0,7,0,0.44599,0.0,answer,
margin,live-delta,2,0.0,0.52004,0.581322,0.278522,0.96875,0.340926,0.490926,0.025349020957946777,0.5600713491439819,0.5347223281860352,2.748297691345215,15.616025924682617,0.14411816000938416,20,3,3,1,3,1,1,0.3862342834472656,0.025349020957946777,1,contra,0.15,-1,222,98,CORRECT,0,0,0,0,8,0,0.386234,0.0,answer,
margin,live-delta,2,0.0,0.52004,0.581322,0.278522,0.96875,0.340926,0.490926,0.0464787483215332,0.4414621889591217,0.3949834406375885,2.8338522911071777,17.010866165161133,0.18065571784973145,20,3,3,1,3,1,1,0.32382240891456604,0.0464787483215332,1,contra,0.15,-1,223,124,CORRECT,0,0,0,0,7,0,0.323822,0.0,answer,
margin,live-delta,2,0.0,0.52004,0.581322,0.278522,0.96875,0.340926,0.490926,0.0,0.40286785364151,0.40286785364151,1.3213564157485962,3.748502492904663,0.29763442277908325,4,3,1,0,3,1,1,0.5952688455581665,0.0,0,contra,0.15,-1,224,180,CORRECT,0,0,0,0,2,0,0.595269,0.0,answer,
margin,live-delta,2,0.0,0.52004,0.581322,0.278522,0.96875,0.340926,0.490926,0.0,0.5563745498657227,0.5563745498657227,2.5944745540618896,13.38955020904541,0.19065207242965698,20,3,3,1,3,1,1,0.4889508783817291,0.0,0,contra,0.15,-1,225,186,CORRECT,0,0,0,0,7,0,0.349535,0.0,answer,
margin,live-delta,2,0.0,0.52004,0.581322,0.278522,0.96875,0.340926,0.490926,0.03750276565551758,0.47772443294525146,0.4402216672897339,2.7627527713775635,15.843396186828613,0.17213444411754608,20,3,3,1,3,1,1,0.3595302402973175,0.03750276565551758,1,contra,0.15,-1,226,123,CORRECT,0,0,0,0,8,0,0.35953,0.0,answer,
margin,live-delta,2,0.0,0.52004,0.581322,0.278522,0.96875,0.340926,0.490926,0.0,0.3879879117012024,0.3879879117012024,1.0986123085021973,3.0,0.3333333432674408,3,3,2,0,2,0,1,0.6666666865348816,0.0,0,contra,0.15,-1,227,179,CONTRADICTORY_STRICT,1,1,0,0,2,0,0.666667,0.0,answer,
margin,live-delta,2,0.0,0.52004,0.581322,0.278522,0.96875,0.340926,0.490926,0.0,0.7159953117370605,0.7159953117370605,1.1097209453582764,3.0335118770599365,0.3327811062335968,5,3,1,0,3,1,1,0.6655622124671936,0.0,0,contra,0.15,-1,228,142,CORRECT,0,0,0,0,2,0,0.665562,0.0,answer,
margin,live-delta,2,0.0,0.52004,0.581322,0.278522,0.96875,0.340926,0.490926,0.06361925601959229,0.6538165807723999,0.5901973247528076,2.1198983192443848,8.330290794372559,0.3980754315853119,20,3,3,1,3,1,1,0.22184434533119202,0.06361925601959229,2,contra,0.15,-1,229,115,CORRECT,0,0,0,0,7,0,0.221844,0.0,answer,
margin,live-delta,2,0.0,0.52004,0.581322,0.278522,0.96875,0.340926,0.490926,0.0,0.6125504374504089,0.6125504374504089,2.471431016921997,11.839377403259277,0.13322268426418304,20,3,3,1,2,0,1,0.5313240885734558,0.0,0,contra,0.15,-1,230,103,CONTRADICTORY_LENIENT,0,1,0,0,7,0,0.531324,0.0,answer,
margin,live-delta,2,0.0,0.52004,0.581322,0.278522,0.96875,0.340926,0.490926,0.027474582195281982,0.5701779127120972,0.5427033305168152,2.273367166519165,9.712047576904297,0.32953891158103943,20,3,3,1,3,1,1,0.21264639496803284,0.0692371129989624,2,contra,0.15,-1,231,117,CORRECT,0,0,0,0,8,0,0.212646,0.0,answer,
margin,live-delta,2,0.0,0.52004,0.581322,0.278522,0.96875,0.340926,0.490926,0.0,0.5009386539459229,0.5009386539459229,2.6717946529388428,14.465907096862793,0.13605065643787384,20,3,1,0,3,1,1,0.5783385038375854,0.0,0,contra,0.15,-1,232,180,CORRECT,0,0,0,0,8,0,0.452684,0.0,answer,
margin,live-delta,2,0.0,0.52004,0.581322,0.278522,0.96875,0.340926,0.490926,0.0030035674571990967,0.496469646692276,0.4934660792350769,2.598055124282837,13.437578201293945,0.1515381634235382,17,3,3,1,3,1,1,0.3151072561740875,0.0030035674571990967,0,contra,0.15,-1,233,115,CORRECT,0,0,0,0,6,0,0.315107,0.0,answer,
margin,live-delta,2,0.0,0.52004,0.581322,0.278522,0.96875,0.340926,0.490926,0.04291737079620361,0.501893937587738,0.4589765667915344,2.6207194328308105,13.745609283447266,0.19219540059566498,17,3,3,1,3,1,1,0.3266368806362152,0.04291737079620361,1,contra,0.15,-1,234,108,CORRECT,0,0,0,0,6,0,0.326637,0.0,answer,
margin,live-delta,2,0.0,0.52004,0.581322,0.278522,0.96875,0.340926,0.490926,0.06836903095245361,0.6614959239959717,0.5931268930435181,2.0037543773651123,7.416849613189697,0.45204654335975647,20,3,3,1,3,1,1,0.19894041121006012,0.08094149827957153,2,contra,0.15,-1,235,115,CORRECT,0,0,0,0,7,0,0.19894,0.0,answer,
margin,live-delta,2,0.0,0.52004,0.581322,0.278522,0.96875,0.340926,0.490926,0.005754947662353516,0.46608585119247437,0.46033090353012085,2.822695732116699,16.8221378326416,0.14321112632751465,20,3,3,1,3,1,1,0.3444098234176636,0.030435651540756226,1,contra,0.15,-1,236,118,CORRECT,0,0,0,0,7,0,0.296324,0.0,answer,
margin,live-delta,2,0.0,0.52004,0.581322,0.278522,0.96875,0.340926,0.490926,0.015743613243103027,0.6798076629638672,0.6640640497207642,2.0080368518829346,7.4486799240112305,0.3359185457229614,20,3,3,1,3,1,1,0.22108080983161926,0.06494688987731934,2,contra,0.15,-1,237,115,CORRECT,0,0,0,0,7,0,0.221081,0.0,answer,
margin,live-delta,2,0.0,0.52004,0.581322,0.278522,0.96875,0.340926,0.490926,0.0,0.48643261194229126,0.48643261194229126,2.7649641036987305,15.878470420837402,0.13857319951057434,20,3,2,0,3,1,1,0.4513850212097168,0.0,0,contra,0.15,-1,238,158,CORRECT,0,0,0,0,8,0,0.451385,0.0,answer,
margin,live-delta,2,0.0,0.52004,0.581322,0.278522,0.96875,0.340926,0.490926,0.04946953058242798,0.5871029496192932,0.5376334190368652,2.249001979827881,9.478271484375,0.3805566430091858,20,3,3,1,3,1,1,0.18405959010124207,0.07708108425140381,2,contra,0.15,-1,239,123,CORRECT,0,0,0,0,7,0,0.18406,0.0,answer,
margin,live-delta,2,0.0,0.52004,0.581322,0.278522,0.96875,0.340926,0.490926,0.0,0.6377276182174683,0.6377276182174683,2.1891896724700928,8.92797565460205,0.18140624463558197,20,3,3,1,2,0,1,0.544459879398346,0.0,0,contra,0.15,-1,240,114,CONTRADICTORY_LENIENT,0,1,0,0,8,0,0.54446,0.0,answer,
margin,live-delta,2,0.0,0.52004,0.581322,0.278522,0.96875,0.340926,0.490926,0.0,0.49900099635124207,0.49900099635124207,2.3566842079162598,10.555891990661621,0.20301568508148193,19,3,1,0,3,1,1,0.5794326663017273,0.0,0,contra,0.15,-1,241,142,CORRECT,0,0,0,0,6,0,0.49238,0.0,answer,
margin,live-delta,2,0.0,0.52004,0.581322,0.278522,0.96875,0.340926,0.490926,0.02079826593399048,0.5582751631736755,0.5374768972396851,2.6495301723480225,14.147390365600586,0.20030726492404938,20,3,3,1,3,1,1,0.2815929055213928,0.03927576541900635,1,contra,0.15,-1,242,96,CORRECT,0,0,0,0,7,0,0.281593,0.0,answer,
margin,live-delta,2,0.0,0.52004,0.581322,0.278522,0.96875,0.340926,0.490926,0.0,0.7332625985145569,0.7332625985145569,2.059870481491089,7.844953536987305,0.23930639028549194,20,3,2,0,3,1,1,0.3858637809753418,0.0,0,contra,0.15,-1,243,154,CORRECT,0,0,0,0,8,0,0.385864,0.0,answer,
margin,live-delta,2,0.0,0.52004,0.581322,0.278522,0.96875,0.340926,0.490926,0.1839277744293213,0.5966714024543762,0.41274362802505493,0.7033618688583374,2.020534038543701,0.8695895075798035,14,3,3,1,3,1,0,0.041486311703920364,0.1839277744293213,2,contra,0.15,-1,244,105,CORRECT,0,0,0,0,4,0,0.041486,0.0,answer,
margin,live-delta,2,0.0,0.52004,0.581322,0.278522,0.96875,0.340926,0.490926,0.04181373119354248,0.6546295881271362,0.6128158569335938,2.450627088546753,11.595616340637207,0.26591956615448,20,3,3,1,3,1,1,0.22909393906593323,0.06370902061462402,2,contra,0.15,-1,245,123,CORRECT,0,0,0,0,7,0,0.229094,0.0,answer,
margin,live-delta,2,0.0,0.52004,0.581322,0.278522,0.96875,0.340926,0.490926,0.36518198251724243,0.8150866627693176,0.4499046802520752,0.041311152279376984,1.042176365852356,0.9954311847686768,20,3,3,1,3,1,0,0.0017172874649986625,0.36518198251724243,2,contra,0.15,-1,246,107,CORRECT,0,0,0,0,7,0,0.001717,0.0,answer,
margin,live-delta,2,0.0,0.52004,0.581322,0.278522,0.96875,0.340926,0.490926,0.052057862281799316,0.6668754816055298,0.6148176193237305,1.7088285684585571,5.522488594055176,0.5374854803085327,20,3,3,1,3,1,1,0.13007868826389313,0.13160079717636108,2,contra,0.15,-1,247,116,CORRECT,0,0,0,0,8,0,0.130079,0.0,answer,
margin,live-delta,2,0.0,0.52004,0.581322,0.278522,0.96875,0.340926,0.490926,0.31732434034347534,0.6920506358146667,0.3747262954711914,0.02567131631076336,1.0260037183761597,0.9965065121650696,3,3,3,1,3,1,0,0.0017467704601585865,0.31732434034347534,2,contra,0.15,-1,248,105,CORRECT,0,0,0,0,1,0,0.001747,0.0,answer,
margin,live-delta,2,0.0,0.52004,0.581322,0.278522,0.96875,0.340926,0.490926,0.041210323572158813,0.4416484236717224,0.4004381000995636,2.4063162803649902,11.093022346496582,0.27161863446235657,14,3,3,1,3,1,1,0.21359360218048096,0.07289791107177734,2,contra,0.15,-1,249,115,CORRECT,0,0,0,0,4,0,0.213594,0.0,answer,
margin,live-delta,2,0.0,0.52004,0.581322,0.278522,0.96875,0.340926,0.490926,0.08134958148002625,0.4839929938316345,0.4026434123516083,1.952608346939087,7.04704475402832,0.45464029908180237,12,3,3,1,3,1,1,0.2573351562023163,0.0907014012336731,2,contra,0.15,-1,250,107,CORRECT,0,0,0,0,4,0,0.18127,0.0,answer,
margin,live-delta,2,0.0,0.52004,0.581322,0.278522,0.96875,0.340926,0.490926,0.585699200630188,0.9193468689918518,0.3336476981639862,-0.0,1.0,1.0,1,3,3,1,3,1,0,0.0,0.585699200630188,2,contra,0.15,-1,251,105,CORRECT,0,0,0,0,0,0,0.0,0.0,answer,
margin,live-delta,2,0.0,0.52004,0.581322,0.278522,0.96875,0.340926,0.490926,0.0,0.4110674560070038,0.4110674560070038,2.381650686264038,10.822752952575684,0.14644794166088104,12,3,2,0,3,1,1,0.23387759923934937,0.0,0,contra,0.15,-1,252,136,CORRECT,0,0,0,0,3,0,0.233878,0.0,answer,
margin,live-delta,2,0.0,0.52004,0.581322,0.278522,0.96875,0.340926,0.490926,0.04148721694946289,0.558095395565033,0.5166081786155701,2.410982131958008,11.144901275634766,0.3283992409706116,20,3,3,1,3,1,1,0.1439969539642334,0.11065244674682617,2,contra,0.15,-1,253,123,CORRECT,0,0,0,0,6,0,0.143997,0.0,answer,
margin,live-delta,2,0.0,0.52004,0.581322,0.278522,0.96875,0.340926,0.490926,0.0,0.5217567086219788,0.5217567086219788,1.8326250314712524,6.250272274017334,0.33083659410476685,13,3,0,0,3,1,1,0.4175678789615631,0.0,0,contra,0.15,-1,254,138,CORRECT,0,0,0,0,4,0,0.417568,0.0,answer,
margin,live-delta,2,0.0,0.52004,0.581322,0.278522,0.96875,0.340926,0.490926,0.0,0.6134811043739319,0.6134811043739319,1.1250265836715698,3.080298662185669,0.3316325545310974,4,3,1,0,3,1,1,0.6632651090621948,0.0,0,contra,0.15,-1,255,150,CORRECT,0,0,0,0,2,0,0.663265,0.0,answer,
margin,live-delta,3,0.0,0.533881,0.581322,0.330047,0.96875,0.334342,0.484342,0.0,0.6283859610557556,0.6283859610557556,2.2695040702819824,9.674601554870605,0.1727147102355957,20,0,0,1,0,1,1,0.5611228942871094,0.0,0,contra,0.15,-1,0,1,CORRECT,0,0,0,0,8,0,0.561123,0.0,answer,
margin,live-delta,3,0.0,0.533881,0.581322,0.330047,0.96875,0.334342,0.484342,0.0,0.538063645362854,0.538063645362854,2.3821768760681152,10.828449249267578,0.18289083242416382,20,0,1,0,0,1,1,0.4671225845813751,0.0,0,contra,0.15,-1,1,130,CORRECT,0,0,0,0,7,0,0.459641,0.0,answer,
margin,live-delta,3,0.0,0.533881,0.581322,0.330047,0.96875,0.334342,0.484342,0.050639808177948,0.6435017585754395,0.5928619503974915,2.5619382858276367,12.960914611816406,0.25761649012565613,20,0,0,1,0,1,1,0.4117887318134308,0.050639808177948,2,contra,0.15,-1,2,9,CORRECT,0,0,0,0,10,0,0.391676,0.0,answer,
margin,live-delta,3,0.0,0.533881,0.581322,0.330047,0.96875,0.334342,0.484342,0.0,0.7017878293991089,0.7017878293991089,2.2457363605499268,9.447369575500488,0.24395343661308289,20,0,2,0,0,1,1,0.5535180568695068,0.0,0,contra,0.15,-1,3,195,CORRECT,0,0,0,0,9,0,0.553518,0.0,answer,
margin,live-delta,3,0.0,0.533881,0.581322,0.330047,0.96875,0.334342,0.484342,0.0,0.6306256651878357,0.6306256651878357,2.544952154159546,12.742618560791016,0.1311148852109909,20,0,2,0,0,1,1,0.518980085849762,0.0,0,contra,0.15,-1,4,165,CORRECT,0,0,0,0,8,0,0.51898,0.0,answer,
margin,live-delta,3,0.0,0.533881,0.581322,0.330047,0.96875,0.334342,0.484342,0.0811147689819336,0.6353706121444702,0.5542558431625366,2.0930421352386475,8.10954761505127,0.45630955696105957,20,0,0,1,0,1,1,0.25454485416412354,0.0811147689819336,2,contra,0.15,-1,5,13,CORRECT,0,0,0,0,8,0,0.254545,0.0,answer,
margin,live-delta,3,0.0,0.533881,0.581322,0.330047,0.96875,0.334342,0.484342,0.0,0.6143373250961304,0.6143373250961304,2.5797998905181885,13.194497108459473,0.2044908106327057,20,0,0,1,0,1,1,0.47091442346572876,0.0,0,contra,0.15,-1,6,27,CORRECT,0,0,0,0,8,0,0.470914,0.0,answer,
margin,live-delta,3,0.0,0.533881,0.581322,0.330047,0.96875,0.334342,0.484342,0.0,0.49529901146888733,0.49529901146888733,0.6931471824645996,2.0,0.5,2,0,2,0,0,1,1,0.5,0.0,0,contra,0.15,-1,7,165,CORRECT,0,0,0,0,1,0,0.5,0.0,answer,
margin,live-delta,3,0.0,0.533881,0.581322,0.330047,0.96875,0.334342,0.484342,0.0,0.5491014122962952,0.5491014122962952,2.1296277046203613,8.411734580993652,0.26841726899147034,20,0,2,0,0,1,1,0.35635673999786377,0.0,0,contra,0.15,-1,8,149,CORRECT,0,0,0,0,7,0,0.356357,0.0,answer,
margin,live-delta,3,0.0,0.533881,0.581322,0.330047,0.96875,0.334342,0.484342,0.0,0.6821415424346924,0.6821415424346924,1.6700340509414673,5.31234884262085,0.38102608919143677,20,0,0,1,0,1,1,0.428337424993515,0.0,0,contra,0.15,-1,9,12,CORRECT,0,0,0,0,6,0,0.428337,0.0,answer,
margin,live-delta,3,0.0,0.533881,0.581322,0.330047,0.96875,0.334342,0.484342,0.0325850248336792,0.5376240611076355,0.5050390362739563,2.5362119674682617,12.631731033325195,0.23846586048603058,20,0,0,1,0,1,1,0.3193112313747406,0.06134516000747681,2,contra,0.15,-1,10,26,CORRECT,0,0,0,0,8,0,0.319311,0.0,answer,
margin,live-delta,3,0.0,0.533881,0.581322,0.330047,0.96875,0.334342,0.484342,0.03140735626220703,0.5394497513771057,0.5080423951148987,2.523049831390381,12.466559410095215,0.21803425252437592,20,0,0,1,0,1,1,0.36542975902557373,0.03140735626220703,1,contra,0.15,-1,11,24,CORRECT,0,0,0,0,6,0,0.304979,0.0,answer,
margin,live-delta,3,0.0,0.533881,0.581322,0.330047,0.96875,0.334342,0.484342,0.0,0.6589005589485168,0.6589005589485168,2.3967552185058594,10.987466812133789,0.14575649797916412,20,0,1,0,0,1,1,0.43828994035720825,0.0,0,contra,0.15,-1,12,130,CORRECT,0,0,0,0,7,0,0.43829,0.0,answer,
margin,live-delta,3,0.0,0.533881,0.581322,0.330047,0.96875,0.334342,0.484342,0.004485130310058594,0.6025277972221375,0.5980426669120789,2.2307238578796387,9.306600570678711,0.2770724296569824,20,0,0,1,0,1,1,0.17179936170578003,0.08127981424331665,2,contra,0.15,-1,13,28,CORRECT,0,0,0,0,7,0,0.171799,0.0,answer,
margin,live-delta,3,0.0,0.533881,0.581322,0.330047,0.96875,0.334342,0.484342,0.0068146586418151855,0.6395174860954285,0.6327028274536133,2.2235498428344727,9.240073204040527,0.1994757354259491,20,0,0,1,0,1,1,0.3777335584163666,0.0068146586418151855,0,contra,0.15,-1,14,26,CORRECT,0,0,0,0,8,0,0.377734,0.0,answer,
margin,live-delta,3,0.0,0.533881,0.581322,0.330047,0.96875,0.334342,0.484342,0.0438503623008728,0.664881706237793,0.6210313439369202,2.268545150756836,9.665328979492188,0.3399841785430908,20,0,0,1,0,1,1,0.20218075811862946,0.0744398832321167,2,contra,0.15,-1,15,13,CORRECT,0,0,0,0,6,0,0.202181,0.0,answer,
margin,live-delta,3,0.0,0.533881,0.581322,0.330047,0.96875,0.334342,0.484342,0.0,0.5671543478965759,0.5671543478965759,2.830611228942871,16.955821990966797,0.09382279217243195,20,0,0,1,0,1,1,0.3991575539112091,0.0,0,contra,0.15,-1,16,12,CORRECT,0,0,0,0,7,0,0.399158,0.0,answer,
margin,live-delta,3,0.0,0.533881,0.581322,0.330047,0.96875,0.334342,0.484342,0.0,0.6850572228431702,0.6850572228431702,2.4002115726470947,11.025508880615234,0.19357077777385712,20,0,3,0,0,1,1,0.42774590849876404,0.0,0,contra,0.15,-1,17,186,CORRECT,0,0,0,0,6,0,0.427746,0.0,answer,
margin,live-delta,3,0.0,0.533881,0.581322,0.330047,0.96875,0.334342,0.484342,0.0,0.7553185224533081,0.7553185224533081,1.5647770166397095,4.781608581542969,0.4031125009059906,20,0,0,1,0,1,1,0.4812180995941162,0.0,0,contra,0.15,-1,18,30,CORRECT,0,0,0,0,8,0,0.481218,0.0,answer,
margin,live-delta,3,0.0,0.533881,0.581322,0.330047,0.96875,0.334342,0.484342,0.0,0.7999752163887024,0.7999752163887024,1.093217372894287,2.983858823776245,0.4649656116962433,20,0,3,0,0,1,1,0.49540001153945923,0.0,0,contra,0.15,-1,19,186,CORRECT,0,0,0,0,8,0,0.4954,0.0,answer,
margin,live-delta,3,0.0,0.533881,0.581322,0.330047,0.96875,0.334342,0.484342,0.005678772926330566,0.6305544376373291,0.6248756647109985,2.7417151927948,15.513570785522461,0.13346083462238312,20,0,0,1,0,1,1,0.2768178880214691,0.005678772926330566,0,contra,0.15,-1,20,0,CORRECT,0,0,0,0,7,0,0.276818,0.0,answer,
margin,live-delta,3,0.0,0.533881,0.581322,0.330047,0.96875,0.334342,0.484342,0.01732957363128662,0.7488837242126465,0.7315541505813599,1.42206609249115,4.145677089691162,0.3802087604999542,20,0,0,1,0,1,1,0.27263832092285156,0.01732957363128662,0,contra,0.15,-1,21,25,CORRECT,0,0,0,0,6,0,0.271758,0.0,answer,
margin,live-delta,3,0.0,0.533881,0.581322,0.330047,0.96875,0.334342,0.484342,0.0,0.697776734828949,0.697776734828949,2.238663911819458,9.380789756774902,0.18427155911922455,20,0,0,1,0,1,1,0.5846297144889832,0.0,0,contra,0.15,-1,22,1,CORRECT,0,0,0,0,9,0,0.58463,0.0,answer,
margin,live-delta,3,0.0,0.533881,0.581322,0.330047,0.96875,0.334342,0.484342,0.0,0.6982559561729431,0.6982559561729431,2.3164708614349365,10.139825820922852,0.20521368086338043,20,0,0,1,0,1,1,0.5796510577201843,0.0,0,contra,0.15,-1,23,1,CORRECT,0,0,0,0,8,0,0.579651,0.0,answer,
margin,live-delta,3,0.0,0.533881,0.581322,0.330047,0.96875,0.334342,0.484342,0.0,0.550545334815979,0.550545334815979,1.4657464027404785,4.330774784088135,0.38054272532463074,10,0,1,0,2,0,1,0.9533380270004272,-0.11566036939620972,0,contra,0.15,-1,24,33,CONTRADICTORY_LENIENT,0,1,0,0,5,0,0.485413,0.0,answer,
margin,live-delta,3,0.0,0.533881,0.581322,0.330047,0.96875,0.334342,0.484342,0.0,0.6313489079475403,0.6313489079475403,2.7027997970581055,14.9214506149292,0.1676960587501526,20,0,0,1,0,1,1,0.41969868540763855,0.0,0,contra,0.15,-1,25,30,CORRECT,0,0,0,0,9,0,0.419699,0.0,answer,
margin,live-delta,3,0.0,0.533881,0.581322,0.330047,0.96875,0.334342,0.484342,0.0,0.5523542165756226,0.5523542165756226,2.5208141803741455,12.438719749450684,0.19280120730400085,20,0,0,1,0,1,1,0.43813472986221313,0.0,0,contra,0.15,-1,26,27,CORRECT,0,0,0,0,7,0,0.438135,0.0,answer,
margin,live-delta,3,0.0,0.533881,0.581322,0.330047,0.96875,0.334342,0.484342,0.04773306846618652,0.6731027364730835,0.625369668006897,2.2459378242492676,9.449273109436035,0.30843329429626465,20,0,0,1,0,1,1,0.40063098073005676,0.04773306846618652,1,contra,0.15,-1,27,16,CORRECT,0,0,0,0,8,0,0.380257,0.0,answer,
margin,live-delta,3,0.0,0.533881,0.581322,0.330047,0.96875,0.334342,0.484342,0.0,0.4923955500125885,0.4923955500125885,1.7721072435379028,5.883237838745117,0.2688326835632324,8,0,2,0,2,0,1,0.7329153418540955,-0.03371754288673401,0,contra,0.15,-1,28,134,CONTRADICTORY_STRICT,1,1,0,0,3,0,0.434941,0.0,answer,
margin,live-delta,3,0.0,0.533881,0.581322,0.330047,0.96875,0.334342,0.484342,0.0004004240036010742,0.529884934425354,0.5294845104217529,2.6263492107391357,13.823211669921875,0.18620648980140686,20,0,0,1,0,1,1,0.24688413739204407,0.050780147314071655,2,contra,0.15,-1,29,13,CORRECT,0,0,0,0,7,0,0.201458,0.0,answer,
margin,live-delta,3,0.0,0.533881,0.581322,0.330047,0.96875,0.334342,0.484342,0.0,0.6916114091873169,0.6916114091873169,2.3822154998779297,10.82886791229248,0.219903364777565,20,0,0,1,0,1,1,0.5345543026924133,0.0,0,contra,0.15,-1,30,11,CORRECT,0,0,0,0,8,0,0.534554,0.0,answer,
margin,live-delta,3,0.0,0.533881,0.581322,0.330047,0.96875,0.334342,0.484342,0.0,0.5836500525474548,0.5836500525474548,2.679407835006714,14.576458930969238,0.15747714042663574,20,0,2,0,0,1,1,0.36824455857276917,0.0,0,contra,0.15,-1,31,195,CORRECT,0,0,0,0,8,0,0.368245,0.0,answer,
margin,live-delta,3,0.0,0.533881,0.581322,0.330047,0.96875,0.334342,0.484342,0.0,0.4375622570514679,0.4375622570514679,1.7921555042266846,6.002376556396484,0.22401945292949677,7,0,2,0,0,1,1,0.5529940724372864,0.0,0,contra,0.15,-1,32,165,CORRECT,0,0,0,0,3,0,0.388507,0.0,answer,
margin,live-delta,3,0.0,0.533881,0.581322,0.330047,0.96875,0.334342,0.484342,0.0,0.6656931638717651,0.6656931638717651,2.4572060108184814,11.672154426574707,0.17135092616081238,20,0,0,1,0,1,1,0.5109959840774536,0.0,0,contra,0.15,-1,33,20,CORRECT,0,0,0,0,9,0,0.510996,0.0,answer,
margin,live-delta,3,0.0,0.533881,0.581322,0.330047,0.96875,0.334342,0.484342,0.0,0.6726762056350708,0.6726762056350708,2.2288262844085693,9.288956642150879,0.1989113688468933,20,0,0,1,0,1,1,0.5719942450523376,0.0,0,contra,0.15,-1,34,1,CORRECT,0,0,0,0,10,0,0.571994,0.0,answer,
margin,live-delta,3,0.0,0.533881,0.581322,0.330047,0.96875,0.334342,0.484342,0.06339681148529053,0.6739566326141357,0.6105598211288452,1.718569278717041,5.576544284820557,0.5440673232078552,20,0,0,1,0,1,1,0.13179022073745728,0.10474848747253418,2,contra,0.15,-1,35,28,CORRECT,0,0,0,0,7,0,0.126916,0.0,answer,
margin,live-delta,3,0.0,0.533881,0.581322,0.330047,0.96875,0.334342,0.484342,0.0,0.6948245763778687,0.6948245763778687,2.073378324508667,7.951641082763672,0.3057139217853546,20,0,0,1,0,1,1,0.4097122550010681,0.0,0,contra,0.15,-1,36,12,CORRECT,0,0,0,0,7,0,0.409712,0.0,answer,
margin,live-delta,3,0.0,0.533881,0.581322,0.330047,0.96875,0.334342,0.484342,0.016531944274902344,0.5996270775794983,0.583095133304596,2.543459415435791,12.723610877990723,0.17841362953186035,20,0,0,1,0,1,1,0.45644688606262207,0.016531944274902344,0,contra,0.15,-1,37,26,CORRECT,0,0,0,0,9,0,0.456447,0.0,answer,
margin,live-delta,3,0.0,0.533881,0.581322,0.330047,0.96875,0.334342,0.484342,0.01701536774635315,0.5104827880859375,0.49346742033958435,2.93943190574646,18.90510368347168,0.09514816850423813,20,0,0,1,0,1,1,0.3726470470428467,0.021068453788757324,0,contra,0.15,-1,38,28,CORRECT,0,0,0,0,7,0,0.372647,0.0,answer,
margin,live-delta,3,0.0,0.533881,0.581322,0.330047,0.96875,0.334342,0.484342,0.0,0.7156831622123718,0.7156831622123718,2.3199987411499023,10.175661087036133,0.26252004504203796,20,0,0,1,0,1,1,0.5163618922233582,0.0,0,contra,0.15,-1,39,11,CORRECT,0,0,0,0,9,0,0.516362,0.0,answer,
margin,live-delta,3,0.0,0.533881,0.581322,0.330047,0.96875,0.334342,0.484342,0.01202094554901123,0.5193359851837158,0.5073150396347046,2.640007734298706,14.013312339782715,0.19596408307552338,20,0,0,1,0,1,1,0.3646676540374756,0.05030718445777893,2,contra,0.15,-1,40,18,CORRECT,0,0,0,0,9,0,0.364668,0.0,answer,
margin,live-delta,3,0.0,0.533881,0.581322,0.330047,0.96875,0.334342,0.484342,0.004130423069000244,0.5956895351409912,0.591559112071991,2.59126353263855,13.346625328063965,0.19270089268684387,20,0,0,1,0,1,1,0.2949161231517792,0.03668212890625,1,contra,0.15,-1,41,9,CORRECT,0,0,0,0,7,0,0.294916,0.0,answer,
margin,live-delta,3,0.0,0.533881,0.581322,0.330047,0.96875,0.334342,0.484342,0.0,0.5080372095108032,0.5080372095108032,1.1882704496383667,3.2814009189605713,0.32497185468673706,4,0,0,1,0,1,1,0.32497185468673706,0.0,0,contra,0.15,-1,42,15,CORRECT,0,0,0,0,1,0,0.324972,0.0,answer,
margin,live-delta,3,0.0,0.533881,0.581322,0.330047,0.96875,0.334342,0.484342,0.016822755336761475,0.3427862524986267,0.32596349716186523,-0.0,1.0,1.0,1,0,0,1,0,1,0,0.0,0.016822755336761475,0,contra,0.15,-1,43,6,CORRECT,0,0,0,0,0,0,0.0,0.0,answer,
margin,live-delta,3,0.0,0.533881,0.581322,0.330047,0.96875,0.334342,0.484342,0.029343366622924805,0.5180602669715881,0.48871690034866333,2.3113186359405518,10.08771800994873,0.2979316711425781,20,0,0,1,0,1,1,0.510551393032074,0.029343366622924805,1,contra,0.15,-1,44,6,CORRECT,0,0,0,0,8,0,0.321504,0.0,answer,
margin,live-delta,3,0.0,0.533881,0.581322,0.330047,0.96875,0.334342,0.484342,0.0,0.7220957279205322,0.7220957279205322,1.449021816253662,4.258946418762207,0.4152071177959442,20,0,0,1,0,1,1,0.49906203150749207,0.0,0,contra,0.15,-1,45,30,CORRECT,0,0,0,0,8,0,0.497394,0.0,answer,
margin,live-delta,3,0.0,0.533881,0.581322,0.330047,0.96875,0.334342,0.484342,0.009379982948303223,0.5576402544975281,0.5482602715492249,2.7838761806488037,16.181621551513672,0.11648327112197876,20,0,0,1,0,1,1,0.23448778688907623,0.009379982948303223,0,contra,0.15,-1,46,0,CORRECT,0,0,0,0,6,0,0.234488,0.0,answer,
margin,live-delta,3,0.0,0.533881,0.581322,0.330047,0.96875,0.334342,0.484342,0.0,0.706577718257904,0.706577718257904,2.355609655380249,10.5445556640625,0.20988798141479492,20,0,2,0,0,1,1,0.551467776298523,0.0,0,contra,0.15,-1,47,195,CORRECT,0,0,0,0,9,0,0.551468,0.0,answer,
margin,live-delta,3,0.0,0.533881,0.581322,0.330047,0.96875,0.334342,0.484342,0.005650311708450317,0.4656926989555359,0.46004238724708557,2.7679929733276367,15.926636695861816,0.13979917764663696,20,0,0,1,0,1,1,0.3862113356590271,0.005650311708450317,0,contra,0.15,-1,48,16,CORRECT,0,0,0,0,8,0,0.386211,0.0,answer,
margin,live-delta,3,0.0,0.533881,0.581322,0.330047,0.96875,0.334342,0.484342,0.004724025726318359,0.6174630522727966,0.6127390265464783,2.8492560386657715,17.274925231933594,0.09911072254180908,20,0,0,1,0,1,1,0.424404114484787,0.004724025726318359,0,contra,0.15,-1,49,18,CORRECT,0,0,0,0,8,0,0.424404,0.0,answer,
margin,live-delta,3,0.0,0.533881,0.581322,0.330047,0.96875,0.334342,0.484342,0.0,0.631973922252655,0.631973922252655,2.6686012744903564,14.419785499572754,0.15637905895709991,20,0,2,0,0,1,1,0.40229594707489014,0.0,0,contra,0.15,-1,50,195,CORRECT,0,0,0,0,9,0,0.402296,0.0,answer,
margin,live-delta,3,0.0,0.533881,0.581322,0.330047,0.96875,0.334342,0.484342,0.0,0.6099201440811157,0.6099201440811157,2.384174108505249,10.85009765625,0.2328513115644455,20,0,0,1,0,1,1,0.39260679483413696,0.0,0,contra,0.15,-1,51,30,CORRECT,0,0,0,0,7,0,0.361107,0.0,answer,
margin,live-delta,3,0.0,0.533881,0.581322,0.330047,0.96875,0.334342,0.484342,0.0,0.6817590594291687,0.6817590594291687,2.247382640838623,9.462935447692871,0.2735172212123871,20,0,0,1,0,1,1,0.4214966893196106,0.0,0,contra,0.15,-1,52,30,CORRECT,0,0,0,0,7,0,0.421497,0.0,answer,
margin,live-delta,3,0.0,0.533881,0.581322,0.330047,0.96875,0.334342,0.484342,0.0,0.6125666499137878,0.6125666499137878,2.6743435859680176,14.502826690673828,0.15342745184898376,20,0,2,0,0,1,1,0.4906700849533081,0.0,0,contra,0.15,-1,53,165,CORRECT,0,0,0,0,8,0,0.49067,0.0,answer,
margin,live-delta,3,0.0,0.533881,0.581322,0.330047,0.96875,0.334342,0.484342,0.039527952671051025,0.6817615628242493,0.6422336101531982,2.1043944358825684,8.202134132385254,0.38016998767852783,20,0,0,1,0,1,1,0.27140969038009644,0.08379435539245605,2,contra,0.15,-1,54,16,CORRECT,0,0,0,0,7,0,0.2664,0.0,answer,
margin,live-delta,3,0.0,0.533881,0.581322,0.330047,0.96875,0.334342,0.484342,0.0,0.7112128734588623,0.7112128734588623,1.7398738861083984,5.696624755859375,0.3800056278705597,20,0,0,1,0,1,1,0.4846719205379486,0.0,0,contra,0.15,-1,55,30,CORRECT,0,0,0,0,9,0,0.484672,0.0,answer,
margin,live-delta,3,0.0,0.533881,0.581322,0.330047,0.96875,0.334342,0.484342,0.0,0.5435279607772827,0.5435279607772827,2.567633628845215,13.034942626953125,0.1667834222316742,20,0,0,1,0,1,1,0.5418441295623779,0.0,0,contra,0.15,-1,56,1,CORRECT,0,0,0,0,8,0,0.541844,0.0,answer,
margin,live-delta,3,0.0,0.533881,0.581322,0.330047,0.96875,0.334342,0.484342,0.011501491069793701,0.5289517045021057,0.517450213432312,2.851478338241577,17.313358306884766,0.10289908200502396,20,0,0,1,0,1,1,0.38186341524124146,0.011501491069793701,0,contra,0.15,-1,57,28,CORRECT,0,0,0,0,7,0,0.381863,0.0,answer,
margin,live-delta,3,0.0,0.533881,0.581322,0.330047,0.96875,0.334342,0.484342,0.02749544382095337,0.5211616158485413,0.4936661720275879,2.6877357959747314,14.698358535766602,0.1509552001953125,20,0,0,1,0,1,1,0.44114652276039124,0.02749544382095337,1,contra,0.15,-1,58,28,CORRECT,0,0,0,0,9,0,0.412265,0.0,answer,
margin,live-delta,3,0.0,0.533881,0.581322,0.330047,0.96875,0.334342,0.484342,0.0,0.7100707292556763,0.7100707292556763,2.2187535762786865,9.19586181640625,0.24067480862140656,20,0,2,0,0,1,1,0.5283409953117371,0.0,0,contra,0.15,-1,59,195,CORRECT,0,0,0,0,8,0,0.528341,0.0,answer,
margin,live-delta,3,0.0,0.533881,0.581322,0.330047,0.96875,0.334342,0.484342,0.0,0.4191456735134125,0.4191456735134125,2.773197889328003,16.009750366210938,0.10437366366386414,18,0,0,1,0,1,1,0.41945725679397583,0.0,0,contra,0.15,-1,60,22,CORRECT,0,0,0,0,7,0,0.419457,0.0,answer,
margin,live-delta,3,0.0,0.533881,0.581322,0.330047,0.96875,0.334342,0.484342,0.0009667277336120605,0.7287241816520691,0.727757453918457,1.6821402311325073,5.377051830291748,0.2859444320201874,20,0,0,1,0,1,1,0.19581234455108643,0.0228918194770813,0,contra,0.15,-1,61,25,CORRECT,0,0,0,0,7,0,0.195812,0.0,answer,
margin,live-delta,3,0.0,0.533881,0.581322,0.330047,0.96875,0.334342,0.484342,0.03774529695510864,0.5500202775001526,0.512274980545044,2.5606276988983154,12.943939208984375,0.2721233665943146,20,0,0,1,0,1,1,0.29409438371658325,0.06930935382843018,2,contra,0.15,-1,62,16,CORRECT,0,0,0,0,7,0,0.274317,0.0,answer,
margin,live-delta,3,0.0,0.533881,0.581322,0.330047,0.96875,0.334342,0.484342,0.0,0.7022755146026611,0.7022755146026611,2.079155445098877,7.997711658477783,0.24259266257286072,20,0,0,1,0,1,1,0.6142725944519043,0.0,0,contra,0.15,-1,63,22,CORRECT,0,0,0,0,8,0,0.614273,0.0,answer,
margin,live-delta,3,0.0,0.533881,0.581322,0.330047,0.96875,0.334342,0.484342,0.0138663649559021,0.6372043490409851,0.623337984085083,2.476667642593384,11.901537895202637,0.20561833679676056,20,1,1,1,1,1,1,0.25277453660964966,0.026260793209075928,1,contra,0.15,-1,64,60,CORRECT,0,0,0,0,7,0,0.252775,0.0,answer,
margin,live-delta,3,0.0,0.533881,0.581322,0.330047,0.96875,0.334342,0.484342,0.0,0.7194734811782837,0.7194734811782837,2.1528046131134033,8.608969688415527,0.18817703425884247,20,1,1,1,1,1,1,0.4968484044075012,0.0,0,contra,0.15,-1,65,49,CORRECT,0,0,0,0,9,0,0.496848,0.0,answer,
margin,live-delta,3,0.0,0.533881,0.581322,0.330047,0.96875,0.334342,0.484342,0.27114012837409973,0.7173919677734375,0.44625183939933777,0.12672483921051025,1.1351046562194824,0.9825467467308044,13,1,1,1,1,1,0,0.002805737778544426,0.3182004690170288,2,contra,0.15,-1,66,54,CORRECT,0,0,0,0,3,0,0.002806,0.0,answer,
margin,live-delta,3,0.0,0.533881,0.581322,0.330047,0.96875,0.334342,0.484342,0.0425182580947876,0.6012977957725525,0.5587795376777649,2.6459076404571533,14.096233367919922,0.19245819747447968,20,1,1,1,1,1,1,0.26656869053840637,0.04275411367416382,1,contra,0.15,-1,67,42,CORRECT,0,0,0,0,7,0,0.266569,0.0,answer,
margin,live-delta,3,0.0,0.533881,0.581322,0.330047,0.96875,0.334342,0.484342,0.17981696128845215,0.6864583492279053,0.5066413879394531,0.6682901978492737,1.9508987665176392,0.8799007534980774,20,1,1,1,1,1,0,0.04560333490371704,0.19862502813339233,2,contra,0.15,-1,68,57,CORRECT,0,0,0,0,7,0,0.045603,0.0,answer,
margin,live-delta,3,0.0,0.533881,0.581322,0.330047,0.96875,0.334342,0.484342,0.026864051818847656,0.5847336053848267,0.557869553565979,2.664365291595459,14.358833312988281,0.22938913106918335,20,1,1,1,1,1,1,0.33331167697906494,0.05837792158126831,2,contra,0.15,-1,69,52,CORRECT,0,0,0,0,8,0,0.322177,0.0,answer,
margin,live-delta,3,0.0,0.533881,0.581322,0.330047,0.96875,0.334342,0.484342,0.08957564830780029,0.6409651637077332,0.5513895153999329,1.292030930519104,3.640172004699707,0.700575053691864,20,1,1,1,1,1,0,0.06122870743274689,0.18726634979248047,2,contra,0.15,-1,70,57,CORRECT,0,0,0,0,6,0,0.061229,0.0,answer,
margin,live-delta,3,0.0,0.533881,0.581322,0.330047,0.96875,0.334342,0.484342,0.0,0.5237218141555786,0.5237218141555786,2.311183214187622,10.086352348327637,0.17356298863887787,20,1,0,0,1,1,1,0.4849700927734375,0.0,0,contra,0.15,-1,71,183,CORRECT,0,0,0,0,8,0,0.436866,0.0,answer,
margin,live-delta,3,0.0,0.533881,0.581322,0.330047,0.96875,0.334342,0.484342,0.028354346752166748,0.7925995588302612,0.7642452120780945,0.9723891019821167,2.644254207611084,0.5927176475524902,15,1,1,1,1,1,0,0.009726570919156075,0.21448761224746704,2,contra,0.15,-1,72,40,CORRECT,0,0,0,0,2,0,0.009727,0.0,answer,
margin,live-delta,3,0.0,0.533881,0.581322,0.330047,0.96875,0.334342,0.484342,0.03947728872299194,0.4474477767944336,0.40797048807144165,2.4789507389068604,11.928741455078125,0.21380586922168732,14,1,1,1,1,1,1,0.4393443763256073,0.03947728872299194,1,contra,0.15,-1,73,35,CORRECT,0,0,0,0,4,0,0.260706,0.0,answer,
margin,live-delta,3,0.0,0.533881,0.581322,0.330047,0.96875,0.334342,0.484342,0.019095420837402344,0.6300061345100403,0.6109107136726379,1.411112904548645,4.100516319274902,0.44960761070251465,12,1,1,1,1,1,1,0.10536708682775497,0.0760849118232727,2,contra,0.15,-1,74,32,CORRECT,0,0,0,0,2,0,0.105367,0.0,answer,
margin,live-delta,3,0.0,0.533881,0.581322,0.330047,0.96875,0.334342,0.484342,0.02758312225341797,0.6517993807792664,0.6242162585258484,2.2417402267456055,9.40969181060791,0.2840694189071655,20,1,1,1,1,1,1,0.23935844004154205,0.039144933223724365,1,contra,0.15,-1,75,48,CORRECT,0,0,0,0,6,0,0.231424,0.0,answer,
margin,live-delta,3,0.0,0.533881,0.581322,0.330047,0.96875,0.334342,0.484342,0.006723284721374512,0.5870903134346008,0.5803670287132263,2.5345051288604736,12.610188484191895,0.22230325639247894,20,1,1,1,1,1,1,0.21552734076976776,0.059445738792419434,2,contra,0.15,-1,76,35,CORRECT,0,0,0,0,7,0,0.215527,0.0,answer,
margin,live-delta,3,0.0,0.533881,0.581322,0.330047,0.96875,0.334342,0.484342,0.011500447988510132,0.4391583800315857,0.42765793204307556,2.4486358165740967,11.572548866271973,0.19310158491134644,15,1,1,1,1,1,1,0.26199451088905334,0.03133252263069153,1,contra,0.15,-1,77,58,CORRECT,0,0,0,0,6,0,0.261995,0.0,answer,
margin,live-delta,3,0.0,0.533881,0.581322,0.330047,0.96875,0.334342,0.484342,0.0,0.4854973554611206,0.4854973554611206,2.4266269207000732,11.320631980895996,0.22551307082176208,19,1,0,0,1,1,1,0.3369433283805847,0.0,0,contra,0.15,-1,78,128,CORRECT,0,0,0,0,5,0,0.30192,0.0,answer,
margin,live-delta,3,0.0,0.533881,0.581322,0.330047,0.96875,0.334342,0.484342,0.0,0.43584972620010376,0.43584972620010376,2.2609152793884277,9.591864585876465,0.1812705248594284,12,1,2,0,1,1,1,0.28827184438705444,0.0,0,contra,0.15,-1,79,202,CORRECT,0,0,0,0,3,0,0.261285,0.0,answer,
margin,live-delta,3,0.0,0.533881,0.581322,0.330047,0.96875,0.334342,0.484342,0.047071754932403564,0.580012857913971,0.5329411029815674,2.08805251121521,8.069185256958008,0.44301801919937134,20,1,0,0,0,0,1,0.897872269153595,-0.1121707558631897,0,contra,0.15,-1,80,24,CONTRADICTORY_LENIENT,0,1,0,0,5,0,0.09026,0.0,answer,
margin,live-delta,3,0.0,0.533881,0.581322,0.330047,0.96875,0.334342,0.484342,0.0,0.6887730360031128,0.6887730360031128,1.5171234607696533,4.559092044830322,0.355172336101532,12,1,1,1,1,1,1,0.3605291545391083,0.0,0,contra,0.15,-1,81,50,CORRECT,0,0,0,0,2,0,0.360529,0.0,answer,
margin,live-delta,3,0.0,0.533881,0.581322,0.330047,0.96875,0.334342,0.484342,0.06465297937393188,0.675824761390686,0.6111717820167542,1.89517080783844,6.653684616088867,0.475275456905365,20,1,1,1,1,1,1,0.1747649908065796,0.06465297937393188,2,contra,0.15,-1,82,61,CORRECT,0,0,0,0,6,0,0.174765,0.0,answer,
margin,live-delta,3,0.0,0.533881,0.581322,0.330047,0.96875,0.334342,0.484342,0.062261730432510376,0.522896409034729,0.46063467860221863,1.7328276634216309,5.656626224517822,0.5402666330337524,15,1,1,1,1,1,0,0.07666385918855667,0.15939843654632568,2,contra,0.15,-1,83,42,CORRECT,0,0,0,0,4,0,0.076664,0.0,answer,
margin,live-delta,3,0.0,0.533881,0.581322,0.330047,0.96875,0.334342,0.484342,0.007027864456176758,0.595234215259552,0.5882063508033752,2.387981414794922,10.891486167907715,0.16189415752887726,20,1,1,1,1,1,1,0.4818061888217926,0.007027864456176758,0,contra,0.15,-1,84,52,CORRECT,0,0,0,0,9,0,0.481806,0.0,answer,
margin,live-delta,3,0.0,0.533881,0.581322,0.330047,0.96875,0.334342,0.484342,0.002056121826171875,0.5324323177337646,0.5303761959075928,2.7271506786346436,15.289260864257812,0.15353618562221527,20,1,1,1,1,1,1,0.3479698598384857,0.0394936203956604,1,contra,0.15,-1,85,41,CORRECT,0,0,0,0,6,0,0.25191,0.0,answer,
margin,live-delta,3,0.0,0.533881,0.581322,0.330047,0.96875,0.334342,0.484342,0.014487206935882568,0.4904897212982178,0.4760025143623352,2.2595410346984863,9.578691482543945,0.2125243842601776,13,1,0,0,0,0,1,0.6089205741882324,-0.023021996021270752,0,contra,0.15,-1,86,25,CONTRADICTORY_LENIENT,0,1,0,0,2,0,0.157886,0.0,answer,
margin,live-delta,3,0.0,0.533881,0.581322,0.330047,0.96875,0.334342,0.484342,0.0,0.8589409589767456,0.8589409589767456,0.7387505769729614,2.093318462371826,0.49715155363082886,20,1,1,1,1,1,1,0.4993588924407959,0.0,0,contra,0.15,-1,87,43,CORRECT,0,0,0,0,6,0,0.49868,0.0,answer,
margin,live-delta,3,0.0,0.533881,0.581322,0.330047,0.96875,0.334342,0.484342,0.023692190647125244,0.6738309860229492,0.650138795375824,1.3870311975479126,4.00294828414917,0.47974324226379395,20,1,1,1,1,1,0,0.02371051162481308,0.18954646587371826,2,contra,0.15,-1,88,61,CORRECT,0,0,0,0,4,0,0.023711,0.0,answer,
margin,live-delta,3,0.0,0.533881,0.581322,0.330047,0.96875,0.334342,0.484342,0.01702946424484253,0.6745926737785339,0.6575632095336914,1.943453073501587,6.982821464538574,0.3144708275794983,18,1,1,1,1,1,1,0.12693138420581818,0.06441539525985718,2,contra,0.15,-1,89,39,CORRECT,0,0,0,0,3,0,0.126931,0.0,answer,
margin,live-delta,3,0.0,0.533881,0.581322,0.330047,0.96875,0.334342,0.484342,0.005663156509399414,0.6045350432395935,0.5988718867301941,2.2603137493133545,9.58609676361084,0.22353917360305786,20,1,1,1,1,1,1,0.14209149777889252,0.042933523654937744,1,contra,0.15,-1,90,39,CORRECT,0,0,0,0,5,0,0.142091,0.0,answer,
margin,live-delta,3,0.0,0.533881,0.581322,0.330047,0.96875,0.334342,0.484342,0.0,0.5371400713920593,0.5371400713920593,2.7165675163269043,15.128305435180664,0.11005210131406784,20,1,3,0,1,1,1,0.4728497862815857,0.0,0,contra,0.15,-1,91,161,CORRECT,0,0,0,0,8,0,0.393505,0.0,answer,
margin,live-delta,3,0.0,0.533881,0.581322,0.330047,0.96875,0.334342,0.484342,0.08484706282615662,0.46731051802635193,0.3824634552001953,1.4047884941101074,4.074665069580078,0.5517024993896484,6,1,1,1,1,1,1,0.10109569877386093,0.08484706282615662,2,contra,0.15,-1,92,40,CORRECT,0,0,0,0,1,0,0.101096,0.0,answer,
margin,live-delta,3,0.0,0.533881,0.581322,0.330047,0.96875,0.334342,0.484342,0.03696244955062866,0.5619375705718994,0.5249751210212708,2.374422550201416,10.744807243347168,0.29464229941368103,20,1,1,1,1,1,1,0.18230587244033813,0.03696244955062866,1,contra,0.15,-1,93,57,CORRECT,0,0,0,0,4,0,0.182306,0.0,answer,
margin,live-delta,3,0.0,0.533881,0.581322,0.330047,0.96875,0.334342,0.484342,0.001346588134765625,0.6266343593597412,0.6252877712249756,2.184865951538086,8.889456748962402,0.2256253957748413,20,1,1,1,1,1,1,0.16948150098323822,0.025648117065429688,1,contra,0.15,-1,94,61,CORRECT,0,0,0,0,5,0,0.169482,0.0,answer,
margin,live-delta,3,0.0,0.533881,0.581322,0.330047,0.96875,0.334342,0.484342,0.08536475896835327,0.604717493057251,0.5193527340888977,1.6444677114486694,5.178252696990967,0.5981285572052002,20,1,1,1,1,1,1,0.11394239962100983,0.11340129375457764,2,contra,0.15,-1,95,41,CORRECT,0,0,0,0,6,0,0.099276,0.0,answer,
margin,live-delta,3,0.0,0.533881,0.581322,0.330047,0.96875,0.334342,0.484342,0.005658745765686035,0.6051054000854492,0.5994466543197632,2.3578367233276367,10.56806468963623,0.18232429027557373,20,1,1,1,1,1,1,0.2575671374797821,0.005658745765686035,0,contra,0.15,-1,96,54,CORRECT,0,0,0,0,3,0,0.257567,0.0,answer,
margin,live-delta,3,0.0,0.533881,0.581322,0.330047,0.96875,0.334342,0.484342,0.06105303764343262,0.7184756994247437,0.657422661781311,1.1901918649673462,3.2877118587493896,0.6506827473640442,16,1,1,1,1,1,0,0.04060298949480057,0.1536245346069336,2,contra,0.15,-1,97,40,CORRECT,0,0,0,0,3,0,0.040603,0.0,answer,
margin,live-delta,3,0.0,0.533881,0.581322,0.330047,0.96875,0.334342,0.484342,0.0,0.582595705986023,0.582595705986023,1.8123700618743896,6.124946594238281,0.2259880155324936,15,1,2,0,1,1,1,0.46783682703971863,0.0,0,contra,0.15,-1,98,140,CORRECT,0,0,0,0,6,0,0.467837,0.0,answer,
margin,live-delta,3,0.0,0.533881,0.581322,0.330047,0.96875,0.334342,0.484342,0.28284549713134766,0.7437992691993713,0.4609537720680237,0.11125574260950089,1.1176806688308716,0.9848339557647705,14,1,1,1,1,1,0,0.0059236763045191765,0.28284549713134766,2,contra,0.15,-1,99,41,CORRECT,0,0,0,0,5,0,0.005924,0.0,answer,
margin,live-delta,3,0.0,0.533881,0.581322,0.330047,0.96875,0.334342,0.484342,0.008107364177703857,0.5988268256187439,0.59071946144104,1.8933933973312378,6.641869068145752,0.21290074288845062,20,1,1,1,1,1,1,0.3930646777153015,0.008107364177703857,0,contra,0.15,-1,100,61,CORRECT,0,0,0,0,8,0,0.393065,0.0,answer,
margin,live-delta,3,0.0,0.533881,0.581322,0.330047,0.96875,0.334342,0.484342,0.018241524696350098,0.48883119225502014,0.47058966755867004,2.4601995944976807,11.707147598266602,0.26044902205467224,20,1,3,0,3,0,1,0.897343635559082,-0.08488726615905762,0,contra,0.15,-1,101,123,CONTRADICTORY_LENIENT,0,1,0,0,8,0,0.185114,0.0,answer,
margin,live-delta,3,0.0,0.533881,0.581322,0.330047,0.96875,0.334342,0.484342,0.0,0.6314265727996826,0.6314265727996826,2.407792568206787,11.109411239624023,0.18952029943466187,20,1,0,0,1,1,1,0.5596874952316284,0.0,0,contra,0.15,-1,102,190,CORRECT,0,0,0,0,8,0,0.559687,0.0,answer,
margin,live-delta,3,0.0,0.533881,0.581322,0.330047,0.96875,0.334342,0.484342,0.018510043621063232,0.6128389239311218,0.5943288803100586,1.7432174682617188,5.715703964233398,0.442516952753067,20,1,1,1,1,1,0,0.08739136159420013,0.14415180683135986,2,contra,0.15,-1,103,54,CORRECT,0,0,0,0,7,0,0.087391,0.0,answer,
margin,live-delta,3,0.0,0.533881,0.581322,0.330047,0.96875,0.334342,0.484342,0.0,0.6102866530418396,0.6102866530418396,2.39505672454834,10.968820571899414,0.1519712656736374,20,1,3,0,1,1,1,0.37405911087989807,0.0,0,contra,0.15,-1,104,164,CORRECT,0,0,0,0,7,0,0.374059,0.0,answer,
margin,live-delta,3,0.0,0.533881,0.581322,0.330047,0.96875,0.334342,0.484342,0.07134711742401123,0.705420970916748,0.6340738534927368,1.458077073097229,4.297687530517578,0.5752355456352234,14,1,1,1,1,1,0,0.05162715166807175,0.14682543277740479,2,contra,0.15,-1,105,40,CORRECT,0,0,0,0,2,0,0.051627,0.0,answer,
margin,live-delta,3,0.0,0.533881,0.581322,0.330047,0.96875,0.334342,0.484342,0.07959204912185669,0.7538836598396301,0.6742916107177734,1.124220609664917,3.077816963195801,0.6970899701118469,20,1,1,1,1,1,0,0.03248205780982971,0.1683506965637207,2,contra,0.15,-1,106,39,CORRECT,0,0,0,0,4,0,0.032482,0.0,answer,
margin,live-delta,3,0.0,0.533881,0.581322,0.330047,0.96875,0.334342,0.484342,0.01196134090423584,0.6172198057174683,0.6052584648132324,2.1070313453674316,8.223791122436523,0.3394606411457062,20,1,1,1,1,1,1,0.2802254557609558,0.07979488372802734,2,contra,0.15,-1,107,60,CORRECT,0,0,0,0,7,0,0.156043,0.0,answer,
margin,live-delta,3,0.0,0.533881,0.581322,0.330047,0.96875,0.334342,0.484342,0.0,0.6414546966552734,0.6414546966552734,2.3055760860443115,10.02995491027832,0.17850390076637268,20,1,1,1,1,1,1,0.44829073548316956,0.0,0,contra,0.15,-1,108,168,CORRECT,0,0,0,0,8,0,0.448291,0.0,answer,
margin,live-delta,3,0.0,0.533881,0.581322,0.330047,0.96875,0.334342,0.484342,0.0,0.6084858775138855,0.6084858775138855,2.322341203689575,10.199525833129883,0.13367362320423126,20,1,0,0,1,1,1,0.5400110483169556,0.0,0,contra,0.15,-1,109,190,CORRECT,0,0,0,0,8,0,0.540011,0.0,answer,
margin,live-delta,3,0.0,0.533881,0.581322,0.330047,0.96875,0.334342,0.484342,0.03154474496841431,0.33979523181915283,0.3082504868507385,-0.0,1.0,1.0,1,1,1,1,1,1,0,0.0,0.035042405128479004,1,contra,0.15,-1,110,59,CORRECT,0,0,0,0,0,0,0.0,0.0,answer,
margin,live-delta,3,0.0,0.533881,0.581322,0.330047,0.96875,0.334342,0.484342,0.029764771461486816,0.6916086673736572,0.6618438959121704,1.6346523761749268,5.1276750564575195,0.44875723123550415,12,1,1,1,1,1,0,0.08642508089542389,0.09624272584915161,2,contra,0.15,-1,111,32,CORRECT,0,0,0,0,2,0,0.086425,0.0,answer,
margin,live-delta,3,0.0,0.533881,0.581322,0.330047,0.96875,0.334342,0.484342,0.0655626654624939,0.6678102612495422,0.6022475957870483,2.309474229812622,10.06912899017334,0.3123813569545746,20,1,1,1,1,1,1,0.3577525019645691,0.0655626654624939,2,contra,0.15,-1,112,46,CORRECT,0,0,0,0,9,0,0.357753,0.0,answer,
margin,live-delta,3,0.0,0.533881,0.581322,0.330047,0.96875,0.334342,0.484342,0.024531066417694092,0.5232676267623901,0.49873656034469604,1.38573157787323,3.9977495670318604,0.5091991424560547,11,1,1,1,1,1,0,0.02529352903366089,0.18431103229522705,2,contra,0.15,-1,113,34,CORRECT,0,0,0,0,2,0,0.025294,0.0,answer,
margin,live-delta,3,0.0,0.533881,0.581322,0.330047,0.96875,0.334342,0.484342,0.03674370050430298,0.6705558896064758,0.6338121891021729,1.633773922920227,5.123172760009766,0.48866578936576843,20,1,1,1,1,1,0,0.06462794542312622,0.11231809854507446,2,contra,0.15,-1,114,57,CORRECT,0,0,0,0,5,0,0.064628,0.0,answer,
margin,live-delta,3,0.0,0.533881,0.581322,0.330047,0.96875,0.334342,0.484342,0.0,0.5355624556541443,0.5355624556541443,2.539670944213867,12.675498962402344,0.21895496547222137,20,1,3,0,1,1,1,0.4183565080165863,0.0,0,contra,0.15,-1,115,159,CORRECT,0,0,0,0,6,0,0.33474,0.0,answer,
margin,live-delta,3,0.0,0.533881,0.581322,0.330047,0.96875,0.334342,0.484342,0.07225799560546875,0.6103099584579468,0.538051962852478,1.5268837213516235,4.6038079261779785,0.6022241115570068,18,1,1,1,1,1,0,0.04910024255514145,0.15449249744415283,2,contra,0.15,-1,116,54,CORRECT,0,0,0,0,5,0,0.0491,0.0,answer,
margin,live-delta,3,0.0,0.533881,0.581322,0.330047,0.96875,0.334342,0.484342,0.0,0.670042097568512,0.670042097568512,1.9940305948257446,7.34507942199707,0.21057942509651184,20,1,3,0,1,1,1,0.4729682505130768,0.0,0,contra,0.15,-1,117,164,CORRECT,0,0,0,0,8,0,0.471029,0.0,answer,
margin,live-delta,3,0.0,0.533881,0.581322,0.330047,0.96875,0.334342,0.484342,0.030777424573898315,0.44668951630592346,0.41591209173202515,1.7134029865264893,5.547808647155762,0.32821890711784363,7,1,1,1,1,1,1,0.4051728844642639,0.030777424573898315,1,contra,0.15,-1,118,48,CORRECT,0,0,0,0,3,0,0.405173,0.0,answer,
margin,live-delta,3,0.0,0.533881,0.581322,0.330047,0.96875,0.334342,0.484342,0.0,0.5582033395767212,0.5582033395767212,2.3162829875946045,10.137921333312988,0.16912278532981873,20,1,0,0,1,1,1,0.512852132320404,0.0,0,contra,0.15,-1,119,183,CORRECT,0,0,0,0,9,0,0.488971,0.0,answer,
margin,live-delta,3,0.0,0.533881,0.581322,0.330047,0.96875,0.334342,0.484342,0.001757204532623291,0.6123923659324646,0.6106351613998413,2.1408965587615967,8.507061004638672,0.19239091873168945,20,1,1,1,1,1,1,0.4618183672428131,0.001757204532623291,0,contra,0.15,-1,120,57,CORRECT,0,0,0,0,7,0,0.461818,0.0,answer,
margin,live-delta,3,0.0,0.533881,0.581322,0.330047,0.96875,0.334342,0.484342,0.028531432151794434,0.6142705678939819,0.5857391357421875,2.3545608520507812,10.533501625061035,0.2785976529121399,20,1,1,1,1,1,1,0.3526621460914612,0.028531432151794434,1,contra,0.15,-1,121,52,CORRECT,0,0,0,0,7,0,0.329848,0.0,answer,
margin,live-delta,3,0.0,0.533881,0.581322,0.330047,0.96875,0.334342,0.484342,0.04132509231567383,0.6418052911758423,0.6004801988601685,2.4816462993621826,11.960939407348633,0.24868448078632355,20,1,1,1,1,1,1,0.41280031204223633,0.04132509231567383,1,contra,0.15,-1,122,52,CORRECT,0,0,0,0,9,0,0.4128,0.0,answer,
margin,live-delta,3,0.0,0.533881,0.581322,0.330047,0.96875,0.334342,0.484342,0.0,0.5257062911987305,0.5257062911987305,1.8726837635040283,6.505733013153076,0.36042362451553345,20,1,2,0,1,1,1,0.5627681612968445,0.0,0,contra,0.15,-1,123,189,CORRECT,0,0,0,0,7,0,0.447186,0.0,answer,
margin,live-delta,3,0.0,0.533881,0.581322,0.330047,0.96875,0.334342,0.484342,0.0,0.7209793329238892,0.7209793329238892,2.0539767742156982,7.798853874206543,0.20690631866455078,20,1,0,0,1,1,1,0.5859032869338989,0.0,0,contra,0.15,-1,124,190,CORRECT,0,0,0,0,7,0,0.585903,0.0,answer,
margin,live-delta,3,0.0,0.533881,0.581322,0.330047,0.96875,0.334342,0.484342,0.0,0.5810360312461853,0.5810360312461853,2.4734840393066406,11.86370849609375,0.20419913530349731,20,1,1,1,1,1,1,0.41377851366996765,0.0,0,contra,0.15,-1,125,38,CORRECT,0,0,0,0,7,0,0.392328,0.0,answer,
margin,live-delta,3,0.0,0.533881,0.581322,0.330047,0.96875,0.334342,0.484342,0.051419079303741455,0.7271186113357544,0.6756995320320129,0.8580270409584045,2.3585028648376465,0.6994118094444275,17,1,1,1,1,1,0,0.024039791896939278,0.21110141277313232,2,contra,0.15,-1,126,41,CORRECT,0,0,0,0,5,0,0.02404,0.0,answer,
margin,live-delta,3,0.0,0.533881,0.581322,0.330047,0.96875,0.334342,0.484342,0.1547597050666809,0.7880293130874634,0.6332696080207825,0.5105869174003601,1.6662688255310059,0.8957836627960205,14,1,1,1,1,1,0,0.009922857396304607,0.241455078125,2,contra,0.15,-1,127,40,CORRECT,0,0,0,0,2,0,0.009923,0.0,answer,
margin,live-delta,3,0.0,0.533881,0.581322,0.330047,0.96875,0.334342,0.484342,0.02814382314682007,0.5415035486221313,0.5133597254753113,2.794917106628418,16.36127281188965,0.18140219151973724,20,2,2,1,2,1,1,0.25203463435173035,0.046958208084106445,1,contra,0.15,-1,128,66,CORRECT,0,0,0,0,6,0,0.252035,0.0,answer,
margin,live-delta,3,0.0,0.533881,0.581322,0.330047,0.96875,0.334342,0.484342,0.02547597885131836,0.5951765775680542,0.5697005987167358,2.4403600692749023,11.4771728515625,0.24453680217266083,20,2,2,1,2,1,1,0.24710221588611603,0.02547597885131836,1,contra,0.15,-1,129,66,CORRECT,0,0,0,0,7,0,0.247102,0.0,answer,
margin,live-delta,3,0.0,0.533881,0.581322,0.330047,0.96875,0.334342,0.484342,0.041772425174713135,0.5690668821334839,0.5272944569587708,2.754606008529663,15.714848518371582,0.1638461947441101,20,2,2,1,2,1,1,0.32557278871536255,0.041772425174713135,1,contra,0.15,-1,130,81,CORRECT,0,0,0,0,7,0,0.325573,0.0,answer,
margin,live-delta,3,0.0,0.533881,0.581322,0.330047,0.96875,0.334342,0.484342,0.014298349618911743,0.40967702865600586,0.3953786790370941,1.4841798543930054,4.411345958709717,0.36616069078445435,5,2,2,1,2,1,1,0.12456677854061127,0.05391150712966919,2,contra,0.15,-1,132,71,CORRECT,0,0,0,0,1,0,0.124567,0.0,answer,
margin,live-delta,3,0.0,0.533881,0.581322,0.330047,0.96875,0.334342,0.484342,0.07747495174407959,0.7438898086547852,0.6664148569107056,0.849868893623352,2.3393402099609375,0.7584872841835022,19,2,2,1,2,1,0,0.026672223582863808,0.17229026556015015,2,contra,0.15,-1,133,71,CORRECT,0,0,0,0,5,0,0.026672,0.0,answer,
margin,live-delta,3,0.0,0.533881,0.581322,0.330047,0.96875,0.334342,0.484342,0.09667551517486572,0.7966055274009705,0.6999300122261047,1.5346829891204834,4.639854431152344,0.6217121481895447,20,2,2,1,2,1,1,0.13134755194187164,0.10837900638580322,2,contra,0.15,-1,134,86,CORRECT,0,0,0,0,7,0,0.131348,0.0,answer,
margin,live-delta,3,0.0,0.533881,0.581322,0.330047,0.96875,0.334342,0.484342,0.024165570735931396,0.5892134308815002,0.5650478601455688,1.964874505996704,7.134017467498779,0.29978588223457336,20,2,2,1,2,1,1,0.42165014147758484,0.024165570735931396,0,contra,0.15,-1,135,91,CORRECT,0,0,0,0,8,0,0.42165,0.0,answer,
margin,live-delta,3,0.0,0.533881,0.581322,0.330047,0.96875,0.334342,0.484342,0.0,0.6251969933509827,0.6251969933509827,2.5143802165985107,12.358946800231934,0.21585296094417572,20,2,1,0,2,1,1,0.38430118560791016,0.0,0,contra,0.15,-1,136,170,CORRECT,0,0,0,0,6,0,0.384301,0.0,answer,
margin,live-delta,3,0.0,0.533881,0.581322,0.330047,0.96875,0.334342,0.484342,0.0,0.4245971441268921,0.4245971441268921,1.7037198543548584,5.49434757232666,0.21169176697731018,6,2,1,0,2,1,1,0.42338353395462036,0.0,0,contra,0.15,-1,137,160,CORRECT,0,0,0,0,2,0,0.423384,0.0,answer,
margin,live-delta,3,0.0,0.533881,0.581322,0.330047,0.96875,0.334342,0.484342,0.012679576873779297,0.41997987031936646,0.40730029344558716,2.8060407638549805,16.54428482055664,0.12290322035551071,19,2,2,1,2,1,1,0.23921498656272888,0.027431517839431763,1,contra,0.15,-1,138,85,CORRECT,0,0,0,0,5,0,0.239215,0.0,answer,
margin,live-delta,3,0.0,0.533881,0.581322,0.330047,0.96875,0.334342,0.484342,0.028989017009735107,0.6016455292701721,0.572656512260437,2.216634511947632,9.176395416259766,0.2977466583251953,20,2,2,1,2,1,1,0.21995675563812256,0.028989017009735107,1,contra,0.15,-1,139,64,CORRECT,0,0,0,0,6,0,0.219957,0.0,answer,
margin,live-delta,3,0.0,0.533881,0.581322,0.330047,0.96875,0.334342,0.484342,0.0345538854598999,0.6501257419586182,0.6155718564987183,1.1626369953155518,3.1983561515808105,0.566271185874939,11,2,2,1,2,1,0,0.013681869953870773,0.18615007400512695,2,contra,0.15,-1,140,80,CORRECT,0,0,0,0,1,0,0.013682,0.0,answer,
margin,live-delta,3,0.0,0.533881,0.581322,0.330047,0.96875,0.334342,0.484342,0.047999441623687744,0.6712274551391602,0.6232280135154724,2.069850444793701,7.923637866973877,0.4028744101524353,20,2,2,1,2,1,1,0.21948261559009552,0.047999441623687744,1,contra,0.15,-1,141,86,CORRECT,0,0,0,0,6,0,0.219483,0.0,answer,
margin,live-delta,3,0.0,0.533881,0.581322,0.330047,0.96875,0.334342,0.484342,0.0030187368392944336,0.5701974630355835,0.5671787261962891,2.7778024673461914,16.083637237548828,0.121001698076725,20,2,2,1,2,1,1,0.2947137951850891,0.0030187368392944336,0,contra,0.15,-1,142,65,CORRECT,0,0,0,0,7,0,0.294714,0.0,answer,
margin,live-delta,3,0.0,0.533881,0.581322,0.330047,0.96875,0.334342,0.484342,0.009077906608581543,0.4765753746032715,0.46749746799468994,2.842480182647705,17.158267974853516,0.12719769775867462,20,2,2,1,2,1,1,0.304973304271698,0.022504299879074097,0,contra,0.15,-1,143,91,CORRECT,0,0,0,0,6,0,0.304973,0.0,answer,
margin,live-delta,3,0.0,0.533881,0.581322,0.330047,0.96875,0.334342,0.484342,0.0962134599685669,0.5023441314697266,0.40613067150115967,1.189298152923584,3.2847750186920166,0.6885555386543274,8,2,2,1,2,1,0,0.07553325593471527,0.1362971067428589,2,contra,0.15,-1,144,85,CORRECT,0,0,0,0,2,0,0.075533,0.0,answer,
margin,live-delta,3,0.0,0.533881,0.581322,0.330047,0.96875,0.334342,0.484342,0.06751570105552673,0.5056645274162292,0.4381488263607025,1.8507767915725708,6.364761829376221,0.4391929507255554,11,2,2,1,2,1,1,0.20930010080337524,0.06751570105552673,2,contra,0.15,-1,145,88,CORRECT,0,0,0,0,3,0,0.2093,0.0,answer,
margin,live-delta,3,0.0,0.533881,0.581322,0.330047,0.96875,0.334342,0.484342,0.0006460845470428467,0.4003845751285553,0.39973849058151245,2.682576894760132,14.622726440429688,0.11245470494031906,16,2,2,1,2,1,1,0.3956835865974426,0.0006460845470428467,0,contra,0.15,-1,146,88,CORRECT,0,0,0,0,7,0,0.395684,0.0,answer,
margin,live-delta,3,0.0,0.533881,0.581322,0.330047,0.96875,0.334342,0.484342,0.023302674293518066,0.5993673205375671,0.5760646462440491,2.220330238342285,9.210371971130371,0.25918257236480713,20,2,2,1,2,1,1,0.4060072898864746,0.023302674293518066,0,contra,0.15,-1,147,91,CORRECT,0,0,0,0,6,0,0.406007,0.0,answer,
margin,live-delta,3,0.0,0.533881,0.581322,0.330047,0.96875,0.334342,0.484342,0.003406345844268799,0.5392884612083435,0.5358821153640747,2.7410330772399902,15.502992630004883,0.1465541273355484,20,2,2,1,2,1,1,0.37196654081344604,0.003406345844268799,0,contra,0.15,-1,148,78,CORRECT,0,0,0,0,8,0,0.371967,0.0,answer,
margin,live-delta,3,0.0,0.533881,0.581322,0.330047,0.96875,0.334342,0.484342,0.0855400562286377,0.6592262983322144,0.5736862421035767,1.8421307802200317,6.309968948364258,0.5154616236686707,20,2,2,1,2,1,1,0.2538309097290039,0.0855400562286377,2,contra,0.15,-1,149,91,CORRECT,0,0,0,0,6,0,0.253831,0.0,answer,
margin,live-delta,3,0.0,0.533881,0.581322,0.330047,0.96875,0.334342,0.484342,0.002938687801361084,0.6503852605819702,0.6474465727806091,2.613027811050415,13.640288352966309,0.11137688159942627,20,2,2,1,2,1,1,0.35703450441360474,0.004634380340576172,0,contra,0.15,-1,150,66,CORRECT,0,0,0,0,7,0,0.357035,0.0,answer,
margin,live-delta,3,0.0,0.533881,0.581322,0.330047,0.96875,0.334342,0.484342,0.027769744396209717,0.5065252184867859,0.47875547409057617,2.5508534908294678,12.818038940429688,0.2692207396030426,20,2,2,1,2,1,1,0.18013235926628113,0.09263736009597778,2,contra,0.15,-1,151,85,CORRECT,0,0,0,0,6,0,0.180132,0.0,answer,
margin,live-delta,3,0.0,0.533881,0.581322,0.330047,0.96875,0.334342,0.484342,0.27028217911720276,0.6035950779914856,0.33331289887428284,-0.0,1.0,1.0,1,2,2,1,2,1,0,0.0,0.27028217911720276,2,contra,0.15,-1,152,74,CORRECT,0,0,0,0,0,0,0.0,0.0,answer,
margin,live-delta,3,0.0,0.533881,0.581322,0.330047,0.96875,0.334342,0.484342,0.0,0.574760377407074,0.574760377407074,2.643303155899048,14.059568405151367,0.16282185912132263,20,2,1,0,2,1,1,0.4074109196662903,0.0,0,contra,0.15,-1,153,184,CORRECT,0,0,0,0,7,0,0.407411,0.0,answer,
margin,live-delta,3,0.0,0.533881,0.581322,0.330047,0.96875,0.334342,0.484342,0.010171353816986084,0.39511168003082275,0.38494032621383667,2.038274049758911,7.677347183227539,0.1729174554347992,8,2,2,1,2,1,1,0.2821769118309021,0.010171353816986084,0,contra,0.15,-1,155,64,CORRECT,0,0,0,0,2,0,0.282177,0.0,answer,
margin,live-delta,3,0.0,0.533881,0.581322,0.330047,0.96875,0.334342,0.484342,0.06495732069015503,0.4113556444644928,0.34639832377433777,0.519609808921814,1.6813714504241943,0.7856912612915039,2,2,2,1,2,1,0,0.0,0.17202213406562805,2,contra,0.15,-1,156,93,CORRECT,0,0,0,0,0,0,0.0,0.0,answer,
margin,live-delta,3,0.0,0.533881,0.581322,0.330047,0.96875,0.334342,0.484342,0.0,0.6391476988792419,0.6391476988792419,2.523651361465454,12.474061012268066,0.2010897547006607,20,2,2,1,2,1,1,0.3755173981189728,0.0,0,contra,0.15,-1,157,94,CORRECT,0,0,0,0,6,0,0.375517,0.0,answer,
margin,live-delta,3,0.0,0.533881,0.581322,0.330047,0.96875,0.334342,0.484342,0.08749839663505554,0.5680897235870361,0.4805913269519806,2.435091018676758,11.416857719421387,0.3623497188091278,20,2,2,1,2,1,1,0.22212135791778564,0.08749839663505554,2,contra,0.15,-1,158,85,CORRECT,0,0,0,0,6,0,0.222121,0.0,answer,
margin,live-delta,3,0.0,0.533881,0.581322,0.330047,0.96875,0.334342,0.484342,0.18490827083587646,0.7387069463729858,0.5537986755371094,0.568855345249176,1.7662441730499268,0.8956204652786255,20,2,2,1,2,1,0,0.05020918324589729,0.18490827083587646,2,contra,0.15,-1,159,68,CORRECT,0,0,0,0,6,0,0.050209,0.0,answer,
margin,live-delta,3,0.0,0.533881,0.581322,0.330047,0.96875,0.334342,0.484342,0.0344085693359375,0.5577472448348999,0.5233386754989624,2.2436132431030273,9.427332878112793,0.2955918312072754,20,2,2,1,2,1,1,0.3703227937221527,0.0344085693359375,1,contra,0.15,-1,160,91,CORRECT,0,0,0,0,6,0,0.370323,0.0,answer,
margin,live-delta,3,0.0,0.533881,0.581322,0.330047,0.96875,0.334342,0.484342,0.0,0.4709516167640686,0.4709516167640686,2.7066328525543213,14.978754997253418,0.12729805707931519,20,2,1,0,2,1,1,0.406131386756897,0.0,0,contra,0.15,-1,161,184,CORRECT,0,0,0,0,7,0,0.406131,0.0,answer,
margin,live-delta,3,0.0,0.533881,0.581322,0.330047,0.96875,0.334342,0.484342,0.17954033613204956,0.6567572355270386,0.477216899394989,0.4200475513935089,1.522033929824829,0.9222798943519592,12,2,2,1,2,1,0,0.006333294790238142,0.26464614272117615,2,contra,0.15,-1,162,93,CORRECT,0,0,0,0,2,0,0.006333,0.0,answer,
margin,live-delta,3,0.0,0.533881,0.581322,0.330047,0.96875,0.334342,0.484342,0.01217794418334961,0.574068546295166,0.5618906021118164,2.66098690032959,14.310404777526855,0.16675718128681183,20,2,2,1,2,1,1,0.26547694206237793,0.01217794418334961,0,contra,0.15,-1,163,66,CORRECT,0,0,0,0,6,0,0.265477,0.0,answer,
margin,live-delta,3,0.0,0.533881,0.581322,0.330047,0.96875,0.334342,0.484342,0.2803356647491455,0.6889474987983704,0.40861183404922485,0.07342039048671722,1.0761828422546387,0.9896288514137268,6,2,2,1,2,1,0,0.0012019489658996463,0.33566927909851074,2,contra,0.15,-1,164,93,CORRECT,0,0,0,0,1,0,0.001202,0.0,answer,
margin,live-delta,3,0.0,0.533881,0.581322,0.330047,0.96875,0.334342,0.484342,0.08025693893432617,0.6881221532821655,0.6078652143478394,2.4587535858154297,11.690231323242188,0.34474629163742065,20,2,2,1,2,1,1,0.253902792930603,0.08025693893432617,2,contra,0.15,-1,165,86,CORRECT,0,0,0,0,7,0,0.253903,0.0,answer,
margin,live-delta,3,0.0,0.533881,0.581322,0.330047,0.96875,0.334342,0.484342,0.07133865356445312,0.4756857752799988,0.40434712171554565,1.4833407402038574,4.4076457023620605,0.530071496963501,7,2,2,1,2,1,0,0.050547417253255844,0.11750498414039612,2,contra,0.15,-1,166,80,CORRECT,0,0,0,0,1,0,0.050547,0.0,answer,
margin,live-delta,3,0.0,0.533881,0.581322,0.330047,0.96875,0.334342,0.484342,0.004124343395233154,0.3853720426559448,0.38124769926071167,2.3319485187530518,10.297987937927246,0.14771077036857605,11,2,2,1,2,1,1,0.3288367688655853,0.004124343395233154,0,contra,0.15,-1,167,93,CORRECT,0,0,0,0,4,0,0.328837,0.0,answer,
margin,live-delta,3,0.0,0.533881,0.581322,0.330047,0.96875,0.334342,0.484342,0.074472576379776,0.3759671151638031,0.3014945387840271,-0.0,1.0,1.0,1,2,2,1,2,1,0,0.0,0.07806587219238281,2,contra,0.15,-1,168,93,CORRECT,0,0,0,0,0,0,0.0,0.0,answer,
margin,live-delta,3,0.0,0.533881,0.581322,0.330047,0.96875,0.334342,0.484342,0.0,0.6072017550468445,0.6072017550468445,2.495323896408081,12.125659942626953,0.15749432146549225,20,2,1,0,2,1,1,0.45184168219566345,0.0,0,contra,0.15,-1,169,157,CORRECT,0,0,0,0,6,0,0.451842,0.0,answer,
margin,live-delta,3,0.0,0.533881,0.581322,0.330047,0.96875,0.334342,0.484342,0.018336057662963867,0.4837937653064728,0.4654577076435089,2.3721673488616943,10.720602035522461,0.28030285239219666,17,2,2,1,2,1,1,0.16890065371990204,0.07637408375740051,2,contra,0.15,-1,170,68,CORRECT,0,0,0,0,4,0,0.168901,0.0,answer,
margin,live-delta,3,0.0,0.533881,0.581322,0.330047,0.96875,0.334342,0.484342,0.03160598874092102,0.42073097825050354,0.3891249895095825,1.6480376720428467,5.19677209854126,0.35035648941993713,6,2,2,1,2,1,1,0.29143497347831726,0.03160598874092102,1,contra,0.15,-1,172,88,CORRECT,0,0,0,0,2,0,0.291435,0.0,answer,
margin,live-delta,3,0.0,0.533881,0.581322,0.330047,0.96875,0.334342,0.484342,0.02429831027984619,0.5705028176307678,0.5462045073509216,2.8100616931915283,16.610942840576172,0.14200469851493835,20,2,2,1,2,1,1,0.27029508352279663,0.02429831027984619,0,contra,0.15,-1,173,90,CORRECT,0,0,0,0,6,0,0.270295,0.0,answer,
margin,live-delta,3,0.0,0.533881,0.581322,0.330047,0.96875,0.334342,0.484342,0.05137529969215393,0.4979991614818573,0.44662386178970337,2.2623891830444336,9.606012344360352,0.32315877079963684,15,2,2,1,2,1,1,0.11324813961982727,0.09620264172554016,2,contra,0.15,-1,174,65,CORRECT,0,0,0,0,4,0,0.113248,0.0,answer,
margin,live-delta,3,0.0,0.533881,0.581322,0.330047,0.96875,0.334342,0.484342,0.0024803578853607178,0.4129861891269684,0.41050583124160767,1.8383946418762207,6.28643798828125,0.2340761125087738,7,2,2,1,2,1,0,0.06152984872460365,0.06680619716644287,2,contra,0.15,-1,176,88,CORRECT,0,0,0,0,1,0,0.06153,0.0,answer,
margin,live-delta,3,0.0,0.533881,0.581322,0.330047,0.96875,0.334342,0.484342,0.12175902724266052,0.6065850257873535,0.484825998544693,1.7047510147094727,5.500016212463379,0.6147239804267883,20,2,2,1,2,1,1,0.1310790777206421,0.12190032005310059,2,contra,0.15,-1,177,78,CORRECT,0,0,0,0,7,0,0.131079,0.0,answer,
margin,live-delta,3,0.0,0.533881,0.581322,0.330047,0.96875,0.334342,0.484342,0.0012949109077453613,0.5802474617958069,0.5789525508880615,2.6108531951904297,13.610658645629883,0.15619289875030518,20,2,2,1,2,1,1,0.36466968059539795,0.0012949109077453613,0,contra,0.15,-1,179,87,CORRECT,0,0,0,0,7,0,0.36467,0.0,answer,
margin,live-delta,3,0.0,0.533881,0.581322,0.330047,0.96875,0.334342,0.484342,0.0029421746730804443,0.4807736277580261,0.4778314530849457,2.69620680809021,14.823396682739258,0.13591481745243073,20,2,2,1,2,1,1,0.38930755853652954,0.0029421746730804443,0,contra,0.15,-1,180,64,CORRECT,0,0,0,0,7,0,0.389308,0.0,answer,
margin,live-delta,3,0.0,0.533881,0.581322,0.330047,0.96875,0.334342,0.484342,0.0,0.6918320655822754,0.6918320655822754,1.9202263355255127,6.822502613067627,0.31626319885253906,20,2,2,1,2,1,1,0.3808141052722931,0.0,0,contra,0.15,-1,181,69,CORRECT,0,0,0,0,6,0,0.380814,0.0,answer,
margin,live-delta,3,0.0,0.533881,0.581322,0.330047,0.96875,0.334342,0.484342,0.012425124645233154,0.45632970333099365,0.4439045786857605,2.5740981101989746,13.119479179382324,0.19239541888237,17,2,2,1,2,1,1,0.2482014298439026,0.04653298854827881,1,contra,0.15,-1,182,64,CORRECT,0,0,0,0,6,0,0.248201,0.0,answer,
margin,live-delta,3,0.0,0.533881,0.581322,0.330047,0.96875,0.334342,0.484342,0.0,0.36534959077835083,0.36534959077835083,1.5815839767456055,4.862651824951172,0.2566508650779724,5,2,1,0,2,1,1,0.2566508650779724,0.0,0,contra,0.15,-1,183,170,CORRECT,0,0,0,0,1,0,0.256651,0.0,answer,
margin,live-delta,3,0.0,0.533881,0.581322,0.330047,0.96875,0.334342,0.484342,0.0478360652923584,0.551082193851471,0.5032461285591125,2.6429646015167236,14.054808616638184,0.2464200258255005,20,2,2,1,2,1,1,0.23487089574337006,0.06652528047561646,2,contra,0.15,-1,184,66,CORRECT,0,0,0,0,6,0,0.234871,0.0,answer,
margin,live-delta,3,0.0,0.533881,0.581322,0.330047,0.96875,0.334342,0.484342,0.0,0.5307070016860962,0.5307070016860962,1.0753517150878906,2.931023597717285,0.44677138328552246,5,2,1,0,2,1,1,0.48204049468040466,0.0,0,contra,0.15,-1,185,170,CORRECT,0,0,0,0,2,0,0.48204,0.0,answer,
margin,live-delta,3,0.0,0.533881,0.581322,0.330047,0.96875,0.334342,0.484342,0.0038154125213623047,0.6895368099212646,0.6857213973999023,1.8268715143203735,6.214414596557617,0.3296714723110199,20,2,2,1,2,1,0,0.0712893158197403,0.0826718807220459,2,contra,0.15,-1,186,80,CORRECT,0,0,0,0,6,0,0.071289,0.0,answer,
margin,live-delta,3,0.0,0.533881,0.581322,0.330047,0.96875,0.334342,0.484342,0.038748323917388916,0.36235830187797546,0.32360997796058655,-0.0,1.0,1.0,1,2,2,1,2,1,0,0.0,0.05120205879211426,2,contra,0.15,-1,187,81,CORRECT,0,0,0,0,0,0,0.0,0.0,answer,
margin,live-delta,3,0.0,0.533881,0.581322,0.330047,0.96875,0.334342,0.484342,0.0,0.46566590666770935,0.46566590666770935,2.297435760498047,9.948638916015625,0.1799963265657425,17,2,1,0,2,1,1,0.48961517214775085,0.0,0,contra,0.15,-1,188,160,CORRECT,0,0,0,0,8,0,0.489615,0.0,answer,
margin,live-delta,3,0.0,0.533881,0.581322,0.330047,0.96875,0.334342,0.484342,0.04678565263748169,0.574927806854248,0.5281421542167664,1.8832547664642334,6.574869632720947,0.42883527278900146,20,2,2,1,2,1,1,0.18972134590148926,0.04678565263748169,1,contra,0.15,-1,189,65,CORRECT,0,0,0,0,5,0,0.189721,0.0,answer,
margin,live-delta,3,0.0,0.533881,0.581322,0.330047,0.96875,0.334342,0.484342,0.0,0.5638655424118042,0.5638655424118042,2.5156939029693604,12.375192642211914,0.20283257961273193,20,2,2,1,2,1,1,0.4093557298183441,0.0,0,contra,0.15,-1,190,76,CORRECT,0,0,0,0,6,0,0.409356,0.0,answer,
margin,live-delta,3,0.0,0.533881,0.581322,0.330047,0.96875,0.334342,0.484342,0.005952358245849609,0.555470883846283,0.5495185256004333,2.498561143875122,12.16497802734375,0.19111478328704834,20,2,2,1,2,1,1,0.3154079020023346,0.005952358245849609,0,contra,0.15,-1,191,86,CORRECT,0,0,0,0,7,0,0.315408,0.0,answer,
margin,live-delta,3,0.0,0.533881,0.581322,0.330047,0.96875,0.334342,0.484342,0.0,0.7158771753311157,0.7158771753311157,2.460707187652588,11.713091850280762,0.1750108003616333,20,3,2,0,3,1,1,0.49026066064834595,0.0,0,contra,0.15,-1,192,204,CORRECT,0,0,0,0,9,0,0.490261,0.0,answer,
margin,live-delta,3,0.0,0.533881,0.581322,0.330047,0.96875,0.334342,0.484342,0.10260394215583801,0.5292460918426514,0.42664214968681335,1.6332006454467773,5.120236396789551,0.591081976890564,13,3,3,1,3,1,1,0.16698236763477325,0.10260394215583801,2,contra,0.15,-1,193,124,CORRECT,0,0,0,0,4,0,0.166982,0.0,answer,
margin,live-delta,3,0.0,0.533881,0.581322,0.330047,0.96875,0.334342,0.484342,0.004106700420379639,0.43997180461883545,0.4358651041984558,2.4918205738067627,12.08325481414795,0.14313192665576935,16,3,3,1,3,1,1,0.386646568775177,0.004106700420379639,0,contra,0.15,-1,194,124,CORRECT,0,0,0,0,7,0,0.386647,0.0,answer,
margin,live-delta,3,0.0,0.533881,0.581322,0.330047,0.96875,0.334342,0.484342,0.0,0.6738865971565247,0.6738865971565247,1.9587405920028687,7.090391635894775,0.3325578570365906,20,3,2,0,3,1,1,0.4222759008407593,0.0,0,contra,0.15,-1,195,136,CORRECT,0,0,0,0,7,0,0.422276,0.0,answer,
margin,live-delta,3,0.0,0.533881,0.581322,0.330047,0.96875,0.334342,0.484342,0.0,0.6066103577613831,0.6066103577613831,2.7620632648468018,15.832475662231445,0.10036605596542358,20,3,2,0,3,1,1,0.4987655282020569,0.0,0,contra,0.15,-1,196,204,CORRECT,0,0,0,0,9,0,0.498766,0.0,answer,
margin,live-delta,3,0.0,0.533881,0.581322,0.330047,0.96875,0.334342,0.484342,0.0,0.6571125984191895,0.6571125984191895,2.5651559829711914,13.002686500549316,0.16510093212127686,20,3,3,1,3,1,1,0.32435405254364014,0.0,0,contra,0.15,-1,197,127,CORRECT,0,0,0,0,8,0,0.324354,0.0,answer,
margin,live-delta,3,0.0,0.533881,0.581322,0.330047,0.96875,0.334342,0.484342,0.0,0.6370205283164978,0.6370205283164978,1.518206000328064,4.564030170440674,0.3979531228542328,20,3,3,1,3,1,1,0.43662360310554504,0.0,0,contra,0.15,-1,199,127,CORRECT,0,0,0,0,8,0,0.436624,0.0,answer,
margin,live-delta,3,0.0,0.533881,0.581322,0.330047,0.96875,0.334342,0.484342,0.028112411499023438,0.7088281512260437,0.6807157397270203,2.7283029556274414,15.306888580322266,0.1663311868906021,20,3,3,1,3,1,1,0.3982688784599304,0.028112411499023438,1,contra,0.15,-1,200,115,CORRECT,0,0,0,0,9,0,0.398269,0.0,answer,
margin,live-delta,3,0.0,0.533881,0.581322,0.330047,0.96875,0.334342,0.484342,0.08230164647102356,0.48156577348709106,0.3992641270160675,2.0474069118499756,7.74778413772583,0.44325074553489685,13,3,3,1,3,1,1,0.19006043672561646,0.12096911668777466,2,contra,0.15,-1,201,107,CORRECT,0,0,0,0,5,0,0.19006,0.0,answer,
margin,live-delta,3,0.0,0.533881,0.581322,0.330047,0.96875,0.334342,0.484342,0.02431178092956543,0.5317378044128418,0.5074260234832764,1.2623134851455688,3.5335869789123535,0.4941386878490448,8,3,3,1,3,1,0,0.024753406643867493,0.18435001373291016,2,contra,0.15,-1,202,116,CORRECT,0,0,0,0,2,0,0.024753,0.0,answer,
margin,live-delta,3,0.0,0.533881,0.581322,0.330047,0.96875,0.334342,0.484342,0.1064421534538269,0.6956464052200317,0.5892042517662048,1.8686130046844482,6.479303359985352,0.5763756632804871,20,3,3,1,3,1,1,0.16252487897872925,0.15494287014007568,2,contra,0.15,-1,203,123,CORRECT,0,0,0,0,9,0,0.162525,0.0,answer,
margin,live-delta,3,0.0,0.533881,0.581322,0.330047,0.96875,0.334342,0.484342,0.0,0.649493396282196,0.649493396282196,1.7091699838638306,5.524374485015869,0.24308092892169952,19,3,3,1,3,1,1,0.4982609450817108,0.0,0,contra,0.15,-1,204,99,CORRECT,0,0,0,0,7,0,0.498261,0.0,answer,
margin,live-delta,3,0.0,0.533881,0.581322,0.330047,0.96875,0.334342,0.484342,0.013731002807617188,0.4197525680065155,0.4060215651988983,2.3896822929382324,10.910027503967285,0.18485954403877258,13,3,3,1,3,1,1,0.31140655279159546,0.020053625106811523,0,contra,0.15,-1,205,116,CORRECT,0,0,0,0,5,0,0.311407,0.0,answer,
margin,live-delta,3,0.0,0.533881,0.581322,0.330047,0.96875,0.334342,0.484342,0.03863942623138428,0.5191511511802673,0.48051172494888306,1.567589521408081,4.7950758934021,0.41001084446907043,7,3,3,1,3,1,1,0.25128331780433655,0.05913746356964111,2,contra,0.15,-1,206,107,CORRECT,0,0,0,0,2,0,0.251283,0.0,answer,
margin,live-delta,3,0.0,0.533881,0.581322,0.330047,0.96875,0.334342,0.484342,0.0,0.5254757404327393,0.5254757404327393,1.2010014057159424,3.3234434127807617,0.42350247502326965,6,3,3,1,3,1,1,0.4484933018684387,0.0,0,contra,0.15,-1,207,101,CORRECT,0,0,0,0,2,0,0.448493,0.0,answer,
margin,live-delta,3,0.0,0.533881,0.581322,0.330047,0.96875,0.334342,0.484342,0.0,0.5600730180740356,0.5600730180740356,2.4103636741638184,11.13801097869873,0.22896762192249298,20,3,2,0,3,1,1,0.4262154698371887,0.0,0,contra,0.15,-1,208,136,CORRECT,0,0,0,0,8,0,0.426215,0.0,answer,
margin,live-delta,3,0.0,0.533881,0.581322,0.330047,0.96875,0.334342,0.484342,0.0,0.6268348693847656,0.6268348693847656,2.551466226577759,12.825895309448242,0.11851005256175995,20,3,3,1,3,1,1,0.4657737910747528,0.0,0,contra,0.15,-1,209,103,CORRECT,0,0,0,0,8,0,0.465774,0.0,answer,
margin,live-delta,3,0.0,0.533881,0.581322,0.330047,0.96875,0.334342,0.484342,0.01754710078239441,0.4622208774089813,0.4446737766265869,2.6100661754608154,13.599950790405273,0.16784949600696564,20,3,3,1,3,1,1,0.36408036947250366,0.019447147846221924,0,contra,0.15,-1,210,100,CORRECT,0,0,0,0,8,0,0.339773,0.0,answer,
margin,live-delta,3,0.0,0.533881,0.581322,0.330047,0.96875,0.334342,0.484342,0.02866208553314209,0.7037274837493896,0.6750653982162476,2.4285287857055664,11.342183113098145,0.23260100185871124,20,3,3,1,3,1,1,0.3376893997192383,0.02866208553314209,1,contra,0.15,-1,211,96,CORRECT,0,0,0,0,8,0,0.337689,0.0,answer,
margin,live-delta,3,0.0,0.533881,0.581322,0.330047,0.96875,0.334342,0.484342,0.0,0.7040786147117615,0.7040786147117615,2.241520404815674,9.407624244689941,0.2221907675266266,20,3,3,1,3,1,1,0.4456791877746582,0.0,0,contra,0.15,-1,212,98,CORRECT,0,0,0,0,9,0,0.445679,0.0,answer,
margin,live-delta,3,0.0,0.533881,0.581322,0.330047,0.96875,0.334342,0.484342,0.0,0.7602081298828125,0.7602081298828125,2.5509066581726074,12.818720817565918,0.1671784520149231,20,3,2,0,3,1,1,0.46420782804489136,0.0,0,contra,0.15,-1,213,136,CORRECT,0,0,0,0,9,0,0.464208,0.0,answer,
margin,live-delta,3,0.0,0.533881,0.581322,0.330047,0.96875,0.334342,0.484342,0.0420457124710083,0.4206753373146057,0.3786296248435974,2.785731315612793,16.211669921875,0.1639591008424759,18,3,3,1,3,1,1,0.3953273892402649,0.0420457124710083,1,contra,0.15,-1,214,116,CORRECT,0,0,0,0,8,0,0.395327,0.0,answer,
margin,live-delta,3,0.0,0.533881,0.581322,0.330047,0.96875,0.334342,0.484342,0.0,0.6014844179153442,0.6014844179153442,2.647446393966675,14.117940902709961,0.1583079844713211,20,3,2,0,3,1,1,0.5084185600280762,0.0,0,contra,0.15,-1,215,136,CORRECT,0,0,0,0,9,0,0.508419,0.0,answer,
margin,live-delta,3,0.0,0.533881,0.581322,0.330047,0.96875,0.334342,0.484342,0.010835528373718262,0.561787486076355,0.5509519577026367,2.5775647163391113,13.165038108825684,0.14286379516124725,20,3,3,1,3,1,1,0.3434363305568695,0.014511168003082275,0,contra,0.15,-1,216,106,CORRECT,0,0,0,0,7,0,0.343436,0.0,answer,
margin,live-delta,3,0.0,0.533881,0.581322,0.330047,0.96875,0.334342,0.484342,0.15650790929794312,0.581675112247467,0.4251672029495239,0.6192642450332642,1.8575608730316162,0.8617724180221558,7,3,3,1,3,1,0,0.09215176105499268,0.15650790929794312,2,contra,0.15,-1,217,105,CORRECT,0,0,0,0,4,0,0.092152,0.0,answer,
margin,live-delta,3,0.0,0.533881,0.581322,0.330047,0.96875,0.334342,0.484342,0.01645064353942871,0.6338362693786621,0.6173856258392334,2.69403338432312,14.791213989257812,0.13193349540233612,20,3,3,1,3,1,1,0.4444393217563629,0.01645064353942871,0,contra,0.15,-1,218,117,CORRECT,0,0,0,0,8,0,0.444439,0.0,answer,
margin,live-delta,3,0.0,0.533881,0.581322,0.330047,0.96875,0.334342,0.484342,0.046770721673965454,0.540321946144104,0.49355122447013855,2.751688003540039,15.669058799743652,0.19657912850379944,20,3,3,1,3,1,1,0.37251219153404236,0.046770721673965454,1,contra,0.15,-1,219,108,CORRECT,0,0,0,0,8,0,0.372512,0.0,answer,
margin,live-delta,3,0.0,0.533881,0.581322,0.330047,0.96875,0.334342,0.484342,0.0,0.6931151151657104,0.6931151151657104,2.587171792984009,13.292125701904297,0.13922345638275146,20,3,2,0,3,1,1,0.47184380888938904,0.0,0,contra,0.15,-1,220,136,CORRECT,0,0,0,0,9,0,0.471844,0.0,answer,
margin,live-delta,3,0.0,0.533881,0.581322,0.330047,0.96875,0.334342,0.484342,0.0,0.6067142486572266,0.6067142486572266,1.8274478912353516,6.2179975509643555,0.35242047905921936,20,3,3,1,3,1,1,0.4704405665397644,0.0,0,contra,0.15,-1,221,102,CORRECT,0,0,0,0,8,0,0.470441,0.0,answer,
margin,live-delta,3,0.0,0.533881,0.581322,0.330047,0.96875,0.334342,0.484342,0.0,0.5600713491439819,0.5600713491439819,2.785454273223877,16.207178115844727,0.11963529884815216,20,3,2,0,3,1,1,0.5101115703582764,0.0,0,contra,0.15,-1,222,204,CORRECT,0,0,0,0,10,0,0.510112,0.0,answer,
margin,live-delta,3,0.0,0.533881,0.581322,0.330047,0.96875,0.334342,0.484342,0.0464787483215332,0.4414621889591217,0.3949834406375885,2.850576400756836,17.297748565673828,0.17134971916675568,20,3,3,1,3,1,1,0.3834453225135803,0.0464787483215332,1,contra,0.15,-1,223,124,CORRECT,0,0,0,0,8,0,0.383445,0.0,answer,
margin,live-delta,3,0.0,0.533881,0.581322,0.330047,0.96875,0.334342,0.484342,0.0,0.40286785364151,0.40286785364151,1.3213564157485962,3.748502492904663,0.29763442277908325,4,3,3,1,3,1,1,0.5952688455581665,0.0,0,contra,0.15,-1,224,112,CORRECT,0,0,0,0,2,0,0.595269,0.0,answer,
margin,live-delta,3,0.0,0.533881,0.581322,0.330047,0.96875,0.334342,0.484342,0.0,0.5563745498657227,0.5563745498657227,2.6267826557159424,13.829204559326172,0.18484976887702942,20,3,0,0,3,1,1,0.5045040845870972,0.0,0,contra,0.15,-1,225,30,CORRECT,0,0,0,0,7,0,0.369332,0.0,answer,
margin,live-delta,3,0.0,0.533881,0.581322,0.330047,0.96875,0.334342,0.484342,0.03750276565551758,0.47772443294525146,0.4402216672897339,2.7730605602264404,16.007551193237305,0.1706136018037796,20,3,3,1,3,1,1,0.36518895626068115,0.03750276565551758,1,contra,0.15,-1,226,123,CORRECT,0,0,0,0,8,0,0.365189,0.0,answer,
margin,live-delta,3,0.0,0.533881,0.581322,0.330047,0.96875,0.334342,0.484342,0.0,0.3879879117012024,0.3879879117012024,1.691759705543518,5.429025650024414,0.23993144929409027,6,3,2,0,2,0,1,0.6666667461395264,0.0,0,contra,0.15,-1,227,179,CONTRADICTORY_STRICT,1,1,0,0,4,0,0.666667,0.0,answer,
margin,live-delta,3,0.0,0.533881,0.581322,0.330047,0.96875,0.334342,0.484342,0.0,0.7159953117370605,0.7159953117370605,1.1097209453582764,3.0335118770599365,0.3327811062335968,5,3,0,0,3,1,1,0.6655622124671936,0.0,0,contra,0.15,-1,228,187,CORRECT,0,0,0,0,2,0,0.665562,0.0,answer,
margin,live-delta,3,0.0,0.533881,0.581322,0.330047,0.96875,0.334342,0.484342,0.06361925601959229,0.6538165807723999,0.5901973247528076,2.154863119125366,8.626708984375,0.3922274708747864,20,3,3,1,3,1,1,0.23884180188179016,0.06361925601959229,2,contra,0.15,-1,229,115,CORRECT,0,0,0,0,8,0,0.238842,0.0,answer,
margin,live-delta,3,0.0,0.533881,0.581322,0.330047,0.96875,0.334342,0.484342,0.0,0.6125504374504089,0.6125504374504089,2.585585355758667,13.271055221557617,0.11543972790241241,20,3,2,0,2,0,1,0.5972094535827637,0.0,0,contra,0.15,-1,230,179,CONTRADICTORY_STRICT,1,1,0,0,9,0,0.597209,0.0,answer,
margin,live-delta,3,0.0,0.533881,0.581322,0.330047,0.96875,0.334342,0.484342,0.027474582195281982,0.5701779127120972,0.5427033305168152,2.2939658164978027,9.914177894592285,0.32643944025039673,20,3,3,1,3,1,1,0.22714130580425262,0.0692371129989624,2,contra,0.15,-1,231,117,CORRECT,0,0,0,0,9,0,0.227141,0.0,answer,
margin,live-delta,3,0.0,0.533881,0.581322,0.330047,0.96875,0.334342,0.484342,0.0,0.5009386539459229,0.5009386539459229,2.6732747554779053,14.487334251403809,0.13593004643917084,20,3,1,0,3,1,1,0.5787123441696167,0.0,0,contra,0.15,-1,232,180,CORRECT,0,0,0,0,9,0,0.465739,0.0,answer,
margin,live-delta,3,0.0,0.533881,0.581322,0.330047,0.96875,0.334342,0.484342,0.0030035674571990967,0.496469646692276,0.4934660792350769,2.698047637939453,14.850708961486816,0.1439645141363144,19,3,3,1,3,1,1,0.3493371903896332,0.0030035674571990967,0,contra,0.15,-1,233,115,CORRECT,0,0,0,0,8,0,0.349337,0.0,answer,
margin,live-delta,3,0.0,0.533881,0.581322,0.330047,0.96875,0.334342,0.484342,0.04291737079620361,0.501893937587738,0.4589765667915344,2.7835159301757812,16.17579460144043,0.16750244796276093,20,3,3,1,3,1,1,0.41314950585365295,0.04291737079620361,1,contra,0.15,-1,234,108,CORRECT,0,0,0,0,9,0,0.41315,0.0,answer,
margin,live-delta,3,0.0,0.533881,0.581322,0.330047,0.96875,0.334342,0.484342,0.06836903095245361,0.6614959239959717,0.5931268930435181,2.112990617752075,8.272945404052734,0.4262488782405853,20,3,3,1,3,1,1,0.24864043295383453,0.08094149827957153,2,contra,0.15,-1,235,115,CORRECT,0,0,0,0,8,0,0.24864,0.0,answer,
margin,live-delta,3,0.0,0.533881,0.581322,0.330047,0.96875,0.334342,0.484342,0.005754947662353516,0.46608585119247437,0.46033090353012085,2.8399112224578857,17.114246368408203,0.13880515098571777,20,3,3,1,3,1,1,0.38383620977401733,0.030435651540756226,1,contra,0.15,-1,236,118,CORRECT,0,0,0,0,8,0,0.337229,0.0,answer,
margin,live-delta,3,0.0,0.533881,0.581322,0.330047,0.96875,0.334342,0.484342,0.015743613243103027,0.6798076629638672,0.6640640497207642,2.048875570297241,7.759171485900879,0.3318336308002472,20,3,3,1,3,1,1,0.23247875273227692,0.06494688987731934,2,contra,0.15,-1,237,115,CORRECT,0,0,0,0,8,0,0.232479,0.0,answer,
margin,live-delta,3,0.0,0.533881,0.581322,0.330047,0.96875,0.334342,0.484342,0.0,0.48643261194229126,0.48643261194229126,2.795041561126709,16.36330795288086,0.1277630776166916,20,3,2,0,3,1,1,0.5093399882316589,0.0,0,contra,0.15,-1,238,158,CORRECT,0,0,0,0,9,0,0.50934,0.0,answer,
margin,live-delta,3,0.0,0.533881,0.581322,0.330047,0.96875,0.334342,0.484342,0.04946953058242798,0.5871029496192932,0.5376334190368652,2.262890577316284,9.610830307006836,0.3780888020992279,20,3,3,1,3,1,1,0.19860154390335083,0.07708108425140381,2,contra,0.15,-1,239,123,CORRECT,0,0,0,0,8,0,0.198602,0.0,answer,
margin,live-delta,3,0.0,0.533881,0.581322,0.330047,0.96875,0.334342,0.484342,0.0,0.6377276182174683,0.6377276182174683,2.2914183139801025,9.88895320892334,0.16507652401924133,20,3,2,0,2,0,1,0.5895565152168274,0.0,0,contra,0.15,-1,240,158,CONTRADICTORY_STRICT,1,1,0,0,10,0,0.589557,0.0,answer,
margin,live-delta,3,0.0,0.533881,0.581322,0.330047,0.96875,0.334342,0.484342,0.0,0.49900099635124207,0.49900099635124207,2.3973729610443115,10.994256019592285,0.20017142593860626,20,3,1,0,3,1,1,0.5853248238563538,0.0,0,contra,0.15,-1,241,142,CORRECT,0,0,0,0,7,0,0.499492,0.0,answer,
margin,live-delta,3,0.0,0.533881,0.581322,0.330047,0.96875,0.334342,0.484342,0.02079826593399048,0.5582751631736755,0.5374768972396851,2.671783208847046,14.465742111206055,0.197196826338768,20,3,3,1,3,1,1,0.2927486002445221,0.03927576541900635,1,contra,0.15,-1,242,96,CORRECT,0,0,0,0,7,0,0.292749,0.0,answer,
margin,live-delta,3,0.0,0.533881,0.581322,0.330047,0.96875,0.334342,0.484342,0.0,0.7332625985145569,0.7332625985145569,2.2417659759521484,9.409934043884277,0.16347303986549377,20,3,0,0,3,1,1,0.581213116645813,0.0,0,contra,0.15,-1,243,205,CORRECT,0,0,0,0,9,0,0.581213,0.0,answer,
margin,live-delta,3,0.0,0.533881,0.581322,0.330047,0.96875,0.334342,0.484342,0.1839277744293213,0.5966714024543762,0.41274362802505493,0.8306608200073242,2.294834613800049,0.8490871787071228,18,3,3,1,3,1,0,0.05457296594977379,0.1839277744293213,2,contra,0.15,-1,244,105,CORRECT,0,0,0,0,6,0,0.054573,0.0,answer,
margin,live-delta,3,0.0,0.533881,0.581322,0.330047,0.96875,0.334342,0.484342,0.04181373119354248,0.6546295881271362,0.6128158569335938,2.4970157146453857,12.14619255065918,0.2585172951221466,20,3,3,1,3,1,1,0.2555697560310364,0.06370902061462402,2,contra,0.15,-1,245,123,CORRECT,0,0,0,0,8,0,0.25557,0.0,answer,
margin,live-delta,3,0.0,0.533881,0.581322,0.330047,0.96875,0.334342,0.484342,0.36518198251724243,0.8150866627693176,0.4499046802520752,0.04601375386118889,1.047088861465454,0.9948445558547974,20,3,3,1,3,1,0,0.0023858901113271713,0.36518198251724243,2,contra,0.15,-1,246,107,CORRECT,0,0,0,0,8,0,0.002386,0.0,answer,
margin,live-delta,3,0.0,0.533881,0.581322,0.330047,0.96875,0.334342,0.484342,0.052057862281799316,0.6668754816055298,0.6148176193237305,1.79029381275177,5.991212368011475,0.5187622904777527,20,3,3,1,3,1,1,0.16503088176250458,0.13160079717636108,2,contra,0.15,-1,247,116,CORRECT,0,0,0,0,9,0,0.165031,0.0,answer,
margin,live-delta,3,0.0,0.533881,0.581322,0.330047,0.96875,0.334342,0.484342,0.31732434034347534,0.6920506358146667,0.3747262954711914,0.045484501868486404,1.046534776687622,0.993893027305603,5,3,3,1,3,1,0,0.003484378568828106,0.31732434034347534,2,contra,0.15,-1,248,105,CORRECT,0,0,0,0,2,0,0.003484,0.0,answer,
margin,live-delta,3,0.0,0.533881,0.581322,0.330047,0.96875,0.334342,0.484342,0.041210323572158813,0.4416484236717224,0.4004381000995636,2.539762020111084,12.676653861999512,0.2526812255382538,16,3,3,1,3,1,1,0.268422394990921,0.07289791107177734,2,contra,0.15,-1,249,115,CORRECT,0,0,0,0,6,0,0.268422,0.0,answer,
margin,live-delta,3,0.0,0.533881,0.581322,0.330047,0.96875,0.334342,0.484342,0.08134958148002625,0.4839929938316345,0.4026434123516083,2.298898458480835,9.963201522827148,0.38798150420188904,17,3,3,1,3,1,1,0.34579262137413025,0.0907014012336731,2,contra,0.15,-1,250,107,CORRECT,0,0,0,0,7,0,0.258794,0.0,answer,
margin,live-delta,3,0.0,0.533881,0.581322,0.330047,0.96875,0.334342,0.484342,0.585699200630188,0.9193468689918518,0.3336476981639862,-0.0,1.0,1.0,1,3,3,1,3,1,0,0.0,0.585699200630188,2,contra,0.15,-1,251,105,CORRECT,0,0,0,0,0,0,0.0,0.0,answer,
margin,live-delta,3,0.0,0.533881,0.581322,0.330047,0.96875,0.334342,0.484342,0.0,0.4110674560070038,0.4110674560070038,2.5947513580322266,13.393257141113281,0.12631329894065857,15,3,2,0,3,1,1,0.31153446435928345,0.0,0,contra,0.15,-1,252,136,CORRECT,0,0,0,0,5,0,0.311534,0.0,answer,
margin,live-delta,3,0.0,0.533881,0.581322,0.330047,0.96875,0.334342,0.484342,0.04148721694946289,0.558095395565033,0.5166081786155701,2.4111926555633545,11.147248268127441,0.3283671736717224,20,3,3,1,3,1,1,0.15442639589309692,0.11065244674682617,2,contra,0.15,-1,253,123,CORRECT,0,0,0,0,7,0,0.154426,0.0,answer,
margin,live-delta,3,0.0,0.533881,0.581322,0.330047,0.96875,0.334342,0.484342,0.0,0.5217567086219788,0.5217567086219788,1.9630682468414307,7.121142864227295,0.3052731454372406,14,3,0,0,3,1,1,0.4625719487667084,0.0,0,contra,0.15,-1,254,138,CORRECT,0,0,0,0,5,0,0.462572,0.0,answer,
margin,live-delta,3,0.0,0.533881,0.581322,0.330047,0.96875,0.334342,0.484342,0.0,0.6134811043739319,0.6134811043739319,1.1250265836715698,3.080298662185669,0.3316325545310974,4,3,0,0,3,1,1,0.6632651090621948,0.0,0,contra,0.15,-1,255,176,CORRECT,0,0,0,0,2,0,0.663265,0.0,answer,
margin,live-delta,4,0.0,0.545867,0.581322,0.387062,0.964844,0.334081,0.484081,0.0,0.6283859610557556,0.6283859610557556,2.3846023082733154,10.854744911193848,0.16241084039211273,20,0,0,1,0,1,1,0.5982885956764221,0.0,0,contra,0.15,-1,0,1,CORRECT,0,0,0,0,11,0,0.598289,0.0,answer,
margin,live-delta,4,0.0,0.545867,0.581322,0.387062,0.964844,0.334081,0.484081,0.0,0.538063645362854,0.538063645362854,2.4978513717651367,12.156346321105957,0.1629752665758133,20,0,1,0,0,1,1,0.5391590595245361,0.0,0,contra,0.15,-1,1,130,CORRECT,0,0,0,0,10,0,0.539159,0.0,answer,
margin,live-delta,4,0.0,0.545867,0.581322,0.387062,0.964844,0.334081,0.484081,0.050639808177948,0.6435017585754395,0.5928619503974915,2.6676135063171387,14.405549049377441,0.2237701416015625,20,0,0,1,0,1,1,0.509724497795105,0.050639808177948,2,contra,0.15,-1,2,9,CORRECT,0,0,0,0,12,0,0.492255,0.0,answer,
margin,live-delta,4,0.0,0.545867,0.581322,0.387062,0.964844,0.334081,0.484081,0.0,0.7017878293991089,0.7017878293991089,2.266921281814575,9.649646759033203,0.24199528992176056,20,0,2,0,0,1,1,0.5669436454772949,0.0,0,contra,0.15,-1,3,195,CORRECT,0,0,0,0,11,0,0.566944,0.0,answer,
margin,live-delta,4,0.0,0.545867,0.581322,0.387062,0.964844,0.334081,0.484081,0.0,0.6306256651878357,0.6306256651878357,2.547189712524414,12.771162986755371,0.13102594017982483,20,0,0,1,0,1,1,0.5218727588653564,0.0,0,contra,0.15,-1,4,7,CORRECT,0,0,0,0,9,0,0.521873,0.0,answer,
margin,live-delta,4,0.0,0.545867,0.581322,0.387062,0.964844,0.334081,0.484081,0.0811147689819336,0.6353706121444702,0.5542558431625366,2.2071378231048584,9.089662551879883,0.4258514642715454,20,0,0,1,0,1,1,0.32412880659103394,0.0811147689819336,2,contra,0.15,-1,5,13,CORRECT,0,0,0,0,11,0,0.324129,0.0,answer,
margin,live-delta,4,0.0,0.545867,0.581322,0.387062,0.964844,0.334081,0.484081,0.0,0.6143373250961304,0.6143373250961304,2.6736533641815186,14.492820739746094,0.15979446470737457,20,0,1,0,0,1,1,0.6051031351089478,0.0,0,contra,0.15,-1,6,216,CORRECT,0,0,0,0,11,0,0.605103,0.0,answer,
margin,live-delta,4,0.0,0.545867,0.581322,0.387062,0.964844,0.334081,0.484081,0.0,0.49529901146888733,0.49529901146888733,0.6931471824645996,2.0,0.5,2,0,0,1,0,1,1,0.5,0.0,0,contra,0.15,-1,7,7,CORRECT,0,0,0,0,1,0,0.5,0.0,answer,
margin,live-delta,4,0.0,0.545867,0.581322,0.387062,0.964844,0.334081,0.484081,0.0,0.5491014122962952,0.5491014122962952,2.196615695953369,8.994522094726562,0.21093839406967163,20,0,3,0,0,1,1,0.49945157766342163,0.0,0,contra,0.15,-1,8,222,CORRECT,0,0,0,0,8,0,0.499452,0.0,answer,
margin,live-delta,4,0.0,0.545867,0.581322,0.387062,0.964844,0.334081,0.484081,0.0,0.6821415424346924,0.6821415424346924,1.8520240783691406,6.372705459594727,0.27094748616218567,20,0,0,1,0,1,1,0.5979470610618591,0.0,0,contra,0.15,-1,9,12,CORRECT,0,0,0,0,8,0,0.597947,0.0,answer,
margin,live-delta,4,0.0,0.545867,0.581322,0.387062,0.964844,0.334081,0.484081,0.0325850248336792,0.5376240611076355,0.5050390362739563,2.63447904586792,13.936050415039062,0.21846391260623932,20,0,0,1,0,1,1,0.380606085062027,0.06134516000747681,2,contra,0.15,-1,10,26,CORRECT,0,0,0,0,9,0,0.380606,0.0,answer,
margin,live-delta,4,0.0,0.545867,0.581322,0.387062,0.964844,0.334081,0.484081,1.7881393432617188e-07,0.5394497513771057,0.5394495725631714,2.5806267261505127,13.205411911010742,0.16470932960510254,20,0,0,1,0,1,1,0.5282328128814697,1.7881393432617188e-07,0,contra,0.15,-1,11,24,CORRECT,0,0,0,0,8,0,0.490378,0.0,answer,
margin,live-delta,4,0.0,0.545867,0.581322,0.387062,0.964844,0.334081,0.484081,0.0,0.6589005589485168,0.6589005589485168,2.5347366333007812,12.61310863494873,0.12653899192810059,20,0,1,0,0,1,1,0.5230806469917297,0.0,0,contra,0.15,-1,12,130,CORRECT,0,0,0,0,10,0,0.523081,0.0,answer,
margin,live-delta,4,0.0,0.545867,0.581322,0.387062,0.964844,0.334081,0.484081,0.004485130310058594,0.6025277972221375,0.5980426669120789,2.335738182067871,10.337087631225586,0.26002252101898193,20,0,0,1,0,1,1,0.2354610413312912,0.08127981424331665,2,contra,0.15,-1,13,28,CORRECT,0,0,0,0,10,0,0.235461,0.0,answer,
margin,live-delta,4,0.0,0.545867,0.581322,0.387062,0.964844,0.334081,0.484081,0.0068146586418151855,0.6395174860954285,0.6327028274536133,2.3665285110473633,10.660320281982422,0.1651972234249115,20,0,0,1,0,1,1,0.49122411012649536,0.0068146586418151855,0,contra,0.15,-1,14,26,CORRECT,0,0,0,0,10,0,0.491224,0.0,answer,
margin,live-delta,4,0.0,0.545867,0.581322,0.387062,0.964844,0.334081,0.484081,0.0438503623008728,0.664881706237793,0.6210313439369202,2.490056276321411,12.061954498291016,0.272876501083374,20,0,0,1,0,1,1,0.3699151873588562,0.0438503623008728,1,contra,0.15,-1,15,13,CORRECT,0,0,0,0,9,0,0.369915,0.0,answer,
margin,live-delta,4,0.0,0.545867,0.581322,0.387062,0.964844,0.334081,0.484081,0.0,0.5671543478965759,0.5671543478965759,2.873671054840088,17.70188331604004,0.08487220108509064,20,0,0,1,0,1,1,0.46708986163139343,0.0,0,contra,0.15,-1,16,12,CORRECT,0,0,0,0,8,0,0.46709,0.0,answer,
margin,live-delta,4,0.0,0.545867,0.581322,0.387062,0.964844,0.334081,0.484081,0.0,0.6850572228431702,0.6850572228431702,2.624713182449341,13.800615310668945,0.13780167698860168,20,0,3,0,0,1,1,0.6062126755714417,0.0,0,contra,0.15,-1,17,186,CORRECT,0,0,0,0,11,0,0.606213,0.0,answer,
margin,live-delta,4,0.0,0.545867,0.581322,0.387062,0.964844,0.334081,0.484081,0.0,0.7553185224533081,0.7553185224533081,1.7571654319763184,5.795985221862793,0.28253722190856934,20,0,3,0,0,1,1,0.645519495010376,0.0,0,contra,0.15,-1,18,186,CORRECT,0,0,0,0,11,0,0.645519,0.0,answer,
margin,live-delta,4,0.0,0.545867,0.581322,0.387062,0.964844,0.334081,0.484081,0.0,0.7999752163887024,0.7999752163887024,1.3910233974456787,4.018960952758789,0.3159507215023041,20,0,3,0,0,1,1,0.6599340438842773,0.0,0,contra,0.15,-1,19,186,CORRECT,0,0,0,0,11,0,0.659934,0.0,answer,
margin,live-delta,4,0.0,0.545867,0.581322,0.387062,0.964844,0.334081,0.484081,0.0,0.6305544376373291,0.6305544376373291,2.796956777572632,16.394678115844727,0.11275093257427216,20,0,3,0,0,1,1,0.4366176128387451,0.0,0,contra,0.15,-1,20,221,CORRECT,0,0,0,0,10,0,0.436618,0.0,answer,
margin,live-delta,4,0.0,0.545867,0.581322,0.387062,0.964844,0.334081,0.484081,0.01732957363128662,0.7488837242126465,0.7315541505813599,1.693252682685852,5.437137126922607,0.29509854316711426,20,0,0,1,0,1,1,0.43575331568717957,0.01732957363128662,0,contra,0.15,-1,21,25,CORRECT,0,0,0,0,7,0,0.43507,0.0,answer,
margin,live-delta,4,0.0,0.545867,0.581322,0.387062,0.964844,0.334081,0.484081,0.0,0.697776734828949,0.697776734828949,2.2714571952819824,9.69351577758789,0.18186144530773163,20,0,0,1,0,1,1,0.5965869426727295,0.0,0,contra,0.15,-1,22,1,CORRECT,0,0,0,0,10,0,0.596587,0.0,answer,
margin,live-delta,4,0.0,0.545867,0.581322,0.387062,0.964844,0.334081,0.484081,0.0,0.6982559561729431,0.6982559561729431,2.352980852127075,10.51687240600586,0.20126187801361084,20,0,0,1,0,1,1,0.5938631296157837,0.0,0,contra,0.15,-1,23,1,CORRECT,0,0,0,0,9,0,0.593863,0.0,answer,
margin,live-delta,4,0.0,0.545867,0.581322,0.387062,0.964844,0.334081,0.484081,0.0,0.550545334815979,0.550545334815979,1.4657464027404785,4.330774784088135,0.38054272532463074,10,0,1,0,2,0,1,0.9533380270004272,-0.11566036939620972,0,contra,0.15,-1,24,33,CONTRADICTORY_LENIENT,0,1,0,0,5,0,0.485413,0.0,answer,
margin,live-delta,4,0.0,0.545867,0.581322,0.387062,0.964844,0.334081,0.484081,0.0,0.6313489079475403,0.6313489079475403,2.7213802337646484,15.201289176940918,0.14100077748298645,20,0,2,0,0,1,1,0.5444941520690918,0.0,0,contra,0.15,-1,25,223,CORRECT,0,0,0,0,11,0,0.544494,0.0,answer,
margin,live-delta,4,0.0,0.545867,0.581322,0.387062,0.964844,0.334081,0.484081,0.0,0.5523542165756226,0.5523542165756226,2.589303493499756,13.320490837097168,0.1569543033838272,20,0,0,1,0,1,1,0.5690401196479797,0.0,0,contra,0.15,-1,26,27,CORRECT,0,0,0,0,10,0,0.56904,0.0,answer,
margin,live-delta,4,0.0,0.545867,0.581322,0.387062,0.964844,0.334081,0.484081,0.0,0.6731027364730835,0.6731027364730835,2.3402438163757324,10.383768081665039,0.21704992651939392,20,0,0,1,0,1,1,0.5804874897003174,0.0,0,contra,0.15,-1,27,16,CORRECT,0,0,0,0,9,0,0.56615,0.0,answer,
margin,live-delta,4,0.0,0.545867,0.581322,0.387062,0.964844,0.334081,0.484081,0.0,0.4923955500125885,0.4923955500125885,1.7721072435379028,5.883237838745117,0.2688326835632324,8,0,1,0,2,0,1,0.7329153418540955,-0.03371754288673401,0,contra,0.15,-1,28,33,CONTRADICTORY_LENIENT,0,1,0,0,3,0,0.434941,0.0,answer,
margin,live-delta,4,0.0,0.545867,0.581322,0.387062,0.964844,0.334081,0.484081,0.0004004240036010742,0.529884934425354,0.5294845104217529,2.732175827026367,15.36628532409668,0.1580176055431366,20,0,0,1,0,1,1,0.37243157625198364,0.033740729093551636,1,contra,0.15,-1,29,13,CORRECT,0,0,0,0,9,0,0.349095,0.0,answer,
margin,live-delta,4,0.0,0.545867,0.581322,0.387062,0.964844,0.334081,0.484081,0.0,0.6916114091873169,0.6916114091873169,2.42984938621521,11.357171058654785,0.21460868418216705,20,0,0,1,0,1,1,0.5664210319519043,0.0,0,contra,0.15,-1,30,11,CORRECT,0,0,0,0,11,0,0.566421,0.0,answer,
margin,live-delta,4,0.0,0.545867,0.581322,0.387062,0.964844,0.334081,0.484081,0.0,0.5836500525474548,0.5836500525474548,2.722818374633789,15.223166465759277,0.1400645524263382,20,0,0,1,0,1,1,0.47356879711151123,0.0,0,contra,0.15,-1,31,11,CORRECT,0,0,0,0,10,0,0.473569,0.0,answer,
margin,live-delta,4,0.0,0.545867,0.581322,0.387062,0.964844,0.334081,0.484081,0.0,0.4375622570514679,0.4375622570514679,1.7921555042266846,6.002376556396484,0.22401945292949677,7,0,2,0,0,1,1,0.5529940724372864,0.0,0,contra,0.15,-1,32,165,CORRECT,0,0,0,0,3,0,0.388507,0.0,answer,
margin,live-delta,4,0.0,0.545867,0.581322,0.387062,0.964844,0.334081,0.484081,0.0,0.6656931638717651,0.6656931638717651,2.4692506790161133,11.813591003417969,0.17026260495185852,20,0,0,1,0,1,1,0.5259548425674438,0.0,0,contra,0.15,-1,33,20,CORRECT,0,0,0,0,10,0,0.525955,0.0,answer,
margin,live-delta,4,0.0,0.545867,0.581322,0.387062,0.964844,0.334081,0.484081,0.0,0.6726762056350708,0.6726762056350708,2.306256055831909,10.03677749633789,0.18831324577331543,20,0,0,1,0,1,1,0.6001414656639099,0.0,0,contra,0.15,-1,34,1,CORRECT,0,0,0,0,11,0,0.600141,0.0,answer,
margin,live-delta,4,0.0,0.545867,0.581322,0.387062,0.964844,0.334081,0.484081,0.06339681148529053,0.6739566326141357,0.6105598211288452,1.7277334928512573,5.6278839111328125,0.5426477193832397,20,0,0,1,0,1,1,0.13814544677734375,0.10474848747253418,2,contra,0.15,-1,35,28,CORRECT,0,0,0,0,8,0,0.133284,0.0,answer,
margin,live-delta,4,0.0,0.545867,0.581322,0.387062,0.964844,0.334081,0.484081,0.0,0.6948245763778687,0.6948245763778687,2.2049291133880615,9.069608688354492,0.22056663036346436,20,0,0,1,0,1,1,0.5864289402961731,0.0,0,contra,0.15,-1,36,12,CORRECT,0,0,0,0,10,0,0.586429,0.0,answer,
margin,live-delta,4,0.0,0.545867,0.581322,0.387062,0.964844,0.334081,0.484081,0.016531944274902344,0.5996270775794983,0.583095133304596,2.6334292888641357,13.921428680419922,0.16587349772453308,20,0,0,1,0,1,1,0.49903568625450134,0.016531944274902344,0,contra,0.15,-1,37,26,CORRECT,0,0,0,0,10,0,0.499036,0.0,answer,
margin,live-delta,4,0.0,0.545867,0.581322,0.387062,0.964844,0.334081,0.484081,0.01701536774635315,0.5104827880859375,0.49346742033958435,2.963282346725464,19.361417770385742,0.09003587812185287,20,0,0,1,0,1,1,0.4735446572303772,0.021068453788757324,0,contra,0.15,-1,38,28,CORRECT,0,0,0,0,10,0,0.473545,0.0,answer,
margin,live-delta,4,0.0,0.545867,0.581322,0.387062,0.964844,0.334081,0.484081,0.0,0.7156831622123718,0.7156831622123718,2.3221888542175293,10.19797134399414,0.26229339838027954,20,0,0,1,0,1,1,0.5241234302520752,0.0,0,contra,0.15,-1,39,11,CORRECT,0,0,0,0,10,0,0.524123,0.0,answer,
margin,live-delta,4,0.0,0.545867,0.581322,0.387062,0.964844,0.334081,0.484081,0.01202094554901123,0.5193359851837158,0.5073150396347046,2.6733686923980713,14.48869514465332,0.19178512692451477,20,0,0,1,0,1,1,0.39766064286231995,0.05030718445777893,2,contra,0.15,-1,40,18,CORRECT,0,0,0,0,11,0,0.397661,0.0,answer,
margin,live-delta,4,0.0,0.545867,0.581322,0.387062,0.964844,0.334081,0.484081,0.004130423069000244,0.5956895351409912,0.591559112071991,2.645148992538452,14.085543632507324,0.15409782528877258,20,0,0,1,0,1,1,0.46124911308288574,0.004130423069000244,0,contra,0.15,-1,41,9,CORRECT,0,0,0,0,10,0,0.461249,0.0,answer,
margin,live-delta,4,0.0,0.545867,0.581322,0.387062,0.964844,0.334081,0.484081,0.0,0.5080372095108032,0.5080372095108032,1.1882704496383667,3.2814009189605713,0.32497185468673706,4,0,2,0,0,1,1,0.32497185468673706,0.0,0,contra,0.15,-1,42,162,CORRECT,0,0,0,0,1,0,0.324972,0.0,answer,
margin,live-delta,4,0.0,0.545867,0.581322,0.387062,0.964844,0.334081,0.484081,0.016822755336761475,0.3427862524986267,0.32596349716186523,-0.0,1.0,1.0,1,0,0,1,0,1,0,0.0,0.016822755336761475,0,contra,0.15,-1,43,6,CORRECT,0,0,0,0,0,0,0.0,0.0,answer,
margin,live-delta,4,0.0,0.545867,0.581322,0.387062,0.964844,0.334081,0.484081,0.029343366622924805,0.5180602669715881,0.48871690034866333,2.3658032417297363,10.652591705322266,0.2850290834903717,20,0,0,1,0,1,1,0.5406890511512756,0.029343366622924805,1,contra,0.15,-1,44,6,CORRECT,0,0,0,0,9,0,0.359828,0.0,answer,
margin,live-delta,4,0.0,0.545867,0.581322,0.387062,0.964844,0.334081,0.484081,0.0,0.7220957279205322,0.7220957279205322,1.6343674659729004,5.126214504241943,0.29292091727256775,20,0,3,0,0,1,1,0.6476407051086426,0.0,0,contra,0.15,-1,45,186,CORRECT,0,0,0,0,9,0,0.646464,0.0,answer,
margin,live-delta,4,0.0,0.545867,0.581322,0.387062,0.964844,0.334081,0.484081,0.0,0.5576402544975281,0.5576402544975281,2.8615663051605225,17.48889923095703,0.09795326739549637,20,0,3,0,0,1,1,0.4245126247406006,0.0,0,contra,0.15,-1,46,221,CORRECT,0,0,0,0,10,0,0.424513,0.0,answer,
margin,live-delta,4,0.0,0.545867,0.581322,0.387062,0.964844,0.334081,0.484081,0.0,0.706577718257904,0.706577718257904,2.397996664047241,11.001115798950195,0.20610660314559937,20,0,2,0,0,1,1,0.5712600946426392,0.0,0,contra,0.15,-1,47,195,CORRECT,0,0,0,0,11,0,0.57126,0.0,answer,
margin,live-delta,4,0.0,0.545867,0.581322,0.387062,0.964844,0.334081,0.484081,0.0,0.4656926989555359,0.4656926989555359,2.81180477142334,16.639923095703125,0.11023105680942535,20,0,1,0,0,1,1,0.537074863910675,0.0,0,contra,0.15,-1,48,210,CORRECT,0,0,0,0,10,0,0.537075,0.0,answer,
margin,live-delta,4,0.0,0.545867,0.581322,0.387062,0.964844,0.334081,0.484081,0.004724025726318359,0.6174630522727966,0.6127390265464783,2.9052395820617676,18.269620895385742,0.08619015663862228,20,0,0,1,0,1,1,0.5422990322113037,0.004724025726318359,0,contra,0.15,-1,49,18,CORRECT,0,0,0,0,11,0,0.542299,0.0,answer,
margin,live-delta,4,0.0,0.545867,0.581322,0.387062,0.964844,0.334081,0.484081,0.0,0.631973922252655,0.631973922252655,2.7098846435546875,15.027542114257812,0.15046347677707672,20,0,2,0,0,1,1,0.43438106775283813,0.0,0,contra,0.15,-1,50,195,CORRECT,0,0,0,0,10,0,0.434381,0.0,answer,
margin,live-delta,4,0.0,0.545867,0.581322,0.387062,0.964844,0.334081,0.484081,0.0,0.6099201440811157,0.6099201440811157,2.515594244003296,12.3739595413208,0.1718190312385559,20,0,3,0,0,1,1,0.5852745771408081,0.0,0,contra,0.15,-1,51,186,CORRECT,0,0,0,0,11,0,0.562031,0.0,answer,
margin,live-delta,4,0.0,0.545867,0.581322,0.387062,0.964844,0.334081,0.484081,0.0,0.6817590594291687,0.6817590594291687,2.3982386589050293,11.003777503967285,0.19437183439731598,20,0,3,0,0,1,1,0.6112052798271179,0.0,0,contra,0.15,-1,52,186,CORRECT,0,0,0,0,11,0,0.611205,0.0,answer,
margin,live-delta,4,0.0,0.545867,0.581322,0.387062,0.964844,0.334081,0.484081,0.0,0.6125666499137878,0.6125666499137878,2.7502167224884033,15.64602279663086,0.14461271464824677,20,0,0,1,0,1,1,0.5308573842048645,0.0,0,contra,0.15,-1,53,7,CORRECT,0,0,0,0,10,0,0.530857,0.0,answer,
margin,live-delta,4,0.0,0.545867,0.581322,0.387062,0.964844,0.334081,0.484081,0.0,0.6817615628242493,0.6817615628242493,2.166645050048828,8.728949546813965,0.27019259333610535,20,0,0,1,0,1,1,0.48531442880630493,0.0,0,contra,0.15,-1,54,16,CORRECT,0,0,0,0,9,0,0.481754,0.0,answer,
margin,live-delta,4,0.0,0.545867,0.581322,0.387062,0.964844,0.334081,0.484081,0.0,0.7112128734588623,0.7112128734588623,1.8933136463165283,6.641339302062988,0.270071417093277,20,0,3,0,0,1,1,0.6420555710792542,0.0,0,contra,0.15,-1,55,186,CORRECT,0,0,0,0,11,0,0.642056,0.0,answer,
margin,live-delta,4,0.0,0.545867,0.581322,0.387062,0.964844,0.334081,0.484081,0.0,0.5435279607772827,0.5435279607772827,2.5864248275756836,13.282200813293457,0.1647617667913437,20,0,0,1,0,1,1,0.5749025940895081,0.0,0,contra,0.15,-1,56,1,CORRECT,0,0,0,0,10,0,0.574903,0.0,answer,
margin,live-delta,4,0.0,0.545867,0.581322,0.387062,0.964844,0.334081,0.484081,0.011501491069793701,0.5289517045021057,0.517450213432312,2.916984796524048,18.48546600341797,0.08784419298171997,20,0,0,1,0,1,1,0.5011186599731445,0.011501491069793701,0,contra,0.15,-1,57,28,CORRECT,0,0,0,0,9,0,0.501119,0.0,answer,
margin,live-delta,4,0.0,0.545867,0.581322,0.387062,0.964844,0.334081,0.484081,0.02749544382095337,0.5211616158485413,0.4936661720275879,2.7290186882019043,15.317848205566406,0.141065314412117,20,0,0,1,0,1,1,0.47776004672050476,0.02749544382095337,1,contra,0.15,-1,58,28,CORRECT,0,0,0,0,9,0,0.45077,0.0,answer,
margin,live-delta,4,0.0,0.545867,0.581322,0.387062,0.964844,0.334081,0.484081,0.0,0.7100707292556763,0.7100707292556763,2.367556095123291,10.671280860900879,0.22152480483055115,20,0,0,1,0,1,1,0.5754666924476624,0.0,0,contra,0.15,-1,59,11,CORRECT,0,0,0,0,11,0,0.575467,0.0,answer,
margin,live-delta,4,0.0,0.545867,0.581322,0.387062,0.964844,0.334081,0.484081,0.0,0.4191456735134125,0.4191456735134125,2.8918423652648926,18.026491165161133,0.09229570627212524,20,0,2,0,0,1,1,0.507409393787384,0.0,0,contra,0.15,-1,60,129,CORRECT,0,0,0,0,10,0,0.507409,0.0,answer,
margin,live-delta,4,0.0,0.545867,0.581322,0.387062,0.964844,0.334081,0.484081,0.0009667277336120605,0.7287241816520691,0.727757453918457,1.984046220779419,7.27210807800293,0.19568656384944916,20,0,0,1,0,1,1,0.4506557285785675,0.0009667277336120605,0,contra,0.15,-1,61,25,CORRECT,0,0,0,0,9,0,0.450656,0.0,answer,
margin,live-delta,4,0.0,0.545867,0.581322,0.387062,0.964844,0.334081,0.484081,0.0,0.5500202775001526,0.5500202775001526,2.5922107696533203,13.359272956848145,0.20056645572185516,20,0,0,1,0,1,1,0.5204071402549744,0.0,0,contra,0.15,-1,62,16,CORRECT,0,0,0,0,12,0,0.520407,0.0,answer,
margin,live-delta,4,0.0,0.545867,0.581322,0.387062,0.964844,0.334081,0.484081,0.0,0.7022755146026611,0.7022755146026611,2.123811721801758,8.362954139709473,0.23868007957935333,20,0,0,1,0,1,1,0.6268095970153809,0.0,0,contra,0.15,-1,63,22,CORRECT,0,0,0,0,10,0,0.62681,0.0,answer,
margin,live-delta,4,0.0,0.545867,0.581322,0.387062,0.964844,0.334081,0.484081,0.0138663649559021,0.6372043490409851,0.623337984085083,2.476667642593384,11.901537895202637,0.20561833679676056,20,1,1,1,1,1,1,0.25277453660964966,0.026260793209075928,1,contra,0.15,-1,64,60,CORRECT,0,0,0,0,7,0,0.252775,0.0,answer,
margin,live-delta,4,0.0,0.545867,0.581322,0.387062,0.964844,0.334081,0.484081,0.0,0.7194734811782837,0.7194734811782837,2.1737112998962402,8.790848731994629,0.18702968955039978,20,1,0,0,1,1,1,0.4999161958694458,0.0,0,contra,0.15,-1,65,183,CORRECT,0,0,0,0,9,0,0.499916,0.0,answer,
margin,live-delta,4,0.0,0.545867,0.581322,0.387062,0.964844,0.334081,0.484081,0.27114012837409973,0.7173919677734375,0.44625183939933777,0.12672483921051025,1.1351046562194824,0.9825467467308044,13,1,1,1,1,1,0,0.002805737778544426,0.3182004690170288,2,contra,0.15,-1,66,54,CORRECT,0,0,0,0,3,0,0.002806,0.0,answer,
margin,live-delta,4,0.0,0.545867,0.581322,0.387062,0.964844,0.334081,0.484081,0.0425182580947876,0.6012977957725525,0.5587795376777649,2.6459076404571533,14.096233367919922,0.19245819747447968,20,1,1,1,1,1,1,0.26656869053840637,0.04275411367416382,1,contra,0.15,-1,67,42,CORRECT,0,0,0,0,7,0,0.266569,0.0,answer,
margin,live-delta,4,0.0,0.545867,0.581322,0.387062,0.964844,0.334081,0.484081,0.17981696128845215,0.6864583492279053,0.5066413879394531,0.7541733980178833,2.1258535385131836,0.8604291081428528,20,1,1,1,1,1,0,0.07022739201784134,0.17981696128845215,2,contra,0.15,-1,68,57,CORRECT,0,0,0,0,9,0,0.070227,0.0,answer,
margin,live-delta,4,0.0,0.545867,0.581322,0.387062,0.964844,0.334081,0.484081,0.026864051818847656,0.5847336053848267,0.557869553565979,2.679133653640747,14.572463035583496,0.22710329294204712,20,1,1,1,1,1,1,0.33995509147644043,0.05837792158126831,2,contra,0.15,-1,69,52,CORRECT,0,0,0,0,9,0,0.339955,0.0,answer,
margin,live-delta,4,0.0,0.545867,0.581322,0.387062,0.964844,0.334081,0.484081,0.08957558870315552,0.6409651637077332,0.5513895750045776,1.4787811040878296,4.387594223022461,0.6287966966629028,20,1,1,1,1,1,1,0.15978077054023743,0.08957558870315552,2,contra,0.15,-1,70,57,CORRECT,0,0,0,0,7,0,0.159781,0.0,answer,
margin,live-delta,4,0.0,0.545867,0.581322,0.387062,0.964844,0.334081,0.484081,0.0,0.5237218141555786,0.5237218141555786,2.3599321842193604,10.590232849121094,0.16870522499084473,20,1,0,0,1,1,1,0.4993850290775299,0.0,0,contra,0.15,-1,71,183,CORRECT,0,0,0,0,9,0,0.457739,0.0,answer,
margin,live-delta,4,0.0,0.545867,0.581322,0.387062,0.964844,0.334081,0.484081,0.028354346752166748,0.7925995588302612,0.7642452120780945,0.9729998111724854,2.645869731903076,0.5926802754402161,16,1,1,1,1,1,0,0.009788908064365387,0.21448761224746704,2,contra,0.15,-1,72,40,CORRECT,0,0,0,0,3,0,0.009789,0.0,answer,
margin,live-delta,4,0.0,0.545867,0.581322,0.387062,0.964844,0.334081,0.484081,0.03947728872299194,0.4474477767944336,0.40797048807144165,2.5591673851013184,12.925050735473633,0.1986151486635208,15,1,1,1,1,1,1,0.47917836904525757,0.03947728872299194,1,contra,0.15,-1,73,35,CORRECT,0,0,0,0,5,0,0.313232,0.0,answer,
margin,live-delta,4,0.0,0.545867,0.581322,0.387062,0.964844,0.334081,0.484081,0.019095420837402344,0.6300061345100403,0.6109107136726379,1.4251580238342285,4.158514976501465,0.4484740197658539,13,1,1,1,1,1,1,0.10762271285057068,0.0760849118232727,2,contra,0.15,-1,74,32,CORRECT,0,0,0,0,3,0,0.107623,0.0,answer,
margin,live-delta,4,0.0,0.545867,0.581322,0.387062,0.964844,0.334081,0.484081,0.0,0.6517993807792664,0.6517993807792664,2.2633466720581055,9.615214347839355,0.22166308760643005,20,1,2,0,1,1,1,0.408437579870224,0.0,0,contra,0.15,-1,75,213,CORRECT,0,0,0,0,8,0,0.408438,0.0,answer,
margin,live-delta,4,0.0,0.545867,0.581322,0.387062,0.964844,0.334081,0.484081,0.006723284721374512,0.5870903134346008,0.5803670287132263,2.5345051288604736,12.610188484191895,0.22230325639247894,20,1,1,1,1,1,1,0.21552734076976776,0.059445738792419434,2,contra,0.15,-1,76,35,CORRECT,0,0,0,0,7,0,0.215527,0.0,answer,
margin,live-delta,4,0.0,0.545867,0.581322,0.387062,0.964844,0.334081,0.484081,0.011500447988510132,0.4391583800315857,0.42765793204307556,2.5286972522735596,12.537162780761719,0.17367178201675415,16,1,1,1,1,1,1,0.3362523913383484,0.027290940284729004,1,contra,0.15,-1,77,58,CORRECT,0,0,0,0,7,0,0.336252,0.0,answer,
margin,live-delta,4,0.0,0.545867,0.581322,0.387062,0.964844,0.334081,0.484081,0.0,0.4854973554611206,0.4854973554611206,2.463052988052368,11.7406005859375,0.22274479269981384,20,1,0,0,1,1,1,0.34508275985717773,0.0,0,contra,0.15,-1,78,128,CORRECT,0,0,0,0,6,0,0.310489,0.0,answer,
margin,live-delta,4,0.0,0.545867,0.581322,0.387062,0.964844,0.334081,0.484081,0.0,0.43584972620010376,0.43584972620010376,2.2609152793884277,9.591864585876465,0.1812705248594284,12,1,2,0,1,1,1,0.28827184438705444,0.0,0,contra,0.15,-1,79,202,CORRECT,0,0,0,0,3,0,0.261285,0.0,answer,
margin,live-delta,4,0.0,0.545867,0.581322,0.387062,0.964844,0.334081,0.484081,5.960464477539063e-08,0.580012857913971,0.5800127983093262,2.1510767936706543,8.594107627868652,0.2924267649650574,20,1,0,0,0,0,1,0.9128726720809937,-0.1121707558631897,0,contra,0.15,-1,80,24,CONTRADICTORY_LENIENT,0,1,0,0,8,0,0.420417,0.0,answer,
margin,live-delta,4,0.0,0.545867,0.581322,0.387062,0.964844,0.334081,0.484081,0.0,0.6887730360031128,0.6887730360031128,1.5205652713775635,4.57481050491333,0.3550005555152893,13,1,1,1,1,1,1,0.360838383436203,0.0,0,contra,0.15,-1,81,50,CORRECT,0,0,0,0,3,0,0.360838,0.0,answer,
margin,live-delta,4,0.0,0.545867,0.581322,0.387062,0.964844,0.334081,0.484081,0.06465297937393188,0.675824761390686,0.6111717820167542,1.89517080783844,6.653684616088867,0.475275456905365,20,1,1,1,1,1,1,0.1747649908065796,0.06465297937393188,2,contra,0.15,-1,82,61,CORRECT,0,0,0,0,6,0,0.174765,0.0,answer,
margin,live-delta,4,0.0,0.545867,0.581322,0.387062,0.964844,0.334081,0.484081,0.062261730432510376,0.522896409034729,0.46063467860221863,1.7328276634216309,5.656626224517822,0.5402666330337524,15,1,1,1,1,1,0,0.07666385918855667,0.15939843654632568,2,contra,0.15,-1,83,42,CORRECT,0,0,0,0,4,0,0.076664,0.0,answer,
margin,live-delta,4,0.0,0.545867,0.581322,0.387062,0.964844,0.334081,0.484081,0.007027864456176758,0.595234215259552,0.5882063508033752,2.397372245788574,10.994248390197754,0.16135737299919128,20,1,1,1,1,1,1,0.48352429270744324,0.007027864456176758,0,contra,0.15,-1,84,52,CORRECT,0,0,0,0,9,0,0.483524,0.0,answer,
margin,live-delta,4,0.0,0.545867,0.581322,0.387062,0.964844,0.334081,0.484081,0.002056121826171875,0.5324323177337646,0.5303761959075928,2.7669944763183594,15.910741806030273,0.14674068987369537,20,1,1,1,1,1,1,0.3928462564945221,0.0394936203956604,1,contra,0.15,-1,85,41,CORRECT,0,0,0,0,8,0,0.31718,0.0,answer,
margin,live-delta,4,0.0,0.545867,0.581322,0.387062,0.964844,0.334081,0.484081,0.014487206935882568,0.4904897212982178,0.4760025143623352,2.3912172317504883,10.926786422729492,0.19960345327854156,15,1,0,0,0,0,1,0.6326972246170044,-0.023021996021270752,0,contra,0.15,-1,86,25,CONTRADICTORY_LENIENT,0,1,0,0,4,0,0.209085,0.0,answer,
margin,live-delta,4,0.0,0.545867,0.581322,0.387062,0.964844,0.334081,0.484081,0.0,0.8589409589767456,0.8589409589767456,0.7499327063560486,2.1168575286865234,0.49636921286582947,20,1,2,0,1,1,1,0.5001229643821716,0.0,0,contra,0.15,-1,87,189,CORRECT,0,0,0,0,9,0,0.499678,0.0,answer,
margin,live-delta,4,0.0,0.545867,0.581322,0.387062,0.964844,0.334081,0.484081,0.023692190647125244,0.6738309860229492,0.650138795375824,1.3884077072143555,4.008462429046631,0.47963038086891174,20,1,1,1,1,1,0,0.024541858583688736,0.18954646587371826,2,contra,0.15,-1,88,61,CORRECT,0,0,0,0,5,0,0.024542,0.0,answer,
margin,live-delta,4,0.0,0.545867,0.581322,0.387062,0.964844,0.334081,0.484081,0.01702946424484253,0.6745926737785339,0.6575632095336914,1.9579812288284302,7.085009574890137,0.31362029910087585,20,1,1,1,1,1,1,0.12929272651672363,0.06441539525985718,2,contra,0.15,-1,89,39,CORRECT,0,0,0,0,5,0,0.129293,0.0,answer,
margin,live-delta,4,0.0,0.545867,0.581322,0.387062,0.964844,0.334081,0.484081,0.005663156509399414,0.6045350432395935,0.5988718867301941,2.3223717212677,10.199836730957031,0.2167830467224121,20,1,1,1,1,1,1,0.17435723543167114,0.042933523654937744,1,contra,0.15,-1,90,39,CORRECT,0,0,0,0,6,0,0.174357,0.0,answer,
margin,live-delta,4,0.0,0.545867,0.581322,0.387062,0.964844,0.334081,0.484081,0.0,0.5371400713920593,0.5371400713920593,2.779719829559326,16.114505767822266,0.09597299247980118,20,1,1,1,1,1,1,0.5506577491760254,0.0,0,contra,0.15,-1,91,45,CORRECT,0,0,0,0,9,0,0.481463,0.0,answer,
margin,live-delta,4,0.0,0.545867,0.581322,0.387062,0.964844,0.334081,0.484081,0.08484706282615662,0.46731051802635193,0.3824634552001953,1.4047884941101074,4.074665069580078,0.5517024993896484,6,1,1,1,1,1,1,0.10109569877386093,0.08484706282615662,2,contra,0.15,-1,92,40,CORRECT,0,0,0,0,1,0,0.101096,0.0,answer,
margin,live-delta,4,0.0,0.545867,0.581322,0.387062,0.964844,0.334081,0.484081,0.03696244955062866,0.5619375705718994,0.5249751210212708,2.431518077850342,11.376138687133789,0.2866831123828888,20,1,1,1,1,1,1,0.20908911526203156,0.03696244955062866,1,contra,0.15,-1,93,57,CORRECT,0,0,0,0,5,0,0.209089,0.0,answer,
margin,live-delta,4,0.0,0.545867,0.581322,0.387062,0.964844,0.334081,0.484081,0.001346588134765625,0.6266343593597412,0.6252877712249756,2.2164855003356934,9.175028800964355,0.2230687141418457,20,1,1,1,1,1,1,0.18316501379013062,0.025648117065429688,1,contra,0.15,-1,94,61,CORRECT,0,0,0,0,7,0,0.183165,0.0,answer,
margin,live-delta,4,0.0,0.545867,0.581322,0.387062,0.964844,0.334081,0.484081,0.08536475896835327,0.604717493057251,0.5193527340888977,1.8117629289627075,6.12122917175293,0.536789059638977,20,1,1,1,1,1,1,0.1969454288482666,0.08536475896835327,2,contra,0.15,-1,95,41,CORRECT,0,0,0,0,7,0,0.196945,0.0,answer,
margin,live-delta,4,0.0,0.545867,0.581322,0.387062,0.964844,0.334081,0.484081,0.005658745765686035,0.6051054000854492,0.5994466543197632,2.377708673477173,10.780173301696777,0.18117953836917877,20,1,1,1,1,1,1,0.2649630606174469,0.005658745765686035,0,contra,0.15,-1,96,54,CORRECT,0,0,0,0,5,0,0.264963,0.0,answer,
margin,live-delta,4,0.0,0.545867,0.581322,0.387062,0.964844,0.334081,0.484081,0.06105303764343262,0.7184756994247437,0.657422661781311,1.1901918649673462,3.2877118587493896,0.6506827473640442,16,1,1,1,1,1,0,0.04060298949480057,0.1536245346069336,2,contra,0.15,-1,97,40,CORRECT,0,0,0,0,3,0,0.040603,0.0,answer,
margin,live-delta,4,0.0,0.545867,0.581322,0.387062,0.964844,0.334081,0.484081,0.0,0.582595705986023,0.582595705986023,1.9607692956924438,7.104790687561035,0.20734180510044098,17,1,2,0,1,1,1,0.5117455124855042,0.0,0,contra,0.15,-1,98,140,CORRECT,0,0,0,0,8,0,0.511746,0.0,answer,
margin,live-delta,4,0.0,0.545867,0.581322,0.387062,0.964844,0.334081,0.484081,0.28284549713134766,0.7437992691993713,0.4609537720680237,0.13328911364078522,1.142580270767212,0.9817035794258118,16,1,1,1,1,1,0,0.00908341258764267,0.28284549713134766,2,contra,0.15,-1,99,41,CORRECT,0,0,0,0,7,0,0.009083,0.0,answer,
margin,live-delta,4,0.0,0.545867,0.581322,0.387062,0.964844,0.334081,0.484081,0.008107364177703857,0.5988268256187439,0.59071946144104,1.9068412780761719,6.7317914962768555,0.2121928483247757,20,1,1,1,1,1,1,0.39807450771331787,0.008107364177703857,0,contra,0.15,-1,100,61,CORRECT,0,0,0,0,10,0,0.398075,0.0,answer,
margin,live-delta,4,0.0,0.545867,0.581322,0.387062,0.964844,0.334081,0.484081,0.018241524696350098,0.48883119225502014,0.47058966755867004,2.468590259552002,11.805791854858398,0.25914081931114197,20,1,3,0,3,0,1,0.8792506456375122,-0.08488726615905762,0,contra,0.15,-1,101,123,CONTRADICTORY_LENIENT,0,1,0,0,8,0,0.189207,0.0,answer,
margin,live-delta,4,0.0,0.545867,0.581322,0.387062,0.964844,0.334081,0.484081,0.0,0.6314265727996826,0.6314265727996826,2.4816970825195312,11.961546897888184,0.18316209316253662,20,1,2,0,1,1,1,0.5796265006065369,0.0,0,contra,0.15,-1,102,172,CORRECT,0,0,0,0,10,0,0.579627,0.0,answer,
margin,live-delta,4,0.0,0.545867,0.581322,0.387062,0.964844,0.334081,0.484081,0.018510043621063232,0.6128389239311218,0.5943288803100586,1.7432174682617188,5.715703964233398,0.442516952753067,20,1,1,1,1,1,0,0.0845482349395752,0.14415180683135986,2,contra,0.15,-1,103,54,CORRECT,0,0,0,0,6,0,0.084548,0.0,answer,
margin,live-delta,4,0.0,0.545867,0.581322,0.387062,0.964844,0.334081,0.484081,0.0,0.6102866530418396,0.6102866530418396,2.4526824951171875,11.619474411010742,0.1339697539806366,20,1,1,1,1,1,1,0.4537022113800049,0.0,0,contra,0.15,-1,104,168,CORRECT,0,0,0,0,8,0,0.453702,0.0,answer,
margin,live-delta,4,0.0,0.545867,0.581322,0.387062,0.964844,0.334081,0.484081,0.07134711742401123,0.705420970916748,0.6340738534927368,1.458077073097229,4.297687530517578,0.5752355456352234,14,1,1,1,1,1,0,0.05162715166807175,0.14682543277740479,2,contra,0.15,-1,105,40,CORRECT,0,0,0,0,2,0,0.051627,0.0,answer,
margin,live-delta,4,0.0,0.545867,0.581322,0.387062,0.964844,0.334081,0.484081,0.07959204912185669,0.7538836598396301,0.6742916107177734,1.1270411014556885,3.086510181427002,0.696789562702179,20,1,1,1,1,1,0,0.03316769376397133,0.1683506965637207,2,contra,0.15,-1,106,39,CORRECT,0,0,0,0,5,0,0.033168,0.0,answer,
margin,live-delta,4,0.0,0.545867,0.581322,0.387062,0.964844,0.334081,0.484081,0.01196134090423584,0.6172198057174683,0.6052584648132324,2.2154903411865234,9.165902137756348,0.31527063250541687,20,1,1,1,1,1,1,0.27587541937828064,0.07979488372802734,2,contra,0.15,-1,107,60,CORRECT,0,0,0,0,9,0,0.229251,0.0,answer,
margin,live-delta,4,0.0,0.545867,0.581322,0.387062,0.964844,0.334081,0.484081,0.0,0.6414546966552734,0.6414546966552734,2.3740179538726807,10.740460395812988,0.1682027131319046,20,1,1,1,1,1,1,0.48581013083457947,0.0,0,contra,0.15,-1,108,168,CORRECT,0,0,0,0,9,0,0.48581,0.0,answer,
margin,live-delta,4,0.0,0.545867,0.581322,0.387062,0.964844,0.334081,0.484081,0.0,0.6084858775138855,0.6084858775138855,2.3300914764404297,10.278882026672363,0.13341239094734192,20,1,0,0,1,1,1,0.5409101247787476,0.0,0,contra,0.15,-1,109,190,CORRECT,0,0,0,0,8,0,0.54091,0.0,answer,
margin,live-delta,4,0.0,0.545867,0.581322,0.387062,0.964844,0.334081,0.484081,0.03154474496841431,0.33979523181915283,0.3082504868507385,-0.0,1.0,1.0,1,1,1,1,1,1,0,0.0,0.035042405128479004,1,contra,0.15,-1,110,59,CORRECT,0,0,0,0,0,0,0.0,0.0,answer,
margin,live-delta,4,0.0,0.545867,0.581322,0.387062,0.964844,0.334081,0.484081,0.029764771461486816,0.6916086673736572,0.6618438959121704,1.6346523761749268,5.1276750564575195,0.44875723123550415,12,1,1,1,1,1,0,0.08642508089542389,0.09624272584915161,2,contra,0.15,-1,111,32,CORRECT,0,0,0,0,2,0,0.086425,0.0,answer,
margin,live-delta,4,0.0,0.545867,0.581322,0.387062,0.964844,0.334081,0.484081,5.960464477539063e-08,0.667810320854187,0.6678102612495422,2.30507755279541,10.024955749511719,0.23816052079200745,20,1,3,0,1,1,1,0.5109118819236755,-5.960464477539063e-08,0,contra,0.15,-1,112,226,CORRECT,0,0,0,0,10,0,0.510912,0.0,answer,
margin,live-delta,4,0.0,0.545867,0.581322,0.387062,0.964844,0.334081,0.484081,0.024531066417694092,0.5232676267623901,0.49873656034469604,1.38573157787323,3.9977495670318604,0.5091991424560547,11,1,1,1,1,1,0,0.02529352903366089,0.18431103229522705,2,contra,0.15,-1,113,34,CORRECT,0,0,0,0,2,0,0.025294,0.0,answer,
margin,live-delta,4,0.0,0.545867,0.581322,0.387062,0.964844,0.334081,0.484081,0.03674370050430298,0.6705558896064758,0.6338121891021729,1.6471790075302124,5.192311763763428,0.48725464940071106,20,1,1,1,1,1,0,0.06732907146215439,0.11231809854507446,2,contra,0.15,-1,114,57,CORRECT,0,0,0,0,5,0,0.067329,0.0,answer,
margin,live-delta,4,0.0,0.545867,0.581322,0.387062,0.964844,0.334081,0.484081,0.0,0.5355624556541443,0.5355624556541443,2.539670944213867,12.675498962402344,0.21895496547222137,20,1,3,0,1,1,1,0.4183565080165863,0.0,0,contra,0.15,-1,115,159,CORRECT,0,0,0,0,6,0,0.33474,0.0,answer,
margin,live-delta,4,0.0,0.545867,0.581322,0.387062,0.964844,0.334081,0.484081,0.07225799560546875,0.6103099584579468,0.538051962852478,1.5417593717575073,4.672804355621338,0.6005522608757019,19,1,1,1,1,1,0,0.05174003168940544,0.15449249744415283,2,contra,0.15,-1,116,54,CORRECT,0,0,0,0,6,0,0.05174,0.0,answer,
margin,live-delta,4,0.0,0.545867,0.581322,0.387062,0.964844,0.334081,0.484081,0.0,0.670042097568512,0.670042097568512,1.9950413703918457,7.3525071144104,0.21052859723567963,20,1,0,0,1,1,1,0.4730953574180603,0.0,0,contra,0.15,-1,117,183,CORRECT,0,0,0,0,8,0,0.471156,0.0,answer,
margin,live-delta,4,0.0,0.545867,0.581322,0.387062,0.964844,0.334081,0.484081,0.0,0.44668951630592346,0.44668951630592346,1.8491406440734863,6.354356288909912,0.24711205065250397,8,1,2,0,1,1,1,0.5521618127822876,0.0,0,contra,0.15,-1,118,213,CORRECT,0,0,0,0,4,0,0.552162,0.0,answer,
margin,live-delta,4,0.0,0.545867,0.581322,0.387062,0.964844,0.334081,0.484081,0.0,0.5582033395767212,0.5582033395767212,2.319612741470337,10.171734809875488,0.168945774435997,20,1,0,0,1,1,1,0.5133619904518127,0.0,0,contra,0.15,-1,119,183,CORRECT,0,0,0,0,9,0,0.489505,0.0,answer,
margin,live-delta,4,0.0,0.545867,0.581322,0.387062,0.964844,0.334081,0.484081,0.001757204532623291,0.6123923659324646,0.6106351613998413,2.2419097423553467,9.411287307739258,0.18168269097805023,20,1,1,1,1,1,1,0.4945624768733978,0.001757204532623291,0,contra,0.15,-1,120,57,CORRECT,0,0,0,0,9,0,0.494562,0.0,answer,
margin,live-delta,4,0.0,0.545867,0.581322,0.387062,0.964844,0.334081,0.484081,0.028531432151794434,0.6142705678939819,0.5857391357421875,2.400221824645996,11.02562141418457,0.2705751061439514,20,1,1,1,1,1,1,0.371302992105484,0.028531432151794434,1,contra,0.15,-1,121,52,CORRECT,0,0,0,0,8,0,0.35577,0.0,answer,
margin,live-delta,4,0.0,0.545867,0.581322,0.387062,0.964844,0.334081,0.484081,0.04132509231567383,0.6418052911758423,0.6004801988601685,2.5538113117218018,12.856008529663086,0.23722459375858307,20,1,1,1,1,1,1,0.4423317611217499,0.04132509231567383,1,contra,0.15,-1,122,52,CORRECT,0,0,0,0,10,0,0.442332,0.0,answer,
margin,live-delta,4,0.0,0.545867,0.581322,0.387062,0.964844,0.334081,0.484081,0.0,0.5257062911987305,0.5257062911987305,1.9136682748794556,6.77790641784668,0.35395580530166626,20,1,2,0,1,1,1,0.5615096688270569,0.0,0,contra,0.15,-1,123,189,CORRECT,0,0,0,0,8,0,0.465505,0.0,answer,
margin,live-delta,4,0.0,0.545867,0.581322,0.387062,0.964844,0.334081,0.484081,0.0,0.7209793329238892,0.7209793329238892,2.062413454055786,7.864928722381592,0.20653170347213745,20,1,1,1,1,1,1,0.5870773792266846,0.0,0,contra,0.15,-1,124,62,CORRECT,0,0,0,0,8,0,0.587077,0.0,answer,
margin,live-delta,4,0.0,0.545867,0.581322,0.387062,0.964844,0.334081,0.484081,0.0,0.5810360312461853,0.5810360312461853,2.5147032737731934,12.362939834594727,0.19857442378997803,20,1,1,1,1,1,1,0.42992615699768066,0.0,0,contra,0.15,-1,125,38,CORRECT,0,0,0,0,8,0,0.417286,0.0,answer,
margin,live-delta,4,0.0,0.545867,0.581322,0.387062,0.964844,0.334081,0.484081,0.051419079303741455,0.7271186113357544,0.6756995320320129,1.1958327293395996,3.306309938430786,0.5586977601051331,19,1,1,1,1,1,1,0.2203924059867859,0.051419079303741455,2,contra,0.15,-1,126,41,CORRECT,0,0,0,0,7,0,0.220392,0.0,answer,
margin,live-delta,4,0.0,0.545867,0.581322,0.387062,0.964844,0.334081,0.484081,0.1547597050666809,0.7880293130874634,0.6332696080207825,0.5105869174003601,1.6662688255310059,0.8957836627960205,14,1,1,1,1,1,0,0.009922857396304607,0.241455078125,2,contra,0.15,-1,127,40,CORRECT,0,0,0,0,2,0,0.009923,0.0,answer,
margin,live-delta,4,0.0,0.545867,0.581322,0.387062,0.964844,0.334081,0.484081,0.02814382314682007,0.5415035486221313,0.5133597254753113,2.794917106628418,16.36127281188965,0.18140219151973724,20,2,2,1,2,1,1,0.25203463435173035,0.046958208084106445,1,contra,0.15,-1,128,66,CORRECT,0,0,0,0,6,0,0.252035,0.0,answer,
margin,live-delta,4,0.0,0.545867,0.581322,0.387062,0.964844,0.334081,0.484081,0.02547597885131836,0.5951765775680542,0.5697005987167358,2.4978344440460205,12.156140327453613,0.234213724732399,20,2,2,1,2,1,1,0.28807532787323,0.02547597885131836,1,contra,0.15,-1,129,66,CORRECT,0,0,0,0,8,0,0.288075,0.0,answer,
margin,live-delta,4,0.0,0.545867,0.581322,0.387062,0.964844,0.334081,0.484081,0.041772425174713135,0.5690668821334839,0.5272944569587708,2.7555556297302246,15.729778289794922,0.16376113891601562,20,2,2,1,2,1,1,0.32592272758483887,0.041772425174713135,1,contra,0.15,-1,130,81,CORRECT,0,0,0,0,7,0,0.325923,0.0,answer,
margin,live-delta,4,0.0,0.545867,0.581322,0.387062,0.964844,0.334081,0.484081,0.014298349618911743,0.40967702865600586,0.3953786790370941,1.6854453086853027,5.394852638244629,0.2871641218662262,6,2,2,1,2,1,1,0.3134351968765259,0.014298349618911743,0,contra,0.15,-1,132,71,CORRECT,0,0,0,0,2,0,0.313435,0.0,answer,
margin,live-delta,4,0.0,0.545867,0.581322,0.387062,0.964844,0.334081,0.484081,0.07747495174407959,0.7438898086547852,0.6664148569107056,0.9425677061080933,2.566563129425049,0.7426468729972839,20,2,2,1,2,1,0,0.047240275889635086,0.17229026556015015,2,contra,0.15,-1,133,71,CORRECT,0,0,0,0,7,0,0.04724,0.0,answer,
margin,live-delta,4,0.0,0.545867,0.581322,0.387062,0.964844,0.334081,0.484081,0.09667551517486572,0.7966055274009705,0.6999300122261047,1.5346829891204834,4.639854431152344,0.6217121481895447,20,2,2,1,2,1,1,0.13134755194187164,0.10837900638580322,2,contra,0.15,-1,134,86,CORRECT,0,0,0,0,7,0,0.131348,0.0,answer,
margin,live-delta,4,0.0,0.545867,0.581322,0.387062,0.964844,0.334081,0.484081,0.024165570735931396,0.5892134308815002,0.5650478601455688,1.964874505996704,7.134017467498779,0.29978588223457336,20,2,2,1,2,1,1,0.42165014147758484,0.024165570735931396,0,contra,0.15,-1,135,91,CORRECT,0,0,0,0,8,0,0.42165,0.0,answer,
margin,live-delta,4,0.0,0.545867,0.581322,0.387062,0.964844,0.334081,0.484081,0.0,0.6251969933509827,0.6251969933509827,2.54036808013916,12.684338569641113,0.21259208023548126,20,2,2,1,2,1,1,0.39360249042510986,0.0,0,contra,0.15,-1,136,84,CORRECT,0,0,0,0,6,0,0.393602,0.0,answer,
margin,live-delta,4,0.0,0.545867,0.581322,0.387062,0.964844,0.334081,0.484081,0.0,0.4245971441268921,0.4245971441268921,1.7037198543548584,5.49434757232666,0.21169176697731018,6,2,1,0,2,1,1,0.42338353395462036,0.0,0,contra,0.15,-1,137,143,CORRECT,0,0,0,0,2,0,0.423384,0.0,answer,
margin,live-delta,4,0.0,0.545867,0.581322,0.387062,0.964844,0.334081,0.484081,0.012679576873779297,0.41997987031936646,0.40730029344558716,2.8636438846588135,17.525270462036133,0.11718481034040451,20,2,2,1,2,1,1,0.2746126651763916,0.027431517839431763,1,contra,0.15,-1,138,85,CORRECT,0,0,0,0,6,0,0.274613,0.0,answer,
margin,live-delta,4,0.0,0.545867,0.581322,0.387062,0.964844,0.334081,0.484081,0.028989017009735107,0.6016455292701721,0.572656512260437,2.216634511947632,9.176395416259766,0.2977466583251953,20,2,2,1,2,1,1,0.21995675563812256,0.028989017009735107,1,contra,0.15,-1,139,64,CORRECT,0,0,0,0,6,0,0.219957,0.0,answer,
margin,live-delta,4,0.0,0.545867,0.581322,0.387062,0.964844,0.334081,0.484081,0.0,0.6501257419586182,0.6501257419586182,1.6109082698822021,5.007357120513916,0.30609366297721863,13,2,3,0,2,1,1,0.4668530821800232,0.0,0,contra,0.15,-1,140,219,CORRECT,0,0,0,0,3,0,0.466853,0.0,answer,
margin,live-delta,4,0.0,0.545867,0.581322,0.387062,0.964844,0.334081,0.484081,0.047999441623687744,0.6712274551391602,0.6232280135154724,2.0777976512908936,7.9868597984313965,0.401649534702301,20,2,2,1,2,1,1,0.22960734367370605,0.047999441623687744,1,contra,0.15,-1,141,86,CORRECT,0,0,0,0,7,0,0.229607,0.0,answer,
margin,live-delta,4,0.0,0.545867,0.581322,0.387062,0.964844,0.334081,0.484081,0.0,0.5701974630355835,0.5701974630355835,2.787735939025879,16.244199752807617,0.10931164771318436,20,2,1,0,2,1,1,0.3628518879413605,0.0,0,contra,0.15,-1,142,212,CORRECT,0,0,0,0,7,0,0.362852,0.0,answer,
margin,live-delta,4,0.0,0.545867,0.581322,0.387062,0.964844,0.334081,0.484081,0.009077906608581543,0.4765753746032715,0.46749746799468994,2.842480182647705,17.158267974853516,0.12719769775867462,20,2,2,1,2,1,1,0.304973304271698,0.022504299879074097,0,contra,0.15,-1,143,91,CORRECT,0,0,0,0,6,0,0.304973,0.0,answer,
margin,live-delta,4,0.0,0.545867,0.581322,0.387062,0.964844,0.334081,0.484081,0.0962134599685669,0.5023441314697266,0.40613067150115967,1.189298152923584,3.2847750186920166,0.6885555386543274,8,2,2,1,2,1,0,0.07553325593471527,0.1362971067428589,2,contra,0.15,-1,144,85,CORRECT,0,0,0,0,2,0,0.075533,0.0,answer,
margin,live-delta,4,0.0,0.545867,0.581322,0.387062,0.964844,0.334081,0.484081,0.06751570105552673,0.5056645274162292,0.4381488263607025,1.8507767915725708,6.364761829376221,0.4391929507255554,11,2,2,1,2,1,1,0.20930010080337524,0.06751570105552673,2,contra,0.15,-1,145,88,CORRECT,0,0,0,0,3,0,0.2093,0.0,answer,
margin,live-delta,4,0.0,0.545867,0.581322,0.387062,0.964844,0.334081,0.484081,0.0006460845470428467,0.4003845751285553,0.39973849058151245,2.682576894760132,14.622726440429688,0.11245470494031906,16,2,2,1,2,1,1,0.3956835865974426,0.0006460845470428467,0,contra,0.15,-1,146,88,CORRECT,0,0,0,0,7,0,0.395684,0.0,answer,
margin,live-delta,4,0.0,0.545867,0.581322,0.387062,0.964844,0.334081,0.484081,0.023302674293518066,0.5993673205375671,0.5760646462440491,2.222970962524414,9.234725952148438,0.25894612073898315,20,2,2,1,2,1,1,0.40654924511909485,0.023302674293518066,0,contra,0.15,-1,147,91,CORRECT,0,0,0,0,6,0,0.406549,0.0,answer,
margin,live-delta,4,0.0,0.545867,0.581322,0.387062,0.964844,0.334081,0.484081,0.003406345844268799,0.5392884612083435,0.5358821153640747,2.7410330772399902,15.502992630004883,0.1465541273355484,20,2,2,1,2,1,1,0.37196654081344604,0.003406345844268799,0,contra,0.15,-1,148,78,CORRECT,0,0,0,0,8,0,0.371967,0.0,answer,
margin,live-delta,4,0.0,0.545867,0.581322,0.387062,0.964844,0.334081,0.484081,0.0855400562286377,0.6592262983322144,0.5736862421035767,1.8421307802200317,6.309968948364258,0.5154616236686707,20,2,2,1,2,1,1,0.25785380601882935,0.0855400562286377,2,contra,0.15,-1,149,91,CORRECT,0,0,0,0,7,0,0.257854,0.0,answer,
margin,live-delta,4,0.0,0.545867,0.581322,0.387062,0.964844,0.334081,0.484081,0.002938687801361084,0.6503852605819702,0.6474465727806091,2.6420702934265137,14.042244911193848,0.10929498821496964,20,2,2,1,2,1,1,0.37603121995925903,0.004634380340576172,0,contra,0.15,-1,150,66,CORRECT,0,0,0,0,8,0,0.376031,0.0,answer,
margin,live-delta,4,0.0,0.545867,0.581322,0.387062,0.964844,0.334081,0.484081,0.027769744396209717,0.5065252184867859,0.47875547409057617,2.5508534908294678,12.818038940429688,0.2692207396030426,20,2,2,1,2,1,1,0.18013235926628113,0.09263736009597778,2,contra,0.15,-1,151,85,CORRECT,0,0,0,0,6,0,0.180132,0.0,answer,
margin,live-delta,4,0.0,0.545867,0.581322,0.387062,0.964844,0.334081,0.484081,0.27028217911720276,0.6035950779914856,0.33331289887428284,-0.0,1.0,1.0,1,2,2,1,2,1,0,0.0,0.27028217911720276,2,contra,0.15,-1,152,74,CORRECT,0,0,0,0,0,0,0.0,0.0,answer,
margin,live-delta,4,0.0,0.545867,0.581322,0.387062,0.964844,0.334081,0.484081,0.0,0.574760377407074,0.574760377407074,2.643303155899048,14.059568405151367,0.16282185912132263,20,2,2,1,2,1,1,0.4074109196662903,0.0,0,contra,0.15,-1,153,94,CORRECT,0,0,0,0,7,0,0.407411,0.0,answer,
margin,live-delta,4,0.0,0.545867,0.581322,0.387062,0.964844,0.334081,0.484081,0.010171353816986084,0.39511168003082275,0.38494032621383667,2.1605238914489746,8.675682067871094,0.15190045535564423,9,2,2,1,2,1,1,0.3694235682487488,0.010171353816986084,0,contra,0.15,-1,155,64,CORRECT,0,0,0,0,3,0,0.369424,0.0,answer,
margin,live-delta,4,0.0,0.545867,0.581322,0.387062,0.964844,0.334081,0.484081,0.06495732069015503,0.4113556444644928,0.34639832377433777,0.893929123878479,2.444716453552246,0.6470276117324829,3,2,2,1,2,1,1,0.17648622393608093,0.06495732069015503,2,contra,0.15,-1,156,93,CORRECT,0,0,0,0,1,0,0.176486,0.0,answer,
margin,live-delta,4,0.0,0.545867,0.581322,0.387062,0.964844,0.334081,0.484081,0.0,0.6391476988792419,0.6391476988792419,2.523651361465454,12.474061012268066,0.2010897547006607,20,2,1,0,2,1,1,0.3755173981189728,0.0,0,contra,0.15,-1,157,184,CORRECT,0,0,0,0,6,0,0.375517,0.0,answer,
margin,live-delta,4,0.0,0.545867,0.581322,0.387062,0.964844,0.334081,0.484081,0.08749839663505554,0.5680897235870361,0.4805913269519806,2.435091018676758,11.416857719421387,0.3623497188091278,20,2,2,1,2,1,1,0.22212135791778564,0.08749839663505554,2,contra,0.15,-1,158,85,CORRECT,0,0,0,0,6,0,0.222121,0.0,answer,
margin,live-delta,4,0.0,0.545867,0.581322,0.387062,0.964844,0.334081,0.484081,0.18490827083587646,0.7387069463729858,0.5537986755371094,0.606374979019165,1.833771824836731,0.88944411277771,20,2,2,1,2,1,0,0.0575236938893795,0.18490827083587646,2,contra,0.15,-1,159,68,CORRECT,0,0,0,0,7,0,0.057524,0.0,answer,
margin,live-delta,4,0.0,0.545867,0.581322,0.387062,0.964844,0.334081,0.484081,0.0344085693359375,0.5577472448348999,0.5233386754989624,2.2436132431030273,9.427332878112793,0.2955918312072754,20,2,2,1,2,1,1,0.3703228235244751,0.0344085693359375,1,contra,0.15,-1,160,91,CORRECT,0,0,0,0,6,0,0.370323,0.0,answer,
margin,live-delta,4,0.0,0.545867,0.581322,0.387062,0.964844,0.334081,0.484081,0.0,0.4709516167640686,0.4709516167640686,2.7066328525543213,14.978754997253418,0.12729805707931519,20,2,2,1,2,1,1,0.40613141655921936,0.0,0,contra,0.15,-1,161,94,CORRECT,0,0,0,0,7,0,0.406131,0.0,answer,
margin,live-delta,4,0.0,0.545867,0.581322,0.387062,0.964844,0.334081,0.484081,0.17954033613204956,0.6567572355270386,0.477216899394989,0.5896649360656738,1.8033840656280518,0.8874002695083618,14,2,2,1,2,1,0,0.0439126156270504,0.17954033613204956,2,contra,0.15,-1,162,93,CORRECT,0,0,0,0,4,0,0.043913,0.0,answer,
margin,live-delta,4,0.0,0.545867,0.581322,0.387062,0.964844,0.334081,0.484081,0.01217794418334961,0.574068546295166,0.5618906021118164,2.6829447746276855,14.628106117248535,0.16387224197387695,20,2,2,1,2,1,1,0.3080633878707886,0.01217794418334961,0,contra,0.15,-1,163,66,CORRECT,0,0,0,0,8,0,0.308063,0.0,answer,
margin,live-delta,4,0.0,0.545867,0.581322,0.387062,0.964844,0.334081,0.484081,0.2803356647491455,0.6889474987983704,0.40861183404922485,0.10383352637290955,1.1094157695770264,0.9853600859642029,8,2,2,1,2,1,0,0.005510292015969753,0.29878172278404236,2,contra,0.15,-1,164,93,CORRECT,0,0,0,0,3,0,0.00551,0.0,answer,
margin,live-delta,4,0.0,0.545867,0.581322,0.387062,0.964844,0.334081,0.484081,0.08025693893432617,0.6881221532821655,0.6078652143478394,2.4709205627441406,11.833334922790527,0.342701256275177,20,2,2,1,2,1,1,0.26646357774734497,0.08025693893432617,2,contra,0.15,-1,165,86,CORRECT,0,0,0,0,8,0,0.266464,0.0,answer,
margin,live-delta,4,0.0,0.545867,0.581322,0.387062,0.964844,0.334081,0.484081,0.0,0.4756857752799988,0.4756857752799988,1.6146705150604248,5.02623176574707,0.3464357554912567,8,2,2,1,2,1,1,0.3794717490673065,0.0,0,contra,0.15,-1,166,80,CORRECT,0,0,0,0,2,0,0.379472,0.0,answer,
margin,live-delta,4,0.0,0.545867,0.581322,0.387062,0.964844,0.334081,0.484081,0.004124343395233154,0.3853720426559448,0.38124769926071167,2.3319485187530518,10.297987937927246,0.14771077036857605,11,2,2,1,2,1,1,0.3288367688655853,0.004124343395233154,0,contra,0.15,-1,167,93,CORRECT,0,0,0,0,4,0,0.328837,0.0,answer,
margin,live-delta,4,0.0,0.545867,0.581322,0.387062,0.964844,0.334081,0.484081,0.074472576379776,0.3759671151638031,0.3014945387840271,-0.0,1.0,1.0,1,2,2,1,2,1,0,0.0,0.074472576379776,2,contra,0.15,-1,168,93,CORRECT,0,0,0,0,0,0,0.0,0.0,answer,
margin,live-delta,4,0.0,0.545867,0.581322,0.387062,0.964844,0.334081,0.484081,0.0,0.6072017550468445,0.6072017550468445,2.501807689666748,12.204536437988281,0.15707993507385254,20,2,3,0,2,1,1,0.4590153098106384,0.0,0,contra,0.15,-1,169,137,CORRECT,0,0,0,0,7,0,0.459015,0.0,answer,
margin,live-delta,4,0.0,0.545867,0.581322,0.387062,0.964844,0.334081,0.484081,0.018336057662963867,0.4837937653064728,0.4654577076435089,2.3721673488616943,10.720602035522461,0.28030285239219666,17,2,2,1,2,1,1,0.16890065371990204,0.07637408375740051,2,contra,0.15,-1,170,68,CORRECT,0,0,0,0,4,0,0.168901,0.0,answer,
margin,live-delta,4,0.0,0.545867,0.581322,0.387062,0.964844,0.334081,0.484081,0.03160598874092102,0.42073097825050354,0.3891249895095825,1.6480376720428467,5.19677209854126,0.35035648941993713,6,2,2,1,2,1,1,0.29143497347831726,0.03160598874092102,1,contra,0.15,-1,172,88,CORRECT,0,0,0,0,2,0,0.291435,0.0,answer,
margin,live-delta,4,0.0,0.545867,0.581322,0.387062,0.964844,0.334081,0.484081,0.02429831027984619,0.5705028176307678,0.5462045073509216,2.8222665786743164,16.81492042541504,0.14056968688964844,20,2,2,1,2,1,1,0.29075542092323303,0.02429831027984619,0,contra,0.15,-1,173,90,CORRECT,0,0,0,0,7,0,0.290755,0.0,answer,
margin,live-delta,4,0.0,0.545867,0.581322,0.387062,0.964844,0.334081,0.484081,0.0,0.4979991614818573,0.4979991614818573,2.363067626953125,10.623490333557129,0.22494836151599884,17,2,1,0,2,1,1,0.38273870944976807,0.0,0,contra,0.15,-1,174,212,CORRECT,0,0,0,0,6,0,0.382739,0.0,answer,
margin,live-delta,4,0.0,0.545867,0.581322,0.387062,0.964844,0.334081,0.484081,0.0024803578853607178,0.4129861891269684,0.41050583124160767,2.107712745666504,8.22939682006836,0.16838689148426056,9,2,2,1,2,1,1,0.32489442825317383,0.0024803578853607178,0,contra,0.15,-1,176,88,CORRECT,0,0,0,0,3,0,0.324894,0.0,answer,
margin,live-delta,4,0.0,0.545867,0.581322,0.387062,0.964844,0.334081,0.484081,0.12175902724266052,0.6065850257873535,0.484825998544693,1.7139838933944702,5.551032066345215,0.6130585670471191,20,2,2,1,2,1,1,0.13814106583595276,0.12190032005310059,2,contra,0.15,-1,177,78,CORRECT,0,0,0,0,8,0,0.138141,0.0,answer,
margin,live-delta,4,0.0,0.545867,0.581322,0.387062,0.964844,0.334081,0.484081,0.0012949109077453613,0.5802474617958069,0.5789525508880615,2.6275782585144043,13.840211868286133,0.15452930331230164,20,2,2,1,2,1,1,0.3714365065097809,0.0012949109077453613,0,contra,0.15,-1,179,87,CORRECT,0,0,0,0,7,0,0.371437,0.0,answer,
margin,live-delta,4,0.0,0.545867,0.581322,0.387062,0.964844,0.334081,0.484081,0.0029421746730804443,0.4807736277580261,0.4778314530849457,2.69620680809021,14.823396682739258,0.13591481745243073,20,2,2,1,2,1,1,0.38930755853652954,0.0029421746730804443,0,contra,0.15,-1,180,64,CORRECT,0,0,0,0,7,0,0.389308,0.0,answer,
margin,live-delta,4,0.0,0.545867,0.581322,0.387062,0.964844,0.334081,0.484081,0.0,0.6918320655822754,0.6918320655822754,1.959045648574829,7.092555046081543,0.3121059238910675,20,2,0,0,2,1,1,0.3968963027000427,0.0,0,contra,0.15,-1,181,193,CORRECT,0,0,0,0,8,0,0.396896,0.0,answer,
margin,live-delta,4,0.0,0.545867,0.581322,0.387062,0.964844,0.334081,0.484081,0.012425124645233154,0.45632970333099365,0.4439045786857605,2.6246371269226074,13.799566268920898,0.18792960047721863,18,2,2,1,2,1,1,0.2656519412994385,0.04653298854827881,1,contra,0.15,-1,182,64,CORRECT,0,0,0,0,7,0,0.265652,0.0,answer,
margin,live-delta,4,0.0,0.545867,0.581322,0.387062,0.964844,0.334081,0.484081,0.0,0.36534959077835083,0.36534959077835083,1.5815839767456055,4.862651824951172,0.2566508650779724,5,2,2,1,2,1,1,0.2566508650779724,0.0,0,contra,0.15,-1,183,84,CORRECT,0,0,0,0,1,0,0.256651,0.0,answer,
margin,live-delta,4,0.0,0.545867,0.581322,0.387062,0.964844,0.334081,0.484081,0.0478360652923584,0.551082193851471,0.5032461285591125,2.679643392562866,14.579893112182617,0.23663204908370972,20,2,2,1,2,1,1,0.27553755044937134,0.06652528047561646,2,contra,0.15,-1,184,66,CORRECT,0,0,0,0,7,0,0.275538,0.0,answer,
margin,live-delta,4,0.0,0.545867,0.581322,0.387062,0.964844,0.334081,0.484081,0.0,0.5307070016860962,0.5307070016860962,1.0753517150878906,2.931023597717285,0.44677138328552246,5,2,2,1,2,1,1,0.48204049468040466,0.0,0,contra,0.15,-1,185,84,CORRECT,0,0,0,0,2,0,0.48204,0.0,answer,
margin,live-delta,4,0.0,0.545867,0.581322,0.387062,0.964844,0.334081,0.484081,0.0,0.6895368099212646,0.6895368099212646,2.045413017272949,7.732351303100586,0.20190702378749847,20,2,3,0,2,1,1,0.4319264888763428,0.0,0,contra,0.15,-1,186,219,CORRECT,0,0,0,0,7,0,0.431926,0.0,answer,
margin,live-delta,4,0.0,0.545867,0.581322,0.387062,0.964844,0.334081,0.484081,0.038748323917388916,0.36235830187797546,0.32360997796058655,-0.0,1.0,1.0,1,2,2,1,2,1,0,0.0,0.05120205879211426,2,contra,0.15,-1,187,81,CORRECT,0,0,0,0,0,0,0.0,0.0,answer,
margin,live-delta,4,0.0,0.545867,0.581322,0.387062,0.964844,0.334081,0.484081,0.0,0.46566590666770935,0.46566590666770935,2.297435760498047,9.948638916015625,0.1799963265657425,17,2,1,0,2,1,1,0.48961514234542847,0.0,0,contra,0.15,-1,188,143,CORRECT,0,0,0,0,8,0,0.489615,0.0,answer,
margin,live-delta,4,0.0,0.545867,0.581322,0.387062,0.964844,0.334081,0.484081,0.0,0.574927806854248,0.574927806854248,1.9925378561019897,7.334123134613037,0.2900674045085907,20,2,1,0,2,1,1,0.4544209837913513,0.0,0,contra,0.15,-1,189,212,CORRECT,0,0,0,0,6,0,0.454421,0.0,answer,
margin,live-delta,4,0.0,0.545867,0.581322,0.387062,0.964844,0.334081,0.484081,0.0,0.5638655424118042,0.5638655424118042,2.5156939029693604,12.375192642211914,0.20283257961273193,20,2,2,1,2,1,1,0.4093557298183441,0.0,0,contra,0.15,-1,190,76,CORRECT,0,0,0,0,6,0,0.409356,0.0,answer,
margin,live-delta,4,0.0,0.545867,0.581322,0.387062,0.964844,0.334081,0.484081,0.005952358245849609,0.555470883846283,0.5495185256004333,2.5219874382019043,12.453322410583496,0.18814058601856232,20,2,2,1,2,1,1,0.32606175541877747,0.005952358245849609,0,contra,0.15,-1,191,86,CORRECT,0,0,0,0,7,0,0.326062,0.0,answer,
margin,live-delta,4,0.0,0.545867,0.581322,0.387062,0.964844,0.334081,0.484081,0.0,0.7158771753311157,0.7158771753311157,2.5054447650909424,12.249005317687988,0.1708717942237854,20,3,2,0,3,1,1,0.5051413774490356,0.0,0,contra,0.15,-1,192,204,CORRECT,0,0,0,0,10,0,0.505141,0.0,answer,
margin,live-delta,4,0.0,0.545867,0.581322,0.387062,0.964844,0.334081,0.484081,0.10260394215583801,0.5292460918426514,0.42664214968681335,1.7917935848236084,6.000204563140869,0.5593962073326111,15,3,3,1,3,1,1,0.21163737773895264,0.10260394215583801,2,contra,0.15,-1,193,124,CORRECT,0,0,0,0,6,0,0.211637,0.0,answer,
margin,live-delta,4,0.0,0.545867,0.581322,0.387062,0.964844,0.334081,0.484081,0.004106700420379639,0.43997180461883545,0.4358651041984558,2.734361410140991,15.399906158447266,0.11091350764036179,20,3,3,1,3,1,1,0.5247098207473755,0.004106700420379639,0,contra,0.15,-1,194,124,CORRECT,0,0,0,0,11,0,0.52471,0.0,answer,
margin,live-delta,4,0.0,0.545867,0.581322,0.387062,0.964844,0.334081,0.484081,0.0,0.6738865971565247,0.6738865971565247,2.0505049228668213,7.771824359893799,0.3184036314487457,20,3,2,0,3,1,1,0.45029929280281067,0.0,0,contra,0.15,-1,195,136,CORRECT,0,0,0,0,8,0,0.450299,0.0,answer,
margin,live-delta,4,0.0,0.545867,0.581322,0.387062,0.964844,0.334081,0.484081,0.0,0.6066103577613831,0.6066103577613831,2.808581829071045,16.586380004882812,0.09484304487705231,20,3,3,1,3,1,1,0.5382140874862671,0.0,0,contra,0.15,-1,196,98,CORRECT,0,0,0,0,11,0,0.538214,0.0,answer,
margin,live-delta,4,0.0,0.545867,0.581322,0.387062,0.964844,0.334081,0.484081,0.0,0.6571125984191895,0.6571125984191895,2.6360321044921875,13.957711219787598,0.1587527096271515,20,3,2,0,3,1,1,0.3539958894252777,0.0,0,contra,0.15,-1,197,136,CORRECT,0,0,0,0,9,0,0.353996,0.0,answer,
margin,live-delta,4,0.0,0.545867,0.581322,0.387062,0.964844,0.334081,0.484081,0.0,0.6370205283164978,0.6370205283164978,1.5803301334381104,4.856558799743652,0.38968735933303833,20,3,3,1,3,1,1,0.4483253061771393,0.0,0,contra,0.15,-1,199,127,CORRECT,0,0,0,0,8,0,0.448325,0.0,answer,
margin,live-delta,4,0.0,0.545867,0.581322,0.387062,0.964844,0.334081,0.484081,0.028112411499023438,0.7088281512260437,0.6807157397270203,2.7716610431671143,15.985163688659668,0.16131560504436493,20,3,3,1,3,1,1,0.4164136052131653,0.028112411499023438,1,contra,0.15,-1,200,115,CORRECT,0,0,0,0,9,0,0.416414,0.0,answer,
margin,live-delta,4,0.0,0.545867,0.581322,0.387062,0.964844,0.334081,0.484081,0.08230164647102356,0.48156577348709106,0.3992641270160675,2.1506271362304688,8.59024429321289,0.41721510887145996,14,3,3,1,3,1,1,0.237634539604187,0.09802588820457458,2,contra,0.15,-1,201,107,CORRECT,0,0,0,0,6,0,0.237635,0.0,answer,
margin,live-delta,4,0.0,0.545867,0.581322,0.387062,0.964844,0.334081,0.484081,0.02431178092956543,0.5317378044128418,0.5074260234832764,1.3578819036483765,3.8879494667053223,0.482896089553833,10,3,3,1,3,1,0,0.046942081302404404,0.18435001373291016,2,contra,0.15,-1,202,116,CORRECT,0,0,0,0,4,0,0.046942,0.0,answer,
margin,live-delta,4,0.0,0.545867,0.581322,0.387062,0.964844,0.334081,0.484081,0.1064421534538269,0.6956464052200317,0.5892042517662048,1.9228510856628418,6.840433597564697,0.564954936504364,20,3,3,1,3,1,1,0.19112533330917358,0.15494287014007568,2,contra,0.15,-1,203,123,CORRECT,0,0,0,0,10,0,0.191125,0.0,answer,
margin,live-delta,4,0.0,0.545867,0.581322,0.387062,0.964844,0.334081,0.484081,0.0,0.649493396282196,0.649493396282196,1.7157715559005737,5.560964584350586,0.24281880259513855,20,3,1,0,3,1,1,0.4988018572330475,0.0,0,contra,0.15,-1,204,142,CORRECT,0,0,0,0,8,0,0.498802,0.0,answer,
margin,live-delta,4,0.0,0.545867,0.581322,0.387062,0.964844,0.334081,0.484081,0.013731002807617188,0.4197525680065155,0.4060215651988983,2.3896822929382324,10.910027503967285,0.18485954403877258,13,3,3,1,3,1,1,0.31140655279159546,0.020053625106811523,0,contra,0.15,-1,205,116,CORRECT,0,0,0,0,5,0,0.311407,0.0,answer,
margin,live-delta,4,0.0,0.545867,0.581322,0.387062,0.964844,0.334081,0.484081,0.03863942623138428,0.5191511511802673,0.48051172494888306,1.608493685722351,4.995281219482422,0.4058321714401245,8,3,3,1,3,1,1,0.25891396403312683,0.05913746356964111,2,contra,0.15,-1,206,107,CORRECT,0,0,0,0,3,0,0.258914,0.0,answer,
margin,live-delta,4,0.0,0.545867,0.581322,0.387062,0.964844,0.334081,0.484081,0.0,0.5254757404327393,0.5254757404327393,1.3760846853256226,3.95936918258667,0.39213377237319946,7,3,2,0,3,1,1,0.4893432557582855,0.0,0,contra,0.15,-1,207,192,CORRECT,0,0,0,0,3,0,0.489343,0.0,answer,
margin,live-delta,4,0.0,0.545867,0.581322,0.387062,0.964844,0.334081,0.484081,0.0,0.5600730180740356,0.5600730180740356,2.45196533203125,11.611144065856934,0.2238692194223404,20,3,3,1,3,1,1,0.4544403553009033,0.0,0,contra,0.15,-1,208,127,CORRECT,0,0,0,0,10,0,0.45444,0.0,answer,
margin,live-delta,4,0.0,0.545867,0.581322,0.387062,0.964844,0.334081,0.484081,0.0,0.6268348693847656,0.6268348693847656,2.6109189987182617,13.611554145812988,0.10613620281219482,20,3,2,0,3,1,1,0.5232776999473572,0.0,0,contra,0.15,-1,209,132,CORRECT,0,0,0,0,9,0,0.523278,0.0,answer,
margin,live-delta,4,0.0,0.545867,0.581322,0.387062,0.964844,0.334081,0.484081,0.01754710078239441,0.4622208774089813,0.4446737766265869,2.6848855018615723,14.656522750854492,0.13769981265068054,20,3,3,1,3,1,1,0.49090489745140076,0.01754710078239441,0,contra,0.15,-1,210,100,CORRECT,0,0,0,0,9,0,0.470963,0.0,answer,
margin,live-delta,4,0.0,0.545867,0.581322,0.387062,0.964844,0.334081,0.484081,0.02866208553314209,0.7037274837493896,0.6750653982162476,2.429619789123535,11.35456371307373,0.23250651359558105,20,3,3,1,3,1,1,0.3379584550857544,0.02866208553314209,1,contra,0.15,-1,211,96,CORRECT,0,0,0,0,8,0,0.337958,0.0,answer,
margin,live-delta,4,0.0,0.545867,0.581322,0.387062,0.964844,0.334081,0.484081,0.0,0.7040786147117615,0.7040786147117615,2.2531769275665283,9.517925262451172,0.22132638096809387,20,3,3,1,3,1,1,0.4513109028339386,0.0,0,contra,0.15,-1,212,98,CORRECT,0,0,0,0,10,0,0.451311,0.0,answer,
margin,live-delta,4,0.0,0.545867,0.581322,0.387062,0.964844,0.334081,0.484081,0.0,0.7602081298828125,0.7602081298828125,2.582775831222534,13.233821868896484,0.16475917398929596,20,3,3,1,3,1,1,0.474348783493042,0.0,0,contra,0.15,-1,213,127,CORRECT,0,0,0,0,10,0,0.474349,0.0,answer,
margin,live-delta,4,0.0,0.545867,0.581322,0.387062,0.964844,0.334081,0.484081,0.0420457124710083,0.4206753373146057,0.3786296248435974,2.8980119228363037,18.138050079345703,0.14960139989852905,20,3,3,1,3,1,1,0.4482777416706085,0.0420457124710083,1,contra,0.15,-1,214,116,CORRECT,0,0,0,0,10,0,0.448278,0.0,answer,
margin,live-delta,4,0.0,0.545867,0.581322,0.387062,0.964844,0.334081,0.484081,0.0,0.6014844179153442,0.6014844179153442,2.678520441055298,14.563529968261719,0.1544305980205536,20,3,3,1,3,1,1,0.5291826725006104,0.0,0,contra,0.15,-1,215,127,CORRECT,0,0,0,0,10,0,0.529183,0.0,answer,
margin,live-delta,4,0.0,0.545867,0.581322,0.387062,0.964844,0.334081,0.484081,0.0,0.561787486076355,0.561787486076355,2.6243858337402344,13.796098709106445,0.1252068430185318,20,3,3,1,3,1,1,0.4284995496273041,0.0,0,contra,0.15,-1,216,106,CORRECT,0,0,0,0,9,0,0.4285,0.0,answer,
margin,live-delta,4,0.0,0.545867,0.581322,0.387062,0.964844,0.334081,0.484081,0.0,0.581675112247467,0.581675112247467,1.0230093002319336,2.781552791595459,0.46287742257118225,8,3,2,0,3,1,1,0.5123742818832397,0.0,0,contra,0.15,-1,217,215,CORRECT,0,0,0,0,5,0,0.512374,0.0,answer,
margin,live-delta,4,0.0,0.545867,0.581322,0.387062,0.964844,0.334081,0.484081,0.01645064353942871,0.6338362693786621,0.6173856258392334,2.743748664855957,15.545149803161621,0.12083064019680023,20,3,3,1,3,1,1,0.4939913749694824,0.01645064353942871,0,contra,0.15,-1,218,117,CORRECT,0,0,0,0,9,0,0.493991,0.0,answer,
margin,live-delta,4,0.0,0.545867,0.581322,0.387062,0.964844,0.334081,0.484081,0.046770721673965454,0.540321946144104,0.49355122447013855,2.808790683746338,16.58984375,0.18161004781723022,20,3,3,1,3,1,1,0.42448288202285767,0.046770721673965454,1,contra,0.15,-1,219,108,CORRECT,0,0,0,0,9,0,0.424483,0.0,answer,
margin,live-delta,4,0.0,0.545867,0.581322,0.387062,0.964844,0.334081,0.484081,0.0,0.6931151151657104,0.6931151151657104,2.628007173538208,13.846149444580078,0.13609369099140167,20,3,3,1,3,1,1,0.4837169349193573,0.0,0,contra,0.15,-1,220,127,CORRECT,0,0,0,0,9,0,0.483717,0.0,answer,
margin,live-delta,4,0.0,0.545867,0.581322,0.387062,0.964844,0.334081,0.484081,0.0,0.6067142486572266,0.6067142486572266,1.8433382511138916,6.317592620849609,0.35101133584976196,20,3,3,1,3,1,1,0.4782053232192993,0.0,0,contra,0.15,-1,221,102,CORRECT,0,0,0,0,10,0,0.478205,0.0,answer,
margin,live-delta,4,0.0,0.545867,0.581322,0.387062,0.964844,0.334081,0.484081,0.0,0.5600713491439819,0.5600713491439819,2.8158199787139893,16.70686912536621,0.11462675780057907,20,3,2,0,3,1,1,0.5306206941604614,0.0,0,contra,0.15,-1,222,204,CORRECT,0,0,0,0,10,0,0.530621,0.0,answer,
margin,live-delta,4,0.0,0.545867,0.581322,0.387062,0.964844,0.334081,0.484081,0.0464787483215332,0.4414621889591217,0.3949834406375885,2.8689167499542236,17.617923736572266,0.1640309989452362,20,3,3,1,3,1,1,0.4594094753265381,0.0464787483215332,1,contra,0.15,-1,223,124,CORRECT,0,0,0,0,10,0,0.459409,0.0,answer,
margin,live-delta,4,0.0,0.545867,0.581322,0.387062,0.964844,0.334081,0.484081,0.0,0.40286785364151,0.40286785364151,1.3213564157485962,3.748502492904663,0.29763442277908325,4,3,1,0,3,1,1,0.5952688455581665,0.0,0,contra,0.15,-1,224,180,CORRECT,0,0,0,0,2,0,0.595269,0.0,answer,
margin,live-delta,4,0.0,0.545867,0.581322,0.387062,0.964844,0.334081,0.484081,0.0,0.5563745498657227,0.5563745498657227,2.623107433319092,13.778472900390625,0.15731796622276306,20,3,2,0,3,1,1,0.5894740223884583,0.0,0,contra,0.15,-1,225,223,CORRECT,0,0,0,0,9,0,0.485098,0.0,answer,
margin,live-delta,4,0.0,0.545867,0.581322,0.387062,0.964844,0.334081,0.484081,0.03750276565551758,0.47772443294525146,0.4402216672897339,2.816934585571289,16.725502014160156,0.1556539684534073,20,3,3,1,3,1,1,0.4348244369029999,0.03750276565551758,1,contra,0.15,-1,226,123,CORRECT,0,0,0,0,9,0,0.434824,0.0,answer,
margin,live-delta,4,0.0,0.545867,0.581322,0.387062,0.964844,0.334081,0.484081,0.0,0.3879879117012024,0.3879879117012024,1.9794418811798096,7.238701820373535,0.1799485683441162,8,3,2,0,2,0,1,0.75,0.0,0,contra,0.15,-1,227,179,CONTRADICTORY_STRICT,1,1,0,0,6,0,0.75,0.0,answer,
margin,live-delta,4,0.0,0.545867,0.581322,0.387062,0.964844,0.334081,0.484081,0.0,0.7159953117370605,0.7159953117370605,1.1097209453582764,3.0335118770599365,0.3327811062335968,5,3,0,0,3,1,1,0.6655622124671936,0.0,0,contra,0.15,-1,228,187,CORRECT,0,0,0,0,2,0,0.665562,0.0,answer,
margin,live-delta,4,0.0,0.545867,0.581322,0.387062,0.964844,0.334081,0.484081,0.06361925601959229,0.6538165807723999,0.5901973247528076,2.157655715942383,8.650834083557129,0.391856849193573,20,3,3,1,3,1,1,0.23956088721752167,0.06361925601959229,2,contra,0.15,-1,229,115,CORRECT,0,0,0,0,8,0,0.239561,0.0,answer,
margin,live-delta,4,0.0,0.545867,0.581322,0.387062,0.964844,0.334081,0.484081,0.0,0.6125504374504089,0.6125504374504089,2.6351428031921387,13.945303916931152,0.10390841960906982,20,3,3,1,2,0,1,0.6414623856544495,0.0,0,contra,0.15,-1,230,103,CONTRADICTORY_LENIENT,0,1,0,0,10,0,0.641462,0.0,answer,
margin,live-delta,4,0.0,0.545867,0.581322,0.387062,0.964844,0.334081,0.484081,0.027474582195281982,0.5701779127120972,0.5427033305168152,2.364288330078125,10.636466026306152,0.3132990002632141,20,3,3,1,3,1,1,0.2656515836715698,0.0692371129989624,2,contra,0.15,-1,231,117,CORRECT,0,0,0,0,10,0,0.265652,0.0,answer,
margin,live-delta,4,0.0,0.545867,0.581322,0.387062,0.964844,0.334081,0.484081,0.0,0.5009386539459229,0.5009386539459229,2.701610803604126,14.903718948364258,0.1319568157196045,20,3,3,1,3,1,1,0.5910265445709229,0.0,0,contra,0.15,-1,232,112,CORRECT,0,0,0,0,9,0,0.481355,0.0,answer,
margin,live-delta,4,0.0,0.545867,0.581322,0.387062,0.964844,0.334081,0.484081,0.0030035674571990967,0.496469646692276,0.4934660792350769,2.7535507678985596,15.698273658752441,0.13931411504745483,20,3,3,1,3,1,1,0.37035518884658813,0.0030035674571990967,0,contra,0.15,-1,233,115,CORRECT,0,0,0,0,9,0,0.370355,0.0,answer,
margin,live-delta,4,0.0,0.545867,0.581322,0.387062,0.964844,0.334081,0.484081,0.04291737079620361,0.501893937587738,0.4589765667915344,2.800905704498291,16.45954704284668,0.1655275821685791,20,3,3,1,3,1,1,0.43063271045684814,0.04291737079620361,1,contra,0.15,-1,234,108,CORRECT,0,0,0,0,10,0,0.430633,0.0,answer,
margin,live-delta,4,0.0,0.545867,0.581322,0.387062,0.964844,0.334081,0.484081,0.06836903095245361,0.6614959239959717,0.5931268930435181,2.1398937702178955,8.49853515625,0.42184028029441833,20,3,3,1,3,1,1,0.2606702148914337,0.08094149827957153,2,contra,0.15,-1,235,115,CORRECT,0,0,0,0,9,0,0.26067,0.0,answer,
margin,live-delta,4,0.0,0.545867,0.581322,0.387062,0.964844,0.334081,0.484081,0.0,0.46608585119247437,0.46608585119247437,2.8449745178222656,17.201120376586914,0.11823339015245438,20,3,1,0,3,1,1,0.4923315644264221,0.0,0,contra,0.15,-1,236,220,CORRECT,0,0,0,0,9,0,0.452632,0.0,answer,
margin,live-delta,4,0.0,0.545867,0.581322,0.387062,0.964844,0.334081,0.484081,0.015743613243103027,0.6798076629638672,0.6640640497207642,2.1651663780212402,8.716052055358887,0.3039308488368988,20,3,3,1,3,1,1,0.2993844747543335,0.06494688987731934,2,contra,0.15,-1,237,115,CORRECT,0,0,0,0,9,0,0.299384,0.0,answer,
margin,live-delta,4,0.0,0.545867,0.581322,0.387062,0.964844,0.334081,0.484081,0.0,0.48643261194229126,0.48643261194229126,2.81658935546875,16.719728469848633,0.12341084331274033,20,3,2,0,3,1,1,0.543687105178833,0.0,0,contra,0.15,-1,238,158,CORRECT,0,0,0,0,10,0,0.543687,0.0,answer,
margin,live-delta,4,0.0,0.545867,0.581322,0.387062,0.964844,0.334081,0.484081,0.04946953058242798,0.5871029496192932,0.5376334190368652,2.2850582599639893,9.826258659362793,0.37348493933677673,20,3,3,1,3,1,1,0.20835994184017181,0.07708108425140381,2,contra,0.15,-1,239,123,CORRECT,0,0,0,0,9,0,0.219391,0.0,answer,
margin,live-delta,4,0.0,0.545867,0.581322,0.387062,0.964844,0.334081,0.484081,0.0,0.6377276182174683,0.6377276182174683,2.385714054107666,10.866819381713867,0.14823447167873383,20,3,3,1,2,0,1,0.6337602138519287,0.0,0,contra,0.15,-1,240,114,CONTRADICTORY_LENIENT,0,1,0,0,11,0,0.63376,0.0,answer,
margin,live-delta,4,0.0,0.545867,0.581322,0.387062,0.964844,0.334081,0.484081,0.0,0.49900099635124207,0.49900099635124207,2.4013118743896484,11.037647247314453,0.19982467591762543,20,3,1,0,3,1,1,0.5860431790351868,0.0,0,contra,0.15,-1,241,142,CORRECT,0,0,0,0,8,0,0.50886,0.0,answer,
margin,live-delta,4,0.0,0.545867,0.581322,0.387062,0.964844,0.334081,0.484081,0.02079826593399048,0.5582751631736755,0.5374768972396851,2.7251570224761963,15.258810043334961,0.18718332052230835,20,3,3,1,3,1,1,0.3378090262413025,0.03927576541900635,1,contra,0.15,-1,242,96,CORRECT,0,0,0,0,8,0,0.337809,0.0,answer,
margin,live-delta,4,0.0,0.545867,0.581322,0.387062,0.964844,0.334081,0.484081,0.0,0.7332625985145569,0.7332625985145569,2.3031811714172363,10.005962371826172,0.15870264172554016,20,3,3,1,3,1,1,0.5934339165687561,0.0,0,contra,0.15,-1,243,110,CORRECT,0,0,0,0,9,0,0.593434,0.0,answer,
margin,live-delta,4,0.0,0.545867,0.581322,0.387062,0.964844,0.334081,0.484081,0.0,0.5966714024543762,0.5966714024543762,1.1645712852478027,3.2045488357543945,0.4569563865661621,20,3,3,1,3,1,1,0.493744432926178,0.0,0,contra,0.15,-1,244,105,CORRECT,0,0,0,0,9,0,0.493744,0.0,answer,
margin,live-delta,4,0.0,0.545867,0.581322,0.387062,0.964844,0.334081,0.484081,0.04181373119354248,0.6546295881271362,0.6128158569335938,2.575181722640991,13.133703231811523,0.24023494124412537,20,3,3,1,3,1,1,0.30821600556373596,0.06370902061462402,2,contra,0.15,-1,245,123,CORRECT,0,0,0,0,8,0,0.308216,0.0,answer,
margin,live-delta,4,0.0,0.545867,0.581322,0.387062,0.964844,0.334081,0.484081,0.36518198251724243,0.8150866627693176,0.4499046802520752,0.04764414578676224,1.048797369003296,0.9946576952934265,20,3,3,1,3,1,0,0.002658500801771879,0.36518198251724243,2,contra,0.15,-1,246,107,CORRECT,0,0,0,0,9,0,0.002659,0.0,answer,
margin,live-delta,4,0.0,0.545867,0.581322,0.387062,0.964844,0.334081,0.484081,0.052057862281799316,0.6668754816055298,0.6148176193237305,1.8614757061004639,6.433223247528076,0.5039048790931702,20,3,3,1,3,1,1,0.19435566663742065,0.13160079717636108,2,contra,0.15,-1,247,116,CORRECT,0,0,0,0,10,0,0.194356,0.0,answer,
margin,live-delta,4,0.0,0.545867,0.581322,0.387062,0.964844,0.334081,0.484081,0.0,0.6920506358146667,0.6920506358146667,0.7159543633460999,2.0461385250091553,0.4984685778617859,6,3,2,0,3,1,1,0.5002161264419556,0.0,0,contra,0.15,-1,248,215,CORRECT,0,0,0,0,3,0,0.500216,0.0,answer,
margin,live-delta,4,0.0,0.545867,0.581322,0.387062,0.964844,0.334081,0.484081,0.041210323572158813,0.4416484236717224,0.4004381000995636,2.6132171154022217,13.642870903015137,0.23864829540252686,17,3,3,1,3,1,1,0.3090513050556183,0.07289791107177734,2,contra,0.15,-1,249,115,CORRECT,0,0,0,0,7,0,0.309051,0.0,answer,
margin,live-delta,4,0.0,0.545867,0.581322,0.387062,0.964844,0.334081,0.484081,0.08134958148002625,0.4839929938316345,0.4026434123516083,2.479964256286621,11.940837860107422,0.35745424032211304,20,3,3,1,3,1,1,0.41609063744544983,0.0907014012336731,2,contra,0.15,-1,250,107,CORRECT,0,0,0,0,11,0,0.335938,0.0,answer,
margin,live-delta,4,0.0,0.545867,0.581322,0.387062,0.964844,0.334081,0.484081,0.0,0.9193468689918518,0.9193468689918518,0.6931471824645996,2.0,0.5,2,3,2,0,2,0,1,0.5,0.0,0,contra,0.15,-1,251,215,CONTRADICTORY_STRICT,1,1,0,0,1,0,0.5,0.0,answer,
margin,live-delta,4,0.0,0.545867,0.581322,0.387062,0.964844,0.334081,0.484081,0.0,0.4110674560070038,0.4110674560070038,2.6487772464752197,14.13674259185791,0.12291176617145538,16,3,2,0,3,1,1,0.3300744295120239,0.0,0,contra,0.15,-1,252,136,CORRECT,0,0,0,0,6,0,0.330074,0.0,answer,
margin,live-delta,4,0.0,0.545867,0.581322,0.387062,0.964844,0.334081,0.484081,0.04148721694946289,0.558095395565033,0.5166081786155701,2.4958598613739014,12.132161140441895,0.28264859318733215,20,3,3,1,3,1,1,0.2811450660228729,0.04148721694946289,1,contra,0.15,-1,253,123,CORRECT,0,0,0,0,8,0,0.281145,0.0,answer,
margin,live-delta,4,0.0,0.545867,0.581322,0.387062,0.964844,0.334081,0.484081,0.0,0.5217567086219788,0.5217567086219788,2.0319201946258545,7.628720760345459,0.2974565029144287,15,3,0,0,3,1,1,0.4763329029083252,0.0,0,contra,0.15,-1,254,138,CORRECT,0,0,0,0,6,0,0.476333,0.0,answer,
margin,live-delta,4,0.0,0.545867,0.581322,0.387062,0.964844,0.334081,0.484081,0.0,0.6134811043739319,0.6134811043739319,1.1250265836715698,3.080298662185669,0.3316325545310974,4,3,3,1,3,1,1,0.6632651090621948,0.0,0,contra,0.15,-1,255,122,CORRECT,0,0,0,0,2,0,0.663265,0.0,answer,
margin,live-delta,5,0.0,0.54887,0.581322,0.417468,0.941406,0.339008,0.489008,0.0,0.6283859610557556,0.6283859610557556,2.3869664669036865,10.880437850952148,0.16228550672531128,20,0,0,1,0,1,1,0.5985984802246094,0.0,0,contra,0.15,-1,0,1,CORRECT,0,0,0,0,11,0,0.598598,0.0,answer,
margin,live-delta,5,0.0,0.54887,0.581322,0.417468,0.941406,0.339008,0.489008,0.0,0.538063645362854,0.538063645362854,2.603024482727051,13.504520416259766,0.14030645787715912,20,0,1,0,0,1,1,0.6105970144271851,0.0,0,contra,0.15,-1,1,130,CORRECT,0,0,0,0,11,0,0.610597,0.0,answer,
margin,live-delta,5,0.0,0.54887,0.581322,0.417468,0.941406,0.339008,0.489008,0.0,0.6435017585754395,0.6435017585754395,2.6265485286712646,13.825967788696289,0.18452228605747223,20,0,2,0,2,0,1,0.6087259650230408,0.0,0,contra,0.15,-1,2,240,CONTRADICTORY_STRICT,1,1,0,0,13,0,0.59432,0.0,answer,
margin,live-delta,5,0.0,0.54887,0.581322,0.417468,0.941406,0.339008,0.489008,0.0,0.7017878293991089,0.7017878293991089,2.2813940048217773,9.790318489074707,0.24061281979084015,20,0,0,1,0,1,1,0.5694175958633423,0.0,0,contra,0.15,-1,3,11,CORRECT,0,0,0,0,11,0,0.569418,0.0,answer,
margin,live-delta,5,0.0,0.54887,0.581322,0.417468,0.941406,0.339008,0.489008,0.0,0.6306256651878357,0.6306256651878357,2.605320930480957,13.535568237304688,0.11590822041034698,20,0,2,0,0,1,1,0.5770388841629028,0.0,0,contra,0.15,-1,4,165,CORRECT,0,0,0,0,9,0,0.577039,0.0,answer,
margin,live-delta,5,0.0,0.54887,0.581322,0.417468,0.941406,0.339008,0.489008,0.0811147689819336,0.6353706121444702,0.5542558431625366,2.2071378231048584,9.089662551879883,0.4258514642715454,20,0,0,1,0,1,1,0.3241288363933563,0.0811147689819336,2,contra,0.15,-1,5,13,CORRECT,0,0,0,0,11,0,0.324129,0.0,answer,
margin,live-delta,5,0.0,0.54887,0.581322,0.417468,0.941406,0.339008,0.489008,0.0,0.6143373250961304,0.6143373250961304,2.678755283355713,14.566950798034668,0.15909163653850555,20,0,3,0,0,1,1,0.6262633800506592,0.0,0,contra,0.15,-1,6,173,CORRECT,0,0,0,0,12,0,0.626263,0.0,answer,
margin,live-delta,5,0.0,0.54887,0.581322,0.417468,0.941406,0.339008,0.489008,0.0,0.49529901146888733,0.49529901146888733,1.0986123085021973,3.0,0.3333333432674408,3,0,3,0,0,1,1,0.6666666865348816,0.0,0,contra,0.15,-1,7,232,CORRECT,0,0,0,0,2,0,0.666667,0.0,answer,
margin,live-delta,5,0.0,0.54887,0.581322,0.417468,0.941406,0.339008,0.489008,0.0,0.5491014122962952,0.5491014122962952,2.2828750610351562,9.804829597473145,0.2021426111459732,20,0,2,0,0,1,1,0.5347316265106201,0.0,0,contra,0.15,-1,8,149,CORRECT,0,0,0,0,10,0,0.534732,0.0,answer,
margin,live-delta,5,0.0,0.54887,0.581322,0.417468,0.941406,0.339008,0.489008,0.0,0.6821415424346924,0.6821415424346924,1.9064017534255981,6.728833198547363,0.2664327323436737,20,0,0,1,0,1,1,0.6133410930633545,0.0,0,contra,0.15,-1,9,12,CORRECT,0,0,0,0,11,0,0.613341,0.0,answer,
margin,live-delta,5,0.0,0.54887,0.581322,0.417468,0.941406,0.339008,0.489008,0.0325850248336792,0.5376240611076355,0.5050390362739563,2.685107469558716,14.65977668762207,0.2089119702577591,20,0,0,1,0,1,1,0.40768787264823914,0.06134516000747681,2,contra,0.15,-1,10,26,CORRECT,0,0,0,0,9,0,0.407688,0.0,answer,
margin,live-delta,5,0.0,0.54887,0.581322,0.417468,0.941406,0.339008,0.489008,0.0,0.5394497513771057,0.5394497513771057,2.656675338745117,14.2488374710083,0.15123428404331207,20,0,0,1,0,1,1,0.5958878993988037,0.0,0,contra,0.15,-1,11,24,CORRECT,0,0,0,0,11,0,0.56113,0.0,answer,
margin,live-delta,5,0.0,0.54887,0.581322,0.417468,0.941406,0.339008,0.489008,0.0,0.6589005589485168,0.6589005589485168,2.6302757263183594,13.877595901489258,0.1112365573644638,20,0,1,0,0,1,1,0.5847655534744263,0.0,0,contra,0.15,-1,12,130,CORRECT,0,0,0,0,11,0,0.584766,0.0,answer,
margin,live-delta,5,0.0,0.54887,0.581322,0.417468,0.941406,0.339008,0.489008,0.004485130310058594,0.6025277972221375,0.5980426669120789,2.393162727355957,10.948064804077148,0.25227174162864685,20,0,0,1,0,1,1,0.2660187780857086,0.08127981424331665,2,contra,0.15,-1,13,28,CORRECT,0,0,0,0,11,0,0.266019,0.0,answer,
margin,live-delta,5,0.0,0.54887,0.581322,0.417468,0.941406,0.339008,0.489008,0.0068146586418151855,0.6395174860954285,0.6327028274536133,2.3709115982055664,10.707148551940918,0.1649589240550995,20,0,0,1,0,1,1,0.4919581115245819,0.0068146586418151855,0,contra,0.15,-1,14,26,CORRECT,0,0,0,0,10,0,0.491958,0.0,answer,
margin,live-delta,5,0.0,0.54887,0.581322,0.417468,0.941406,0.339008,0.489008,0.0438503623008728,0.664881706237793,0.6210313439369202,2.492506742477417,12.091548919677734,0.2725891172885895,20,0,0,1,0,1,1,0.3705788552761078,0.0438503623008728,1,contra,0.15,-1,15,13,CORRECT,0,0,0,0,9,0,0.370579,0.0,answer,
margin,live-delta,5,0.0,0.54887,0.581322,0.417468,0.941406,0.339008,0.489008,0.0,0.5671543478965759,0.5671543478965759,2.900754451751709,18.187862396240234,0.08067528903484344,20,0,3,0,0,1,1,0.5164738297462463,0.0,0,contra,0.15,-1,16,222,CORRECT,0,0,0,0,10,0,0.516474,0.0,answer,
margin,live-delta,5,0.0,0.54887,0.581322,0.417468,0.941406,0.339008,0.489008,0.0,0.6850572228431702,0.6850572228431702,2.699889659881592,14.878089904785156,0.1250276267528534,20,0,2,0,0,1,1,0.6460438966751099,0.0,0,contra,0.15,-1,17,223,CORRECT,0,0,0,0,12,0,0.646044,0.0,answer,
margin,live-delta,5,0.0,0.54887,0.581322,0.417468,0.941406,0.339008,0.489008,0.0,0.7553185224533081,0.7553185224533081,1.7903341054916382,5.991454124450684,0.279513418674469,20,0,2,0,0,1,1,0.6527881026268005,0.0,0,contra,0.15,-1,18,223,CORRECT,0,0,0,0,12,0,0.652788,0.0,answer,
margin,live-delta,5,0.0,0.54887,0.581322,0.417468,0.941406,0.339008,0.489008,0.0,0.7999752163887024,0.7999752163887024,1.4148473739624023,4.11585807800293,0.31426525115966797,20,0,2,0,0,1,1,0.6652384996414185,0.0,0,contra,0.15,-1,19,223,CORRECT,0,0,0,0,13,0,0.665238,0.0,answer,
margin,live-delta,5,0.0,0.54887,0.581322,0.417468,0.941406,0.339008,0.489008,0.0,0.6305544376373291,0.6305544376373291,2.8124701976776123,16.650999069213867,0.1099328026175499,20,0,0,1,0,1,1,0.4713912904262543,0.0,0,contra,0.15,-1,20,0,CORRECT,0,0,0,0,11,0,0.471391,0.0,answer,
margin,live-delta,5,0.0,0.54887,0.581322,0.417468,0.941406,0.339008,0.489008,0.01732957363128662,0.7488837242126465,0.7315541505813599,1.7243260145187378,5.608739376068115,0.2927703261375427,20,0,0,1,0,1,1,0.4406836926937103,0.01732957363128662,0,contra,0.15,-1,21,25,CORRECT,0,0,0,0,9,0,0.440684,0.0,answer,
margin,live-delta,5,0.0,0.54887,0.581322,0.417468,0.941406,0.339008,0.489008,0.0,0.697776734828949,0.697776734828949,2.285416841506958,9.829782485961914,0.1808757483959198,20,0,0,1,0,1,1,0.6052871942520142,0.0,0,contra,0.15,-1,22,1,CORRECT,0,0,0,0,11,0,0.605287,0.0,answer,
margin,live-delta,5,0.0,0.54887,0.581322,0.417468,0.941406,0.339008,0.489008,0.0,0.6982559561729431,0.6982559561729431,2.3655543327331543,10.649940490722656,0.2001718431711197,20,0,2,0,0,1,1,0.6121224164962769,0.0,0,contra,0.15,-1,23,163,CORRECT,0,0,0,0,11,0,0.612122,0.0,answer,
margin,live-delta,5,0.0,0.54887,0.581322,0.417468,0.941406,0.339008,0.489008,0.0,0.550545334815979,0.550545334815979,1.503679633140564,4.498210430145264,0.37714481353759766,11,0,2,0,2,0,1,0.9537547826766968,-0.11566036939620972,0,contra,0.15,-1,24,134,CONTRADICTORY_STRICT,1,1,0,0,6,0,0.490007,0.0,answer,
margin,live-delta,5,0.0,0.54887,0.581322,0.417468,0.941406,0.339008,0.489008,0.0,0.6313489079475403,0.6313489079475403,2.7377936840057373,15.452853202819824,0.13048683106899261,20,0,3,0,0,1,1,0.578459620475769,0.0,0,contra,0.15,-1,25,186,CORRECT,0,0,0,0,11,0,0.57846,0.0,answer,
margin,live-delta,5,0.0,0.54887,0.581322,0.417468,0.941406,0.339008,0.489008,0.0,0.5523542165756226,0.5523542165756226,2.6032633781433105,13.507746696472168,0.15570363402366638,20,0,0,1,0,1,1,0.5816645622253418,0.0,0,contra,0.15,-1,26,27,CORRECT,0,0,0,0,11,0,0.581665,0.0,answer,
margin,live-delta,5,0.0,0.54887,0.581322,0.417468,0.941406,0.339008,0.489008,0.0,0.6731027364730835,0.6731027364730835,2.414853572845459,11.188132286071777,0.17656250298023224,20,0,1,0,0,1,1,0.6670384407043457,0.0,0,contra,0.15,-1,27,210,CORRECT,0,0,0,0,12,0,0.655375,0.0,answer,
margin,live-delta,5,0.0,0.54887,0.581322,0.417468,0.941406,0.339008,0.489008,0.0,0.4923955500125885,0.4923955500125885,1.9741995334625244,7.20085334777832,0.23303210735321045,10,0,1,0,2,0,1,0.7684831619262695,-0.03371754288673401,0,contra,0.15,-1,28,33,CONTRADICTORY_LENIENT,0,1,0,0,5,0,0.51019,0.0,answer,
margin,live-delta,5,0.0,0.54887,0.581322,0.417468,0.941406,0.339008,0.489008,0.0004004240036010742,0.529884934425354,0.5294845104217529,2.7542896270751953,15.709877014160156,0.15412941575050354,20,0,0,1,0,1,1,0.38787364959716797,0.03374066948890686,1,contra,0.15,-1,29,13,CORRECT,0,0,0,0,9,0,0.365111,0.0,answer,
margin,live-delta,5,0.0,0.54887,0.581322,0.417468,0.941406,0.339008,0.489008,0.0,0.6916114091873169,0.6916114091873169,2.4469919204711914,11.553540229797363,0.2129540592432022,20,0,0,1,0,1,1,0.5787749290466309,0.0,0,contra,0.15,-1,30,11,CORRECT,0,0,0,0,12,0,0.578775,0.0,answer,
margin,live-delta,5,0.0,0.54887,0.581322,0.417468,0.941406,0.339008,0.489008,0.0,0.5836500525474548,0.5836500525474548,2.739415168762207,15.477930068969727,0.1291729211807251,20,0,0,1,0,1,1,0.5145049095153809,0.0,0,contra,0.15,-1,31,11,CORRECT,0,0,0,0,10,0,0.514505,0.0,answer,
margin,live-delta,5,0.0,0.54887,0.581322,0.417468,0.941406,0.339008,0.489008,0.0,0.4375622570514679,0.4375622570514679,1.940097451210022,6.9594292640686035,0.1830195188522339,8,0,2,0,0,1,1,0.6348048448562622,0.0,0,contra,0.15,-1,32,165,CORRECT,0,0,0,0,4,0,0.500422,0.0,answer,
margin,live-delta,5,0.0,0.54887,0.581322,0.417468,0.941406,0.339008,0.489008,0.0,0.6656931638717651,0.6656931638717651,2.5135345458984375,12.348499298095703,0.1499408632516861,20,0,1,0,0,1,1,0.5936213731765747,0.0,0,contra,0.15,-1,33,130,CORRECT,0,0,0,0,11,0,0.593621,0.0,answer,
margin,live-delta,5,0.0,0.54887,0.581322,0.417468,0.941406,0.339008,0.489008,0.0,0.6726762056350708,0.6726762056350708,2.321228504180908,10.188182830810547,0.18718764185905457,20,0,0,1,0,1,1,0.6025316119194031,0.0,0,contra,0.15,-1,34,1,CORRECT,0,0,0,0,11,0,0.602532,0.0,answer,
margin,live-delta,5,0.0,0.54887,0.581322,0.417468,0.941406,0.339008,0.489008,0.06339681148529053,0.6739566326141357,0.6105598211288452,1.8811392784118652,6.560975551605225,0.5020106434822083,20,0,0,1,0,1,1,0.20672394335269928,0.10474848747253418,2,contra,0.15,-1,35,28,CORRECT,0,0,0,0,10,0,0.206724,0.0,answer,
margin,live-delta,5,0.0,0.54887,0.581322,0.417468,0.941406,0.339008,0.489008,0.0,0.6948245763778687,0.6948245763778687,2.217362642288208,9.183079719543457,0.21949177980422974,20,0,2,0,0,1,1,0.5884443521499634,0.0,0,contra,0.15,-1,36,149,CORRECT,0,0,0,0,10,0,0.588444,0.0,answer,
margin,live-delta,5,0.0,0.54887,0.581322,0.417468,0.941406,0.339008,0.489008,0.016531944274902344,0.5996270775794983,0.583095133304596,2.6724202632904053,14.474960327148438,0.16114531457424164,20,0,0,1,0,1,1,0.5133156180381775,0.016531944274902344,0,contra,0.15,-1,37,26,CORRECT,0,0,0,0,10,0,0.513316,0.0,answer,
margin,live-delta,5,0.0,0.54887,0.581322,0.417468,0.941406,0.339008,0.489008,0.01701536774635315,0.5104827880859375,0.49346742033958435,2.9746575355529785,19.582916259765625,0.08454481512308121,20,0,0,1,0,1,1,0.5354220271110535,0.01701536774635315,0,contra,0.15,-1,38,28,CORRECT,0,0,0,0,11,0,0.535422,0.0,answer,
margin,live-delta,5,0.0,0.54887,0.581322,0.417468,0.941406,0.339008,0.489008,0.0,0.7156831622123718,0.7156831622123718,2.3999016284942627,11.02209186553955,0.25088050961494446,20,0,0,1,0,1,1,0.5608599185943604,0.0,0,contra,0.15,-1,39,11,CORRECT,0,0,0,0,12,0,0.56086,0.0,answer,
margin,live-delta,5,0.0,0.54887,0.581322,0.417468,0.941406,0.339008,0.489008,0.0,0.5193359851837158,0.5193359851837158,2.651137113571167,14.17014217376709,0.1628803014755249,20,0,3,0,0,1,1,0.48844194412231445,0.0,0,contra,0.15,-1,40,227,CORRECT,0,0,0,0,11,0,0.488442,0.0,answer,
margin,live-delta,5,0.0,0.54887,0.581322,0.417468,0.941406,0.339008,0.489008,1.1920928955078125e-07,0.5956895351409912,0.5956894159317017,2.71209979057312,15.060867309570312,0.11889077723026276,20,0,0,1,0,1,1,0.5928772687911987,1.1920928955078125e-07,0,contra,0.15,-1,41,9,CORRECT,0,0,0,0,11,0,0.592877,0.0,answer,
margin,live-delta,5,0.0,0.54887,0.581322,0.417468,0.941406,0.339008,0.489008,0.0,0.5080372095108032,0.5080372095108032,1.453902244567871,4.279782772064209,0.24526698887348175,5,0,1,0,0,1,1,0.4905339777469635,0.0,0,contra,0.15,-1,42,234,CORRECT,0,0,0,0,2,0,0.490534,0.0,answer,
margin,live-delta,5,0.0,0.54887,0.581322,0.417468,0.941406,0.339008,0.489008,0.016822755336761475,0.3427862524986267,0.32596349716186523,-0.0,1.0,1.0,1,0,0,1,0,1,0,0.0,0.016822755336761475,0,contra,0.15,-1,43,6,CORRECT,0,0,0,0,0,0,0.0,0.0,answer,
margin,live-delta,5,0.0,0.54887,0.581322,0.417468,0.941406,0.339008,0.489008,0.029343366622924805,0.5180602669715881,0.48871690034866333,2.3833329677581787,10.840975761413574,0.28256064653396606,20,0,0,1,0,1,1,0.5536304712295532,0.029343366622924805,1,contra,0.15,-1,44,6,CORRECT,0,0,0,0,10,0,0.374336,0.0,answer,
margin,live-delta,5,0.0,0.54887,0.581322,0.417468,0.941406,0.339008,0.489008,0.0,0.7220957279205322,0.7220957279205322,1.6515212059020996,5.214906692504883,0.2917909324169159,20,0,2,0,0,1,1,0.6501719951629639,0.0,0,contra,0.15,-1,45,223,CORRECT,0,0,0,0,11,0,0.650172,0.0,answer,
margin,live-delta,5,0.0,0.54887,0.581322,0.417468,0.941406,0.339008,0.489008,0.0,0.5576402544975281,0.5576402544975281,2.872906446456909,17.6883544921875,0.09298339486122131,20,0,0,1,0,1,1,0.45371124148368835,0.0,0,contra,0.15,-1,46,0,CORRECT,0,0,0,0,10,0,0.453711,0.0,answer,
margin,live-delta,5,0.0,0.54887,0.581322,0.417468,0.941406,0.339008,0.489008,0.0,0.706577718257904,0.706577718257904,2.4070043563842773,11.10065746307373,0.20533113181591034,20,0,0,1,0,1,1,0.5728732347488403,0.0,0,contra,0.15,-1,47,11,CORRECT,0,0,0,0,11,0,0.572873,0.0,answer,
margin,live-delta,5,0.0,0.54887,0.581322,0.417468,0.941406,0.339008,0.489008,0.0,0.4656926989555359,0.4656926989555359,2.835174798965454,17.033376693725586,0.09923558682203293,20,0,2,0,0,1,1,0.6160570979118347,0.0,0,contra,0.15,-1,48,230,CORRECT,0,0,0,0,12,0,0.616057,0.0,answer,
margin,live-delta,5,0.0,0.54887,0.581322,0.417468,0.941406,0.339008,0.489008,0.0,0.6174630522727966,0.6174630522727966,2.92824649810791,18.694820404052734,0.07909978181123734,20,0,3,0,0,1,1,0.5799514651298523,0.0,0,contra,0.15,-1,49,227,CORRECT,0,0,0,0,11,0,0.579951,0.0,answer,
margin,live-delta,5,0.0,0.54887,0.581322,0.417468,0.941406,0.339008,0.489008,0.0,0.631973922252655,0.631973922252655,2.792020082473755,16.313941955566406,0.13364383578300476,20,0,2,0,0,1,1,0.5188513994216919,0.0,0,contra,0.15,-1,50,195,CORRECT,0,0,0,0,12,0,0.518851,0.0,answer,
margin,live-delta,5,0.0,0.54887,0.581322,0.417468,0.941406,0.339008,0.489008,0.0,0.6099201440811157,0.6099201440811157,2.5998055934906006,13.46112060546875,0.15663522481918335,20,0,0,1,0,1,1,0.6219242215156555,0.0,0,contra,0.15,-1,51,30,CORRECT,0,0,0,0,11,0,0.600735,0.0,answer,
margin,live-delta,5,0.0,0.54887,0.581322,0.417468,0.941406,0.339008,0.489008,0.0,0.6817590594291687,0.6817590594291687,2.425889492034912,11.312287330627441,0.19170616567134857,20,0,0,1,0,1,1,0.6270047426223755,0.0,0,contra,0.15,-1,52,30,CORRECT,0,0,0,0,12,0,0.627005,0.0,answer,
margin,live-delta,5,0.0,0.54887,0.581322,0.417468,0.941406,0.339008,0.489008,0.0,0.6125666499137878,0.6125666499137878,2.756016969680786,15.73703670501709,0.12746025621891022,20,0,3,0,0,1,1,0.595352828502655,0.0,0,contra,0.15,-1,53,232,CORRECT,0,0,0,0,11,0,0.595353,0.0,answer,
margin,live-delta,5,0.0,0.54887,0.581322,0.417468,0.941406,0.339008,0.489008,0.0,0.6817615628242493,0.6817615628242493,2.3097496032714844,10.07190227508545,0.19458810985088348,20,0,2,0,0,1,1,0.6325679421424866,0.0,0,contra,0.15,-1,54,230,CORRECT,0,0,0,0,12,0,0.632568,0.0,answer,
margin,live-delta,5,0.0,0.54887,0.581322,0.417468,0.941406,0.339008,0.489008,0.0,0.7112128734588623,0.7112128734588623,1.944644808769226,6.991147994995117,0.26532310247421265,20,0,3,0,0,1,1,0.6533818244934082,0.0,0,contra,0.15,-1,55,186,CORRECT,0,0,0,0,12,0,0.653382,0.0,answer,
margin,live-delta,5,0.0,0.54887,0.581322,0.417468,0.941406,0.339008,0.489008,0.0,0.5435279607772827,0.5435279607772827,2.598972797393799,13.449914932250977,0.1632365584373474,20,0,0,1,0,1,1,0.5937143564224243,0.0,0,contra,0.15,-1,56,1,CORRECT,0,0,0,0,11,0,0.593714,0.0,answer,
margin,live-delta,5,0.0,0.54887,0.581322,0.417468,0.941406,0.339008,0.489008,0.011501491069793701,0.5289517045021057,0.517450213432312,2.945075035095215,19.012088775634766,0.08433452993631363,20,0,0,1,0,1,1,0.5550321936607361,0.011501491069793701,0,contra,0.15,-1,57,28,CORRECT,0,0,0,0,11,0,0.555032,0.0,answer,
margin,live-delta,5,0.0,0.54887,0.581322,0.417468,0.941406,0.339008,0.489008,0.02749544382095337,0.5211616158485413,0.4936661720275879,2.795039653778076,16.363277435302734,0.13076457381248474,20,0,0,1,0,1,1,0.5324039459228516,0.02749544382095337,1,contra,0.15,-1,58,28,CORRECT,0,0,0,0,11,0,0.507385,0.0,answer,
margin,live-delta,5,0.0,0.54887,0.581322,0.417468,0.941406,0.339008,0.489008,0.0,0.7100707292556763,0.7100707292556763,2.3678016662597656,10.673901557922363,0.2215082347393036,20,0,2,0,0,1,1,0.5754984617233276,0.0,0,contra,0.15,-1,59,195,CORRECT,0,0,0,0,11,0,0.575498,0.0,answer,
margin,live-delta,5,0.0,0.54887,0.581322,0.417468,0.941406,0.339008,0.489008,0.0,0.4191456735134125,0.4191456735134125,2.933969497680664,18.8021183013916,0.08118557184934616,20,0,1,0,0,1,1,0.6062303185462952,0.0,0,contra,0.15,-1,60,201,CORRECT,0,0,0,0,12,0,0.60623,0.0,answer,
margin,live-delta,5,0.0,0.54887,0.581322,0.417468,0.941406,0.339008,0.489008,0.0009667277336120605,0.7287241816520691,0.727757453918457,1.99976646900177,7.387330532073975,0.1949230432510376,20,0,0,1,0,1,1,0.4527992308139801,0.0009667277336120605,0,contra,0.15,-1,61,25,CORRECT,0,0,0,0,9,0,0.452799,0.0,answer,
margin,live-delta,5,0.0,0.54887,0.581322,0.417468,0.941406,0.339008,0.489008,0.0,0.5500202775001526,0.5500202775001526,2.610135078430176,13.6008882522583,0.1590593457221985,20,0,1,0,0,1,1,0.6196587085723877,0.0,0,contra,0.15,-1,62,210,CORRECT,0,0,0,0,12,0,0.619659,0.0,answer,
margin,live-delta,5,0.0,0.54887,0.581322,0.417468,0.941406,0.339008,0.489008,0.0,0.7022755146026611,0.7022755146026611,2.1458206176757812,8.549054145812988,0.23664823174476624,20,0,0,1,0,1,1,0.6359434723854065,0.0,0,contra,0.15,-1,63,22,CORRECT,0,0,0,0,11,0,0.635943,0.0,answer,
margin,live-delta,5,0.0,0.54887,0.581322,0.417468,0.941406,0.339008,0.489008,0.0138663649559021,0.6372043490409851,0.623337984085083,2.520437479019165,12.434035301208496,0.1993032991886139,20,1,1,1,1,1,1,0.2823031544685364,0.026260793209075928,1,contra,0.15,-1,64,60,CORRECT,0,0,0,0,8,0,0.282303,0.0,answer,
margin,live-delta,5,0.0,0.54887,0.581322,0.417468,0.941406,0.339008,0.489008,0.0,0.7194734811782837,0.7194734811782837,2.250054121017456,9.488249778747559,0.17947684228420258,20,1,1,1,1,1,1,0.5211994647979736,0.0,0,contra,0.15,-1,65,49,CORRECT,0,0,0,0,10,0,0.521199,0.0,answer,
margin,live-delta,5,0.0,0.54887,0.581322,0.417468,0.941406,0.339008,0.489008,0.27114012837409973,0.7173919677734375,0.44625183939933777,0.12672483921051025,1.1351046562194824,0.9825467467308044,13,1,1,1,1,1,0,0.002805737778544426,0.3182004690170288,2,contra,0.15,-1,66,54,CORRECT,0,0,0,0,3,0,0.002806,0.0,answer,
margin,live-delta,5,0.0,0.54887,0.581322,0.417468,0.941406,0.339008,0.489008,0.0425182580947876,0.6012977957725525,0.5587795376777649,2.652433395385742,14.188523292541504,0.19179321825504303,20,1,1,1,1,1,1,0.26910290122032166,0.04275411367416382,1,contra,0.15,-1,67,42,CORRECT,0,0,0,0,7,0,0.269103,0.0,answer,
margin,live-delta,5,0.0,0.54887,0.581322,0.417468,0.941406,0.339008,0.489008,0.17981696128845215,0.6864583492279053,0.5066413879394531,0.7551748156547546,2.127983570098877,0.8602735996246338,20,1,1,1,1,1,0,0.0686437338590622,0.17981696128845215,2,contra,0.15,-1,68,57,CORRECT,0,0,0,0,8,0,0.068644,0.0,answer,
margin,live-delta,5,0.0,0.54887,0.581322,0.417468,0.941406,0.339008,0.489008,0.026864051818847656,0.5847336053848267,0.557869553565979,2.703336715698242,14.929464340209961,0.21611563861370087,20,1,1,1,1,1,1,0.37188923358917236,0.05837792158126831,2,contra,0.15,-1,69,52,CORRECT,0,0,0,0,9,0,0.371889,0.0,answer,
margin,live-delta,5,0.0,0.54887,0.581322,0.417468,0.941406,0.339008,0.489008,0.08957564830780029,0.6409651637077332,0.5513895153999329,1.4869186878204346,4.4234442710876465,0.6275728940963745,20,1,1,1,1,1,1,0.1639678180217743,0.08957564830780029,2,contra,0.15,-1,70,57,CORRECT,0,0,0,0,8,0,0.163968,0.0,answer,
margin,live-delta,5,0.0,0.54887,0.581322,0.417468,0.941406,0.339008,0.489008,0.0,0.5237218141555786,0.5237218141555786,2.3599321842193604,10.590232849121094,0.16870522499084473,20,1,1,1,1,1,1,0.4993850290775299,0.0,0,contra,0.15,-1,71,49,CORRECT,0,0,0,0,9,0,0.457739,0.0,answer,
margin,live-delta,5,0.0,0.54887,0.581322,0.417468,0.941406,0.339008,0.489008,0.028354346752166748,0.7925995588302612,0.7642452120780945,0.9717782735824585,2.642639636993408,0.5927549004554749,14,1,1,1,1,1,0,0.009727182798087597,0.21448761224746704,2,contra,0.15,-1,72,40,CORRECT,0,0,0,0,2,0,0.009727,0.0,answer,
margin,live-delta,5,0.0,0.54887,0.581322,0.417468,0.941406,0.339008,0.489008,0.03947728872299194,0.4474477767944336,0.40797048807144165,2.621363878250122,13.754469871520996,0.1916498988866806,16,1,1,1,1,1,1,0.46237385272979736,0.03947728872299194,1,contra,0.15,-1,73,35,CORRECT,0,0,0,0,6,0,0.337316,0.0,answer,
margin,live-delta,5,0.0,0.54887,0.581322,0.417468,0.941406,0.339008,0.489008,0.019095420837402344,0.6300061345100403,0.6109107136726379,1.4251580238342285,4.158514976501465,0.4484740197658539,13,1,1,1,1,1,1,0.10762271285057068,0.0760849118232727,2,contra,0.15,-1,74,32,CORRECT,0,0,0,0,3,0,0.107623,0.0,answer,
margin,live-delta,5,0.0,0.54887,0.581322,0.417468,0.941406,0.339008,0.489008,0.0,0.6517993807792664,0.6517993807792664,2.2689566612243652,9.669306755065918,0.22124747931957245,20,1,1,1,1,1,1,0.40954679250717163,0.0,0,contra,0.15,-1,75,48,CORRECT,0,0,0,0,8,0,0.409547,0.0,answer,
margin,live-delta,5,0.0,0.54887,0.581322,0.417468,0.941406,0.339008,0.489008,0.006723284721374512,0.5870903134346008,0.5803670287132263,2.5345051288604736,12.610188484191895,0.22230325639247894,20,1,1,1,1,1,1,0.21552734076976776,0.059445738792419434,2,contra,0.15,-1,76,35,CORRECT,0,0,0,0,7,0,0.215527,0.0,answer,
margin,live-delta,5,0.0,0.54887,0.581322,0.417468,0.941406,0.339008,0.489008,0.011500447988510132,0.4391583800315857,0.42765793204307556,2.537419080734253,12.646987915039062,0.17235416173934937,16,1,1,1,1,1,1,0.36275947093963623,0.027290940284729004,1,contra,0.15,-1,77,58,CORRECT,0,0,0,0,8,0,0.362759,0.0,answer,
margin,live-delta,5,0.0,0.54887,0.581322,0.417468,0.941406,0.339008,0.489008,0.0,0.4854973554611206,0.4854973554611206,2.372954845428467,10.729047775268555,0.2284148931503296,17,1,1,1,1,1,1,0.32969602942466736,0.0,0,contra,0.15,-1,78,37,CORRECT,0,0,0,0,5,0,0.317108,0.0,answer,
margin,live-delta,5,0.0,0.54887,0.581322,0.417468,0.941406,0.339008,0.489008,0.0,0.43584972620010376,0.43584972620010376,2.2609152793884277,9.591864585876465,0.1812705248594284,12,1,1,1,1,1,1,0.28827184438705444,0.0,0,contra,0.15,-1,79,55,CORRECT,0,0,0,0,3,0,0.261285,0.0,answer,
margin,live-delta,5,0.0,0.54887,0.581322,0.417468,0.941406,0.339008,0.489008,0.0,0.580012857913971,0.580012857913971,2.26485538482666,9.629732131958008,0.26025041937828064,20,1,2,0,0,0,1,0.930088222026825,-0.1121707558631897,0,contra,0.15,-1,80,224,CONTRADICTORY_STRICT,1,1,0,0,9,0,0.491819,0.0,answer,
margin,live-delta,5,0.0,0.54887,0.581322,0.417468,0.941406,0.339008,0.489008,0.0,0.6887730360031128,0.6887730360031128,1.5205652713775635,4.57481050491333,0.3550005555152893,13,1,2,0,1,1,1,0.360838383436203,0.0,0,contra,0.15,-1,81,139,CORRECT,0,0,0,0,3,0,0.360838,0.0,answer,
margin,live-delta,5,0.0,0.54887,0.581322,0.417468,0.941406,0.339008,0.489008,0.06465297937393188,0.675824761390686,0.6111717820167542,1.89517080783844,6.653684616088867,0.475275456905365,20,1,1,1,1,1,1,0.1747649908065796,0.06465297937393188,2,contra,0.15,-1,82,61,CORRECT,0,0,0,0,6,0,0.174765,0.0,answer,
margin,live-delta,5,0.0,0.54887,0.581322,0.417468,0.941406,0.339008,0.489008,0.062261730432510376,0.522896409034729,0.46063467860221863,1.7328276634216309,5.656626224517822,0.5402666330337524,15,1,1,1,1,1,0,0.07666385918855667,0.15939843654632568,2,contra,0.15,-1,83,42,CORRECT,0,0,0,0,4,0,0.076664,0.0,answer,
margin,live-delta,5,0.0,0.54887,0.581322,0.417468,0.941406,0.339008,0.489008,0.007027864456176758,0.595234215259552,0.5882063508033752,2.4597339630126953,11.701698303222656,0.1420573890209198,20,1,1,1,1,1,1,0.5491198301315308,0.007027864456176758,0,contra,0.15,-1,84,52,CORRECT,0,0,0,0,10,0,0.54912,0.0,answer,
margin,live-delta,5,0.0,0.54887,0.581322,0.417468,0.941406,0.339008,0.489008,0.002056121826171875,0.5324323177337646,0.5303761959075928,2.7784526348114014,16.094099044799805,0.14517618715763092,20,1,1,1,1,1,1,0.41555291414260864,0.0394936203956604,1,contra,0.15,-1,85,41,CORRECT,0,0,0,0,9,0,0.340694,0.0,answer,
margin,live-delta,5,0.0,0.54887,0.581322,0.417468,0.941406,0.339008,0.489008,0.014487206935882568,0.4904897212982178,0.4760025143623352,2.3912172317504883,10.926786422729492,0.19960345327854156,15,1,0,0,0,0,1,0.6326972246170044,-0.023021996021270752,0,contra,0.15,-1,86,25,CONTRADICTORY_LENIENT,0,1,0,0,4,0,0.209085,0.0,answer,
margin,live-delta,5,0.0,0.54887,0.581322,0.417468,0.941406,0.339008,0.489008,0.0,0.8589409589767456,0.8589409589767456,0.7503418922424316,2.1177239418029785,0.49634453654289246,20,1,1,1,1,1,1,0.500147819519043,0.0,0,contra,0.15,-1,87,43,CORRECT,0,0,0,0,9,0,0.499702,0.0,answer,
margin,live-delta,5,0.0,0.54887,0.581322,0.417468,0.941406,0.339008,0.489008,0.023692190647125244,0.6738309860229492,0.650138795375824,1.3884077072143555,4.008462429046631,0.47963038086891174,20,1,1,1,1,1,0,0.024541858583688736,0.18954646587371826,2,contra,0.15,-1,88,61,CORRECT,0,0,0,0,5,0,0.024542,0.0,answer,
margin,live-delta,5,0.0,0.54887,0.581322,0.417468,0.941406,0.339008,0.489008,0.01702946424484253,0.6745926737785339,0.6575632095336914,1.9527606964111328,7.048118591308594,0.31385669112205505,18,1,1,1,1,1,1,0.1290132999420166,0.06441539525985718,2,contra,0.15,-1,89,39,CORRECT,0,0,0,0,4,0,0.129013,0.0,answer,
margin,live-delta,5,0.0,0.54887,0.581322,0.417468,0.941406,0.339008,0.489008,0.005663156509399414,0.6045350432395935,0.5988718867301941,2.3223717212677,10.199836730957031,0.21678301692008972,20,1,1,1,1,1,1,0.17435725033283234,0.042933523654937744,1,contra,0.15,-1,90,39,CORRECT,0,0,0,0,6,0,0.174357,0.0,answer,
margin,live-delta,5,0.0,0.54887,0.581322,0.417468,0.941406,0.339008,0.489008,0.0,0.5371400713920593,0.5371400713920593,2.8124687671661377,16.65097427368164,0.09102422744035721,20,1,3,0,1,1,1,0.5738276839256287,0.0,0,contra,0.15,-1,91,161,CORRECT,0,0,0,0,9,0,0.508201,0.0,answer,
margin,live-delta,5,0.0,0.54887,0.581322,0.417468,0.941406,0.339008,0.489008,0.08484706282615662,0.46731051802635193,0.3824634552001953,1.4047884941101074,4.074665069580078,0.5517024993896484,6,1,1,1,1,1,1,0.10109569877386093,0.08484706282615662,2,contra,0.15,-1,92,40,CORRECT,0,0,0,0,1,0,0.101096,0.0,answer,
margin,live-delta,5,0.0,0.54887,0.581322,0.417468,0.941406,0.339008,0.489008,0.03696244955062866,0.5619375705718994,0.5249751210212708,2.431518077850342,11.376138687133789,0.2866831123828888,20,1,1,1,1,1,1,0.20908910036087036,0.03696244955062866,1,contra,0.15,-1,93,57,CORRECT,0,0,0,0,5,0,0.209089,0.0,answer,
margin,live-delta,5,0.0,0.54887,0.581322,0.417468,0.941406,0.339008,0.489008,0.001346588134765625,0.6266343593597412,0.6252877712249756,2.2164857387542725,9.175030708312988,0.2230687141418457,20,1,1,1,1,1,1,0.1831650286912918,0.025648117065429688,1,contra,0.15,-1,94,61,CORRECT,0,0,0,0,7,0,0.183165,0.0,answer,
margin,live-delta,5,0.0,0.54887,0.581322,0.417468,0.941406,0.339008,0.489008,0.08536475896835327,0.604717493057251,0.5193527340888977,1.8171793222427368,6.154474258422852,0.5358669757843018,20,1,1,1,1,1,1,0.20445789396762848,0.08536475896835327,2,contra,0.15,-1,95,41,CORRECT,0,0,0,0,8,0,0.204458,0.0,answer,
margin,live-delta,5,0.0,0.54887,0.581322,0.417468,0.941406,0.339008,0.489008,0.005658745765686035,0.6051054000854492,0.5994466543197632,2.377708673477173,10.780173301696777,0.18117953836917877,20,1,1,1,1,1,1,0.26349812746047974,0.005658745765686035,0,contra,0.15,-1,96,54,CORRECT,0,0,0,0,4,0,0.263498,0.0,answer,
margin,live-delta,5,0.0,0.54887,0.581322,0.417468,0.941406,0.339008,0.489008,0.06105303764343262,0.7184756994247437,0.657422661781311,1.1901918649673462,3.2877118587493896,0.6506827473640442,16,1,1,1,1,1,0,0.04060298949480057,0.1536245346069336,2,contra,0.15,-1,97,40,CORRECT,0,0,0,0,3,0,0.040603,0.0,answer,
margin,live-delta,5,0.0,0.54887,0.581322,0.417468,0.941406,0.339008,0.489008,0.0,0.582595705986023,0.582595705986023,1.978385090827942,7.231056213378906,0.2065483182668686,18,1,2,0,1,1,1,0.5136139988899231,0.0,0,contra,0.15,-1,98,140,CORRECT,0,0,0,0,9,0,0.513614,0.0,answer,
margin,live-delta,5,0.0,0.54887,0.581322,0.417468,0.941406,0.339008,0.489008,0.28284549713134766,0.7437992691993713,0.4609537720680237,0.12832306325435638,1.1369202136993408,0.9822410941123962,14,1,1,1,1,1,0,0.008814635686576366,0.28284549713134766,2,contra,0.15,-1,99,41,CORRECT,0,0,0,0,6,0,0.008815,0.0,answer,
margin,live-delta,5,0.0,0.54887,0.581322,0.417468,0.941406,0.339008,0.489008,0.008107364177703857,0.5988268256187439,0.59071946144104,1.9372280836105347,6.939488410949707,0.21024124324321747,20,1,1,1,1,1,1,0.40361055731773376,0.008107364177703857,0,contra,0.15,-1,100,61,CORRECT,0,0,0,0,10,0,0.403611,0.0,answer,
margin,live-delta,5,0.0,0.54887,0.581322,0.417468,0.941406,0.339008,0.489008,0.018241524696350098,0.48883119225502014,0.47058966755867004,2.4845383167266846,11.995580673217773,0.22222664952278137,20,1,3,0,3,0,1,0.8964511156082153,-0.08488726615905762,0,contra,0.15,-1,101,123,CONTRADICTORY_LENIENT,0,1,0,0,9,0,0.31655,0.0,answer,
margin,live-delta,5,0.0,0.54887,0.581322,0.417468,0.941406,0.339008,0.489008,0.0,0.6314265727996826,0.6314265727996826,2.518317222595215,12.407699584960938,0.15515004098415375,20,1,0,0,1,1,1,0.6439167261123657,0.0,0,contra,0.15,-1,102,190,CORRECT,0,0,0,0,10,0,0.643917,0.0,answer,
margin,live-delta,5,0.0,0.54887,0.581322,0.417468,0.941406,0.339008,0.489008,0.018510043621063232,0.6128389239311218,0.5943288803100586,1.7432174682617188,5.715703964233398,0.442516952753067,20,1,1,1,1,1,0,0.08739136159420013,0.14415180683135986,2,contra,0.15,-1,103,54,CORRECT,0,0,0,0,7,0,0.087391,0.0,answer,
margin,live-delta,5,0.0,0.54887,0.581322,0.417468,0.941406,0.339008,0.489008,0.0,0.6102866530418396,0.6102866530418396,2.4808425903320312,11.951330184936523,0.13201966881752014,20,1,3,0,1,1,1,0.4674483835697174,0.0,0,contra,0.15,-1,104,164,CORRECT,0,0,0,0,9,0,0.467448,0.0,answer,
margin,live-delta,5,0.0,0.54887,0.581322,0.417468,0.941406,0.339008,0.489008,0.07134711742401123,0.705420970916748,0.6340738534927368,1.458077073097229,4.297687530517578,0.5752355456352234,14,1,1,1,1,1,0,0.05162715166807175,0.14682543277740479,2,contra,0.15,-1,105,40,CORRECT,0,0,0,0,2,0,0.051627,0.0,answer,
margin,live-delta,5,0.0,0.54887,0.581322,0.417468,0.941406,0.339008,0.489008,0.07959204912185669,0.7538836598396301,0.6742916107177734,1.1270411014556885,3.086510181427002,0.696789562702179,20,1,1,1,1,1,0,0.03316769376397133,0.1683506965637207,2,contra,0.15,-1,106,39,CORRECT,0,0,0,0,5,0,0.033168,0.0,answer,
margin,live-delta,5,0.0,0.54887,0.581322,0.417468,0.941406,0.339008,0.489008,0.01196134090423584,0.6172198057174683,0.6052584648132324,2.293653964996338,9.911086082458496,0.29709523916244507,20,1,1,1,1,1,1,0.3176211714744568,0.07979488372802734,2,contra,0.15,-1,107,60,CORRECT,0,0,0,0,10,0,0.281682,0.0,answer,
margin,live-delta,5,0.0,0.54887,0.581322,0.417468,0.941406,0.339008,0.489008,0.0,0.6414546966552734,0.6414546966552734,2.4068500995635986,11.098945617675781,0.1652848720550537,20,1,1,1,1,1,1,0.49472981691360474,0.0,0,contra,0.15,-1,108,49,CORRECT,0,0,0,0,9,0,0.49473,0.0,answer,
margin,live-delta,5,0.0,0.54887,0.581322,0.417468,0.941406,0.339008,0.489008,0.0,0.6084858775138855,0.6084858775138855,2.411680221557617,11.152684211730957,0.11785272508859634,20,1,0,0,1,1,1,0.595677375793457,0.0,0,contra,0.15,-1,109,190,CORRECT,0,0,0,0,9,0,0.595677,0.0,answer,
margin,live-delta,5,0.0,0.54887,0.581322,0.417468,0.941406,0.339008,0.489008,0.03154474496841431,0.33979523181915283,0.3082504868507385,-0.0,1.0,1.0,1,1,1,1,1,1,0,0.0,0.035042405128479004,1,contra,0.15,-1,110,59,CORRECT,0,0,0,0,0,0,0.0,0.0,answer,
margin,live-delta,5,0.0,0.54887,0.581322,0.417468,0.941406,0.339008,0.489008,0.029764771461486816,0.6916086673736572,0.6618438959121704,1.6320239305496216,5.114214897155762,0.4489189386367798,11,1,1,1,1,1,0,0.08645621687173843,0.09624272584915161,2,contra,0.15,-1,111,32,CORRECT,0,0,0,0,2,0,0.086456,0.0,answer,
margin,live-delta,5,0.0,0.54887,0.581322,0.417468,0.941406,0.339008,0.489008,0.0,0.6678102612495422,0.6678102612495422,2.380380153656006,10.809011459350586,0.2261248528957367,20,1,3,0,1,1,1,0.5356279015541077,0.0,0,contra,0.15,-1,112,226,CORRECT,0,0,0,0,10,0,0.535628,0.0,answer,
margin,live-delta,5,0.0,0.54887,0.581322,0.417468,0.941406,0.339008,0.489008,0.024531066417694092,0.5232676267623901,0.49873656034469604,1.174794316291809,3.2374770641326904,0.53633052110672,7,1,1,1,1,1,0,0.0,0.18431103229522705,2,contra,0.15,-1,113,34,CORRECT,0,0,0,0,0,0,0.0,0.0,answer,
margin,live-delta,5,0.0,0.54887,0.581322,0.417468,0.941406,0.339008,0.489008,0.03674370050430298,0.6705558896064758,0.6338121891021729,1.6387465000152588,5.148711681365967,0.48786526918411255,18,1,1,1,1,1,0,0.06678686290979385,0.11231809854507446,2,contra,0.15,-1,114,57,CORRECT,0,0,0,0,4,0,0.066787,0.0,answer,
margin,live-delta,5,0.0,0.54887,0.581322,0.417468,0.941406,0.339008,0.489008,0.0,0.5355624556541443,0.5355624556541443,2.539670944213867,12.675498962402344,0.21895496547222137,20,1,1,1,1,1,1,0.4183565378189087,0.0,0,contra,0.15,-1,115,38,CORRECT,0,0,0,0,6,0,0.33474,0.0,answer,
margin,live-delta,5,0.0,0.54887,0.581322,0.417468,0.941406,0.339008,0.489008,0.07225799560546875,0.6103099584579468,0.538051962852478,1.5625407695770264,4.770927906036377,0.598017692565918,20,1,1,1,1,1,0,0.05574214830994606,0.15449249744415283,2,contra,0.15,-1,116,54,CORRECT,0,0,0,0,7,0,0.055742,0.0,answer,
margin,live-delta,5,0.0,0.54887,0.581322,0.417468,0.941406,0.339008,0.489008,0.0,0.670042097568512,0.670042097568512,2.0169308185577393,7.515223979949951,0.2091469019651413,20,1,3,0,1,1,1,0.47655344009399414,0.0,0,contra,0.15,-1,117,164,CORRECT,0,0,0,0,9,0,0.476553,0.0,answer,
margin,live-delta,5,0.0,0.54887,0.581322,0.417468,0.941406,0.339008,0.489008,0.0,0.44668951630592346,0.44668951630592346,1.8491406440734863,6.354356288909912,0.24711205065250397,8,1,1,1,1,1,1,0.5521618127822876,0.0,0,contra,0.15,-1,118,48,CORRECT,0,0,0,0,4,0,0.552162,0.0,answer,
margin,live-delta,5,0.0,0.54887,0.581322,0.417468,0.941406,0.339008,0.489008,0.0,0.5582033395767212,0.5582033395767212,2.366231918334961,10.657159805297852,0.16467536985874176,20,1,3,0,1,1,1,0.5256627798080444,0.0,0,contra,0.15,-1,119,164,CORRECT,0,0,0,0,10,0,0.506922,0.0,answer,
margin,live-delta,5,0.0,0.54887,0.581322,0.417468,0.941406,0.339008,0.489008,0.001757204532623291,0.6123923659324646,0.6106351613998413,2.279433488845825,9.771142959594727,0.17904585599899292,20,1,1,1,1,1,1,0.501897931098938,0.001757204532623291,0,contra,0.15,-1,120,57,CORRECT,0,0,0,0,9,0,0.501898,0.0,answer,
margin,live-delta,5,0.0,0.54887,0.581322,0.417468,0.941406,0.339008,0.489008,0.028531432151794434,0.6142705678939819,0.5857391357421875,2.4466495513916016,11.549585342407227,0.2621414363384247,20,1,1,1,1,1,1,0.3908992409706116,0.028531432151794434,1,contra,0.15,-1,121,52,CORRECT,0,0,0,0,9,0,0.382476,0.0,answer,
margin,live-delta,5,0.0,0.54887,0.581322,0.417468,0.941406,0.339008,0.489008,0.04132509231567383,0.6418052911758423,0.6004801988601685,2.613347291946411,13.644647598266602,0.21552900969982147,20,1,1,1,1,1,1,0.49618881940841675,0.04132509231567383,1,contra,0.15,-1,122,52,CORRECT,0,0,0,0,11,0,0.496189,0.0,answer,
margin,live-delta,5,0.0,0.54887,0.581322,0.417468,0.941406,0.339008,0.489008,0.0,0.5257062911987305,0.5257062911987305,1.9437625408172607,6.984982967376709,0.349418580532074,20,1,1,1,1,1,1,0.5553217530250549,0.0,0,contra,0.15,-1,123,43,CORRECT,0,0,0,0,9,0,0.481345,0.0,answer,
margin,live-delta,5,0.0,0.54887,0.581322,0.417468,0.941406,0.339008,0.489008,0.0,0.7209793329238892,0.7209793329238892,2.163343667984009,8.700180053710938,0.1712816208600998,20,1,2,0,2,0,1,0.6575533151626587,0.0,0,contra,0.15,-1,124,235,CONTRADICTORY_STRICT,1,1,0,0,8,0,0.657553,0.0,answer,
margin,live-delta,5,0.0,0.54887,0.581322,0.417468,0.941406,0.339008,0.489008,0.0,0.5810360312461853,0.5810360312461853,2.5147032737731934,12.362939834594727,0.19857442378997803,20,1,3,0,1,1,1,0.4402763843536377,0.0,0,contra,0.15,-1,125,159,CORRECT,0,0,0,0,9,0,0.427636,0.0,answer,
margin,live-delta,5,0.0,0.54887,0.581322,0.417468,0.941406,0.339008,0.489008,0.051419079303741455,0.7271186113357544,0.6756995320320129,1.1958327293395996,3.306309938430786,0.5586977601051331,19,1,1,1,1,1,1,0.2203924059867859,0.051419079303741455,2,contra,0.15,-1,126,41,CORRECT,0,0,0,0,7,0,0.220392,0.0,answer,
margin,live-delta,5,0.0,0.54887,0.581322,0.417468,0.941406,0.339008,0.489008,0.1547597050666809,0.7880293130874634,0.6332696080207825,0.5105869174003601,1.6662688255310059,0.8957836627960205,14,1,1,1,1,1,0,0.009922857396304607,0.241455078125,2,contra,0.15,-1,127,40,CORRECT,0,0,0,0,2,0,0.009923,0.0,answer,
margin,live-delta,5,0.0,0.54887,0.581322,0.417468,0.941406,0.339008,0.489008,0.02814382314682007,0.5415035486221313,0.5133597254753113,2.794917106628418,16.36127281188965,0.18140219151973724,20,2,2,1,2,1,1,0.25203463435173035,0.046958208084106445,1,contra,0.15,-1,128,66,CORRECT,0,0,0,0,6,0,0.252035,0.0,answer,
margin,live-delta,5,0.0,0.54887,0.581322,0.417468,0.941406,0.339008,0.489008,0.02547597885131836,0.5951765775680542,0.5697005987167358,2.5392403602600098,12.670042991638184,0.22631797194480896,20,2,2,1,2,1,1,0.32095539569854736,0.02547597885131836,1,contra,0.15,-1,129,66,CORRECT,0,0,0,0,9,0,0.320955,0.0,answer,
margin,live-delta,5,0.0,0.54887,0.581322,0.417468,0.941406,0.339008,0.489008,0.041772425174713135,0.5690668821334839,0.5272944569587708,2.7555556297302246,15.729778289794922,0.16376113891601562,20,2,2,1,2,1,1,0.32592275738716125,0.041772425174713135,1,contra,0.15,-1,130,81,CORRECT,0,0,0,0,7,0,0.325923,0.0,answer,
margin,live-delta,5,0.0,0.54887,0.581322,0.417468,0.941406,0.339008,0.489008,0.014298349618911743,0.40967702865600586,0.3953786790370941,1.6854453086853027,5.394852638244629,0.2871641218662262,6,2,2,1,2,1,1,0.3134351968765259,0.014298349618911743,0,contra,0.15,-1,132,71,CORRECT,0,0,0,0,2,0,0.313435,0.0,answer,
margin,live-delta,5,0.0,0.54887,0.581322,0.417468,0.941406,0.339008,0.489008,0.07747495174407959,0.7438898086547852,0.6664148569107056,1.0100716352462769,2.745797634124756,0.7303423881530762,20,2,2,1,2,1,0,0.06302612274885178,0.17229026556015015,2,contra,0.15,-1,133,71,CORRECT,0,0,0,0,7,0,0.063026,0.0,answer,
margin,live-delta,5,0.0,0.54887,0.581322,0.417468,0.941406,0.339008,0.489008,0.09667551517486572,0.7966055274009705,0.6999300122261047,1.5346829891204834,4.639854431152344,0.6217121481895447,20,2,2,1,2,1,1,0.13134755194187164,0.10837900638580322,2,contra,0.15,-1,134,86,CORRECT,0,0,0,0,7,0,0.131348,0.0,answer,
margin,live-delta,5,0.0,0.54887,0.581322,0.417468,0.941406,0.339008,0.489008,0.024165570735931396,0.5892134308815002,0.5650478601455688,1.964874505996704,7.134017467498779,0.29978588223457336,20,2,2,1,2,1,1,0.41763466596603394,0.024165570735931396,0,contra,0.15,-1,135,91,CORRECT,0,0,0,0,7,0,0.417635,0.0,answer,
margin,live-delta,5,0.0,0.54887,0.581322,0.417468,0.941406,0.339008,0.489008,0.0,0.6251969933509827,0.6251969933509827,2.54036808013916,12.684338569641113,0.21259208023548126,20,2,2,1,2,1,1,0.39360249042510986,0.0,0,contra,0.15,-1,136,84,CORRECT,0,0,0,0,6,0,0.393602,0.0,answer,
margin,live-delta,5,0.0,0.54887,0.581322,0.417468,0.941406,0.339008,0.489008,0.0,0.4245971441268921,0.4245971441268921,1.7037198543548584,5.49434757232666,0.21169176697731018,6,2,2,1,2,1,1,0.42338353395462036,0.0,0,contra,0.15,-1,137,169,CORRECT,0,0,0,0,2,0,0.423384,0.0,answer,
margin,live-delta,5,0.0,0.54887,0.581322,0.417468,0.941406,0.339008,0.489008,0.012679576873779297,0.41997987031936646,0.40730029344558716,2.7291676998138428,15.320130348205566,0.1253252923488617,17,2,2,1,2,1,1,0.2705378532409668,0.027431517839431763,1,contra,0.15,-1,138,85,CORRECT,0,0,0,0,5,0,0.270538,0.0,answer,
margin,live-delta,5,0.0,0.54887,0.581322,0.417468,0.941406,0.339008,0.489008,0.028989017009735107,0.6016455292701721,0.572656512260437,2.216634511947632,9.176395416259766,0.2977466583251953,20,2,2,1,2,1,1,0.21995675563812256,0.028989017009735107,1,contra,0.15,-1,139,64,CORRECT,0,0,0,0,6,0,0.219957,0.0,answer,
margin,live-delta,5,0.0,0.54887,0.581322,0.417468,0.941406,0.339008,0.489008,0.0,0.6501257419586182,0.6501257419586182,1.781261682510376,5.937342643737793,0.23424166440963745,15,2,3,0,2,1,1,0.5920032858848572,0.0,0,contra,0.15,-1,140,219,CORRECT,0,0,0,0,5,0,0.592003,0.0,answer,
margin,live-delta,5,0.0,0.54887,0.581322,0.417468,0.941406,0.339008,0.489008,0.047999441623687744,0.6712274551391602,0.6232280135154724,2.0777976512908936,7.9868597984313965,0.401649534702301,20,2,2,1,2,1,1,0.22185561060905457,0.047999441623687744,1,contra,0.15,-1,141,86,CORRECT,0,0,0,0,6,0,0.221856,0.0,answer,
margin,live-delta,5,0.0,0.54887,0.581322,0.417468,0.941406,0.339008,0.489008,0.0,0.5701974630355835,0.5701974630355835,2.787735939025879,16.244199752807617,0.10931164771318436,20,2,1,0,2,1,1,0.3628518581390381,0.0,0,contra,0.15,-1,142,212,CORRECT,0,0,0,0,7,0,0.362852,0.0,answer,
margin,live-delta,5,0.0,0.54887,0.581322,0.417468,0.941406,0.339008,0.489008,0.009077906608581543,0.4765753746032715,0.46749746799468994,2.842480182647705,17.158267974853516,0.12719769775867462,20,2,2,1,2,1,1,0.304973304271698,0.022504299879074097,0,contra,0.15,-1,143,91,CORRECT,0,0,0,0,6,0,0.304973,0.0,answer,
margin,live-delta,5,0.0,0.54887,0.581322,0.417468,0.941406,0.339008,0.489008,0.0962134599685669,0.5023441314697266,0.40613067150115967,1.0989700555801392,3.0010735988616943,0.7064645290374756,7,2,2,1,2,1,0,0.07749783992767334,0.1362971067428589,2,contra,0.15,-1,144,85,CORRECT,0,0,0,0,2,0,0.077498,0.0,answer,
margin,live-delta,5,0.0,0.54887,0.581322,0.417468,0.941406,0.339008,0.489008,0.06751570105552673,0.5056645274162292,0.4381488263607025,1.7989330291748047,6.043196201324463,0.4460617005825043,10,2,2,1,2,1,1,0.21257343888282776,0.06751570105552673,2,contra,0.15,-1,145,88,CORRECT,0,0,0,0,3,0,0.212573,0.0,answer,
margin,live-delta,5,0.0,0.54887,0.581322,0.417468,0.941406,0.339008,0.489008,0.0006460845470428467,0.4003845751285553,0.39973849058151245,2.6410484313964844,14.02790355682373,0.11173752695322037,15,2,2,1,2,1,1,0.42980635166168213,0.0006460845470428467,0,contra,0.15,-1,146,88,CORRECT,0,0,0,0,7,0,0.429806,0.0,answer,
margin,live-delta,5,0.0,0.54887,0.581322,0.417468,0.941406,0.339008,0.489008,0.023302674293518066,0.5993673205375671,0.5760646462440491,2.222970962524414,9.234725952148438,0.25894612073898315,20,2,2,1,2,1,1,0.40654924511909485,0.023302674293518066,0,contra,0.15,-1,147,91,CORRECT,0,0,0,0,6,0,0.406549,0.0,answer,
margin,live-delta,5,0.0,0.54887,0.581322,0.417468,0.941406,0.339008,0.489008,0.003406345844268799,0.5392884612083435,0.5358821153640747,2.7410330772399902,15.502992630004883,0.1465541273355484,20,2,2,1,2,1,1,0.37196657061576843,0.003406345844268799,0,contra,0.15,-1,148,78,CORRECT,0,0,0,0,8,0,0.371967,0.0,answer,
margin,live-delta,5,0.0,0.54887,0.581322,0.417468,0.941406,0.339008,0.489008,0.0855400562286377,0.6592262983322144,0.5736862421035767,1.8421307802200317,6.309968948364258,0.5154616236686707,20,2,2,1,2,1,1,0.25785380601882935,0.0855400562286377,2,contra,0.15,-1,149,91,CORRECT,0,0,0,0,7,0,0.257854,0.0,answer,
margin,live-delta,5,0.0,0.54887,0.581322,0.417468,0.941406,0.339008,0.489008,0.002938687801361084,0.6503852605819702,0.6474465727806091,2.6420702934265137,14.042244911193848,0.10929498821496964,20,2,2,1,2,1,1,0.3690529465675354,0.004634380340576172,0,contra,0.15,-1,150,66,CORRECT,0,0,0,0,7,0,0.369053,0.0,answer,
margin,live-delta,5,0.0,0.54887,0.581322,0.417468,0.941406,0.339008,0.489008,0.027769744396209717,0.5065252184867859,0.47875547409057617,2.5508534908294678,12.818038940429688,0.2692207396030426,20,2,2,1,2,1,1,0.18013235926628113,0.09263736009597778,2,contra,0.15,-1,151,85,CORRECT,0,0,0,0,6,0,0.180132,0.0,answer,
margin,live-delta,5,0.0,0.54887,0.581322,0.417468,0.941406,0.339008,0.489008,0.27028217911720276,0.6035950779914856,0.33331289887428284,-0.0,1.0,1.0,1,2,2,1,2,1,0,0.0,0.27028217911720276,2,contra,0.15,-1,152,74,CORRECT,0,0,0,0,0,0,0.0,0.0,answer,
margin,live-delta,5,0.0,0.54887,0.581322,0.417468,0.941406,0.339008,0.489008,0.0,0.574760377407074,0.574760377407074,2.643303155899048,14.059568405151367,0.16282185912132263,20,2,2,1,2,1,1,0.4074109196662903,0.0,0,contra,0.15,-1,153,94,CORRECT,0,0,0,0,7,0,0.407411,0.0,answer,
margin,live-delta,5,0.0,0.54887,0.581322,0.417468,0.941406,0.339008,0.489008,0.010171353816986084,0.39511168003082275,0.38494032621383667,2.367751121520996,10.673361778259277,0.12329356372356415,11,2,2,1,2,1,1,0.4881778359413147,0.010171353816986084,0,contra,0.15,-1,155,64,CORRECT,0,0,0,0,5,0,0.488178,0.0,answer,
margin,live-delta,5,0.0,0.54887,0.581322,0.417468,0.941406,0.339008,0.489008,0.06495732069015503,0.4113556444644928,0.34639832377433777,1.182558298110962,3.2627105712890625,0.5499660968780518,4,2,2,1,2,1,1,0.30002257227897644,0.06495732069015503,2,contra,0.15,-1,156,93,CORRECT,0,0,0,0,2,0,0.300023,0.0,answer,
margin,live-delta,5,0.0,0.54887,0.581322,0.417468,0.941406,0.339008,0.489008,0.0,0.6391476988792419,0.6391476988792419,2.523651361465454,12.474061012268066,0.2010897547006607,20,2,1,0,2,1,1,0.3755173981189728,0.0,0,contra,0.15,-1,157,184,CORRECT,0,0,0,0,6,0,0.375517,0.0,answer,
margin,live-delta,5,0.0,0.54887,0.581322,0.417468,0.941406,0.339008,0.489008,0.08749839663505554,0.5680897235870361,0.4805913269519806,2.435091018676758,11.416857719421387,0.3623497188091278,20,2,2,1,2,1,1,0.22212135791778564,0.08749839663505554,2,contra,0.15,-1,158,85,CORRECT,0,0,0,0,6,0,0.222121,0.0,answer,
margin,live-delta,5,0.0,0.54887,0.581322,0.417468,0.941406,0.339008,0.489008,0.18490827083587646,0.7387069463729858,0.5537986755371094,0.618817925453186,1.85673189163208,0.8874920010566711,20,2,2,1,2,1,0,0.06048188731074333,0.18490827083587646,2,contra,0.15,-1,159,68,CORRECT,0,0,0,0,8,0,0.060482,0.0,answer,
margin,live-delta,5,0.0,0.54887,0.581322,0.417468,0.941406,0.339008,0.489008,0.0344085693359375,0.5577472448348999,0.5233386754989624,2.2436132431030273,9.427332878112793,0.2955918312072754,20,2,2,1,2,1,1,0.3703228235244751,0.0344085693359375,1,contra,0.15,-1,160,91,CORRECT,0,0,0,0,6,0,0.370323,0.0,answer,
margin,live-delta,5,0.0,0.54887,0.581322,0.417468,0.941406,0.339008,0.489008,0.0,0.4709516167640686,0.4709516167640686,2.7066328525543213,14.978754997253418,0.12729805707931519,20,2,1,0,2,1,1,0.40613141655921936,0.0,0,contra,0.15,-1,161,184,CORRECT,0,0,0,0,7,0,0.406131,0.0,answer,
margin,live-delta,5,0.0,0.54887,0.581322,0.417468,0.941406,0.339008,0.489008,0.17954033613204956,0.6567572355270386,0.477216899394989,0.6784248352050781,1.9707709550857544,0.8674634099006653,14,2,2,1,2,1,0,0.0668473020195961,0.17954033613204956,2,contra,0.15,-1,162,93,CORRECT,0,0,0,0,5,0,0.066847,0.0,answer,
margin,live-delta,5,0.0,0.54887,0.581322,0.417468,0.941406,0.339008,0.489008,0.01217794418334961,0.574068546295166,0.5618906021118164,2.6871142387390137,14.689225196838379,0.16334331035614014,20,2,2,1,2,1,1,0.3274589478969574,0.01217794418334961,0,contra,0.15,-1,163,66,CORRECT,0,0,0,0,9,0,0.327459,0.0,answer,
margin,live-delta,5,0.0,0.54887,0.581322,0.417468,0.941406,0.339008,0.489008,0.2803356647491455,0.6889474987983704,0.40861183404922485,0.11686785519123077,1.123970866203308,0.9835789799690247,9,2,2,1,2,1,0,0.007307878695428371,0.29878172278404236,2,contra,0.15,-1,164,93,CORRECT,0,0,0,0,4,0,0.007308,0.0,answer,
margin,live-delta,5,0.0,0.54887,0.581322,0.417468,0.941406,0.339008,0.489008,0.08025693893432617,0.6881221532821655,0.6078652143478394,2.4709205627441406,11.833334922790527,0.342701256275177,20,2,2,1,2,1,1,0.26646357774734497,0.08025693893432617,2,contra,0.15,-1,165,86,CORRECT,0,0,0,0,8,0,0.266464,0.0,answer,
margin,live-delta,5,0.0,0.54887,0.581322,0.417468,0.941406,0.339008,0.489008,0.0,0.4756857752799988,0.4756857752799988,1.7136257886886597,5.549044609069824,0.2616143524646759,8,2,2,1,2,1,1,0.5481761693954468,0.0,0,contra,0.15,-1,166,80,CORRECT,0,0,0,0,3,0,0.548176,0.0,answer,
margin,live-delta,5,0.0,0.54887,0.581322,0.417468,0.941406,0.339008,0.489008,0.004124343395233154,0.3853720426559448,0.38124769926071167,2.3319485187530518,10.297987937927246,0.14771077036857605,11,2,2,1,2,1,1,0.3288367688655853,0.004124343395233154,0,contra,0.15,-1,167,93,CORRECT,0,0,0,0,4,0,0.328837,0.0,answer,
margin,live-delta,5,0.0,0.54887,0.581322,0.417468,0.941406,0.339008,0.489008,0.074472576379776,0.3759671151638031,0.3014945387840271,-0.0,1.0,1.0,1,2,2,1,2,1,0,0.0,0.074472576379776,2,contra,0.15,-1,168,93,CORRECT,0,0,0,0,0,0,0.0,0.0,answer,
margin,live-delta,5,0.0,0.54887,0.581322,0.417468,0.941406,0.339008,0.489008,0.0,0.6072017550468445,0.6072017550468445,2.501807689666748,12.204536437988281,0.15707993507385254,20,2,1,0,2,1,1,0.4590153098106384,0.0,0,contra,0.15,-1,169,157,CORRECT,0,0,0,0,7,0,0.459015,0.0,answer,
margin,live-delta,5,0.0,0.54887,0.581322,0.417468,0.941406,0.339008,0.489008,0.018336057662963867,0.4837937653064728,0.4654577076435089,2.3721673488616943,10.720602035522461,0.28030285239219666,17,2,2,1,2,1,1,0.16890065371990204,0.07637408375740051,2,contra,0.15,-1,170,68,CORRECT,0,0,0,0,4,0,0.168901,0.0,answer,
margin,live-delta,5,0.0,0.54887,0.581322,0.417468,0.941406,0.339008,0.489008,0.03160598874092102,0.42073097825050354,0.3891249895095825,1.503199815750122,4.4960527420043945,0.37542495131492615,5,2,2,1,2,1,1,0.31228750944137573,0.03160598874092102,1,contra,0.15,-1,172,88,CORRECT,0,0,0,0,2,0,0.312288,0.0,answer,
margin,live-delta,5,0.0,0.54887,0.581322,0.417468,0.941406,0.339008,0.489008,0.0,0.5705028176307678,0.5705028176307678,2.8174352645874023,16.733877182006836,0.12467563897371292,20,2,2,1,2,1,1,0.3709489107131958,0.0,0,contra,0.15,-1,173,90,CORRECT,0,0,0,0,7,0,0.370949,0.0,answer,
margin,live-delta,5,0.0,0.54887,0.581322,0.417468,0.941406,0.339008,0.489008,0.0,0.4979991614818573,0.4979991614818573,2.5132839679718018,12.345405578613281,0.20219653844833374,19,2,1,0,2,1,1,0.4451700747013092,0.0,0,contra,0.15,-1,174,212,CORRECT,0,0,0,0,8,0,0.44517,0.0,answer,
margin,live-delta,5,0.0,0.54887,0.581322,0.417468,0.941406,0.339008,0.489008,0.0024803578853607178,0.4129861891269684,0.41050583124160767,2.3192169666290283,10.167709350585938,0.13366930186748505,11,2,2,1,2,1,1,0.46408605575561523,0.0024803578853607178,0,contra,0.15,-1,176,88,CORRECT,0,0,0,0,5,0,0.464086,0.0,answer,
margin,live-delta,5,0.0,0.54887,0.581322,0.417468,0.941406,0.339008,0.489008,0.12175902724266052,0.6065850257873535,0.484825998544693,1.7139838933944702,5.551032066345215,0.6130585670471191,20,2,2,1,2,1,1,0.13814106583595276,0.12190032005310059,2,contra,0.15,-1,177,78,CORRECT,0,0,0,0,8,0,0.138141,0.0,answer,
margin,live-delta,5,0.0,0.54887,0.581322,0.417468,0.941406,0.339008,0.489008,0.0012949109077453613,0.5802474617958069,0.5789525508880615,2.6275782585144043,13.840211868286133,0.15452930331230164,20,2,2,1,2,1,1,0.38253143429756165,0.0012949109077453613,0,contra,0.15,-1,179,87,CORRECT,0,0,0,0,8,0,0.382531,0.0,answer,
margin,live-delta,5,0.0,0.54887,0.581322,0.417468,0.941406,0.339008,0.489008,0.0029421746730804443,0.4807736277580261,0.4778314530849457,2.7059967517852783,14.969229698181152,0.1347336322069168,20,2,2,1,2,1,1,0.4121875762939453,0.0029421746730804443,0,contra,0.15,-1,180,64,CORRECT,0,0,0,0,8,0,0.412188,0.0,answer,
margin,live-delta,5,0.0,0.54887,0.581322,0.417468,0.941406,0.339008,0.489008,0.0,0.6918320655822754,0.6918320655822754,1.9648966789245605,7.1341753005981445,0.3115309774875641,20,2,0,0,2,1,1,0.39800727367401123,0.0,0,contra,0.15,-1,181,193,CORRECT,0,0,0,0,8,0,0.398007,0.0,answer,
margin,live-delta,5,0.0,0.54887,0.581322,0.417468,0.941406,0.339008,0.489008,0.012425124645233154,0.45632970333099365,0.4439045786857605,2.6149001121520996,13.665851593017578,0.18124103546142578,17,2,2,1,2,1,1,0.3081565201282501,0.04653298854827881,1,contra,0.15,-1,182,64,CORRECT,0,0,0,0,7,0,0.308157,0.0,answer,
margin,live-delta,5,0.0,0.54887,0.581322,0.417468,0.941406,0.339008,0.489008,0.0,0.36534959077835083,0.36534959077835083,1.3641643524169922,3.912452220916748,0.30131781101226807,4,2,1,0,2,1,1,0.30131781101226807,0.0,0,contra,0.15,-1,183,170,CORRECT,0,0,0,0,1,0,0.301318,0.0,answer,
margin,live-delta,5,0.0,0.54887,0.581322,0.417468,0.941406,0.339008,0.489008,0.0478360652923584,0.551082193851471,0.5032461285591125,2.679643392562866,14.579893112182617,0.23663204908370972,20,2,2,1,2,1,1,0.27553755044937134,0.06652528047561646,2,contra,0.15,-1,184,66,CORRECT,0,0,0,0,7,0,0.275538,0.0,answer,
margin,live-delta,5,0.0,0.54887,0.581322,0.417468,0.941406,0.339008,0.489008,0.0,0.5307070016860962,0.5307070016860962,1.0753517150878906,2.931023597717285,0.44677138328552246,5,2,2,1,2,1,1,0.48204049468040466,0.0,0,contra,0.15,-1,185,84,CORRECT,0,0,0,0,2,0,0.48204,0.0,answer,
margin,live-delta,5,0.0,0.54887,0.581322,0.417468,0.941406,0.339008,0.489008,0.0,0.6895368099212646,0.6895368099212646,2.1506474018096924,8.590417861938477,0.16809235513210297,20,2,2,1,2,1,1,0.5270654559135437,0.0,0,contra,0.15,-1,186,80,CORRECT,0,0,0,0,7,0,0.527065,0.0,answer,
margin,live-delta,5,0.0,0.54887,0.581322,0.417468,0.941406,0.339008,0.489008,0.038748323917388916,0.36235830187797546,0.32360997796058655,-0.0,1.0,1.0,1,2,2,1,2,1,0,0.0,0.05120205879211426,2,contra,0.15,-1,187,81,CORRECT,0,0,0,0,0,0,0.0,0.0,answer,
margin,live-delta,5,0.0,0.54887,0.581322,0.417468,0.941406,0.339008,0.489008,0.0,0.46566590666770935,0.46566590666770935,2.21256947517395,9.139168739318848,0.1851523369550705,15,2,1,0,2,1,1,0.4893176257610321,0.0,0,contra,0.15,-1,188,160,CORRECT,0,0,0,0,7,0,0.489318,0.0,answer,
margin,live-delta,5,0.0,0.54887,0.581322,0.417468,0.941406,0.339008,0.489008,0.0,0.574927806854248,0.574927806854248,2.065030813217163,7.885540962219238,0.27998119592666626,20,2,1,0,2,1,1,0.47589582204818726,0.0,0,contra,0.15,-1,189,212,CORRECT,0,0,0,0,7,0,0.475896,0.0,answer,
margin,live-delta,5,0.0,0.54887,0.581322,0.417468,0.941406,0.339008,0.489008,0.0,0.5638655424118042,0.5638655424118042,2.5156939029693604,12.375192642211914,0.20283257961273193,20,2,2,1,2,1,1,0.4093557298183441,0.0,0,contra,0.15,-1,190,76,CORRECT,0,0,0,0,6,0,0.409356,0.0,answer,
margin,live-delta,5,0.0,0.54887,0.581322,0.417468,0.941406,0.339008,0.489008,0.005952358245849609,0.555470883846283,0.5495185256004333,2.5219874382019043,12.453322410583496,0.18814058601856232,20,2,2,1,2,1,1,0.32606175541877747,0.005952358245849609,0,contra,0.15,-1,191,86,CORRECT,0,0,0,0,7,0,0.326062,0.0,answer,
margin,live-delta,5,0.0,0.54887,0.581322,0.417468,0.941406,0.339008,0.489008,0.0,0.7158771753311157,0.7158771753311157,2.5486605167388916,12.789959907531738,0.16692399978637695,20,3,3,1,3,1,1,0.5165744423866272,0.0,0,contra,0.15,-1,192,98,CORRECT,0,0,0,0,10,0,0.516574,0.0,answer,
margin,live-delta,5,0.0,0.54887,0.581322,0.417468,0.941406,0.339008,0.489008,0.10260394215583801,0.5292460918426514,0.42664214968681335,2.023207664489746,7.562544345855713,0.5179837346076965,19,3,3,1,3,1,1,0.2700004279613495,0.10260394215583801,2,contra,0.15,-1,193,124,CORRECT,0,0,0,0,10,0,0.27,0.0,answer,
margin,live-delta,5,0.0,0.54887,0.581322,0.417468,0.941406,0.339008,0.489008,0.004106700420379639,0.43997180461883545,0.4358651041984558,2.760202169418335,15.803037643432617,0.1035318672657013,19,3,3,1,3,1,1,0.5827090740203857,0.004106700420379639,0,contra,0.15,-1,194,124,CORRECT,0,0,0,0,12,0,0.582709,0.0,answer,
margin,live-delta,5,0.0,0.54887,0.581322,0.417468,0.941406,0.339008,0.489008,0.0,0.6738865971565247,0.6738865971565247,2.0867040157318115,8.058311462402344,0.31417205929756165,20,3,3,1,3,1,1,0.4682389199733734,0.0,0,contra,0.15,-1,195,127,CORRECT,0,0,0,0,10,0,0.468239,0.0,answer,
margin,live-delta,5,0.0,0.54887,0.581322,0.417468,0.941406,0.339008,0.489008,0.0,0.6066103577613831,0.6066103577613831,2.867241859436035,17.58843994140625,0.08879458904266357,20,3,3,1,2,0,1,0.5752825736999512,0.0,0,contra,0.15,-1,196,98,CONTRADICTORY_LENIENT,0,1,0,0,12,0,0.575283,0.0,answer,
margin,live-delta,5,0.0,0.54887,0.581322,0.417468,0.941406,0.339008,0.489008,0.0,0.6571125984191895,0.6571125984191895,2.6567511558532715,14.249917984008789,0.15663005411624908,20,3,2,0,3,1,1,0.37155717611312866,0.0,0,contra,0.15,-1,197,136,CORRECT,0,0,0,0,10,0,0.371557,0.0,answer,
margin,live-delta,5,0.0,0.54887,0.581322,0.417468,0.941406,0.339008,0.489008,0.0,0.6370205283164978,0.6370205283164978,1.675041675567627,5.339017391204834,0.3778386414051056,20,3,3,1,3,1,1,0.46980172395706177,0.0,0,contra,0.15,-1,199,127,CORRECT,0,0,0,0,10,0,0.469802,0.0,answer,
margin,live-delta,5,0.0,0.54887,0.581322,0.417468,0.941406,0.339008,0.489008,0.028112411499023438,0.7088281512260437,0.6807157397270203,2.810194730758667,16.6131534576416,0.15676432847976685,20,3,3,1,3,1,1,0.4328785538673401,0.028112411499023438,1,contra,0.15,-1,200,115,CORRECT,0,0,0,0,9,0,0.432879,0.0,answer,
margin,live-delta,5,0.0,0.54887,0.581322,0.417468,0.941406,0.339008,0.489008,1.1920928955078125e-07,0.4815658926963806,0.48156577348709106,2.2899973392486572,9.874911308288574,0.2695254683494568,17,3,1,0,3,1,1,0.5075050592422485,-1.1920928955078125e-07,0,contra,0.15,-1,201,241,CORRECT,0,0,0,0,9,0,0.507505,0.0,answer,
margin,live-delta,5,0.0,0.54887,0.581322,0.417468,0.941406,0.339008,0.489008,0.02431178092956543,0.5317378044128418,0.5074260234832764,1.4064382314682007,4.081392288208008,0.47712525725364685,11,3,3,1,3,1,0,0.05833166837692261,0.18435001373291016,2,contra,0.15,-1,202,116,CORRECT,0,0,0,0,5,0,0.058332,0.0,answer,
margin,live-delta,5,0.0,0.54887,0.581322,0.417468,0.941406,0.339008,0.489008,0.1064421534538269,0.6956464052200317,0.5892042517662048,1.9402344226837158,6.960382461547852,0.5605524778366089,20,3,3,1,3,1,1,0.1974286437034607,0.15494287014007568,2,contra,0.15,-1,203,123,CORRECT,0,0,0,0,10,0,0.197429,0.0,answer,
margin,live-delta,5,0.0,0.54887,0.581322,0.417468,0.941406,0.339008,0.489008,0.0,0.649493396282196,0.649493396282196,1.8864704370498657,6.596046447753906,0.21581625938415527,20,3,3,1,3,1,1,0.5549348592758179,0.0,0,contra,0.15,-1,204,99,CORRECT,0,0,0,0,9,0,0.554935,0.0,answer,
margin,live-delta,5,0.0,0.54887,0.581322,0.417468,0.941406,0.339008,0.489008,0.013731002807617188,0.4197525680065155,0.4060215651988983,2.2858176231384277,9.833723068237305,0.17911970615386963,11,3,3,1,3,1,1,0.3985018730163574,0.020053625106811523,0,contra,0.15,-1,205,116,CORRECT,0,0,0,0,5,0,0.398502,0.0,answer,
margin,live-delta,5,0.0,0.54887,0.581322,0.417468,0.941406,0.339008,0.489008,0.0,0.5191511511802673,0.5191511511802673,1.8483155965805054,6.34911584854126,0.2580265402793884,8,3,3,1,3,1,1,0.5353001952171326,0.0,0,contra,0.15,-1,206,107,CORRECT,0,0,0,0,4,0,0.5353,0.0,answer,
margin,live-delta,5,0.0,0.54887,0.581322,0.417468,0.941406,0.339008,0.489008,0.0,0.5254757404327393,0.5254757404327393,1.3760846853256226,3.95936918258667,0.39213377237319946,7,3,2,0,3,1,1,0.4893432557582855,0.0,0,contra,0.15,-1,207,192,CORRECT,0,0,0,0,3,0,0.489343,0.0,answer,
margin,live-delta,5,0.0,0.54887,0.581322,0.417468,0.941406,0.339008,0.489008,0.0,0.5600730180740356,0.5600730180740356,2.4581332206726074,11.682981491088867,0.22318990528583527,20,3,3,1,3,1,1,0.4560958445072174,0.0,0,contra,0.15,-1,208,127,CORRECT,0,0,0,0,10,0,0.456096,0.0,answer,
margin,live-delta,5,0.0,0.54887,0.581322,0.417468,0.941406,0.339008,0.489008,0.0,0.6268348693847656,0.6268348693847656,2.6675121784210205,14.40408992767334,0.09614145755767822,20,3,2,0,3,1,1,0.5701425671577454,0.0,0,contra,0.15,-1,209,132,CORRECT,0,0,0,0,10,0,0.570143,0.0,answer,
margin,live-delta,5,0.0,0.54887,0.581322,0.417468,0.941406,0.339008,0.489008,0.0,0.4622208774089813,0.4622208774089813,2.729133367538452,15.319604873657227,0.1169213056564331,20,3,1,0,3,1,1,0.5792509317398071,0.0,0,contra,0.15,-1,210,244,CORRECT,0,0,0,0,10,0,0.562318,0.0,answer,
margin,live-delta,5,0.0,0.54887,0.581322,0.417468,0.941406,0.339008,0.489008,0.02866208553314209,0.7037274837493896,0.6750653982162476,2.493826389312744,12.107515335083008,0.21602125465869904,20,3,3,1,3,1,1,0.3902946710586548,0.02866208553314209,1,contra,0.15,-1,211,96,CORRECT,0,0,0,0,9,0,0.390295,0.0,answer,
margin,live-delta,5,0.0,0.54887,0.581322,0.417468,0.941406,0.339008,0.489008,0.0,0.7040786147117615,0.7040786147117615,2.264758586883545,9.628799438476562,0.22046874463558197,20,3,3,1,3,1,1,0.4534372389316559,0.0,0,contra,0.15,-1,212,98,CORRECT,0,0,0,0,10,0,0.453437,0.0,answer,
margin,live-delta,5,0.0,0.54887,0.581322,0.417468,0.941406,0.339008,0.489008,0.0,0.7602081298828125,0.7602081298828125,2.6139416694641113,13.652759552001953,0.1624089479446411,20,3,2,0,3,1,1,0.4818471074104309,0.0,0,contra,0.15,-1,213,136,CORRECT,0,0,0,0,10,0,0.481847,0.0,answer,
margin,live-delta,5,0.0,0.54887,0.581322,0.417468,0.941406,0.339008,0.489008,0.04204559326171875,0.4206753373146057,0.37862974405288696,2.8098018169403076,16.606626510620117,0.15260282158851624,18,3,3,1,3,1,1,0.4658363461494446,0.04204559326171875,1,contra,0.15,-1,214,116,CORRECT,0,0,0,0,9,0,0.465836,0.0,answer,
margin,live-delta,5,0.0,0.54887,0.581322,0.417468,0.941406,0.339008,0.489008,0.0,0.6014844179153442,0.6014844179153442,2.7086942195892334,15.009663581848145,0.15073861181735992,20,3,3,1,3,1,1,0.5404385328292847,0.0,0,contra,0.15,-1,215,127,CORRECT,0,0,0,0,10,0,0.540439,0.0,answer,
margin,live-delta,5,0.0,0.54887,0.581322,0.417468,0.941406,0.339008,0.489008,0.0,0.561787486076355,0.561787486076355,2.682532548904419,14.622077941894531,0.11472509056329727,20,3,3,1,3,1,1,0.47634297609329224,0.0,0,contra,0.15,-1,216,106,CORRECT,0,0,0,0,9,0,0.476343,0.0,answer,
margin,live-delta,5,0.0,0.54887,0.581322,0.417468,0.941406,0.339008,0.489008,0.0,0.581675112247467,0.581675112247467,1.0230093002319336,2.781552791595459,0.46287742257118225,8,3,3,1,3,1,1,0.5123742818832397,0.0,0,contra,0.15,-1,217,105,CORRECT,0,0,0,0,5,0,0.512374,0.0,answer,
margin,live-delta,5,0.0,0.54887,0.581322,0.417468,0.941406,0.339008,0.489008,0.01645064353942871,0.6338362693786621,0.6173856258392334,2.7907557487487793,16.2933292388916,0.1115068644285202,20,3,3,1,3,1,1,0.5361170768737793,0.01645064353942871,0,contra,0.15,-1,218,117,CORRECT,0,0,0,0,10,0,0.536117,0.0,answer,
margin,live-delta,5,0.0,0.54887,0.581322,0.417468,0.941406,0.339008,0.489008,0.046770721673965454,0.540321946144104,0.49355122447013855,2.841395854949951,17.139673233032227,0.17041067779064178,20,3,3,1,3,1,1,0.47783127427101135,0.046770721673965454,1,contra,0.15,-1,219,108,CORRECT,0,0,0,0,10,0,0.477831,0.0,answer,
margin,live-delta,5,0.0,0.54887,0.581322,0.417468,0.941406,0.339008,0.489008,0.0,0.6931151151657104,0.6931151151657104,2.663053035736084,14.34000301361084,0.13329841196537018,20,3,2,0,3,1,1,0.498430073261261,0.0,0,contra,0.15,-1,220,136,CORRECT,0,0,0,0,10,0,0.49843,0.0,answer,
margin,live-delta,5,0.0,0.54887,0.581322,0.417468,0.941406,0.339008,0.489008,0.0,0.6067142486572266,0.6067142486572266,1.8863176107406616,6.595038414001465,0.34566056728363037,20,3,0,0,3,1,1,0.48615944385528564,0.0,0,contra,0.15,-1,221,138,CORRECT,0,0,0,0,10,0,0.486159,0.0,answer,
margin,live-delta,5,0.0,0.54887,0.581322,0.417468,0.941406,0.339008,0.489008,0.0,0.5600713491439819,0.5600713491439819,2.84188175201416,17.14800262451172,0.11026202887296677,20,3,3,1,3,1,1,0.5484937429428101,0.0,0,contra,0.15,-1,222,98,CORRECT,0,0,0,0,10,0,0.548494,0.0,answer,
margin,live-delta,5,0.0,0.54887,0.581322,0.417468,0.941406,0.339008,0.489008,0.0464787483215332,0.4414621889591217,0.3949834406375885,2.8841028213500977,17.88751220703125,0.1574048399925232,20,3,3,1,3,1,1,0.5090869665145874,0.0464787483215332,1,contra,0.15,-1,223,124,CORRECT,0,0,0,0,11,0,0.509087,0.0,answer,
margin,live-delta,5,0.0,0.54887,0.581322,0.417468,0.941406,0.339008,0.489008,0.0,0.40286785364151,0.40286785364151,1.3213564157485962,3.748502492904663,0.29763442277908325,4,3,1,0,3,1,1,0.5952688455581665,0.0,0,contra,0.15,-1,224,180,CORRECT,0,0,0,0,2,0,0.595269,0.0,answer,
margin,live-delta,5,0.0,0.54887,0.581322,0.417468,0.941406,0.339008,0.489008,0.0,0.5563745498657227,0.5563745498657227,2.6792614459991455,14.574325561523438,0.15028280019760132,20,3,0,0,3,1,1,0.6078324913978577,0.0,0,contra,0.15,-1,225,30,CORRECT,0,0,0,0,10,0,0.518944,0.0,answer,
margin,live-delta,5,0.0,0.54887,0.581322,0.417468,0.941406,0.339008,0.489008,0.03750276565551758,0.47772443294525146,0.4402216672897339,2.845249891281128,17.20585823059082,0.14631231129169464,20,3,3,1,3,1,1,0.4842374324798584,0.03750276565551758,1,contra,0.15,-1,226,123,CORRECT,0,0,0,0,10,0,0.484237,0.0,answer,
margin,live-delta,5,0.0,0.54887,0.581322,0.417468,0.941406,0.339008,0.489008,0.0,0.3879879117012024,0.3879879117012024,2.1045968532562256,8.203795433044434,0.15250544250011444,9,3,2,0,2,0,1,0.7881263494491577,0.0,0,contra,0.15,-1,227,179,CONTRADICTORY_STRICT,1,1,0,0,7,0,0.788126,0.0,answer,
margin,live-delta,5,0.0,0.54887,0.581322,0.417468,0.941406,0.339008,0.489008,0.0,0.7159953117370605,0.7159953117370605,1.1116149425506592,3.0392627716064453,0.33270490169525146,6,3,3,1,3,1,1,0.6656387448310852,0.0,0,contra,0.15,-1,228,99,CORRECT,0,0,0,0,3,0,0.665639,0.0,answer,
margin,live-delta,5,0.0,0.54887,0.581322,0.417468,0.941406,0.339008,0.489008,0.06361913681030273,0.6538165807723999,0.5901974439620972,2.2460598945617676,9.450427055358887,0.3549397885799408,20,3,3,1,3,1,1,0.3164328336715698,0.06361913681030273,2,contra,0.15,-1,229,115,CORRECT,0,0,0,0,9,0,0.316433,0.0,answer,
margin,live-delta,5,0.0,0.54887,0.581322,0.417468,0.941406,0.339008,0.489008,0.0,0.6125504374504089,0.6125504374504089,2.6845927238464355,14.652233123779297,0.09447788447141647,20,3,2,0,2,0,1,0.6777223944664001,0.0,0,contra,0.15,-1,230,132,CONTRADICTORY_STRICT,1,1,0,0,11,0,0.677722,0.0,answer,
margin,live-delta,5,0.0,0.54887,0.581322,0.417468,0.941406,0.339008,0.489008,0.027474582195281982,0.5701779127120972,0.5427033305168152,2.4017271995544434,11.042232513427734,0.3055742681026459,20,3,3,1,3,1,1,0.2930399477481842,0.0692371129989624,2,contra,0.15,-1,231,117,CORRECT,0,0,0,0,11,0,0.29304,0.0,answer,
margin,live-delta,5,0.0,0.54887,0.581322,0.417468,0.941406,0.339008,0.489008,0.0,0.5009386539459229,0.5009386539459229,2.7804248332977295,16.125869750976562,0.1204923614859581,20,3,1,0,3,1,1,0.6389355659484863,0.0,0,contra,0.15,-1,232,180,CORRECT,0,0,0,0,11,0,0.550721,0.0,answer,
margin,live-delta,5,0.0,0.54887,0.581322,0.417468,0.941406,0.339008,0.489008,0.0030035674571990967,0.496469646692276,0.4934660792350769,2.7701709270477295,15.9613618850708,0.1370188146829605,20,3,3,1,3,1,1,0.3960235118865967,0.0030035674571990967,0,contra,0.15,-1,233,115,CORRECT,0,0,0,0,10,0,0.396024,0.0,answer,
margin,live-delta,5,0.0,0.54887,0.581322,0.417468,0.941406,0.339008,0.489008,0.04291737079620361,0.501893937587738,0.4589765667915344,2.8354949951171875,17.03883171081543,0.1567564755678177,20,3,3,1,3,1,1,0.4735122621059418,0.04291737079620361,1,contra,0.15,-1,234,108,CORRECT,0,0,0,0,11,0,0.473512,0.0,answer,
margin,live-delta,5,0.0,0.54887,0.581322,0.417468,0.941406,0.339008,0.489008,0.06836903095245361,0.6614959239959717,0.5931268930435181,2.1789276599884033,8.836825370788574,0.41541483998298645,20,3,3,1,3,1,1,0.2827194333076477,0.08094149827957153,2,contra,0.15,-1,235,115,CORRECT,0,0,0,0,11,0,0.282719,0.0,answer,
margin,live-delta,5,0.0,0.54887,0.581322,0.417468,0.941406,0.339008,0.489008,0.0,0.46608585119247437,0.46608585119247437,2.8649392127990723,17.54798698425293,0.11434396356344223,20,3,1,0,3,1,1,0.5557361841201782,0.0,0,contra,0.15,-1,236,220,CORRECT,0,0,0,0,11,0,0.517343,0.0,answer,
margin,live-delta,5,0.0,0.54887,0.581322,0.417468,0.941406,0.339008,0.489008,0.015743613243103027,0.6798076629638672,0.6640640497207642,2.2612781524658203,9.595345497131348,0.2807646691799164,20,3,3,1,3,1,1,0.35823968052864075,0.06494688987731934,2,contra,0.15,-1,237,115,CORRECT,0,0,0,0,10,0,0.35824,0.0,answer,
margin,live-delta,5,0.0,0.54887,0.581322,0.417468,0.941406,0.339008,0.489008,0.0,0.48643261194229126,0.48643261194229126,2.847522735595703,17.24500846862793,0.11782728880643845,20,3,3,1,3,1,1,0.5824004411697388,0.0,0,contra,0.15,-1,238,114,CORRECT,0,0,0,0,11,0,0.5824,0.0,answer,
margin,live-delta,5,0.0,0.54887,0.581322,0.417468,0.941406,0.339008,0.489008,0.04946953058242798,0.5871029496192932,0.5376334190368652,2.3316192626953125,10.294597625732422,0.36409273743629456,20,3,3,1,3,1,1,0.25055623054504395,0.07708108425140381,2,contra,0.15,-1,239,123,CORRECT,0,0,0,0,10,0,0.250556,0.0,answer,
margin,live-delta,5,0.0,0.54887,0.581322,0.417468,0.941406,0.339008,0.489008,0.0,0.6377276182174683,0.6377276182174683,2.46285343170166,11.738258361816406,0.1348670870065689,20,3,2,0,2,0,1,0.6690607070922852,0.0,0,contra,0.15,-1,240,158,CONTRADICTORY_STRICT,1,1,0,0,12,0,0.669061,0.0,answer,
margin,live-delta,5,0.0,0.54887,0.581322,0.417468,0.941406,0.339008,0.489008,0.0,0.49900099635124207,0.49900099635124207,2.485783100128174,12.01052188873291,0.188619464635849,20,3,1,0,3,1,1,0.630995512008667,0.0,0,contra,0.15,-1,241,142,CORRECT,0,0,0,0,10,0,0.558141,0.0,answer,
margin,live-delta,5,0.0,0.54887,0.581322,0.417468,0.941406,0.339008,0.489008,0.02079826593399048,0.5582751631736755,0.5374768972396851,2.791897773742676,16.311946868896484,0.17390424013137817,20,3,3,1,3,1,1,0.40752536058425903,0.03927576541900635,1,contra,0.15,-1,242,96,CORRECT,0,0,0,0,10,0,0.407525,0.0,answer,
margin,live-delta,5,0.0,0.54887,0.581322,0.417468,0.941406,0.339008,0.489008,0.0,0.7332625985145569,0.7332625985145569,2.361941337585449,10.611532211303711,0.15420275926589966,20,3,2,0,2,0,1,0.6061272025108337,0.0,0,contra,0.15,-1,243,154,CONTRADICTORY_STRICT,1,1,0,0,10,0,0.606127,0.0,answer,
margin,live-delta,5,0.0,0.54887,0.581322,0.417468,0.941406,0.339008,0.489008,0.0,0.5966714024543762,0.5966714024543762,1.1789672374725342,3.2510149478912354,0.4554668962955475,20,3,3,1,3,1,1,0.5010523200035095,0.0,0,contra,0.15,-1,244,105,CORRECT,0,0,0,0,11,0,0.501052,0.0,answer,
margin,live-delta,5,0.0,0.54887,0.581322,0.417468,0.941406,0.339008,0.489008,0.04181373119354248,0.6546295881271362,0.6128158569335938,2.6294801235198975,13.866559028625488,0.22626546025276184,20,3,3,1,3,1,1,0.36478039622306824,0.06370902061462402,2,contra,0.15,-1,245,123,CORRECT,0,0,0,0,10,0,0.36478,0.0,answer,
margin,live-delta,5,0.0,0.54887,0.581322,0.417468,0.941406,0.339008,0.489008,5.960464477539063e-08,0.8150867223739624,0.8150866627693176,0.7179058790206909,2.050135374069214,0.4986041486263275,20,3,1,0,3,1,1,0.5000943541526794,-5.960464477539063e-08,0,contra,0.15,-1,246,241,CORRECT,0,0,0,0,10,0,0.500094,0.0,answer,
margin,live-delta,5,0.0,0.54887,0.581322,0.417468,0.941406,0.339008,0.489008,0.052057862281799316,0.6668754816055298,0.6148176193237305,1.9140682220458984,6.780617713928223,0.4924528896808624,20,3,3,1,3,1,1,0.21266506612300873,0.13160079717636108,2,contra,0.15,-1,247,116,CORRECT,0,0,0,0,10,0,0.212665,0.0,answer,
margin,live-delta,5,0.0,0.54887,0.581322,0.417468,0.941406,0.339008,0.489008,0.0,0.6920506358146667,0.6920506358146667,0.7194894552230835,2.05338454246521,0.4982486069202423,7,3,2,0,3,1,1,0.5004367232322693,0.0,0,contra,0.15,-1,248,215,CORRECT,0,0,0,0,4,0,0.500437,0.0,answer,
margin,live-delta,5,0.0,0.54887,0.581322,0.417468,0.941406,0.339008,0.489008,0.041210323572158813,0.4416484236717224,0.4004381000995636,2.7905032634735107,16.289215087890625,0.2122228443622589,20,3,3,1,3,1,1,0.3855597972869873,0.07289791107177734,2,contra,0.15,-1,249,115,CORRECT,0,0,0,0,10,0,0.38556,0.0,answer,
margin,live-delta,5,0.0,0.54887,0.581322,0.417468,0.941406,0.339008,0.489008,5.960464477539063e-08,0.4839930534362793,0.4839929938316345,2.4154434204101562,11.194733619689941,0.2554287314414978,20,3,1,0,3,1,1,0.5827518701553345,-5.960464477539063e-08,0,contra,0.15,-1,250,241,CORRECT,0,0,0,0,12,0,0.540017,0.0,answer,
margin,live-delta,5,0.0,0.54887,0.581322,0.417468,0.941406,0.339008,0.489008,0.0,0.9193468689918518,0.9193468689918518,0.6931471824645996,2.0,0.5,2,3,3,1,2,0,1,0.5,0.0,0,contra,0.15,-1,251,105,CONTRADICTORY_LENIENT,0,1,0,0,1,0,0.5,0.0,answer,
margin,live-delta,5,0.0,0.54887,0.581322,0.417468,0.941406,0.339008,0.489008,0.0,0.4110674560070038,0.4110674560070038,2.7361040115356445,15.426765441894531,0.10783350467681885,17,3,3,1,3,1,1,0.4358838200569153,0.0,0,contra,0.15,-1,252,127,CORRECT,0,0,0,0,8,0,0.435884,0.0,answer,
margin,live-delta,5,0.0,0.54887,0.581322,0.417468,0.941406,0.339008,0.489008,0.04148721694946289,0.558095395565033,0.5166081786155701,2.5733888149261475,13.110177040100098,0.2651095688343048,20,3,3,1,3,1,1,0.3470282256603241,0.04148721694946289,1,contra,0.15,-1,253,123,CORRECT,0,0,0,0,10,0,0.347028,0.0,answer,
margin,live-delta,5,0.0,0.54887,0.581322,0.417468,0.941406,0.339008,0.489008,0.0,0.5217567086219788,0.5217567086219788,2.0906357765197754,8.090057373046875,0.29129505157470703,16,3,0,0,3,1,1,0.48718008399009705,0.0,0,contra,0.15,-1,254,138,CORRECT,0,0,0,0,7,0,0.48718,0.0,answer,
margin,live-delta,5,0.0,0.54887,0.581322,0.417468,0.941406,0.339008,0.489008,0.0,0.6134811043739319,0.6134811043739319,1.1511986255645752,3.161980628967285,0.3299490213394165,5,3,1,0,0,0,1,0.6649745106697083,0.0,0,contra,0.15,-1,255,150,CONTRADICTORY_STRICT,1,1,0,0,3,0,0.664975,0.0,answer,
margin,live-delta,6,0.0,0.553271,0.581322,0.457752,0.851562,0.345838,0.495838,0.0,0.6283859610557556,0.6283859610557556,2.484215259552002,11.991705894470215,0.136955127120018,20,0,0,1,2,0,1,0.6708604693412781,0.0,0,contra,0.15,-1,0,1,CONTRADICTORY_LENIENT,0,1,0,0,13,0,0.67086,0.0,answer,
margin,live-delta,6,0.0,0.553271,0.581322,0.457752,0.851562,0.345838,0.495838,0.0,0.538063645362854,0.538063645362854,2.603024482727051,13.504520416259766,0.14030645787715912,20,0,2,0,0,1,1,0.6105970740318298,0.0,0,contra,0.15,-1,1,148,CORRECT,0,0,0,0,11,0,0.610597,0.0,answer,
margin,live-delta,6,0.0,0.553271,0.581322,0.457752,0.851562,0.345838,0.495838,0.0,0.6435017585754395,0.6435017585754395,2.6573429107666016,14.258353233337402,0.17871110141277313,20,0,2,0,2,0,1,0.6210485100746155,0.0,0,contra,0.15,-1,2,240,CONTRADICTORY_STRICT,1,1,0,0,13,0,0.607096,0.0,answer,
margin,live-delta,6,0.0,0.553271,0.581322,0.457752,0.851562,0.345838,0.495838,0.0,0.7017878293991089,0.7017878293991089,2.3674581050872803,10.670234680175781,0.2251483052968979,20,0,2,0,0,1,1,0.6076601147651672,0.0,0,contra,0.15,-1,3,195,CORRECT,0,0,0,0,13,0,0.60766,0.0,answer,
margin,live-delta,6,0.0,0.553271,0.581322,0.457752,0.851562,0.345838,0.495838,0.0,0.6306256651878357,0.6306256651878357,2.7055439949035645,14.962453842163086,0.10039476305246353,20,0,3,0,0,1,1,0.6392694115638733,0.0,0,contra,0.15,-1,4,232,CORRECT,0,0,0,0,11,0,0.639269,0.0,answer,
margin,live-delta,6,0.0,0.553271,0.581322,0.457752,0.851562,0.345838,0.495838,0.0811147689819336,0.6353706121444702,0.5542558431625366,2.2816808223724365,9.793127059936523,0.40719491243362427,20,0,0,1,0,1,1,0.3712576925754547,0.0811147689819336,2,contra,0.15,-1,5,13,CORRECT,0,0,0,0,13,0,0.371258,0.0,answer,
margin,live-delta,6,0.0,0.553271,0.581322,0.457752,0.851562,0.345838,0.495838,0.0,0.6143373250961304,0.6143373250961304,2.6706485748291016,14.44933795928955,0.1395946890115738,20,0,1,0,1,0,1,0.6720654964447021,0.0,0,contra,0.15,-1,6,252,CONTRADICTORY_STRICT,1,1,0,0,12,0,0.672065,0.0,answer,
margin,live-delta,6,0.0,0.553271,0.581322,0.457752,0.851562,0.345838,0.495838,0.0,0.49529901146888733,0.49529901146888733,1.3862943649291992,4.0,0.25,4,0,2,0,3,0,1,0.75,0.0,0,contra,0.15,-1,7,165,CONTRADICTORY_STRICT,1,1,0,0,3,0,0.75,0.0,answer,
margin,live-delta,6,0.0,0.553271,0.581322,0.457752,0.851562,0.345838,0.495838,0.0,0.5491014122962952,0.5491014122962952,2.2839455604553223,9.81533145904541,0.20205244421958923,20,0,3,0,0,1,1,0.5349391102790833,0.0,0,contra,0.15,-1,8,222,CORRECT,0,0,0,0,10,0,0.534939,0.0,answer,
margin,live-delta,6,0.0,0.553271,0.581322,0.457752,0.851562,0.345838,0.495838,0.0,0.6821415424346924,0.6821415424346924,1.9236644506454468,6.845999240875244,0.2650090754032135,20,0,0,1,0,1,1,0.6154071092605591,0.0,0,contra,0.15,-1,9,12,CORRECT,0,0,0,0,11,0,0.615407,0.0,answer,
margin,live-delta,6,0.0,0.553271,0.581322,0.457752,0.851562,0.345838,0.495838,0.0325850248336792,0.5376240611076355,0.5050390362739563,2.774216651916504,16.02606773376465,0.19181740283966064,20,0,0,1,0,1,1,0.4658952057361603,0.06134516000747681,2,contra,0.15,-1,10,26,CORRECT,0,0,0,0,11,0,0.465895,0.0,answer,
margin,live-delta,6,0.0,0.553271,0.581322,0.457752,0.851562,0.345838,0.495838,0.0,0.5394497513771057,0.5394497513771057,2.6629836559295654,14.339008331298828,0.15070609748363495,20,0,0,1,0,1,1,0.5972992181777954,0.0,0,contra,0.15,-1,11,24,CORRECT,0,0,0,0,10,0,0.549365,0.0,answer,
margin,live-delta,6,0.0,0.553271,0.581322,0.457752,0.851562,0.345838,0.495838,0.0,0.6589005589485168,0.6589005589485168,2.6312098503112793,13.890564918518066,0.11119231581687927,20,0,2,0,0,1,1,0.5916060209274292,0.0,0,contra,0.15,-1,12,148,CORRECT,0,0,0,0,12,0,0.591606,0.0,answer,
margin,live-delta,6,0.0,0.553271,0.581322,0.457752,0.851562,0.345838,0.495838,0.004485130310058594,0.6025277972221375,0.5980426669120789,2.4279532432556152,11.335657119750977,0.24727900326251984,20,0,0,1,0,1,1,0.28054511547088623,0.08127981424331665,2,contra,0.15,-1,13,28,CORRECT,0,0,0,0,11,0,0.280545,0.0,answer,
margin,live-delta,6,0.0,0.553271,0.581322,0.457752,0.851562,0.345838,0.495838,0.0068146586418151855,0.6395174860954285,0.6327028274536133,2.3709115982055664,10.707148551940918,0.1649589240550995,20,0,0,1,0,1,1,0.4919580817222595,0.0068146586418151855,0,contra,0.15,-1,14,26,CORRECT,0,0,0,0,10,0,0.491958,0.0,answer,
margin,live-delta,6,0.0,0.553271,0.581322,0.457752,0.851562,0.345838,0.495838,0.0438503623008728,0.664881706237793,0.6210313439369202,2.508758068084717,12.289657592773438,0.27034980058670044,20,0,0,1,0,1,1,0.38328275084495544,0.0438503623008728,1,contra,0.15,-1,15,13,CORRECT,0,0,0,0,10,0,0.383283,0.0,answer,
margin,live-delta,6,0.0,0.553271,0.581322,0.457752,0.851562,0.345838,0.495838,0.0,0.5671543478965759,0.5671543478965759,2.924354314804077,18.6221981048584,0.07703211903572083,20,0,0,1,0,1,1,0.5383090972900391,0.0,0,contra,0.15,-1,16,12,CORRECT,0,0,0,0,10,0,0.538309,0.0,answer,
margin,live-delta,6,0.0,0.553271,0.581322,0.457752,0.851562,0.345838,0.495838,0.0,0.6850572228431702,0.6850572228431702,2.7204184532165527,15.186676025390625,0.12335015833377838,20,0,0,1,0,1,1,0.6590644121170044,0.0,0,contra,0.15,-1,17,30,CORRECT,0,0,0,0,13,0,0.659064,0.0,answer,
margin,live-delta,6,0.0,0.553271,0.581322,0.457752,0.851562,0.345838,0.495838,0.0,0.7553185224533081,0.7553185224533081,1.8359417915344238,6.2710371017456055,0.27484896779060364,20,0,0,1,0,1,1,0.6621152758598328,0.0,0,contra,0.15,-1,18,30,CORRECT,0,0,0,0,13,0,0.662115,0.0,answer,
margin,live-delta,6,0.0,0.553271,0.581322,0.457752,0.851562,0.345838,0.495838,0.0,0.7999752163887024,0.7999752163887024,1.418833613395691,4.132297992706299,0.31399691104888916,20,0,2,0,0,1,1,0.6655243039131165,0.0,0,contra,0.15,-1,19,223,CORRECT,0,0,0,0,13,0,0.665524,0.0,answer,
margin,live-delta,6,0.0,0.553271,0.581322,0.457752,0.851562,0.345838,0.495838,0.0,0.6305544376373291,0.6305544376373291,2.820574998855591,16.786500930786133,0.10891053080558777,20,0,3,0,0,1,1,0.47630685567855835,0.0,0,contra,0.15,-1,20,221,CORRECT,0,0,0,0,11,0,0.476307,0.0,answer,
margin,live-delta,6,0.0,0.553271,0.581322,0.457752,0.851562,0.345838,0.495838,0.01732957363128662,0.7488837242126465,0.7315541505813599,1.7252167463302612,5.6137375831604,0.29272225499153137,20,0,0,1,0,1,1,0.4414786696434021,0.01732957363128662,0,contra,0.15,-1,21,25,CORRECT,0,0,0,0,10,0,0.441479,0.0,answer,
margin,live-delta,6,0.0,0.553271,0.581322,0.457752,0.851562,0.345838,0.495838,0.0,0.697776734828949,0.697776734828949,2.3585307598114014,10.57540225982666,0.15298858284950256,20,0,0,1,2,0,1,0.6787860989570618,0.0,0,contra,0.15,-1,22,1,CONTRADICTORY_LENIENT,0,1,0,0,13,0,0.678786,0.0,answer,
margin,live-delta,6,0.0,0.553271,0.581322,0.457752,0.851562,0.345838,0.495838,0.0,0.6982559561729431,0.6982559561729431,2.420228958129883,11.248434066772461,0.16583439707756042,20,0,3,0,2,0,1,0.6867682933807373,0.0,0,contra,0.15,-1,23,144,CONTRADICTORY_STRICT,1,1,0,0,12,0,0.686768,0.0,answer,
margin,live-delta,6,0.0,0.553271,0.581322,0.457752,0.851562,0.345838,0.495838,0.0,0.550545334815979,0.550545334815979,1.688780665397644,5.412876605987549,0.34691786766052246,13,0,1,0,2,0,1,0.9574612379074097,-0.11566036939620972,0,contra,0.15,-1,24,33,CONTRADICTORY_LENIENT,0,1,0,0,8,0,0.530882,0.0,answer,
margin,live-delta,6,0.0,0.553271,0.581322,0.457752,0.851562,0.345838,0.495838,0.0,0.6313489079475403,0.6313489079475403,2.7618064880371094,15.828411102294922,0.1273266077041626,20,0,2,0,0,1,1,0.6243332028388977,0.0,0,contra,0.15,-1,25,223,CORRECT,0,0,0,0,13,0,0.624333,0.0,answer,
margin,live-delta,6,0.0,0.553271,0.581322,0.457752,0.851562,0.345838,0.495838,0.0,0.5523542165756226,0.5523542165756226,2.622298002243042,13.767324447631836,0.13580621778964996,20,0,3,0,0,1,1,0.6351237297058105,0.0,0,contra,0.15,-1,26,173,CORRECT,0,0,0,0,11,0,0.635124,0.0,answer,
margin,live-delta,6,0.0,0.553271,0.581322,0.457752,0.851562,0.345838,0.495838,0.0,0.6731027364730835,0.6731027364730835,2.4256539344787598,11.309622764587402,0.1758694052696228,20,0,2,0,0,1,1,0.6605741381645203,0.0,0,contra,0.15,-1,27,230,CORRECT,0,0,0,0,13,0,0.660574,0.0,answer,
margin,live-delta,6,0.0,0.553271,0.581322,0.457752,0.851562,0.345838,0.495838,0.0,0.4923955500125885,0.4923955500125885,2.162619113922119,8.693878173828125,0.20370160043239594,12,0,1,0,2,0,1,0.7976230382919312,-0.03371754288673401,0,contra,0.15,-1,28,33,CONTRADICTORY_LENIENT,0,1,0,0,7,0,0.57184,0.0,answer,
margin,live-delta,6,0.0,0.553271,0.581322,0.457752,0.851562,0.345838,0.495838,0.0004004240036010742,0.529884934425354,0.5294845104217529,2.7736990451812744,16.01777458190918,0.15046711266040802,20,0,0,1,0,1,1,0.43849503993988037,0.03374066948890686,1,contra,0.15,-1,29,13,CORRECT,0,0,0,0,11,0,0.416273,0.0,answer,
margin,live-delta,6,0.0,0.553271,0.581322,0.457752,0.851562,0.345838,0.495838,0.0,0.6916114091873169,0.6916114091873169,2.5208828449249268,12.439574241638184,0.19689719378948212,20,0,0,1,2,0,1,0.6105355024337769,0.0,0,contra,0.15,-1,30,11,CONTRADICTORY_LENIENT,0,1,0,0,12,0,0.610536,0.0,answer,
margin,live-delta,6,0.0,0.553271,0.581322,0.457752,0.851562,0.345838,0.495838,0.0,0.5836500525474548,0.5836500525474548,2.771646499633789,15.984931945800781,0.11969378590583801,20,0,2,0,0,1,1,0.5662949681282043,0.0,0,contra,0.15,-1,31,195,CORRECT,0,0,0,0,11,0,0.566295,0.0,answer,
margin,live-delta,6,0.0,0.553271,0.581322,0.457752,0.851562,0.345838,0.495838,0.0,0.4375622570514679,0.4375622570514679,2.1437628269195557,8.531479835510254,0.15001963078975677,10,0,2,0,3,0,1,0.7006524801254272,0.0,0,contra,0.15,-1,32,165,CONTRADICTORY_STRICT,1,1,0,0,6,0,0.5905,0.0,answer,
margin,live-delta,6,0.0,0.553271,0.581322,0.457752,0.851562,0.345838,0.495838,0.0,0.6656931638717651,0.6656931638717651,2.5135345458984375,12.348499298095703,0.1499408632516861,20,0,0,1,0,1,1,0.5936214327812195,0.0,0,contra,0.15,-1,33,20,CORRECT,0,0,0,0,11,0,0.593621,0.0,answer,
margin,live-delta,6,0.0,0.553271,0.581322,0.457752,0.851562,0.345838,0.495838,0.0,0.6726762056350708,0.6726762056350708,2.38114595413208,10.817292213439941,0.15785154700279236,20,0,0,1,2,0,1,0.6700934171676636,0.0,0,contra,0.15,-1,34,1,CONTRADICTORY_LENIENT,0,1,0,0,12,0,0.670093,0.0,answer,
margin,live-delta,6,0.0,0.553271,0.581322,0.457752,0.851562,0.345838,0.495838,0.06339681148529053,0.6739566326141357,0.6105598211288452,1.9762343168258667,7.21552038192749,0.47457218170166016,20,0,0,1,0,1,1,0.2554398477077484,0.10474848747253418,2,contra,0.15,-1,35,28,CORRECT,0,0,0,0,11,0,0.25544,0.0,answer,
margin,live-delta,6,0.0,0.553271,0.581322,0.457752,0.851562,0.345838,0.495838,0.0,0.6948245763778687,0.6948245763778687,2.247450828552246,9.463581085205078,0.21643394231796265,20,0,3,0,0,1,1,0.6003456115722656,0.0,0,contra,0.15,-1,36,222,CORRECT,0,0,0,0,11,0,0.600346,0.0,answer,
margin,live-delta,6,0.0,0.553271,0.581322,0.457752,0.851562,0.345838,0.495838,0.016531944274902344,0.5996270775794983,0.583095133304596,2.7101364135742188,15.031325340270996,0.1451687514781952,20,0,0,1,0,1,1,0.5667221546173096,0.016531944274902344,0,contra,0.15,-1,37,26,CORRECT,0,0,0,0,11,0,0.566722,0.0,answer,
margin,live-delta,6,0.0,0.553271,0.581322,0.457752,0.851562,0.345838,0.495838,0.01701536774635315,0.5104827880859375,0.49346742033958435,2.9759864807128906,19.608957290649414,0.08321960270404816,20,0,0,1,0,1,1,0.5427041053771973,0.01701536774635315,0,contra,0.15,-1,38,28,CORRECT,0,0,0,0,11,0,0.542704,0.0,answer,
margin,live-delta,6,0.0,0.553271,0.581322,0.457752,0.851562,0.345838,0.495838,0.0,0.7156831622123718,0.7156831622123718,2.4544522762298584,11.640056610107422,0.23899513483047485,20,0,0,1,0,1,1,0.581663966178894,0.0,0,contra,0.15,-1,39,11,CORRECT,0,0,0,0,12,0,0.581664,0.0,answer,
margin,live-delta,6,0.0,0.553271,0.581322,0.457752,0.851562,0.345838,0.495838,0.0,0.5193359851837158,0.5193359851837158,2.6890573501586914,14.717795372009277,0.15759049355983734,20,0,0,1,0,1,1,0.5168262124061584,0.0,0,contra,0.15,-1,40,18,CORRECT,0,0,0,0,12,0,0.516826,0.0,answer,
margin,live-delta,6,0.0,0.553271,0.581322,0.457752,0.851562,0.345838,0.495838,0.0,0.5956895351409912,0.5956895351409912,2.712099313735962,15.060859680175781,0.11889074742794037,20,0,2,0,0,1,1,0.5928775072097778,0.0,0,contra,0.15,-1,41,240,CORRECT,0,0,0,0,11,0,0.592878,0.0,answer,
margin,live-delta,6,0.0,0.553271,0.581322,0.457752,0.851562,0.345838,0.495838,0.0,0.5080372095108032,0.5080372095108032,1.453902244567871,4.279782772064209,0.24526698887348175,5,0,0,1,0,1,1,0.4905339777469635,0.0,0,contra,0.15,-1,42,15,CORRECT,0,0,0,0,2,0,0.490534,0.0,answer,
margin,live-delta,6,0.0,0.553271,0.581322,0.457752,0.851562,0.345838,0.495838,0.029343366622924805,0.5180602669715881,0.48871690034866333,2.4413182735443115,11.488175392150879,0.24475669860839844,20,0,0,1,0,1,1,0.621797502040863,0.029343366622924805,1,contra,0.15,-1,44,6,CORRECT,0,0,0,0,11,0,0.466491,0.0,answer,
margin,live-delta,6,0.0,0.553271,0.581322,0.457752,0.851562,0.345838,0.495838,0.0,0.7220957279205322,0.7220957279205322,1.6604660749435425,5.261762619018555,0.2911863923072815,20,0,3,0,0,1,1,0.6524869799613953,0.0,0,contra,0.15,-1,45,186,CORRECT,0,0,0,0,12,0,0.652487,0.0,answer,
margin,live-delta,6,0.0,0.553271,0.581322,0.457752,0.851562,0.345838,0.495838,0.0,0.5576402544975281,0.5576402544975281,2.8825161457061768,17.859153747558594,0.09170252084732056,20,0,0,1,0,1,1,0.4848536252975464,0.0,0,contra,0.15,-1,46,0,CORRECT,0,0,0,0,11,0,0.484854,0.0,answer,
margin,live-delta,6,0.0,0.553271,0.581322,0.457752,0.851562,0.345838,0.495838,0.0,0.706577718257904,0.706577718257904,2.482682466506958,11.973339080810547,0.18812505900859833,20,0,2,0,2,0,1,0.6145920157432556,0.0,0,contra,0.15,-1,47,195,CONTRADICTORY_STRICT,1,1,0,0,12,0,0.614592,0.0,answer,
margin,live-delta,6,0.0,0.553271,0.581322,0.457752,0.851562,0.345838,0.495838,0.0,0.4656926989555359,0.4656926989555359,2.8351752758026123,17.03338623046875,0.09923558682203293,20,0,2,0,0,1,1,0.5981484651565552,0.0,0,contra,0.15,-1,48,230,CORRECT,0,0,0,0,11,0,0.598148,0.0,answer,
margin,live-delta,6,0.0,0.553271,0.581322,0.457752,0.851562,0.345838,0.495838,0.0,0.6174630522727966,0.6174630522727966,2.9421370029449463,18.95631217956543,0.07503693550825119,20,0,3,0,0,1,1,0.6184350252151489,0.0,0,contra,0.15,-1,49,227,CORRECT,0,0,0,0,12,0,0.618435,0.0,answer,
margin,live-delta,6,0.0,0.553271,0.581322,0.457752,0.851562,0.345838,0.495838,0.0,0.631973922252655,0.631973922252655,2.844834804534912,17.19871711730957,0.12584412097930908,20,0,2,0,0,1,1,0.5469321012496948,0.0,0,contra,0.15,-1,50,195,CORRECT,0,0,0,0,12,0,0.546932,0.0,answer,
margin,live-delta,6,0.0,0.553271,0.581322,0.457752,0.851562,0.345838,0.495838,0.0,0.6099201440811157,0.6099201440811157,2.6059908866882324,13.544639587402344,0.1561286896467209,20,0,2,0,0,1,1,0.6325227618217468,0.0,0,contra,0.15,-1,51,223,CORRECT,0,0,0,0,12,0,0.611402,0.0,answer,
margin,live-delta,6,0.0,0.553271,0.581322,0.457752,0.851562,0.345838,0.495838,0.0,0.6817590594291687,0.6817590594291687,2.496225118637085,12.136592864990234,0.17790134251117706,20,0,0,1,0,1,1,0.6647733449935913,0.0,0,contra,0.15,-1,52,30,CORRECT,0,0,0,0,13,0,0.664773,0.0,answer,
margin,live-delta,6,0.0,0.553271,0.581322,0.457752,0.851562,0.345838,0.495838,0.0,0.6125666499137878,0.6125666499137878,2.7960293292999268,16.379480361938477,0.10883869230747223,20,0,2,0,0,1,1,0.6660206317901611,0.0,0,contra,0.15,-1,53,165,CORRECT,0,0,0,0,12,0,0.666021,0.0,answer,
margin,live-delta,6,0.0,0.553271,0.581322,0.457752,0.851562,0.345838,0.495838,0.0,0.6817615628242493,0.6817615628242493,2.3097496032714844,10.07190227508545,0.19458810985088348,20,0,2,0,0,1,1,0.6325679421424866,0.0,0,contra,0.15,-1,54,230,CORRECT,0,0,0,0,12,0,0.632568,0.0,answer,
margin,live-delta,6,0.0,0.553271,0.581322,0.457752,0.851562,0.345838,0.495838,0.0,0.7112128734588623,0.7112128734588623,1.978151559829712,7.229367733001709,0.2615649998188019,20,0,3,0,0,1,1,0.6651805639266968,0.0,0,contra,0.15,-1,55,186,CORRECT,0,0,0,0,13,0,0.665181,0.0,answer,
margin,live-delta,6,0.0,0.553271,0.581322,0.457752,0.851562,0.345838,0.495838,0.0,0.5435279607772827,0.5435279607772827,2.6045665740966797,13.525362014770508,0.14215655624866486,20,0,2,0,2,0,1,0.6461812853813171,0.0,0,contra,0.15,-1,56,163,CONTRADICTORY_STRICT,1,1,0,0,11,0,0.646181,0.0,answer,
margin,live-delta,6,0.0,0.553271,0.581322,0.457752,0.851562,0.345838,0.495838,0.011501491069793701,0.5289517045021057,0.517450213432312,2.947050094604492,19.0496768951416,0.08393767476081848,20,0,0,1,0,1,1,0.5892871022224426,0.011501491069793701,0,contra,0.15,-1,57,28,CORRECT,0,0,0,0,12,0,0.589287,0.0,answer,
margin,live-delta,6,0.0,0.553271,0.581322,0.457752,0.851562,0.345838,0.495838,0.02749544382095337,0.5211616158485413,0.4936661720275879,2.8272833824157715,16.89948844909668,0.12739896774291992,20,0,0,1,0,1,1,0.544438898563385,0.02749544382095337,1,contra,0.15,-1,58,28,CORRECT,0,0,0,0,11,0,0.520064,0.0,answer,
margin,live-delta,6,0.0,0.553271,0.581322,0.457752,0.851562,0.345838,0.495838,0.0,0.7100707292556763,0.7100707292556763,2.4617056846618652,11.724793434143066,0.20262180268764496,20,0,0,1,2,0,1,0.6149356961250305,0.0,0,contra,0.15,-1,59,11,CONTRADICTORY_LENIENT,0,1,0,0,12,0,0.614936,0.0,answer,
margin,live-delta,6,0.0,0.553271,0.581322,0.457752,0.851562,0.345838,0.495838,0.0,0.4191456735134125,0.4191456735134125,2.9431185722351074,18.97492790222168,0.07948128134012222,20,0,2,0,0,1,1,0.6434164047241211,0.0,0,contra,0.15,-1,60,129,CORRECT,0,0,0,0,13,0,0.643416,0.0,answer,
margin,live-delta,6,0.0,0.553271,0.581322,0.457752,0.851562,0.345838,0.495838,0.0009667277336120605,0.7287241816520691,0.727757453918457,2.0097813606262207,7.461685657501221,0.19450005888938904,20,0,0,1,0,1,1,0.45474541187286377,0.0009667277336120605,0,contra,0.15,-1,61,25,CORRECT,0,0,0,0,10,0,0.454745,0.0,answer,
margin,live-delta,6,0.0,0.553271,0.581322,0.457752,0.851562,0.345838,0.495838,0.0,0.5500202775001526,0.5500202775001526,2.6144840717315674,13.66016674041748,0.1586286574602127,20,0,0,1,0,1,1,0.6340904831886292,0.0,0,contra,0.15,-1,62,16,CORRECT,0,0,0,0,13,0,0.63409,0.0,answer,
margin,live-delta,6,0.0,0.553271,0.581322,0.457752,0.851562,0.345838,0.495838,0.0,0.7022755146026611,0.7022755146026611,2.215373992919922,9.164835929870605,0.22883842885494232,20,0,0,1,0,1,1,0.6540185213088989,0.0,0,contra,0.15,-1,63,22,CORRECT,0,0,0,0,12,0,0.654019,0.0,answer,
margin,live-delta,6,0.0,0.553271,0.581322,0.457752,0.851562,0.345838,0.495838,0.0,0.6372043490409851,0.6372043490409851,2.5465145111083984,12.762542724609375,0.16578137874603271,20,1,0,0,1,1,1,0.417814701795578,0.0,0,contra,0.15,-1,64,255,CORRECT,0,0,0,0,10,0,0.417815,0.0,answer,
margin,live-delta,6,0.0,0.553271,0.581322,0.457752,0.851562,0.345838,0.495838,0.0,0.7194734811782837,0.7194734811782837,2.361785650253296,10.609880447387695,0.15025536715984344,20,1,1,1,1,1,1,0.5991553068161011,0.0,0,contra,0.15,-1,65,49,CORRECT,0,0,0,0,10,0,0.599155,0.0,answer,
margin,live-delta,6,0.0,0.553271,0.581322,0.457752,0.851562,0.345838,0.495838,0.27114012837409973,0.7173919677734375,0.44625183939933777,0.15397873520851135,1.1664661169052124,0.978199303150177,13,1,1,1,1,1,0,0.0077440375462174416,0.27114012837409973,2,contra,0.15,-1,66,54,CORRECT,0,0,0,0,4,0,0.007744,0.0,answer,
margin,live-delta,6,0.0,0.553271,0.581322,0.457752,0.851562,0.345838,0.495838,0.0425182580947876,0.6012977957725525,0.5587795376777649,2.7577667236328125,15.764596939086914,0.16612331569194794,20,1,1,1,1,1,1,0.3855668902397156,0.04275411367416382,1,contra,0.15,-1,67,42,CORRECT,0,0,0,0,9,0,0.385567,0.0,answer,
margin,live-delta,6,0.0,0.553271,0.581322,0.457752,0.851562,0.345838,0.495838,0.17981696128845215,0.6864583492279053,0.5066413879394531,0.7551748156547546,2.127983570098877,0.8602735996246338,20,1,1,1,1,1,0,0.07039536535739899,0.17981696128845215,2,contra,0.15,-1,68,57,CORRECT,0,0,0,0,9,0,0.070395,0.0,answer,
margin,live-delta,6,0.0,0.553271,0.581322,0.457752,0.851562,0.345838,0.495838,0.026864051818847656,0.5847336053848267,0.557869553565979,2.7298641204833984,15.330803871154785,0.21005195379257202,20,1,1,1,1,1,1,0.42725369334220886,0.05837792158126831,2,contra,0.15,-1,69,52,CORRECT,0,0,0,0,11,0,0.427254,0.0,answer,
margin,live-delta,6,0.0,0.553271,0.581322,0.457752,0.851562,0.345838,0.495838,0.08957564830780029,0.6409651637077332,0.5513895153999329,1.4981011152267456,4.47318696975708,0.6258431077003479,20,1,1,1,1,1,1,0.16888131201267242,0.08957564830780029,2,contra,0.15,-1,70,57,CORRECT,0,0,0,0,9,0,0.168881,0.0,answer,
margin,live-delta,6,0.0,0.553271,0.581322,0.457752,0.851562,0.345838,0.495838,0.0,0.5237218141555786,0.5237218141555786,2.451979160308838,11.61130428314209,0.1421734094619751,20,1,1,1,1,1,1,0.5830185413360596,0.0,0,contra,0.15,-1,71,168,CORRECT,0,0,0,0,10,0,0.547922,0.0,answer,
margin,live-delta,6,0.0,0.553271,0.581322,0.457752,0.851562,0.345838,0.495838,0.028354346752166748,0.7925995588302612,0.7642452120780945,0.9801955819129944,2.6649773120880127,0.5920813679695129,16,1,1,1,1,1,0,0.01085236482322216,0.21448761224746704,2,contra,0.15,-1,72,40,CORRECT,0,0,0,0,4,0,0.010852,0.0,answer,
margin,live-delta,6,0.0,0.553271,0.581322,0.457752,0.851562,0.345838,0.495838,0.03947728872299194,0.4474477767944336,0.40797048807144165,2.691455125808716,14.753128051757812,0.17800560593605042,17,1,1,1,1,1,1,0.5006494522094727,0.03947728872299194,1,contra,0.15,-1,73,35,CORRECT,0,0,0,0,7,0,0.384495,0.0,answer,
margin,live-delta,6,0.0,0.553271,0.581322,0.457752,0.851562,0.345838,0.495838,0.019095420837402344,0.6300061345100403,0.6109107136726379,1.4478204250335693,4.253832817077637,0.4460126757621765,13,1,1,1,1,1,1,0.11397010833024979,0.0760849118232727,2,contra,0.15,-1,74,32,CORRECT,0,0,0,0,4,0,0.11397,0.0,answer,
margin,live-delta,6,0.0,0.553271,0.581322,0.457752,0.851562,0.345838,0.495838,0.0,0.6517993807792664,0.6517993807792664,2.339421272277832,10.37523078918457,0.21192356944084167,20,1,1,1,1,1,1,0.43942609429359436,0.0,0,contra,0.15,-1,75,48,CORRECT,0,0,0,0,9,0,0.439426,0.0,answer,
margin,live-delta,6,0.0,0.553271,0.581322,0.457752,0.851562,0.345838,0.495838,0.006723284721374512,0.5870903134346008,0.5803670287132263,2.613806962966919,13.650920867919922,0.20926593244075775,20,1,1,1,1,1,1,0.3015599846839905,0.059445738792419434,2,contra,0.15,-1,76,35,CORRECT,0,0,0,0,10,0,0.30156,0.0,answer,
margin,live-delta,6,0.0,0.553271,0.581322,0.457752,0.851562,0.345838,0.495838,0.011500447988510132,0.4391583800315857,0.42765793204307556,2.432429552078247,11.386512756347656,0.18022774159908295,14,1,1,1,1,1,1,0.3602744936943054,0.027290940284729004,1,contra,0.15,-1,77,58,CORRECT,0,0,0,0,7,0,0.360274,0.0,answer,
margin,live-delta,6,0.0,0.553271,0.581322,0.457752,0.851562,0.345838,0.495838,0.0,0.4854973554611206,0.4854973554611206,2.440711259841919,11.48120403289795,0.20390433073043823,16,1,0,0,1,1,1,0.40162450075149536,0.0,0,contra,0.15,-1,78,128,CORRECT,0,0,0,0,5,0,0.401624,0.0,answer,
margin,live-delta,6,0.0,0.553271,0.581322,0.457752,0.851562,0.345838,0.495838,0.0,0.43584972620010376,0.43584972620010376,2.0937039852142334,8.114916801452637,0.1698417067527771,9,1,2,0,1,1,1,0.38660675287246704,0.0,0,contra,0.15,-1,79,202,CORRECT,0,0,0,0,3,0,0.386607,0.0,answer,
margin,live-delta,6,0.0,0.553271,0.581322,0.457752,0.851562,0.345838,0.495838,0.0,0.580012857913971,0.580012857913971,2.2934298515319824,9.908864974975586,0.25646400451660156,20,1,0,0,0,0,1,0.931105375289917,-0.1121707558631897,0,contra,0.15,-1,80,24,CONTRADICTORY_LENIENT,0,1,0,0,10,0,0.507019,0.0,answer,
margin,live-delta,6,0.0,0.553271,0.581322,0.457752,0.851562,0.345838,0.495838,0.0,0.6887730360031128,0.6887730360031128,1.6909730434417725,5.4247565269470215,0.3208328187465668,14,1,1,1,1,1,1,0.4223558008670807,0.0,0,contra,0.15,-1,81,50,CORRECT,0,0,0,0,4,0,0.422356,0.0,answer,
margin,live-delta,6,0.0,0.553271,0.581322,0.457752,0.851562,0.345838,0.495838,0.06465297937393188,0.675824761390686,0.6111717820167542,1.9591820240020752,7.093522548675537,0.4645799398422241,20,1,1,1,1,1,1,0.19770926237106323,0.06465297937393188,2,contra,0.15,-1,82,61,CORRECT,0,0,0,0,7,0,0.197709,0.0,answer,
margin,live-delta,6,0.0,0.553271,0.581322,0.457752,0.851562,0.345838,0.495838,0.062261730432510376,0.522896409034729,0.46063467860221863,1.8622636795043945,6.438294410705566,0.5180009603500366,17,1,1,1,1,1,1,0.12828829884529114,0.15939843654632568,2,contra,0.15,-1,83,42,CORRECT,0,0,0,0,7,0,0.128288,0.0,answer,
margin,live-delta,6,0.0,0.553271,0.581322,0.457752,0.851562,0.345838,0.495838,0.007027864456176758,0.595234215259552,0.5882063508033752,2.5110106468200684,12.31737232208252,0.13828636705875397,20,1,1,1,1,1,1,0.5653949975967407,0.007027864456176758,0,contra,0.15,-1,84,52,CORRECT,0,0,0,0,11,0,0.565395,0.0,answer,
margin,live-delta,6,0.0,0.553271,0.581322,0.457752,0.851562,0.345838,0.495838,0.002056121826171875,0.5324323177337646,0.5303761959075928,2.826913833618164,16.893245697021484,0.13469672203063965,20,1,1,1,1,1,1,0.4896371364593506,0.0394936203956604,1,contra,0.15,-1,85,41,CORRECT,0,0,0,0,11,0,0.420182,0.0,answer,
margin,live-delta,6,0.0,0.553271,0.581322,0.457752,0.851562,0.345838,0.495838,0.014487206935882568,0.4904897212982178,0.4760025143623352,2.448516607284546,11.57116985321045,0.18147391080856323,15,1,0,0,0,0,1,0.6749438047409058,-0.023021996021270752,0,contra,0.15,-1,86,25,CONTRADICTORY_LENIENT,0,1,0,0,5,0,0.289807,0.0,answer,
margin,live-delta,6,0.0,0.553271,0.581322,0.457752,0.851562,0.345838,0.495838,0.0,0.8589409589767456,0.8589409589767456,0.7534318566322327,2.1242778301239014,0.4961441159248352,20,1,2,0,1,1,1,0.5004523396492004,0.0,0,contra,0.15,-1,87,189,CORRECT,0,0,0,0,10,0,0.500007,0.0,answer,
margin,live-delta,6,0.0,0.553271,0.581322,0.457752,0.851562,0.345838,0.495838,0.023692190647125244,0.6738309860229492,0.650138795375824,1.4296551942825317,4.177258491516113,0.4754352569580078,20,1,1,1,1,1,0,0.0345856212079525,0.18954646587371826,2,contra,0.15,-1,88,61,CORRECT,0,0,0,0,7,0,0.034586,0.0,answer,
margin,live-delta,6,0.0,0.553271,0.581322,0.457752,0.851562,0.345838,0.495838,0.01702946424484253,0.6745926737785339,0.6575632095336914,2.0060410499572754,7.433828830718994,0.3092101514339447,20,1,1,1,1,1,1,0.14190798997879028,0.06441539525985718,2,contra,0.15,-1,89,39,CORRECT,0,0,0,0,6,0,0.141908,0.0,answer,
margin,live-delta,6,0.0,0.553271,0.581322,0.457752,0.851562,0.345838,0.495838,0.005663156509399414,0.6045350432395935,0.5988718867301941,2.338253974914551,10.363126754760742,0.21529175341129303,20,1,1,1,1,1,1,0.1865120530128479,0.042933523654937744,1,contra,0.15,-1,90,39,CORRECT,0,0,0,0,7,0,0.186512,0.0,answer,
margin,live-delta,6,0.0,0.553271,0.581322,0.457752,0.851562,0.345838,0.495838,0.0,0.5371400713920593,0.5371400713920593,2.8403568267822266,17.12187385559082,0.08894509822130203,20,1,3,0,1,1,1,0.5931718945503235,0.0,0,contra,0.15,-1,91,161,CORRECT,0,0,0,0,10,0,0.529045,0.0,answer,
margin,live-delta,6,0.0,0.553271,0.581322,0.457752,0.851562,0.345838,0.495838,0.08484706282615662,0.46731051802635193,0.3824634552001953,1.5548975467681885,4.7346014976501465,0.5154414176940918,7,1,1,1,1,1,1,0.1601768434047699,0.08484706282615662,2,contra,0.15,-1,92,40,CORRECT,0,0,0,0,2,0,0.160177,0.0,answer,
margin,live-delta,6,0.0,0.553271,0.581322,0.457752,0.851562,0.345838,0.495838,0.03696244955062866,0.5619375705718994,0.5249751210212708,2.4812562465667725,11.95627498626709,0.2789943516254425,20,1,1,1,1,1,1,0.2376546412706375,0.03696244955062866,1,contra,0.15,-1,93,57,CORRECT,0,0,0,0,6,0,0.237655,0.0,answer,
margin,live-delta,6,0.0,0.553271,0.581322,0.457752,0.851562,0.345838,0.495838,0.001346588134765625,0.6266343593597412,0.6252877712249756,2.267472982406616,9.654972076416016,0.2187218815088272,20,1,1,1,1,1,1,0.1990824192762375,0.025648117065429688,1,contra,0.15,-1,94,61,CORRECT,0,0,0,0,7,0,0.199082,0.0,answer,
margin,live-delta,6,0.0,0.553271,0.581322,0.457752,0.851562,0.345838,0.495838,0.08536475896835327,0.604717493057251,0.5193527340888977,1.831587553024292,6.243791103363037,0.5332146883010864,20,1,1,1,1,1,1,0.21495531499385834,0.08536475896835327,2,contra,0.15,-1,95,41,CORRECT,0,0,0,0,9,0,0.214955,0.0,answer,
margin,live-delta,6,0.0,0.553271,0.581322,0.457752,0.851562,0.345838,0.495838,0.005658745765686035,0.6051054000854492,0.5994466543197632,2.42313814163208,11.281206130981445,0.17824910581111908,20,1,1,1,1,1,1,0.27845433354377747,0.005658745765686035,0,contra,0.15,-1,96,54,CORRECT,0,0,0,0,6,0,0.278454,0.0,answer,
margin,live-delta,6,0.0,0.553271,0.581322,0.457752,0.851562,0.345838,0.495838,0.06105303764343262,0.7184756994247437,0.657422661781311,1.2325987815856934,3.4301321506500244,0.6454333066940308,18,1,1,1,1,1,0,0.048342928290367126,0.1536245346069336,2,contra,0.15,-1,97,40,CORRECT,0,0,0,0,5,0,0.048343,0.0,answer,
margin,live-delta,6,0.0,0.553271,0.581322,0.457752,0.851562,0.345838,0.495838,0.0,0.582595705986023,0.582595705986023,1.9695767164230347,7.167642116546631,0.20688213407993317,17,1,2,0,1,1,1,0.5144440531730652,0.0,0,contra,0.15,-1,98,140,CORRECT,0,0,0,0,9,0,0.514444,0.0,answer,
margin,live-delta,6,0.0,0.553271,0.581322,0.457752,0.851562,0.345838,0.495838,0.28284549713134766,0.7437992691993713,0.4609537720680237,0.13220445811748505,1.1413416862487793,0.9817963242530823,15,1,1,1,1,1,0,0.009263474494218826,0.28284549713134766,2,contra,0.15,-1,99,41,CORRECT,0,0,0,0,7,0,0.009263,0.0,answer,
margin,live-delta,6,0.0,0.553271,0.581322,0.457752,0.851562,0.345838,0.495838,0.008107364177703857,0.5988268256187439,0.59071946144104,2.066777229309082,7.899324417114258,0.1783672273159027,20,1,1,1,1,1,1,0.495307981967926,0.008107364177703857,0,contra,0.15,-1,100,61,CORRECT,0,0,0,0,11,0,0.495308,0.0,answer,
margin,live-delta,6,0.0,0.553271,0.581322,0.457752,0.851562,0.345838,0.495838,0.018241524696350098,0.48883119225502014,0.47058966755867004,2.4652552604675293,11.766485214233398,0.2226933240890503,19,1,3,0,3,0,1,0.9088752269744873,-0.08488726615905762,0,contra,0.15,-1,101,123,CONTRADICTORY_LENIENT,0,1,0,0,9,0,0.327756,0.0,answer,
margin,live-delta,6,0.0,0.553271,0.581322,0.457752,0.851562,0.345838,0.495838,0.0,0.6314265727996826,0.6314265727996826,2.5709214210510254,13.077869415283203,0.1499018520116806,20,1,0,0,2,0,1,0.6588096022605896,0.0,0,contra,0.15,-1,102,190,CONTRADICTORY_STRICT,1,1,0,0,11,0,0.65881,0.0,answer,
margin,live-delta,6,0.0,0.553271,0.581322,0.457752,0.851562,0.345838,0.495838,0.018510043621063232,0.6128389239311218,0.5943288803100586,1.891121506690979,6.626796722412109,0.4182843863964081,20,1,1,1,1,1,1,0.14105059206485748,0.13988348841667175,2,contra,0.15,-1,103,54,CORRECT,0,0,0,0,8,0,0.141051,0.0,answer,
margin,live-delta,6,0.0,0.553271,0.581322,0.457752,0.851562,0.345838,0.495838,0.0,0.6102866530418396,0.6102866530418396,2.5325193405151367,12.585172653198242,0.11722312867641449,20,1,0,0,1,1,1,0.5271359086036682,0.0,0,contra,0.15,-1,104,183,CORRECT,0,0,0,0,9,0,0.527136,0.0,answer,
margin,live-delta,6,0.0,0.553271,0.581322,0.457752,0.851562,0.345838,0.495838,0.07134711742401123,0.705420970916748,0.6340738534927368,1.5176342725753784,4.5614213943481445,0.5664938688278198,16,1,1,1,1,1,0,0.0660393238067627,0.14682543277740479,2,contra,0.15,-1,105,40,CORRECT,0,0,0,0,4,0,0.066039,0.0,answer,
margin,live-delta,6,0.0,0.553271,0.581322,0.457752,0.851562,0.345838,0.495838,0.07959204912185669,0.7538836598396301,0.6742916107177734,1.163284420967102,3.200427532196045,0.6918977499008179,20,1,1,1,1,1,0,0.040256090462207794,0.1683506965637207,2,contra,0.15,-1,106,39,CORRECT,0,0,0,0,6,0,0.040256,0.0,answer,
margin,live-delta,6,0.0,0.553271,0.581322,0.457752,0.851562,0.345838,0.495838,0.0,0.6172198057174683,0.6172198057174683,2.2854623794555664,9.830230712890625,0.23025766015052795,20,1,1,1,1,1,1,0.47733479738235474,0.0,0,contra,0.15,-1,107,60,CORRECT,0,0,0,0,10,0,0.443282,0.0,answer,
margin,live-delta,6,0.0,0.553271,0.581322,0.457752,0.851562,0.345838,0.495838,0.0,0.6414546966552734,0.6414546966552734,2.4725990295410156,11.8532133102417,0.1413808912038803,20,1,1,1,1,1,1,0.5791758298873901,0.0,0,contra,0.15,-1,108,168,CORRECT,0,0,0,0,11,0,0.579176,0.0,answer,
margin,live-delta,6,0.0,0.553271,0.581322,0.457752,0.851562,0.345838,0.495838,0.0,0.6084858775138855,0.6084858775138855,2.5266122817993164,12.5110502243042,0.10497058928012848,20,1,2,0,1,1,1,0.642920732498169,0.0,0,contra,0.15,-1,109,235,CORRECT,0,0,0,0,11,0,0.642921,0.0,answer,
margin,live-delta,6,0.0,0.553271,0.581322,0.457752,0.851562,0.345838,0.495838,0.029764771461486816,0.6916086673736572,0.6618438959121704,1.7117201089859009,5.538480281829834,0.43688836693763733,12,1,1,1,1,1,1,0.11093828082084656,0.09624272584915161,2,contra,0.15,-1,111,32,CORRECT,0,0,0,0,3,0,0.110938,0.0,answer,
margin,live-delta,6,0.0,0.553271,0.581322,0.457752,0.851562,0.345838,0.495838,0.0,0.6678102612495422,0.6678102612495422,2.454651355743408,11.642374038696289,0.21352726221084595,20,1,1,1,1,1,1,0.5633294582366943,0.0,0,contra,0.15,-1,112,46,CORRECT,0,0,0,0,11,0,0.563329,0.0,answer,
margin,live-delta,6,0.0,0.553271,0.581322,0.457752,0.851562,0.345838,0.495838,0.024531066417694092,0.5232676267623901,0.49873656034469604,1.0557531118392944,2.874138832092285,0.5520445108413696,5,1,1,1,1,1,0,0.0,0.18431103229522705,2,contra,0.15,-1,113,34,CORRECT,0,0,0,0,0,0,0.0,0.0,answer,
margin,live-delta,6,0.0,0.553271,0.581322,0.457752,0.851562,0.345838,0.495838,0.03674370050430298,0.6705558896064758,0.6338121891021729,1.695985198020935,5.452014446258545,0.48145052790641785,20,1,1,1,1,1,0,0.07905727624893188,0.11231809854507446,2,contra,0.15,-1,114,57,CORRECT,0,0,0,0,6,0,0.079057,0.0,answer,
margin,live-delta,6,0.0,0.553271,0.581322,0.457752,0.851562,0.345838,0.495838,0.0,0.5355624556541443,0.5355624556541443,2.5283617973327637,12.532958030700684,0.18078362941741943,20,1,3,0,1,1,1,0.5328237414360046,0.0,0,contra,0.15,-1,115,159,CORRECT,0,0,0,0,8,0,0.479895,0.0,answer,
margin,live-delta,6,0.0,0.553271,0.581322,0.457752,0.851562,0.345838,0.495838,0.07225799560546875,0.6103099584579468,0.538051962852478,1.5815331935882568,4.862405300140381,0.5950949192047119,20,1,1,1,1,1,0,0.06310798227787018,0.15449249744415283,2,contra,0.15,-1,116,54,CORRECT,0,0,0,0,8,0,0.063108,0.0,answer,
margin,live-delta,6,0.0,0.553271,0.581322,0.457752,0.851562,0.345838,0.495838,0.0,0.670042097568512,0.670042097568512,2.171239137649536,8.769143104553223,0.1701475828886032,20,1,3,0,1,1,1,0.5780396461486816,0.0,0,contra,0.15,-1,117,254,CORRECT,0,0,0,0,11,0,0.57804,0.0,answer,
margin,live-delta,6,0.0,0.553271,0.581322,0.457752,0.851562,0.345838,0.495838,0.0,0.44668951630592346,0.44668951630592346,1.7688367366790771,5.864027976989746,0.25454527139663696,7,1,1,1,1,1,1,0.5687711238861084,0.0,0,contra,0.15,-1,118,48,CORRECT,0,0,0,0,4,0,0.568771,0.0,answer,
margin,live-delta,6,0.0,0.553271,0.581322,0.457752,0.851562,0.345838,0.495838,0.0,0.5582033395767212,0.5582033395767212,2.4879777431488037,12.036910057067871,0.13454777002334595,20,1,0,0,1,1,1,0.6124433875083923,0.0,0,contra,0.15,-1,119,183,CORRECT,0,0,0,0,10,0,0.597131,0.0,answer,
margin,live-delta,6,0.0,0.553271,0.581322,0.457752,0.851562,0.345838,0.495838,0.001757204532623291,0.6123923659324646,0.6106351613998413,2.279433488845825,9.771142959594727,0.17904585599899292,20,1,1,1,1,1,1,0.5037489533424377,0.001757204532623291,0,contra,0.15,-1,120,57,CORRECT,0,0,0,0,10,0,0.503749,0.0,answer,
margin,live-delta,6,0.0,0.553271,0.581322,0.457752,0.851562,0.345838,0.495838,0.028531432151794434,0.6142705678939819,0.5857391357421875,2.5058887004852295,12.25444507598877,0.24969008564949036,20,1,1,1,1,1,1,0.42855849862098694,0.028531432151794434,1,contra,0.15,-1,121,52,CORRECT,0,0,0,0,11,0,0.428558,0.0,answer,
margin,live-delta,6,0.0,0.553271,0.581322,0.457752,0.851562,0.345838,0.495838,0.04132509231567383,0.6418052911758423,0.6004801988601685,2.6558351516723633,14.236870765686035,0.20941531658172607,20,1,1,1,1,1,1,0.5161788463592529,0.04132509231567383,1,contra,0.15,-1,122,52,CORRECT,0,0,0,0,12,0,0.516179,0.0,answer,
margin,live-delta,6,0.0,0.553271,0.581322,0.457752,0.851562,0.345838,0.495838,0.0,0.5257062911987305,0.5257062911987305,1.950326919555664,7.0309858322143555,0.3485167622566223,20,1,2,0,1,1,1,0.5564694404602051,0.0,0,contra,0.15,-1,123,189,CORRECT,0,0,0,0,9,0,0.482683,0.0,answer,
margin,live-delta,6,0.0,0.553271,0.581322,0.457752,0.851562,0.345838,0.495838,0.0,0.7209793329238892,0.7209793329238892,2.2722392082214355,9.701099395751953,0.15995973348617554,20,1,2,0,2,0,1,0.6814458966255188,0.0,0,contra,0.15,-1,124,235,CONTRADICTORY_STRICT,1,1,0,0,10,0,0.681446,0.0,answer,
margin,live-delta,6,0.0,0.553271,0.581322,0.457752,0.851562,0.345838,0.495838,0.0,0.5810360312461853,0.5810360312461853,2.5641205310821533,12.989230155944824,0.16041670739650726,20,1,1,1,1,1,1,0.5478318929672241,0.0,0,contra,0.15,-1,125,38,CORRECT,0,0,0,0,9,0,0.537621,0.0,answer,
margin,live-delta,6,0.0,0.553271,0.581322,0.457752,0.851562,0.345838,0.495838,0.051419079303741455,0.7271186113357544,0.6756995320320129,1.1989730596542358,3.316709041595459,0.5584272742271423,19,1,1,1,1,1,1,0.22100956737995148,0.051419079303741455,2,contra,0.15,-1,126,41,CORRECT,0,0,0,0,8,0,0.22101,0.0,answer,
margin,live-delta,6,0.0,0.553271,0.581322,0.457752,0.851562,0.345838,0.495838,0.1547597050666809,0.7880293130874634,0.6332696080207825,0.5216907858848572,1.6848740577697754,0.8944893479347229,16,1,1,1,1,1,0,0.011353464797139168,0.241455078125,2,contra,0.15,-1,127,40,CORRECT,0,0,0,0,4,0,0.011353,0.0,answer,
margin,live-delta,6,0.0,0.553271,0.581322,0.457752,0.851562,0.345838,0.495838,0.02814382314682007,0.5415035486221313,0.5133597254753113,2.80753231048584,16.568981170654297,0.16701535880565643,20,2,2,1,2,1,1,0.32717272639274597,0.02814382314682007,1,contra,0.15,-1,128,66,CORRECT,0,0,0,0,7,0,0.327173,0.0,answer,
margin,live-delta,6,0.0,0.553271,0.581322,0.457752,0.851562,0.345838,0.495838,0.02547597885131836,0.5951765775680542,0.5697005987167358,2.5392403602600098,12.670042991638184,0.22631797194480896,20,2,2,1,2,1,1,0.31207555532455444,0.02547597885131836,1,contra,0.15,-1,129,66,CORRECT,0,0,0,0,8,0,0.312076,0.0,answer,
margin,live-delta,6,0.0,0.553271,0.581322,0.457752,0.851562,0.345838,0.495838,0.041772425174713135,0.5690668821334839,0.5272944569587708,2.7555556297302246,15.729778289794922,0.16376113891601562,20,2,2,1,2,1,1,0.32592272758483887,0.041772425174713135,1,contra,0.15,-1,130,81,CORRECT,0,0,0,0,7,0,0.325923,0.0,answer,
margin,live-delta,6,0.0,0.553271,0.581322,0.457752,0.851562,0.345838,0.495838,0.014298349618911743,0.40967702865600586,0.3953786790370941,1.6854453086853027,5.394852638244629,0.2871641218662262,6,2,2,1,2,1,1,0.3134351968765259,0.014298349618911743,0,contra,0.15,-1,132,71,CORRECT,0,0,0,0,2,0,0.313435,0.0,answer,
margin,live-delta,6,0.0,0.553271,0.581322,0.457752,0.851562,0.345838,0.495838,0.07747495174407959,0.7438898086547852,0.6664148569107056,1.2660411596298218,3.546783685684204,0.6325154900550842,20,2,2,1,2,1,1,0.18890132009983063,0.07747495174407959,2,contra,0.15,-1,133,71,CORRECT,0,0,0,0,8,0,0.188901,0.0,answer,
margin,live-delta,6,0.0,0.553271,0.581322,0.457752,0.851562,0.345838,0.495838,0.09667551517486572,0.7966055274009705,0.6999300122261047,1.5404735803604126,4.666800022125244,0.620849072933197,20,2,2,1,2,1,1,0.13255350291728973,0.10837900638580322,2,contra,0.15,-1,134,86,CORRECT,0,0,0,0,7,0,0.132554,0.0,answer,
margin,live-delta,6,0.0,0.553271,0.581322,0.457752,0.851562,0.345838,0.495838,0.0,0.5892134308815002,0.5892134308815002,2.037095308303833,7.668302536010742,0.23135726153850555,20,2,0,0,2,1,1,0.5536633133888245,0.0,0,contra,0.15,-1,135,265,CORRECT,0,0,0,0,8,0,0.553663,0.0,answer,
margin,live-delta,6,0.0,0.553271,0.581322,0.457752,0.851562,0.345838,0.495838,0.0,0.6251969933509827,0.6251969933509827,2.5897586345672607,13.326554298400879,0.1985977441072464,20,2,1,0,2,1,1,0.4418671131134033,0.0,0,contra,0.15,-1,136,170,CORRECT,0,0,0,0,7,0,0.441867,0.0,answer,
margin,live-delta,6,0.0,0.553271,0.581322,0.457752,0.851562,0.345838,0.495838,0.0,0.4245971441268921,0.4245971441268921,1.7037198543548584,5.49434757232666,0.21169176697731018,6,2,1,0,2,1,1,0.42338353395462036,0.0,0,contra,0.15,-1,137,143,CORRECT,0,0,0,0,2,0,0.423384,0.0,answer,
margin,live-delta,6,0.0,0.553271,0.581322,0.457752,0.851562,0.345838,0.495838,0.012679576873779297,0.41997987031936646,0.40730029344558716,2.64452862739563,14.076807975769043,0.12614934146404266,15,2,2,1,2,1,1,0.3171974718570709,0.027431517839431763,1,contra,0.15,-1,138,85,CORRECT,0,0,0,0,5,0,0.317197,0.0,answer,
margin,live-delta,6,0.0,0.553271,0.581322,0.457752,0.851562,0.345838,0.495838,0.028989017009735107,0.6016455292701721,0.572656512260437,2.216634511947632,9.176395416259766,0.2977466583251953,20,2,2,1,2,1,1,0.22868689894676208,0.028989017009735107,1,contra,0.15,-1,139,64,CORRECT,0,0,0,0,7,0,0.228687,0.0,answer,
margin,live-delta,6,0.0,0.553271,0.581322,0.457752,0.851562,0.345838,0.495838,0.0,0.6501257419586182,0.6501257419586182,1.8679890632629395,6.47526216506958,0.22565878927707672,14,2,3,0,2,1,1,0.6074314713478088,0.0,0,contra,0.15,-1,140,219,CORRECT,0,0,0,0,5,0,0.607431,0.0,answer,
margin,live-delta,6,0.0,0.553271,0.581322,0.457752,0.851562,0.345838,0.495838,0.047999441623687744,0.6712274551391602,0.6232280135154724,2.090024471282959,8.085112571716309,0.39970138669013977,20,2,2,1,2,1,1,0.23334407806396484,0.047999441623687744,1,contra,0.15,-1,141,86,CORRECT,0,0,0,0,7,0,0.233344,0.0,answer,
margin,live-delta,6,0.0,0.553271,0.581322,0.457752,0.851562,0.345838,0.495838,0.0,0.5701974630355835,0.5701974630355835,2.787735939025879,16.244199752807617,0.10931164771318436,20,2,1,0,2,1,1,0.3628518879413605,0.0,0,contra,0.15,-1,142,212,CORRECT,0,0,0,0,7,0,0.362852,0.0,answer,
margin,live-delta,6,0.0,0.553271,0.581322,0.457752,0.851562,0.345838,0.495838,0.0,0.4765753746032715,0.4765753746032715,2.8342320919036865,17.0173282623291,0.11499208211898804,20,2,0,0,2,1,1,0.3907008171081543,0.0,0,contra,0.15,-1,143,265,CORRECT,0,0,0,0,7,0,0.390701,0.0,answer,
margin,live-delta,6,0.0,0.553271,0.581322,0.457752,0.851562,0.345838,0.495838,0.0962134599685669,0.5023441314697266,0.40613067150115967,1.0989700555801392,3.0010735988616943,0.7064645290374756,7,2,2,1,2,1,0,0.07749783992767334,0.1362971067428589,2,contra,0.15,-1,144,85,CORRECT,0,0,0,0,2,0,0.077498,0.0,answer,
margin,live-delta,6,0.0,0.553271,0.581322,0.457752,0.851562,0.345838,0.495838,0.06751570105552673,0.5056645274162292,0.4381488263607025,1.945493221282959,6.997082233428955,0.399839848279953,11,2,2,1,2,1,1,0.2941681742668152,0.06751570105552673,2,contra,0.15,-1,145,88,CORRECT,0,0,0,0,4,0,0.294168,0.0,answer,
margin,live-delta,6,0.0,0.553271,0.581322,0.457752,0.851562,0.345838,0.495838,0.0006460845470428467,0.4003845751285553,0.39973849058151245,2.5184969902038574,12.409930229187012,0.11961117386817932,13,2,2,1,2,1,1,0.4248600900173187,0.0006460845470428467,0,contra,0.15,-1,146,88,CORRECT,0,0,0,0,6,0,0.42486,0.0,answer,
margin,live-delta,6,0.0,0.553271,0.581322,0.457752,0.851562,0.345838,0.495838,0.0,0.5993673205375671,0.5993673205375671,2.2532944679260254,9.519044876098633,0.20674698054790497,20,2,0,0,2,1,1,0.5261788964271545,0.0,0,contra,0.15,-1,147,265,CORRECT,0,0,0,0,6,0,0.526179,0.0,answer,
margin,live-delta,6,0.0,0.553271,0.581322,0.457752,0.851562,0.345838,0.495838,0.003406345844268799,0.5392884612083435,0.5358821153640747,2.7410330772399902,15.502992630004883,0.1465541273355484,20,2,2,1,2,1,1,0.37196654081344604,0.003406345844268799,0,contra,0.15,-1,148,78,CORRECT,0,0,0,0,8,0,0.371967,0.0,answer,
margin,live-delta,6,0.0,0.553271,0.581322,0.457752,0.851562,0.345838,0.495838,0.0,0.6592262983322144,0.6592262983322144,1.8431789875030518,6.316586494445801,0.34104037284851074,20,2,0,0,2,1,1,0.5089802742004395,0.0,0,contra,0.15,-1,149,265,CORRECT,0,0,0,0,7,0,0.50898,0.0,answer,
margin,live-delta,6,0.0,0.553271,0.581322,0.457752,0.851562,0.345838,0.495838,0.002938687801361084,0.6503852605819702,0.6474465727806091,2.6420702934265137,14.042244911193848,0.10929498821496964,20,2,2,1,2,1,1,0.3690529465675354,0.004634380340576172,0,contra,0.15,-1,150,66,CORRECT,0,0,0,0,7,0,0.369053,0.0,answer,
margin,live-delta,6,0.0,0.553271,0.581322,0.457752,0.851562,0.345838,0.495838,0.027769744396209717,0.5065252184867859,0.47875547409057617,2.58968186378479,13.325531959533691,0.2540431022644043,20,2,2,1,2,1,1,0.23981985449790955,0.06456291675567627,2,contra,0.15,-1,151,85,CORRECT,0,0,0,0,7,0,0.23982,0.0,answer,
margin,live-delta,6,0.0,0.553271,0.581322,0.457752,0.851562,0.345838,0.495838,0.27028217911720276,0.6035950779914856,0.33331289887428284,-0.0,1.0,1.0,1,2,2,1,2,1,0,0.0,0.27028217911720276,2,contra,0.15,-1,152,74,CORRECT,0,0,0,0,0,0,0.0,0.0,answer,
margin,live-delta,6,0.0,0.553271,0.581322,0.457752,0.851562,0.345838,0.495838,0.0,0.574760377407074,0.574760377407074,2.681229829788208,14.603041648864746,0.1579304188489914,20,2,1,0,2,1,1,0.4252132475376129,0.0,0,contra,0.15,-1,153,184,CORRECT,0,0,0,0,7,0,0.425213,0.0,answer,
margin,live-delta,6,0.0,0.553271,0.581322,0.457752,0.851562,0.345838,0.495838,0.010171353816986084,0.39511168003082275,0.38494032621383667,2.367751121520996,10.673361778259277,0.12329356372356415,11,2,2,1,2,1,1,0.4881778359413147,0.010171353816986084,0,contra,0.15,-1,155,64,CORRECT,0,0,0,0,5,0,0.488178,0.0,answer,
margin,live-delta,6,0.0,0.553271,0.581322,0.457752,0.851562,0.345838,0.495838,0.0,0.4113556444644928,0.4113556444644928,1.4133398532867432,4.109658241271973,0.35482463240623474,5,2,2,1,2,1,1,0.5483918190002441,0.0,0,contra,0.15,-1,156,93,CORRECT,0,0,0,0,3,0,0.548392,0.0,answer,
margin,live-delta,6,0.0,0.553271,0.581322,0.457752,0.851562,0.345838,0.495838,0.0,0.6391476988792419,0.6391476988792419,2.5666394233703613,13.021989822387695,0.19493822753429413,20,2,1,0,2,1,1,0.4007737636566162,0.0,0,contra,0.15,-1,157,184,CORRECT,0,0,0,0,7,0,0.400774,0.0,answer,
margin,live-delta,6,0.0,0.553271,0.581322,0.457752,0.851562,0.345838,0.495838,0.08749839663505554,0.5680897235870361,0.4805913269519806,2.4726710319519043,11.854066848754883,0.3515687584877014,20,2,2,1,2,1,1,0.2563301622867584,0.08749839663505554,2,contra,0.15,-1,158,85,CORRECT,0,0,0,0,7,0,0.25633,0.0,answer,
margin,live-delta,6,0.0,0.553271,0.581322,0.457752,0.851562,0.345838,0.495838,0.18490827083587646,0.7387069463729858,0.5537986755371094,0.6389046907424927,1.8944047689437866,0.8841629028320312,20,2,2,1,2,1,0,0.0649934858083725,0.18490827083587646,2,contra,0.15,-1,159,68,CORRECT,0,0,0,0,9,0,0.064993,0.0,answer,
margin,live-delta,6,0.0,0.553271,0.581322,0.457752,0.851562,0.345838,0.495838,0.0,0.5577472448348999,0.5577472448348999,2.2451038360595703,9.44139575958252,0.22956565022468567,20,2,0,0,2,1,1,0.5171696543693542,0.0,0,contra,0.15,-1,160,265,CORRECT,0,0,0,0,7,0,0.51717,0.0,answer,
margin,live-delta,6,0.0,0.553271,0.581322,0.457752,0.851562,0.345838,0.495838,0.0,0.4709516167640686,0.4709516167640686,2.6547398567199707,14.221285820007324,0.1294148713350296,18,2,2,1,2,1,1,0.41542574763298035,0.0,0,contra,0.15,-1,161,94,CORRECT,0,0,0,0,7,0,0.415426,0.0,answer,
margin,live-delta,6,0.0,0.553271,0.581322,0.457752,0.851562,0.345838,0.495838,0.0,0.6567572355270386,0.6567572355270386,1.0291049480438232,2.7985599040985107,0.466167151927948,11,2,2,1,2,1,1,0.5012326240539551,0.0,0,contra,0.15,-1,162,93,CORRECT,0,0,0,0,5,0,0.501233,0.0,answer,
margin,live-delta,6,0.0,0.553271,0.581322,0.457752,0.851562,0.345838,0.495838,0.01217794418334961,0.574068546295166,0.5618906021118164,2.6871142387390137,14.689225196838379,0.16334331035614014,20,2,2,1,2,1,1,0.327458918094635,0.01217794418334961,0,contra,0.15,-1,163,66,CORRECT,0,0,0,0,9,0,0.327459,0.0,answer,
margin,live-delta,6,0.0,0.553271,0.581322,0.457752,0.851562,0.345838,0.495838,0.0,0.6889474987983704,0.6889474987983704,0.7520305514335632,2.121303081512451,0.4958607852458954,10,2,2,1,2,1,1,0.49954500794410706,0.0,0,contra,0.15,-1,164,93,CORRECT,0,0,0,0,5,0,0.499545,0.0,answer,
margin,live-delta,6,0.0,0.553271,0.581322,0.457752,0.851562,0.345838,0.495838,0.08025693893432617,0.6881221532821655,0.6078652143478394,2.5076446533203125,12.275981903076172,0.33421802520751953,20,2,2,1,2,1,1,0.2846215069293976,0.08025693893432617,2,contra,0.15,-1,165,86,CORRECT,0,0,0,0,8,0,0.284622,0.0,answer,
margin,live-delta,6,0.0,0.553271,0.581322,0.457752,0.851562,0.345838,0.495838,0.0,0.4756857752799988,0.4756857752799988,1.8331832885742188,6.253762722015381,0.24703349173069,9,2,0,0,2,1,1,0.5733582973480225,0.0,0,contra,0.15,-1,166,233,CORRECT,0,0,0,0,4,0,0.573358,0.0,answer,
margin,live-delta,6,0.0,0.553271,0.581322,0.457752,0.851562,0.345838,0.495838,0.0,0.3853720426559448,0.3853720426559448,1.770105242729187,5.871471405029297,0.1938287913799286,6,2,2,1,2,1,1,0.3723108768463135,0.0,0,contra,0.15,-1,167,93,CORRECT,0,0,0,0,2,0,0.372311,0.0,answer,
margin,live-delta,6,0.0,0.553271,0.581322,0.457752,0.851562,0.345838,0.495838,0.0,0.3759671151638031,0.3759671151638031,0.6931471824645996,2.0,0.5,2,2,2,1,2,1,1,0.5,0.0,0,contra,0.15,-1,168,93,CORRECT,0,0,0,0,1,0,0.5,0.0,answer,
margin,live-delta,6,0.0,0.553271,0.581322,0.457752,0.851562,0.345838,0.495838,0.0,0.6072017550468445,0.6072017550468445,2.538831949234009,12.66486930847168,0.13711507618427277,20,2,3,0,2,1,1,0.5342227220535278,0.0,0,contra,0.15,-1,169,137,CORRECT,0,0,0,0,8,0,0.534223,0.0,answer,
margin,live-delta,6,0.0,0.553271,0.581322,0.457752,0.851562,0.345838,0.495838,0.018336057662963867,0.4837937653064728,0.4654577076435089,2.3328118324279785,10.30688190460205,0.2839210629463196,16,2,2,1,2,1,1,0.19165800511837006,0.07637408375740051,2,contra,0.15,-1,170,68,CORRECT,0,0,0,0,5,0,0.191658,0.0,answer,
margin,live-delta,6,0.0,0.553271,0.581322,0.457752,0.851562,0.345838,0.495838,0.03160598874092102,0.42073097825050354,0.3891249895095825,1.678879976272583,5.359549522399902,0.3373810052871704,6,2,2,1,2,1,1,0.3819774091243744,0.03160598874092102,1,contra,0.15,-1,172,88,CORRECT,0,0,0,0,3,0,0.381977,0.0,answer,
margin,live-delta,6,0.0,0.553271,0.581322,0.457752,0.851562,0.345838,0.495838,0.0,0.5705028176307678,0.5705028176307678,2.829322099685669,16.933977127075195,0.12349028140306473,20,2,3,0,2,1,1,0.3894326686859131,0.0,0,contra,0.15,-1,173,239,CORRECT,0,0,0,0,8,0,0.389433,0.0,answer,
margin,live-delta,6,0.0,0.553271,0.581322,0.457752,0.851562,0.345838,0.495838,0.0,0.4979991614818573,0.4979991614818573,2.474689483642578,11.878018379211426,0.19985783100128174,16,2,2,1,2,1,1,0.46868813037872314,0.0,0,contra,0.15,-1,174,65,CORRECT,0,0,0,0,7,0,0.468688,0.0,answer,
margin,live-delta,6,0.0,0.553271,0.581322,0.457752,0.851562,0.345838,0.495838,0.0024803578853607178,0.4129861891269684,0.41050583124160767,2.4075987339019775,11.107257843017578,0.12546883523464203,12,2,2,1,2,1,1,0.49696388840675354,0.0024803578853607178,0,contra,0.15,-1,176,88,CORRECT,0,0,0,0,6,0,0.496964,0.0,answer,
margin,live-delta,6,0.0,0.553271,0.581322,0.457752,0.851562,0.345838,0.495838,0.12175902724266052,0.6065850257873535,0.484825998544693,1.7139838933944702,5.551032066345215,0.6130585670471191,20,2,2,1,2,1,1,0.13814106583595276,0.12190032005310059,2,contra,0.15,-1,177,78,CORRECT,0,0,0,0,8,0,0.138141,0.0,answer,
margin,live-delta,6,0.0,0.553271,0.581322,0.457752,0.851562,0.345838,0.495838,0.0012949109077453613,0.5802474617958069,0.5789525508880615,2.6275782585144043,13.840211868286133,0.15452930331230164,20,2,2,1,2,1,1,0.3714365065097809,0.0012949109077453613,0,contra,0.15,-1,179,87,CORRECT,0,0,0,0,7,0,0.371437,0.0,answer,
margin,live-delta,6,0.0,0.553271,0.581322,0.457752,0.851562,0.345838,0.495838,0.0029421746730804443,0.4807736277580261,0.4778314530849457,2.7059967517852783,14.969229698181152,0.1347336322069168,20,2,2,1,2,1,1,0.3946147561073303,0.0029421746730804443,0,contra,0.15,-1,180,64,CORRECT,0,0,0,0,7,0,0.394615,0.0,answer,
margin,live-delta,6,0.0,0.553271,0.581322,0.457752,0.851562,0.345838,0.495838,0.0,0.6918320655822754,0.6918320655822754,1.9648966789245605,7.1341753005981445,0.3115309774875641,20,2,0,0,2,1,1,0.39800727367401123,0.0,0,contra,0.15,-1,181,193,CORRECT,0,0,0,0,8,0,0.398007,0.0,answer,
margin,live-delta,6,0.0,0.553271,0.581322,0.457752,0.851562,0.345838,0.495838,0.012425124645233154,0.45632970333099365,0.4439045786857605,2.5231456756591797,12.467754364013672,0.18836663663387299,15,2,2,1,2,1,1,0.3006141185760498,0.04653298854827881,1,contra,0.15,-1,182,64,CORRECT,0,0,0,0,6,0,0.300614,0.0,answer,
margin,live-delta,6,0.0,0.553271,0.581322,0.457752,0.851562,0.345838,0.495838,0.0,0.36534959077835083,0.36534959077835083,1.08611261844635,2.9627344608306885,0.36981987953186035,3,2,1,0,2,1,1,0.36981987953186035,0.0,0,contra,0.15,-1,183,170,CORRECT,0,0,0,0,1,0,0.36982,0.0,answer,
margin,live-delta,6,0.0,0.553271,0.581322,0.457752,0.851562,0.345838,0.495838,0.0478360652923584,0.551082193851471,0.5032461285591125,2.685605049133301,14.667073249816895,0.23582270741462708,20,2,2,1,2,1,1,0.2883276641368866,0.06652528047561646,2,contra,0.15,-1,184,66,CORRECT,0,0,0,0,8,0,0.288328,0.0,answer,
margin,live-delta,6,0.0,0.553271,0.581322,0.457752,0.851562,0.345838,0.495838,0.0,0.5307070016860962,0.5307070016860962,1.1873258352279663,3.2783026695251465,0.4315509498119354,6,2,2,1,2,1,1,0.4996860921382904,0.0,0,contra,0.15,-1,185,84,CORRECT,0,0,0,0,3,0,0.499686,0.0,answer,
margin,live-delta,6,0.0,0.553271,0.581322,0.457752,0.851562,0.345838,0.495838,0.0,0.6895368099212646,0.6895368099212646,2.203669548034668,9.058192253112793,0.16465933620929718,20,2,0,0,2,1,1,0.537327766418457,0.0,0,contra,0.15,-1,186,233,CORRECT,0,0,0,0,8,0,0.537328,0.0,answer,
margin,live-delta,6,0.0,0.553271,0.581322,0.457752,0.851562,0.345838,0.495838,0.038748323917388916,0.36235830187797546,0.32360997796058655,-0.0,1.0,1.0,1,2,2,1,2,1,0,0.0,0.038748323917388916,1,contra,0.15,-1,187,81,CORRECT,0,0,0,0,0,0,0.0,0.0,answer,
margin,live-delta,6,0.0,0.553271,0.581322,0.457752,0.851562,0.345838,0.495838,0.0,0.46566590666770935,0.46566590666770935,2.222334384918213,9.228849411010742,0.18414880335330963,15,2,1,0,2,1,1,0.5074520111083984,0.0,0,contra,0.15,-1,188,160,CORRECT,0,0,0,0,8,0,0.507452,0.0,answer,
margin,live-delta,6,0.0,0.553271,0.581322,0.457752,0.851562,0.345838,0.495838,0.0,0.574927806854248,0.574927806854248,2.06728458404541,7.9033331871032715,0.27980291843414307,20,2,2,1,2,1,1,0.47959625720977783,0.0,0,contra,0.15,-1,189,65,CORRECT,0,0,0,0,8,0,0.479596,0.0,answer,
margin,live-delta,6,0.0,0.553271,0.581322,0.457752,0.851562,0.345838,0.495838,0.0,0.5638655424118042,0.5638655424118042,2.568557024002075,13.046984672546387,0.18916137516498566,20,2,2,1,2,1,1,0.4491659998893738,0.0,0,contra,0.15,-1,190,76,CORRECT,0,0,0,0,6,0,0.449166,0.0,answer,
margin,live-delta,6,0.0,0.553271,0.581322,0.457752,0.851562,0.345838,0.495838,0.005952358245849609,0.555470883846283,0.5495185256004333,2.5300378799438477,12.55398178100586,0.18730826675891876,20,2,2,1,2,1,1,0.3398790657520294,0.005952358245849609,0,contra,0.15,-1,191,86,CORRECT,0,0,0,0,8,0,0.339879,0.0,answer,
margin,live-delta,6,0.0,0.553271,0.581322,0.457752,0.851562,0.345838,0.495838,0.0,0.7158771753311157,0.7158771753311157,2.6716814041137695,14.464268684387207,0.14465463161468506,20,3,2,0,2,0,1,0.5836400985717773,0.0,0,contra,0.15,-1,192,204,CONTRADICTORY_STRICT,1,1,0,0,11,0,0.58364,0.0,answer,
margin,live-delta,6,0.0,0.553271,0.581322,0.457752,0.851562,0.345838,0.495838,0.10260394215583801,0.5292460918426514,0.42664214968681335,2.052797555923462,7.789662837982178,0.4969829022884369,18,3,3,1,3,1,1,0.3112485408782959,0.10260394215583801,2,contra,0.15,-1,193,124,CORRECT,0,0,0,0,10,0,0.311249,0.0,answer,
margin,live-delta,6,0.0,0.553271,0.581322,0.457752,0.851562,0.345838,0.495838,0.004106700420379639,0.43997180461883545,0.4358651041984558,2.631277561187744,13.89150619506836,0.10637202858924866,15,3,3,1,3,1,1,0.5341097712516785,0.004106700420379639,0,contra,0.15,-1,194,124,CORRECT,0,0,0,0,8,0,0.53411,0.0,answer,
margin,live-delta,6,0.0,0.553271,0.581322,0.457752,0.851562,0.345838,0.495838,0.0,0.6738865971565247,0.6738865971565247,2.1281919479370117,8.399665832519531,0.23925675451755524,20,3,2,0,2,0,1,0.5964370965957642,0.0,0,contra,0.15,-1,195,136,CONTRADICTORY_STRICT,1,1,0,0,11,0,0.596437,0.0,answer,
margin,live-delta,6,0.0,0.553271,0.581322,0.457752,0.851562,0.345838,0.495838,0.0,0.6066103577613831,0.6066103577613831,2.9223902225494385,18.58565902709961,0.08017798513174057,20,3,3,1,2,0,1,0.6280775666236877,0.0,0,contra,0.15,-1,196,98,CONTRADICTORY_LENIENT,0,1,0,0,13,0,0.628078,0.0,answer,
margin,live-delta,6,0.0,0.553271,0.581322,0.457752,0.851562,0.345838,0.495838,0.0,0.6571125984191895,0.6571125984191895,2.6809918880462646,14.599567413330078,0.13503976166248322,20,3,2,0,3,1,1,0.4693484306335449,0.0,0,contra,0.15,-1,197,136,CORRECT,0,0,0,0,11,0,0.469348,0.0,answer,
margin,live-delta,6,0.0,0.553271,0.581322,0.457752,0.851562,0.345838,0.495838,0.0,0.6370205283164978,0.6370205283164978,1.838560938835144,6.2874836921691895,0.27053967118263245,20,3,2,0,2,0,1,0.6050563454627991,0.0,0,contra,0.15,-1,199,136,CONTRADICTORY_STRICT,1,1,0,0,10,0,0.605056,0.0,answer,
margin,live-delta,6,0.0,0.553271,0.581322,0.457752,0.851562,0.345838,0.495838,0.028112411499023438,0.7088281512260437,0.6807157397270203,2.8613083362579346,17.48438835144043,0.14113540947437286,20,3,3,1,3,1,1,0.49287426471710205,0.028112411499023438,1,contra,0.15,-1,200,115,CORRECT,0,0,0,0,10,0,0.492874,0.0,answer,
margin,live-delta,6,0.0,0.553271,0.581322,0.457752,0.851562,0.345838,0.495838,0.0,0.48156577348709106,0.48156577348709106,2.4171416759490967,11.213761329650879,0.20467254519462585,20,3,3,1,3,1,1,0.4213351011276245,0.0,0,contra,0.15,-1,201,107,CORRECT,0,0,0,0,11,0,0.421335,0.0,answer,
margin,live-delta,6,0.0,0.553271,0.581322,0.457752,0.851562,0.345838,0.495838,0.02431178092956543,0.5317378044128418,0.5074260234832764,1.3174539804458618,3.7339026927948,0.48738905787467957,9,3,3,1,3,1,0,0.048830579966306686,0.18435001373291016,2,contra,0.15,-1,202,116,CORRECT,0,0,0,0,4,0,0.048831,0.0,answer,
margin,live-delta,6,0.0,0.553271,0.581322,0.457752,0.851562,0.345838,0.495838,0.1064421534538269,0.6956464052200317,0.5892042517662048,1.9789221286773682,7.234940528869629,0.5503432154655457,20,3,3,1,3,1,1,0.22579585015773773,0.15494287014007568,2,contra,0.15,-1,203,123,CORRECT,0,0,0,0,11,0,0.225796,0.0,answer,
margin,live-delta,6,0.0,0.553271,0.581322,0.457752,0.851562,0.345838,0.495838,0.0,0.649493396282196,0.649493396282196,2.019914150238037,7.537677764892578,0.1774517446756363,20,3,0,0,0,0,1,0.6338303089141846,0.0,0,contra,0.15,-1,204,187,CONTRADICTORY_STRICT,1,1,0,0,10,0,0.63383,0.0,answer,
margin,live-delta,6,0.0,0.553271,0.581322,0.457752,0.851562,0.345838,0.495838,0.013731002807617188,0.4197525680065155,0.4060215651988983,2.2858176231384277,9.833723068237305,0.17911970615386963,11,3,3,1,3,1,1,0.3985018730163574,0.020053625106811523,0,contra,0.15,-1,205,116,CORRECT,0,0,0,0,5,0,0.398502,0.0,answer,
margin,live-delta,6,0.0,0.553271,0.581322,0.457752,0.851562,0.345838,0.495838,0.0,0.5191511511802673,0.5191511511802673,1.9766161441802979,7.218276023864746,0.20510421693325043,9,3,3,1,3,1,1,0.42550787329673767,0.0,0,contra,0.15,-1,206,107,CORRECT,0,0,0,0,4,0,0.425508,0.0,answer,
margin,live-delta,6,0.0,0.553271,0.581322,0.457752,0.851562,0.345838,0.495838,0.0,0.5254757404327393,0.5254757404327393,1.3760846853256226,3.95936918258667,0.39213377237319946,7,3,3,1,3,1,1,0.4893432557582855,0.0,0,contra,0.15,-1,207,101,CORRECT,0,0,0,0,3,0,0.489343,0.0,answer,
margin,live-delta,6,0.0,0.553271,0.581322,0.457752,0.851562,0.345838,0.495838,0.0,0.5600730180740356,0.5600730180740356,2.4577953815460205,11.679035186767578,0.18393637239933014,20,3,3,1,2,0,1,0.5517550706863403,0.0,0,contra,0.15,-1,208,127,CONTRADICTORY_LENIENT,0,1,0,0,10,0,0.551755,0.0,answer,
margin,live-delta,6,0.0,0.553271,0.581322,0.457752,0.851562,0.345838,0.495838,0.0,0.6268348693847656,0.6268348693847656,2.6967661380767822,14.831689834594727,0.09484666585922241,20,3,2,0,2,0,1,0.587619423866272,0.0,0,contra,0.15,-1,209,179,CONTRADICTORY_STRICT,1,1,0,0,12,0,0.587619,0.0,answer,
margin,live-delta,6,0.0,0.553271,0.581322,0.457752,0.851562,0.345838,0.495838,0.0,0.4622208774089813,0.4622208774089813,2.761018753051758,15.815947532653809,0.11183281242847443,20,3,3,1,3,1,1,0.5424706935882568,0.0,0,contra,0.15,-1,210,100,CORRECT,0,0,0,0,9,0,0.526275,0.0,answer,
margin,live-delta,6,0.0,0.553271,0.581322,0.457752,0.851562,0.345838,0.495838,0.02866208553314209,0.7037274837493896,0.6750653982162476,2.5513436794281006,12.824323654174805,0.20461833477020264,20,3,3,1,3,1,1,0.4224785268306732,0.02866208553314209,1,contra,0.15,-1,211,96,CORRECT,0,0,0,0,9,0,0.422479,0.0,answer,
margin,live-delta,6,0.0,0.553271,0.581322,0.457752,0.851562,0.345838,0.495838,0.0,0.7040786147117615,0.7040786147117615,2.3491294384002686,10.476445198059082,0.19973808526992798,20,3,3,1,3,1,1,0.5081383585929871,0.0,0,contra,0.15,-1,212,98,CORRECT,0,0,0,0,11,0,0.508138,0.0,answer,
margin,live-delta,6,0.0,0.553271,0.581322,0.457752,0.851562,0.345838,0.495838,0.0,0.7602081298828125,0.7602081298828125,2.6536319255828857,14.205538749694824,0.13656096160411835,20,3,3,1,2,0,1,0.5875995755195618,0.0,0,contra,0.15,-1,213,127,CONTRADICTORY_LENIENT,0,1,0,0,12,0,0.5876,0.0,answer,
margin,live-delta,6,0.0,0.553271,0.581322,0.457752,0.851562,0.345838,0.495838,0.0420457124710083,0.4206753373146057,0.3786296248435974,2.869724988937378,17.63216781616211,0.14512701332569122,19,3,3,1,3,1,1,0.522730827331543,0.0420457124710083,1,contra,0.15,-1,214,116,CORRECT,0,0,0,0,11,0,0.522731,0.0,answer,
margin,live-delta,6,0.0,0.553271,0.581322,0.457752,0.851562,0.345838,0.495838,0.0,0.6014844179153442,0.6014844179153442,2.7471814155578613,15.598604202270508,0.12642346322536469,20,3,2,0,2,0,1,0.6350722908973694,0.0,0,contra,0.15,-1,215,136,CONTRADICTORY_STRICT,1,1,0,0,12,0,0.635072,0.0,answer,
margin,live-delta,6,0.0,0.553271,0.581322,0.457752,0.851562,0.345838,0.495838,0.0,0.561787486076355,0.561787486076355,2.7369494438171387,15.439813613891602,0.10958703607320786,20,3,3,1,3,1,1,0.49979546666145325,0.0,0,contra,0.15,-1,216,106,CORRECT,0,0,0,0,9,0,0.499795,0.0,answer,
margin,live-delta,6,0.0,0.553271,0.581322,0.457752,0.851562,0.345838,0.495838,0.0,0.581675112247467,0.581675112247467,1.0230093002319336,2.781552791595459,0.46287742257118225,8,3,3,1,3,1,1,0.5123742818832397,0.0,0,contra,0.15,-1,217,105,CORRECT,0,0,0,0,5,0,0.512374,0.0,answer,
margin,live-delta,6,0.0,0.553271,0.581322,0.457752,0.851562,0.345838,0.495838,0.01645064353942871,0.6338362693786621,0.6173856258392334,2.851212739944458,17.308759689331055,0.10395395010709763,20,3,3,1,3,1,1,0.5804649591445923,0.01645064353942871,0,contra,0.15,-1,218,117,CORRECT,0,0,0,0,12,0,0.580465,0.0,answer,
margin,live-delta,6,0.0,0.553271,0.581322,0.457752,0.851562,0.345838,0.495838,0.046770721673965454,0.540321946144104,0.49355122447013855,2.841395854949951,17.139673233032227,0.1704106628894806,20,3,3,1,3,1,1,0.47783127427101135,0.046770721673965454,1,contra,0.15,-1,219,108,CORRECT,0,0,0,0,10,0,0.477831,0.0,answer,
margin,live-delta,6,0.0,0.553271,0.581322,0.457752,0.851562,0.345838,0.495838,0.0,0.6931151151657104,0.6931151151657104,2.742859363555908,15.531331062316895,0.10891000926494598,20,3,2,0,2,0,1,0.5950610637664795,0.0,0,contra,0.15,-1,220,136,CONTRADICTORY_STRICT,1,1,0,0,11,0,0.595061,0.0,answer,
margin,live-delta,6,0.0,0.553271,0.581322,0.457752,0.851562,0.345838,0.495838,0.0,0.6067142486572266,0.6067142486572266,1.9584442377090454,7.088290691375732,0.3339084982872009,20,3,0,0,3,1,1,0.5073376893997192,0.0,0,contra,0.15,-1,221,138,CORRECT,0,0,0,0,11,0,0.507338,0.0,answer,
margin,live-delta,6,0.0,0.553271,0.581322,0.457752,0.851562,0.345838,0.495838,0.0,0.5600713491439819,0.5600713491439819,2.883427858352661,17.875442504882812,0.10338623076677322,20,3,3,1,3,1,1,0.5885195136070251,0.0,0,contra,0.15,-1,222,98,CORRECT,0,0,0,0,11,0,0.58852,0.0,answer,
margin,live-delta,6,0.0,0.553271,0.581322,0.457752,0.851562,0.345838,0.495838,0.0464787483215332,0.4414621889591217,0.3949834406375885,2.8920912742614746,18.030977249145508,0.1523197740316391,20,3,3,1,3,1,1,0.5527645349502563,0.0464787483215332,1,contra,0.15,-1,223,124,CORRECT,0,0,0,0,12,0,0.552765,0.0,answer,
margin,live-delta,6,0.0,0.553271,0.581322,0.457752,0.851562,0.345838,0.495838,0.0,0.40286785364151,0.40286785364151,1.3213564157485962,3.748502492904663,0.29763442277908325,4,3,3,1,3,1,1,0.5952688455581665,0.0,0,contra,0.15,-1,224,112,CORRECT,0,0,0,0,2,0,0.595269,0.0,answer,
margin,live-delta,6,0.0,0.553271,0.581322,0.457752,0.851562,0.345838,0.495838,0.0,0.5563745498657227,0.5563745498657227,2.6792616844177246,14.574329376220703,0.1502828150987625,20,3,0,0,3,1,1,0.6078326106071472,0.0,0,contra,0.15,-1,225,30,CORRECT,0,0,0,0,10,0,0.518944,0.0,answer,
margin,live-delta,6,0.0,0.553271,0.581322,0.457752,0.851562,0.345838,0.495838,0.03750276565551758,0.47772443294525146,0.4402216672897339,2.855402946472168,17.381439208984375,0.14437928795814514,20,3,3,1,3,1,1,0.49105143547058105,0.03750276565551758,1,contra,0.15,-1,226,123,CORRECT,0,0,0,0,10,0,0.491051,0.0,answer,
margin,live-delta,6,0.0,0.553271,0.581322,0.457752,0.851562,0.345838,0.495838,0.0,0.3879879117012024,0.3879879117012024,1.6094379425048828,5.0,0.20000000298023224,5,3,2,0,2,0,1,0.800000011920929,0.0,0,contra,0.15,-1,227,236,CONTRADICTORY_STRICT,1,1,0,0,4,0,0.8,0.0,answer,
margin,live-delta,6,0.0,0.553271,0.581322,0.457752,0.851562,0.345838,0.495838,0.0,0.7159953117370605,0.7159953117370605,1.3960505723953247,4.039216041564941,0.24964633584022522,7,3,1,0,0,0,1,0.7491108179092407,0.0,0,contra,0.15,-1,228,142,CONTRADICTORY_STRICT,1,1,0,0,4,0,0.749111,0.0,answer,
margin,live-delta,6,0.0,0.553271,0.581322,0.457752,0.851562,0.345838,0.495838,0.06361925601959229,0.6538165807723999,0.5901973247528076,2.3181662559509277,10.157032012939453,0.3349560797214508,20,3,3,1,3,1,1,0.3604794144630432,0.06361925601959229,2,contra,0.15,-1,229,115,CORRECT,0,0,0,0,10,0,0.360479,0.0,answer,
margin,live-delta,6,0.0,0.553271,0.581322,0.457752,0.851562,0.345838,0.495838,0.0,0.6125504374504089,0.6125504374504089,2.791919469833374,16.312301635742188,0.08245278894901276,20,3,1,0,2,0,1,0.7280299663543701,0.0,0,contra,0.15,-1,230,209,CONTRADICTORY_STRICT,1,1,0,0,13,0,0.72803,0.0,answer,
margin,live-delta,6,0.0,0.553271,0.581322,0.457752,0.851562,0.345838,0.495838,0.027474582195281982,0.5701779127120972,0.5427033305168152,2.4188995361328125,11.233489990234375,0.3030145764350891,20,3,3,1,3,1,1,0.29896193742752075,0.0692371129989624,2,contra,0.15,-1,231,117,CORRECT,0,0,0,0,11,0,0.298962,0.0,answer,
margin,live-delta,6,0.0,0.553271,0.581322,0.457752,0.851562,0.345838,0.495838,0.0,0.5009386539459229,0.5009386539459229,2.807781934738159,16.573116302490234,0.11748523265123367,20,3,3,1,3,1,1,0.6282452344894409,0.0,0,contra,0.15,-1,232,112,CORRECT,0,0,0,0,11,0,0.542232,0.0,answer,
margin,live-delta,6,0.0,0.553271,0.581322,0.457752,0.851562,0.345838,0.495838,0.0030035674571990967,0.496469646692276,0.4934660792350769,2.788226366043091,16.252168655395508,0.13443772494792938,20,3,3,1,3,1,1,0.40740087628364563,0.0030035674571990967,0,contra,0.15,-1,233,115,CORRECT,0,0,0,0,10,0,0.407401,0.0,answer,
margin,live-delta,6,0.0,0.553271,0.581322,0.457752,0.851562,0.345838,0.495838,0.04291737079620361,0.501893937587738,0.4589765667915344,2.8680427074432373,17.60253143310547,0.14702855050563812,20,3,3,1,3,1,1,0.5061849355697632,0.04291737079620361,1,contra,0.15,-1,234,108,CORRECT,0,0,0,0,11,0,0.506185,0.0,answer,
margin,live-delta,6,0.0,0.553271,0.581322,0.457752,0.851562,0.345838,0.495838,0.06836903095245361,0.6614959239959717,0.5931268930435181,2.3155763149261475,10.130760192871094,0.3716758191585541,20,3,3,1,3,1,1,0.3644620478153229,0.08094149827957153,2,contra,0.15,-1,235,115,CORRECT,0,0,0,0,12,0,0.364462,0.0,answer,
margin,live-delta,6,0.0,0.553271,0.581322,0.457752,0.851562,0.345838,0.495838,0.0,0.46608585119247437,0.46608585119247437,2.872096300125122,17.674028396606445,0.11292864382266998,20,3,1,0,3,1,1,0.561235249042511,0.0,0,contra,0.15,-1,236,220,CORRECT,0,0,0,0,11,0,0.523317,0.0,answer,
margin,live-delta,6,0.0,0.553271,0.581322,0.457752,0.851562,0.345838,0.495838,0.015743613243103027,0.6798076629638672,0.6640640497207642,2.276237726211548,9.739967346191406,0.27911168336868286,20,3,3,1,3,1,1,0.36823809146881104,0.06494688987731934,2,contra,0.15,-1,237,115,CORRECT,0,0,0,0,11,0,0.368238,0.0,answer,
margin,live-delta,6,0.0,0.553271,0.581322,0.457752,0.851562,0.345838,0.495838,0.0,0.48643261194229126,0.48643261194229126,2.887319803237915,17.945148468017578,0.09922214597463608,20,3,2,0,2,0,1,0.6738145351409912,0.0,0,contra,0.15,-1,238,158,CONTRADICTORY_STRICT,1,1,0,0,13,0,0.673815,0.0,answer,
margin,live-delta,6,0.0,0.553271,0.581322,0.457752,0.851562,0.345838,0.495838,0.04946953058242798,0.5871029496192932,0.5376334190368652,2.3455896377563477,10.43942642211914,0.3613601326942444,20,3,3,1,3,1,1,0.256181001663208,0.07708108425140381,2,contra,0.15,-1,239,123,CORRECT,0,0,0,0,10,0,0.256181,0.0,answer,
margin,live-delta,6,0.0,0.553271,0.581322,0.457752,0.851562,0.345838,0.495838,0.0,0.6377276182174683,0.6377276182174683,2.5874061584472656,13.295241355895996,0.11217056214809418,20,3,2,0,2,0,1,0.7273324728012085,0.0,0,contra,0.15,-1,240,158,CONTRADICTORY_STRICT,1,1,0,0,13,0,0.727332,0.0,answer,
margin,live-delta,6,0.0,0.553271,0.581322,0.457752,0.851562,0.345838,0.495838,0.0,0.49900099635124207,0.49900099635124207,2.5419399738311768,12.704293251037598,0.15540778636932373,20,3,0,0,0,0,1,0.6762138605117798,0.0,0,contra,0.15,-1,241,264,CONTRADICTORY_STRICT,1,1,0,0,10,0,0.627064,0.0,answer,
margin,live-delta,6,0.0,0.553271,0.581322,0.457752,0.851562,0.345838,0.495838,0.02079826593399048,0.5582751631736755,0.5374768972396851,2.8106584548950195,16.620859146118164,0.16395755112171173,20,3,3,1,3,1,1,0.45896220207214355,0.03927576541900635,1,contra,0.15,-1,242,96,CORRECT,0,0,0,0,11,0,0.458962,0.0,answer,
margin,live-delta,6,0.0,0.553271,0.581322,0.457752,0.851562,0.345838,0.495838,0.0,0.7332625985145569,0.7332625985145569,2.4710540771484375,11.834915161132812,0.13129644095897675,20,3,0,0,2,0,1,0.6688889265060425,0.0,0,contra,0.15,-1,243,205,CONTRADICTORY_STRICT,1,1,0,0,12,0,0.668889,0.0,answer,
margin,live-delta,6,0.0,0.553271,0.581322,0.457752,0.851562,0.345838,0.495838,0.0,0.5966714024543762,0.5966714024543762,1.2104589939117432,3.3550243377685547,0.45169389247894287,20,3,3,1,3,1,1,0.5051854252815247,0.0,0,contra,0.15,-1,244,105,CORRECT,0,0,0,0,11,0,0.505185,0.0,answer,
margin,live-delta,6,0.0,0.553271,0.581322,0.457752,0.851562,0.345838,0.495838,0.04181373119354248,0.6546295881271362,0.6128158569335938,2.65354061126709,14.204241752624512,0.22227823734283447,20,3,3,1,3,1,1,0.375974178314209,0.06370902061462402,2,contra,0.15,-1,245,123,CORRECT,0,0,0,0,10,0,0.375974,0.0,answer,
margin,live-delta,6,0.0,0.553271,0.581322,0.457752,0.851562,0.345838,0.495838,0.0,0.8150866627693176,0.8150866627693176,1.1177419424057007,3.057941436767578,0.3326031267642975,20,3,1,0,3,1,1,0.33395636081695557,0.0,0,contra,0.15,-1,246,241,CORRECT,0,0,0,0,10,0,0.333956,0.0,answer,
margin,live-delta,6,0.0,0.553271,0.581322,0.457752,0.851562,0.345838,0.495838,0.052057862281799316,0.6668754816055298,0.6148176193237305,1.9731032848358154,7.192963600158691,0.4784345328807831,20,3,3,1,3,1,1,0.24118584394454956,0.13160079717636108,2,contra,0.15,-1,247,116,CORRECT,0,0,0,0,11,0,0.241186,0.0,answer,
margin,live-delta,6,0.0,0.553271,0.581322,0.457752,0.851562,0.345838,0.495838,0.0,0.6920506358146667,0.6920506358146667,0.7124163508415222,2.038912057876587,0.49868881702423096,5,3,2,0,3,1,1,0.5004371404647827,0.0,0,contra,0.15,-1,248,215,CORRECT,0,0,0,0,3,0,0.500437,0.0,answer,
margin,live-delta,6,0.0,0.553271,0.581322,0.457752,0.851562,0.345838,0.495838,0.041210323572158813,0.4416484236717224,0.4004381000995636,2.5153656005859375,12.37113094329834,0.24519743025302887,15,3,3,1,3,1,1,0.35610589385032654,0.07289791107177734,2,contra,0.15,-1,249,115,CORRECT,0,0,0,0,7,0,0.356106,0.0,answer,
margin,live-delta,6,0.0,0.553271,0.581322,0.457752,0.851562,0.345838,0.495838,0.0,0.4839929938316345,0.4839929938316345,2.3937337398529053,10.954318046569824,0.20584332942962646,20,3,3,1,3,1,1,0.4579070210456848,0.0,0,contra,0.15,-1,250,246,CORRECT,0,0,0,0,11,0,0.423468,0.0,answer,
margin,live-delta,6,0.0,0.553271,0.581322,0.457752,0.851562,0.345838,0.495838,0.0,0.9193468689918518,0.9193468689918518,0.6931471824645996,2.0,0.5,2,3,3,1,2,0,1,0.5,0.0,0,contra,0.15,-1,251,105,CONTRADICTORY_LENIENT,0,1,0,0,1,0,0.5,0.0,answer,
margin,live-delta,6,0.0,0.553271,0.581322,0.457752,0.851562,0.345838,0.495838,0.0,0.4110674560070038,0.4110674560070038,2.8946774005889893,18.077669143676758,0.0903932973742485,20,3,2,0,3,1,1,0.4833202362060547,0.0,0,contra,0.15,-1,252,136,CORRECT,0,0,0,0,10,0,0.48332,0.0,answer,
margin,live-delta,6,0.0,0.553271,0.581322,0.457752,0.851562,0.345838,0.495838,0.04148721694946289,0.558095395565033,0.5166081786155701,2.5836575031280518,13.245494842529297,0.26343002915382385,20,3,3,1,3,1,1,0.351164847612381,0.04148721694946289,1,contra,0.15,-1,253,123,CORRECT,0,0,0,0,10,0,0.351165,0.0,answer,
margin,live-delta,6,0.0,0.553271,0.581322,0.457752,0.851562,0.345838,0.495838,0.0,0.5217567086219788,0.5217567086219788,2.093022346496582,8.109387397766113,0.2910318076610565,16,3,0,0,3,1,1,0.49600037932395935,0.0,0,contra,0.15,-1,254,138,CORRECT,0,0,0,0,8,0,0.496,0.0,answer,
margin,live-delta,6,0.0,0.553271,0.581322,0.457752,0.851562,0.345838,0.495838,0.0,0.6134811043739319,0.6134811043739319,1.1511986255645752,3.161980628967285,0.3299490213394165,5,3,0,0,0,0,1,0.6649745106697083,0.0,0,contra,0.15,-1,255,176,CONTRADICTORY_STRICT,1,1,0,0,3,0,0.664975,0.0,answer,
margin,live-delta,7,0.0,0.562019,0.581322,0.499878,0.785156,0.353025,0.503025,0.0,0.6283859610557556,0.6283859610557556,2.484215259552002,11.991705894470215,0.136955127120018,20,0,0,1,2,0,1,0.6708604693412781,0.0,0,contra,0.15,-1,0,1,CONTRADICTORY_LENIENT,0,1,0,0,13,0,0.67086,0.0,answer,
margin,live-delta,7,0.0,0.562019,0.581322,0.499878,0.785156,0.353025,0.503025,0.0,0.538063645362854,0.538063645362854,2.650176525115967,14.156537055969238,0.13186874985694885,20,0,2,0,0,1,1,0.6415566205978394,0.0,0,contra,0.15,-1,1,148,CORRECT,0,0,0,0,12,0,0.641557,0.0,answer,
margin,live-delta,7,0.0,0.562019,0.581322,0.499878,0.785156,0.353025,0.503025,0.0,0.6435017585754395,0.6435017585754395,2.6610283851623535,14.310998916625977,0.17828182876110077,20,0,0,1,2,0,1,0.6219587326049805,0.0,0,contra,0.15,-1,2,9,CONTRADICTORY_LENIENT,0,1,0,0,14,0,0.621959,0.0,answer,
margin,live-delta,7,0.0,0.562019,0.581322,0.499878,0.785156,0.353025,0.503025,0.0,0.7017878293991089,0.7017878293991089,2.3674581050872803,10.670234680175781,0.2251483052968979,20,0,0,1,0,1,1,0.6022513508796692,0.0,0,contra,0.15,-1,3,11,CORRECT,0,0,0,0,12,0,0.602251,0.0,answer,
margin,live-delta,7,0.0,0.562019,0.581322,0.499878,0.785156,0.353025,0.503025,0.0,0.6306256651878357,0.6306256651878357,2.796555519104004,16.38810157775879,0.08650840073823929,20,0,2,0,3,0,1,0.6999479532241821,0.0,0,contra,0.15,-1,4,165,CONTRADICTORY_STRICT,1,1,0,0,13,0,0.699948,0.0,answer,
margin,live-delta,7,0.0,0.562019,0.581322,0.499878,0.785156,0.353025,0.503025,0.0811147689819336,0.6353706121444702,0.5542558431625366,2.2816808223724365,9.793127059936523,0.40719491243362427,20,0,0,1,0,1,1,0.3712576925754547,0.0811147689819336,2,contra,0.15,-1,5,13,CORRECT,0,0,0,0,13,0,0.371258,0.0,answer,
margin,live-delta,7,0.0,0.562019,0.581322,0.499878,0.785156,0.353025,0.503025,0.0,0.6143373250961304,0.6143373250961304,2.6706485748291016,14.44933795928955,0.1395946890115738,20,0,0,1,1,0,1,0.6720654964447021,0.0,0,contra,0.15,-1,6,27,CONTRADICTORY_LENIENT,0,1,0,0,12,0,0.672065,0.0,answer,
margin,live-delta,7,0.0,0.562019,0.581322,0.499878,0.785156,0.353025,0.503025,0.0,0.49529901146888733,0.49529901146888733,1.6094379425048828,5.0,0.20000000298023224,5,0,3,0,3,0,1,0.800000011920929,0.0,0,contra,0.15,-1,7,232,CONTRADICTORY_STRICT,1,1,0,0,4,0,0.8,0.0,answer,
margin,live-delta,7,0.0,0.562019,0.581322,0.499878,0.785156,0.353025,0.503025,0.0,0.5491014122962952,0.5491014122962952,2.2839455604553223,9.81533145904541,0.20205244421958923,20,0,0,1,0,1,1,0.534939169883728,0.0,0,contra,0.15,-1,8,12,CORRECT,0,0,0,0,10,0,0.534939,0.0,answer,
margin,live-delta,7,0.0,0.562019,0.581322,0.499878,0.785156,0.353025,0.503025,0.0,0.6821415424346924,0.6821415424346924,2.0199923515319824,7.538267135620117,0.252564936876297,20,0,3,0,0,1,1,0.6379515528678894,0.0,0,contra,0.15,-1,9,222,CORRECT,0,0,0,0,12,0,0.637952,0.0,answer,
margin,live-delta,7,0.0,0.562019,0.581322,0.499878,0.785156,0.353025,0.503025,0.0325850248336792,0.5376240611076355,0.5050390362739563,2.833550453186035,17.0057315826416,0.1703917682170868,20,0,0,1,0,1,1,0.5335738658905029,0.0325850248336792,1,contra,0.15,-1,10,26,CORRECT,0,0,0,0,12,0,0.533574,0.0,answer,
margin,live-delta,7,0.0,0.562019,0.581322,0.499878,0.785156,0.353025,0.503025,0.0,0.5394497513771057,0.5394497513771057,2.6629836559295654,14.339008331298828,0.15070609748363495,20,0,0,1,0,1,1,0.6083654761314392,0.0,0,contra,0.15,-1,11,24,CORRECT,0,0,0,0,11,0,0.560432,0.0,answer,
margin,live-delta,7,0.0,0.562019,0.581322,0.499878,0.785156,0.353025,0.503025,0.0,0.6589005589485168,0.6589005589485168,2.6806142330169678,14.59405517578125,0.1073705181479454,20,0,1,0,0,1,1,0.6124731302261353,0.0,0,contra,0.15,-1,12,130,CORRECT,0,0,0,0,13,0,0.612473,0.0,answer,
margin,live-delta,7,0.0,0.562019,0.581322,0.499878,0.785156,0.353025,0.503025,0.0,0.6025277972221375,0.6025277972221375,2.479872226715088,11.939739227294922,0.16774052381515503,20,0,0,1,0,1,1,0.517758846282959,0.0,0,contra,0.15,-1,13,28,CORRECT,0,0,0,0,12,0,0.517759,0.0,answer,
margin,live-delta,7,0.0,0.562019,0.581322,0.499878,0.785156,0.353025,0.503025,0.0068146586418151855,0.6395174860954285,0.6327028274536133,2.395437479019165,10.972997665405273,0.16328415274620056,20,0,0,1,0,1,1,0.5008655786514282,0.0068146586418151855,0,contra,0.15,-1,14,26,CORRECT,0,0,0,0,11,0,0.500866,0.0,answer,
margin,live-delta,7,0.0,0.562019,0.581322,0.499878,0.785156,0.353025,0.503025,0.0438503623008728,0.664881706237793,0.6210313439369202,2.520038366317749,12.429073333740234,0.26888561248779297,20,0,0,1,0,1,1,0.3866227865219116,0.0438503623008728,1,contra,0.15,-1,15,13,CORRECT,0,0,0,0,10,0,0.386623,0.0,answer,
margin,live-delta,7,0.0,0.562019,0.581322,0.499878,0.785156,0.353025,0.503025,0.0,0.5671543478965759,0.5671543478965759,2.960618495941162,19.309911727905273,0.07078446447849274,20,0,2,0,0,1,1,0.6378676891326904,0.0,0,contra,0.15,-1,16,149,CORRECT,0,0,0,0,13,0,0.637868,0.0,answer,
margin,live-delta,7,0.0,0.562019,0.581322,0.499878,0.785156,0.353025,0.503025,0.0,0.6850572228431702,0.6850572228431702,2.758892059326172,15.782347679138184,0.11492499709129333,20,0,0,1,2,0,1,0.6823513507843018,0.0,0,contra,0.15,-1,17,30,CONTRADICTORY_LENIENT,0,1,0,0,13,0,0.682351,0.0,answer,
margin,live-delta,7,0.0,0.562019,0.581322,0.499878,0.785156,0.353025,0.503025,0.0,0.7553185224533081,0.7553185224533081,1.836901307106018,6.27705717086792,0.2747790515422821,20,0,3,0,0,1,1,0.6622010469436646,0.0,0,contra,0.15,-1,18,186,CORRECT,0,0,0,0,13,0,0.662201,0.0,answer,
margin,live-delta,7,0.0,0.562019,0.581322,0.499878,0.785156,0.353025,0.503025,0.0,0.7999752163887024,0.7999752163887024,1.429456114768982,4.176426887512207,0.3132360577583313,20,0,0,1,2,0,1,0.6682207584381104,0.0,0,contra,0.15,-1,19,30,CONTRADICTORY_LENIENT,0,1,0,0,14,0,0.668221,0.0,answer,
margin,live-delta,7,0.0,0.562019,0.581322,0.499878,0.785156,0.353025,0.503025,0.0,0.6305544376373291,0.6305544376373291,2.835623025894165,17.041013717651367,0.10444019734859467,20,0,3,0,0,1,1,0.49780240654945374,0.0,0,contra,0.15,-1,20,221,CORRECT,0,0,0,0,11,0,0.497802,0.0,answer,
margin,live-delta,7,0.0,0.562019,0.581322,0.499878,0.785156,0.353025,0.503025,0.0,0.7488837242126465,0.7488837242126465,1.8658803701400757,6.4616217613220215,0.22656185925006866,20,0,0,1,0,1,1,0.5677142143249512,0.0,0,contra,0.15,-1,21,25,CORRECT,0,0,0,0,10,0,0.567714,0.0,answer,
margin,live-delta,7,0.0,0.562019,0.581322,0.499878,0.785156,0.353025,0.503025,0.0,0.697776734828949,0.697776734828949,2.3585307598114014,10.57540225982666,0.15298858284950256,20,0,0,1,2,0,1,0.6787860989570618,0.0,0,contra,0.15,-1,22,1,CONTRADICTORY_LENIENT,0,1,0,0,13,0,0.678786,0.0,answer,
margin,live-delta,7,0.0,0.562019,0.581322,0.499878,0.785156,0.353025,0.503025,0.0,0.6982559561729431,0.6982559561729431,2.438297748565674,11.453527450561523,0.16431234776973724,20,0,0,1,2,0,1,0.706699788570404,0.0,0,contra,0.15,-1,23,1,CONTRADICTORY_LENIENT,0,1,0,0,14,0,0.7067,0.0,answer,
margin,live-delta,7,0.0,0.562019,0.581322,0.499878,0.785156,0.353025,0.503025,0.0,0.550545334815979,0.550545334815979,1.850237488746643,6.361330032348633,0.25600311160087585,15,0,2,0,3,0,1,0.9686090350151062,-0.11566036939620972,0,contra,0.15,-1,24,134,CONTRADICTORY_STRICT,1,1,0,0,10,0,0.653821,0.0,answer,
margin,live-delta,7,0.0,0.562019,0.581322,0.499878,0.785156,0.353025,0.503025,0.0,0.6313489079475403,0.6313489079475403,2.7618064880371094,15.828411102294922,0.1273266077041626,20,0,3,0,0,1,1,0.6064461469650269,0.0,0,contra,0.15,-1,25,186,CORRECT,0,0,0,0,12,0,0.606446,0.0,answer,
margin,live-delta,7,0.0,0.562019,0.581322,0.499878,0.785156,0.353025,0.503025,0.0,0.5523542165756226,0.5523542165756226,2.622298002243042,13.767324447631836,0.13580621778964996,20,0,1,0,0,1,1,0.6351237297058105,0.0,0,contra,0.15,-1,26,252,CORRECT,0,0,0,0,11,0,0.635124,0.0,answer,
margin,live-delta,7,0.0,0.562019,0.581322,0.499878,0.785156,0.353025,0.503025,0.0,0.6731027364730835,0.6731027364730835,2.4709131717681885,11.833248138427734,0.15005619823932648,20,0,0,1,2,0,1,0.7103932499885559,0.0,0,contra,0.15,-1,27,16,CONTRADICTORY_LENIENT,0,1,0,0,13,0,0.710393,0.0,answer,
margin,live-delta,7,0.0,0.562019,0.581322,0.499878,0.785156,0.353025,0.503025,0.0,0.4923955500125885,0.4923955500125885,2.3498456478118896,10.483951568603516,0.15579651296138763,14,0,3,0,3,0,1,0.8452166318893433,-0.03371754288673401,0,contra,0.15,-1,28,272,CONTRADICTORY_STRICT,1,1,0,0,9,0,0.672532,0.0,answer,
margin,live-delta,7,0.0,0.562019,0.581322,0.499878,0.785156,0.353025,0.503025,0.0004004240036010742,0.529884934425354,0.5294845104217529,2.7606725692749023,15.810473442077637,0.13316230475902557,20,0,0,1,0,1,1,0.5030722618103027,0.0004004240036010742,0,contra,0.15,-1,29,13,CORRECT,0,0,0,0,11,0,0.483406,0.0,answer,
margin,live-delta,7,0.0,0.562019,0.581322,0.499878,0.785156,0.353025,0.503025,0.0,0.6916114091873169,0.6916114091873169,2.5208828449249268,12.439574241638184,0.19689719378948212,20,0,2,0,2,0,1,0.6105355024337769,0.0,0,contra,0.15,-1,30,195,CONTRADICTORY_STRICT,1,1,0,0,12,0,0.610536,0.0,answer,
margin,live-delta,7,0.0,0.562019,0.581322,0.499878,0.785156,0.353025,0.503025,0.0,0.5836500525474548,0.5836500525474548,2.7738776206970215,16.0206356048584,0.11948336660861969,20,0,2,0,0,1,1,0.5837538242340088,0.0,0,contra,0.15,-1,31,195,CORRECT,0,0,0,0,12,0,0.583754,0.0,answer,
margin,live-delta,7,0.0,0.562019,0.581322,0.499878,0.785156,0.353025,0.503025,0.0,0.4375622570514679,0.4375622570514679,2.3454952239990234,10.438440322875977,0.12197870016098022,12,0,3,0,3,0,1,0.7566050291061401,0.0,0,contra,0.15,-1,32,247,CONTRADICTORY_STRICT,1,1,0,0,8,0,0.667042,0.0,answer,
margin,live-delta,7,0.0,0.562019,0.581322,0.499878,0.785156,0.353025,0.503025,0.0,0.6656931638717651,0.6656931638717651,2.5186171531677246,12.411421775817871,0.1495281308889389,20,0,0,1,0,1,1,0.5947400331497192,0.0,0,contra,0.15,-1,33,20,CORRECT,0,0,0,0,11,0,0.59474,0.0,answer,
margin,live-delta,7,0.0,0.562019,0.581322,0.499878,0.785156,0.353025,0.503025,0.0,0.6726762056350708,0.6726762056350708,2.3933606147766113,10.950231552124023,0.15710076689720154,20,0,0,1,2,0,1,0.6770167946815491,0.0,0,contra,0.15,-1,34,1,CONTRADICTORY_LENIENT,0,1,0,0,13,0,0.677017,0.0,answer,
margin,live-delta,7,0.0,0.562019,0.581322,0.499878,0.785156,0.353025,0.503025,0.0,0.6739566326141357,0.6739566326141357,2.0229530334472656,7.560618877410889,0.3117540776729584,20,0,3,0,0,1,1,0.5108864307403564,0.0,0,contra,0.15,-1,35,280,CORRECT,0,0,0,0,11,0,0.510886,0.0,answer,
margin,live-delta,7,0.0,0.562019,0.581322,0.499878,0.785156,0.353025,0.503025,0.0,0.6948245763778687,0.6948245763778687,2.2736470699310303,9.714766502380371,0.21387061476707458,20,0,3,0,0,1,1,0.6050788760185242,0.0,0,contra,0.15,-1,36,222,CORRECT,0,0,0,0,11,0,0.605079,0.0,answer,
margin,live-delta,7,0.0,0.562019,0.581322,0.499878,0.785156,0.353025,0.503025,0.016531944274902344,0.5996270775794983,0.583095133304596,2.711650848388672,15.054106712341309,0.14507023990154266,20,0,0,1,0,1,1,0.5670162439346313,0.016531944274902344,0,contra,0.15,-1,37,26,CORRECT,0,0,0,0,11,0,0.567016,0.0,answer,
margin,live-delta,7,0.0,0.562019,0.581322,0.499878,0.785156,0.353025,0.503025,0.0,0.5104827880859375,0.5104827880859375,2.972687005996704,19.54436492919922,0.07844001799821854,20,0,0,1,0,1,1,0.6433578729629517,0.0,0,contra,0.15,-1,38,28,CORRECT,0,0,0,0,13,0,0.643358,0.0,answer,
margin,live-delta,7,0.0,0.562019,0.581322,0.499878,0.785156,0.353025,0.503025,0.0,0.7156831622123718,0.7156831622123718,2.4547975063323975,11.644075393676758,0.23896066844463348,20,0,0,1,0,1,1,0.5817244052886963,0.0,0,contra,0.15,-1,39,11,CORRECT,0,0,0,0,12,0,0.581724,0.0,answer,
margin,live-delta,7,0.0,0.562019,0.581322,0.499878,0.785156,0.353025,0.503025,0.0,0.5193359851837158,0.5193359851837158,2.6890573501586914,14.717795372009277,0.15759049355983734,20,0,3,0,0,1,1,0.5168262124061584,0.0,0,contra,0.15,-1,40,227,CORRECT,0,0,0,0,12,0,0.516826,0.0,answer,
margin,live-delta,7,0.0,0.562019,0.581322,0.499878,0.785156,0.353025,0.503025,0.0,0.5956895351409912,0.5956895351409912,2.7460765838623047,15.581379890441895,0.10777750611305237,20,0,2,0,2,0,1,0.6396674513816833,0.0,0,contra,0.15,-1,41,240,CONTRADICTORY_STRICT,1,1,0,0,12,0,0.639667,0.0,answer,
margin,live-delta,7,0.0,0.562019,0.581322,0.499878,0.785156,0.353025,0.503025,0.0,0.5080372095108032,0.5080372095108032,1.453902244567871,4.279782772064209,0.24526698887348175,5,0,0,1,0,1,1,0.4905339777469635,0.0,0,contra,0.15,-1,42,167,CORRECT,0,0,0,0,2,0,0.490534,0.0,answer,
margin,live-delta,7,0.0,0.562019,0.581322,0.499878,0.785156,0.353025,0.503025,0.029343366622924805,0.5180602669715881,0.48871690034866333,2.490440607070923,12.066591262817383,0.23786629736423492,20,0,0,1,0,1,1,0.6406538486480713,0.029343366622924805,1,contra,0.15,-1,44,6,CORRECT,0,0,0,0,12,0,0.48972,0.0,answer,
margin,live-delta,7,0.0,0.562019,0.581322,0.499878,0.785156,0.353025,0.503025,0.0,0.7220957279205322,0.7220957279205322,1.6604660749435425,5.261762619018555,0.2911863923072815,20,0,2,0,0,1,1,0.6524869203567505,0.0,0,contra,0.15,-1,45,223,CORRECT,0,0,0,0,12,0,0.652487,0.0,answer,
margin,live-delta,7,0.0,0.562019,0.581322,0.499878,0.785156,0.353025,0.503025,0.0,0.5576402544975281,0.5576402544975281,2.892484426498413,18.038068771362305,0.0872560366988182,20,0,0,1,0,1,1,0.4873602092266083,0.0,0,contra,0.15,-1,46,0,CORRECT,0,0,0,0,10,0,0.48736,0.0,answer,
margin,live-delta,7,0.0,0.562019,0.581322,0.499878,0.785156,0.353025,0.503025,0.0,0.706577718257904,0.706577718257904,2.482682466506958,11.973339080810547,0.18812505900859833,20,0,2,0,2,0,1,0.6145920157432556,0.0,0,contra,0.15,-1,47,195,CONTRADICTORY_STRICT,1,1,0,0,12,0,0.614592,0.0,answer,
margin,live-delta,7,0.0,0.562019,0.581322,0.499878,0.785156,0.353025,0.503025,0.0,0.4656926989555359,0.4656926989555359,2.8455276489257812,17.21063804626465,0.09177204966545105,20,0,1,0,2,0,1,0.6449335813522339,0.0,0,contra,0.15,-1,48,210,CONTRADICTORY_STRICT,1,1,0,0,12,0,0.644934,0.0,answer,
margin,live-delta,7,0.0,0.562019,0.581322,0.499878,0.785156,0.353025,0.503025,0.0,0.6174630522727966,0.6174630522727966,2.9421370029449463,18.95631217956543,0.07503693550825119,20,0,3,0,0,1,1,0.6184350252151489,0.0,0,contra,0.15,-1,49,227,CORRECT,0,0,0,0,12,0,0.618435,0.0,answer,
margin,live-delta,7,0.0,0.562019,0.581322,0.499878,0.785156,0.353025,0.503025,0.0,0.631973922252655,0.631973922252655,2.856722116470337,17.40438461303711,0.11859714984893799,20,0,2,0,0,1,1,0.5932322144508362,0.0,0,contra,0.15,-1,50,195,CORRECT,0,0,0,0,13,0,0.593232,0.0,answer,
margin,live-delta,7,0.0,0.562019,0.581322,0.499878,0.785156,0.353025,0.503025,0.0,0.6099201440811157,0.6099201440811157,2.640423536300659,14.019140243530273,0.15168149769306183,20,0,2,0,2,0,1,0.642989993095398,0.0,0,contra,0.15,-1,51,223,CONTRADICTORY_STRICT,1,1,0,0,12,0,0.622471,0.0,answer,
margin,live-delta,7,0.0,0.562019,0.581322,0.499878,0.785156,0.353025,0.503025,0.0,0.6817590594291687,0.6817590594291687,2.496225118637085,12.136592864990234,0.17790134251117706,20,0,2,0,0,1,1,0.6647733449935913,0.0,0,contra,0.15,-1,52,223,CORRECT,0,0,0,0,13,0,0.664773,0.0,answer,
margin,live-delta,7,0.0,0.562019,0.581322,0.499878,0.785156,0.353025,0.503025,0.0,0.6125666499137878,0.6125666499137878,2.815063238143921,16.694231033325195,0.09888569265604019,20,0,3,0,3,0,1,0.6965620517730713,0.0,0,contra,0.15,-1,53,232,CONTRADICTORY_STRICT,1,1,0,0,12,0,0.696562,0.0,answer,
margin,live-delta,7,0.0,0.562019,0.581322,0.499878,0.785156,0.353025,0.503025,0.0,0.6817615628242493,0.6817615628242493,2.3670639991760254,10.666030883789062,0.16326935589313507,20,0,1,0,2,0,1,0.694025993347168,0.0,0,contra,0.15,-1,54,210,CONTRADICTORY_STRICT,1,1,0,0,13,0,0.694026,0.0,answer,
margin,live-delta,7,0.0,0.562019,0.581322,0.499878,0.785156,0.353025,0.503025,0.0,0.7112128734588623,0.7112128734588623,1.9866286516189575,7.29091215133667,0.2607753574848175,20,0,3,0,0,1,1,0.6661912202835083,0.0,0,contra,0.15,-1,55,186,CORRECT,0,0,0,0,13,0,0.666191,0.0,answer,
margin,live-delta,7,0.0,0.562019,0.581322,0.499878,0.785156,0.353025,0.503025,0.0,0.5435279607772827,0.5435279607772827,2.6131012439727783,13.641290664672852,0.14137482643127441,20,0,0,1,2,0,1,0.6610739231109619,0.0,0,contra,0.15,-1,56,1,CONTRADICTORY_LENIENT,0,1,0,0,12,0,0.661074,0.0,answer,
margin,live-delta,7,0.0,0.562019,0.581322,0.499878,0.785156,0.353025,0.503025,0.0,0.5289517045021057,0.5289517045021057,2.945671796798706,19.0234375,0.07968592643737793,20,0,3,0,0,1,1,0.6416402459144592,0.0,0,contra,0.15,-1,57,280,CORRECT,0,0,0,0,13,0,0.64164,0.0,answer,
margin,live-delta,7,0.0,0.562019,0.581322,0.499878,0.785156,0.353025,0.503025,0.0,0.5211616158485413,0.5211616158485413,2.850436210632324,17.295324325561523,0.11237956583499908,20,0,3,0,0,1,1,0.5981461405754089,0.0,0,contra,0.15,-1,58,280,CORRECT,0,0,0,0,12,0,0.586526,0.0,answer,
margin,live-delta,7,0.0,0.562019,0.581322,0.499878,0.785156,0.353025,0.503025,0.0,0.7100707292556763,0.7100707292556763,2.4617056846618652,11.724793434143066,0.20262180268764496,20,0,2,0,2,0,1,0.6182739734649658,0.0,0,contra,0.15,-1,59,195,CONTRADICTORY_STRICT,1,1,0,0,13,0,0.618274,0.0,answer,
margin,live-delta,7,0.0,0.562019,0.581322,0.499878,0.785156,0.353025,0.503025,0.0,0.4191456735134125,0.4191456735134125,2.9478793144226074,19.065479278564453,0.07751251757144928,20,0,2,0,0,1,1,0.6522490978240967,0.0,0,contra,0.15,-1,60,129,CORRECT,0,0,0,0,13,0,0.652249,0.0,answer,
margin,live-delta,7,0.0,0.562019,0.581322,0.499878,0.785156,0.353025,0.503025,0.0,0.7287241816520691,0.7287241816520691,2.1225264072418213,8.352211952209473,0.16294489800930023,20,0,0,1,0,1,1,0.5439136624336243,0.0,0,contra,0.15,-1,61,25,CORRECT,0,0,0,0,11,0,0.543914,0.0,answer,
margin,live-delta,7,0.0,0.562019,0.581322,0.499878,0.785156,0.353025,0.503025,0.0,0.5500202775001526,0.5500202775001526,2.6202688217163086,13.739416122436523,0.13873636722564697,20,0,0,1,2,0,1,0.6933107972145081,0.0,0,contra,0.15,-1,62,16,CONTRADICTORY_LENIENT,0,1,0,0,14,0,0.693311,0.0,answer,
margin,live-delta,7,0.0,0.562019,0.581322,0.499878,0.785156,0.353025,0.503025,0.0,0.7022755146026611,0.7022755146026611,2.215373992919922,9.164835929870605,0.22883842885494232,20,0,2,0,0,1,1,0.6540185809135437,0.0,0,contra,0.15,-1,63,129,CORRECT,0,0,0,0,12,0,0.654019,0.0,answer,
margin,live-delta,7,0.0,0.562019,0.581322,0.499878,0.785156,0.353025,0.503025,0.0,0.6372043490409851,0.6372043490409851,2.6176371574401855,13.703306198120117,0.1527029275894165,20,1,0,0,1,1,1,0.4736999273300171,0.0,0,contra,0.15,-1,64,255,CORRECT,0,0,0,0,11,0,0.4737,0.0,answer,
margin,live-delta,7,0.0,0.562019,0.581322,0.499878,0.785156,0.353025,0.503025,0.0,0.7194734811782837,0.7194734811782837,2.432333469390869,11.385418891906738,0.14494381844997406,20,1,1,1,1,1,1,0.6197353601455688,0.0,0,contra,0.15,-1,65,49,CORRECT,0,0,0,0,13,0,0.619735,0.0,answer,
margin,live-delta,7,0.0,0.562019,0.581322,0.499878,0.785156,0.353025,0.503025,0.27114012837409973,0.7173919677734375,0.44625183939933777,0.15667811036109924,1.169619083404541,0.9776631593704224,12,1,1,1,1,1,0,0.008869817480444908,0.27114012837409973,2,contra,0.15,-1,66,54,CORRECT,0,0,0,0,4,0,0.00887,0.0,answer,
margin,live-delta,7,0.0,0.562019,0.581322,0.499878,0.785156,0.353025,0.503025,0.0,0.6012977957725525,0.6012977957725525,2.7579500675201416,15.767487525939941,0.1428404003381729,20,1,1,1,1,1,1,0.4716823697090149,0.0,0,contra,0.15,-1,67,42,CORRECT,0,0,0,0,9,0,0.471682,0.0,answer,
margin,live-delta,7,0.0,0.562019,0.581322,0.499878,0.785156,0.353025,0.503025,0.0,0.6864583492279053,0.6864583492279053,1.1482808589935303,3.152768135070801,0.4564838409423828,20,1,1,1,1,1,1,0.5067273378372192,0.0,0,contra,0.15,-1,68,57,CORRECT,0,0,0,0,9,0,0.506727,0.0,answer,
margin,live-delta,7,0.0,0.562019,0.581322,0.499878,0.785156,0.353025,0.503025,0.026864051818847656,0.5847336053848267,0.557869553565979,2.752166748046875,15.676562309265137,0.20082607865333557,20,1,1,1,1,1,1,0.45240986347198486,0.05837792158126831,2,contra,0.15,-1,69,52,CORRECT,0,0,0,0,11,0,0.45241,0.0,answer,
margin,live-delta,7,0.0,0.562019,0.581322,0.499878,0.785156,0.353025,0.503025,0.0,0.6409651637077332,0.6409651637077332,1.7114884853363037,5.537197589874268,0.3617074489593506,20,1,1,1,3,0,1,0.5222456455230713,0.0,0,contra,0.15,-1,70,57,CONTRADICTORY_LENIENT,0,1,0,0,10,0,0.522246,0.0,answer,
margin,live-delta,7,0.0,0.562019,0.581322,0.499878,0.785156,0.353025,0.503025,0.0,0.5237218141555786,0.5237218141555786,2.5110971927642822,12.318438529968262,0.135313481092453,20,1,3,0,1,1,1,0.6078534722328186,0.0,0,contra,0.15,-1,71,254,CORRECT,0,0,0,0,11,0,0.57445,0.0,answer,
margin,live-delta,7,0.0,0.562019,0.581322,0.499878,0.785156,0.353025,0.503025,0.028354346752166748,0.7925995588302612,0.7642452120780945,1.0989810228347778,3.0011065006256104,0.571435272693634,18,1,1,1,1,1,0,0.04534437507390976,0.14024412631988525,2,contra,0.15,-1,72,40,CORRECT,0,0,0,0,6,0,0.045344,0.0,answer,
margin,live-delta,7,0.0,0.562019,0.581322,0.499878,0.785156,0.353025,0.503025,0.03947728872299194,0.4474477767944336,0.40797048807144165,2.8733670711517334,17.696502685546875,0.14900942146778107,20,1,1,1,1,1,1,0.5819910764694214,0.03947728872299194,1,contra,0.15,-1,73,35,CORRECT,0,0,0,0,10,0,0.484758,0.0,answer,
margin,live-delta,7,0.0,0.562019,0.581322,0.499878,0.785156,0.353025,0.503025,0.019095420837402344,0.6300061345100403,0.6109107136726379,1.4804000854492188,4.394703388214111,0.44218698143959045,13,1,1,1,1,1,1,0.12313347309827805,0.0760849118232727,2,contra,0.15,-1,74,32,CORRECT,0,0,0,0,5,0,0.123133,0.0,answer,
margin,live-delta,7,0.0,0.562019,0.581322,0.499878,0.785156,0.353025,0.503025,0.0,0.6517993807792664,0.6517993807792664,2.344052791595459,10.423395156860352,0.21158304810523987,20,1,1,1,1,1,1,0.4453149735927582,0.0,0,contra,0.15,-1,75,48,CORRECT,0,0,0,0,10,0,0.445315,0.0,answer,
margin,live-delta,7,0.0,0.562019,0.581322,0.499878,0.785156,0.353025,0.503025,0.006723284721374512,0.5870903134346008,0.5803670287132263,2.6420068740844727,14.041354179382324,0.20023487508296967,20,1,1,1,1,1,1,0.33170172572135925,0.059445738792419434,2,contra,0.15,-1,76,35,CORRECT,0,0,0,0,10,0,0.331702,0.0,answer,
margin,live-delta,7,0.0,0.562019,0.581322,0.499878,0.785156,0.353025,0.503025,0.011500447988510132,0.4391583800315857,0.42765793204307556,2.155993700027466,8.636467933654785,0.2051638811826706,10,1,1,1,1,1,1,0.3063524663448334,0.027290940284729004,1,contra,0.15,-1,77,58,CORRECT,0,0,0,0,4,0,0.306352,0.0,answer,
margin,live-delta,7,0.0,0.562019,0.581322,0.499878,0.785156,0.353025,0.503025,0.0,0.4854973554611206,0.4854973554611206,2.521960735321045,12.45298957824707,0.19115866720676422,17,1,0,0,1,1,1,0.4390277862548828,0.0,0,contra,0.15,-1,78,128,CORRECT,0,0,0,0,6,0,0.439028,0.0,answer,
margin,live-delta,7,0.0,0.562019,0.581322,0.499878,0.785156,0.353025,0.503025,0.0,0.43584972620010376,0.43584972620010376,2.2094764709472656,9.110945701599121,0.14962181448936462,10,1,0,0,1,1,1,0.45963215827941895,0.0,0,contra,0.15,-1,79,263,CORRECT,0,0,0,0,4,0,0.459632,0.0,answer,
margin,live-delta,7,0.0,0.562019,0.581322,0.499878,0.785156,0.353025,0.503025,0.0,0.580012857913971,0.580012857913971,2.330991506576538,10.288137435913086,0.25152140855789185,20,1,0,0,0,0,1,0.950337827205658,-0.1121707558631897,0,contra,0.15,-1,80,24,CONTRADICTORY_LENIENT,0,1,0,0,12,0,0.534424,0.0,answer,
margin,live-delta,7,0.0,0.562019,0.581322,0.499878,0.785156,0.353025,0.503025,0.0,0.6887730360031128,0.6887730360031128,1.7140438556671143,5.551364898681641,0.3192245364189148,15,1,1,1,1,1,1,0.4252515137195587,0.0,0,contra,0.15,-1,81,50,CORRECT,0,0,0,0,5,0,0.425252,0.0,answer,
margin,live-delta,7,0.0,0.562019,0.581322,0.499878,0.785156,0.353025,0.503025,0.0,0.675824761390686,0.675824761390686,1.9454424381256104,6.996726989746094,0.3183712065219879,20,1,1,1,1,1,1,0.4538590610027313,0.0,0,contra,0.15,-1,82,61,CORRECT,0,0,0,0,8,0,0.453859,0.0,answer,
margin,live-delta,7,0.0,0.562019,0.581322,0.499878,0.785156,0.353025,0.503025,0.0,0.522896409034729,0.522896409034729,1.7532360553741455,5.773254871368408,0.3518013060092926,15,1,1,1,1,1,1,0.43003058433532715,0.0,0,contra,0.15,-1,83,42,CORRECT,0,0,0,0,7,0,0.430031,0.0,answer,
margin,live-delta,7,0.0,0.562019,0.581322,0.499878,0.785156,0.353025,0.503025,0.007027864456176758,0.595234215259552,0.5882063508033752,2.562866449356079,12.972949981689453,0.12411480396986008,20,1,1,1,1,1,1,0.6152935028076172,0.007027864456176758,0,contra,0.15,-1,84,52,CORRECT,0,0,0,0,12,0,0.615294,0.0,answer,
margin,live-delta,7,0.0,0.562019,0.581322,0.499878,0.785156,0.353025,0.503025,0.002056121826171875,0.5324323177337646,0.5303761959075928,2.818790912628174,16.75657844543457,0.1215410828590393,20,1,1,1,1,1,1,0.5602296590805054,0.002056121826171875,0,contra,0.15,-1,85,41,CORRECT,0,0,0,0,12,0,0.497558,0.0,answer,
margin,live-delta,7,0.0,0.562019,0.581322,0.499878,0.785156,0.353025,0.503025,0.0,0.4904897212982178,0.4904897212982178,2.5645358562469482,12.994625091552734,0.1484006941318512,17,1,3,0,0,0,1,0.7341845035552979,-0.023021996021270752,0,contra,0.15,-1,86,281,CONTRADICTORY_STRICT,1,1,0,0,7,0,0.419238,0.0,answer,
margin,live-delta,7,0.0,0.562019,0.581322,0.499878,0.785156,0.353025,0.503025,0.0,0.8589409589767456,0.8589409589767456,0.7534880042076111,2.124397039413452,0.4961406886577606,20,1,2,0,1,1,1,0.5006012320518494,0.0,0,contra,0.15,-1,87,189,CORRECT,0,0,0,0,11,0,0.500156,0.0,answer,
margin,live-delta,7,0.0,0.562019,0.581322,0.499878,0.785156,0.353025,0.503025,0.0,0.6738309860229492,0.6738309860229492,1.5932261943817139,4.919594764709473,0.3224380612373352,20,1,1,1,1,1,1,0.34589388966560364,0.0,0,contra,0.15,-1,88,61,CORRECT,0,0,0,0,8,0,0.345894,0.0,answer,
margin,live-delta,7,0.0,0.562019,0.581322,0.499878,0.785156,0.353025,0.503025,0.01702946424484253,0.6745926737785339,0.6575632095336914,2.131277561187744,8.425623893737793,0.25245386362075806,20,1,1,1,1,1,1,0.30068978667259216,0.01702946424484253,0,contra,0.15,-1,89,39,CORRECT,0,0,0,0,8,0,0.30069,0.0,answer,
margin,live-delta,7,0.0,0.562019,0.581322,0.499878,0.785156,0.353025,0.503025,0.005663156509399414,0.6045350432395935,0.5988718867301941,2.4112443923950195,11.147825241088867,0.18180018663406372,20,1,1,1,1,1,1,0.3193182349205017,0.00953143835067749,0,contra,0.15,-1,90,39,CORRECT,0,0,0,0,8,0,0.319318,0.0,answer,
margin,live-delta,7,0.0,0.562019,0.581322,0.499878,0.785156,0.353025,0.503025,0.0,0.5371400713920593,0.5371400713920593,2.8688433170318604,17.616628646850586,0.08480601757764816,20,1,3,0,1,1,1,0.6227726936340332,0.0,0,contra,0.15,-1,91,161,CORRECT,0,0,0,0,11,0,0.56163,0.0,answer,
margin,live-delta,7,0.0,0.562019,0.581322,0.499878,0.785156,0.353025,0.503025,0.08484706282615662,0.46731051802635193,0.3824634552001953,1.5548975467681885,4.7346014976501465,0.5154414176940918,7,1,1,1,1,1,1,0.1601768434047699,0.08484706282615662,2,contra,0.15,-1,92,40,CORRECT,0,0,0,0,2,0,0.160177,0.0,answer,
margin,live-delta,7,0.0,0.562019,0.581322,0.499878,0.785156,0.353025,0.503025,0.0,0.5619375705718994,0.5619375705718994,2.4621124267578125,11.72956371307373,0.217104971408844,20,1,3,0,1,1,1,0.4238846004009247,0.0,0,contra,0.15,-1,93,277,CORRECT,0,0,0,0,8,0,0.423885,0.0,answer,
margin,live-delta,7,0.0,0.562019,0.581322,0.499878,0.785156,0.353025,0.503025,0.0,0.6266343593597412,0.6266343593597412,2.401378631591797,11.038383483886719,0.152523010969162,20,1,1,1,1,1,1,0.44722384214401245,0.0,0,contra,0.15,-1,94,61,CORRECT,0,0,0,0,9,0,0.447224,0.0,answer,
margin,live-delta,7,0.0,0.562019,0.581322,0.499878,0.785156,0.353025,0.503025,0.08536475896835327,0.604717493057251,0.5193527340888977,1.857836365699768,6.409852981567383,0.5281555652618408,20,1,1,1,1,1,1,0.22240380942821503,0.08536475896835327,2,contra,0.15,-1,95,41,CORRECT,0,0,0,0,9,0,0.222404,0.0,answer,
margin,live-delta,7,0.0,0.562019,0.581322,0.499878,0.785156,0.353025,0.503025,0.005658745765686035,0.6051054000854492,0.5994466543197632,2.5320396423339844,12.579136848449707,0.16689381003379822,20,1,1,1,1,1,1,0.33040162920951843,0.005658745765686035,0,contra,0.15,-1,96,54,CORRECT,0,0,0,0,8,0,0.330402,0.0,answer,
margin,live-delta,7,0.0,0.562019,0.581322,0.499878,0.785156,0.353025,0.503025,0.06105303764343262,0.7184756994247437,0.657422661781311,1.4733126163482666,4.363666534423828,0.5422795414924622,17,1,1,1,1,1,1,0.20110592246055603,0.06105303764343262,2,contra,0.15,-1,97,40,CORRECT,0,0,0,0,6,0,0.201106,0.0,answer,
margin,live-delta,7,0.0,0.562019,0.581322,0.499878,0.785156,0.353025,0.503025,0.0,0.582595705986023,0.582595705986023,2.2170214653015137,9.179946899414062,0.16676940023899078,20,1,1,1,1,1,1,0.6085894107818604,0.0,0,contra,0.15,-1,98,56,CORRECT,0,0,0,0,12,0,0.608589,0.0,answer,
margin,live-delta,7,0.0,0.562019,0.581322,0.499878,0.785156,0.353025,0.503025,0.28284549713134766,0.7437992691993713,0.4609537720680237,0.13220445811748505,1.1413416862487793,0.9817963242530823,15,1,1,1,1,1,0,0.009263474494218826,0.28284549713134766,2,contra,0.15,-1,99,41,CORRECT,0,0,0,0,7,0,0.009263,0.0,answer,
margin,live-delta,7,0.0,0.562019,0.581322,0.499878,0.785156,0.353025,0.503025,0.0,0.5988268256187439,0.5988268256187439,2.1916654109954834,8.950106620788574,0.15064993500709534,20,1,2,0,1,1,1,0.5751098394393921,0.0,0,contra,0.15,-1,100,276,CORRECT,0,0,0,0,12,0,0.57511,0.0,answer,
margin,live-delta,7,0.0,0.562019,0.581322,0.499878,0.785156,0.353025,0.503025,0.018241524696350098,0.48883119225502014,0.47058966755867004,2.441851854324341,11.494306564331055,0.22352154552936554,18,1,3,0,3,0,1,0.9085363149642944,-0.08488726615905762,0,contra,0.15,-1,101,123,CONTRADICTORY_LENIENT,0,1,0,0,9,0,0.339606,0.0,answer,
margin,live-delta,7,0.0,0.562019,0.581322,0.499878,0.785156,0.353025,0.503025,0.0,0.6314265727996826,0.6314265727996826,2.6123788356781006,13.631439208984375,0.13039231300354004,20,1,1,1,2,0,1,0.7087129950523376,0.0,0,contra,0.15,-1,102,62,CONTRADICTORY_LENIENT,0,1,0,0,12,0,0.708713,0.0,answer,
margin,live-delta,7,0.0,0.562019,0.581322,0.499878,0.785156,0.353025,0.503025,0.018510043621063232,0.6128389239311218,0.5943288803100586,1.9008007049560547,6.691249847412109,0.4171225130558014,20,1,1,1,1,1,1,0.14737364649772644,0.13988348841667175,2,contra,0.15,-1,103,54,CORRECT,0,0,0,0,9,0,0.147374,0.0,answer,
margin,live-delta,7,0.0,0.562019,0.581322,0.499878,0.785156,0.353025,0.503025,0.0,0.6102866530418396,0.6102866530418396,2.6564900875091553,14.246198654174805,0.10186734795570374,20,1,3,0,3,0,1,0.6002031564712524,0.0,0,contra,0.15,-1,104,164,CONTRADICTORY_STRICT,1,1,0,0,11,0,0.600203,0.0,answer,
margin,live-delta,7,0.0,0.562019,0.581322,0.499878,0.785156,0.353025,0.503025,0.07134711742401123,0.705420970916748,0.6340738534927368,1.6968728303909302,5.4568562507629395,0.5016204118728638,16,1,1,1,1,1,1,0.17342257499694824,0.07366907596588135,2,contra,0.15,-1,105,40,CORRECT,0,0,0,0,5,0,0.173423,0.0,answer,
margin,live-delta,7,0.0,0.562019,0.581322,0.499878,0.785156,0.353025,0.503025,0.07959204912185669,0.7538836598396301,0.6742916107177734,1.3935506343841553,4.029130458831787,0.6064334511756897,20,1,1,1,1,1,1,0.15957239270210266,0.07959204912185669,2,contra,0.15,-1,106,39,CORRECT,0,0,0,0,8,0,0.159572,0.0,answer,
margin,live-delta,7,0.0,0.562019,0.581322,0.499878,0.785156,0.353025,0.503025,0.0,0.6172198057174683,0.6172198057174683,2.3427088260650635,10.409395217895508,0.22135674953460693,20,1,0,0,1,1,1,0.5037577152252197,0.0,0,contra,0.15,-1,107,255,CORRECT,0,0,0,0,11,0,0.471022,0.0,answer,
margin,live-delta,7,0.0,0.562019,0.581322,0.499878,0.785156,0.353025,0.503025,0.0,0.6414546966552734,0.6414546966552734,2.5720062255859375,13.092063903808594,0.131698876619339,20,1,3,0,3,0,1,0.6144419312477112,0.0,0,contra,0.15,-1,108,254,CONTRADICTORY_STRICT,1,1,0,0,12,0,0.614442,0.0,answer,
margin,live-delta,7,0.0,0.562019,0.581322,0.499878,0.785156,0.353025,0.503025,0.0,0.6084858775138855,0.6084858775138855,2.592884063720703,13.368270874023438,0.09514754265546799,20,1,2,0,1,1,1,0.6781614422798157,0.0,0,contra,0.15,-1,109,235,CORRECT,0,0,0,0,12,0,0.678161,0.0,answer,
margin,live-delta,7,0.0,0.562019,0.581322,0.499878,0.785156,0.353025,0.503025,0.029764771461486816,0.6916086673736572,0.6618438959121704,1.7940552234649658,6.013790607452393,0.42404159903526306,13,1,1,1,1,1,1,0.1370813250541687,0.09624272584915161,2,contra,0.15,-1,111,32,CORRECT,0,0,0,0,4,0,0.137081,0.0,answer,
margin,live-delta,7,0.0,0.562019,0.581322,0.499878,0.785156,0.353025,0.503025,0.0,0.6678102612495422,0.6678102612495422,2.5273935794830322,12.520829200744629,0.1702699065208435,20,1,1,1,3,0,1,0.6536394953727722,0.0,0,contra,0.15,-1,112,46,CONTRADICTORY_LENIENT,0,1,0,0,12,0,0.653639,0.0,answer,
margin,live-delta,7,0.0,0.562019,0.581322,0.499878,0.785156,0.353025,0.503025,0.024531066417694092,0.5232676267623901,0.49873656034469604,1.3542437553405762,3.8738303184509277,0.4125932455062866,6,1,1,1,1,1,1,0.2526087164878845,0.024531066417694092,0,contra,0.15,-1,113,34,CORRECT,0,0,0,0,1,0,0.252609,0.0,answer,
margin,live-delta,7,0.0,0.562019,0.581322,0.499878,0.785156,0.353025,0.503025,0.0,0.6705558896064758,0.6705558896064758,1.8715617656707764,6.498437404632568,0.3093165159225464,20,1,3,0,1,1,1,0.41307228803634644,0.0,0,contra,0.15,-1,114,277,CORRECT,0,0,0,0,9,0,0.413072,0.0,answer,
margin,live-delta,7,0.0,0.562019,0.581322,0.499878,0.785156,0.353025,0.503025,0.0,0.5355624556541443,0.5355624556541443,2.554685115814209,12.867247581481934,0.17663411796092987,20,1,2,0,1,1,1,0.5435468554496765,0.0,0,contra,0.15,-1,115,250,CORRECT,0,0,0,0,8,0,0.491833,0.0,answer,
margin,live-delta,7,0.0,0.562019,0.581322,0.499878,0.785156,0.353025,0.503025,0.07225799560546875,0.6103099584579468,0.538051962852478,1.7951480150222778,6.0203657150268555,0.5400121808052063,20,1,1,1,1,1,1,0.15315358340740204,0.11173838376998901,2,contra,0.15,-1,116,54,CORRECT,0,0,0,0,9,0,0.153154,0.0,answer,
margin,live-delta,7,0.0,0.562019,0.581322,0.499878,0.785156,0.353025,0.503025,0.0,0.670042097568512,0.670042097568512,2.213533639907837,9.147985458374023,0.1673935502767563,20,1,1,1,1,1,1,0.5905877947807312,0.0,0,contra,0.15,-1,117,49,CORRECT,0,0,0,0,12,0,0.590588,0.0,answer,
margin,live-delta,7,0.0,0.562019,0.581322,0.499878,0.785156,0.353025,0.503025,0.0,0.44668951630592346,0.44668951630592346,1.7688367366790771,5.864027976989746,0.25454527139663696,7,1,1,1,1,1,1,0.5687711238861084,0.0,0,contra,0.15,-1,118,48,CORRECT,0,0,0,0,4,0,0.568771,0.0,answer,
margin,live-delta,7,0.0,0.562019,0.581322,0.499878,0.785156,0.353025,0.503025,0.0,0.5582033395767212,0.5582033395767212,2.5415561199188232,12.699417114257812,0.1309412270784378,20,1,1,1,1,1,1,0.6228318214416504,0.0,0,contra,0.15,-1,119,49,CORRECT,0,0,0,0,11,0,0.612266,0.0,answer,
margin,live-delta,7,0.0,0.562019,0.581322,0.499878,0.785156,0.353025,0.503025,0.0,0.6123923659324646,0.6123923659324646,2.4500515460968018,11.588944435119629,0.1441589742898941,20,1,1,1,1,1,1,0.6019333004951477,0.0,0,contra,0.15,-1,120,57,CORRECT,0,0,0,0,11,0,0.601933,0.0,answer,
margin,live-delta,7,0.0,0.562019,0.581322,0.499878,0.785156,0.353025,0.503025,0.028531432151794434,0.6142705678939819,0.5857391357421875,2.5388312339782715,12.664859771728516,0.2434779405593872,20,1,1,1,1,1,1,0.4529998004436493,0.028531432151794434,1,contra,0.15,-1,121,52,CORRECT,0,0,0,0,12,0,0.453,0.0,answer,
margin,live-delta,7,0.0,0.562019,0.581322,0.499878,0.785156,0.353025,0.503025,0.04132509231567383,0.6418052911758423,0.6004801988601685,2.733898639678955,15.392781257629395,0.18766796588897705,20,1,1,1,1,1,1,0.573188304901123,0.04132509231567383,1,contra,0.15,-1,122,52,CORRECT,0,0,0,0,13,0,0.573188,0.0,answer,
margin,live-delta,7,0.0,0.562019,0.581322,0.499878,0.785156,0.353025,0.503025,0.0,0.5257062911987305,0.5257062911987305,1.9612390995025635,7.108129501342773,0.3469776213169098,20,1,2,0,1,1,1,0.558428168296814,0.0,0,contra,0.15,-1,123,189,CORRECT,0,0,0,0,11,0,0.505898,0.0,answer,
margin,live-delta,7,0.0,0.562019,0.581322,0.499878,0.785156,0.353025,0.503025,0.0,0.7209793329238892,0.7209793329238892,2.3562519550323486,10.55133056640625,0.13798299431800842,20,1,1,1,2,0,1,0.7272986173629761,0.0,0,contra,0.15,-1,124,62,CONTRADICTORY_LENIENT,0,1,0,0,12,0,0.727299,0.0,answer,
margin,live-delta,7,0.0,0.562019,0.581322,0.499878,0.785156,0.353025,0.503025,0.0,0.5810360312461853,0.5810360312461853,2.566819667816162,13.024336814880371,0.16019883751869202,20,1,1,1,1,1,1,0.5583205223083496,0.0,0,contra,0.15,-1,125,38,CORRECT,0,0,0,0,10,0,0.548123,0.0,answer,
margin,live-delta,7,0.0,0.562019,0.581322,0.499878,0.785156,0.353025,0.503025,0.051419079303741455,0.7271186113357544,0.6756995320320129,1.2259025573730469,3.4072399139404297,0.5555551052093506,20,1,1,1,1,1,1,0.22547277808189392,0.051419079303741455,2,contra,0.15,-1,126,41,CORRECT,0,0,0,0,10,0,0.225473,0.0,answer,
margin,live-delta,7,0.0,0.562019,0.581322,0.499878,0.785156,0.353025,0.503025,0.1547597050666809,0.7880293130874634,0.6332696080207825,0.6706828474998474,1.955572247505188,0.8591440916061401,18,1,1,1,1,1,0,0.050419263541698456,0.1547597050666809,2,contra,0.15,-1,127,40,CORRECT,0,0,0,0,6,0,0.050419,0.0,answer,
margin,live-delta,7,0.0,0.562019,0.581322,0.499878,0.785156,0.353025,0.503025,0.02814382314682007,0.5415035486221313,0.5133597254753113,2.80753231048584,16.568981170654297,0.16701535880565643,20,2,2,1,2,1,1,0.32717272639274597,0.02814382314682007,1,contra,0.15,-1,128,66,CORRECT,0,0,0,0,7,0,0.327173,0.0,answer,
margin,live-delta,7,0.0,0.562019,0.581322,0.499878,0.785156,0.353025,0.503025,0.02547597885131836,0.5951765775680542,0.5697005987167358,2.590585708618164,13.337581634521484,0.21748310327529907,20,2,2,1,2,1,1,0.3575812578201294,0.02547597885131836,1,contra,0.15,-1,129,66,CORRECT,0,0,0,0,10,0,0.357581,0.0,answer,
margin,live-delta,7,0.0,0.562019,0.581322,0.499878,0.785156,0.353025,0.503025,0.041772425174713135,0.5690668821334839,0.5272944569587708,2.7555556297302246,15.729778289794922,0.16376113891601562,20,2,2,1,2,1,1,0.32592275738716125,0.041772425174713135,1,contra,0.15,-1,130,81,CORRECT,0,0,0,0,7,0,0.325923,0.0,answer,
margin,live-delta,7,0.0,0.562019,0.581322,0.499878,0.785156,0.353025,0.503025,0.014298349618911743,0.40967702865600586,0.3953786790370941,1.693662166595459,5.439363956451416,0.28383558988571167,6,2,2,1,2,1,1,0.4063622057437897,0.014298349618911743,0,contra,0.15,-1,132,71,CORRECT,0,0,0,0,3,0,0.406362,0.0,answer,
margin,live-delta,7,0.0,0.562019,0.581322,0.499878,0.785156,0.353025,0.503025,0.07747495174407959,0.7438898086547852,0.6664148569107056,1.387222409248352,4.003714084625244,0.61179119348526,20,2,2,1,2,1,1,0.2154768854379654,0.07747495174407959,2,contra,0.15,-1,133,71,CORRECT,0,0,0,0,8,0,0.215477,0.0,answer,
margin,live-delta,7,0.0,0.562019,0.581322,0.499878,0.785156,0.353025,0.503025,0.09667551517486572,0.7966055274009705,0.6999300122261047,1.5469940900802612,4.697329044342041,0.6198713779449463,20,2,2,1,2,1,1,0.13657060265541077,0.10837900638580322,2,contra,0.15,-1,134,86,CORRECT,0,0,0,0,8,0,0.136571,0.0,answer,
margin,live-delta,7,0.0,0.562019,0.581322,0.499878,0.785156,0.353025,0.503025,0.0,0.5892134308815002,0.5892134308815002,2.037095308303833,7.668302536010742,0.23135726153850555,20,2,0,0,2,1,1,0.5536633729934692,0.0,0,contra,0.15,-1,135,265,CORRECT,0,0,0,0,8,0,0.553663,0.0,answer,
margin,live-delta,7,0.0,0.562019,0.581322,0.499878,0.785156,0.353025,0.503025,0.0,0.6251969933509827,0.6251969933509827,2.5897586345672607,13.326554298400879,0.1985977441072464,20,2,1,0,2,1,1,0.4418671131134033,0.0,0,contra,0.15,-1,136,170,CORRECT,0,0,0,0,7,0,0.441867,0.0,answer,
margin,live-delta,7,0.0,0.562019,0.581322,0.499878,0.785156,0.353025,0.503025,0.0,0.4245971441268921,0.4245971441268921,1.7037198543548584,5.49434757232666,0.21169176697731018,6,2,1,0,2,1,1,0.42338353395462036,0.0,0,contra,0.15,-1,137,160,CORRECT,0,0,0,0,2,0,0.423384,0.0,answer,
margin,live-delta,7,0.0,0.562019,0.581322,0.499878,0.785156,0.353025,0.503025,0.012679576873779297,0.41997987031936646,0.40730029344558716,2.587648868560791,13.298468589782715,0.13001592457294464,14,2,2,1,2,1,1,0.326919823884964,0.027431517839431763,1,contra,0.15,-1,138,85,CORRECT,0,0,0,0,5,0,0.32692,0.0,answer,
margin,live-delta,7,0.0,0.562019,0.581322,0.499878,0.785156,0.353025,0.503025,0.028989017009735107,0.6016455292701721,0.572656512260437,2.216634511947632,9.176395416259766,0.2977466583251953,20,2,2,1,2,1,1,0.21995675563812256,0.028989017009735107,1,contra,0.15,-1,139,64,CORRECT,0,0,0,0,6,0,0.219957,0.0,answer,
margin,live-delta,7,0.0,0.562019,0.581322,0.499878,0.785156,0.353025,0.503025,0.0,0.6501257419586182,0.6501257419586182,2.0182955265045166,7.525486946105957,0.18337593972682953,15,2,0,0,2,1,1,0.6814205050468445,0.0,0,contra,0.15,-1,140,233,CORRECT,0,0,0,0,7,0,0.681421,0.0,answer,
margin,live-delta,7,0.0,0.562019,0.581322,0.499878,0.785156,0.353025,0.503025,0.047999441623687744,0.6712274551391602,0.6232280135154724,2.1184232234954834,8.318011283874512,0.3942708969116211,20,2,2,1,2,1,1,0.24376003444194794,0.047999441623687744,1,contra,0.15,-1,141,86,CORRECT,0,0,0,0,7,0,0.24376,0.0,answer,
margin,live-delta,7,0.0,0.562019,0.581322,0.499878,0.785156,0.353025,0.503025,0.0,0.5701974630355835,0.5701974630355835,2.787735939025879,16.244199752807617,0.10931164771318436,20,2,2,1,2,1,1,0.3628518879413605,0.0,0,contra,0.15,-1,142,65,CORRECT,0,0,0,0,7,0,0.362852,0.0,answer,
margin,live-delta,7,0.0,0.562019,0.581322,0.499878,0.785156,0.353025,0.503025,0.0,0.4765753746032715,0.4765753746032715,2.8342320919036865,17.0173282623291,0.11499208211898804,20,2,0,0,2,1,1,0.3907008171081543,0.0,0,contra,0.15,-1,143,265,CORRECT,0,0,0,0,7,0,0.390701,0.0,answer,
margin,live-delta,7,0.0,0.562019,0.581322,0.499878,0.785156,0.353025,0.503025,0.0962134599685669,0.5023441314697266,0.40613067150115967,0.7440427541732788,2.104426145553589,0.7831152081489563,4,2,2,1,2,1,0,0.0512818917632103,0.1362971067428589,2,contra,0.15,-1,144,85,CORRECT,0,0,0,0,1,0,0.051282,0.0,answer,
margin,live-delta,7,0.0,0.562019,0.581322,0.499878,0.785156,0.353025,0.503025,0.06751570105552673,0.5056645274162292,0.4381488263607025,1.89017653465271,6.620537281036377,0.4070104658603668,10,2,2,1,2,1,1,0.29944372177124023,0.06751570105552673,2,contra,0.15,-1,145,88,CORRECT,0,0,0,0,4,0,0.299444,0.0,answer,
margin,live-delta,7,0.0,0.562019,0.581322,0.499878,0.785156,0.353025,0.503025,0.0006460845470428467,0.4003845751285553,0.39973849058151245,2.5184969902038574,12.409930229187012,0.11961117386817932,13,2,2,1,2,1,1,0.4248600900173187,0.0006460845470428467,0,contra,0.15,-1,146,88,CORRECT,0,0,0,0,6,0,0.42486,0.0,answer,
margin,live-delta,7,0.0,0.562019,0.581322,0.499878,0.785156,0.353025,0.503025,0.0,0.5993673205375671,0.5993673205375671,2.2532944679260254,9.519044876098633,0.20674698054790497,20,2,0,0,2,1,1,0.5313428044319153,0.0,0,contra,0.15,-1,147,265,CORRECT,0,0,0,0,7,0,0.531343,0.0,answer,
margin,live-delta,7,0.0,0.562019,0.581322,0.499878,0.785156,0.353025,0.503025,0.003406345844268799,0.5392884612083435,0.5358821153640747,2.7410330772399902,15.502992630004883,0.1465541273355484,20,2,2,1,2,1,1,0.37196654081344604,0.003406345844268799,0,contra,0.15,-1,148,78,CORRECT,0,0,0,0,8,0,0.371967,0.0,answer,
margin,live-delta,7,0.0,0.562019,0.581322,0.499878,0.785156,0.353025,0.503025,0.0,0.6592262983322144,0.6592262983322144,1.8431789875030518,6.316586494445801,0.34104037284851074,20,2,2,1,2,1,1,0.5089802742004395,0.0,0,contra,0.15,-1,149,91,CORRECT,0,0,0,0,7,0,0.50898,0.0,answer,
margin,live-delta,7,0.0,0.562019,0.581322,0.499878,0.785156,0.353025,0.503025,0.002938687801361084,0.6503852605819702,0.6474465727806091,2.6779708862304688,14.55552864074707,0.10633876174688339,20,2,2,1,2,1,1,0.3929084539413452,0.004634380340576172,0,contra,0.15,-1,150,66,CORRECT,0,0,0,0,8,0,0.392908,0.0,answer,
margin,live-delta,7,0.0,0.562019,0.581322,0.499878,0.785156,0.353025,0.503025,0.027769744396209717,0.5065252184867859,0.47875547409057617,2.58968186378479,13.325531959533691,0.2540431022644043,20,2,2,1,2,1,1,0.23981985449790955,0.06456291675567627,2,contra,0.15,-1,151,85,CORRECT,0,0,0,0,7,0,0.23982,0.0,answer,
margin,live-delta,7,0.0,0.562019,0.581322,0.499878,0.785156,0.353025,0.503025,0.0,0.6035950779914856,0.6035950779914856,0.6931471824645996,2.0,0.5,2,2,3,0,2,1,1,0.5,0.0,0,contra,0.15,-1,152,269,CORRECT,0,0,0,0,1,0,0.5,0.0,answer,
margin,live-delta,7,0.0,0.562019,0.581322,0.499878,0.785156,0.353025,0.503025,0.0,0.574760377407074,0.574760377407074,2.681713819503784,14.610111236572266,0.1578972190618515,20,2,2,1,2,1,1,0.43209195137023926,0.0,0,contra,0.15,-1,153,94,CORRECT,0,0,0,0,8,0,0.432092,0.0,answer,
margin,live-delta,7,0.0,0.562019,0.581322,0.499878,0.785156,0.353025,0.503025,0.010171353816986084,0.39511168003082275,0.38494032621383667,2.2989113330841064,9.963330268859863,0.12341075390577316,10,2,2,1,2,1,1,0.5873892307281494,0.010171353816986084,0,contra,0.15,-1,155,64,CORRECT,0,0,0,0,6,0,0.587389,0.0,answer,
margin,live-delta,7,0.0,0.562019,0.581322,0.499878,0.785156,0.353025,0.503025,0.0,0.4113556444644928,0.4113556444644928,0.6931471824645996,2.0,0.5,2,2,3,0,2,1,1,0.5,0.0,0,contra,0.15,-1,156,259,CORRECT,0,0,0,0,1,0,0.5,0.0,answer,
margin,live-delta,7,0.0,0.562019,0.581322,0.499878,0.785156,0.353025,0.503025,0.0,0.6391476988792419,0.6391476988792419,2.580065965652466,13.19800853729248,0.19365736842155457,20,2,1,0,2,1,1,0.41152623295783997,0.0,0,contra,0.15,-1,157,184,CORRECT,0,0,0,0,8,0,0.411526,0.0,answer,
margin,live-delta,7,0.0,0.562019,0.581322,0.499878,0.785156,0.353025,0.503025,0.08749839663505554,0.5680897235870361,0.4805913269519806,2.4726710319519043,11.854066848754883,0.3515687584877014,20,2,2,1,2,1,1,0.2563301622867584,0.08749839663505554,2,contra,0.15,-1,158,85,CORRECT,0,0,0,0,7,0,0.25633,0.0,answer,
margin,live-delta,7,0.0,0.562019,0.581322,0.499878,0.785156,0.353025,0.503025,0.18490827083587646,0.7387069463729858,0.5537986755371094,0.6500222682952881,1.9155834913253784,0.8824017643928528,20,2,2,1,2,1,0,0.06793078035116196,0.18490827083587646,2,contra,0.15,-1,159,68,CORRECT,0,0,0,0,10,0,0.067931,0.0,answer,
margin,live-delta,7,0.0,0.562019,0.581322,0.499878,0.785156,0.353025,0.503025,0.0,0.5577472448348999,0.5577472448348999,2.2451038360595703,9.44139575958252,0.22956565022468567,20,2,0,0,2,1,1,0.5171696543693542,0.0,0,contra,0.15,-1,160,265,CORRECT,0,0,0,0,7,0,0.51717,0.0,answer,
margin,live-delta,7,0.0,0.562019,0.581322,0.499878,0.785156,0.353025,0.503025,0.0,0.4709516167640686,0.4709516167640686,2.586503505706787,13.283245086669922,0.1326313614845276,16,2,1,0,2,1,1,0.4133237302303314,0.0,0,contra,0.15,-1,161,184,CORRECT,0,0,0,0,6,0,0.413324,0.0,answer,
margin,live-delta,7,0.0,0.562019,0.581322,0.499878,0.785156,0.353025,0.503025,0.0,0.6567572355270386,0.6567572355270386,1.0978951454162598,2.997849464416504,0.45918819308280945,13,2,3,0,2,1,1,0.5086996555328369,0.0,0,contra,0.15,-1,162,259,CORRECT,0,0,0,0,7,0,0.5087,0.0,answer,
margin,live-delta,7,0.0,0.562019,0.581322,0.499878,0.785156,0.353025,0.503025,0.01217794418334961,0.574068546295166,0.5618906021118164,2.6872992515563965,14.691943168640137,0.16331806778907776,20,2,2,1,2,1,1,0.3479495048522949,0.01217794418334961,0,contra,0.15,-1,163,66,CORRECT,0,0,0,0,10,0,0.34795,0.0,answer,
margin,live-delta,7,0.0,0.562019,0.581322,0.499878,0.785156,0.353025,0.503025,0.0,0.6889474987983704,0.6889474987983704,0.7632349133491516,2.145204544067383,0.49511146545410156,12,2,2,1,2,1,1,0.5003012418746948,0.0,0,contra,0.15,-1,164,93,CORRECT,0,0,0,0,7,0,0.500301,0.0,answer,
margin,live-delta,7,0.0,0.562019,0.581322,0.499878,0.785156,0.353025,0.503025,0.08025693893432617,0.6881221532821655,0.6078652143478394,2.537578582763672,12.649004936218262,0.32786160707473755,20,2,2,1,2,1,1,0.30635538697242737,0.08025693893432617,2,contra,0.15,-1,165,86,CORRECT,0,0,0,0,9,0,0.306355,0.0,answer,
margin,live-delta,7,0.0,0.562019,0.581322,0.499878,0.785156,0.353025,0.503025,0.0,0.4756857752799988,0.4756857752799988,2.0236072540283203,7.565566539764404,0.19442416727542877,11,2,2,1,2,1,1,0.6642177700996399,0.0,0,contra,0.15,-1,166,80,CORRECT,0,0,0,0,6,0,0.664218,0.0,answer,
margin,live-delta,7,0.0,0.562019,0.581322,0.499878,0.785156,0.353025,0.503025,0.0,0.3853720426559448,0.3853720426559448,1.606544852256775,4.985555648803711,0.21501894295215607,5,2,3,0,2,1,1,0.41301339864730835,0.0,0,contra,0.15,-1,167,259,CORRECT,0,0,0,0,2,0,0.413013,0.0,answer,
margin,live-delta,7,0.0,0.562019,0.581322,0.499878,0.785156,0.353025,0.503025,0.0,0.3759671151638031,0.3759671151638031,0.6931471824645996,2.0,0.5,2,2,2,1,2,1,1,0.5,0.0,0,contra,0.15,-1,168,93,CORRECT,0,0,0,0,1,0,0.5,0.0,answer,
margin,live-delta,7,0.0,0.562019,0.581322,0.499878,0.785156,0.353025,0.503025,0.0,0.6072017550468445,0.6072017550468445,2.538831949234009,12.66486930847168,0.13711507618427277,20,2,1,0,2,1,1,0.5342227220535278,0.0,0,contra,0.15,-1,169,157,CORRECT,0,0,0,0,8,0,0.534223,0.0,answer,
margin,live-delta,7,0.0,0.562019,0.581322,0.499878,0.785156,0.353025,0.503025,0.018336057662963867,0.4837937653064728,0.4654577076435089,2.170827627182007,8.765535354614258,0.3019334375858307,13,2,2,1,2,1,1,0.18193447589874268,0.07637408375740051,2,contra,0.15,-1,170,68,CORRECT,0,0,0,0,4,0,0.181934,0.0,answer,
margin,live-delta,7,0.0,0.562019,0.581322,0.499878,0.785156,0.353025,0.503025,0.03160598874092102,0.42073097825050354,0.3891249895095825,1.678879976272583,5.359549522399902,0.3373810052871704,6,2,2,1,2,1,1,0.3819774091243744,0.03160598874092102,1,contra,0.15,-1,172,88,CORRECT,0,0,0,0,3,0,0.381977,0.0,answer,
margin,live-delta,7,0.0,0.562019,0.581322,0.499878,0.785156,0.353025,0.503025,0.0,0.5705028176307678,0.5705028176307678,2.8430426120758057,17.16792106628418,0.1210300475358963,20,2,3,0,2,1,1,0.40159693360328674,0.0,0,contra,0.15,-1,173,239,CORRECT,0,0,0,0,8,0,0.401597,0.0,answer,
margin,live-delta,7,0.0,0.562019,0.581322,0.499878,0.785156,0.353025,0.503025,0.0,0.4979991614818573,0.4979991614818573,2.609158992767334,13.587618827819824,0.18179897964000702,18,2,2,1,2,1,1,0.5166966915130615,0.0,0,contra,0.15,-1,174,65,CORRECT,0,0,0,0,9,0,0.516697,0.0,answer,
margin,live-delta,7,0.0,0.562019,0.581322,0.499878,0.785156,0.353025,0.503025,0.0024803578853607178,0.4129861891269684,0.41050583124160767,2.364778995513916,10.64168643951416,0.11910455673933029,11,2,2,1,2,1,1,0.5537880659103394,0.0024803578853607178,0,contra,0.15,-1,176,88,CORRECT,0,0,0,0,6,0,0.553788,0.0,answer,
margin,live-delta,7,0.0,0.562019,0.581322,0.499878,0.785156,0.353025,0.503025,0.12175902724266052,0.6065850257873535,0.484825998544693,1.7139838933944702,5.551032066345215,0.6130585670471191,20,2,2,1,2,1,1,0.13814108073711395,0.12190032005310059,2,contra,0.15,-1,177,78,CORRECT,0,0,0,0,8,0,0.138141,0.0,answer,
margin,live-delta,7,0.0,0.562019,0.581322,0.499878,0.785156,0.353025,0.503025,0.0012949109077453613,0.5802474617958069,0.5789525508880615,2.6442158222198486,14.072405815124512,0.15280023217201233,20,2,2,1,2,1,1,0.38944053649902344,0.0012949109077453613,0,contra,0.15,-1,179,87,CORRECT,0,0,0,0,8,0,0.389441,0.0,answer,
margin,live-delta,7,0.0,0.562019,0.581322,0.499878,0.785156,0.353025,0.503025,0.0029421746730804443,0.4807736277580261,0.4778314530849457,2.7059967517852783,14.969229698181152,0.1347336322069168,20,2,2,1,2,1,1,0.4121875762939453,0.0029421746730804443,0,contra,0.15,-1,180,64,CORRECT,0,0,0,0,8,0,0.412188,0.0,answer,
margin,live-delta,7,0.0,0.562019,0.581322,0.499878,0.785156,0.353025,0.503025,0.0,0.6918320655822754,0.6918320655822754,2.033881902694702,7.643701076507568,0.23810270428657532,20,2,2,1,0,0,1,0.5437071919441223,0.0,0,contra,0.15,-1,181,69,CONTRADICTORY_LENIENT,0,1,0,0,9,0,0.543707,0.0,answer,
margin,live-delta,7,0.0,0.562019,0.581322,0.499878,0.785156,0.353025,0.503025,0.012425124645233154,0.45632970333099365,0.4439045786857605,2.35792875289917,10.569037437438965,0.20250055193901062,12,2,2,1,2,1,1,0.2731476426124573,0.04653298854827881,1,contra,0.15,-1,182,64,CORRECT,0,0,0,0,4,0,0.273148,0.0,answer,
margin,live-delta,7,0.0,0.562019,0.581322,0.499878,0.785156,0.353025,0.503025,0.0,0.36534959077835083,0.36534959077835083,0.6931471824645996,2.0,0.5,2,2,2,1,1,0,1,0.5,0.0,0,contra,0.15,-1,183,84,CONTRADICTORY_LENIENT,0,1,0,0,1,0,0.5,0.0,answer,
margin,live-delta,7,0.0,0.562019,0.581322,0.499878,0.785156,0.353025,0.503025,0.0478360652923584,0.551082193851471,0.5032461285591125,2.6906239986419678,14.74087142944336,0.23502837121486664,20,2,2,1,2,1,1,0.30441129207611084,0.06652528047561646,2,contra,0.15,-1,184,66,CORRECT,0,0,0,0,9,0,0.304411,0.0,answer,
margin,live-delta,7,0.0,0.562019,0.581322,0.499878,0.785156,0.353025,0.503025,0.0,0.5307070016860962,0.5307070016860962,1.2943254709243774,3.648534059524536,0.4170801639556885,7,2,2,1,2,1,1,0.5164625644683838,0.0,0,contra,0.15,-1,185,84,CORRECT,0,0,0,0,4,0,0.516463,0.0,answer,
margin,live-delta,7,0.0,0.562019,0.581322,0.499878,0.785156,0.353025,0.503025,0.0,0.6895368099212646,0.6895368099212646,2.352950096130371,10.516549110412598,0.13783593475818634,20,2,0,0,2,1,1,0.6133552193641663,0.0,0,contra,0.15,-1,186,233,CORRECT,0,0,0,0,9,0,0.613355,0.0,answer,
margin,live-delta,7,0.0,0.562019,0.581322,0.499878,0.785156,0.353025,0.503025,0.038748323917388916,0.36235830187797546,0.32360997796058655,-0.0,1.0,1.0,1,2,2,1,2,1,0,0.0,0.038748323917388916,1,contra,0.15,-1,187,81,CORRECT,0,0,0,0,0,0,0.0,0.0,answer,
margin,live-delta,7,0.0,0.562019,0.581322,0.499878,0.785156,0.353025,0.503025,0.0,0.46566590666770935,0.46566590666770935,2.0634708404541016,7.873249053955078,0.19475148618221283,12,2,1,0,2,1,1,0.4982849359512329,0.0,0,contra,0.15,-1,188,160,CORRECT,0,0,0,0,6,0,0.498285,0.0,answer,
margin,live-delta,7,0.0,0.562019,0.581322,0.499878,0.785156,0.353025,0.503025,0.0,0.574927806854248,0.574927806854248,2.2307753562927246,9.307079315185547,0.24537937343120575,20,2,1,0,2,1,1,0.5436205267906189,0.0,0,contra,0.15,-1,189,212,CORRECT,0,0,0,0,8,0,0.543621,0.0,answer,
margin,live-delta,7,0.0,0.562019,0.581322,0.499878,0.785156,0.353025,0.503025,0.0,0.5638655424118042,0.5638655424118042,2.568557024002075,13.046984672546387,0.18916137516498566,20,2,3,0,2,1,1,0.4566963315010071,0.0,0,contra,0.15,-1,190,141,CORRECT,0,0,0,0,7,0,0.456696,0.0,answer,
margin,live-delta,7,0.0,0.562019,0.581322,0.499878,0.785156,0.353025,0.503025,0.005952358245849609,0.555470883846283,0.5495185256004333,2.5402944087982178,12.683403968811035,0.1862209290266037,20,2,2,1,2,1,1,0.34371107816696167,0.005952358245849609,0,contra,0.15,-1,191,86,CORRECT,0,0,0,0,8,0,0.343711,0.0,answer,
margin,live-delta,7,0.0,0.562019,0.581322,0.499878,0.785156,0.353025,0.503025,0.0,0.7158771753311157,0.7158771753311157,2.726071834564209,15.272774696350098,0.1351509392261505,20,3,3,1,2,0,1,0.6140344738960266,0.0,0,contra,0.15,-1,192,98,CONTRADICTORY_LENIENT,0,1,0,0,12,0,0.614034,0.0,answer,
margin,live-delta,7,0.0,0.562019,0.581322,0.499878,0.785156,0.353025,0.503025,0.10260394215583801,0.5292460918426514,0.42664214968681335,2.240112543106079,9.394388198852539,0.45013412833213806,20,3,3,1,3,1,1,0.3889967203140259,0.10260394215583801,2,contra,0.15,-1,193,124,CORRECT,0,0,0,0,13,0,0.388997,0.0,answer,
margin,live-delta,7,0.0,0.562019,0.581322,0.499878,0.785156,0.353025,0.503025,0.004106700420379639,0.43997180461883545,0.4358651041984558,2.7007622718811035,14.891077995300293,0.09942911565303802,16,3,3,1,3,1,1,0.5645184516906738,0.004106700420379639,0,contra,0.15,-1,194,124,CORRECT,0,0,0,0,9,0,0.564518,0.0,answer,
margin,live-delta,7,0.0,0.562019,0.581322,0.499878,0.785156,0.353025,0.503025,0.0,0.6738865971565247,0.6738865971565247,2.248337984085083,9.471980094909668,0.1882534623146057,20,3,2,0,2,0,1,0.6889820098876953,0.0,0,contra,0.15,-1,195,136,CONTRADICTORY_STRICT,1,1,0,0,12,0,0.688982,0.0,answer,
margin,live-delta,7,0.0,0.562019,0.581322,0.499878,0.785156,0.353025,0.503025,0.0,0.6066103577613831,0.6066103577613831,2.9343254566192627,18.80881118774414,0.07647068798542023,20,3,3,1,2,0,1,0.6452745199203491,0.0,0,contra,0.15,-1,196,98,CONTRADICTORY_LENIENT,0,1,0,0,13,0,0.645275,0.0,answer,
margin,live-delta,7,0.0,0.562019,0.581322,0.499878,0.785156,0.353025,0.503025,0.0,0.6571125984191895,0.6571125984191895,2.6956822872161865,14.815624237060547,0.1201036274433136,20,3,2,0,3,1,1,0.5280413031578064,0.0,0,contra,0.15,-1,197,261,CORRECT,0,0,0,0,11,0,0.528041,0.0,answer,
margin,live-delta,7,0.0,0.562019,0.581322,0.499878,0.785156,0.353025,0.503025,0.0,0.6370205283164978,0.6370205283164978,1.9910857677459717,7.32348108291626,0.21090500056743622,20,3,2,0,2,0,1,0.6938982009887695,0.0,0,contra,0.15,-1,199,136,CONTRADICTORY_STRICT,1,1,0,0,11,0,0.693898,0.0,answer,
margin,live-delta,7,0.0,0.562019,0.581322,0.499878,0.785156,0.353025,0.503025,0.028112411499023438,0.7088281512260437,0.6807157397270203,2.8804893493652344,17.8229923248291,0.1359235942363739,20,3,3,1,3,1,1,0.5607678890228271,0.028112411499023438,1,contra,0.15,-1,200,115,CORRECT,0,0,0,0,12,0,0.560768,0.0,answer,
margin,live-delta,7,0.0,0.562019,0.581322,0.499878,0.785156,0.353025,0.503025,0.0,0.48156577348709106,0.48156577348709106,2.435014247894287,11.41598129272461,0.20205721259117126,20,3,3,1,3,1,1,0.44555288553237915,0.0,0,contra,0.15,-1,201,246,CORRECT,0,0,0,0,12,0,0.445553,0.0,answer,
margin,live-delta,7,0.0,0.562019,0.581322,0.499878,0.785156,0.353025,0.503025,0.02431178092956543,0.5317378044128418,0.5074260234832764,1.0537190437316895,2.8682985305786133,0.5190723538398743,4,3,3,1,3,1,0,0.0,0.18435001373291016,2,contra,0.15,-1,202,116,CORRECT,0,0,0,0,0,0,0.0,0.0,answer,
margin,live-delta,7,0.0,0.562019,0.581322,0.499878,0.785156,0.353025,0.503025,0.1064421534538269,0.6956464052200317,0.5892042517662048,2.0148510932922363,7.499610424041748,0.5405752062797546,20,3,3,1,3,1,1,0.25342321395874023,0.15494287014007568,2,contra,0.15,-1,203,123,CORRECT,0,0,0,0,12,0,0.253423,0.0,answer,
margin,live-delta,7,0.0,0.562019,0.581322,0.499878,0.785156,0.353025,0.503025,0.0,0.649493396282196,0.649493396282196,2.031358480453491,7.624436855316162,0.1769615113735199,20,3,1,0,0,0,1,0.634841799736023,0.0,0,contra,0.15,-1,204,142,CONTRADICTORY_STRICT,1,1,0,0,10,0,0.634842,0.0,answer,
margin,live-delta,7,0.0,0.562019,0.581322,0.499878,0.785156,0.353025,0.503025,0.013731002807617188,0.4197525680065155,0.4060215651988983,2.2156524658203125,9.167388916015625,0.18409742414951324,10,3,3,1,3,1,1,0.4255087077617645,0.020053625106811523,0,contra,0.15,-1,205,116,CORRECT,0,0,0,0,5,0,0.425509,0.0,answer,
margin,live-delta,7,0.0,0.562019,0.581322,0.499878,0.785156,0.353025,0.503025,0.0,0.5191511511802673,0.5191511511802673,1.9493662118911743,7.024234294891357,0.20649415254592896,8,3,3,1,3,1,1,0.4283914268016815,0.0,0,contra,0.15,-1,206,107,CORRECT,0,0,0,0,4,0,0.428391,0.0,answer,
margin,live-delta,7,0.0,0.562019,0.581322,0.499878,0.785156,0.353025,0.503025,0.0,0.5254757404327393,0.5254757404327393,1.3760846853256226,3.95936918258667,0.39213377237319946,7,3,2,0,3,1,1,0.4893432557582855,0.0,0,contra,0.15,-1,207,192,CORRECT,0,0,0,0,3,0,0.489343,0.0,answer,
margin,live-delta,7,0.0,0.562019,0.581322,0.499878,0.785156,0.353025,0.503025,0.0,0.5600730180740356,0.5600730180740356,2.533318042755127,12.59522819519043,0.15091055631637573,20,3,3,1,2,0,1,0.6409032344818115,0.0,0,contra,0.15,-1,208,127,CONTRADICTORY_LENIENT,0,1,0,0,11,0,0.640903,0.0,answer,
margin,live-delta,7,0.0,0.562019,0.581322,0.499878,0.785156,0.353025,0.503025,0.0,0.6268348693847656,0.6268348693847656,2.70117449760437,14.897217750549316,0.09462476521730423,20,3,2,0,3,1,1,0.5885842442512512,0.0,0,contra,0.15,-1,209,236,CORRECT,0,0,0,0,12,0,0.588584,0.0,answer,
margin,live-delta,7,0.0,0.562019,0.581322,0.499878,0.785156,0.353025,0.503025,0.0,0.4622208774089813,0.4622208774089813,2.730548620223999,15.341300964355469,0.107150599360466,18,3,1,0,3,1,1,0.5841087102890015,0.0,0,contra,0.15,-1,210,244,CORRECT,0,0,0,0,9,0,0.568591,0.0,answer,
margin,live-delta,7,0.0,0.562019,0.581322,0.499878,0.785156,0.353025,0.503025,0.02866208553314209,0.7037274837493896,0.6750653982162476,2.6217784881591797,13.760173797607422,0.1929308921098709,20,3,3,1,3,1,1,0.4603615403175354,0.02866208553314209,1,contra,0.15,-1,211,96,CORRECT,0,0,0,0,10,0,0.460362,0.0,answer,
margin,live-delta,7,0.0,0.562019,0.581322,0.499878,0.785156,0.353025,0.503025,0.0,0.7040786147117615,0.7040786147117615,2.4358725547790527,11.42578411102295,0.18166789412498474,20,3,3,1,3,1,1,0.5585078597068787,0.0,0,contra,0.15,-1,212,98,CORRECT,0,0,0,0,12,0,0.558508,0.0,answer,
margin,live-delta,7,0.0,0.562019,0.581322,0.499878,0.785156,0.353025,0.503025,0.0,0.7602081298828125,0.7602081298828125,2.6740875244140625,14.499114036560059,0.1212281659245491,20,3,2,0,2,0,1,0.6339030265808105,0.0,0,contra,0.15,-1,213,261,CONTRADICTORY_STRICT,1,1,0,0,12,0,0.633903,0.0,answer,
margin,live-delta,7,0.0,0.562019,0.581322,0.499878,0.785156,0.353025,0.503025,0.0420457124710083,0.4206753373146057,0.3786296248435974,2.8180837631225586,16.744733810424805,0.14989833533763885,18,3,3,1,3,1,1,0.5432244539260864,0.0420457124710083,1,contra,0.15,-1,214,116,CORRECT,0,0,0,0,11,0,0.543224,0.0,answer,
margin,live-delta,7,0.0,0.562019,0.581322,0.499878,0.785156,0.353025,0.503025,0.0,0.6014844179153442,0.6014844179153442,2.7609078884124756,15.814193725585938,0.11341316998004913,20,3,3,1,2,0,1,0.6831298470497131,0.0,0,contra,0.15,-1,215,127,CONTRADICTORY_LENIENT,0,1,0,0,13,0,0.68313,0.0,answer,
margin,live-delta,7,0.0,0.562019,0.581322,0.499878,0.785156,0.353025,0.503025,0.0,0.561787486076355,0.561787486076355,2.8238983154296875,16.84238052368164,0.10284803062677383,20,3,3,1,3,1,1,0.5324468612670898,0.0,0,contra,0.15,-1,216,106,CORRECT,0,0,0,0,10,0,0.532447,0.0,answer,
margin,live-delta,7,0.0,0.562019,0.581322,0.499878,0.785156,0.353025,0.503025,0.0,0.581675112247467,0.581675112247467,0.9492582082748413,2.583792209625244,0.46923404932022095,5,3,3,1,3,1,1,0.5102552771568298,0.0,0,contra,0.15,-1,217,105,CORRECT,0,0,0,0,3,0,0.510255,0.0,answer,
margin,live-delta,7,0.0,0.562019,0.581322,0.499878,0.785156,0.353025,0.503025,0.01645064353942871,0.6338362693786621,0.6173856258392334,2.869264602661133,17.624052047729492,0.1025618389248848,20,3,3,1,3,1,1,0.6059402227401733,0.01645064353942871,0,contra,0.15,-1,218,117,CORRECT,0,0,0,0,13,0,0.60594,0.0,answer,
margin,live-delta,7,0.0,0.562019,0.581322,0.499878,0.785156,0.353025,0.503025,0.046770721673965454,0.540321946144104,0.49355122447013855,2.841395854949951,17.139673233032227,0.1704106628894806,20,3,3,1,3,1,1,0.49958184361457825,0.046770721673965454,1,contra,0.15,-1,219,108,CORRECT,0,0,0,0,11,0,0.499582,0.0,answer,
margin,live-delta,7,0.0,0.562019,0.581322,0.499878,0.785156,0.353025,0.503025,0.0,0.6931151151657104,0.6931151151657104,2.7857630252838135,16.212182998657227,0.09795370697975159,20,3,0,0,2,0,1,0.6542037725448608,0.0,0,contra,0.15,-1,220,268,CONTRADICTORY_STRICT,1,1,0,0,13,0,0.654204,0.0,answer,
margin,live-delta,7,0.0,0.562019,0.581322,0.499878,0.785156,0.353025,0.503025,0.0,0.6067142486572266,0.6067142486572266,2.03279972076416,7.635433673858643,0.32233965396881104,20,3,3,1,3,1,1,0.5244067311286926,0.0,0,contra,0.15,-1,221,102,CORRECT,0,0,0,0,11,0,0.524407,0.0,answer,
margin,live-delta,7,0.0,0.562019,0.581322,0.499878,0.785156,0.353025,0.503025,0.0,0.5600713491439819,0.5600713491439819,2.8961191177368164,18.103750228881836,0.10215479135513306,20,3,2,0,3,1,1,0.6069350838661194,0.0,0,contra,0.15,-1,222,204,CORRECT,0,0,0,0,12,0,0.606935,0.0,answer,
margin,live-delta,7,0.0,0.562019,0.581322,0.499878,0.785156,0.353025,0.503025,0.0464787483215332,0.4414621889591217,0.3949834406375885,2.8920912742614746,18.030977249145508,0.1523197740316391,20,3,3,1,3,1,1,0.5527645349502563,0.0464787483215332,1,contra,0.15,-1,223,124,CORRECT,0,0,0,0,12,0,0.552765,0.0,answer,
margin,live-delta,7,0.0,0.562019,0.581322,0.499878,0.785156,0.353025,0.503025,0.0,0.40286785364151,0.40286785364151,1.3862943649291992,4.0,0.25,4,3,1,0,1,0,1,0.75,0.0,0,contra,0.15,-1,224,282,CONTRADICTORY_STRICT,1,1,0,0,3,0,0.75,0.0,answer,
margin,live-delta,7,0.0,0.562019,0.581322,0.499878,0.785156,0.353025,0.503025,0.0,0.5563745498657227,0.5563745498657227,2.6993820667266846,14.870539665222168,0.147769957780838,20,3,0,0,3,1,1,0.6143898963928223,0.0,0,contra,0.15,-1,225,30,CORRECT,0,0,0,0,11,0,0.539628,0.0,answer,
margin,live-delta,7,0.0,0.562019,0.581322,0.499878,0.785156,0.353025,0.503025,0.03750276565551758,0.47772443294525146,0.4402216672897339,2.8929953575134277,18.047286987304688,0.1336732804775238,20,3,3,1,3,1,1,0.5477142333984375,0.03750276565551758,1,contra,0.15,-1,226,123,CORRECT,0,0,0,0,11,0,0.547714,0.0,answer,
margin,live-delta,7,0.0,0.562019,0.581322,0.499878,0.785156,0.353025,0.503025,0.0,0.3879879117012024,0.3879879117012024,1.6094379425048828,5.0,0.20000000298023224,5,3,2,0,2,0,1,0.800000011920929,0.0,0,contra,0.15,-1,227,236,CONTRADICTORY_STRICT,1,1,0,0,4,0,0.8,0.0,answer,
margin,live-delta,7,0.0,0.562019,0.581322,0.499878,0.785156,0.353025,0.503025,0.0,0.7159953117370605,0.7159953117370605,1.3932069540023804,4.027746200561523,0.2497321516275406,5,3,1,0,0,0,1,0.749196469783783,0.0,0,contra,0.15,-1,228,142,CONTRADICTORY_STRICT,1,1,0,0,3,0,0.749196,0.0,answer,
margin,live-delta,7,0.0,0.562019,0.581322,0.499878,0.785156,0.353025,0.503025,0.06361925601959229,0.6538165807723999,0.5901973247528076,2.3883793354034424,10.895821571350098,0.3167652487754822,20,3,3,1,3,1,1,0.4007052481174469,0.06361925601959229,2,contra,0.15,-1,229,115,CORRECT,0,0,0,0,11,0,0.400705,0.0,answer,
margin,live-delta,7,0.0,0.562019,0.581322,0.499878,0.785156,0.353025,0.503025,0.0,0.6125504374504089,0.6125504374504089,2.8225252628326416,16.819271087646484,0.0792824774980545,20,3,1,0,2,0,1,0.7487189769744873,0.0,0,contra,0.15,-1,230,209,CONTRADICTORY_STRICT,1,1,0,0,14,0,0.748719,0.0,answer,
margin,live-delta,7,0.0,0.562019,0.581322,0.499878,0.785156,0.353025,0.503025,0.027474582195281982,0.5701779127120972,0.5427033305168152,2.4840264320373535,11.989441871643066,0.2825271189212799,20,3,3,1,3,1,1,0.3570590019226074,0.0692371129989624,2,contra,0.15,-1,231,117,CORRECT,0,0,0,0,12,0,0.357059,0.0,answer,
margin,live-delta,7,0.0,0.562019,0.581322,0.499878,0.785156,0.353025,0.503025,0.0,0.5009386539459229,0.5009386539459229,2.828718662261963,16.92376136779785,0.10489248484373093,20,3,1,0,1,0,1,0.6835590600967407,0.0,0,contra,0.15,-1,232,282,CONTRADICTORY_STRICT,1,1,0,0,12,0,0.606765,0.0,answer,
margin,live-delta,7,0.0,0.562019,0.581322,0.499878,0.785156,0.353025,0.503025,0.0030035674571990967,0.496469646692276,0.4934660792350769,2.806727409362793,16.555648803710938,0.1192389652132988,20,3,3,1,3,1,1,0.49033740162849426,0.0030035674571990967,0,contra,0.15,-1,233,115,CORRECT,0,0,0,0,11,0,0.490337,0.0,answer,
margin,live-delta,7,0.0,0.562019,0.581322,0.499878,0.785156,0.353025,0.503025,0.04291737079620361,0.501893937587738,0.4589765667915344,2.8817763328552246,17.845945358276367,0.14454282820224762,20,3,3,1,3,1,1,0.5145334005355835,0.04291737079620361,1,contra,0.15,-1,234,108,CORRECT,0,0,0,0,11,0,0.514533,0.0,answer,
margin,live-delta,7,0.0,0.562019,0.581322,0.499878,0.785156,0.353025,0.503025,0.06836903095245361,0.6614959239959717,0.5931268930435181,2.3751463890075684,10.75258731842041,0.34957391023635864,20,3,3,1,3,1,1,0.4022546112537384,0.08094149827957153,2,contra,0.15,-1,235,115,CORRECT,0,0,0,0,12,0,0.402255,0.0,answer,
margin,live-delta,7,0.0,0.562019,0.581322,0.499878,0.785156,0.353025,0.503025,0.0,0.46608585119247437,0.46608585119247437,2.8738596439361572,17.705223083496094,0.1024697870016098,20,3,2,0,3,1,1,0.6506230235099792,0.0,0,contra,0.15,-1,236,274,CORRECT,0,0,0,0,13,0,0.616217,0.0,answer,
margin,live-delta,7,0.0,0.562019,0.581322,0.499878,0.785156,0.353025,0.503025,0.015743613243103027,0.6798076629638672,0.6640640497207642,2.2905750274658203,9.88061809539795,0.2774854302406311,20,3,3,1,3,1,1,0.37191909551620483,0.06494688987731934,2,contra,0.15,-1,237,115,CORRECT,0,0,0,0,11,0,0.371919,0.0,answer,
margin,live-delta,7,0.0,0.562019,0.581322,0.499878,0.785156,0.353025,0.503025,0.0,0.48643261194229126,0.48643261194229126,2.8961191177368164,18.103750228881836,0.09796364605426788,20,3,1,0,2,0,1,0.6779518127441406,0.0,0,contra,0.15,-1,238,249,CONTRADICTORY_STRICT,1,1,0,0,13,0,0.677952,0.0,answer,
margin,live-delta,7,0.0,0.562019,0.581322,0.499878,0.785156,0.353025,0.503025,0.04946953058242798,0.5871029496192932,0.5376334190368652,2.405905246734619,11.08846378326416,0.338199257850647,20,3,3,1,3,1,1,0.31581103801727295,0.07708108425140381,2,contra,0.15,-1,239,123,CORRECT,0,0,0,0,11,0,0.315811,0.0,answer,
margin,live-delta,7,0.0,0.562019,0.581322,0.499878,0.785156,0.353025,0.503025,0.0,0.6377276182174683,0.6377276182174683,2.5874061584472656,13.295241355895996,0.11217056214809418,20,3,1,0,2,0,1,0.7273324728012085,0.0,0,contra,0.15,-1,240,249,CONTRADICTORY_STRICT,1,1,0,0,13,0,0.727332,0.0,answer,
margin,live-delta,7,0.0,0.562019,0.581322,0.499878,0.785156,0.353025,0.503025,0.0,0.49900099635124207,0.49900099635124207,2.565598487854004,13.008440971374512,0.15250243246555328,20,3,3,1,0,0,1,0.6822670698165894,0.0,0,contra,0.15,-1,241,99,CONTRADICTORY_LENIENT,0,1,0,0,11,0,0.647353,0.0,answer,
margin,live-delta,7,0.0,0.562019,0.581322,0.499878,0.785156,0.353025,0.503025,0.02079826593399048,0.5582751631736755,0.5374768972396851,2.8267722129821777,16.890851974487305,0.1555761992931366,20,3,3,1,3,1,1,0.5064252614974976,0.03927576541900635,1,contra,0.15,-1,242,96,CORRECT,0,0,0,0,12,0,0.506425,0.0,answer,
margin,live-delta,7,0.0,0.562019,0.581322,0.499878,0.785156,0.353025,0.503025,0.0,0.7332625985145569,0.7332625985145569,2.5081980228424072,12.282776832580566,0.12892092764377594,20,3,3,1,2,0,1,0.6748797297477722,0.0,0,contra,0.15,-1,243,110,CONTRADICTORY_LENIENT,0,1,0,0,12,0,0.67488,0.0,answer,
margin,live-delta,7,0.0,0.562019,0.581322,0.499878,0.785156,0.353025,0.503025,0.0,0.5966714024543762,0.5966714024543762,1.251222848892212,3.4946136474609375,0.4469946324825287,20,3,3,1,3,1,1,0.5166015625,0.0,0,contra,0.15,-1,244,105,CORRECT,0,0,0,0,13,0,0.516602,0.0,answer,
margin,live-delta,7,0.0,0.562019,0.581322,0.499878,0.785156,0.353025,0.503025,0.04181373119354248,0.6546295881271362,0.6128158569335938,2.66076397895813,14.307215690612793,0.22124610841274261,20,3,3,1,3,1,1,0.39143624901771545,0.06370902061462402,2,contra,0.15,-1,245,123,CORRECT,0,0,0,0,11,0,0.391436,0.0,answer,
margin,live-delta,7,0.0,0.562019,0.581322,0.499878,0.785156,0.353025,0.503025,0.0,0.8150866627693176,0.8150866627693176,1.1191366910934448,3.062209367752075,0.3325473368167877,20,3,3,1,3,1,1,0.3341427445411682,0.0,0,contra,0.15,-1,246,246,CORRECT,0,0,0,0,12,0,0.334143,0.0,answer,
margin,live-delta,7,0.0,0.562019,0.581322,0.499878,0.785156,0.353025,0.503025,0.052057862281799316,0.6668754816055298,0.6148176193237305,1.9843519926071167,7.274332046508789,0.4765363335609436,20,3,3,1,3,1,1,0.25043895840644836,0.13160079717636108,2,contra,0.15,-1,247,116,CORRECT,0,0,0,0,12,0,0.250439,0.0,answer,
margin,live-delta,7,0.0,0.562019,0.581322,0.499878,0.785156,0.353025,0.503025,0.0,0.6920506358146667,0.6920506358146667,0.7188186049461365,2.0520074367523193,0.4982532560825348,6,3,3,1,3,1,1,0.5008733868598938,0.0,0,contra,0.15,-1,248,105,CORRECT,0,0,0,0,4,0,0.500873,0.0,answer,
margin,live-delta,7,0.0,0.562019,0.581322,0.499878,0.785156,0.353025,0.503025,0.041210323572158813,0.4416484236717224,0.4004381000995636,2.385026216506958,10.859347343444824,0.26167425513267517,13,3,3,1,3,1,1,0.3902242183685303,0.07289791107177734,2,contra,0.15,-1,249,115,CORRECT,0,0,0,0,7,0,0.390224,0.0,answer,
margin,live-delta,7,0.0,0.562019,0.581322,0.499878,0.785156,0.353025,0.503025,0.0,0.4839929938316345,0.4839929938316345,2.306825876235962,10.042497634887695,0.20958177745342255,17,3,3,1,3,1,1,0.47587326169013977,0.0,0,contra,0.15,-1,250,246,CORRECT,0,0,0,0,10,0,0.440809,0.0,answer,
margin,live-delta,7,0.0,0.562019,0.581322,0.499878,0.785156,0.353025,0.503025,0.0,0.9193468689918518,0.9193468689918518,0.6931471824645996,2.0,0.5,2,3,2,0,2,0,1,0.5,0.0,0,contra,0.15,-1,251,215,CONTRADICTORY_STRICT,1,1,0,0,1,0,0.5,0.0,answer,
margin,live-delta,7,0.0,0.562019,0.581322,0.499878,0.785156,0.353025,0.503025,0.0,0.4110674560070038,0.4110674560070038,2.5908305644989014,13.34084701538086,0.10033012181520462,14,3,0,0,3,1,1,0.48641952872276306,0.0,0,contra,0.15,-1,252,268,CORRECT,0,0,0,0,6,0,0.48642,0.0,answer,
margin,live-delta,7,0.0,0.562019,0.581322,0.499878,0.785156,0.353025,0.503025,0.04148721694946289,0.558095395565033,0.5166081786155701,2.609489679336548,13.59211254119873,0.2400229126214981,20,3,3,1,3,1,1,0.4246506094932556,0.04148721694946289,1,contra,0.15,-1,253,123,CORRECT,0,0,0,0,11,0,0.424651,0.0,answer,
margin,live-delta,7,0.0,0.562019,0.581322,0.499878,0.785156,0.353025,0.503025,0.0,0.5217567086219788,0.5217567086219788,2.0853240489959717,8.047198295593262,0.28572899103164673,14,3,0,0,3,1,1,0.5142754316329956,0.0,0,contra,0.15,-1,254,138,CORRECT,0,0,0,0,7,0,0.514275,0.0,answer,
margin,live-delta,7,0.0,0.562019,0.581322,0.499878,0.785156,0.353025,0.503025,0.0,0.6134811043739319,0.6134811043739319,1.1511986255645752,3.161980628967285,0.3299490213394165,5,3,3,1,0,0,1,0.6649745106697083,0.0,0,contra,0.15,-1,255,122,CONTRADICTORY_LENIENT,0,1,0,0,3,0,0.664975,0.0,answer,
margin,live-delta,8,0.0,0.566779,0.581322,0.525644,0.773438,0.352527,0.502527,0.0,0.6283859610557556,0.6283859610557556,2.484215259552002,11.991705894470215,0.136955127120018,20,0,0,1,2,0,1,0.6768221259117126,0.0,0,contra,0.15,-1,0,1,CONTRADICTORY_LENIENT,0,1,0,0,14,0,0.676822,0.0,answer,
margin,live-delta,8,0.0,0.566779,0.581322,0.525644,0.773438,0.352527,0.502527,0.0,0.538063645362854,0.538063645362854,2.6635937690734863,14.347759246826172,0.13092100620269775,20,0,0,1,0,1,1,0.6441327333450317,0.0,0,contra,0.15,-1,1,20,CORRECT,0,0,0,0,12,0,0.644133,0.0,answer,
margin,live-delta,8,0.0,0.566779,0.581322,0.525644,0.773438,0.352527,0.502527,0.0,0.6435017585754395,0.6435017585754395,2.6886162757873535,14.711305618286133,0.1730775237083435,20,0,2,0,2,0,1,0.6329942941665649,0.0,0,contra,0.15,-1,2,240,CONTRADICTORY_STRICT,1,1,0,0,13,0,0.619482,0.0,answer,
margin,live-delta,8,0.0,0.566779,0.581322,0.525644,0.773438,0.352527,0.502527,0.0,0.7017878293991089,0.7017878293991089,2.368753433227539,10.684065818786621,0.22504457831382751,20,0,0,1,0,1,1,0.607840895652771,0.0,0,contra,0.15,-1,3,11,CORRECT,0,0,0,0,13,0,0.607841,0.0,answer,
margin,live-delta,8,0.0,0.566779,0.581322,0.525644,0.773438,0.352527,0.502527,0.0,0.6306256651878357,0.6306256651878357,2.830940008163452,16.961397171020508,0.08014081418514252,20,0,1,0,3,0,1,0.7220337390899658,0.0,0,contra,0.15,-1,4,290,CONTRADICTORY_STRICT,1,1,0,0,13,0,0.722034,0.0,answer,
margin,live-delta,8,0.0,0.566779,0.581322,0.525644,0.773438,0.352527,0.502527,0.0811147689819336,0.6353706121444702,0.5542558431625366,2.29799222946167,9.954176902770996,0.4040222764015198,20,0,0,1,0,1,1,0.37615662813186646,0.0811147689819336,2,contra,0.15,-1,5,13,CORRECT,0,0,0,0,13,0,0.376157,0.0,answer,
margin,live-delta,8,0.0,0.566779,0.581322,0.525644,0.773438,0.352527,0.502527,0.0,0.6143373250961304,0.6143373250961304,2.6832871437072754,14.633115768432617,0.13795778155326843,20,0,3,0,1,0,1,0.6937090158462524,0.0,0,contra,0.15,-1,6,173,CONTRADICTORY_STRICT,1,1,0,0,13,0,0.693709,0.0,answer,
margin,live-delta,8,0.0,0.566779,0.581322,0.525644,0.773438,0.352527,0.502527,0.0,0.49529901146888733,0.49529901146888733,1.791759729385376,6.000001430511475,0.1666666716337204,6,0,1,0,1,0,1,0.8333333730697632,0.0,0,contra,0.15,-1,7,271,CONTRADICTORY_STRICT,1,1,0,0,5,0,0.833333,0.0,answer,
margin,live-delta,8,0.0,0.566779,0.581322,0.525644,0.773438,0.352527,0.502527,0.0,0.5491014122962952,0.5491014122962952,2.304109811782837,10.0152587890625,0.20008108019828796,20,0,2,0,0,1,1,0.5488665103912354,0.0,0,contra,0.15,-1,8,149,CORRECT,0,0,0,0,11,0,0.548867,0.0,answer,
margin,live-delta,8,0.0,0.566779,0.581322,0.525644,0.773438,0.352527,0.502527,0.0,0.6821415424346924,0.6821415424346924,2.0199923515319824,7.538267135620117,0.252564936876297,20,0,2,0,0,1,1,0.6379515528678894,0.0,0,contra,0.15,-1,9,149,CORRECT,0,0,0,0,12,0,0.637952,0.0,answer,
margin,live-delta,8,0.0,0.566779,0.581322,0.525644,0.773438,0.352527,0.502527,0.0325850248336792,0.5376240611076355,0.5050390362739563,2.854191303253174,17.36039161682129,0.16625170409679413,20,0,0,1,0,1,1,0.558600664138794,0.0325850248336792,1,contra,0.15,-1,10,26,CORRECT,0,0,0,0,13,0,0.558601,0.0,answer,
margin,live-delta,8,0.0,0.566779,0.581322,0.525644,0.773438,0.352527,0.502527,0.0,0.5394497513771057,0.5394497513771057,2.6629836559295654,14.339008331298828,0.15070609748363495,20,0,0,1,0,1,1,0.5972992777824402,0.0,0,contra,0.15,-1,11,24,CORRECT,0,0,0,0,10,0,0.549365,0.0,answer,
margin,live-delta,8,0.0,0.566779,0.581322,0.525644,0.773438,0.352527,0.502527,0.0,0.6589005589485168,0.6589005589485168,2.6806142330169678,14.59405517578125,0.1073705181479454,20,0,1,0,0,1,1,0.605643093585968,0.0,0,contra,0.15,-1,12,130,CORRECT,0,0,0,0,12,0,0.605643,0.0,answer,
margin,live-delta,8,0.0,0.566779,0.581322,0.525644,0.773438,0.352527,0.502527,0.0,0.6025277972221375,0.6025277972221375,2.503983974456787,12.231125831604004,0.1657252013683319,20,0,0,1,0,1,1,0.5235527753829956,0.0,0,contra,0.15,-1,13,28,CORRECT,0,0,0,0,12,0,0.523553,0.0,answer,
margin,live-delta,8,0.0,0.566779,0.581322,0.525644,0.773438,0.352527,0.502527,0.0068146586418151855,0.6395174860954285,0.6327028274536133,2.395437479019165,10.972997665405273,0.16328415274620056,20,0,0,1,0,1,1,0.500865638256073,0.0068146586418151855,0,contra,0.15,-1,14,26,CORRECT,0,0,0,0,11,0,0.500866,0.0,answer,
margin,live-delta,8,0.0,0.566779,0.581322,0.525644,0.773438,0.352527,0.502527,0.0438503623008728,0.664881706237793,0.6210313439369202,2.5358872413635254,12.627629280090332,0.266714483499527,20,0,0,1,0,1,1,0.3990373909473419,0.0438503623008728,1,contra,0.15,-1,15,13,CORRECT,0,0,0,0,11,0,0.399037,0.0,answer,
margin,live-delta,8,0.0,0.566779,0.581322,0.525644,0.773438,0.352527,0.502527,0.0,0.5671543478965759,0.5671543478965759,2.968294143676758,19.458698272705078,0.06898640096187592,20,0,3,0,0,1,1,0.6212578415870667,0.0,0,contra,0.15,-1,16,222,CORRECT,0,0,0,0,12,0,0.621258,0.0,answer,
margin,live-delta,8,0.0,0.566779,0.581322,0.525644,0.773438,0.352527,0.502527,0.0,0.6850572228431702,0.6850572228431702,2.7755203247070312,16.046974182128906,0.11365031450986862,20,0,3,0,2,0,1,0.6858744621276855,0.0,0,contra,0.15,-1,17,186,CONTRADICTORY_STRICT,1,1,0,0,13,0,0.685874,0.0,answer,
margin,live-delta,8,0.0,0.566779,0.581322,0.525644,0.773438,0.352527,0.502527,0.0,0.7553185224533081,0.7553185224533081,1.8805229663848877,6.5569329261779785,0.2703232765197754,20,0,3,0,0,1,1,0.6676787734031677,0.0,0,contra,0.15,-1,18,186,CORRECT,0,0,0,0,13,0,0.667679,0.0,answer,
margin,live-delta,8,0.0,0.566779,0.581322,0.525644,0.773438,0.352527,0.502527,0.0,0.7999752163887024,0.7999752163887024,1.429456114768982,4.176426887512207,0.3132360577583313,20,0,3,0,0,1,1,0.6663345694541931,0.0,0,contra,0.15,-1,19,186,CORRECT,0,0,0,0,13,0,0.666335,0.0,answer,
margin,live-delta,8,0.0,0.566779,0.581322,0.525644,0.773438,0.352527,0.502527,0.0,0.6305544376373291,0.6305544376373291,2.835623025894165,17.041013717651367,0.10444019734859467,20,0,0,1,0,1,1,0.5194764733314514,0.0,0,contra,0.15,-1,20,0,CORRECT,0,0,0,0,12,0,0.519476,0.0,answer,
margin,live-delta,8,0.0,0.566779,0.581322,0.525644,0.773438,0.352527,0.502527,0.0,0.7488837242126465,0.7488837242126465,1.8663312196731567,6.464535713195801,0.22654329240322113,20,0,0,1,0,1,1,0.5683390498161316,0.0,0,contra,0.15,-1,21,25,CORRECT,0,0,0,0,11,0,0.568339,0.0,answer,
margin,live-delta,8,0.0,0.566779,0.581322,0.525644,0.773438,0.352527,0.502527,0.0,0.697776734828949,0.697776734828949,2.3638899326324463,10.632229804992676,0.15264593064785004,20,0,0,1,2,0,1,0.6870409250259399,0.0,0,contra,0.15,-1,22,1,CONTRADICTORY_LENIENT,0,1,0,0,14,0,0.687041,0.0,answer,
margin,live-delta,8,0.0,0.566779,0.581322,0.525644,0.773438,0.352527,0.502527,0.0,0.6982559561729431,0.6982559561729431,2.4601221084594727,11.7062406539917,0.16234321892261505,20,0,0,1,2,0,1,0.7102147340774536,0.0,0,contra,0.15,-1,23,1,CONTRADICTORY_LENIENT,0,1,0,0,14,0,0.710215,0.0,answer,
margin,live-delta,8,0.0,0.566779,0.581322,0.525644,0.773438,0.352527,0.502527,0.0,0.550545334815979,0.550545334815979,1.8758940696716309,6.526651859283447,0.25446081161499023,16,0,1,0,1,0,1,0.9687982201576233,-0.11566036939620972,0,contra,0.15,-1,24,33,CONTRADICTORY_LENIENT,0,1,0,0,11,0,0.655906,0.0,answer,
margin,live-delta,8,0.0,0.566779,0.581322,0.525644,0.773438,0.352527,0.502527,0.0,0.6313489079475403,0.6313489079475403,2.7747647762298584,16.034854888916016,0.12560270726680756,20,0,2,0,0,1,1,0.6294194459915161,0.0,0,contra,0.15,-1,25,223,CORRECT,0,0,0,0,13,0,0.629419,0.0,answer,
margin,live-delta,8,0.0,0.566779,0.581322,0.525644,0.773438,0.352527,0.502527,0.0,0.5523542165756226,0.5523542165756226,2.622298002243042,13.767324447631836,0.13580621778964996,20,0,0,1,0,1,1,0.6351237297058105,0.0,0,contra,0.15,-1,26,27,CORRECT,0,0,0,0,11,0,0.635124,0.0,answer,
margin,live-delta,8,0.0,0.566779,0.581322,0.525644,0.773438,0.352527,0.502527,0.0,0.6731027364730835,0.6731027364730835,2.4709131717681885,11.833248138427734,0.15005619823932648,20,0,2,0,2,0,1,0.7103933095932007,0.0,0,contra,0.15,-1,27,230,CONTRADICTORY_STRICT,1,1,0,0,12,0,0.707112,0.0,answer,
margin,live-delta,8,0.0,0.566779,0.581322,0.525644,0.773438,0.352527,0.502527,0.0,0.4923955500125885,0.4923955500125885,2.439739227294922,11.470048904418945,0.14433938264846802,15,0,2,0,1,0,1,0.8565992116928101,-0.03371754288673401,0,contra,0.15,-1,28,134,CONTRADICTORY_STRICT,1,1,0,0,10,0,0.696613,0.0,answer,
margin,live-delta,8,0.0,0.566779,0.581322,0.525644,0.773438,0.352527,0.502527,0.0004004240036010742,0.529884934425354,0.5294845104217529,2.7772889137268066,16.075380325317383,0.13070885837078094,20,0,0,1,0,1,1,0.5122278332710266,0.0004004240036010742,0,contra,0.15,-1,29,13,CORRECT,0,0,0,0,11,0,0.492924,0.0,answer,
margin,live-delta,8,0.0,0.566779,0.581322,0.525644,0.773438,0.352527,0.502527,0.0,0.6916114091873169,0.6916114091873169,2.540369987487793,12.68436336517334,0.19460974633693695,20,0,0,1,2,0,1,0.6250983476638794,0.0,0,contra,0.15,-1,30,11,CONTRADICTORY_LENIENT,0,1,0,0,13,0,0.625098,0.0,answer,
margin,live-delta,8,0.0,0.566779,0.581322,0.525644,0.773438,0.352527,0.502527,0.0,0.5836500525474548,0.5836500525474548,2.814208507537842,16.679967880249023,0.10555441677570343,20,0,0,1,0,1,1,0.6322782635688782,0.0,0,contra,0.15,-1,31,11,CORRECT,0,0,0,0,12,0,0.632278,0.0,answer,
margin,live-delta,8,0.0,0.566779,0.581322,0.525644,0.773438,0.352527,0.502527,0.0,0.4375622570514679,0.4375622570514679,2.4343247413635254,11.408112525939941,0.10871748626232147,13,0,1,0,1,0,1,0.7830663919448853,0.0,0,contra,0.15,-1,32,290,CONTRADICTORY_STRICT,1,1,0,0,9,0,0.70324,0.0,answer,
margin,live-delta,8,0.0,0.566779,0.581322,0.525644,0.773438,0.352527,0.502527,0.0,0.6656931638717651,0.6656931638717651,2.5284476280212402,12.53403377532959,0.1486843228340149,20,0,1,0,0,1,1,0.6083728671073914,0.0,0,contra,0.15,-1,33,130,CORRECT,0,0,0,0,12,0,0.608373,0.0,answer,
margin,live-delta,8,0.0,0.566779,0.581322,0.525644,0.773438,0.352527,0.502527,0.0,0.6726762056350708,0.6726762056350708,2.401965856552124,11.044867515563965,0.15655550360679626,20,0,0,1,2,0,1,0.6841080188751221,0.0,0,contra,0.15,-1,34,1,CONTRADICTORY_LENIENT,0,1,0,0,14,0,0.684108,0.0,answer,
margin,live-delta,8,0.0,0.566779,0.581322,0.525644,0.773438,0.352527,0.502527,0.0,0.6739566326141357,0.6739566326141357,2.0907599925994873,8.09106159210205,0.30125555396080017,20,0,0,1,0,1,1,0.534477710723877,0.0,0,contra,0.15,-1,35,28,CORRECT,0,0,0,0,13,0,0.534478,0.0,answer,
margin,live-delta,8,0.0,0.566779,0.581322,0.525644,0.773438,0.352527,0.502527,0.0,0.6948245763778687,0.6948245763778687,2.2736470699310303,9.714766502380371,0.21387061476707458,20,0,0,1,0,1,1,0.605078935623169,0.0,0,contra,0.15,-1,36,12,CORRECT,0,0,0,0,11,0,0.605079,0.0,answer,
margin,live-delta,8,0.0,0.566779,0.581322,0.525644,0.773438,0.352527,0.502527,0.016531944274902344,0.5996270775794983,0.583095133304596,2.711650848388672,15.054106712341309,0.14507023990154266,20,0,0,1,0,1,1,0.5738191604614258,0.016531944274902344,0,contra,0.15,-1,37,26,CORRECT,0,0,0,0,12,0,0.573819,0.0,answer,
margin,live-delta,8,0.0,0.566779,0.581322,0.525644,0.773438,0.352527,0.502527,0.0,0.5104827880859375,0.5104827880859375,2.974587917327881,19.581552505493164,0.07740363478660583,20,0,0,1,0,1,1,0.6480700373649597,0.0,0,contra,0.15,-1,38,28,CORRECT,0,0,0,0,13,0,0.64807,0.0,answer,
margin,live-delta,8,0.0,0.566779,0.581322,0.525644,0.773438,0.352527,0.502527,0.0,0.7156831622123718,0.7156831622123718,2.4685630798339844,11.805471420288086,0.23735183477401733,20,0,2,0,0,1,1,0.5845404863357544,0.0,0,contra,0.15,-1,39,195,CORRECT,0,0,0,0,12,0,0.58454,0.0,answer,
margin,live-delta,8,0.0,0.566779,0.581322,0.525644,0.773438,0.352527,0.502527,0.0,0.5193359851837158,0.5193359851837158,2.7042014598846436,14.94237995147705,0.14217160642147064,20,0,0,1,0,1,1,0.5641007423400879,0.0,0,contra,0.15,-1,40,18,CORRECT,0,0,0,0,12,0,0.564101,0.0,answer,
margin,live-delta,8,0.0,0.566779,0.581322,0.525644,0.773438,0.352527,0.502527,0.0,0.5956895351409912,0.5956895351409912,2.7460765838623047,15.581379890441895,0.10777750611305237,20,0,2,0,2,0,1,0.6396675109863281,0.0,0,contra,0.15,-1,41,240,CONTRADICTORY_STRICT,1,1,0,0,12,0,0.639668,0.0,answer,
margin,live-delta,8,0.0,0.566779,0.581322,0.525644,0.773438,0.352527,0.502527,0.0,0.5080372095108032,0.5080372095108032,1.6637009382247925,5.278811454772949,0.19695936143398285,6,0,2,0,0,1,1,0.5908780694007874,0.0,0,contra,0.15,-1,42,296,CORRECT,0,0,0,0,3,0,0.590878,0.0,answer,
margin,live-delta,8,0.0,0.566779,0.581322,0.525644,0.773438,0.352527,0.502527,0.029343366622924805,0.5180602669715881,0.48871690034866333,2.490440607070923,12.066591262817383,0.23786629736423492,20,0,0,1,0,1,1,0.6406538486480713,0.029343366622924805,1,contra,0.15,-1,44,6,CORRECT,0,0,0,0,12,0,0.48972,0.0,answer,
margin,live-delta,8,0.0,0.566779,0.581322,0.525644,0.773438,0.352527,0.502527,0.0,0.7220957279205322,0.7220957279205322,1.6604660749435425,5.261762619018555,0.2911863923072815,20,0,2,0,0,1,1,0.65248703956604,0.0,0,contra,0.15,-1,45,223,CORRECT,0,0,0,0,12,0,0.652487,0.0,answer,
margin,live-delta,8,0.0,0.566779,0.581322,0.525644,0.773438,0.352527,0.502527,0.0,0.5576402544975281,0.5576402544975281,2.900029182434082,18.17467498779297,0.086311474442482,20,0,3,0,0,1,1,0.5151383876800537,0.0,0,contra,0.15,-1,46,221,CORRECT,0,0,0,0,11,0,0.515138,0.0,answer,
margin,live-delta,8,0.0,0.566779,0.581322,0.525644,0.773438,0.352527,0.502527,0.0,0.706577718257904,0.706577718257904,2.485790729522705,12.010613441467285,0.18785035610198975,20,0,2,0,2,0,1,0.624364972114563,0.0,0,contra,0.15,-1,47,195,CONTRADICTORY_STRICT,1,1,0,0,13,0,0.624365,0.0,answer,
margin,live-delta,8,0.0,0.566779,0.581322,0.525644,0.773438,0.352527,0.502527,0.0,0.4656926989555359,0.4656926989555359,2.85942006111145,17.45140266418457,0.09004304558038712,20,0,2,0,2,0,1,0.6702761650085449,0.0,0,contra,0.15,-1,48,267,CONTRADICTORY_STRICT,1,1,0,0,13,0,0.670276,0.0,answer,
margin,live-delta,8,0.0,0.566779,0.581322,0.525644,0.773438,0.352527,0.502527,0.0,0.6174630522727966,0.6174630522727966,2.9421370029449463,18.95631217956543,0.07503693550825119,20,0,0,1,0,1,1,0.6184350252151489,0.0,0,contra,0.15,-1,49,18,CORRECT,0,0,0,0,12,0,0.618435,0.0,answer,
margin,live-delta,8,0.0,0.566779,0.581322,0.525644,0.773438,0.352527,0.502527,0.0,0.631973922252655,0.631973922252655,2.8830182552337646,17.868122100830078,0.11170043796300888,20,0,2,0,0,1,1,0.6168867349624634,0.0,0,contra,0.15,-1,50,195,CORRECT,0,0,0,0,13,0,0.616887,0.0,answer,
margin,live-delta,8,0.0,0.566779,0.581322,0.525644,0.773438,0.352527,0.502527,0.0,0.6099201440811157,0.6099201440811157,2.6463217735290527,14.102072715759277,0.1512112319469452,20,0,3,0,2,0,1,0.6440967321395874,0.0,0,contra,0.15,-1,51,186,CONTRADICTORY_STRICT,1,1,0,0,12,0,0.623641,0.0,answer,
margin,live-delta,8,0.0,0.566779,0.581322,0.525644,0.773438,0.352527,0.502527,0.0,0.6817590594291687,0.6817590594291687,2.542661666870117,12.713464736938477,0.16792839765548706,20,0,0,1,3,0,1,0.6943904161453247,0.0,0,contra,0.15,-1,52,30,CONTRADICTORY_LENIENT,0,1,0,0,14,0,0.69439,0.0,answer,
margin,live-delta,8,0.0,0.566779,0.581322,0.525644,0.773438,0.352527,0.502527,0.0,0.6125666499137878,0.6125666499137878,2.829526901245117,16.93744659423828,0.0913093313574791,20,0,1,0,3,0,1,0.7345026731491089,0.0,0,contra,0.15,-1,53,290,CONTRADICTORY_STRICT,1,1,0,0,13,0,0.734503,0.0,answer,
margin,live-delta,8,0.0,0.566779,0.581322,0.525644,0.773438,0.352527,0.502527,0.0,0.6817615628242493,0.6817615628242493,2.3670639991760254,10.666030883789062,0.16326935589313507,20,0,0,1,2,0,1,0.6917057037353516,0.0,0,contra,0.15,-1,54,16,CONTRADICTORY_LENIENT,0,1,0,0,12,0,0.691706,0.0,answer,
margin,live-delta,8,0.0,0.566779,0.581322,0.525644,0.773438,0.352527,0.502527,0.0,0.7112128734588623,0.7112128734588623,1.9866286516189575,7.29091215133667,0.2607753574848175,20,0,2,0,0,1,1,0.6661912798881531,0.0,0,contra,0.15,-1,55,223,CORRECT,0,0,0,0,13,0,0.666191,0.0,answer,
margin,live-delta,8,0.0,0.566779,0.581322,0.525644,0.773438,0.352527,0.502527,0.0,0.5435279607772827,0.5435279607772827,2.6131012439727783,13.641290664672852,0.14137482643127441,20,0,0,1,2,0,1,0.6610738635063171,0.0,0,contra,0.15,-1,56,1,CONTRADICTORY_LENIENT,0,1,0,0,12,0,0.661074,0.0,answer,
margin,live-delta,8,0.0,0.566779,0.581322,0.525644,0.773438,0.352527,0.502527,0.0,0.5289517045021057,0.5289517045021057,2.9467883110046387,19.044689178466797,0.07948587834835052,20,0,3,0,0,1,1,0.6749409437179565,0.0,0,contra,0.15,-1,57,280,CORRECT,0,0,0,0,14,0,0.674941,0.0,answer,
margin,live-delta,8,0.0,0.566779,0.581322,0.525644,0.773438,0.352527,0.502527,0.0,0.5211616158485413,0.5211616158485413,2.8675949573516846,17.59465217590332,0.11067584902048111,20,0,3,0,0,1,1,0.6042383313179016,0.0,0,contra,0.15,-1,58,280,CORRECT,0,0,0,0,12,0,0.592794,0.0,answer,
margin,live-delta,8,0.0,0.566779,0.581322,0.525644,0.773438,0.352527,0.502527,0.0,0.7100707292556763,0.7100707292556763,2.4617056846618652,11.724793434143066,0.20262180268764496,20,0,0,1,2,0,1,0.6149356961250305,0.0,0,contra,0.15,-1,59,11,CONTRADICTORY_LENIENT,0,1,0,0,12,0,0.614936,0.0,answer,
margin,live-delta,8,0.0,0.566779,0.581322,0.525644,0.773438,0.352527,0.502527,0.0,0.4191456735134125,0.4191456735134125,2.9546003341674805,19.194049835205078,0.0742335096001625,20,0,2,0,2,0,1,0.696800947189331,0.0,0,contra,0.15,-1,60,129,CONTRADICTORY_STRICT,1,1,0,0,14,0,0.696801,0.0,answer,
margin,live-delta,8,0.0,0.566779,0.581322,0.525644,0.773438,0.352527,0.502527,0.0,0.7287241816520691,0.7287241816520691,2.1225264072418213,8.352211952209473,0.16294489800930023,20,0,3,0,0,1,1,0.5450552105903625,0.0,0,contra,0.15,-1,61,281,CORRECT,0,0,0,0,12,0,0.545055,0.0,answer,
margin,live-delta,8,0.0,0.566779,0.581322,0.525644,0.773438,0.352527,0.502527,0.0,0.5500202775001526,0.5500202775001526,2.6202688217163086,13.739416122436523,0.13873636722564697,20,0,0,1,2,0,1,0.6933109164237976,0.0,0,contra,0.15,-1,62,16,CONTRADICTORY_LENIENT,0,1,0,0,14,0,0.693311,0.0,answer,
margin,live-delta,8,0.0,0.566779,0.581322,0.525644,0.773438,0.352527,0.502527,0.0,0.7022755146026611,0.7022755146026611,2.2231833934783936,9.236687660217285,0.22814902663230896,20,0,0,1,0,1,1,0.655060887336731,0.0,0,contra,0.15,-1,63,22,CORRECT,0,0,0,0,12,0,0.655061,0.0,answer,
margin,live-delta,8,0.0,0.566779,0.581322,0.525644,0.773438,0.352527,0.502527,0.0,0.6372043490409851,0.6372043490409851,2.6176371574401855,13.703306198120117,0.1527029275894165,20,1,1,1,1,1,1,0.4736999273300171,0.0,0,contra,0.15,-1,64,60,CORRECT,0,0,0,0,11,0,0.4737,0.0,answer,
margin,live-delta,8,0.0,0.566779,0.581322,0.525644,0.773438,0.352527,0.502527,0.0,0.7194734811782837,0.7194734811782837,2.432333469390869,11.385418891906738,0.14494381844997406,20,1,3,0,1,1,1,0.6170711517333984,0.0,0,contra,0.15,-1,65,164,CORRECT,0,0,0,0,12,0,0.617071,0.0,answer,
margin,live-delta,8,0.0,0.566779,0.581322,0.525644,0.773438,0.352527,0.502527,0.27114012837409973,0.7173919677734375,0.44625183939933777,0.17144450545310974,1.1870182752609253,0.975807249546051,14,1,1,1,1,1,0,0.010751360096037388,0.27114012837409973,2,contra,0.15,-1,66,54,CORRECT,0,0,0,0,6,0,0.010751,0.0,answer,
margin,live-delta,8,0.0,0.566779,0.581322,0.525644,0.773438,0.352527,0.502527,0.0,0.6012977957725525,0.6012977957725525,2.780345916748047,16.124597549438477,0.14038050174713135,20,1,0,0,1,1,1,0.48078060150146484,0.0,0,contra,0.15,-1,67,283,CORRECT,0,0,0,0,9,0,0.480781,0.0,answer,
margin,live-delta,8,0.0,0.566779,0.581322,0.525644,0.773438,0.352527,0.502527,0.0,0.6864583492279053,0.6864583492279053,1.1564186811447144,3.1785295009613037,0.4557718336582184,20,1,1,1,1,1,1,0.5085204839706421,0.0,0,contra,0.15,-1,68,57,CORRECT,0,0,0,0,10,0,0.50852,0.0,answer,
margin,live-delta,8,0.0,0.566779,0.581322,0.525644,0.773438,0.352527,0.502527,0.026864051818847656,0.5847336053848267,0.557869553565979,2.752166748046875,15.676562309265137,0.20082607865333557,20,1,1,1,1,1,1,0.4524098038673401,0.05837792158126831,2,contra,0.15,-1,69,52,CORRECT,0,0,0,0,11,0,0.45241,0.0,answer,
margin,live-delta,8,0.0,0.566779,0.581322,0.525644,0.773438,0.352527,0.502527,0.0,0.6409651637077332,0.6409651637077332,1.7707786560058594,5.875426292419434,0.35478833317756653,20,1,1,1,3,0,1,0.5342937111854553,0.0,0,contra,0.15,-1,70,57,CONTRADICTORY_LENIENT,0,1,0,0,11,0,0.534294,0.0,answer,
margin,live-delta,8,0.0,0.566779,0.581322,0.525644,0.773438,0.352527,0.502527,0.0,0.5237218141555786,0.5237218141555786,2.5110971927642822,12.318438529968262,0.135313481092453,20,1,1,1,1,1,1,0.6078534722328186,0.0,0,contra,0.15,-1,71,49,CORRECT,0,0,0,0,11,0,0.57445,0.0,answer,
margin,live-delta,8,0.0,0.566779,0.581322,0.525644,0.773438,0.352527,0.502527,0.0,0.7925995588302612,0.7925995588302612,1.3564709424972534,3.882467746734619,0.3635660409927368,20,1,0,0,1,1,1,0.39261651039123535,0.0,0,contra,0.15,-1,72,298,CORRECT,0,0,0,0,8,0,0.392617,0.0,answer,
margin,live-delta,8,0.0,0.566779,0.581322,0.525644,0.773438,0.352527,0.502527,0.03947728872299194,0.4474477767944336,0.40797048807144165,2.87343430519104,17.69769287109375,0.14899565279483795,20,1,1,1,1,1,1,0.6092015504837036,0.03947728872299194,1,contra,0.15,-1,73,35,CORRECT,0,0,0,0,11,0,0.511977,0.0,answer,
margin,live-delta,8,0.0,0.566779,0.581322,0.525644,0.773438,0.352527,0.502527,0.019095420837402344,0.6300061345100403,0.6109107136726379,1.7026779651641846,5.488626003265381,0.33788350224494934,15,1,1,1,1,1,1,0.3299696147441864,0.019095420837402344,0,contra,0.15,-1,74,32,CORRECT,0,0,0,0,7,0,0.32997,0.0,answer,
margin,live-delta,8,0.0,0.566779,0.581322,0.525644,0.773438,0.352527,0.502527,0.0,0.6517993807792664,0.6517993807792664,2.4157655239105225,11.198339462280273,0.19392845034599304,20,1,2,0,1,1,1,0.4915982186794281,0.0,0,contra,0.15,-1,75,213,CORRECT,0,0,0,0,10,0,0.491598,0.0,answer,
margin,live-delta,8,0.0,0.566779,0.581322,0.525644,0.773438,0.352527,0.502527,0.006723284721374512,0.5870903134346008,0.5803670287132263,2.643951177597046,14.068681716918945,0.19993984699249268,20,1,1,1,1,1,1,0.3326864540576935,0.059445738792419434,2,contra,0.15,-1,76,35,CORRECT,0,0,0,0,10,0,0.332686,0.0,answer,
margin,live-delta,8,0.0,0.566779,0.581322,0.525644,0.773438,0.352527,0.502527,0.011500447988510132,0.4391583800315857,0.42765793204307556,2.2654199600219727,9.635169982910156,0.18489311635494232,11,1,1,1,1,1,1,0.3748868703842163,0.027290940284729004,1,contra,0.15,-1,77,58,CORRECT,0,0,0,0,5,0,0.374887,0.0,answer,
margin,live-delta,8,0.0,0.566779,0.581322,0.525644,0.773438,0.352527,0.502527,0.0,0.4854973554611206,0.4854973554611206,2.639026403427124,13.999567031860352,0.17486445605754852,19,1,1,1,1,1,1,0.48684459924697876,0.0,0,contra,0.15,-1,78,37,CORRECT,0,0,0,0,8,0,0.486845,0.0,answer,
margin,live-delta,8,0.0,0.566779,0.581322,0.525644,0.773438,0.352527,0.502527,0.0,0.43584972620010376,0.43584972620010376,2.380744457244873,10.812949180603027,0.1342434287071228,12,1,0,0,1,1,1,0.5151719450950623,0.0,0,contra,0.15,-1,79,263,CORRECT,0,0,0,0,6,0,0.515172,0.0,answer,
margin,live-delta,8,0.0,0.566779,0.581322,0.525644,0.773438,0.352527,0.502527,0.0,0.580012857913971,0.580012857913971,2.3550350666046143,10.538497924804688,0.24830035865306854,20,1,0,0,0,0,1,0.9509737491607666,-0.1121707558631897,0,contra,0.15,-1,80,24,CONTRADICTORY_LENIENT,0,1,0,0,12,0,0.540386,0.0,answer,
margin,live-delta,8,0.0,0.566779,0.581322,0.525644,0.773438,0.352527,0.502527,0.0,0.6887730360031128,0.6887730360031128,1.9074411392211914,6.735830783843994,0.2873545289039612,17,1,1,1,1,1,1,0.4826318919658661,0.0,0,contra,0.15,-1,81,50,CORRECT,0,0,0,0,7,0,0.482632,0.0,answer,
margin,live-delta,8,0.0,0.566779,0.581322,0.525644,0.773438,0.352527,0.502527,0.0,0.675824761390686,0.675824761390686,2.006960391998291,7.440666198730469,0.3110651671886444,20,1,2,0,1,1,1,0.47462716698646545,0.0,0,contra,0.15,-1,82,276,CORRECT,0,0,0,0,10,0,0.474627,0.0,answer,
margin,live-delta,8,0.0,0.566779,0.581322,0.525644,0.773438,0.352527,0.502527,0.0,0.522896409034729,0.522896409034729,1.8990581035614014,6.679599761962891,0.3194493055343628,16,1,0,0,1,1,1,0.48244547843933105,0.0,0,contra,0.15,-1,83,283,CORRECT,0,0,0,0,8,0,0.482445,0.0,answer,
margin,live-delta,8,0.0,0.566779,0.581322,0.525644,0.773438,0.352527,0.502527,0.007027864456176758,0.595234215259552,0.5882063508033752,2.5670011043548584,13.026700019836426,0.1239117756485939,20,1,1,1,1,1,1,0.6159228682518005,0.007027864456176758,0,contra,0.15,-1,84,52,CORRECT,0,0,0,0,12,0,0.615923,0.0,answer,
margin,live-delta,8,0.0,0.566779,0.581322,0.525644,0.773438,0.352527,0.502527,0.002056121826171875,0.5324323177337646,0.5303761959075928,2.8261775970458984,16.88081169128418,0.12041215598583221,20,1,1,1,1,1,1,0.5643144845962524,0.002056121826171875,0,contra,0.15,-1,85,41,CORRECT,0,0,0,0,12,0,0.502225,0.0,answer,
margin,live-delta,8,0.0,0.566779,0.581322,0.525644,0.773438,0.352527,0.502527,0.0,0.4904897212982178,0.4904897212982178,2.6165213584899902,13.688024520874023,0.14479823410511017,18,1,3,0,0,0,1,0.7406371831893921,-0.023021996021270752,0,contra,0.15,-1,86,281,CONTRADICTORY_STRICT,1,1,0,0,8,0,0.433336,0.0,answer,
margin,live-delta,8,0.0,0.566779,0.581322,0.525644,0.773438,0.352527,0.502527,0.0,0.8589409589767456,0.8589409589767456,1.1380144357681274,3.1205661296844482,0.33164742588996887,20,1,2,0,1,1,1,0.6661746501922607,0.0,0,contra,0.15,-1,87,189,CORRECT,0,0,0,0,12,0,0.665979,0.0,answer,
margin,live-delta,8,0.0,0.566779,0.581322,0.525644,0.773438,0.352527,0.502527,0.0,0.6738309860229492,0.6738309860229492,1.7523746490478516,5.768284320831299,0.29394108057022095,20,1,1,1,1,1,1,0.4047914445400238,0.0,0,contra,0.15,-1,88,61,CORRECT,0,0,0,0,9,0,0.404791,0.0,answer,
margin,live-delta,8,0.0,0.566779,0.581322,0.525644,0.773438,0.352527,0.502527,0.01702946424484253,0.6745926737785339,0.6575632095336914,2.2628719806671143,9.610651016235352,0.22554010152816772,20,1,1,1,1,1,1,0.3764287829399109,0.01702946424484253,0,contra,0.15,-1,89,39,CORRECT,0,0,0,0,9,0,0.376429,0.0,answer,
margin,live-delta,8,0.0,0.566779,0.581322,0.525644,0.773438,0.352527,0.502527,0.005663156509399414,0.6045350432395935,0.5988718867301941,2.458500385284424,11.687272071838379,0.1572607457637787,20,1,1,1,1,1,1,0.416637122631073,0.005663156509399414,0,contra,0.15,-1,90,39,CORRECT,0,0,0,0,9,0,0.416637,0.0,answer,
margin,live-delta,8,0.0,0.566779,0.581322,0.525644,0.773438,0.352527,0.502527,0.0,0.5371400713920593,0.5371400713920593,2.8688433170318604,17.616628646850586,0.08480601757764816,20,1,3,0,1,1,1,0.6227726936340332,0.0,0,contra,0.15,-1,91,161,CORRECT,0,0,0,0,11,0,0.56163,0.0,answer,
margin,live-delta,8,0.0,0.566779,0.581322,0.525644,0.773438,0.352527,0.502527,0.0,0.46731051802635193,0.46731051802635193,1.6671552658081055,5.297077655792236,0.34012627601623535,8,1,1,1,1,1,1,0.4458227753639221,0.0,0,contra,0.15,-1,92,40,CORRECT,0,0,0,0,3,0,0.445823,0.0,answer,
margin,live-delta,8,0.0,0.566779,0.581322,0.525644,0.773438,0.352527,0.502527,0.0,0.5619375705718994,0.5619375705718994,2.4978888034820557,12.156801223754883,0.21127504110336304,20,1,1,1,1,1,1,0.4514246881008148,0.0,0,contra,0.15,-1,93,57,CORRECT,0,0,0,0,9,0,0.451425,0.0,answer,
margin,live-delta,8,0.0,0.566779,0.581322,0.525644,0.773438,0.352527,0.502527,0.0,0.6266343593597412,0.6266343593597412,2.4891414642333984,12.050925254821777,0.14227862656116486,20,1,1,1,1,1,1,0.4882964789867401,0.0,0,contra,0.15,-1,94,61,CORRECT,0,0,0,0,10,0,0.488296,0.0,answer,
margin,live-delta,8,0.0,0.566779,0.581322,0.525644,0.773438,0.352527,0.502527,0.08536475896835327,0.604717493057251,0.5193527340888977,1.9395745992660522,6.955791473388672,0.5039295554161072,20,1,1,1,1,1,1,0.2643672525882721,0.08536475896835327,2,contra,0.15,-1,95,41,CORRECT,0,0,0,0,10,0,0.264367,0.0,answer,
margin,live-delta,8,0.0,0.566779,0.581322,0.525644,0.773438,0.352527,0.502527,0.005658745765686035,0.6051054000854492,0.5994466543197632,2.569185733795166,13.055190086364746,0.16316594183444977,20,1,1,1,1,1,1,0.3505299687385559,0.005658745765686035,0,contra,0.15,-1,96,54,CORRECT,0,0,0,0,9,0,0.35053,0.0,answer,
margin,live-delta,8,0.0,0.566779,0.581322,0.525644,0.773438,0.352527,0.502527,0.0,0.7184756994247437,0.7184756994247437,1.6122112274169922,5.013885974884033,0.35110706090927124,19,1,0,0,1,1,1,0.4827439785003662,0.0,0,contra,0.15,-1,97,298,CORRECT,0,0,0,0,8,0,0.482744,0.0,answer,
margin,live-delta,8,0.0,0.566779,0.581322,0.525644,0.773438,0.352527,0.502527,0.0,0.582595705986023,0.582595705986023,2.2222745418548584,9.228297233581543,0.1665317565202713,20,1,1,1,1,1,1,0.6111930012702942,0.0,0,contra,0.15,-1,98,56,CORRECT,0,0,0,0,13,0,0.611193,0.0,answer,
margin,live-delta,8,0.0,0.566779,0.581322,0.525644,0.773438,0.352527,0.502527,0.28284549713134766,0.7437992691993713,0.4609537720680237,0.154574453830719,1.167161226272583,0.978440523147583,16,1,1,1,1,1,0,0.012649793177843094,0.28284549713134766,2,contra,0.15,-1,99,41,CORRECT,0,0,0,0,8,0,0.01265,0.0,answer,
margin,live-delta,8,0.0,0.566779,0.581322,0.525644,0.773438,0.352527,0.502527,0.0,0.5988268256187439,0.5988268256187439,2.1916654109954834,8.950106620788574,0.15064993500709534,20,1,2,0,1,1,1,0.5751098394393921,0.0,0,contra,0.15,-1,100,276,CORRECT,0,0,0,0,12,0,0.57511,0.0,answer,
margin,live-delta,8,0.0,0.566779,0.581322,0.525644,0.773438,0.352527,0.502527,0.018241524696350098,0.48883119225502014,0.47058966755867004,2.441851854324341,11.494306564331055,0.22352154552936554,18,1,3,0,3,0,1,0.9085363149642944,-0.08488726615905762,0,contra,0.15,-1,101,123,CONTRADICTORY_LENIENT,0,1,0,0,9,0,0.339606,0.0,answer,
margin,live-delta,8,0.0,0.566779,0.581322,0.525644,0.773438,0.352527,0.502527,0.0,0.6314265727996826,0.6314265727996826,2.6123788356781006,13.631439208984375,0.13039231300354004,20,1,1,1,2,0,1,0.7187382578849792,0.0,0,contra,0.15,-1,102,62,CONTRADICTORY_LENIENT,0,1,0,0,13,0,0.718738,0.0,answer,
margin,live-delta,8,0.0,0.566779,0.581322,0.525644,0.773438,0.352527,0.502527,0.018510043621063232,0.6128389239311218,0.5943288803100586,1.9438061714172363,6.985287666320801,0.41066187620162964,20,1,1,1,1,1,1,0.16566705703735352,0.13988348841667175,2,contra,0.15,-1,103,54,CORRECT,0,0,0,0,10,0,0.165667,0.0,answer,
margin,live-delta,8,0.0,0.566779,0.581322,0.525644,0.773438,0.352527,0.502527,0.0,0.6102866530418396,0.6102866530418396,2.682154417037964,14.616549491882324,0.10016070306301117,20,1,0,0,3,0,1,0.6143580079078674,0.0,0,contra,0.15,-1,104,183,CONTRADICTORY_STRICT,1,1,0,0,12,0,0.614358,0.0,answer,
margin,live-delta,8,0.0,0.566779,0.581322,0.525644,0.773438,0.352527,0.502527,0.0,0.705420970916748,0.705420970916748,1.800836443901062,6.0547099113464355,0.331232488155365,18,1,0,0,1,1,1,0.4541902542114258,0.0,0,contra,0.15,-1,105,298,CORRECT,0,0,0,0,7,0,0.45419,0.0,answer,
margin,live-delta,8,0.0,0.566779,0.581322,0.525644,0.773438,0.352527,0.502527,0.07959204912185669,0.7538836598396301,0.6742916107177734,1.54527747631073,4.689272403717041,0.5704022645950317,20,1,1,1,1,1,1,0.2095063477754593,0.07959204912185669,2,contra,0.15,-1,106,39,CORRECT,0,0,0,0,8,0,0.209506,0.0,answer,
margin,live-delta,8,0.0,0.566779,0.581322,0.525644,0.773438,0.352527,0.502527,0.0,0.6172198057174683,0.6172198057174683,2.3427088260650635,10.409395217895508,0.22135674953460693,20,1,1,1,1,1,1,0.503757655620575,0.0,0,contra,0.15,-1,107,60,CORRECT,0,0,0,0,11,0,0.471022,0.0,answer,
margin,live-delta,8,0.0,0.566779,0.581322,0.525644,0.773438,0.352527,0.502527,0.0,0.6414546966552734,0.6414546966552734,2.5720062255859375,13.092063903808594,0.131698876619339,20,1,0,0,3,0,1,0.6144419312477112,0.0,0,contra,0.15,-1,108,183,CONTRADICTORY_STRICT,1,1,0,0,12,0,0.614442,0.0,answer,
margin,live-delta,8,0.0,0.566779,0.581322,0.525644,0.773438,0.352527,0.502527,0.0,0.6084858775138855,0.6084858775138855,2.592884063720703,13.368270874023438,0.09514754265546799,20,1,0,0,1,1,1,0.6781614422798157,0.0,0,contra,0.15,-1,109,190,CORRECT,0,0,0,0,12,0,0.678161,0.0,answer,
margin,live-delta,8,0.0,0.566779,0.581322,0.525644,0.773438,0.352527,0.502527,0.029764771461486816,0.6916086673736572,0.6618438959121704,1.981987714767456,7.2571539878845215,0.38837170600891113,15,1,1,1,1,1,1,0.20966894924640656,0.09313499927520752,2,contra,0.15,-1,111,32,CORRECT,0,0,0,0,6,0,0.209669,0.0,answer,
margin,live-delta,8,0.0,0.566779,0.581322,0.525644,0.773438,0.352527,0.502527,0.0,0.6678102612495422,0.6678102612495422,2.5292506217956543,12.544102668762207,0.17015017569065094,20,1,1,1,3,0,1,0.6592298150062561,0.0,0,contra,0.15,-1,112,46,CONTRADICTORY_LENIENT,0,1,0,0,13,0,0.65923,0.0,answer,
margin,live-delta,8,0.0,0.566779,0.581322,0.525644,0.773438,0.352527,0.502527,0.0,0.5232676267623901,0.5232676267623901,1.5626988410949707,4.771681785583496,0.29208213090896606,7,1,0,0,1,1,1,0.47090834379196167,0.0,0,contra,0.15,-1,113,302,CORRECT,0,0,0,0,2,0,0.470908,0.0,answer,
margin,live-delta,8,0.0,0.566779,0.581322,0.525644,0.773438,0.352527,0.502527,0.0,0.6705558896064758,0.6705558896064758,2.008080005645752,7.449001312255859,0.2696412205696106,20,1,1,1,1,1,1,0.4883560836315155,0.0,0,contra,0.15,-1,114,57,CORRECT,0,0,0,0,9,0,0.488356,0.0,answer,
margin,live-delta,8,0.0,0.566779,0.581322,0.525644,0.773438,0.352527,0.502527,0.0,0.5355624556541443,0.5355624556541443,2.5601110458374023,12.937253952026367,0.17597705125808716,20,1,2,0,1,1,1,0.5614577531814575,0.0,0,contra,0.15,-1,115,250,CORRECT,0,0,0,0,9,0,0.509936,0.0,answer,
margin,live-delta,8,0.0,0.566779,0.581322,0.525644,0.773438,0.352527,0.502527,0.07225799560546875,0.6103099584579468,0.538051962852478,1.9426759481430054,6.9773969650268555,0.4786629378795624,20,1,1,1,1,1,1,0.2527395188808441,0.07225799560546875,2,contra,0.15,-1,116,54,CORRECT,0,0,0,0,10,0,0.25274,0.0,answer,
margin,live-delta,8,0.0,0.566779,0.581322,0.525644,0.773438,0.352527,0.502527,0.0,0.670042097568512,0.670042097568512,2.213533639907837,9.147985458374023,0.1673935502767563,20,1,3,0,1,1,1,0.5905877947807312,0.0,0,contra,0.15,-1,117,254,CORRECT,0,0,0,0,12,0,0.590588,0.0,answer,
margin,live-delta,8,0.0,0.566779,0.581322,0.525644,0.773438,0.352527,0.502527,0.0,0.44668951630592346,0.44668951630592346,1.7688367366790771,5.864027976989746,0.25454527139663696,7,1,1,1,1,1,1,0.5687711238861084,0.0,0,contra,0.15,-1,118,48,CORRECT,0,0,0,0,4,0,0.568771,0.0,answer,
margin,live-delta,8,0.0,0.566779,0.581322,0.525644,0.773438,0.352527,0.502527,0.0,0.5582033395767212,0.5582033395767212,2.5415561199188232,12.699417114257812,0.1309412270784378,20,1,3,0,1,1,1,0.6228318214416504,0.0,0,contra,0.15,-1,119,254,CORRECT,0,0,0,0,11,0,0.612266,0.0,answer,
margin,live-delta,8,0.0,0.566779,0.581322,0.525644,0.773438,0.352527,0.502527,0.0,0.6123923659324646,0.6123923659324646,2.4500515460968018,11.588944435119629,0.1441589742898941,20,1,3,0,1,1,1,0.6019333004951477,0.0,0,contra,0.15,-1,120,277,CORRECT,0,0,0,0,11,0,0.601933,0.0,answer,
margin,live-delta,8,0.0,0.566779,0.581322,0.525644,0.773438,0.352527,0.502527,0.028531432151794434,0.6142705678939819,0.5857391357421875,2.5723907947540283,13.097099304199219,0.21596752107143402,20,1,1,1,1,1,1,0.514805018901825,0.028531432151794434,1,contra,0.15,-1,121,52,CORRECT,0,0,0,0,12,0,0.514805,0.0,answer,
margin,live-delta,8,0.0,0.566779,0.581322,0.525644,0.773438,0.352527,0.502527,0.04132509231567383,0.6418052911758423,0.6004801988601685,2.733898639678955,15.392781257629395,0.18766796588897705,20,1,1,1,1,1,1,0.573188304901123,0.04132509231567383,1,contra,0.15,-1,122,52,CORRECT,0,0,0,0,13,0,0.573188,0.0,answer,
margin,live-delta,8,0.0,0.566779,0.581322,0.525644,0.773438,0.352527,0.502527,0.0,0.5257062911987305,0.5257062911987305,1.9952255487442017,7.353861331939697,0.25973978638648987,20,1,1,1,1,1,1,0.669448971748352,0.0,0,contra,0.15,-1,123,43,CORRECT,0,0,0,0,11,0,0.630126,0.0,answer,
margin,live-delta,8,0.0,0.566779,0.581322,0.525644,0.773438,0.352527,0.502527,0.0,0.7209793329238892,0.7209793329238892,2.3562519550323486,10.55133056640625,0.13798299431800842,20,1,1,1,2,0,1,0.7272986769676208,0.0,0,contra,0.15,-1,124,62,CONTRADICTORY_LENIENT,0,1,0,0,12,0,0.727299,0.0,answer,
margin,live-delta,8,0.0,0.566779,0.581322,0.525644,0.773438,0.352527,0.502527,0.0,0.5810360312461853,0.5810360312461853,2.587632894515991,13.298255920410156,0.1580338180065155,20,1,1,1,1,1,1,0.5642894506454468,0.0,0,contra,0.15,-1,125,38,CORRECT,0,0,0,0,10,0,0.55423,0.0,answer,
margin,live-delta,8,0.0,0.566779,0.581322,0.525644,0.773438,0.352527,0.502527,0.051419079303741455,0.7271186113357544,0.6756995320320129,1.2295012474060059,3.4195237159729004,0.5552020072937012,20,1,1,1,1,1,1,0.22596518695354462,0.051419079303741455,2,contra,0.15,-1,126,41,CORRECT,0,0,0,0,10,0,0.225965,0.0,answer,
margin,live-delta,8,0.0,0.566779,0.581322,0.525644,0.773438,0.352527,0.502527,0.0,0.7880293130874634,0.7880293130874634,1.0532445907592773,2.8669381141662598,0.46199220418930054,20,1,0,0,1,1,1,0.48937681317329407,0.0,0,contra,0.15,-1,127,298,CORRECT,0,0,0,0,8,0,0.489377,0.0,answer,
margin,live-delta,8,0.0,0.566779,0.581322,0.525644,0.773438,0.352527,0.502527,0.02814382314682007,0.5415035486221313,0.5133597254753113,2.817289113998413,16.73143196105957,0.1651526540517807,20,2,2,1,2,1,1,0.3543301820755005,0.02814382314682007,1,contra,0.15,-1,128,66,CORRECT,0,0,0,0,8,0,0.35433,0.0,answer,
margin,live-delta,8,0.0,0.566779,0.581322,0.525644,0.773438,0.352527,0.502527,0.02547597885131836,0.5951765775680542,0.5697005987167358,2.590585708618164,13.337581634521484,0.21748310327529907,20,2,2,1,2,1,1,0.357581228017807,0.02547597885131836,1,contra,0.15,-1,129,66,CORRECT,0,0,0,0,10,0,0.357581,0.0,answer,
margin,live-delta,8,0.0,0.566779,0.581322,0.525644,0.773438,0.352527,0.502527,0.041772425174713135,0.5690668821334839,0.5272944569587708,2.789823293685913,16.27814292907715,0.1543527990579605,20,2,2,1,2,1,1,0.3741376996040344,0.041772425174713135,1,contra,0.15,-1,130,81,CORRECT,0,0,0,0,8,0,0.374138,0.0,answer,
margin,live-delta,8,0.0,0.566779,0.581322,0.525644,0.773438,0.352527,0.502527,0.0,0.40967702865600586,0.40967702865600586,1.8474972248077393,6.343922138214111,0.22108407318592072,7,2,2,1,2,1,1,0.5376060605049133,0.0,0,contra,0.15,-1,132,71,CORRECT,0,0,0,0,4,0,0.537606,0.0,answer,
margin,live-delta,8,0.0,0.566779,0.581322,0.525644,0.773438,0.352527,0.502527,0.0,0.7438898086547852,0.7438898086547852,1.522356390953064,4.583011627197266,0.37967994809150696,20,2,2,1,2,1,1,0.5134056806564331,0.0,0,contra,0.15,-1,133,71,CORRECT,0,0,0,0,9,0,0.513406,0.0,answer,
margin,live-delta,8,0.0,0.566779,0.581322,0.525644,0.773438,0.352527,0.502527,0.09667551517486572,0.7966055274009705,0.6999300122261047,1.5469940900802612,4.697329044342041,0.6198713779449463,20,2,2,1,2,1,1,0.13657060265541077,0.10837900638580322,2,contra,0.15,-1,134,86,CORRECT,0,0,0,0,8,0,0.136571,0.0,answer,
margin,live-delta,8,0.0,0.566779,0.581322,0.525644,0.773438,0.352527,0.502527,0.0,0.5892134308815002,0.5892134308815002,2.037095308303833,7.668302536010742,0.23135726153850555,20,2,0,0,2,1,1,0.5536633729934692,0.0,0,contra,0.15,-1,135,265,CORRECT,0,0,0,0,8,0,0.553663,0.0,answer,
margin,live-delta,8,0.0,0.566779,0.581322,0.525644,0.773438,0.352527,0.502527,0.0,0.6251969933509827,0.6251969933509827,2.5897586345672607,13.326554298400879,0.1985977441072464,20,2,1,0,2,1,1,0.44186705350875854,0.0,0,contra,0.15,-1,136,170,CORRECT,0,0,0,0,7,0,0.441867,0.0,answer,
margin,live-delta,8,0.0,0.566779,0.581322,0.525644,0.773438,0.352527,0.502527,0.0,0.4245971441268921,0.4245971441268921,1.7037198543548584,5.49434757232666,0.21169176697731018,6,2,1,0,2,1,1,0.42338353395462036,0.0,0,contra,0.15,-1,137,143,CORRECT,0,0,0,0,2,0,0.423384,0.0,answer,
margin,live-delta,8,0.0,0.566779,0.581322,0.525644,0.773438,0.352527,0.502527,0.0,0.41997987031936646,0.41997987031936646,2.7152323722839355,15.10811996459961,0.10788527131080627,16,2,1,0,2,1,1,0.4414881467819214,0.0,0,contra,0.15,-1,138,301,CORRECT,0,0,0,0,7,0,0.441488,0.0,answer,
margin,live-delta,8,0.0,0.566779,0.581322,0.525644,0.773438,0.352527,0.502527,0.028989017009735107,0.6016455292701721,0.572656512260437,2.250715732574463,9.494528770446777,0.2926429212093353,20,2,2,1,2,1,1,0.24190804362297058,0.028989017009735107,1,contra,0.15,-1,139,64,CORRECT,0,0,0,0,7,0,0.241908,0.0,answer,
margin,live-delta,8,0.0,0.566779,0.581322,0.525644,0.773438,0.352527,0.502527,0.0,0.6501257419586182,0.6501257419586182,2.0217607021331787,7.551609516143799,0.18327850103378296,16,2,3,0,2,1,1,0.6815897226333618,0.0,0,contra,0.15,-1,140,219,CORRECT,0,0,0,0,8,0,0.68159,0.0,answer,
margin,live-delta,8,0.0,0.566779,0.581322,0.525644,0.773438,0.352527,0.502527,0.047999441623687744,0.6712274551391602,0.6232280135154724,2.157172203063965,8.646652221679688,0.3861839175224304,20,2,2,1,2,1,1,0.2679975628852844,0.047999441623687744,1,contra,0.15,-1,141,86,CORRECT,0,0,0,0,8,0,0.267998,0.0,answer,
margin,live-delta,8,0.0,0.566779,0.581322,0.525644,0.773438,0.352527,0.502527,0.0,0.5701974630355835,0.5701974630355835,2.787735939025879,16.244199752807617,0.10931164771318436,20,2,2,1,2,1,1,0.3628518879413605,0.0,0,contra,0.15,-1,142,65,CORRECT,0,0,0,0,7,0,0.362852,0.0,answer,
margin,live-delta,8,0.0,0.566779,0.581322,0.525644,0.773438,0.352527,0.502527,0.0,0.4765753746032715,0.4765753746032715,2.8401777744293213,17.11880874633789,0.11429829895496368,20,2,2,1,2,1,1,0.39437681436538696,0.0,0,contra,0.15,-1,143,91,CORRECT,0,0,0,0,7,0,0.394377,0.0,answer,
margin,live-delta,8,0.0,0.566779,0.581322,0.525644,0.773438,0.352527,0.502527,0.0,0.5023441314697266,0.5023441314697266,1.1832122802734375,3.2648448944091797,0.4297245740890503,6,2,1,0,2,1,1,0.4578648507595062,0.0,0,contra,0.15,-1,144,301,CORRECT,0,0,0,0,2,0,0.457865,0.0,answer,
margin,live-delta,8,0.0,0.566779,0.581322,0.525644,0.773438,0.352527,0.502527,0.06751570105552673,0.5056645274162292,0.4381488263607025,1.89017653465271,6.620537281036377,0.4070104658603668,10,2,2,1,2,1,1,0.29944372177124023,0.06751570105552673,2,contra,0.15,-1,145,88,CORRECT,0,0,0,0,4,0,0.299444,0.0,answer,
margin,live-delta,8,0.0,0.566779,0.581322,0.525644,0.773438,0.352527,0.502527,0.0006460845470428467,0.4003845751285553,0.39973849058151245,2.5184969902038574,12.409930229187012,0.11961117386817932,13,2,2,1,2,1,1,0.4248600900173187,0.0006460845470428467,0,contra,0.15,-1,146,88,CORRECT,0,0,0,0,6,0,0.42486,0.0,answer,
margin,live-delta,8,0.0,0.566779,0.581322,0.525644,0.773438,0.352527,0.502527,0.0,0.5993673205375671,0.5993673205375671,2.2532944679260254,9.519044876098633,0.20674698054790497,20,2,0,0,2,1,1,0.5261788964271545,0.0,0,contra,0.15,-1,147,265,CORRECT,0,0,0,0,6,0,0.526179,0.0,answer,
margin,live-delta,8,0.0,0.566779,0.581322,0.525644,0.773438,0.352527,0.502527,0.003406345844268799,0.5392884612083435,0.5358821153640747,2.75028133392334,15.64703369140625,0.1452016681432724,20,2,2,1,2,1,1,0.3777622580528259,0.003406345844268799,0,contra,0.15,-1,148,78,CORRECT,0,0,0,0,8,0,0.377762,0.0,answer,
margin,live-delta,8,0.0,0.566779,0.581322,0.525644,0.773438,0.352527,0.502527,0.0,0.6592262983322144,0.6592262983322144,1.8431789875030518,6.316586494445801,0.34104037284851074,20,2,2,1,2,1,1,0.5089803338050842,0.0,0,contra,0.15,-1,149,91,CORRECT,0,0,0,0,7,0,0.50898,0.0,answer,
margin,live-delta,8,0.0,0.566779,0.581322,0.525644,0.773438,0.352527,0.502527,0.002938687801361084,0.6503852605819702,0.6474465727806091,2.6779708862304688,14.55552864074707,0.10633876174688339,20,2,2,1,2,1,1,0.3929084539413452,0.004634380340576172,0,contra,0.15,-1,150,66,CORRECT,0,0,0,0,8,0,0.392908,0.0,answer,
margin,live-delta,8,0.0,0.566779,0.581322,0.525644,0.773438,0.352527,0.502527,0.0,0.5065252184867859,0.5065252184867859,2.5441696643829346,12.732650756835938,0.20391055941581726,20,2,1,0,2,1,1,0.4019566476345062,0.0,0,contra,0.15,-1,151,301,CORRECT,0,0,0,0,8,0,0.401957,0.0,answer,
margin,live-delta,8,0.0,0.566779,0.581322,0.525644,0.773438,0.352527,0.502527,0.0,0.6035950779914856,0.6035950779914856,0.6931471824645996,2.0,0.5,2,2,3,0,2,1,1,0.5,0.0,0,contra,0.15,-1,152,269,CORRECT,0,0,0,0,1,0,0.5,0.0,answer,
margin,live-delta,8,0.0,0.566779,0.581322,0.525644,0.773438,0.352527,0.502527,0.0,0.574760377407074,0.574760377407074,2.697941780090332,14.849137306213379,0.1564873903989792,20,2,1,0,2,1,1,0.4371626377105713,0.0,0,contra,0.15,-1,153,184,CORRECT,0,0,0,0,8,0,0.437163,0.0,answer,
margin,live-delta,8,0.0,0.566779,0.581322,0.525644,0.773438,0.352527,0.502527,0.010171353816986084,0.39511168003082275,0.38494032621383667,2.3827476501464844,10.83463191986084,0.1171889379620552,11,2,2,1,2,1,1,0.5577756762504578,0.010171353816986084,0,contra,0.15,-1,155,64,CORRECT,0,0,0,0,6,0,0.557776,0.0,answer,
margin,live-delta,8,0.0,0.566779,0.581322,0.525644,0.773438,0.352527,0.502527,0.0,0.4113556444644928,0.4113556444644928,0.6931471824645996,2.0,0.5,2,2,3,0,2,1,1,0.5,0.0,0,contra,0.15,-1,156,259,CORRECT,0,0,0,0,1,0,0.5,0.0,answer,
margin,live-delta,8,0.0,0.566779,0.581322,0.525644,0.773438,0.352527,0.502527,0.0,0.6391476988792419,0.6391476988792419,2.580065965652466,13.19800853729248,0.19365736842155457,20,2,2,1,2,1,1,0.41152629256248474,0.0,0,contra,0.15,-1,157,94,CORRECT,0,0,0,0,8,0,0.411526,0.0,answer,
margin,live-delta,8,0.0,0.566779,0.581322,0.525644,0.773438,0.352527,0.502527,0.0,0.5680897235870361,0.5680897235870361,2.3746120929718018,10.746843338012695,0.2622661292552948,20,2,1,0,2,1,1,0.44523122906684875,0.0,0,contra,0.15,-1,158,301,CORRECT,0,0,0,0,7,0,0.445231,0.0,answer,
margin,live-delta,8,0.0,0.566779,0.581322,0.525644,0.773438,0.352527,0.502527,0.18490827083587646,0.7387069463729858,0.5537986755371094,0.6500222682952881,1.9155834913253784,0.8824017643928528,20,2,2,1,2,1,0,0.06685590744018555,0.18490827083587646,2,contra,0.15,-1,159,68,CORRECT,0,0,0,0,9,0,0.066856,0.0,answer,
margin,live-delta,8,0.0,0.566779,0.581322,0.525644,0.773438,0.352527,0.502527,0.0,0.5577472448348999,0.5577472448348999,2.2451038360595703,9.44139575958252,0.22956565022468567,20,2,0,0,2,1,1,0.5171696543693542,0.0,0,contra,0.15,-1,160,265,CORRECT,0,0,0,0,7,0,0.51717,0.0,answer,
margin,live-delta,8,0.0,0.566779,0.581322,0.525644,0.773438,0.352527,0.502527,0.0,0.4709516167640686,0.4709516167640686,2.6547398567199707,14.221285820007324,0.1294148713350296,18,2,1,0,2,1,1,0.41542574763298035,0.0,0,contra,0.15,-1,161,184,CORRECT,0,0,0,0,7,0,0.415426,0.0,answer,
margin,live-delta,8,0.0,0.566779,0.581322,0.525644,0.773438,0.352527,0.502527,0.0,0.6567572355270386,0.6567572355270386,1.1383296251296997,3.1215498447418213,0.45518726110458374,14,2,3,0,2,1,1,0.5129803419113159,0.0,0,contra,0.15,-1,162,259,CORRECT,0,0,0,0,8,0,0.51298,0.0,answer,
margin,live-delta,8,0.0,0.566779,0.581322,0.525644,0.773438,0.352527,0.502527,0.01217794418334961,0.574068546295166,0.5618906021118164,2.6872992515563965,14.691943168640137,0.16331806778907776,20,2,2,1,2,1,1,0.3479495048522949,0.01217794418334961,0,contra,0.15,-1,163,66,CORRECT,0,0,0,0,10,0,0.34795,0.0,answer,
margin,live-delta,8,0.0,0.566779,0.581322,0.525644,0.773438,0.352527,0.502527,0.0,0.6889474987983704,0.6889474987983704,0.7751206755638123,2.170854091644287,0.49421262741088867,13,2,3,0,2,1,1,0.5012083649635315,0.0,0,contra,0.15,-1,164,259,CORRECT,0,0,0,0,8,0,0.501208,0.0,answer,
margin,live-delta,8,0.0,0.566779,0.581322,0.525644,0.773438,0.352527,0.502527,0.08025693893432617,0.6881221532821655,0.6078652143478394,2.537578582763672,12.649004936218262,0.32786160707473755,20,2,2,1,2,1,1,0.30635538697242737,0.08025693893432617,2,contra,0.15,-1,165,86,CORRECT,0,0,0,0,9,0,0.306355,0.0,answer,
margin,live-delta,8,0.0,0.566779,0.581322,0.525644,0.773438,0.352527,0.502527,0.0,0.4756857752799988,0.4756857752799988,2.115647554397583,8.294955253601074,0.18575358390808105,12,2,3,0,2,1,1,0.679192304611206,0.0,0,contra,0.15,-1,166,219,CORRECT,0,0,0,0,7,0,0.679192,0.0,answer,
margin,live-delta,8,0.0,0.566779,0.581322,0.525644,0.773438,0.352527,0.502527,0.0,0.3853720426559448,0.3853720426559448,1.606544852256775,4.985555648803711,0.21501894295215607,5,2,2,1,2,1,1,0.41301339864730835,0.0,0,contra,0.15,-1,167,93,CORRECT,0,0,0,0,2,0,0.413013,0.0,answer,
margin,live-delta,8,0.0,0.566779,0.581322,0.525644,0.773438,0.352527,0.502527,0.0,0.3759671151638031,0.3759671151638031,0.6931471824645996,2.0,0.5,2,2,3,0,2,1,1,0.5,0.0,0,contra,0.15,-1,168,259,CORRECT,0,0,0,0,1,0,0.5,0.0,answer,
margin,live-delta,8,0.0,0.566779,0.581322,0.525644,0.773438,0.352527,0.502527,0.0,0.6072017550468445,0.6072017550468445,2.538831949234009,12.66486930847168,0.13711507618427277,20,2,3,0,2,1,1,0.5342227220535278,0.0,0,contra,0.15,-1,169,137,CORRECT,0,0,0,0,8,0,0.534223,0.0,answer,
margin,live-delta,8,0.0,0.566779,0.581322,0.525644,0.773438,0.352527,0.502527,0.018336057662963867,0.4837937653064728,0.4654577076435089,2.3527581691741943,10.514530181884766,0.2409673035144806,16,2,2,1,2,1,1,0.3296535611152649,0.018336057662963867,0,contra,0.15,-1,170,68,CORRECT,0,0,0,0,6,0,0.329654,0.0,answer,
margin,live-delta,8,0.0,0.566779,0.581322,0.525644,0.773438,0.352527,0.502527,0.03160598874092102,0.42073097825050354,0.3891249895095825,1.678879976272583,5.359549522399902,0.3373810052871704,6,2,2,1,2,1,1,0.3819774091243744,0.03160598874092102,1,contra,0.15,-1,172,88,CORRECT,0,0,0,0,3,0,0.381977,0.0,answer,
margin,live-delta,8,0.0,0.566779,0.581322,0.525644,0.773438,0.352527,0.502527,0.0,0.5705028176307678,0.5705028176307678,2.8430426120758057,17.16792106628418,0.1210300475358963,20,2,3,0,2,1,1,0.40159690380096436,0.0,0,contra,0.15,-1,173,239,CORRECT,0,0,0,0,8,0,0.401597,0.0,answer,
margin,live-delta,8,0.0,0.566779,0.581322,0.525644,0.773438,0.352527,0.502527,0.0,0.4979991614818573,0.4979991614818573,2.609158992767334,13.587618827819824,0.18179897964000702,18,2,2,1,2,1,1,0.5166966915130615,0.0,0,contra,0.15,-1,174,65,CORRECT,0,0,0,0,9,0,0.516697,0.0,answer,
margin,live-delta,8,0.0,0.566779,0.581322,0.525644,0.773438,0.352527,0.502527,0.0024803578853607178,0.4129861891269684,0.41050583124160767,2.364778995513916,10.64168643951416,0.11910455673933029,11,2,2,1,2,1,1,0.5537880659103394,0.0024803578853607178,0,contra,0.15,-1,176,88,CORRECT,0,0,0,0,6,0,0.553788,0.0,answer,
margin,live-delta,8,0.0,0.566779,0.581322,0.525644,0.773438,0.352527,0.502527,0.12175902724266052,0.6065850257873535,0.484825998544693,1.744645118713379,5.723869800567627,0.6061385869979858,20,2,2,1,2,1,1,0.15452197194099426,0.12190032005310059,2,contra,0.15,-1,177,78,CORRECT,0,0,0,0,9,0,0.154522,0.0,answer,
margin,live-delta,8,0.0,0.566779,0.581322,0.525644,0.773438,0.352527,0.502527,0.0012949109077453613,0.5802474617958069,0.5789525508880615,2.6442158222198486,14.072405815124512,0.15280023217201233,20,2,2,1,2,1,1,0.4048362076282501,0.0012949109077453613,0,contra,0.15,-1,179,87,CORRECT,0,0,0,0,9,0,0.404836,0.0,answer,
margin,live-delta,8,0.0,0.566779,0.581322,0.525644,0.773438,0.352527,0.502527,0.0029421746730804443,0.4807736277580261,0.4778314530849457,2.70762300491333,14.993593215942383,0.13456527888774872,20,2,2,1,2,1,1,0.4129221737384796,0.0029421746730804443,0,contra,0.15,-1,180,64,CORRECT,0,0,0,0,8,0,0.412922,0.0,answer,
margin,live-delta,8,0.0,0.566779,0.581322,0.525644,0.773438,0.352527,0.502527,0.0,0.6918320655822754,0.6918320655822754,2.135657787322998,8.462611198425293,0.2154201716184616,20,2,2,1,0,0,1,0.5918954014778137,0.0,0,contra,0.15,-1,181,69,CONTRADICTORY_LENIENT,0,1,0,0,10,0,0.591895,0.0,answer,
margin,live-delta,8,0.0,0.566779,0.581322,0.525644,0.773438,0.352527,0.502527,0.012425124645233154,0.45632970333099365,0.4439045786857605,2.44134521484375,11.488484382629395,0.19131258130073547,13,2,2,1,2,1,1,0.3133056163787842,0.04653298854827881,1,contra,0.15,-1,182,64,CORRECT,0,0,0,0,5,0,0.313306,0.0,answer,
margin,live-delta,8,0.0,0.566779,0.581322,0.525644,0.773438,0.352527,0.502527,0.0,0.36534959077835083,0.36534959077835083,0.6931471824645996,2.0,0.5,2,2,1,0,1,0,1,0.5,0.0,0,contra,0.15,-1,183,170,CONTRADICTORY_STRICT,1,1,0,0,1,0,0.5,0.0,answer,
margin,live-delta,8,0.0,0.566779,0.581322,0.525644,0.773438,0.352527,0.502527,0.0478360652923584,0.551082193851471,0.5032461285591125,2.7222440242767334,15.214425086975098,0.22416914999485016,20,2,2,1,2,1,1,0.3365500569343567,0.06652528047561646,2,contra,0.15,-1,184,66,CORRECT,0,0,0,0,9,0,0.33655,0.0,answer,
margin,live-delta,8,0.0,0.566779,0.581322,0.525644,0.773438,0.352527,0.502527,0.0,0.5307070016860962,0.5307070016860962,1.2943254709243774,3.648534059524536,0.4170801639556885,7,2,1,0,2,1,1,0.5164625644683838,0.0,0,contra,0.15,-1,185,170,CORRECT,0,0,0,0,4,0,0.516463,0.0,answer,
margin,live-delta,8,0.0,0.566779,0.581322,0.525644,0.773438,0.352527,0.502527,0.0,0.6895368099212646,0.6895368099212646,2.396832227706909,10.988312721252441,0.13540992140769958,20,2,2,1,2,1,1,0.620948076248169,0.0,0,contra,0.15,-1,186,80,CORRECT,0,0,0,0,10,0,0.620948,0.0,answer,
margin,live-delta,8,0.0,0.566779,0.581322,0.525644,0.773438,0.352527,0.502527,0.038748323917388916,0.36235830187797546,0.32360997796058655,-0.0,1.0,1.0,1,2,2,1,2,1,0,0.0,0.038748323917388916,1,contra,0.15,-1,187,81,CORRECT,0,0,0,0,0,0,0.0,0.0,answer,
margin,live-delta,8,0.0,0.566779,0.581322,0.525644,0.773438,0.352527,0.502527,0.0,0.46566590666770935,0.46566590666770935,2.0634708404541016,7.873249053955078,0.19475148618221283,12,2,2,1,2,1,1,0.4982849359512329,0.0,0,contra,0.15,-1,188,89,CORRECT,0,0,0,0,6,0,0.498285,0.0,answer,
margin,live-delta,8,0.0,0.566779,0.581322,0.525644,0.773438,0.352527,0.502527,0.0,0.574927806854248,0.574927806854248,2.2535321712493896,9.521306991577148,0.24329926073551178,20,2,2,1,2,1,1,0.5474891066551208,0.0,0,contra,0.15,-1,189,65,CORRECT,0,0,0,0,8,0,0.547489,0.0,answer,
margin,live-delta,8,0.0,0.566779,0.581322,0.525644,0.773438,0.352527,0.502527,0.0,0.5638655424118042,0.5638655424118042,2.568557024002075,13.046984672546387,0.18916137516498566,20,2,2,1,2,1,1,0.4491659998893738,0.0,0,contra,0.15,-1,190,76,CORRECT,0,0,0,0,6,0,0.449166,0.0,answer,
margin,live-delta,8,0.0,0.566779,0.581322,0.525644,0.773438,0.352527,0.502527,0.005952358245849609,0.555470883846283,0.5495185256004333,2.5836143493652344,13.24492359161377,0.17556467652320862,20,2,2,1,2,1,1,0.38126641511917114,0.005952358245849609,0,contra,0.15,-1,191,86,CORRECT,0,0,0,0,8,0,0.381266,0.0,answer,
margin,live-delta,8,0.0,0.566779,0.581322,0.525644,0.773438,0.352527,0.502527,0.0,0.7158771753311157,0.7158771753311157,2.726071834564209,15.272774696350098,0.1351509392261505,20,3,3,1,2,0,1,0.6140344738960266,0.0,0,contra,0.15,-1,192,98,CONTRADICTORY_LENIENT,0,1,0,0,12,0,0.614034,0.0,answer,
margin,live-delta,8,0.0,0.566779,0.581322,0.525644,0.773438,0.352527,0.502527,0.10260394215583801,0.5292460918426514,0.42664214968681335,2.240112543106079,9.394388198852539,0.45013412833213806,20,3,3,1,3,1,1,0.38899675011634827,0.10260394215583801,2,contra,0.15,-1,193,124,CORRECT,0,0,0,0,13,0,0.388997,0.0,answer,
margin,live-delta,8,0.0,0.566779,0.581322,0.525644,0.773438,0.352527,0.502527,0.004106700420379639,0.43997180461883545,0.4358651041984558,2.7007622718811035,14.891077995300293,0.09942911565303802,16,3,3,1,3,1,1,0.564518392086029,0.004106700420379639,0,contra,0.15,-1,194,124,CORRECT,0,0,0,0,9,0,0.564518,0.0,answer,
margin,live-delta,8,0.0,0.566779,0.581322,0.525644,0.773438,0.352527,0.502527,0.0,0.6738865971565247,0.6738865971565247,2.248337984085083,9.471980094909668,0.1882534623146057,20,3,3,1,2,0,1,0.6889820694923401,0.0,0,contra,0.15,-1,195,127,CONTRADICTORY_LENIENT,0,1,0,0,12,0,0.688982,0.0,answer,
margin,live-delta,8,0.0,0.566779,0.581322,0.525644,0.773438,0.352527,0.502527,0.0,0.6066103577613831,0.6066103577613831,2.9343254566192627,18.80881118774414,0.07647068798542023,20,3,3,1,2,0,1,0.6452745199203491,0.0,0,contra,0.15,-1,196,98,CONTRADICTORY_LENIENT,0,1,0,0,13,0,0.645275,0.0,answer,
margin,live-delta,8,0.0,0.566779,0.581322,0.525644,0.773438,0.352527,0.502527,0.0,0.6571125984191895,0.6571125984191895,2.6956822872161865,14.815624237060547,0.1201036274433136,20,3,2,0,3,1,1,0.5451367497444153,0.0,0,contra,0.15,-1,197,136,CORRECT,0,0,0,0,12,0,0.545137,0.0,answer,
margin,live-delta,8,0.0,0.566779,0.581322,0.525644,0.773438,0.352527,0.502527,0.0,0.6370205283164978,0.6370205283164978,1.9910857677459717,7.32348108291626,0.21090500056743622,20,3,2,0,2,0,1,0.6938982009887695,0.0,0,contra,0.15,-1,199,261,CONTRADICTORY_STRICT,1,1,0,0,11,0,0.693898,0.0,answer,
margin,live-delta,8,0.0,0.566779,0.581322,0.525644,0.773438,0.352527,0.502527,0.028112411499023438,0.7088281512260437,0.6807157397270203,2.8804893493652344,17.8229923248291,0.1359235942363739,20,3,3,1,3,1,1,0.5607678890228271,0.028112411499023438,1,contra,0.15,-1,200,115,CORRECT,0,0,0,0,12,0,0.560768,0.0,answer,
margin,live-delta,8,0.0,0.566779,0.581322,0.525644,0.773438,0.352527,0.502527,0.0,0.48156577348709106,0.48156577348709106,2.435014247894287,11.41598129272461,0.20205721259117126,20,3,1,0,3,1,1,0.4455529451370239,0.0,0,contra,0.15,-1,201,241,CORRECT,0,0,0,0,12,0,0.445553,0.0,answer,
margin,live-delta,8,0.0,0.566779,0.581322,0.525644,0.773438,0.352527,0.502527,0.02431178092956543,0.5317378044128418,0.5074260234832764,1.0537190437316895,2.8682985305786133,0.5190723538398743,4,3,3,1,3,1,0,0.0,0.18435001373291016,2,contra,0.15,-1,202,116,CORRECT,0,0,0,0,0,0,0.0,0.0,answer,
margin,live-delta,8,0.0,0.566779,0.581322,0.525644,0.773438,0.352527,0.502527,0.1064421534538269,0.6956464052200317,0.5892042517662048,2.0148510932922363,7.499610424041748,0.5405752062797546,20,3,3,1,3,1,1,0.2534232437610626,0.15494287014007568,2,contra,0.15,-1,203,123,CORRECT,0,0,0,0,12,0,0.253423,0.0,answer,
margin,live-delta,8,0.0,0.566779,0.581322,0.525644,0.773438,0.352527,0.502527,0.0,0.649493396282196,0.649493396282196,2.031358480453491,7.624436855316162,0.1769615113735199,20,3,3,1,0,0,1,0.635718822479248,0.0,0,contra,0.15,-1,204,99,CONTRADICTORY_LENIENT,0,1,0,0,11,0,0.635719,0.0,answer,
margin,live-delta,8,0.0,0.566779,0.581322,0.525644,0.773438,0.352527,0.502527,0.013731002807617188,0.4197525680065155,0.4060215651988983,2.2156524658203125,9.167388916015625,0.18409742414951324,10,3,3,1,3,1,1,0.4255087077617645,0.020053625106811523,0,contra,0.15,-1,205,116,CORRECT,0,0,0,0,5,0,0.425509,0.0,answer,
margin,live-delta,8,0.0,0.566779,0.581322,0.525644,0.773438,0.352527,0.502527,0.0,0.5191511511802673,0.5191511511802673,2.0589776039123535,7.837952136993408,0.1942054182291031,9,3,1,0,3,1,1,0.4624086320400238,0.0,0,contra,0.15,-1,206,241,CORRECT,0,0,0,0,5,0,0.462409,0.0,answer,
margin,live-delta,8,0.0,0.566779,0.581322,0.525644,0.773438,0.352527,0.502527,0.0,0.5254757404327393,0.5254757404327393,1.4487686157226562,4.25786828994751,0.38395047187805176,8,3,3,1,3,1,1,0.5,0.0,0,contra,0.15,-1,207,101,CORRECT,0,0,0,0,4,0,0.5,0.0,answer,
margin,live-delta,8,0.0,0.566779,0.581322,0.525644,0.773438,0.352527,0.502527,0.0,0.5600730180740356,0.5600730180740356,2.533318042755127,12.59522819519043,0.15091055631637573,20,3,2,0,2,0,1,0.6409032344818115,0.0,0,contra,0.15,-1,208,136,CONTRADICTORY_STRICT,1,1,0,0,11,0,0.640903,0.0,answer,
margin,live-delta,8,0.0,0.566779,0.581322,0.525644,0.773438,0.352527,0.502527,0.0,0.6268348693847656,0.6268348693847656,2.70117449760437,14.897217750549316,0.09462476521730423,20,3,3,1,3,1,1,0.5885842442512512,0.0,0,contra,0.15,-1,209,103,CORRECT,0,0,0,0,12,0,0.588584,0.0,answer,
margin,live-delta,8,0.0,0.566779,0.581322,0.525644,0.773438,0.352527,0.502527,0.0,0.4622208774089813,0.4622208774089813,2.730548620223999,15.341300964355469,0.107150599360466,18,3,1,0,3,1,1,0.5841087102890015,0.0,0,contra,0.15,-1,210,244,CORRECT,0,0,0,0,9,0,0.568591,0.0,answer,
margin,live-delta,8,0.0,0.566779,0.581322,0.525644,0.773438,0.352527,0.502527,0.02866208553314209,0.7037274837493896,0.6750653982162476,2.6284947395324707,13.85290241241455,0.1923944503068924,20,3,3,1,3,1,1,0.46700388193130493,0.02866208553314209,1,contra,0.15,-1,211,96,CORRECT,0,0,0,0,11,0,0.467004,0.0,answer,
margin,live-delta,8,0.0,0.566779,0.581322,0.525644,0.773438,0.352527,0.502527,0.0,0.7040786147117615,0.7040786147117615,2.4358725547790527,11.42578411102295,0.18166789412498474,20,3,2,0,3,1,1,0.5585078597068787,0.0,0,contra,0.15,-1,212,204,CORRECT,0,0,0,0,12,0,0.558508,0.0,answer,
margin,live-delta,8,0.0,0.566779,0.581322,0.525644,0.773438,0.352527,0.502527,0.0,0.7602081298828125,0.7602081298828125,2.6740875244140625,14.499114036560059,0.1212281659245491,20,3,2,0,2,0,1,0.6339029669761658,0.0,0,contra,0.15,-1,213,261,CONTRADICTORY_STRICT,1,1,0,0,12,0,0.633903,0.0,answer,
margin,live-delta,8,0.0,0.566779,0.581322,0.525644,0.773438,0.352527,0.502527,0.0420457124710083,0.4206753373146057,0.3786296248435974,2.8180837631225586,16.744733810424805,0.14989833533763885,18,3,3,1,3,1,1,0.5432244539260864,0.0420457124710083,1,contra,0.15,-1,214,116,CORRECT,0,0,0,0,11,0,0.543224,0.0,answer,
margin,live-delta,8,0.0,0.566779,0.581322,0.525644,0.773438,0.352527,0.502527,0.0,0.6014844179153442,0.6014844179153442,2.7609078884124756,15.814193725585938,0.11341316998004913,20,3,2,0,2,0,1,0.6831299066543579,0.0,0,contra,0.15,-1,215,261,CONTRADICTORY_STRICT,1,1,0,0,13,0,0.68313,0.0,answer,
margin,live-delta,8,0.0,0.566779,0.581322,0.525644,0.773438,0.352527,0.502527,0.0,0.561787486076355,0.561787486076355,2.8238983154296875,16.84238052368164,0.10284803062677383,20,3,1,0,3,1,1,0.5324468612670898,0.0,0,contra,0.15,-1,216,211,CORRECT,0,0,0,0,10,0,0.532447,0.0,answer,
margin,live-delta,8,0.0,0.566779,0.581322,0.525644,0.773438,0.352527,0.502527,0.0,0.581675112247467,0.581675112247467,1.0286012887954712,2.7971506118774414,0.4598032534122467,6,3,3,1,3,1,1,0.5200984477996826,0.0,0,contra,0.15,-1,217,105,CORRECT,0,0,0,0,4,0,0.520098,0.0,answer,
margin,live-delta,8,0.0,0.566779,0.581322,0.525644,0.773438,0.352527,0.502527,0.01645064353942871,0.6338362693786621,0.6173856258392334,2.869264602661133,17.624052047729492,0.1025618389248848,20,3,3,1,3,1,1,0.6059402227401733,0.01645064353942871,0,contra,0.15,-1,218,117,CORRECT,0,0,0,0,13,0,0.60594,0.0,answer,
margin,live-delta,8,0.0,0.566779,0.581322,0.525644,0.773438,0.352527,0.502527,0.0,0.540321946144104,0.540321946144104,2.802292585372925,16.482391357421875,0.14835605025291443,20,3,0,0,3,1,1,0.5643462538719177,0.0,0,contra,0.15,-1,219,300,CORRECT,0,0,0,0,11,0,0.564346,0.0,answer,
margin,live-delta,8,0.0,0.566779,0.581322,0.525644,0.773438,0.352527,0.502527,0.0,0.6931151151657104,0.6931151151657104,2.7857630252838135,16.212182998657227,0.09795370697975159,20,3,2,0,2,0,1,0.6542037725448608,0.0,0,contra,0.15,-1,220,261,CONTRADICTORY_STRICT,1,1,0,0,13,0,0.654204,0.0,answer,
margin,live-delta,8,0.0,0.566779,0.581322,0.525644,0.773438,0.352527,0.502527,0.0,0.6067142486572266,0.6067142486572266,2.03279972076416,7.635433673858643,0.32233965396881104,20,3,3,1,3,1,1,0.5244067311286926,0.0,0,contra,0.15,-1,221,102,CORRECT,0,0,0,0,11,0,0.524407,0.0,answer,
margin,live-delta,8,0.0,0.566779,0.581322,0.525644,0.773438,0.352527,0.502527,0.0,0.5600713491439819,0.5600713491439819,2.8961191177368164,18.103750228881836,0.10215479135513306,20,3,3,1,3,1,1,0.6069350838661194,0.0,0,contra,0.15,-1,222,98,CORRECT,0,0,0,0,12,0,0.606935,0.0,answer,
margin,live-delta,8,0.0,0.566779,0.581322,0.525644,0.773438,0.352527,0.502527,0.0464787483215332,0.4414621889591217,0.3949834406375885,2.8920912742614746,18.030977249145508,0.1523197740316391,20,3,3,1,3,1,1,0.5527645349502563,0.0464787483215332,1,contra,0.15,-1,223,124,CORRECT,0,0,0,0,12,0,0.552765,0.0,answer,
margin,live-delta,8,0.0,0.566779,0.581322,0.525644,0.773438,0.352527,0.502527,0.0,0.40286785364151,0.40286785364151,1.3862943649291992,4.0,0.25,4,3,1,0,1,0,1,0.75,0.0,0,contra,0.15,-1,224,282,CONTRADICTORY_STRICT,1,1,0,0,3,0,0.75,0.0,answer,
margin,live-delta,8,0.0,0.566779,0.581322,0.525644,0.773438,0.352527,0.502527,0.0,0.5563745498657227,0.5563745498657227,2.6993820667266846,14.870539665222168,0.147769957780838,20,3,0,0,3,1,1,0.6143898963928223,0.0,0,contra,0.15,-1,225,30,CORRECT,0,0,0,0,11,0,0.539628,0.0,answer,
margin,live-delta,8,0.0,0.566779,0.581322,0.525644,0.773438,0.352527,0.502527,0.03750276565551758,0.47772443294525146,0.4402216672897339,2.8929953575134277,18.047286987304688,0.1336732804775238,20,3,3,1,3,1,1,0.5477142333984375,0.03750276565551758,1,contra,0.15,-1,226,123,CORRECT,0,0,0,0,11,0,0.547714,0.0,answer,
margin,live-delta,8,0.0,0.566779,0.581322,0.525644,0.773438,0.352527,0.502527,0.0,0.3879879117012024,0.3879879117012024,1.6094379425048828,5.0,0.20000000298023224,5,3,2,0,2,0,1,0.800000011920929,0.0,0,contra,0.15,-1,227,132,CONTRADICTORY_STRICT,1,1,0,0,4,0,0.8,0.0,answer,
margin,live-delta,8,0.0,0.566779,0.581322,0.525644,0.773438,0.352527,0.502527,0.0,0.7159953117370605,0.7159953117370605,1.3932069540023804,4.027746200561523,0.2497321516275406,5,3,3,1,0,0,1,0.749196469783783,0.0,0,contra,0.15,-1,228,99,CONTRADICTORY_LENIENT,0,1,0,0,3,0,0.749196,0.0,answer,
margin,live-delta,8,0.0,0.566779,0.581322,0.525644,0.773438,0.352527,0.502527,0.06361925601959229,0.6538165807723999,0.5901973247528076,2.3883793354034424,10.895821571350098,0.3167652487754822,20,3,3,1,3,1,1,0.3952106237411499,0.06361925601959229,2,contra,0.15,-1,229,115,CORRECT,0,0,0,0,10,0,0.395211,0.0,answer,
margin,live-delta,8,0.0,0.566779,0.581322,0.525644,0.773438,0.352527,0.502527,0.0,0.6125504374504089,0.6125504374504089,2.8225252628326416,16.819271087646484,0.0792824774980545,20,3,2,0,2,0,1,0.7487189769744873,0.0,0,contra,0.15,-1,230,179,CONTRADICTORY_STRICT,1,1,0,0,14,0,0.748719,0.0,answer,
margin,live-delta,8,0.0,0.566779,0.581322,0.525644,0.773438,0.352527,0.502527,0.027474582195281982,0.5701779127120972,0.5427033305168152,2.4840264320373535,11.989441871643066,0.2825271189212799,20,3,3,1,3,1,1,0.35705897212028503,0.0692371129989624,2,contra,0.15,-1,231,117,CORRECT,0,0,0,0,12,0,0.357059,0.0,answer,
margin,live-delta,8,0.0,0.566779,0.581322,0.525644,0.773438,0.352527,0.502527,0.0,0.5009386539459229,0.5009386539459229,2.828718662261963,16.92376136779785,0.10489248484373093,20,3,3,1,1,0,1,0.6835590600967407,0.0,0,contra,0.15,-1,232,112,CONTRADICTORY_LENIENT,0,1,0,0,12,0,0.606765,0.0,answer,
margin,live-delta,8,0.0,0.566779,0.581322,0.525644,0.773438,0.352527,0.502527,0.0030035674571990967,0.496469646692276,0.4934660792350769,2.806727409362793,16.555648803710938,0.1192389652132988,20,3,3,1,3,1,1,0.4903373718261719,0.0030035674571990967,0,contra,0.15,-1,233,115,CORRECT,0,0,0,0,11,0,0.490337,0.0,answer,
margin,live-delta,8,0.0,0.566779,0.581322,0.525644,0.773438,0.352527,0.502527,0.0,0.501893937587738,0.501893937587738,2.862328290939331,17.502229690551758,0.12819571793079376,20,3,3,1,3,1,1,0.5845378637313843,0.0,0,contra,0.15,-1,234,108,CORRECT,0,0,0,0,12,0,0.584538,0.0,answer,
margin,live-delta,8,0.0,0.566779,0.581322,0.525644,0.773438,0.352527,0.502527,0.06836903095245361,0.6614959239959717,0.5931268930435181,2.3751463890075684,10.75258731842041,0.34957391023635864,20,3,3,1,3,1,1,0.41205036640167236,0.08094149827957153,2,contra,0.15,-1,235,115,CORRECT,0,0,0,0,13,0,0.41205,0.0,answer,
margin,live-delta,8,0.0,0.566779,0.581322,0.525644,0.773438,0.352527,0.502527,0.0,0.46608585119247437,0.46608585119247437,2.8738596439361572,17.705223083496094,0.1024697870016098,20,3,2,0,3,1,1,0.6252627372741699,0.0,0,contra,0.15,-1,236,274,CORRECT,0,0,0,0,12,0,0.590856,0.0,answer,
margin,live-delta,8,0.0,0.566779,0.581322,0.525644,0.773438,0.352527,0.502527,0.015743613243103027,0.6798076629638672,0.6640640497207642,2.2905750274658203,9.88061809539795,0.2774854302406311,20,3,3,1,3,1,1,0.37191909551620483,0.06494688987731934,2,contra,0.15,-1,237,115,CORRECT,0,0,0,0,11,0,0.371919,0.0,answer,
margin,live-delta,8,0.0,0.566779,0.581322,0.525644,0.773438,0.352527,0.502527,0.0,0.48643261194229126,0.48643261194229126,2.8961191177368164,18.103750228881836,0.09796364605426788,20,3,3,1,2,0,1,0.6779518127441406,0.0,0,contra,0.15,-1,238,114,CONTRADICTORY_LENIENT,0,1,0,0,13,0,0.677952,0.0,answer,
margin,live-delta,8,0.0,0.566779,0.581322,0.525644,0.773438,0.352527,0.502527,0.04946953058242798,0.5871029496192932,0.5376334190368652,2.405905246734619,11.08846378326416,0.338199257850647,20,3,3,1,3,1,1,0.32988643646240234,0.07708108425140381,2,contra,0.15,-1,239,123,CORRECT,0,0,0,0,12,0,0.329886,0.0,answer,
margin,live-delta,8,0.0,0.566779,0.581322,0.525644,0.773438,0.352527,0.502527,0.0,0.6377276182174683,0.6377276182174683,2.5874061584472656,13.295241355895996,0.11217056214809418,20,3,2,0,2,0,1,0.7273324728012085,0.0,0,contra,0.15,-1,240,158,CONTRADICTORY_STRICT,1,1,0,0,13,0,0.727332,0.0,answer,
margin,live-delta,8,0.0,0.566779,0.581322,0.525644,0.773438,0.352527,0.502527,0.0,0.49900099635124207,0.49900099635124207,2.565598487854004,13.008440971374512,0.15250243246555328,20,3,0,0,0,0,1,0.6822670698165894,0.0,0,contra,0.15,-1,241,187,CONTRADICTORY_STRICT,1,1,0,0,11,0,0.647353,0.0,answer,
margin,live-delta,8,0.0,0.566779,0.581322,0.525644,0.773438,0.352527,0.502527,0.02079826593399048,0.5582751631736755,0.5374768972396851,2.8410730361938477,17.13414192199707,0.15242189168930054,20,3,3,1,3,1,1,0.5164324641227722,0.03927576541900635,1,contra,0.15,-1,242,96,CORRECT,0,0,0,0,12,0,0.516432,0.0,answer,
margin,live-delta,8,0.0,0.566779,0.581322,0.525644,0.773438,0.352527,0.502527,0.0,0.7332625985145569,0.7332625985145569,2.5081980228424072,12.282776832580566,0.12892092764377594,20,3,3,1,2,0,1,0.6779013872146606,0.0,0,contra,0.15,-1,243,110,CONTRADICTORY_LENIENT,0,1,0,0,13,0,0.677901,0.0,answer,
margin,live-delta,8,0.0,0.566779,0.581322,0.525644,0.773438,0.352527,0.502527,0.0,0.5966714024543762,0.5966714024543762,1.251222848892212,3.4946136474609375,0.4469946324825287,20,3,2,0,3,1,1,0.5166015625,0.0,0,contra,0.15,-1,244,215,CORRECT,0,0,0,0,13,0,0.516602,0.0,answer,
margin,live-delta,8,0.0,0.566779,0.581322,0.525644,0.773438,0.352527,0.502527,0.04181373119354248,0.6546295881271362,0.6128158569335938,2.66076397895813,14.307215690612793,0.22124610841274261,20,3,3,1,3,1,1,0.39143624901771545,0.06370902061462402,2,contra,0.15,-1,245,123,CORRECT,0,0,0,0,11,0,0.391436,0.0,answer,
margin,live-delta,8,0.0,0.566779,0.581322,0.525644,0.773438,0.352527,0.502527,0.0,0.8150866627693176,0.8150866627693176,1.1191366910934448,3.062209367752075,0.3325473368167877,20,3,3,1,3,1,1,0.3341427445411682,0.0,0,contra,0.15,-1,246,107,CORRECT,0,0,0,0,12,0,0.334143,0.0,answer,
margin,live-delta,8,0.0,0.566779,0.581322,0.525644,0.773438,0.352527,0.502527,0.052057862281799316,0.6668754816055298,0.6148176193237305,1.9843519926071167,7.274332046508789,0.4765363335609436,20,3,3,1,3,1,1,0.24419645965099335,0.13160079717636108,2,contra,0.15,-1,247,116,CORRECT,0,0,0,0,11,0,0.244196,0.0,answer,
margin,live-delta,8,0.0,0.566779,0.581322,0.525644,0.773438,0.352527,0.502527,0.0,0.6920506358146667,0.6920506358146667,0.7188186049461365,2.0520074367523193,0.4982532560825348,6,3,3,1,3,1,1,0.5008733868598938,0.0,0,contra,0.15,-1,248,105,CORRECT,0,0,0,0,4,0,0.500873,0.0,answer,
margin,live-delta,8,0.0,0.566779,0.581322,0.525644,0.773438,0.352527,0.502527,0.041210323572158813,0.4416484236717224,0.4004381000995636,2.385026216506958,10.859347343444824,0.26167425513267517,13,3,3,1,3,1,1,0.39022424817085266,0.07289791107177734,2,contra,0.15,-1,249,115,CORRECT,0,0,0,0,7,0,0.390224,0.0,answer,
margin,live-delta,8,0.0,0.566779,0.581322,0.525644,0.773438,0.352527,0.502527,0.0,0.4839929938316345,0.4839929938316345,2.3708906173706055,10.706923484802246,0.20355351269245148,18,3,3,1,3,1,1,0.4909489154815674,0.0,0,contra,0.15,-1,250,246,CORRECT,0,0,0,0,11,0,0.456893,0.0,answer,
margin,live-delta,8,0.0,0.566779,0.581322,0.525644,0.773438,0.352527,0.502527,0.0,0.9193468689918518,0.9193468689918518,0.6931471824645996,2.0,0.5,2,3,2,0,2,0,1,0.5,0.0,0,contra,0.15,-1,251,215,CONTRADICTORY_STRICT,1,1,0,0,1,0,0.5,0.0,answer,
margin,live-delta,8,0.0,0.566779,0.581322,0.525644,0.773438,0.352527,0.502527,0.0,0.4110674560070038,0.4110674560070038,2.652697801589966,14.192275047302246,0.09670080244541168,15,3,2,0,3,1,1,0.5049976706504822,0.0,0,contra,0.15,-1,252,136,CORRECT,0,0,0,0,7,0,0.504998,0.0,answer,
margin,live-delta,8,0.0,0.566779,0.581322,0.525644,0.773438,0.352527,0.502527,0.04148721694946289,0.558095395565033,0.5166081786155701,2.609489679336548,13.59211254119873,0.2400229126214981,20,3,3,1,3,1,1,0.4246506094932556,0.04148721694946289,1,contra,0.15,-1,253,123,CORRECT,0,0,0,0,11,0,0.424651,0.0,answer,
margin,live-delta,8,0.0,0.566779,0.581322,0.525644,0.773438,0.352527,0.502527,0.0,0.5217567086219788,0.5217567086219788,2.0853240489959717,8.047198295593262,0.28572899103164673,14,3,0,0,3,1,1,0.5142754316329956,0.0,0,contra,0.15,-1,254,138,CORRECT,0,0,0,0,7,0,0.514275,0.0,answer,
margin,live-delta,8,0.0,0.566779,0.581322,0.525644,0.773438,0.352527,0.502527,0.0,0.6134811043739319,0.6134811043739319,1.425824761390686,4.161288738250732,0.24809147417545319,6,3,3,1,1,0,1,0.748091459274292,0.0,0,contra,0.15,-1,255,122,CONTRADICTORY_LENIENT,0,1,0,0,4,0,0.748091,0.0,answer,
margin,live-delta,9,0.0,0.570371,0.581322,0.557731,0.707031,0.359348,0.509348,0.0,0.6283859610557556,0.6283859610557556,2.4996583461761475,12.178332328796387,0.1359938681125641,20,0,0,1,2,0,1,0.6731705665588379,0.0,0,contra,0.15,-1,0,1,CONTRADICTORY_LENIENT,0,1,0,0,13,0,0.673171,0.0,answer,
margin,live-delta,9,0.0,0.570371,0.581322,0.557731,0.707031,0.359348,0.509348,0.0,0.538063645362854,0.538063645362854,2.687795877456665,14.699241638183594,0.12862539291381836,20,0,2,0,0,1,1,0.6503725647926331,0.0,0,contra,0.15,-1,1,148,CORRECT,0,0,0,0,12,0,0.650373,0.0,answer,
margin,live-delta,9,0.0,0.570371,0.581322,0.557731,0.707031,0.359348,0.509348,0.0,0.6435017585754395,0.6435017585754395,2.720668077468872,15.19046688079834,0.16493786871433258,20,0,0,1,2,0,1,0.6502541303634644,0.0,0,contra,0.15,-1,2,9,CONTRADICTORY_LENIENT,0,1,0,0,14,0,0.650254,0.0,answer,
margin,live-delta,9,0.0,0.570371,0.581322,0.557731,0.707031,0.359348,0.509348,0.0,0.7017878293991089,0.7017878293991089,2.368753433227539,10.684065818786621,0.22504457831382751,20,0,2,0,0,1,1,0.607840895652771,0.0,0,contra,0.15,-1,3,195,CORRECT,0,0,0,0,13,0,0.607841,0.0,answer,
margin,live-delta,9,0.0,0.570371,0.581322,0.557731,0.707031,0.359348,0.509348,0.0,0.6306256651878357,0.6306256651878357,2.8350443840026855,17.031156539916992,0.07998128980398178,20,0,2,0,3,0,1,0.729108452796936,0.0,0,contra,0.15,-1,4,165,CONTRADICTORY_STRICT,1,1,0,0,14,0,0.729108,0.0,answer,
margin,live-delta,9,0.0,0.570371,0.581322,0.557731,0.707031,0.359348,0.509348,0.0811147689819336,0.6353706121444702,0.5542558431625366,2.29799222946167,9.954176902770996,0.4040222764015198,20,0,0,1,0,1,1,0.37615665793418884,0.0811147689819336,2,contra,0.15,-1,5,13,CORRECT,0,0,0,0,13,0,0.376157,0.0,answer,
margin,live-delta,9,0.0,0.570371,0.581322,0.557731,0.707031,0.359348,0.509348,0.0,0.6143373250961304,0.6143373250961304,2.6964166164398193,14.826507568359375,0.1362517923116684,20,0,1,0,1,0,1,0.6974964737892151,0.0,0,contra,0.15,-1,6,252,CONTRADICTORY_STRICT,1,1,0,0,13,0,0.697496,0.0,answer,
margin,live-delta,9,0.0,0.570371,0.581322,0.557731,0.707031,0.359348,0.509348,0.0,0.49529901146888733,0.49529901146888733,1.791759729385376,6.000001430511475,0.1666666716337204,6,0,3,0,1,0,1,0.8333333730697632,0.0,0,contra,0.15,-1,7,232,CONTRADICTORY_STRICT,1,1,0,0,5,0,0.833333,0.0,answer,
margin,live-delta,9,0.0,0.570371,0.581322,0.557731,0.707031,0.359348,0.509348,0.0,0.5491014122962952,0.5491014122962952,2.3208558559417725,10.18438720703125,0.1984187662601471,20,0,2,0,0,1,1,0.5526145696640015,0.0,0,contra,0.15,-1,8,149,CORRECT,0,0,0,0,11,0,0.552615,0.0,answer,
margin,live-delta,9,0.0,0.570371,0.581322,0.557731,0.707031,0.359348,0.509348,0.0,0.6821415424346924,0.6821415424346924,2.0199923515319824,7.538267135620117,0.252564936876297,20,0,3,0,0,1,1,0.6379515528678894,0.0,0,contra,0.15,-1,9,222,CORRECT,0,0,0,0,12,0,0.637952,0.0,answer,
margin,live-delta,9,0.0,0.570371,0.581322,0.557731,0.707031,0.359348,0.509348,0.0325850248336792,0.5376240611076355,0.5050390362739563,2.854191303253174,17.36039161682129,0.16625170409679413,20,0,0,1,0,1,1,0.558600664138794,0.0325850248336792,1,contra,0.15,-1,10,26,CORRECT,0,0,0,0,13,0,0.558601,0.0,answer,
margin,live-delta,9,0.0,0.570371,0.581322,0.557731,0.707031,0.359348,0.509348,0.0,0.5394497513771057,0.5394497513771057,2.700272560119629,14.883788108825684,0.14093276858329773,20,0,2,0,0,1,1,0.6234145164489746,0.0,0,contra,0.15,-1,11,224,CORRECT,0,0,0,0,10,0,0.578589,0.0,answer,
margin,live-delta,9,0.0,0.570371,0.581322,0.557731,0.707031,0.359348,0.509348,0.0,0.6589005589485168,0.6589005589485168,2.725104331970215,15.25800609588623,0.10012602806091309,20,0,2,0,0,1,1,0.6386203765869141,0.0,0,contra,0.15,-1,12,148,CORRECT,0,0,0,0,13,0,0.63862,0.0,answer,
margin,live-delta,9,0.0,0.570371,0.581322,0.557731,0.707031,0.359348,0.509348,0.0,0.6025277972221375,0.6025277972221375,2.503983974456787,12.231125831604004,0.1657252013683319,20,0,0,1,0,1,1,0.5235527157783508,0.0,0,contra,0.15,-1,13,28,CORRECT,0,0,0,0,12,0,0.523553,0.0,answer,
margin,live-delta,9,0.0,0.570371,0.581322,0.557731,0.707031,0.359348,0.509348,0.0068146586418151855,0.6395174860954285,0.6327028274536133,2.4387478828430176,11.458683967590332,0.15958479046821594,20,0,0,1,0,1,1,0.512174129486084,0.0068146586418151855,0,contra,0.15,-1,14,26,CORRECT,0,0,0,0,11,0,0.512174,0.0,answer,
margin,live-delta,9,0.0,0.570371,0.581322,0.557731,0.707031,0.359348,0.509348,0.0438503623008728,0.664881706237793,0.6210313439369202,2.5808796882629395,13.208752632141113,0.25588515400886536,20,0,0,1,0,1,1,0.43152809143066406,0.0438503623008728,1,contra,0.15,-1,15,13,CORRECT,0,0,0,0,12,0,0.431528,0.0,answer,
margin,live-delta,9,0.0,0.570371,0.581322,0.557731,0.707031,0.359348,0.509348,0.0,0.5671543478965759,0.5671543478965759,2.968294143676758,19.458698272705078,0.06898640096187592,20,0,3,0,0,1,1,0.6212577819824219,0.0,0,contra,0.15,-1,16,222,CORRECT,0,0,0,0,12,0,0.621258,0.0,answer,
margin,live-delta,9,0.0,0.570371,0.581322,0.557731,0.707031,0.359348,0.509348,0.0,0.6850572228431702,0.6850572228431702,2.7976601123809814,16.406213760375977,0.10287342220544815,20,0,0,1,2,0,1,0.723709762096405,0.0,0,contra,0.15,-1,17,30,CONTRADICTORY_LENIENT,0,1,0,0,14,0,0.72371,0.0,answer,
margin,live-delta,9,0.0,0.570371,0.581322,0.557731,0.707031,0.359348,0.509348,0.0,0.7553185224533081,0.7553185224533081,1.9839402437210083,7.271337509155273,0.2134156972169876,20,0,2,0,2,0,1,0.7405369877815247,0.0,0,contra,0.15,-1,18,223,CONTRADICTORY_STRICT,1,1,0,0,14,0,0.740537,0.0,answer,
margin,live-delta,9,0.0,0.570371,0.581322,0.557731,0.707031,0.359348,0.509348,0.0,0.7999752163887024,0.7999752163887024,1.62937331199646,5.100677013397217,0.23886531591415405,20,0,2,0,2,0,1,0.7469940185546875,0.0,0,contra,0.15,-1,19,223,CONTRADICTORY_STRICT,1,1,0,0,14,0,0.746994,0.0,answer,
margin,live-delta,9,0.0,0.570371,0.581322,0.557731,0.707031,0.359348,0.509348,0.0,0.6305544376373291,0.6305544376373291,2.836731433868408,17.059913635253906,0.10432087630033493,20,0,3,0,0,1,1,0.5200253129005432,0.0,0,contra,0.15,-1,20,221,CORRECT,0,0,0,0,12,0,0.520025,0.0,answer,
margin,live-delta,9,0.0,0.570371,0.581322,0.557731,0.707031,0.359348,0.509348,0.0,0.7488837242126465,0.7488837242126465,1.8663312196731567,6.464535713195801,0.22654329240322113,20,0,3,0,0,1,1,0.5677497386932373,0.0,0,contra,0.15,-1,21,281,CORRECT,0,0,0,0,10,0,0.56775,0.0,answer,
margin,live-delta,9,0.0,0.570371,0.581322,0.557731,0.707031,0.359348,0.509348,0.0,0.697776734828949,0.697776734828949,2.3638899326324463,10.632229804992676,0.15264593064785004,20,0,0,1,2,0,1,0.6870409250259399,0.0,0,contra,0.15,-1,22,1,CONTRADICTORY_LENIENT,0,1,0,0,14,0,0.687041,0.0,answer,
margin,live-delta,9,0.0,0.570371,0.581322,0.557731,0.707031,0.359348,0.509348,0.0,0.6982559561729431,0.6982559561729431,2.4601221084594727,11.7062406539917,0.16234321892261505,20,0,0,1,2,0,1,0.7191482186317444,0.0,0,contra,0.15,-1,23,1,CONTRADICTORY_LENIENT,0,1,0,0,15,0,0.719148,0.0,answer,
margin,live-delta,9,0.0,0.570371,0.581322,0.557731,0.707031,0.359348,0.509348,0.0,0.550545334815979,0.550545334815979,1.8758940696716309,6.526651859283447,0.25446081161499023,16,0,2,0,1,0,1,0.9687982201576233,-0.11566036939620972,0,contra,0.15,-1,24,134,CONTRADICTORY_STRICT,1,1,0,0,11,0,0.655906,0.0,answer,
margin,live-delta,9,0.0,0.570371,0.581322,0.557731,0.707031,0.359348,0.509348,0.0,0.6313489079475403,0.6313489079475403,2.768639087677002,15.936930656433105,0.11427456885576248,20,0,0,1,0,1,1,0.6628422141075134,0.0,0,contra,0.15,-1,25,30,CORRECT,0,0,0,0,13,0,0.662842,0.0,answer,
margin,live-delta,9,0.0,0.570371,0.581322,0.557731,0.707031,0.359348,0.509348,0.0,0.5523542165756226,0.5523542165756226,2.625344753265381,13.809333801269531,0.13553331792354584,20,0,1,0,0,1,1,0.6507929563522339,0.0,0,contra,0.15,-1,26,252,CORRECT,0,0,0,0,12,0,0.650793,0.0,answer,
margin,live-delta,9,0.0,0.570371,0.581322,0.557731,0.707031,0.359348,0.509348,0.0,0.6731027364730835,0.6731027364730835,2.5346968173980713,12.612606048583984,0.14230328798294067,20,0,1,0,2,0,1,0.72535640001297,0.0,0,contra,0.15,-1,27,210,CONTRADICTORY_STRICT,1,1,0,0,13,0,0.725356,0.0,answer,
margin,live-delta,9,0.0,0.570371,0.581322,0.557731,0.707031,0.359348,0.509348,0.0,0.4923955500125885,0.4923955500125885,2.380204677581787,10.807114601135254,0.1469690501689911,13,0,3,0,1,0,1,0.8630958795547485,-0.03371754288673401,0,contra,0.15,-1,28,272,CONTRADICTORY_STRICT,1,1,0,0,9,0,0.700195,0.0,answer,
margin,live-delta,9,0.0,0.570371,0.581322,0.557731,0.707031,0.359348,0.509348,0.0004004240036010742,0.529884934425354,0.5294845104217529,2.798604965209961,16.421722412109375,0.1268325001001358,20,0,0,1,0,1,1,0.5266933441162109,0.0004004240036010742,0,contra,0.15,-1,29,13,CORRECT,0,0,0,0,11,0,0.507962,0.0,answer,
margin,live-delta,9,0.0,0.570371,0.581322,0.557731,0.707031,0.359348,0.509348,0.0,0.6916114091873169,0.6916114091873169,2.5408456325531006,12.690398216247559,0.1945638507604599,20,0,0,1,2,0,1,0.6355621814727783,0.0,0,contra,0.15,-1,30,11,CONTRADICTORY_LENIENT,0,1,0,0,14,0,0.635562,0.0,answer,
margin,live-delta,9,0.0,0.570371,0.581322,0.557731,0.707031,0.359348,0.509348,0.0,0.5836500525474548,0.5836500525474548,2.8526859283447266,17.334278106689453,0.09744594246149063,20,0,2,0,2,0,1,0.6751722097396851,0.0,0,contra,0.15,-1,31,195,CONTRADICTORY_STRICT,1,1,0,0,13,0,0.675172,0.0,answer,
margin,live-delta,9,0.0,0.570371,0.581322,0.557731,0.707031,0.359348,0.509348,0.0,0.4375622570514679,0.4375622570514679,2.2685999870300293,9.66585922241211,0.11638107150793076,10,0,3,0,1,0,1,0.7677744030952454,0.0,0,contra,0.15,-1,32,247,CONTRADICTORY_STRICT,1,1,0,0,7,0,0.705818,0.0,answer,
margin,live-delta,9,0.0,0.570371,0.581322,0.557731,0.707031,0.359348,0.509348,0.0,0.6656931638717651,0.6656931638717651,2.5284476280212402,12.53403377532959,0.1486843228340149,20,0,0,1,0,1,1,0.6083728671073914,0.0,0,contra,0.15,-1,33,20,CORRECT,0,0,0,0,12,0,0.608373,0.0,answer,
margin,live-delta,9,0.0,0.570371,0.581322,0.557731,0.707031,0.359348,0.509348,0.0,0.6726762056350708,0.6726762056350708,2.414604663848877,11.185347557067871,0.15571951866149902,20,0,3,0,2,0,1,0.6857948303222656,0.0,0,contra,0.15,-1,34,144,CONTRADICTORY_STRICT,1,1,0,0,14,0,0.685795,0.0,answer,
margin,live-delta,9,0.0,0.570371,0.581322,0.557731,0.707031,0.359348,0.509348,0.0,0.6739566326141357,0.6739566326141357,2.0907599925994873,8.09106159210205,0.30125555396080017,20,0,0,1,0,1,1,0.534477710723877,0.0,0,contra,0.15,-1,35,28,CORRECT,0,0,0,0,13,0,0.534478,0.0,answer,
margin,live-delta,9,0.0,0.570371,0.581322,0.557731,0.707031,0.359348,0.509348,0.0,0.6948245763778687,0.6948245763778687,2.2736470699310303,9.714766502380371,0.21387061476707458,20,0,0,1,0,1,1,0.6050788760185242,0.0,0,contra,0.15,-1,36,12,CORRECT,0,0,0,0,11,0,0.605079,0.0,answer,
margin,live-delta,9,0.0,0.570371,0.581322,0.557731,0.707031,0.359348,0.509348,0.016531944274902344,0.5996270775794983,0.583095133304596,2.711650848388672,15.054106712341309,0.14507023990154266,20,0,0,1,0,1,1,0.5738191604614258,0.016531944274902344,0,contra,0.15,-1,37,26,CORRECT,0,0,0,0,12,0,0.573819,0.0,answer,
margin,live-delta,9,0.0,0.570371,0.581322,0.557731,0.707031,0.359348,0.509348,0.0,0.5104827880859375,0.5104827880859375,2.974587917327881,19.581552505493164,0.07740363478660583,20,0,0,1,0,1,1,0.6856457591056824,0.0,0,contra,0.15,-1,38,28,CORRECT,0,0,0,0,14,0,0.685646,0.0,answer,
margin,live-delta,9,0.0,0.570371,0.581322,0.557731,0.707031,0.359348,0.509348,0.0,0.7156831622123718,0.7156831622123718,2.4821906089782715,11.967452049255371,0.2357644885778427,20,0,0,1,0,1,1,0.5951482653617859,0.0,0,contra,0.15,-1,39,11,CORRECT,0,0,0,0,13,0,0.595148,0.0,answer,
margin,live-delta,9,0.0,0.570371,0.581322,0.557731,0.707031,0.359348,0.509348,0.0,0.5193359851837158,0.5193359851837158,2.7042014598846436,14.94237995147705,0.14217160642147064,20,0,0,1,0,1,1,0.5780485272407532,0.0,0,contra,0.15,-1,40,18,CORRECT,0,0,0,0,13,0,0.578049,0.0,answer,
margin,live-delta,9,0.0,0.570371,0.581322,0.557731,0.707031,0.359348,0.509348,0.0,0.5956895351409912,0.5956895351409912,2.7768900394439697,16.0689697265625,0.10362833738327026,20,0,2,0,2,0,1,0.6535392999649048,0.0,0,contra,0.15,-1,41,240,CONTRADICTORY_STRICT,1,1,0,0,12,0,0.653539,0.0,answer,
margin,live-delta,9,0.0,0.570371,0.581322,0.557731,0.707031,0.359348,0.509348,0.0,0.5080372095108032,0.5080372095108032,1.837077260017395,6.278162002563477,0.16454975306987762,7,0,2,0,2,0,1,0.6581990122795105,0.0,0,contra,0.15,-1,42,312,CONTRADICTORY_STRICT,1,1,0,0,4,0,0.658199,0.0,answer,
margin,live-delta,9,0.0,0.570371,0.581322,0.557731,0.707031,0.359348,0.509348,0.029343366622924805,0.5180602669715881,0.48871690034866333,2.52228045463562,12.456972122192383,0.23108497262001038,20,0,0,1,0,1,1,0.6508984565734863,0.029343366622924805,1,contra,0.15,-1,44,6,CORRECT,0,0,0,0,12,0,0.504267,0.0,answer,
margin,live-delta,9,0.0,0.570371,0.581322,0.557731,0.707031,0.359348,0.509348,0.0,0.7220957279205322,0.7220957279205322,1.8110177516937256,6.116669654846191,0.22586940228939056,20,0,2,0,2,0,1,0.7319948673248291,0.0,0,contra,0.15,-1,45,305,CONTRADICTORY_STRICT,1,1,0,0,13,0,0.731995,0.0,answer,
margin,live-delta,9,0.0,0.570371,0.581322,0.557731,0.707031,0.359348,0.509348,0.0,0.5576402544975281,0.5576402544975281,2.9090311527252197,18.339021682739258,0.0851120725274086,20,0,0,1,0,1,1,0.5218760967254639,0.0,0,contra,0.15,-1,46,0,CORRECT,0,0,0,0,11,0,0.521876,0.0,answer,
margin,live-delta,9,0.0,0.570371,0.581322,0.557731,0.707031,0.359348,0.509348,0.0,0.706577718257904,0.706577718257904,2.485790729522705,12.010613441467285,0.18785035610198975,20,0,2,0,2,0,1,0.6151548624038696,0.0,0,contra,0.15,-1,47,195,CONTRADICTORY_STRICT,1,1,0,0,12,0,0.615155,0.0,answer,
margin,live-delta,9,0.0,0.570371,0.581322,0.557731,0.707031,0.359348,0.509348,0.0,0.4656926989555359,0.4656926989555359,2.8739662170410156,17.707109451293945,0.08480478078126907,20,0,2,0,2,0,1,0.6894578337669373,0.0,0,contra,0.15,-1,48,267,CONTRADICTORY_STRICT,1,1,0,0,13,0,0.689458,0.0,answer,
margin,live-delta,9,0.0,0.570371,0.581322,0.557731,0.707031,0.359348,0.509348,0.0,0.6174630522727966,0.6174630522727966,2.955226182937622,19.206066131591797,0.07299143821001053,20,0,0,1,0,1,1,0.6483682990074158,0.0,0,contra,0.15,-1,49,18,CORRECT,0,0,0,0,13,0,0.648368,0.0,answer,
margin,live-delta,9,0.0,0.570371,0.581322,0.557731,0.707031,0.359348,0.509348,0.0,0.631973922252655,0.631973922252655,2.8915112018585205,18.02052116394043,0.10783321410417557,20,0,0,1,0,1,1,0.630150556564331,0.0,0,contra,0.15,-1,50,11,CORRECT,0,0,0,0,13,0,0.630151,0.0,answer,
margin,live-delta,9,0.0,0.570371,0.581322,0.557731,0.707031,0.359348,0.509348,0.0,0.6099201440811157,0.6099201440811157,2.6625618934631348,14.332962036132812,0.13239765167236328,20,0,3,0,2,0,1,0.696356475353241,0.0,0,contra,0.15,-1,51,186,CONTRADICTORY_STRICT,1,1,0,0,13,0,0.678446,0.0,answer,
margin,live-delta,9,0.0,0.570371,0.581322,0.557731,0.707031,0.359348,0.509348,0.0,0.6817590594291687,0.6817590594291687,2.5599565505981445,12.93525505065918,0.14512823522090912,20,0,2,0,2,0,1,0.7358840703964233,0.0,0,contra,0.15,-1,52,305,CONTRADICTORY_STRICT,1,1,0,0,14,0,0.735884,0.0,answer,
margin,live-delta,9,0.0,0.570371,0.581322,0.557731,0.707031,0.359348,0.509348,0.0,0.6125666499137878,0.6125666499137878,2.829526901245117,16.93744659423828,0.0913093313574791,20,0,1,0,3,0,1,0.7345026731491089,0.0,0,contra,0.15,-1,53,271,CONTRADICTORY_STRICT,1,1,0,0,13,0,0.734503,0.0,answer,
margin,live-delta,9,0.0,0.570371,0.581322,0.557731,0.707031,0.359348,0.509348,0.0,0.6817615628242493,0.6817615628242493,2.3832199573516846,10.839750289916992,0.16238364577293396,20,0,2,0,2,0,1,0.6956859827041626,0.0,0,contra,0.15,-1,54,267,CONTRADICTORY_STRICT,1,1,0,0,13,0,0.695686,0.0,answer,
margin,live-delta,9,0.0,0.570371,0.581322,0.557731,0.707031,0.359348,0.509348,0.0,0.7112128734588623,0.7112128734588623,2.0585644245147705,7.834714412689209,0.20826596021652222,20,0,2,0,2,0,1,0.7334065437316895,0.0,0,contra,0.15,-1,55,223,CONTRADICTORY_STRICT,1,1,0,0,13,0,0.733407,0.0,answer,
margin,live-delta,9,0.0,0.570371,0.581322,0.557731,0.707031,0.359348,0.509348,0.0,0.5435279607772827,0.5435279607772827,2.6131012439727783,13.641290664672852,0.14137482643127441,20,0,0,1,2,0,1,0.6610739231109619,0.0,0,contra,0.15,-1,56,1,CONTRADICTORY_LENIENT,0,1,0,0,12,0,0.661074,0.0,answer,
margin,live-delta,9,0.0,0.570371,0.581322,0.557731,0.707031,0.359348,0.509348,0.0,0.5289517045021057,0.5289517045021057,2.9505910873413086,19.117250442504883,0.0771145150065422,20,0,0,1,0,1,1,0.6846386194229126,0.0,0,contra,0.15,-1,57,28,CORRECT,0,0,0,0,14,0,0.684639,0.0,answer,
margin,live-delta,9,0.0,0.570371,0.581322,0.557731,0.707031,0.359348,0.509348,0.0,0.5211616158485413,0.5211616158485413,2.8944478034973145,18.073518753051758,0.10581275075674057,20,0,0,1,0,1,1,0.6216282248497009,0.0,0,contra,0.15,-1,58,28,CORRECT,0,0,0,0,13,0,0.621628,0.0,answer,
margin,live-delta,9,0.0,0.570371,0.581322,0.557731,0.707031,0.359348,0.509348,0.0,0.7100707292556763,0.7100707292556763,2.4617056846618652,11.724793434143066,0.20262180268764496,20,0,2,0,2,0,1,0.6182739734649658,0.0,0,contra,0.15,-1,59,195,CONTRADICTORY_STRICT,1,1,0,0,13,0,0.618274,0.0,answer,
margin,live-delta,9,0.0,0.570371,0.581322,0.557731,0.707031,0.359348,0.509348,0.0,0.4191456735134125,0.4191456735134125,2.9560458660125732,19.22181510925293,0.07218649983406067,20,0,0,1,2,0,1,0.7051618099212646,0.0,0,contra,0.15,-1,60,22,CONTRADICTORY_LENIENT,0,1,0,0,14,0,0.705162,0.0,answer,
margin,live-delta,9,0.0,0.570371,0.581322,0.557731,0.707031,0.359348,0.509348,0.0,0.7287241816520691,0.7287241816520691,2.1225264072418213,8.352211952209473,0.16294489800930023,20,0,0,1,0,1,1,0.543913722038269,0.0,0,contra,0.15,-1,61,25,CORRECT,0,0,0,0,11,0,0.543914,0.0,answer,
margin,live-delta,9,0.0,0.570371,0.581322,0.557731,0.707031,0.359348,0.509348,0.0,0.5500202775001526,0.5500202775001526,2.6295950412750244,13.868152618408203,0.1378708779811859,20,0,0,1,2,0,1,0.6819725632667542,0.0,0,contra,0.15,-1,62,16,CONTRADICTORY_LENIENT,0,1,0,0,13,0,0.681973,0.0,answer,
margin,live-delta,9,0.0,0.570371,0.581322,0.557731,0.707031,0.359348,0.509348,0.0,0.7022755146026611,0.7022755146026611,2.2231833934783936,9.236687660217285,0.22814902663230896,20,0,0,1,0,1,1,0.655060887336731,0.0,0,contra,0.15,-1,63,22,CORRECT,0,0,0,0,12,0,0.655061,0.0,answer,
margin,live-delta,9,0.0,0.570371,0.581322,0.557731,0.707031,0.359348,0.509348,0.0,0.6372043490409851,0.6372043490409851,2.6176371574401855,13.703306198120117,0.1527029275894165,20,1,1,1,1,1,1,0.4736999273300171,0.0,0,contra,0.15,-1,64,60,CORRECT,0,0,0,0,11,0,0.4737,0.0,answer,
margin,live-delta,9,0.0,0.570371,0.581322,0.557731,0.707031,0.359348,0.509348,0.0,0.7194734811782837,0.7194734811782837,2.432333469390869,11.385418891906738,0.14494381844997406,20,1,1,1,1,1,1,0.6197353601455688,0.0,0,contra,0.15,-1,65,49,CORRECT,0,0,0,0,13,0,0.619735,0.0,answer,
margin,live-delta,9,0.0,0.570371,0.581322,0.557731,0.707031,0.359348,0.509348,0.27114012837409973,0.7173919677734375,0.44625183939933777,0.15379302203655243,1.1662495136260986,0.9779467582702637,11,1,1,1,1,1,0,0.010030507110059261,0.27114012837409973,2,contra,0.15,-1,66,54,CORRECT,0,0,0,0,5,0,0.010031,0.0,answer,
margin,live-delta,9,0.0,0.570371,0.581322,0.557731,0.707031,0.359348,0.509348,0.0,0.6012977957725525,0.6012977957725525,2.802274465560913,16.482091903686523,0.1380039006471634,20,1,0,0,1,1,1,0.4986620545387268,0.0,0,contra,0.15,-1,67,283,CORRECT,0,0,0,0,10,0,0.498662,0.0,answer,
margin,live-delta,9,0.0,0.570371,0.581322,0.557731,0.707031,0.359348,0.509348,0.0,0.6864583492279053,0.6864583492279053,1.1564186811447144,3.1785295009613037,0.4557718336582184,20,1,1,1,1,1,1,0.5085204839706421,0.0,0,contra,0.15,-1,68,57,CORRECT,0,0,0,0,10,0,0.50852,0.0,answer,
margin,live-delta,9,0.0,0.570371,0.581322,0.557731,0.707031,0.359348,0.509348,0.026864051818847656,0.5847336053848267,0.557869553565979,2.752166748046875,15.676562309265137,0.20082607865333557,20,1,1,1,1,1,1,0.47436636686325073,0.05837792158126831,2,contra,0.15,-1,69,52,CORRECT,0,0,0,0,12,0,0.474366,0.0,answer,
margin,live-delta,9,0.0,0.570371,0.581322,0.557731,0.707031,0.359348,0.509348,0.0,0.6409651637077332,0.6409651637077332,1.8138477802276611,6.134004592895508,0.34949007630348206,20,1,1,1,3,0,1,0.5412484407424927,0.0,0,contra,0.15,-1,70,57,CONTRADICTORY_LENIENT,0,1,0,0,11,0,0.541248,0.0,answer,
margin,live-delta,9,0.0,0.570371,0.581322,0.557731,0.707031,0.359348,0.509348,0.0,0.5237218141555786,0.5237218141555786,2.5486021041870117,12.789213180541992,0.1324222981929779,20,1,3,0,1,1,1,0.6162323355674744,0.0,0,contra,0.15,-1,71,254,CORRECT,0,0,0,0,11,0,0.583543,0.0,answer,
margin,live-delta,9,0.0,0.570371,0.581322,0.557731,0.707031,0.359348,0.509348,0.0,0.7925995588302612,0.7925995588302612,1.5993146896362305,4.949639320373535,0.26514044404029846,20,1,1,1,1,1,1,0.55727219581604,0.0,0,contra,0.15,-1,72,40,CORRECT,0,0,0,0,10,0,0.557272,0.0,answer,
margin,live-delta,9,0.0,0.570371,0.581322,0.557731,0.707031,0.359348,0.509348,0.03947728872299194,0.4474477767944336,0.40797048807144165,2.873501777648926,17.69888687133789,0.14898189902305603,20,1,1,1,1,1,1,0.6092376708984375,0.03947728872299194,1,contra,0.15,-1,73,35,CORRECT,0,0,0,0,11,0,0.512022,0.0,answer,
margin,live-delta,9,0.0,0.570371,0.581322,0.557731,0.707031,0.359348,0.509348,0.0,0.6300061345100403,0.6300061345100403,1.985098123550415,7.279761791229248,0.2154170721769333,17,1,3,0,1,1,1,0.5728232264518738,0.0,0,contra,0.15,-1,74,318,CORRECT,0,0,0,0,9,0,0.572823,0.0,answer,
margin,live-delta,9,0.0,0.570371,0.581322,0.557731,0.707031,0.359348,0.509348,0.0,0.6517993807792664,0.6517993807792664,2.4157655239105225,11.198339462280273,0.19392845034599304,20,1,2,0,1,1,1,0.4915981888771057,0.0,0,contra,0.15,-1,75,213,CORRECT,0,0,0,0,10,0,0.491598,0.0,answer,
margin,live-delta,9,0.0,0.570371,0.581322,0.557731,0.707031,0.359348,0.509348,0.006723284721374512,0.5870903134346008,0.5803670287132263,2.6458916664123535,14.09600830078125,0.19964566826820374,20,1,1,1,1,1,1,0.35193097591400146,0.059445738792419434,2,contra,0.15,-1,76,35,CORRECT,0,0,0,0,11,0,0.351931,0.0,answer,
margin,live-delta,9,0.0,0.570371,0.581322,0.557731,0.707031,0.359348,0.509348,1.7881393432617188e-07,0.43915855884552,0.4391583800315857,2.1374387741088867,8.477696418762207,0.1712527573108673,9,1,0,0,1,1,1,0.4534977376461029,-1.7881393432617188e-07,0,contra,0.15,-1,77,322,CORRECT,0,0,0,0,4,0,0.453498,0.0,answer,
margin,live-delta,9,0.0,0.570371,0.581322,0.557731,0.707031,0.359348,0.509348,0.0,0.4854973554611206,0.4854973554611206,2.6877169609069824,14.698081016540527,0.17085950076580048,20,1,0,0,1,1,1,0.49859747290611267,0.0,0,contra,0.15,-1,78,128,CORRECT,0,0,0,0,9,0,0.498597,0.0,answer,
margin,live-delta,9,0.0,0.570371,0.581322,0.557731,0.707031,0.359348,0.509348,0.0,0.43584972620010376,0.43584972620010376,2.4654526710510254,11.768808364868164,0.12596818804740906,13,1,1,1,1,1,1,0.54505854845047,0.0,0,contra,0.15,-1,79,55,CORRECT,0,0,0,0,7,0,0.545059,0.0,answer,
margin,live-delta,9,0.0,0.570371,0.581322,0.557731,0.707031,0.359348,0.509348,0.0,0.580012857913971,0.580012857913971,2.3757216930389404,10.758774757385254,0.24563263356685638,20,1,0,0,2,0,1,0.9515007138252258,-0.1121707558631897,0,contra,0.15,-1,80,24,CONTRADICTORY_LENIENT,0,1,0,0,12,0,0.545325,0.0,answer,
margin,live-delta,9,0.0,0.570371,0.581322,0.557731,0.707031,0.359348,0.509348,0.0,0.6887730360031128,0.6887730360031128,2.034080982208252,7.6452226638793945,0.2731900215148926,17,1,2,0,1,1,1,0.5085065960884094,0.0,0,contra,0.15,-1,81,139,CORRECT,0,0,0,0,8,0,0.508507,0.0,answer,
margin,live-delta,9,0.0,0.570371,0.581322,0.557731,0.707031,0.359348,0.509348,0.0,0.675824761390686,0.675824761390686,2.0438854694366455,7.7205491065979,0.3064385950565338,20,1,1,1,1,1,1,0.47788912057876587,0.0,0,contra,0.15,-1,82,61,CORRECT,0,0,0,0,9,0,0.477889,0.0,answer,
margin,live-delta,9,0.0,0.570371,0.581322,0.557731,0.707031,0.359348,0.509348,0.0,0.522896409034729,0.522896409034729,1.756136417388916,5.7900238037109375,0.3151889741420746,10,1,0,0,0,0,1,0.5226646065711975,0.0,0,contra,0.15,-1,83,283,CONTRADICTORY_STRICT,1,1,0,0,5,0,0.522665,0.0,answer,
margin,live-delta,9,0.0,0.570371,0.581322,0.557731,0.707031,0.359348,0.509348,0.007027864456176758,0.595234215259552,0.5882063508033752,2.5670011043548584,13.026700019836426,0.1239117756485939,20,1,1,1,1,1,1,0.6159228682518005,0.007027864456176758,0,contra,0.15,-1,84,52,CORRECT,0,0,0,0,12,0,0.615923,0.0,answer,
margin,live-delta,9,0.0,0.570371,0.581322,0.557731,0.707031,0.359348,0.509348,0.002056121826171875,0.5324323177337646,0.5303761959075928,2.832806348800659,16.99308204650879,0.1194344013929367,20,1,1,1,1,1,1,0.5899785161018372,0.002056121826171875,0,contra,0.15,-1,85,41,CORRECT,0,0,0,0,13,0,0.528393,0.0,answer,
margin,live-delta,9,0.0,0.570371,0.581322,0.557731,0.707031,0.359348,0.509348,0.0,0.4904897212982178,0.4904897212982178,2.6374127864837646,13.976995468139648,0.1427636295557022,18,1,3,0,0,0,1,0.7442816495895386,-0.023021996021270752,0,contra,0.15,-1,86,281,CONTRADICTORY_STRICT,1,1,0,0,9,0,0.451181,0.0,answer,
margin,live-delta,9,0.0,0.570371,0.581322,0.557731,0.707031,0.359348,0.509348,0.0,0.8589409589767456,0.8589409589767456,1.1394671201705933,3.1251025199890137,0.33158251643180847,20,1,1,1,1,1,1,0.6662399172782898,0.0,0,contra,0.15,-1,87,43,CORRECT,0,0,0,0,12,0,0.666044,0.0,answer,
margin,live-delta,9,0.0,0.570371,0.581322,0.557731,0.707031,0.359348,0.509348,0.0,0.6738309860229492,0.6738309860229492,1.9084093570709229,6.7423553466796875,0.2687068581581116,20,1,2,0,1,1,1,0.4588584303855896,0.0,0,contra,0.15,-1,88,276,CORRECT,0,0,0,0,11,0,0.458858,0.0,answer,
margin,live-delta,9,0.0,0.570371,0.581322,0.557731,0.707031,0.359348,0.509348,0.01702946424484253,0.6745926737785339,0.6575632095336914,2.4070498943328857,11.101162910461426,0.200395867228508,20,1,1,1,1,1,1,0.44853368401527405,0.01702946424484253,0,contra,0.15,-1,89,39,CORRECT,0,0,0,0,11,0,0.448534,0.0,answer,
margin,live-delta,9,0.0,0.570371,0.581322,0.557731,0.707031,0.359348,0.509348,0.005663156509399414,0.6045350432395935,0.5988718867301941,2.5088322162628174,12.290569305419922,0.13864761590957642,20,1,1,1,1,1,1,0.491125226020813,0.005663156509399414,0,contra,0.15,-1,90,39,CORRECT,0,0,0,0,10,0,0.491125,0.0,answer,
margin,live-delta,9,0.0,0.570371,0.581322,0.557731,0.707031,0.359348,0.509348,0.0,0.5371400713920593,0.5371400713920593,2.8927788734436035,18.043380737304688,0.0809362605214119,20,1,3,0,1,1,1,0.6527083516120911,0.0,0,contra,0.15,-1,91,161,CORRECT,0,0,0,0,12,0,0.594355,0.0,answer,
margin,live-delta,9,0.0,0.570371,0.581322,0.557731,0.707031,0.359348,0.509348,0.0,0.46731051802635193,0.46731051802635193,1.8105016946792603,6.113513946533203,0.2538016736507416,9,1,0,0,1,1,1,0.5864738821983337,0.0,0,contra,0.15,-1,92,298,CORRECT,0,0,0,0,4,0,0.586474,0.0,answer,
margin,live-delta,9,0.0,0.570371,0.581322,0.557731,0.707031,0.359348,0.509348,0.0,0.5619375705718994,0.5619375705718994,2.5240390300750732,12.478898048400879,0.2067587524652481,20,1,3,0,1,1,1,0.477212131023407,0.0,0,contra,0.15,-1,93,277,CORRECT,0,0,0,0,10,0,0.477212,0.0,answer,
margin,live-delta,9,0.0,0.570371,0.581322,0.557731,0.707031,0.359348,0.509348,0.0,0.6266343593597412,0.6266343593597412,2.5749399662017822,13.130528450012207,0.13223759829998016,20,1,1,1,1,1,1,0.5307705402374268,0.0,0,contra,0.15,-1,94,61,CORRECT,0,0,0,0,11,0,0.530771,0.0,answer,
margin,live-delta,9,0.0,0.570371,0.581322,0.557731,0.707031,0.359348,0.509348,0.08536475896835327,0.604717493057251,0.5193527340888977,2.046325445175171,7.739409923553467,0.46351104974746704,20,1,1,1,1,1,1,0.3233698904514313,0.08536475896835327,2,contra,0.15,-1,95,41,CORRECT,0,0,0,0,11,0,0.330161,0.0,answer,
margin,live-delta,9,0.0,0.570371,0.581322,0.557731,0.707031,0.359348,0.509348,0.005658745765686035,0.6051054000854492,0.5994466543197632,2.60115385055542,13.47928237915039,0.1598552167415619,20,1,1,1,1,1,1,0.3637080192565918,0.005658745765686035,0,contra,0.15,-1,96,54,CORRECT,0,0,0,0,9,0,0.363708,0.0,answer,
margin,live-delta,9,0.0,0.570371,0.581322,0.557731,0.707031,0.359348,0.509348,0.0,0.7184756994247437,0.7184756994247437,1.8003051280975342,6.0514936447143555,0.25756368041038513,20,1,1,1,1,1,1,0.6207407712936401,0.0,0,contra,0.15,-1,97,40,CORRECT,0,0,0,0,10,0,0.620741,0.0,answer,
margin,live-delta,9,0.0,0.570371,0.581322,0.557731,0.707031,0.359348,0.509348,0.0,0.582595705986023,0.582595705986023,2.223867416381836,9.243008613586426,0.16646333038806915,20,1,2,0,1,1,1,0.6113527417182922,0.0,0,contra,0.15,-1,98,140,CORRECT,0,0,0,0,13,0,0.611353,0.0,answer,
margin,live-delta,9,0.0,0.570371,0.581322,0.557731,0.707031,0.359348,0.509348,0.28284549713134766,0.7437992691993713,0.4609537720680237,0.17479294538497925,1.1909996271133423,0.9754990339279175,17,1,1,1,1,1,0,0.016012581065297127,0.28284549713134766,2,contra,0.15,-1,99,41,CORRECT,0,0,0,0,10,0,0.016013,0.0,answer,
margin,live-delta,9,0.0,0.570371,0.581322,0.557731,0.707031,0.359348,0.509348,0.0,0.5988268256187439,0.5988268256187439,2.1977133750915527,9.004400253295898,0.15041570365428925,20,1,1,1,1,1,1,0.5773200392723083,0.0,0,contra,0.15,-1,100,61,CORRECT,0,0,0,0,13,0,0.57732,0.0,answer,
margin,live-delta,9,0.0,0.570371,0.581322,0.557731,0.707031,0.359348,0.509348,5.960464477539063e-08,0.48883119225502014,0.48883113265037537,2.354745626449585,10.535449028015137,0.19017140567302704,16,1,3,0,3,0,1,0.9358391165733337,-0.08488726615905762,0,contra,0.15,-1,101,123,CONTRADICTORY_LENIENT,0,1,0,0,8,0,0.451795,0.0,answer,
margin,live-delta,9,0.0,0.570371,0.581322,0.557731,0.707031,0.359348,0.509348,0.0,0.6314265727996826,0.6314265727996826,2.6123788356781006,13.631439208984375,0.13039231300354004,20,1,3,0,2,0,1,0.7087129950523376,0.0,0,contra,0.15,-1,102,284,CONTRADICTORY_STRICT,1,1,0,0,12,0,0.708713,0.0,answer,
margin,live-delta,9,0.0,0.570371,0.581322,0.557731,0.707031,0.359348,0.509348,0.018510043621063232,0.6128389239311218,0.5943288803100586,1.955450415611267,7.06710147857666,0.4090583920478821,20,1,1,1,1,1,1,0.16892488300800323,0.13988348841667175,2,contra,0.15,-1,103,54,CORRECT,0,0,0,0,10,0,0.168925,0.0,answer,
margin,live-delta,9,0.0,0.570371,0.581322,0.557731,0.707031,0.359348,0.509348,0.0,0.6102866530418396,0.6102866530418396,2.701291799545288,14.898965835571289,0.09879954159259796,20,1,0,0,3,0,1,0.6298905611038208,0.0,0,contra,0.15,-1,104,183,CONTRADICTORY_STRICT,1,1,0,0,13,0,0.629891,0.0,answer,
margin,live-delta,9,0.0,0.570371,0.581322,0.557731,0.707031,0.359348,0.509348,0.0,0.705420970916748,0.705420970916748,1.949398398399353,7.024460315704346,0.2464437186717987,20,1,1,1,1,1,1,0.5939065217971802,0.0,0,contra,0.15,-1,105,40,CORRECT,0,0,0,0,9,0,0.593907,0.0,answer,
margin,live-delta,9,0.0,0.570371,0.581322,0.557731,0.707031,0.359348,0.509348,0.07959204912185669,0.7538836598396301,0.6742916107177734,1.6937415599822998,5.439795970916748,0.5367918014526367,20,1,1,1,1,1,1,0.2566245496273041,0.07959204912185669,2,contra,0.15,-1,106,39,CORRECT,0,0,0,0,9,0,0.256625,0.0,answer,
margin,live-delta,9,0.0,0.570371,0.581322,0.557731,0.707031,0.359348,0.509348,0.0,0.6172198057174683,0.6172198057174683,2.3593122959136963,10.583670616149902,0.21970950067043304,20,1,0,0,1,1,1,0.5074505805969238,0.0,0,contra,0.15,-1,107,255,CORRECT,0,0,0,0,11,0,0.474958,0.0,answer,
margin,live-delta,9,0.0,0.570371,0.581322,0.557731,0.707031,0.359348,0.509348,0.0,0.6414546966552734,0.6414546966552734,2.5720062255859375,13.092063903808594,0.131698876619339,20,1,3,0,3,0,1,0.6144419312477112,0.0,0,contra,0.15,-1,108,164,CONTRADICTORY_STRICT,1,1,0,0,12,0,0.614442,0.0,answer,
margin,live-delta,9,0.0,0.570371,0.581322,0.557731,0.707031,0.359348,0.509348,0.0,0.6084858775138855,0.6084858775138855,2.592884063720703,13.368270874023438,0.09514754265546799,20,1,0,0,1,1,1,0.6781614422798157,0.0,0,contra,0.15,-1,109,190,CORRECT,0,0,0,0,12,0,0.678161,0.0,answer,
margin,live-delta,9,0.0,0.570371,0.581322,0.557731,0.707031,0.359348,0.509348,0.0,0.6916086673736572,0.6916086673736572,2.1092398166656494,8.241973876953125,0.2680889368057251,17,1,3,0,1,1,1,0.4544428288936615,0.0,0,contra,0.15,-1,111,318,CORRECT,0,0,0,0,8,0,0.454443,0.0,answer,
margin,live-delta,9,0.0,0.570371,0.581322,0.557731,0.707031,0.359348,0.509348,0.0,0.6678102612495422,0.6678102612495422,2.5292506217956543,12.544102668762207,0.17015017569065094,20,1,1,1,3,0,1,0.6592298746109009,0.0,0,contra,0.15,-1,112,46,CONTRADICTORY_LENIENT,0,1,0,0,13,0,0.65923,0.0,answer,
margin,live-delta,9,0.0,0.570371,0.581322,0.557731,0.707031,0.359348,0.509348,0.0,0.5232676267623901,0.5232676267623901,1.7439082860946655,5.719653606414795,0.22605538368225098,8,1,1,1,0,0,1,0.5905123353004456,0.0,0,contra,0.15,-1,113,34,CONTRADICTORY_LENIENT,0,1,0,0,3,0,0.590512,0.0,answer,
margin,live-delta,9,0.0,0.570371,0.581322,0.557731,0.707031,0.359348,0.509348,0.0,0.6705558896064758,0.6705558896064758,2.1259031295776367,8.380462646484375,0.2391108125448227,20,1,1,1,1,1,1,0.5484923124313354,0.0,0,contra,0.15,-1,114,57,CORRECT,0,0,0,0,10,0,0.548492,0.0,answer,
margin,live-delta,9,0.0,0.570371,0.581322,0.557731,0.707031,0.359348,0.509348,0.0,0.5355624556541443,0.5355624556541443,2.5601110458374023,12.937253952026367,0.17597705125808716,20,1,2,0,1,1,1,0.5614577531814575,0.0,0,contra,0.15,-1,115,250,CORRECT,0,0,0,0,9,0,0.509936,0.0,answer,
margin,live-delta,9,0.0,0.570371,0.581322,0.557731,0.707031,0.359348,0.509348,0.07225799560546875,0.6103099584579468,0.538051962852478,2.059455633163452,7.841700077056885,0.4314429461956024,20,1,1,1,1,1,1,0.3264566957950592,0.07225799560546875,2,contra,0.15,-1,116,54,CORRECT,0,0,0,0,10,0,0.326457,0.0,answer,
margin,live-delta,9,0.0,0.570371,0.581322,0.557731,0.707031,0.359348,0.509348,0.0,0.670042097568512,0.670042097568512,2.213533639907837,9.147985458374023,0.1673935502767563,20,1,1,1,1,1,1,0.5848695635795593,0.0,0,contra,0.15,-1,117,49,CORRECT,0,0,0,0,11,0,0.58487,0.0,answer,
margin,live-delta,9,0.0,0.570371,0.581322,0.557731,0.707031,0.359348,0.509348,0.0,0.44668951630592346,0.44668951630592346,1.5623228549957275,4.769887924194336,0.2761642038822174,5,1,1,1,1,1,1,0.5746119022369385,0.0,0,contra,0.15,-1,118,48,CORRECT,0,0,0,0,3,0,0.574612,0.0,answer,
margin,live-delta,9,0.0,0.570371,0.581322,0.557731,0.707031,0.359348,0.509348,0.0,0.5582033395767212,0.5582033395767212,2.5415561199188232,12.699417114257812,0.1309412270784378,20,1,0,0,1,1,1,0.6228318214416504,0.0,0,contra,0.15,-1,119,183,CORRECT,0,0,0,0,11,0,0.612266,0.0,answer,
margin,live-delta,9,0.0,0.570371,0.581322,0.557731,0.707031,0.359348,0.509348,0.0,0.6123923659324646,0.6123923659324646,2.4500515460968018,11.588944435119629,0.1441589742898941,20,1,3,0,1,1,1,0.6051498055458069,0.0,0,contra,0.15,-1,120,277,CORRECT,0,0,0,0,12,0,0.60515,0.0,answer,
margin,live-delta,9,0.0,0.570371,0.581322,0.557731,0.707031,0.359348,0.509348,0.028531432151794434,0.6142705678939819,0.5857391357421875,2.5723907947540283,13.097099304199219,0.21596752107143402,20,1,1,1,1,1,1,0.514805018901825,0.028531432151794434,1,contra,0.15,-1,121,52,CORRECT,0,0,0,0,12,0,0.514805,0.0,answer,
margin,live-delta,9,0.0,0.570371,0.581322,0.557731,0.707031,0.359348,0.509348,0.04132509231567383,0.6418052911758423,0.6004801988601685,2.733898639678955,15.392781257629395,0.18766796588897705,20,1,1,1,1,1,1,0.566422700881958,0.04132509231567383,1,contra,0.15,-1,122,52,CORRECT,0,0,0,0,12,0,0.566423,0.0,answer,
margin,live-delta,9,0.0,0.570371,0.581322,0.557731,0.707031,0.359348,0.509348,0.0,0.5257062911987305,0.5257062911987305,1.9175865650177002,6.804516315460205,0.2641788125038147,17,1,0,0,1,1,1,0.6729709506034851,0.0,0,contra,0.15,-1,123,291,CORRECT,0,0,0,0,10,0,0.641436,0.0,answer,
margin,live-delta,9,0.0,0.570371,0.581322,0.557731,0.707031,0.359348,0.509348,0.0,0.7209793329238892,0.7209793329238892,2.3562519550323486,10.55133056640625,0.13798299431800842,20,1,0,0,2,0,1,0.7272986173629761,0.0,0,contra,0.15,-1,124,190,CONTRADICTORY_STRICT,1,1,0,0,12,0,0.727299,0.0,answer,
margin,live-delta,9,0.0,0.570371,0.581322,0.557731,0.707031,0.359348,0.509348,0.0,0.5810360312461853,0.5810360312461853,2.587632894515991,13.298255920410156,0.1580338180065155,20,1,2,0,1,1,1,0.5642894506454468,0.0,0,contra,0.15,-1,125,250,CORRECT,0,0,0,0,11,0,0.564289,0.0,answer,
margin,live-delta,9,0.0,0.570371,0.581322,0.557731,0.707031,0.359348,0.509348,0.051419079303741455,0.7271186113357544,0.6756995320320129,1.4777753353118896,4.383183479309082,0.46287664771080017,20,1,1,1,1,1,1,0.3558805584907532,0.051419079303741455,2,contra,0.15,-1,126,41,CORRECT,0,0,0,0,12,0,0.355881,0.0,answer,
margin,live-delta,9,0.0,0.570371,0.581322,0.557731,0.707031,0.359348,0.509348,0.0,0.7880293130874634,0.7880293130874634,1.3825398683547974,3.9850101470947266,0.31317371129989624,20,1,1,1,1,1,1,0.6539936065673828,0.0,0,contra,0.15,-1,127,40,CORRECT,0,0,0,0,10,0,0.653994,0.0,answer,
margin,live-delta,9,0.0,0.570371,0.581322,0.557731,0.707031,0.359348,0.509348,0.0,0.5415035486221313,0.5415035486221313,2.805487632751465,16.535137176513672,0.13906553387641907,20,2,2,1,2,1,1,0.4769684076309204,0.0,0,contra,0.15,-1,128,66,CORRECT,0,0,0,0,9,0,0.476968,0.0,answer,
margin,live-delta,9,0.0,0.570371,0.581322,0.557731,0.707031,0.359348,0.509348,0.0,0.5951765775680542,0.5951765775680542,2.6402926445007324,14.017305374145508,0.15629738569259644,20,2,2,1,1,0,1,0.5594289302825928,0.0,0,contra,0.15,-1,129,66,CONTRADICTORY_LENIENT,0,1,0,0,12,0,0.559429,0.0,answer,
margin,live-delta,9,0.0,0.570371,0.581322,0.557731,0.707031,0.359348,0.509348,0.041772425174713135,0.5690668821334839,0.5272944569587708,2.880033016204834,17.814861297607422,0.13603654503822327,20,2,2,1,2,1,1,0.4570937156677246,0.041772425174713135,1,contra,0.15,-1,130,81,CORRECT,0,0,0,0,9,0,0.457094,0.0,answer,
margin,live-delta,9,0.0,0.570371,0.581322,0.557731,0.707031,0.359348,0.509348,0.0,0.40967702865600586,0.40967702865600586,1.3761757612228394,3.9597296714782715,0.2855042517185211,4,2,1,0,1,0,1,0.5,0.0,0,contra,0.15,-1,132,285,CONTRADICTORY_STRICT,1,1,0,0,2,0,0.5,0.0,answer,
margin,live-delta,9,0.0,0.570371,0.581322,0.557731,0.707031,0.359348,0.509348,0.0,0.7438898086547852,0.7438898086547852,1.5292564630508423,4.614744186401367,0.3792365491390228,20,2,1,0,2,1,1,0.5145523548126221,0.0,0,contra,0.15,-1,133,285,CORRECT,0,0,0,0,11,0,0.514552,0.0,answer,
margin,live-delta,9,0.0,0.570371,0.581322,0.557731,0.707031,0.359348,0.509348,0.09667551517486572,0.7966055274009705,0.6999300122261047,1.681111216545105,5.371521472930908,0.5793507099151611,20,2,2,1,2,1,1,0.19856876134872437,0.10837900638580322,2,contra,0.15,-1,134,86,CORRECT,0,0,0,0,10,0,0.198569,0.0,answer,
margin,live-delta,9,0.0,0.570371,0.581322,0.557731,0.707031,0.359348,0.509348,0.0,0.5892134308815002,0.5892134308815002,2.050570249557495,7.772332191467285,0.23043565452098846,20,2,2,1,2,1,1,0.5632950067520142,0.0,0,contra,0.15,-1,135,91,CORRECT,0,0,0,0,10,0,0.563295,0.0,answer,
margin,live-delta,9,0.0,0.570371,0.581322,0.557731,0.707031,0.359348,0.509348,0.0,0.6251969933509827,0.6251969933509827,2.6395254135131836,14.00655460357666,0.1913689523935318,20,2,2,1,2,1,1,0.48266077041625977,0.0,0,contra,0.15,-1,136,84,CORRECT,0,0,0,0,9,0,0.482661,0.0,answer,
margin,live-delta,9,0.0,0.570371,0.581322,0.557731,0.707031,0.359348,0.509348,0.0,0.4245971441268921,0.4245971441268921,1.7037198543548584,5.49434757232666,0.21169176697731018,6,2,2,1,2,1,1,0.42338353395462036,0.0,0,contra,0.15,-1,137,89,CORRECT,0,0,0,0,2,0,0.423384,0.0,answer,
margin,live-delta,9,0.0,0.570371,0.581322,0.557731,0.707031,0.359348,0.509348,0.0,0.41997987031936646,0.41997987031936646,2.7183501720428467,15.155298233032227,0.10738784819841385,16,2,1,0,2,1,1,0.47536206245422363,0.0,0,contra,0.15,-1,138,301,CORRECT,0,0,0,0,8,0,0.475362,0.0,answer,
margin,live-delta,9,0.0,0.570371,0.581322,0.557731,0.707031,0.359348,0.509348,0.028989017009735107,0.6016455292701721,0.572656512260437,2.3878173828125,10.889699935913086,0.23250457644462585,20,2,2,1,2,1,1,0.41270264983177185,0.028989017009735107,1,contra,0.15,-1,139,64,CORRECT,0,0,0,0,9,0,0.412703,0.0,answer,
margin,live-delta,9,0.0,0.570371,0.581322,0.557731,0.707031,0.359348,0.509348,0.0,0.6501257419586182,0.6501257419586182,2.0293819904327393,7.609382152557373,0.18291449546813965,15,2,0,0,2,1,1,0.6827524304389954,0.0,0,contra,0.15,-1,140,233,CORRECT,0,0,0,0,8,0,0.682752,0.0,answer,
margin,live-delta,9,0.0,0.570371,0.581322,0.557731,0.707031,0.359348,0.509348,0.047999441623687744,0.6712274551391602,0.6232280135154724,2.2759952545166016,9.737606048583984,0.3314235210418701,20,2,2,1,2,1,1,0.3793354332447052,0.047999441623687744,1,contra,0.15,-1,141,86,CORRECT,0,0,0,0,9,0,0.379335,0.0,answer,
margin,live-delta,9,0.0,0.570371,0.581322,0.557731,0.707031,0.359348,0.509348,0.0,0.5701974630355835,0.5701974630355835,2.8282392024993896,16.9156494140625,0.10040970891714096,20,2,1,0,2,1,1,0.44327104091644287,0.0,0,contra,0.15,-1,142,212,CORRECT,0,0,0,0,9,0,0.443271,0.0,answer,
margin,live-delta,9,0.0,0.570371,0.581322,0.557731,0.707031,0.359348,0.509348,0.0,0.4765753746032715,0.4765753746032715,2.8581299781799316,17.428903579711914,0.11068497598171234,20,2,2,1,2,1,1,0.4840136766433716,0.0,0,contra,0.15,-1,143,91,CORRECT,0,0,0,0,10,0,0.484014,0.0,answer,
margin,live-delta,9,0.0,0.570371,0.581322,0.557731,0.707031,0.359348,0.509348,0.0,0.5023441314697266,0.5023441314697266,1.1997301578521729,3.319221019744873,0.4269060492515564,6,2,1,0,2,1,1,0.48281747102737427,0.0,0,contra,0.15,-1,144,301,CORRECT,0,0,0,0,3,0,0.482817,0.0,answer,
margin,live-delta,9,0.0,0.570371,0.581322,0.557731,0.707031,0.359348,0.509348,0.06751570105552673,0.5056645274162292,0.4381488263607025,1.8940080404281616,6.6459527015686035,0.3953264653682709,9,2,2,1,2,1,1,0.33863312005996704,0.06751570105552673,2,contra,0.15,-1,145,88,CORRECT,0,0,0,0,4,0,0.338633,0.0,answer,
margin,live-delta,9,0.0,0.570371,0.581322,0.557731,0.707031,0.359348,0.509348,0.0006460845470428467,0.4003845751285553,0.39973849058151245,2.589757204055786,13.32653522491455,0.10697950422763824,14,2,2,1,2,1,1,0.48559829592704773,0.0006460845470428467,0,contra,0.15,-1,146,88,CORRECT,0,0,0,0,7,0,0.485598,0.0,answer,
margin,live-delta,9,0.0,0.570371,0.581322,0.557731,0.707031,0.359348,0.509348,0.0,0.5993673205375671,0.5993673205375671,2.290210485458374,9.877016067504883,0.20366880297660828,20,2,0,0,2,1,1,0.5437851548194885,0.0,0,contra,0.15,-1,147,265,CORRECT,0,0,0,0,8,0,0.543785,0.0,answer,
margin,live-delta,9,0.0,0.570371,0.581322,0.557731,0.707031,0.359348,0.509348,0.003406345844268799,0.5392884612083435,0.5358821153640747,2.7542355060577393,15.709027290344238,0.12938451766967773,20,2,2,1,2,1,1,0.4805014133453369,0.003406345844268799,0,contra,0.15,-1,148,78,CORRECT,0,0,0,0,10,0,0.480501,0.0,answer,
margin,live-delta,9,0.0,0.570371,0.581322,0.557731,0.707031,0.359348,0.509348,0.0,0.6592262983322144,0.6592262983322144,1.8576492071151733,6.408653736114502,0.339691698551178,20,2,2,1,2,1,1,0.5170896649360657,0.0,0,contra,0.15,-1,149,91,CORRECT,0,0,0,0,9,0,0.51709,0.0,answer,
margin,live-delta,9,0.0,0.570371,0.581322,0.557731,0.707031,0.359348,0.509348,0.0,0.6503852605819702,0.6503852605819702,2.7946314811706543,16.356599807739258,0.08369049429893494,20,2,2,1,2,1,1,0.534923255443573,0.0,0,contra,0.15,-1,150,66,CORRECT,0,0,0,0,10,0,0.534923,0.0,answer,
margin,live-delta,9,0.0,0.570371,0.581322,0.557731,0.707031,0.359348,0.509348,0.0,0.5065252184867859,0.5065252184867859,2.5719642639160156,13.091514587402344,0.19969908893108368,20,2,1,0,2,1,1,0.426433265209198,0.0,0,contra,0.15,-1,151,301,CORRECT,0,0,0,0,9,0,0.426433,0.0,answer,
margin,live-delta,9,0.0,0.570371,0.581322,0.557731,0.707031,0.359348,0.509348,0.0,0.6035950779914856,0.6035950779914856,0.6931471824645996,2.0,0.5,2,2,3,0,2,1,1,0.5,0.0,0,contra,0.15,-1,152,269,CORRECT,0,0,0,0,1,0,0.5,0.0,answer,
margin,live-delta,9,0.0,0.570371,0.581322,0.557731,0.707031,0.359348,0.509348,0.0,0.574760377407074,0.574760377407074,2.728595733642578,15.311370849609375,0.15305237472057343,20,2,1,0,2,1,1,0.45627158880233765,0.0,0,contra,0.15,-1,153,184,CORRECT,0,0,0,0,9,0,0.456272,0.0,answer,
margin,live-delta,9,0.0,0.570371,0.581322,0.557731,0.707031,0.359348,0.509348,0.010171353816986084,0.39511168003082275,0.38494032621383667,2.2989113330841064,9.963330268859863,0.12341075390577316,10,2,2,1,2,1,1,0.5873892307281494,0.010171353816986084,0,contra,0.15,-1,155,64,CORRECT,0,0,0,0,6,0,0.587389,0.0,answer,
margin,live-delta,9,0.0,0.570371,0.581322,0.557731,0.707031,0.359348,0.509348,0.0,0.4113556444644928,0.4113556444644928,0.6931471824645996,2.0,0.5,2,2,2,1,2,1,1,0.5,0.0,0,contra,0.15,-1,156,93,CORRECT,0,0,0,0,1,0,0.5,0.0,answer,
margin,live-delta,9,0.0,0.570371,0.581322,0.557731,0.707031,0.359348,0.509348,0.0,0.6391476988792419,0.6391476988792419,2.6196677684783936,13.731161117553711,0.18756939470767975,20,2,1,0,2,1,1,0.4374725818634033,0.0,0,contra,0.15,-1,157,184,CORRECT,0,0,0,0,9,0,0.437473,0.0,answer,
margin,live-delta,9,0.0,0.570371,0.581322,0.557731,0.707031,0.359348,0.509348,0.0,0.5680897235870361,0.5680897235870361,2.4686450958251953,11.806439399719238,0.24663282930850983,20,2,1,0,2,1,1,0.4940059185028076,0.0,0,contra,0.15,-1,158,301,CORRECT,0,0,0,0,9,0,0.494006,0.0,answer,
margin,live-delta,9,0.0,0.570371,0.581322,0.557731,0.707031,0.359348,0.509348,0.18490827083587646,0.7387069463729858,0.5537986755371094,0.6936938166618347,2.001093626022339,0.8746424317359924,20,2,2,1,2,1,0,0.07726506888866425,0.18490827083587646,2,contra,0.15,-1,159,68,CORRECT,0,0,0,0,11,0,0.077265,0.0,answer,
margin,live-delta,9,0.0,0.570371,0.581322,0.557731,0.707031,0.359348,0.509348,0.0,0.5577472448348999,0.5577472448348999,2.2641828060150146,9.623257637023926,0.22777126729488373,20,2,0,0,2,1,1,0.5342323184013367,0.0,0,contra,0.15,-1,160,265,CORRECT,0,0,0,0,9,0,0.534232,0.0,answer,
margin,live-delta,9,0.0,0.570371,0.581322,0.557731,0.707031,0.359348,0.509348,0.0,0.4709516167640686,0.4709516167640686,2.658956289291382,14.281375885009766,0.12279277294874191,17,2,2,1,2,1,1,0.45684343576431274,0.0,0,contra,0.15,-1,161,94,CORRECT,0,0,0,0,7,0,0.456843,0.0,answer,
margin,live-delta,9,0.0,0.570371,0.581322,0.557731,0.707031,0.359348,0.509348,0.0,0.6567572355270386,0.6567572355270386,1.1383296251296997,3.1215498447418213,0.45518726110458374,14,2,3,0,2,1,1,0.5129803419113159,0.0,0,contra,0.15,-1,162,259,CORRECT,0,0,0,0,8,0,0.51298,0.0,answer,
margin,live-delta,9,0.0,0.570371,0.581322,0.557731,0.707031,0.359348,0.509348,0.0,0.574068546295166,0.574068546295166,2.7267038822174072,15.282430648803711,0.12296763062477112,20,2,2,1,2,1,1,0.5245155096054077,0.0,0,contra,0.15,-1,163,66,CORRECT,0,0,0,0,11,0,0.524516,0.0,answer,
margin,live-delta,9,0.0,0.570371,0.581322,0.557731,0.707031,0.359348,0.509348,0.0,0.6889474987983704,0.6889474987983704,0.7613341808319092,2.1411309242248535,0.49510419368743896,10,2,2,1,2,1,1,0.5009098649024963,0.0,0,contra,0.15,-1,164,93,CORRECT,0,0,0,0,6,0,0.50091,0.0,answer,
margin,live-delta,9,0.0,0.570371,0.581322,0.557731,0.707031,0.359348,0.509348,0.08025693893432617,0.6881221532821655,0.6078652143478394,2.5962016582489014,13.412694931030273,0.3107506036758423,20,2,2,1,2,1,1,0.35531190037727356,0.08025693893432617,2,contra,0.15,-1,165,86,CORRECT,0,0,0,0,10,0,0.355312,0.0,answer,
margin,live-delta,9,0.0,0.570371,0.581322,0.557731,0.707031,0.359348,0.509348,0.0,0.4756857752799988,0.4756857752799988,2.031855821609497,7.62822961807251,0.18999119102954865,10,2,2,1,2,1,1,0.6899911165237427,0.0,0,contra,0.15,-1,166,80,CORRECT,0,0,0,0,6,0,0.689991,0.0,answer,
margin,live-delta,9,0.0,0.570371,0.581322,0.557731,0.707031,0.359348,0.509348,0.0,0.3853720426559448,0.3853720426559448,1.7893376350402832,5.9854865074157715,0.17948243021965027,6,2,2,1,2,1,1,0.5100256204605103,0.0,0,contra,0.15,-1,167,93,CORRECT,0,0,0,0,3,0,0.510026,0.0,answer,
margin,live-delta,9,0.0,0.570371,0.581322,0.557731,0.707031,0.359348,0.509348,0.0,0.3759671151638031,0.3759671151638031,0.6931471824645996,2.0,0.5,2,2,3,0,2,1,1,0.5,0.0,0,contra,0.15,-1,168,259,CORRECT,0,0,0,0,1,0,0.5,0.0,answer,
margin,live-delta,9,0.0,0.570371,0.581322,0.557731,0.707031,0.359348,0.509348,0.0,0.6072017550468445,0.6072017550468445,2.608185052871704,13.57439136505127,0.1309603899717331,20,2,2,1,2,1,1,0.5683184862136841,0.0,0,contra,0.15,-1,169,82,CORRECT,0,0,0,0,10,0,0.568318,0.0,answer,
margin,live-delta,9,0.0,0.570371,0.581322,0.557731,0.707031,0.359348,0.509348,0.018336057662963867,0.4837937653064728,0.4654577076435089,2.314124584197998,10.116063117980957,0.23740258812904358,14,2,2,1,2,1,1,0.3753366768360138,0.018336057662963867,0,contra,0.15,-1,170,68,CORRECT,0,0,0,0,6,0,0.375337,0.0,answer,
margin,live-delta,9,0.0,0.570371,0.581322,0.557731,0.707031,0.359348,0.509348,0.03160598874092102,0.42073097825050354,0.3891249895095825,1.678879976272583,5.359549522399902,0.3373810052871704,6,2,2,1,2,1,1,0.3819774091243744,0.03160598874092102,1,contra,0.15,-1,172,88,CORRECT,0,0,0,0,3,0,0.381977,0.0,answer,
margin,live-delta,9,0.0,0.570371,0.581322,0.557731,0.707031,0.359348,0.509348,0.0,0.5705028176307678,0.5705028176307678,2.888828754425049,17.972248077392578,0.1084417998790741,20,2,3,0,2,1,1,0.5010558366775513,0.0,0,contra,0.15,-1,173,239,CORRECT,0,0,0,0,10,0,0.501056,0.0,answer,
margin,live-delta,9,0.0,0.570371,0.581322,0.557731,0.707031,0.359348,0.509348,0.0,0.4979991614818573,0.4979991614818573,2.717536211013794,15.142967224121094,0.17110589146614075,20,2,1,0,2,1,1,0.5451236963272095,0.0,0,contra,0.15,-1,174,212,CORRECT,0,0,0,0,11,0,0.545124,0.0,answer,
margin,live-delta,9,0.0,0.570371,0.581322,0.557731,0.707031,0.359348,0.509348,0.0024803578853607178,0.4129861891269684,0.41050583124160767,2.364778995513916,10.64168643951416,0.11910455673933029,11,2,2,1,2,1,1,0.5537880659103394,0.0024803578853607178,0,contra,0.15,-1,176,88,CORRECT,0,0,0,0,6,0,0.553788,0.0,answer,
margin,live-delta,9,0.0,0.570371,0.581322,0.557731,0.707031,0.359348,0.509348,0.12175902724266052,0.6065850257873535,0.484825998544693,1.786820411682129,5.9704389572143555,0.595949113368988,20,2,2,1,2,1,1,0.16873492300510406,0.12190032005310059,2,contra,0.15,-1,177,78,CORRECT,0,0,0,0,9,0,0.168735,0.0,answer,
margin,live-delta,9,0.0,0.570371,0.581322,0.557731,0.707031,0.359348,0.509348,0.0,0.5802474617958069,0.5802474617958069,2.69315505027771,14.778228759765625,0.1176074892282486,20,2,1,0,2,1,1,0.5419135093688965,0.0,0,contra,0.15,-1,179,310,CORRECT,0,0,0,0,9,0,0.541914,0.0,answer,
margin,live-delta,9,0.0,0.570371,0.581322,0.557731,0.707031,0.359348,0.509348,0.0029421746730804443,0.4807736277580261,0.4778314530849457,2.748806953430176,15.623980522155762,0.11288877576589584,20,2,2,1,2,1,1,0.5390357971191406,0.0029421746730804443,0,contra,0.15,-1,180,64,CORRECT,0,0,0,0,10,0,0.539036,0.0,answer,
margin,live-delta,9,0.0,0.570371,0.581322,0.557731,0.707031,0.359348,0.509348,0.0,0.6918320655822754,0.6918320655822754,2.2180824279785156,9.189692497253418,0.20798662304878235,20,2,0,0,0,0,1,0.6059780716896057,0.0,0,contra,0.15,-1,181,193,CONTRADICTORY_STRICT,1,1,0,0,10,0,0.605978,0.0,answer,
margin,live-delta,9,0.0,0.570371,0.581322,0.557731,0.707031,0.359348,0.509348,0.012425124645233154,0.45632970333099365,0.4439045786857605,2.5871450901031494,13.291770935058594,0.156218022108078,15,2,2,1,2,1,1,0.4392734467983246,0.012425124645233154,0,contra,0.15,-1,182,64,CORRECT,0,0,0,0,7,0,0.439273,0.0,answer,
margin,live-delta,9,0.0,0.570371,0.581322,0.557731,0.707031,0.359348,0.509348,0.0,0.36534959077835083,0.36534959077835083,0.6931471824645996,2.0,0.5,2,2,1,0,1,0,1,0.5,0.0,0,contra,0.15,-1,183,170,CONTRADICTORY_STRICT,1,1,0,0,1,0,0.5,0.0,answer,
margin,live-delta,9,0.0,0.570371,0.581322,0.557731,0.707031,0.359348,0.509348,0.0,0.551082193851471,0.551082193851471,2.712207794189453,15.062493324279785,0.17747466266155243,20,2,1,0,2,1,1,0.48762527108192444,0.0,0,contra,0.15,-1,184,304,CORRECT,0,0,0,0,10,0,0.487625,0.0,answer,
margin,live-delta,9,0.0,0.570371,0.581322,0.557731,0.707031,0.359348,0.509348,0.0,0.5307070016860962,0.5307070016860962,1.2943254709243774,3.648534059524536,0.4170801639556885,7,2,2,1,2,1,1,0.5164625644683838,0.0,0,contra,0.15,-1,185,84,CORRECT,0,0,0,0,4,0,0.516463,0.0,answer,
margin,live-delta,9,0.0,0.570371,0.581322,0.557731,0.707031,0.359348,0.509348,0.0,0.6895368099212646,0.6895368099212646,2.434648036956787,11.4118013381958,0.13344347476959229,20,2,3,0,2,1,1,0.6272908449172974,0.0,0,contra,0.15,-1,186,219,CORRECT,0,0,0,0,11,0,0.627291,0.0,answer,
margin,live-delta,9,0.0,0.570371,0.581322,0.557731,0.707031,0.359348,0.509348,0.038748323917388916,0.36235830187797546,0.32360997796058655,-0.0,1.0,1.0,1,2,2,1,2,1,0,0.0,0.038748323917388916,1,contra,0.15,-1,187,81,CORRECT,0,0,0,0,0,0,0.0,0.0,answer,
margin,live-delta,9,0.0,0.570371,0.581322,0.557731,0.707031,0.359348,0.509348,0.0,0.46566590666770935,0.46566590666770935,1.9504497051239014,7.031849384307861,0.20218874514102936,10,2,2,1,2,1,1,0.5019479990005493,0.0,0,contra,0.15,-1,188,89,CORRECT,0,0,0,0,5,0,0.501948,0.0,answer,
margin,live-delta,9,0.0,0.570371,0.581322,0.557731,0.707031,0.359348,0.509348,0.0,0.574927806854248,0.574927806854248,2.295255422592163,9.926971435546875,0.2393658310174942,20,2,1,0,2,1,1,0.562322199344635,0.0,0,contra,0.15,-1,189,212,CORRECT,0,0,0,0,10,0,0.562322,0.0,answer,
margin,live-delta,9,0.0,0.570371,0.581322,0.557731,0.707031,0.359348,0.509348,0.0,0.5638655424118042,0.5638655424118042,2.6155383586883545,13.674575805664062,0.1557253748178482,20,2,2,1,2,1,1,0.5693192481994629,0.0,0,contra,0.15,-1,190,76,CORRECT,0,0,0,0,9,0,0.569319,0.0,answer,
margin,live-delta,9,0.0,0.570371,0.581322,0.557731,0.707031,0.359348,0.509348,0.005952358245849609,0.555470883846283,0.5495185256004333,2.6535940170288086,14.204999923706055,0.16367073357105255,20,2,2,1,2,1,1,0.44699788093566895,0.005952358245849609,0,contra,0.15,-1,191,86,CORRECT,0,0,0,0,10,0,0.446998,0.0,answer,
margin,live-delta,9,0.0,0.570371,0.581322,0.557731,0.707031,0.359348,0.509348,0.0,0.7158771753311157,0.7158771753311157,2.753946304321289,15.704483985900879,0.11943581700325012,20,3,2,0,2,0,1,0.6620714068412781,0.0,0,contra,0.15,-1,192,315,CONTRADICTORY_STRICT,1,1,0,0,13,0,0.662071,0.0,answer,
margin,live-delta,9,0.0,0.570371,0.581322,0.557731,0.707031,0.359348,0.509348,0.10260394215583801,0.5292460918426514,0.42664214968681335,2.1539664268493652,8.618977546691895,0.4629482328891754,18,3,3,1,3,1,1,0.38583680987358093,0.10260394215583801,2,contra,0.15,-1,193,124,CORRECT,0,0,0,0,12,0,0.385837,0.0,answer,
margin,live-delta,9,0.0,0.570371,0.581322,0.557731,0.707031,0.359348,0.509348,0.004106700420379639,0.43997180461883545,0.4358651041984558,2.753666400909424,15.700089454650879,0.09654838591814041,17,3,3,1,3,1,1,0.5771355628967285,0.004106700420379639,0,contra,0.15,-1,194,124,CORRECT,0,0,0,0,10,0,0.577136,0.0,answer,
margin,live-delta,9,0.0,0.570371,0.581322,0.557731,0.707031,0.359348,0.509348,0.0,0.6738865971565247,0.6738865971565247,2.2953834533691406,9.928242683410645,0.18320123851299286,20,3,2,0,2,0,1,0.6973289251327515,0.0,0,contra,0.15,-1,195,136,CONTRADICTORY_STRICT,1,1,0,0,12,0,0.697329,0.0,answer,
margin,live-delta,9,0.0,0.570371,0.581322,0.557731,0.707031,0.359348,0.509348,0.0,0.6066103577613831,0.6066103577613831,2.9447216987609863,19.005373001098633,0.07236343622207642,20,3,3,1,2,0,1,0.6829801797866821,0.0,0,contra,0.15,-1,196,98,CONTRADICTORY_LENIENT,0,1,0,0,14,0,0.68298,0.0,answer,
margin,live-delta,9,0.0,0.570371,0.581322,0.557731,0.707031,0.359348,0.509348,0.0,0.6571125984191895,0.6571125984191895,2.722355604171753,15.216123580932617,0.11360625922679901,20,3,2,0,3,1,1,0.569743812084198,0.0,0,contra,0.15,-1,197,136,CORRECT,0,0,0,0,12,0,0.569744,0.0,answer,
margin,live-delta,9,0.0,0.570371,0.581322,0.557731,0.707031,0.359348,0.509348,0.0,0.6370205283164978,0.6370205283164978,2.010061025619507,7.463772773742676,0.20972447097301483,20,3,2,0,2,0,1,0.6956115365028381,0.0,0,contra,0.15,-1,199,261,CONTRADICTORY_STRICT,1,1,0,0,11,0,0.695612,0.0,answer,
margin,live-delta,9,0.0,0.570371,0.581322,0.557731,0.707031,0.359348,0.509348,0.028112411499023438,0.7088281512260437,0.6807157397270203,2.885073661804199,17.90488624572754,0.13483795523643494,20,3,3,1,3,1,1,0.5642759799957275,0.028112411499023438,1,contra,0.15,-1,200,115,CORRECT,0,0,0,0,12,0,0.564276,0.0,answer,
margin,live-delta,9,0.0,0.570371,0.581322,0.557731,0.707031,0.359348,0.509348,0.0,0.48156577348709106,0.48156577348709106,2.251910924911499,9.50588321685791,0.21582095324993134,16,3,3,1,3,1,1,0.4264848232269287,0.0,0,contra,0.15,-1,201,107,CORRECT,0,0,0,0,9,0,0.426485,0.0,answer,
margin,live-delta,9,0.0,0.570371,0.581322,0.557731,0.707031,0.359348,0.509348,0.02431178092956543,0.5317378044128418,0.5074260234832764,1.3520901203155518,3.8654963970184326,0.39347603917121887,5,3,3,1,3,1,1,0.24196292459964752,0.02431178092956543,0,contra,0.15,-1,202,116,CORRECT,0,0,0,0,1,0,0.241963,0.0,answer,
margin,live-delta,9,0.0,0.570371,0.581322,0.557731,0.707031,0.359348,0.509348,5.960464477539063e-08,0.6956464052200317,0.695646345615387,1.912975549697876,6.773212909698486,0.3552742004394531,20,3,3,1,3,1,1,0.5093384981155396,5.960464477539063e-08,0,contra,0.15,-1,203,123,CORRECT,0,0,0,0,12,0,0.509338,0.0,answer,
margin,live-delta,9,0.0,0.570371,0.581322,0.557731,0.707031,0.359348,0.509348,0.0,0.649493396282196,0.649493396282196,2.153491497039795,8.614885330200195,0.16239921748638153,20,3,1,0,0,0,1,0.66569584608078,0.0,0,contra,0.15,-1,204,142,CONTRADICTORY_STRICT,1,1,0,0,11,0,0.665696,0.0,answer,
margin,live-delta,9,0.0,0.570371,0.581322,0.557731,0.707031,0.359348,0.509348,0.013731002807617188,0.4197525680065155,0.4060215651988983,2.311354637145996,10.088081359863281,0.1724439114332199,11,3,3,1,3,1,1,0.46187451481819153,0.020053625106811523,0,contra,0.15,-1,205,116,CORRECT,0,0,0,0,6,0,0.461875,0.0,answer,
margin,live-delta,9,0.0,0.570371,0.581322,0.557731,0.707031,0.359348,0.509348,0.0,0.5191511511802673,0.5191511511802673,2.0589776039123535,7.837952136993408,0.1942054182291031,9,3,3,1,3,1,1,0.4624086022377014,0.0,0,contra,0.15,-1,206,246,CORRECT,0,0,0,0,5,0,0.462409,0.0,answer,
margin,live-delta,9,0.0,0.570371,0.581322,0.557731,0.707031,0.359348,0.509348,0.0,0.5254757404327393,0.5254757404327393,1.5229824781417847,4.585882186889648,0.37544408440589905,9,3,3,1,3,1,1,0.5110774636268616,0.0,0,contra,0.15,-1,207,101,CORRECT,0,0,0,0,5,0,0.511077,0.0,answer,
margin,live-delta,9,0.0,0.570371,0.581322,0.557731,0.707031,0.359348,0.509348,0.0,0.5600730180740356,0.5600730180740356,2.5714449882507324,13.084717750549316,0.14698335528373718,20,3,2,0,2,0,1,0.6502479314804077,0.0,0,contra,0.15,-1,208,136,CONTRADICTORY_STRICT,1,1,0,0,11,0,0.650248,0.0,answer,
margin,live-delta,9,0.0,0.570371,0.581322,0.557731,0.707031,0.359348,0.509348,0.0,0.6268348693847656,0.6268348693847656,2.733402729034424,15.385149002075195,0.08766667544841766,20,3,2,0,2,0,1,0.6188371181488037,0.0,0,contra,0.15,-1,209,179,CONTRADICTORY_STRICT,1,1,0,0,12,0,0.618837,0.0,answer,
margin,live-delta,9,0.0,0.570371,0.581322,0.557731,0.707031,0.359348,0.509348,0.0,0.4622208774089813,0.4622208774089813,2.74135684967041,15.508012771606445,0.10633042454719543,18,3,3,1,3,1,1,0.5994404554367065,0.0,0,contra,0.15,-1,210,100,CORRECT,0,0,0,0,10,0,0.584042,0.0,answer,
margin,live-delta,9,0.0,0.570371,0.581322,0.557731,0.707031,0.359348,0.509348,0.02866208553314209,0.7037274837493896,0.6750653982162476,2.674485683441162,14.504887580871582,0.1743793487548828,20,3,3,1,3,1,1,0.5169116854667664,0.02866208553314209,1,contra,0.15,-1,211,96,CORRECT,0,0,0,0,11,0,0.516912,0.0,answer,
margin,live-delta,9,0.0,0.570371,0.581322,0.557731,0.707031,0.359348,0.509348,0.0,0.7040786147117615,0.7040786147117615,2.471491813659668,11.840096473693848,0.15450620651245117,20,3,3,1,2,0,1,0.6245167255401611,0.0,0,contra,0.15,-1,212,98,CONTRADICTORY_LENIENT,0,1,0,0,12,0,0.624517,0.0,answer,
margin,live-delta,9,0.0,0.570371,0.581322,0.557731,0.707031,0.359348,0.509348,0.0,0.7602081298828125,0.7602081298828125,2.7084908485412598,15.006610870361328,0.11359725147485733,20,3,3,1,2,0,1,0.6569475531578064,0.0,0,contra,0.15,-1,213,127,CONTRADICTORY_LENIENT,0,1,0,0,12,0,0.656948,0.0,answer,
margin,live-delta,9,0.0,0.570371,0.581322,0.557731,0.707031,0.359348,0.509348,0.0420457124710083,0.4206753373146057,0.3786296248435974,2.4201271533966064,11.247289657592773,0.1950332522392273,12,3,3,1,3,1,1,0.5128154754638672,0.0420457124710083,1,contra,0.15,-1,214,116,CORRECT,0,0,0,0,7,0,0.512815,0.0,answer,
margin,live-delta,9,0.0,0.570371,0.581322,0.557731,0.707031,0.359348,0.509348,0.0,0.6014844179153442,0.6014844179153442,2.792508125305176,16.3219051361084,0.10757403820753098,20,3,0,0,2,0,1,0.710468590259552,0.0,0,contra,0.15,-1,215,268,CONTRADICTORY_STRICT,1,1,0,0,14,0,0.710469,0.0,answer,
margin,live-delta,9,0.0,0.570371,0.581322,0.557731,0.707031,0.359348,0.509348,0.0,0.561787486076355,0.561787486076355,2.859372615814209,17.45057487487793,0.09944306313991547,20,3,1,0,3,1,1,0.5537434220314026,0.0,0,contra,0.15,-1,216,211,CORRECT,0,0,0,0,11,0,0.553743,0.0,answer,
margin,live-delta,9,0.0,0.570371,0.581322,0.557731,0.707031,0.359348,0.509348,0.0,0.581675112247467,0.581675112247467,1.0286012887954712,2.7971506118774414,0.4598032534122467,6,3,3,1,3,1,1,0.5200984477996826,0.0,0,contra,0.15,-1,217,105,CORRECT,0,0,0,0,4,0,0.520098,0.0,answer,
margin,live-delta,9,0.0,0.570371,0.581322,0.557731,0.707031,0.359348,0.509348,0.01645064353942871,0.6338362693786621,0.6173856258392334,2.876134157180786,17.74553871154785,0.10175859928131104,20,3,3,1,3,1,1,0.5893247723579407,0.01645064353942871,0,contra,0.15,-1,218,117,CORRECT,0,0,0,0,12,0,0.589325,0.0,answer,
margin,live-delta,9,0.0,0.570371,0.581322,0.557731,0.707031,0.359348,0.509348,0.0,0.540321946144104,0.540321946144104,2.821918487548828,16.80906867980957,0.14274848997592926,20,3,3,1,3,1,1,0.580812931060791,0.0,0,contra,0.15,-1,219,108,CORRECT,0,0,0,0,11,0,0.580813,0.0,answer,
margin,live-delta,9,0.0,0.570371,0.581322,0.557731,0.707031,0.359348,0.509348,0.0,0.6931151151657104,0.6931151151657104,2.7919037342071533,16.312044143676758,0.09739954024553299,20,3,2,0,2,0,1,0.6561601161956787,0.0,0,contra,0.15,-1,220,261,CONTRADICTORY_STRICT,1,1,0,0,13,0,0.65616,0.0,answer,
margin,live-delta,9,0.0,0.570371,0.581322,0.557731,0.707031,0.359348,0.509348,0.0,0.6067142486572266,0.6067142486572266,2.0995700359344482,8.162659645080566,0.31140902638435364,20,3,3,1,3,1,1,0.5443589687347412,0.0,0,contra,0.15,-1,221,102,CORRECT,0,0,0,0,12,0,0.544359,0.0,answer,
margin,live-delta,9,0.0,0.570371,0.581322,0.557731,0.707031,0.359348,0.509348,0.0,0.5600713491439819,0.5600713491439819,2.9046695232391357,18.25920867919922,0.09391506016254425,20,3,2,0,2,0,1,0.6518951654434204,0.0,0,contra,0.15,-1,222,204,CONTRADICTORY_STRICT,1,1,0,0,13,0,0.651895,0.0,answer,
margin,live-delta,9,0.0,0.570371,0.581322,0.557731,0.707031,0.359348,0.509348,0.0464787483215332,0.4414621889591217,0.3949834406375885,2.8921265602111816,18.031614303588867,0.15231096744537354,20,3,3,1,3,1,1,0.5824746489524841,0.0464787483215332,1,contra,0.15,-1,223,124,CORRECT,0,0,0,0,13,0,0.582475,0.0,answer,
margin,live-delta,9,0.0,0.570371,0.581322,0.557731,0.707031,0.359348,0.509348,0.0,0.40286785364151,0.40286785364151,1.3862943649291992,4.0,0.25,4,3,2,0,1,0,1,0.75,0.0,0,contra,0.15,-1,224,153,CONTRADICTORY_STRICT,1,1,0,0,3,0,0.75,0.0,answer,
margin,live-delta,9,0.0,0.570371,0.581322,0.557731,0.707031,0.359348,0.509348,0.0,0.5563745498657227,0.5563745498657227,2.7395005226135254,15.479251861572266,0.12446202337741852,20,3,2,0,2,0,1,0.6752126216888428,0.0,0,contra,0.15,-1,225,305,CONTRADICTORY_STRICT,1,1,0,0,11,0,0.612243,0.0,answer,
margin,live-delta,9,0.0,0.570371,0.581322,0.557731,0.707031,0.359348,0.509348,5.960464477539063e-08,0.47772443294525146,0.4777243733406067,2.8766543865203857,17.754772186279297,0.12002944201231003,20,3,3,1,2,0,1,0.6118391752243042,5.960464477539063e-08,0,contra,0.15,-1,226,123,CONTRADICTORY_LENIENT,0,1,0,0,12,0,0.611839,0.0,answer,
margin,live-delta,9,0.0,0.570371,0.581322,0.557731,0.707031,0.359348,0.509348,0.0,0.3879879117012024,0.3879879117012024,1.6094379425048828,5.0,0.20000000298023224,5,3,2,0,2,0,1,0.800000011920929,0.0,0,contra,0.15,-1,227,179,CONTRADICTORY_STRICT,1,1,0,0,4,0,0.8,0.0,answer,
margin,live-delta,9,0.0,0.570371,0.581322,0.557731,0.707031,0.359348,0.509348,0.0,0.7159953117370605,0.7159953117370605,1.4001060724258423,4.055630207061768,0.24946488440036774,6,3,3,1,0,0,1,0.7494649291038513,0.0,0,contra,0.15,-1,228,99,CONTRADICTORY_LENIENT,0,1,0,0,4,0,0.749465,0.0,answer,
margin,live-delta,9,0.0,0.570371,0.581322,0.557731,0.707031,0.359348,0.509348,0.06361925601959229,0.6538165807723999,0.5901973247528076,2.4445924758911133,11.525851249694824,0.3079507648944855,20,3,3,1,3,1,1,0.41738155484199524,0.06361925601959229,2,contra,0.15,-1,229,115,CORRECT,0,0,0,0,11,0,0.417382,0.0,answer,
margin,live-delta,9,0.0,0.570371,0.581322,0.557731,0.707031,0.359348,0.509348,0.0,0.6125504374504089,0.6125504374504089,2.831329345703125,16.968002319335938,0.0787610337138176,20,3,2,0,2,0,1,0.7503716349601746,0.0,0,contra,0.15,-1,230,236,CONTRADICTORY_STRICT,1,1,0,0,14,0,0.750372,0.0,answer,
margin,live-delta,9,0.0,0.570371,0.581322,0.557731,0.707031,0.359348,0.509348,0.027474582195281982,0.5701779127120972,0.5427033305168152,2.50534725189209,12.247811317443848,0.2787538766860962,20,3,3,1,3,1,1,0.36564570665359497,0.0692371129989624,2,contra,0.15,-1,231,117,CORRECT,0,0,0,0,12,0,0.365646,0.0,answer,
margin,live-delta,9,0.0,0.570371,0.581322,0.557731,0.707031,0.359348,0.509348,0.0,0.5009386539459229,0.5009386539459229,2.849027156829834,17.270971298217773,0.09854018688201904,20,3,1,0,1,0,1,0.7027227282524109,0.0,0,contra,0.15,-1,232,282,CONTRADICTORY_STRICT,1,1,0,0,12,0,0.63058,0.0,answer,
margin,live-delta,9,0.0,0.570371,0.581322,0.557731,0.707031,0.359348,0.509348,0.0030035674571990967,0.496469646692276,0.4934660792350769,2.8127801418304443,16.656160354614258,0.11811921000480652,20,3,3,1,3,1,1,0.49512341618537903,0.0030035674571990967,0,contra,0.15,-1,233,115,CORRECT,0,0,0,0,11,0,0.495123,0.0,answer,
margin,live-delta,9,0.0,0.570371,0.581322,0.557731,0.707031,0.359348,0.509348,0.0,0.501893937587738,0.501893937587738,2.879586696624756,17.80691146850586,0.1255795955657959,20,3,3,1,3,1,1,0.5930162072181702,0.0,0,contra,0.15,-1,234,108,CORRECT,0,0,0,0,12,0,0.593016,0.0,answer,
margin,live-delta,9,0.0,0.570371,0.581322,0.557731,0.707031,0.359348,0.509348,0.06836903095245361,0.6614959239959717,0.5931268930435181,2.3796029090881348,10.800613403320312,0.34885019063949585,20,3,3,1,3,1,1,0.41326770186424255,0.08094149827957153,2,contra,0.15,-1,235,115,CORRECT,0,0,0,0,13,0,0.413268,0.0,answer,
margin,live-delta,9,0.0,0.570371,0.581322,0.557731,0.707031,0.359348,0.509348,0.0,0.46608585119247437,0.46608585119247437,2.889439105987549,17.983219146728516,0.09346388280391693,20,3,2,0,2,0,1,0.6813293695449829,0.0,0,contra,0.15,-1,236,274,CONTRADICTORY_STRICT,1,1,0,0,13,0,0.649947,0.0,answer,
margin,live-delta,9,0.0,0.570371,0.581322,0.557731,0.707031,0.359348,0.509348,0.015743613243103027,0.6798076629638672,0.6640640497207642,2.3127217292785645,10.101881980895996,0.2746024429798126,20,3,3,1,3,1,1,0.38557547330856323,0.06494688987731934,2,contra,0.15,-1,237,115,CORRECT,0,0,0,0,12,0,0.385575,0.0,answer,
margin,live-delta,9,0.0,0.570371,0.581322,0.557731,0.707031,0.359348,0.509348,0.0,0.48643261194229126,0.48643261194229126,2.8961191177368164,18.103750228881836,0.09796364605426788,20,3,3,1,2,0,1,0.6779517531394958,0.0,0,contra,0.15,-1,238,114,CONTRADICTORY_LENIENT,0,1,0,0,13,0,0.677952,0.0,answer,
margin,live-delta,9,0.0,0.570371,0.581322,0.557731,0.707031,0.359348,0.509348,5.960464477539063e-08,0.5871029496192932,0.5871028900146484,2.329310417175293,10.270856857299805,0.25541365146636963,20,3,3,1,3,1,1,0.49391913414001465,5.960464477539063e-08,0,contra,0.15,-1,239,123,CORRECT,0,0,0,0,12,0,0.493919,0.0,answer,
margin,live-delta,9,0.0,0.570371,0.581322,0.557731,0.707031,0.359348,0.509348,0.0,0.6377276182174683,0.6377276182174683,2.5874061584472656,13.295241355895996,0.11217056214809418,20,3,2,0,2,0,1,0.7273324728012085,0.0,0,contra,0.15,-1,240,158,CONTRADICTORY_STRICT,1,1,0,0,13,0,0.727332,0.0,answer,
margin,live-delta,9,0.0,0.570371,0.581322,0.557731,0.707031,0.359348,0.509348,0.0,0.49900099635124207,0.49900099635124207,2.5983476638793945,13.441510200500488,0.14758197963237762,20,3,0,0,0,0,1,0.6925187110900879,0.0,0,contra,0.15,-1,241,187,CONTRADICTORY_STRICT,1,1,0,0,11,0,0.658732,0.0,answer,
margin,live-delta,9,0.0,0.570371,0.581322,0.557731,0.707031,0.359348,0.509348,0.02079826593399048,0.5582751631736755,0.5374768972396851,2.8410730361938477,17.13414192199707,0.15242189168930054,20,3,3,1,3,1,1,0.5164324641227722,0.03927576541900635,1,contra,0.15,-1,242,96,CORRECT,0,0,0,0,12,0,0.516432,0.0,answer,
margin,live-delta,9,0.0,0.570371,0.581322,0.557731,0.707031,0.359348,0.509348,0.0,0.7332625985145569,0.7332625985145569,2.5675740242004395,13.034165382385254,0.11519750952720642,20,3,2,0,2,0,1,0.712188184261322,0.0,0,contra,0.15,-1,243,154,CONTRADICTORY_STRICT,1,1,0,0,13,0,0.712188,0.0,answer,
margin,live-delta,9,0.0,0.570371,0.581322,0.557731,0.707031,0.359348,0.509348,0.0,0.5966714024543762,0.5966714024543762,1.0884881019592285,2.969780683517456,0.4606374502182007,12,3,3,1,3,1,1,0.5094780921936035,0.0,0,contra,0.15,-1,244,105,CORRECT,0,0,0,0,7,0,0.509478,0.0,answer,
margin,live-delta,9,0.0,0.570371,0.581322,0.557731,0.707031,0.359348,0.509348,0.0,0.6546295881271362,0.6546295881271362,2.619790554046631,13.732847213745117,0.18321505188941956,20,3,3,1,3,1,1,0.5073654651641846,0.0,0,contra,0.15,-1,245,123,CORRECT,0,0,0,0,12,0,0.507365,0.0,answer,
margin,live-delta,9,0.0,0.570371,0.581322,0.557731,0.707031,0.359348,0.509348,0.0,0.8150866627693176,0.8150866627693176,1.1191366910934448,3.062209367752075,0.3325473368167877,20,3,3,1,3,1,1,0.3341427743434906,0.0,0,contra,0.15,-1,246,246,CORRECT,0,0,0,0,12,0,0.334143,0.0,answer,
margin,live-delta,9,0.0,0.570371,0.581322,0.557731,0.707031,0.359348,0.509348,0.052057862281799316,0.6668754816055298,0.6148176193237305,1.9856853485107422,7.2840375900268555,0.4763287901878357,20,3,3,1,3,1,1,0.2507654130458832,0.13160079717636108,2,contra,0.15,-1,247,116,CORRECT,0,0,0,0,12,0,0.250765,0.0,answer,
margin,live-delta,9,0.0,0.570371,0.581322,0.557731,0.707031,0.359348,0.509348,0.0,0.6920506358146667,0.6920506358146667,0.7252103686332703,2.0651655197143555,0.4978184998035431,7,3,2,0,3,1,1,0.5013089776039124,0.0,0,contra,0.15,-1,248,215,CORRECT,0,0,0,0,5,0,0.501309,0.0,answer,
margin,live-delta,9,0.0,0.570371,0.581322,0.557731,0.707031,0.359348,0.509348,0.041210323572158813,0.4416484236717224,0.4004381000995636,2.1300415992736816,8.415216445922852,0.3001067042350769,10,3,3,1,3,1,1,0.3567273020744324,0.06777369976043701,2,contra,0.15,-1,249,115,CORRECT,0,0,0,0,5,0,0.356727,0.0,answer,
margin,live-delta,9,0.0,0.570371,0.581322,0.557731,0.707031,0.359348,0.509348,0.0,0.4839929938316345,0.4839929938316345,2.4367666244506836,11.436003684997559,0.19701682031154633,19,3,3,1,3,1,1,0.507296085357666,0.0,0,contra,0.15,-1,250,246,CORRECT,0,0,0,0,12,0,0.474334,0.0,answer,
margin,live-delta,9,0.0,0.570371,0.581322,0.557731,0.707031,0.359348,0.509348,0.0,0.9193468689918518,0.9193468689918518,0.6931471824645996,2.0,0.5,2,3,2,0,2,0,1,0.5,0.0,0,contra,0.15,-1,251,215,CONTRADICTORY_STRICT,1,1,0,0,1,0,0.5,0.0,answer,
margin,live-delta,9,0.0,0.570371,0.581322,0.557731,0.707031,0.359348,0.509348,0.0,0.4110674560070038,0.4110674560070038,2.719064235687256,15.166123390197754,0.09169372171163559,16,3,2,0,3,1,1,0.530628502368927,0.0,0,contra,0.15,-1,252,136,CORRECT,0,0,0,0,8,0,0.530629,0.0,answer,
margin,live-delta,9,0.0,0.570371,0.581322,0.557731,0.707031,0.359348,0.509348,5.960464477539063e-08,0.558095395565033,0.5580953359603882,2.558833360671997,12.920734405517578,0.19620327651500702,20,3,3,1,3,1,1,0.5296889543533325,5.960464477539063e-08,0,contra,0.15,-1,253,123,CORRECT,0,0,0,0,11,0,0.529689,0.0,answer,
margin,live-delta,9,0.0,0.570371,0.581322,0.557731,0.707031,0.359348,0.509348,0.0,0.5217567086219788,0.5217567086219788,2.1916582584381104,8.950042724609375,0.2664581537246704,15,3,3,1,3,1,1,0.5470349788665771,0.0,0,contra,0.15,-1,254,102,CORRECT,0,0,0,0,8,0,0.547035,0.0,answer,
margin,live-delta,9,0.0,0.570371,0.581322,0.557731,0.707031,0.359348,0.509348,0.0,0.6134811043739319,0.6134811043739319,1.425824761390686,4.161288738250732,0.24809147417545319,6,3,1,0,1,0,1,0.748091459274292,0.0,0,contra,0.15,-1,255,150,CONTRADICTORY_STRICT,1,1,0,0,4,0,0.748091,0.0,answer,
margin,live-delta,10,0.0,0.572341,0.581322,0.576325,0.695312,0.363819,0.513819,0.0,0.6283859610557556,0.6283859610557556,2.5679049491882324,13.038479804992676,0.1305885761976242,20,0,0,1,2,0,1,0.6918455958366394,0.0,0,contra,0.15,-1,0,1,CONTRADICTORY_LENIENT,0,1,0,0,14,0,0.691846,0.0,answer,
margin,live-delta,10,0.0,0.572341,0.581322,0.576325,0.695312,0.363819,0.513819,0.0,0.538063645362854,0.538063645362854,2.687795877456665,14.699241638183594,0.12862539291381836,20,0,0,1,0,1,1,0.6503725647926331,0.0,0,contra,0.15,-1,1,20,CORRECT,0,0,0,0,12,0,0.650373,0.0,answer,
margin,live-delta,10,0.0,0.572341,0.581322,0.576325,0.695312,0.363819,0.513819,0.0,0.6435017585754395,0.6435017585754395,2.732248067855835,15.367395401000977,0.14032071828842163,20,0,3,0,2,0,1,0.7152997255325317,0.0,0,contra,0.15,-1,2,336,CONTRADICTORY_STRICT,1,1,0,0,15,0,0.7153,0.0,answer,
margin,live-delta,10,0.0,0.572341,0.581322,0.576325,0.695312,0.363819,0.513819,0.0,0.7017878293991089,0.7017878293991089,2.3806049823760986,10.811441421508789,0.22395110130310059,20,0,0,1,0,1,1,0.6097465753555298,0.0,0,contra,0.15,-1,3,11,CORRECT,0,0,0,0,13,0,0.609747,0.0,answer,
margin,live-delta,10,0.0,0.572341,0.581322,0.576325,0.695312,0.363819,0.513819,0.0,0.6306256651878357,0.6306256651878357,2.8682074546813965,17.605430603027344,0.07643229514360428,20,0,2,0,3,0,1,0.7492629289627075,0.0,0,contra,0.15,-1,4,165,CONTRADICTORY_STRICT,1,1,0,0,15,0,0.749263,0.0,answer,
margin,live-delta,10,0.0,0.572341,0.581322,0.576325,0.695312,0.363819,0.513819,0.0811147689819336,0.6353706121444702,0.5542558431625366,2.355987071990967,10.54853630065918,0.3860786557197571,20,0,0,1,0,1,1,0.4038630723953247,0.0811147689819336,2,contra,0.15,-1,5,13,CORRECT,0,0,0,0,13,0,0.403863,0.0,answer,
margin,live-delta,10,0.0,0.572341,0.581322,0.576325,0.695312,0.363819,0.513819,5.960464477539063e-08,0.6143373847007751,0.6143373250961304,2.7023844718933105,14.915254592895508,0.12169777601957321,20,0,2,0,1,0,1,0.7480320930480957,-5.960464477539063e-08,0,contra,0.15,-1,6,337,CONTRADICTORY_STRICT,1,1,0,0,14,0,0.748032,0.0,answer,
margin,live-delta,10,0.0,0.572341,0.581322,0.576325,0.695312,0.363819,0.513819,0.0,0.49529901146888733,0.49529901146888733,1.791759729385376,6.000001430511475,0.1666666716337204,6,0,3,0,1,0,1,0.8333333730697632,0.0,0,contra,0.15,-1,7,232,CONTRADICTORY_STRICT,1,1,0,0,5,0,0.833333,0.0,answer,
margin,live-delta,10,0.0,0.572341,0.581322,0.576325,0.695312,0.363819,0.513819,0.0,0.5491014122962952,0.5491014122962952,2.3266656398773193,10.243728637695312,0.19786980748176575,20,0,2,0,0,1,1,0.5538523197174072,0.0,0,contra,0.15,-1,8,149,CORRECT,0,0,0,0,11,0,0.553852,0.0,answer,
margin,live-delta,10,0.0,0.572341,0.581322,0.576325,0.695312,0.363819,0.513819,0.0,0.6821415424346924,0.6821415424346924,2.036304473876953,7.662240982055664,0.25098127126693726,20,0,3,0,0,1,1,0.6402217745780945,0.0,0,contra,0.15,-1,9,222,CORRECT,0,0,0,0,12,0,0.640222,0.0,answer,
margin,live-delta,10,0.0,0.572341,0.581322,0.576325,0.695312,0.363819,0.513819,0.0325850248336792,0.5376240611076355,0.5050390362739563,2.854191303253174,17.36039161682129,0.16625170409679413,20,0,0,1,0,1,1,0.558600664138794,0.0325850248336792,1,contra,0.15,-1,10,26,CORRECT,0,0,0,0,13,0,0.558601,0.0,answer,
margin,live-delta,10,0.0,0.572341,0.581322,0.576325,0.695312,0.363819,0.513819,0.0,0.5394497513771057,0.5394497513771057,2.719090461730957,15.166521072387695,0.1390371024608612,20,0,2,0,0,1,1,0.6386892795562744,0.0,0,contra,0.15,-1,11,224,CORRECT,0,0,0,0,11,0,0.594467,0.0,answer,
margin,live-delta,10,0.0,0.572341,0.581322,0.576325,0.695312,0.363819,0.513819,0.0,0.6589005589485168,0.6589005589485168,2.7359185218811035,15.423904418945312,0.09958264976739883,20,0,0,1,0,1,1,0.6405813694000244,0.0,0,contra,0.15,-1,12,20,CORRECT,0,0,0,0,13,0,0.640581,0.0,answer,
margin,live-delta,10,0.0,0.572341,0.581322,0.576325,0.695312,0.363819,0.513819,0.0,0.6025277972221375,0.6025277972221375,2.571406126022339,13.084209442138672,0.13796165585517883,20,0,0,1,0,1,1,0.6120961308479309,0.0,0,contra,0.15,-1,13,28,CORRECT,0,0,0,0,13,0,0.612096,0.0,answer,
margin,live-delta,10,0.0,0.572341,0.581322,0.576325,0.695312,0.363819,0.513819,0.0068146586418151855,0.6395174860954285,0.6327028274536133,2.4494712352752686,11.582221031188965,0.15890341997146606,20,0,0,1,0,1,1,0.5192955136299133,0.0068146586418151855,0,contra,0.15,-1,14,26,CORRECT,0,0,0,0,12,0,0.519296,0.0,answer,
margin,live-delta,10,0.0,0.572341,0.581322,0.576325,0.695312,0.363819,0.513819,0.0438503623008728,0.664881706237793,0.6210313439369202,2.629359722137451,13.864890098571777,0.23242054879665375,20,0,0,1,0,1,1,0.4836568236351013,0.0438503623008728,1,contra,0.15,-1,15,13,CORRECT,0,0,0,0,12,0,0.483657,0.0,answer,
margin,live-delta,10,0.0,0.572341,0.581322,0.576325,0.695312,0.363819,0.513819,0.0,0.5671543478965759,0.5671543478965759,2.9748411178588867,19.586511611938477,0.06799441576004028,20,0,3,0,0,1,1,0.6521415710449219,0.0,0,contra,0.15,-1,16,222,CORRECT,0,0,0,0,13,0,0.652142,0.0,answer,
margin,live-delta,10,0.0,0.572341,0.581322,0.576325,0.695312,0.363819,0.513819,0.0,0.6850572228431702,0.6850572228431702,2.7979259490966797,16.41057586669922,0.10285107046365738,20,0,3,0,2,0,1,0.7416366338729858,0.0,0,contra,0.15,-1,17,186,CONTRADICTORY_STRICT,1,1,0,0,15,0,0.741637,0.0,answer,
margin,live-delta,10,0.0,0.572341,0.581322,0.576325,0.695312,0.363819,0.513819,0.0,0.7553185224533081,0.7553185224533081,2.0190982818603516,7.531530380249023,0.2107267677783966,20,0,2,0,2,0,1,0.7467097640037537,0.0,0,contra,0.15,-1,18,305,CONTRADICTORY_STRICT,1,1,0,0,15,0,0.74671,0.0,answer,
margin,live-delta,10,0.0,0.572341,0.581322,0.576325,0.695312,0.363819,0.513819,0.0,0.7999752163887024,0.7999752163887024,1.6344077587127686,5.126420974731445,0.23858642578125,20,0,0,1,2,0,1,0.7472894787788391,0.0,0,contra,0.15,-1,19,30,CONTRADICTORY_LENIENT,0,1,0,0,14,0,0.747289,0.0,answer,
margin,live-delta,10,0.0,0.572341,0.581322,0.576325,0.695312,0.363819,0.513819,0.0,0.6305544376373291,0.6305544376373291,2.857992172241211,17.426502227783203,0.09406872093677521,20,0,3,0,0,1,1,0.5877468585968018,0.0,0,contra,0.15,-1,20,221,CORRECT,0,0,0,0,13,0,0.587747,0.0,answer,
margin,live-delta,10,0.0,0.572341,0.581322,0.576325,0.695312,0.363819,0.513819,0.0,0.7488837242126465,0.7488837242126465,1.9376051425933838,6.942105770111084,0.22227323055267334,20,0,3,0,0,1,1,0.5777361392974854,0.0,0,contra,0.15,-1,21,281,CORRECT,0,0,0,0,13,0,0.577736,0.0,answer,
margin,live-delta,10,0.0,0.572341,0.581322,0.576325,0.695312,0.363819,0.513819,0.0,0.697776734828949,0.697776734828949,2.374582290649414,10.746522903442383,0.15195482969284058,20,0,2,0,2,0,1,0.6964337229728699,0.0,0,contra,0.15,-1,22,260,CONTRADICTORY_STRICT,1,1,0,0,15,0,0.696434,0.0,answer,
margin,live-delta,10,0.0,0.572341,0.581322,0.576325,0.695312,0.363819,0.513819,0.0,0.6982559561729431,0.6982559561729431,2.495546817779541,12.128363609313965,0.15922439098358154,20,0,0,1,2,0,1,0.7245436906814575,0.0,0,contra,0.15,-1,23,1,CONTRADICTORY_LENIENT,0,1,0,0,15,0,0.724544,0.0,answer,
margin,live-delta,10,0.0,0.572341,0.581322,0.576325,0.695312,0.363819,0.513819,0.0,0.550545334815979,0.550545334815979,1.6385209560394287,5.147550582885742,0.2687455415725708,7,0,1,0,1,0,1,0.9734092354774475,-0.11566036939620972,0,contra,0.15,-1,24,33,CONTRADICTORY_LENIENT,0,1,0,0,4,0,0.648939,0.0,answer,
margin,live-delta,10,0.0,0.572341,0.581322,0.576325,0.695312,0.363819,0.513819,0.0,0.6313489079475403,0.6313489079475403,2.773571491241455,16.015731811523438,0.11364088207483292,20,0,2,0,0,1,1,0.6886624097824097,0.0,0,contra,0.15,-1,25,223,CORRECT,0,0,0,0,14,0,0.688662,0.0,answer,
margin,live-delta,10,0.0,0.572341,0.581322,0.576325,0.695312,0.363819,0.513819,0.0,0.5523542165756226,0.5523542165756226,2.642556667327881,14.049077033996582,0.12093197554349899,20,0,3,0,0,1,1,0.7029639482498169,0.0,0,contra,0.15,-1,26,173,CORRECT,0,0,0,0,13,0,0.702964,0.0,answer,
margin,live-delta,10,0.0,0.572341,0.581322,0.576325,0.695312,0.363819,0.513819,0.0,0.6731027364730835,0.6731027364730835,2.539926528930664,12.678739547729492,0.14199820160865784,20,0,2,0,2,0,1,0.7322198152542114,0.0,0,contra,0.15,-1,27,267,CONTRADICTORY_STRICT,1,1,0,0,14,0,0.73222,0.0,answer,
margin,live-delta,10,0.0,0.572341,0.581322,0.576325,0.695312,0.363819,0.513819,0.0,0.4923955500125885,0.4923955500125885,2.380204677581787,10.807114601135254,0.1469690501689911,13,0,1,0,1,0,1,0.8630958795547485,-0.03371754288673401,0,contra,0.15,-1,28,33,CONTRADICTORY_LENIENT,0,1,0,0,9,0,0.700195,0.0,answer,
margin,live-delta,10,0.0,0.572341,0.581322,0.576325,0.695312,0.363819,0.513819,0.0004004240036010742,0.529884934425354,0.5294845104217529,2.816601514816284,16.719932556152344,0.11222159117460251,20,0,0,1,0,1,1,0.5998921990394592,0.0004004240036010742,0,contra,0.15,-1,29,13,CORRECT,0,0,0,0,13,0,0.599892,0.0,answer,
margin,live-delta,10,0.0,0.572341,0.581322,0.576325,0.695312,0.363819,0.513819,0.0,0.6916114091873169,0.6916114091873169,2.5617706775665283,12.95874309539795,0.19214260578155518,20,0,2,0,2,0,1,0.6400973796844482,0.0,0,contra,0.15,-1,30,195,CONTRADICTORY_STRICT,1,1,0,0,14,0,0.640097,0.0,answer,
margin,live-delta,10,0.0,0.572341,0.581322,0.576325,0.695312,0.363819,0.513819,0.0,0.5836500525474548,0.5836500525474548,2.874756336212158,17.721105575561523,0.0927862748503685,20,0,2,0,2,0,1,0.7050356864929199,0.0,0,contra,0.15,-1,31,195,CONTRADICTORY_STRICT,1,1,0,0,14,0,0.705036,0.0,answer,
margin,live-delta,10,0.0,0.572341,0.581322,0.576325,0.695312,0.363819,0.513819,0.0,0.4375622570514679,0.4375622570514679,2.2685999870300293,9.66585922241211,0.11638107150793076,10,0,1,0,1,0,1,0.7677744030952454,0.0,0,contra,0.15,-1,32,271,CONTRADICTORY_STRICT,1,1,0,0,7,0,0.705818,0.0,answer,
margin,live-delta,10,0.0,0.572341,0.581322,0.576325,0.695312,0.363819,0.513819,0.0,0.6656931638717651,0.6656931638717651,2.5284476280212402,12.53403377532959,0.1486843228340149,20,0,0,1,0,1,1,0.6083728671073914,0.0,0,contra,0.15,-1,33,20,CORRECT,0,0,0,0,12,0,0.608373,0.0,answer,
margin,live-delta,10,0.0,0.572341,0.581322,0.576325,0.695312,0.363819,0.513819,0.0,0.6726762056350708,0.6726762056350708,2.459897756576538,11.703615188598633,0.15015920996665955,20,0,3,0,2,0,1,0.6970142126083374,0.0,0,contra,0.15,-1,34,144,CONTRADICTORY_STRICT,1,1,0,0,14,0,0.697014,0.0,answer,
margin,live-delta,10,0.0,0.572341,0.581322,0.576325,0.695312,0.363819,0.513819,0.0,0.6739566326141357,0.6739566326141357,2.1343257427215576,8.451346397399902,0.23217502236366272,20,0,1,0,0,1,1,0.6412261128425598,0.0,0,contra,0.15,-1,35,335,CORRECT,0,0,0,0,13,0,0.641226,0.0,answer,
margin,live-delta,10,0.0,0.572341,0.581322,0.576325,0.695312,0.363819,0.513819,0.0,0.6948245763778687,0.6948245763778687,2.3452672958374023,10.43606185913086,0.20220473408699036,20,0,0,1,0,1,1,0.632655918598175,0.0,0,contra,0.15,-1,36,12,CORRECT,0,0,0,0,12,0,0.632656,0.0,answer,
margin,live-delta,10,0.0,0.572341,0.581322,0.576325,0.695312,0.363819,0.513819,0.016531944274902344,0.5996270775794983,0.583095133304596,2.7632923126220703,15.851946830749512,0.13990002870559692,20,0,0,1,0,1,1,0.5890079140663147,0.016531944274902344,0,contra,0.15,-1,37,26,CORRECT,0,0,0,0,12,0,0.589008,0.0,answer,
margin,live-delta,10,0.0,0.572341,0.581322,0.576325,0.695312,0.363819,0.513819,0.0,0.5104827880859375,0.5104827880859375,2.971599578857422,19.523122787475586,0.07443889230489731,20,0,0,1,0,1,1,0.6976862549781799,0.0,0,contra,0.15,-1,38,28,CORRECT,0,0,0,0,14,0,0.697686,0.0,answer,
margin,live-delta,10,0.0,0.572341,0.581322,0.576325,0.695312,0.363819,0.513819,0.0,0.7156831622123718,0.7156831622123718,2.4825072288513184,11.97124195098877,0.23572172224521637,20,0,2,0,0,1,1,0.6097361445426941,0.0,0,contra,0.15,-1,39,195,CORRECT,0,0,0,0,14,0,0.609736,0.0,answer,
margin,live-delta,10,0.0,0.572341,0.581322,0.576325,0.695312,0.363819,0.513819,1.1920928955078125e-07,0.5193361043930054,0.5193359851837158,2.7138123512268066,15.086681365966797,0.1257544755935669,20,0,1,0,0,1,1,0.6267736554145813,-1.1920928955078125e-07,0,contra,0.15,-1,40,338,CORRECT,0,0,0,0,13,0,0.626774,0.0,answer,
margin,live-delta,10,0.0,0.572341,0.581322,0.576325,0.695312,0.363819,0.513819,0.0,0.5956895351409912,0.5956895351409912,2.7993149757385254,16.433385848999023,0.09485995024442673,20,0,2,0,2,0,1,0.7109414339065552,0.0,0,contra,0.15,-1,41,240,CONTRADICTORY_STRICT,1,1,0,0,14,0,0.710941,0.0,answer,
margin,live-delta,10,0.0,0.572341,0.581322,0.576325,0.695312,0.363819,0.513819,0.0,0.5080372095108032,0.5080372095108032,1.837077260017395,6.278162002563477,0.16454975306987762,7,0,2,0,2,0,1,0.6581990122795105,0.0,0,contra,0.15,-1,42,296,CONTRADICTORY_STRICT,1,1,0,0,4,0,0.658199,0.0,answer,
margin,live-delta,10,0.0,0.572341,0.581322,0.576325,0.695312,0.363819,0.513819,0.029343366622924805,0.5180602669715881,0.48871690034866333,2.538475513458252,12.660355567932129,0.22848068177700043,20,0,0,1,0,1,1,0.6684463620185852,0.029343366622924805,1,contra,0.15,-1,44,6,CORRECT,0,0,0,0,13,0,0.523468,0.0,answer,
margin,live-delta,10,0.0,0.572341,0.581322,0.576325,0.695312,0.363819,0.513819,0.0,0.7220957279205322,0.7220957279205322,1.816564679145813,6.150692462921143,0.22557967901229858,20,0,2,0,2,0,1,0.7323387265205383,0.0,0,contra,0.15,-1,45,305,CONTRADICTORY_STRICT,1,1,0,0,13,0,0.732339,0.0,answer,
margin,live-delta,10,0.0,0.572341,0.581322,0.576325,0.695312,0.363819,0.513819,0.0,0.5576402544975281,0.5576402544975281,2.934126615524292,18.805072784423828,0.07450361549854279,20,0,3,0,0,1,1,0.6261327266693115,0.0,0,contra,0.15,-1,46,221,CORRECT,0,0,0,0,13,0,0.626133,0.0,answer,
margin,live-delta,10,0.0,0.572341,0.581322,0.576325,0.695312,0.363819,0.513819,0.0,0.706577718257904,0.706577718257904,2.496180534362793,12.136052131652832,0.18690207600593567,20,0,0,1,2,0,1,0.6262611150741577,0.0,0,contra,0.15,-1,47,11,CONTRADICTORY_LENIENT,0,1,0,0,13,0,0.626261,0.0,answer,
margin,live-delta,10,0.0,0.572341,0.581322,0.576325,0.695312,0.363819,0.513819,0.0,0.4656926989555359,0.4656926989555359,2.8739662170410156,17.707109451293945,0.08480478078126907,20,0,0,1,2,0,1,0.6894578337669373,0.0,0,contra,0.15,-1,48,16,CONTRADICTORY_LENIENT,0,1,0,0,13,0,0.689458,0.0,answer,
margin,live-delta,10,0.0,0.572341,0.581322,0.576325,0.695312,0.363819,0.513819,0.0,0.6174630522727966,0.6174630522727966,2.960545301437378,19.30849838256836,0.06791562587022781,20,0,0,1,0,1,1,0.7039849758148193,0.0,0,contra,0.15,-1,49,18,CORRECT,0,0,0,0,14,0,0.703985,0.0,answer,
margin,live-delta,10,0.0,0.572341,0.581322,0.576325,0.695312,0.363819,0.513819,0.0,0.631973922252655,0.631973922252655,2.902233123779297,18.21477508544922,0.10286187380552292,20,0,0,1,0,1,1,0.6728526949882507,0.0,0,contra,0.15,-1,50,11,CORRECT,0,0,0,0,14,0,0.672853,0.0,answer,
margin,live-delta,10,0.0,0.572341,0.581322,0.576325,0.695312,0.363819,0.513819,0.0,0.6099201440811157,0.6099201440811157,2.6997950077056885,14.876681327819824,0.12646262347698212,20,0,3,0,2,0,1,0.709967851638794,0.0,0,contra,0.15,-1,51,186,CONTRADICTORY_STRICT,1,1,0,0,13,0,0.69286,0.0,answer,
margin,live-delta,10,0.0,0.572341,0.581322,0.576325,0.695312,0.363819,0.513819,0.0,0.6817590594291687,0.6817590594291687,2.6050801277160645,13.532309532165527,0.13825030624866486,20,0,2,0,2,0,1,0.7611628770828247,0.0,0,contra,0.15,-1,52,305,CONTRADICTORY_STRICT,1,1,0,0,15,0,0.761163,0.0,answer,
margin,live-delta,10,0.0,0.572341,0.581322,0.576325,0.695312,0.363819,0.513819,0.0,0.6125666499137878,0.6125666499137878,2.829526901245117,16.93744659423828,0.0913093313574791,20,0,3,0,3,0,1,0.7345026135444641,0.0,0,contra,0.15,-1,53,232,CONTRADICTORY_STRICT,1,1,0,0,13,0,0.734503,0.0,answer,
margin,live-delta,10,0.0,0.572341,0.581322,0.576325,0.695312,0.363819,0.513819,0.0,0.6817615628242493,0.6817615628242493,2.452322483062744,11.615291595458984,0.15190884470939636,20,0,2,0,2,0,1,0.7197141647338867,0.0,0,contra,0.15,-1,54,267,CONTRADICTORY_STRICT,1,1,0,0,14,0,0.719714,0.0,answer,
margin,live-delta,10,0.0,0.572341,0.581322,0.576325,0.695312,0.363819,0.513819,0.0,0.7112128734588623,0.7112128734588623,2.089784622192383,8.083173751831055,0.20562651753425598,20,0,2,0,2,0,1,0.7513741254806519,0.0,0,contra,0.15,-1,55,223,CONTRADICTORY_STRICT,1,1,0,0,15,0,0.751374,0.0,answer,
margin,live-delta,10,0.0,0.572341,0.581322,0.576325,0.695312,0.363819,0.513819,0.0,0.5435279607772827,0.5435279607772827,2.6553754806518555,14.230328559875488,0.13520930707454681,20,0,0,1,2,0,1,0.7066048383712769,0.0,0,contra,0.15,-1,56,1,CONTRADICTORY_LENIENT,0,1,0,0,14,0,0.706605,0.0,answer,
margin,live-delta,10,0.0,0.572341,0.581322,0.576325,0.695312,0.363819,0.513819,0.0,0.5289517045021057,0.5289517045021057,2.951111316680908,19.127199172973633,0.07377494871616364,20,0,3,0,0,1,1,0.7287642955780029,0.0,0,contra,0.15,-1,57,280,CORRECT,0,0,0,0,15,0,0.728764,0.0,answer,
margin,live-delta,10,0.0,0.572341,0.581322,0.576325,0.695312,0.363819,0.513819,0.0,0.5211616158485413,0.5211616158485413,2.8899598121643066,17.992586135864258,0.0979405865073204,20,0,3,0,0,1,1,0.6497779488563538,0.0,0,contra,0.15,-1,58,280,CORRECT,0,0,0,0,13,0,0.649778,0.0,answer,
margin,live-delta,10,0.0,0.572341,0.581322,0.576325,0.695312,0.363819,0.513819,0.0,0.7100707292556763,0.7100707292556763,2.5223159790039062,12.457414627075195,0.19629107415676117,20,0,0,1,2,0,1,0.6341985464096069,0.0,0,contra,0.15,-1,59,11,CONTRADICTORY_LENIENT,0,1,0,0,14,0,0.634199,0.0,answer,
margin,live-delta,10,0.0,0.572341,0.581322,0.576325,0.695312,0.363819,0.513819,0.0,0.4191456735134125,0.4191456735134125,2.95623779296875,19.225505828857422,0.07214955985546112,20,0,2,0,2,0,1,0.7053125500679016,0.0,0,contra,0.15,-1,60,129,CONTRADICTORY_STRICT,1,1,0,0,14,0,0.705313,0.0,answer,
margin,live-delta,10,0.0,0.572341,0.581322,0.576325,0.695312,0.363819,0.513819,0.0,0.7287241816520691,0.7287241816520691,2.262265682220459,9.604825973510742,0.13906660676002502,20,0,0,1,0,1,1,0.6117237210273743,0.0,0,contra,0.15,-1,61,25,CORRECT,0,0,0,0,12,0,0.611724,0.0,answer,
margin,live-delta,10,0.0,0.572341,0.581322,0.576325,0.695312,0.363819,0.513819,0.0,0.5500202775001526,0.5500202775001526,2.6650960445404053,14.369329452514648,0.13111138343811035,20,0,0,1,2,0,1,0.7101664543151855,0.0,0,contra,0.15,-1,62,16,CONTRADICTORY_LENIENT,0,1,0,0,14,0,0.710166,0.0,answer,
margin,live-delta,10,0.0,0.572341,0.581322,0.576325,0.695312,0.363819,0.513819,0.0,0.7022755146026611,0.7022755146026611,2.257575273513794,9.559881210327148,0.22482343018054962,20,0,1,0,2,0,1,0.666686475276947,0.0,0,contra,0.15,-1,63,201,CONTRADICTORY_STRICT,1,1,0,0,13,0,0.666686,0.0,answer,
margin,live-delta,10,0.0,0.572341,0.581322,0.576325,0.695312,0.363819,0.513819,0.0,0.6372043490409851,0.6372043490409851,2.6439261436462402,14.068329811096191,0.14974567294120789,20,1,1,1,1,1,1,0.48389220237731934,0.0,0,contra,0.15,-1,64,60,CORRECT,0,0,0,0,11,0,0.483892,0.0,answer,
margin,live-delta,10,0.0,0.572341,0.581322,0.576325,0.695312,0.363819,0.513819,0.0,0.7194734811782837,0.7194734811782837,2.432333469390869,11.385418891906738,0.14494381844997406,20,1,1,1,1,1,1,0.6197353005409241,0.0,0,contra,0.15,-1,65,168,CORRECT,0,0,0,0,13,0,0.619735,0.0,answer,
margin,live-delta,10,0.0,0.572341,0.581322,0.576325,0.695312,0.363819,0.513819,0.27114012837409973,0.7173919677734375,0.44625183939933777,0.1745453178882599,1.1907047033309937,0.9748755097389221,12,1,1,1,1,1,0,0.013139473274350166,0.27114012837409973,2,contra,0.15,-1,66,54,CORRECT,0,0,0,0,6,0,0.013139,0.0,answer,
margin,live-delta,10,0.0,0.572341,0.581322,0.576325,0.695312,0.363819,0.513819,0.0,0.6012977957725525,0.6012977957725525,2.8450543880462646,17.20249366760254,0.13028134405612946,20,1,1,1,1,1,1,0.550986111164093,0.0,0,contra,0.15,-1,67,42,CORRECT,0,0,0,0,12,0,0.550986,0.0,answer,
margin,live-delta,10,0.0,0.572341,0.581322,0.576325,0.695312,0.363819,0.513819,0.0,0.6864583492279053,0.6864583492279053,1.1564186811447144,3.1785295009613037,0.4557718336582184,20,1,3,0,1,1,1,0.5095705389976501,0.0,0,contra,0.15,-1,68,277,CORRECT,0,0,0,0,11,0,0.509571,0.0,answer,
margin,live-delta,10,0.0,0.572341,0.581322,0.576325,0.695312,0.363819,0.513819,0.026864051818847656,0.5847336053848267,0.557869553565979,2.752166748046875,15.676562309265137,0.20082607865333557,20,1,1,1,1,1,1,0.45240986347198486,0.05837792158126831,2,contra,0.15,-1,69,52,CORRECT,0,0,0,0,11,0,0.45241,0.0,answer,
margin,live-delta,10,0.0,0.572341,0.581322,0.576325,0.695312,0.363819,0.513819,0.0,0.6409651637077332,0.6409651637077332,1.8558694124221802,6.3972578048706055,0.3443477153778076,20,1,3,0,3,0,1,0.5479984283447266,0.0,0,contra,0.15,-1,70,277,CONTRADICTORY_STRICT,1,1,0,0,11,0,0.547998,0.0,answer,
margin,live-delta,10,0.0,0.572341,0.581322,0.576325,0.695312,0.363819,0.513819,0.0,0.5237218141555786,0.5237218141555786,2.5486021041870117,12.789213180541992,0.1324222981929779,20,1,1,1,1,1,1,0.6162323951721191,0.0,0,contra,0.15,-1,71,49,CORRECT,0,0,0,0,11,0,0.583543,0.0,answer,
margin,live-delta,10,0.0,0.572341,0.581322,0.576325,0.695312,0.363819,0.513819,0.0,0.7925995588302612,0.7925995588302612,1.6008415222167969,4.957202434539795,0.26508039236068726,20,1,3,0,1,1,1,0.557372510433197,0.0,0,contra,0.15,-1,72,311,CORRECT,0,0,0,0,10,0,0.557373,0.0,answer,
margin,live-delta,10,0.0,0.572341,0.581322,0.576325,0.695312,0.363819,0.513819,0.03947728872299194,0.4474477767944336,0.40797048807144165,2.6223249435424805,13.767695426940918,0.16961464285850525,15,1,1,1,1,1,1,0.5384258031845093,0.03947728872299194,1,contra,0.15,-1,73,35,CORRECT,0,0,0,0,8,0,0.506516,0.0,answer,
margin,live-delta,10,0.0,0.572341,0.581322,0.576325,0.695312,0.363819,0.513819,0.0,0.6300061345100403,0.6300061345100403,1.985098123550415,7.279761791229248,0.2154170721769333,17,1,3,0,1,1,1,0.5728232264518738,0.0,0,contra,0.15,-1,74,318,CORRECT,0,0,0,0,9,0,0.572823,0.0,answer,
margin,live-delta,10,0.0,0.572341,0.581322,0.576325,0.695312,0.363819,0.513819,0.0,0.6517993807792664,0.6517993807792664,2.4157655239105225,11.198339462280273,0.19392845034599304,20,1,1,1,1,1,1,0.4915981888771057,0.0,0,contra,0.15,-1,75,48,CORRECT,0,0,0,0,10,0,0.491598,0.0,answer,
margin,live-delta,10,0.0,0.572341,0.581322,0.576325,0.695312,0.363819,0.513819,0.006723284721374512,0.5870903134346008,0.5803670287132263,2.6706430912017822,14.449258804321289,0.1869986355304718,20,1,1,1,1,1,1,0.41146838665008545,0.04132211208343506,1,contra,0.15,-1,76,35,CORRECT,0,0,0,0,12,0,0.411468,0.0,answer,
margin,live-delta,10,0.0,0.572341,0.581322,0.576325,0.695312,0.363819,0.513819,0.0,0.4391583800315857,0.4391583800315857,2.2410008907318115,9.402737617492676,0.14621303975582123,10,1,1,1,1,1,1,0.3871902525424957,0.0,0,contra,0.15,-1,77,323,CORRECT,0,0,0,0,4,0,0.38719,0.0,answer,
margin,live-delta,10,0.0,0.572341,0.581322,0.576325,0.695312,0.363819,0.513819,0.0,0.4854973554611206,0.4854973554611206,2.6877169609069824,14.698081016540527,0.17085950076580048,20,1,1,1,1,1,1,0.49859747290611267,0.0,0,contra,0.15,-1,78,37,CORRECT,0,0,0,0,9,0,0.498597,0.0,answer,
margin,live-delta,10,0.0,0.572341,0.581322,0.576325,0.695312,0.363819,0.513819,0.0,0.43584972620010376,0.43584972620010376,2.6195201873779297,13.729134559631348,0.11015910655260086,15,1,1,1,1,1,1,0.6021539568901062,0.0,0,contra,0.15,-1,79,55,CORRECT,0,0,0,0,9,0,0.602154,0.0,answer,
margin,live-delta,10,0.0,0.572341,0.581322,0.576325,0.695312,0.363819,0.513819,0.0,0.580012857913971,0.580012857913971,2.4466161727905273,11.549200057983398,0.2246517390012741,20,1,0,0,2,0,1,0.9556431770324707,-0.1121707558631897,0,contra,0.15,-1,80,24,CONTRADICTORY_LENIENT,0,1,0,0,13,0,0.593274,0.0,answer,
margin,live-delta,10,0.0,0.572341,0.581322,0.576325,0.695312,0.363819,0.513819,0.0,0.6887730360031128,0.6887730360031128,2.036874532699585,7.666609764099121,0.2730770409107208,18,1,1,1,1,1,1,0.508709728717804,0.0,0,contra,0.15,-1,81,50,CORRECT,0,0,0,0,9,0,0.50871,0.0,answer,
margin,live-delta,10,0.0,0.572341,0.581322,0.576325,0.695312,0.363819,0.513819,0.0,0.675824761390686,0.675824761390686,2.05637788772583,7.817602157592773,0.3051575720310211,20,1,1,1,1,1,1,0.48460477590560913,0.0,0,contra,0.15,-1,82,61,CORRECT,0,0,0,0,10,0,0.484605,0.0,answer,
margin,live-delta,10,0.0,0.572341,0.581322,0.576325,0.695312,0.363819,0.513819,0.0,0.522896409034729,0.522896409034729,1.8497772216796875,6.358402729034424,0.29036855697631836,9,1,1,1,0,0,1,0.5722329616546631,0.0,0,contra,0.15,-1,83,42,CONTRADICTORY_LENIENT,0,1,0,0,5,0,0.572233,0.0,answer,
margin,live-delta,10,0.0,0.572341,0.581322,0.576325,0.695312,0.363819,0.513819,0.007027864456176758,0.595234215259552,0.5882063508033752,2.5670011043548584,13.026700019836426,0.1239117756485939,20,1,1,1,1,1,1,0.6159228682518005,0.007027864456176758,0,contra,0.15,-1,84,52,CORRECT,0,0,0,0,12,0,0.615923,0.0,answer,
margin,live-delta,10,0.0,0.572341,0.581322,0.576325,0.695312,0.363819,0.513819,0.002056121826171875,0.5324323177337646,0.5303761959075928,2.840097427368164,17.117433547973633,0.11834409087896347,20,1,1,1,1,1,1,0.5717973709106445,0.002056121826171875,0,contra,0.15,-1,85,41,CORRECT,0,0,0,0,12,0,0.510774,0.0,answer,
margin,live-delta,10,0.0,0.572341,0.581322,0.576325,0.695312,0.363819,0.513819,0.0,0.4904897212982178,0.4904897212982178,2.7400829792022705,15.488269805908203,0.13536855578422546,20,1,0,0,0,0,1,0.7575276494026184,-0.023021996021270752,0,contra,0.15,-1,86,25,CONTRADICTORY_LENIENT,0,1,0,0,11,0,0.47961,0.0,answer,
margin,live-delta,10,0.0,0.572341,0.581322,0.576325,0.695312,0.363819,0.513819,0.0,0.8589409589767456,0.8589409589767456,1.1394671201705933,3.1251025199890137,0.33158251643180847,20,1,0,0,1,1,1,0.6663417816162109,0.0,0,contra,0.15,-1,87,291,CORRECT,0,0,0,0,11,0,0.665942,0.0,answer,
margin,live-delta,10,0.0,0.572341,0.581322,0.576325,0.695312,0.363819,0.513819,0.0,0.6738309860229492,0.6738309860229492,1.9084093570709229,6.7423553466796875,0.2687068581581116,20,1,2,0,1,1,1,0.458858460187912,0.0,0,contra,0.15,-1,88,276,CORRECT,0,0,0,0,11,0,0.458858,0.0,answer,
margin,live-delta,10,0.0,0.572341,0.581322,0.576325,0.695312,0.363819,0.513819,0.01702946424484253,0.6745926737785339,0.6575632095336914,2.4070498943328857,11.101162910461426,0.200395867228508,20,1,1,1,1,1,1,0.4470461308956146,0.01702946424484253,0,contra,0.15,-1,89,39,CORRECT,0,0,0,0,10,0,0.447046,0.0,answer,
margin,live-delta,10,0.0,0.572341,0.581322,0.576325,0.695312,0.363819,0.513819,0.005663156509399414,0.6045350432395935,0.5988718867301941,2.5088322162628174,12.290569305419922,0.13864761590957642,20,1,1,1,1,1,1,0.491125226020813,0.005663156509399414,0,contra,0.15,-1,90,39,CORRECT,0,0,0,0,10,0,0.491125,0.0,answer,
margin,live-delta,10,0.0,0.572341,0.581322,0.576325,0.695312,0.363819,0.513819,0.0,0.5371400713920593,0.5371400713920593,2.8927788734436035,18.043380737304688,0.0809362605214119,20,1,3,0,1,1,1,0.6527083516120911,0.0,0,contra,0.15,-1,91,161,CORRECT,0,0,0,0,12,0,0.594355,0.0,answer,
margin,live-delta,10,0.0,0.572341,0.581322,0.576325,0.695312,0.363819,0.513819,0.0,0.46731051802635193,0.46731051802635193,1.8105016946792603,6.113513946533203,0.2538016736507416,9,1,1,1,1,1,1,0.5864738821983337,0.0,0,contra,0.15,-1,92,40,CORRECT,0,0,0,0,4,0,0.586474,0.0,answer,
margin,live-delta,10,0.0,0.572341,0.581322,0.576325,0.695312,0.363819,0.513819,0.0,0.5619375705718994,0.5619375705718994,2.550691604614258,12.815963745117188,0.20190666615962982,20,1,3,0,1,1,1,0.5040950179100037,0.0,0,contra,0.15,-1,93,277,CORRECT,0,0,0,0,11,0,0.504095,0.0,answer,
margin,live-delta,10,0.0,0.572341,0.581322,0.576325,0.695312,0.363819,0.513819,0.0,0.6266343593597412,0.6266343593597412,2.5749399662017822,13.130528450012207,0.13223759829998016,20,1,1,1,1,1,1,0.5307705402374268,0.0,0,contra,0.15,-1,94,61,CORRECT,0,0,0,0,11,0,0.530771,0.0,answer,
margin,live-delta,10,0.0,0.572341,0.581322,0.576325,0.695312,0.363819,0.513819,0.08536475896835327,0.604717493057251,0.5193527340888977,2.054398775100708,7.802145481109619,0.4621536433696747,20,1,1,1,1,1,1,0.32242289185523987,0.08536475896835327,2,contra,0.15,-1,95,41,CORRECT,0,0,0,0,10,0,0.322423,0.0,answer,
margin,live-delta,10,0.0,0.572341,0.581322,0.576325,0.695312,0.363819,0.513819,0.005658745765686035,0.6051054000854492,0.5994466543197632,2.6356425285339355,13.952274322509766,0.15611010789871216,20,1,1,1,1,1,1,0.3851189911365509,0.005658745765686035,0,contra,0.15,-1,96,54,CORRECT,0,0,0,0,10,0,0.385119,0.0,answer,
margin,live-delta,10,0.0,0.572341,0.581322,0.576325,0.695312,0.363819,0.513819,0.0,0.7184756994247437,0.7184756994247437,1.8003051280975342,6.0514936447143555,0.25756368041038513,20,1,3,0,1,1,1,0.6207407712936401,0.0,0,contra,0.15,-1,97,311,CORRECT,0,0,0,0,10,0,0.620741,0.0,answer,
margin,live-delta,10,0.0,0.572341,0.581322,0.576325,0.695312,0.363819,0.513819,0.0,0.582595705986023,0.582595705986023,2.223867416381836,9.243008613586426,0.16646333038806915,20,1,0,0,1,1,1,0.6113527417182922,0.0,0,contra,0.15,-1,98,199,CORRECT,0,0,0,0,13,0,0.611353,0.0,answer,
margin,live-delta,10,0.0,0.572341,0.581322,0.576325,0.695312,0.363819,0.513819,0.28284549713134766,0.7437992691993713,0.4609537720680237,0.15989404916763306,1.173386573791504,0.9771948456764221,13,1,1,1,1,1,0,0.01468829344958067,0.28284549713134766,2,contra,0.15,-1,99,41,CORRECT,0,0,0,0,7,0,0.014688,0.0,answer,
margin,live-delta,10,0.0,0.572341,0.581322,0.576325,0.695312,0.363819,0.513819,0.0,0.5988268256187439,0.5988268256187439,2.1977133750915527,9.004400253295898,0.15041570365428925,20,1,1,1,1,1,1,0.5773200392723083,0.0,0,contra,0.15,-1,100,61,CORRECT,0,0,0,0,13,0,0.57732,0.0,answer,
margin,live-delta,10,0.0,0.572341,0.581322,0.576325,0.695312,0.363819,0.513819,0.0,0.48883119225502014,0.48883119225502014,2.440265655517578,11.476089477539062,0.16799017786979675,17,1,3,0,3,0,1,0.9433225989341736,-0.08488726615905762,0,contra,0.15,-1,101,123,CONTRADICTORY_LENIENT,0,1,0,0,9,0,0.515737,0.0,answer,
margin,live-delta,10,0.0,0.572341,0.581322,0.576325,0.695312,0.363819,0.513819,0.0,0.6314265727996826,0.6314265727996826,2.6123788356781006,13.631439208984375,0.13039231300354004,20,1,2,0,2,0,1,0.7187382578849792,0.0,0,contra,0.15,-1,102,235,CONTRADICTORY_STRICT,1,1,0,0,13,0,0.718738,0.0,answer,
margin,live-delta,10,0.0,0.572341,0.581322,0.576325,0.695312,0.363819,0.513819,0.018510043621063232,0.6128389239311218,0.5943288803100586,2.0333588123321533,7.639703750610352,0.32029861211776733,20,1,1,1,1,1,1,0.3534674048423767,0.018510043621063232,0,contra,0.15,-1,103,54,CORRECT,0,0,0,0,11,0,0.353467,0.0,answer,
margin,live-delta,10,0.0,0.572341,0.581322,0.576325,0.695312,0.363819,0.513819,0.0,0.6102866530418396,0.6102866530418396,2.717902421951294,15.148513793945312,0.09759299457073212,20,1,3,0,3,0,1,0.6457880139350891,0.0,0,contra,0.15,-1,104,254,CONTRADICTORY_STRICT,1,1,0,0,14,0,0.645788,0.0,answer,
margin,live-delta,10,0.0,0.572341,0.581322,0.576325,0.695312,0.363819,0.513819,0.0,0.705420970916748,0.705420970916748,1.9553958177566528,7.066715717315674,0.24616046249866486,20,1,3,0,1,1,1,0.5946429967880249,0.0,0,contra,0.15,-1,105,311,CORRECT,0,0,0,0,10,0,0.594643,0.0,answer,
margin,live-delta,10,0.0,0.572341,0.581322,0.576325,0.695312,0.363819,0.513819,0.07959204912185669,0.7538836598396301,0.6742916107177734,1.7094919681549072,5.526153087615967,0.5348193049430847,20,1,1,1,1,1,1,0.2602720856666565,0.07959204912185669,2,contra,0.15,-1,106,39,CORRECT,0,0,0,0,10,0,0.260272,0.0,answer,
margin,live-delta,10,0.0,0.572341,0.581322,0.576325,0.695312,0.363819,0.513819,0.0,0.6172198057174683,0.6172198057174683,2.388413906097412,10.896198272705078,0.21677015721797943,20,1,0,0,1,1,1,0.5207334756851196,0.0,0,contra,0.15,-1,107,255,CORRECT,0,0,0,0,12,0,0.488676,0.0,answer,
margin,live-delta,10,0.0,0.572341,0.581322,0.576325,0.695312,0.363819,0.513819,0.0,0.6414546966552734,0.6414546966552734,2.5720062255859375,13.092063903808594,0.131698876619339,20,1,1,1,3,0,1,0.6144418716430664,0.0,0,contra,0.15,-1,108,49,CONTRADICTORY_LENIENT,0,1,0,0,12,0,0.614442,0.0,answer,
margin,live-delta,10,0.0,0.572341,0.581322,0.576325,0.695312,0.363819,0.513819,0.0,0.6084858775138855,0.6084858775138855,2.592884063720703,13.368270874023438,0.09514754265546799,20,1,1,1,1,1,1,0.6781613826751709,0.0,0,contra,0.15,-1,109,62,CORRECT,0,0,0,0,12,0,0.678161,0.0,answer,
margin,live-delta,10,0.0,0.572341,0.581322,0.576325,0.695312,0.363819,0.513819,0.0,0.6916086673736572,0.6916086673736572,2.1147875785827637,8.287824630737305,0.26783475279808044,18,1,1,1,1,1,1,0.45496001839637756,0.0,0,contra,0.15,-1,111,32,CORRECT,0,0,0,0,9,0,0.45496,0.0,answer,
margin,live-delta,10,0.0,0.572341,0.581322,0.576325,0.695312,0.363819,0.513819,0.0,0.6678102612495422,0.6678102612495422,2.5292506217956543,12.544102668762207,0.17015017569065094,20,1,3,0,3,0,1,0.6538830399513245,0.0,0,contra,0.15,-1,112,273,CONTRADICTORY_STRICT,1,1,0,0,12,0,0.653883,0.0,answer,
margin,live-delta,10,0.0,0.572341,0.581322,0.576325,0.695312,0.363819,0.513819,0.0,0.5232676267623901,0.5232676267623901,1.9444351196289062,6.989682197570801,0.1820223480463028,10,1,0,0,0,0,1,0.670275866985321,0.0,0,contra,0.15,-1,113,302,CONTRADICTORY_STRICT,1,1,0,0,5,0,0.670276,0.0,answer,
margin,live-delta,10,0.0,0.572341,0.581322,0.576325,0.695312,0.363819,0.513819,0.0,0.6705558896064758,0.6705558896064758,2.1259031295776367,8.380462646484375,0.2391108125448227,20,1,3,0,1,1,1,0.5484923124313354,0.0,0,contra,0.15,-1,114,277,CORRECT,0,0,0,0,10,0,0.548492,0.0,answer,
margin,live-delta,10,0.0,0.572341,0.581322,0.576325,0.695312,0.363819,0.513819,0.0,0.5355624556541443,0.5355624556541443,2.5937912464141846,13.380403518676758,0.16823530197143555,20,1,3,0,1,1,1,0.5962502360343933,0.0,0,contra,0.15,-1,115,159,CORRECT,0,0,0,0,10,0,0.546995,0.0,answer,
margin,live-delta,10,0.0,0.572341,0.581322,0.576325,0.695312,0.363819,0.513819,0.07225799560546875,0.6103099584579468,0.538051962852478,2.1993930339813232,9.019536972045898,0.38677242398262024,20,1,1,1,1,1,1,0.40056389570236206,0.07225799560546875,2,contra,0.15,-1,116,54,CORRECT,0,0,0,0,11,0,0.400564,0.0,answer,
margin,live-delta,10,0.0,0.572341,0.581322,0.576325,0.695312,0.363819,0.513819,0.0,0.670042097568512,0.670042097568512,2.213533639907837,9.147985458374023,0.1673935502767563,20,1,1,1,1,1,1,0.5848695635795593,0.0,0,contra,0.15,-1,117,168,CORRECT,0,0,0,0,11,0,0.58487,0.0,answer,
margin,live-delta,10,0.0,0.572341,0.581322,0.576325,0.695312,0.363819,0.513819,0.0,0.44668951630592346,0.44668951630592346,1.5623228549957275,4.769887924194336,0.2761642038822174,5,1,1,1,1,1,1,0.5746119022369385,0.0,0,contra,0.15,-1,118,48,CORRECT,0,0,0,0,3,0,0.574612,0.0,answer,
margin,live-delta,10,0.0,0.572341,0.581322,0.576325,0.695312,0.363819,0.513819,0.0,0.5582033395767212,0.5582033395767212,2.5415561199188232,12.699417114257812,0.1309412270784378,20,1,1,1,1,1,1,0.6228318214416504,0.0,0,contra,0.15,-1,119,168,CORRECT,0,0,0,0,11,0,0.612266,0.0,answer,
margin,live-delta,10,0.0,0.572341,0.581322,0.576325,0.695312,0.363819,0.513819,0.0,0.6123923659324646,0.6123923659324646,2.4500515460968018,11.588944435119629,0.1441589742898941,20,1,1,1,1,1,1,0.6051498055458069,0.0,0,contra,0.15,-1,120,57,CORRECT,0,0,0,0,12,0,0.60515,0.0,answer,
margin,live-delta,10,0.0,0.572341,0.581322,0.576325,0.695312,0.363819,0.513819,0.028531432151794434,0.6142705678939819,0.5857391357421875,2.5723907947540283,13.097099304199219,0.21596752107143402,20,1,1,1,1,1,1,0.514805018901825,0.028531432151794434,1,contra,0.15,-1,121,52,CORRECT,0,0,0,0,12,0,0.514805,0.0,answer,
margin,live-delta,10,0.0,0.572341,0.581322,0.576325,0.695312,0.363819,0.513819,0.04132509231567383,0.6418052911758423,0.6004801988601685,2.733898639678955,15.392781257629395,0.18766796588897705,20,1,1,1,1,1,1,0.566422700881958,0.04132509231567383,1,contra,0.15,-1,122,52,CORRECT,0,0,0,0,12,0,0.566423,0.0,answer,
margin,live-delta,10,0.0,0.572341,0.581322,0.576325,0.695312,0.363819,0.513819,0.0,0.5257062911987305,0.5257062911987305,1.8081934452056885,6.099418640136719,0.2719414532184601,14,1,0,0,1,1,1,0.6731561422348022,0.0,0,contra,0.15,-1,123,291,CORRECT,0,0,0,0,8,0,0.640694,0.0,answer,
margin,live-delta,10,0.0,0.572341,0.581322,0.576325,0.695312,0.363819,0.513819,0.0,0.7209793329238892,0.7209793329238892,2.3562519550323486,10.55133056640625,0.13798299431800842,20,1,1,1,2,0,1,0.7272986173629761,0.0,0,contra,0.15,-1,124,62,CONTRADICTORY_LENIENT,0,1,0,0,12,0,0.727299,0.0,answer,
margin,live-delta,10,0.0,0.572341,0.581322,0.576325,0.695312,0.363819,0.513819,0.0,0.5810360312461853,0.5810360312461853,2.587632894515991,13.298255920410156,0.1580338180065155,20,1,2,0,1,1,1,0.5642894506454468,0.0,0,contra,0.15,-1,125,250,CORRECT,0,0,0,0,11,0,0.564289,0.0,answer,
margin,live-delta,10,0.0,0.572341,0.581322,0.576325,0.695312,0.363819,0.513819,0.051419079303741455,0.7271186113357544,0.6756995320320129,1.484950304031372,4.414745807647705,0.4622417390346527,20,1,1,1,1,1,1,0.3547932207584381,0.051419079303741455,2,contra,0.15,-1,126,41,CORRECT,0,0,0,0,11,0,0.354793,0.0,answer,
margin,live-delta,10,0.0,0.572341,0.581322,0.576325,0.695312,0.363819,0.513819,0.0,0.7880293130874634,0.7880293130874634,1.3825398683547974,3.9850101470947266,0.31317371129989624,20,1,1,1,1,1,1,0.6539936065673828,0.0,0,contra,0.15,-1,127,40,CORRECT,0,0,0,0,10,0,0.653994,0.0,answer,
margin,live-delta,10,0.0,0.572341,0.581322,0.576325,0.695312,0.363819,0.513819,0.0,0.5415035486221313,0.5415035486221313,2.805487632751465,16.535137176513672,0.13906553387641907,20,2,2,1,2,1,1,0.4769684076309204,0.0,0,contra,0.15,-1,128,66,CORRECT,0,0,0,0,9,0,0.476968,0.0,answer,
margin,live-delta,10,0.0,0.572341,0.581322,0.576325,0.695312,0.363819,0.513819,0.0,0.5951765775680542,0.5951765775680542,2.6421544551849365,14.043427467346191,0.15613774955272675,20,2,2,1,1,0,1,0.5598788857460022,0.0,0,contra,0.15,-1,129,66,CONTRADICTORY_LENIENT,0,1,0,0,12,0,0.559879,0.0,answer,
margin,live-delta,10,0.0,0.572341,0.581322,0.576325,0.695312,0.363819,0.513819,0.041772425174713135,0.5690668821334839,0.5272944569587708,2.880033016204834,17.814861297607422,0.13603654503822327,20,2,2,1,2,1,1,0.4570937156677246,0.041772425174713135,1,contra,0.15,-1,130,81,CORRECT,0,0,0,0,9,0,0.457094,0.0,answer,
margin,live-delta,10,0.0,0.572341,0.581322,0.576325,0.695312,0.363819,0.513819,0.0,0.40967702865600586,0.40967702865600586,1.3761757612228394,3.9597296714782715,0.2855042517185211,4,2,2,1,1,0,1,0.5,0.0,0,contra,0.15,-1,132,71,CONTRADICTORY_LENIENT,0,1,0,0,2,0,0.5,0.0,answer,
margin,live-delta,10,0.0,0.572341,0.581322,0.576325,0.695312,0.363819,0.513819,0.0,0.7438898086547852,0.7438898086547852,1.5723743438720703,4.8180742263793945,0.37488532066345215,20,2,1,0,2,1,1,0.5205995440483093,0.0,0,contra,0.15,-1,133,285,CORRECT,0,0,0,0,12,0,0.5206,0.0,answer,
margin,live-delta,10,0.0,0.572341,0.581322,0.576325,0.695312,0.363819,0.513819,0.09667551517486572,0.7966055274009705,0.6999300122261047,1.6817946434020996,5.375194072723389,0.5792485475540161,20,2,2,1,2,1,1,0.20248264074325562,0.10837900638580322,2,contra,0.15,-1,134,86,CORRECT,0,0,0,0,11,0,0.202483,0.0,answer,
margin,live-delta,10,0.0,0.572341,0.581322,0.576325,0.695312,0.363819,0.513819,0.0,0.5892134308815002,0.5892134308815002,2.050570249557495,7.772332191467285,0.23043565452098846,20,2,2,1,2,1,1,0.5587722063064575,0.0,0,contra,0.15,-1,135,91,CORRECT,0,0,0,0,9,0,0.558772,0.0,answer,
margin,live-delta,10,0.0,0.572341,0.581322,0.576325,0.695312,0.363819,0.513819,0.0,0.6251969933509827,0.6251969933509827,2.6395254135131836,14.00655460357666,0.1913689523935318,20,2,2,1,2,1,1,0.48266080021858215,0.0,0,contra,0.15,-1,136,84,CORRECT,0,0,0,0,9,0,0.482661,0.0,answer,
margin,live-delta,10,0.0,0.572341,0.581322,0.576325,0.695312,0.363819,0.513819,0.0,0.4245971441268921,0.4245971441268921,1.5737355947494507,4.824637413024902,0.22469297051429749,5,2,2,1,2,1,1,0.44938594102859497,0.0,0,contra,0.15,-1,137,169,CORRECT,0,0,0,0,2,0,0.449386,0.0,answer,
margin,live-delta,10,0.0,0.572341,0.581322,0.576325,0.695312,0.363819,0.513819,0.0,0.41997987031936646,0.41997987031936646,2.7804360389709473,16.12605094909668,0.09912719577550888,17,2,2,1,2,1,1,0.5157191157341003,0.0,0,contra,0.15,-1,138,85,CORRECT,0,0,0,0,9,0,0.515719,0.0,answer,
margin,live-delta,10,0.0,0.572341,0.581322,0.576325,0.695312,0.363819,0.513819,0.028989017009735107,0.6016455292701721,0.572656512260437,2.4316294193267822,11.377405166625977,0.22551292181015015,20,2,2,1,2,1,1,0.4382350742816925,0.028989017009735107,1,contra,0.15,-1,139,64,CORRECT,0,0,0,0,10,0,0.438235,0.0,answer,
margin,live-delta,10,0.0,0.572341,0.581322,0.576325,0.695312,0.363819,0.513819,0.0,0.6501257419586182,0.6501257419586182,2.048717975616455,7.757948875427246,0.18210966885089874,16,2,0,0,2,1,1,0.684148371219635,0.0,0,contra,0.15,-1,140,233,CORRECT,0,0,0,0,9,0,0.684148,0.0,answer,
margin,live-delta,10,0.0,0.572341,0.581322,0.576325,0.695312,0.363819,0.513819,0.047999441623687744,0.6712274551391602,0.6232280135154724,2.2987782955169678,9.962004661560059,0.32778534293174744,20,2,2,1,2,1,1,0.39387303590774536,0.047999441623687744,1,contra,0.15,-1,141,86,CORRECT,0,0,0,0,10,0,0.393873,0.0,answer,
margin,live-delta,10,0.0,0.572341,0.581322,0.576325,0.695312,0.363819,0.513819,0.0,0.5701974630355835,0.5701974630355835,2.8282392024993896,16.9156494140625,0.10040970891714096,20,2,2,1,2,1,1,0.46110180020332336,0.0,0,contra,0.15,-1,142,65,CORRECT,0,0,0,0,10,0,0.461102,0.0,answer,
margin,live-delta,10,0.0,0.572341,0.581322,0.576325,0.695312,0.363819,0.513819,0.0,0.4765753746032715,0.4765753746032715,2.8606479167938232,17.47284507751465,0.11033841967582703,20,2,2,1,2,1,1,0.4856293201446533,0.0,0,contra,0.15,-1,143,91,CORRECT,0,0,0,0,10,0,0.485629,0.0,answer,
margin,live-delta,10,0.0,0.572341,0.581322,0.576325,0.695312,0.363819,0.513819,0.0,0.5023441314697266,0.5023441314697266,1.1997301578521729,3.319221019744873,0.4269060492515564,6,2,1,0,2,1,1,0.48281747102737427,0.0,0,contra,0.15,-1,144,301,CORRECT,0,0,0,0,3,0,0.482817,0.0,answer,
margin,live-delta,10,0.0,0.572341,0.581322,0.576325,0.695312,0.363819,0.513819,0.06751570105552673,0.5056645274162292,0.4381488263607025,1.967606782913208,7.153535842895508,0.38451582193374634,10,2,2,1,2,1,1,0.356719046831131,0.06751570105552673,2,contra,0.15,-1,145,88,CORRECT,0,0,0,0,5,0,0.356719,0.0,answer,
margin,live-delta,10,0.0,0.572341,0.581322,0.576325,0.695312,0.363819,0.513819,0.0006460845470428467,0.4003845751285553,0.39973849058151245,2.589757204055786,13.32653522491455,0.10697950422763824,14,2,2,1,2,1,1,0.48559829592704773,0.0006460845470428467,0,contra,0.15,-1,146,88,CORRECT,0,0,0,0,7,0,0.485598,0.0,answer,
margin,live-delta,10,0.0,0.572341,0.581322,0.576325,0.695312,0.363819,0.513819,0.0,0.5993673205375671,0.5993673205375671,2.290210485458374,9.877016067504883,0.20366880297660828,20,2,2,1,2,1,1,0.549451470375061,0.0,0,contra,0.15,-1,147,91,CORRECT,0,0,0,0,9,0,0.549451,0.0,answer,
margin,live-delta,10,0.0,0.572341,0.581322,0.576325,0.695312,0.363819,0.513819,0.003406345844268799,0.5392884612083435,0.5358821153640747,2.7542355060577393,15.709027290344238,0.12938451766967773,20,2,2,1,2,1,1,0.4805013835430145,0.003406345844268799,0,contra,0.15,-1,148,78,CORRECT,0,0,0,0,10,0,0.480501,0.0,answer,
margin,live-delta,10,0.0,0.572341,0.581322,0.576325,0.695312,0.363819,0.513819,0.0,0.6592262983322144,0.6592262983322144,1.8576492071151733,6.408653736114502,0.339691698551178,20,2,2,1,2,1,1,0.5170896649360657,0.0,0,contra,0.15,-1,149,91,CORRECT,0,0,0,0,9,0,0.51709,0.0,answer,
margin,live-delta,10,0.0,0.572341,0.581322,0.576325,0.695312,0.363819,0.513819,0.0,0.6503852605819702,0.6503852605819702,2.8163199424743652,16.715225219726562,0.08226627856492996,20,2,2,1,2,1,1,0.5428377389907837,0.0,0,contra,0.15,-1,150,66,CORRECT,0,0,0,0,10,0,0.542838,0.0,answer,
margin,live-delta,10,0.0,0.572341,0.581322,0.576325,0.695312,0.363819,0.513819,0.0,0.5065252184867859,0.5065252184867859,2.5992350578308105,13.453442573547363,0.19496740400791168,20,2,2,1,2,1,1,0.44002342224121094,0.0,0,contra,0.15,-1,151,85,CORRECT,0,0,0,0,9,0,0.440023,0.0,answer,
margin,live-delta,10,0.0,0.572341,0.581322,0.576325,0.695312,0.363819,0.513819,0.0,0.6035950779914856,0.6035950779914856,1.0986123085021973,3.0,0.3333333432674408,3,2,3,0,0,0,1,0.6666666865348816,0.0,0,contra,0.15,-1,152,269,CONTRADICTORY_STRICT,1,1,0,0,2,0,0.666667,0.0,answer,
margin,live-delta,10,0.0,0.572341,0.581322,0.576325,0.695312,0.363819,0.513819,0.0,0.574760377407074,0.574760377407074,2.7576041221618652,15.762033462524414,0.14598560333251953,20,2,2,1,2,1,1,0.4950023889541626,0.0,0,contra,0.15,-1,153,94,CORRECT,0,0,0,0,10,0,0.495002,0.0,answer,
margin,live-delta,10,0.0,0.572341,0.581322,0.576325,0.695312,0.363819,0.513819,0.010171353816986084,0.39511168003082275,0.38494032621383667,2.2989113330841064,9.963330268859863,0.12341075390577316,10,2,2,1,2,1,1,0.5873892307281494,0.010171353816986084,0,contra,0.15,-1,155,64,CORRECT,0,0,0,0,6,0,0.587389,0.0,answer,
margin,live-delta,10,0.0,0.572341,0.581322,0.576325,0.695312,0.363819,0.513819,0.0,0.4113556444644928,0.4113556444644928,0.6931471824645996,2.0,0.5,2,2,3,0,2,1,1,0.5,0.0,0,contra,0.15,-1,156,259,CORRECT,0,0,0,0,1,0,0.5,0.0,answer,
margin,live-delta,10,0.0,0.572341,0.581322,0.576325,0.695312,0.363819,0.513819,0.0,0.6391476988792419,0.6391476988792419,2.6507112979888916,14.16411018371582,0.18432854115962982,20,2,2,1,2,1,1,0.4546419084072113,0.0,0,contra,0.15,-1,157,94,CORRECT,0,0,0,0,10,0,0.454642,0.0,answer,
margin,live-delta,10,0.0,0.572341,0.581322,0.576325,0.695312,0.363819,0.513819,0.0,0.5680897235870361,0.5680897235870361,2.4726009368896484,11.853236198425293,0.24612605571746826,20,2,1,0,2,1,1,0.5063719153404236,0.0,0,contra,0.15,-1,158,301,CORRECT,0,0,0,0,10,0,0.506372,0.0,answer,
margin,live-delta,10,0.0,0.572341,0.581322,0.576325,0.695312,0.363819,0.513819,0.18490827083587646,0.7387069463729858,0.5537986755371094,0.6936938166618347,2.001093626022339,0.8746424317359924,20,2,2,1,2,1,0,0.07726506888866425,0.18490827083587646,2,contra,0.15,-1,159,68,CORRECT,0,0,0,0,11,0,0.077265,0.0,answer,
margin,live-delta,10,0.0,0.572341,0.581322,0.576325,0.695312,0.363819,0.513819,0.0,0.5577472448348999,0.5577472448348999,2.2832727432250977,9.80872917175293,0.2258448600769043,20,2,0,0,2,1,1,0.5450484156608582,0.0,0,contra,0.15,-1,160,265,CORRECT,0,0,0,0,10,0,0.545048,0.0,answer,
margin,live-delta,10,0.0,0.572341,0.581322,0.576325,0.695312,0.363819,0.513819,0.0,0.4709516167640686,0.4709516167640686,2.7191035747528076,15.166720390319824,0.11820016801357269,18,2,1,0,2,1,1,0.47715818881988525,0.0,0,contra,0.15,-1,161,184,CORRECT,0,0,0,0,8,0,0.477158,0.0,answer,
margin,live-delta,10,0.0,0.572341,0.581322,0.576325,0.695312,0.363819,0.513819,0.0,0.6567572355270386,0.6567572355270386,1.1518971920013428,3.1641902923583984,0.4541480541229248,15,2,2,1,2,1,1,0.5140921473503113,0.0,0,contra,0.15,-1,162,93,CORRECT,0,0,0,0,9,0,0.514092,0.0,answer,
margin,live-delta,10,0.0,0.572341,0.581322,0.576325,0.695312,0.363819,0.513819,0.0,0.574068546295166,0.574068546295166,2.7267041206359863,15.282434463500977,0.12296763062477112,20,2,1,0,2,1,1,0.5245155096054077,0.0,0,contra,0.15,-1,163,304,CORRECT,0,0,0,0,11,0,0.524516,0.0,answer,
margin,live-delta,10,0.0,0.572341,0.581322,0.576325,0.695312,0.363819,0.513819,0.0,0.6889474987983704,0.6889474987983704,0.7613341808319092,2.1411309242248535,0.49510419368743896,10,2,2,1,2,1,1,0.5009098649024963,0.0,0,contra,0.15,-1,164,93,CORRECT,0,0,0,0,6,0,0.50091,0.0,answer,
margin,live-delta,10,0.0,0.572341,0.581322,0.576325,0.695312,0.363819,0.513819,0.08025693893432617,0.6881221532821655,0.6078652143478394,2.610483407974243,13.605626106262207,0.3073898255825043,20,2,2,1,2,1,1,0.3769211769104004,0.08025693893432617,2,contra,0.15,-1,165,86,CORRECT,0,0,0,0,11,0,0.376921,0.0,answer,
margin,live-delta,10,0.0,0.572341,0.581322,0.576325,0.695312,0.363819,0.513819,0.0,0.4756857752799988,0.4756857752799988,2.031855821609497,7.62822961807251,0.18999119102954865,10,2,3,0,2,1,1,0.6899911165237427,0.0,0,contra,0.15,-1,166,219,CORRECT,0,0,0,0,6,0,0.689991,0.0,answer,
margin,live-delta,10,0.0,0.572341,0.581322,0.576325,0.695312,0.363819,0.513819,0.0,0.3853720426559448,0.3853720426559448,1.7893376350402832,5.9854865074157715,0.17948243021965027,6,2,2,1,2,1,1,0.5100256204605103,0.0,0,contra,0.15,-1,167,93,CORRECT,0,0,0,0,3,0,0.510026,0.0,answer,
margin,live-delta,10,0.0,0.572341,0.581322,0.576325,0.695312,0.363819,0.513819,0.0,0.3759671151638031,0.3759671151638031,0.6931471824645996,2.0,0.5,2,2,2,1,2,1,1,0.5,0.0,0,contra,0.15,-1,168,93,CORRECT,0,0,0,0,1,0,0.5,0.0,answer,
margin,live-delta,10,0.0,0.572341,0.581322,0.576325,0.695312,0.363819,0.513819,0.0,0.6072017550468445,0.6072017550468445,2.608185052871704,13.57439136505127,0.1309603899717331,20,2,1,0,2,1,1,0.5683184862136841,0.0,0,contra,0.15,-1,169,157,CORRECT,0,0,0,0,10,0,0.568318,0.0,answer,
margin,live-delta,10,0.0,0.572341,0.581322,0.576325,0.695312,0.363819,0.513819,0.018336057662963867,0.4837937653064728,0.4654577076435089,2.2810423374176025,9.786876678466797,0.23828822374343872,13,2,2,1,2,1,1,0.3945044279098511,0.018336057662963867,0,contra,0.15,-1,170,68,CORRECT,0,0,0,0,6,0,0.394504,0.0,answer,
margin,live-delta,10,0.0,0.572341,0.581322,0.576325,0.695312,0.363819,0.513819,0.03160598874092102,0.42073097825050354,0.3891249895095825,1.0498273372650146,2.8571577072143555,0.48474785685539246,3,2,2,1,2,1,1,0.25762608647346497,0.03160598874092102,1,contra,0.15,-1,172,88,CORRECT,0,0,0,0,1,0,0.257626,0.0,answer,
margin,live-delta,10,0.0,0.572341,0.581322,0.576325,0.695312,0.363819,0.513819,0.0,0.5705028176307678,0.5705028176307678,2.899430990219116,18.163806915283203,0.1068078875541687,20,2,3,0,2,1,1,0.5085734724998474,0.0,0,contra,0.15,-1,173,239,CORRECT,0,0,0,0,10,0,0.508573,0.0,answer,
margin,live-delta,10,0.0,0.572341,0.581322,0.576325,0.695312,0.363819,0.513819,0.0,0.4979991614818573,0.4979991614818573,2.7305450439453125,15.341246604919434,0.1692969650030136,20,2,2,1,2,1,1,0.5640803575515747,0.0,0,contra,0.15,-1,174,65,CORRECT,0,0,0,0,12,0,0.56408,0.0,answer,
margin,live-delta,10,0.0,0.572341,0.581322,0.576325,0.695312,0.363819,0.513819,0.0024803578853607178,0.4129861891269684,0.41050583124160767,2.364778995513916,10.64168643951416,0.11910455673933029,11,2,2,1,2,1,1,0.5537880659103394,0.0024803578853607178,0,contra,0.15,-1,176,88,CORRECT,0,0,0,0,6,0,0.553788,0.0,answer,
margin,live-delta,10,0.0,0.572341,0.581322,0.576325,0.695312,0.363819,0.513819,0.12175902724266052,0.6065850257873535,0.484825998544693,1.786820411682129,5.9704389572143555,0.595949113368988,20,2,2,1,2,1,1,0.16873492300510406,0.12190032005310059,2,contra,0.15,-1,177,78,CORRECT,0,0,0,0,9,0,0.168735,0.0,answer,
margin,live-delta,10,0.0,0.572341,0.581322,0.576325,0.695312,0.363819,0.513819,0.0,0.5802474617958069,0.5802474617958069,2.701192855834961,14.897491455078125,0.1169983446598053,20,2,1,0,1,0,1,0.5560746192932129,0.0,0,contra,0.15,-1,179,310,CONTRADICTORY_STRICT,1,1,0,0,10,0,0.556075,0.0,answer,
margin,live-delta,10,0.0,0.572341,0.581322,0.576325,0.695312,0.363819,0.513819,0.0029421746730804443,0.4807736277580261,0.4778314530849457,2.748806953430176,15.623980522155762,0.11288877576589584,20,2,2,1,2,1,1,0.5390357971191406,0.0029421746730804443,0,contra,0.15,-1,180,64,CORRECT,0,0,0,0,10,0,0.539036,0.0,answer,
margin,live-delta,10,0.0,0.572341,0.581322,0.576325,0.695312,0.363819,0.513819,1.1920928955078125e-07,0.6918321847915649,0.6918320655822754,2.2772011756896973,9.74935531616211,0.1729404628276825,20,2,1,0,0,0,1,0.6723721623420715,-1.1920928955078125e-07,0,contra,0.15,-1,181,342,CONTRADICTORY_STRICT,1,1,0,0,10,0,0.672372,0.0,answer,
margin,live-delta,10,0.0,0.572341,0.581322,0.576325,0.695312,0.363819,0.513819,0.012425124645233154,0.45632970333099365,0.4439045786857605,2.5871450901031494,13.291770935058594,0.156218022108078,15,2,2,1,2,1,1,0.4392734467983246,0.012425124645233154,0,contra,0.15,-1,182,64,CORRECT,0,0,0,0,7,0,0.439273,0.0,answer,
margin,live-delta,10,0.0,0.572341,0.581322,0.576325,0.695312,0.363819,0.513819,0.0,0.36534959077835083,0.36534959077835083,0.6931471824645996,2.0,0.5,2,2,1,0,1,0,1,0.5,0.0,0,contra,0.15,-1,183,170,CONTRADICTORY_STRICT,1,1,0,0,1,0,0.5,0.0,answer,
margin,live-delta,10,0.0,0.572341,0.581322,0.576325,0.695312,0.363819,0.513819,0.0,0.551082193851471,0.551082193851471,2.712207794189453,15.062493324279785,0.17747466266155243,20,2,2,1,2,1,1,0.4876253008842468,0.0,0,contra,0.15,-1,184,66,CORRECT,0,0,0,0,10,0,0.487625,0.0,answer,
margin,live-delta,10,0.0,0.572341,0.581322,0.576325,0.695312,0.363819,0.513819,0.0,0.5307070016860962,0.5307070016860962,1.395470380783081,4.036872863769531,0.40354838967323303,8,2,2,1,2,1,1,0.5321505069732666,0.0,0,contra,0.15,-1,185,84,CORRECT,0,0,0,0,5,0,0.532151,0.0,answer,
margin,live-delta,10,0.0,0.572341,0.581322,0.576325,0.695312,0.363819,0.513819,0.0,0.6895368099212646,0.6895368099212646,2.4858784675598145,12.011667251586914,0.13022936880588531,20,2,1,0,2,1,1,0.6371066570281982,0.0,0,contra,0.15,-1,186,275,CORRECT,0,0,0,0,12,0,0.637107,0.0,answer,
margin,live-delta,10,0.0,0.572341,0.581322,0.576325,0.695312,0.363819,0.513819,0.0,0.46566590666770935,0.46566590666770935,1.9504497051239014,7.031849384307861,0.20218874514102936,10,2,2,1,2,1,1,0.5019479990005493,0.0,0,contra,0.15,-1,188,169,CORRECT,0,0,0,0,5,0,0.501948,0.0,answer,
margin,live-delta,10,0.0,0.572341,0.581322,0.576325,0.695312,0.363819,0.513819,0.0,0.574927806854248,0.574927806854248,2.3752830028533936,10.754055976867676,0.21963952481746674,20,2,1,0,2,1,1,0.5983914732933044,0.0,0,contra,0.15,-1,189,212,CORRECT,0,0,0,0,10,0,0.598391,0.0,answer,
margin,live-delta,10,0.0,0.572341,0.581322,0.576325,0.695312,0.363819,0.513819,0.0,0.5638655424118042,0.5638655424118042,2.6431102752685547,14.056856155395508,0.1524915099143982,20,2,1,0,2,1,1,0.5880144834518433,0.0,0,contra,0.15,-1,190,314,CORRECT,0,0,0,0,10,0,0.588014,0.0,answer,
margin,live-delta,10,0.0,0.572341,0.581322,0.576325,0.695312,0.363819,0.513819,0.005952358245849609,0.555470883846283,0.5495185256004333,2.6535940170288086,14.204999923706055,0.16367073357105255,20,2,2,1,2,1,1,0.4469979405403137,0.005952358245849609,0,contra,0.15,-1,191,86,CORRECT,0,0,0,0,10,0,0.446998,0.0,answer,
margin,live-delta,10,0.0,0.572341,0.581322,0.576325,0.695312,0.363819,0.513819,0.0,0.7158771753311157,0.7158771753311157,2.795153856277466,16.36514663696289,0.11435144394636154,20,3,2,0,2,0,1,0.6821839213371277,0.0,0,contra,0.15,-1,192,315,CONTRADICTORY_STRICT,1,1,0,0,14,0,0.682184,0.0,answer,
margin,live-delta,10,0.0,0.572341,0.581322,0.576325,0.695312,0.363819,0.513819,0.10260394215583801,0.5292460918426514,0.42664214968681335,2.1539664268493652,8.618977546691895,0.4629482328891754,18,3,3,1,3,1,1,0.38583680987358093,0.10260394215583801,2,contra,0.15,-1,193,124,CORRECT,0,0,0,0,12,0,0.385837,0.0,answer,
margin,live-delta,10,0.0,0.572341,0.581322,0.576325,0.695312,0.363819,0.513819,0.004106700420379639,0.43997180461883545,0.4358651041984558,2.753666400909424,15.700089454650879,0.09654838591814041,17,3,3,1,3,1,1,0.5771355032920837,0.004106700420379639,0,contra,0.15,-1,194,124,CORRECT,0,0,0,0,10,0,0.577136,0.0,answer,
margin,live-delta,10,0.0,0.572341,0.581322,0.576325,0.695312,0.363819,0.513819,0.0,0.6738865971565247,0.6738865971565247,2.323887586593628,10.215310096740723,0.1806352436542511,20,3,2,0,2,0,1,0.7082692384719849,0.0,0,contra,0.15,-1,195,136,CONTRADICTORY_STRICT,1,1,0,0,13,0,0.708269,0.0,answer,
margin,live-delta,10,0.0,0.572341,0.581322,0.576325,0.695312,0.363819,0.513819,0.0,0.6066103577613831,0.6066103577613831,2.9578280448913574,19.256103515625,0.06895827502012253,20,3,3,1,2,0,1,0.6978979110717773,0.0,0,contra,0.15,-1,196,98,CONTRADICTORY_LENIENT,0,1,0,0,14,0,0.697898,0.0,answer,
margin,live-delta,10,0.0,0.572341,0.581322,0.576325,0.695312,0.363819,0.513819,0.0,0.6571125984191895,0.6571125984191895,2.745328187942505,15.569723129272461,0.10549846291542053,20,3,0,0,3,1,1,0.6004501581192017,0.0,0,contra,0.15,-1,197,268,CORRECT,0,0,0,0,12,0,0.60045,0.0,answer,
margin,live-delta,10,0.0,0.572341,0.581322,0.576325,0.695312,0.363819,0.513819,0.0,0.6370205283164978,0.6370205283164978,2.082287311553955,8.022798538208008,0.20260345935821533,20,3,0,0,2,0,1,0.707957923412323,0.0,0,contra,0.15,-1,199,268,CONTRADICTORY_STRICT,1,1,0,0,12,0,0.707958,0.0,answer,
margin,live-delta,10,0.0,0.572341,0.581322,0.576325,0.695312,0.363819,0.513819,0.0,0.7088281512260437,0.7088281512260437,2.862061023712158,17.4975528717041,0.12177519500255585,20,3,3,1,3,1,1,0.6313856244087219,0.0,0,contra,0.15,-1,200,115,CORRECT,0,0,0,0,13,0,0.631386,0.0,answer,
margin,live-delta,10,0.0,0.572341,0.581322,0.576325,0.695312,0.363819,0.513819,0.0,0.48156577348709106,0.48156577348709106,2.1206724643707275,8.33674144744873,0.22369472682476044,13,3,3,1,3,1,1,0.42546477913856506,0.0,0,contra,0.15,-1,201,107,CORRECT,0,0,0,0,7,0,0.425465,0.0,answer,
margin,live-delta,10,0.0,0.572341,0.581322,0.576325,0.695312,0.363819,0.513819,0.02431178092956543,0.5317378044128418,0.5074260234832764,1.3001400232315063,3.6698105335235596,0.39858952164649963,4,3,3,1,3,1,1,0.24510739743709564,0.02431178092956543,0,contra,0.15,-1,202,116,CORRECT,0,0,0,0,1,0,0.245107,0.0,answer,
margin,live-delta,10,0.0,0.572341,0.581322,0.576325,0.695312,0.363819,0.513819,0.0,0.6956464052200317,0.6956464052200317,1.9281580448150635,6.876831531524658,0.3528655469417572,20,3,2,0,3,1,1,0.5250693559646606,0.0,0,contra,0.15,-1,203,321,CORRECT,0,0,0,0,13,0,0.525069,0.0,answer,
margin,live-delta,10,0.0,0.572341,0.581322,0.576325,0.695312,0.363819,0.513819,0.0,0.649493396282196,0.649493396282196,2.2538130283355713,9.523982048034668,0.15028157830238342,20,3,1,0,0,0,1,0.6914359927177429,0.0,0,contra,0.15,-1,204,142,CONTRADICTORY_STRICT,1,1,0,0,12,0,0.691436,0.0,answer,
margin,live-delta,10,0.0,0.572341,0.581322,0.576325,0.695312,0.363819,0.513819,0.013731002807617188,0.4197525680065155,0.4060215651988983,2.0328431129455566,7.635765075683594,0.190016970038414,8,3,3,1,3,1,1,0.46860936284065247,0.013731002807617188,0,contra,0.15,-1,205,116,CORRECT,0,0,0,0,4,0,0.468609,0.0,answer,
margin,live-delta,10,0.0,0.572341,0.581322,0.576325,0.695312,0.363819,0.513819,0.0,0.5191511511802673,0.5191511511802673,2.1738712787628174,8.792255401611328,0.17822419106960297,10,3,3,1,3,1,1,0.5066471695899963,0.0,0,contra,0.15,-1,206,107,CORRECT,0,0,0,0,6,0,0.506647,0.0,answer,
margin,live-delta,10,0.0,0.572341,0.581322,0.576325,0.695312,0.363819,0.513819,0.0,0.5254757404327393,0.5254757404327393,1.7480281591415405,5.743266582489014,0.2686350345611572,11,3,2,0,2,0,1,0.6501694917678833,0.0,0,contra,0.15,-1,207,334,CONTRADICTORY_STRICT,1,1,0,0,7,0,0.650169,0.0,answer,
margin,live-delta,10,0.0,0.572341,0.581322,0.576325,0.695312,0.363819,0.513819,0.0,0.5600730180740356,0.5600730180740356,2.6051602363586426,13.533393859863281,0.14302830398082733,20,3,0,0,2,0,1,0.6691718101501465,0.0,0,contra,0.15,-1,208,268,CONTRADICTORY_STRICT,1,1,0,0,12,0,0.669172,0.0,answer,
margin,live-delta,10,0.0,0.572341,0.581322,0.576325,0.695312,0.363819,0.513819,0.0,0.6268348693847656,0.6268348693847656,2.761650562286377,15.825942993164062,0.08531984686851501,20,3,2,0,2,0,1,0.6393423676490784,0.0,0,contra,0.15,-1,209,179,CONTRADICTORY_STRICT,1,1,0,0,13,0,0.639342,0.0,answer,
margin,live-delta,10,0.0,0.572341,0.581322,0.576325,0.695312,0.363819,0.513819,0.0,0.4622208774089813,0.4622208774089813,2.74135684967041,15.508012771606445,0.10633042454719543,18,3,1,0,3,1,1,0.5994403958320618,0.0,0,contra,0.15,-1,210,244,CORRECT,0,0,0,0,10,0,0.584042,0.0,answer,
margin,live-delta,10,0.0,0.572341,0.581322,0.576325,0.695312,0.363819,0.513819,0.02866208553314209,0.7037274837493896,0.6750653982162476,2.716130018234253,15.121687889099121,0.16727685928344727,20,3,3,1,3,1,1,0.5434760451316833,0.02866208553314209,1,contra,0.15,-1,211,96,CORRECT,0,0,0,0,12,0,0.543476,0.0,answer,
margin,live-delta,10,0.0,0.572341,0.581322,0.576325,0.695312,0.363819,0.513819,0.0,0.7040786147117615,0.7040786147117615,2.533012866973877,12.591384887695312,0.14520686864852905,20,3,2,0,2,0,1,0.6471160650253296,0.0,0,contra,0.15,-1,212,315,CONTRADICTORY_STRICT,1,1,0,0,12,0,0.647116,0.0,answer,
margin,live-delta,10,0.0,0.572341,0.581322,0.576325,0.695312,0.363819,0.513819,0.0,0.7602081298828125,0.7602081298828125,2.7419426441192627,15.51710033416748,0.10868379473686218,20,3,2,0,2,0,1,0.6717858910560608,0.0,0,contra,0.15,-1,213,261,CONTRADICTORY_STRICT,1,1,0,0,12,0,0.671786,0.0,answer,
margin,live-delta,10,0.0,0.572341,0.581322,0.576325,0.695312,0.363819,0.513819,0.0420457124710083,0.4206753373146057,0.3786296248435974,2.503276824951172,12.222479820251465,0.18239599466323853,13,3,3,1,3,1,1,0.5443826913833618,0.0420457124710083,1,contra,0.15,-1,214,116,CORRECT,0,0,0,0,8,0,0.544383,0.0,answer,
margin,live-delta,10,0.0,0.572341,0.581322,0.576325,0.695312,0.363819,0.513819,0.0,0.6014844179153442,0.6014844179153442,2.8147294521331787,16.68865966796875,0.1054241731762886,20,3,2,0,2,0,1,0.7162550091743469,0.0,0,contra,0.15,-1,215,136,CONTRADICTORY_STRICT,1,1,0,0,14,0,0.716255,0.0,answer,
margin,live-delta,10,0.0,0.572341,0.581322,0.576325,0.695312,0.363819,0.513819,0.0,0.561787486076355,0.561787486076355,2.8853204250335693,17.909305572509766,0.0929541140794754,20,3,1,0,3,1,1,0.5924533009529114,0.0,0,contra,0.15,-1,216,211,CORRECT,0,0,0,0,12,0,0.592453,0.0,answer,
margin,live-delta,10,0.0,0.572341,0.581322,0.576325,0.695312,0.363819,0.513819,0.0,0.581675112247467,0.581675112247467,1.0286012887954712,2.7971506118774414,0.4598032534122467,6,3,2,0,3,1,1,0.5200984477996826,0.0,0,contra,0.15,-1,217,215,CORRECT,0,0,0,0,4,0,0.520098,0.0,answer,
margin,live-delta,10,0.0,0.572341,0.581322,0.576325,0.695312,0.363819,0.513819,0.01645064353942871,0.6338362693786621,0.6173856258392334,2.8920464515686035,18.030170440673828,0.0984141156077385,20,3,3,1,3,1,1,0.6028224229812622,0.01645064353942871,0,contra,0.15,-1,218,117,CORRECT,0,0,0,0,12,0,0.602822,0.0,answer,
margin,live-delta,10,0.0,0.572341,0.581322,0.576325,0.695312,0.363819,0.513819,0.0,0.540321946144104,0.540321946144104,2.828014850616455,16.911855697631836,0.14165541529655457,20,3,0,0,3,1,1,0.6070197224617004,0.0,0,contra,0.15,-1,219,300,CORRECT,0,0,0,0,12,0,0.60702,0.0,answer,
margin,live-delta,10,0.0,0.572341,0.581322,0.576325,0.695312,0.363819,0.513819,0.0,0.6931151151657104,0.6931151151657104,2.8131542205810547,16.662391662597656,0.09326890110969543,20,3,2,0,2,0,1,0.6879886388778687,0.0,0,contra,0.15,-1,220,136,CONTRADICTORY_STRICT,1,1,0,0,14,0,0.687989,0.0,answer,
margin,live-delta,10,0.0,0.572341,0.581322,0.576325,0.695312,0.363819,0.513819,0.0,0.6067142486572266,0.6067142486572266,2.150541067123413,8.58950424194336,0.3041258454322815,20,3,0,0,3,1,1,0.5550154447555542,0.0,0,contra,0.15,-1,221,138,CORRECT,0,0,0,0,12,0,0.555015,0.0,answer,
margin,live-delta,10,0.0,0.572341,0.581322,0.576325,0.695312,0.363819,0.513819,0.0,0.5600713491439819,0.5600713491439819,2.9157395362854004,18.462461471557617,0.09166520088911057,20,3,2,0,2,0,1,0.6602344512939453,0.0,0,contra,0.15,-1,222,204,CONTRADICTORY_STRICT,1,1,0,0,13,0,0.660234,0.0,answer,
margin,live-delta,10,0.0,0.572341,0.581322,0.576325,0.695312,0.363819,0.513819,0.0464787483215332,0.4414621889591217,0.3949834406375885,2.690979480743408,14.746112823486328,0.16917409002780914,16,3,3,1,3,1,1,0.5692833662033081,0.0464787483215332,1,contra,0.15,-1,223,124,CORRECT,0,0,0,0,10,0,0.569283,0.0,answer,
margin,live-delta,10,0.0,0.572341,0.581322,0.576325,0.695312,0.363819,0.513819,0.0,0.40286785364151,0.40286785364151,1.3862943649291992,4.0,0.25,4,3,3,1,1,0,1,0.75,0.0,0,contra,0.15,-1,224,112,CONTRADICTORY_LENIENT,0,1,0,0,3,0,0.75,0.0,answer,
margin,live-delta,10,0.0,0.572341,0.581322,0.576325,0.695312,0.363819,0.513819,0.0,0.5563745498657227,0.5563745498657227,2.7568438053131104,15.750054359436035,0.12286317348480225,20,3,0,0,2,0,1,0.6559068560600281,0.0,0,contra,0.15,-1,225,30,CONTRADICTORY_LENIENT,0,1,0,0,12,0,0.627856,0.0,answer,
margin,live-delta,10,0.0,0.572341,0.581322,0.576325,0.695312,0.363819,0.513819,0.0,0.47772443294525146,0.47772443294525146,2.8853049278259277,17.909027099609375,0.11848573386669159,20,3,2,0,2,0,1,0.6392028331756592,0.0,0,contra,0.15,-1,226,321,CONTRADICTORY_STRICT,1,1,0,0,13,0,0.639203,0.0,answer,
margin,live-delta,10,0.0,0.572341,0.581322,0.576325,0.695312,0.363819,0.513819,0.0,0.3879879117012024,0.3879879117012024,1.6094379425048828,5.0,0.20000000298023224,5,3,3,1,2,0,1,0.800000011920929,0.0,0,contra,0.15,-1,227,103,CONTRADICTORY_LENIENT,0,1,0,0,4,0,0.8,0.0,answer,
margin,live-delta,10,0.0,0.572341,0.581322,0.576325,0.695312,0.363819,0.513819,0.0,0.7159953117370605,0.7159953117370605,1.4001060724258423,4.055630207061768,0.24946488440036774,6,3,3,1,0,0,1,0.7494649291038513,0.0,0,contra,0.15,-1,228,99,CONTRADICTORY_LENIENT,0,1,0,0,4,0,0.749465,0.0,answer,
margin,live-delta,10,0.0,0.572341,0.581322,0.576325,0.695312,0.363819,0.513819,0.0,0.6538165807723999,0.6538165807723999,2.3946425914764404,10.964278221130371,0.23668204247951508,20,3,3,1,3,1,1,0.5522163510322571,0.0,0,contra,0.15,-1,229,115,CORRECT,0,0,0,0,11,0,0.552216,0.0,answer,
margin,live-delta,10,0.0,0.572341,0.581322,0.576325,0.695312,0.363819,0.513819,0.0,0.6125504374504089,0.6125504374504089,2.831329345703125,16.968002319335938,0.0787610337138176,20,3,2,0,2,0,1,0.7503716349601746,0.0,0,contra,0.15,-1,230,132,CONTRADICTORY_STRICT,1,1,0,0,14,0,0.750372,0.0,answer,
margin,live-delta,10,0.0,0.572341,0.581322,0.576325,0.695312,0.363819,0.513819,0.027474582195281982,0.5701779127120972,0.5427033305168152,2.533128023147583,12.592835426330566,0.272265762090683,20,3,3,1,3,1,1,0.3804106116294861,0.0692371129989624,2,contra,0.15,-1,231,117,CORRECT,0,0,0,0,12,0,0.380411,0.0,answer,
margin,live-delta,10,0.0,0.572341,0.581322,0.576325,0.695312,0.363819,0.513819,0.0,0.5009386539459229,0.5009386539459229,2.849027156829834,17.270971298217773,0.09854018688201904,20,3,3,1,1,0,1,0.6881922483444214,0.0,0,contra,0.15,-1,232,112,CONTRADICTORY_LENIENT,0,1,0,0,11,0,0.616049,0.0,answer,
margin,live-delta,10,0.0,0.572341,0.581322,0.576325,0.695312,0.363819,0.513819,0.0,0.496469646692276,0.496469646692276,2.806635856628418,16.554134368896484,0.10829359292984009,20,3,0,0,3,1,1,0.5371209979057312,0.0,0,contra,0.15,-1,233,330,CORRECT,0,0,0,0,11,0,0.537121,0.0,answer,
margin,live-delta,10,0.0,0.572341,0.581322,0.576325,0.695312,0.363819,0.513819,0.0,0.501893937587738,0.501893937587738,2.880673408508301,17.82627296447754,0.12535816431045532,20,3,3,1,3,1,1,0.5937339663505554,0.0,0,contra,0.15,-1,234,108,CORRECT,0,0,0,0,12,0,0.593734,0.0,answer,
margin,live-delta,10,0.0,0.572341,0.581322,0.576325,0.695312,0.363819,0.513819,0.0,0.6614959239959717,0.6614959239959717,2.3095970153808594,10.070365905761719,0.26051583886146545,20,3,0,0,3,1,1,0.5618374943733215,0.0,0,contra,0.15,-1,235,330,CORRECT,0,0,0,0,13,0,0.561837,0.0,answer,
margin,live-delta,10,0.0,0.572341,0.581322,0.576325,0.695312,0.363819,0.513819,0.0,0.46608585119247437,0.46608585119247437,2.893162250518799,18.0502986907959,0.09294439107179642,20,3,3,1,2,0,1,0.6775422692298889,0.0,0,contra,0.15,-1,236,118,CONTRADICTORY_LENIENT,0,1,0,0,14,0,0.677542,0.0,answer,
margin,live-delta,10,0.0,0.572341,0.581322,0.576325,0.695312,0.363819,0.513819,0.0,0.6798076629638672,0.6798076629638672,2.3138961791992188,10.113753318786621,0.2166537493467331,20,3,0,0,3,1,1,0.5152360200881958,0.0,0,contra,0.15,-1,237,330,CORRECT,0,0,0,0,12,0,0.515236,0.0,answer,
margin,live-delta,10,0.0,0.572341,0.581322,0.576325,0.695312,0.363819,0.513819,0.0,0.48643261194229126,0.48643261194229126,2.898031711578369,18.138408660888672,0.09767140448093414,20,3,1,0,2,0,1,0.7064871191978455,0.0,0,contra,0.15,-1,238,249,CONTRADICTORY_STRICT,1,1,0,0,14,0,0.706487,0.0,answer,
margin,live-delta,10,0.0,0.572341,0.581322,0.576325,0.695312,0.363819,0.513819,0.0,0.5871029496192932,0.5871029496192932,2.3432388305664062,10.41491413116455,0.25357604026794434,20,3,3,1,3,1,1,0.49756020307540894,0.0,0,contra,0.15,-1,239,123,CORRECT,0,0,0,0,12,0,0.49756,0.0,answer,
margin,live-delta,10,0.0,0.572341,0.581322,0.576325,0.695312,0.363819,0.513819,0.0,0.6377276182174683,0.6377276182174683,2.5993614196777344,13.455142974853516,0.1116887554526329,20,3,3,1,2,0,1,0.7311638593673706,0.0,0,contra,0.15,-1,240,114,CONTRADICTORY_LENIENT,0,1,0,0,14,0,0.731164,0.0,answer,
margin,live-delta,10,0.0,0.572341,0.581322,0.576325,0.695312,0.363819,0.513819,0.0,0.49900099635124207,0.49900099635124207,2.6214184761047363,13.755221366882324,0.14484558999538422,20,3,0,0,0,0,1,0.6982197761535645,0.0,0,contra,0.15,-1,241,264,CONTRADICTORY_STRICT,1,1,0,0,12,0,0.677708,0.0,answer,
margin,live-delta,10,0.0,0.572341,0.581322,0.576325,0.695312,0.363819,0.513819,0.02079826593399048,0.5582751631736755,0.5374768972396851,2.845122814178467,17.203670501708984,0.14145226776599884,20,3,3,1,3,1,1,0.5512343645095825,0.02079826593399048,0,contra,0.15,-1,242,96,CORRECT,0,0,0,0,12,0,0.551234,0.0,answer,
margin,live-delta,10,0.0,0.572341,0.581322,0.576325,0.695312,0.363819,0.513819,0.0,0.7332625985145569,0.7332625985145569,2.5904812812805176,13.336188316345215,0.11402933299541473,20,3,2,0,2,0,1,0.7151068449020386,0.0,0,contra,0.15,-1,243,154,CONTRADICTORY_STRICT,1,1,0,0,13,0,0.715107,0.0,answer,
margin,live-delta,10,0.0,0.572341,0.581322,0.576325,0.695312,0.363819,0.513819,0.0,0.5966714024543762,0.5966714024543762,1.059505820274353,2.8849449157714844,0.46261101961135864,10,3,2,0,3,1,1,0.511685311794281,0.0,0,contra,0.15,-1,244,215,CORRECT,0,0,0,0,6,0,0.511685,0.0,answer,
margin,live-delta,10,0.0,0.572341,0.581322,0.576325,0.695312,0.363819,0.513819,0.0,0.6546295881271362,0.6546295881271362,2.6594924926757812,14.28903579711914,0.171538308262825,20,3,2,0,3,1,1,0.5387622714042664,0.0,0,contra,0.15,-1,245,321,CORRECT,0,0,0,0,12,0,0.538762,0.0,answer,
margin,live-delta,10,0.0,0.572341,0.581322,0.576325,0.695312,0.363819,0.513819,0.0,0.8150866627693176,0.8150866627693176,1.1192280054092407,3.0624890327453613,0.3325437009334564,20,3,3,1,3,1,1,0.3342258334159851,0.0,0,contra,0.15,-1,246,246,CORRECT,0,0,0,0,13,0,0.334226,0.0,answer,
margin,live-delta,10,0.0,0.572341,0.581322,0.576325,0.695312,0.363819,0.513819,0.052057862281799316,0.6668754816055298,0.6148176193237305,2.018756866455078,7.52895975112915,0.4697524309158325,20,3,3,1,3,1,1,0.2611096203327179,0.13160079717636108,2,contra,0.15,-1,247,116,CORRECT,0,0,0,0,12,0,0.26111,0.0,answer,
margin,live-delta,10,0.0,0.572341,0.581322,0.576325,0.695312,0.363819,0.513819,0.0,0.6920506358146667,0.6920506358146667,0.7252103686332703,2.0651655197143555,0.4978184998035431,7,3,2,0,3,1,1,0.5013089776039124,0.0,0,contra,0.15,-1,248,215,CORRECT,0,0,0,0,5,0,0.501309,0.0,answer,
margin,live-delta,10,0.0,0.572341,0.581322,0.576325,0.695312,0.363819,0.513819,0.0,0.4416484236717224,0.4416484236717224,2.1786391735076904,8.83427619934082,0.23083236813545227,11,3,3,1,3,1,1,0.5052154660224915,0.0,0,contra,0.15,-1,249,115,CORRECT,0,0,0,0,6,0,0.505215,0.0,answer,
margin,live-delta,10,0.0,0.572341,0.581322,0.576325,0.695312,0.363819,0.513819,0.0,0.4839929938316345,0.4839929938316345,2.169297695159912,8.752135276794434,0.21589235961437225,13,3,1,0,3,1,1,0.460091769695282,0.0,0,contra,0.15,-1,250,241,CORRECT,0,0,0,0,8,0,0.460092,0.0,answer,
margin,live-delta,10,0.0,0.572341,0.581322,0.576325,0.695312,0.363819,0.513819,0.0,0.9193468689918518,0.9193468689918518,0.6931471824645996,2.0,0.5,2,3,2,0,2,0,1,0.5,0.0,0,contra,0.15,-1,251,215,CONTRADICTORY_STRICT,1,1,0,0,1,0,0.5,0.0,answer,
margin,live-delta,10,0.0,0.572341,0.581322,0.576325,0.695312,0.363819,0.513819,0.0,0.4110674560070038,0.4110674560070038,2.6703855991363525,14.445538520812988,0.09279472380876541,15,3,0,0,3,1,1,0.5597050786018372,0.0,0,contra,0.15,-1,252,268,CORRECT,0,0,0,0,8,0,0.559705,0.0,answer,
margin,live-delta,10,0.0,0.572341,0.581322,0.576325,0.695312,0.363819,0.513819,0.0,0.558095395565033,0.558095395565033,2.5830676555633545,13.23768424987793,0.19231757521629333,20,3,2,0,3,1,1,0.5523715615272522,0.0,0,contra,0.15,-1,253,321,CORRECT,0,0,0,0,12,0,0.552372,0.0,answer,
margin,live-delta,10,0.0,0.572341,0.581322,0.576325,0.695312,0.363819,0.513819,0.0,0.5217567086219788,0.5217567086219788,2.235816240310669,9.354113578796387,0.26257407665252686,16,3,3,1,3,1,1,0.5536376237869263,0.0,0,contra,0.15,-1,254,102,CORRECT,0,0,0,0,9,0,0.553638,0.0,answer,
margin,live-delta,10,0.0,0.572341,0.581322,0.576325,0.695312,0.363819,0.513819,0.0,0.6134811043739319,0.6134811043739319,1.4453860521316528,4.243490219116211,0.24714809656143188,7,3,1,0,1,0,1,0.7490492463111877,0.0,0,contra,0.15,-1,255,289,CONTRADICTORY_STRICT,1,1,0,0,5,0,0.749049,0.0,answer,
margin,live-delta,11,0.0,0.572341,0.581412,0.589272,0.660156,0.370783,0.520783,0.0,0.6283859610557556,0.6283859610557556,2.595106363296509,13.398012161254883,0.12834133207798004,20,0,3,0,2,0,1,0.6720925569534302,0.0,0,contra,0.15,-1,0,144,CONTRADICTORY_STRICT,1,1,0,0,13,0,0.672093,0.0,answer,
margin,live-delta,11,0.0,0.572341,0.581412,0.589272,0.660156,0.370783,0.520783,0.0,0.538063645362854,0.538063645362854,2.710691452026367,15.039670944213867,0.1149190217256546,20,0,1,0,2,0,1,0.6959876418113708,0.0,0,contra,0.15,-1,1,130,CONTRADICTORY_STRICT,1,1,0,0,13,0,0.695988,0.0,answer,
margin,live-delta,11,0.0,0.572341,0.581412,0.589272,0.660156,0.370783,0.520783,0.0,0.6435017585754395,0.6435017585754395,2.7433717250823975,15.539291381835938,0.12404786795377731,20,0,2,0,0,1,1,0.6242682933807373,0.0,0,contra,0.15,-1,2,240,CORRECT,0,0,0,0,14,0,0.624268,0.0,answer,
margin,live-delta,11,0.0,0.572341,0.581412,0.589272,0.660156,0.370783,0.520783,0.0,0.7017878293991089,0.7017878293991089,2.392364740371704,10.939332008361816,0.2228681445121765,20,0,2,0,0,1,1,0.6067980527877808,0.0,0,contra,0.15,-1,3,195,CORRECT,0,0,0,0,13,0,0.606798,0.0,answer,
margin,live-delta,11,0.0,0.572341,0.581412,0.589272,0.660156,0.370783,0.520783,0.0,0.6306256651878357,0.6306256651878357,2.8682074546813965,17.605430603027344,0.07643229514360428,20,0,2,0,3,0,1,0.7492629289627075,0.0,0,contra,0.15,-1,4,165,CONTRADICTORY_STRICT,1,1,0,0,15,0,0.749263,0.0,answer,
margin,live-delta,11,0.0,0.572341,0.581412,0.589272,0.660156,0.370783,0.520783,0.0811147689819336,0.6353706121444702,0.5542558431625366,2.355987071990967,10.54853630065918,0.3860786557197571,20,0,0,1,0,1,1,0.39260202646255493,0.0811147689819336,2,contra,0.15,-1,5,13,CORRECT,0,0,0,0,12,0,0.392602,0.0,answer,
margin,live-delta,11,0.0,0.572341,0.581412,0.589272,0.660156,0.370783,0.520783,0.0,0.6143373250961304,0.6143373250961304,2.7100164890289307,15.029522895812988,0.11058623343706131,20,0,3,0,0,1,1,0.6797346472740173,0.0,0,contra,0.15,-1,6,173,CORRECT,0,0,0,0,14,0,0.679735,0.0,answer,
margin,live-delta,11,0.0,0.572341,0.581412,0.589272,0.660156,0.370783,0.520783,0.0,0.49529901146888733,0.49529901146888733,1.791759729385376,6.000001430511475,0.1666666716337204,6,0,1,0,1,0,1,0.8333333730697632,0.0,0,contra,0.15,-1,7,290,CONTRADICTORY_STRICT,1,1,0,0,5,0,0.833333,0.0,answer,
margin,live-delta,11,0.0,0.572341,0.581412,0.589272,0.660156,0.370783,0.520783,0.0,0.5491014122962952,0.5491014122962952,2.3632047176361084,10.624946594238281,0.16647109389305115,20,0,2,0,0,1,1,0.6336085796356201,0.0,0,contra,0.15,-1,8,149,CORRECT,0,0,0,0,12,0,0.633609,0.0,answer,
margin,live-delta,11,0.0,0.572341,0.581412,0.589272,0.660156,0.370783,0.520783,0.0,0.6821415424346924,0.6821415424346924,2.155677080154419,8.633733749389648,0.19625478982925415,20,0,0,1,2,0,1,0.7251408696174622,0.0,0,contra,0.15,-1,9,12,CONTRADICTORY_LENIENT,0,1,0,0,13,0,0.725141,0.0,answer,
margin,live-delta,11,0.0,0.572341,0.581412,0.589272,0.660156,0.370783,0.520783,0.0325850248336792,0.5376240611076355,0.5050390362739563,2.878875732421875,17.79425621032715,0.15218521654605865,20,0,0,1,0,1,1,0.6156090497970581,0.0325850248336792,1,contra,0.15,-1,10,26,CORRECT,0,0,0,0,14,0,0.615609,0.0,answer,
margin,live-delta,11,0.0,0.572341,0.581412,0.589272,0.660156,0.370783,0.520783,0.0,0.5394497513771057,0.5394497513771057,2.748643636703491,15.621429443359375,0.1217530220746994,20,0,3,0,0,1,1,0.6721048951148987,0.0,0,contra,0.15,-1,11,345,CORRECT,0,0,0,0,11,0,0.63338,0.0,answer,
margin,live-delta,11,0.0,0.572341,0.581412,0.589272,0.660156,0.370783,0.520783,0.0,0.6589005589485168,0.6589005589485168,2.7701785564422607,15.9614839553833,0.09118109196424484,20,0,1,0,2,0,1,0.6709046959877014,0.0,0,contra,0.15,-1,12,130,CONTRADICTORY_STRICT,1,1,0,0,13,0,0.670905,0.0,answer,
margin,live-delta,11,0.0,0.572341,0.581412,0.589272,0.660156,0.370783,0.520783,0.0,0.6025277972221375,0.6025277972221375,2.6323447227478027,13.906338691711426,0.1215849369764328,20,0,1,0,0,1,1,0.6663300395011902,0.0,0,contra,0.15,-1,13,335,CORRECT,0,0,0,0,14,0,0.66633,0.0,answer,
margin,live-delta,11,0.0,0.572341,0.581412,0.589272,0.660156,0.370783,0.520783,0.0068146586418151855,0.6395174860954285,0.6327028274536133,2.5121910572052,12.331920623779297,0.13964873552322388,20,0,0,1,0,1,1,0.5856887698173523,0.0068146586418151855,0,contra,0.15,-1,14,26,CORRECT,0,0,0,0,13,0,0.585689,0.0,answer,
margin,live-delta,11,0.0,0.572341,0.581412,0.589272,0.660156,0.370783,0.520783,0.0438503623008728,0.664881706237793,0.6210313439369202,2.649155855178833,14.142095565795898,0.22914141416549683,20,0,0,1,0,1,1,0.50196772813797,0.0438503623008728,1,contra,0.15,-1,15,13,CORRECT,0,0,0,0,13,0,0.501968,0.0,answer,
margin,live-delta,11,0.0,0.572341,0.581412,0.589272,0.660156,0.370783,0.520783,0.0,0.5671543478965759,0.5671543478965759,2.9769787788391113,19.62842559814453,0.06533659249544144,20,0,0,1,0,1,1,0.6657389998435974,0.0,0,contra,0.15,-1,16,12,CORRECT,0,0,0,0,13,0,0.665739,0.0,answer,
margin,live-delta,11,0.0,0.572341,0.581412,0.589272,0.660156,0.370783,0.520783,0.0,0.6850572228431702,0.6850572228431702,2.8249802589416504,16.860612869262695,0.09952174872159958,20,0,0,1,2,0,1,0.7500000596046448,0.0,0,contra,0.15,-1,17,30,CONTRADICTORY_LENIENT,0,1,0,0,15,0,0.75,0.0,answer,
margin,live-delta,11,0.0,0.572341,0.581412,0.589272,0.660156,0.370783,0.520783,0.0,0.7553185224533081,0.7553185224533081,2.0426039695739746,7.7106614112854,0.209095299243927,20,0,2,0,2,0,1,0.7486709356307983,0.0,0,contra,0.15,-1,18,223,CONTRADICTORY_STRICT,1,1,0,0,15,0,0.748671,0.0,answer,
margin,live-delta,11,0.0,0.572341,0.581412,0.589272,0.660156,0.370783,0.520783,0.0,0.7999752163887024,0.7999752163887024,1.6439576148986816,5.175611972808838,0.23805882036685944,20,0,3,0,2,0,1,0.7466832399368286,0.0,0,contra,0.15,-1,19,186,CONTRADICTORY_STRICT,1,1,0,0,14,0,0.746683,0.0,answer,
margin,live-delta,11,0.0,0.572341,0.581412,0.589272,0.660156,0.370783,0.520783,0.0,0.6305544376373291,0.6305544376373291,2.8928024768829346,18.043806076049805,0.08827365934848785,20,0,2,0,0,1,1,0.5764580368995667,0.0,0,contra,0.15,-1,20,332,CORRECT,0,0,0,0,12,0,0.576458,0.0,answer,
margin,live-delta,11,0.0,0.572341,0.581412,0.589272,0.660156,0.370783,0.520783,0.0,0.7488837242126465,0.7488837242126465,2.190615177154541,8.940711975097656,0.16059234738349915,20,0,3,0,0,1,1,0.6903701424598694,0.0,0,contra,0.15,-1,21,281,CORRECT,0,0,0,0,12,0,0.69037,0.0,answer,
margin,live-delta,11,0.0,0.572341,0.581412,0.589272,0.660156,0.370783,0.520783,0.0,0.697776734828949,0.697776734828949,2.3799149990081787,10.803984642028809,0.15160642564296722,20,0,0,1,2,0,1,0.6868793368339539,0.0,0,contra,0.15,-1,22,1,CONTRADICTORY_LENIENT,0,1,0,0,14,0,0.686879,0.0,answer,
margin,live-delta,11,0.0,0.572341,0.581412,0.589272,0.660156,0.370783,0.520783,0.0,0.6982559561729431,0.6982559561729431,2.495546817779541,12.128363609313965,0.15922439098358154,20,0,0,1,2,0,1,0.7157818675041199,0.0,0,contra,0.15,-1,23,1,CONTRADICTORY_LENIENT,0,1,0,0,14,0,0.715782,0.0,answer,
margin,live-delta,11,0.0,0.572341,0.581412,0.589272,0.660156,0.370783,0.520783,0.0,0.550545334815979,0.550545334815979,1.6385209560394287,5.147550582885742,0.2687455415725708,7,0,1,0,1,0,1,0.9734092354774475,-0.11566036939620972,0,contra,0.15,-1,24,33,CONTRADICTORY_LENIENT,0,1,0,0,4,0,0.648939,0.0,answer,
margin,live-delta,11,0.0,0.572341,0.581412,0.589272,0.660156,0.370783,0.520783,0.0,0.6313489079475403,0.6313489079475403,2.773571491241455,16.015731811523438,0.11364088207483292,20,0,2,0,0,1,1,0.6634299755096436,0.0,0,contra,0.15,-1,25,305,CORRECT,0,0,0,0,13,0,0.66343,0.0,answer,
margin,live-delta,11,0.0,0.572341,0.581412,0.589272,0.660156,0.370783,0.520783,0.0,0.5523542165756226,0.5523542165756226,2.671860456466675,14.466858863830566,0.10878971964120865,20,0,1,0,0,1,1,0.6372021436691284,0.0,0,contra,0.15,-1,26,252,CORRECT,0,0,0,0,13,0,0.637202,0.0,answer,
margin,live-delta,11,0.0,0.572341,0.581412,0.589272,0.660156,0.370783,0.520783,0.0,0.6731027364730835,0.6731027364730835,2.586712598800659,13.286023139953613,0.13690485060214996,20,0,0,1,2,0,1,0.7408846616744995,0.0,0,contra,0.15,-1,27,16,CONTRADICTORY_LENIENT,0,1,0,0,14,0,0.740885,0.0,answer,
margin,live-delta,11,0.0,0.572341,0.581412,0.589272,0.660156,0.370783,0.520783,0.0,0.4923955500125885,0.4923955500125885,2.380204677581787,10.807114601135254,0.1469690501689911,13,0,1,0,1,0,1,0.8630958795547485,-0.03371754288673401,0,contra,0.15,-1,28,33,CONTRADICTORY_LENIENT,0,1,0,0,9,0,0.700195,0.0,answer,
margin,live-delta,11,0.0,0.572341,0.581412,0.589272,0.660156,0.370783,0.520783,0.0004004240036010742,0.529884934425354,0.5294845104217529,2.842562675476074,17.159683227539062,0.10726357251405716,20,0,0,1,0,1,1,0.6090655326843262,0.0004004240036010742,0,contra,0.15,-1,29,13,CORRECT,0,0,0,0,13,0,0.609066,0.0,answer,
margin,live-delta,11,0.0,0.572341,0.581412,0.589272,0.660156,0.370783,0.520783,0.0,0.6916114091873169,0.6916114091873169,2.5617706775665283,12.95874309539795,0.19214260578155518,20,0,2,0,2,0,1,0.6400973796844482,0.0,0,contra,0.15,-1,30,195,CONTRADICTORY_STRICT,1,1,0,0,14,0,0.640097,0.0,answer,
margin,live-delta,11,0.0,0.572341,0.581412,0.589272,0.660156,0.370783,0.520783,0.0,0.5836500525474548,0.5836500525474548,2.874756336212158,17.721105575561523,0.0927862748503685,20,0,2,0,2,0,1,0.7050357460975647,0.0,0,contra,0.15,-1,31,195,CONTRADICTORY_STRICT,1,1,0,0,14,0,0.705036,0.0,answer,
margin,live-delta,11,0.0,0.572341,0.581412,0.589272,0.660156,0.370783,0.520783,0.0,0.4375622570514679,0.4375622570514679,2.2685999870300293,9.66585922241211,0.11638107150793076,10,0,3,0,1,0,1,0.7677744030952454,0.0,0,contra,0.15,-1,32,247,CONTRADICTORY_STRICT,1,1,0,0,7,0,0.705818,0.0,answer,
margin,live-delta,11,0.0,0.572341,0.581412,0.589272,0.660156,0.370783,0.520783,0.0,0.6656931638717651,0.6656931638717651,2.5516233444213867,12.827911376953125,0.13104544579982758,20,0,0,1,0,1,1,0.6548328399658203,0.0,0,contra,0.15,-1,33,20,CORRECT,0,0,0,0,12,0,0.654833,0.0,answer,
margin,live-delta,11,0.0,0.572341,0.581412,0.589272,0.660156,0.370783,0.520783,0.0,0.6726762056350708,0.6726762056350708,2.459897756576538,11.703615188598633,0.15015920996665955,20,0,2,0,2,0,1,0.7060694098472595,0.0,0,contra,0.15,-1,34,163,CONTRADICTORY_STRICT,1,1,0,0,15,0,0.706069,0.0,answer,
margin,live-delta,11,0.0,0.572341,0.581412,0.589272,0.660156,0.370783,0.520783,0.0,0.6739566326141357,0.6739566326141357,2.1343257427215576,8.451346397399902,0.23217502236366272,20,0,1,0,0,1,1,0.6383598446846008,0.0,0,contra,0.15,-1,35,335,CORRECT,0,0,0,0,12,0,0.63836,0.0,answer,
margin,live-delta,11,0.0,0.572341,0.581412,0.589272,0.660156,0.370783,0.520783,0.0,0.6948245763778687,0.6948245763778687,2.3976047039031982,10.996804237365723,0.16795144975185394,20,0,2,0,2,0,1,0.7017951011657715,0.0,0,contra,0.15,-1,36,354,CONTRADICTORY_STRICT,1,1,0,0,13,0,0.701795,0.0,answer,
margin,live-delta,11,0.0,0.572341,0.581412,0.589272,0.660156,0.370783,0.520783,0.016531944274902344,0.5996270775794983,0.583095133304596,2.8096275329589844,16.60373306274414,0.1332666277885437,20,0,0,1,0,1,1,0.6153679490089417,0.016531944274902344,0,contra,0.15,-1,37,26,CORRECT,0,0,0,0,13,0,0.615368,0.0,answer,
margin,live-delta,11,0.0,0.572341,0.581412,0.589272,0.660156,0.370783,0.520783,0.0,0.5104827880859375,0.5104827880859375,2.975421905517578,19.597890853881836,0.07321980595588684,20,0,3,0,0,1,1,0.7026373147964478,0.0,0,contra,0.15,-1,38,280,CORRECT,0,0,0,0,14,0,0.702637,0.0,answer,
margin,live-delta,11,0.0,0.572341,0.581412,0.589272,0.660156,0.370783,0.520783,0.0,0.7156831622123718,0.7156831622123718,2.482823610305786,11.975029945373535,0.23567895591259003,20,0,0,1,0,1,1,0.5952951312065125,0.0,0,contra,0.15,-1,39,11,CORRECT,0,0,0,0,13,0,0.595295,0.0,answer,
margin,live-delta,11,0.0,0.572341,0.581412,0.589272,0.660156,0.370783,0.520783,0.0,0.5193359851837158,0.5193359851837158,2.727153778076172,15.289308547973633,0.1131536141037941,20,0,3,0,0,1,1,0.6641709208488464,0.0,0,contra,0.15,-1,40,363,CORRECT,0,0,0,0,13,0,0.664171,0.0,answer,
margin,live-delta,11,0.0,0.572341,0.581412,0.589272,0.660156,0.370783,0.520783,0.0,0.5956895351409912,0.5956895351409912,2.817518949508667,16.735279083251953,0.08782631903886795,20,0,0,1,2,0,1,0.6445479393005371,0.0,0,contra,0.15,-1,41,9,CONTRADICTORY_LENIENT,0,1,0,0,13,0,0.644548,0.0,answer,
margin,live-delta,11,0.0,0.572341,0.581412,0.589272,0.660156,0.370783,0.520783,0.0,0.5080372095108032,0.5080372095108032,1.837077260017395,6.278162002563477,0.16454975306987762,7,0,2,0,2,0,1,0.6581990122795105,0.0,0,contra,0.15,-1,42,162,CONTRADICTORY_STRICT,1,1,0,0,4,0,0.658199,0.0,answer,
margin,live-delta,11,0.0,0.572341,0.581412,0.589272,0.660156,0.370783,0.520783,0.029343366622924805,0.5180602669715881,0.48871690034866333,2.538475513458252,12.660355567932129,0.22848068177700043,20,0,0,1,0,1,1,0.654832661151886,0.029343366622924805,1,contra,0.15,-1,44,6,CORRECT,0,0,0,0,12,0,0.509854,0.0,answer,
margin,live-delta,11,0.0,0.572341,0.581412,0.589272,0.660156,0.370783,0.520783,0.0,0.7220957279205322,0.7220957279205322,1.8192700147628784,6.167354583740234,0.22543340921401978,20,0,0,1,2,0,1,0.7296770811080933,0.0,0,contra,0.15,-1,45,30,CONTRADICTORY_LENIENT,0,1,0,0,12,0,0.729677,0.0,answer,
margin,live-delta,11,0.0,0.572341,0.581412,0.589272,0.660156,0.370783,0.520783,0.0,0.5576402544975281,0.5576402544975281,2.948173761367798,19.07109260559082,0.0701858252286911,20,0,0,1,0,1,1,0.5931669473648071,0.0,0,contra,0.15,-1,46,0,CORRECT,0,0,0,0,12,0,0.593167,0.0,answer,
margin,live-delta,11,0.0,0.572341,0.581412,0.589272,0.660156,0.370783,0.520783,0.0,0.706577718257904,0.706577718257904,2.496180534362793,12.136052131652832,0.18690207600593567,20,0,2,0,2,0,1,0.6262610554695129,0.0,0,contra,0.15,-1,47,195,CONTRADICTORY_STRICT,1,1,0,0,13,0,0.626261,0.0,answer,
margin,live-delta,11,0.0,0.572341,0.581412,0.589272,0.660156,0.370783,0.520783,0.0,0.4656926989555359,0.4656926989555359,2.877781867980957,17.774803161621094,0.08434939384460449,20,0,2,0,2,0,1,0.7171953916549683,0.0,0,contra,0.15,-1,48,267,CONTRADICTORY_STRICT,1,1,0,0,14,0,0.717195,0.0,answer,
margin,live-delta,11,0.0,0.572341,0.581412,0.589272,0.660156,0.370783,0.520783,0.0,0.6174630522727966,0.6174630522727966,2.9664719104766846,19.42327117919922,0.06388691067695618,20,0,3,0,0,1,1,0.6634170413017273,0.0,0,contra,0.15,-1,49,227,CORRECT,0,0,0,0,13,0,0.663417,0.0,answer,
margin,live-delta,11,0.0,0.572341,0.581412,0.589272,0.660156,0.370783,0.520783,0.0,0.631973922252655,0.631973922252655,2.902233123779297,18.21477508544922,0.10286187380552292,20,0,2,0,0,1,1,0.672852635383606,0.0,0,contra,0.15,-1,50,195,CORRECT,0,0,0,0,14,0,0.672853,0.0,answer,
margin,live-delta,11,0.0,0.572341,0.581412,0.589272,0.660156,0.370783,0.520783,0.0,0.6099201440811157,0.6099201440811157,2.7676572799682617,15.92129135131836,0.1171388104557991,20,0,2,0,2,0,1,0.6898291707038879,0.0,0,contra,0.15,-1,51,223,CONTRADICTORY_STRICT,1,1,0,0,13,0,0.673983,0.0,answer,
margin,live-delta,11,0.0,0.572341,0.581412,0.589272,0.660156,0.370783,0.520783,0.0,0.6817590594291687,0.6817590594291687,2.6146883964538574,13.662958145141602,0.137418732047081,20,0,2,0,2,0,1,0.7581291198730469,0.0,0,contra,0.15,-1,52,223,CONTRADICTORY_STRICT,1,1,0,0,15,0,0.758129,0.0,answer,
margin,live-delta,11,0.0,0.572341,0.581412,0.589272,0.660156,0.370783,0.520783,0.0,0.6125666499137878,0.6125666499137878,2.8351569175720215,17.03307342529297,0.09080339223146439,20,0,3,0,3,0,1,0.7559018731117249,0.0,0,contra,0.15,-1,53,232,CONTRADICTORY_STRICT,1,1,0,0,14,0,0.755902,0.0,answer,
margin,live-delta,11,0.0,0.572341,0.581412,0.589272,0.660156,0.370783,0.520783,0.0,0.6817615628242493,0.6817615628242493,2.53360915184021,12.598895072937012,0.141435906291008,20,0,1,0,2,0,1,0.680677056312561,0.0,0,contra,0.15,-1,54,210,CONTRADICTORY_STRICT,1,1,0,0,14,0,0.680677,0.0,answer,
margin,live-delta,11,0.0,0.572341,0.581412,0.589272,0.660156,0.370783,0.520783,0.0,0.7112128734588623,0.7112128734588623,2.117741823196411,8.312345504760742,0.20324371755123138,20,0,2,0,2,0,1,0.7378962635993958,0.0,0,contra,0.15,-1,55,305,CONTRADICTORY_STRICT,1,1,0,0,14,0,0.737896,0.0,answer,
margin,live-delta,11,0.0,0.572341,0.581412,0.589272,0.660156,0.370783,0.520783,0.0,0.5435279607772827,0.5435279607772827,2.6611828804016113,14.313209533691406,0.134622260928154,20,0,0,1,2,0,1,0.7078787088394165,0.0,0,contra,0.15,-1,56,1,CONTRADICTORY_LENIENT,0,1,0,0,14,0,0.707879,0.0,answer,
margin,live-delta,11,0.0,0.572341,0.581412,0.589272,0.660156,0.370783,0.520783,0.0,0.5289517045021057,0.5289517045021057,2.961087226867676,19.3189640045166,0.0706946849822998,20,0,0,1,2,0,1,0.740088939666748,0.0,0,contra,0.15,-1,57,28,CONTRADICTORY_LENIENT,0,1,0,0,15,0,0.740089,0.0,answer,
margin,live-delta,11,0.0,0.572341,0.581412,0.589272,0.660156,0.370783,0.520783,0.0,0.5211616158485413,0.5211616158485413,2.8899598121643066,17.992586135864258,0.0979405865073204,20,0,1,0,0,1,1,0.649777889251709,0.0,0,contra,0.15,-1,58,335,CORRECT,0,0,0,0,13,0,0.649778,0.0,answer,
margin,live-delta,11,0.0,0.572341,0.581412,0.589272,0.660156,0.370783,0.520783,0.0,0.7100707292556763,0.7100707292556763,2.5586256980895996,12.918051719665527,0.1905936747789383,20,0,2,0,2,0,1,0.6351016163825989,0.0,0,contra,0.15,-1,59,195,CONTRADICTORY_STRICT,1,1,0,0,13,0,0.635102,0.0,answer,
margin,live-delta,11,0.0,0.572341,0.581412,0.589272,0.660156,0.370783,0.520783,0.0,0.4191456735134125,0.4191456735134125,2.9562952518463135,19.22661018371582,0.0721384659409523,20,0,0,1,2,0,1,0.7052041292190552,0.0,0,contra,0.15,-1,60,22,CONTRADICTORY_LENIENT,0,1,0,0,14,0,0.705204,0.0,answer,
margin,live-delta,11,0.0,0.572341,0.581412,0.589272,0.660156,0.370783,0.520783,0.0,0.7287241816520691,0.7287241816520691,2.437270164489746,11.441763877868652,0.11348795145750046,20,0,0,1,0,1,1,0.6817817091941833,0.0,0,contra,0.15,-1,61,25,CORRECT,0,0,0,0,12,0,0.681782,0.0,answer,
margin,live-delta,11,0.0,0.572341,0.581412,0.589272,0.660156,0.370783,0.520783,0.0,0.5500202775001526,0.5500202775001526,2.7400434017181396,15.48765754699707,0.12062577903270721,20,0,1,0,2,0,1,0.6888955235481262,0.0,0,contra,0.15,-1,62,210,CONTRADICTORY_STRICT,1,1,0,0,14,0,0.688896,0.0,answer,
margin,live-delta,11,0.0,0.572341,0.581412,0.589272,0.660156,0.370783,0.520783,0.0,0.7022755146026611,0.7022755146026611,2.2837183475494385,9.813100814819336,0.22224372625350952,20,0,0,1,2,0,1,0.6590365767478943,0.0,0,contra,0.15,-1,63,22,CONTRADICTORY_LENIENT,0,1,0,0,13,0,0.659037,0.0,answer,
margin,live-delta,11,0.0,0.572341,0.581412,0.589272,0.660156,0.370783,0.520783,0.0,0.6372043490409851,0.6372043490409851,2.6845197677612305,14.651164054870605,0.1291637122631073,20,1,0,0,1,1,1,0.5632510781288147,0.0,0,contra,0.15,-1,64,255,CORRECT,0,0,0,0,12,0,0.563251,0.0,answer,
margin,live-delta,11,0.0,0.572341,0.581412,0.589272,0.660156,0.370783,0.520783,0.0,0.7194734811782837,0.7194734811782837,2.4413604736328125,11.488659858703613,0.14451894164085388,20,1,3,0,1,1,1,0.6208499670028687,0.0,0,contra,0.15,-1,65,254,CORRECT,0,0,0,0,13,0,0.62085,0.0,answer,
margin,live-delta,11,0.0,0.572341,0.581412,0.589272,0.660156,0.370783,0.520783,0.27114012837409973,0.7173919677734375,0.44625183939933777,0.23402386903762817,1.2636746168136597,0.9660349488258362,15,1,1,1,1,1,0,0.02208867482841015,0.27114012837409973,2,contra,0.15,-1,66,54,CORRECT,0,0,0,0,9,0,0.022089,0.0,answer,
margin,live-delta,11,0.0,0.572341,0.581412,0.589272,0.660156,0.370783,0.520783,0.0,0.6012977957725525,0.6012977957725525,2.8751087188720703,17.727352142333984,0.12392584979534149,20,1,0,0,1,1,1,0.5728902220726013,0.0,0,contra,0.15,-1,67,283,CORRECT,0,0,0,0,12,0,0.57289,0.0,answer,
margin,live-delta,11,0.0,0.572341,0.581412,0.589272,0.660156,0.370783,0.520783,0.0,0.6864583492279053,0.6864583492279053,1.443182110786438,4.234148025512695,0.3108586072921753,20,1,1,1,1,1,1,0.665503203868866,0.0,0,contra,0.15,-1,68,57,CORRECT,0,0,0,0,11,0,0.665503,0.0,answer,
margin,live-delta,11,0.0,0.572341,0.581412,0.589272,0.660156,0.370783,0.520783,0.026864051818847656,0.5847336053848267,0.557869553565979,2.752166748046875,15.676562309265137,0.20082607865333557,20,1,1,1,1,1,1,0.45240986347198486,0.05837792158126831,2,contra,0.15,-1,69,52,CORRECT,0,0,0,0,11,0,0.45241,0.0,answer,
margin,live-delta,11,0.0,0.572341,0.581412,0.589272,0.660156,0.370783,0.520783,0.0,0.6409651637077332,0.6409651637077332,2.044536590576172,7.725577354431152,0.2444818913936615,20,1,1,1,3,0,1,0.6868525147438049,0.0,0,contra,0.15,-1,70,57,CONTRADICTORY_LENIENT,0,1,0,0,14,0,0.686853,0.0,answer,
margin,live-delta,11,0.0,0.572341,0.581412,0.589272,0.660156,0.370783,0.520783,0.0,0.5237218141555786,0.5237218141555786,2.506784439086914,12.265426635742188,0.1339571326971054,18,1,1,1,1,1,1,0.617579460144043,0.0,0,contra,0.15,-1,71,168,CORRECT,0,0,0,0,10,0,0.584511,0.0,answer,
margin,live-delta,11,0.0,0.572341,0.581412,0.589272,0.660156,0.370783,0.520783,0.0,0.7925995588302612,0.7925995588302612,1.603813648223877,4.971957683563232,0.26496317982673645,20,1,1,1,1,1,1,0.5578493475914001,0.0,0,contra,0.15,-1,72,40,CORRECT,0,0,0,0,12,0,0.557849,0.0,answer,
margin,live-delta,11,0.0,0.572341,0.581412,0.589272,0.660156,0.370783,0.520783,0.03947728872299194,0.4474477767944336,0.40797048807144165,2.6357815265655518,13.954214096069336,0.16487212479114532,15,1,1,1,1,1,1,0.551331639289856,0.03947728872299194,1,contra,0.15,-1,73,35,CORRECT,0,0,0,0,9,0,0.551332,0.0,answer,
margin,live-delta,11,0.0,0.572341,0.581412,0.589272,0.660156,0.370783,0.520783,0.0,0.6300061345100403,0.6300061345100403,1.9920310974121094,7.330407619476318,0.21515651047229767,18,1,1,1,1,1,1,0.5733399987220764,0.0,0,contra,0.15,-1,74,32,CORRECT,0,0,0,0,10,0,0.57334,0.0,answer,
margin,live-delta,11,0.0,0.572341,0.581412,0.589272,0.660156,0.370783,0.520783,0.0,0.6517993807792664,0.6517993807792664,2.4558916091918945,11.656822204589844,0.16276872158050537,20,1,1,1,1,1,1,0.5776509046554565,0.0,0,contra,0.15,-1,75,48,CORRECT,0,0,0,0,11,0,0.577651,0.0,answer,
margin,live-delta,11,0.0,0.572341,0.581412,0.589272,0.660156,0.370783,0.520783,0.006723284721374512,0.5870903134346008,0.5803670287132263,2.6962225437164307,14.823630332946777,0.1758584827184677,20,1,1,1,1,1,1,0.4291464686393738,0.04132211208343506,1,contra,0.15,-1,76,35,CORRECT,0,0,0,0,11,0,0.429146,0.0,answer,
margin,live-delta,11,0.0,0.572341,0.581412,0.589272,0.660156,0.370783,0.520783,0.0,0.4391583800315857,0.4391583800315857,2.3400819301605225,10.382086753845215,0.1347944587469101,11,1,0,0,1,1,1,0.43504786491394043,0.0,0,contra,0.15,-1,77,322,CORRECT,0,0,0,0,5,0,0.435048,0.0,answer,
margin,live-delta,11,0.0,0.572341,0.581412,0.589272,0.660156,0.370783,0.520783,0.0,0.4854973554611206,0.4854973554611206,2.553633213043213,12.853719711303711,0.1761484146118164,16,1,0,0,1,1,1,0.5323400497436523,0.0,0,contra,0.15,-1,78,128,CORRECT,0,0,0,0,8,0,0.53234,0.0,answer,
margin,live-delta,11,0.0,0.572341,0.581412,0.589272,0.660156,0.370783,0.520783,0.0,0.43584972620010376,0.43584972620010376,2.7532596588134766,15.693704605102539,0.09787566214799881,17,1,2,0,1,1,1,0.6465163826942444,0.0,0,contra,0.15,-1,79,202,CORRECT,0,0,0,0,11,0,0.646516,0.0,answer,
margin,live-delta,11,0.0,0.572341,0.581412,0.589272,0.660156,0.370783,0.520783,0.0,0.580012857913971,0.580012857913971,2.4859578609466553,12.01262092590332,0.17526596784591675,20,1,3,0,0,0,1,0.9653941988945007,-0.1121707558631897,0,contra,0.15,-1,80,345,CONTRADICTORY_STRICT,1,1,0,0,13,0,0.624215,0.0,answer,
margin,live-delta,11,0.0,0.572341,0.581412,0.589272,0.660156,0.370783,0.520783,0.0,0.6887730360031128,0.6887730360031128,2.031285047531128,7.623877048492432,0.2733030617237091,16,1,2,0,1,1,1,0.5087169408798218,0.0,0,contra,0.15,-1,81,139,CORRECT,0,0,0,0,8,0,0.508717,0.0,answer,
margin,live-delta,11,0.0,0.572341,0.581412,0.589272,0.660156,0.370783,0.520783,0.0,0.675824761390686,0.675824761390686,2.059385299682617,7.841148376464844,0.3048241436481476,20,1,2,0,1,1,1,0.4927789568901062,0.0,0,contra,0.15,-1,82,276,CORRECT,0,0,0,0,11,0,0.492779,0.0,answer,
margin,live-delta,11,0.0,0.572341,0.581412,0.589272,0.660156,0.370783,0.520783,0.0,0.522896409034729,0.522896409034729,2.0509650707244873,7.7754011154174805,0.260493665933609,11,1,0,0,0,0,1,0.6162442564964294,0.0,0,contra,0.15,-1,83,283,CONTRADICTORY_STRICT,1,1,0,0,7,0,0.616244,0.0,answer,
margin,live-delta,11,0.0,0.572341,0.581412,0.589272,0.660156,0.370783,0.520783,0.007027864456176758,0.595234215259552,0.5882063508033752,2.5670011043548584,13.026700019836426,0.1239117756485939,20,1,1,1,1,1,1,0.6159228682518005,0.007027864456176758,0,contra,0.15,-1,84,52,CORRECT,0,0,0,0,12,0,0.615923,0.0,answer,
margin,live-delta,11,0.0,0.572341,0.581412,0.589272,0.660156,0.370783,0.520783,0.002056121826171875,0.5324323177337646,0.5303761959075928,2.840097427368164,17.117433547973633,0.11834409087896347,20,1,1,1,1,1,1,0.5937215685844421,0.002056121826171875,0,contra,0.15,-1,85,41,CORRECT,0,0,0,0,13,0,0.532698,0.0,answer,
margin,live-delta,11,0.0,0.572341,0.581412,0.589272,0.660156,0.370783,0.520783,0.0,0.4904897212982178,0.4904897212982178,2.7629470825195312,15.846474647521973,0.11896607279777527,20,1,0,0,0,0,1,0.6679416298866272,0.0,0,contra,0.15,-1,86,25,CONTRADICTORY_LENIENT,0,1,0,0,12,0,0.555887,0.0,answer,
margin,live-delta,11,0.0,0.572341,0.581412,0.589272,0.660156,0.370783,0.520783,0.0,0.8589409589767456,0.8589409589767456,1.1454782485961914,3.143944501876831,0.33129197359085083,20,1,0,0,1,1,1,0.6666343808174133,0.0,0,contra,0.15,-1,87,291,CORRECT,0,0,0,0,12,0,0.666337,0.0,answer,
margin,live-delta,11,0.0,0.572341,0.581412,0.589272,0.660156,0.370783,0.520783,0.0,0.6738309860229492,0.6738309860229492,1.9084093570709229,6.7423553466796875,0.2687068581581116,20,1,2,0,1,1,1,0.458858460187912,0.0,0,contra,0.15,-1,88,276,CORRECT,0,0,0,0,11,0,0.458858,0.0,answer,
margin,live-delta,11,0.0,0.572341,0.581412,0.589272,0.660156,0.370783,0.520783,0.01702946424484253,0.6745926737785339,0.6575632095336914,2.413841962814331,11.176819801330566,0.20002223551273346,20,1,1,1,1,1,1,0.448076993227005,0.01702946424484253,0,contra,0.15,-1,89,39,CORRECT,0,0,0,0,10,0,0.448077,0.0,answer,
margin,live-delta,11,0.0,0.572341,0.581412,0.589272,0.660156,0.370783,0.520783,0.005663156509399414,0.6045350432395935,0.5988718867301941,2.5338385105133057,12.601785659790039,0.13696615397930145,20,1,1,1,1,1,1,0.5037761330604553,0.005663156509399414,0,contra,0.15,-1,90,39,CORRECT,0,0,0,0,11,0,0.503776,0.0,answer,
margin,live-delta,11,0.0,0.572341,0.581412,0.589272,0.660156,0.370783,0.520783,0.0,0.5371400713920593,0.5371400713920593,2.9284729957580566,18.699054718017578,0.07585498690605164,20,1,1,1,1,1,1,0.6745116114616394,0.0,0,contra,0.15,-1,91,45,CORRECT,0,0,0,0,12,0,0.619822,0.0,answer,
margin,live-delta,11,0.0,0.572341,0.581412,0.589272,0.660156,0.370783,0.520783,0.0,0.46731051802635193,0.46731051802635193,1.526164174079895,4.600496292114258,0.282389372587204,6,1,1,1,1,1,1,0.6165246367454529,0.0,0,contra,0.15,-1,92,40,CORRECT,0,0,0,0,3,0,0.616525,0.0,answer,
margin,live-delta,11,0.0,0.572341,0.581412,0.589272,0.660156,0.370783,0.520783,0.0,0.5619375705718994,0.5619375705718994,2.563934803009033,12.986817359924316,0.16690568625926971,20,1,1,1,1,1,1,0.5900611877441406,0.0,0,contra,0.15,-1,93,57,CORRECT,0,0,0,0,11,0,0.590061,0.0,answer,
margin,live-delta,11,0.0,0.572341,0.581412,0.589272,0.660156,0.370783,0.520783,0.0,0.6266343593597412,0.6266343593597412,2.6127350330352783,13.636295318603516,0.11798349767923355,20,1,1,1,1,1,1,0.5884063243865967,0.0,0,contra,0.15,-1,94,61,CORRECT,0,0,0,0,12,0,0.588406,0.0,answer,
margin,live-delta,11,0.0,0.572341,0.581412,0.589272,0.660156,0.370783,0.520783,0.08536475896835327,0.604717493057251,0.5193527340888977,2.0707554817199707,7.930812358856201,0.4593107998371124,20,1,1,1,1,1,1,0.3348419964313507,0.08536475896835327,2,contra,0.15,-1,95,41,CORRECT,0,0,0,0,11,0,0.334842,0.0,answer,
margin,live-delta,11,0.0,0.572341,0.581412,0.589272,0.660156,0.370783,0.520783,0.005658745765686035,0.6051054000854492,0.5994466543197632,2.6883697509765625,14.70767879486084,0.15032418072223663,20,1,1,1,1,1,1,0.4193509519100189,0.005658745765686035,0,contra,0.15,-1,96,54,CORRECT,0,0,0,0,11,0,0.419351,0.0,answer,
margin,live-delta,11,0.0,0.572341,0.581412,0.589272,0.660156,0.370783,0.520783,0.0,0.7184756994247437,0.7184756994247437,1.810109257698059,6.111114978790283,0.2570651173591614,20,1,0,0,1,1,1,0.6217069625854492,0.0,0,contra,0.15,-1,97,298,CORRECT,0,0,0,0,11,0,0.621707,0.0,answer,
margin,live-delta,11,0.0,0.572341,0.581412,0.589272,0.660156,0.370783,0.520783,0.0,0.582595705986023,0.582595705986023,2.3899645805358887,10.913107872009277,0.14041145145893097,20,1,1,1,1,1,1,0.6742485761642456,0.0,0,contra,0.15,-1,98,56,CORRECT,0,0,0,0,14,0,0.674249,0.0,answer,
margin,live-delta,11,0.0,0.572341,0.581412,0.589272,0.660156,0.370783,0.520783,0.28284549713134766,0.7437992691993713,0.4609537720680237,0.1468770056962967,1.1582114696502686,0.9787073135375977,10,1,1,1,1,1,0,0.014195123687386513,0.28284549713134766,2,contra,0.15,-1,99,41,CORRECT,0,0,0,0,6,0,0.014195,0.0,answer,
margin,live-delta,11,0.0,0.572341,0.581412,0.589272,0.660156,0.370783,0.520783,0.0,0.5988268256187439,0.5988268256187439,2.189532518386841,8.931036949157715,0.15064916014671326,19,1,1,1,1,1,1,0.5766640901565552,0.0,0,contra,0.15,-1,100,61,CORRECT,0,0,0,0,12,0,0.576664,0.0,answer,
margin,live-delta,11,0.0,0.572341,0.581412,0.589272,0.660156,0.370783,0.520783,0.0,0.48883119225502014,0.48883119225502014,2.440265655517578,11.476089477539062,0.16799017786979675,17,1,2,0,3,0,1,0.9433225989341736,-0.08488726615905762,0,contra,0.15,-1,101,321,CONTRADICTORY_STRICT,1,1,0,0,9,0,0.515737,0.0,answer,
margin,live-delta,11,0.0,0.572341,0.581412,0.589272,0.660156,0.370783,0.520783,0.0,0.6314265727996826,0.6314265727996826,2.6216166019439697,13.757946968078613,0.12971076369285583,20,1,1,1,2,0,1,0.7324263453483582,0.0,0,contra,0.15,-1,102,62,CONTRADICTORY_LENIENT,0,1,0,0,14,0,0.732426,0.0,answer,
margin,live-delta,11,0.0,0.572341,0.581412,0.589272,0.660156,0.370783,0.520783,0.018510043621063232,0.6128389239311218,0.5943288803100586,2.138641357421875,8.487897872924805,0.2612162232398987,20,1,1,1,1,1,1,0.4786550998687744,0.018510043621063232,0,contra,0.15,-1,103,54,CORRECT,0,0,0,0,12,0,0.478655,0.0,answer,
margin,live-delta,11,0.0,0.572341,0.581412,0.589272,0.660156,0.370783,0.520783,0.0,0.6102866530418396,0.6102866530418396,2.7592105865478516,15.787375450134277,0.08974368870258331,20,1,1,1,3,0,1,0.6742770075798035,0.0,0,contra,0.15,-1,104,49,CONTRADICTORY_LENIENT,0,1,0,0,14,0,0.674277,0.0,answer,
margin,live-delta,11,0.0,0.572341,0.581412,0.589272,0.660156,0.370783,0.520783,0.0,0.705420970916748,0.705420970916748,1.9610148668289185,7.1065354347229,0.2458924800157547,20,1,0,0,1,1,1,0.5950843095779419,0.0,0,contra,0.15,-1,105,298,CORRECT,0,0,0,0,10,0,0.595084,0.0,answer,
margin,live-delta,11,0.0,0.572341,0.581412,0.589272,0.660156,0.370783,0.520783,0.07959204912185669,0.7538836598396301,0.6742916107177734,1.7230647802352905,5.601670265197754,0.533079206943512,20,1,1,1,1,1,1,0.26400086283683777,0.07959204912185669,2,contra,0.15,-1,106,39,CORRECT,0,0,0,0,11,0,0.264001,0.0,answer,
margin,live-delta,11,0.0,0.572341,0.581412,0.589272,0.660156,0.370783,0.520783,0.0,0.6172198057174683,0.6172198057174683,2.4495768547058105,11.583444595336914,0.1752374768257141,20,1,2,0,1,1,1,0.612559974193573,0.0,0,contra,0.15,-1,107,346,CORRECT,0,0,0,0,13,0,0.593419,0.0,answer,
margin,live-delta,11,0.0,0.572341,0.581412,0.589272,0.660156,0.370783,0.520783,0.0,0.6414546966552734,0.6414546966552734,2.617743492126465,13.704763412475586,0.1263398677110672,20,1,3,0,3,0,1,0.6370523571968079,0.0,0,contra,0.15,-1,108,164,CONTRADICTORY_STRICT,1,1,0,0,13,0,0.637052,0.0,answer,
margin,live-delta,11,0.0,0.572341,0.581412,0.589272,0.660156,0.370783,0.520783,0.0,0.6084858775138855,0.6084858775138855,2.592884063720703,13.368270874023438,0.09514754265546799,20,1,3,0,1,1,1,0.6781614422798157,0.0,0,contra,0.15,-1,109,284,CORRECT,0,0,0,0,12,0,0.678161,0.0,answer,
margin,live-delta,11,0.0,0.572341,0.581412,0.589272,0.660156,0.370783,0.520783,0.0,0.6916086673736572,0.6916086673736572,2.1176035404205322,8.311196327209473,0.267689973115921,18,1,3,0,1,1,1,0.45566168427467346,0.0,0,contra,0.15,-1,111,318,CORRECT,0,0,0,0,10,0,0.455662,0.0,answer,
margin,live-delta,11,0.0,0.572341,0.581412,0.589272,0.660156,0.370783,0.520783,0.0,0.6678102612495422,0.6678102612495422,2.558647871017456,12.91833782196045,0.14607632160186768,20,1,2,0,3,0,1,0.7074440121650696,0.0,0,contra,0.15,-1,112,353,CONTRADICTORY_STRICT,1,1,0,0,13,0,0.707444,0.0,answer,
margin,live-delta,11,0.0,0.572341,0.581412,0.589272,0.660156,0.370783,0.520783,0.0,0.5232676267623901,0.5232676267623901,2.1115384101867676,8.260940551757812,0.1523469090461731,12,1,3,0,0,0,1,0.7240314483642578,0.0,0,contra,0.15,-1,113,326,CONTRADICTORY_STRICT,1,1,0,0,7,0,0.724031,0.0,answer,
margin,live-delta,11,0.0,0.572341,0.581412,0.589272,0.660156,0.370783,0.520783,0.0,0.6705558896064758,0.6705558896064758,2.2004811763763428,9.029356956481934,0.19313174486160278,20,1,3,0,1,1,1,0.6353135704994202,0.0,0,contra,0.15,-1,114,277,CORRECT,0,0,0,0,10,0,0.635314,0.0,answer,
margin,live-delta,11,0.0,0.572341,0.581412,0.589272,0.660156,0.370783,0.520783,0.0,0.5355624556541443,0.5355624556541443,2.6269283294677734,13.831219673156738,0.16109706461429596,20,1,2,0,1,1,1,0.6301324963569641,0.0,0,contra,0.15,-1,115,250,CORRECT,0,0,0,0,11,0,0.582967,0.0,answer,
margin,live-delta,11,0.0,0.572341,0.581412,0.589272,0.660156,0.370783,0.520783,0.07225799560546875,0.6103099584579468,0.538051962852478,2.3674569129943848,10.670222282409668,0.3402666449546814,20,1,1,1,1,1,1,0.4769446551799774,0.07225799560546875,2,contra,0.15,-1,116,54,CORRECT,0,0,0,0,12,0,0.476945,0.0,answer,
margin,live-delta,11,0.0,0.572341,0.581412,0.589272,0.660156,0.370783,0.520783,0.0,0.670042097568512,0.670042097568512,2.213533639907837,9.147985458374023,0.1673935502767563,20,1,3,0,1,1,1,0.5848695635795593,0.0,0,contra,0.15,-1,117,254,CORRECT,0,0,0,0,11,0,0.58487,0.0,answer,
margin,live-delta,11,0.0,0.572341,0.581412,0.589272,0.660156,0.370783,0.520783,0.0,0.44668951630592346,0.44668951630592346,1.746549367904663,5.7347798347473145,0.21640177071094513,6,1,2,0,0,0,1,0.6666666269302368,0.0,0,contra,0.15,-1,118,213,CONTRADICTORY_STRICT,1,1,0,0,4,0,0.666667,0.0,answer,
margin,live-delta,11,0.0,0.572341,0.581412,0.589272,0.660156,0.370783,0.520783,0.0,0.5582033395767212,0.5582033395767212,2.5466535091400146,12.76431655883789,0.13069474697113037,20,1,0,0,1,1,1,0.6173277497291565,0.0,0,contra,0.15,-1,119,183,CORRECT,0,0,0,0,12,0,0.617328,0.0,answer,
margin,live-delta,11,0.0,0.572341,0.581412,0.589272,0.660156,0.370783,0.520783,0.0,0.6123923659324646,0.6123923659324646,2.5571377277374268,12.898844718933105,0.12232034653425217,20,1,3,0,1,1,1,0.6686917543411255,0.0,0,contra,0.15,-1,120,277,CORRECT,0,0,0,0,13,0,0.668692,0.0,answer,
margin,live-delta,11,0.0,0.572341,0.581412,0.589272,0.660156,0.370783,0.520783,0.028531432151794434,0.6142705678939819,0.5857391357421875,2.5985960960388184,13.444849967956543,0.2120424509048462,20,1,1,1,1,1,1,0.533207356929779,0.028531432151794434,1,contra,0.15,-1,121,52,CORRECT,0,0,0,0,13,0,0.533207,0.0,answer,
margin,live-delta,11,0.0,0.572341,0.581412,0.589272,0.660156,0.370783,0.520783,0.04132509231567383,0.6418052911758423,0.6004801988601685,2.7680654525756836,15.927791595458984,0.18246865272521973,20,1,1,1,1,1,1,0.5850130915641785,0.04132509231567383,1,contra,0.15,-1,122,52,CORRECT,0,0,0,0,13,0,0.585013,0.0,answer,
margin,live-delta,11,0.0,0.572341,0.581412,0.589272,0.660156,0.370783,0.520783,0.0,0.5257062911987305,0.5257062911987305,1.6810859441757202,5.37138557434082,0.2813583016395569,11,1,0,0,1,1,1,0.6733808517456055,0.0,0,contra,0.15,-1,123,291,CORRECT,0,0,0,0,6,0,0.639795,0.0,answer,
margin,live-delta,11,0.0,0.572341,0.581412,0.589272,0.660156,0.370783,0.520783,0.0,0.7209793329238892,0.7209793329238892,2.3562519550323486,10.55133056640625,0.13798299431800842,20,1,0,0,2,0,1,0.7272986173629761,0.0,0,contra,0.15,-1,124,190,CONTRADICTORY_STRICT,1,1,0,0,12,0,0.727299,0.0,answer,
margin,live-delta,11,0.0,0.572341,0.581412,0.589272,0.660156,0.370783,0.520783,0.0,0.5810360312461853,0.5810360312461853,2.61136531829834,13.617630958557129,0.15545625984668732,20,1,3,0,1,1,1,0.571395993232727,0.0,0,contra,0.15,-1,125,159,CORRECT,0,0,0,0,11,0,0.571396,0.0,answer,
margin,live-delta,11,0.0,0.572341,0.581412,0.589272,0.660156,0.370783,0.520783,0.051419079303741455,0.7271186113357544,0.6756995320320129,1.5029183626174927,4.494787216186523,0.46051374077796936,20,1,1,1,1,1,1,0.3579384386539459,0.051419079303741455,2,contra,0.15,-1,126,41,CORRECT,0,0,0,0,12,0,0.357938,0.0,answer,
margin,live-delta,11,0.0,0.572341,0.581412,0.589272,0.660156,0.370783,0.520783,0.0,0.7880293130874634,0.7880293130874634,1.3844959735870361,3.9928128719329834,0.3130880296230316,20,1,3,0,1,1,1,0.6543633341789246,0.0,0,contra,0.15,-1,127,311,CORRECT,0,0,0,0,12,0,0.654363,0.0,answer,
margin,live-delta,11,0.0,0.572341,0.581412,0.589272,0.660156,0.370783,0.520783,0.0,0.5415035486221313,0.5415035486221313,2.805487632751465,16.535137176513672,0.13906553387641907,20,2,2,1,2,1,1,0.4769684076309204,0.0,0,contra,0.15,-1,128,66,CORRECT,0,0,0,0,9,0,0.476968,0.0,answer,
margin,live-delta,11,0.0,0.572341,0.581412,0.589272,0.660156,0.370783,0.520783,0.0,0.5951765775680542,0.5951765775680542,2.6421544551849365,14.043427467346191,0.15613774955272675,20,2,1,0,1,0,1,0.5598788261413574,0.0,0,contra,0.15,-1,129,304,CONTRADICTORY_STRICT,1,1,0,0,12,0,0.559879,0.0,answer,
margin,live-delta,11,0.0,0.572341,0.581412,0.589272,0.660156,0.370783,0.520783,0.041772425174713135,0.5690668821334839,0.5272944569587708,2.880033016204834,17.814861297607422,0.13603654503822327,20,2,2,1,2,1,1,0.4570937156677246,0.041772425174713135,1,contra,0.15,-1,130,81,CORRECT,0,0,0,0,9,0,0.457094,0.0,answer,
margin,live-delta,11,0.0,0.572341,0.581412,0.589272,0.660156,0.370783,0.520783,0.0,0.40967702865600586,0.40967702865600586,1.6000807285308838,4.953432083129883,0.22209513187408447,5,2,2,1,1,0,1,0.6110475659370422,0.0,0,contra,0.15,-1,132,71,CONTRADICTORY_LENIENT,0,1,0,0,3,0,0.611048,0.0,answer,
margin,live-delta,11,0.0,0.572341,0.581412,0.589272,0.660156,0.370783,0.520783,0.0,0.7438898086547852,0.7438898086547852,1.7582361698150635,5.802194118499756,0.2705463171005249,20,2,1,0,1,0,1,0.6544356942176819,0.0,0,contra,0.15,-1,133,285,CONTRADICTORY_STRICT,1,1,0,0,13,0,0.654436,0.0,answer,
margin,live-delta,11,0.0,0.572341,0.581412,0.589272,0.660156,0.370783,0.520783,0.09667551517486572,0.7966055274009705,0.6999300122261047,1.6824783086776733,5.378870010375977,0.5791463851928711,20,2,2,1,2,1,1,0.20262327790260315,0.10837900638580322,2,contra,0.15,-1,134,86,CORRECT,0,0,0,0,11,0,0.202623,0.0,answer,
margin,live-delta,11,0.0,0.572341,0.581412,0.589272,0.660156,0.370783,0.520783,0.0,0.5892134308815002,0.5892134308815002,2.050570249557495,7.772332191467285,0.23043565452098846,20,2,0,0,2,1,1,0.5587721467018127,0.0,0,contra,0.15,-1,135,265,CORRECT,0,0,0,0,9,0,0.558772,0.0,answer,
margin,live-delta,11,0.0,0.572341,0.581412,0.589272,0.660156,0.370783,0.520783,0.0,0.6251969933509827,0.6251969933509827,2.6395254135131836,14.00655460357666,0.1913689523935318,20,2,2,1,2,1,1,0.48266077041625977,0.0,0,contra,0.15,-1,136,84,CORRECT,0,0,0,0,9,0,0.482661,0.0,answer,
margin,live-delta,11,0.0,0.572341,0.581412,0.589272,0.660156,0.370783,0.520783,0.0,0.4245971441268921,0.4245971441268921,1.5737355947494507,4.824637413024902,0.22469297051429749,5,2,2,1,2,1,1,0.44938594102859497,0.0,0,contra,0.15,-1,137,89,CORRECT,0,0,0,0,2,0,0.449386,0.0,answer,
margin,live-delta,11,0.0,0.572341,0.581412,0.589272,0.660156,0.370783,0.520783,0.0,0.41997987031936646,0.41997987031936646,2.7335188388824463,15.38693618774414,0.09808462113142014,16,2,2,1,2,1,1,0.5536109805107117,0.0,0,contra,0.15,-1,138,85,CORRECT,0,0,0,0,9,0,0.553611,0.0,answer,
margin,live-delta,11,0.0,0.572341,0.581412,0.589272,0.660156,0.370783,0.520783,0.028989017009735107,0.6016455292701721,0.572656512260437,2.473761796951294,11.86700439453125,0.2189294993877411,20,2,2,1,2,1,1,0.45463475584983826,0.028989017009735107,1,contra,0.15,-1,139,64,CORRECT,0,0,0,0,10,0,0.454635,0.0,answer,
margin,live-delta,11,0.0,0.572341,0.581412,0.589272,0.660156,0.370783,0.520783,0.0,0.6501257419586182,0.6501257419586182,2.067903995513916,7.908229827880859,0.18131189048290253,17,2,0,0,2,1,1,0.6855319738388062,0.0,0,contra,0.15,-1,140,233,CORRECT,0,0,0,0,10,0,0.685532,0.0,answer,
margin,live-delta,11,0.0,0.572341,0.581412,0.589272,0.660156,0.370783,0.520783,0.047999441623687744,0.6712274551391602,0.6232280135154724,2.3470072746276855,10.454236030578613,0.3195090591907501,20,2,2,1,2,1,1,0.4177621006965637,0.047999441623687744,1,contra,0.15,-1,141,86,CORRECT,0,0,0,0,11,0,0.417762,0.0,answer,
margin,live-delta,11,0.0,0.572341,0.581412,0.589272,0.660156,0.370783,0.520783,0.0,0.5701974630355835,0.5701974630355835,2.8282392024993896,16.9156494140625,0.10040970891714096,20,2,1,0,2,1,1,0.44327104091644287,0.0,0,contra,0.15,-1,142,212,CORRECT,0,0,0,0,9,0,0.443271,0.0,answer,
margin,live-delta,11,0.0,0.572341,0.581412,0.589272,0.660156,0.370783,0.520783,0.0,0.4765753746032715,0.4765753746032715,2.8610544204711914,17.479948043823242,0.1102788895368576,20,2,2,1,2,1,1,0.5125718116760254,0.0,0,contra,0.15,-1,143,91,CORRECT,0,0,0,0,11,0,0.512572,0.0,answer,
margin,live-delta,11,0.0,0.572341,0.581412,0.589272,0.660156,0.370783,0.520783,0.0,0.5023441314697266,0.5023441314697266,0.8944975733757019,2.446106433868408,0.46598708629608154,3,2,2,1,2,1,1,0.46598708629608154,0.0,0,contra,0.15,-1,144,85,CORRECT,0,0,0,0,1,0,0.465987,0.0,answer,
margin,live-delta,11,0.0,0.572341,0.581412,0.589272,0.660156,0.370783,0.520783,0.06751570105552673,0.5056645274162292,0.4381488263607025,2.038015842437744,7.675364971160889,0.3742806315422058,11,2,2,1,2,1,1,0.37384212017059326,0.06751570105552673,2,contra,0.15,-1,145,88,CORRECT,0,0,0,0,6,0,0.373842,0.0,answer,
margin,live-delta,11,0.0,0.572341,0.581412,0.589272,0.660156,0.370783,0.520783,0.0006460845470428467,0.4003845751285553,0.39973849058151245,1.9232686758041382,6.843290328979492,0.16940820217132568,7,2,2,1,2,1,1,0.43591782450675964,0.0006460845470428467,0,contra,0.15,-1,146,88,CORRECT,0,0,0,0,3,0,0.435918,0.0,answer,
margin,live-delta,11,0.0,0.572341,0.581412,0.589272,0.660156,0.370783,0.520783,0.0,0.5993673205375671,0.5993673205375671,2.290210485458374,9.877016067504883,0.20366880297660828,20,2,0,0,2,1,1,0.549451470375061,0.0,0,contra,0.15,-1,147,265,CORRECT,0,0,0,0,9,0,0.549451,0.0,answer,
margin,live-delta,11,0.0,0.572341,0.581412,0.589272,0.660156,0.370783,0.520783,0.003406345844268799,0.5392884612083435,0.5358821153640747,2.7542355060577393,15.709027290344238,0.12938451766967773,20,2,2,1,2,1,1,0.4805013835430145,0.003406345844268799,0,contra,0.15,-1,148,78,CORRECT,0,0,0,0,10,0,0.480501,0.0,answer,
margin,live-delta,11,0.0,0.572341,0.581412,0.589272,0.660156,0.370783,0.520783,0.0,0.6592262983322144,0.6592262983322144,1.8576492071151733,6.408653736114502,0.339691698551178,20,2,2,1,2,1,1,0.5170896649360657,0.0,0,contra,0.15,-1,149,91,CORRECT,0,0,0,0,9,0,0.51709,0.0,answer,
margin,live-delta,11,0.0,0.572341,0.581412,0.589272,0.660156,0.370783,0.520783,0.0,0.6503852605819702,0.6503852605819702,2.837567090988159,17.074174880981445,0.08088970184326172,20,2,1,0,2,1,1,0.559494137763977,0.0,0,contra,0.15,-1,150,304,CORRECT,0,0,0,0,11,0,0.559494,0.0,answer,
margin,live-delta,11,0.0,0.572341,0.581412,0.589272,0.660156,0.370783,0.520783,0.0,0.5065252184867859,0.5065252184867859,2.6257920265197754,13.815511703491211,0.19045478105545044,20,2,1,0,2,1,1,0.48098626732826233,0.0,0,contra,0.15,-1,151,301,CORRECT,0,0,0,0,11,0,0.480986,0.0,answer,
margin,live-delta,11,0.0,0.572341,0.581412,0.589272,0.660156,0.370783,0.520783,0.0,0.6035950779914856,0.6035950779914856,1.0986123085021973,3.0,0.3333333432674408,3,2,0,0,0,0,1,0.6666666865348816,0.0,0,contra,0.15,-1,152,325,CONTRADICTORY_STRICT,1,1,0,0,2,0,0.666667,0.0,answer,
margin,live-delta,11,0.0,0.572341,0.581412,0.589272,0.660156,0.370783,0.520783,0.0,0.574760377407074,0.574760377407074,2.7860915660858154,16.217510223388672,0.1395426094532013,20,2,2,1,2,1,1,0.5172902345657349,0.0,0,contra,0.15,-1,153,94,CORRECT,0,0,0,0,10,0,0.51729,0.0,answer,
margin,live-delta,11,0.0,0.572341,0.581412,0.589272,0.660156,0.370783,0.520783,0.010171353816986084,0.39511168003082275,0.38494032621383667,2.2989113330841064,9.963330268859863,0.12341075390577316,10,2,2,1,2,1,1,0.5873892307281494,0.010171353816986084,0,contra,0.15,-1,155,64,CORRECT,0,0,0,0,6,0,0.587389,0.0,answer,
margin,live-delta,11,0.0,0.572341,0.581412,0.589272,0.660156,0.370783,0.520783,0.0,0.4113556444644928,0.4113556444644928,0.6931471824645996,2.0,0.5,2,2,3,0,2,1,1,0.5,0.0,0,contra,0.15,-1,156,259,CORRECT,0,0,0,0,1,0,0.5,0.0,answer,
margin,live-delta,11,0.0,0.572341,0.581412,0.589272,0.660156,0.370783,0.520783,0.0,0.6391476988792419,0.6391476988792419,2.660619020462036,14.30514144897461,0.18310250341892242,20,2,2,1,2,1,1,0.47092562913894653,0.0,0,contra,0.15,-1,157,94,CORRECT,0,0,0,0,11,0,0.470926,0.0,answer,
margin,live-delta,11,0.0,0.572341,0.581412,0.589272,0.660156,0.370783,0.520783,0.0,0.5680897235870361,0.5680897235870361,2.4726009368896484,11.853236198425293,0.24612605571746826,20,2,2,1,2,1,1,0.5063719153404236,0.0,0,contra,0.15,-1,158,85,CORRECT,0,0,0,0,10,0,0.506372,0.0,answer,
margin,live-delta,11,0.0,0.572341,0.581412,0.589272,0.660156,0.370783,0.520783,0.18490827083587646,0.7387069463729858,0.5537986755371094,0.6936938166618347,2.001093626022339,0.8746424317359924,20,2,2,1,2,1,0,0.07726507633924484,0.18490827083587646,2,contra,0.15,-1,159,68,CORRECT,0,0,0,0,11,0,0.077265,0.0,answer,
margin,live-delta,11,0.0,0.572341,0.581412,0.589272,0.660156,0.370783,0.520783,0.0,0.5577472448348999,0.5577472448348999,2.2991881370544434,9.96608829498291,0.22420211136341095,20,2,0,0,2,1,1,0.5563066005706787,0.0,0,contra,0.15,-1,160,265,CORRECT,0,0,0,0,11,0,0.556307,0.0,answer,
margin,live-delta,11,0.0,0.572341,0.581412,0.589272,0.660156,0.370783,0.520783,0.0,0.4709516167640686,0.4709516167640686,2.7762622833251953,16.05888557434082,0.11393871158361435,19,2,2,1,2,1,1,0.49600809812545776,0.0,0,contra,0.15,-1,161,94,CORRECT,0,0,0,0,9,0,0.496008,0.0,answer,
margin,live-delta,11,0.0,0.572341,0.581412,0.589272,0.660156,0.370783,0.520783,0.0,0.6567572355270386,0.6567572355270386,1.195848822593689,3.306363105773926,0.44985324144363403,16,2,3,0,2,1,1,0.5201029181480408,0.0,0,contra,0.15,-1,162,259,CORRECT,0,0,0,0,11,0,0.520103,0.0,answer,
margin,live-delta,11,0.0,0.572341,0.581412,0.589272,0.660156,0.370783,0.520783,0.0,0.574068546295166,0.574068546295166,2.7267038822174072,15.282430648803711,0.12296763062477112,20,2,1,0,2,1,1,0.5245155096054077,0.0,0,contra,0.15,-1,163,304,CORRECT,0,0,0,0,11,0,0.524516,0.0,answer,
margin,live-delta,11,0.0,0.572341,0.581412,0.589272,0.660156,0.370783,0.520783,0.0,0.6889474987983704,0.6889474987983704,0.7732229232788086,2.166738271713257,0.4942054748535156,11,2,2,1,2,1,1,0.501815915107727,0.0,0,contra,0.15,-1,164,93,CORRECT,0,0,0,0,7,0,0.501816,0.0,answer,
margin,live-delta,11,0.0,0.572341,0.581412,0.589272,0.660156,0.370783,0.520783,0.08025693893432617,0.6881221532821655,0.6078652143478394,2.624575614929199,13.79871654510498,0.30410102009773254,20,2,2,1,2,1,1,0.38358771800994873,0.08025693893432617,2,contra,0.15,-1,165,86,CORRECT,0,0,0,0,11,0,0.383588,0.0,answer,
margin,live-delta,11,0.0,0.572341,0.581412,0.589272,0.660156,0.370783,0.520783,0.0,0.4756857752799988,0.4756857752799988,2.1225132942199707,8.352102279663086,0.18170307576656342,11,2,1,0,1,0,1,0.7035149335861206,0.0,0,contra,0.15,-1,166,275,CONTRADICTORY_STRICT,1,1,0,0,7,0,0.703515,0.0,answer,
margin,live-delta,11,0.0,0.572341,0.581412,0.589272,0.660156,0.370783,0.520783,0.0,0.3853720426559448,0.3853720426559448,1.7893376350402832,5.9854865074157715,0.17948243021965027,6,2,3,0,2,1,1,0.5100256204605103,0.0,0,contra,0.15,-1,167,259,CORRECT,0,0,0,0,3,0,0.510026,0.0,answer,
margin,live-delta,11,0.0,0.572341,0.581412,0.589272,0.660156,0.370783,0.520783,0.0,0.3759671151638031,0.3759671151638031,0.6931471824645996,2.0,0.5,2,2,3,0,2,1,1,0.5,0.0,0,contra,0.15,-1,168,259,CORRECT,0,0,0,0,1,0,0.5,0.0,answer,
margin,live-delta,11,0.0,0.572341,0.581412,0.589272,0.660156,0.370783,0.520783,0.0,0.6072017550468445,0.6072017550468445,2.608185052871704,13.57439136505127,0.1309603899717331,20,2,1,0,2,1,1,0.5683184862136841,0.0,0,contra,0.15,-1,169,157,CORRECT,0,0,0,0,10,0,0.568318,0.0,answer,
margin,live-delta,11,0.0,0.572341,0.581412,0.589272,0.660156,0.370783,0.520783,0.018336057662963867,0.4837937653064728,0.4654577076435089,2.2983250617980957,9.957489967346191,0.23480495810508728,13,2,2,1,2,1,1,0.4274292588233948,0.018336057662963867,0,contra,0.15,-1,170,68,CORRECT,0,0,0,0,7,0,0.427429,0.0,answer,
margin,live-delta,11,0.0,0.572341,0.581412,0.589272,0.660156,0.370783,0.520783,0.03160598874092102,0.42073097825050354,0.3891249895095825,1.0498273372650146,2.8571577072143555,0.48474785685539246,3,2,2,1,2,1,1,0.25762608647346497,0.03160598874092102,1,contra,0.15,-1,172,88,CORRECT,0,0,0,0,1,0,0.257626,0.0,answer,
margin,live-delta,11,0.0,0.572341,0.581412,0.589272,0.660156,0.370783,0.520783,0.0,0.5705028176307678,0.5705028176307678,2.9099419116973877,18.355731964111328,0.10522249341011047,20,2,2,1,2,1,1,0.5357051491737366,0.0,0,contra,0.15,-1,173,90,CORRECT,0,0,0,0,11,0,0.535705,0.0,answer,
margin,live-delta,11,0.0,0.572341,0.581412,0.589272,0.660156,0.370783,0.520783,0.0,0.4979991614818573,0.4979991614818573,2.7350525856018066,15.410553932189941,0.16857929527759552,20,2,1,0,2,1,1,0.5659283995628357,0.0,0,contra,0.15,-1,174,212,CORRECT,0,0,0,0,12,0,0.565928,0.0,answer,
margin,live-delta,11,0.0,0.572341,0.581412,0.589272,0.660156,0.370783,0.520783,0.0024803578853607178,0.4129861891269684,0.41050583124160767,2.364778995513916,10.64168643951416,0.11910455673933029,11,2,2,1,2,1,1,0.5537880659103394,0.0024803578853607178,0,contra,0.15,-1,176,88,CORRECT,0,0,0,0,6,0,0.553788,0.0,answer,
margin,live-delta,11,0.0,0.572341,0.581412,0.589272,0.660156,0.370783,0.520783,0.12175902724266052,0.6065850257873535,0.484825998544693,1.786820411682129,5.9704389572143555,0.595949113368988,20,2,2,1,2,1,1,0.16873492300510406,0.12190032005310059,2,contra,0.15,-1,177,78,CORRECT,0,0,0,0,9,0,0.168735,0.0,answer,
margin,live-delta,11,0.0,0.572341,0.581412,0.589272,0.660156,0.370783,0.520783,0.0,0.5802474617958069,0.5802474617958069,2.702871561050415,14.922521591186523,0.11685920506715775,20,2,1,0,1,0,1,0.5723609328269958,0.0,0,contra,0.15,-1,179,310,CONTRADICTORY_STRICT,1,1,0,0,11,0,0.572361,0.0,answer,
margin,live-delta,11,0.0,0.572341,0.581412,0.589272,0.660156,0.370783,0.520783,0.0029421746730804443,0.4807736277580261,0.4778314530849457,2.748806953430176,15.623980522155762,0.11288877576589584,20,2,2,1,2,1,1,0.5390357971191406,0.0029421746730804443,0,contra,0.15,-1,180,64,CORRECT,0,0,0,0,10,0,0.539036,0.0,answer,
margin,live-delta,11,0.0,0.572341,0.581412,0.589272,0.660156,0.370783,0.520783,0.0,0.6918320655822754,0.6918320655822754,2.4150819778442383,11.190688133239746,0.13904984295368195,20,2,1,0,1,0,1,0.7441977858543396,0.0,0,contra,0.15,-1,181,342,CONTRADICTORY_STRICT,1,1,0,0,12,0,0.744198,0.0,answer,
margin,live-delta,11,0.0,0.572341,0.581412,0.589272,0.660156,0.370783,0.520783,0.012425124645233154,0.45632970333099365,0.4439045786857605,2.601515293121338,13.48415470123291,0.1532629132270813,15,2,2,1,2,1,1,0.47571423649787903,0.012425124645233154,0,contra,0.15,-1,182,64,CORRECT,0,0,0,0,8,0,0.475714,0.0,answer,
margin,live-delta,11,0.0,0.572341,0.581412,0.589272,0.660156,0.370783,0.520783,0.0,0.551082193851471,0.551082193851471,2.712207794189453,15.062493324279785,0.17747466266155243,20,2,2,1,2,1,1,0.48762527108192444,0.0,0,contra,0.15,-1,184,66,CORRECT,0,0,0,0,10,0,0.487625,0.0,answer,
margin,live-delta,11,0.0,0.572341,0.581412,0.589272,0.660156,0.370783,0.520783,0.0,0.5307070016860962,0.5307070016860962,1.395470380783081,4.036872863769531,0.40354838967323303,8,2,1,0,2,1,1,0.5321505069732666,0.0,0,contra,0.15,-1,185,170,CORRECT,0,0,0,0,5,0,0.532151,0.0,answer,
margin,live-delta,11,0.0,0.572341,0.581412,0.589272,0.660156,0.370783,0.520783,0.0,0.6895368099212646,0.6895368099212646,2.573782205581665,13.115335464477539,0.12510843575000763,20,2,1,0,2,1,1,0.6513764262199402,0.0,0,contra,0.15,-1,186,275,CORRECT,0,0,0,0,12,0,0.651376,0.0,answer,
margin,live-delta,11,0.0,0.572341,0.581412,0.589272,0.660156,0.370783,0.520783,0.0,0.46566590666770935,0.46566590666770935,1.6162482500076294,5.034167766571045,0.229037344455719,6,2,2,1,1,0,1,0.5,0.0,0,contra,0.15,-1,188,89,CONTRADICTORY_LENIENT,0,1,0,0,3,0,0.5,0.0,answer,
margin,live-delta,11,0.0,0.572341,0.581412,0.589272,0.660156,0.370783,0.520783,0.0,0.574927806854248,0.574927806854248,2.4559900760650635,11.657970428466797,0.2023162543773651,20,2,1,0,2,1,1,0.6405096054077148,0.0,0,contra,0.15,-1,189,212,CORRECT,0,0,0,0,12,0,0.64051,0.0,answer,
margin,live-delta,11,0.0,0.572341,0.581412,0.589272,0.660156,0.370783,0.520783,0.0,0.5638655424118042,0.5638655424118042,2.6673717498779297,14.402067184448242,0.14959323406219482,20,2,3,0,2,1,1,0.6067765951156616,0.0,0,contra,0.15,-1,190,141,CORRECT,0,0,0,0,11,0,0.606777,0.0,answer,
margin,live-delta,11,0.0,0.572341,0.581412,0.589272,0.660156,0.370783,0.520783,0.005952358245849609,0.555470883846283,0.5495185256004333,2.685763359069824,14.669395446777344,0.15598730742931366,20,2,2,1,2,1,1,0.48684486746788025,0.005952358245849609,0,contra,0.15,-1,191,86,CORRECT,0,0,0,0,11,0,0.486845,0.0,answer,
margin,live-delta,11,0.0,0.572341,0.581412,0.589272,0.660156,0.370783,0.520783,0.0,0.7158771753311157,0.7158771753311157,2.821403980255127,16.8004207611084,0.10314714163541794,20,3,3,1,2,0,1,0.7133240103721619,0.0,0,contra,0.15,-1,192,98,CONTRADICTORY_LENIENT,0,1,0,0,14,0,0.713324,0.0,answer,
margin,live-delta,11,0.0,0.572341,0.581412,0.589272,0.660156,0.370783,0.520783,0.10260394215583801,0.5292460918426514,0.42664214968681335,2.042168617248535,7.707305431365967,0.48164328932762146,16,3,3,1,3,1,1,0.3812265694141388,0.10260394215583801,2,contra,0.15,-1,193,124,CORRECT,0,0,0,0,11,0,0.381227,0.0,answer,
margin,live-delta,11,0.0,0.572341,0.581412,0.589272,0.660156,0.370783,0.520783,0.004106700420379639,0.43997180461883545,0.4358651041984558,2.753666400909424,15.700089454650879,0.09654838591814041,17,3,3,1,3,1,1,0.5771355628967285,0.004106700420379639,0,contra,0.15,-1,194,124,CORRECT,0,0,0,0,10,0,0.577136,0.0,answer,
margin,live-delta,11,0.0,0.572341,0.581412,0.589272,0.660156,0.370783,0.520783,0.0,0.6738865971565247,0.6738865971565247,2.323887586593628,10.215310096740723,0.1806352436542511,20,3,0,0,2,0,1,0.7015683054924011,0.0,0,contra,0.15,-1,195,268,CONTRADICTORY_STRICT,1,1,0,0,12,0,0.701568,0.0,answer,
margin,live-delta,11,0.0,0.572341,0.581412,0.589272,0.660156,0.370783,0.520783,0.0,0.6066103577613831,0.6066103577613831,2.963717460632324,19.369844436645508,0.06613403558731079,20,3,2,0,2,0,1,0.7102707624435425,0.0,0,contra,0.15,-1,196,357,CONTRADICTORY_STRICT,1,1,0,0,14,0,0.710271,0.0,answer,
margin,live-delta,11,0.0,0.572341,0.581412,0.589272,0.660156,0.370783,0.520783,0.0,0.6571125984191895,0.6571125984191895,2.745328187942505,15.569723129272461,0.10549846291542053,20,3,2,0,3,1,1,0.6004501581192017,0.0,0,contra,0.15,-1,197,261,CORRECT,0,0,0,0,12,0,0.60045,0.0,answer,
margin,live-delta,11,0.0,0.572341,0.581412,0.589272,0.660156,0.370783,0.520783,0.0,0.6370205283164978,0.6370205283164978,2.1002445220947266,8.168167114257812,0.20151379704475403,20,3,2,0,2,0,1,0.7095285654067993,0.0,0,contra,0.15,-1,199,261,CONTRADICTORY_STRICT,1,1,0,0,12,0,0.709529,0.0,answer,
margin,live-delta,11,0.0,0.572341,0.581412,0.589272,0.660156,0.370783,0.520783,0.0,0.7088281512260437,0.7088281512260437,2.862061023712158,17.4975528717041,0.12177519500255585,20,3,0,0,3,1,1,0.6313856244087219,0.0,0,contra,0.15,-1,200,330,CORRECT,0,0,0,0,13,0,0.631386,0.0,answer,
margin,live-delta,11,0.0,0.572341,0.581412,0.589272,0.660156,0.370783,0.520783,0.0,0.48156577348709106,0.48156577348709106,2.1206724643707275,8.33674144744873,0.22369472682476044,13,3,1,0,3,1,1,0.42546477913856506,0.0,0,contra,0.15,-1,201,241,CORRECT,0,0,0,0,7,0,0.425465,0.0,answer,
margin,live-delta,11,0.0,0.572341,0.581412,0.589272,0.660156,0.370783,0.520783,0.02431178092956543,0.5317378044128418,0.5074260234832764,1.3001400232315063,3.6698105335235596,0.39858952164649963,4,3,3,1,3,1,1,0.24510739743709564,0.02431178092956543,0,contra,0.15,-1,202,116,CORRECT,0,0,0,0,1,0,0.245107,0.0,answer,
margin,live-delta,11,0.0,0.572341,0.581412,0.589272,0.660156,0.370783,0.520783,0.0,0.6956464052200317,0.6956464052200317,1.9281580448150635,6.876831531524658,0.3528655469417572,20,3,2,0,3,1,1,0.5250693559646606,0.0,0,contra,0.15,-1,203,321,CORRECT,0,0,0,0,13,0,0.525069,0.0,answer,
margin,live-delta,11,0.0,0.572341,0.581412,0.589272,0.660156,0.370783,0.520783,0.0,0.649493396282196,0.649493396282196,2.2538130283355713,9.523982048034668,0.15028157830238342,20,3,0,0,0,0,1,0.6914359927177429,0.0,0,contra,0.15,-1,204,264,CONTRADICTORY_STRICT,1,1,0,0,12,0,0.691436,0.0,answer,
margin,live-delta,11,0.0,0.572341,0.581412,0.589272,0.660156,0.370783,0.520783,0.013731002807617188,0.4197525680065155,0.4060215651988983,1.7804672718048096,5.932628154754639,0.22082236409187317,6,3,3,1,3,1,1,0.463520348072052,0.013731002807617188,0,contra,0.15,-1,205,116,CORRECT,0,0,0,0,3,0,0.46352,0.0,answer,
margin,live-delta,11,0.0,0.572341,0.581412,0.589272,0.660156,0.370783,0.520783,0.0,0.5191511511802673,0.5191511511802673,2.1738712787628174,8.792255401611328,0.17822419106960297,10,3,3,1,3,1,1,0.5066471695899963,0.0,0,contra,0.15,-1,206,107,CORRECT,0,0,0,0,6,0,0.506647,0.0,answer,
margin,live-delta,11,0.0,0.572341,0.581412,0.589272,0.660156,0.370783,0.520783,0.0,0.5254757404327393,0.5254757404327393,1.8570669889450073,6.404923439025879,0.2556621730327606,12,3,2,0,2,0,1,0.6670634746551514,0.0,0,contra,0.15,-1,207,334,CONTRADICTORY_STRICT,1,1,0,0,8,0,0.667063,0.0,answer,
margin,live-delta,11,0.0,0.572341,0.581412,0.589272,0.660156,0.370783,0.520783,0.0,0.5600730180740356,0.5600730180740356,2.6061699390411377,13.547065734863281,0.1429562121629715,20,3,2,0,2,0,1,0.6790469884872437,0.0,0,contra,0.15,-1,208,261,CONTRADICTORY_STRICT,1,1,0,0,13,0,0.679047,0.0,answer,
margin,live-delta,11,0.0,0.572341,0.581412,0.589272,0.660156,0.370783,0.520783,0.0,0.6268348693847656,0.6268348693847656,2.7935471534729004,16.3388729095459,0.07962172478437424,20,3,1,0,2,0,1,0.6634290218353271,0.0,0,contra,0.15,-1,209,209,CONTRADICTORY_STRICT,1,1,0,0,13,0,0.663429,0.0,answer,
margin,live-delta,11,0.0,0.572341,0.581412,0.589272,0.660156,0.370783,0.520783,0.0,0.4622208774089813,0.4622208774089813,2.7034406661987305,14.931015968322754,0.10799337923526764,17,3,3,1,3,1,1,0.5931758880615234,0.0,0,contra,0.15,-1,210,100,CORRECT,0,0,0,0,10,0,0.593176,0.0,answer,
margin,live-delta,11,0.0,0.572341,0.581412,0.589272,0.660156,0.370783,0.520783,0.02866208553314209,0.7037274837493896,0.6750653982162476,2.7548317909240723,15.71839714050293,0.15383122861385345,20,3,3,1,2,0,1,0.5801711082458496,0.02866208553314209,1,contra,0.15,-1,211,96,CONTRADICTORY_LENIENT,0,1,0,0,12,0,0.580171,0.0,answer,
margin,live-delta,11,0.0,0.572341,0.581412,0.589272,0.660156,0.370783,0.520783,0.0,0.7040786147117615,0.7040786147117615,2.575671911239624,13.140143394470215,0.12733261287212372,20,3,3,1,2,0,1,0.6947919726371765,0.0,0,contra,0.15,-1,212,98,CONTRADICTORY_LENIENT,0,1,0,0,13,0,0.694792,0.0,answer,
margin,live-delta,11,0.0,0.572341,0.581412,0.589272,0.660156,0.370783,0.520783,0.0,0.7602081298828125,0.7602081298828125,2.775148391723633,16.04100799560547,0.10251019895076752,20,3,2,0,2,0,1,0.6904293298721313,0.0,0,contra,0.15,-1,213,261,CONTRADICTORY_STRICT,1,1,0,0,12,0,0.690429,0.0,answer,
margin,live-delta,11,0.0,0.572341,0.581412,0.589272,0.660156,0.370783,0.520783,0.0420457124710083,0.4206753373146057,0.3786296248435974,1.3046091794967651,3.6862480640411377,0.43592962622642517,4,3,3,1,3,1,1,0.3760468661785126,0.0420457124710083,1,contra,0.15,-1,214,116,CORRECT,0,0,0,0,2,0,0.376047,0.0,answer,
margin,live-delta,11,0.0,0.572341,0.581412,0.589272,0.660156,0.370783,0.520783,0.0,0.6014844179153442,0.6014844179153442,2.835735321044922,17.04292869567871,0.10099527984857559,20,3,2,0,2,0,1,0.7281750440597534,0.0,0,contra,0.15,-1,215,136,CONTRADICTORY_STRICT,1,1,0,0,14,0,0.728175,0.0,answer,
margin,live-delta,11,0.0,0.572341,0.581412,0.589272,0.660156,0.370783,0.520783,0.0,0.561787486076355,0.561787486076355,2.90543270111084,18.273149490356445,0.08522127568721771,20,3,1,0,3,1,1,0.6263569593429565,0.0,0,contra,0.15,-1,216,211,CORRECT,0,0,0,0,12,0,0.626357,0.0,answer,
margin,live-delta,11,0.0,0.572341,0.581412,0.589272,0.660156,0.370783,0.520783,0.0,0.581675112247467,0.581675112247467,1.0286012887954712,2.7971506118774414,0.4598032534122467,6,3,3,1,3,1,1,0.5200984477996826,0.0,0,contra,0.15,-1,217,105,CORRECT,0,0,0,0,4,0,0.520098,0.0,answer,
margin,live-delta,11,0.0,0.572341,0.581412,0.589272,0.660156,0.370783,0.520783,0.01645064353942871,0.6338362693786621,0.6173856258392334,2.8987784385681152,18.151958465576172,0.09767430275678635,20,3,3,1,2,0,1,0.6247190237045288,0.01645064353942871,0,contra,0.15,-1,218,117,CONTRADICTORY_LENIENT,0,1,0,0,13,0,0.624719,0.0,answer,
margin,live-delta,11,0.0,0.572341,0.581412,0.589272,0.660156,0.370783,0.520783,0.0,0.540321946144104,0.540321946144104,2.8406975269317627,17.127708435058594,0.1374347060918808,20,3,0,0,2,0,1,0.6428657174110413,0.0,0,contra,0.15,-1,219,300,CONTRADICTORY_STRICT,1,1,0,0,13,0,0.642866,0.0,answer,
margin,live-delta,11,0.0,0.572341,0.581412,0.589272,0.660156,0.370783,0.520783,0.0,0.6931151151657104,0.6931151151657104,2.8191182613372803,16.76206398010254,0.09276633709669113,20,3,0,0,2,0,1,0.6725162267684937,0.0,0,contra,0.15,-1,220,268,CONTRADICTORY_STRICT,1,1,0,0,13,0,0.672516,0.0,answer,
margin,live-delta,11,0.0,0.572341,0.581412,0.589272,0.660156,0.370783,0.520783,0.0,0.6067142486572266,0.6067142486572266,2.2117185592651367,9.13139533996582,0.2943769097328186,20,3,3,1,3,1,1,0.5692797303199768,0.0,0,contra,0.15,-1,221,102,CORRECT,0,0,0,0,12,0,0.56928,0.0,answer,
margin,live-delta,11,0.0,0.572341,0.581412,0.589272,0.660156,0.370783,0.520783,0.0,0.5600713491439819,0.5600713491439819,2.9187471866607666,18.51807403564453,0.08576054126024246,20,3,2,0,2,0,1,0.6821205615997314,0.0,0,contra,0.15,-1,222,315,CONTRADICTORY_STRICT,1,1,0,0,13,0,0.682121,0.0,answer,
margin,live-delta,11,0.0,0.572341,0.581412,0.589272,0.660156,0.370783,0.520783,0.0464787483215332,0.4414621889591217,0.3949834406375885,2.5654361248016357,13.006329536437988,0.18276236951351166,14,3,3,1,3,1,1,0.5748482942581177,0.0464787483215332,1,contra,0.15,-1,223,124,CORRECT,0,0,0,0,9,0,0.574848,0.0,answer,
margin,live-delta,11,0.0,0.572341,0.581412,0.589272,0.660156,0.370783,0.520783,0.0,0.40286785364151,0.40286785364151,1.3862943649291992,4.0,0.25,4,3,2,0,1,0,1,0.75,0.0,0,contra,0.15,-1,224,153,CONTRADICTORY_STRICT,1,1,0,0,3,0,0.75,0.0,answer,
margin,live-delta,11,0.0,0.572341,0.581412,0.589272,0.660156,0.370783,0.520783,0.0,0.5563745498657227,0.5563745498657227,2.7568438053131104,15.750054359436035,0.12286317348480225,20,3,2,0,2,0,1,0.6559068560600281,0.0,0,contra,0.15,-1,225,223,CONTRADICTORY_STRICT,1,1,0,0,12,0,0.627856,0.0,answer,
margin,live-delta,11,0.0,0.572341,0.581412,0.589272,0.660156,0.370783,0.520783,0.0,0.47772443294525146,0.47772443294525146,2.8853049278259277,17.909027099609375,0.11848573386669159,20,3,2,0,2,0,1,0.639202892780304,0.0,0,contra,0.15,-1,226,321,CONTRADICTORY_STRICT,1,1,0,0,13,0,0.639203,0.0,answer,
margin,live-delta,11,0.0,0.572341,0.581412,0.589272,0.660156,0.370783,0.520783,0.0,0.3879879117012024,0.3879879117012024,1.6094379425048828,5.0,0.20000000298023224,5,3,3,1,2,0,1,0.800000011920929,0.0,0,contra,0.15,-1,227,103,CONTRADICTORY_LENIENT,0,1,0,0,4,0,0.8,0.0,answer,
margin,live-delta,11,0.0,0.572341,0.581412,0.589272,0.660156,0.370783,0.520783,0.0,0.7159953117370605,0.7159953117370605,1.4001060724258423,4.055630207061768,0.24946488440036774,6,3,0,0,0,0,1,0.7494649291038513,0.0,0,contra,0.15,-1,228,264,CONTRADICTORY_STRICT,1,1,0,0,4,0,0.749465,0.0,answer,
margin,live-delta,11,0.0,0.572341,0.581412,0.589272,0.660156,0.370783,0.520783,0.0,0.6538165807723999,0.6538165807723999,2.4095869064331055,11.129363059997559,0.23521816730499268,20,3,3,1,3,1,1,0.5549858212471008,0.0,0,contra,0.15,-1,229,115,CORRECT,0,0,0,0,11,0,0.554986,0.0,answer,
margin,live-delta,11,0.0,0.572341,0.581412,0.589272,0.660156,0.370783,0.520783,0.0,0.6125504374504089,0.6125504374504089,2.840061902999878,17.116825103759766,0.07824641466140747,20,3,2,0,2,0,1,0.7520027756690979,0.0,0,contra,0.15,-1,230,236,CONTRADICTORY_STRICT,1,1,0,0,14,0,0.752003,0.0,answer,
margin,live-delta,11,0.0,0.572341,0.581412,0.589272,0.660156,0.370783,0.520783,0.027474582195281982,0.5701779127120972,0.5427033305168152,2.533128023147583,12.592835426330566,0.272265762090683,20,3,3,1,3,1,1,0.3804106116294861,0.0692371129989624,2,contra,0.15,-1,231,117,CORRECT,0,0,0,0,12,0,0.380411,0.0,answer,
margin,live-delta,11,0.0,0.572341,0.581412,0.589272,0.660156,0.370783,0.520783,0.0,0.5009386539459229,0.5009386539459229,2.869344472885132,17.625459671020508,0.0960058718919754,20,3,2,0,1,0,1,0.7103683352470398,0.0,0,contra,0.15,-1,232,153,CONTRADICTORY_STRICT,1,1,0,0,12,0,0.640081,0.0,answer,
margin,live-delta,11,0.0,0.572341,0.581412,0.589272,0.660156,0.370783,0.520783,0.0,0.496469646692276,0.496469646692276,2.806981325149536,16.55985450744629,0.10825059562921524,20,3,0,0,3,1,1,0.5624045133590698,0.0,0,contra,0.15,-1,233,330,CORRECT,0,0,0,0,12,0,0.562405,0.0,answer,
margin,live-delta,11,0.0,0.572341,0.581412,0.589272,0.660156,0.370783,0.520783,0.0,0.501893937587738,0.501893937587738,2.883833408355713,17.882694244384766,0.12464656680822372,20,3,0,0,3,1,1,0.6253014802932739,0.0,0,contra,0.15,-1,234,300,CORRECT,0,0,0,0,13,0,0.625301,0.0,answer,
margin,live-delta,11,0.0,0.572341,0.581412,0.589272,0.660156,0.370783,0.520783,0.0,0.6614959239959717,0.6614959239959717,2.3095970153808594,10.070365905761719,0.26051583886146545,20,3,3,1,3,1,1,0.5706837773323059,0.0,0,contra,0.15,-1,235,115,CORRECT,0,0,0,0,14,0,0.570684,0.0,answer,
margin,live-delta,11,0.0,0.572341,0.581412,0.589272,0.660156,0.370783,0.520783,0.0,0.46608585119247437,0.46608585119247437,2.893162250518799,18.0502986907959,0.09294439107179642,20,3,3,1,2,0,1,0.6775422692298889,0.0,0,contra,0.15,-1,236,118,CONTRADICTORY_LENIENT,0,1,0,0,14,0,0.677542,0.0,answer,
margin,live-delta,11,0.0,0.572341,0.581412,0.589272,0.660156,0.370783,0.520783,0.0,0.6798076629638672,0.6798076629638672,2.3138961791992188,10.113753318786621,0.2166537493467331,20,3,0,0,3,1,1,0.5152360200881958,0.0,0,contra,0.15,-1,237,330,CORRECT,0,0,0,0,12,0,0.515236,0.0,answer,
margin,live-delta,11,0.0,0.572341,0.581412,0.589272,0.660156,0.370783,0.520783,0.0,0.48643261194229126,0.48643261194229126,2.898031711578369,18.138408660888672,0.09767140448093414,20,3,2,0,2,0,1,0.7064871191978455,0.0,0,contra,0.15,-1,238,158,CONTRADICTORY_STRICT,1,1,0,0,14,0,0.706487,0.0,answer,
margin,live-delta,11,0.0,0.572341,0.581412,0.589272,0.660156,0.370783,0.520783,0.0,0.5871029496192932,0.5871029496192932,2.3432388305664062,10.41491413116455,0.25357604026794434,20,3,2,0,3,1,1,0.49756020307540894,0.0,0,contra,0.15,-1,239,321,CORRECT,0,0,0,0,12,0,0.49756,0.0,answer,
margin,live-delta,11,0.0,0.572341,0.581412,0.589272,0.660156,0.370783,0.520783,0.0,0.6377276182174683,0.6377276182174683,2.5993614196777344,13.455142974853516,0.1116887554526329,20,3,2,0,2,0,1,0.7311639785766602,0.0,0,contra,0.15,-1,240,158,CONTRADICTORY_STRICT,1,1,0,0,14,0,0.731164,0.0,answer,
margin,live-delta,11,0.0,0.572341,0.581412,0.589272,0.660156,0.370783,0.520783,0.0,0.49900099635124207,0.49900099635124207,2.6214184761047363,13.755221366882324,0.14484558999538422,20,3,0,0,0,0,1,0.6982198357582092,0.0,0,contra,0.15,-1,241,264,CONTRADICTORY_STRICT,1,1,0,0,11,0,0.665059,0.0,answer,
margin,live-delta,11,0.0,0.572341,0.581412,0.589272,0.660156,0.370783,0.520783,0.02079826593399048,0.5582751631736755,0.5374768972396851,2.845122814178467,17.203670501708984,0.14145226776599884,20,3,3,1,3,1,1,0.5725818872451782,0.02079826593399048,0,contra,0.15,-1,242,96,CORRECT,0,0,0,0,13,0,0.572582,0.0,answer,
margin,live-delta,11,0.0,0.572341,0.581412,0.589272,0.660156,0.370783,0.520783,0.0,0.7332625985145569,0.7332625985145569,2.644608974456787,14.0779390335083,0.10323236137628555,20,3,3,1,2,0,1,0.7452077865600586,0.0,0,contra,0.15,-1,243,110,CONTRADICTORY_LENIENT,0,1,0,0,14,0,0.745208,0.0,answer,
margin,live-delta,11,0.0,0.572341,0.581412,0.589272,0.660156,0.370783,0.520783,0.0,0.5966714024543762,0.5966714024543762,1.059505820274353,2.8849449157714844,0.46261101961135864,10,3,3,1,3,1,1,0.511685311794281,0.0,0,contra,0.15,-1,244,105,CORRECT,0,0,0,0,6,0,0.511685,0.0,answer,
margin,live-delta,11,0.0,0.572341,0.581412,0.589272,0.660156,0.370783,0.520783,0.0,0.6546295881271362,0.6546295881271362,2.6594924926757812,14.28903579711914,0.171538308262825,20,3,2,0,3,1,1,0.5387622714042664,0.0,0,contra,0.15,-1,245,321,CORRECT,0,0,0,0,12,0,0.538762,0.0,answer,
margin,live-delta,11,0.0,0.572341,0.581412,0.589272,0.660156,0.370783,0.520783,0.0,0.8150866627693176,0.8150866627693176,1.1192280054092407,3.0624890327453613,0.3325437009334564,20,3,3,1,3,1,1,0.3341500759124756,0.0,0,contra,0.15,-1,246,107,CORRECT,0,0,0,0,12,0,0.33415,0.0,answer,
margin,live-delta,11,0.0,0.572341,0.581412,0.589272,0.660156,0.370783,0.520783,0.052057862281799316,0.6668754816055298,0.6148176193237305,2.018756866455078,7.52895975112915,0.4697524309158325,20,3,3,1,3,1,1,0.2611096203327179,0.13160079717636108,2,contra,0.15,-1,247,116,CORRECT,0,0,0,0,12,0,0.26111,0.0,answer,
margin,live-delta,11,0.0,0.572341,0.581412,0.589272,0.660156,0.370783,0.520783,0.0,0.6920506358146667,0.6920506358146667,0.7252103686332703,2.0651655197143555,0.4978184998035431,7,3,2,0,3,1,1,0.5013089776039124,0.0,0,contra,0.15,-1,248,215,CORRECT,0,0,0,0,5,0,0.501309,0.0,answer,
margin,live-delta,11,0.0,0.572341,0.581412,0.589272,0.660156,0.370783,0.520783,0.0,0.4416484236717224,0.4416484236717224,1.442192554473877,4.229959964752197,0.33849743008613586,5,3,0,0,3,1,1,0.42577046155929565,0.0,0,contra,0.15,-1,249,330,CORRECT,0,0,0,0,2,0,0.42577,0.0,answer,
margin,live-delta,11,0.0,0.572341,0.581412,0.589272,0.660156,0.370783,0.520783,0.0,0.4839929938316345,0.4839929938316345,2.169297695159912,8.752135276794434,0.21589235961437225,13,3,1,0,3,1,1,0.4600917398929596,0.0,0,contra,0.15,-1,250,241,CORRECT,0,0,0,0,8,0,0.460092,0.0,answer,
margin,live-delta,11,0.0,0.572341,0.581412,0.589272,0.660156,0.370783,0.520783,0.0,0.9193468689918518,0.9193468689918518,0.6931471824645996,2.0,0.5,2,3,2,0,2,0,1,0.5,0.0,0,contra,0.15,-1,251,215,CONTRADICTORY_STRICT,1,1,0,0,1,0,0.5,0.0,answer,
margin,live-delta,11,0.0,0.572341,0.581412,0.589272,0.660156,0.370783,0.520783,0.0,0.4110674560070038,0.4110674560070038,2.7353241443634033,15.414739608764648,0.08817431330680847,16,3,2,0,3,1,1,0.581628143787384,0.0,0,contra,0.15,-1,252,136,CORRECT,0,0,0,0,9,0,0.581628,0.0,answer,
margin,live-delta,11,0.0,0.572341,0.581412,0.589272,0.660156,0.370783,0.520783,0.0,0.558095395565033,0.558095395565033,2.5830676555633545,13.23768424987793,0.19231757521629333,20,3,3,1,3,1,1,0.552371621131897,0.0,0,contra,0.15,-1,253,123,CORRECT,0,0,0,0,12,0,0.552372,0.0,answer,
margin,live-delta,11,0.0,0.572341,0.581412,0.589272,0.660156,0.370783,0.520783,0.0,0.5217567086219788,0.5217567086219788,2.3823909759521484,10.830767631530762,0.24110066890716553,18,3,3,1,3,1,1,0.5901411771774292,0.0,0,contra,0.15,-1,254,102,CORRECT,0,0,0,0,11,0,0.590141,0.0,answer,
margin,live-delta,11,0.0,0.572341,0.581412,0.589272,0.660156,0.370783,0.520783,0.0,0.6134811043739319,0.6134811043739319,1.4453860521316528,4.243490219116211,0.24714809656143188,7,3,3,1,1,0,1,0.7490492463111877,0.0,0,contra,0.15,-1,255,122,CONTRADICTORY_LENIENT,0,1,0,0,5,0,0.749049,0.0,answer,
